date,oxygen_mg_l,temp_spot_c
2010-11-10,10.46,9.4
2010-11-11,10.1,9.4
2010-11-12,9.95,9.3
2010-11-13,10.65,9.6
2010-11-14,11.14,9.3
2010-11-15,11.19,9.2
2010-11-16,11.19,9.1
2010-11-17,11.28,8.9
2010-11-18,11.46,8.7
2010-11-19,11.71,8.3
2010-11-20,11.81,7.9
2010-11-21,11.79,7.6
2010-11-22,11.64,7.4
2010-11-23,11.64,7.1
2010-11-24,12.09,6.6
2010-11-25,12.28,6.2
2010-11-26,12.38,5.9
2010-11-27,12.53,5.3
2010-11-28,12.68,5.0
2010-11-29,12.71,4.6
2010-11-30,12.8,4.2
2010-12-01,13.01,3.6
2010-12-02,13.26,2.7
2010-12-03,13.41,1.9
2010-12-04,13.37,1.7
2010-12-05,13.3,1.6
2010-12-06,13.15,1.8
2010-12-07,13.06,2.0
2010-12-08,13.27,2.3
2010-12-09,13.57,2.3
2010-12-10,13.69,2.7
2010-12-11,13.8,2.2
2010-12-12,13.73,2.1
2010-12-13,13.77,2.2
2010-12-14,13.86,2.0
2010-12-15,13.99,1.6
2010-12-16,13.92,1.4
2010-12-17,13.8,1.4
2010-12-18,13.84,1.4
2010-12-19,13.82,1.3
2010-12-20,13.76,1.7
2010-12-21,13.83,1.7
2010-12-22,13.61,2.3
2010-12-23,13.39,2.7
2010-12-24,13.22,3.0
2010-12-25,13.33,2.7
2010-12-26,13.62,2.2
2010-12-27,13.83,1.8
2010-12-28,13.96,1.6
2010-12-29,14.12,1.4
2010-12-30,14.2,1.2
2010-12-31,14.24,1.2
2011-01-01,14.11,1.4
2011-01-02,14.08,1.5
2011-01-03,14.05,1.5
2011-01-04,14.0,1.4
2011-01-05,13.95,1.2
2011-01-06,13.62,1.5
2011-01-07,13.22,2.5
2011-01-08,13.12,2.8
2011-01-09,13.12,3.0
2011-01-10,12.55,2.5
2011-01-11,12.2,2.4
2011-01-12,12.49,3.0
2011-01-13,12.67,4.0
2011-01-14,12.54,5.1
2011-01-15,12.06,6.1
2011-01-16,11.57,6.1
2011-01-17,11.46,5.9
2011-01-18,11.9,5.7
2011-01-19,12.34,5.4
2011-01-20,12.72,5.1
2011-01-21,12.93,4.9
2011-01-22,13.07,4.6
2011-01-23,13.24,4.1
2011-01-24,13.28,4.0
2011-01-25,13.13,4.0
2011-01-26,13.1,3.8
2011-01-27,13.19,3.8
2011-01-28,13.11,3.6
2011-01-29,13.21,3.3
2011-01-30,13.4,2.8
2011-01-31,13.62,2.4
2011-02-01,13.75,2.2
2011-02-02,13.81,2.1
2011-02-03,13.8,2.2
2011-02-04,13.68,2.5
2011-02-05,13.39,3.3
2011-02-06,13.25,4.1
2011-02-07,13.3,4.3
2011-02-08,13.02,4.8
2011-02-09,12.91,4.8
2011-02-10,12.89,4.9
2011-02-11,12.79,5.2
2011-02-12,12.71,5.4
2011-02-13,12.85,5.0
2011-02-14,12.78,5.1
2011-02-15,12.74,5.1
2011-02-16,12.78,4.7
2011-02-17,12.76,4.7
2011-02-18,12.83,4.7
2011-02-19,12.9,4.7
2011-02-20,12.96,4.5
2011-02-21,13.03,4.1
2011-02-22,13.16,3.7
2011-02-23,13.47,3.3
2011-02-24,13.49,3.3
2011-02-25,13.4,3.6
2011-02-26,13.32,3.5
2011-02-27,13.13,3.7
2011-02-28,13.19,3.8
2011-03-01,13.32,3.9
2011-03-02,13.2,4.3
2011-03-03,13.09,4.3
2011-03-04,12.94,4.5
2011-03-05,12.75,4.8
2011-03-06,12.7,4.9
2011-03-07,12.78,4.7
2011-03-08,12.83,4.6
2011-03-09,12.8,4.9
2011-03-10,12.64,5.6
2011-03-11,12.5,6.0
2011-03-12,12.58,6.1
2011-03-13,12.51,6.4
2011-03-14,12.46,6.8
2011-03-15,12.41,7.4
2011-03-16,12.23,7.9
2011-03-17,11.94,8.1
2011-03-18,11.71,8.0
2011-03-19,12.14,8.0
2011-03-20,12.46,8.0
2011-03-21,12.32,8.1
2011-03-22,12.27,8.3
2011-03-23,12.28,8.5
2011-03-24,12.28,8.8
2011-03-25,12.31,9.1
2011-03-26,12.19,9.2
2011-03-27,12.24,9.2
2011-03-28,12.22,9.4
2011-03-29,12.29,9.5
2011-03-30,12.26,9.8
2011-03-31,12.02,10.3
2011-04-01,11.75,10.7
2011-04-02,11.56,11.1
2011-04-03,11.59,11.7
2011-04-04,11.48,12.1
2011-04-05,11.58,12.1
2011-04-06,11.56,12.5
2011-04-07,12.05,13.3
2011-04-08,11.92,13.9
2011-04-09,12.16,14.1
2011-04-10,12.41,14.2
2011-04-11,12.54,14.3
2011-04-12,12.33,14.4
2011-04-13,12.03,13.5
2011-04-14,11.93,13.1
2011-04-15,11.82,12.9
2011-04-16,11.49,12.8
2011-04-17,11.32,12.9
2011-04-18,11.33,12.9
2011-04-19,11.34,13.2
2011-04-20,11.42,13.6
2011-04-21,11.81,14.1
2011-04-22,11.62,14.6
2011-04-23,11.56,15.1
2011-04-24,11.54,15.7
2011-04-25,11.57,16.0
2011-04-26,11.34,16.0
2011-04-27,10.38,15.9
2011-04-28,9.78,15.8
2011-04-29,9.38,16.1
2011-04-30,9.22,16.5
2011-05-01,9.12,16.2
2011-05-02,9.45,16.0
2011-05-03,9.84,15.4
2011-05-04,9.97,14.7
2011-05-05,10.07,14.8
2011-05-06,9.94,15.0
2011-05-07,9.82,15.7
2011-05-08,9.78,16.3
2011-05-09,9.84,16.8
2011-05-10,10.06,17.2
2011-05-11,10.21,17.8
2011-05-12,9.95,17.9
2011-05-13,10.21,17.9
2011-05-14,10.47,18.2
2011-05-15,9.89,17.7
2011-05-16,9.84,17.3
2011-05-17,9.51,17.4
2011-05-18,9.29,17.5
2011-05-19,9.1,18.3
2011-05-20,8.34,18.9
2011-05-21,8.06,19.4
2011-05-22,7.46,19.4
2011-05-23,7.61,19.7
2011-05-24,7.71,20.1
2011-05-25,7.75,19.9
2011-05-26,7.61,19.9
2011-05-27,7.36,19.7
2011-05-28,7.41,19.4
2011-05-29,7.49,19.5
2011-05-30,7.59,20.0
2011-05-31,7.28,20.5
2011-06-01,6.81,19.5
2011-06-02,6.75,19.2
2011-06-03,7.35,19.4
2011-06-04,6.99,20.1
2011-06-05,6.65,20.8
2011-06-06,5.62,20.9
2011-06-07,5.66,21.2
2011-06-08,5.66,21.3
2011-06-09,5.73,20.6
2011-06-10,5.95,20.4
2011-06-11,6.2,20.3
2011-06-12,6.24,20.2
2011-06-13,6.29,20.3
2011-06-14,6.24,20.4
2011-06-15,6.34,20.8
2011-06-16,6.49,21.2
2011-06-17,6.52,21.2
2011-06-18,6.57,21.0
2011-06-19,6.98,20.2
2011-06-20,7.39,19.7
2011-06-21,7.31,19.4
2011-06-22,7.18,19.7
2011-06-23,7.14,19.8
2011-06-24,7.31,20.0
2011-06-25,7.26,19.7
2011-06-26,7.22,19.8
2011-06-27,7.4,20.5
2011-06-28,7.56,21.4
2011-06-29,7.61,22.0
2011-06-30,7.4,21.7
2011-07-01,7.27,21.2
2011-07-02,7.27,20.5
2011-07-03,7.22,19.6
2011-07-04,7.19,19.5
2011-07-05,7.24,20.0
2011-07-06,7.38,20.8
2011-07-07,7.48,21.1
2011-07-08,7.28,21.3
2011-07-09,7.6,21.5
2011-07-10,7.73,21.6
2011-07-11,7.67,21.7
2011-07-12,7.77,22.1
2011-07-13,7.52,22.6
2011-07-14,6.8,22.1
2011-07-15,7.1,21.6
2011-07-16,7.44,21.3
2011-07-17,7.28,21.2
2011-07-18,6.97,20.6
2011-07-19,7.28,20.6
2011-07-20,7.13,20.1
2011-07-21,7.84,19.7
2011-07-22,8.32,18.8
2011-07-23,8.37,17.8
2011-07-24,8.43,17.6
2011-07-25,7.99,17.6
2011-07-26,7.63,17.9
2011-07-27,7.29,18.6
2011-07-28,7.0,19.4
2011-07-29,7.02,19.7
2011-07-30,6.89,19.4
2011-07-31,6.99,18.9
2011-08-01,7.11,18.7
2011-08-02,7.24,19.1
2011-08-03,7.3,19.6
2011-08-04,7.28,20.3
2011-08-05,7.21,20.9
2011-08-06,7.38,21.2
2011-08-07,7.2,21.4
2011-08-08,7.29,21.1
2011-08-09,7.45,20.4
2011-08-10,7.68,19.8
2011-08-11,7.91,19.5
2011-08-12,7.89,19.6
2011-08-13,7.85,19.8
2011-08-14,7.78,20.2
2011-08-15,7.48,20.3
2011-08-16,7.71,20.3
2011-08-17,7.91,20.5
2011-08-18,8.02,21.0
2011-08-19,8.11,21.4
2011-08-20,8.19,21.3
2011-08-21,8.06,21.4
2011-08-22,7.94,21.9
2011-08-23,7.84,22.6
2011-08-24,7.74,23.0
2011-08-25,7.69,23.3
2011-08-26,7.59,23.7
2011-08-27,7.36,23.2
2011-08-28,7.31,22.1
2011-08-29,7.4,21.6
2011-08-30,7.46,21.0
2011-08-31,7.48,20.6
2011-09-01,7.68,20.5
2011-09-02,7.83,20.6
2011-09-03,7.83,20.9
2011-09-04,7.7,21.4
2011-09-05,7.33,21.4
2011-09-06,7.76,20.7
2011-09-07,7.78,20.1
2011-09-08,7.76,19.3
2011-09-09,7.85,18.8
2011-09-10,7.93,19.0
2011-09-11,7.87,19.6
2011-09-12,7.66,19.8
2011-09-13,7.79,19.8
2011-09-14,7.84,19.4
2011-09-15,7.8,19.0
2011-09-16,7.95,18.6
2011-09-17,8.07,18.8
2011-09-18,7.91,18.6
2011-09-19,8.28,17.9
2011-09-20,8.23,17.4
2011-09-21,8.37,17.0
2011-09-22,8.34,17.0
2011-09-23,8.21,17.0
2011-09-24,8.2,16.8
2011-09-25,8.21,16.7
2011-09-26,8.16,16.8
2011-09-27,8.22,17.0
2011-09-28,8.3,17.2
2011-09-29,8.36,17.3
2011-09-30,8.5,17.3
2011-10-01,8.58,17.4
2011-10-02,8.7,17.4
2011-10-03,8.72,17.5
2011-10-04,8.72,17.5
2011-10-05,8.62,17.6
2011-10-06,8.58,17.4
2011-10-07,8.4,16.7
2011-10-08,8.46,15.9
2011-10-09,8.62,15.0
2011-10-10,8.66,14.7
2011-10-11,8.51,14.7
2011-10-12,8.75,14.6
2011-10-13,8.93,14.2
2011-10-14,9.46,13.4
2011-10-15,10.14,12.4
2011-10-16,10.16,11.8
2011-10-17,9.85,11.5
2011-10-18,9.52,11.4
2011-10-19,9.14,11.4
2011-10-20,9.26,10.8
2011-10-21,9.64,10.1
2011-10-22,9.73,9.8
2011-10-23,9.91,9.3
2011-10-24,10.12,9.0
2011-10-25,10.14,9.1
2011-10-26,10.14,9.3
2011-10-27,10.15,9.2
2011-10-28,10.18,9.4
2011-10-29,10.16,9.5
2011-10-30,10.23,9.6
2011-10-31,10.25,9.7
2011-11-01,10.24,9.7
2011-11-02,10.13,9.7
2011-11-03,10.15,9.7
2011-11-04,10.11,9.6
2011-11-05,10.16,9.7
2011-11-06,10.13,9.7
2011-11-07,10.1,9.7
2011-11-08,10.17,9.7
2011-11-09,10.1,9.4
2011-11-10,9.98,9.3
2011-11-11,10.01,9.2
2011-11-12,10.1,8.8
2011-11-13,10.2,8.4
2011-11-14,10.34,7.9
2011-11-15,10.45,7.4
2011-11-16,10.6,6.8
2011-11-17,10.77,6.5
2011-11-18,10.91,6.6
2011-11-19,11.03,6.7
2011-11-20,11.16,6.5
2011-11-21,11.22,6.4
2011-11-22,11.3,6.1
2011-11-23,11.39,5.9
2011-11-24,11.47,5.6
2011-11-25,11.68,5.3
2011-11-26,11.76,5.3
2011-11-27,11.82,5.4
2011-11-28,11.78,5.4
2011-11-29,11.8,5.4
2011-11-30,11.76,5.5
2011-12-01,11.8,5.6
2011-12-02,11.83,5.8
2011-12-03,11.76,5.7
2011-12-04,11.74,6.0
2011-12-05,11.51,6.3
2011-12-06,12.19,5.9
2011-12-07,12.32,5.8
2011-12-08,12.3,5.8
2011-12-09,12.33,5.8
2011-12-10,12.4,5.4
2011-12-11,12.63,4.7
2011-12-12,12.6,4.6
2011-12-13,12.49,4.8
2011-12-14,12.23,5.0
2011-12-15,12.03,5.0
2011-12-16,12.02,5.0
2011-12-17,12.17,5.0
2011-12-18,12.45,4.9
2011-12-19,12.78,4.7
2011-12-20,13.07,4.2
2011-12-21,13.2,4.0
2011-12-22,13.34,4.2
2011-12-23,13.16,4.5
2011-12-24,13.1,4.8
2011-12-25,13.22,4.7
2011-12-26,13.26,5.1
2011-12-27,13.12,5.6
2011-12-28,13.09,5.7
2011-12-29,12.98,5.6
2011-12-30,12.81,5.5
2011-12-31,12.85,5.4
2012-01-01,12.73,5.8
2012-01-02,12.68,6.1
2012-01-03,12.72,6.0
2012-01-04,12.7,6.0
2012-01-05,12.45,5.9
2012-01-06,12.58,5.6
2012-01-07,12.77,5.3
2012-01-08,12.86,4.8
2012-01-09,13.1,4.5
2012-01-10,13.21,4.8
2012-01-11,13.23,5.0
2012-01-12,13.11,5.3
2012-01-13,13.0,5.3
2012-01-14,13.04,5.0
2012-01-15,13.18,4.7
2012-01-16,13.37,4.1
2012-01-17,13.56,3.5
2012-01-18,13.91,3.0
2012-01-19,13.78,3.2
2012-01-20,13.54,3.4
2012-01-21,13.57,3.3
2012-01-22,13.41,3.7
2012-01-23,13.48,3.4
2012-01-24,13.31,3.7
2012-01-25,13.39,3.6
2012-01-26,13.49,3.5
2012-01-27,13.49,3.5
2012-01-28,13.52,3.6
2012-01-29,13.57,3.5
2012-01-30,13.71,3.2
2012-01-31,13.74,2.9
2012-02-01,13.93,2.2
2012-02-02,14.25,1.2
2012-02-03,,0.8
2012-02-17,13.96,
2012-02-24,13.58,3.1
2012-02-25,13.42,3.6
2012-02-26,13.33,4.0
2012-02-27,13.47,4.2
2012-02-28,13.37,4.8
2012-02-29,13.16,5.4
2012-03-01,13.04,5.7
2012-03-02,12.83,5.7
2012-03-03,12.79,5.7
2012-03-04,12.81,5.9
2012-03-05,12.72,6.0
2012-03-06,12.73,6.0
2012-03-07,12.79,6.0
2012-03-08,12.68,6.1
2012-03-09,12.72,6.0
2012-03-10,12.78,6.0
2012-03-11,12.74,6.0
2012-03-12,12.64,6.3
2012-03-13,12.43,6.5
2012-03-14,12.29,6.7
2012-03-15,12.33,6.9
2012-03-16,12.32,7.2
2012-03-17,12.14,7.8
2012-03-18,11.98,8.2
2012-03-19,11.97,8.4
2012-03-20,11.98,8.4
2012-03-21,12.07,8.6
2012-03-22,12.04,9.1
2012-03-23,11.98,9.8
2012-03-24,11.95,10.3
2012-03-25,12.03,10.8
2012-03-26,12.19,11.0
2012-03-27,12.29,11.3
2012-03-28,12.35,11.5
2012-03-29,12.17,11.5
2012-03-30,11.68,11.3
2012-03-31,11.25,10.9
2012-04-01,11.25,10.3
2012-04-02,11.29,10.4
2012-04-03,11.32,10.8
2012-04-04,11.12,11.3
2012-04-05,10.88,11.3
2012-04-06,10.57,10.8
2012-04-07,10.53,10.1
2012-04-08,10.67,9.7
2012-04-09,10.73,9.4
2012-04-10,10.76,9.7
2012-04-11,10.74,10.2
2012-04-12,10.75,10.2
2012-04-13,10.9,10.4
2012-04-14,11.29,10.6
2012-04-15,11.42,10.7
2012-04-16,11.67,10.3
2012-04-17,12.22,10.1
2012-04-18,12.61,10.4
2012-04-19,12.72,10.6
2012-04-20,12.85,10.9
2012-04-21,12.86,11.1
2012-04-22,12.97,11.5
2012-04-23,13.18,11.5
2012-04-24,13.0,11.6
2012-04-25,13.05,11.8
2012-04-26,12.8,12.1
2012-04-27,12.51,12.4
2012-04-28,12.87,13.5
2012-04-29,12.58,14.3
2012-04-30,12.05,15.1
2012-05-01,11.72,16.2
2012-05-02,11.09,16.9
2012-05-03,10.91,17.6
2012-05-04,10.71,18.0
2012-05-05,9.65,17.8
2012-05-06,8.53,17.3
2012-05-07,8.1,17.0
2012-05-08,7.79,17.1
2012-05-09,7.24,17.7
2012-05-10,7.81,18.3
2012-05-11,8.26,19.2
2012-05-12,7.87,19.3
2012-05-13,8.17,18.5
2012-05-14,8.41,18.2
2012-05-15,8.32,18.0
2012-05-16,8.13,17.3
2012-05-17,8.08,16.9
2012-05-18,8.13,17.0
2012-05-19,8.03,17.8
2012-05-20,7.99,18.6
2012-05-21,7.77,19.2
2012-05-22,7.85,19.8
2012-05-23,7.79,20.8
2012-05-24,7.81,21.3
2012-05-25,7.97,21.3
2012-05-26,8.07,21.3
2012-05-27,7.91,21.2
2012-05-28,7.8,21.2
2012-05-29,7.57,21.3
2012-05-30,7.55,21.7
2012-05-31,7.26,21.8
2012-06-01,6.39,21.3
2012-06-02,6.11,20.7
2012-06-03,5.93,20.0
2012-06-04,5.87,19.8
2012-06-05,6.03,19.2
2012-06-06,6.69,18.6
2012-06-07,6.64,18.8
2012-06-08,6.54,19.2
2012-06-09,6.72,19.5
2012-06-10,6.91,19.4
2012-06-11,6.95,19.1
2012-06-12,7.13,19.4
2012-06-13,7.16,19.4
2012-06-14,7.04,19.1
2012-06-15,7.16,19.2
2012-06-16,7.22,19.8
2012-06-17,7.03,20.0
2012-06-18,7.03,20.5
2012-06-19,7.26,21.1
2012-06-20,7.18,21.5
2012-06-21,6.95,21.8
2012-06-22,6.92,22.0
2012-06-23,6.95,21.9
2012-06-24,6.88,21.7
2012-06-25,6.88,21.5
2012-06-26,6.93,21.3
2012-06-27,7.12,21.4
2012-06-28,7.04,21.8
2012-06-29,6.92,22.6
2012-06-30,6.81,23.4
2012-07-01,6.23,23.3
2012-07-02,6.17,22.5
2012-07-03,6.51,22.1
2012-07-04,6.46,22.4
2012-07-05,6.21,22.9
2012-07-06,6.18,23.2
2012-07-07,6.16,23.0
2012-07-08,6.24,23.0
2012-07-09,6.26,22.8
2012-07-10,6.45,22.9
2012-07-11,6.62,22.9
2012-07-12,6.76,22.5
2012-07-13,6.79,21.8
2012-07-14,6.72,21.4
2012-07-15,6.83,21.0
2012-07-16,6.9,20.6
2012-07-17,6.99,20.2
2012-07-18,7.34,20.1
2012-07-19,7.46,20.2
2012-07-20,7.55,19.8
2012-07-21,7.63,19.4
2012-07-22,7.87,19.3
2012-07-23,8.02,19.5
2012-07-24,8.19,20.3
2012-07-25,8.19,21.2
2012-07-26,8.16,22.1
2012-07-27,8.06,22.9
2012-07-28,7.71,23.1
2012-07-29,7.16,22.9
2012-07-30,7.07,22.4
2012-07-31,7.07,22.1
2012-08-01,7.17,22.3
2012-08-02,7.27,22.9
2012-08-03,7.43,23.2
2012-08-04,7.46,23.3
2012-08-05,7.38,23.5
2012-08-06,6.95,23.3
2012-08-07,7.07,22.8
2012-08-08,7.22,22.3
2012-08-09,7.23,22.0
2012-08-10,7.26,21.9
2012-08-11,7.2,21.6
2012-08-12,6.97,21.5
2012-08-13,7.09,21.7
2012-08-14,7.16,22.0
2012-08-15,7.1,22.3
2012-08-16,7.4,22.4
2012-08-17,6.74,22.4
2012-08-18,6.86,22.7
2012-08-19,7.18,23.2
2012-08-20,7.5,23.9
2012-08-21,6.97,24.2
2012-08-22,6.68,24.5
2012-08-23,7.27,24.2
2012-08-24,6.89,23.8
2012-08-25,6.36,23.6
2012-08-26,5.95,22.8
2012-08-27,6.08,22.2
2012-08-28,6.26,22.2
2012-08-29,6.94,22.2
2012-08-30,7.01,22.2
2012-08-31,6.81,21.6
2012-09-01,6.97,21.1
2012-09-02,7.03,20.6
2012-09-03,6.93,20.6
2012-09-04,7.03,20.9
2012-09-05,7.49,20.9
2012-09-06,7.76,20.7
2012-09-07,8.01,20.5
2012-09-08,8.15,20.5
2012-09-09,8.16,20.5
2012-09-10,8.27,20.9
2012-09-11,8.06,20.8
2012-09-12,7.54,20.3
2012-09-13,7.44,19.5
2012-09-14,7.73,19.1
2012-09-15,7.9,18.8
2012-09-16,7.97,18.5
2012-09-17,8.09,18.5
2012-09-18,8.23,18.6
2012-09-19,8.22,18.5
2012-09-20,8.35,18.0
2012-09-21,8.53,17.5
2012-09-22,8.46,17.4
2012-09-23,8.44,16.8
2012-09-24,8.42,16.7
2012-09-25,8.37,16.6
2012-09-26,8.4,16.6
2012-09-27,8.23,16.5
2012-09-28,8.43,16.3
2012-09-29,8.62,16.0
2012-09-30,8.78,15.8
2012-10-01,8.76,15.5
2012-10-02,8.73,15.4
2012-10-03,8.86,15.4
2012-10-04,8.81,15.3
2012-10-05,8.94,15.0
2012-10-06,8.94,15.2
2012-10-07,8.85,15.1
2012-10-08,8.89,14.5
2012-10-09,8.97,14.3
2012-10-10,8.98,13.9
2012-10-11,9.03,13.6
2012-10-12,8.91,13.4
2012-10-13,8.71,13.1
2012-10-14,8.93,12.9
2012-10-15,8.82,12.6
2012-10-16,8.89,12.2
2012-10-17,9.12,12.1
2012-10-18,9.14,12.2
2012-10-19,9.23,12.2
2012-10-20,9.31,12.3
2012-10-21,9.28,12.3
2012-10-22,9.22,12.1
2012-10-23,9.18,12.2
2012-10-24,9.03,11.9
2012-10-25,8.95,11.8
2012-10-26,9.01,11.5
2012-10-27,9.01,10.8
2012-10-28,9.18,9.9
2012-10-29,9.49,9.2
2012-10-30,9.54,9.0
2012-10-31,9.65,8.9
2012-11-01,9.68,8.7
2012-11-02,9.81,8.8
2012-11-03,9.75,9.0
2012-11-04,9.8,9.1
2012-11-05,9.91,8.9
2012-11-06,10.51,8.3
2012-11-07,11.27,7.9
2012-11-08,11.17,8.0
2012-11-09,11.0,8.2
2012-11-10,10.75,8.2
2012-11-11,10.55,8.4
2012-11-12,10.41,8.3
2012-11-13,10.33,7.9
2012-11-14,10.47,7.5
2012-11-15,10.72,7.3
2012-11-16,10.58,7.2
2012-11-17,10.42,7.1
2012-11-18,10.28,7.1
2012-11-19,10.28,7.3
2012-11-20,10.38,7.1
2012-11-21,10.45,7.0
2012-11-22,10.46,6.9
2012-11-23,10.48,6.8
2012-11-24,10.54,6.8
2012-11-25,10.6,6.8
2012-11-26,10.61,6.6
2012-11-27,10.57,6.9
2012-11-28,10.48,7.0
2012-11-29,10.45,6.9
2012-11-30,10.89,6.4
2012-12-01,11.65,5.8
2012-12-02,12.05,5.6
2012-12-03,11.67,5.5
2012-12-04,11.34,5.4
2012-12-05,11.11,5.3
2012-12-06,11.28,4.8
2012-12-07,11.42,4.1
2012-12-10,,4.2
2012-12-17,13.0,3.0
2012-12-18,13.02,3.5
2012-12-19,12.95,4.1
2012-12-20,12.91,4.2
2012-12-21,12.87,4.3
2012-12-22,12.88,4.4
2012-12-23,12.75,4.9
2012-12-24,12.68,5.4
2012-12-25,12.28,5.9
2012-12-26,11.94,6.3
2012-12-27,11.9,6.2
2012-12-28,12.11,6.3
2012-12-29,12.23,6.3
2012-12-30,12.29,6.3
2012-12-31,12.39,5.9
2013-01-01,12.4,5.7
2013-01-02,12.54,5.5
2013-01-03,12.79,5.4
2013-01-04,12.91,5.6
2013-01-05,12.81,6.0
2013-01-06,12.78,6.2
2013-01-07,12.64,6.4
2013-01-08,12.45,6.7
2013-01-09,12.4,6.7
2013-01-10,12.42,6.4
2013-01-11,12.48,5.9
2013-01-12,12.53,5.3
2013-01-13,12.84,4.5
2013-01-14,13.03,4.1
2013-01-15,13.23,3.4
2013-01-16,13.37,3.1
2013-01-17,13.42,2.7
2013-01-18,13.43,2.4
2013-01-19,13.19,2.3
2013-01-20,13.13,2.1
2013-01-21,12.84,2.1
2013-01-22,12.78,2.2
2013-01-23,12.74,2.4
2013-01-24,12.7,2.2
2013-01-25,12.66,2.1
2013-01-26,12.72,1.9
2013-01-27,12.74,2.0
2013-01-28,12.63,2.4
2013-01-29,12.51,3.0
2013-01-30,12.38,3.8
2013-01-31,12.91,4.3
2013-02-01,13.08,4.6
2013-02-02,12.75,5.0
2013-02-03,12.91,4.6
2013-02-04,13.0,4.5
2013-02-05,13.08,4.4
2013-02-06,13.18,3.9
2013-02-07,13.22,3.9
2013-02-08,13.31,3.7
2013-02-09,13.37,3.4
2013-02-10,13.56,3.3
2013-02-11,13.63,2.9
2013-02-12,13.72,2.6
2013-02-13,13.81,2.6
2013-02-14,14.07,2.5
2013-02-15,13.95,2.5
2013-02-16,13.75,2.7
2013-02-17,13.49,3.0
2013-02-18,13.32,3.2
2013-02-19,13.07,3.3
2013-02-20,13.14,3.4
2013-02-21,13.09,3.5
2013-02-22,13.06,3.0
2013-02-23,13.03,2.7
2013-02-24,12.94,2.6
2013-02-25,12.83,2.7
2013-02-26,12.83,2.9
2013-02-27,12.88,3.1
2013-02-28,12.89,3.1
2013-03-01,12.85,3.3
2013-03-02,12.84,3.5
2013-03-03,12.79,3.8
2013-03-04,12.77,4.1
2013-03-05,12.76,4.4
2013-03-06,12.65,4.7
2013-03-07,12.63,5.2
2013-03-08,12.72,5.8
2013-03-09,12.61,6.5
2013-03-10,12.62,6.8
2013-03-11,12.53,6.6
2013-03-12,12.37,6.1
2013-03-13,12.54,5.4
2013-03-14,12.82,5.2
2013-03-15,13.06,5.1
2013-03-16,13.12,4.8
2013-03-17,13.05,4.5
2013-03-18,12.81,4.5
2013-03-19,12.87,4.5
2013-03-20,13.03,4.5
2013-03-21,13.17,4.6
2013-03-22,13.19,4.9
2013-03-23,13.03,5.0
2013-03-24,13.06,4.8
2013-03-25,12.98,4.4
2013-03-26,12.9,4.2
2013-03-27,13.02,4.3
2013-03-28,12.95,4.5
2013-03-29,13.04,4.7
2013-03-30,13.16,4.8
2013-03-31,13.29,4.8
2013-04-01,13.42,4.9
2013-04-02,13.55,5.2
2013-04-03,13.38,5.4
2013-04-04,13.4,5.8
2013-04-05,13.17,5.8
2013-04-06,13.02,5.8
2013-04-07,13.47,5.8
2013-04-08,14.12,6.0
2013-04-09,14.13,6.5
2013-04-10,13.83,7.2
2013-04-11,13.68,7.8
2013-04-12,13.23,8.5
2013-04-13,12.75,8.9
2013-04-14,12.37,9.6
2013-04-15,12.05,10.6
2013-04-16,11.62,11.5
2013-04-17,11.28,12.0
2013-04-18,11.04,12.8
2013-04-19,10.66,13.1
2013-04-20,10.36,12.9
2013-04-21,10.09,12.8
2013-04-22,9.91,13.1
2013-04-23,9.87,13.6
2013-04-24,9.92,14.2
2013-04-25,9.77,14.8
2013-04-26,9.76,15.2
2013-04-27,9.3,14.8
2013-04-28,9.05,13.7
2013-04-29,9.15,13.4
2013-04-30,9.36,13.4
2013-05-01,9.01,13.6
2013-05-02,9.03,13.6
2013-05-03,9.04,13.5
2013-05-04,8.9,13.6
2013-05-05,9.2,13.5
2013-05-06,9.3,14.0
2013-05-07,8.78,14.6
2013-05-08,8.52,15.2
2013-05-09,8.46,16.1
2013-05-10,8.42,16.6
2013-05-11,8.43,16.7
2013-05-12,8.34,16.4
2013-05-13,8.31,15.8
2013-05-14,8.42,15.5
2013-05-15,8.59,15.7
2013-05-16,8.25,15.9
2013-05-17,7.83,15.9
2013-05-18,7.91,15.9
2013-05-19,8.24,16.3
2013-05-20,8.32,16.3
2013-05-21,8.99,16.1
2013-05-22,9.09,15.5
2013-05-23,9.3,14.7
2013-05-24,9.66,14.0
2013-05-25,9.89,13.6
2013-05-26,9.94,13.1
2013-05-27,10.12,12.5
2013-05-28,10.24,12.3
2013-05-29,10.26,11.9
2013-05-30,10.16,12.1
2013-05-31,9.92,12.4
2013-06-01,9.66,12.4
2013-06-02,9.44,12.6
2013-06-03,9.06,12.5
2013-06-04,9.02,12.6
2013-06-05,9.11,13.3
2013-06-06,8.89,14.4
2013-06-07,8.78,15.9
2013-06-08,9.12,16.6
2013-06-09,9.14,16.8
2013-06-10,9.09,16.4
2013-06-11,9.26,16.2
2013-06-12,9.45,16.0
2013-06-13,9.53,16.7
2013-06-14,9.24,17.0
2013-06-15,9.26,17.2
2013-06-16,9.3,17.7
2013-06-17,9.18,18.6
2013-06-18,8.94,19.7
2013-06-19,8.63,20.8
2013-06-20,8.51,21.8
2013-06-21,8.32,22.0
2013-06-22,8.33,21.9
2013-06-23,8.44,21.7
2013-06-24,8.57,21.0
2013-06-25,8.35,20.0
2013-06-26,8.13,18.9
2013-06-27,7.97,18.3
2013-06-28,8.15,17.9
2013-06-29,8.24,17.5
2013-06-30,8.46,17.2
2013-07-01,8.88,17.4
2013-07-02,8.8,18.1
2013-07-03,8.5,18.4
2013-07-04,8.45,18.5
2013-07-05,8.52,18.8
2013-07-06,8.5,19.5
2013-07-07,8.54,20.2
2013-07-08,8.83,20.9
2013-07-09,8.88,21.5
2013-07-10,9.07,22.0
2013-07-11,9.18,21.9
2013-07-12,9.32,21.7
2013-07-13,9.42,21.9
2013-07-14,9.37,22.0
2013-07-15,9.27,22.4
2013-07-16,9.4,22.6
2013-07-17,9.6,23.0
2013-07-18,9.97,23.3
2013-07-19,10.08,23.7
2013-07-20,9.68,23.8
2013-07-21,9.44,24.0
2013-07-22,9.35,24.3
2013-07-23,9.94,24.8
2013-07-24,9.43,24.5
2013-07-25,8.25,24.3
2013-07-26,7.59,24.7
2013-07-27,7.19,25.1
2013-07-28,6.76,25.3
2013-07-29,6.02,24.6
2013-07-30,5.95,23.9
2013-07-31,5.96,23.4
2013-08-01,6.25,23.3
2013-08-02,6.55,23.9
2013-08-03,6.51,24.3
2013-08-04,6.46,24.2
2013-08-05,6.69,24.2
2013-08-06,6.72,24.7
2013-08-07,6.35,24.3
2013-08-08,5.94,24.1
2013-08-09,6.07,23.6
2013-08-10,6.27,23.3
2013-08-11,6.6,22.8
2013-08-12,6.58,22.7
2013-08-13,6.67,22.2
2013-08-14,6.95,21.9
2013-08-15,7.19,21.7
2013-08-16,7.31,21.5
2013-08-17,7.36,21.8
2013-08-18,7.13,21.5
2013-08-19,6.99,21.2
2013-08-20,7.17,20.7
2013-08-21,7.76,20.5
2013-08-22,7.81,20.6
2013-08-23,7.67,20.7
2013-08-24,7.87,20.4
2013-08-25,7.64,20.1
2013-08-26,7.46,19.5
2013-08-27,7.62,19.4
2013-08-28,7.58,19.3
2013-08-29,7.64,19.2
2013-08-30,7.66,19.3
2013-08-31,7.59,19.3
2013-09-01,7.82,19.3
2013-09-02,7.9,19.0
2013-09-03,7.96,19.3
2013-09-04,8.15,19.4
2013-09-05,8.14,19.8
2013-09-06,8.03,20.1
2013-09-07,8.06,20.6
2013-09-08,7.87,20.7
2013-09-09,7.84,20.3
2013-09-10,8.1,19.6
2013-09-11,8.24,18.6
2013-09-12,8.12,17.8
2013-09-13,8.24,17.3
2013-09-14,8.41,17.1
2013-09-15,8.71,16.8
2013-09-16,8.86,16.1
2013-09-17,8.71,15.5
2013-09-18,8.66,14.9
2013-09-19,9.17,14.5
2013-09-20,9.97,14.2
2013-09-21,10.31,13.9
2013-09-22,10.23,13.9
2013-09-23,10.32,14.2
2013-09-24,9.78,14.5
2013-09-25,9.2,14.8
2013-09-26,8.96,15.0
2013-09-27,8.85,15.0
2013-09-28,8.83,14.9
2013-09-29,8.82,14.8
2013-09-30,8.89,14.5
2013-10-01,8.9,14.5
2013-10-02,9.06,14.0
2013-10-03,9.3,13.5
2013-10-04,9.39,13.2
2013-10-05,9.35,12.9
2013-10-06,9.16,12.8
2013-10-07,9.39,13.0
2013-10-08,9.41,13.1
2013-10-09,9.27,13.2
2013-10-10,9.31,12.9
2013-10-11,9.43,12.2
2013-10-12,9.55,11.6
2013-10-13,9.68,11.2
2013-10-14,9.72,11.0
2013-10-15,9.61,11.3
2013-10-16,9.56,11.3
2013-10-17,9.68,11.3
2013-10-18,9.65,11.3
2013-10-19,9.75,11.2
2013-10-20,9.78,11.4
2013-10-21,9.72,11.6
2013-10-22,9.75,11.8
2013-10-23,9.65,12.1
2013-10-24,9.6,12.2
2013-10-25,9.59,12.0
2013-10-26,9.33,12.2
2013-10-27,9.24,12.5
2013-10-28,9.15,12.7
2013-10-29,9.2,12.8
2013-10-30,9.21,12.4
2013-10-31,9.25,11.7
2013-11-01,9.31,11.2
2013-11-02,9.22,11.1
2013-11-03,9.2,11.2
2013-11-04,9.47,10.8
2013-11-05,10.19,10.4
2013-11-06,10.51,10.0
2013-11-07,11.14,10.0
2013-11-08,11.39,10.2
2013-11-09,11.43,10.0
2013-11-10,11.35,9.7
2013-11-11,11.58,9.4
2013-11-12,11.81,9.1
2013-11-13,11.93,8.8
2013-11-14,12.01,8.3
2013-11-15,12.1,8.1
2013-11-16,12.03,7.6
2013-11-17,11.75,7.4
2013-11-18,11.52,7.4
2013-11-19,11.29,7.3
2013-11-20,11.42,7.2
2013-11-21,11.71,6.9
2013-11-22,12.11,6.8
2013-11-23,12.21,6.8
2013-11-24,12.21,6.8
2013-11-25,11.95,6.4
2013-11-26,11.93,5.8
2013-11-27,12.0,5.2
2013-11-28,12.01,5.0
2013-11-29,12.1,5.1
2013-11-30,12.1,5.0
2013-12-01,12.19,5.0
2013-12-02,12.32,4.9
2013-12-03,12.51,4.5
2013-12-04,12.56,4.2
2013-12-05,12.8,4.3
2013-12-06,12.57,4.3
2013-12-07,12.54,4.1
2013-12-08,12.53,4.3
2013-12-09,12.55,4.5
2013-12-10,12.59,4.8
2013-12-11,12.67,5.0
2013-12-12,12.78,5.1
2013-12-13,12.67,5.2
2013-12-14,12.47,5.2
2013-12-15,12.57,5.1
2013-12-16,12.67,4.8
2013-12-17,12.63,4.6
2013-12-18,12.55,4.4
2013-12-19,12.49,4.2
2013-12-20,12.52,4.4
2013-12-21,12.46,4.2
2013-12-22,12.49,4.2
2013-12-23,12.49,4.4
2013-12-24,12.43,4.4
2013-12-25,12.36,4.7
2013-12-26,12.12,5.0
2013-12-27,12.15,5.1
2013-12-28,12.39,5.2
2013-12-29,12.26,5.5
2013-12-30,12.32,5.3
2013-12-31,12.35,5.1
2014-01-01,12.16,4.9
2014-01-02,12.03,5.0
2014-01-03,11.95,5.0
2014-01-04,11.97,4.9
2014-01-05,11.97,4.8
2014-01-06,12.14,4.5
2014-01-07,12.21,4.7
2014-01-08,12.27,4.9
2014-01-09,12.27,5.1
2014-01-10,12.13,5.3
2014-01-11,12.21,5.0
2014-01-12,12.48,4.8
2014-01-13,12.56,4.6
2014-01-14,12.38,4.8
2014-01-15,12.28,5.0
2014-01-16,12.28,5.1
2014-01-17,12.48,5.1
2014-01-18,12.48,4.8
2014-01-19,12.37,4.7
2014-01-20,12.24,4.7
2014-01-21,12.11,4.9
2014-01-22,12.07,5.1
2014-01-23,12.04,5.2
2014-01-24,12.1,5.1
2014-01-25,12.11,5.0
2014-01-26,12.09,4.8
2014-01-27,12.08,4.7
2014-01-28,12.45,4.6
2014-01-29,12.73,4.3
2014-01-30,12.87,4.1
2014-01-31,12.87,3.8
2014-02-01,12.89,3.6
2014-02-02,12.66,3.8
2014-02-03,12.61,3.8
2014-02-04,12.6,3.9
2014-02-05,12.76,3.8
2014-02-06,12.81,4.0
2014-02-07,12.75,4.3
2014-02-08,12.63,4.4
2014-02-09,12.57,4.6
2014-02-10,12.62,4.3
2014-02-11,12.53,4.4
2014-02-12,12.57,4.5
2014-02-13,12.65,4.7
2014-02-14,12.48,5.0
2014-02-15,12.6,5.2
2014-02-16,12.63,5.3
2014-02-17,12.77,5.3
2014-02-18,12.85,5.3
2014-02-19,12.61,5.6
2014-02-20,12.53,5.9
2014-02-21,12.32,6.0
2014-02-22,12.23,5.8
2014-02-23,12.14,6.0
2014-02-24,12.11,5.9
2014-02-25,11.89,6.0
2014-02-26,11.96,6.4
2014-02-27,12.28,6.7
2014-02-28,12.19,6.8
2014-03-01,12.17,6.8
2014-03-02,12.1,6.8
2014-03-03,12.11,6.8
2014-03-04,12.15,6.8
2014-03-05,12.29,7.0
2014-03-06,12.53,7.0
2014-03-07,12.64,7.1
2014-03-08,12.83,7.3
2014-03-09,13.07,7.4
2014-03-10,13.28,7.7
2014-03-11,13.39,7.9
2014-03-12,13.44,8.2
2014-03-13,13.57,8.5
2014-03-14,13.46,8.7
2014-03-15,13.17,8.8
2014-03-16,12.75,8.8
2014-03-17,12.6,9.0
2014-03-18,12.4,9.2
2014-03-19,12.23,9.5
2014-03-20,12.14,9.6
2014-03-21,12.0,10.0
2014-03-22,11.61,10.3
2014-03-23,11.33,10.2
2014-03-24,11.34,9.8
2014-03-25,11.39,9.7
2014-03-26,11.35,9.5
2014-03-27,11.63,9.8
2014-03-28,11.89,10.3
2014-03-29,12.05,10.6
2014-03-30,12.36,11.1
2014-03-31,12.59,11.4
2014-04-01,12.61,11.6
2014-04-02,12.81,12.0
2014-04-03,13.03,12.4
2014-04-04,13.0,12.6
2014-04-05,12.88,13.1
2014-04-06,12.74,13.5
2014-04-07,12.99,13.9
2014-04-08,12.73,14.3
2014-04-09,12.19,13.9
2014-04-10,11.94,13.8
2014-04-11,11.64,14.0
2014-04-12,11.62,14.3
2014-04-13,11.66,14.8
2014-04-14,11.36,14.6
2014-04-15,10.86,13.9
2014-04-16,10.73,13.4
2014-04-17,10.8,13.3
2014-04-18,10.76,13.2
2014-04-19,10.79,13.1
2014-04-20,10.89,13.5
2014-04-21,10.81,13.7
2014-04-22,10.83,14.1
2014-04-23,10.98,14.5
2014-04-24,10.84,15.1
2014-04-25,10.83,15.8
2014-04-26,10.57,16.3
2014-04-27,9.76,16.1
2014-04-28,8.85,15.6
2014-04-29,8.52,15.7
2014-04-30,8.0,15.9
2014-05-01,7.93,16.2
2014-05-02,7.53,16.5
2014-05-03,7.48,15.8
2014-05-04,7.6,15.8
2014-05-05,7.91,15.8
2014-05-06,8.07,16.0
2014-05-07,7.81,16.3
2014-05-08,7.7,16.3
2014-05-09,7.72,16.4
2014-05-10,7.82,16.2
2014-05-11,7.71,16.2
2014-05-12,8.24,15.9
2014-05-13,8.34,15.6
2014-05-14,8.61,15.5
2014-05-15,8.62,15.4
2014-05-16,8.7,15.8
2014-05-17,8.74,16.3
2014-05-18,8.58,16.8
2014-05-19,8.88,16.9
2014-05-20,8.94,17.5
2014-05-21,8.81,18.3
2014-05-22,8.91,19.1
2014-05-23,8.51,19.3
2014-05-24,8.55,19.3
2014-05-25,8.76,19.4
2014-05-26,8.71,19.3
2014-05-27,7.78,19.1
2014-05-28,7.58,18.7
2014-05-29,7.14,18.0
2014-05-30,7.0,17.5
2014-05-31,7.26,17.5
2014-06-01,7.41,17.9
2014-06-02,7.39,18.4
2014-06-03,7.47,18.7
2014-06-04,7.54,19.0
2014-06-05,7.71,19.4
2014-06-06,7.88,19.4
2014-06-07,8.34,20.4
2014-06-08,8.28,21.2
2014-06-09,8.26,22.3
2014-06-10,8.33,23.5
2014-06-11,8.26,24.0
2014-06-12,8.14,24.1
2014-06-13,8.08,24.0
2014-06-14,7.84,23.3
2014-06-15,8.01,22.8
2014-06-16,8.0,22.5
2014-06-17,7.96,22.2
2014-06-18,7.79,22.2
2014-06-19,7.73,22.3
2014-06-20,7.56,21.8
2014-06-21,7.56,21.3
2014-06-22,7.73,21.1
2014-06-23,7.94,21.4
2014-06-24,8.41,21.8
2014-06-25,8.32,21.5
2014-06-26,8.52,21.3
2014-06-27,8.97,21.5
2014-06-28,8.47,21.5
2014-06-29,8.01,21.3
2014-06-30,8.05,20.9
2014-07-01,8.33,20.9
2014-07-02,8.34,21.2
2014-07-03,8.64,21.6
2014-07-04,8.99,22.1
2014-07-05,8.88,22.5
2014-07-06,8.59,22.7
2014-07-07,8.84,23.0
2014-07-08,7.98,22.7
2014-07-09,7.25,21.5
2014-07-10,7.18,20.4
2014-07-11,7.47,20.3
2014-07-12,7.27,20.9
2014-07-13,6.86,21.0
2014-07-14,6.95,21.0
2014-07-15,7.26,21.2
2014-07-16,7.35,21.3
2014-07-17,7.71,22.1
2014-07-18,8.12,22.7
2014-07-19,8.37,23.3
2014-07-20,8.53,23.8
2014-07-21,8.09,23.7
2014-07-22,7.98,23.9
2014-07-23,7.8,24.1
2014-07-24,7.87,24.2
2014-07-25,7.98,24.4
2014-07-26,7.42,24.5
2014-07-27,6.91,24.6
2014-07-28,6.94,24.4
2014-07-29,7.13,24.5
2014-07-30,6.87,24.4
2014-07-31,6.56,24.0
2014-08-01,6.52,23.8
2014-08-02,6.49,23.7
2014-08-03,6.0,23.7
2014-08-04,6.46,23.7
2014-08-05,7.02,23.6
2014-08-06,7.4,23.4
2014-08-07,7.23,23.4
2014-08-08,6.91,23.3
2014-08-09,6.85,23.5
2014-08-10,6.57,23.2
2014-08-11,6.84,23.3
2014-08-12,6.33,22.9
2014-08-13,6.75,22.1
2014-08-14,7.07,21.6
2014-08-15,7.02,21.0
2014-08-16,7.17,20.5
2014-08-17,7.28,20.4
2014-08-18,7.19,20.1
2014-08-19,7.32,19.7
2014-08-20,7.52,19.4
2014-08-21,7.71,19.2
2014-08-22,8.11,19.0
2014-08-23,8.0,18.8
2014-08-24,8.12,18.5
2014-08-25,8.28,18.2
2014-08-26,8.13,18.0
2014-08-27,7.93,17.9
2014-08-28,8.06,18.1
2014-08-29,8.06,18.8
2014-08-30,8.0,19.0
2014-08-31,7.89,19.0
2014-09-01,7.93,18.4
2014-09-02,8.12,18.0
2014-09-03,8.17,17.7
2014-09-04,7.93,17.8
2014-09-05,7.76,18.0
2014-09-06,7.75,18.2
2014-09-07,7.69,18.5
2014-09-08,7.68,18.9
2014-09-09,7.64,19.1
2014-09-10,7.78,18.9
2014-09-11,7.81,18.4
2014-09-12,7.57,17.9
2014-09-13,8.02,17.7
2014-09-14,8.3,17.9
2014-09-15,8.31,18.0
2014-09-16,8.18,17.9
2014-09-17,8.0,17.9
2014-09-18,7.83,17.9
2014-09-19,7.61,18.1
2014-09-20,7.43,18.3
2014-09-21,7.32,18.2
2014-09-22,7.46,17.6
2014-09-23,7.87,16.9
2014-09-24,8.03,16.3
2014-09-25,8.1,16.1
2014-09-26,8.15,16.1
2014-09-27,8.16,16.3
2014-09-28,8.26,16.3
2014-09-29,8.34,16.5
2014-09-30,8.34,16.8
2014-10-01,8.33,16.7
2014-10-02,8.34,16.5
2014-10-03,8.4,16.4
2014-10-04,8.45,16.3
2014-10-05,8.46,16.0
2014-10-06,8.52,15.7
2014-10-07,8.5,15.5
2014-10-08,8.43,15.4
2014-10-09,8.43,15.6
2014-10-10,8.37,15.9
2014-10-11,8.21,16.0
2014-10-12,8.09,15.9
2014-10-13,8.1,15.8
2014-10-14,8.14,15.6
2014-10-15,8.23,15.6
2014-10-16,8.28,15.7
2014-10-17,8.24,15.6
2014-10-18,8.31,15.5
2014-10-19,8.47,15.4
2014-10-20,8.36,15.5
2014-10-21,8.33,15.2
2014-10-22,8.36,14.3
2014-10-23,8.85,13.4
2014-10-24,9.68,12.8
2014-10-25,10.04,12.6
2014-10-26,10.04,12.4
2014-10-27,9.97,11.9
2014-10-28,9.81,11.4
2014-10-29,9.65,11.1
2014-10-30,9.6,10.9
2014-10-31,9.34,11.0
2014-11-01,9.26,11.1
2014-11-02,9.3,11.0
2014-11-03,9.39,11.1
2014-11-04,9.24,11.1
2014-11-05,9.14,10.9
2014-11-06,9.13,10.8
2014-11-07,9.6,10.2
2014-11-08,9.66,10.0
2014-11-09,9.38,9.8
2014-11-10,9.37,9.8
2014-11-11,9.38,9.8
2014-11-12,9.34,9.6
2014-11-13,9.36,9.7
2014-11-14,9.37,9.8
2014-11-15,9.37,9.8
2014-11-16,9.31,9.8
2014-11-17,9.39,9.5
2014-11-18,9.4,9.4
2014-11-19,9.46,9.4
2014-11-20,10.34,9.1
2014-11-21,10.94,8.9
2014-11-22,11.11,8.4
2014-11-23,10.86,8.2
2014-11-24,10.59,8.0
2014-11-25,10.59,7.8
2014-11-26,10.41,7.4
2014-11-27,10.18,7.2
2014-11-28,10.24,7.0
2014-11-29,10.29,6.7
2014-11-30,10.42,6.4
2014-12-01,10.54,6.2
2014-12-02,10.67,5.9
2014-12-03,10.84,5.7
2014-12-04,10.9,5.6
2014-12-05,10.89,5.6
2014-12-06,10.96,5.5
2014-12-07,11.04,5.4
2014-12-08,11.08,5.4
2014-12-09,11.11,5.0
2014-12-10,11.21,4.8
2014-12-11,11.3,4.8
2014-12-12,11.28,5.1
2014-12-13,11.49,5.3
2014-12-14,11.49,5.7
2014-12-15,11.57,5.9
2014-12-16,12.16,6.0
2014-12-17,12.28,5.8
2014-12-18,12.16,6.3
2014-12-19,12.17,6.9
2014-12-20,12.08,7.0
2014-12-21,12.4,6.5
2014-12-22,12.56,6.5
2014-12-23,12.42,6.8
2014-12-24,12.35,6.6
2014-12-25,12.27,6.5
2014-12-26,12.37,6.1
2014-12-27,12.28,5.3
2014-12-28,12.35,4.5
2014-12-29,12.51,3.8
2014-12-30,12.58,3.5
2014-12-31,12.36,3.6
2015-01-01,12.27,3.7
2015-01-02,12.37,3.5
2015-01-03,12.5,3.2
2015-01-04,13.13,2.9
2015-01-05,13.66,2.9
2015-01-06,13.62,3.1
2015-01-07,13.52,3.3
2015-01-08,13.34,3.6
2015-01-09,12.95,4.1
2015-01-10,12.84,5.0
2015-01-11,12.72,5.3
2015-01-12,12.59,5.6
2015-01-13,12.43,6.0
2015-01-14,12.52,5.7
2015-01-15,12.61,5.3
2015-01-16,12.54,5.5
2015-01-17,12.42,5.8
2015-01-18,12.58,5.5
2015-01-19,12.68,5.3
2015-01-20,12.61,5.2
2015-01-21,12.73,4.9
2015-01-22,12.78,4.7
2015-01-23,12.97,4.6
2015-01-24,12.91,4.3
2015-01-25,12.67,4.2
2015-01-26,12.49,4.1
2015-01-27,12.37,4.1
2015-01-28,12.41,4.0
2015-01-29,12.64,3.9
2015-01-30,12.57,4.0
2015-01-31,12.79,3.8
2015-02-01,12.95,3.8
2015-02-02,13.03,3.8
2015-02-03,13.06,3.7
2015-02-04,12.94,3.3
2015-02-05,12.85,3.0
2015-02-06,12.83,2.6
2015-02-07,12.84,2.3
2015-02-08,12.9,2.4
2015-02-09,12.82,2.5
2015-02-10,12.74,2.9
2015-02-11,12.75,3.1
2015-02-12,12.79,3.0
2015-02-13,12.84,3.0
2015-02-14,12.83,2.9
2015-02-15,12.77,2.9
2015-02-16,12.63,3.1
2015-02-17,12.53,3.2
2015-02-18,12.58,3.3
2015-02-19,12.78,3.2
2015-02-20,12.78,3.4
2015-02-21,12.68,3.6
2015-02-22,12.63,4.0
2015-02-23,12.51,3.9
2015-02-24,12.6,4.0
2015-02-25,12.8,4.1
2015-02-26,12.83,4.3
2015-02-27,12.84,4.5
2015-02-28,12.89,4.8
2015-03-01,12.71,4.9
2015-03-02,12.41,5.3
2015-03-03,12.58,5.4
2015-03-04,13.0,5.5
2015-03-05,13.12,5.6
2015-03-06,12.99,5.6
2015-03-07,12.79,5.7
2015-03-08,12.77,5.8
2015-03-09,12.62,6.1
2015-03-10,12.56,6.2
2015-03-11,12.53,6.6
2015-03-12,12.56,6.7
2015-03-13,12.56,6.5
2015-03-14,12.39,6.5
2015-03-15,12.26,6.5
2015-03-16,12.36,6.6
2015-03-17,12.48,7.0
2015-03-18,12.53,7.6
2015-03-19,12.6,7.9
2015-03-20,12.76,7.9
2015-03-21,12.87,7.9
2015-03-22,12.83,7.8
2015-03-23,12.78,7.8
2015-03-24,12.72,8.0
2015-03-25,12.89,8.6
2015-03-26,12.59,9.0
2015-03-27,12.42,9.0
2015-03-28,12.29,9.0
2015-03-29,12.18,9.4
2015-03-30,11.71,9.6
2015-03-31,11.47,9.4
2015-04-01,11.44,8.9
2015-04-02,11.61,8.7
2015-04-03,11.84,8.4
2015-04-04,11.84,8.2
2015-04-05,11.96,7.7
2015-04-06,12.0,7.6
2015-04-07,11.93,7.6
2015-04-08,11.73,8.2
2015-04-09,11.53,8.7
2015-04-10,11.41,9.4
2015-04-11,11.23,10.1
2015-04-12,11.2,10.8
2015-04-13,11.31,11.3
2015-04-14,11.49,11.7
2015-04-15,11.61,12.4
2015-04-16,11.83,13.2
2015-04-17,11.91,13.5
2015-04-18,12.15,13.3
2015-04-19,12.49,13.3
2015-04-20,12.88,13.6
2015-04-21,13.19,14.1
2015-04-22,13.3,14.4
2015-04-23,13.37,14.4
2015-04-24,13.46,14.8
2015-04-25,13.2,14.8
2015-04-26,12.65,15.1
2015-04-27,12.47,15.6
2015-04-28,12.19,15.4
2015-04-29,11.86,15.2
2015-04-30,11.4,15.1
2015-05-01,11.06,15.0
2015-05-02,10.95,15.0
2015-05-03,10.35,15.1
2015-05-04,9.92,15.7
2015-05-05,9.63,16.3
2015-05-06,9.29,16.4
2015-05-07,9.17,16.5
2015-05-08,9.18,16.3
2015-05-09,9.16,16.9
2015-05-10,9.17,17.2
2015-05-11,9.36,17.3
2015-05-12,9.22,17.9
2015-05-13,8.85,18.4
2015-05-14,8.52,18.7
2015-05-15,8.26,19.0
2015-05-16,8.19,19.0
2015-05-17,7.92,18.9
2015-05-18,7.99,18.9
2015-05-19,7.91,19.1
2015-05-20,7.71,18.5
2015-05-21,7.73,18.1
2015-05-22,7.94,18.1
2015-05-23,7.79,18.1
2015-05-24,7.76,18.4
2015-05-25,7.65,18.4
2015-05-26,7.67,18.0
2015-05-27,7.66,17.5
2015-05-28,7.94,17.4
2015-05-29,8.2,17.7
2015-05-30,8.08,17.7
2015-05-31,8.21,17.5
2015-06-01,8.04,17.7
2015-06-02,8.04,17.8
2015-06-03,8.33,18.8
2015-06-04,8.42,19.5
2015-06-05,8.52,20.3
2015-06-06,8.51,21.3
2015-06-07,8.57,22.1
2015-06-08,8.15,21.5
2015-06-09,7.56,20.6
2015-06-10,7.26,19.9
2015-06-11,7.07,19.8
2015-06-12,7.07,20.5
2015-06-13,7.04,21.4
2015-06-14,7.12,22.0
2015-06-15,7.14,22.2
2015-06-16,7.42,22.1
2015-06-17,7.78,21.8
2015-06-18,7.56,21.4
2015-06-19,6.89,20.4
2015-06-20,6.93,19.6
2015-06-21,6.8,19.2
2015-06-22,6.77,19.0
2015-06-23,6.77,18.8
2015-06-24,7.16,18.6
2015-06-25,7.66,18.8
2015-06-26,7.6,19.5
2015-06-27,7.39,19.8
2015-06-28,7.34,20.0
2015-06-29,7.69,20.6
2015-06-30,8.15,21.5
2015-07-01,8.43,22.2
2015-07-02,8.67,23.2
2015-07-03,8.55,24.1
2015-07-04,8.7,25.1
2015-07-05,8.66,25.8
2015-07-06,8.44,26.2
2015-07-07,8.66,26.2
2015-07-08,8.01,26.0
2015-07-09,7.63,24.8
2015-07-10,7.94,24.0
2015-07-11,8.25,23.8
2015-07-12,8.78,23.8
2015-07-13,9.82,23.4
2015-07-14,10.36,23.2
2015-07-15,9.92,23.3
2015-07-16,9.65,23.8
2015-07-17,9.65,24.1
2015-07-18,9.93,24.4
2015-07-19,9.98,24.5
2015-07-20,9.24,24.2
2015-07-21,9.82,24.7
2015-07-22,9.46,25.0
2015-07-23,9.53,25.2
2015-07-24,10.06,25.1
2015-07-25,10.22,25.1
2015-07-26,10.6,24.2
2015-07-27,10.24,23.6
2015-07-28,10.26,23.0
2015-07-29,9.32,22.0
2015-07-30,9.26,21.4
2015-07-31,9.44,21.3
2015-08-01,9.46,21.2
2015-08-02,10.32,21.7
2015-08-03,11.43,22.2
2015-08-04,11.98,22.8
2015-08-05,12.15,23.0
2015-08-06,12.26,23.8
2015-08-07,12.61,24.5
2015-08-08,12.09,25.2
2015-08-09,11.27,25.4
2015-08-10,12.04,25.8
2015-08-11,12.51,26.1
2015-08-12,11.1,26.4
2015-08-13,10.01,26.5
2015-08-14,9.81,26.4
2015-08-15,8.76,26.1
2015-08-16,6.59,24.9
2015-08-17,4.87,23.5
2015-08-18,5.5,22.9
2015-08-19,5.89,22.4
2015-08-20,5.84,21.9
2015-08-21,6.15,21.8
2015-08-22,6.32,21.9
2015-08-23,6.28,21.9
2015-08-24,6.18,22.0
2015-08-25,6.63,21.6
2015-08-26,7.14,21.3
2015-08-27,7.45,21.6
2015-08-28,7.36,21.6
2015-08-29,7.49,21.9
2015-08-30,7.68,22.8
2015-08-31,7.91,23.3
2015-09-01,7.59,23.1
2015-09-02,7.52,22.5
2015-09-03,7.32,22.2
2015-09-04,7.28,21.5
2015-09-05,7.16,20.5
2015-09-06,7.1,19.6
2015-09-07,7.37,18.8
2015-09-08,7.66,18.5
2015-09-09,7.7,18.2
2015-09-10,7.81,18.0
2015-09-11,7.84,17.9
2015-09-12,7.8,18.0
2015-09-13,7.67,18.3
2015-09-14,7.79,18.1
2015-09-15,7.86,17.8
2015-09-16,7.88,17.6
2015-09-17,7.64,17.5
2015-09-18,7.58,17.1
2015-09-19,7.74,16.9
2015-09-20,7.83,16.7
2015-09-21,8.12,16.6
2015-09-22,8.02,16.6
2015-09-23,7.9,16.4
2015-09-24,8.1,16.3
2015-09-25,8.31,16.1
2015-09-26,8.45,16.0
2015-09-27,8.69,16.0
2015-09-28,8.82,15.9
2015-09-29,8.9,15.5
2015-09-30,9.12,15.0
2015-10-01,9.33,14.7
2015-10-02,9.41,14.6
2015-10-03,9.5,14.5
2015-10-04,9.43,14.3
2015-10-05,9.38,14.5
2015-10-06,9.32,14.8
2015-10-07,8.99,15.1
2015-10-08,8.97,15.1
2015-10-09,8.9,15.0
2015-10-10,8.77,14.7
2015-10-11,8.7,14.3
2015-10-12,8.78,13.6
2015-10-13,9.04,13.1
2015-10-14,9.08,12.6
2015-10-15,8.95,11.9
2015-10-16,8.61,11.6
2015-10-17,8.73,11.4
2015-10-18,8.82,11.2
2015-10-19,8.77,11.1
2015-10-20,8.58,11.3
2015-10-21,8.61,11.2
2015-10-22,8.7,11.0
2015-10-23,8.91,11.0
2015-10-24,9.07,10.7
2015-10-25,9.13,10.6
2015-10-26,9.23,10.7
2015-10-27,9.3,10.6
2015-10-28,9.2,10.5
2015-10-29,9.21,10.3
2015-10-30,9.26,10.4
2015-10-31,9.4,10.3
2015-11-01,9.51,10.1
2015-11-02,9.58,9.8
2015-11-03,9.63,9.5
2015-11-04,9.7,9.4
2015-11-05,9.71,9.7
2015-11-06,9.66,9.8
2015-11-07,9.66,10.2
2015-11-08,9.63,10.4
2015-11-09,9.64,10.6
2015-11-10,9.49,10.9
2015-11-11,9.35,11.0
2015-11-12,9.37,11.0
2015-11-13,9.43,10.8
2015-11-14,9.46,10.4
2015-11-15,9.47,10.2
2015-11-16,9.56,10.1
2015-11-17,9.64,9.9
2015-11-18,9.64,10.2
2015-11-19,9.52,10.2
2015-11-20,9.42,10.5
2015-11-21,9.59,9.9
2015-11-22,10.5,9.1
2015-11-23,11.12,8.5
2015-11-24,11.16,8.0
2015-11-25,10.88,7.6
2015-11-26,10.59,7.3
2015-11-27,10.48,6.7
2015-11-28,10.29,6.3
2015-11-29,10.24,6.1
2015-11-30,10.51,6.3
2015-12-01,10.88,6.6
2015-12-02,11.5,6.9
2015-12-03,11.86,7.0
2015-12-04,11.64,7.3
2015-12-05,11.67,7.4
2015-12-06,11.74,7.2
2015-12-07,11.82,7.1
2015-12-08,11.79,6.8
2015-12-09,11.41,6.8
2015-12-10,11.31,6.4
2015-12-11,11.26,6.0
2015-12-12,11.12,6.2
2015-12-13,11.02,6.3
2015-12-14,11.07,6.5
2015-12-15,11.11,6.4
2015-12-16,11.13,6.3
2015-12-17,11.02,6.7
2015-12-18,10.94,7.0
2015-12-19,10.86,7.3
2015-12-20,10.75,7.2
2015-12-21,10.73,7.2
2015-12-22,10.73,7.5
2015-12-23,10.75,7.4
2015-12-24,10.64,7.5
2015-12-25,10.58,7.7
2015-12-26,10.53,7.8
2015-12-27,10.49,7.5
2015-12-28,10.62,7.2
2015-12-29,10.66,6.7
2015-12-30,10.74,6.4
2015-12-31,10.87,6.0
2016-01-01,10.76,6.1
2016-01-02,10.92,5.9
2016-01-03,10.77,5.7
2016-01-04,10.91,5.1
2016-01-05,11.07,4.9
2016-01-06,11.24,4.7
2016-01-07,11.65,4.5
2016-01-08,12.03,4.3
2016-01-09,12.59,3.9
2016-01-10,12.63,4.1
2016-01-11,12.21,4.4
2016-01-12,11.71,4.7
2016-01-13,11.99,4.8
2016-01-14,12.4,4.8
2016-01-15,12.51,4.9
2016-01-16,12.67,4.7
2016-01-17,12.85,4.1
2016-01-18,12.99,3.4
2016-01-19,13.18,2.7
2016-01-20,13.07,2.4
2016-01-21,12.97,2.3
2016-01-22,12.83,2.0
2016-01-23,12.84,1.9
2016-01-24,12.83,2.1
2016-01-25,12.88,2.4
2016-01-26,12.96,2.5
2016-01-27,13.4,3.0
2016-01-28,13.37,3.6
2016-01-29,13.18,4.1
2016-01-30,12.82,4.7
2016-01-31,12.51,5.0
2016-02-01,12.38,5.7
2016-02-02,12.35,6.3
2016-02-03,12.31,6.3
2016-02-04,12.27,6.1
2016-02-05,12.26,6.2
2016-02-06,12.28,6.1
2016-02-07,12.37,5.8
2016-02-08,12.34,5.7
2016-02-09,12.1,5.7
2016-02-10,12.04,5.6
2016-02-11,12.19,5.6
2016-02-12,12.23,5.7
2016-02-13,12.26,5.4
2016-02-14,12.11,5.5
2016-02-15,12.24,5.5
2016-02-16,12.61,5.2
2016-02-17,12.67,4.9
2016-02-18,12.49,5.1
2016-02-19,12.43,5.1
2016-02-20,12.49,4.8
2016-02-21,12.28,5.3
2016-02-22,12.27,5.9
2016-02-23,12.24,6.0
2016-02-24,12.22,6.1
2016-02-25,12.26,6.1
2016-02-26,12.37,5.7
2016-02-27,12.49,5.3
2016-02-28,12.58,5.0
2016-02-29,12.73,4.7
2016-03-01,12.87,4.5
2016-03-02,12.69,4.8
2016-03-03,12.66,4.9
2016-03-04,12.72,4.9
2016-03-05,12.6,5.2
2016-03-06,12.41,5.4
2016-03-07,12.35,5.6
2016-03-08,12.34,5.5
2016-03-09,12.5,5.4
2016-03-10,12.53,5.6
2016-03-11,12.54,5.9
2016-03-12,12.5,5.9
2016-03-13,12.35,6.0
2016-03-14,12.23,6.0
2016-03-15,12.11,5.9
2016-03-16,11.94,6.0
2016-03-17,12.1,6.1
2016-03-18,12.07,6.5
2016-03-19,11.97,6.7
2016-03-20,11.92,6.6
2016-03-21,11.95,6.7
2016-03-22,11.91,7.0
2016-03-23,11.9,7.2
2016-03-24,11.96,7.5
2016-03-25,11.84,7.7
2016-03-26,11.82,8.0
2016-03-27,11.92,8.0
2016-03-28,11.93,8.0
2016-03-29,11.87,8.5
2016-03-30,11.83,8.7
2016-03-31,11.58,9.0
2016-04-01,11.41,9.4
2016-04-02,11.49,9.5
2016-04-03,11.23,10.2
2016-04-04,10.94,11.0
2016-04-05,10.64,11.6
2016-04-06,10.29,12.0
2016-04-07,10.15,12.0
2016-04-08,10.25,11.7
2016-04-09,10.37,11.8
2016-04-10,10.28,12.1
2016-04-11,10.54,12.5
2016-04-12,10.58,12.8
2016-04-13,10.56,13.0
2016-04-14,10.59,13.1
2016-04-15,10.8,13.1
2016-04-16,10.64,13.2
2016-04-17,10.42,12.9
2016-04-18,10.51,12.7
2016-04-19,10.52,12.5
2016-04-20,10.58,12.5
2016-04-21,10.5,12.7
2016-04-22,10.39,13.1
2016-04-23,9.99,12.9
2016-04-24,9.82,12.1
2016-04-25,9.93,11.7
2016-04-26,9.99,11.4
2016-04-27,10.27,10.9
2016-04-28,10.5,10.6
2016-04-29,10.58,10.5
2016-04-30,10.86,11.1
2016-05-01,11.01,11.8
2016-05-02,11.18,12.2
2016-05-03,11.08,12.5
2016-05-04,11.04,12.8
2016-05-05,11.08,13.3
2016-05-06,11.0,14.2
2016-05-07,10.8,15.1
2016-05-08,10.53,15.8
2016-05-09,10.44,16.7
2016-05-10,10.24,17.3
2016-05-11,9.64,17.7
2016-05-12,9.05,17.7
2016-05-13,8.3,17.5
2016-05-14,7.95,17.3
2016-05-15,7.75,16.6
2016-05-16,7.68,16.1
2016-05-17,7.83,15.8
2016-05-18,8.07,15.8
2016-05-19,8.09,16.1
2016-05-20,8.25,16.4
2016-05-21,8.34,16.9
2016-05-22,8.56,17.7
2016-05-23,8.23,17.8
2016-05-24,7.69,17.2
2016-05-25,7.49,16.7
2016-05-26,7.79,16.7
2016-05-27,7.5,17.3
2016-05-28,7.33,18.1
2016-05-29,7.19,18.9
2016-05-30,6.89,18.3
2016-05-31,7.08,18.6
2016-06-01,7.6,18.6
2016-06-02,7.54,18.5
2016-06-03,7.56,18.6
2016-06-04,7.53,18.8
2016-06-05,7.44,19.1
2016-06-06,7.59,19.6
2016-06-07,7.38,20.3
2016-06-08,6.9,20.7
2016-06-09,6.65,20.7
2016-06-10,6.7,20.9
2016-06-11,6.64,20.8
2016-06-12,6.45,20.5
2016-06-13,6.56,20.4
2016-06-14,7.0,20.7
2016-06-15,7.66,20.2
2016-06-16,7.57,18.7
2016-06-17,7.41,18.4
2016-06-18,8.04,18.0
2016-06-19,8.71,17.3
2016-06-20,8.72,17.4
2016-06-21,8.56,17.8
2016-06-22,8.5,18.5
2016-06-23,8.03,19.7
2016-06-24,7.46,20.9
2016-06-25,7.08,21.7
2016-06-26,7.03,21.8
2016-06-27,7.06,21.6
2016-06-28,6.98,21.5
2016-06-29,7.02,21.7
2016-06-30,6.9,21.9
2016-07-01,6.92,22.2
2016-07-02,6.96,22.2
2016-07-03,7.13,21.6
2016-07-04,7.31,21.2
2016-07-05,7.28,21.4
2016-07-06,7.47,21.5
2016-07-07,7.65,21.5
2016-07-08,7.66,21.8
2016-07-09,7.61,22.2
2016-07-10,7.68,22.6
2016-07-11,7.81,23.2
2016-07-12,7.62,22.9
2016-07-13,7.51,22.5
2016-07-14,7.34,21.6
2016-07-15,7.4,20.8
2016-07-16,7.71,20.9
2016-07-17,7.71,21.4
2016-07-18,7.98,22.1
2016-07-19,8.12,22.7
2016-07-20,8.26,23.4
2016-07-21,8.16,23.6
2016-07-22,7.52,23.6
2016-07-23,6.74,23.2
2016-07-24,6.46,23.3
2016-07-25,6.5,23.5
2016-07-26,6.43,23.7
2016-07-27,6.64,23.9
2016-07-28,6.59,23.9
2016-07-29,6.74,23.9
2016-07-30,6.91,23.8
2016-07-31,6.94,23.5
2016-08-01,6.85,23.0
2016-08-02,6.79,22.6
2016-08-03,6.54,22.1
2016-08-04,6.58,22.1
2016-08-05,6.37,21.6
2016-08-06,6.66,21.3
2016-08-07,6.98,21.4
2016-08-08,7.16,21.8
2016-08-09,7.22,21.5
2016-08-10,7.29,21.0
2016-08-11,7.43,20.5
2016-08-12,7.31,20.2
2016-08-13,7.21,19.9
2016-08-14,7.39,20.6
2016-08-15,7.26,20.8
2016-08-16,7.63,
2016-08-17,7.76,21.5
2016-08-18,7.87,21.4
2016-08-19,7.65,21.6
2016-08-20,7.73,
2016-08-21,7.63,
2016-08-22,7.66,
2016-08-23,7.7,
2016-08-24,7.81,22.1
2016-08-25,7.8,22.2
2016-08-26,7.99,22.7
2016-08-27,7.96,23.0
2016-08-28,7.89,23.4
2016-08-29,7.88,23.5
2016-08-30,7.83,23.3
2016-08-31,7.9,23.0
2016-09-01,7.8,23.1
2016-09-02,7.63,22.8
2016-09-03,7.65,22.8
2016-09-04,7.43,22.4
2016-09-05,7.24,21.7
2016-09-06,7.28,21.5
2016-09-07,7.38,21.3
2016-09-08,7.26,21.6
2016-09-09,7.3,21.9
2016-09-10,7.28,22.0
2016-09-11,7.43,22.2
2016-09-12,7.38,22.1
2016-09-13,7.3,22.3
2016-09-14,7.25,22.4
2016-09-15,7.06,22.3
2016-09-16,6.99,22.2
2016-09-17,6.93,21.7
2016-09-18,6.75,20.8
2016-09-19,7.15,19.8
2016-09-20,7.24,19.4
2016-09-21,7.43,19.0
2016-09-22,7.31,18.8
2016-09-23,7.35,18.7
2016-09-24,7.45,18.4
2016-09-25,7.61,18.2
2016-09-26,7.64,18.0
2016-09-27,7.62,18.0
2016-09-28,7.67,17.9
2016-09-29,7.84,17.9
2016-09-30,7.84,17.8
2016-10-01,7.69,17.7
2016-10-02,7.71,17.3
2016-10-03,7.72,16.8
2016-10-04,7.87,16.1
2016-10-05,8.13,15.4
2016-10-06,8.29,14.8
2016-10-07,8.22,14.5
2016-10-08,8.29,14.2
2016-10-09,8.49,13.8
2016-10-10,8.62,13.5
2016-10-11,8.76,13.1
2016-10-12,8.74,12.8
2016-10-13,8.89,12.4
2016-10-14,9.2,12.0
2016-10-15,9.44,11.9
2016-10-16,9.59,11.8
2016-10-17,9.78,11.9
2016-10-18,9.69,12.3
2016-10-19,9.41,12.3
2016-10-20,9.39,11.9
2016-10-21,9.46,11.4
2016-10-22,9.59,11.0
2016-10-23,9.71,10.9
2016-10-24,9.53,11.0
2016-10-25,9.41,11.4
2016-10-26,9.41,11.5
2016-10-27,9.46,11.3
2016-10-28,9.37,11.2
2016-10-29,9.13,11.3
2016-10-30,9.11,11.0
2016-10-31,9.19,11.0
2016-11-01,9.32,10.7
2016-11-02,9.33,10.6
2016-11-03,9.32,10.4
2016-11-04,9.38,9.9
2016-11-05,9.3,9.7
2016-11-06,9.11,9.4
2016-11-07,9.43,9.0
2016-11-08,9.56,8.7
2016-11-09,9.79,8.3
2016-11-10,9.62,8.1
2016-11-11,9.85,7.8
2016-11-12,10.49,7.2
2016-11-13,10.66,6.5
2016-11-14,11.07,6.0
2016-11-15,10.89,5.7
2016-11-16,10.87,6.0
2016-11-17,11.05,6.3
2016-11-18,11.11,6.7
2016-11-19,11.22,6.6
2016-11-20,11.81,6.2
2016-11-21,11.87,6.2
2016-11-22,11.69,6.7
2016-11-23,11.51,7.0
2016-11-24,10.99,7.2
2016-11-25,10.52,7.3
2016-11-26,10.4,7.3
2016-11-27,10.39,7.2
2016-11-28,10.49,6.6
2016-11-29,10.64,5.8
2016-11-30,10.8,5.2
2016-12-01,10.95,5.1
2016-12-02,11.1,5.1
2016-12-03,11.24,4.7
2016-12-04,11.31,4.3
2016-12-05,11.39,3.9
2016-12-06,11.52,3.7
2016-12-07,11.64,3.5
2016-12-08,11.83,3.3
2016-12-09,12.0,3.1
2016-12-10,11.96,3.2
2016-12-11,12.05,3.4
2016-12-12,12.1,3.6
2016-12-13,12.07,3.9
2016-12-14,12.03,4.1
2016-12-15,12.01,4.3
2016-12-16,11.96,4.1
2016-12-17,11.86,4.0
2016-12-18,11.8,4.0
2016-12-19,11.8,4.1
2016-12-20,11.76,3.8
2016-12-21,11.7,3.7
2016-12-22,11.79,3.6
2016-12-23,11.76,3.7
2016-12-24,11.83,3.9
2016-12-25,11.73,4.2
2016-12-26,11.67,4.5
2016-12-27,11.76,4.5
2016-12-28,11.93,4.6
2016-12-29,12.24,4.2
2016-12-30,12.34,3.7
2016-12-31,12.24,3.2
2017-01-01,12.21,2.9
2017-01-02,12.2,2.8
2017-01-03,12.17,2.8
2017-01-04,12.2,2.9
2017-01-05,12.36,2.5
2017-01-06,12.57,1.9
2017-01-07,12.72,1.4
2017-01-08,12.86,1.3
2017-01-09,12.91,1.5
2017-01-10,13.01,1.3
2017-01-11,13.14,1.3
2017-01-12,13.21,1.6
2017-01-13,13.15,1.8
2017-01-14,13.16,1.7
2017-01-15,13.18,1.7
2017-01-16,13.27,1.4
2017-01-17,13.29,1.1
2017-01-18,13.43,0.9
2017-01-19,13.56,0.6
2017-01-20,13.65,0.5
2017-01-21,13.7,0.4
2017-01-22,13.93,0.3
2017-01-23,13.91,0.1
2017-01-24,13.94,0.1
2017-01-25,13.88,0.1
2017-01-26,13.82,0.1
2017-01-27,13.77,0.1
2017-01-28,13.71,0.1
2017-01-29,13.65,0.1
2017-01-30,13.6,0.1
2017-01-31,13.54,0.1
2017-02-01,13.48,0.1
2017-02-02,13.43,0.1
2017-02-03,13.37,-2.1
2017-02-04,13.31,-2.1
2017-02-05,13.25,-2.1
2017-02-06,13.61,1.6
2017-02-07,13.44,2.0
2017-02-08,13.3,2.5
2017-02-09,13.01,2.6
2017-02-10,12.91,2.5
2017-02-11,12.99,2.5
2017-02-12,13.05,2.4
2017-02-13,13.18,2.6
2017-02-14,13.48,2.7
2017-02-15,13.65,2.8
2017-02-16,13.86,2.9
2017-02-17,13.9,3.3
2017-02-18,13.8,3.7
2017-02-19,13.76,3.7
2017-02-20,13.64,3.9
2017-02-21,13.32,4.6
2017-02-22,12.99,5.0
2017-02-23,12.86,5.7
2017-02-24,12.52,6.0
2017-02-25,12.66,5.7
2017-02-26,12.77,5.8
2017-02-27,12.69,6.0
2017-02-28,12.46,6.3
2017-03-01,12.31,6.1
2017-03-02,12.13,6.2
2017-03-03,12.07,6.3
2017-03-04,11.76,6.4
2017-03-05,11.61,6.8
2017-03-06,11.47,6.9
2017-03-07,11.55,6.9
2017-03-08,11.65,6.7
2017-03-09,11.78,7.0
2017-03-10,12.1,7.1
2017-03-11,12.37,7.0
2017-03-12,12.41,7.0
2017-03-13,12.26,7.2
2017-03-14,11.95,7.4
2017-03-15,11.61,7.7
2017-03-16,11.51,7.8
2017-03-17,11.48,7.9
2017-03-18,11.46,8.2
2017-03-19,11.32,8.4
2017-03-20,11.39,8.5
2017-03-21,11.74,8.7
2017-03-22,11.54,8.6
2017-03-23,11.53,8.7
2017-03-24,11.64,8.9
2017-03-25,11.5,9.0
2017-03-26,11.22,9.3
2017-03-27,10.95,9.5
2017-03-28,10.88,9.8
2017-03-29,10.86,10.4
2017-03-30,10.92,11.1
2017-03-31,11.03,11.6
2017-04-01,11.19,12.0
2017-04-02,11.27,12.4
2017-04-03,11.34,12.7
2017-04-04,11.43,12.8
2017-04-05,11.58,12.9
2017-04-06,11.45,12.8
2017-04-07,11.27,12.5
2017-04-08,10.63,12.4
2017-04-09,10.65,12.7
2017-04-10,10.84,13.2
2017-04-11,10.81,13.4
2017-04-12,10.82,13.5
2017-04-13,10.52,13.4
2017-04-14,10.4,13.1
2017-04-15,10.39,13.0
2017-04-16,10.27,12.7
2017-04-17,10.0,12.1
2017-04-18,9.88,11.6
2017-04-19,10.27,11.1
2017-04-20,10.44,10.9
2017-04-21,10.6,11.4
2017-04-22,10.46,11.5
2017-04-23,10.54,11.2
2017-04-24,10.91,11.4
2017-04-25,10.9,11.5
2017-04-26,10.8,11.1
2017-04-27,10.68,11.0
2017-04-28,10.87,11.1
2017-04-29,11.12,11.3
2017-04-30,11.13,11.5
2017-05-01,11.18,11.8
2017-05-02,10.45,11.5
2017-05-03,10.05,11.2
2017-05-04,10.27,11.3
2017-05-05,10.38,11.7
2017-05-06,10.15,12.2
2017-05-07,9.75,12.8
2017-05-08,9.24,12.9
2017-05-09,9.21,12.9
2017-05-10,9.1,13.3
2017-05-11,8.93,13.7
2017-05-12,8.9,15.4
2017-05-13,8.43,15.6
2017-05-14,8.22,16.2
2017-05-15,8.29,16.8
2017-05-16,8.37,17.0
2017-05-17,8.3,17.8
2017-05-18,8.41,18.8
2017-05-19,7.93,18.9
2017-05-20,7.39,18.3
2017-05-21,7.79,18.4
2017-05-22,7.84,18.7
2017-05-23,7.74,19.2
2017-05-24,7.75,19.6
2017-05-25,7.75,19.6
2017-05-26,7.78,20.0
2017-05-27,7.98,20.8
2017-05-28,8.2,21.5
2017-05-29,8.21,22.3
2017-05-30,7.58,22.6
2017-05-31,7.61,23.0
2017-06-01,7.97,23.1
2017-06-02,8.2,23.3
2017-06-03,8.19,23.6
2017-06-04,7.53,23.5
2017-06-05,7.1,22.6
2017-06-06,6.96,22.0
2017-06-07,7.1,21.2
2017-06-08,7.48,20.6
2017-06-09,7.47,20.5
2017-06-10,7.51,20.6
2017-06-11,7.6,21.1
2017-06-12,7.61,21.9
2017-06-13,7.59,21.8
2017-06-14,7.68,22.0
2017-06-15,7.93,22.6
2017-06-16,7.77,22.8
2017-06-17,7.53,22.0
2017-06-18,7.71,22.3
2017-06-19,7.9,22.8
2017-06-20,8.17,23.6
2017-06-21,8.34,24.2
2017-06-22,8.21,24.7
2017-06-23,8.28,25.0
2017-06-24,8.56,25.0
2017-06-25,8.36,24.6
2017-06-26,8.58,24.6
2017-06-27,8.29,24.5
2017-06-28,7.85,24.0
2017-06-29,6.66,23.3
2017-06-30,6.96,22.8
2017-07-01,7.17,22.1
2017-07-02,6.94,21.6
2017-07-03,7.15,21.6
2017-07-04,7.43,21.7
2017-07-05,7.77,22.3
2017-07-06,7.92,23.1
2017-07-07,7.45,23.5
2017-07-08,6.89,24.1
2017-07-09,6.45,24.4
2017-07-10,7.22,24.5
2017-07-11,7.57,24.3
2017-07-12,6.88,23.6
2017-07-13,7.26,22.9
2017-07-14,7.24,22.7
2017-07-15,6.86,22.2
2017-07-16,6.57,21.9
2017-07-17,7.08,22.2
2017-07-18,7.23,22.7
2017-07-19,7.14,23.3
2017-07-20,6.94,23.6
2017-07-21,6.61,23.5
2017-07-22,6.61,23.7
2017-07-23,6.76,23.8
2017-07-24,7.82,23.2
2017-07-25,7.63,22.0
2017-07-26,6.26,20.6
2017-07-27,6.2,20.0
2017-07-28,6.67,19.9
2017-07-29,7.19,19.5
2017-07-30,7.02,19.8
2017-07-31,6.69,20.3
2017-08-01,6.39,20.9
2017-08-02,6.43,21.5
2017-08-03,6.66,21.6
2017-08-04,6.37,21.7
2017-08-05,6.36,21.8
2017-08-06,6.64,21.8
2017-08-07,6.75,21.8
2017-08-08,6.94,21.9
2017-08-09,7.02,22.1
2017-08-10,7.09,21.7
2017-08-11,6.97,20.8
2017-08-12,7.16,20.3
2017-08-13,7.42,20.1
2017-08-14,7.49,20.3
2017-08-15,7.44,20.7
2017-08-16,7.35,21.1
2017-08-17,7.13,21.3
2017-08-18,6.64,21.4
2017-08-19,6.83,21.4
2017-08-20,7.08,20.9
2017-08-21,7.65,20.6
2017-08-22,8.11,20.6
2017-08-23,8.1,20.7
2017-08-24,8.13,20.9
2017-08-25,8.42,21.0
2017-08-26,8.23,21.6
2017-08-27,7.95,21.8
2017-08-28,8.04,22.1
2017-08-29,7.9,22.1
2017-08-30,7.93,22.3
2017-08-31,7.5,22.2
2017-09-01,7.42,21.4
2017-09-02,7.46,20.6
2017-09-03,7.39,20.1
2017-09-04,7.4,19.8
2017-09-05,7.35,19.8
2017-09-06,7.17,20.0
2017-09-07,7.17,19.5
2017-09-08,7.25,19.0
2017-09-09,7.22,18.4
2017-09-10,7.32,18.0
2017-09-11,7.53,17.6
2017-09-12,7.59,17.1
2017-09-13,7.78,16.6
2017-09-14,7.95,16.1
2017-09-15,8.78,15.5
2017-09-16,9.22,15.1
2017-09-17,9.35,14.9
2017-09-18,9.32,14.5
2017-09-19,9.02,14.3
2017-09-20,8.7,14.2
2017-09-25,8.69,14.9
2017-09-26,8.57,14.8
2017-09-27,8.57,14.9
2017-09-28,8.62,15.0
2017-09-29,8.55,15.0
2017-09-30,8.45,15.2
2017-10-01,8.45,15.4
2017-10-02,8.43,15.0
2017-10-03,8.33,14.9
2017-10-04,8.67,14.5
2017-10-05,9.03,14.2
2017-10-06,8.98,13.7
2017-10-07,8.76,13.4
2017-10-08,8.74,13.2
2017-10-09,8.82,13.1
2017-10-10,8.94,13.1
2017-10-11,8.97,13.0
2017-10-12,9.09,12.9
2017-10-13,9.16,12.9
2017-10-14,8.96,13.2
2017-10-15,8.95,13.3
2017-10-16,8.82,13.5
2017-10-17,8.74,13.5
2017-10-18,8.9,13.4
2017-10-19,8.68,13.4
2017-10-20,8.61,13.4
2017-10-21,8.6,13.3
2017-10-22,8.55,13.3
2017-10-23,8.78,12.8
2017-10-24,8.87,12.6
2017-10-25,8.86,12.7
2017-10-26,8.89,12.6
2017-10-27,8.88,12.6
2017-10-28,8.99,12.3
2017-10-29,9.21,11.9
2017-10-30,9.61,11.2
2017-10-31,10.16,10.7
2017-11-01,10.68,10.5
2017-11-02,10.75,10.3
2017-11-03,10.55,10.1
2017-11-04,10.31,9.7
2017-11-05,10.0,9.5
2017-11-06,10.03,9.1
2017-11-07,10.22,8.8
2017-11-08,10.17,8.8
2017-11-09,10.03,8.9
2017-11-10,10.04,8.8
2017-11-11,10.15,8.5
2017-11-12,10.23,8.1
2017-11-13,10.6,7.7
2017-11-14,11.59,7.3
2017-11-15,12.07,7.0
2017-11-16,12.17,6.8
2017-11-17,12.32,6.7
2017-11-18,12.09,6.6
2017-11-19,11.72,6.4
2017-11-20,11.36,6.3
2017-11-21,11.17,6.5
2017-11-22,11.27,6.6
2017-11-23,11.42,
2017-11-24,11.57,
2017-11-25,11.72,
2017-11-26,11.87,
2017-11-27,12.02,
2017-11-28,12.17,
2017-11-29,12.33,6.5
2017-11-30,12.4,5.9
2017-12-01,12.45,5.7
2017-12-02,12.58,5.4
2017-12-03,12.64,5.1
2017-12-04,12.67,4.9
2017-12-05,12.66,4.9
2017-12-06,12.71,4.9
2017-12-07,12.99,4.7
2017-12-08,12.97,4.8
2017-12-09,12.86,4.7
2017-12-10,12.9,4.3
2017-12-11,12.68,4.5
2017-12-12,12.64,4.6
2017-12-13,13.0,4.2
2017-12-14,13.01,4.3
2017-12-15,12.83,4.5
2017-12-16,12.87,4.4
2017-12-17,13.08,4.5
2017-12-18,13.11,4.4
2017-12-19,13.08,4.3
2017-12-20,13.26,4.5
2017-12-21,13.13,4.7
2017-12-22,13.19,5.0
2017-12-23,13.16,5.2
2017-12-24,13.01,5.6
2017-12-25,12.77,5.9
2017-12-26,12.66,5.7
2017-12-27,12.58,5.6
2017-12-28,12.51,5.7
2017-12-29,12.73,5.1
2017-12-30,12.88,4.8
2017-12-31,12.77,5.4
2018-01-01,12.75,5.5
2018-01-02,12.75,5.5
2018-01-03,12.48,6.0
2018-01-04,12.37,6.1
2018-01-05,12.2,6.2
2018-01-06,12.17,6.2
2018-01-07,12.01,6.3
2018-01-08,12.06,6.3
2018-01-09,12.25,6.2
2018-01-10,12.33,6.1
2018-01-11,12.38,6.0
2018-01-12,12.53,6.0
2018-01-13,12.52,6.1
2018-01-14,12.55,5.8
2018-01-15,12.54,5.4
2018-01-16,12.39,5.6
2018-01-17,12.41,5.3
2018-01-18,12.76,4.9
2018-01-19,12.86,4.8
2018-01-20,13.09,4.4
2018-01-21,13.13,4.4
2018-01-22,13.16,4.2
2018-01-23,13.16,4.5
2018-01-24,13.09,4.8
2018-01-25,13.01,5.1
2018-01-26,12.83,5.6
2018-01-27,12.7,5.9
2018-01-28,12.73,6.1
2018-01-29,12.59,6.5
2018-01-30,12.5,6.7
2018-01-31,12.47,6.7
2018-02-01,12.25,6.7
2018-02-02,12.3,6.3
2018-02-03,12.48,5.9
2018-02-04,12.61,5.5
2018-02-05,12.85,4.9
2018-02-06,13.02,4.4
2018-02-07,13.09,4.0
2018-02-08,13.17,3.7
2018-02-09,13.3,3.4
2018-02-10,13.38,3.3
2018-02-11,13.29,3.4
2018-02-12,13.15,3.6
2018-02-13,13.01,3.6
2018-02-14,12.99,3.5
2018-02-15,12.82,3.5
2018-02-16,12.58,3.8
2018-02-17,12.44,3.9
2018-02-18,12.55,3.7
2018-02-19,12.83,3.5
2018-02-20,12.62,3.5
2018-02-21,12.58,3.4
2018-02-22,12.59,3.3
2018-02-23,12.64,3.2
2018-02-24,12.71,2.9
2018-02-25,12.84,2.5
2018-02-26,13.0,1.9
2018-02-27,13.13,1.4
2018-02-28,13.21,1.0
2018-03-01,13.37,1.0
2018-03-02,13.38,1.0
2018-03-03,13.34,1.2
2018-03-04,13.3,2.0
2018-03-05,13.25,2.7
2018-03-06,13.18,3.0
2018-03-07,13.16,3.4
2018-03-08,13.1,3.8
2018-03-09,12.95,4.2
2018-03-10,12.79,4.8
2018-03-11,12.75,5.4
2018-03-12,12.48,6.2
2018-03-13,12.3,6.8
2018-03-14,12.25,7.2
2018-03-15,12.21,7.6
2018-03-16,11.81,8.0
2018-03-17,11.7,7.1
2018-03-18,12.13,5.9
2018-03-19,12.52,5.3
2018-03-20,12.68,5.0
2018-03-21,12.83,4.8
2018-03-22,12.84,4.6
2018-03-23,12.79,4.6
2018-03-24,12.78,4.8
2018-03-25,12.94,5.3
2018-03-26,12.78,5.8
2018-03-27,12.76,6.2
2018-03-28,12.5,6.8
2018-03-29,12.23,7.4
2018-03-30,12.44,7.5
2018-03-31,12.34,8.1
2018-04-01,12.09,8.3
2018-04-02,12.0,8.6
2018-04-03,11.9,9.4
2018-04-04,11.68,10.1
2018-04-05,11.35,10.5
2018-04-06,11.29,10.4
2018-04-07,11.28,10.8
2018-04-08,11.28,11.5
2018-04-09,11.19,12.0
2018-04-10,11.06,12.5
2018-04-11,10.8,12.9
2018-04-12,10.97,13.3
2018-04-13,10.49,13.4
2018-04-14,10.21,13.4
2018-04-15,10.48,13.8
2018-04-16,10.47,14.4
2018-04-17,10.7,14.9
2018-04-18,10.74,15.4
2018-04-19,11.12,16.0
2018-04-20,11.4,16.6
2018-04-21,11.56,17.2
2018-04-22,11.52,17.7
2018-04-23,11.21,18.1
2018-04-24,10.84,18.0
2018-04-25,10.58,17.9
2018-04-26,10.28,17.6
2018-04-27,10.07,17.2
2018-04-28,10.53,17.4
2018-04-29,10.24,17.7
2018-04-30,10.12,18.0
2018-05-01,10.26,17.8
2018-05-02,9.97,17.2
2018-05-03,9.63,17.0
2018-05-04,9.72,17.3
2018-05-05,9.7,17.7
2018-05-06,9.55,18.1
2018-05-07,9.53,18.4
2018-05-08,9.44,18.8
2018-05-09,9.16,19.3
2018-05-10,9.06,19.7
2018-05-11,8.38,19.4
2018-05-12,8.18,19.6
2018-05-13,7.78,20.1
2018-05-14,6.66,20.1
2018-05-15,6.89,20.4
2018-05-16,6.56,20.0
2018-05-17,6.66,19.7
2018-05-18,6.93,19.6
2018-05-19,7.09,19.5
2018-05-20,7.03,19.6
2018-05-21,6.95,19.6
2018-05-22,7.3,19.8
2018-05-23,7.3,20.2
2018-05-24,7.01,20.3
2018-05-25,6.73,20.4
2018-05-26,6.74,21.0
2018-05-27,6.66,21.7
2018-05-28,6.82,22.4
2018-05-29,7.01,22.9
2018-05-30,7.34,23.5
2018-05-31,7.21,24.1
2018-06-01,6.93,24.1
2018-06-02,7.13,24.1
2018-06-03,6.73,24.2
2018-06-04,6.85,24.5
2018-06-05,7.03,24.9
2018-06-06,7.12,25.1
2018-06-07,7.06,25.3
2018-06-08,6.84,25.4
2018-06-09,6.58,25.4
2018-06-10,6.48,25.4
2018-06-11,6.27,25.5
2018-06-12,5.77,24.4
2018-06-13,6.25,23.1
2018-06-14,6.44,22.5
2018-06-15,6.66,22.4
2018-06-16,6.84,22.6
2018-06-17,6.97,22.8
2018-06-18,7.19,22.9
2018-06-19,7.87,23.1
2018-06-20,8.55,23.6
2018-06-21,8.96,23.7
2018-06-22,8.72,22.6
2018-06-23,8.84,21.7
2018-06-24,8.75,21.5
2018-06-25,8.76,21.4
2018-06-26,8.39,21.3
2018-06-27,8.11,21.5
2018-06-28,7.86,21.8
2018-06-29,7.47,22.2
2018-06-30,7.25,22.6
2018-07-01,7.48,22.6
2018-07-02,8.28,22.8
2018-07-03,8.99,23.2
2018-07-04,8.86,23.5
2018-07-05,8.4,23.6
2018-07-06,7.62,23.6
2018-07-07,7.59,23.8
2018-07-08,7.45,23.7
2018-07-09,7.72,24.0
2018-07-10,7.57,23.5
2018-07-11,7.31,22.9
2018-07-12,7.42,23.0
2018-07-13,7.7,23.5
2018-07-14,8.14,23.9
2018-07-15,8.3,23.9
2018-07-16,8.34,23.7
2018-07-17,8.42,24.1
2018-07-18,8.41,24.4
2018-07-19,8.8,24.7
2018-07-20,8.94,24.6
2018-07-21,8.43,24.5
2018-07-22,6.37,23.8
2018-07-23,6.49,24.0
2018-07-24,6.87,24.5
2018-07-25,6.94,25.2
2018-07-26,7.38,25.5
2018-07-27,7.84,25.9
2018-07-28,7.48,26.1
2018-07-29,6.33,25.9
2018-07-30,6.7,26.2
2018-07-31,7.85,26.6
2018-08-01,7.93,26.5
2018-08-02,7.53,26.5
2018-08-03,8.74,27.2
2018-08-04,7.91,27.2
2018-08-05,8.04,27.3
2018-08-06,8.25,27.1
2018-08-07,8.94,27.1
2018-08-08,8.71,27.0
2018-08-09,9.1,26.8
2018-08-10,9.85,26.4
2018-08-11,9.95,25.6
2018-08-12,10.91,25.2
2018-08-13,10.26,24.5
2018-08-14,10.03,24.0
2018-08-15,10.33,23.8
2018-08-16,10.47,23.9
2018-08-17,10.09,24.1
2018-08-18,9.1,24.3
2018-08-19,9.01,24.5
2018-08-20,9.98,24.6
2018-08-21,10.24,24.7
2018-08-22,10.43,24.9
2018-08-23,9.83,24.8
2018-08-24,9.26,24.4
2018-08-25,8.67,23.3
2018-08-26,8.31,22.4
2018-08-27,8.13,21.7
2018-08-28,8.39,21.7
2018-08-29,8.22,21.6
2018-08-30,7.67,21.6
2018-08-31,7.55,21.2
2018-09-01,7.68,20.8
2018-09-02,7.22,20.4
2018-09-03,6.86,20.1
2018-09-04,6.9,20.2
2018-09-05,7.07,20.6
2018-09-06,7.03,20.7
2018-09-07,6.79,20.8
2018-09-08,6.84,20.6
2018-09-09,6.95,20.4
2018-09-10,7.34,20.2
2018-09-11,7.54,20.3
2018-09-12,7.81,20.5
2018-09-13,7.63,20.5
2018-09-14,7.17,20.4
2018-09-15,7.21,20.3
2018-09-16,7.31,20.2
2018-09-17,7.55,20.1
2018-09-18,7.5,20.2
2018-09-19,7.3,20.4
2018-09-20,7.24,20.5
2018-09-21,7.03,20.4
2018-09-22,6.78,19.8
2018-09-23,6.78,19.2
2018-09-24,7.11,18.4
2018-09-25,7.89,17.5
2018-09-26,7.83,17.0
2018-09-27,7.75,16.7
2018-09-28,7.76,16.8
2018-09-29,7.57,16.4
2018-09-30,7.99,16.0
2018-10-01,8.12,15.8
2018-10-02,8.22,15.1
2018-10-03,8.2,14.9
2018-10-04,8.45,14.7
2018-10-05,8.52,14.5
2018-10-06,8.63,14.6
2018-10-07,8.63,14.9
2018-10-08,8.6,14.9
2018-10-09,8.62,15.0
2018-10-10,8.54,15.0
2018-10-11,8.64,15.0
2018-10-12,8.98,15.3
2018-10-13,8.65,15.4
2018-10-14,8.71,15.3
2018-10-15,8.79,15.3
2018-10-16,8.77,15.2
2018-10-17,8.72,15.3
2018-10-18,8.72,15.2
2018-10-19,8.89,15.0
2018-10-20,8.89,14.9
2018-10-21,8.9,14.4
2018-10-22,8.82,13.8
2018-10-23,8.8,13.5
2018-10-24,8.8,13.3
2018-10-25,8.84,13.4
2018-10-26,8.59,13.3
2018-10-27,8.66,13.0
2018-10-28,8.62,12.3
2018-10-29,8.51,11.6
2018-10-30,8.42,11.2
2018-10-31,8.65,10.6
2018-11-01,9.06,10.3
2018-11-02,9.32,10.1
2018-11-03,9.12,10.2
2018-11-04,8.86,10.3
2018-11-05,8.84,10.5
2018-11-06,8.82,10.5
2018-11-07,8.82,10.4
2018-11-08,8.73,10.4
2018-11-09,8.57,10.5
2018-11-10,8.66,10.5
2018-11-11,8.7,10.4
2018-11-12,8.59,10.5
2018-11-13,8.86,10.6
2018-11-14,8.91,10.4
2018-11-15,8.84,10.1
2018-11-16,8.83,9.7
2018-11-17,8.96,9.1
2018-11-18,9.1,8.5
2018-11-19,9.31,7.9
2018-11-20,9.46,7.4
2018-11-21,9.48,7.1
2018-11-22,9.54,6.9
2018-11-23,9.82,6.5
2018-11-24,9.9,6.5
2018-11-25,9.94,6.6
2018-11-26,10.04,6.5
2018-11-27,10.03,6.6
2018-11-28,10.13,6.4
2018-11-29,10.41,6.2
2018-11-30,10.42,6.0
2018-12-01,10.37,6.2
2018-12-02,10.48,6.2
2018-12-03,10.47,6.8
2018-12-04,11.06,6.9
2018-12-05,11.88,6.4
2018-12-06,12.44,6.3
2018-12-07,12.11,6.8
2018-12-08,11.51,7.1
2018-12-09,10.99,7.4
2018-12-10,10.75,7.3
2018-12-11,10.72,6.9
2018-12-12,11.03,6.6
2018-12-13,11.05,6.0
2018-12-14,11.02,5.5
2018-12-15,10.95,5.3
2018-12-16,10.98,4.8
2018-12-17,10.83,4.8
2018-12-18,10.93,4.9
2018-12-19,10.83,4.7
2018-12-20,10.86,4.9
2018-12-21,10.85,5.1
2018-12-22,11.0,5.4
2018-12-23,11.31,5.5
2018-12-24,11.66,5.7
2018-12-25,12.68,5.3
2018-12-26,12.86,5.3
2018-12-27,12.79,5.6
2018-12-28,12.66,5.5
2018-12-29,12.36,5.3
2018-12-30,12.06,5.3
2018-12-31,11.84,5.4
2019-01-01,11.58,5.5
2019-01-02,11.57,5.2
2019-01-03,11.69,4.6
2019-01-04,11.81,4.2
2019-01-05,11.78,4.3
2019-01-06,11.75,4.5
2019-01-07,11.86,4.8
2019-01-08,12.44,4.8
2019-01-09,12.92,4.5
2019-01-10,13.03,4.4
2019-01-11,13.16,4.3
2019-01-12,13.16,4.2
2019-01-13,13.02,4.4
2019-01-14,12.9,4.5
2019-01-15,13.1,4.2
2019-01-16,13.15,4.6
2019-01-17,13.08,4.5
2019-01-18,13.06,4.2
2019-01-19,13.16,3.8
2019-01-20,13.22,3.3
2019-01-21,13.34,3.1
2019-01-22,13.14,2.7
2019-01-23,12.98,2.4
2019-01-24,12.94,2.1
2019-01-25,13.08,2.0
2019-01-26,12.96,2.1
2019-01-27,12.79,2.4
2019-01-28,12.7,2.6
2019-01-29,12.62,2.6
2019-01-30,12.65,2.4
2019-01-31,12.72,2.4
2019-02-01,12.64,2.6
2019-02-02,12.36,3.1
2019-02-03,12.25,3.3
2019-02-04,12.41,3.2
2019-02-05,12.61,3.2
2019-02-06,12.67,3.0
2019-02-07,12.55,2.9
2019-02-08,12.53,3.1
2019-02-09,12.44,3.5
2019-02-10,12.3,3.9
2019-02-11,12.22,4.3
2019-02-12,12.51,4.1
2019-02-13,13.38,4.0
2019-02-14,13.44,4.2
2019-02-15,13.34,4.3
2019-02-16,13.21,4.3
2019-02-17,12.85,4.4
2019-02-18,12.66,4.4
2019-02-19,12.57,4.4
2019-02-20,12.57,4.5
2019-02-21,12.66,4.6
2019-02-22,12.61,5.1
2019-02-23,12.59,5.2
2019-02-24,12.62,5.2
2019-02-25,12.68,5.2
2019-02-26,12.69,5.4
2019-02-27,12.67,5.6
2019-02-28,12.59,6.0
2019-03-01,12.48,6.5
2019-03-02,12.22,6.7
2019-03-03,12.23,6.8
2019-03-04,12.15,7.0
2019-03-05,12.02,7.0
2019-03-06,11.98,7.2
2019-03-07,11.92,7.6
2019-03-08,11.76,7.7
2019-03-09,11.69,7.8
2019-03-10,11.57,8.0
2019-03-11,11.54,8.0
2019-03-12,11.86,7.8
2019-03-13,12.11,7.7
2019-03-14,12.19,7.4
2019-03-15,12.05,7.3
2019-03-16,11.94,7.5
2019-03-17,11.96,7.4
2019-03-18,12.03,7.2
2019-03-19,12.08,7.3
2019-03-20,12.16,7.4
2019-03-21,12.2,7.6
2019-03-22,12.18,8.0
2019-03-23,12.08,8.4
2019-03-24,11.83,8.7
2019-03-25,11.56,8.8
2019-03-26,11.48,8.7
2019-03-27,11.44,8.9
2019-03-28,11.42,9.1
2019-03-29,11.33,9.9
2019-03-30,11.34,10.3
2019-03-31,11.4,10.7
2019-04-01,11.63,10.9
2019-04-02,11.79,11.2
2019-04-03,11.84,11.7
2019-04-04,11.49,11.6
2019-04-05,11.06,11.3
2019-04-06,10.93,11.4
2019-04-07,11.19,12.0
2019-04-08,11.21,12.6
2019-04-09,11.24,12.9
2019-04-10,11.15,13.2
2019-04-11,11.27,13.0
2019-04-12,11.5,12.4
2019-04-13,11.52,11.9
2019-04-14,11.44,11.7
2019-04-15,11.34,11.8
2019-04-16,11.35,12.3
2019-04-17,11.3,13.0
2019-04-18,11.29,13.4
2019-04-19,11.23,13.9
2019-04-20,11.35,14.5
2019-04-21,11.31,14.9
2019-04-22,11.09,15.3
2019-04-23,11.13,15.7
2019-04-24,11.03,16.0
2019-04-25,10.69,16.3
2019-04-26,10.3,16.3
2019-04-27,9.6,15.9
2019-04-28,9.21,15.6
2019-04-29,9.2,15.1
2019-04-30,9.02,15.2
2019-05-01,8.98,15.5
2019-05-02,8.95,15.9
2019-05-03,8.72,16.0
2019-05-04,8.56,15.2
2019-05-05,8.74,14.5
2019-05-06,8.88,14.0
2019-05-07,9.13,13.8
2019-05-08,9.04,13.6
2019-05-09,8.79,13.6
2019-05-10,8.79,14.1
2019-05-11,8.84,14.2
2019-05-12,8.98,14.3
2019-05-13,9.36,14.3
2019-05-14,9.58,14.5
2019-05-15,9.58,14.7
2019-05-16,9.57,14.7
2019-05-17,9.38,15.0
2019-05-18,9.35,15.8
2019-05-19,9.3,16.7
2019-05-20,9.01,16.9
2019-05-21,8.27,16.6
2019-05-22,8.61,16.2
2019-05-23,8.81,16.1
2019-05-24,8.76,16.3
2019-05-25,8.52,16.5
2019-05-26,8.33,16.9
2019-05-27,8.06,17.4
2019-05-28,7.58,17.7
2019-05-29,7.07,17.3
2019-05-30,7.07,17.4
2019-05-31,6.97,18.1
2019-06-01,7.08,19.0
2019-06-02,7.19,20.1
2019-06-03,7.27,21.0
2019-06-04,7.48,21.6
2019-06-05,8.0,22.7
2019-06-06,7.56,22.4
2019-06-07,7.41,21.8
2019-06-08,7.46,22.0
2019-06-09,7.49,21.8
2019-06-10,7.15,21.8
2019-06-11,6.69,21.9
2019-06-12,6.38,21.6
2019-06-13,6.48,21.5
2019-06-14,6.53,21.9
2019-06-15,6.7,22.5
2019-06-16,6.23,22.3
2019-06-17,6.47,22.3
2019-06-18,6.73,23.0
2019-06-19,6.77,23.9
2019-06-20,6.92,24.2
2019-06-21,6.7,24.1
2019-06-22,6.96,24.3
2019-06-23,6.62,24.3
2019-06-24,6.83,24.6
2019-06-25,7.0,25.3
2019-06-26,7.42,26.4
2019-06-27,7.44,26.8
2019-06-28,8.13,26.7
2019-06-29,8.61,26.6
2019-06-30,9.29,27.2
2019-07-01,9.53,27.4
2019-07-02,9.45,26.8
2019-07-03,10.0,26.4
2019-07-04,10.24,26.2
2019-07-05,10.54,25.8
2019-07-06,11.85,26.0
2019-07-07,9.63,25.1
2019-07-08,9.89,24.4
2019-07-09,9.93,23.8
2019-07-10,8.52,23.4
2019-07-11,7.59,23.2
2019-07-12,7.36,22.8
2019-07-13,7.31,22.5
2019-07-14,7.42,22.4
2019-07-15,8.13,22.2
2019-07-16,8.9,22.3
2019-07-17,9.52,22.9
2019-07-18,9.98,23.2
2019-07-19,10.29,23.2
2019-07-20,10.75,23.5
2019-07-21,10.64,23.8
2019-07-22,12.26,24.2
2019-07-23,14.61,24.9
2019-07-24,14.51,25.6
2019-07-25,15.04,26.5
2019-07-26,14.78,26.9
2019-07-27,12.9,26.6
2019-07-28,10.57,26.3
2019-07-29,9.33,25.7
2019-07-30,8.62,25.7
2019-07-31,8.31,25.5
2019-08-01,7.87,25.0
2019-08-02,7.7,24.7
2019-08-03,6.91,24.3
2019-08-04,6.9,24.4
2019-08-05,6.34,24.1
2019-08-06,7.51,24.0
2019-08-07,7.53,23.7
2019-08-08,7.53,23.6
2019-08-09,7.35,23.3
2019-08-10,7.45,23.5
2019-08-11,7.75,23.5
2019-08-12,7.72,23.4
2019-08-13,8.16,23.2
2019-08-14,8.27,22.7
2019-08-15,8.09,22.1
2019-08-16,8.15,21.8
2019-08-17,8.16,21.6
2019-08-18,8.16,22.0
2019-08-19,7.93,22.4
2019-08-20,7.76,21.9
2019-08-21,7.69,21.7
2019-08-22,7.75,21.7
2019-08-23,8.16,21.9
2019-08-24,8.34,22.2
2019-08-25,8.75,23.0
2019-08-26,8.46,23.1
2019-08-27,8.68,23.7
2019-08-28,8.58,24.0
2019-08-29,8.72,24.2
2019-08-30,8.5,24.4
2019-08-31,8.68,24.6
2019-09-01,9.2,24.8
2019-09-02,9.01,24.0
2019-09-03,8.88,23.1
2019-09-04,9.04,22.8
2019-09-05,9.23,22.6
2019-09-06,9.44,21.9
2019-09-07,9.23,21.2
2019-09-08,8.87,20.7
2019-09-09,8.71,20.3
2019-09-10,8.55,19.9
2019-09-11,8.62,19.6
2019-09-12,8.55,19.8
2019-09-13,8.48,19.8
2019-09-14,8.5,19.9
2019-09-15,8.63,20.1
2019-09-16,8.57,19.8
2019-09-17,8.62,19.7
2019-09-18,8.79,19.2
2019-09-19,8.96,18.5
2019-09-20,9.02,17.9
2019-09-21,9.05,17.6
2019-09-22,9.1,17.5
2019-09-23,9.04,17.5
2019-09-24,8.73,17.3
2019-09-25,8.72,17.4
2019-09-26,8.67,17.4
2019-09-27,8.49,17.5
2019-09-28,8.15,17.3
2019-09-29,8.34,17.1
2019-09-30,8.46,17.0
2019-10-01,8.56,16.7
2019-10-02,8.46,16.5
2019-10-03,8.46,15.8
2019-10-04,8.57,15.2
2019-10-05,8.38,14.9
2019-10-06,8.55,14.3
2019-10-07,8.5,14.0
2019-10-08,8.66,13.9
2019-10-09,8.59,14.0
2019-10-10,8.82,13.7
2019-10-11,9.13,13.4
2019-10-12,9.12,13.5
2019-10-13,9.11,13.8
2019-10-14,9.0,14.1
2019-10-15,9.02,14.4
2019-10-16,8.86,14.5
2019-10-17,8.81,14.4
2019-10-18,8.73,14.6
2019-10-19,8.66,14.5
2019-10-20,8.61,14.5
2019-10-21,8.73,14.6
2019-10-22,8.62,14.6
2019-10-23,8.59,14.5
2019-10-24,8.43,14.4
2019-10-25,8.37,14.4
2019-10-26,8.54,14.2
2019-10-27,8.59,14.0
2019-10-28,8.72,13.6
2019-10-29,8.86,13.1
2019-10-30,9.01,12.6
2019-10-31,9.15,11.8
2019-11-01,9.32,11.2
2019-11-02,9.27,11.2
2019-11-03,9.35,11.4
2019-11-04,9.57,11.4
2019-11-05,9.72,11.2
2019-11-06,9.95,11.0
2019-11-07,10.12,10.7
2019-11-08,10.22,10.2
2019-11-09,10.1,10.0
2019-11-10,10.2,9.4
2019-11-11,10.23,9.0
2019-11-12,10.22,8.9
2019-11-13,10.28,8.7
2019-11-14,10.29,8.5
2019-11-15,10.36,8.2
2019-11-16,10.38,8.1
2019-11-17,10.55,7.9
2019-11-18,10.58,7.9
2019-11-19,10.66,7.7
2019-11-20,10.72,7.4
2019-11-21,10.83,7.3
2019-11-22,10.84,7.1
2019-11-23,10.93,7.0
2019-11-24,11.01,6.8
2019-11-25,11.0,6.8
2019-11-26,10.94,7.0
2019-11-27,10.97,7.2
2019-11-28,10.87,7.4
2019-11-29,10.85,7.5
2019-11-30,10.91,7.2
2019-12-01,11.46,6.7
2019-12-02,11.61,6.4
2019-12-03,11.35,6.4
2019-12-04,11.4,6.1
2019-12-05,11.5,5.5
2019-12-06,11.53,5.2
2019-12-07,11.58,5.5
2019-12-08,11.6,5.7
2019-12-09,11.65,6.0
2019-12-10,11.71,5.9
2019-12-11,11.93,5.5
2019-12-12,12.1,5.2
2019-12-13,12.16,4.8
2019-12-14,12.2,4.9
2019-12-15,12.23,5.3
2019-12-16,13.02,5.6
2019-12-17,13.36,5.5
2019-12-18,13.38,5.8
2019-12-19,13.27,6.0
2019-12-20,13.26,5.8
2019-12-21,13.06,5.7
2019-12-22,12.68,5.7
2019-12-23,12.44,6.0
2019-12-24,12.35,5.9
2019-12-25,12.23,6.0
2019-12-26,12.06,5.9
2019-12-27,12.29,6.0
2019-12-28,12.51,5.7
2019-12-29,12.47,5.2
2019-12-30,12.38,4.8
2019-12-31,12.38,4.6
2020-01-01,12.3,4.5
2020-01-02,12.34,4.2
2020-01-03,12.43,4.3
2020-01-04,12.55,4.3
2020-01-05,12.74,4.2
2020-01-06,12.87,4.1
2020-01-07,12.98,3.9
2020-01-08,13.0,3.8
2020-01-09,12.93,4.2
2020-01-10,12.88,4.5
2020-01-11,12.8,4.8
2020-01-12,12.71,4.6
2020-01-13,12.7,4.6
2020-01-14,12.75,4.7
2020-01-15,12.65,5.0
2020-01-16,12.47,5.3
2020-01-17,12.44,5.3
2020-01-18,12.45,5.3
2020-01-19,12.48,5.1
2020-01-20,12.62,4.9
2020-01-21,12.76,4.5
2020-01-22,12.76,4.2
2020-01-23,12.73,4.2
2020-01-24,12.75,4.1
2020-01-25,12.81,4.1
2020-01-26,12.84,4.0
2020-01-27,12.86,4.0
2020-01-28,12.85,4.4
2020-01-29,12.73,4.4
2020-01-30,13.0,4.4
2020-01-31,13.02,4.8
2020-02-01,12.86,5.4
2020-02-02,12.54,5.9
2020-02-03,12.74,6.4
2020-02-04,12.79,6.8
2020-02-05,12.81,6.9
2020-02-06,12.92,6.5
2020-02-07,13.16,5.8
2020-02-08,13.41,5.0
2020-02-09,13.52,4.9
2020-02-10,13.23,5.6
2020-02-11,13.06,5.7
2020-02-12,13.28,5.3
2020-02-13,13.38,5.2
2020-02-14,13.18,5.5
2020-02-15,13.36,5.5
2020-02-16,13.38,5.6
2020-02-17,13.19,6.1
2020-02-18,13.04,6.3
2020-02-19,13.03,6.4
2020-02-20,13.15,6.5
2020-02-21,12.93,6.7
2020-02-22,12.85,6.8
2020-02-23,12.87,7.0
2020-02-24,12.56,7.2
2020-02-25,12.56,7.3
2020-02-26,12.56,7.1
2020-02-27,12.76,6.7
2020-02-28,12.82,6.4
2020-02-29,12.89,6.6
2020-03-01,12.82,6.7
2020-03-02,12.88,6.6
2020-03-03,12.73,6.9
2020-03-04,12.7,6.8
2020-03-05,12.69,6.8
2020-03-06,12.58,6.9
2020-03-07,12.75,6.5
2020-03-08,13.02,6.5
2020-03-09,12.98,6.8
2020-03-10,12.77,6.9
2020-03-11,12.61,7.4
2020-03-12,12.49,8.0
2020-03-13,12.39,8.2
2020-03-14,12.3,8.3
2020-03-15,12.3,8.3
2020-03-16,12.41,8.3
2020-03-17,12.55,8.7
2020-03-18,12.53,8.9
2020-03-19,12.5,9.4
2020-03-20,12.36,9.9
2020-03-21,12.06,9.7
2020-03-22,12.0,9.1
2020-03-23,12.01,8.6
2020-03-24,12.01,8.5
2020-03-25,11.99,8.4
2020-03-26,12.05,8.3
2020-03-27,12.19,8.4
2020-03-28,12.42,8.8
2020-03-29,12.54,8.6
2020-03-30,12.88,8.3
2020-03-31,13.31,8.3
2020-04-01,13.62,8.0
2020-04-02,13.8,8.4
2020-04-03,13.49,8.7
2020-04-04,13.33,9.1
2020-04-05,13.38,9.6
2020-04-06,13.45,10.1
2020-04-07,13.47,10.8
2020-04-08,13.48,11.5
2020-04-09,13.49,12.1
2020-04-10,13.38,12.8
2020-04-11,13.2,13.3
2020-04-12,12.89,13.7
2020-04-13,12.39,13.7
2020-04-14,12.0,13.2
2020-04-15,12.0,13.1
2020-04-16,11.88,13.6
2020-04-17,11.83,14.5
2020-04-18,11.49,15.0
2020-04-19,11.07,15.3
2020-04-20,11.03,15.2
2020-04-21,11.1,15.2
2020-04-22,11.1,15.2
2020-04-23,11.18,15.3
2020-04-24,11.63,15.6
2020-04-25,11.69,15.8
2020-04-26,11.72,16.1
2020-04-27,11.77,16.4
2020-04-28,11.27,16.3
2020-04-29,10.83,16.4
2020-04-30,10.52,16.2
2020-05-01,10.3,15.9
2020-05-02,10.0,15.5
2020-05-03,9.99,15.4
2020-05-04,9.89,15.6
2020-05-05,9.86,15.8
2020-05-06,9.91,15.8
2020-05-07,10.03,16.2
2020-05-08,10.24,16.9
2020-05-09,9.94,17.0
2020-05-10,9.69,17.3
2020-05-11,9.23,17.0
2020-05-12,8.75,15.9
2020-05-13,8.87,15.8
2020-05-14,8.66,15.6
2020-05-15,8.73,15.9
2020-05-16,9.02,16.3
2020-05-17,9.13,16.9
2020-05-18,9.21,17.5
2020-05-19,9.36,18.3
2020-05-20,9.36,18.9
2020-05-21,9.3,19.2
2020-05-22,9.23,19.6
2020-05-23,8.73,19.4
2020-05-24,8.56,18.8
2020-05-25,8.75,18.6
2020-05-26,9.09,18.3
2020-05-27,9.25,18.5
2020-05-28,9.25,19.2
2020-05-29,9.5,19.4
2020-05-30,9.57,19.5
2020-05-31,9.58,19.5
2020-06-01,9.75,19.8
2020-06-02,9.85,20.4
2020-06-03,9.91,21.0
2020-06-04,9.08,20.7
2020-06-05,8.5,20.2
2020-06-06,7.69,19.4
2020-06-07,7.63,19.1
2020-06-08,7.87,18.8
2020-06-09,8.04,18.5
2020-06-10,7.83,18.4
2020-06-11,7.61,18.3
2020-06-12,7.7,18.8
2020-06-13,7.8,19.9
2020-06-14,7.31,20.2
2020-06-15,7.29,19.9
2020-06-16,7.91,19.3
2020-06-17,8.58,19.4
2020-06-18,8.3,19.9
2020-06-19,7.56,19.9
2020-06-20,7.14,20.0
2020-06-21,6.89,20.4
2020-06-22,6.75,21.2
2020-06-23,6.68,21.7
2020-06-24,7.58,22.8
2020-06-25,7.34,22.6
2020-06-26,7.17,22.8
2020-06-27,6.98,23.3
2020-06-28,6.87,23.6
2020-06-29,6.8,23.3
2020-06-30,6.81,23.1
2020-07-01,6.86,23.2
2020-07-02,6.84,23.4
2020-07-03,7.06,23.2
2020-07-04,7.34,23.3
2020-07-05,7.31,23.4
2020-07-06,7.51,23.3
2020-07-07,7.61,22.6
2020-07-08,7.57,22.2
2020-07-09,7.35,22.1
2020-07-10,7.39,22.3
2020-07-11,7.57,22.3
2020-07-12,7.77,22.1
2020-07-13,7.91,22.2
2020-07-14,8.29,22.4
2020-07-15,8.24,22.5
2020-07-16,7.88,21.9
2020-07-17,7.58,21.7
2020-07-18,7.6,21.7
2020-07-19,7.75,22.1
2020-07-20,8.06,22.8
2020-07-21,8.43,23.2
2020-07-22,8.76,23.2
2020-07-23,9.23,23.5
2020-07-24,9.44,23.7
2020-07-25,9.83,23.8
2020-07-26,9.67,23.8
2020-07-27,9.43,23.6
2020-07-28,9.25,23.8
2020-07-29,9.22,23.8
2020-07-30,10.01,24.2
2020-07-31,10.25,24.5
2020-08-01,11.14,25.0
2020-08-02,10.81,24.7
2020-08-03,9.37,24.1
2020-08-04,8.52,23.5
2020-08-05,7.78,23.4
2020-08-06,7.79,23.5
2020-08-07,8.37,24.0
2020-08-08,9.31,24.8
2020-08-09,10.48,25.4
2020-08-10,10.92,25.8
2020-08-11,11.37,26.2
2020-08-12,9.88,26.1
2020-08-13,8.91,26.0
2020-08-14,7.78,25.6
2020-08-15,7.49,25.6
2020-08-16,7.43,25.6
2020-08-17,7.79,25.5
2020-08-18,8.8,25.3
2020-08-19,8.24,24.9
2020-08-20,9.1,25.2
2020-08-21,10.52,25.6
2020-08-22,9.89,25.5
2020-08-23,9.24,24.9
2020-08-24,9.06,24.1
2020-08-25,8.88,23.4
2020-08-26,9.41,23.0
2020-08-27,9.49,22.3
2020-08-28,9.45,21.9
2020-08-29,9.29,21.5
2020-08-30,8.31,20.9
2020-08-31,7.38,20.3
2020-09-01,7.41,20.0
2020-09-02,7.31,19.7
2020-09-03,7.22,19.6
2020-09-04,7.57,19.8
2020-09-05,7.82,20.0
2020-09-06,7.92,19.8
2020-09-07,8.11,19.6
2020-09-08,8.34,19.5
2020-09-09,8.55,19.8
2020-09-10,8.53,19.9
2020-09-11,8.63,20.1
2020-09-12,8.68,20.1
2020-09-13,8.72,20.5
2020-09-14,8.73,20.6
2020-09-15,8.79,20.9
2020-09-16,8.78,20.9
2020-09-17,8.65,20.7
2020-09-18,8.77,20.2
2020-09-19,8.98,19.8
2020-09-20,9.35,19.5
2020-09-21,9.46,19.4
2020-09-22,9.61,19.6
2020-09-23,9.55,19.5
2020-09-24,9.33,19.3
2020-09-25,8.58,18.9
2020-09-26,8.22,18.1
2020-09-27,7.71,17.2
2020-09-28,7.85,16.5
2020-09-29,7.77,16.1
2020-09-30,7.72,16.1
2020-10-01,7.81,16.2
2020-10-02,7.59,16.2
2020-10-03,7.63,16.3
2020-10-04,7.65,15.9
2020-10-05,7.83,15.8
2020-10-06,7.78,15.5
2020-10-07,7.79,15.2
2020-10-08,8.0,14.8
2020-10-09,8.14,14.8
2020-10-10,8.13,14.6
2020-10-11,8.35,14.1
2020-10-12,8.49,13.7
2020-10-13,8.51,13.4
2020-10-14,8.55,12.8
2020-10-15,8.55,12.6
2020-10-16,8.78,12.4
2020-10-17,8.95,12.2
2020-10-18,8.98,12.1
2020-10-19,8.95,12.0
2020-10-20,9.03,11.6
2020-10-21,9.16,11.6
2020-10-22,9.08,11.7
2020-10-23,9.09,12.0
2020-10-24,8.95,12.2
2020-10-25,8.9,12.1
2020-10-26,8.9,12.2
2020-10-27,8.8,11.9
2020-10-28,8.84,11.7
2020-10-29,8.92,11.7
2020-10-30,8.89,11.8
2020-10-31,9.12,11.8
2020-11-01,9.3,12.0
2020-11-02,9.11,12.6
2020-11-03,8.96,12.7
2020-11-04,9.07,12.4
2020-11-05,9.29,11.6
2020-11-06,9.41,10.9
2020-11-07,9.33,10.3
2020-11-08,9.34,9.9
2020-11-09,9.33,9.7
2020-11-10,9.36,9.6
2020-11-11,9.31,9.5
2020-11-12,9.2,9.5
2020-11-13,9.2,9.5
2020-11-14,9.26,9.6
2020-11-15,9.49,9.5
2020-11-16,9.5,9.5
2020-11-17,9.58,9.4
2020-11-18,9.68,9.2
2020-11-19,9.82,8.8
2020-11-20,9.86,8.5
2020-11-21,9.94,8.0
2020-11-22,9.95,7.5
2020-11-23,10.04,7.6
2020-11-24,10.0,7.5
2020-11-27,10.21,7.0
2020-11-28,10.23,6.7
2020-11-29,10.31,6.4
2020-11-30,10.48,5.8
2020-12-01,10.64,5.5
2020-12-02,10.65,5.5
2020-12-03,10.8,5.1
2020-12-04,11.02,4.7
2020-12-05,11.13,4.6
2020-12-06,11.16,4.7
2020-12-07,11.21,4.7
2020-12-08,11.21,4.6
2020-12-09,11.36,4.4
2020-12-10,11.42,4.4
2020-12-11,11.46,4.4
2020-12-12,11.51,4.4
2020-12-13,11.44,4.5
2020-12-14,11.53,4.6
2020-12-15,11.44,4.7
2020-12-16,11.44,5.0
2020-12-17,11.4,5.0
2020-12-18,11.43,4.9
2020-12-19,11.42,4.9
2020-12-20,11.42,4.9
2020-12-21,11.39,5.1
2020-12-22,11.27,5.5
2020-12-23,11.11,6.2
2020-12-24,11.23,6.6
2020-12-25,11.71,6.4
2020-12-26,12.42,5.7
2020-12-27,12.51,5.6
2020-12-28,12.34,5.6
2020-12-29,12.06,5.4
2020-12-30,11.81,5.2
2020-12-31,11.8,4.9
2021-01-01,11.64,4.7
2021-01-02,11.5,4.5
2021-01-03,11.5,4.3
2021-01-04,11.55,4.2
2021-01-05,11.62,4.1
2021-01-06,11.7,4.1
2021-01-07,11.74,4.0
2021-01-08,11.76,3.9
2021-01-09,11.88,3.9
2021-01-10,11.99,3.6
2021-01-11,12.09,3.2
2021-01-12,12.2,3.1
2021-01-13,12.21,3.1
2021-01-14,12.39,2.9
2021-01-15,12.47,2.7
2021-01-16,12.54,2.6
2021-01-17,12.55,2.6
2021-01-18,12.59,2.7
2021-01-19,12.64,2.8
2021-01-20,12.68,2.8
2021-01-21,12.73,2.9
2021-01-22,12.7,3.3
2021-01-23,12.49,3.5
2021-01-24,12.79,3.4
2021-01-25,13.28,3.3
2021-01-26,13.37,3.4
2021-01-27,13.35,3.4
2021-01-28,13.06,3.5
2021-01-29,12.67,4.0
2021-01-30,12.93,4.1
2021-01-31,12.9,4.0
2021-02-01,12.84,4.1
2021-02-02,13.04,3.9
2021-02-03,13.03,4.2
2021-02-04,12.86,4.9
2021-02-05,12.73,5.5
2021-02-06,12.52,6.1
2021-02-07,12.5,5.5
2021-02-08,12.55,4.7
2021-02-09,12.77,4.0
2021-02-10,13.18,2.9
2021-02-11,13.63,2.1
2021-02-12,13.96,1.7
2021-02-13,14.19,1.3
2021-02-14,14.49,1.0
2021-02-15,14.55,0.9
2021-02-16,14.42,1.3
2021-02-17,14.07,2.0
2021-02-18,14.0,2.3
2021-02-19,13.98,2.9
2021-02-20,13.74,3.7
2021-02-21,13.4,4.5
2021-02-22,13.19,4.8
2021-02-23,12.93,5.2
2021-02-24,12.78,5.7
2021-02-25,12.65,6.1
2021-02-26,12.44,6.4
2021-02-27,12.36,6.5
2021-02-28,12.25,6.6
2021-03-01,12.2,6.6
2021-03-02,12.12,6.8
2021-03-03,12.08,6.9
2021-03-04,11.99,7.2
2021-03-05,11.78,7.2
2021-03-06,12.01,6.7
2021-03-07,12.1,6.4
2021-03-08,12.21,6.2
2021-03-09,12.28,6.2
2021-03-10,12.37,6.5
2021-03-11,12.39,6.7
2021-03-12,12.22,6.9
2021-03-13,12.22,6.9
2021-03-14,12.22,6.7
2021-03-15,12.24,6.6
2021-03-16,12.25,6.6
2021-03-17,12.3,6.5
2021-03-18,12.42,6.6
2021-03-19,12.45,6.6
2021-03-20,12.5,6.6
2021-03-21,12.5,6.6
2021-03-22,12.49,6.6
2021-03-23,12.5,6.8
2021-03-24,12.57,7.0
2021-03-25,12.74,7.4
2021-03-26,12.83,7.9
2021-03-27,12.86,8.2
2021-03-28,12.82,8.5
2021-03-29,12.93,9.1
2021-03-30,12.99,9.6
2021-03-31,12.93,10.2
2021-04-01,12.92,10.9
2021-04-02,12.65,11.2
2021-04-03,12.48,11.1
2021-04-04,12.43,10.9
2021-04-05,12.19,10.7
2021-04-06,11.84,10.0
2021-04-07,11.75,9.5
2021-04-08,11.78,9.0
2021-04-09,12.14,8.9
2021-04-10,12.08,9.5
2021-04-11,12.0,10.0
2021-04-12,12.0,10.1
2021-04-13,12.19,9.9
2021-04-14,12.39,9.5
2021-04-15,12.7,9.1
2021-04-16,13.09,9.0
2021-04-17,13.32,9.2
2021-04-18,13.28,9.4
2021-04-19,13.15,9.7
2021-04-20,13.36,10.1
2021-04-21,13.57,11.0
2021-04-22,13.32,11.6
2021-04-23,13.54,12.1
2021-04-24,13.77,12.7
2021-04-25,14.1,13.0
2021-04-26,14.1,13.2
2021-04-27,14.2,13.4
2021-04-28,14.6,13.8
2021-04-29,14.09,14.4
2021-04-30,13.46,14.1
2021-05-01,12.72,14.0
2021-05-02,11.99,14.0
2021-05-03,11.56,13.8
2021-05-04,11.23,13.8
2021-05-05,10.94,13.6
2021-05-06,10.5,13.1
2021-05-07,10.43,12.8
2021-05-08,10.82,12.8
2021-05-09,11.16,13.6
2021-05-10,11.12,14.8
2021-05-11,10.86,15.1
2021-05-12,10.11,15.2
2021-05-13,9.66,15.1
2021-05-14,9.66,15.1
2021-05-15,9.53,15.3
2021-05-16,9.24,15.6
2021-05-17,8.89,15.9
2021-05-18,8.79,16.1
2021-05-19,8.84,16.0
2021-05-20,8.71,15.9
2021-05-21,8.69,15.8
2021-05-22,9.04,15.4
2021-05-23,8.99,15.4
2021-05-24,8.97,15.3
2021-05-25,8.87,15.3
2021-05-26,8.95,15.2
2021-05-27,8.83,14.8
2021-05-28,9.34,14.8
2021-05-29,9.32,15.2
2021-05-30,9.35,15.8
2021-05-31,9.35,16.5
2021-06-01,9.33,17.3
2021-06-02,9.29,18.0
2021-06-03,9.52,18.9
2021-06-04,9.3,19.7
2021-06-05,9.01,20.1
2021-06-06,8.27,20.3
2021-06-07,7.11,20.3
2021-06-08,7.6,20.3
2021-06-09,8.09,20.7
2021-06-10,8.03,21.1
2021-06-11,7.79,21.6
2021-06-12,7.52,22.1
2021-06-13,7.76,22.1
2021-06-14,8.15,22.2
2021-06-15,8.38,22.7
2021-06-16,8.44,23.2
2021-06-17,8.63,23.9
2021-06-18,7.91,24.6
2021-06-19,6.9,25.3
2021-06-20,6.35,25.7
2021-06-21,5.99,25.5
2021-06-22,6.0,25.1
2021-06-23,6.33,24.7
2021-06-24,6.14,24.2
2021-06-25,6.25,23.6
2021-06-26,6.41,23.5
2021-06-27,6.67,23.6
2021-06-28,6.74,24.4
2021-06-29,6.13,24.4
2021-06-30,6.24,24.1
2021-07-01,6.47,23.3
2021-07-02,6.7,22.5
2021-07-03,7.02,22.2
2021-07-04,7.11,22.6
2021-07-05,6.84,22.6
2021-07-06,7.04,22.3
2021-07-07,7.05,22.0
2021-07-08,6.94,21.8
2021-07-09,7.01,20.7
2021-07-10,7.37,20.1
2021-07-11,7.6,20.1
2021-07-12,7.7,19.8
2021-07-13,7.59,20.3
2021-07-14,7.69,20.0
2021-07-15,7.65,20.3
2021-07-16,7.62,20.7
2021-07-17,7.45,21.0
2021-07-18,7.68,21.9
2021-07-19,7.52,21.8
2021-07-20,7.33,22.0
2021-07-21,7.39,22.2
2021-07-22,7.57,22.4
2021-07-23,7.57,22.7
2021-07-24,7.49,22.9
2021-07-25,7.31,23.0
2021-07-26,7.33,23.3
2021-07-27,7.19,23.1
2021-07-28,7.24,23.0
2021-07-29,7.32,23.0
2021-07-30,7.39,22.9
2021-07-31,7.48,23.0
2021-08-01,7.39,22.6
2021-08-02,7.34,22.2
2021-08-03,7.27,21.7
2021-08-04,7.51,21.6
2021-08-05,7.69,21.5
2021-08-06,7.5,21.6
2021-08-07,7.46,21.4
2021-08-08,7.6,21.0
2021-08-09,7.79,20.9
2021-08-10,7.85,21.1
2021-08-11,7.98,21.5
2021-08-12,8.05,21.7
2021-08-13,8.04,22.1
2021-08-14,7.98,22.7
2021-08-15,8.12,23.0
2021-08-16,8.0,23.0
2021-08-17,8.04,22.3
2021-08-18,7.87,21.6
2021-08-19,7.79,21.3
2021-08-20,7.9,21.4
2021-08-21,7.99,21.3
2021-08-22,7.64,21.4
2021-08-23,7.22,21.1
2021-08-24,7.55,20.7
2021-08-25,7.8,20.4
2021-08-26,7.93,20.4
2021-08-27,7.79,20.1
2021-08-28,7.71,19.7
2021-08-29,7.63,19.4
2021-08-30,7.61,19.1
2021-08-31,8.09,19.0
2021-09-01,8.33,18.8
2021-09-02,8.49,18.7
2021-09-03,8.53,18.9
2021-09-04,8.57,19.2
2021-09-05,8.45,19.5
2021-09-06,8.42,19.7
2021-09-07,8.46,20.0
2021-09-08,8.35,20.1
2021-09-09,8.23,20.4
2021-09-10,8.01,20.7
2021-09-11,7.83,20.9
2021-09-12,7.88,21.0
2021-09-13,7.85,20.9
2021-09-14,7.85,21.0
2021-09-15,7.58,21.0
2021-09-16,7.34,20.8
2021-09-17,7.61,20.3
2021-09-18,7.72,19.9
2021-09-19,7.66,19.4
2021-09-20,7.61,18.9
2021-09-21,7.74,18.5
2021-09-22,7.97,18.2
2021-09-23,8.08,18.0
2021-09-24,8.21,17.9
2021-09-25,8.24,18.0
2021-09-26,8.21,18.1
2021-09-27,8.12,18.3
2021-09-28,8.15,18.3
2021-09-29,8.3,18.0
2021-09-30,8.39,17.3
2021-10-01,8.57,16.8
2021-10-02,8.61,16.6
2021-10-03,8.49,16.6
2021-10-04,8.33,16.6
2021-10-05,8.3,16.5
2021-10-06,8.05,16.1
2021-10-07,8.06,15.8
2021-10-08,8.09,15.3
2021-10-09,8.19,14.9
2021-10-10,8.28,14.6
2021-10-11,8.42,14.0
2021-10-12,8.47,13.7
2021-10-13,8.53,13.4
2021-10-14,8.65,13.1
2021-10-15,8.83,12.7
2021-10-16,8.95,12.6
2021-10-17,8.88,12.3
2021-10-18,8.96,12.1
2021-10-19,9.05,11.8
2021-10-20,9.1,11.8
2021-10-21,8.98,12.1
2021-10-22,9.25,11.8
2021-10-23,9.46,11.5
2021-10-24,9.55,11.0
2021-10-25,9.41,10.6
2021-10-26,9.47,10.6
2021-10-27,9.52,10.6
2021-10-28,9.51,10.5
2021-10-29,9.47,10.4
2021-10-30,9.41,10.2
2021-10-31,9.29,10.3
2021-11-01,9.21,10.5
2021-11-02,9.18,10.4
2021-11-03,9.28,10.2
2021-11-04,9.31,10.0
2021-11-05,9.28,9.9
2021-11-06,9.76,9.3
2021-11-07,10.25,9.1
2021-11-08,10.36,9.0
2021-11-09,10.38,8.9
2021-11-10,10.23,8.6
2021-11-11,10.28,8.3
2021-11-12,10.14,8.0
2021-11-13,10.11,7.9
2021-11-14,10.26,7.9
2021-11-15,10.34,8.0
2021-11-16,10.37,7.9
2021-11-17,10.31,7.9
2021-11-18,10.34,7.9
2021-11-19,10.39,7.8
2021-11-20,10.53,7.9
2021-11-21,10.5,7.8
2021-11-22,10.5,7.7
2021-11-23,10.54,7.1
2021-11-24,10.54,7.0
2021-11-25,10.51,6.8
2021-11-26,10.42,6.7
2021-11-27,10.5,6.5
2021-11-28,10.54,6.3
2021-11-29,10.77,6.0
2021-11-30,10.89,5.9
2021-12-01,10.88,6.0
2021-12-02,11.18,5.8
2021-12-03,11.48,5.3
2021-12-04,12.02,4.9
2021-12-05,12.34,4.8
2021-12-06,12.51,4.7
2021-12-07,12.65,4.7
2021-12-08,12.6,4.5
2021-12-09,12.38,4.6
2021-12-10,12.09,4.5
2021-12-11,11.92,4.5
2021-12-12,11.9,4.4
2021-12-13,11.93,4.7
2021-12-14,11.98,4.9
2021-12-15,12.04,5.1
2021-12-16,12.11,5.4
2021-12-17,12.3,5.5
2021-12-18,12.13,5.5
2021-12-19,11.97,5.7
2021-12-20,11.74,5.6
2021-12-21,11.61,5.1
2021-12-22,11.67,4.6
2021-12-23,11.95,4.1
2021-12-24,12.05,4.4
2021-12-25,11.94,4.6
2021-12-26,11.88,4.4
2021-12-27,12.02,4.3
2021-12-28,12.26,4.3
2021-12-29,12.24,4.7
2021-12-30,12.72,5.3
2021-12-31,13.01,6.1
2022-01-01,12.83,6.8
2022-01-02,12.63,7.1
2022-01-03,12.44,7.6
2022-01-04,12.24,7.8
2022-01-05,12.1,7.5
2022-01-06,12.25,6.9
2022-01-07,12.59,6.1
2022-01-08,12.99,5.1
2022-01-09,13.15,4.6
2022-01-10,13.22,4.5
2022-01-11,13.38,4.5
2022-01-12,13.4,4.6
2022-01-13,13.4,4.7
2022-01-14,13.42,4.5
2022-01-15,13.46,4.6
2022-01-16,13.35,4.6
2022-01-17,13.35,4.6
2022-01-18,13.4,4.7
2022-01-19,13.39,4.7
2022-01-20,13.39,4.6
2022-01-21,13.28,4.4
2022-01-22,13.25,4.5
2022-01-23,13.18,4.6
2022-01-24,13.2,4.8
2022-01-25,13.47,4.4
2022-01-26,13.59,4.3
2022-01-27,13.42,4.4
2022-01-28,13.18,4.5
2022-01-29,13.06,4.5
2022-01-30,13.0,4.7
2022-01-31,12.99,4.6
2022-02-01,12.92,4.5
2022-02-02,13.09,4.6
2022-02-03,13.27,4.7
2022-02-04,13.29,5.1
2022-02-05,13.18,5.1
2022-02-06,13.11,5.0
2022-02-07,13.02,5.0
2022-02-08,13.18,5.1
2022-02-09,13.29,5.3
2022-02-10,13.28,5.1
2022-02-11,13.2,5.1
2022-02-12,13.27,5.1
2022-02-13,13.25,5.1
2022-02-14,13.16,5.3
2022-02-15,12.97,5.6
2022-02-16,12.88,5.6
2022-02-17,12.78,6.2
2022-02-18,12.74,6.5
2022-02-19,12.7,6.6
2022-02-20,12.68,6.6
2022-02-21,12.54,6.7
2022-02-22,12.49,6.4
2022-02-23,12.76,6.5
2022-02-24,12.82,6.6
2022-02-25,12.85,6.5
2022-02-26,12.83,6.3
2022-02-27,12.86,6.2
2022-02-28,12.95,6.1
2022-03-01,12.96,6.0
2022-03-02,12.99,5.7
2022-03-03,12.93,5.5
2022-03-04,12.87,5.4
2022-03-05,12.94,5.3
2022-03-06,12.9,5.3
2022-03-07,12.87,5.0
2022-03-08,12.94,4.9
2022-03-09,13.05,5.0
2022-03-10,12.96,5.2
2022-03-11,12.96,5.5
2022-03-12,12.98,5.7
2022-03-13,13.0,5.9
2022-03-14,12.76,6.1
2022-03-15,12.48,6.2
2022-03-16,12.26,6.6
2022-03-17,12.38,6.8
2022-03-18,12.48,7.2
2022-03-19,12.71,7.4
2022-03-20,12.91,7.8
2022-03-21,13.21,8.0
2022-03-22,13.58,8.3
2022-03-23,13.87,8.5
2022-03-24,14.22,9.0
2022-03-25,14.73,9.4
2022-03-26,15.06,9.7
2022-03-27,15.44,10.2
2022-03-28,15.88,10.8
2022-03-29,15.6,11.2
2022-03-30,15.02,11.3
2022-03-31,13.78,10.8
2022-04-01,12.87,9.9
2022-04-02,12.21,8.9
2022-04-03,12.63,8.7
2022-04-04,13.03,8.8
2022-04-05,12.87,9.0
2022-04-06,12.64,9.3
2022-04-07,12.57,9.4
2022-04-08,12.23,9.1
2022-04-09,11.64,8.4
2022-04-10,11.66,8.2
2022-04-11,11.73,8.5
2022-04-12,11.56,9.1
2022-04-13,11.41,9.6
2022-04-14,11.29,10.4
2022-04-15,11.27,11.3
2022-04-16,11.0,12.0
2022-04-17,10.9,12.2
2022-04-18,10.8,12.5
2022-04-19,10.78,13.0
2022-04-20,10.71,13.4
2022-04-21,10.63,13.7
2022-04-22,10.7,13.9
2022-04-23,10.71,13.8
2022-04-24,10.57,13.5
2022-04-25,10.29,13.3
2022-04-26,10.1,13.2
2022-04-27,10.08,13.5
2022-04-28,10.38,13.7
2022-04-29,10.64,13.8
2022-04-30,10.55,13.9
2022-05-01,10.06,14.0
2022-05-02,9.94,14.3
2022-05-03,9.86,15.0
2022-05-04,9.66,15.6
2022-05-05,9.15,16.0
2022-05-06,8.9,16.2
2022-05-07,9.03,16.6
2022-05-08,9.23,17.2
2022-05-09,9.25,17.4
2022-05-11,9.29,19.4
2022-05-12,9.23,19.6
2022-05-13,9.31,19.7
2022-05-14,9.3,19.8
2022-05-15,9.39,20.1
2022-05-16,9.28,20.3
2022-05-17,9.15,20.6
2022-05-18,9.02,21.0
2022-05-19,9.02,21.6
2022-05-20,8.41,22.1
2022-05-21,7.82,22.0
2022-05-22,7.89,21.9
2022-05-23,7.8,21.8
2022-05-24,7.65,21.6
2022-05-25,7.71,21.3
2022-05-26,7.72,21.1
2022-05-27,7.57,20.7
2022-05-28,7.73,20.0
2022-05-29,7.82,19.5
2022-05-30,7.86,19.0
2022-05-31,7.75,19.0
2022-06-01,7.81,19.5
2022-06-02,8.22,19.7
2022-06-03,8.57,20.0
2022-06-04,8.0,20.5
2022-06-05,7.83,20.4
2022-06-06,7.84,20.5
2022-06-07,7.91,20.9
2022-06-08,7.77,20.8
2022-06-09,8.02,20.9
2022-06-10,8.4,21.2
2022-06-11,8.6,21.5
2022-06-12,8.93,22.1
2022-06-13,8.94,22.3
2022-06-14,9.13,22.2
2022-06-15,9.88,22.8
2022-06-16,10.4,23.4
2022-06-17,10.23,23.4
2022-06-18,10.51,24.0
2022-06-19,11.91,25.0
2022-06-20,11.17,24.6
2022-06-21,11.5,23.9
2022-06-22,12.41,24.1
2022-06-23,13.96,24.4
2022-06-24,14.58,24.8
2022-06-25,14.97,24.6
2022-06-26,15.73,25.2
2022-06-27,13.58,25.2
2022-06-28,12.63,25.0
2022-06-29,12.29,25.0
2022-06-30,12.21,25.3
2022-07-01,10.64,25.0
2022-07-02,9.44,24.5
2022-07-03,10.11,24.7
2022-07-04,10.73,25.0
2022-07-05,11.81,25.1
2022-07-06,12.58,24.9
2022-07-07,10.81,24.2
2022-07-08,10.59,23.6
2022-07-09,11.21,23.4
2022-07-10,11.05,22.8
2022-07-11,10.66,22.4
2022-07-12,10.15,22.6
2022-07-13,10.23,23.0
2022-07-14,9.77,23.3
2022-07-15,10.49,23.0
2022-07-16,11.93,22.9
2022-07-17,12.28,22.9
2022-07-18,14.69,23.4
2022-07-19,14.88,23.8
2022-07-20,16.34,24.6
2022-07-21,15.86,24.8
2022-07-22,16.87,25.2
2022-07-23,16.91,25.5
2022-07-24,16.56,25.6
2022-07-25,17.06,25.9
2022-07-26,16.99,25.8
2022-07-27,15.35,25.5
2022-07-28,13.98,25.1
2022-07-29,13.39,24.8
2022-07-30,12.15,24.6
2022-07-31,12.74,24.6
2022-08-01,12.71,24.7
2022-08-02,12.65,24.9
2022-08-03,14.45,25.3
2022-08-04,13.53,25.5
2022-08-05,13.57,25.7
2022-08-06,14.11,25.4
2022-08-07,14.5,25.1
2022-08-08,14.52,24.8
2022-08-09,15.83,24.9
2022-08-10,15.34,24.7
2022-08-11,14.62,24.7
2022-08-12,14.85,24.6
2022-08-13,14.73,24.6
2022-08-14,13.5,24.6
2022-08-15,11.99,24.7
2022-08-16,11.13,24.6
2022-08-17,10.84,24.6
2022-08-18,9.98,24.4
2022-08-19,9.97,24.2
2022-08-20,9.06,23.9
2022-08-21,9.57,24.0
2022-08-22,10.16,23.9
2022-08-23,10.97,24.0
2022-08-24,11.94,24.2
2022-08-25,11.63,24.2
2022-08-26,12.29,24.4
2022-08-27,10.63,24.0
2022-08-28,9.39,23.7
2022-08-29,9.65,23.5
2022-08-30,10.92,23.3
2022-08-31,12.06,23.3
2022-09-01,11.59,22.7
2022-09-02,11.34,22.3
2022-09-03,12.57,22.1
2022-09-04,11.75,21.9
2022-09-05,11.21,21.9
2022-09-06,11.34,22.4
2022-09-07,11.57,22.7
2022-09-08,10.85,22.5
2022-09-09,10.03,22.1
2022-09-10,9.2,21.6
2022-09-11,8.37,21.1
2022-09-12,8.21,20.6
2022-09-13,8.23,20.4
2022-09-14,7.5,20.4
2022-09-15,7.34,20.1
2022-09-16,8.01,19.5
2022-09-17,8.11,18.6
2022-09-18,7.81,17.7
2022-09-19,7.87,16.9
2022-09-20,8.18,16.4
2022-09-21,8.5,16.0
2022-09-22,8.53,15.7
2022-09-23,8.38,15.6
2022-09-24,8.47,15.6
2022-09-25,8.33,15.6
2022-09-26,8.24,15.5
2022-09-27,8.37,15.2
2022-09-28,8.44,14.7
2022-09-29,8.67,14.3
2022-09-30,9.09,13.9
2022-10-01,9.03,13.7
2022-10-02,9.02,13.6
2022-10-03,9.41,13.4
2022-10-04,9.79,13.4
2022-10-05,9.77,13.4
2022-10-06,9.72,13.6
2022-10-07,9.57,13.5
2022-10-08,9.28,13.8
2022-10-09,9.06,13.6
2022-10-10,9.0,13.6
2022-10-11,8.88,13.8
2022-10-12,8.85,13.8
2022-10-13,8.81,13.9
2022-10-14,8.79,14.0
2022-10-15,8.64,14.2
2022-10-16,8.74,14.4
2022-10-17,8.8,14.6
2022-10-18,8.79,14.7
2022-10-19,8.59,14.7
2022-10-20,8.68,14.3
2022-10-21,8.4,14.2
2022-10-22,8.42,14.3
2022-10-23,8.57,14.3
2022-10-24,8.45,14.4
2022-10-25,8.36,14.4
2022-10-26,8.6,14.3
2022-10-27,8.7,14.2
2022-10-28,8.61,14.2
2022-10-29,8.36,14.2
2022-10-30,8.35,14.2
2022-10-31,8.21,14.1
2022-11-01,8.1,14.1
2022-11-02,8.3,13.7
2022-11-03,8.59,13.2
2022-11-04,8.53,13.1
2022-11-05,8.55,12.9
2022-11-06,8.7,12.3
2022-11-07,8.83,12.1
2022-11-08,8.91,12.1
2022-11-09,8.94,12.1
2022-11-10,9.24,12.0
2022-11-11,9.41,11.6
2022-11-12,9.51,11.3
2022-11-13,9.53,10.9
2022-11-14,9.48,10.4
2022-11-15,9.53,10.2
2022-11-16,9.54,10.4
2022-11-17,9.55,10.4
2022-11-18,9.58,10.3
2022-11-19,9.79,9.7
2022-11-20,10.38,9.0
2022-11-21,10.96,8.5
2022-11-22,11.13,8.2
2022-11-23,11.18,7.9
2022-11-24,11.28,7.9
2022-11-25,11.14,7.5
2022-11-26,11.2,7.3
2022-11-27,11.07,7.0
2022-11-28,10.99,6.8
2022-11-29,10.94,7.0
2022-11-30,11.45,7.1
2022-12-01,11.54,7.0
2022-12-02,11.5,7.0
2022-12-03,11.45,6.7
2022-12-04,11.62,6.5
2022-12-05,11.7,6.4
2022-12-06,11.6,6.4
2022-12-07,11.73,6.2
2022-12-08,11.72,5.9
2022-12-09,11.75,5.6
2022-12-10,12.01,5.3
2022-12-11,11.89,4.9
2022-12-12,11.76,4.5
2022-12-13,11.83,3.9
2022-12-14,12.17,3.4
2022-12-15,12.29,3.0
2022-12-16,12.05,2.7
2022-12-17,12.1,2.3
2022-12-18,12.36,1.7
2022-12-19,12.51,1.5
2022-12-20,12.55,1.7
2022-12-21,12.61,2.0
2022-12-22,12.69,2.6
2022-12-23,12.71,3.1
2022-12-24,13.04,3.6
2022-12-25,13.32,4.3
2022-12-26,12.86,5.6
2022-12-27,12.69,6.0
2022-12-28,12.71,5.9
2022-12-29,12.62,6.3
2022-12-30,12.47,6.4
2022-12-31,12.34,6.8
2023-01-01,12.4,6.9
2023-01-02,12.21,7.0
2023-01-03,12.22,7.1
2023-01-04,12.2,7.0
2023-01-05,11.84,7.5
2023-01-06,11.55,7.8
2023-01-07,11.53,7.9
2023-01-08,11.56,7.6
2023-01-09,11.43,7.6
2023-01-10,11.66,7.4
2023-01-11,11.75,7.3
2023-01-12,11.78,7.3
2023-01-13,11.9,7.3
2023-01-14,12.05,7.1
2023-01-15,12.0,7.1
2023-01-16,11.99,6.7
2023-01-17,11.96,6.3
2023-01-18,12.02,5.8
2023-01-19,12.32,5.1
2023-01-20,12.59,4.7
2023-01-21,12.94,4.3
2023-01-22,12.96,4.1
2023-01-23,12.87,4.0
2023-01-24,12.82,4.0
2023-01-25,12.75,4.0
2023-01-26,12.68,3.8
2023-01-27,12.65,3.7
2023-01-28,12.68,3.7
2023-01-29,12.61,3.6
2023-01-30,12.6,3.5
2023-01-31,12.7,3.5
2023-02-01,12.8,3.7
2023-02-02,12.81,4.1
2023-02-03,13.09,4.4
2023-02-04,13.32,4.5
2023-02-05,13.3,4.4
2023-02-06,13.41,4.3
2023-02-07,13.5,3.9
2023-02-08,13.61,3.3
2023-02-09,13.69,3.0
2023-02-10,13.8,2.8
2023-02-11,13.87,2.9
2023-02-12,13.49,3.3
2023-02-13,13.29,3.6
2023-02-14,13.19,3.5
2023-02-15,13.04,3.5
2023-02-16,13.06,3.7
2023-02-17,12.84,4.3
2023-02-18,12.56,5.4
2023-02-19,12.32,6.1
2023-02-20,12.17,6.5
2023-02-21,12.09,6.7
2023-02-22,12.21,7.1
2023-02-23,12.03,7.6
2023-02-24,11.71,8.0
2023-02-25,11.48,7.7
2023-02-26,11.59,7.0
2023-02-27,11.84,6.4
2023-02-28,12.16,5.9
2023-03-01,12.33,5.7
2023-03-02,12.44,5.7
2023-03-03,12.49,5.7
2023-03-04,12.56,5.5
2023-03-05,12.61,5.2
2023-03-06,12.69,5.0
2023-03-07,12.74,5.2
2023-03-08,12.57,5.2
2023-03-09,12.24,5.7
2023-03-10,12.28,6.2
2023-03-11,12.3,6.0
2023-03-12,12.22,6.1
2023-03-13,12.29,6.6
2023-03-14,12.15,6.8
2023-03-15,12.17,6.5
2023-03-16,12.22,6.8
2023-03-17,12.1,7.3
2023-03-18,12.03,7.6
2023-03-19,11.91,7.9
2023-03-20,11.78,8.2
2023-03-21,11.66,8.8
2023-03-22,11.51,9.4
2023-03-23,11.25,9.9
2023-03-24,11.03,10.3
2023-03-25,10.84,10.5
2023-03-26,10.81,10.4
2023-03-27,10.96,10.2
2023-03-28,11.31,9.8
2023-03-29,11.54,9.8
2023-03-30,11.36,10.0
2023-03-31,11.18,9.9
2023-04-01,11.18,9.7
2023-04-02,11.15,9.7
2023-04-03,11.27,9.5
2023-04-04,11.53,9.1
2023-04-05,11.67,8.7
2023-04-06,11.74,8.4
2023-04-07,11.66,8.6
2023-04-08,11.62,8.6
2023-04-09,11.67,8.9
2023-04-10,11.51,9.5
2023-04-11,11.24,10.3
2023-04-12,10.91,10.5
2023-04-13,10.76,10.5
2023-04-14,10.88,10.7
2023-04-15,10.84,10.7
2023-04-16,10.75,10.5
2023-04-17,10.92,10.3
2023-04-18,11.12,10.2
2023-04-19,11.13,10.5
2023-04-20,11.0,10.6
2023-04-21,10.95,11.1
2023-04-22,10.65,11.9
2023-04-23,10.28,12.9
2023-04-24,10.02,13.2
2023-04-25,9.94,13.1
2023-04-26,10.02,12.9
2023-04-27,10.04,13.1
2023-04-28,9.96,13.4
2023-04-29,9.61,13.6
2023-04-30,9.73,13.9
2023-05-01,9.8,14.0
2023-05-02,9.93,14.1
2023-05-03,10.11,14.1
2023-05-04,10.21,14.6
2023-05-05,10.16,15.3
2023-05-06,10.04,15.8
2023-05-07,9.96,16.3
2023-05-08,9.63,16.8
2023-05-09,9.8,17.0
2023-05-10,9.71,17.3
2023-05-11,9.51,17.0
2023-05-12,9.08,16.7
2023-05-13,9.03,16.6
2023-05-14,8.98,16.6
2023-05-15,8.94,16.9
2023-05-16,8.87,16.7
2023-05-17,9.05,15.8
2023-05-18,9.38,15.8
2023-05-19,9.42,15.9
2023-05-20,9.52,16.5
2023-05-21,9.5,17.4
2023-05-22,9.61,18.3
2023-05-23,9.34,18.6
2023-05-24,9.55,18.2
2023-05-25,9.96,18.4
2023-05-26,10.26,18.7
2023-05-27,10.73,19.0
2023-05-28,10.69,19.5
2023-05-29,10.76,20.2
2023-05-30,10.62,20.6
2023-05-31,10.31,20.7
2023-06-01,10.17,21.3
2023-06-02,9.84,21.3
2023-06-03,9.39,21.3
2023-06-04,9.17,21.6
2023-06-05,9.4,21.7
2023-06-06,9.61,21.9
2023-06-07,9.27,21.9
2023-06-08,8.92,22.1
2023-06-09,8.34,22.0
2023-06-10,7.97,22.3
2023-06-11,8.01,22.7
2023-06-12,8.51,23.0
2023-06-13,9.34,23.1
2023-06-14,10.09,23.1
2023-06-15,10.94,22.8
2023-06-16,13.6,22.8
2023-06-17,13.09,22.5
2023-06-19,12.54,23.7
2023-06-20,11.26,23.7
2023-06-21,9.18,24.6
2023-06-22,8.73,24.9
2023-06-23,7.25,24.4
2023-06-24,7.26,24.1
2023-06-25,7.3,24.2
2023-06-26,7.61,24.5
2023-06-27,8.09,24.4
2023-06-28,8.42,24.3
2023-06-29,8.36,24.2
2023-06-30,8.28,24.2
2023-07-01,8.06,23.7
2023-07-02,8.07,23.5
2023-07-03,8.39,23.2
2023-07-04,9.16,23.1
2023-07-05,9.16,23.0
2023-07-06,9.61,22.9
2023-07-07,9.36,22.7
2023-07-08,9.97,23.7
2023-07-09,10.59,24.4
2023-07-10,10.64,25.0
2023-07-11,10.74,25.4
2023-07-12,10.59,25.6
2023-07-13,10.37,25.3
2023-07-14,10.32,24.8
2023-07-15,11.14,24.9
2023-07-16,9.82,25.0
2023-07-17,10.02,24.9
2023-07-18,10.61,24.9
2023-07-19,10.69,25.1
2023-07-20,10.24,24.7
2023-07-21,10.23,24.3
2023-07-22,9.45,23.8
2023-07-23,9.27,23.7
2023-07-24,8.74,23.4
2023-07-25,8.29,22.9
2023-07-26,7.86,22.3
2023-07-27,7.37,21.6
2023-07-28,7.21,21.5
2023-07-29,7.17,21.6
2023-07-30,6.96,21.7
2023-07-31,6.79,21.5
2023-08-01,6.66,21.3
2023-08-02,6.47,20.7
2023-08-03,6.36,20.4
2023-08-04,7.13,20.1
2023-08-05,7.4,20.2
2023-08-06,7.22,20.1
2023-08-07,7.28,19.3
2023-08-08,7.86,18.8
2023-08-09,8.39,18.7
2023-08-10,8.94,18.5
2023-08-11,9.02,18.8
2023-08-12,8.49,19.3
2023-08-13,7.92,19.7
2023-08-14,7.82,20.2
2023-08-15,7.58,21.0
2023-08-16,7.51,21.5
2023-08-17,7.33,22.1
2023-08-18,7.22,22.4
2023-08-19,7.33,23.1
2023-08-20,7.38,23.8
2023-08-21,7.49,24.4
2023-08-22,7.41,24.9
2023-08-23,7.57,25.1
2023-08-24,7.55,24.9
2023-08-25,7.23,24.7
2023-08-26,6.72,24.4
2023-08-27,6.62,23.6
2023-08-28,6.64,22.8
2023-08-29,6.83,22.0
2023-08-30,6.9,21.6
2023-08-31,7.08,21.2
2023-09-01,7.14,20.8
2023-09-02,7.23,20.6
2023-09-03,7.39,20.8
2023-09-04,7.54,20.8
2023-09-05,7.8,20.8
2023-09-06,7.92,20.9
2023-09-07,8.16,21.0
2023-09-08,8.45,21.2
2023-09-09,8.32,21.3
2023-09-10,8.39,21.5
2023-09-11,8.36,21.7
2023-09-12,8.35,21.9
2023-09-13,8.14,22.1
2023-09-14,8.18,21.8
2023-09-15,8.23,21.5
2023-09-16,8.32,21.5
2023-09-17,8.39,21.6
2023-09-18,8.09,21.6
2023-09-19,7.72,21.2
2023-09-20,7.71,20.9
2023-09-21,7.49,20.7
2023-09-22,7.46,20.4
2023-09-23,7.58,19.8
2023-09-24,7.65,19.3
2023-09-25,7.87,19.0
2023-09-26,7.71,18.7
2023-09-27,7.56,18.7
2023-09-28,7.58,18.9
2023-09-29,7.8,18.9
2023-09-30,8.06,19.0
2023-10-01,8.08,18.7
2023-10-02,8.09,18.5
2023-10-03,8.13,18.4
2023-10-04,8.1,18.1
2023-10-05,8.16,17.6
2023-10-06,8.37,17.2
2023-10-07,8.36,16.9
2023-10-08,8.3,16.8
2023-10-09,8.2,16.6
2023-10-10,8.25,16.5
2023-10-11,8.27,16.5
2023-10-12,8.18,16.6
2023-10-13,8.01,16.7
2023-10-14,8.19,16.7
2023-10-15,8.32,15.9
2023-10-16,8.48,15.0
2023-10-17,8.65,14.3
2023-10-18,8.77,13.6
2023-10-19,8.68,13.6
2023-10-20,8.62,13.8
2023-10-21,8.7,13.9
2023-10-22,8.89,13.9
2023-10-23,8.91,13.7
2023-10-24,8.84,13.6
2023-10-25,8.7,13.4
2023-10-26,8.74,13.2
2023-10-27,8.96,12.9
2023-10-28,8.96,12.8
2023-10-29,8.84,12.7
2023-10-30,8.86,12.9
2023-10-31,9.08,12.9
2023-11-01,9.55,12.7
2023-11-02,9.3,12.4
2023-11-03,9.24,11.9
2023-11-04,9.35,11.5
2023-11-05,9.37,11.3
2023-11-06,9.33,11.2
2023-11-07,9.57,10.9
2023-11-08,9.78,10.6
2023-11-09,10.01,10.2
2023-11-10,10.23,10.0
2023-11-11,10.22,9.7
2023-11-12,10.37,9.2
2023-11-13,10.39,9.2
2023-11-14,10.46,9.4
2023-11-15,10.93,9.3
2023-11-16,11.33,9.2
2023-11-17,11.44,9.1
2023-11-18,11.56,8.9
2023-11-19,11.46,9.0
2023-11-20,11.47,9.0
2023-11-21,11.62,8.8
2023-11-22,11.76,8.3
2023-11-23,11.87,8.0
2023-11-24,11.69,8.0
2023-11-25,11.54,7.5
2023-11-26,11.77,7.0
2023-11-27,12.08,6.6
2023-11-28,12.01,6.1
2023-11-29,12.34,5.5
2023-11-30,12.57,5.2
2023-12-01,12.63,5.0
2023-12-02,12.6,4.6
2023-12-03,12.73,4.2
2023-12-04,12.7,3.6
2023-12-05,12.68,3.6
2023-12-06,12.48,4.0
2023-12-07,12.65,3.9
2023-12-08,13.03,3.6
2023-12-09,13.22,3.7
2023-12-10,13.0,4.3
2023-12-11,12.98,4.8
2023-12-12,12.84,5.3
2023-12-13,12.51,5.9
2023-12-14,12.43,6.3
2023-12-15,12.54,6.5
2023-12-16,12.58,6.6
2023-12-17,12.6,6.3
2023-12-18,12.69,5.9
2023-12-19,12.6,5.6
2023-12-20,12.57,5.7
2023-12-21,12.49,5.8
2023-12-22,12.37,5.9
2023-12-23,12.4,6.0
2023-12-24,12.35,6.5
2023-12-25,11.96,7.0
2023-12-26,11.71,7.3
2023-12-27,11.41,7.4
2023-12-28,11.57,7.3
2023-12-29,11.84,7.4
2023-12-30,12.0,7.3
2023-12-31,11.99,7.1
2024-01-01,11.87,7.1
2024-01-02,11.68,7.2
2024-01-03,11.51,7.4
2024-01-04,11.63,7.5
2024-01-05,11.65,7.4
2024-01-06,11.65,7.1
2024-01-07,11.81,6.5
2024-01-08,12.26,5.5
2024-01-09,12.93,4.4
2024-01-10,13.35,3.5
2024-01-11,13.65,2.8
2024-01-12,13.95,2.3
2024-01-13,14.0,2.2
2024-01-14,13.8,2.2
2024-01-15,13.73,2.2
2024-01-16,13.7,2.3
2024-01-17,13.51,2.2
2024-01-18,13.15,2.6
2024-01-19,13.4,2.5
2024-01-20,13.75,2.4
2024-01-21,13.76,2.1
2024-01-22,13.8,2.4
2024-01-23,13.34,3.1
2024-01-24,13.42,3.8
2024-01-25,13.41,4.2
2024-01-26,13.18,4.7
2024-01-27,13.02,5.1
2024-01-28,12.9,4.9
2024-01-29,13.01,4.8
2024-01-30,13.09,4.7
2024-01-31,13.1,4.8
2024-02-01,12.99,4.9
2024-02-02,12.98,4.8
2024-02-03,13.06,5.1
2024-02-04,12.81,5.7
2024-02-05,12.51,6.3
2024-02-06,12.28,6.6
2024-02-07,12.15,6.9
2024-02-08,11.96,7.2
2024-02-09,11.82,7.4
2024-02-10,11.66,7.6
2024-02-11,11.44,7.8
2024-02-12,11.47,7.9
2024-02-13,11.69,7.7
2024-02-14,11.84,7.6
2024-02-15,11.95,7.7
2024-02-16,12.04,7.7
2024-02-17,12.03,8.1
2024-02-18,11.94,8.5
2024-02-19,11.78,8.9
2024-02-20,11.67,9.1
2024-02-21,11.7,9.1
2024-02-22,11.52,9.1
2024-02-23,11.37,8.9
2024-02-24,11.56,8.3
2024-02-25,11.74,8.0
2024-02-26,11.73,7.7
2024-02-27,11.86,7.5
2024-02-28,11.97,7.6
2024-02-29,11.99,7.6
2024-03-01,11.98,7.6
2024-03-02,11.98,7.9
2024-03-03,11.82,8.2
2024-03-04,11.77,8.2
2024-03-05,11.68,8.3
2024-03-06,11.43,8.4
2024-03-07,11.33,8.4
2024-03-08,11.28,8.4
2024-03-09,11.26,8.4
2024-03-10,11.1,8.5
2024-03-11,10.99,8.9
2024-03-12,10.99,8.7
2024-03-13,11.09,8.9
2024-03-14,11.14,9.2
2024-03-15,11.03,9.5
2024-03-16,10.92,9.9
2024-03-17,11.01,10.0
2024-03-18,10.96,10.1
2024-03-19,10.96,10.3
2024-03-20,10.96,10.6
2024-03-21,10.95,11.0
2024-03-22,10.96,11.1
2024-03-23,10.9,11.2
2024-03-24,10.84,10.8
2024-03-25,10.92,10.5
2024-03-26,11.09,10.2
2024-03-27,11.11,10.4
2024-03-28,10.83,10.5
2024-03-29,10.79,10.2
2024-03-30,11.05,10.2
2024-03-31,11.07,10.4
2024-04-01,10.78,10.7
2024-04-02,10.57,10.8
2024-04-03,10.47,10.8
2024-04-04,10.18,10.9
2024-04-05,9.97,11.4
2024-04-06,10.29,12.3
2024-04-07,10.26,13.0
2024-04-08,10.08,13.7
2024-04-09,9.83,14.2
2024-04-10,9.61,14.0
2024-04-11,9.64,14.0
2024-04-12,10.03,14.6
2024-04-13,10.15,15.3
2024-04-14,10.24,15.9
2024-04-15,10.08,16.0
2024-04-16,10.11,15.3
2024-04-17,10.06,14.5
2024-04-18,10.26,13.7
2024-04-19,10.24,13.1
2024-04-20,10.34,12.6
2024-04-21,10.41,11.9
2024-04-22,10.89,11.1
2024-04-23,11.31,10.6
2024-04-24,11.24,10.2
2024-04-25,11.12,10.0
2024-04-26,11.08,9.8
2024-04-27,10.88,10.5
2024-04-28,10.71,11.3
2024-04-29,10.55,12.2
2024-04-30,10.67,13.1
2024-05-01,10.79,14.1
2024-05-02,10.56,15.0
2024-05-03,9.52,15.4
2024-05-04,8.73,15.3
2024-05-05,8.24,15.8
2024-05-06,8.25,16.3
2024-05-07,8.2,16.2
2024-05-08,8.22,15.8
2024-05-09,8.35,15.7
2024-05-10,8.61,16.3
2024-05-11,8.69,16.8
2024-05-12,8.64,17.4
2024-05-13,8.56,18.0
2024-05-14,8.59,18.6
2024-05-15,8.66,19.2
2024-05-16,8.49,19.5
2024-05-17,8.25,19.2
2024-05-18,8.14,18.8
2024-05-19,8.01,18.5
2024-05-20,8.04,18.8
2024-05-21,8.0,19.1
2024-05-22,7.88,18.9
2024-05-23,8.49,18.5
2024-05-24,8.61,18.3
2024-05-25,8.46,18.0
2024-05-26,8.47,18.3
2024-05-27,8.08,18.8
2024-05-28,7.79,19.0
2024-05-29,7.6,19.0
2024-05-30,7.57,18.9
2024-05-31,7.47,18.7
2024-06-01,7.77,18.1
2024-06-02,8.3,17.7
2024-06-03,8.64,17.6
2024-06-04,8.69,17.2
2024-06-05,8.54,17.4
2024-06-06,8.58,17.7
2024-06-07,8.59,18.3
2024-06-08,8.56,18.8
2024-06-09,8.41,19.3
2024-06-10,8.29,19.6
2024-06-11,8.3,19.5
2024-06-12,8.22,19.0
2024-06-13,8.19,19.2
2024-06-14,8.11,19.1
2024-06-15,8.04,19.0
2024-06-16,8.11,19.0
2024-06-17,7.96,19.2
2024-06-18,8.13,19.6
2024-06-19,8.18,20.1
2024-06-20,8.01,19.9
2024-06-21,7.91,20.1
2024-06-22,7.74,20.1
2024-06-23,7.81,20.6
2024-06-24,7.97,21.2
2024-06-25,7.98,21.9
2024-06-26,8.15,22.7
2024-06-27,8.14,23.5
2024-06-28,7.81,23.8
2024-06-29,7.71,24.0
2024-06-30,7.54,24.3
2024-07-01,6.87,23.5
2024-07-02,6.9,22.5
2024-07-03,6.87,21.7
2024-07-04,6.8,21.2
2024-07-05,7.05,21.0
2024-07-06,7.55,21.0
2024-07-07,7.58,20.8
2024-07-08,7.77,20.9
2024-07-09,7.98,21.6
2024-07-10,7.73,22.2
2024-07-11,7.64,22.5
2024-07-12,7.66,22.7
2024-07-13,7.74,22.6
2024-07-14,7.77,22.6
2024-07-15,7.82,23.0
2024-07-16,7.67,23.5
2024-07-17,7.61,23.5
2024-07-18,7.88,23.6
2024-07-19,8.06,24.0
2024-07-20,8.06,24.5
2024-07-21,7.78,24.9
2024-07-22,7.48,24.9
2024-07-23,7.42,24.7
2024-07-24,7.2,24.1
2024-07-25,7.43,23.9
2024-07-26,7.33,23.8
2024-07-27,6.94,23.7
2024-07-28,6.88,23.7
2024-07-29,7.21,23.8
2024-07-30,7.27,23.9
2024-07-31,7.15,24.3
2024-08-01,6.98,24.5
2024-08-02,6.93,24.3
2024-08-03,6.94,23.9
2024-08-04,6.65,23.7
2024-08-05,7.06,23.8
2024-08-06,7.73,23.9
2024-08-07,9.01,24.2
2024-08-08,9.22,23.8
2024-08-09,9.02,23.8
2024-08-10,8.24,23.9
2024-08-11,8.01,24.0
2024-08-12,7.79,24.4
2024-08-13,7.87,24.8
2024-08-14,7.57,25.3
2024-08-15,7.39,25.5
2024-08-16,7.99,25.7
2024-08-17,8.13,25.5
2024-08-18,7.98,25.2
2024-08-19,7.73,24.5
2024-08-20,7.2,23.9
2024-08-21,7.15,23.5
2024-08-22,7.26,23.2
2024-08-23,7.75,23.0
2024-08-24,7.91,23.1
2024-08-25,8.09,23.3
2024-08-26,8.31,22.9
2024-08-27,8.9,22.6
2024-08-28,9.66,23.0
2024-08-29,10.52,23.3
2024-08-30,11.21,23.9
2024-08-31,12.02,24.1
2024-09-01,12.38,24.3
2024-09-02,11.91,24.3
2024-09-03,10.98,24.2
2024-09-04,9.95,24.0
2024-09-05,9.78,23.9
2024-09-06,10.17,24.1
2024-09-07,9.76,24.1
2024-09-08,9.33,24.0
2024-09-09,7.97,23.4
2024-09-10,7.79,22.6
2024-09-11,7.72,21.6
2024-09-12,7.34,20.4
2024-09-13,7.38,19.3
2024-09-14,7.76,18.4
2024-09-15,7.91,17.8
2024-09-16,7.72,17.5
2024-09-17,7.78,17.4
2024-09-18,7.72,17.7
2024-09-19,7.77,17.9
2024-09-20,7.85,17.8
2024-09-21,7.77,17.7
2024-09-24,8.13,18.0
2024-09-25,8.06,17.8
2024-09-26,8.06,17.5
2024-09-27,7.97,17.1
2024-09-28,8.13,16.6
2024-09-29,8.5,16.0
2024-09-30,8.59,15.6
2024-10-01,8.38,15.7
2024-10-02,8.28,15.5
2024-10-03,8.41,15.2
2024-10-04,8.71,14.8
2024-10-05,9.03,14.3
2024-10-06,9.19,13.8
2024-10-07,9.06,13.7
2024-10-08,8.81,14.0
2024-10-09,9.07,14.0
2024-10-10,8.86,14.1
2024-10-11,9.03,14.0
2024-10-12,9.45,13.5
2024-10-13,9.61,13.5
2024-10-14,9.61,13.1
2024-10-15,9.46,12.9
2024-10-16,9.6,13.0
2024-10-17,9.7,13.0
2024-10-18,9.85,12.9
2024-10-19,9.75,13.1
2024-10-20,9.75,13.2
2024-10-21,9.5,13.3
2024-10-22,9.39,13.3
2024-10-23,9.21,13.1
2024-10-24,9.27,12.9
2024-10-25,9.25,12.8
2024-10-26,9.21,12.7
2024-10-27,9.12,12.8
2024-10-28,9.15,13.0
2024-10-29,9.12,13.0
2024-10-30,9.24,13.1
2024-10-31,9.01,13.2
2024-11-01,8.86,13.1
2024-11-02,8.94,12.9
2024-11-03,9.09,12.5
2024-11-04,9.0,12.0
2024-11-05,9.05,11.5
2024-11-06,8.82,11.2
2024-11-07,8.83,10.9
2024-11-08,9.05,10.5
2024-11-09,9.15,10.1
2024-11-10,9.06,9.9
2024-11-11,9.18,9.7
2024-11-12,9.2,9.7
2024-11-13,9.42,9.4
2024-11-14,9.48,9.2
2024-11-15,9.59,9.1
2024-11-16,9.93,8.9
2024-11-17,10.04,8.6
2024-11-18,9.88,8.4
2024-11-19,10.07,8.4
2024-11-20,10.55,8.1
2024-11-21,11.25,7.5
2024-11-22,11.65,6.7
2024-11-23,11.95,6.3
2024-11-24,11.85,6.4
2024-11-25,11.56,6.5
2024-11-26,11.66,6.8
2024-11-27,11.68,6.7
2024-11-28,11.76,6.7
2024-11-29,11.93,6.4
2024-11-30,11.99,6.0
2024-12-01,12.0,5.5
2024-12-02,11.99,5.5
2024-12-03,11.8,5.8
2024-12-04,11.79,5.7
2024-12-05,11.9,5.6
2024-12-06,12.04,5.7
2024-12-07,12.11,5.5
2024-12-08,12.26,5.3
2024-12-09,12.66,5.4
2024-12-10,12.73,5.6
2024-12-11,12.71,5.6
2024-12-12,12.77,5.6
2024-12-13,12.67,5.4
2024-12-14,12.46,5.2
2024-12-15,12.54,5.1
2024-12-16,12.36,5.3
2024-12-17,12.33,5.5
2024-12-18,12.27,5.7
2024-12-19,12.18,6.0
2024-12-20,12.06,6.0
2024-12-21,12.21,5.8
2024-12-22,12.38,5.9
2024-12-23,12.32,5.8
2024-12-24,12.57,5.7
2024-12-25,12.79,5.6
2024-12-26,12.98,5.2
2024-12-27,13.13,4.7
2024-12-28,12.95,4.3
2024-12-29,12.72,4.2
2024-12-30,12.49,4.1
2024-12-31,12.4,3.8
2025-01-01,12.51,3.6
2025-01-02,12.51,3.5
2025-01-03,12.63,3.5
2025-01-04,13.0,3.2
2025-01-05,13.0,3.0
2025-01-06,12.7,3.5
2025-01-07,12.84,3.8
2025-01-08,13.13,3.9
2025-01-09,13.05,4.3
2025-01-10,13.01,4.4
2025-01-11,13.14,4.2
2025-01-12,13.28,4.1
2025-01-13,13.55,3.5
2025-01-14,13.74,3.0
2025-01-15,13.69,3.1
2025-01-16,13.57,3.5
2025-01-17,13.45,3.4
2025-01-18,13.4,3.4
2025-01-19,13.26,3.2
2025-01-20,13.16,3.2
2025-01-21,12.99,3.1
2025-01-22,12.83,3.2
2025-01-23,12.75,3.5
2025-01-24,12.89,3.8
2025-01-25,12.9,4.0
2025-01-26,12.82,4.4
2025-01-27,12.72,4.6
2025-01-28,12.53,4.9
2025-01-29,12.41,5.1
2025-01-30,12.47,5.4
2025-01-31,12.6,5.6
2025-02-01,12.7,5.4
2025-02-02,12.68,5.0
2025-02-03,12.75,4.5
2025-02-04,12.69,4.3
2025-02-05,12.85,4.0
2025-02-06,12.93,4.0
2025-02-07,13.04,3.9
2025-02-08,13.14,3.6
2025-02-09,13.25,3.4
2025-02-10,13.33,3.3
2025-02-11,13.13,3.7
2025-02-12,12.87,4.0
2025-02-13,12.78,4.3
2025-02-14,12.95,4.2
2025-02-15,13.17,4.0
2025-02-16,13.15,3.9
2025-02-17,13.11,4.0
2025-02-18,13.08,3.8
2025-02-19,13.1,3.5
2025-02-20,13.08,3.4
2025-02-21,13.19,3.8
2025-02-22,13.26,4.2
2025-02-23,13.29,4.7
2025-02-24,13.31,4.8
2025-02-25,13.28,5.1
2025-02-26,12.88,5.4
2025-02-27,12.8,5.2
2025-02-28,12.76,5.4
2025-03-01,12.8,5.5
2025-03-02,12.8,5.8
2025-03-03,12.83,5.9
2025-03-04,12.75,6.1
2025-03-05,12.71,6.2
2025-03-06,12.79,6.4
2025-03-07,12.79,6.6
2025-03-08,12.8,6.8
2025-03-09,12.84,7.0
2025-03-10,12.8,7.2
2025-03-11,12.77,7.7
2025-03-12,12.34,7.9
2025-03-13,11.79,7.9
2025-03-14,11.8,7.8
2025-03-15,11.91,7.6
2025-03-16,12.08,7.7
2025-03-17,12.18,7.6
2025-03-18,12.37,7.5
2025-03-19,12.51,7.6
2025-03-20,12.62,7.9
2025-03-21,12.66,8.4
2025-03-22,12.85,9.0
2025-03-23,13.03,9.5
2025-03-24,12.51,10.1
2025-03-25,11.67,10.3
2025-03-26,12.0,10.5
2025-03-27,12.1,10.5
2025-03-28,12.34,10.8
2025-03-29,12.6,11.1
2025-03-30,12.47,11.0
2025-03-31,12.11,10.9
2025-04-04,12.56,12.3
2025-04-05,12.61,12.6
2025-04-06,12.45,12.3
2025-04-07,12.64,12.2
2025-04-08,12.92,12.3
2025-04-09,13.16,12.4
2025-04-10,13.11,12.6
2025-04-11,12.77,12.8
2025-04-12,12.81,13.2
2025-04-13,12.57,13.8
2025-04-14,12.13,14.2
2025-04-15,11.97,14.5
2025-04-16,11.72,14.9
2025-04-17,11.08,15.0
2025-04-18,10.24,14.7
2025-04-19,10.27,14.6
2025-04-20,10.47,15.1
2025-04-21,10.38,15.4
2025-04-22,10.36,15.4
2025-04-23,10.5,15.8
2025-04-24,9.81,16.0
2025-04-25,9.56,15.8
2025-04-26,9.28,15.7
2025-04-27,9.68,16.0
2025-04-28,9.86,16.3
2025-04-29,9.92,16.8
2025-04-30,9.95,17.3
2025-05-01,10.0,18.0
2025-05-02,10.09,18.6
2025-05-03,9.71,19.0
2025-05-04,9.05,18.9
2025-05-05,9.31,18.2
2025-05-06,9.67,17.8
2025-05-07,9.56,17.4
2025-05-08,9.55,17.3
2025-05-09,9.43,17.2
2025-05-10,9.5,17.4
2025-05-11,9.57,17.9
2025-05-12,9.61,18.4
2025-05-13,9.51,18.6
2025-05-14,9.65,19.2
2025-05-15,9.61,19.1
2025-05-16,9.65,18.8
2025-05-17,9.4,18.6
2025-05-18,9.39,18.4
2025-05-19,9.44,18.6
2025-05-20,9.54,19.1
2025-05-21,9.41,19.3
2025-05-22,8.99,18.9
2025-05-23,9.16,18.4
2025-05-24,9.35,18.3
2025-05-25,9.17,18.2
2025-05-26,9.16,18.5
2025-05-27,9.09,18.5
2025-05-28,8.77,18.6
2025-05-29,7.97,18.4
2025-05-30,8.38,19.1
2025-05-31,8.44,19.8
2025-06-01,8.15,20.4
2025-06-02,7.82,20.8
2025-06-03,8.04,21.0
2025-06-04,7.64,21.0
2025-06-05,7.4,20.7
2025-06-06,7.64,20.7
2025-06-07,7.81,20.7
2025-06-08,7.97,20.4
2025-06-09,8.25,20.1
2025-06-10,8.48,19.9
2025-06-11,8.74,20.4
2025-06-12,8.85,20.8
2025-06-13,9.14,21.5
2025-06-14,9.52,22.1
2025-06-15,9.63,22.9
2025-06-16,9.96,23.1
2025-06-17,10.36,23.1
2025-06-18,10.94,23.6
2025-06-19,10.84,24.1
2025-06-20,10.26,24.0
2025-06-21,11.3,24.4
2025-06-22,11.54,24.7
2025-06-23,10.95,24.9
2025-06-24,10.89,24.8
2025-06-25,11.61,25.3
2025-06-26,11.23,25.4
2025-06-27,11.4,25.1
2025-06-28,13.2,25.4
2025-06-29,13.74,25.8
2025-06-30,14.24,26.5
2025-07-01,15.61,27.0
2025-07-02,16.91,27.4
2025-07-03,15.73,26.8
2025-07-04,15.06,26.6
2025-07-05,14.98,26.6
2025-07-06,13.39,25.9
2025-07-07,11.07,25.2
2025-07-08,9.61,24.5
2025-07-09,8.13,23.6
2025-07-10,10.2,23.5
2025-07-11,11.72,23.3
2025-07-12,12.33,23.3
2025-07-13,11.71,23.3
2025-07-14,10.77,23.2
2025-07-15,9.86,23.3
2025-07-16,8.84,22.9
2025-07-17,9.1,22.6
2025-07-18,10.17,22.7
2025-07-19,11.31,23.0
2025-07-20,11.8,23.6
2025-07-21,9.94,23.5
2025-07-22,8.46,23.0
2025-07-23,7.77,22.8
2025-07-24,8.24,22.7
2025-07-25,8.52,22.9
2025-07-26,7.11,22.8
2025-07-27,5.89,22.7
2025-07-28,6.71,22.5
2025-07-29,7.83,22.5
2025-07-30,7.45,22.2
2025-07-31,7.04,21.9
2025-08-01,7.24,21.9
2025-08-02,6.9,21.8
2025-08-03,6.85,21.5
2025-08-04,6.62,21.1
2025-08-05,6.87,21.3
2025-08-06,7.16,21.2
2025-08-07,8.25,21.5
2025-08-08,9.52,22.2
2025-08-09,9.79,22.7
2025-08-10,10.19,23.1
2025-08-11,10.02,23.0
2025-08-12,10.77,23.3
2025-08-13,11.98,24.1
2025-08-14,10.34,24.4
2025-08-15,10.59,25.3
2025-08-16,9.71,25.4
2025-08-17,9.72,25.1
2025-08-18,10.21,24.6
2025-08-19,11.56,24.7
2025-08-20,11.65,24.8
2025-08-21,11.28,24.6
2025-08-22,11.65,24.0
2025-08-23,10.59,23.0
2025-08-24,10.05,22.4
2025-08-25,10.74,22.5
2025-08-26,10.44,22.0
2025-08-27,9.94,22.3
2025-08-28,9.38,22.4
2025-08-29,8.76,22.3
2025-08-30,8.5,22.1
2025-08-31,8.1,21.8
2025-09-01,7.92,21.7
2025-09-02,7.68,21.5
2025-09-03,7.58,21.1
2025-09-04,7.55,21.2
2025-09-05,7.37,21.1
2025-09-06,7.44,20.8
2025-09-07,7.71,20.7
2025-09-08,7.8,20.6
2025-09-09,7.25,20.3
2025-09-10,6.66,19.8
2025-09-11,7.12,19.5
2025-09-12,7.48,19.3
2025-09-13,7.6,19.1
2025-09-14,7.77,19.2
2025-09-15,7.71,19.4
2025-09-16,7.72,19.2
2025-09-17,7.85,18.7
2025-09-18,7.92,18.7
2025-09-19,7.8,18.8
2025-09-20,7.9,19.0
2025-09-21,7.75,19.2
2025-09-22,7.54,18.7
2025-09-23,7.56,18.0
2025-09-24,8.53,17.0
2025-09-25,8.21,16.3
2025-09-26,8.42,16.0
2025-09-27,8.6,15.8
2025-09-28,8.27,15.6
2025-09-29,8.07,15.4
2025-09-30,7.95,15.3
2025-10-01,7.88,15.0
2025-10-02,7.96,14.8
2025-10-03,7.91,14.5
2025-10-04,8.04,14.4
2025-10-05,7.96,14.2
2025-10-06,8.28,14.0
2025-10-07,8.59,13.9
2025-10-08,8.64,14.1
2025-10-09,8.69,14.4
2025-10-10,8.75,14.4
2025-10-11,8.75,14.3
2025-10-12,8.6,14.2
2025-10-13,8.62,14.0
2025-10-14,8.59,14.0
2025-10-15,8.57,14.0
2025-10-16,8.65,13.8
2025-10-17,8.73,13.6
2025-10-18,8.83,13.6
2025-10-19,8.75,13.1
2025-10-20,8.65,13.0
2025-10-21,8.61,13.1
2025-10-22,8.75,13.4
2025-10-23,8.49,13.5
2025-10-24,8.93,13.0
2025-10-25,9.6,12.4
2025-10-26,9.97,11.8
2025-10-27,10.17,11.4
2025-10-28,10.3,11.1
2025-10-29,10.42,11.1
2025-10-30,10.52,11.1
2025-10-31,10.86,10.6
2025-11-01,11.12,10.3
2025-11-02,10.95,10.5
2025-11-03,10.78,10.5
2025-11-04,10.81,10.6
2025-11-05,10.82,10.3
2025-11-06,10.7,9.9
2025-11-07,10.59,9.7
2025-11-08,10.49,9.6
2025-11-09,10.4,9.7
2025-11-10,10.47,9.7
2025-11-11,10.46,9.7
2025-11-12,10.51,9.5
2025-11-13,10.56,9.3
2025-11-14,10.47,9.1
2025-11-15,10.46,9.1
2025-11-16,10.38,9.1
2025-11-17,10.25,9.0
2025-11-18,10.33,8.4
2025-11-19,10.46,8.0
2025-11-20,10.66,7.7
2025-11-21,10.71,6.8
2025-11-22,10.64,6.0
2025-11-23,10.92,5.4
2025-11-24,11.08,5.4
2025-11-25,10.84,5.7
2025-11-26,10.99,5.8
2025-11-27,11.38,5.7
2025-11-28,11.61,5.6
2025-11-29,11.43,5.6
2025-11-30,11.5,5.5
2025-12-01,11.61,5.2
2025-12-02,11.8,4.9
2025-12-03,11.77,4.8
2025-12-04,11.72,4.8
2025-12-05,11.63,4.9
2025-12-06,11.63,5.1
2025-12-07,11.57,5.3
2025-12-08,11.45,5.8
2025-12-15,11.42,7.4
2025-12-16,11.15,7.1
2025-12-17,11.14,7.0
2025-12-18,11.1,6.8
2025-12-19,11.19,6.6
2025-12-20,11.2,6.6
2025-12-21,11.2,6.4
2025-12-22,11.23,6.1
2025-12-23,11.33,6.0
2025-12-24,11.53,5.5
2025-12-25,11.78,4.6
2025-12-26,11.97,4.2
2025-12-27,12.19,3.7
2025-12-28,12.33,3.4
2025-12-29,12.5,2.9
2025-12-30,12.58,2.8
2025-12-31,12.6,2.5
