date,oxygen_mg_l,temp_spot_c
1998-01-01,,5.3
1998-01-02,,5.6
1998-01-03,,5.6
1998-01-04,,5.7
1998-01-05,,6.1
1998-01-06,,5.8
1998-01-07,,6.6
1998-01-08,,6.9
1998-01-09,,7.1
1998-01-10,,6.5
1998-01-11,,6.1
1998-01-12,,6.3
1998-01-13,,6.4
1998-01-14,,6.4
1998-01-15,,5.8
1998-01-16,,6.0
1998-01-17,,6.0
1998-01-18,,5.6
1998-01-19,,5.4
1998-01-20,,5.3
1998-01-21,,5.2
1998-01-22,,4.8
1998-01-23,,4.7
1998-01-24,,4.5
1998-01-25,,4.3
1998-01-26,,3.9
1998-01-27,,3.4
1998-01-28,,2.9
1998-01-29,,2.8
1998-01-30,,2.7
1998-01-31,,2.6
1998-02-01,,2.2
1998-02-02,,1.6
1998-02-03,,1.4
1998-02-04,,1.4
1998-02-05,,1.3
1998-02-06,,1.5
1998-02-07,,1.4
1998-02-08,,1.5
1998-02-09,,1.6
1998-02-10,,2.0
1998-02-11,,2.1
1998-02-12,,2.2
1998-02-13,,2.7
1998-02-14,,3.1
1998-02-15,,3.5
1998-02-16,,3.7
1998-02-17,,4.4
1998-02-18,,4.7
1998-02-19,,5.2
1998-02-20,,5.7
1998-02-21,,6.2
1998-02-22,,6.5
1998-02-23,,6.5
1998-02-24,,6.8
1998-02-25,,7.0
1998-02-26,,7.4
1998-02-27,,7.6
1998-02-28,,7.6
1998-03-01,,7.4
1998-03-02,,7.9
1998-03-03,,8.3
1998-03-04,,8.5
1998-03-05,,9.0
1998-03-06,,8.9
1998-03-07,,8.0
1998-03-08,,7.9
1998-03-09,,8.0
1998-03-10,,8.1
1998-03-11,,9.9
1998-03-12,,7.6
1998-03-13,,7.1
1998-03-14,,6.5
1998-03-15,,6.5
1998-03-16,,7.4
1998-03-17,,7.8
1998-03-18,,8.0
1998-03-19,,8.3
1998-03-20,,8.5
1998-03-21,,8.2
1998-03-22,,7.4
1998-03-23,,7.3
1998-03-24,,7.3
1998-03-25,,7.3
1998-03-26,,7.4
1998-03-27,,7.6
1998-03-28,,7.9
1998-03-29,,8.5
1998-03-30,,9.4
1998-03-31,,10.1
1998-04-01,,10.5
1998-04-02,,10.7
1998-04-03,,11.0
1998-04-04,,11.1
1998-04-05,,10.9
1998-04-06,,11.0
1998-04-07,,11.2
1998-04-08,,10.9
1998-04-09,,10.9
1998-04-10,,11.1
1998-04-11,,11.2
1998-04-12,,10.8
1998-04-13,,10.5
1998-04-14,,10.6
1998-04-15,,10.3
1998-04-16,,10.1
1998-04-17,,10.1
1998-04-18,,10.3
1998-04-19,,10.3
1998-04-20,,10.2
1998-04-21,,10.7
1998-04-22,,11.4
1998-04-23,,12.2
1998-04-24,,12.9
1998-04-25,,12.9
1998-04-26,,13.1
1998-04-27,,13.5
1998-04-28,,13.7
1998-04-29,,13.4
1998-04-30,,13.6
1998-05-01,,14.2
1998-05-02,,14.5
1998-05-03,,14.3
1998-05-04,,14.1
1998-05-05,,13.9
1998-05-06,,14.0
1998-05-07,,14.2
1998-05-08,,14.8
1998-05-09,,15.5
1998-05-10,,16.4
1998-05-11,,17.4
1998-05-12,,18.4
1998-05-13,,19.3
1998-05-14,,19.8
1998-05-15,,20.0
1998-05-16,,20.0
1998-05-17,,19.8
1998-05-18,,19.3
1998-05-19,,19.5
1998-05-20,,20.1
1998-05-21,,20.1
1998-05-22,,19.1
1998-05-23,,18.8
1998-05-24,,18.8
1998-05-25,,18.5
1998-05-26,,18.2
1998-05-27,,18.6
1998-05-28,,18.8
1998-05-29,,19.3
1998-05-30,,19.3
1998-05-31,,19.4
1998-06-01,,19.2
1998-06-02,,19.2
1998-06-03,,19.9
1998-06-04,,20.3
1998-06-05,,21.2
1998-06-06,,22.1
1998-06-07,,22.6
1998-06-08,,22.4
1998-06-09,,22.5
1998-06-13,,20.0
1998-06-14,,19.5
1998-06-15,,19.4
1998-06-16,,19.6
1998-06-17,,19.6
1998-06-18,,19.5
1998-06-19,,19.8
1998-06-20,,20.3
1998-06-21,,21.5
1998-06-22,,21.8
1998-06-23,,22.1
1998-06-24,,22.6
1998-06-25,,23.0
1998-06-26,,23.2
1998-06-27,,23.5
1998-06-28,,22.9
1998-06-29,,22.2
1998-06-30,,22.1
1998-07-01,,22.2
1998-07-02,,22.1
1998-07-03,,22.2
1998-07-04,,22.0
1998-07-05,,21.9
1998-07-06,,21.0
1998-07-07,,20.6
1998-07-08,,19.8
1998-07-09,,19.3
1998-07-10,,19.0
1998-07-11,,19.3
1998-07-12,,18.9
1998-07-13,,18.7
1998-07-14,,19.1
1998-07-15,,19.2
1998-07-16,,19.1
1998-07-17,,19.0
1998-07-18,,19.3
1998-07-19,,19.6
1998-07-20,,20.5
1998-07-21,,21.6
1998-07-22,,22.2
1998-07-23,,22.4
1998-07-24,,22.6
1998-07-25,,22.6
1998-07-26,,22.7
1998-07-27,,22.7
1998-07-28,,22.6
1998-07-29,,22.6
1998-07-30,,22.0
1998-07-31,,21.5
1998-08-03,,21.1
1998-08-04,,21.3
1998-08-05,,21.4
1998-08-06,,21.7
1998-08-07,,22.3
1998-08-08,,23.0
1998-08-09,,23.4
1998-08-10,,23.5
1998-08-11,,24.0
1998-08-12,,24.9
1998-08-13,,24.9
1998-08-14,,24.6
1998-08-15,,24.3
1998-08-16,,24.3
1998-08-17,,24.2
1998-08-18,,24.2
1998-08-19,,24.2
1998-08-20,,24.1
1998-08-21,,22.8
1998-08-22,,21.9
1998-08-23,,20.9
1998-08-24,,20.4
1998-08-25,,20.1
1998-08-26,,20.1
1998-08-27,,19.7
1998-08-28,,19.2
1998-08-29,,18.9
1998-08-30,,18.7
1998-08-31,,18.9
1998-09-01,,18.8
1998-09-02,,18.8
1998-09-03,,18.8
1998-09-04,,18.7
1998-09-05,,18.5
1998-09-06,,18.3
1998-09-07,,17.9
1998-09-08,,18.0
1998-09-09,,18.2
1998-09-10,,18.4
1998-09-11,,18.5
1998-09-12,,18.2
1998-09-13,,17.6
1998-09-14,,16.5
1998-09-15,,15.5
1998-09-16,,15.1
1998-09-17,,14.6
1998-09-18,,14.0
1998-09-19,,13.6
1998-09-20,,13.4
1998-09-21,,13.2
1998-09-22,,13.5
1998-10-07,,13.2
1998-10-08,,12.7
1998-10-09,,12.6
1998-10-10,,12.3
1998-10-11,,11.9
1998-10-12,,12.0
1998-10-13,,12.0
1998-10-14,,11.9
1998-10-15,,12.7
1998-10-16,,13.1
1998-10-17,,13.3
1998-10-18,,13.2
1998-10-19,,12.9
1998-10-20,,12.6
1998-10-21,,12.4
1998-10-22,,12.5
1998-10-23,,12.6
1998-10-24,,12.9
1998-10-25,,12.7
1998-10-26,,12.4
1998-10-27,,12.0
1998-10-28,,12.0
1998-10-29,,14.4
1998-10-30,,15.3
1998-10-31,,14.9
1998-11-01,,14.5
1998-11-02,,14.3
1998-11-03,,14.2
1998-11-04,,14.7
1998-11-05,,14.8
1998-11-06,,14.7
1998-11-07,,14.7
1998-11-08,,14.5
1998-11-09,,14.4
1998-11-10,,14.5
1998-11-11,,14.9
1998-11-12,,14.8
1998-11-13,,14.1
1998-11-14,,13.9
1998-11-15,,13.7
1998-11-16,,13.6
1998-11-17,,13.4
1998-11-18,,13.1
1998-11-19,,12.7
1998-11-20,,12.6
1998-11-21,,12.0
1998-11-22,,11.6
1998-11-23,,11.1
1998-11-24,,10.8
1998-11-25,,10.7
1998-11-26,,10.7
1998-11-27,,10.7
1998-11-28,,10.8
1998-11-29,,10.9
1998-12-01,,10.7
1998-12-02,,9.4
1998-12-03,,7.8
1998-12-04,,5.7
1998-12-05,,5.3
1998-12-06,,5.0
1998-12-07,,5.3
1998-12-08,,5.2
1998-12-09,,5.1
1998-12-10,,4.9
1998-12-11,,8.8
1998-12-12,,4.9
1998-12-14,,5.2
1998-12-15,,5.5
1998-12-16,,5.8
1998-12-17,,5.7
1998-12-18,,6.0
1998-12-19,,6.1
1998-12-20,,6.2
1998-12-21,,6.4
1998-12-22,,6.2
1998-12-23,,5.9
1998-12-24,,5.3
1998-12-25,,5.1
1998-12-26,,5.3
1998-12-27,,5.8
1998-12-28,,6.6
1998-12-29,,6.4
1998-12-30,,6.2
1998-12-31,,5.9
1999-01-01,,5.6
1999-01-02,,5.3
1999-01-03,,5.3
1999-01-04,,5.8
1999-01-05,,6.9
1999-01-06,,6.7
1999-01-07,,6.7
1999-01-08,,7.0
1999-01-09,,6.8
1999-01-10,,6.7
1999-01-11,,6.8
1999-01-12,,6.2
1999-01-13,,5.9
1999-01-14,,5.7
1999-01-15,,5.6
1999-01-16,,5.6
1999-01-17,,5.8
1999-01-18,,6.0
1999-01-19,,6.1
1999-01-20,,6.1
1999-01-21,,6.0
1999-01-22,,5.9
1999-01-23,,5.6
1999-01-24,,5.2
1999-01-25,,5.6
1999-01-26,,6.1
1999-01-27,,6.2
1999-01-28,,6.1
1999-01-29,,6.0
1999-01-30,,5.4
1999-01-31,,4.8
1999-02-01,,4.9
1999-02-02,,5.0
1999-02-03,,5.1
1999-02-04,,5.4
1999-02-05,,5.4
1999-02-06,,5.5
1999-02-07,,5.4
1999-02-08,,5.1
1999-02-09,,5.3
1999-02-10,,5.2
1999-02-11,,4.8
1999-02-12,,4.2
1999-02-13,,3.5
1999-02-14,,3.4
1999-02-15,,3.3
1999-02-19,,4.4
1999-02-20,,5.0
1999-02-21,,5.1
1999-02-24,,5.0
1999-02-25,,5.0
1999-02-26,,4.8
1999-03-01,,6.4
1999-03-02,,7.1
1999-03-03,,7.6
1999-03-04,,8.2
1999-03-05,,8.4
1999-03-09,,7.9
1999-03-10,,7.8
1999-03-11,,7.8
1999-03-12,,7.7
1999-03-15,,9.0
1999-03-16,,9.0
1999-03-17,,9.2
1999-03-26,,9.7
1999-03-27,,9.7
1999-03-28,,9.6
1999-03-29,,9.6
1999-03-30,,10.2
1999-03-31,,10.2
1999-04-01,,10.3
1999-04-03,,11.4
1999-04-04,,11.6
1999-04-05,,12.0
1999-04-06,,12.7
1999-04-07,,13.3
1999-04-08,,13.2
1999-04-09,,13.1
1999-04-10,,13.2
1999-04-11,,13.3
1999-04-12,,13.4
1999-04-13,,13.0
1999-04-14,,12.6
1999-04-15,,11.7
1999-04-16,,11.6
1999-04-17,,11.4
1999-04-18,,11.3
1999-04-19,,11.1
1999-04-20,,10.9
1999-04-21,,11.6
1999-04-22,,11.6
1999-04-23,,11.9
1999-04-24,,12.3
1999-04-25,,12.7
1999-04-26,,13.0
1999-04-27,,13.6
1999-04-28,,14.1
1999-04-29,,14.5
1999-04-30,,14.9
1999-05-01,,16.0
1999-05-02,,16.0
1999-05-03,,16.2
1999-05-04,,16.8
1999-05-05,,17.1
1999-05-06,,16.8
1999-05-07,,16.2
1999-05-08,,16.1
1999-05-09,,16.5
1999-05-10,,16.4
1999-05-11,,16.5
1999-05-12,,16.4
1999-05-13,,16.5
1999-05-14,,16.8
1999-05-15,,16.9
1999-05-16,,16.7
1999-05-17,,16.7
1999-05-18,,16.5
1999-05-19,,17.4
1999-05-20,,17.4
1999-05-21,,17.6
1999-05-22,,17.7
1999-05-23,,17.4
1999-05-24,,17.3
1999-05-25,,17.5
1999-05-26,,17.8
1999-05-27,,18.8
1999-05-28,,18.8
1999-05-29,,19.5
1999-05-30,,20.9
1999-05-31,,21.4
1999-06-01,,21.8
1999-06-02,,21.8
1999-06-03,,22.4
1999-06-04,,22.4
1999-06-05,,22.2
1999-06-06,,20.7
1999-06-07,,20.5
1999-06-08,,20.9
1999-06-09,,20.9
1999-06-10,,20.7
1999-06-11,,20.7
1999-06-12,,20.2
1999-06-13,,19.9
1999-06-14,,19.8
1999-06-15,,20.2
1999-06-16,,20.2
1999-06-17,,20.2
1999-06-18,,19.6
1999-06-19,,20.3
1999-06-20,,20.6
1999-06-21,,20.1
1999-06-22,,20.0
1999-06-23,,19.7
1999-06-24,,20.0
1999-06-25,,20.0
1999-06-26,,20.3
1999-06-27,,20.8
1999-06-28,,21.0
1999-06-29,,20.9
1999-06-30,,20.9
1999-07-01,,21.0
1999-07-02,,21.3
1999-07-03,,21.9
1999-07-04,,22.6
1999-07-05,,23.3
1999-07-06,,23.8
1999-07-07,,24.1
1999-07-08,,22.7
1999-07-09,,22.3
1999-07-12,,20.7
1999-07-13,,21.0
1999-07-14,,21.9
1999-07-15,,21.9
1999-07-16,,22.5
1999-07-17,,21.9
1999-07-18,,22.0
1999-07-19,,22.5
1999-07-20,,23.2
1999-07-21,,23.4
1999-07-22,,23.4
1999-07-23,,22.7
1999-07-24,,22.2
1999-07-25,,21.5
1999-07-26,,22.5
1999-07-27,,22.9
1999-07-28,,23.3
1999-07-29,,23.3
1999-07-30,,23.6
1999-07-31,,23.6
1999-08-01,,23.8
1999-08-02,,23.9
1999-08-03,,23.7
1999-08-04,,23.7
1999-08-05,,23.7
1999-08-06,,23.9
1999-08-07,,24.0
1999-08-08,,23.9
1999-08-09,,23.6
1999-08-10,,23.4
1999-08-11,,23.4
1999-08-12,,22.9
1999-08-13,,22.9
1999-08-14,,22.4
1999-08-15,,21.5
1999-08-16,,21.5
1999-08-17,,21.2
1999-08-18,,21.1
1999-08-19,,20.8
1999-08-20,,20.6
1999-08-21,,20.2
1999-08-22,,20.2
1999-08-23,,20.1
1999-08-24,,20.1
1999-08-25,,20.4
1999-08-26,,21.0
1999-08-27,,20.9
1999-08-28,,21.2
1999-08-29,,21.2
1999-08-30,,21.3
1999-08-31,,20.8
1999-09-01,,21.1
1999-09-02,,20.9
1999-09-03,,20.7
1999-09-04,,20.8
1999-09-05,,20.8
1999-09-06,,21.2
1999-09-07,,21.0
1999-09-08,,21.3
1999-09-09,,21.3
1999-09-10,,21.4
1999-09-11,,21.7
1999-09-12,,21.4
1999-09-13,,21.5
1999-09-14,,21.5
1999-09-15,,21.8
1999-09-16,,22.0
1999-09-17,,21.9
1999-09-18,,21.3
1999-09-19,,21.0
1999-09-20,,21.0
1999-09-21,,21.3
1999-09-22,,20.9
1999-09-23,,20.9
1999-09-24,,20.3
1999-09-25,,20.2
1999-09-26,,20.3
1999-09-27,,20.0
1999-09-28,,19.3
1999-09-29,,19.0
1999-09-30,,19.0
1999-10-01,,18.6
1999-10-03,,17.2
1999-10-04,,16.6
1999-10-05,,16.3
1999-12-10,10.82,6.3
1999-12-14,12.55,6.7
1999-12-15,12.49,6.5
1999-12-16,12.6,6.0
1999-12-17,13.06,5.5
1999-12-18,13.36,5.4
1999-12-19,13.65,5.2
1999-12-20,14.12,4.8
1999-12-21,14.4,4.6
2000-01-02,9.72,17.7
2000-01-03,10.1,17.4
2000-01-04,10.9,17.4
2000-01-05,,18.0
2000-01-06,,17.8
2000-01-07,,18.1
2000-01-08,,18.4
2000-01-09,,18.7
2000-01-10,,18.7
2000-01-11,,18.6
2000-01-12,,17.9
2000-01-13,,17.0
2000-01-14,,16.6
2000-01-15,,16.9
2000-01-16,,17.0
2000-01-17,,17.3
2000-01-18,,17.6
2000-01-19,,15.8
2000-01-20,,11.9
2000-01-21,,10.6
2000-01-22,,9.7
2000-01-23,,9.1
2000-01-24,,8.2
2000-01-25,,7.3
2000-01-26,,6.3
2000-01-27,,5.9
2000-02-15,,7.2
2000-02-16,,7.3
2000-02-17,,7.1
2000-02-18,,6.7
2000-02-19,,6.5
2000-02-20,,6.5
2000-02-21,,6.3
2000-02-22,,6.1
2000-02-23,,6.1
2000-02-24,,6.1
2000-02-25,11.85,5.9
2000-02-26,11.73,5.9
2000-02-27,11.9,5.9
2000-02-28,11.92,6.1
2000-02-29,11.78,6.4
2000-03-01,11.45,6.9
2000-03-02,11.53,6.9
2000-03-03,12.05,6.9
2000-03-04,12.42,6.6
2000-03-05,12.55,6.4
2000-03-06,12.66,6.5
2000-03-07,12.64,6.4
2000-03-08,12.63,6.7
2000-03-09,12.43,7.4
2000-03-10,12.27,7.9
2000-03-11,12.32,8.2
2000-03-12,12.23,8.3
2000-03-13,12.15,8.5
2000-03-14,11.97,8.8
2000-03-15,11.92,8.6
2000-03-16,12.07,8.3
2000-03-17,12.2,8.2
2000-03-18,12.21,8.1
2000-03-19,12.2,8.2
2000-03-20,12.31,8.1
2000-03-21,12.25,8.1
2000-03-22,12.18,8.3
2000-03-23,12.13,8.6
2000-03-24,11.44,9.1
2000-03-25,10.81,9.5
2000-03-26,10.72,9.8
2000-03-27,10.63,9.8
2000-03-28,10.61,9.7
2000-03-29,10.69,9.5
2000-03-30,10.58,9.4
2000-03-31,10.7,9.1
2000-04-01,10.91,8.8
2000-04-02,11.04,8.9
2000-04-03,10.95,9.3
2000-04-04,10.69,9.4
2000-04-05,10.69,9.3
2000-04-06,10.6,9.3
2000-04-07,10.63,9.6
2000-04-08,10.63,9.9
2000-04-09,10.5,10.4
2000-04-10,10.33,10.9
2000-04-11,10.27,11.1
2000-04-12,10.17,11.3
2000-04-13,10.21,11.2
2000-04-14,10.39,11.2
2000-04-15,10.36,10.6
2000-04-16,10.69,10.5
2000-04-17,11.02,10.9
2000-04-18,11.2,10.9
2000-04-19,11.5,11.1
2000-04-20,11.94,11.6
2000-04-21,12.09,12.4
2000-04-22,12.53,13.1
2000-04-23,13.16,14.0
2000-04-24,13.16,14.2
2000-04-25,13.3,14.1
2000-04-26,14.15,14.7
2000-04-27,14.52,15.3
2000-04-28,14.67,15.8
2000-04-29,14.17,15.9
2000-04-30,12.77,15.9
2000-05-01,12.04,16.2
2000-05-02,10.27,16.5
2000-05-03,10.03,17.0
2000-05-04,10.28,17.6
2000-05-05,9.92,18.0
2000-05-06,10.21,18.4
2000-05-07,10.61,18.9
2000-05-08,12.61,19.2
2000-05-09,13.6,19.5
2000-05-10,12.45,20.0
2000-05-11,11.87,20.4
2000-05-12,11.43,20.5
2000-05-13,11.69,20.6
2000-05-14,12.34,20.8
2000-05-15,12.96,21.1
2000-05-16,13.2,21.3
2000-05-17,13.24,21.4
2000-05-18,12.64,20.8
2000-05-19,12.05,20.0
2000-05-20,11.15,19.2
2000-05-21,10.29,18.6
2000-05-22,9.03,17.9
2000-05-23,8.36,17.5
2000-05-24,8.76,17.8
2000-05-25,8.45,17.9
2000-05-26,8.38,18.0
2000-05-27,8.89,18.3
2000-05-28,8.88,17.7
2000-05-29,8.86,17.1
2000-05-30,9.29,16.8
2000-05-31,9.46,16.7
2000-06-01,9.85,16.9
2000-06-02,10.3,17.7
2000-06-03,10.8,18.9
2000-06-04,11.08,19.7
2000-06-05,11.16,20.3
2000-06-06,10.69,20.3
2000-06-07,10.44,19.7
2000-06-08,10.31,19.5
2000-06-09,10.76,20.1
2000-06-10,10.91,21.1
2000-06-11,10.22,21.6
2000-06-12,8.79,21.7
2000-06-13,7.45,22.1
2000-06-14,6.82,22.7
2000-06-15,6.66,22.5
2000-06-16,6.67,22.3
2000-06-17,6.4,22.1
2000-06-18,6.64,22.2
2000-06-19,6.97,22.7
2000-06-20,7.0,23.3
2000-06-21,6.59,23.9
2000-06-22,6.18,24.0
2000-06-23,8.64,23.4
2000-06-24,8.21,22.7
2000-06-25,7.45,21.8
2000-06-26,7.26,21.1
2000-06-27,,20.6
2000-06-28,,20.6
2000-06-29,8.18,20.5
2000-06-30,,20.6
2000-07-01,,20.8
2000-07-02,,21.4
2000-07-03,,21.8
2000-07-04,,21.6
2000-07-05,,21.0
2000-07-06,,20.8
2000-07-07,6.2,20.8
2000-07-08,6.15,20.2
2000-07-09,6.1,19.7
2000-07-10,,19.5
2000-07-11,6.13,19.2
2000-07-12,6.46,18.8
2000-07-13,6.44,18.5
2000-07-14,6.44,18.1
2000-07-15,6.71,17.7
2000-07-16,6.75,17.7
2000-07-17,6.93,17.7
2000-07-18,7.17,17.9
2000-07-19,6.98,17.8
2000-07-20,6.77,18.0
2000-07-21,7.05,19.3
2000-07-22,7.32,19.8
2000-07-23,6.98,20.5
2000-07-24,7.44,19.7
2000-07-25,7.13,19.4
2000-07-26,7.2,19.3
2000-07-27,7.0,19.2
2000-07-28,6.72,19.3
2000-07-29,6.76,19.6
2000-07-30,6.9,19.5
2000-07-31,6.87,19.7
2000-08-01,6.77,20.3
2000-08-02,6.66,20.5
2000-08-03,6.47,20.2
2000-08-04,6.3,20.3
2000-08-05,6.28,20.5
2000-08-06,6.19,20.7
2000-08-07,6.1,20.8
2000-08-08,6.1,20.8
2000-08-09,,20.8
2000-08-10,6.8,20.9
2000-08-11,6.44,21.4
2000-08-12,6.74,21.8
2000-08-13,6.73,22.2
2000-08-14,6.71,22.6
2000-08-15,6.68,22.8
2000-08-16,6.51,22.8
2000-08-17,6.41,22.8
2000-08-18,6.41,22.8
2000-08-19,6.33,22.9
2000-08-20,6.41,22.9
2000-08-21,6.18,22.7
2000-08-22,6.46,22.5
2000-08-23,6.47,22.2
2000-08-24,6.64,22.1
2000-08-25,6.61,22.2
2000-08-26,6.81,22.1
2000-08-27,6.9,21.8
2000-08-28,6.95,21.7
2000-08-29,6.84,21.5
2000-08-30,6.83,21.4
2000-08-31,6.93,21.3
2000-09-01,7.0,20.9
2000-09-02,6.82,20.4
2000-09-03,7.16,19.8
2000-09-04,6.99,19.3
2000-09-05,7.35,18.9
2000-09-06,7.33,18.3
2000-09-07,7.18,17.9
2000-09-08,7.33,17.6
2000-09-09,7.79,18.0
2000-09-10,7.55,18.4
2000-09-11,7.59,18.8
2000-09-12,7.64,19.1
2000-09-13,7.79,19.1
2000-09-14,7.51,18.7
2000-09-15,7.4,18.8
2000-09-16,7.47,18.7
2000-09-17,7.4,18.4
2000-09-18,7.25,18.2
2000-09-19,7.39,17.9
2000-09-20,7.31,17.7
2000-09-21,7.32,17.2
2000-09-22,7.59,16.7
2000-09-23,7.6,16.6
2000-09-24,7.86,16.5
2000-09-25,7.96,16.4
2000-09-26,8.1,16.2
2000-09-27,8.01,16.1
2000-09-28,7.89,16.3
2000-09-29,7.92,16.6
2000-09-30,7.84,16.8
2000-10-01,7.71,16.6
2000-10-02,7.64,16.3
2000-10-03,7.6,16.1
2000-10-04,7.64,16.1
2000-10-05,7.41,16.0
2000-10-06,7.26,15.9
2000-10-07,7.46,15.5
2000-10-08,7.67,15.1
2000-10-09,7.83,14.8
2000-10-10,8.09,14.2
2000-10-11,8.2,13.7
2000-10-12,8.2,13.4
2000-10-13,8.38,13.5
2000-10-14,8.46,13.5
2000-10-15,8.33,13.5
2000-10-22,8.67,13.0
2000-10-23,8.62,12.9
2000-10-24,8.69,12.9
2000-10-25,8.66,12.8
2000-10-26,8.62,12.8
2000-10-27,8.63,12.5
2000-10-28,8.52,12.5
2000-10-29,8.53,12.5
2000-10-30,8.57,12.3
2000-10-31,8.59,12.0
2000-11-01,8.56,11.7
2000-11-02,8.67,11.5
2000-11-03,9.09,11.7
2000-11-04,9.37,11.3
2000-11-05,9.4,11.0
2000-11-06,9.6,10.5
2000-11-07,9.71,10.2
2000-11-08,9.79,10.1
2000-11-09,9.89,10.0
2000-11-10,9.88,9.7
2000-11-11,9.91,9.4
2000-11-12,10.16,9.0
2000-11-13,10.36,9.0
2000-11-14,10.24,9.2
2000-11-15,10.33,9.1
2000-11-16,10.6,9.0
2000-11-17,11.07,8.9
2000-11-18,11.8,9.0
2000-11-19,12.3,9.0
2000-11-20,12.11,8.9
2000-11-21,11.84,8.6
2000-11-22,11.96,8.4
2000-11-24,11.66,8.9
2000-11-25,11.63,8.8
2000-11-26,11.6,8.5
2000-11-27,11.54,8.5
2000-11-28,11.41,8.6
2000-11-29,11.2,8.6
2000-11-30,10.94,8.3
2000-12-01,10.93,8.1
2000-12-02,10.79,8.1
2000-12-03,10.62,8.1
2000-12-04,10.39,7.9
2000-12-05,10.22,7.9
2000-12-06,10.11,7.8
2000-12-07,10.3,7.7
2000-12-08,10.37,7.4
2000-12-09,10.43,7.5
2000-12-10,10.42,7.4
2000-12-11,10.35,7.5
2000-12-12,10.47,7.7
2000-12-13,10.56,7.9
2000-12-14,10.39,8.0
2000-12-15,10.33,7.8
2000-12-16,10.78,7.4
2000-12-17,11.22,7.0
2000-12-18,11.43,6.7
2000-12-19,11.57,6.5
2000-12-20,11.5,6.3
2000-12-21,12.27,5.3
2000-12-22,13.43,4.4
2000-12-23,14.0,3.7
2000-12-24,14.24,3.2
2000-12-25,14.51,3.1
2000-12-26,14.59,3.2
2000-12-27,14.36,3.5
2000-12-28,14.21,3.6
2000-12-29,14.15,3.5
2000-12-30,14.41,3.4
2000-12-31,14.69,3.3
2001-01-01,15.29,3.2
2001-01-02,16.2,3.3
2001-01-03,16.45,3.6
2001-01-04,17.06,3.7
2001-01-05,16.1,3.8
2001-01-06,9.6,4.4
2001-01-07,8.2,4.4
2001-01-08,10.17,4.8
2001-01-09,11.54,4.8
2001-01-10,11.83,4.5
2001-01-11,11.67,5.0
2001-01-12,12.18,4.8
2001-01-13,12.71,4.2
2001-01-14,12.82,3.8
2001-01-15,12.7,3.2
2001-01-16,12.72,2.6
2001-01-17,12.53,2.2
2001-01-18,12.49,2.0
2001-01-19,12.5,1.9
2001-01-20,12.55,1.8
2001-01-21,12.52,1.8
2001-01-22,12.48,1.9
2001-01-23,12.41,2.4
2001-01-24,12.37,3.0
2001-01-25,12.48,5.2
2001-01-26,12.83,3.5
2001-01-27,12.62,3.7
2001-01-28,12.44,3.7
2001-01-29,12.46,3.9
2001-01-30,12.72,4.0
2001-01-31,12.73,3.9
2001-02-01,12.91,3.8
2001-02-02,12.54,4.3
2001-02-03,11.92,3.6
2001-02-04,12.06,3.8
2001-02-05,12.64,4.3
2001-02-06,13.09,5.0
2001-02-07,13.0,5.5
2001-02-08,13.05,5.8
2001-02-09,13.21,6.5
2001-02-10,13.68,5.9
2001-02-11,13.86,5.8
2001-02-12,14.13,5.8
2001-02-13,13.91,6.2
2001-02-14,13.5,6.1
2001-02-15,12.43,6.0
2001-02-16,12.3,6.0
2001-02-17,12.15,6.1
2001-02-18,12.11,5.9
2001-02-19,11.73,7.2
2001-02-20,11.0,6.1
2001-02-21,11.3,6.0
2001-02-22,11.58,6.0
2001-02-23,11.43,6.0
2001-02-24,11.56,5.6
2001-02-25,11.75,5.2
2001-02-26,11.8,5.1
2001-02-27,11.8,4.7
2001-02-28,11.75,5.3
2001-03-01,11.65,4.2
2001-03-02,11.72,4.3
2001-03-03,11.8,4.6
2001-03-04,11.74,4.7
2001-03-05,11.68,5.0
2001-03-06,12.08,5.0
2001-03-07,12.37,5.1
2001-03-09,12.25,5.7
2001-03-10,12.05,6.2
2001-03-11,11.99,6.5
2001-03-12,11.93,7.5
2001-03-13,11.82,8.0
2001-03-14,11.94,8.0
2001-03-15,11.9,8.1
2001-03-16,11.6,8.9
2001-03-17,11.27,8.7
2001-03-18,11.33,8.6
2001-03-19,11.47,8.4
2001-03-20,11.74,8.0
2001-03-21,11.72,7.8
2001-03-22,11.77,7.6
2001-03-23,11.44,7.7
2001-03-24,10.98,7.8
2001-03-25,10.79,8.1
2001-03-26,9.91,8.4
2001-03-27,8.93,14.0
2001-03-28,9.03,12.9
2001-03-29,8.76,14.2
2001-03-30,9.82,11.9
2001-03-31,11.3,7.7
2001-04-01,11.39,8.3
2001-04-02,11.15,9.0
2001-04-03,11.3,9.8
2001-04-04,11.2,10.1
2001-04-05,11.22,10.2
2001-04-06,11.2,10.5
2001-04-07,10.91,10.6
2001-04-08,10.82,10.5
2001-04-09,10.82,10.6
2001-04-10,10.73,10.7
2001-04-11,10.88,11.1
2001-04-12,11.34,11.1
2001-04-13,11.36,10.4
2001-04-14,11.26,10.1
2001-04-16,11.31,9.3
2001-04-17,11.65,9.3
2001-04-18,11.83,9.2
2001-04-19,11.87,8.8
2001-04-20,11.91,8.8
2001-04-21,11.82,8.4
2001-04-22,11.85,8.3
2001-04-23,11.97,8.6
2001-04-24,12.02,9.3
2001-04-25,11.82,9.8
2001-04-26,11.77,10.2
2001-04-27,11.7,10.4
2001-04-28,11.57,10.5
2001-04-29,11.46,11.0
2001-04-30,11.51,12.1
2001-05-01,11.61,13.1
2001-05-02,11.64,14.1
2001-05-03,11.55,15.1
2001-05-04,11.36,15.8
2001-05-05,10.76,15.7
2001-05-06,10.11,15.0
2001-05-07,10.12,14.5
2001-05-08,10.46,14.6
2001-05-09,10.97,15.2
2001-05-10,11.45,15.7
2001-05-11,12.33,16.3
2001-05-12,12.67,16.4
2001-05-13,15.34,17.2
2001-05-14,16.93,17.5
2001-05-15,16.2,17.3
2001-05-16,15.46,17.0
2001-05-17,15.69,17.0
2001-05-18,14.2,16.8
2001-05-19,13.09,16.4
2001-05-20,14.26,16.3
2001-05-21,16.03,16.9
2001-05-22,17.85,17.2
2001-05-23,18.36,17.5
2001-05-24,19.17,18.1
2001-05-25,19.42,18.6
2001-05-26,19.9,19.0
2001-05-27,,19.4
2001-05-28,19.68,19.4
2001-05-29,17.52,20.1
2001-05-30,17.51,20.5
2001-05-31,16.88,20.6
2001-06-01,16.51,19.9
2001-06-02,15.31,19.2
2001-06-03,13.42,18.2
2001-06-04,12.96,17.3
2001-06-05,13.2,17.2
2001-06-06,14.27,17.5
2001-06-07,14.3,17.5
2001-06-08,14.12,17.4
2001-06-09,13.74,17.2
2001-06-10,13.6,17.1
2001-06-11,13.14,16.8
2001-06-12,13.73,16.6
2001-06-13,14.88,17.2
2001-06-14,15.46,17.8
2001-06-15,14.39,18.4
2001-06-16,12.04,18.6
2001-06-17,,18.7
2001-06-18,13.26,18.3
2001-06-19,12.62,17.8
2001-06-20,12.63,17.8
2001-06-21,12.62,18.3
2001-06-22,12.9,18.5
2001-06-23,13.51,18.5
2001-06-24,15.36,19.1
2001-06-25,16.93,19.8
2001-06-26,18.18,20.5
2001-06-27,18.35,21.0
2001-06-28,15.14,21.0
2001-06-29,13.7,21.4
2001-06-30,12.1,21.5
2001-07-01,10.44,21.5
2001-07-02,10.03,21.6
2001-07-03,10.27,22.0
2001-07-04,10.45,22.3
2001-07-05,10.2,22.6
2001-07-06,10.45,23.0
2001-07-07,9.9,23.2
2001-07-08,8.1,22.7
2001-07-09,6.5,22.1
2001-07-10,6.28,22.0
2001-07-11,,21.9
2001-07-12,6.3,21.6
2001-07-13,6.13,21.8
2001-07-14,,21.7
2001-07-15,,21.5
2001-07-16,,21.0
2001-07-17,,20.6
2001-07-18,6.15,20.4
2001-07-19,6.41,20.2
2001-07-20,6.36,20.0
2001-07-21,6.33,20.0
2001-07-22,6.32,20.5
2001-07-23,6.16,20.8
2001-07-24,6.29,21.8
2001-07-25,6.4,22.4
2001-07-26,6.41,22.9
2001-07-27,6.42,23.3
2001-07-28,8.14,22.9
2001-07-29,7.67,22.3
2001-07-30,7.33,22.0
2001-07-31,7.16,21.9
2001-08-01,7.12,21.8
2001-08-02,6.85,22.3
2001-08-03,,22.9
2001-08-04,,21.8
2001-08-05,,21.6
2001-08-12,6.34,21.0
2001-08-13,6.29,21.1
2001-08-14,6.43,21.5
2001-08-15,6.35,21.7
2001-09-29,8.6,14.7
2001-09-30,8.39,14.9
2001-10-01,8.18,14.8
2001-10-02,8.06,15.2
2001-10-03,8.14,15.7
2001-10-04,8.06,15.9
2001-10-05,7.94,15.7
2001-10-06,8.21,15.5
2001-10-07,8.0,15.4
2001-10-08,7.9,15.3
2001-10-09,7.94,15.1
2001-10-10,8.01,15.1
2001-10-11,8.1,15.2
2001-10-12,8.17,15.2
2001-10-13,8.04,15.2
2001-10-14,8.27,15.2
2001-10-15,8.16,15.2
2001-10-16,8.34,15.3
2001-10-17,8.33,15.3
2001-10-18,8.0,15.2
2001-10-19,7.94,15.0
2001-10-20,7.82,14.6
2001-10-21,7.97,14.4
2001-10-22,8.04,14.3
2001-10-23,7.98,14.0
2001-10-24,7.99,14.0
2001-10-25,7.98,14.1
2001-10-26,8.01,13.9
2001-10-27,8.04,13.6
2001-10-28,8.02,13.5
2001-10-29,7.89,13.4
2001-10-30,7.9,13.4
2001-10-31,7.91,13.5
2001-11-01,8.33,13.7
2001-11-02,8.04,13.4
2001-11-03,8.01,13.2
2001-11-04,7.92,12.9
2001-11-05,7.98,12.6
2001-11-06,8.22,11.7
2001-11-07,8.59,10.4
2001-11-08,8.69,10.3
2001-11-09,9.14,9.6
2001-11-10,10.25,8.7
2001-11-11,10.54,8.0
2001-11-12,10.48,7.5
2001-11-13,10.43,7.3
2001-11-14,10.23,7.0
2001-11-15,10.25,6.6
2001-11-16,10.26,6.2
2001-11-17,10.06,6.1
2001-11-18,9.84,6.0
2001-11-19,9.75,5.9
2001-11-20,9.81,5.8
2001-11-21,9.89,5.9
2001-11-22,9.92,5.9
2001-11-23,10.01,5.8
2001-11-24,10.34,5.5
2001-11-25,10.76,5.5
2001-11-26,10.8,5.9
2001-11-27,10.71,6.1
2001-11-28,11.2,6.0
2001-11-29,11.59,6.1
2001-11-30,11.65,6.4
2001-12-01,11.84,6.7
2001-12-02,11.91,7.3
2001-12-03,11.97,7.3
2001-12-04,11.97,7.3
2001-12-05,12.31,7.0
2001-12-06,12.52,7.1
2001-12-07,12.78,6.8
2001-12-08,13.08,6.4
2001-12-09,13.55,5.8
2001-12-10,13.66,5.2
2001-12-11,13.61,5.2
2001-12-13,13.2,5.1
2001-12-14,13.06,4.2
2001-12-15,13.21,3.3
2001-12-16,13.38,3.0
2001-12-17,13.47,2.7
2001-12-18,13.46,2.7
2001-12-19,13.3,2.7
2001-12-20,13.27,2.7
2001-12-21,13.06,2.5
2001-12-22,13.01,2.2
2001-12-23,12.98,2.2
2001-12-24,12.88,1.6
2001-12-25,12.96,1.2
2001-12-26,13.2,1.5
2001-12-27,13.44,1.5
2001-12-28,,1.6
2001-12-29,,2.0
2001-12-30,,2.0
2001-12-31,,2.0
2002-01-01,,1.8
2002-01-02,,1.5
2002-01-03,,1.1
2002-01-04,,0.6
2002-01-05,,0.3
2002-01-06,,0.4
2002-01-07,,0.9
2002-01-08,11.54,0.4
2002-01-09,11.36,0.4
2002-01-10,11.44,0.3
2002-01-11,11.41,1.7
2002-01-12,11.94,0.5
2002-01-13,11.87,0.5
2002-01-14,11.62,0.7
2002-01-15,11.77,0.7
2002-01-16,11.73,0.6
2002-01-17,11.93,0.6
2002-01-18,11.85,0.8
2002-01-19,,1.1
2002-01-20,12.92,1.6
2002-01-21,12.88,2.5
2002-01-22,13.64,3.1
2002-01-23,13.58,3.4
2002-01-24,13.46,3.7
2002-01-25,13.23,4.4
2002-01-26,13.16,4.6
2002-01-27,12.95,5.3
2002-01-28,12.44,6.4
2002-01-29,12.21,6.8
2002-01-30,11.91,7.3
2002-01-31,12.45,14.7
2002-02-01,12.01,17.4
2002-02-02,11.9,18.0
2002-02-03,11.77,18.6
2002-02-04,11.71,15.1
2002-02-05,12.31,6.7
2002-02-06,12.1,6.9
2002-02-07,12.22,6.9
2002-02-08,12.27,6.9
2002-02-09,12.21,7.1
2002-02-10,12.07,7.2
2002-02-11,12.41,7.2
2002-02-12,12.33,7.7
2002-02-13,12.21,8.0
2002-02-14,11.39,8.1
2002-02-15,11.42,11.0
2002-02-16,11.38,11.5
2002-02-17,11.31,11.5
2002-02-18,11.28,11.5
2002-02-19,11.34,11.2
2002-02-20,11.74,9.3
2002-02-21,11.84,8.6
2002-02-22,12.09,6.6
2002-02-23,12.29,4.8
2002-02-24,12.18,4.7
2002-02-25,12.19,4.8
2002-02-26,11.6,6.0
2002-02-27,11.1,7.7
2002-02-28,11.14,7.7
2002-03-01,11.2,7.7
2002-03-02,11.22,7.6
2002-03-03,11.37,7.3
2002-03-04,11.43,7.2
2002-03-05,11.37,7.1
2002-03-06,11.33,7.1
2002-03-07,11.35,7.0
2002-03-08,11.48,6.6
2002-03-09,11.43,6.9
2002-03-10,11.46,7.0
2002-03-11,11.5,7.2
2002-03-12,11.62,7.6
2002-03-13,11.35,8.1
2002-03-14,11.09,8.5
2002-03-15,11.0,8.4
2002-03-16,11.1,8.8
2002-03-17,11.05,9.0
2002-03-18,11.07,9.2
2002-03-19,10.85,9.5
2002-03-20,10.97,9.4
2002-03-21,11.43,9.9
2002-03-22,11.03,9.9
2002-03-23,10.9,9.3
2002-03-24,10.87,8.7
2002-03-25,10.98,8.8
2002-03-26,11.01,8.4
2002-03-27,11.14,8.1
2002-03-28,11.18,8.0
2002-03-29,11.07,8.1
2002-03-30,11.0,8.4
2002-03-31,10.9,8.5
2002-04-01,10.8,8.7
2002-04-02,10.72,9.0
2002-04-03,11.12,9.7
2002-04-04,11.52,10.3
2002-04-05,11.51,10.5
2002-04-06,11.7,10.5
2002-04-07,12.03,10.4
2002-04-08,12.44,10.3
2002-04-09,12.79,10.3
2002-04-10,13.0,10.1
2002-04-11,13.2,10.1
2002-04-12,13.86,10.4
2002-04-13,13.34,10.6
2002-04-14,12.31,10.3
2002-04-15,12.62,10.1
2002-04-16,12.69,10.1
2002-04-17,12.34,10.1
2002-04-18,12.59,10.2
2002-04-19,13.04,10.7
2002-04-20,12.66,10.7
2002-04-21,13.01,11.2
2002-04-22,13.64,11.8
2002-04-23,13.53,12.3
2002-04-24,13.31,12.7
2002-04-25,12.91,13.0
2002-04-26,13.11,13.4
2002-04-27,12.53,13.1
2002-04-28,12.55,12.9
2002-04-29,12.43,12.6
2002-04-30,13.03,12.7
2002-05-01,13.49,13.0
2002-05-02,13.36,13.0
2002-05-03,12.85,12.9
2002-05-04,11.11,12.2
2002-05-05,10.92,11.8
2002-05-06,11.17,11.6
2002-05-07,11.46,11.8
2002-05-08,11.95,12.6
2002-05-09,12.86,13.6
2002-05-10,13.84,14.7
2002-05-11,13.71,15.3
2002-05-12,11.87,15.3
2002-05-13,11.49,15.4
2002-05-14,11.69,15.9
2002-05-15,11.91,15.9
2002-05-16,11.65,16.3
2002-05-17,13.45,17.0
2002-05-18,14.48,17.4
2002-05-19,14.59,17.3
2002-05-20,15.36,17.4
2002-05-21,14.99,18.0
2002-05-22,15.21,18.5
2002-05-23,13.58,18.3
2002-05-24,12.49,17.8
2002-05-25,13.53,17.8
2002-05-26,13.04,17.4
2002-05-27,13.19,17.4
2002-05-28,13.15,17.1
2002-05-29,13.28,17.1
2002-05-30,13.15,16.9
2002-05-31,13.83,17.1
2002-06-01,15.03,17.5
2002-06-02,16.39,18.0
2002-06-03,17.29,18.4
2002-06-04,17.99,18.8
2002-06-05,18.03,19.1
2002-06-06,16.53,18.9
2002-06-07,13.07,18.6
2002-06-08,11.35,18.3
2002-06-09,11.56,18.5
2002-06-10,11.33,18.7
2002-06-11,10.85,18.5
2002-06-12,10.96,18.5
2002-06-13,11.13,18.6
2002-06-14,11.02,18.6
2002-06-15,10.7,19.1
2002-06-16,10.46,19.5
2002-06-17,10.78,19.9
2002-06-18,11.34,20.7
2002-06-19,12.24,21.9
2002-06-20,12.99,22.6
2002-06-21,12.14,22.4
2002-06-22,11.65,22.5
2002-06-23,12.46,22.9
2002-06-24,13.52,23.2
2002-06-25,14.16,23.1
2002-06-26,13.93,23.2
2002-06-27,16.22,23.1
2002-06-28,16.33,22.4
2002-06-29,15.78,21.6
2002-06-30,15.67,21.2
2002-07-01,16.17,21.2
2002-07-02,15.63,20.8
2002-07-03,12.25,20.2
2002-07-04,11.12,19.8
2002-07-05,11.34,19.7
2002-07-06,12.08,19.9
2002-07-07,11.98,20.0
2002-07-08,12.38,20.4
2002-07-09,12.54,21.0
2002-07-10,11.03,21.3
2002-07-11,8.27,19.0
2002-07-12,7.85,18.8
2002-07-13,7.46,18.4
2002-07-14,7.28,18.3
2002-07-15,6.55,18.4
2002-07-16,6.66,18.5
2002-07-17,7.05,18.5
2002-07-18,7.29,18.5
2002-07-19,7.63,18.6
2002-07-20,7.6,19.4
2002-07-21,6.82,19.9
2002-07-22,6.47,19.9
2002-07-23,6.25,19.7
2002-07-24,6.2,19.7
2002-07-25,6.16,19.5
2002-07-26,6.2,19.2
2002-07-27,6.32,19.4
2002-07-28,6.67,20.2
2002-07-29,6.99,21.0
2002-07-30,7.15,21.7
2002-07-31,7.32,22.1
2002-08-01,7.06,22.3
2002-08-02,6.6,21.8
2002-08-03,6.66,21.7
2002-08-04,6.56,21.9
2002-08-05,6.59,21.9
2002-08-06,6.33,21.9
2002-08-07,6.14,21.7
2002-08-08,6.06,21.3
2002-08-09,6.32,21.2
2002-08-10,6.34,21.0
2002-08-11,6.14,20.8
2002-08-12,6.16,20.5
2002-08-13,6.38,20.1
2002-08-14,6.6,20.2
2002-08-15,7.1,20.7
2002-08-16,6.82,21.2
2002-08-17,,21.5
2002-08-18,7.27,21.9
2002-08-19,7.22,22.1
2002-08-20,7.25,22.3
2002-08-21,7.07,22.2
2002-08-22,6.65,21.8
2002-08-23,6.15,21.8
2002-08-24,6.34,21.8
2002-08-25,6.79,21.7
2002-08-26,6.92,21.6
2002-08-27,7.09,21.8
2002-08-28,6.87,21.8
2002-08-29,6.39,21.9
2002-08-30,6.61,22.2
2002-08-31,6.71,22.3
2002-09-01,6.81,21.9
2002-09-02,6.76,21.4
2002-09-03,6.86,20.9
2002-09-04,7.16,20.8
2002-09-05,7.21,20.7
2002-09-06,7.3,20.6
2002-09-07,7.54,20.5
2002-09-08,7.61,20.5
2002-09-09,7.69,20.5
2002-09-10,7.52,20.3
2002-09-11,7.14,19.7
2002-09-12,7.39,19.2
2002-09-13,7.56,19.0
2002-09-14,7.45,18.9
2002-09-15,7.63,18.7
2002-09-16,7.75,18.4
2002-09-17,7.78,18.1
2002-09-18,,17.8
2002-09-19,9.46,17.5
2002-09-20,9.77,17.5
2002-09-21,9.58,17.7
2002-09-22,10.65,17.7
2002-09-23,10.66,17.1
2002-09-24,10.99,16.5
2002-09-25,10.99,15.7
2002-09-26,11.01,15.1
2002-09-27,11.87,15.4
2002-09-28,11.64,15.1
2002-09-29,11.56,14.9
2002-09-30,11.49,14.6
2002-10-01,,13.9
2002-10-02,,13.8
2002-10-03,,14.1
2002-10-04,,14.9
2002-10-05,,14.9
2002-10-06,,14.8
2002-10-07,,14.3
2002-10-08,,14.2
2002-10-09,,13.9
2002-10-10,,13.8
2002-10-11,,13.8
2002-10-12,,13.6
2002-10-13,,13.3
2002-10-14,,13.1
2002-10-15,,13.1
2002-10-16,,13.3
2002-10-17,,13.4
2002-10-18,,12.5
2002-10-19,9.67,11.2
2002-10-20,10.0,10.8
2002-10-21,10.05,10.6
2002-10-22,10.43,11.3
2002-10-23,10.54,11.7
2002-10-24,10.88,10.7
2002-10-25,11.24,10.6
2002-10-26,10.74,10.7
2002-10-27,11.33,10.8
2002-10-28,11.94,10.3
2002-10-29,12.2,9.9
2002-10-30,11.95,9.9
2002-10-31,11.81,9.7
2002-11-01,11.71,9.8
2002-11-02,11.66,10.0
2002-11-03,11.74,10.0
2002-11-04,,10.0
2002-11-05,12.12,9.9
2002-11-06,12.1,9.5
2002-11-07,12.0,9.1
2002-11-08,,10.3
2002-11-09,,10.2
2002-11-10,,10.1
2002-11-11,,10.4
2002-11-12,,10.7
2002-11-13,,10.7
2002-11-14,,10.1
2002-11-15,,7.6
2002-11-16,,7.9
2002-11-17,,8.2
2002-11-18,,8.1
2002-11-19,,8.1
2002-11-20,,8.1
2002-11-21,,8.0
2002-11-22,,8.1
2002-11-23,,7.9
2002-11-24,13.08,7.8
2002-11-25,13.1,7.7
2002-11-26,13.18,7.6
2002-11-27,13.28,7.7
2002-11-28,13.35,7.8
2002-11-29,13.06,8.1
2002-11-30,13.34,8.2
2002-12-01,13.53,8.3
2002-12-02,13.51,8.1
2002-12-03,13.41,8.0
2002-12-04,,7.5
2002-12-05,13.96,7.1
2002-12-06,,6.9
2002-12-07,,6.6
2002-12-08,14.23,6.1
2002-12-09,14.46,5.2
2002-12-10,14.63,4.2
2002-12-11,14.84,3.3
2002-12-12,15.1,2.6
2002-12-13,15.31,2.2
2002-12-14,,2.1
2002-12-15,,2.1
2002-12-16,15.36,2.3
2002-12-17,15.34,2.6
2002-12-18,15.27,2.7
2002-12-19,15.15,2.7
2002-12-20,13.03,2.6
2002-12-21,12.83,3.0
2002-12-22,12.57,3.5
2002-12-23,12.93,4.2
2002-12-24,13.88,4.8
2002-12-25,13.85,5.2
2002-12-26,13.99,5.2
2002-12-27,13.86,5.4
2002-12-28,,5.3
2002-12-29,,5.5
2002-12-30,,6.4
2002-12-31,,6.8
2003-01-01,,6.4
2003-01-02,,6.6
2003-01-03,,6.8
2003-01-04,,6.5
2003-01-05,,5.8
2003-01-06,,4.8
2003-01-07,,4.7
2003-01-08,,2.5
2003-01-09,,1.7
2003-01-10,,1.3
2003-01-11,,1.2
2003-01-12,14.14,1.1
2003-01-13,14.36,1.1
2003-01-14,14.56,1.4
2003-01-15,14.57,2.1
2003-01-16,14.4,2.6
2003-01-17,14.25,3.0
2003-01-18,14.09,3.2
2003-01-19,13.84,3.3
2003-01-20,13.58,3.7
2003-01-21,,4.2
2003-01-22,,4.4
2003-01-23,,4.8
2003-01-24,,4.9
2003-01-25,,4.6
2003-01-26,,4.5
2003-01-27,,4.5
2003-01-28,13.29,4.9
2003-01-29,13.24,5.1
2003-01-30,13.31,5.0
2003-01-31,13.31,4.4
2003-02-01,13.53,3.9
2003-02-02,13.54,3.7
2003-02-03,13.5,3.6
2003-02-04,13.48,3.6
2003-02-05,13.57,3.5
2003-02-06,13.71,3.4
2003-02-07,13.75,3.3
2003-02-08,13.82,3.4
2003-02-09,13.71,3.9
2003-02-10,13.65,3.8
2003-02-11,13.74,3.6
2003-02-12,13.79,3.3
2003-02-13,13.86,2.9
2003-02-14,13.66,2.7
2003-02-15,13.67,2.5
2003-02-16,13.63,2.5
2003-02-17,13.63,2.3
2003-02-18,13.54,2.2
2003-02-19,13.49,2.1
2003-02-20,13.43,2.1
2003-02-21,13.47,2.2
2003-02-22,13.56,2.4
2003-02-23,13.61,2.6
2003-02-24,13.49,2.7
2003-02-25,13.42,2.8
2003-02-26,13.45,3.0
2003-02-27,13.52,3.3
2003-02-28,13.59,3.7
2003-03-01,13.59,4.1
2003-03-02,13.42,4.6
2003-03-03,13.57,5.0
2003-03-04,13.73,5.4
2003-03-05,13.71,5.8
2003-03-06,13.44,5.8
2003-03-07,12.43,5.9
2003-03-08,11.23,6.0
2003-03-09,11.49,6.0
2003-03-10,11.75,6.2
2003-03-11,11.53,6.7
2003-03-12,11.41,7.2
2003-03-13,11.32,7.4
2003-03-14,11.23,7.4
2003-03-15,11.3,7.1
2003-03-16,11.31,6.9
2003-03-17,11.21,6.8
2003-03-18,11.16,6.8
2003-03-19,11.17,7.0
2003-03-20,11.35,7.2
2003-03-21,11.74,7.2
2003-03-22,11.96,7.2
2003-03-23,12.18,7.3
2003-03-24,12.58,7.5
2003-03-25,12.65,7.8
2003-03-26,12.84,8.1
2003-03-27,13.12,8.8
2003-03-28,13.39,9.2
2003-03-29,13.62,10.0
2003-03-30,13.81,10.5
2003-03-31,13.82,11.0
2003-04-01,14.21,11.1
2003-04-02,13.92,11.2
2003-04-03,13.17,10.8
2003-04-04,12.52,10.4
2003-04-05,12.66,10.5
2003-04-06,12.44,10.2
2003-04-07,12.61,9.7
2003-04-08,12.98,9.3
2003-04-09,13.59,9.3
2003-04-10,14.05,9.2
2003-04-11,14.04,9.0
2003-04-12,14.17,8.9
2003-04-13,14.88,9.3
2003-04-14,15.63,9.8
2003-04-15,16.34,10.5
2003-04-16,16.78,11.4
2003-04-17,16.89,12.0
2003-04-18,16.28,12.4
2003-04-19,15.31,12.4
2003-04-20,13.83,12.1
2003-04-21,13.39,12.5
2003-04-22,12.66,13.1
2003-04-23,11.93,13.6
2003-04-24,11.23,13.9
2003-04-25,11.62,14.3
2003-04-26,11.73,14.4
2003-04-27,10.53,14.4
2003-04-28,9.88,14.6
2003-04-29,9.85,14.9
2003-04-30,9.46,14.9
2003-05-01,9.2,14.8
2003-05-02,9.6,15.0
2003-05-03,9.68,15.1
2003-05-04,10.27,15.3
2003-05-05,11.13,15.9
2003-05-06,11.99,16.6
2003-05-07,12.8,17.0
2003-05-08,12.71,17.2
2003-05-09,13.04,18.1
2003-05-10,10.38,18.1
2003-05-11,10.18,18.1
2003-05-12,8.96,18.2
2003-05-13,8.53,18.3
2003-05-14,8.44,17.7
2003-05-15,8.56,17.4
2003-05-16,9.53,17.1
2003-05-17,10.76,16.9
2003-05-18,11.59,16.8
2003-05-19,11.19,16.8
2003-05-20,10.63,16.5
2003-05-21,10.39,16.2
2003-05-22,9.75,15.9
2003-05-23,10.1,16.0
2003-05-24,11.87,16.8
2003-05-25,12.88,17.4
2003-05-26,13.23,17.2
2003-05-27,13.96,17.2
2003-05-28,15.04,17.4
2003-05-29,17.26,18.5
2003-05-30,18.62,19.4
2003-05-31,19.55,20.1
2003-06-01,18.12,20.2
2003-06-02,17.86,20.7
2003-06-03,16.93,21.0
2003-06-04,18.03,22.0
2003-06-05,18.93,22.5
2003-06-06,18.76,22.7
2003-06-07,13.97,22.9
2003-06-08,6.49,23.7
2003-06-09,5.35,24.0
2003-06-10,5.54,24.3
2003-06-11,5.61,24.7
2003-06-12,5.76,24.5
2003-06-13,5.94,24.9
2003-06-14,5.82,24.8
2003-06-15,6.03,24.5
2003-06-16,6.83,24.6
2003-06-17,7.47,24.7
2003-06-18,7.09,24.6
2003-06-19,6.48,24.1
2003-06-20,,23.6
2003-06-21,,23.4
2003-06-22,,23.4
2003-06-23,,23.5
2003-06-24,,23.6
2003-06-25,,23.7
2003-06-26,,23.9
2003-06-27,,24.0
2003-06-28,,24.1
2003-06-29,,24.1
2003-06-30,,24.2
2003-07-01,,23.9
2003-07-02,,23.6
2003-07-03,,23.0
2003-07-04,,22.4
2003-07-05,,21.9
2003-07-06,,21.8
2003-07-07,,22.0
2003-07-08,,22.1
2003-07-09,,22.2
2003-07-10,,22.4
2003-07-11,7.13,22.7
2003-07-12,6.95,22.9
2003-07-13,6.89,23.1
2003-07-14,6.83,23.1
2003-07-15,6.87,23.4
2003-07-16,6.8,23.6
2003-07-17,6.98,23.6
2003-07-18,6.92,23.5
2003-07-19,6.86,23.6
2003-07-20,7.16,23.9
2003-07-21,6.93,24.1
2003-07-22,6.55,24.2
2003-07-23,6.52,24.3
2003-07-24,6.57,24.2
2003-07-25,6.24,23.9
2003-07-26,,24.1
2003-07-27,,23.8
2003-07-28,6.87,23.6
2003-07-29,6.76,23.6
2003-07-30,6.9,23.3
2003-07-31,7.09,23.3
2003-08-01,7.28,23.4
2003-08-02,7.67,23.8
2003-08-03,7.98,24.4
2003-08-04,8.09,25.0
2003-08-05,8.09,25.4
2003-08-06,8.88,26.0
2003-08-07,7.86,26.0
2003-08-08,7.11,26.4
2003-08-09,6.76,26.6
2003-08-10,6.58,26.7
2003-08-11,6.46,26.6
2003-08-12,6.43,26.8
2003-08-13,6.53,26.9
2003-08-14,6.87,26.5
2003-08-15,7.02,25.8
2003-08-16,7.14,25.3
2003-08-17,7.51,25.1
2003-08-18,7.45,25.0
2003-08-19,7.5,24.6
2003-08-20,7.45,24.3
2003-08-21,7.77,24.2
2003-08-22,7.98,24.2
2003-08-23,8.02,24.0
2003-08-24,8.12,23.9
2003-08-25,8.25,23.6
2003-08-26,8.33,23.6
2003-08-27,7.95,23.1
2003-08-28,7.93,22.7
2003-08-29,7.96,22.5
2003-08-30,7.55,22.0
2003-08-31,7.04,21.2
2003-09-01,6.92,20.6
2003-09-02,7.0,20.2
2003-09-03,7.29,19.9
2003-09-04,8.18,19.8
2003-09-05,9.11,19.8
2003-09-06,8.93,19.9
2003-09-07,8.45,19.8
2003-09-08,8.29,19.6
2003-09-09,7.9,19.3
2003-09-10,7.73,19.0
2003-09-11,7.8,18.5
2003-09-12,7.82,18.0
2003-09-13,7.88,17.9
2003-09-14,8.02,17.7
2003-09-15,8.18,17.8
2003-09-16,8.44,17.8
2003-09-17,8.72,18.0
2003-09-18,8.81,18.1
2003-09-19,8.84,18.2
2003-09-20,8.8,18.4
2003-09-21,8.76,18.6
2003-09-22,8.69,18.7
2003-09-23,8.57,18.7
2003-09-24,8.43,18.2
2003-09-25,8.3,17.7
2003-09-26,8.28,17.3
2003-09-27,8.35,17.0
2003-09-28,8.36,17.0
2003-09-29,8.33,16.6
2003-09-30,8.24,16.3
2003-10-01,8.24,15.8
2003-10-02,8.34,15.9
2003-10-03,8.27,16.0
2003-10-04,8.2,16.1
2003-10-05,8.14,15.8
2003-10-06,8.24,15.2
2003-10-07,8.3,14.4
2003-10-08,8.26,13.4
2003-10-09,8.43,12.9
2003-10-10,8.88,12.8
2003-10-11,9.04,13.0
2003-10-12,8.77,13.0
2003-10-13,8.76,12.9
2003-10-14,9.0,12.5
2003-10-15,9.11,12.1
2003-10-16,9.97,11.7
2003-10-17,10.01,11.4
2003-10-18,10.17,11.0
2003-10-19,10.31,10.7
2003-10-20,9.74,10.4
2003-10-21,9.43,10.0
2003-10-22,9.41,9.7
2003-10-23,9.18,9.3
2003-10-24,8.97,8.7
2003-10-25,9.0,8.5
2003-10-26,9.26,8.3
2003-10-27,9.45,8.1
2003-10-28,9.96,8.0
2003-10-29,10.66,7.9
2003-10-30,10.74,7.8
2003-10-31,10.83,7.7
2003-11-01,10.77,7.8
2003-11-02,10.81,7.9
2003-11-03,10.92,8.1
2003-11-04,10.8,8.6
2003-11-05,10.57,8.6
2003-11-06,10.53,8.3
2003-11-07,10.76,8.2
2003-11-08,11.04,7.9
2003-11-09,11.06,7.7
2003-11-10,11.0,7.6
2003-11-11,11.01,7.6
2003-11-12,10.91,7.1
2003-11-13,10.96,6.9
2003-11-14,10.84,6.9
2003-11-15,10.83,7.1
2003-11-16,10.94,7.1
2003-11-17,11.18,7.1
2003-11-18,11.11,7.1
2003-11-19,11.14,7.2
2003-11-20,11.13,7.4
2003-11-21,11.0,7.3
2003-11-22,11.0,7.2
2003-11-23,11.0,7.3
2003-11-24,11.01,7.4
2003-11-25,11.01,7.4
2003-11-26,11.17,7.5
2003-11-27,,7.7
2003-11-28,,7.8
2003-11-29,10.65,7.7
2003-11-30,10.82,7.5
2003-12-01,10.75,7.4
2003-12-02,10.57,7.3
2003-12-03,10.64,7.1
2003-12-04,10.8,6.9
2003-12-05,10.86,6.8
2003-12-06,10.96,6.7
2003-12-07,11.01,6.3
2003-12-08,11.16,5.8
2003-12-09,11.09,5.2
2003-12-10,,4.7
2003-12-11,,4.3
2003-12-12,,4.2
2003-12-13,,4.4
2003-12-14,,5.0
2003-12-15,,5.0
2003-12-16,,4.4
2003-12-17,11.23,4.3
2003-12-18,11.13,4.1
2003-12-19,11.02,4.0
2003-12-20,10.96,4.2
2003-12-21,11.03,4.6
2003-12-22,11.08,4.6
2003-12-23,11.06,4.0
2003-12-24,11.1,3.4
2003-12-25,11.1,3.1
2003-12-26,11.14,3.1
2003-12-27,11.05,3.2
2003-12-28,10.97,3.4
2003-12-29,11.03,3.4
2003-12-30,10.5,3.2
2003-12-31,10.13,2.9
2004-01-01,10.23,2.5
2004-01-02,10.27,2.3
2004-01-03,10.25,2.0
2004-01-04,10.27,1.8
2004-01-05,10.4,1.7
2004-01-06,10.49,1.9
2004-01-07,10.58,2.2
2004-01-08,10.74,2.5
2004-01-09,,2.7
2004-01-10,,3.1
2004-01-11,,3.2
2004-01-12,,3.3
2004-01-13,,3.8
2004-01-14,,4.2
2004-01-15,,4.3
2004-01-16,11.34,4.4
2004-01-17,11.33,4.5
2004-01-18,11.63,4.3
2004-01-19,11.94,3.9
2004-01-20,12.13,4.0
2004-01-21,12.19,4.0
2004-01-22,11.73,3.5
2004-01-23,10.84,3.0
2004-01-24,10.63,2.6
2004-01-25,10.44,2.5
2004-01-26,10.26,2.5
2004-01-27,10.23,2.5
2004-01-28,10.12,2.5
2004-01-29,10.04,2.3
2004-01-30,,2.9
2004-01-31,,2.6
2004-02-01,,3.4
2004-02-02,,4.0
2004-02-03,,4.5
2004-02-04,,5.0
2004-02-05,12.41,5.3
2004-02-06,12.2,5.4
2004-02-07,11.86,5.9
2004-02-08,11.58,6.0
2004-02-09,11.48,5.7
2004-02-10,,5.4
2004-02-11,,5.3
2004-02-12,,5.1
2004-02-13,11.2,5.1
2004-02-14,11.19,5.2
2004-02-15,11.02,5.3
2004-02-16,10.94,5.2
2004-02-17,11.12,5.0
2004-02-18,11.04,5.0
2004-02-19,11.08,4.7
2004-02-20,10.93,4.3
2004-02-21,10.84,4.0
2004-02-22,10.78,3.8
2004-02-23,10.7,3.8
2004-02-24,10.75,3.6
2004-02-25,10.85,3.6
2004-02-26,11.05,3.5
2004-02-27,10.88,3.4
2004-02-28,10.98,3.2
2004-02-29,11.09,3.0
2004-03-01,11.29,2.9
2004-03-02,11.46,3.0
2004-03-03,11.63,3.1
2004-03-04,12.05,3.2
2004-03-05,12.55,3.3
2004-03-06,12.67,3.3
2004-03-07,12.8,3.4
2004-03-08,13.22,3.5
2004-03-09,13.54,3.6
2004-03-10,13.82,3.5
2004-03-11,14.04,3.4
2004-03-12,14.38,3.5
2004-03-13,14.78,4.0
2004-03-14,15.18,4.5
2004-03-15,15.68,5.1
2004-03-16,16.15,5.7
2004-03-17,16.5,6.3
2004-03-18,17.0,6.9
2004-03-19,16.94,7.4
2004-03-20,16.07,8.0
2004-03-21,14.51,8.5
2004-03-22,13.39,8.6
2004-03-23,12.99,8.6
2004-03-24,12.71,8.5
2004-03-25,12.2,8.2
2004-03-26,11.73,7.9
2004-03-27,11.79,7.7
2004-03-28,11.9,7.6
2004-03-29,12.31,7.7
2004-03-30,12.72,8.1
2004-03-31,13.09,8.4
2004-04-01,13.76,8.9
2004-04-02,14.38,9.4
2004-04-03,15.02,9.8
2004-04-04,15.17,9.9
2004-04-05,15.07,9.9
2004-04-06,14.57,10.0
2004-04-07,14.02,9.8
2004-04-08,13.16,9.6
2004-04-09,12.77,9.4
2004-04-10,12.75,9.6
2004-04-11,12.42,9.6
2004-04-12,12.17,9.7
2004-04-13,12.11,9.9
2004-04-14,12.09,10.2
2004-04-15,12.53,10.5
2004-04-16,13.29,11.1
2004-04-17,13.64,11.7
2004-04-18,13.73,12.4
2004-04-19,13.13,12.6
2004-04-20,12.82,12.6
2004-04-21,12.7,12.9
2004-04-22,12.73,13.4
2004-04-23,12.57,13.8
2004-04-24,12.29,13.9
2004-04-25,12.33,14.1
2004-04-26,12.79,14.4
2004-04-27,12.86,14.9
2004-04-28,12.66,15.3
2004-04-29,12.17,15.9
2004-04-30,11.85,16.4
2004-05-01,11.2,16.6
2004-05-02,10.23,16.6
2004-05-03,10.76,16.8
2004-05-04,12.13,17.0
2004-05-05,11.72,16.9
2004-05-06,12.53,16.4
2004-05-07,10.88,15.4
2004-05-08,9.99,14.0
2004-05-09,10.3,13.7
2004-05-10,10.4,12.7
2004-05-11,10.43,12.5
2004-05-12,10.48,12.5
2004-05-13,10.39,12.4
2004-05-14,9.95,12.8
2004-05-15,9.46,13.2
2004-05-16,9.18,13.9
2004-05-17,8.76,14.5
2004-05-18,8.52,15.3
2004-05-19,8.24,16.1
2004-05-20,8.0,16.8
2004-05-21,7.9,17.1
2004-05-22,8.08,16.7
2004-05-23,8.43,16.1
2004-05-24,8.66,16.1
2004-05-25,8.82,16.4
2004-05-26,8.97,16.6
2004-05-27,9.04,16.5
2004-05-28,9.29,16.6
2004-05-29,9.98,17.0
2004-05-30,12.06,17.3
2004-05-31,17.49,17.6
2004-06-01,19.09,17.7
2004-06-02,19.22,18.1
2004-06-03,17.98,18.2
2004-06-04,16.03,18.1
2004-06-05,13.86,17.8
2004-06-06,12.48,17.9
2004-06-07,12.56,18.4
2004-06-08,13.38,19.2
2004-06-09,13.98,20.0
2004-06-10,13.68,20.8
2004-06-11,12.38,21.1
2004-06-12,9.36,21.0
2004-06-13,7.45,20.5
2004-06-14,7.19,20.4
2004-06-15,7.16,20.8
2004-06-16,6.48,21.0
2004-06-17,5.6,20.8
2004-06-18,5.13,20.5
2004-06-19,4.62,20.3
2004-06-20,4.51,20.0
2004-06-21,5.09,19.9
2004-06-22,4.86,19.8
2004-06-23,5.05,19.6
2004-06-24,5.26,19.3
2004-06-25,6.06,19.0
2004-06-26,6.05,19.3
2004-06-27,5.94,19.9
2004-06-28,5.29,20.4
2004-06-29,5.07,20.7
2004-06-30,4.99,21.0
2004-07-01,5.25,21.1
2004-07-02,5.46,20.9
2004-07-03,5.73,20.6
2004-07-04,5.69,20.4
2004-07-05,5.79,20.4
2004-07-06,5.99,20.6
2004-07-07,5.97,20.9
2004-07-08,5.96,21.0
2004-07-09,5.6,20.6
2004-07-10,5.64,20.1
2004-07-11,5.6,20.0
2004-07-12,5.65,19.8
2004-07-13,5.88,19.3
2004-07-14,6.06,19.1
2004-07-15,5.95,19.2
2004-07-16,6.11,19.6
2004-07-17,5.98,20.3
2004-07-18,5.99,20.7
2004-07-19,5.97,21.5
2004-07-20,5.67,21.9
2004-07-21,5.93,22.1
2004-07-22,5.88,22.4
2004-07-23,5.87,22.8
2004-07-24,6.03,23.6
2004-07-25,6.4,23.2
2004-07-26,6.53,22.7
2004-07-27,6.23,22.4
2004-07-28,6.35,22.6
2004-07-29,6.25,22.8
2004-07-30,6.14,23.8
2004-07-31,5.96,24.1
2004-08-01,5.95,24.3
2004-08-02,6.13,24.6
2004-08-03,6.1,24.9
2004-08-04,6.06,25.1
2004-08-05,6.08,25.3
2004-08-06,6.28,25.5
2004-08-07,6.42,25.6
2004-08-08,6.43,25.7
2004-08-09,5.96,25.6
2004-08-10,6.02,25.6
2004-08-11,5.72,25.6
2004-08-12,5.53,25.6
2004-08-13,5.44,25.1
2004-08-14,5.03,24.3
2004-08-15,5.53,23.5
2004-08-16,5.83,23.2
2004-08-17,6.04,23.2
2004-08-18,6.07,23.3
2004-08-19,6.31,23.6
2004-08-20,6.51,23.5
2004-08-21,6.48,23.1
2004-08-22,6.43,22.7
2004-08-23,6.63,22.5
2004-08-24,6.81,22.2
2004-08-25,7.08,21.3
2004-08-26,7.21,20.8
2004-08-27,6.94,20.4
2004-08-28,7.09,20.4
2004-08-29,6.97,20.5
2004-08-30,7.18,20.5
2004-08-31,7.36,20.1
2004-09-01,7.76,20.0
2004-09-02,7.59,20.1
2004-09-03,7.64,20.4
2004-09-04,7.64,20.7
2004-09-05,7.81,21.1
2004-09-06,7.8,21.2
2004-09-07,7.81,21.5
2004-09-08,7.75,21.6
2004-09-09,7.81,21.6
2004-09-10,7.78,21.1
2004-09-11,7.87,21.1
2004-09-12,7.76,21.0
2004-09-13,7.57,20.7
2004-09-14,7.38,20.4
2004-09-15,7.36,20.1
2004-09-16,7.31,19.6
2004-09-17,7.34,19.4
2004-09-18,7.46,19.2
2004-09-19,7.5,19.0
2004-09-20,7.48,17.9
2004-09-21,,17.7
2004-09-22,,17.5
2004-09-23,,17.1
2004-09-24,8.38,16.8
2004-09-25,8.67,16.5
2004-09-26,9.05,16.2
2004-09-27,9.04,15.9
2004-09-28,8.87,15.9
2004-09-29,8.53,16.1
2004-09-30,8.16,16.1
2004-10-01,8.19,16.2
2004-10-02,8.07,16.1
2004-10-03,8.0,16.0
2004-10-04,7.93,16.0
2004-10-05,7.78,16.2
2004-10-06,7.63,16.3
2004-10-07,7.65,16.1
2004-10-08,7.65,16.0
2004-10-09,7.22,15.8
2004-10-10,7.2,15.6
2004-10-11,7.39,15.0
2004-10-12,7.96,14.3
2004-10-13,8.69,13.8
2004-10-14,9.12,13.5
2004-10-15,9.05,13.3
2004-10-16,8.7,13.2
2004-10-17,8.57,13.1
2004-10-18,8.47,13.0
2004-10-19,8.68,12.8
2004-10-20,8.96,12.7
2004-10-21,8.85,12.8
2004-10-22,8.87,12.7
2004-10-23,8.85,12.8
2004-10-24,8.95,14.5
2004-10-25,8.86,14.3
2004-10-26,8.59,13.2
2004-10-27,8.7,13.1
2004-10-28,8.72,13.1
2004-10-29,8.83,13.0
2004-10-30,8.6,13.1
2004-10-31,8.54,13.0
2004-11-01,8.57,12.9
2004-11-02,8.58,12.9
2004-11-03,8.49,12.9
2004-11-04,8.43,13.0
2004-11-05,8.4,13.0
2004-11-06,8.72,12.7
2004-11-07,8.58,12.3
2004-11-08,8.6,11.9
2004-11-09,8.71,11.2
2004-11-10,8.74,10.4
2004-11-11,8.7,10.0
2004-11-12,8.77,9.7
2004-11-13,8.95,9.5
2004-11-14,9.16,9.2
2004-11-15,9.41,8.6
2004-11-16,9.53,8.2
2004-11-17,9.63,8.2
2004-11-18,9.83,8.4
2004-11-19,10.16,8.3
2004-11-20,10.82,7.7
2004-11-21,11.6,7.1
2004-11-22,11.86,7.0
2004-11-23,12.04,7.3
2004-11-24,11.91,7.1
2004-11-25,11.77,6.7
2004-11-26,11.83,6.2
2004-11-27,11.99,5.9
2004-11-28,11.73,6.1
2004-11-29,11.51,6.3
2004-11-30,11.51,6.3
2004-12-01,11.03,6.3
2004-12-02,10.8,6.4
2004-12-03,10.63,6.4
2004-12-04,10.52,6.4
2004-12-05,10.5,6.3
2004-12-06,10.47,6.3
2004-12-07,10.4,6.3
2004-12-08,10.33,6.3
2004-12-09,10.27,6.1
2004-12-10,10.23,5.7
2004-12-11,10.28,5.3
2004-12-12,10.35,4.9
2004-12-13,10.39,4.8
2004-12-14,10.45,4.4
2004-12-15,10.5,4.1
2004-12-16,10.52,3.8
2004-12-17,10.64,3.9
2004-12-18,10.7,4.0
2004-12-19,10.68,4.2
2004-12-20,10.65,3.8
2004-12-21,10.65,3.2
2004-12-22,10.66,3.0
2004-12-23,10.71,3.0
2004-12-24,10.72,3.5
2004-12-25,10.78,4.1
2004-12-26,10.8,4.1
2004-12-27,,4.1
2004-12-28,,4.2
2004-12-29,,4.3
2004-12-30,,4.4
2004-12-31,,4.6
2005-01-01,,5.0
2005-01-02,,5.6
2005-01-03,,5.7
2005-01-04,,5.8
2005-01-05,,5.7
2005-01-06,11.45,5.5
2005-01-07,11.59,5.7
2005-01-08,11.74,5.9
2005-01-09,11.61,6.2
2005-01-10,11.53,6.4
2005-01-11,11.36,6.3
2005-01-12,11.18,6.3
2005-01-13,11.02,6.3
2005-01-14,11.04,6.1
2005-01-15,10.96,5.8
2005-01-16,10.88,5.3
2005-01-17,10.8,5.0
2005-01-18,10.79,5.0
2005-01-19,10.75,5.0
2005-01-20,10.73,5.1
2005-01-21,10.74,5.4
2005-01-22,,5.4
2005-01-23,,5.0
2005-01-24,10.1,4.5
2005-01-25,11.1,4.2
2005-01-26,12.12,3.7
2005-01-27,12.27,3.5
2005-01-28,12.06,3.3
2005-01-29,11.95,3.0
2005-01-30,11.92,2.7
2005-01-31,11.74,2.8
2005-02-01,11.58,3.1
2005-02-02,11.69,3.4
2005-02-03,11.72,3.9
2005-02-04,11.54,3.7
2005-02-05,11.51,3.7
2005-02-06,11.74,3.4
2005-02-07,11.71,3.2
2005-02-08,11.51,3.0
2005-02-09,11.42,2.8
2005-02-10,11.45,2.9
2005-02-11,11.39,3.3
2005-02-12,11.72,4.1
2005-02-13,12.09,5.1
2005-02-14,11.83,4.9
2005-02-15,,4.7
2005-02-16,,4.3
2005-02-17,11.82,3.6
2005-02-18,12.12,3.5
2005-02-19,12.29,3.6
2005-02-20,12.4,3.9
2005-02-21,12.39,3.9
2005-02-22,12.41,3.9
2005-02-23,12.4,3.9
2005-02-24,12.3,3.9
2005-02-25,12.16,3.6
2005-02-26,12.11,3.5
2005-02-27,11.98,3.4
2005-02-28,11.87,3.1
2005-03-01,11.82,2.9
2005-03-02,11.7,2.6
2005-03-03,13.09,2.4
2005-03-04,13.13,2.3
2005-03-05,13.0,2.6
2005-03-06,12.92,2.7
2005-03-07,12.93,2.6
2005-03-08,13.08,2.7
2005-03-09,12.89,3.2
2005-03-10,12.95,3.7
2005-03-11,12.91,3.8
2005-03-12,12.77,4.0
2005-03-13,12.65,4.2
2005-03-14,12.75,4.7
2005-03-15,13.07,5.3
2005-03-16,13.38,5.9
2005-03-17,13.54,6.5
2005-03-18,13.61,7.8
2005-03-19,13.38,8.4
2005-03-20,13.15,8.9
2005-03-21,13.04,8.8
2005-03-22,12.88,8.9
2005-03-23,12.79,9.4
2005-03-24,12.72,10.1
2005-03-25,12.55,10.0
2005-03-26,12.67,10.0
2005-03-27,12.65,10.2
2005-03-28,12.58,10.4
2005-03-29,12.61,10.6
2005-03-30,12.64,10.9
2005-03-31,12.64,11.2
2005-04-01,12.86,11.3
2005-04-02,12.89,11.4
2005-04-03,12.97,11.6
2005-04-04,13.12,11.8
2005-04-05,13.13,11.8
2005-04-06,13.04,11.6
2005-04-07,12.57,12.1
2005-04-08,12.6,12.0
2005-04-09,12.8,11.8
2005-04-10,12.84,11.1
2005-04-11,13.58,11.3
2005-04-12,14.46,11.7
2005-04-13,15.08,11.9
2005-04-14,15.09,12.1
2005-04-15,14.98,12.5
2005-04-16,15.91,13.1
2005-04-17,16.09,13.7
2005-04-18,15.4,14.1
2005-04-19,14.8,14.1
2005-04-20,12.81,13.6
2005-04-21,12.11,13.1
2005-04-22,11.61,12.9
2005-04-23,11.54,12.9
2005-04-24,11.52,13.6
2005-04-25,10.99,14.1
2005-04-26,10.94,13.9
2005-04-27,11.32,13.8
2005-04-28,11.28,13.8
2005-04-29,11.06,14.2
2005-04-30,11.06,14.9
2005-05-01,10.83,15.6
2005-05-02,10.69,15.9
2005-05-03,10.39,16.6
2005-05-04,9.91,16.6
2005-05-05,9.83,16.5
2005-05-06,9.87,16.3
2005-05-07,9.96,15.8
2005-05-08,10.12,15.1
2005-05-09,10.62,15.0
2005-05-10,11.03,14.8
2005-05-11,11.46,14.7
2005-05-12,11.82,14.9
2005-05-13,12.19,15.2
2005-05-14,12.04,15.4
2005-05-15,11.8,15.1
2005-05-16,12.29,15.1
2005-05-17,12.72,15.4
2005-05-18,13.1,15.5
2005-05-19,14.29,15.6
2005-05-20,15.44,16.0
2005-05-21,16.07,16.4
2005-05-22,16.29,16.6
2005-05-23,16.06,16.8
2005-05-24,16.37,16.9
2005-05-25,17.29,17.4
2005-05-26,17.77,18.1
2005-05-27,18.14,19.0
2005-05-28,,19.9
2005-05-29,,20.8
2005-05-30,19.4,21.2
2005-05-31,19.07,20.7
2005-06-01,18.72,20.4
2005-06-02,19.32,20.2
2005-06-03,19.02,20.6
2005-06-04,18.7,21.1
2005-06-05,17.15,20.7
2005-06-06,16.23,20.2
2005-06-07,15.18,19.6
2005-06-08,16.64,19.2
2005-06-09,16.47,19.1
2005-06-10,15.5,19.1
2005-06-11,15.25,18.9
2005-06-12,15.41,18.7
2005-06-13,16.45,18.6
2005-06-14,16.68,18.7
2005-06-15,16.64,18.7
2005-06-16,16.73,19.3
2005-06-17,16.35,19.7
2005-06-18,15.2,20.2
2005-06-19,15.57,20.9
2005-06-20,15.24,21.8
2005-06-21,15.17,22.6
2005-06-22,14.77,23.2
2005-06-23,14.13,23.7
2005-06-24,11.4,24.4
2005-06-25,9.47,24.8
2005-06-26,7.01,25.1
2005-06-27,6.38,25.2
2005-06-28,6.69,25.4
2005-06-29,6.96,25.8
2005-06-30,8.57,25.7
2005-07-01,8.06,25.1
2005-07-02,7.68,24.4
2005-07-03,7.17,24.0
2005-07-04,7.07,24.2
2005-07-05,7.08,23.9
2005-07-06,8.15,23.2
2005-07-07,8.7,22.7
2005-07-08,8.94,22.1
2005-07-09,10.87,22.0
2005-07-10,11.91,22.1
2005-07-11,11.66,22.5
2005-07-12,10.82,22.8
2005-07-13,10.09,23.2
2005-07-14,9.67,23.8
2005-07-15,8.78,24.1
2005-07-16,7.58,24.3
2005-07-17,6.62,24.7
2005-07-18,5.78,24.9
2005-07-19,4.87,24.8
2005-07-20,4.54,24.0
2005-07-21,4.45,22.7
2005-07-22,,22.2
2005-07-23,,21.9
2005-07-24,,21.9
2005-07-25,,22.0
2005-07-26,,22.0
2005-07-27,,22.3
2005-07-28,,23.1
2005-07-29,,23.6
2005-07-30,,23.9
2005-07-31,,23.6
2005-08-01,,23.5
2005-08-02,,23.2
2005-08-03,,22.9
2005-08-04,,22.6
2005-08-05,,22.4
2005-08-06,,22.0
2005-08-07,,21.4
2005-08-08,,20.9
2005-08-09,,20.5
2005-08-10,,20.2
2005-08-11,,19.9
2005-08-12,,20.2
2005-08-13,,20.3
2005-08-14,,20.1
2005-08-15,,19.8
2005-08-16,,19.7
2005-08-17,,20.0
2005-08-18,,20.6
2005-08-19,,21.1
2005-08-20,,21.4
2005-08-21,6.7,21.2
2005-08-22,6.59,21.1
2005-08-23,6.52,21.0
2005-08-24,6.84,21.1
2005-08-25,6.96,21.0
2005-08-26,7.23,20.5
2005-08-27,7.26,20.3
2005-08-28,7.26,20.5
2005-08-29,7.41,20.6
2005-08-30,7.57,21.0
2005-08-31,7.62,21.5
2005-09-01,7.69,21.8
2005-09-02,7.57,22.2
2005-09-03,7.45,22.4
2005-09-04,7.53,22.4
2005-09-05,7.38,22.4
2005-09-06,7.44,22.3
2005-09-07,7.39,22.5
2005-09-08,7.62,22.7
2005-09-09,7.83,22.6
2005-09-10,7.68,22.4
2005-09-11,7.27,21.9
2005-09-12,6.68,21.3
2005-09-13,6.84,20.9
2005-09-14,7.32,20.5
2005-09-15,7.44,20.7
2005-09-16,7.33,20.6
2005-09-17,7.02,19.9
2005-09-18,7.32,19.1
2005-09-19,7.45,18.8
2005-09-20,7.95,18.4
2005-09-21,8.04,18.2
2005-09-22,8.14,18.0
2005-09-23,8.42,17.9
2005-09-24,8.39,17.8
2005-09-25,8.44,17.8
2005-09-26,8.3,17.9
2005-09-27,8.11,17.9
2005-09-28,7.93,17.7
2005-09-29,8.05,17.5
2005-09-30,8.09,17.1
2005-10-01,8.18,16.8
2005-10-02,8.11,16.5
2005-10-03,8.31,16.1
2005-10-04,8.8,16.0
2005-10-05,8.84,16.1
2005-10-06,8.8,16.2
2005-10-07,8.58,16.3
2005-10-08,8.54,16.3
2005-10-09,8.36,16.2
2005-10-10,8.46,16.2
2005-10-11,8.6,16.1
2005-10-12,8.68,16.0
2005-10-13,8.65,15.8
2005-10-14,8.7,15.6
2005-10-15,8.77,15.4
2005-10-16,8.93,15.2
2005-10-17,9.05,14.9
2005-10-18,9.03,14.4
2005-10-19,9.05,13.9
2005-10-20,9.12,13.6
2005-10-21,9.15,13.6
2005-10-22,9.13,13.8
2005-10-23,9.15,14.0
2005-10-24,9.25,14.0
2005-10-25,9.33,14.1
2005-10-26,9.54,14.3
2005-10-27,9.59,14.4
2005-10-28,9.52,14.4
2005-10-29,9.57,14.4
2005-10-30,9.57,14.3
2005-10-31,9.51,14.0
2005-11-01,9.4,13.9
2005-11-02,9.17,13.5
2005-11-03,8.95,13.6
2005-11-04,8.82,13.6
2005-11-05,8.58,13.6
2005-11-06,8.79,13.4
2005-11-07,9.01,13.0
2005-11-08,8.98,12.7
2005-11-09,8.94,12.3
2005-11-10,8.68,11.9
2005-11-11,8.93,11.6
2005-11-12,9.04,11.4
2005-11-13,9.07,11.3
2005-11-14,9.07,11.1
2005-11-15,9.27,10.7
2005-11-16,9.25,10.4
2005-11-17,9.06,10.0
2005-11-18,9.15,9.6
2005-11-19,9.28,9.1
2005-11-20,9.46,8.6
2005-11-21,9.56,8.2
2005-11-22,9.64,7.9
2005-11-23,9.83,7.5
2005-11-24,10.04,7.2
2005-11-25,10.16,6.7
2005-11-26,10.05,6.3
2005-11-27,10.13,5.9
2005-11-28,10.19,5.6
2005-11-29,10.23,5.6
2005-11-30,10.23,5.5
2005-12-01,10.31,5.2
2005-12-02,10.47,4.8
2005-12-03,10.66,4.4
2005-12-04,10.76,4.5
2005-12-05,10.73,4.8
2005-12-06,10.68,4.8
2005-12-07,10.98,4.7
2005-12-08,11.52,5.1
2005-12-09,11.38,5.1
2005-12-10,11.24,4.8
2005-12-11,11.24,4.3
2005-12-12,11.29,4.2
2005-12-13,11.35,4.2
2005-12-14,11.37,4.3
2005-12-15,11.24,4.5
2005-12-16,11.18,4.8
2005-12-17,11.01,4.8
2005-12-18,11.02,4.6
2005-12-19,11.83,4.6
2005-12-20,12.22,4.5
2005-12-21,12.0,4.4
2005-12-22,11.96,4.4
2005-12-23,11.78,4.6
2005-12-24,11.63,4.8
2005-12-25,11.42,4.9
2005-12-26,11.4,4.8
2005-12-27,11.28,4.5
2005-12-28,11.42,4.2
2005-12-29,11.24,3.9
2005-12-30,11.1,3.7
2005-12-31,11.14,3.3
2006-01-01,11.11,3.4
2006-01-02,11.04,3.5
2006-01-03,11.01,3.5
2006-01-04,11.1,3.3
2006-01-05,11.16,3.3
2006-01-06,11.11,3.3
2006-01-07,11.01,3.6
2006-01-08,10.99,3.7
2006-01-09,11.05,3.4
2006-01-10,11.05,3.1
2006-01-11,11.12,2.9
2006-01-12,11.15,2.8
2006-01-13,11.21,2.7
2006-01-14,11.29,2.4
2006-01-15,11.26,2.0
2006-01-16,11.33,1.6
2006-01-17,11.3,1.4
2006-01-18,11.37,1.5
2006-01-19,11.37,1.7
2006-01-20,11.56,1.9
2006-01-21,11.58,2.3
2006-01-22,11.5,2.5
2006-01-23,11.55,2.0
2006-01-24,,1.5
2006-01-25,,1.3
2006-01-26,,1.2
2006-01-27,11.74,1.2
2006-01-28,11.71,1.1
2006-01-29,11.66,1.0
2006-01-30,11.78,1.0
2006-01-31,11.98,1.0
2006-02-01,11.97,0.9
2006-02-02,,1.0
2006-02-03,13.1,0.9
2006-02-04,13.11,1.0
2006-02-05,13.16,1.0
2006-02-06,13.16,1.2
2006-02-07,13.26,1.4
2006-02-08,13.29,1.7
2006-02-09,13.37,1.7
2006-02-10,13.85,1.4
2006-02-11,14.49,1.2
2006-02-12,14.61,1.4
2006-02-13,14.47,1.7
2006-02-14,14.23,2.0
2006-02-15,14.11,2.5
2006-02-16,13.75,3.1
2006-02-17,13.62,3.6
2006-02-18,13.61,3.9
2006-02-19,13.46,4.2
2006-02-20,13.45,4.3
2006-02-21,13.22,4.6
2006-02-22,13.33,4.6
2006-02-23,13.32,4.5
2006-02-24,12.95,4.3
2006-02-25,12.64,4.2
2006-02-26,12.24,4.0
2006-02-27,12.0,3.8
2006-02-28,11.98,3.9
2006-03-01,12.1,3.8
2006-03-02,12.57,3.7
2006-03-03,13.04,3.3
2006-03-04,13.08,3.1
2006-03-05,13.02,3.0
2006-03-06,13.04,3.53334
2006-03-07,12.91,
2006-03-08,13.02,3.87916
2006-03-09,12.97,3.87187
2006-03-10,13.58,
2006-03-11,14.0,
2006-03-16,14.61,3.5
2006-03-17,14.88,3.6
2006-03-18,14.69,3.9
2006-03-19,14.42,4.3
2006-03-20,14.25,4.8
2006-03-21,13.94,5.2
2006-03-22,13.67,5.4
2006-03-23,13.71,5.7
2006-03-24,13.69,6.7
2006-03-25,13.49,6.6
2006-03-26,13.41,7.4
2006-03-27,13.36,8.1
2006-03-28,13.46,8.7
2006-03-29,13.4,9.1
2006-03-30,13.36,9.1
2006-03-31,13.18,9.4
2006-04-01,13.1,9.6
2006-04-02,13.08,9.9
2006-04-03,13.09,9.9
2006-04-04,12.77,10.1
2006-04-05,12.92,10.2
2006-04-06,13.24,9.7
2006-04-07,13.38,9.8
2006-04-08,13.27,10.0
2006-04-09,12.88,10.5
2006-04-10,12.74,10.4
2006-04-11,13.01,10.4
2006-04-12,12.81,10.7
2006-04-13,12.11,10.1
2006-04-14,11.62,9.6
2006-04-15,11.62,10.0
2006-04-16,11.65,10.3
2006-04-17,11.74,10.6
2006-04-18,11.79,10.9
2006-04-19,11.68,11.2
2006-04-20,11.6,11.6
2006-04-21,11.2,12.2
2006-04-22,10.98,12.8
2006-04-23,10.9,13.2
2006-04-24,10.91,13.8
2006-04-25,11.02,14.4
2006-04-26,11.18,14.6
2006-04-27,10.94,14.7
2006-04-28,10.83,14.7
2006-04-29,10.73,14.6
2006-04-30,10.61,14.0
2006-05-01,10.77,14.0
2006-05-02,11.06,14.2
2006-05-03,11.52,14.9
2006-05-04,11.87,15.6
2006-05-05,11.7,15.8
2006-05-08,,21.8073
2006-05-09,17.36,
2006-05-10,17.36,17.6
2006-05-11,17.81,17.7
2006-05-12,18.45,17.9
2006-05-13,16.83,18.2
2006-05-14,14.36,18.1
2006-05-15,13.98,18.4
2006-05-16,13.33,18.8
2006-05-17,11.76,18.7
2006-05-18,10.91,18.7
2006-05-19,10.5,18.4
2006-05-20,9.86,17.8
2006-05-21,9.65,17.4
2006-05-22,9.93,17.4
2006-05-23,9.71,17.1
2006-05-24,10.6,17.0
2006-05-25,10.99,16.8
2006-05-26,10.36,16.7
2006-05-27,9.71,16.7
2006-05-28,9.56,16.8
2006-05-29,9.98,16.7
2006-05-30,9.94,16.0
2006-05-31,10.23,15.6
2006-06-01,10.43,14.8
2006-06-02,10.42,14.9
2006-06-03,10.5,15.2
2006-06-04,10.64,14.7
2006-06-05,10.6,14.8
2006-06-06,10.54,15.0
2006-06-07,10.28,15.3
2006-06-08,10.11,15.9
2006-06-09,9.73,16.4
2006-06-10,9.22,17.0
2006-06-11,8.87,17.7
2006-06-12,8.56,18.1
2006-06-13,8.48,19.8
2006-06-14,8.5,20.2
2006-06-15,8.69,20.8
2006-06-16,8.55,21.2
2006-06-17,8.71,21.3
2006-06-18,9.11,21.8
2006-06-19,8.89,22.6
2006-06-20,7.78,22.9
2006-06-21,7.24,23.2
2006-06-22,7.14,23.3
2006-06-23,7.41,23.0
2006-06-24,7.33,23.0
2006-06-25,6.96,23.7
2006-06-26,6.42,24.0
2006-06-27,6.3,24.1
2006-06-28,6.46,23.9
2006-06-29,6.14,23.5
2006-06-30,6.3,24.0
2006-07-01,6.38,24.2
2006-07-02,6.25,24.4
2006-07-03,6.13,24.6
2006-07-04,5.86,25.0
2006-07-05,5.94,25.6
2006-07-06,5.92,25.8
2006-07-07,5.68,25.6
2006-07-08,5.08,25.1
2006-07-09,5.38,25.0
2006-07-10,5.74,25.2
2006-07-11,6.35,25.6
2006-07-12,6.31,26.0
2006-07-13,6.15,26.5
2006-07-14,5.9,26.6
2006-07-15,6.1,26.4
2006-07-16,6.33,26.3
2006-07-17,6.19,26.3
2006-07-18,6.19,26.3
2006-07-19,6.42,26.5
2006-07-20,6.41,26.6
2006-07-21,6.47,26.8
2006-07-22,6.51,27.0
2006-07-23,5.95,26.9
2006-07-24,5.32,27.0
2006-07-25,5.93,28.1
2006-07-26,5.99,27.8
2006-07-27,6.17,27.8
2006-07-28,5.85,27.5
2006-07-29,5.74,26.9
2006-07-30,5.81,27.0
2006-07-31,5.77,27.0
2006-08-01,5.96,26.5
2006-08-02,6.06,25.5
2006-08-03,6.39,24.8
2006-08-04,6.53,24.5
2006-08-05,6.55,24.3
2006-08-06,6.56,24.0
2006-08-07,6.67,23.8
2006-08-08,6.83,23.6
2006-08-09,7.02,23.0
2006-08-10,7.11,22.6
2006-08-11,7.09,22.2
2006-08-12,6.98,21.5
2006-08-13,7.08,21.0
2006-08-14,7.26,20.6
2006-08-15,7.24,20.3
2006-08-16,7.2,20.1
2006-08-17,7.09,20.2
2006-08-18,7.02,20.5
2006-08-19,7.16,20.6
2006-08-20,7.25,20.8
2006-08-21,7.32,20.6
2006-08-22,7.33,20.4
2006-08-23,7.34,20.4
2006-08-24,7.41,20.5
2006-08-25,7.57,20.3
2006-08-26,7.51,20.1
2006-08-27,7.44,20.0
2006-08-28,7.32,19.7
2006-08-29,7.27,19.0
2006-08-30,7.58,18.7
2006-08-31,7.97,18.3
2006-09-01,8.29,18.6
2006-09-02,8.23,19.1
2006-09-03,8.09,19.5
2006-09-04,7.89,19.8
2006-09-05,7.78,20.0
2006-09-06,7.9,20.6
2006-09-07,7.79,20.9
2006-09-08,7.93,20.9
2006-09-09,7.95,20.6
2006-09-10,7.96,20.4
2006-09-11,8.03,20.4
2006-09-12,7.99,20.7
2006-09-13,8.03,21.0
2006-09-14,8.01,21.1
2006-09-15,8.05,21.1
2006-09-16,8.15,21.1
2006-09-17,7.97,21.1
2006-09-18,7.61,21.0
2006-09-19,7.47,20.7
2006-09-20,7.42,20.3
2006-09-21,7.67,20.2
2006-09-22,7.96,20.3
2006-09-23,8.11,20.3
2006-09-24,8.22,20.4
2006-09-25,8.2,20.3
2006-09-26,7.96,20.3
2006-09-27,7.8,20.1
2006-09-28,7.6,19.8
2006-09-29,7.87,19.6
2006-09-30,7.96,19.5
2006-10-01,7.69,19.4
2006-10-02,7.36,18.9
2006-10-03,7.26,18.6
2006-10-04,7.48,17.9
2006-10-05,8.16,17.5
2006-10-06,8.56,17.2
2006-10-07,8.53,17.0
2006-10-08,8.46,16.7
2006-10-09,8.6,16.6
2006-10-10,8.6,16.6
2006-10-11,8.56,16.5
2006-10-12,8.36,16.5
2006-10-13,8.42,16.6
2006-10-14,8.21,16.7
2006-10-15,8.14,16.4
2006-10-16,8.11,16.0
2006-10-17,8.17,15.6
2006-10-18,8.1,15.1
2006-10-19,8.16,14.8
2006-10-20,8.28,14.7
2006-10-21,8.41,14.8
2006-10-22,8.38,15.1
2006-10-23,8.37,15.1
2006-10-24,8.48,15.1
2006-10-25,8.64,14.9
2006-10-26,8.98,14.6
2006-10-27,9.14,14.7
2006-10-28,8.97,14.9
2006-10-29,8.65,15.1
2006-10-30,8.57,15.0
2006-10-31,8.45,14.7
2006-11-01,8.53,14.1
2006-11-02,8.66,13.1
2006-11-03,8.71,12.6
2006-11-04,8.92,12.1
2006-11-05,9.09,11.8
2006-11-06,9.17,11.6
2006-11-07,9.21,11.5
2006-11-08,9.45,11.2
2006-11-09,9.57,11.1
2006-11-10,9.59,10.9
2006-11-11,9.46,10.6
2006-11-12,9.76,10.3
2006-11-13,9.79,10.1
2006-11-14,9.82,10.2
2006-11-15,9.98,10.4
2006-11-16,10.05,10.4
2006-11-17,10.22,10.3
2006-11-18,10.18,10.4
2006-11-19,10.04,10.4
2006-11-20,10.07,10.3
2006-11-21,10.07,10.2
2006-11-22,10.05,10.1
2006-11-23,10.0,9.8
2006-11-24,9.91,9.9
2006-11-25,10.0,10.1
2006-11-26,10.0,10.2
2006-11-27,10.07,10.1
2006-12-01,9.98,10.1
2006-12-02,9.98,9.9
2006-12-03,9.98,
2006-12-04,10.03,9.1
2006-12-05,10.1,9.3
2006-12-06,10.06,9.5
2006-12-07,10.18,9.4
2006-12-08,10.25,9.2
2006-12-09,10.24,9.1
2006-12-10,10.21,8.9
2006-12-11,10.24,8.6
2006-12-12,10.3,8.4
2006-12-13,10.36,8.2
2006-12-14,10.53,7.9
2006-12-15,10.73,7.6
2006-12-16,10.71,7.1
2006-12-17,10.74,7.1
2006-12-18,10.8,7.0
2006-12-19,10.83,7.0
2006-12-20,10.86,6.8
2006-12-21,10.93,6.7
2006-12-22,10.97,6.5
2006-12-23,11.04,6.4
2006-12-24,11.05,6.1
2006-12-25,11.06,5.9
2006-12-26,11.09,5.6
2006-12-27,11.11,5.3
2006-12-28,11.17,5.0
2006-12-29,11.2,5.1
2006-12-30,11.25,5.0
2006-12-31,11.35,5.1
2007-01-01,11.38,5.6
2007-01-02,,5.9
2007-01-03,11.68,5.8
2007-01-04,12.04,5.9
2007-01-05,11.88,6.1
2007-01-06,11.89,6.4
2007-01-07,11.65,6.8
2007-01-08,11.83,6.8
2007-01-09,11.95,7.2
2007-01-10,11.93,7.8
2007-01-11,11.97,7.9
2007-01-12,11.89,7.9
2007-01-13,12.0,8.2
2007-01-14,12.01,8.6
2007-01-15,12.0,8.3
2007-01-16,11.96,7.6
2007-01-17,12.0,7.7
2007-01-18,11.8,8.1
2007-01-19,11.55,8.6
2007-01-20,12.05,8.8
2007-01-21,12.09,9.0
2007-01-22,12.23,8.4
2007-01-23,12.52,7.6
2007-01-24,12.45,6.7
2007-01-25,12.55,5.9
2007-01-26,,5.7
2007-01-27,,5.7
2007-01-28,,5.7
2007-01-29,,5.7
2007-01-30,,5.7
2007-01-31,,5.7
2007-02-01,,5.3
2007-02-02,13.54,5.1
2007-02-03,13.41,5.4
2007-02-04,13.23,5.7
2007-02-05,12.95,5.7
2007-02-06,12.7,5.8
2007-02-07,12.59,5.9
2007-02-08,12.58,5.8
2007-02-09,12.79,5.8
2007-02-10,13.13,5.8
2007-02-11,13.21,6.0
2007-02-12,13.23,6.2
2007-02-13,13.18,6.5
2007-02-14,13.14,6.6
2007-02-15,13.16,6.8
2007-02-16,13.38,6.7
2007-02-17,13.39,6.8
2007-02-18,13.38,6.6
2007-02-19,13.28,6.7
2007-02-20,13.34,6.8
2007-02-21,13.2,6.8
2007-02-22,13.06,7.0
2007-02-23,12.92,7.2
2007-02-24,12.82,7.2
2007-02-25,12.66,7.3
2007-02-26,12.6,7.4
2007-02-27,12.71,7.4
2007-02-28,12.75,7.6
2007-03-01,12.75,8.0
2007-03-02,12.91,7.9
2007-03-03,12.97,7.8
2007-03-04,13.31,7.7
2007-03-05,13.3,7.8
2007-03-06,13.3,7.7
2007-03-07,13.11,7.7
2007-03-08,12.99,7.8
2007-03-09,13.0,7.9
2007-03-10,13.09,8.1
2007-03-11,13.25,8.2
2007-03-12,13.13,8.4
2007-03-13,12.91,8.7
2007-03-14,12.85,8.9
2007-03-15,12.68,9.0
2007-03-16,12.67,9.3
2007-03-17,12.48,9.3
2007-03-18,12.23,9.2
2007-03-19,11.97,8.9
2007-03-20,12.17,8.7
2007-03-21,12.39,8.4
2007-03-22,12.45,8.1
2007-03-23,12.54,7.7
2007-03-24,12.87,7.5
2007-03-25,13.36,7.7
2007-03-26,13.41,8.1
2007-03-27,13.13,8.5
2007-03-28,12.97,8.9
2007-03-29,12.84,9.3
2007-03-30,12.54,9.7
2007-03-31,12.32,10.0
2007-04-01,12.18,10.2
2007-04-02,12.16,10.9
2007-04-03,12.06,11.3
2007-04-04,11.9,11.2
2007-04-05,12.07,11.1
2007-04-06,12.32,11.4
2007-04-07,12.52,11.6
2007-04-08,12.75,11.7
2007-04-09,13.1,12.0
2007-04-10,13.44,12.2
2007-04-11,13.6,12.5
2007-04-12,14.24,13.1
2007-04-13,15.41,13.8
2007-04-14,16.03,14.5
2007-04-15,17.1,15.0
2007-04-16,17.37,15.5
2007-04-17,20.64,15.9
2007-04-18,20.72,15.9
2007-04-19,21.0,15.8
2007-04-20,20.75,15.8
2007-04-21,20.45,15.7
2007-04-22,19.88,15.9
2007-04-23,19.45,16.3
2007-04-24,19.96,16.7
2007-04-25,19.67,17.2
2007-04-26,18.8,17.7
2007-04-27,18.67,18.1
2007-04-28,18.23,18.4
2007-04-29,16.94,18.7
2007-04-30,15.18,18.7
2007-05-01,13.06,18.6
2007-05-02,11.95,18.3
2007-05-03,11.87,18.2
2007-05-04,12.06,18.4
2007-05-05,11.95,18.2
2007-05-06,11.93,18.2
2007-05-07,11.01,18.0
2007-05-08,10.07,17.5
2007-05-09,9.41,17.0
2007-05-10,8.83,16.8
2007-05-11,9.1,16.8
2007-05-12,10.83,17.0
2007-05-13,11.57,17.0
2007-05-14,11.44,17.1
2007-05-15,9.43,16.9
2007-05-16,8.29,16.4
2007-05-17,7.76,15.9
2007-05-18,7.8,16.1
2007-05-19,8.48,16.4
2007-05-20,8.78,17.1
2007-05-21,9.28,18.0
2007-05-22,10.04,19.1
2007-05-23,10.54,19.9
2007-05-24,10.4,20.6
2007-05-25,10.43,21.3
2007-05-26,9.63,22.0
2007-05-27,8.82,22.2
2007-05-28,7.62,21.7
2007-05-29,6.06,20.1
2007-05-30,6.75,18.8
2007-05-31,7.87,18.7
2007-06-01,8.4,18.1
2007-06-02,8.67,18.4
2007-06-03,8.24,18.8
2007-06-04,7.64,19.4
2007-06-05,7.4,19.7
2007-06-06,7.38,19.8
2007-06-07,7.0,20.6
2007-06-08,6.59,21.5
2007-06-09,5.95,22.1
2007-06-10,5.73,22.3
2007-06-11,5.64,22.3
2007-06-12,5.33,22.4
2007-06-13,5.57,22.7
2007-06-14,5.75,23.3
2007-06-15,5.74,23.2
2007-06-16,5.9,22.7
2007-06-17,6.53,22.6
2007-06-18,7.13,22.9
2007-06-19,7.32,23.3
2007-06-20,7.4,23.9
2007-06-21,6.98,24.0
2007-06-22,6.93,23.1
2007-06-23,7.09,22.1
2007-06-24,7.48,21.2
2007-06-25,7.14,21.2
2007-06-26,6.84,20.4
2007-06-27,6.99,19.3
2007-06-28,7.18,18.9
2007-06-29,7.38,18.8
2007-06-30,7.47,18.9
2007-07-01,7.38,19.2
2007-07-02,7.32,19.7
2007-07-03,7.49,19.5
2007-07-04,7.68,18.9
2007-07-05,7.83,18.6
2007-07-06,8.14,18.3
2007-07-07,8.58,18.4
2007-07-08,8.74,18.7
2007-07-09,8.36,18.9
2007-07-10,8.13,18.8
2007-07-11,8.4,18.9
2007-07-12,8.55,18.7
2007-07-13,8.43,18.6
2007-07-14,8.19,19.3
2007-07-15,8.05,20.3
2007-07-16,7.93,21.3
2007-07-17,7.91,22.0
2007-07-18,7.71,22.2
2007-07-19,7.96,22.2
2007-07-20,7.37,22.1
2007-07-21,7.26,22.2
2007-07-22,7.51,22.0
2007-07-23,7.61,21.5
2007-07-24,8.3,21.2
2007-07-25,8.3,21.1
2007-07-26,8.3,21.3
2007-07-27,8.1,21.6
2007-07-28,7.8,21.5
2007-07-29,7.5,20.9
2007-07-30,7.47,20.0
2007-07-31,7.65,19.6
2007-08-01,7.7,19.7
2007-08-02,7.99,19.8
2007-08-03,7.81,19.8
2007-08-04,7.99,19.9
2007-08-05,8.13,20.4
2007-08-06,8.27,20.8
2007-08-07,8.23,21.0
2007-08-08,7.78,20.5
2007-08-09,8.18,19.3
2007-08-10,8.7,18.7
2007-08-11,8.86,18.5
2007-08-12,8.78,18.5
2007-08-13,8.65,19.0
2007-08-14,8.49,19.5
2007-08-15,8.09,20.0
2007-08-16,7.7,20.4
2007-08-17,7.57,20.4
2007-08-18,7.88,20.2
2007-08-19,8.03,20.2
2007-08-20,8.04,20.0
2007-08-21,7.95,19.8
2007-08-22,7.92,19.7
2007-08-23,7.92,19.8
2007-08-24,7.95,20.2
2007-08-25,8.03,20.5
2007-08-26,8.08,21.0
2007-08-27,8.08,21.2
2007-08-28,8.14,21.0
2007-08-29,8.06,20.6
2007-08-30,8.19,20.3
2007-08-31,8.12,20.2
2007-09-01,8.17,19.8
2007-09-02,8.11,19.4
2007-09-03,8.16,19.1
2007-09-04,8.08,18.4
2007-09-05,8.28,17.7
2007-09-06,8.35,17.3
2007-09-07,8.58,16.9
2007-09-08,8.59,16.9
2007-09-09,8.49,16.9
2007-09-10,8.43,16.6
2007-09-11,8.48,16.3
2007-09-12,8.87,16.4
2007-09-13,9.3,16.4
2007-09-14,9.42,16.7
2007-09-15,9.16,17.0
2007-09-16,9.12,17.1
2007-09-17,9.1,17.2
2007-09-18,8.95,17.0
2007-09-19,8.95,16.5
2007-09-20,9.46,16.1
2007-09-21,9.66,16.0
2007-09-22,9.56,16.2
2007-09-23,9.57,16.4
2007-09-24,9.47,16.7
2007-09-25,9.19,16.8
2007-09-26,9.11,16.5
2007-09-27,9.31,16.1
2007-09-28,9.0,15.3
2007-09-29,9.44,14.9
2007-09-30,10.24,14.7
2007-10-01,10.69,14.6
2007-10-02,10.58,14.7
2007-10-03,10.31,14.8
2007-10-04,10.11,14.9
2007-10-05,9.72,15.0
2007-10-06,9.47,14.9
2007-10-07,9.39,14.6
2007-10-08,9.2,14.4
2007-10-09,9.17,14.3
2007-10-10,9.37,14.2
2007-10-11,9.31,14.1
2007-10-12,9.53,13.8
2007-10-13,9.46,13.7
2007-10-14,9.53,13.5
2007-10-15,9.45,13.3
2007-10-16,9.51,13.3
2007-10-17,9.51,13.2
2007-10-18,9.71,13.0
2007-10-19,9.65,12.7
2007-10-20,9.82,12.2
2007-10-21,9.98,11.8
2007-10-22,10.23,11.2
2007-10-23,10.44,10.8
2007-10-24,10.42,10.6
2007-10-25,10.46,10.3
2007-10-26,10.5,10.2
2007-10-27,10.46,10.2
2007-10-28,10.49,10.1
2007-10-29,10.49,10.0
2007-10-30,10.29,10.0
2007-10-31,10.27,9.8
2007-11-01,10.47,9.5
2007-11-02,10.41,9.5
2007-11-03,10.37,9.7
2007-11-04,10.09,9.8
2007-11-05,10.15,9.8
2007-11-06,10.4,9.6
2007-11-07,10.5,9.3
2007-11-08,10.64,9.1
2007-11-09,10.83,9.0
2007-11-10,11.27,8.7
2007-11-11,11.74,8.6
2007-11-12,12.36,8.3
2007-11-13,12.64,7.7
2007-11-14,12.72,7.4
2007-11-15,,6.8
2007-11-16,13.13,6.0
2007-11-17,13.22,5.8
2007-11-18,13.18,5.7
2007-11-19,12.91,5.7
2007-11-20,12.92,5.7
2007-11-21,12.88,5.7
2007-11-22,12.77,5.8
2007-11-23,12.6,6.0
2007-11-24,12.43,6.1
2007-11-25,12.36,5.9
2007-11-26,12.23,5.9
2007-11-27,12.3,5.8
2007-11-28,12.62,5.6
2007-11-29,12.78,5.4
2007-11-30,12.65,5.4
2007-12-01,12.59,5.7
2007-12-02,12.51,5.8
2007-12-03,12.6,6.1
2007-12-04,12.99,6.3
2007-12-05,13.05,6.5
2007-12-06,13.18,6.7
2007-12-07,12.87,7.2
2007-12-08,12.73,7.4
2007-12-09,12.54,7.4
2007-12-10,12.52,7.5
2007-12-11,12.64,7.4
2007-12-12,12.98,7.1
2007-12-13,13.24,6.8
2007-12-14,13.37,6.5
2007-12-15,13.45,6.1
2007-12-16,13.51,5.5
2007-12-17,13.69,5.1
2007-12-18,13.83,4.5
2007-12-19,13.9,4.1
2007-12-20,13.96,3.7
2007-12-21,13.99,3.2
2007-12-22,13.93,2.8
2007-12-23,13.92,2.5
2007-12-24,13.84,2.6
2007-12-25,13.72,2.5
2007-12-26,13.6,2.3
2007-12-27,13.7,2.4
2007-12-28,13.68,2.7
2007-12-29,13.56,2.7
2007-12-30,13.37,2.9
2007-12-31,13.04,3.1
2008-01-01,12.88,3.2
2008-01-02,12.86,3.2
2008-01-03,12.9,3.0
2008-01-04,12.86,2.9
2008-01-05,12.77,3.0
2008-01-06,12.61,3.4
2008-01-07,,3.6
2008-01-08,,3.8
2008-01-09,,3.8
2008-01-14,,4.2
2008-01-15,12.83,4.3
2008-01-16,12.62,4.6
2008-01-17,12.4,4.7
2008-01-18,12.55,5.0
2008-01-19,12.83,5.8
2008-01-20,12.95,6.6
2008-01-21,12.97,7.1
2008-01-22,12.83,7.3
2008-01-23,13.19,7.0
2008-01-24,13.25,6.8
2008-01-25,13.24,6.7
2008-01-26,13.27,6.5
2008-01-27,13.13,6.3
2008-01-28,12.8,6.3
2008-01-29,12.63,6.3
2008-01-30,12.65,6.0
2008-01-31,12.65,5.7
2008-02-01,12.71,5.5
2008-02-02,12.7,5.4
2008-02-03,12.36,4.9
2008-02-04,12.17,4.7
2008-02-05,12.15,4.7
2008-02-06,12.18,5.0
2008-02-07,12.36,5.3
2008-02-08,12.56,5.3
2008-02-09,12.64,5.2
2008-02-10,12.65,4.9
2008-02-11,12.65,4.8
2008-02-12,12.7,4.9
2008-02-13,12.37,5.0
2008-02-14,12.27,5.0
2008-02-15,12.27,4.9
2008-02-16,12.23,4.6
2008-02-17,12.23,4.3
2008-02-18,12.25,4.0
2008-02-19,12.22,4.0
2008-02-20,12.09,3.9
2008-02-21,12.0,4.1
2008-02-22,11.89,4.7
2008-02-23,11.73,5.4
2008-02-24,11.58,5.9
2008-02-25,11.4,6.3
2008-02-26,11.16,6.7
2008-02-27,10.93,7.1
2008-02-28,10.97,7.2
2008-02-29,10.89,7.4
2008-03-01,11.12,7.7
2008-03-02,11.39,7.8
2008-03-03,11.33,8.1
2008-03-04,11.55,7.8
2008-03-05,11.91,7.1
2008-03-06,12.2,6.4
2008-03-07,12.11,6.3
2008-03-08,11.97,6.4
2008-03-09,11.87,6.7
2008-03-10,11.8,7.0
2008-03-11,11.69,7.1
2008-03-12,11.66,7.4
2008-03-13,11.74,7.4
2008-03-14,11.79,7.5
2008-03-15,11.96,7.6
2008-03-16,,8.0
2008-03-17,,8.0
2008-03-18,,7.6
2008-03-19,11.9,7.3
2008-03-20,11.98,6.9
2008-03-21,11.84,6.7
2008-03-22,11.94,6.3
2008-03-23,12.1,5.9
2008-03-24,12.27,5.5
2008-03-25,12.28,5.4
2008-03-26,12.35,5.2
2008-03-27,12.3,5.2
2008-03-28,12.34,5.6
2008-03-29,12.24,6.5
2008-03-30,12.13,7.0
2008-03-31,11.94,7.7
2008-04-01,11.87,7.9
2008-04-02,11.69,8.4
2008-04-03,11.59,8.5
2008-04-04,11.63,8.6
2008-04-05,11.58,8.9
2008-04-06,11.55,8.7
2008-04-07,11.42,8.5
2008-04-08,11.63,8.2
2008-04-09,11.63,8.2
2008-04-10,11.57,7.9
2008-04-11,11.6,8.0
2008-04-14,,9.6
2008-04-15,11.2,9.8
2008-04-16,11.1,9.9
2008-04-17,11.1,9.7
2008-04-18,11.19,9.6
2008-04-19,11.02,9.8
2008-04-20,11.15,9.9
2008-04-21,11.03,10.3
2008-04-22,10.9,10.6
2008-04-23,10.99,10.8
2008-04-24,10.94,11.2
2008-04-25,10.88,11.4
2008-04-26,10.79,11.7
2008-04-27,10.66,12.2
2008-04-28,10.37,12.6
2008-04-29,10.08,12.9
2008-04-30,10.08,13.0
2008-05-01,10.12,13.0
2008-05-02,10.15,13.4
2008-05-03,10.07,13.6
2008-05-04,10.03,14.1
2008-05-05,9.98,14.3
2008-05-06,10.02,14.5
2008-05-07,10.1,15.1
2008-05-08,10.27,15.4
2008-05-09,10.41,15.8
2008-05-10,10.73,16.3
2008-05-11,11.35,16.7
2008-05-12,11.96,17.0
2008-05-13,12.51,17.3
2008-05-14,13.12,17.6
2008-05-15,13.24,17.8
2008-05-16,13.2,17.9
2008-05-17,13.26,18.1
2008-05-18,12.9,17.9
2008-05-19,12.88,17.7
2008-05-20,12.22,17.2
2008-05-21,11.86,16.9
2008-05-22,11.92,16.7
2008-05-23,11.82,16.7
2008-05-24,12.28,16.7
2008-05-25,12.34,17.3
2008-05-26,11.86,17.6
2008-05-27,11.9,18.0
2008-05-28,11.85,18.7
2008-05-29,11.93,19.5
2008-05-30,11.96,20.2
2008-05-31,9.47,20.2
2008-06-01,8.36,20.3
2008-06-02,8.77,20.9
2008-06-03,8.85,21.3
2008-06-04,8.61,21.3
2008-06-05,8.24,21.1
2008-06-06,8.76,21.3
2008-06-07,8.38,21.3
2008-06-08,7.35,21.1
2008-06-09,6.61,20.9
2008-06-10,7.23,21.5
2008-06-11,7.44,21.9
2008-06-12,7.13,21.5
2008-06-13,6.74,20.7
2008-06-14,6.63,20.3
2008-06-15,6.97,19.9
2008-06-16,6.96,19.8
2008-06-17,7.14,19.8
2008-06-18,7.41,19.8
2008-06-19,7.53,20.0
2008-06-20,7.45,20.1
2008-06-21,7.34,19.9
2008-06-23,7.88,22.1
2008-06-24,7.58,22.1
2008-06-25,7.25,22.5
2008-06-26,6.72,22.7
2008-06-27,6.47,22.4
2008-06-28,6.72,22.1
2008-06-29,6.69,22.3
2008-06-30,6.76,22.8
2008-07-01,6.68,23.1
2008-07-02,6.56,23.6
2008-07-03,6.48,23.9
2008-07-04,6.28,23.5
2008-07-05,6.67,23.3
2008-07-06,6.86,23.5
2008-07-07,6.87,23.1
2008-07-08,6.76,22.6
2008-07-09,6.65,22.0
2008-07-10,6.7,22.1
2008-07-11,6.63,22.3
2008-07-12,6.33,22.1
2008-07-13,6.25,21.9
2008-07-14,6.64,21.7
2008-07-15,6.96,21.8
2008-07-16,7.08,22.0
2008-07-17,7.09,21.9
2008-07-18,6.94,21.6
2008-07-19,6.97,21.1
2008-07-20,7.03,20.9
2008-07-21,7.22,20.7
2008-07-22,7.31,20.3
2008-07-23,7.31,20.3
2008-07-24,7.49,20.6
2008-07-25,7.89,21.3
2008-07-26,7.72,21.8
2008-07-27,7.34,22.2
2008-07-28,7.24,22.7
2008-07-29,7.35,22.9
2008-07-30,7.08,23.0
2008-07-31,6.64,23.4
2008-08-01,6.35,23.7
2008-08-02,6.21,23.8
2008-08-03,6.54,23.8
2008-08-04,6.74,23.9
2008-08-05,6.44,23.7
2008-08-06,6.6,23.9
2008-08-07,6.72,24.1
2008-08-08,6.71,23.8
2008-08-09,6.64,23.4
2008-08-10,6.69,23.1
2008-08-11,6.81,22.9
2008-08-12,6.72,22.6
2008-08-13,6.72,22.1
2008-08-14,6.94,21.9
2008-08-15,7.02,21.8
2008-08-16,7.05,21.6
2008-08-17,7.05,21.5
2008-08-18,7.28,21.5
2008-08-19,7.22,21.4
2008-08-20,6.94,20.9
2008-08-21,7.05,20.5
2008-08-22,7.33,20.6
2008-08-23,7.46,20.5
2008-08-24,7.37,20.3
2008-08-25,7.56,20.2
2008-08-26,7.5,20.2
2008-08-27,7.39,20.4
2008-08-28,7.52,20.7
2008-08-29,7.47,20.7
2008-08-30,7.45,20.8
2008-08-31,7.57,21.0
2008-09-01,7.74,21.2
2008-09-02,7.62,20.9
2008-09-03,7.56,20.7
2008-09-04,7.51,20.1
2008-09-05,7.54,19.7
2008-09-06,7.68,20.0
2008-09-07,7.55,19.9
2008-09-08,7.23,19.8
2008-09-09,7.45,19.7
2008-09-10,7.45,19.8
2008-09-11,7.35,19.8
2008-09-12,7.2,19.9
2008-09-13,,19.4
2008-09-14,7.47,18.4
2008-09-15,7.59,17.8
2008-09-16,7.9,17.2
2008-09-17,7.9,16.6
2008-09-18,8.11,16.1
2008-09-19,8.43,15.8
2008-09-20,8.41,15.7
2008-09-21,8.35,15.5
2008-09-22,8.43,15.3
2008-09-23,8.61,14.7
2008-09-24,8.59,14.3
2008-09-25,8.94,14.2
2008-09-26,8.97,14.1
2008-09-27,9.06,14.0
2008-09-28,9.06,14.0
2008-09-29,8.93,13.9
2008-09-30,9.0,13.7
2008-10-01,8.92,13.4
2008-10-02,8.8,13.3
2008-10-03,9.23,13.2
2008-10-04,9.22,12.9
2008-10-05,9.31,12.6
2008-10-06,9.23,12.5
2008-10-07,8.88,12.7
2008-10-08,9.19,13.0
2008-10-09,9.37,13.1
2008-10-10,9.19,13.1
2008-10-11,8.95,13.2
2008-10-12,8.91,13.3
2008-10-13,8.8,13.4
2008-10-14,8.74,13.6
2008-10-15,8.7,13.6
2008-10-16,,13.4
2008-10-17,,13.1
2008-10-18,,12.9
2008-10-19,,12.7
2008-10-20,,12.5
2008-10-22,,11.9
2008-10-23,9.17,11.8
2008-10-24,9.47,11.4
2008-10-25,9.63,11.1
2008-10-26,9.77,10.9
2008-10-27,9.64,10.8
2008-10-28,9.42,10.8
2008-10-29,9.42,10.6
2008-10-30,9.66,10.3
2008-10-31,9.87,9.9
2008-11-01,9.98,9.6
2008-11-02,10.24,9.6
2008-11-03,10.22,9.6
2008-11-04,10.14,9.7
2008-11-05,10.17,9.7
2008-11-06,10.11,9.8
2008-11-07,10.08,9.9
2008-11-08,10.06,9.8
2008-11-09,10.12,9.5
2008-11-10,10.07,9.5
2008-11-11,9.94,9.6
2008-11-12,9.78,9.5
2008-11-13,9.77,9.5
2008-11-14,9.78,9.1
2008-11-15,9.81,9.0
2008-11-16,9.87,9.0
2008-11-17,9.85,8.8
2008-11-18,9.98,8.4
2008-11-19,10.26,8.2
2008-11-20,10.23,8.2
2008-11-21,10.29,8.1
2008-11-22,10.5,7.5
2008-11-23,10.83,6.7
2008-11-24,11.38,6.2
2008-11-25,11.49,6.0
2008-11-26,11.5,5.8
2008-11-27,11.66,5.8
2008-11-28,11.75,5.5
2008-11-29,11.73,5.3
2008-11-30,11.55,5.1
2008-12-01,11.5,5.0
2008-12-02,11.48,5.0
2008-12-03,11.46,4.9
2008-12-04,11.55,4.7
2008-12-05,11.83,4.7
2008-12-06,11.96,4.8
2008-12-07,12.76,4.8
2008-12-08,13.21,4.7
2008-12-09,13.16,4.6
2008-12-10,13.06,4.5
2008-12-11,12.86,4.3
2008-12-12,12.64,4.3
2008-12-13,12.59,4.2
2008-12-14,12.39,4.1
2008-12-15,12.22,4.1
2008-12-16,12.2,4.0
2008-12-17,12.2,4.0
2008-12-18,12.17,4.0
2008-12-19,12.13,4.0
2008-12-20,12.1,4.1
2008-12-21,12.39,4.4
2008-12-22,12.91,4.9
2008-12-23,13.38,5.0
2008-12-24,13.6,5.0
2008-12-25,13.43,5.1
2008-12-26,13.31,4.7
2008-12-27,13.32,4.2
2008-12-28,13.21,3.8
2008-12-29,13.09,3.4
2008-12-30,13.0,2.9
2008-12-31,13.0,2.4
2009-01-01,13.11,2.0
2009-01-02,13.12,1.9
2009-01-03,13.1,1.7
2009-01-04,13.1,1.5
2009-01-05,13.02,1.3
2009-01-06,13.06,1.0
2009-01-07,13.14,0.6
2009-01-08,13.09,0.4
2009-01-09,13.17,0.3
2009-01-10,13.31,0.3
2009-01-11,13.36,0.3
2009-01-12,13.31,0.3
2009-01-13,13.36,0.3
2009-01-14,13.35,0.3
2009-01-15,13.29,0.4
2009-01-16,13.24,0.4
2009-01-17,13.18,0.5
2009-01-18,13.16,0.5
2009-01-19,13.22,0.5
2009-01-20,13.05,0.8
2009-01-21,13.22,0.6
2009-01-22,14.12,0.5
2009-01-23,14.47,0.6
2009-01-24,13.72,1.0
2009-01-25,14.29,0.8
2009-01-26,14.66,0.7
2009-01-27,14.55,0.6
2009-01-28,14.41,0.8
2009-01-29,14.12,1.0
2009-01-30,13.83,1.1
2009-01-31,13.68,1.1
2009-02-01,13.41,1.2
2009-02-02,13.05,1.4
2009-02-03,12.79,1.6
2009-02-04,12.6,1.8
2009-02-05,12.49,2.0
2009-02-06,12.34,2.1
2009-02-07,12.18,2.3
2009-02-08,11.98,2.6
2009-02-09,12.03,2.6
2009-02-10,12.11,2.8
2009-02-11,12.14,3.0
2009-02-12,13.3,3.0
2009-02-13,13.68,3.0
2009-02-14,13.26,3.1
2009-02-15,13.07,3.0
2009-02-16,12.79,2.7
2009-02-17,12.49,3.0
2009-02-18,12.38,3.0
2009-02-19,12.3,3.0
2009-02-20,12.52,3.1
2009-02-21,12.71,3.2
2009-02-22,12.81,3.3
2009-02-23,13.02,3.4
2009-02-24,13.15,3.5
2009-02-25,13.27,3.7
2009-02-26,13.31,4.1
2009-02-27,13.51,4.3
2009-02-28,13.51,4.6
2009-03-01,13.49,5.1
2009-03-02,13.4,5.3
2009-03-03,13.41,5.5
2009-03-04,12.96,5.4
2009-03-05,12.57,5.3
2009-03-06,12.75,5.3
2009-03-07,13.07,5.6
2009-03-08,13.14,5.8
2009-03-09,13.15,5.8
2009-03-10,13.14,5.8
2009-03-11,13.11,5.9
2009-03-12,13.42,5.7
2009-03-13,13.51,6.0
2009-03-14,13.42,6.3
2009-03-15,13.31,6.6
2009-03-16,13.41,6.6
2009-03-17,13.35,6.9
2009-03-18,13.34,7.0
2009-03-19,13.32,7.2
2009-03-20,13.32,7.1
2009-03-21,13.29,7.0
2009-03-22,13.18,6.8
2009-03-23,13.05,6.8
2009-03-24,12.73,6.7
2009-03-25,12.76,6.4
2009-03-26,12.89,6.3
2009-03-27,12.98,6.6
2009-03-28,13.03,6.6
2009-03-29,13.14,6.8
2009-03-30,13.27,6.9
2009-03-31,13.3,7.2
2009-04-01,13.01,7.7
2009-04-02,12.78,8.4
2009-04-03,12.5,9.3
2009-04-04,12.31,10.0
2009-04-05,12.15,10.6
2009-04-06,11.99,11.0
2009-04-07,11.91,11.6
2009-04-08,11.77,12.1
2009-04-09,11.66,12.4
2009-04-10,11.63,13.0
2009-04-11,11.4,13.7
2009-04-12,11.31,14.1
2009-04-13,11.37,14.4
2009-04-14,11.56,14.8
2009-04-15,11.64,15.1
2009-04-16,11.73,15.3
2009-04-17,10.9,14.9
2009-04-18,9.96,14.3
2009-04-19,10.19,14.1
2009-04-20,10.91,14.5
2009-04-21,10.73,14.7
2009-04-22,10.45,14.8
2009-04-23,10.2,14.4
2009-04-24,10.16,13.9
2009-04-25,10.19,14.1
2009-04-26,10.48,14.5
2009-04-27,10.68,14.7
2009-04-28,10.38,14.6
2009-04-29,10.04,14.4
2009-04-30,9.79,14.2
2009-05-01,9.93,14.1
2009-05-02,10.32,14.6
2009-05-03,10.68,15.3
2009-05-04,10.9,15.4
2009-05-05,10.77,14.8
2009-05-06,10.57,14.6
2009-05-07,10.68,14.9
2009-05-08,,15.7
2009-05-09,,16.2
2009-05-10,11.2,16.6
2009-05-11,10.69,16.8
2009-05-12,10.91,16.5
2009-05-13,10.58,16.3
2009-05-14,10.36,16.2
2009-05-15,10.24,16.1
2009-05-16,,16.0
2009-05-17,10.15,16.3
2009-05-18,10.2,17.0
2009-05-19,10.31,17.2
2009-05-20,10.44,17.8
2009-05-21,10.13,18.2
2009-05-22,10.57,18.9
2009-05-23,10.53,19.1
2009-05-24,10.76,19.7
2009-05-25,11.56,20.5
2009-05-26,11.72,21.0
2009-05-27,10.44,20.4
2009-05-28,10.2,19.7
2009-05-29,9.81,19.3
2009-05-30,10.07,19.2
2009-05-31,10.18,19.4
2009-06-01,10.42,19.7
2009-06-02,10.57,20.0
2009-06-03,11.17,20.0
2009-06-04,12.29,19.7
2009-06-05,12.29,19.1
2009-06-06,11.52,18.6
2009-06-07,10.25,18.1
2009-06-08,10.24,18.2
2009-06-09,10.38,18.4
2009-06-10,10.42,18.5
2009-06-11,9.97,18.5
2009-06-12,9.47,18.4
2009-06-13,10.07,18.6
2009-06-14,10.15,19.1
2009-06-15,,19.8
2009-06-16,9.67,19.7
2009-06-17,9.9,20.0
2009-06-18,11.04,20.5
2009-06-19,10.66,20.6
2009-06-20,10.86,20.5
2009-06-21,10.9,20.2
2009-06-22,9.8,19.7
2009-06-23,10.11,19.4
2009-06-24,10.66,19.6
2009-06-25,9.9,20.2
2009-06-26,8.87,20.6
2009-06-27,8.25,21.0
2009-06-28,7.85,21.4
2009-06-29,8.43,21.9
2009-06-30,8.96,22.4
2009-07-01,9.08,22.6
2009-07-02,8.63,22.9
2009-07-03,8.85,23.8
2009-07-04,8.35,24.3
2009-07-05,8.28,24.6
2009-07-06,7.65,24.6
2009-07-07,7.33,24.2
2009-07-08,6.58,23.2
2009-07-09,6.25,22.5
2009-07-10,6.17,21.8
2009-07-11,6.03,20.9
2009-07-12,6.19,20.7
2009-07-13,6.31,21.1
2009-07-14,6.27,21.3
2009-07-15,6.25,21.6
2009-07-16,6.38,22.0
2009-07-17,6.77,22.3
2009-07-18,6.85,21.7
2009-07-19,6.83,21.2
2009-07-20,7.44,21.0
2009-07-21,8.03,21.1
2009-07-22,8.04,21.8
2009-07-23,7.69,22.1
2009-07-24,7.43,21.8
2009-07-25,7.46,21.5
2009-07-26,7.55,21.5
2009-07-27,7.72,21.8
2009-07-28,7.85,22.1
2009-07-29,7.85,22.3
2009-07-30,7.96,22.5
2009-07-31,7.78,22.3
2009-08-01,7.64,22.5
2009-08-02,7.42,22.4
2009-08-03,7.36,22.1
2009-08-04,7.24,22.1
2009-08-05,7.29,22.3
2009-08-06,7.44,22.7
2009-08-07,7.46,23.1
2009-08-08,7.4,23.4
2009-08-09,7.17,23.5
2009-08-10,6.95,23.5
2009-08-11,6.83,23.0
2009-08-12,6.76,22.8
2009-08-13,7.13,22.9
2009-08-14,7.0,23.0
2009-08-15,7.24,23.1
2009-08-16,7.31,23.3
2009-08-17,7.38,23.7
2009-08-18,7.53,23.8
2009-08-19,7.59,23.8
2009-08-20,7.74,24.1
2009-08-21,7.57,24.0
2009-08-22,7.46,23.7
2009-08-23,7.44,23.3
2009-08-24,7.67,23.1
2009-08-25,7.64,23.1
2009-08-26,7.62,23.1
2009-08-27,7.43,23.1
2009-08-28,7.48,23.0
2009-08-29,7.53,22.5
2009-08-30,7.53,22.0
2009-08-31,7.69,21.8
2009-09-01,7.89,21.7
2009-09-02,8.09,21.8
2009-09-03,7.91,21.6
2009-09-04,7.39,21.0
2009-09-05,7.16,20.2
2009-09-06,7.12,19.8
2009-09-07,7.62,19.8
2009-09-08,8.08,19.8
2009-09-09,8.4,19.8
2009-09-10,8.29,19.9
2009-09-11,8.14,19.8
2009-09-12,8.0,19.7
2009-09-13,7.89,19.3
2009-09-14,7.54,18.9
2009-09-15,7.29,18.5
2009-09-16,7.73,18.2
2009-09-17,8.04,18.1
2009-09-18,8.28,18.3
2009-09-19,8.19,18.5
2009-09-20,8.02,18.8
2009-09-21,8.01,19.0
2009-09-22,7.95,18.9
2009-09-23,7.59,18.8
2009-09-24,7.8,18.8
2009-09-25,7.97,19.0
2009-09-26,7.97,19.0
2009-09-27,8.03,18.8
2009-09-28,8.35,18.7
2009-09-29,8.33,18.5
2009-09-30,8.12,18.3
2009-10-01,7.97,18.0
2009-10-02,8.0,17.7
2009-10-03,8.12,17.3
2009-10-04,8.16,16.8
2009-10-05,8.36,16.5
2009-10-06,8.33,16.5
2009-10-07,8.02,16.7
2009-10-08,8.07,16.8
2009-10-09,8.37,16.7
2009-10-10,8.29,16.6
2009-10-11,7.95,16.4
2009-10-12,8.21,15.8
2009-10-13,8.5,14.9
2009-10-14,8.81,14.1
2009-10-15,9.03,13.4
2009-10-16,9.56,12.9
2009-10-17,9.44,12.5
2009-10-18,9.01,12.1
2009-10-19,9.1,11.5
2009-10-20,9.56,11.0
2009-10-21,10.05,10.7
2009-10-22,10.11,10.4
2009-10-23,10.15,10.1
2009-10-24,10.17,10.1
2009-10-25,10.12,10.5
2009-10-26,10.06,10.6
2009-10-27,10.01,10.6
2009-10-28,9.94,10.5
2009-10-29,9.97,10.5
2009-10-30,10.44,10.4
2009-10-31,10.35,10.2
2009-11-01,10.02,9.9
2009-11-02,9.92,9.9
2009-11-03,9.84,9.8
2009-11-04,9.81,9.7
2009-11-05,10.31,9.6
2009-11-06,10.61,9.3
2009-11-07,10.73,9.0
2009-11-08,10.57,8.9
2009-11-09,10.45,8.9
2009-11-10,10.29,8.8
2009-11-11,10.44,8.6
2009-11-12,10.59,8.4
2009-11-13,10.56,8.4
2009-11-14,10.45,8.5
2009-11-15,10.17,8.5
2009-11-16,9.92,8.7
2009-11-17,9.82,9.0
2009-11-18,9.88,8.9
2009-11-19,10.0,8.8
2009-11-20,10.19,8.6
2009-11-21,10.29,8.5
2009-11-22,10.24,8.5
2009-11-23,10.16,8.6
2009-11-24,10.24,8.7
2009-11-25,10.41,8.8
2009-11-26,10.45,8.8
2009-11-27,10.49,8.7
2009-11-28,10.58,8.6
2009-11-29,10.52,8.6
2009-11-30,10.25,8.6
2009-12-01,10.18,8.5
2009-12-02,10.4,8.3
2009-12-03,10.53,7.9
2009-12-04,10.66,7.7
2009-12-05,10.72,7.3
2009-12-06,10.53,7.3
2009-12-07,10.64,7.3
2009-12-08,10.94,7.2
2009-12-09,11.76,7.1
2009-12-10,12.3,7.1
2009-12-11,12.35,7.2
2009-12-12,12.59,6.8
2009-12-13,12.89,6.4
2009-12-14,12.77,5.9
2009-12-15,12.73,5.3
2009-12-16,12.74,4.9
2009-12-17,12.74,4.6
2009-12-18,12.49,3.9
2009-12-19,12.42,2.8
2009-12-20,12.54,1.8
2009-12-21,12.66,1.3
2009-12-22,12.68,1.4
2009-12-23,12.6,1.6
2009-12-24,12.91,1.6
2009-12-25,13.41,2.1
2009-12-26,13.57,2.7
2009-12-27,13.6,2.7
2009-12-28,13.5,2.9
2009-12-29,13.3,2.9
2009-12-30,13.08,3.3
2009-12-31,13.1,3.9
2010-01-01,13.17,4.4
2010-01-02,13.21,4.2
2010-01-03,13.52,3.9
2010-01-04,13.56,3.4
2010-01-05,13.47,3.0
2010-01-06,13.75,2.6
2010-01-07,13.57,2.4
2010-01-08,13.49,2.2
2010-01-09,13.43,1.9
2010-01-10,13.5,1.7
2010-01-11,13.47,1.6
2010-01-12,13.38,1.7
2010-01-13,13.39,1.6
2010-01-14,13.28,1.5
2010-01-15,13.15,1.7
2010-01-16,13.09,1.7
2010-01-17,12.95,1.8
2010-01-18,12.76,2.3
2010-01-19,13.58,2.6
2010-01-20,14.09,3.1
2010-01-21,14.12,3.3
2010-01-22,14.01,3.3
2010-01-23,13.85,3.3
2010-01-24,13.57,3.2
2010-01-25,13.39,3.1
2010-01-26,13.33,2.9
2010-01-27,13.43,2.2
2010-01-28,13.18,2.0
2010-01-29,12.9,2.1
2010-01-30,12.74,2.1
2010-01-31,12.68,2.0
2010-02-01,12.81,1.9
2010-02-02,12.82,1.9
2010-02-03,12.68,2.1
2010-02-04,12.63,2.4
2010-02-05,12.64,2.6
2010-02-06,12.64,2.9
2010-02-07,12.55,3.2
2010-02-08,12.48,3.3
2010-02-09,12.53,2.9
2010-02-10,12.48,2.5
2010-02-11,12.53,2.3
2010-02-12,12.66,2.2
2010-02-13,12.59,2.2
2010-02-14,12.53,2.2
2010-02-15,12.6,2.2
2010-02-16,12.61,2.3
2010-02-17,12.55,2.5
2010-02-18,12.55,2.7
2010-02-19,12.44,2.8
2010-02-20,12.45,3.0
2010-02-21,12.41,3.3
2010-02-22,12.43,3.4
2010-02-23,12.32,3.9
2010-02-24,12.82,4.5
2010-02-25,13.39,4.9
2010-02-26,13.19,5.4
2010-02-27,12.89,5.4
2010-02-28,12.56,5.5
2010-03-01,12.53,5.5
2010-03-02,12.79,5.6
2010-03-03,13.07,5.4
2010-03-04,13.17,5.4
2010-03-05,13.32,5.3
2010-03-06,13.45,5.0
2010-03-07,13.64,4.4
2010-03-08,13.72,4.3
2010-03-09,13.59,4.0
2010-03-10,13.53,3.8
2010-03-11,13.44,3.8
2010-03-12,13.39,3.8
2010-03-13,13.28,3.9
2010-03-14,13.19,4.1
2010-03-15,13.03,4.5
2010-03-16,12.86,4.9
2010-03-17,12.94,5.4
2010-03-18,13.07,5.9
2010-03-19,12.91,6.6
2010-03-20,12.54,7.2
2010-03-21,12.23,7.9
2010-03-22,12.12,8.5
2010-03-23,12.15,8.9
2010-03-24,12.07,9.4
2010-03-25,11.98,9.6
2010-03-26,11.72,10.0
2010-03-27,11.52,10.1
2010-03-28,11.45,10.1
2010-03-29,11.4,10.3
2010-03-30,11.4,10.7
2010-03-31,11.31,10.7
2010-04-01,11.4,10.4
2010-04-02,11.55,10.2
2010-04-03,11.44,10.2
2010-04-04,11.28,10.2
2010-04-05,11.39,10.1
2010-04-06,11.44,10.3
2010-04-07,11.36,10.7
2010-04-08,11.26,11.1
2010-04-09,11.25,11.4
2010-04-10,11.47,11.8
2010-04-11,11.55,11.8
2010-04-12,11.3,11.2
2010-04-13,10.99,11.0
2010-04-14,11.06,11.0
2010-04-15,11.09,11.1
2010-04-16,11.21,11.2
2010-04-17,11.42,11.6
2010-04-18,11.69,12.1
2010-04-19,11.75,12.6
2010-04-20,12.14,13.0
2010-04-21,12.6,13.0
2010-04-22,13.44,12.7
2010-04-23,14.39,12.8
2010-04-24,15.42,13.2
2010-04-25,16.53,13.7
2010-04-26,17.21,14.3
2010-04-27,17.47,14.6
2010-04-28,17.49,15.2
2010-04-29,17.55,15.7
2010-04-30,16.87,16.2
2010-05-01,15.27,16.2
2010-05-02,14.19,16.0
2010-05-03,13.74,15.8
2010-05-04,14.18,15.7
2010-05-05,13.41,15.2
2010-05-06,11.68,14.6
2010-05-07,9.71,14.1
2010-05-08,9.92,13.8
2010-05-09,10.18,13.9
2010-05-10,10.42,13.9
2010-05-11,10.28,14.1
2010-05-12,11.09,14.2
2010-05-13,11.13,13.8
2010-05-14,10.69,13.7
2010-05-15,9.97,13.6
2010-05-16,10.03,13.7
2010-05-17,10.36,13.9
2010-05-18,10.62,14.0
2010-05-19,10.69,13.9
2010-05-20,10.06,13.3
2010-05-21,9.78,13.2
2010-05-22,10.15,14.2
2010-05-23,10.4,15.3
2010-05-24,10.67,16.3
2010-05-25,11.14,17.1
2010-05-26,10.95,17.5
2010-05-27,9.31,17.1
2010-05-28,9.26,17.1
2010-05-29,9.51,17.2
2010-05-30,9.52,17.6
2010-05-31,8.92,17.2
2010-06-01,8.6,16.6
2010-06-02,9.09,16.7
2010-06-03,9.09,17.0
2010-06-04,8.81,17.5
2010-06-05,8.65,18.3
2010-06-06,8.69,19.1
2010-06-07,8.45,19.7
2010-06-08,8.76,19.8
2010-06-09,9.16,20.2
2010-06-10,8.43,20.6
2010-06-11,8.42,21.3
2010-06-12,8.23,21.6
2010-06-13,8.02,21.4
2010-06-14,8.06,21.3
2010-06-15,7.97,21.0
2010-06-16,8.08,20.8
2010-06-17,7.63,20.4
2010-06-18,6.98,20.2
2010-06-19,6.92,20.1
2010-06-20,7.29,19.8
2010-06-21,7.53,19.4
2010-06-22,7.7,19.4
2010-06-23,7.63,19.8
2010-06-24,7.75,20.1
2010-06-25,8.17,20.5
2010-06-26,8.45,21.1
2010-06-27,8.49,21.8
2010-06-28,8.54,22.5
2010-06-29,8.55,23.0
2010-06-30,8.91,23.5
2010-07-01,8.88,23.9
2010-07-02,8.63,24.5
2010-07-03,8.12,25.1
2010-07-04,7.43,25.3
2010-07-05,6.94,25.1
2010-07-06,6.76,24.7
2010-07-07,6.77,24.6
2010-07-08,6.46,24.7
2010-07-09,6.26,25.1
2010-07-10,5.81,25.8
2010-07-11,5.67,26.2
2010-07-12,5.79,26.6
2010-07-13,6.15,26.9
2010-07-14,7.01,26.9
2010-07-15,7.32,26.7
2010-07-16,6.77,26.3
2010-07-17,6.17,26.3
2010-07-18,5.77,25.8
2010-07-19,5.76,25.7
2010-07-20,6.09,25.6
2010-07-21,6.24,25.7
2010-07-22,6.5,25.8
2010-07-23,6.28,25.2
2010-07-24,5.56,24.2
2010-07-25,5.94,23.4
2010-07-26,6.52,23.2
2010-07-27,6.4,22.5
2010-07-28,6.33,22.3
2010-07-29,6.33,21.9
2010-07-30,6.66,21.6
2010-07-31,6.95,21.8
2010-08-01,7.02,22.0
2010-08-02,6.99,22.3
2010-08-03,7.01,22.0
2010-08-04,7.5,21.5
2010-08-05,7.66,21.4
2010-08-06,7.79,21.1
2010-08-07,7.92,21.1
2010-08-08,8.47,21.0
2010-08-09,8.94,20.8
2010-08-10,8.93,20.8
2010-08-11,8.71,21.0
2010-08-12,8.42,21.0
2010-08-13,8.32,20.7
2010-08-14,8.87,20.5
2010-08-15,9.19,20.2
2010-08-16,9.06,19.7
2010-08-17,8.78,19.1
2010-08-18,8.64,18.8
2010-08-19,9.06,18.9
2010-08-20,9.51,18.9
2010-08-21,9.41,19.4
2010-08-22,9.01,20.1
2010-08-23,8.57,20.4
2010-08-24,8.21,20.3
2010-08-25,8.31,19.9
2010-08-26,8.5,19.9
2010-08-27,8.3,20.2
2010-08-28,8.69,19.6
2010-08-29,9.15,19.0
2010-08-30,9.27,18.2
2010-08-31,9.62,17.5
2010-09-01,9.83,17.1
2010-09-02,10.0,16.7
2010-09-03,9.83,16.9
2010-09-04,9.85,17.1
2010-09-05,9.72,16.9
2010-09-06,9.62,16.7
2010-09-07,9.47,16.4
2010-09-08,9.37,16.1
2010-09-09,9.26,16.0
2010-09-10,9.33,16.0
2010-09-11,9.22,16.5
2010-09-12,9.12,16.9
2010-09-13,9.02,17.1
2010-09-14,8.91,16.8
2010-09-15,9.02,16.6
2010-09-16,9.03,16.5
2010-09-17,9.01,16.3
2010-09-18,9.08,16.1
2010-09-19,9.17,15.9
2010-09-20,9.24,15.7
2010-09-21,9.5,15.7
2010-09-22,9.56,15.8
2010-09-23,9.59,16.1
2010-09-24,9.54,16.2
2010-09-25,9.37,15.9
2010-09-26,9.56,15.4
2010-09-27,9.83,15.0
2010-09-28,9.94,14.7
2010-09-29,9.94,14.6
2010-09-30,9.95,14.5
2010-10-01,9.62,14.4
2010-10-02,9.64,14.2
2010-10-03,9.51,14.4
2010-10-04,9.55,14.6
2010-10-05,9.69,14.8
2010-10-06,9.59,14.8
2010-10-07,9.46,14.9
2010-10-08,9.26,15.0
2010-10-09,9.19,14.9
2010-10-10,9.16,14.7
2010-10-11,9.06,14.3
2010-10-12,9.23,13.9
2010-10-13,9.35,13.5
2010-10-14,9.59,13.1
2010-10-15,9.42,13.0
2010-10-16,9.39,12.8
2010-10-17,9.4,12.3
2010-10-18,9.56,11.6
2010-10-19,9.63,11.2
2010-10-20,9.72,10.9
2010-10-21,9.85,10.7
2010-10-22,10.06,10.1
2010-10-23,10.2,9.6
2010-10-24,10.35,9.7
2010-10-25,10.39,9.5
2010-10-26,10.53,9.1
2010-10-27,10.68,9.0
2010-10-28,10.74,9.1
2010-10-29,10.85,9.0
2010-10-30,10.75,9.2
2010-10-31,10.79,9.3
2010-11-01,10.82,9.3
2010-11-02,10.68,9.3
2010-11-03,10.59,9.4
2010-11-04,10.5,9.9
2010-11-05,10.47,10.3
2010-11-06,10.31,10.5
2010-11-07,10.38,10.4
2010-11-08,10.42,10.3
2010-11-09,10.46,10.0
2010-11-10,10.75,10.0
2010-11-11,10.71,9.9
2010-11-12,10.78,9.8
2010-11-13,10.81,10.1
2010-11-14,11.5,10.4
2010-11-15,11.49,10.5
2010-11-16,11.67,10.2
2010-11-17,12.06,9.6
2010-11-18,12.01,9.2
2010-11-19,11.99,9.1
2010-11-20,12.0,9.0
2010-11-21,11.92,8.8
2010-11-22,,9.0
2010-11-23,,8.7
2010-11-24,,7.9
2010-11-25,12.58,7.2
2010-11-26,12.53,6.8
2010-11-27,12.83,6.3
2010-11-28,13.0,5.9
2010-11-29,12.9,5.5
2010-11-30,12.87,5.1
2010-12-01,12.84,4.4
2010-12-02,12.83,3.8
2010-12-03,13.01,3.2
2010-12-04,13.26,2.7
2010-12-05,13.21,2.4
2010-12-06,13.13,2.4
2010-12-07,13.03,2.4
2010-12-08,13.03,2.6
2010-12-09,14.03,2.8
2010-12-10,14.35,3.1
2010-12-11,14.2,3.4
2010-12-12,,3.3
2010-12-13,,3.4
2010-12-14,,3.3
2010-12-15,,2.8
2010-12-16,14.08,2.2
2010-12-17,14.07,2.0
2010-12-18,14.13,1.9
2010-12-19,14.01,1.9
2010-12-20,13.93,2.1
2010-12-21,13.98,2.2
2010-12-22,13.98,2.6
2010-12-23,13.73,3.1
2010-12-24,13.67,3.4
2010-12-25,13.83,3.1
2010-12-26,14.13,2.6
2010-12-27,14.2,2.4
2010-12-28,14.13,2.4
2010-12-29,14.1,2.4
2010-12-30,14.19,2.3
2010-12-31,13.99,2.2
2011-01-01,13.84,2.3
2011-01-02,13.86,2.4
2011-01-03,13.74,2.6
2011-01-04,13.73,2.6
2011-01-05,13.8,2.3
2011-01-06,13.77,2.3
2011-01-07,13.81,2.9
2011-01-08,14.05,
2011-01-09,,5.58021
2011-01-10,,6.4625
2011-01-11,,6.36041
2011-01-12,,6.36459
2011-01-13,,6.4
2011-01-14,,6.4
2011-01-15,,6.4
2011-01-16,,6.4
2011-01-17,,6.4
2011-01-18,,6.4
2011-01-19,,6.4
2011-01-20,,6.30416
2011-01-21,,6.36667
2011-01-22,,7.24791
2011-01-23,,6.80312
2011-01-24,,6.6
2011-01-25,,6.6
2011-01-26,,6.5552
2011-01-27,,6.43542
2011-01-28,,6.4
2011-01-29,0.0,6.4
2011-01-30,,6.4
2011-01-31,,6.4
2011-02-01,,6.4
2011-02-02,,5.86458
2011-02-03,,4.85833
2011-02-04,,4.88229
2011-02-05,,5.19062
2011-02-06,,5.67188
2011-02-07,,6.13021
2011-02-08,,5.6
2011-02-09,13.3,5.7
2011-02-10,13.12,5.7
2011-02-11,12.86,6.1
2011-02-12,12.83,6.5
2011-02-13,12.92,6.6
2011-02-14,12.93,6.7
2011-02-15,12.91,6.4
2011-02-16,12.86,6.1
2011-02-17,12.82,5.7
2011-02-18,12.99,5.6
2011-02-19,13.17,5.5
2011-02-20,13.11,5.4
2011-02-21,13.1,5.1
2011-02-22,13.2,4.7
2011-02-23,13.34,4.3
2011-02-24,13.34,4.2
2011-02-25,13.27,4.4
2011-02-26,13.19,4.6
2011-02-27,13.11,5.0
2011-02-28,13.0,5.1
2011-03-01,12.98,5.4
2011-03-02,13.08,5.5
2011-03-03,12.99,5.4
2011-03-04,12.92,5.3
2011-03-05,12.89,5.3
2011-03-06,12.82,5.4
2011-03-07,12.82,5.4
2011-03-08,12.86,5.3
2011-03-09,12.88,5.6
2011-03-10,12.66,6.1
2011-03-11,12.47,6.5
2011-03-12,0.0,6.7
2011-03-13,12.56,7.1
2011-03-14,12.43,7.6
2011-03-15,12.56,8.2
2011-03-16,12.73,8.6
2011-03-17,12.31,8.7
2011-03-18,11.82,8.6
2011-03-19,0.0,8.6
2011-03-20,12.4,8.6
2011-03-21,12.85,8.7
2011-03-22,13.09,8.9
2011-03-23,13.35,9.1
2011-03-24,13.68,9.5
2011-03-25,14.01,9.9
2011-03-26,14.19,10.1
2011-03-27,14.2,10.2
2011-03-28,14.46,10.4
2011-03-29,14.39,10.5
2011-03-30,14.35,10.7
2011-03-31,13.66,10.7
2011-04-01,12.84,11.0
2011-04-02,12.98,11.4
2011-04-03,12.69,12.3
2011-04-04,12.01,12.7
2011-04-05,11.81,12.8
2011-04-06,12.18,13.1
2011-04-07,13.81,13.7
2011-04-08,15.07,14.3
2011-04-09,14.79,14.0
2011-04-13,16.57,14.5
2011-04-14,16.39,14.3
2011-04-15,17.02,14.4
2011-04-16,16.92,14.3
2011-04-17,16.25,14.1
2011-04-18,17.98,13.9
2011-04-19,19.23,14.1
2011-04-20,20.01,14.5
2011-04-21,20.25,14.9
2011-04-22,20.15,15.3
2011-04-23,19.51,16.0
2011-04-24,18.49,16.5
2011-04-25,16.64,16.9
2011-04-26,14.99,17.0
2011-04-27,14.25,16.7
2011-04-28,13.9,16.6
2011-04-29,13.74,16.9
2011-04-30,13.66,16.9
2011-05-01,13.97,17.1
2011-05-02,13.8,16.9
2011-05-03,15.39,16.7
2011-05-04,16.71,16.4
2011-05-05,17.67,16.3
2011-05-06,18.82,16.6
2011-05-07,18.64,16.9
2011-05-08,17.4,17.3
2011-05-09,15.97,17.7
2011-05-10,14.68,17.9
2011-05-11,15.98,18.3
2011-05-12,16.13,18.4
2011-05-13,15.71,18.6
2011-05-14,15.99,18.7
2011-05-15,15.7,18.6
2011-05-16,15.15,18.3
2011-05-17,15.29,18.0
2011-05-18,17.04,18.3
2011-05-19,18.6,18.8
2011-05-20,19.1,19.4
2011-05-21,19.13,19.9
2011-05-22,19.6,20.4
2011-05-23,19.27,20.6
2011-05-24,18.93,20.5
2011-05-25,18.54,20.4
2011-05-26,17.92,20.4
2011-05-27,16.45,20.0
2011-05-28,16.84,19.9
2011-05-29,17.95,20.1
2011-05-30,17.47,20.5
2011-05-31,16.07,20.7
2011-06-01,13.28,20.1
2011-06-02,11.48,19.7
2011-06-03,11.3,20.0
2011-06-04,12.35,20.6
2011-06-05,11.65,21.2
2011-06-06,8.69,21.4
2011-06-07,6.03,21.2
2011-06-08,5.61,21.4
2011-06-09,6.52,21.3
2011-06-10,6.81,21.2
2011-06-11,6.36,21.0
2011-06-12,7.17,21.2
2011-06-13,7.45,21.3
2011-06-14,7.36,21.3
2011-06-15,7.35,21.6
2011-06-16,7.76,21.8
2011-06-17,7.69,21.7
2011-06-18,7.45,21.6
2011-06-19,7.76,21.0
2011-06-20,7.24,20.5
2011-06-21,6.9,20.2
2011-06-22,7.13,20.2
2011-06-23,6.82,20.5
2011-06-24,7.12,20.5
2011-06-25,6.97,20.2
2011-06-26,6.96,20.3
2011-06-27,7.17,21.1
2011-06-28,7.33,22.1
2011-06-29,7.25,22.7
2011-06-30,7.39,22.6
2011-07-01,7.38,22.0
2011-07-02,7.46,21.5
2011-07-03,7.21,20.8
2011-07-04,7.32,20.7
2011-07-05,7.8,21.4
2011-07-06,7.8,22.1
2011-07-07,7.75,22.4
2011-07-08,7.76,22.3
2011-07-09,7.72,22.2
2011-07-10,7.65,22.2
2011-07-11,7.64,22.5
2011-07-12,7.58,23.0
2011-07-13,7.34,23.1
2011-07-14,7.1,22.4
2011-07-15,7.44,21.9
2011-07-16,7.67,21.9
2011-07-17,7.57,21.8
2011-07-18,7.38,21.2
2011-07-19,7.47,21.0
2011-07-20,7.45,20.9
2011-07-21,7.73,20.6
2011-07-22,8.57,20.5
2011-07-23,8.54,20.4
2011-07-24,8.24,20.1
2011-07-25,8.04,19.7
2011-07-26,7.9,19.7
2011-07-27,8.18,19.8
2011-07-28,7.9,19.9
2011-07-29,7.61,20.1
2011-07-30,7.52,19.9
2011-07-31,7.47,19.6
2011-08-01,7.51,19.6
2011-08-02,7.65,20.0
2011-08-03,7.7,20.4
2011-08-04,7.4,20.9
2011-08-05,7.29,21.5
2011-08-06,7.16,21.9
2011-08-07,7.16,22.0
2011-08-08,6.99,21.6
2011-08-09,7.11,21.0
2011-08-10,7.19,20.5
2011-08-11,7.61,20.4
2011-08-12,7.68,20.5
2011-08-13,7.42,20.7
2011-08-14,7.39,21.0
2011-08-15,7.33,21.3
2011-08-16,7.41,21.5
2011-08-17,7.81,21.6
2011-08-18,8.18,22.1
2011-08-19,8.34,22.4
2011-08-20,8.25,22.5
2011-08-21,8.19,22.5
2011-08-22,8.16,22.8
2011-08-23,7.99,23.1
2011-08-24,8.17,23.5
2011-08-25,7.93,23.7
2011-08-26,7.83,23.9
2011-08-27,7.58,23.5
2011-08-28,7.4,22.8
2011-08-29,7.77,22.4
2011-08-30,8.1,22.0
2011-08-31,8.36,21.8
2011-09-01,8.62,21.7
2011-09-02,8.75,21.6
2011-09-03,8.93,21.8
2011-09-04,8.86,22.3
2011-09-05,8.33,22.4
2011-09-06,8.06,21.9
2011-09-07,8.07,21.3
2011-09-08,7.73,20.6
2011-09-20,8.05,18.3
2011-09-21,8.37,18.3
2011-09-22,8.49,18.3
2011-09-23,8.48,18.1
2011-09-24,8.56,18.0
2011-09-25,8.52,18.1
2011-09-26,8.61,18.1
2011-09-27,8.61,18.3
2011-09-28,8.59,18.6
2011-09-29,8.57,18.7
2011-09-30,8.79,18.6
2011-10-01,8.96,18.5
2011-10-02,8.76,18.5
2011-10-03,8.71,18.6
2011-10-04,8.78,18.6
2011-10-05,8.75,18.5
2011-10-06,8.57,18.2
2011-10-07,8.26,17.6
2011-10-08,8.09,16.8
2011-10-09,8.15,16.1
2011-10-10,8.25,15.8
2011-10-11,8.34,15.8
2011-10-12,8.73,15.8
2011-10-13,9.08,15.6
2011-10-14,9.4,15.1
2011-10-15,10.06,14.4
2011-10-16,10.38,13.8
2011-10-17,10.26,13.4
2011-10-18,10.07,13.0
2011-10-19,9.97,12.8
2011-10-20,9.87,12.5
2011-10-21,9.83,11.8
2011-10-22,9.99,11.2
2011-10-23,10.27,10.8
2011-10-24,10.43,10.5
2011-10-25,10.43,10.2
2011-10-26,9.97,10.3
2011-10-27,9.91,10.3
2011-10-28,9.91,10.3
2011-10-29,9.92,10.3
2011-10-30,9.97,10.5
2011-10-31,10.01,10.7
2011-11-01,10.15,10.7
2011-11-02,10.1,10.5
2011-11-03,10.12,10.5
2011-11-04,10.05,10.5
2011-11-05,10.01,10.6
2011-11-06,10.01,10.7
2011-11-07,10.19,10.6
2011-11-08,10.06,10.4
2011-11-09,9.87,10.1
2011-11-10,9.86,10.0
2011-11-11,9.91,9.9
2011-11-12,9.94,9.6
2011-11-13,10.09,9.3
2011-11-14,10.17,8.9
2011-11-15,10.21,8.5
2011-11-16,10.36,8.0
2011-11-17,10.43,7.6
2011-11-18,10.57,7.5
2011-11-19,10.7,7.6
2011-11-20,10.88,7.7
2011-11-21,10.8,7.7
2011-11-22,10.87,7.7
2011-11-23,11.02,7.2
2011-11-24,11.18,6.5
2011-11-25,11.27,6.2
2011-11-26,11.38,6.2
2011-11-27,11.32,6.3
2011-11-28,11.35,6.3
2011-11-29,11.36,6.2
2011-11-30,11.23,6.0
2011-12-01,11.44,6.0
2011-12-02,11.53,6.2
2011-12-03,11.4,6.4
2011-12-04,11.31,6.7
2011-12-05,11.33,6.8
2011-12-06,11.71,6.5
2011-12-07,12.3,6.3
2011-12-08,12.49,6.2
2011-12-09,12.41,6.4
2011-12-10,12.61,6.2
2011-12-11,12.47,5.9
2011-12-12,12.5,5.8
2011-12-13,12.28,5.6
2011-12-14,12.14,5.6
2011-12-15,12.07,5.4
2011-12-16,12.02,5.5
2011-12-17,12.58,5.6
2011-12-18,12.96,5.4
2011-12-19,13.16,5.2
2011-12-20,13.16,4.9
2011-12-21,13.2,4.8
2011-12-22,13.11,5.0
2011-12-23,13.08,5.2
2011-12-24,13.13,5.4
2011-12-25,13.35,5.4
2011-12-26,13.5,5.6
2011-12-27,13.42,5.8
2011-12-28,13.26,6.0
2011-12-29,12.96,6.0
2011-12-30,12.64,6.0
2011-12-31,12.66,6.0
2012-01-01,12.76,6.2
2012-01-02,12.74,6.6
2012-01-03,12.81,6.7
2012-01-04,12.8,6.7
2012-01-05,12.67,6.7
2012-01-06,13.04,6.2
2012-01-07,13.1,6.0
2012-01-08,13.17,5.9
2012-01-09,13.26,5.8
2012-01-10,13.45,5.8
2012-01-11,13.66,5.7
2012-01-12,13.68,5.9
2012-01-13,13.58,5.9
2012-01-14,13.47,5.8
2012-01-15,13.61,5.5
2012-01-16,13.91,4.9
2012-01-17,13.95,4.4
2012-01-18,13.95,3.9
2012-01-19,13.96,4.0
2012-01-20,13.86,4.3
2012-01-21,14.06,4.5
2012-01-22,13.91,4.7
2012-01-23,13.7,4.8
2012-01-24,13.64,4.7
2012-01-25,13.76,4.5
2012-01-26,13.7,4.3
2012-01-27,13.76,4.3
2012-01-28,13.83,4.4
2012-01-29,13.8,4.4
2012-01-30,13.85,4.3
2012-01-31,13.79,4.1
2012-02-01,13.86,3.4
2012-02-02,13.88,2.5
2012-02-03,13.99,1.6
2012-02-04,14.08,1.0
2012-02-05,14.31,0.6
2012-02-06,14.89,0.5
2012-02-07,14.86,0.4
2012-02-08,14.44,0.4
2012-02-09,14.51,0.4
2012-02-10,14.19,0.4
2012-02-11,14.13,0.4
2012-02-12,13.88,0.4
2012-02-13,13.67,0.4
2012-02-14,13.61,0.5
2012-02-15,13.9,0.5
2012-02-16,14.14,0.7
2012-02-17,14.1,0.9
2012-02-18,13.89,1.0
2012-02-19,13.86,1.3
2012-02-20,14.5,1.7
2012-02-21,14.51,2.2
2012-02-22,14.64,2.3
2012-02-23,14.34,2.4
2012-02-24,13.75,2.8
2012-02-25,13.14,3.8
2012-02-26,12.82,4.5
2012-02-27,12.99,4.6
2012-02-28,13.31,5.1
2012-02-29,13.08,5.6
2012-03-01,12.95,5.8
2012-03-02,12.9,6.2
2012-03-03,12.8,6.5
2012-03-04,12.72,7.0
2012-03-05,12.62,7.1
2012-03-06,12.71,6.9
2012-03-07,12.74,6.7
2012-03-08,12.62,6.8
2012-03-09,12.57,6.7
2012-03-10,12.2,6.9
2012-03-11,12.24,7.0
2012-03-12,12.19,7.2
2012-03-13,12.01,7.4
2012-03-14,11.82,7.4
2012-03-15,11.82,7.5
2012-03-16,11.87,7.9
2012-03-17,11.85,8.3
2012-03-18,11.75,8.6
2012-03-19,11.56,8.7
2012-03-20,11.73,8.9
2012-03-21,11.9,9.0
2012-03-22,12.05,9.4
2012-03-23,12.29,9.9
2012-03-24,12.56,10.4
2012-03-25,12.84,10.8
2012-03-26,13.13,11.2
2012-03-27,13.48,11.5
2012-03-28,13.75,11.8
2012-03-29,13.71,12.0
2012-03-30,12.97,11.8
2012-03-31,12.17,11.5
2012-04-01,12.27,11.2
2012-04-02,12.69,11.1
2012-04-03,13.06,11.5
2012-04-04,13.15,11.9
2012-04-05,12.82,12.1
2012-04-06,12.57,11.8
2012-04-07,12.25,11.4
2012-04-08,12.05,10.9
2012-04-09,12.05,10.6
2012-04-10,11.82,10.8
2012-04-11,11.96,11.2
2012-04-12,12.33,11.3
2012-04-13,13.23,11.2
2012-04-14,13.98,11.3
2012-04-15,14.51,11.2
2012-04-16,14.37,11.2
2012-04-17,14.5,11.1
2012-04-18,15.52,11.2
2012-04-19,15.86,11.4
2012-04-20,16.48,11.6
2012-04-21,17.35,11.6
2012-04-22,18.17,11.7
2012-04-23,18.78,11.8
2012-04-24,19.0,12.0
2012-04-25,18.9,12.1
2012-04-26,18.62,12.4
2012-04-27,18.42,12.7
2012-04-28,19.53,13.7
2012-04-29,18.7,14.4
2012-04-30,18.29,15.3
2012-05-01,17.67,16.0
2012-05-02,17.62,16.7
2012-05-03,17.68,17.0
2012-05-04,16.9,17.3
2012-05-05,15.76,17.5
2012-05-06,13.71,17.3
2012-05-07,13.69,17.2
2012-05-08,14.37,17.3
2012-05-09,14.11,17.5
2012-05-10,15.22,18.0
2012-05-11,15.84,18.9
2012-05-12,15.11,19.1
2012-05-13,14.78,18.9
2012-05-14,15.73,18.5
2012-05-15,14.94,18.4
2012-05-16,13.67,17.8
2012-05-17,12.59,17.4
2012-05-18,12.96,17.4
2012-05-19,13.66,18.0
2012-05-20,14.63,18.8
2012-05-21,14.18,19.5
2012-05-22,13.64,20.0
2012-05-23,14.74,20.7
2012-05-24,16.66,21.4
2012-05-25,17.36,21.6
2012-05-26,17.74,21.7
2012-05-27,16.97,21.7
2012-05-28,16.67,21.9
2012-05-29,16.27,22.1
2012-05-30,15.51,22.3
2012-05-31,15.5,22.2
2012-06-01,14.35,22.0
2012-06-02,13.18,21.6
2012-06-03,11.22,21.0
2012-06-04,9.15,20.4
2012-06-05,9.31,20.0
2012-06-06,9.68,19.7
2012-06-07,8.08,19.6
2012-06-08,8.28,20.0
2012-06-09,8.74,20.1
2012-06-10,9.24,20.1
2012-06-11,9.18,20.1
2012-06-12,9.36,19.9
2012-06-13,9.43,19.5
2012-06-14,8.87,19.5
2012-06-15,9.03,19.6
2012-06-16,8.39,19.9
2012-06-17,7.86,20.3
2012-06-18,7.51,20.7
2012-06-19,7.23,21.1
2012-06-20,6.47,21.2
2012-06-21,6.6,21.4
2012-06-22,7.51,21.6
2012-06-23,8.07,21.8
2012-06-24,7.48,21.7
2012-06-25,6.98,21.3
2012-06-26,6.98,21.1
2012-06-27,7.15,21.3
2012-06-28,7.23,21.8
2012-06-29,7.57,22.4
2012-06-30,8.67,23.3
2012-07-01,8.82,23.8
2012-07-02,7.49,23.2
2012-07-03,6.56,22.8
2012-07-04,6.13,23.1
2012-07-05,6.42,23.5
2012-07-06,6.42,23.8
2012-07-07,6.45,23.9
2012-07-08,6.56,23.8
2012-07-09,6.35,23.4
2012-07-10,6.22,23.2
2012-07-11,6.69,22.9
2012-07-12,7.26,22.2
2012-07-13,7.26,21.8
2012-07-14,7.38,21.3
2012-07-15,7.71,21.0
2012-07-16,8.18,21.1
2012-07-17,8.14,20.7
2012-07-18,8.17,20.7
2012-07-19,8.29,20.9
2012-07-20,8.45,20.8
2012-07-21,8.14,20.5
2012-07-22,8.23,20.1
2012-07-23,8.59,20.3
2012-07-24,8.83,20.8
2012-07-25,9.13,21.7
2012-07-26,9.97,22.6
2012-07-27,11.02,23.4
2012-07-28,11.0,23.8
2012-07-29,9.86,23.4
2012-08-01,10.83,22.8
2012-08-02,11.38,23.0
2012-08-03,12.02,23.4
2012-08-04,12.54,23.6
2012-08-05,13.2,23.8
2012-08-06,13.24,23.5
2012-08-07,12.96,23.1
2012-08-08,13.26,22.8
2012-08-09,14.72,22.6
2012-08-10,16.39,22.6
2012-08-11,16.81,
2012-09-13,13.4,20.1
2012-09-14,13.8,19.6
2012-09-15,13.78,19.4
2012-09-16,13.96,19.1
2012-09-17,14.4,19.1
2012-09-18,14.9,19.2
2012-09-19,15.32,19.0
2012-09-20,15.39,18.6
2012-09-21,15.64,18.2
2012-09-22,14.94,17.9
2012-09-23,13.63,17.5
2012-09-24,11.97,17.4
2012-09-25,10.14,17.2
2012-09-26,9.15,16.9
2012-09-27,8.42,16.7
2012-09-28,9.07,16.6
2012-09-29,9.34,16.6
2012-09-30,9.22,16.5
2012-10-01,8.91,16.3
2012-10-02,8.69,16.3
2012-10-03,8.23,16.3
2012-10-04,8.87,16.0
2012-10-05,8.93,15.6
2012-10-06,8.89,15.6
2012-10-07,9.02,15.6
2012-10-08,8.95,15.4
2012-10-09,8.89,15.1
2012-10-10,8.98,14.9
2012-10-11,8.75,14.5
2012-10-12,8.52,14.2
2012-10-13,8.51,13.9
2012-10-14,8.49,13.6
2012-10-15,8.49,13.4
2012-10-16,8.41,12.9
2012-10-17,8.49,12.7
2012-10-18,8.43,12.8
2012-10-19,8.53,12.8
2012-10-20,8.9,13.0
2012-10-21,8.91,13.2
2012-10-22,8.9,13.2
2012-10-23,8.99,13.2
2012-10-24,8.74,12.9
2012-10-25,8.43,12.8
2012-10-26,8.5,12.5
2012-10-27,8.53,11.8
2012-10-28,8.92,11.0
2012-10-29,9.0,10.3
2012-10-30,9.04,9.9
2012-10-31,9.07,9.9
2012-11-01,9.11,9.9
2012-11-02,9.3,9.8
2012-11-03,9.35,9.8
2012-11-04,9.47,9.7
2012-11-05,9.58,9.5
2012-11-06,9.86,9.2
2012-11-07,10.07,8.9
2012-11-08,10.28,8.9
2012-11-09,10.24,9.0
2012-11-10,10.33,8.9
2012-11-11,9.93,8.9
2012-11-12,10.24,8.7
2012-11-13,10.39,8.3
2012-11-14,10.48,8.0
2012-11-15,10.46,7.8
2012-11-16,10.27,7.8
2012-11-17,10.22,7.7
2012-11-18,10.13,7.8
2012-11-19,10.14,8.0
2012-11-20,10.24,7.8
2012-11-21,10.31,7.5
2012-11-22,10.36,7.3
2012-11-23,10.44,7.2
2012-11-24,10.54,7.3
2012-11-25,10.62,7.5
2012-11-26,10.52,7.5
2012-11-27,10.48,7.6
2012-11-28,10.35,7.7
2012-11-29,10.48,7.5
2012-11-30,10.51,7.1
2012-12-01,11.17,6.5
2012-12-02,11.56,6.1
2012-12-03,11.43,6.0
2012-12-04,11.42,5.9
2012-12-05,11.52,5.8
2012-12-06,11.79,5.4
2012-12-07,11.93,4.9
2012-12-08,11.88,4.3
2012-12-09,11.68,3.8
2012-12-10,11.83,3.6
2012-12-11,11.86,3.6
2012-12-12,12.35,3.2
2012-12-13,12.31,2.6
2012-12-14,12.5,2.4
2012-12-15,12.48,2.6
2012-12-16,12.66,3.1
2012-12-17,13.56,3.5
2012-12-18,13.56,4.1
2012-12-19,13.48,4.4
2012-12-20,13.44,4.5
2012-12-21,13.31,4.8
2012-12-22,13.34,4.9
2012-12-23,13.19,5.4
2012-12-24,12.83,6.3
2012-12-25,12.36,6.6
2012-12-26,12.23,6.6
2012-12-27,12.09,6.9
2012-12-28,12.18,7.0
2012-12-29,12.41,7.1
2012-12-30,12.52,7.0
2012-12-31,12.58,6.9
2013-01-01,12.57,6.7
2013-01-02,12.77,6.5
2013-01-03,13.01,6.2
2013-01-04,13.17,6.4
2013-01-05,12.99,6.8
2013-01-06,12.88,7.0
2013-01-07,12.89,7.1
2013-01-08,12.84,7.1
2013-01-09,12.76,7.0
2013-01-10,12.78,6.9
2013-01-11,12.98,6.6
2013-01-12,13.14,6.1
2013-01-13,13.17,5.4
2013-01-14,13.14,4.8
2013-01-15,13.2,4.2
2013-01-16,13.15,3.8
2013-01-17,13.15,3.4
2013-01-18,13.19,3.1
2013-01-19,13.17,3.0
2013-01-20,13.14,2.8
2013-01-21,13.0,2.5
2013-01-22,12.93,2.5
2013-01-23,12.79,2.5
2013-01-24,12.81,2.3
2013-01-25,12.79,2.3
2013-01-26,12.62,2.3
2013-01-27,12.61,2.3
2013-01-28,12.57,2.6
2013-01-29,12.48,3.0
2013-01-30,12.7,4.0
2013-01-31,13.32,4.8
2013-02-01,13.12,5.3
2013-02-02,12.97,5.4
2013-02-03,13.07,5.4
2013-02-04,13.1,5.2
2013-02-05,13.05,5.2
2013-02-06,13.02,5.1
2013-02-07,13.24,4.9
2013-02-08,13.37,4.6
2013-02-09,13.42,4.4
2013-02-10,13.57,4.1
2013-02-11,13.57,3.7
2013-02-12,13.68,3.4
2013-02-13,13.72,3.4
2013-02-14,13.59,3.3
2013-02-15,13.48,3.4
2013-02-16,13.35,3.6
2013-02-17,13.28,3.9
2013-02-18,13.18,4.0
2013-02-19,13.07,4.0
2013-02-20,13.06,3.9
2013-02-21,13.05,3.9
2013-02-22,13.04,3.6
2013-02-23,12.85,3.2
2013-02-24,12.67,3.0
2013-02-25,12.67,3.2
2013-02-26,12.58,3.4
2013-02-27,12.61,3.6
2013-02-28,12.67,3.8
2013-03-01,12.61,4.0
2013-03-02,12.57,4.3
2013-03-03,12.44,4.5
2013-03-04,12.44,4.6
2013-03-05,12.45,4.8
2013-03-06,12.52,5.0
2013-03-07,12.67,5.4
2013-03-08,12.65,6.0
2013-03-09,12.47,6.7
2013-03-10,12.34,7.2
2013-03-11,12.27,7.2
2013-03-12,12.32,6.6
2013-03-13,12.59,6.0
2013-03-14,12.84,5.5
2013-03-15,13.07,5.3
2013-03-16,13.11,5.3
2013-03-17,12.87,5.2
2013-03-18,12.66,5.4
2013-03-19,12.65,5.5
2013-03-20,12.83,5.6
2013-03-21,13.06,5.5
2013-03-22,13.28,5.6
2013-03-23,13.17,5.5
2013-03-24,13.05,5.2
2013-03-25,12.89,5.1
2013-03-26,12.83,4.9
2013-03-27,12.97,4.9
2013-03-28,12.92,5.1
2013-03-29,12.82,5.2
2013-03-30,12.73,5.2
2013-03-31,12.73,5.4
2013-04-01,12.77,5.6
2013-04-02,12.99,5.8
2013-04-03,13.0,5.9
2013-04-04,13.02,5.9
2013-04-05,13.16,6.0
2013-04-06,12.94,6.0
2013-04-07,13.11,6.3
2013-04-08,13.46,6.7
2013-04-09,13.66,7.2
2013-04-10,13.5,7.5
2013-04-11,13.78,8.1
2013-04-12,13.13,8.9
2013-04-13,12.51,9.4
2013-04-14,12.53,10.0
2013-04-15,12.29,11.0
2013-04-16,11.94,11.8
2013-04-17,11.66,12.5
2013-04-18,11.49,13.3
2013-04-19,11.56,13.6
2013-04-20,11.49,13.2
2013-04-21,11.27,13.0
2013-04-22,11.39,13.3
2013-04-23,11.49,13.5
2013-04-24,11.79,13.9
2013-04-25,12.16,14.6
2013-04-26,12.05,15.0
2013-04-27,10.79,14.4
2013-04-28,10.31,13.7
2013-04-29,10.44,13.8
2013-04-30,10.52,13.8
2013-05-01,10.5,13.5
2013-05-02,10.71,13.9
2013-05-03,10.77,14.2
2013-05-04,10.53,14.2
2013-05-05,10.38,14.3
2013-05-06,10.52,14.9
2013-05-07,10.34,15.1
2013-05-08,10.41,15.2
2013-05-09,10.67,16.0
2013-05-10,10.68,16.3
2013-05-11,10.53,16.3
2013-05-12,10.51,16.1
2013-05-13,10.14,15.9
2013-05-14,10.19,15.7
2013-05-15,10.52,16.0
2013-05-16,10.44,16.1
2013-05-17,10.05,16.0
2013-05-18,10.15,16.0
2013-05-19,10.69,16.4
2013-05-20,9.78,16.3
2013-05-21,9.14,16.1
2013-05-22,9.07,15.9
2013-05-23,9.11,15.2
2013-05-24,9.29,14.8
2013-05-25,9.5,14.8
2013-05-26,9.48,14.2
2013-05-27,9.69,13.4
2013-05-28,10.2,13.7
2013-05-29,10.1,13.6
2013-05-30,10.22,13.1
2013-05-31,10.09,12.7
2013-06-01,9.65,12.6
2013-06-02,9.31,12.7
2013-06-03,9.31,13.2
2013-06-04,9.17,13.4
2013-06-05,9.19,13.9
2013-06-06,9.4,14.4
2013-06-07,9.4,15.1
2013-06-08,9.55,16.4
2013-06-09,9.43,16.9
2013-06-10,9.61,16.8
2013-06-11,9.65,16.8
2013-06-12,9.92,16.8
2013-06-13,10.42,17.2
2013-06-14,10.96,17.4
2013-06-15,10.81,17.3
2013-06-16,10.89,17.7
2013-06-17,10.65,18.6
2013-06-18,10.29,19.7
2013-06-19,10.12,20.9
2013-06-20,9.61,21.6
2013-06-21,9.06,21.7
2013-06-22,9.25,21.6
2013-06-23,9.17,21.3
2013-06-24,9.29,21.0
2013-06-25,9.2,20.4
2013-06-26,9.08,19.7
2013-06-27,9.34,19.2
2013-06-28,9.7,18.8
2013-06-29,9.7,18.7
2013-06-30,9.69,18.5
2013-07-01,9.61,18.6
2013-07-02,9.74,19.2
2013-07-03,9.72,19.4
2013-07-04,9.5,19.1
2013-07-05,9.8,19.4
2013-07-06,9.54,19.6
2013-07-10,18.17,22.3
2013-07-11,18.82,22.1
2013-07-12,20.06,22.0
2013-07-13,20.85,22.1
2013-07-14,20.64,22.3
2013-07-15,20.5,22.6
2013-07-16,20.33,22.9
2013-07-17,20.54,23.1
2013-07-18,20.78,23.4
2013-07-19,19.86,23.7
2013-07-20,16.58,23.9
2013-07-21,13.95,24.2
2013-07-22,13.11,24.7
2013-07-23,12.05,25.0
2013-07-24,10.89,24.9
2013-07-25,10.29,24.7
2013-07-26,9.1,24.8
2013-07-27,9.98,25.3
2013-07-28,10.72,25.5
2013-07-29,9.83,25.3
2013-07-30,8.21,24.4
2013-07-31,8.49,24.0
2013-08-01,9.43,24.1
2013-08-02,11.2,24.6
2013-08-03,12.93,24.9
2013-08-04,12.72,25.1
2013-08-05,12.62,25.1
2013-08-06,12.37,25.2
2013-08-07,10.88,24.8
2013-08-08,9.32,24.4
2013-08-09,8.7,24.0
2013-08-10,8.94,23.8
2013-08-11,9.49,23.5
2013-08-12,9.96,23.2
2013-08-13,10.33,23.0
2013-08-14,10.81,22.5
2013-08-15,12.33,22.5
2013-08-16,13.19,22.4
2013-08-17,13.7,22.5
2013-08-18,12.93,22.4
2013-08-19,12.01,22.1
2013-08-20,10.82,21.7
2013-08-21,10.4,21.6
2013-08-22,10.02,21.6
2013-08-23,9.23,21.5
2013-08-24,9.08,21.3
2013-08-25,8.26,21.0
2013-08-26,7.4,20.3
2013-08-27,7.3,20.1
2013-08-28,7.53,20.1
2013-08-29,7.46,20.1
2013-08-30,7.28,20.3
2013-08-31,7.44,20.4
2013-09-01,7.47,20.1
2013-09-02,7.97,19.9
2013-09-03,7.99,20.0
2013-09-04,,20.3
2013-09-06,11.89,21.4
2013-09-07,11.23,21.3
2013-09-08,10.19,21.1
2013-09-09,9.65,20.7
2013-09-10,10.34,20.2
2013-09-11,9.44,19.3
2013-09-12,8.65,18.7
2013-09-13,8.56,18.5
2013-09-14,8.0,18.3
2013-09-15,7.83,18.1
2013-09-16,8.02,17.8
2013-09-17,7.88,17.3
2013-09-18,7.9,16.6
2013-09-19,8.69,16.0
2013-09-20,9.57,15.8
2013-09-21,10.17,15.4
2013-09-22,9.8,15.3
2013-09-23,9.49,15.4
2013-09-24,9.17,15.6
2013-09-25,9.04,15.7
2013-09-26,8.91,15.8
2013-09-27,8.79,15.7
2013-09-28,8.63,15.7
2013-09-29,8.57,15.6
2013-09-30,8.5,15.4
2013-10-01,8.43,15.4
2013-10-02,8.43,15.0
2013-10-03,8.45,14.6
2013-10-04,8.7,14.2
2013-10-05,8.72,13.9
2013-10-06,8.63,13.7
2013-10-07,8.61,13.8
2013-10-08,8.61,14.0
2013-10-09,8.86,14.2
2013-10-10,9.03,14.1
2013-10-11,9.12,13.6
2013-10-12,9.1,12.8
2013-10-13,9.04,12.5
2013-10-14,9.34,12.4
2013-10-15,9.44,12.5
2013-10-16,9.41,12.4
2013-10-17,9.67,12.2
2013-10-18,9.91,12.2
2013-10-19,9.96,12.2
2013-10-20,9.94,12.4
2013-10-21,9.66,12.6
2013-10-22,9.62,12.8
2013-10-23,9.52,13.1
2013-10-24,9.44,13.1
2013-10-25,9.39,12.9
2013-10-26,9.39,12.9
2013-10-27,9.3,13.1
2013-10-28,9.29,13.2
2013-10-29,9.29,13.1
2013-10-30,9.46,12.9
2013-10-31,9.61,12.5
2013-11-01,9.29,12.0
2013-11-02,9.24,11.8
2013-11-03,9.17,11.7
2013-11-04,9.92,11.3
2013-11-05,10.43,10.9
2013-11-06,10.74,10.6
2013-11-07,11.13,10.8
2013-11-08,11.31,11.2
2013-11-09,11.4,11.2
2013-11-10,11.64,10.7
2013-11-11,11.95,10.2
2013-11-12,12.23,9.7
2013-11-13,12.22,9.4
2013-11-14,12.93,9.0
2013-11-15,13.14,8.9
2013-11-16,13.13,8.7
2013-11-17,12.85,8.4
2013-11-18,12.53,8.3
2013-11-19,12.42,8.3
2013-11-20,12.22,8.1
2013-11-21,12.56,7.7
2013-11-22,13.43,7.5
2013-11-23,13.67,7.4
2013-11-24,13.37,7.4
2013-11-25,13.21,7.0
2013-11-26,13.34,6.6
2013-11-27,13.23,6.3
2013-11-28,13.03,6.0
2013-11-29,12.83,5.8
2013-11-30,12.66,5.7
2013-12-01,12.64,5.7
2013-12-02,12.73,5.7
2013-12-03,12.96,5.5
2013-12-04,12.65,5.2
2013-12-05,12.16,5.2
2013-12-06,12.25,5.0
2013-12-07,12.27,4.8
2013-12-08,12.34,4.8
2013-12-09,12.42,4.9
2013-12-10,12.37,5.0
2013-12-11,12.55,5.2
2013-12-12,12.62,5.4
2013-12-13,12.39,5.5
2013-12-14,12.42,5.5
2013-12-15,12.66,5.5
2013-12-16,12.81,5.3
2013-12-17,12.91,5.0
2013-12-18,12.47,4.9
2013-12-19,12.16,5.0
2013-12-20,11.98,5.0
2013-12-21,12.26,4.8
2013-12-22,12.34,4.8
2013-12-23,12.1,5.2
2013-12-24,11.94,5.4
2013-12-25,12.06,5.7
2013-12-26,11.92,5.9
2013-12-27,11.99,5.8
2013-12-28,12.3,5.9
2013-12-29,12.26,6.0
2013-12-30,12.21,6.0
2013-12-31,12.44,5.7
2014-01-01,12.23,5.5
2014-01-02,12.01,5.7
2014-01-03,12.13,5.8
2014-01-04,12.0,5.7
2014-01-05,12.15,5.6
2014-01-06,12.02,5.5
2014-01-07,11.69,5.7
2014-01-08,11.6,6.1
2014-01-09,11.57,6.3
2014-01-10,11.59,6.3
2014-01-11,12.06,6.0
2014-01-12,12.01,5.7
2014-01-13,11.84,5.4
2014-01-14,11.82,5.4
2014-01-15,12.12,5.6
2014-01-16,12.14,5.7
2014-01-17,11.95,5.7
2014-01-18,12.12,5.6
2014-01-19,12.36,5.6
2014-01-20,12.26,5.7
2014-01-21,12.03,5.8
2014-01-22,11.85,5.8
2014-01-23,12.26,5.8
2014-01-24,12.06,5.8
2014-01-25,11.84,5.7
2014-01-26,11.64,5.5
2014-01-27,11.67,5.7
2014-01-28,11.99,5.6
2014-01-29,12.38,5.3
2014-01-30,12.6,4.8
2014-01-31,12.58,4.5
2014-02-01,12.45,4.4
2014-02-02,12.26,4.6
2014-02-03,12.23,4.6
2014-02-04,12.25,4.6
2014-02-05,12.45,4.4
2014-02-06,12.47,4.7
2014-02-07,12.36,5.0
2014-02-08,12.18,5.0
2014-02-09,12.1,5.0
2014-02-10,12.15,4.9
2014-02-11,12.22,5.0
2014-02-12,12.33,5.1
2014-02-13,12.3,5.2
2014-02-14,12.32,5.3
2014-02-15,12.57,5.5
2014-02-16,12.74,5.7
2014-02-17,12.92,5.8
2014-02-18,12.95,5.9
2014-02-19,12.71,6.0
2014-02-20,12.52,6.2
2014-02-21,12.34,6.4
2014-02-22,12.18,6.3
2014-02-23,11.97,6.4
2014-02-24,11.95,6.5
2014-02-25,12.07,6.6
2014-02-26,11.8,6.7
2014-02-27,11.51,6.8
2014-02-28,11.43,7.1
2014-03-01,11.37,7.2
2014-03-02,11.32,7.2
2014-03-03,11.12,7.1
2014-03-04,11.04,7.0
2014-03-05,11.29,7.3
2014-03-06,11.46,7.4
2014-03-07,11.67,7.4
2014-03-08,11.93,7.5
2014-03-09,12.06,7.7
2014-03-10,12.28,7.9
2014-03-11,12.39,8.1
2014-03-12,12.63,8.4
2014-03-13,12.71,8.6
2014-03-14,12.89,8.8
2014-03-15,12.82,8.9
2014-03-16,12.49,8.8
2014-03-17,12.19,8.9
2014-03-18,12.25,9.2
2014-03-19,12.11,9.3
2014-03-20,12.29,9.8
2014-03-21,12.27,10.2
2014-03-22,11.89,10.4
2014-03-23,11.62,10.3
2014-03-24,11.64,10.1
2014-03-25,11.81,10.0
2014-03-26,11.94,10.0
2014-03-27,11.96,9.9
2014-03-28,12.21,10.4
2014-03-29,12.55,10.7
2014-03-30,13.09,11.1
2014-03-31,13.75,11.3
2014-04-01,14.19,11.5
2014-04-02,15.31,11.9
2014-04-03,15.64,12.3
2014-04-04,15.64,12.7
2014-04-05,15.3,13.0
2014-04-06,14.58,13.3
2014-04-07,14.45,13.7
2014-04-08,14.7,14.0
2014-04-09,13.85,13.8
2014-04-10,13.54,13.8
2014-04-11,14.49,14.1
2014-04-12,15.72,14.4
2014-04-13,16.44,14.6
2014-04-14,16.58,14.5
2014-04-15,16.25,14.0
2014-04-16,16.78,13.6
2014-04-17,17.44,13.5
2014-04-18,17.55,13.6
2014-04-19,17.36,13.7
2014-04-20,17.27,13.9
2014-04-21,17.43,14.4
2014-04-22,18.11,14.6
2014-04-23,18.26,14.8
2014-04-24,17.71,15.2
2014-04-25,17.45,15.9
2014-04-26,16.94,16.4
2014-04-27,15.24,16.6
2014-04-28,12.95,16.5
2014-04-29,11.44,16.2
2014-04-30,11.61,16.2
2014-05-01,10.52,16.2
2014-05-02,8.88,16.2
2014-05-03,8.88,16.0
2014-05-04,9.37,15.8
2014-05-05,10.22,16.0
2014-05-06,10.6,16.2
2014-05-07,10.66,16.5
2014-05-08,10.27,16.3
2014-05-09,9.49,16.2
2014-05-10,9.19,16.1
2014-05-11,8.75,15.9
2014-05-12,8.98,15.7
2014-05-13,9.18,15.9
2014-05-14,9.53,15.9
2014-05-15,10.07,15.8
2014-05-16,10.73,15.9
2014-05-17,11.25,16.3
2014-05-18,11.58,16.6
2014-05-19,12.55,17.2
2014-05-20,13.91,18.1
2014-05-21,14.44,18.8
2014-05-22,14.83,19.2
2014-05-23,13.97,19.4
2014-05-24,11.95,19.4
2014-05-25,11.09,19.4
2014-05-26,11.64,19.5
2014-05-27,10.75,19.2
2014-05-28,8.86,18.8
2014-05-29,7.58,18.6
2014-05-30,6.91,18.0
2014-05-31,6.96,18.1
2014-06-01,6.83,18.3
2014-06-02,6.41,18.5
2014-06-03,6.89,19.1
2014-06-04,7.23,19.2
2014-06-05,7.4,19.1
2014-06-06,6.41,19.0
2014-06-07,7.48,19.9
2014-06-08,8.45,20.8
2014-06-09,10.29,21.9
2014-06-10,11.79,22.6
2014-06-11,13.01,23.3
2014-06-12,13.8,23.7
2014-06-13,13.4,23.7
2014-06-14,12.8,23.4
2014-06-15,11.11,22.9
2014-06-16,11.06,22.7
2014-06-17,10.77,22.2
2014-06-18,10.35,22.0
2014-06-19,10.93,22.1
2014-06-20,11.51,21.9
2014-06-21,10.52,21.7
2014-06-22,9.71,21.5
2014-06-23,10.39,21.4
2014-06-24,10.49,21.7
2014-06-25,10.3,21.7
2014-06-26,10.27,21.4
2014-06-27,10.17,21.6
2014-06-28,9.92,21.5
2014-06-29,10.5,21.3
2014-06-30,9.4,20.9
2014-07-01,8.73,20.9
2014-07-02,8.98,21.2
2014-07-03,9.44,21.7
2014-07-04,9.52,22.1
2014-07-05,8.85,22.3
2014-07-06,7.72,22.6
2014-07-07,7.71,22.7
2014-07-08,8.4,22.7
2014-07-09,7.14,21.4
2014-07-10,6.64,20.4
2014-07-11,6.45,20.5
2014-07-12,6.46,21.3
2014-07-13,5.94,21.6
2014-07-14,5.32,21.4
2014-07-15,5.43,21.7
2014-07-16,5.67,22.1
2014-07-17,5.93,22.4
2014-07-18,6.51,22.9
2014-07-19,7.93,23.6
2014-07-20,8.88,24.0
2014-07-21,8.02,24.0
2014-07-22,7.31,23.9
2014-07-23,7.54,24.0
2014-07-24,8.22,24.0
2014-07-25,8.1,24.2
2014-07-26,7.49,24.3
2014-07-27,6.98,24.7
2014-07-28,6.21,24.9
2014-07-29,6.03,24.9
2014-07-30,6.11,24.5
2014-07-31,5.81,24.1
2014-08-01,5.64,24.1
2014-08-02,5.39,24.1
2014-08-03,6.48,24.1
2014-08-04,9.16,24.2
2014-08-05,8.33,24.0
2014-08-06,7.94,23.7
2014-08-07,7.92,23.8
2014-08-08,8.2,23.7
2014-08-09,8.12,23.8
2014-08-10,8.97,23.8
2014-08-11,8.72,23.5
2014-08-12,8.67,23.2
2014-08-13,8.73,22.8
2014-08-14,8.85,22.3
2014-08-15,8.84,21.7
2014-08-16,8.57,21.2
2014-08-17,9.05,20.9
2014-08-18,8.5,20.4
2014-08-19,8.89,20.1
2014-08-20,9.62,20.1
2014-08-21,9.91,20.0
2014-08-22,9.58,19.8
2014-08-23,9.37,19.6
2014-08-24,9.04,19.3
2014-08-25,9.22,19.1
2014-08-26,9.02,18.7
2014-08-27,8.77,18.3
2014-08-28,9.02,18.6
2014-08-29,9.22,19.0
2014-08-30,8.78,19.3
2014-08-31,8.69,19.4
2014-09-01,8.35,18.9
2014-09-02,8.03,18.7
2014-09-03,7.5,18.4
2014-09-04,7.21,18.3
2014-09-05,6.93,18.4
2014-09-06,6.93,18.8
2014-09-07,7.3,19.3
2014-09-08,7.86,19.8
2014-09-09,8.27,19.7
2014-09-10,8.29,19.3
2014-09-11,8.28,18.9
2014-09-12,8.8,18.4
2014-09-13,7.72,18.0
2014-09-14,7.33,17.9
2014-09-15,7.39,18.0
2014-09-16,7.16,18.1
2014-09-17,6.82,18.5
2014-09-18,6.91,18.8
2014-09-19,6.92,19.0
2014-09-20,6.68,19.1
2014-09-21,6.74,19.1
2014-09-22,6.93,18.6
2014-09-23,7.7,17.9
2014-09-24,8.13,17.1
2014-09-25,8.03,16.6
2014-09-26,7.72,16.4
2014-09-27,7.35,16.7
2014-09-28,7.22,16.8
2014-09-29,7.08,17.0
2014-09-30,7.39,17.2
2014-10-01,7.46,17.3
2014-10-02,7.53,17.3
2014-10-03,7.63,17.2
2014-10-04,7.94,17.0
2014-10-05,8.2,16.8
2014-10-06,8.2,16.3
2014-10-07,8.1,15.9
2014-10-08,7.71,15.7
2014-10-09,7.46,15.7
2014-10-10,7.34,15.7
2014-10-11,7.36,15.8
2014-10-12,7.24,15.7
2014-10-13,7.35,15.6
2014-10-14,7.57,15.6
2014-10-15,7.41,15.5
2014-10-16,7.69,15.6
2014-10-17,7.68,15.6
2014-10-18,8.03,15.4
2014-10-19,8.23,15.5
2014-10-20,7.97,15.7
2014-10-21,7.59,15.3
2014-10-22,7.61,14.7
2014-10-23,8.19,14.0
2014-10-24,8.96,13.5
2014-10-25,9.79,13.3
2014-10-26,10.09,13.1
2014-10-27,9.83,12.7
2014-10-28,9.57,12.3
2014-10-29,9.3,12.0
2014-10-30,9.03,11.9
2014-10-31,8.81,11.9
2014-11-01,8.7,11.9
2014-11-02,8.66,11.9
2014-11-03,8.66,11.9
2014-11-04,8.65,11.9
2014-11-05,8.52,11.8
2014-11-06,8.41,11.6
2014-11-07,8.55,11.1
2014-11-08,8.76,10.8
2014-11-09,8.81,10.5
2014-11-10,8.87,10.3
2014-11-11,8.97,10.2
2014-11-12,8.91,10.1
2014-11-13,8.8,10.2
2014-11-14,8.81,10.3
2014-11-15,8.96,10.2
2014-11-16,8.94,10.2
2014-11-17,8.78,10.2
2014-11-18,9.2,10.1
2014-11-19,9.29,10.0
2014-11-20,9.33,9.8
2014-11-21,9.42,9.4
2014-11-22,9.53,9.0
2014-11-23,10.07,8.7
2014-11-24,10.18,8.5
2014-11-25,10.13,8.2
2014-11-26,10.03,7.9
2014-11-27,10.15,7.8
2014-11-28,10.19,7.6
2014-11-29,10.24,7.3
2014-11-30,10.64,7.1
2014-12-01,10.73,6.8
2014-12-02,10.67,6.5
2014-12-03,10.62,6.2
2014-12-04,10.53,6.1
2014-12-05,10.49,6.0
2014-12-06,10.44,6.1
2014-12-07,10.47,6.0
2014-12-08,10.56,5.8
2014-12-09,10.59,5.7
2014-12-10,10.71,5.4
2014-12-11,10.92,5.3
2014-12-12,11.14,5.4
2014-12-13,11.3,5.7
2014-12-14,11.28,5.8
2014-12-15,11.43,5.9
2014-12-16,11.66,6.1
2014-12-17,12.04,6.1
2014-12-18,12.0,6.3
2014-12-19,11.86,6.9
2014-12-20,11.98,7.0
2014-12-21,12.16,6.8
2014-12-22,12.32,6.9
2014-12-23,12.27,7.1
2014-12-24,12.17,7.0
2014-12-25,11.97,6.9
2014-12-26,11.9,6.7
2014-12-27,12.02,6.2
2014-12-28,11.9,5.4
2014-12-29,12.07,4.5
2014-12-30,12.13,4.0
2014-12-31,12.1,3.9
2015-01-01,12.13,4.0
2015-01-02,12.1,4.0
2015-01-03,12.14,4.0
2015-01-04,12.54,4.0
2015-01-05,13.09,4.0
2015-01-06,13.15,3.7
2015-01-07,13.43,3.4
2015-01-08,13.35,3.6
2015-01-09,12.98,4.2
2015-01-10,12.82,5.4
2015-01-11,12.58,6.2
2015-01-12,12.57,6.0
2015-01-13,12.65,5.8
2015-01-14,12.54,6.1
2015-01-15,12.5,6.1
2015-01-16,12.53,6.1
2015-01-17,12.64,6.1
2015-01-18,12.77,5.8
2015-01-19,12.78,5.7
2015-01-20,12.72,5.6
2015-01-21,12.69,5.3
2015-01-22,12.79,5.1
2015-01-23,12.83,5.0
2015-01-24,12.82,4.9
2015-01-25,12.8,4.7
2015-01-26,12.79,4.8
2015-01-27,12.52,4.7
2015-01-28,12.43,4.7
2015-01-29,12.32,4.7
2015-01-30,12.41,4.7
2015-01-31,12.6,4.6
2015-02-01,12.86,4.5
2015-02-02,12.89,4.5
2015-02-03,12.86,4.4
2015-02-04,12.79,4.1
2015-02-05,12.84,3.8
2015-02-06,12.8,3.5
2015-02-07,12.74,3.1
2015-02-08,12.78,3.0
2015-02-09,12.77,3.0
2015-02-10,12.67,3.2
2015-02-11,12.64,3.5
2015-02-12,12.57,3.6
2015-02-13,12.64,3.7
2015-02-14,12.6,3.7
2015-02-15,12.48,3.7
2015-02-16,12.45,3.7
2015-02-17,12.38,3.8
2015-02-18,12.36,3.9
2015-02-19,12.44,3.8
2015-02-20,12.39,3.9
2015-02-21,12.22,4.2
2015-02-22,12.11,4.2
2015-02-23,12.01,4.1
2015-02-24,11.95,4.2
2015-02-25,12.27,4.5
2015-02-26,12.24,4.8
2015-02-27,12.39,4.9
2015-02-28,12.19,5.1
2015-03-01,12.16,5.3
2015-03-02,12.18,5.5
2015-03-03,12.27,5.7
2015-03-04,12.36,5.9
2015-03-05,12.66,6.0
2015-03-06,12.63,5.9
2015-03-07,12.54,6.0
2015-03-08,12.51,6.0
2015-03-09,12.54,6.2
2015-03-10,12.48,6.5
2015-03-11,12.35,6.5
2015-03-12,12.42,6.6
2015-03-13,12.45,6.7
2015-03-14,12.26,6.5
2015-03-15,12.1,6.4
2015-03-16,12.13,6.5
2015-03-17,12.27,6.8
2015-03-18,12.4,7.2
2015-03-19,12.42,7.7
2015-03-20,12.62,8.0
2015-03-21,12.66,8.0
2015-03-22,12.65,7.8
2015-03-23,12.69,7.9
2015-03-24,12.67,8.0
2015-03-25,12.79,8.2
2015-03-26,12.89,8.3
2015-03-27,12.69,8.2
2015-03-28,12.81,8.4
2015-03-29,12.64,8.8
2015-03-30,12.08,9.1
2015-03-31,11.73,9.1
2015-04-01,11.41,8.8
2015-04-02,11.59,8.4
2015-04-03,11.81,8.3
2015-04-04,11.67,8.4
2015-04-05,11.66,8.2
2015-04-06,11.61,8.3
2015-04-07,11.51,8.3
2015-04-08,11.48,8.4
2015-04-09,11.52,8.9
2015-04-10,11.65,9.5
2015-04-11,11.53,10.0
2015-04-12,11.4,10.5
2015-04-13,11.37,11.0
2015-04-14,11.54,11.3
2015-04-15,11.96,12.2
2015-04-16,12.63,13.0
2015-04-17,13.33,13.2
2015-04-18,14.33,13.1
2015-04-19,15.46,13.1
2015-04-20,16.05,13.4
2015-04-21,17.69,13.8
2015-04-22,18.43,14.1
2015-04-23,18.96,14.3
2015-04-24,18.99,14.5
2015-04-25,18.68,14.7
2015-04-26,17.43,14.7
2015-04-27,15.83,14.9
2015-04-28,14.89,14.9
2015-04-29,15.34,14.7
2015-04-30,16.36,14.9
2015-05-01,15.83,14.9
2015-05-02,16.28,14.8
2015-05-03,16.21,14.9
2015-05-04,15.84,15.3
2015-05-05,15.56,16.1
2015-05-06,15.42,16.5
2015-05-07,15.54,16.6
2015-05-08,15.04,16.6
2015-05-09,14.68,16.9
2015-05-10,14.3,17.1
2015-05-11,14.96,17.5
2015-05-12,15.24,18.0
2015-05-13,15.84,18.3
2015-05-14,15.86,18.6
2015-05-15,15.16,18.7
2015-05-16,14.79,18.6
2015-05-17,14.41,18.6
2015-05-18,14.7,18.8
2015-05-19,14.4,18.8
2015-05-20,14.48,18.5
2015-05-21,14.86,18.3
2015-05-22,14.93,18.2
2015-05-23,14.89,18.2
2015-05-24,14.67,18.3
2015-05-25,14.78,18.5
2015-05-26,16.15,18.2
2015-05-27,15.66,17.7
2015-05-28,14.76,17.4
2015-05-29,14.98,17.5
2015-05-30,15.55,17.5
2015-05-31,16.05,17.5
2015-06-01,15.4,17.6
2015-06-02,14.48,17.7
2015-06-03,14.54,18.1
2015-06-04,15.25,18.6
2015-06-05,16.53,19.8
2015-06-06,16.62,20.9
2015-06-07,15.99,21.5
2015-06-08,14.77,21.4
2015-06-09,13.47,21.0
2015-06-10,12.38,20.3
2015-06-11,12.04,20.3
2015-06-12,11.17,20.8
2015-06-13,10.36,21.3
2015-06-14,10.5,21.8
2015-06-15,11.67,22.0
2015-06-16,12.85,22.1
2015-06-17,12.92,21.8
2015-06-18,12.46,21.5
2015-06-19,10.33,20.6
2015-06-20,9.55,20.1
2015-06-21,8.9,19.8
2015-06-22,8.77,19.5
2015-06-23,8.7,18.9
2015-06-24,9.58,18.7
2015-06-25,10.07,19.1
2015-06-26,10.27,19.6
2015-06-27,10.48,20.1
2015-06-28,10.52,20.4
2015-06-29,11.2,20.8
2015-06-30,11.55,21.4
2015-07-01,12.93,22.2
2015-07-02,13.65,23.1
2015-07-03,13.61,24.1
2015-07-04,14.12,25.0
2015-07-05,12.66,25.7
2015-07-06,10.96,26.0
2015-07-07,7.25,26.1
2015-07-08,6.17,25.7
2015-07-09,5.21,24.8
2015-07-10,4.54,24.1
2015-07-11,4.73,24.2
2015-07-12,4.66,24.1
2015-07-13,4.51,23.8
2015-07-14,4.28,23.5
2015-07-15,3.38,23.6
2015-07-16,3.14,24.0
2015-07-17,3.69,24.6
2015-07-18,4.29,24.9
2015-07-19,4.98,24.9
2015-07-20,4.83,24.8
2015-07-21,4.97,25.0
2015-07-22,5.19,25.3
2015-07-23,6.2,25.3
2015-07-24,6.9,25.3
2015-07-25,6.8,25.0
2015-07-26,6.15,24.2
2015-07-27,6.54,23.7
2015-07-28,7.25,23.2
2015-07-29,7.22,22.4
2015-07-30,7.69,21.9
2015-07-31,8.6,21.9
2015-08-01,8.74,22.0
2015-08-02,9.41,22.3
2015-08-03,9.74,22.8
2015-08-04,9.51,23.1
2015-08-05,9.3,23.3
2015-08-06,9.62,23.7
2015-08-07,9.27,24.3
2015-08-08,8.69,24.9
2015-08-09,8.22,25.0
2015-08-10,7.97,25.4
2015-08-11,7.93,25.5
2015-08-12,7.76,25.7
2015-08-13,7.83,26.0
2015-08-14,7.68,26.2
2015-08-15,7.28,26.1
2015-08-16,6.45,25.5
2015-08-17,5.34,24.3
2015-08-18,4.6,23.5
2015-08-19,4.92,23.2
2015-08-20,5.8,23.1
2015-08-21,7.19,22.7
2015-08-22,7.35,22.6
2015-08-23,8.31,22.6
2015-08-24,9.37,22.6
2015-08-25,10.01,22.0
2015-08-26,10.0,21.7
2015-08-27,9.75,21.8
2015-08-28,9.81,22.0
2015-08-29,10.07,22.1
2015-08-30,9.87,22.5
2015-08-31,10.12,23.1
2015-09-01,9.95,23.3
2015-09-02,9.44,23.0
2015-09-03,9.31,22.6
2015-09-04,9.1,22.0
2015-09-05,9.25,21.2
2015-09-06,9.16,20.4
2015-09-07,8.68,19.7
2015-09-08,8.49,19.3
2015-09-09,8.58,19.1
2015-09-10,9.03,18.9
2015-09-11,9.92,18.8
2015-09-12,10.61,18.7
2015-09-13,11.21,19.0
2015-09-14,10.83,19.0
2015-09-15,10.27,18.6
2015-09-16,9.66,18.0
2015-09-17,8.99,17.6
2015-09-18,8.69,17.4
2015-09-19,8.7,17.3
2015-09-20,9.07,17.2
2015-09-21,9.7,17.1
2015-09-22,9.58,17.0
2015-09-23,9.15,16.8
2015-09-24,9.09,16.7
2015-09-25,9.62,16.8
2015-09-26,9.85,16.8
2015-09-27,10.2,16.6
2015-09-28,10.17,16.3
2015-09-29,10.71,16.2
2015-09-30,11.14,15.9
2015-10-01,11.64,15.6
2015-10-02,11.97,15.4
2015-10-03,12.21,15.5
2015-10-04,12.18,15.4
2015-10-05,11.81,15.3
2015-10-06,11.17,15.3
2015-10-07,10.76,15.5
2015-10-08,9.94,15.5
2015-10-09,9.71,15.4
2015-10-10,8.94,15.2
2015-10-11,8.82,14.8
2015-10-12,8.9,14.2
2015-10-13,9.03,13.9
2015-10-14,8.98,13.5
2015-10-15,8.57,12.8
2015-10-16,8.31,12.4
2015-10-17,8.22,12.1
2015-10-18,8.36,11.9
2015-10-19,8.31,11.9
2015-10-20,8.42,11.8
2015-10-21,8.5,11.8
2015-10-22,8.47,11.6
2015-10-23,8.56,11.7
2015-10-24,8.63,11.5
2015-10-25,8.66,11.4
2015-10-26,8.68,11.4
2015-10-27,8.75,11.3
2015-10-28,8.75,11.2
2015-10-29,8.79,11.2
2015-10-30,8.67,11.1
2015-10-31,8.55,11.0
2015-11-01,8.62,10.8
2015-11-02,8.62,10.7
2015-11-03,8.68,10.4
2015-11-04,8.61,10.2
2015-11-05,8.72,10.2
2015-11-06,8.83,10.4
2015-11-07,8.99,10.8
2015-11-08,8.89,10.9
2015-11-09,8.86,11.1
2015-11-10,8.8,11.3
2015-11-11,8.71,11.3
2015-11-12,8.59,11.3
2015-11-13,8.56,11.0
2015-11-14,8.66,10.7
2015-11-15,8.96,10.5
2015-11-16,8.95,10.3
2015-11-17,9.04,10.3
2015-11-18,9.36,10.6
2015-11-19,9.59,10.6
2015-11-20,9.16,10.7
2015-11-21,9.8,10.2
2015-11-22,10.51,9.5
2015-11-23,11.09,8.8
2015-11-24,11.21,8.3
2015-11-25,10.83,7.9
2015-11-26,10.42,7.8
2015-11-27,10.29,7.5
2015-11-28,10.3,7.1
2015-12-02,11.32,7.6
2015-12-03,11.86,7.4
2015-12-04,12.02,7.2
2015-12-05,12.33,6.9
2015-12-06,12.19,6.8
2015-12-07,11.91,7.0
2015-12-08,11.9,6.9
2015-12-09,11.62,6.9
2015-12-10,11.33,6.8
2015-12-11,10.96,6.5
2015-12-12,10.94,6.6
2015-12-13,10.82,6.7
2015-12-14,10.77,6.7
2015-12-15,10.73,6.7
2015-12-16,10.74,6.5
2015-12-17,11.02,6.7
2015-12-18,11.02,6.9
2015-12-19,10.7,7.1
2015-12-20,10.69,7.1
2015-12-21,10.67,7.2
2015-12-22,10.47,7.5
2015-12-23,10.36,7.6
2015-12-24,10.41,7.5
2015-12-25,10.82,7.7
2015-12-26,10.78,7.7
2015-12-27,10.48,7.5
2015-12-28,10.45,7.2
2015-12-29,10.59,6.8
2015-12-30,10.66,6.5
2015-12-31,10.69,6.2
2016-01-01,10.48,6.3
2016-01-02,10.47,6.3
2016-01-03,10.49,6.1
2016-01-04,10.54,5.8
2016-01-05,10.53,5.7
2016-01-06,10.6,5.5
2016-01-07,10.93,5.3
2016-01-08,11.69,5.0
2016-01-09,12.57,4.7
2016-01-10,12.72,4.6
2016-01-11,12.63,4.7
2016-01-12,12.42,4.8
2016-01-13,12.62,4.8
2016-01-14,12.78,4.9
2016-01-15,12.67,4.9
2016-01-16,12.77,4.7
2016-01-17,12.97,4.4
2016-01-18,12.98,3.9
2016-01-19,12.89,3.4
2016-01-20,12.94,2.9
2016-01-21,12.86,2.8
2016-01-22,12.72,2.3
2016-01-23,12.76,2.2
2016-01-24,12.66,2.5
2016-01-25,12.53,2.8
2016-01-26,12.52,3.1
2016-01-27,12.78,3.5
2016-01-28,12.93,4.1
2016-01-29,12.93,4.3
2016-01-30,12.94,4.4
2016-01-31,12.76,4.6
2016-02-01,12.59,5.2
2016-02-02,12.43,6.1
2016-02-03,12.31,6.5
2016-02-04,12.46,6.3
2016-02-05,12.59,6.1
2016-02-06,12.71,6.1
2016-02-07,12.6,6.0
2016-02-08,12.48,6.1
2016-02-09,12.34,6.1
2016-02-10,12.41,6.0
2016-02-11,12.53,5.8
2016-02-12,12.6,5.7
2016-02-13,12.7,5.4
2016-02-14,12.62,5.5
2016-02-15,12.78,5.6
2016-02-16,12.99,5.5
2016-02-17,13.08,5.3
2016-02-18,12.98,5.2
2016-02-19,12.94,5.0
2016-02-20,13.05,4.8
2016-02-21,12.8,5.5
2016-02-22,12.7,6.3
2016-02-23,12.59,6.5
2016-02-24,12.65,6.3
2016-02-25,12.74,6.0
2016-02-26,12.84,5.8
2016-02-27,12.9,5.6
2016-02-28,12.82,5.3
2016-02-29,12.89,5.1
2016-03-01,12.87,5.0
2016-03-02,12.72,5.2
2016-03-03,12.54,5.2
2016-03-04,12.66,5.1
2016-03-05,12.54,5.4
2016-03-06,12.66,5.5
2016-03-07,12.58,5.6
2016-03-08,12.62,5.6
2016-03-09,12.73,5.5
2016-03-10,12.64,5.7
2016-03-11,12.51,5.9
2016-03-12,12.48,5.8
2016-03-13,12.48,5.8
2016-03-14,12.37,6.1
2016-03-15,12.17,6.1
2016-03-16,12.03,6.0
2016-03-17,12.06,6.2
2016-03-18,12.0,6.4
2016-03-19,11.77,6.6
2016-03-20,11.56,6.5
2016-03-21,11.49,6.6
2016-03-22,11.47,7.0
2016-03-23,11.41,7.3
2016-03-24,11.43,7.5
2016-03-25,11.49,7.6
2016-03-26,11.35,7.9
2016-03-27,11.56,8.3
2016-03-28,11.54,8.2
2016-03-29,11.49,8.3
2016-03-30,11.55,8.6
2016-03-31,11.44,8.7
2016-04-01,11.37,8.9
2016-04-02,11.66,9.2
2016-04-03,11.62,9.6
2016-04-04,11.2,10.4
2016-04-05,10.73,10.9
2016-04-06,10.47,11.3
2016-04-07,10.39,11.6
2016-04-08,10.35,11.5
2016-04-09,10.37,11.5
2016-04-10,10.41,11.7
2016-04-11,10.46,11.9
2016-04-12,10.54,12.1
2016-04-13,10.66,12.1
2016-04-14,10.78,12.2
2016-04-15,10.9,12.5
2016-04-16,10.75,12.6
2016-04-17,10.51,12.6
2016-04-18,10.63,12.4
2016-04-19,10.83,12.3
2016-04-20,10.91,12.3
2016-04-21,10.96,12.6
2016-04-22,11.01,13.0
2016-04-23,10.78,12.8
2016-04-24,10.65,12.1
2016-04-25,10.99,11.7
2016-04-26,11.06,11.3
2016-04-27,11.21,10.6
2016-04-28,11.25,10.2
2016-04-29,11.57,10.5
2016-04-30,11.58,10.6
2016-05-01,11.7,11.1
2016-05-02,11.92,11.9
2016-05-03,12.16,12.5
2016-05-04,12.51,12.9
2016-05-05,13.33,13.5
2016-05-06,14.19,14.3
2016-05-07,15.16,15.0
2016-05-08,16.0,15.8
2016-05-09,16.37,16.3
2016-05-10,16.21,16.7
2016-05-11,15.95,17.1
2016-05-12,14.65,17.2
2016-05-13,12.59,17.2
2016-05-14,10.75,16.9
2016-05-15,10.12,16.3
2016-05-16,9.72,15.8
2016-05-17,10.35,15.6
2016-05-18,11.05,15.6
2016-05-19,12.26,15.9
2016-05-20,13.41,15.9
2016-05-21,14.18,16.4
2016-05-22,14.98,17.1
2016-05-23,14.58,17.4
2016-05-24,12.87,17.1
2016-05-25,10.81,16.5
2016-05-26,10.36,16.6
2016-05-27,10.7,17.4
2016-05-28,10.69,18.2
2016-05-29,10.58,18.5
2016-05-30,8.79,18.2
2016-05-31,8.06,17.9
2016-06-01,7.48,17.7
2016-06-02,7.44,17.8
2016-06-03,7.59,17.8
2016-06-04,7.52,18.1
2016-06-05,7.55,18.4
2016-06-06,7.56,18.9
2016-06-07,7.39,19.9
2016-06-08,7.07,20.6
2016-06-09,7.22,20.7
2016-06-10,6.84,20.5
2016-06-11,6.64,20.7
2016-06-12,6.56,20.3
2016-06-13,6.42,20.0
2016-06-14,6.9,19.7
2016-06-15,7.56,19.6
2016-06-16,7.73,19.1
2016-06-17,7.73,19.0
2016-06-18,7.89,18.9
2016-06-19,8.81,18.6
2016-06-20,9.14,18.2
2016-06-21,8.78,18.5
2016-06-22,8.49,18.8
2016-06-23,7.96,19.7
2016-06-24,7.34,20.8
2016-06-25,6.83,21.6
2016-06-26,6.51,21.4
2016-06-27,6.52,21.3
2016-06-28,6.64,21.0
2016-06-29,6.89,21.1
2016-06-30,6.93,21.1
2016-07-01,7.18,21.0
2016-07-07,15.34,21.3
2016-07-08,15.73,21.3
2016-07-09,15.85,21.8
2016-07-10,14.58,22.4
2016-07-11,14.18,22.9
2016-07-12,13.81,23.0
2016-07-13,13.59,22.7
2016-07-14,13.31,22.2
2016-07-15,13.21,21.5
2016-07-16,13.2,21.1
2016-07-17,11.08,21.4
2016-07-18,10.72,22.0
2016-07-19,12.57,22.7
2016-07-20,13.08,23.2
2016-07-21,12.86,23.6
2016-07-22,12.25,23.5
2016-07-23,10.91,23.6
2016-07-24,9.28,23.6
2016-07-25,7.97,23.9
2016-07-26,7.93,24.1
2016-07-27,7.54,24.3
2016-07-28,7.21,24.2
2016-07-29,7.79,24.0
2016-07-30,7.48,23.9
2016-07-31,7.31,23.8
2016-08-01,6.99,23.5
2016-08-02,7.08,23.2
2016-08-03,6.11,22.5
2016-08-04,5.98,22.2
2016-08-05,6.64,22.1
2016-08-06,7.18,22.2
2016-08-07,8.47,22.2
2016-08-08,9.34,22.3
2016-08-09,8.56,22.2
2016-08-10,7.82,21.8
2016-08-11,8.08,21.3
2016-08-12,8.63,20.9
2016-08-13,8.31,20.9
2016-08-14,8.55,21.3
2016-08-15,9.64,21.8
2016-08-16,10.16,22.1
2016-08-17,9.96,22.3
2016-08-18,10.18,22.3
2016-08-19,10.25,22.3
2016-08-20,10.38,22.1
2016-08-21,9.46,21.7
2016-08-22,8.79,21.3
2016-08-23,9.15,21.3
2016-08-24,10.4,21.7
2016-08-25,10.89,22.2
2016-08-26,10.93,22.7
2016-08-27,11.22,23.2
2016-08-28,10.99,23.6
2016-08-29,9.82,23.6
2016-08-30,8.72,23.5
2016-08-31,8.74,23.4
2016-09-01,8.84,23.4
2016-09-02,9.7,23.3
2016-09-03,10.3,23.2
2016-09-04,9.78,22.9
2016-09-05,8.59,22.3
2016-09-06,7.45,22.0
2016-09-07,7.26,21.9
2016-09-08,7.7,22.1
2016-09-09,8.06,22.2
2016-09-10,8.15,22.3
2016-09-11,7.53,22.5
2016-09-12,7.68,22.7
2016-09-13,8.15,22.9
2016-09-14,8.42,22.9
2016-09-15,8.39,22.8
2016-09-16,8.02,22.5
2016-09-17,7.75,22.0
2016-09-18,7.34,21.4
2016-09-19,7.27,20.4
2016-09-20,6.33,19.9
2016-09-21,6.48,19.7
2016-09-22,6.64,19.4
2016-09-23,7.11,19.3
2016-09-24,7.39,19.1
2016-09-25,7.61,19.0
2016-09-26,7.78,18.9
2016-09-27,7.64,18.8
2016-09-28,8.19,18.6
2016-09-29,8.65,18.6
2016-09-30,8.31,18.5
2016-10-01,7.65,18.2
2016-10-02,7.41,17.9
2016-10-03,7.59,17.5
2016-10-04,7.72,17.0
2016-10-05,7.77,16.5
2016-10-06,7.93,15.9
2016-10-07,8.1,15.4
2016-10-08,7.86,15.1
2016-10-09,7.94,14.7
2016-10-10,7.97,14.4
2016-10-11,8.07,14.0
2016-10-12,8.14,13.7
2016-10-13,8.29,13.2
2016-10-14,8.44,12.8
2016-10-15,8.45,12.6
2016-10-16,8.63,12.6
2016-10-17,8.65,12.5
2016-10-18,8.63,12.6
2016-10-19,8.71,12.5
2016-10-20,8.66,12.3
2016-10-21,8.58,12.0
2016-10-22,8.69,11.6
2016-10-23,8.67,11.4
2016-10-24,8.59,11.4
2016-10-25,8.62,11.6
2016-10-26,8.61,11.7
2016-10-27,8.67,11.7
2016-10-28,8.64,11.6
2016-10-29,8.74,11.6
2016-10-30,8.73,11.5
2016-10-31,8.76,11.4
2016-11-01,8.84,11.2
2016-11-02,8.8,11.0
2016-11-03,8.82,10.8
2016-11-04,8.8,10.5
2016-11-05,8.85,10.3
2016-11-06,8.86,10.0
2016-11-07,9.03,9.7
2016-11-08,8.99,9.3
2016-11-09,8.99,8.9
2016-11-10,9.12,8.5
2016-11-11,9.51,8.3
2016-11-12,9.69,8.1
2016-11-13,9.85,7.6
2016-11-14,10.08,7.1
2016-11-15,10.12,6.6
2016-11-16,10.22,6.7
2016-11-17,10.2,7.0
2016-11-18,10.29,7.2
2016-11-24,10.56,7.1
2016-11-25,10.71,7.1
2016-11-26,10.8,7.1
2016-11-27,10.96,7.1
2016-11-28,10.81,6.8
2016-11-29,11.12,6.3
2016-11-30,11.05,5.8
2016-12-01,11.25,5.5
2016-12-02,11.28,5.5
2016-12-03,11.02,5.3
2016-12-04,11.1,4.8
2016-12-05,10.97,4.5
2016-12-06,10.95,4.1
2016-12-07,11.12,3.9
2016-12-08,11.16,3.8
2016-12-09,11.27,3.6
2016-12-10,11.37,3.6
2016-12-11,11.39,3.9
2016-12-12,11.39,4.2
2016-12-13,11.4,4.3
2016-12-15,11.62,4.6
2016-12-16,11.81,4.6
2016-12-17,12.06,4.6
2016-12-18,12.23,4.5
2016-12-19,12.34,4.6
2016-12-20,12.25,4.4
2016-12-21,12.04,4.2
2016-12-22,11.79,3.9
2016-12-23,11.57,4.0
2016-12-24,11.56,4.2
2016-12-25,11.66,4.5
2016-12-26,11.59,4.8
2016-12-27,11.58,4.8
2016-12-28,11.85,4.8
2016-12-29,12.17,4.6
2016-12-30,12.36,4.2
2016-12-31,12.42,3.8
2017-01-01,12.39,3.4
2017-01-02,12.32,3.2
2017-01-03,12.32,3.2
2017-01-04,12.17,3.2
2017-01-05,12.12,3.1
2017-01-06,12.1,2.6
2017-01-07,12.31,2.0
2017-01-08,12.51,1.6
2017-01-09,12.62,1.7
2017-01-10,12.63,1.7
2017-01-11,12.63,1.8
2017-01-12,12.69,2.0
2017-01-13,12.64,2.2
2017-01-14,12.66,2.3
2017-01-15,12.8,2.2
2017-01-16,12.82,2.0
2017-01-17,12.88,1.7
2017-01-18,12.97,1.5
2017-01-19,13.07,1.1
2017-01-20,13.09,0.9
2017-01-21,13.23,0.6
2017-01-22,13.31,0.5
2017-01-23,13.56,0.4
2017-01-24,13.62,0.3
2017-01-25,13.75,0.3
2017-01-26,13.78,0.3
2017-01-27,13.75,0.4
2017-01-28,13.65,0.4
2017-01-29,13.97,0.5
2017-01-30,13.87,0.6
2017-01-31,13.92,0.9
2017-02-01,13.8,1.1
2017-02-02,13.9,1.3
2017-02-03,13.87,1.5
2017-02-04,13.71,1.5
2017-02-05,13.46,1.7
2017-02-06,13.49,1.8
2017-02-07,13.6,1.7
2017-02-08,13.6,1.7
2017-02-09,13.64,1.9
2017-02-10,13.46,2.1
2017-02-11,13.26,2.2
2017-02-12,13.23,2.5
2017-02-13,13.52,2.7
2017-02-14,13.66,2.7
2017-02-15,13.72,2.8
2017-02-16,13.87,2.9
2017-02-17,13.84,3.2
2017-02-18,13.62,3.6
2017-02-19,13.62,3.7
2017-02-20,13.62,3.9
2017-02-21,13.27,4.4
2017-02-22,12.8,5.1
2017-02-23,12.3,5.7
2017-02-24,12.42,6.0
2017-02-25,12.47,6.0
2017-02-26,12.52,6.2
2017-02-27,12.26,6.5
2017-02-28,11.85,6.7
2017-03-01,11.54,6.7
2017-03-02,11.45,6.9
2017-03-03,11.6,6.9
2017-03-04,11.61,7.0
2017-03-05,11.23,7.1
2017-03-06,10.86,7.2
2017-03-07,10.75,7.2
2017-03-08,10.81,7.1
2017-03-09,10.81,7.2
2017-03-10,11.22,7.8
2017-03-11,11.17,8.9
2017-03-12,11.15,9.2
2017-03-13,11.34,8.7
2017-03-14,11.69,7.6
2017-03-15,11.53,7.8
2017-03-16,11.24,8.0
2017-03-17,11.01,8.3
2017-03-18,10.75,8.3
2017-03-19,10.38,8.7
2017-03-20,10.37,9.1
2017-03-21,10.98,9.0
2017-03-22,11.06,9.1
2017-03-23,11.09,9.1
2017-03-24,11.09,9.4
2017-03-25,11.12,9.4
2017-03-26,10.8,9.5
2017-03-27,10.51,9.8
2017-03-28,10.28,10.2
2017-03-29,10.04,10.7
2017-03-30,10.15,11.3
2017-03-31,10.28,11.8
2017-04-01,10.3,12.2
2017-04-02,10.46,12.5
2017-04-03,10.57,12.8
2017-04-04,10.75,13.0
2017-04-05,10.9,13.2
2017-04-06,10.83,13.1
2017-04-07,10.35,12.7
2017-04-08,10.25,12.6
2017-04-09,10.8,12.7
2017-04-10,11.24,13.1
2017-04-11,11.34,13.3
2017-04-12,11.29,13.3
2017-04-13,12.13,13.3
2017-04-14,13.19,13.3
2017-04-15,13.96,13.3
2017-04-16,13.36,13.0
2017-04-17,12.98,12.6
2017-04-18,12.31,12.2
2017-04-19,12.54,11.8
2017-04-20,12.99,11.7
2017-04-21,13.4,11.7
2017-04-22,13.36,12.0
2017-04-23,13.25,11.8
2017-04-24,14.29,11.7
2017-04-25,14.75,11.9
2017-04-26,15.07,11.9
2017-04-27,15.82,11.8
2017-04-28,16.49,12.0
2017-04-29,16.95,12.3
2017-04-30,17.11,12.5
2017-05-01,16.68,12.7
2017-05-02,15.06,12.3
2017-05-03,12.41,11.9
2017-05-04,10.73,11.7
2017-05-05,10.59,11.8
2017-05-06,10.33,12.1
2017-05-07,9.66,12.6
2017-05-08,9.4,12.7
2017-05-09,9.28,12.9
2017-05-10,9.37,13.3
2017-05-11,9.08,13.9
2017-05-12,9.28,14.3
2017-05-13,9.69,14.8
2017-05-14,10.02,15.6
2017-05-15,9.88,16.0
2017-05-16,9.51,16.1
2017-05-17,11.48,17.8
2017-05-18,11.41,18.2
2017-05-19,11.12,18.5
2017-05-20,9.8,17.9
2017-05-21,9.99,18.0
2017-05-22,11.12,18.4
2017-05-23,11.94,18.8
2017-05-24,12.63,19.1
2017-05-25,13.53,19.2
2017-05-26,15.12,19.7
2017-05-27,16.83,20.4
2017-05-28,17.36,21.1
2017-05-29,16.81,21.9
2017-05-30,16.06,22.4
2017-05-31,16.24,22.5
2017-06-01,15.59,22.7
2017-06-02,16.3,22.9
2017-06-03,16.28,23.3
2017-06-04,14.81,23.3
2017-06-05,13.23,22.7
2017-06-06,10.97,22.2
2017-06-07,9.1,21.0
2017-06-08,8.54,20.8
2017-06-09,9.94,20.9
2017-06-10,10.69,21.0
2017-06-11,11.38,21.4
2017-06-12,11.41,22.1
2017-06-13,10.98,22.2
2017-06-14,10.73,22.5
2017-06-15,11.11,22.8
2017-06-16,11.83,23.1
2017-06-17,11.06,22.5
2017-06-18,10.83,22.6
2017-06-19,11.21,22.9
2017-06-20,11.4,23.6
2017-06-21,13.13,24.3
2017-06-22,12.61,24.7
2017-06-23,11.65,24.8
2017-06-24,10.31,24.7
2017-06-25,8.91,24.4
2017-06-26,7.57,24.4
2017-06-27,6.53,24.4
2017-06-28,6.39,24.1
2017-06-29,6.02,23.8
2017-06-30,6.14,23.1
2017-07-01,7.0,22.5
2017-07-02,7.32,22.0
2017-07-03,7.52,21.9
2017-07-04,8.34,22.2
2017-07-05,9.93,22.8
2017-07-06,11.06,23.3
2017-07-07,11.09,23.9
2017-07-08,11.6,24.4
2017-07-09,11.56,24.6
2017-07-10,10.87,24.9
2017-07-11,10.74,24.7
2017-07-12,9.85,24.0
2017-07-13,9.2,23.1
2017-07-14,9.79,23.2
2017-07-15,8.65,22.7
2017-07-16,8.22,22.5
2017-07-17,7.6,22.6
2017-07-18,8.01,23.1
2017-07-19,9.34,23.7
2017-07-20,9.37,24.0
2017-07-21,10.02,24.1
2017-07-22,9.81,24.3
2017-07-23,8.22,24.0
2017-07-24,7.18,23.5
2017-07-25,6.34,22.5
2017-07-26,6.34,21.4
2017-07-27,6.84,20.8
2017-07-28,7.72,20.9
2017-07-29,8.01,20.6
2017-07-30,7.8,21.0
2017-07-31,7.41,21.3
2017-08-01,6.37,21.6
2017-08-02,6.42,22.1
2017-08-03,6.71,22.4
2017-08-04,6.94,22.5
2017-08-05,,22.7
2017-08-06,,22.7
2017-08-07,8.19,22.6
2017-08-08,7.93,22.3
2017-08-09,7.99,22.2
2017-08-10,7.28,22.0
2017-08-11,6.36,21.2
2017-08-12,6.15,20.2
2017-08-13,6.6,20.2
2017-08-14,7.01,20.6
2017-08-15,6.85,21.1
2017-08-16,6.9,21.5
2017-08-17,7.21,21.8
2017-08-18,7.42,22.0
2017-08-19,7.43,21.9
2017-08-20,7.78,21.7
2017-08-21,8.52,21.4
2017-08-22,8.8,21.3
2017-08-23,9.3,21.4
2017-08-24,9.14,21.6
2017-08-25,9.09,21.8
2017-08-26,8.71,22.0
2017-08-27,8.96,22.2
2017-08-28,9.07,22.3
2017-08-29,9.59,22.5
2017-08-30,9.8,22.8
2017-08-31,10.18,22.8
2017-09-01,9.81,22.2
2017-09-02,9.66,21.7
2017-09-03,9.2,21.3
2017-09-04,8.67,20.8
2017-09-05,8.86,20.9
2017-09-06,8.99,21.0
2017-09-07,8.32,20.6
2017-09-08,7.86,20.1
2017-09-09,7.54,19.6
2017-09-10,7.43,19.2
2017-09-11,7.66,18.9
2017-09-12,7.56,18.5
2017-09-13,7.67,18.0
2017-09-14,7.78,17.3
2017-09-15,7.95,16.5
2017-09-16,8.19,16.1
2017-09-17,8.62,15.9
2017-09-18,8.56,15.6
2017-09-19,8.22,15.4
2017-09-20,8.22,15.3
2017-09-21,8.47,15.1
2017-09-22,8.52,15.3
2017-09-23,8.31,15.5
2017-09-24,8.24,15.5
2017-09-25,8.21,15.6
2017-09-26,8.07,15.6
2017-09-27,7.96,15.8
2017-09-28,7.91,16.0
2017-09-29,7.83,16.1
2017-09-30,7.88,16.4
2017-10-01,7.87,16.3
2017-10-02,7.93,16.1
2017-10-03,8.19,15.7
2017-10-04,8.46,15.4
2017-10-05,8.44,14.9
2017-10-06,8.34,14.5
2017-10-07,8.44,14.0
2017-10-08,8.45,13.9
2017-10-09,8.42,13.8
2017-10-10,8.52,13.7
2017-10-11,8.51,13.8
2017-10-12,8.52,13.8
2017-10-13,8.59,13.8
2017-10-14,9.03,13.9
2017-10-15,8.93,14.1
2017-10-16,8.54,14.2
2017-10-17,8.32,14.3
2017-10-18,8.21,14.3
2017-10-19,8.13,14.1
2017-10-20,8.13,14.1
2017-10-21,8.01,13.9
2017-10-22,8.08,13.5
2017-10-23,8.16,13.2
2017-10-24,8.2,13.1
2017-10-25,8.66,13.2
2017-10-26,8.85,13.3
2017-10-27,9.0,13.2
2017-10-28,9.01,12.8
2017-10-29,9.03,12.5
2017-10-30,8.93,12.0
2017-10-31,9.3,11.5
2017-11-01,9.98,11.4
2017-11-02,10.52,11.2
2017-11-03,10.41,11.0
2017-11-04,10.01,10.8
2017-11-05,9.85,10.7
2017-11-06,9.65,10.3
2017-11-07,9.85,9.8
2017-11-08,10.3,9.7
2017-11-09,10.33,9.7
2017-11-10,10.31,9.6
2017-11-11,10.36,9.1
2017-11-12,10.55,8.8
2017-11-13,10.75,8.5
2017-11-14,11.11,8.1
2017-11-15,11.2,8.2
2017-11-16,,8.2
2018-01-09,12.05,6.6
2018-01-10,12.48,6.6
2018-01-11,12.87,6.6
2018-01-12,12.99,6.6
2018-01-13,13.01,6.6
2018-01-14,13.15,6.4
2018-01-15,13.02,6.3
2018-01-16,12.87,6.6
2018-01-17,12.81,6.5
2018-01-18,13.09,5.8
2018-01-19,13.41,5.5
2018-01-20,13.52,5.2
2018-01-21,13.65,5.0
2018-01-22,13.76,4.8
2018-01-23,13.77,4.9
2018-01-24,13.77,5.3
2018-01-25,13.46,5.7
2018-01-26,13.43,6.0
2018-01-27,13.53,6.2
2018-01-28,13.49,6.4
2018-01-29,13.27,6.6
2018-01-30,13.07,6.8
2018-01-31,12.93,6.8
2018-02-01,12.76,6.9
2018-02-02,12.95,6.6
2018-02-03,13.08,6.4
2018-02-04,13.13,6.1
2018-02-05,13.15,5.6
2018-02-06,13.14,5.2
2018-02-07,13.3,4.8
2018-02-08,13.7,4.4
2018-02-09,13.81,4.0
2018-02-10,13.89,4.0
2018-02-11,13.84,3.9
2018-02-12,13.68,4.0
2018-02-13,13.71,3.9
2018-02-14,13.73,3.8
2018-02-15,13.72,3.7
2018-02-16,13.57,3.9
2018-02-17,13.47,4.0
2018-02-18,13.46,4.0
2018-02-19,13.41,4.1
2018-02-20,13.35,4.2
2018-02-21,13.36,4.1
2018-02-22,12.87,4.1
2018-02-23,12.56,3.7
2018-02-24,12.67,3.3
2018-02-25,12.81,2.9
2018-02-26,12.93,2.4
2018-02-27,12.96,1.9
2018-02-28,13.06,1.5
2018-03-01,13.16,1.2
2018-03-02,13.13,1.1
2018-03-03,13.15,1.2
2018-03-04,13.1,1.8
2018-03-05,12.96,2.5
2018-03-06,12.78,3.0
2018-03-07,12.69,3.4
2018-03-08,12.6,3.9
2018-03-09,12.45,4.3
2018-03-10,12.24,5.0
2018-03-11,12.14,5.5
2018-03-12,12.16,6.1
2018-03-13,12.11,6.5
2018-03-14,12.18,6.9
2018-03-15,12.29,7.0
2018-03-16,12.19,7.1
2018-03-17,12.03,7.1
2018-03-18,12.2,6.3
2018-03-19,12.48,5.8
2018-03-20,12.51,5.4
2018-03-21,12.74,5.1
2018-03-22,12.75,5.0
2018-03-23,12.53,5.0
2018-03-24,12.57,5.3
2018-03-25,12.53,5.9
2018-03-26,12.5,6.2
2018-03-27,12.41,6.3
2018-03-28,12.23,6.7
2018-03-29,11.99,7.1
2018-03-30,11.97,7.3
2018-03-31,12.07,7.8
2018-04-01,11.98,8.1
2018-04-02,,15.6
2018-04-03,11.64,9.4
2018-04-04,11.48,9.7
2018-04-05,11.2,10.1
2018-04-06,11.18,10.2
2018-04-07,11.18,10.7
2018-04-08,11.14,11.4
2018-04-09,11.1,11.8
2018-04-10,11.09,12.0
2018-04-11,11.03,12.4
2018-04-12,11.21,13.0
2018-04-13,10.76,13.0
2018-04-14,10.18,12.6
2018-04-15,10.18,13.1
2018-04-16,9.99,13.6
2018-04-17,9.53,13.8
2018-04-18,9.37,14.4
2018-04-19,9.86,15.0
2018-04-20,10.59,15.6
2018-04-21,11.33,16.1
2018-04-22,11.89,16.7
2018-04-23,12.08,17.1
2018-04-24,11.37,17.0
2018-04-25,9.74,16.6
2018-04-26,10.13,16.1
2018-04-27,11.12,16.0
2018-04-28,12.16,16.2
2018-04-29,13.09,16.3
2018-04-30,13.03,16.6
2018-05-01,12.77,16.2
2018-05-02,13.46,15.8
2018-05-03,14.56,15.7
2018-05-04,15.28,15.9
2018-05-05,16.39,16.5
2018-05-06,16.76,17.1
2018-05-07,17.58,17.5
2018-05-08,18.12,18.0
2018-05-09,18.13,18.5
2018-05-10,17.82,18.9
2018-05-11,16.72,18.8
2018-05-12,16.07,18.7
2018-05-13,15.11,19.2
2018-05-14,13.43,19.3
2018-05-15,11.08,19.3
2018-05-16,10.87,19.2
2018-05-17,10.77,18.9
2018-05-18,9.97,18.5
2018-05-19,8.99,18.7
2018-05-20,8.13,18.8
2018-05-21,8.44,19.2
2018-05-22,8.56,19.6
2018-05-23,8.69,19.8
2018-05-24,8.92,19.8
2018-05-25,9.99,19.9
2018-05-26,11.57,20.4
2018-05-27,12.93,21.2
2018-05-28,13.23,21.9
2018-05-29,11.62,22.3
2018-05-30,10.37,22.6
2018-05-31,8.21,23.0
2018-06-01,6.62,23.3
2018-06-02,6.84,23.1
2018-06-03,7.83,23.4
2018-06-04,9.03,23.9
2018-06-05,9.66,24.3
2018-06-06,8.72,24.5
2018-06-07,8.15,24.5
2018-06-08,8.24,24.5
2018-06-09,8.74,24.6
2018-06-10,8.61,24.6
2018-06-11,8.38,24.7
2018-06-12,7.31,23.8
2018-06-13,6.54,22.6
2018-06-14,7.17,22.1
2018-06-15,7.06,22.0
2018-06-16,6.63,22.3
2018-06-17,6.21,22.5
2018-06-18,5.88,22.5
2018-06-19,6.22,22.6
2018-06-20,6.8,22.9
2018-06-21,7.13,23.1
2018-06-22,7.04,22.2
2018-06-23,7.23,21.4
2018-06-24,8.17,21.0
2018-06-25,9.11,21.1
2018-06-26,9.44,21.4
2018-06-27,10.48,21.6
2018-06-28,10.48,22.0
2018-06-29,9.74,22.3
2018-06-30,8.62,22.7
2018-07-01,8.46,22.7
2018-07-02,8.76,22.6
2018-07-03,9.41,22.8
2018-07-04,10.27,23.2
2018-07-05,10.32,23.4
2018-07-06,9.71,23.6
2018-07-07,10.43,23.7
2018-07-08,10.03,23.6
2018-07-09,10.12,23.8
2018-07-10,8.92,23.5
2018-07-11,8.05,23.0
2018-07-12,6.86,22.6
2018-07-13,7.07,23.0
2018-07-14,6.9,23.5
2018-07-15,6.99,24.0
2018-07-16,7.14,24.3
2018-07-17,7.15,24.3
2018-07-18,7.2,24.4
2018-07-19,7.4,24.4
2018-07-20,7.51,24.5
2018-07-21,6.71,24.4
2018-07-22,6.19,24.2
2018-07-23,5.22,24.3
2018-07-24,4.71,24.7
2018-07-25,4.5,25.1
2018-07-26,4.65,25.5
2018-07-27,5.81,25.8
2018-07-28,6.14,25.8
2018-07-29,6.73,25.7
2018-07-30,6.7,25.9
2018-07-31,6.95,26.2
2018-08-01,6.65,26.3
2018-08-02,6.68,26.5
2018-08-03,6.78,26.8
2018-08-04,6.84,27.1
2018-08-05,6.77,27.2
2018-08-06,6.58,27.1
2018-08-07,6.37,27.1
2018-08-08,6.33,26.9
2018-08-09,6.6,26.8
2018-08-10,6.46,26.1
2018-08-11,6.12,25.6
2018-08-12,6.7,25.2
2018-08-13,6.37,24.7
2018-08-14,6.13,24.2
2018-08-15,5.43,23.7
2018-08-16,5.39,23.4
2018-08-17,5.79,23.7
2018-08-18,7.12,24.0
2018-08-19,8.06,24.1
2018-08-20,9.07,24.1
2018-08-21,9.97,24.2
2018-08-22,10.49,24.5
2018-08-23,10.09,24.7
2018-08-24,8.94,24.6
2018-08-25,8.19,23.7
2018-08-26,7.47,22.8
2018-08-27,7.02,21.9
2018-08-28,6.73,21.6
2018-08-29,6.75,21.7
2018-08-30,6.96,21.7
2018-08-31,7.2,21.5
2018-09-01,7.01,21.1
2018-09-02,6.94,20.8
2018-09-03,7.26,20.6
2018-09-04,7.93,20.6
2018-09-05,8.69,21.0
2018-09-06,9.04,21.2
2018-09-07,9.54,21.1
2018-09-08,9.22,20.8
2018-09-09,9.12,20.6
2018-09-10,9.81,20.5
2018-09-11,9.98,20.5
2018-09-12,10.13,20.6
2018-09-13,9.55,20.6
2018-09-14,8.63,20.5
2018-09-15,7.88,20.4
2018-09-16,7.82,20.3
2018-09-17,7.79,20.2
2018-09-18,8.46,20.3
2018-09-19,8.79,20.4
2018-09-20,8.69,20.6
2018-09-21,8.93,20.5
2018-09-22,8.3,19.9
2018-09-23,7.75,19.4
2018-09-24,7.64,18.5
2018-09-25,7.81,17.9
2018-09-26,7.95,17.3
2018-09-27,7.9,17.1
2018-09-28,8.5,16.9
2018-09-29,9.11,16.7
2018-09-30,9.68,16.4
2018-10-01,10.12,16.1
2018-10-02,10.46,15.5
2018-10-03,10.39,15.1
2018-10-04,10.35,14.9
2018-10-05,10.76,14.9
2018-10-06,11.71,14.9
2018-10-07,12.21,15.1
2018-10-08,12.45,15.1
2018-10-09,12.21,15.2
2018-10-10,11.91,15.3
2018-10-11,11.36,15.2
2019-05-24,8.8,15.9
2019-05-25,8.57,16.3
2019-05-26,8.24,16.5
2019-05-27,7.8,16.7
2019-05-28,7.42,16.5
2019-05-29,7.15,16.7
2019-05-30,7.01,16.7
2019-05-31,6.97,16.9
2019-06-01,6.92,17.4
2019-06-02,6.69,18.0
2019-06-03,6.32,19.1
2019-06-04,6.2,19.9
2019-06-05,6.46,20.7
2019-06-06,6.54,20.9
2019-06-07,6.49,20.7
2019-06-08,6.6,20.6
2019-06-09,6.68,20.6
2019-06-10,6.64,20.8
2019-06-11,6.72,20.9
2019-06-12,6.72,20.8
2019-06-13,6.74,20.6
2019-06-14,6.57,20.7
2019-06-15,6.35,20.9
2019-06-16,6.37,21.0
2019-06-17,6.47,21.3
2019-06-18,6.84,21.8
2019-06-19,7.01,22.8
2019-06-20,7.0,23.1
2019-06-21,7.2,23.0
2019-06-22,7.51,22.9
2019-06-23,7.87,23.2
2019-06-24,8.28,23.6
2019-06-25,9.0,24.2
2019-06-26,7.48,25.0
2019-06-27,6.16,25.8
2019-06-28,5.61,25.9
2019-06-29,5.84,26.1
2019-06-30,6.55,26.3
2019-07-01,7.24,26.5
2019-07-02,7.76,26.5
2019-07-03,7.65,26.2
2019-07-04,7.22,25.8
2019-07-05,6.96,25.6
2019-07-06,6.22,25.5
2019-07-07,5.05,25.0
2019-07-08,4.78,24.5
2019-07-09,5.28,23.9
2019-07-10,5.75,23.4
2019-07-11,5.93,23.0
2019-07-12,5.15,22.5
2019-07-13,5.02,22.2
2019-07-14,5.92,21.9
2019-07-15,6.13,21.8
2019-07-16,6.12,21.9
2019-07-17,5.62,22.4
2019-07-18,5.57,22.7
2019-07-19,6.0,23.0
2019-07-20,7.02,23.2
2019-07-21,7.36,23.5
2019-07-22,7.34,23.9
2019-07-23,8.53,24.4
2019-07-24,9.61,25.0
2019-07-25,10.07,25.7
2019-07-26,9.63,26.3
2019-07-27,8.59,26.4
2019-07-28,7.38,26.0
2019-07-29,6.71,25.4
2019-07-30,6.14,25.1
2019-07-31,5.53,24.9
2019-08-01,5.38,24.8
2019-08-02,6.59,24.8
2019-08-03,6.46,24.5
2019-08-04,6.91,24.4
2019-08-05,6.43,24.4
2019-08-06,6.37,24.3
2019-08-07,5.82,24.0
2019-08-08,6.83,23.7
2019-08-09,6.93,23.6
2019-08-10,6.51,23.6
2019-08-11,6.88,23.5
2019-08-12,7.42,23.2
2019-08-13,7.92,23.0
2019-08-14,8.29,22.9
2019-08-15,8.43,22.5
2019-08-16,8.58,22.4
2019-08-17,8.55,22.1
2019-08-18,8.65,22.1
2019-08-19,8.51,22.3
2019-08-20,8.7,22.2
2019-08-21,8.65,22.1
2019-08-22,8.37,22.1
2019-08-23,9.16,22.2
2019-08-24,8.95,22.4
2019-08-25,9.1,22.9
2019-08-26,8.91,23.3
2019-08-27,9.02,23.8
2019-08-28,9.0,24.1
2019-08-29,8.23,24.2
2019-08-30,7.61,24.4
2019-08-31,7.26,24.4
2019-09-01,7.05,24.3
2019-09-02,6.5,23.9
2019-09-03,6.33,23.4
2019-09-04,6.61,23.1
2019-09-05,6.26,22.6
2019-09-06,6.27,22.0
2019-09-07,6.11,21.5
2019-09-08,5.89,20.9
2019-09-09,5.9,20.1
2019-09-10,5.87,19.7
2019-09-11,6.23,19.5
2019-09-12,6.24,19.6
2019-09-13,6.22,19.7
2019-09-14,6.16,19.7
2019-09-15,6.3,19.8
2019-09-16,6.24,19.9
2019-09-17,6.42,19.7
2019-09-18,6.65,19.3
2019-09-19,6.9,19.0
2019-09-20,7.13,18.6
2019-09-21,7.42,18.3
2019-09-22,7.48,18.2
2019-09-23,7.49,18.1
2019-09-24,7.51,18.0
2019-09-25,7.77,17.9
2019-09-26,7.89,17.8
2019-09-27,8.03,17.7
2019-09-28,8.4,17.4
2019-09-29,8.49,17.3
2019-09-30,8.4,17.1
2019-10-01,8.23,16.9
2019-10-02,8.14,16.7
2019-10-03,8.21,16.2
2019-10-04,8.01,15.8
2019-10-05,7.93,15.4
2019-10-06,7.78,14.9
2019-10-07,7.69,14.5
2019-10-08,7.46,14.2
2019-10-09,7.25,14.1
2019-10-10,7.52,14.1
2019-10-11,7.93,13.9
2019-10-12,8.02,13.9
2019-10-13,8.12,14.2
2019-10-14,8.15,14.6
2019-10-15,8.75,14.8
2019-10-16,8.74,14.8
2019-10-17,8.2,14.8
2019-10-18,8.07,14.8
2019-10-19,7.7,14.7
2019-10-20,7.93,14.7
2019-10-21,8.11,14.7
2019-10-22,7.99,14.7
2019-10-23,7.81,14.7
2019-10-24,7.73,14.6
2019-10-25,7.72,14.6
2019-10-26,7.7,14.6
2019-10-27,7.51,14.5
2019-10-28,7.63,14.1
2019-10-29,7.82,13.4
2019-10-30,7.82,12.9
2019-10-31,7.91,12.4
2019-11-01,7.86,11.7
2019-11-02,7.91,11.6
2019-11-03,7.98,11.8
2019-11-04,8.12,11.8
2019-11-05,8.37,11.7
2019-11-06,8.72,11.4
2019-11-07,8.78,11.1
2019-11-08,9.24,10.7
2019-11-09,9.33,10.4
2019-11-10,9.18,10.1
2019-11-11,9.7,9.7
2019-11-12,9.96,9.2
2019-11-13,10.09,8.9
2019-11-14,10.43,8.7
2019-11-15,10.59,8.4
2019-11-16,10.43,8.3
2019-11-17,10.47,8.0
2019-11-18,10.39,7.9
2019-11-19,10.49,7.7
2019-11-20,10.72,7.6
2019-11-21,11.01,7.4
2019-11-22,11.11,7.3
2019-11-23,11.1,7.2
2019-11-24,10.95,7.2
2019-11-25,10.76,7.1
2019-11-26,10.82,7.2
2019-11-27,10.84,7.4
2019-11-28,10.6,7.8
2019-11-29,10.12,8.0
2019-11-30,10.37,7.8
2019-12-01,10.96,7.2
2019-12-02,11.4,6.6
2019-12-03,11.73,6.5
2019-12-04,11.65,6.3
2019-12-05,11.39,6.0
2019-12-06,11.15,5.7
2019-12-07,11.04,5.8
2019-12-08,11.02,6.0
2019-12-09,11.09,6.2
2019-12-10,11.5,6.2
2019-12-11,12.06,5.9
2019-12-12,12.12,5.6
2019-12-13,12.22,5.2
2019-12-14,12.37,5.2
2019-12-15,12.89,5.5
2019-12-16,13.45,5.8
2019-12-17,13.56,5.9
2019-12-18,13.49,6.2
2019-12-19,13.48,6.1
2019-12-20,12.77,5.9
2019-12-21,12.29,5.9
2019-12-22,12.11,6.0
2019-12-23,11.67,6.2
2019-12-24,11.41,6.2
2019-12-25,11.66,6.3
2019-12-26,11.62,6.3
2019-12-27,11.63,6.3
2019-12-28,11.93,6.0
2019-12-29,11.78,5.5
2019-12-30,11.76,5.0
2019-12-31,11.78,4.6
2020-01-01,11.74,4.2
2020-01-02,11.81,3.9
2020-01-03,11.82,4.0
2020-01-04,11.82,4.3
2020-01-05,11.8,4.5
2020-01-06,11.8,4.6
2020-01-07,12.01,4.6
2020-01-08,11.98,4.5
2020-01-09,11.68,4.8
2020-01-10,11.6,5.2
2020-01-11,11.66,5.3
2020-01-12,11.79,5.0
2020-01-13,12.18,4.8
2020-01-14,11.93,4.9
2020-01-15,11.8,5.1
2020-01-16,11.8,5.1
2020-01-17,11.79,5.2
2020-01-18,11.52,5.2
2020-01-19,11.44,5.1
2020-01-20,11.47,5.0
2020-01-21,11.39,4.7
2020-01-22,11.33,4.3
2020-01-23,11.43,4.2
2020-01-24,11.51,4.2
2020-01-25,11.5,4.2
2020-01-26,11.49,4.2
2020-01-27,11.55,4.3
2020-01-28,11.58,4.4
2020-01-29,11.51,4.4
2020-01-30,11.52,4.5
2020-01-31,11.81,5.0
2020-02-01,11.78,5.7
2020-02-02,11.52,6.2
2020-02-03,12.06,6.7
2020-02-04,12.54,7.0
2020-02-05,13.12,6.7
2020-02-06,13.23,6.3
2020-02-07,13.28,6.1
2020-02-08,13.29,5.9
2020-02-09,13.21,5.8
2020-02-10,12.8,6.1
2020-02-11,12.64,6.1
2020-02-12,12.82,5.8
2020-02-13,13.03,5.6
2020-02-14,12.93,5.6
2020-02-15,12.92,5.7
2020-02-16,12.81,6.0
2020-02-17,12.7,6.5
2020-02-18,12.6,6.5
2020-02-19,12.45,6.5
2020-02-20,12.35,6.6
2020-02-21,12.26,6.6
2020-02-22,12.2,6.6
2020-02-23,12.03,6.9
2020-02-24,11.82,7.3
2020-02-25,11.64,7.7
2020-02-26,11.57,7.5
2020-02-27,11.98,7.0
2020-02-28,12.21,6.6
2020-02-29,12.31,6.7
2020-03-01,12.3,6.9
2020-03-02,12.16,7.1
2020-03-03,12.22,7.2
2020-03-04,12.35,7.0
2020-03-05,12.23,6.9
2020-03-06,12.04,7.0
2020-03-07,12.34,7.0
2020-03-08,12.5,7.1
2020-03-09,12.44,7.4
2020-03-10,12.38,7.3
2020-03-11,12.27,7.7
2020-03-12,12.13,8.4
2020-03-13,12.13,8.4
2020-03-14,12.4,8.2
2020-03-15,12.46,8.2
2020-03-16,12.29,8.5
2020-03-17,12.11,8.9
2020-03-18,12.01,9.2
2020-03-19,11.98,9.4
2020-03-20,11.75,9.9
2020-03-21,11.64,10.0
2020-03-22,11.51,9.4
2020-03-23,11.62,8.9
2020-03-24,11.61,8.7
2020-03-25,11.61,8.4
2020-03-26,11.56,8.2
2020-03-27,11.54,8.3
2020-03-28,11.51,8.8
2020-03-29,11.46,8.8
2020-03-30,11.47,8.5
2020-03-31,11.54,8.8
2020-04-01,11.63,8.9
2020-04-02,11.84,9.0
2020-04-03,12.13,9.0
2020-04-04,12.19,9.1
2020-04-05,12.65,9.6
2020-04-06,12.54,10.1
2020-04-07,12.88,10.6
2020-04-08,13.34,11.3
2020-04-09,13.47,11.9
2020-04-10,13.55,12.6
2020-04-11,13.61,13.2
2020-04-12,13.13,13.7
2020-04-13,12.33,13.7
2020-04-14,11.44,13.0
2020-04-15,11.44,12.8
2020-04-16,11.42,13.0
2020-04-17,11.34,13.5
2020-04-18,11.04,14.1
2020-04-19,10.8,14.5
2020-04-20,10.51,14.5
2020-04-21,10.2,14.4
2020-04-22,10.27,14.6
2020-04-23,10.67,15.1
2020-04-24,10.26,15.5
2020-04-25,10.6,15.8
2020-04-26,10.64,16.1
2020-04-27,10.7,16.3
2020-04-28,10.7,16.3
2020-04-29,10.53,16.2
2020-04-30,10.14,16.0
2020-05-01,9.57,15.7
2020-05-02,9.01,15.2
2020-05-03,8.96,15.1
2020-05-04,8.94,15.3
2020-05-05,8.83,15.3
2020-05-06,9.24,15.5
2020-05-07,9.69,15.9
2020-05-08,9.64,16.5
2020-05-09,9.99,16.7
2020-05-10,9.78,16.8
2020-05-11,9.05,16.5
2020-05-12,8.42,15.2
2020-05-13,8.29,15.5
2020-05-14,8.07,15.7
2020-05-15,8.12,15.7
2020-05-16,8.01,16.0
2020-05-17,7.88,16.5
2020-05-18,7.72,16.9
2020-05-19,7.9,17.5
2020-05-20,8.02,18.1
2020-05-21,8.01,18.8
2020-05-22,8.09,19.3
2020-05-23,8.08,19.2
2020-05-24,8.01,18.5
2020-05-25,7.87,18.2
2020-05-26,7.9,18.3
2020-05-27,7.78,18.6
2020-05-28,7.73,19.0
2020-05-29,7.75,19.3
2020-05-30,7.79,19.3
2020-05-31,7.89,19.4
2020-06-01,7.59,19.7
2020-06-02,7.47,20.2
2020-06-03,7.32,20.9
2020-06-04,6.91,20.9
2020-06-05,6.61,20.1
2020-06-06,5.97,19.2
2020-06-07,6.3,19.0
2020-06-08,6.44,19.0
2020-06-09,6.3,18.9
2020-06-10,6.21,18.6
2020-06-11,6.36,18.6
2020-06-12,6.56,18.8
2020-06-13,6.58,19.6
2020-06-14,6.21,20.1
2020-06-15,5.48,19.8
2020-06-16,5.95,19.6
2020-06-17,6.94,19.5
2020-06-18,7.24,19.9
2020-06-19,7.24,20.1
2020-06-20,6.83,20.2
2020-06-21,6.6,20.7
2020-06-22,6.53,21.2
2020-06-23,6.36,21.6
2020-06-24,6.22,22.1
2020-06-25,6.12,22.5
2020-06-26,6.0,22.9
2020-06-27,5.78,23.3
2020-06-28,5.81,23.3
2020-06-29,5.8,23.0
2020-06-30,5.48,22.4
2020-07-01,6.12,22.5
2020-07-02,6.17,22.7
2020-07-03,6.15,23.0
2020-07-04,6.04,23.1
2020-07-05,7.13,22.9
2020-07-06,7.35,22.5
2020-07-07,7.52,22.3
2020-07-08,7.65,22.1
2020-07-09,7.26,22.1
2020-07-10,6.97,22.1
2020-07-11,7.06,22.2
2020-07-12,7.65,22.3
2020-07-13,6.79,22.4
2020-07-14,6.55,22.6
2020-07-15,6.52,22.5
2020-07-16,6.31,22.1
2020-07-17,6.82,21.8
2020-07-18,7.08,22.0
2020-07-19,7.19,22.3
2020-07-20,7.4,22.6
2020-07-21,7.42,22.8
2020-07-22,7.18,23.0
2020-07-23,7.36,23.1
2020-07-24,7.8,23.3
2020-07-25,7.79,23.4
2020-07-26,7.44,23.5
2020-07-27,7.23,23.4
2020-07-28,6.86,23.3
2020-07-29,7.35,23.4
2020-07-30,7.32,23.6
2020-07-31,7.19,23.9
2020-08-01,7.05,24.3
2020-08-02,6.98,24.3
2020-08-03,6.79,24.0
2020-08-04,6.61,23.7
2020-08-05,6.46,23.6
2020-08-06,6.17,23.7
2020-08-07,6.23,24.1
2020-08-08,5.77,24.5
2020-08-09,6.07,25.0
2020-08-10,6.32,25.4
2020-08-11,6.55,25.7
2020-08-12,6.41,25.9
2020-08-13,6.2,25.8
2020-08-14,5.78,25.3
2020-08-15,5.65,24.9
2020-08-16,5.35,24.9
2020-08-17,5.43,24.9
2020-08-18,5.79,24.7
2020-08-19,5.85,24.7
2020-08-20,6.1,24.9
2020-08-21,5.98,25.1
2020-08-22,5.9,25.2
2020-08-23,6.78,24.9
2020-08-24,6.76,24.2
2020-08-25,6.95,23.6
2020-08-26,6.49,22.8
2020-08-27,6.57,22.2
2020-08-28,6.89,21.8
2020-08-29,7.44,21.6
2020-08-30,7.62,21.4
2020-08-31,7.63,20.9
2020-09-01,7.28,20.7
2020-09-02,7.34,20.7
2020-09-03,8.25,20.4
2020-09-04,9.15,20.6
2020-09-05,9.68,20.5
2020-09-06,9.19,20.4
2020-09-07,9.17,20.2
2020-09-08,9.22,20.1
2020-09-09,9.23,20.1
2020-09-10,8.92,20.3
2020-09-11,8.87,20.4
2020-09-12,8.79,20.5
2020-09-13,8.52,20.7
2020-09-14,8.48,20.8
2020-09-15,8.24,21.1
2020-09-16,8.18,21.3
2020-09-17,8.23,21.2
2020-09-18,8.53,20.9
2020-09-19,8.54,20.4
2020-09-20,8.27,19.9
2020-09-21,8.06,19.7
2020-09-22,8.13,19.8
2020-09-23,8.35,19.7
2020-09-24,8.24,19.5
2020-09-25,7.95,19.0
2020-09-26,7.5,18.0
2020-09-27,7.37,17.2
2020-09-28,7.28,16.7
2020-09-29,7.41,16.4
2020-09-30,7.39,16.2
2020-10-01,7.24,16.2
2020-10-02,7.27,16.3
2020-10-03,7.38,16.3
2020-10-04,7.49,15.9
2020-10-05,7.59,15.6
2020-10-06,7.62,15.3
2020-10-07,7.59,15.1
2020-10-08,7.68,15.0
2020-10-09,7.53,15.0
2020-10-10,7.46,15.0
2020-10-11,7.56,14.7
2020-10-12,7.87,14.5
2020-10-13,8.12,14.1
2020-10-14,8.19,13.6
2020-10-15,9.08,13.2
2020-10-16,9.17,12.9
2020-10-17,9.01,12.8
2020-10-18,8.61,12.5
2020-10-19,8.31,12.4
2020-10-20,8.41,12.2
2020-10-21,8.79,12.3
2020-10-22,9.02,12.3
2020-10-23,8.76,12.5
2020-10-24,8.46,12.5
2020-10-25,8.59,12.5
2020-10-26,8.41,12.5
2020-10-27,8.38,12.1
2020-10-28,8.58,11.9
2020-10-29,8.65,11.9
2020-10-30,8.62,12.0
2020-10-31,8.97,12.1
2020-11-01,9.06,12.2
2020-11-02,8.95,12.5
2020-11-03,8.54,12.8
2020-11-04,8.73,12.5
2020-11-05,8.94,12.0
2020-11-06,9.18,11.4
2020-11-07,9.2,10.9
2020-11-08,9.43,10.6
2020-11-09,9.53,10.3
2020-11-10,9.68,10.0
2020-11-11,9.76,9.8
2020-11-12,9.81,9.8
2020-11-13,9.63,9.7
2020-11-14,9.6,9.8
2020-11-15,9.74,9.9
2020-11-16,10.6,10.1
2020-11-17,10.83,10.0
2020-11-18,10.76,10.0
2020-11-19,10.67,9.8
2020-11-20,10.58,9.3
2020-11-21,10.62,8.7
2020-11-22,10.71,8.4
2020-11-23,10.87,8.3
2020-11-24,10.94,8.2
2020-11-25,11.01,8.0
2020-11-26,10.95,7.8
2020-11-27,10.89,7.7
2020-11-28,10.94,7.3
2020-11-29,10.96,6.9
2020-11-30,11.19,6.4
2020-12-01,11.24,6.1
2020-12-02,11.49,5.8
2020-12-03,11.68,5.6
2020-12-04,11.69,5.4
2020-12-05,11.75,5.1
2020-12-06,11.02,5.0
2020-12-07,10.4,5.0
2020-12-08,10.59,5.1
2020-12-09,10.63,5.0
2020-12-10,10.82,4.8
2020-12-11,10.97,4.7
2020-12-12,11.05,4.7
2020-12-13,11.04,4.9
2020-12-14,11.11,5.0
2020-12-15,11.15,5.0
2020-12-16,11.16,5.2
2020-12-17,11.18,5.3
2020-12-18,11.31,5.2
2020-12-19,11.29,5.1
2020-12-20,11.43,5.1
2020-12-21,11.47,5.1
2020-12-22,11.7,5.6
2020-12-23,11.38,6.2
2020-12-24,11.57,6.7
2020-12-25,12.05,6.4
2020-12-26,12.54,5.7
2020-12-27,12.57,5.7
2020-12-28,12.38,5.6
2020-12-29,12.3,5.4
2020-12-30,12.39,5.2
2020-12-31,12.45,5.0
2021-01-01,12.21,4.9
2021-01-02,11.82,4.9
2021-01-03,11.34,4.7
2021-01-04,11.21,4.7
2021-01-05,11.16,4.6
2021-01-06,11.15,4.6
2021-01-07,11.2,4.5
2021-01-08,11.23,4.4
2021-01-09,11.32,4.2
2021-01-10,11.46,4.0
2021-01-11,11.56,3.6
2021-01-12,11.64,3.3
2021-01-13,11.7,3.1
2021-01-14,11.9,3.1
2021-01-15,12.04,2.9
2021-01-16,12.09,2.8
2021-01-17,12.15,2.6
2021-01-18,12.27,2.6
2021-01-19,12.34,2.7
2021-01-20,12.39,2.8
2021-01-21,12.43,3.1
2021-01-22,12.35,3.5
2021-01-23,12.14,3.6
2021-01-24,12.45,3.5
2021-01-25,12.69,3.4
2021-01-26,12.83,3.4
2021-01-27,12.69,3.4
2021-01-28,12.4,3.4
2021-01-29,12.06,4.0
2021-01-30,12.52,4.6
2021-01-31,12.48,4.6
2021-02-01,13.26,4.3
2021-02-02,13.56,4.4
2021-02-03,13.53,4.7
2021-02-04,13.49,5.2
2021-02-05,13.6,5.5
2021-02-06,13.58,5.7
2021-02-07,13.32,5.9
2021-02-08,13.16,5.5
2021-02-09,13.38,4.4
2021-02-10,13.81,3.4
2021-02-11,13.96,2.8
2021-02-12,14.39,2.3
2021-02-13,14.68,1.8
2021-02-14,14.84,1.4
2021-02-15,14.84,1.2
2021-02-16,14.8,1.3
2021-02-17,14.38,1.9
2021-02-18,14.37,2.3
2021-02-19,14.23,2.9
2021-02-20,14.17,3.6
2021-02-21,13.83,4.0
2021-02-22,13.51,4.4
2021-02-23,13.34,4.8
2021-02-24,13.2,5.3
2021-02-25,12.85,5.8
2021-02-26,12.58,6.0
2021-02-27,12.38,6.1
2021-02-28,12.35,6.4
2021-03-01,12.31,6.5
2021-03-02,12.15,6.6
2021-03-03,12.01,6.8
2021-03-04,12.01,6.9
2021-03-05,11.99,7.0
2021-03-06,11.81,6.7
2021-03-07,11.98,6.7
2021-03-08,12.08,6.4
2021-03-09,12.08,6.4
2021-03-10,12.18,6.6
2021-03-11,12.25,6.7
2021-03-12,12.14,6.9
2021-03-13,12.12,6.9
2021-03-14,12.16,6.9
2021-03-15,12.25,7.1
2021-03-16,12.32,7.0
2021-03-17,12.62,7.0
2021-03-18,13.02,6.8
2021-03-19,13.02,6.8
2021-03-20,13.16,6.7
2021-03-21,13.24,6.7
2021-03-22,12.79,6.7
2021-03-23,12.62,6.8
2021-03-24,12.67,7.1
2021-03-25,12.98,7.5
2021-03-26,13.04,8.0
2021-03-27,12.92,8.3
2021-03-28,12.86,8.5
2021-03-29,13.08,9.1
2021-03-30,12.94,9.7
2021-03-31,12.92,10.3
2021-04-01,13.08,10.9
2021-04-02,13.01,11.1
2021-04-03,12.74,11.0
2021-04-04,12.64,10.9
2021-04-05,12.25,10.6
2021-04-06,12.04,9.9
2021-04-07,11.92,9.3
2021-04-08,11.78,8.9
2021-04-09,12.1,9.0
2021-04-10,12.11,9.2
2021-04-11,12.16,9.4
2021-04-12,11.87,9.6
2021-04-13,11.91,9.6
2021-04-14,12.32,9.6
2021-04-15,12.65,9.6
2021-04-16,12.89,9.6
2021-04-17,13.09,9.5
2021-04-18,13.11,9.7
2021-04-19,13.46,10.1
2021-04-20,13.36,10.4
2021-04-21,13.88,10.9
2021-04-22,14.58,11.3
2021-04-23,14.53,11.5
2021-04-24,14.94,11.8
2021-04-25,14.9,12.3
2021-04-26,14.61,12.7
2021-04-27,14.23,13.0
2021-04-28,14.08,13.4
2021-04-29,13.74,14.0
2021-04-30,13.02,13.9
2021-05-01,12.52,13.9
2021-05-02,12.48,13.7
2021-05-03,12.65,13.6
2021-05-04,12.15,13.4
2021-05-05,11.6,12.9
2021-05-06,11.38,12.8
2021-05-07,10.96,12.7
2021-05-08,10.74,12.7
2021-05-09,10.86,13.4
2021-05-10,10.66,14.1
2021-05-11,10.84,14.5
2021-05-12,11.01,14.8
2021-05-13,10.87,14.9
2021-05-14,10.66,15.3
2021-05-15,10.44,15.3
2021-05-16,9.81,15.2
2021-05-17,9.16,15.5
2021-05-18,8.66,15.6
2021-05-19,8.35,15.7
2021-05-20,8.54,16.1
2021-05-21,8.27,16.2
2021-05-22,8.14,15.8
2021-05-23,8.1,15.6
2021-05-24,7.91,15.9
2021-05-25,7.9,15.7
2021-05-26,7.5,15.2
2021-05-27,7.48,14.9
2021-05-28,7.68,15.1
2021-05-29,7.91,15.5
2021-05-30,7.91,16.1
2021-05-31,7.81,16.5
2021-06-01,7.81,17.1
2021-06-02,7.61,17.9
2021-06-03,7.43,18.7
2021-06-04,7.77,19.3
2021-06-05,8.21,19.7
2021-06-06,7.91,19.4
2021-06-07,7.89,19.3
2021-06-08,7.6,19.7
2021-06-09,7.14,20.5
2021-06-10,6.44,21.0
2021-06-11,6.63,21.6
2021-06-12,6.5,22.0
2021-06-13,6.38,21.9
2021-06-14,5.89,22.2
2021-06-15,5.62,22.7
2021-06-16,5.6,23.3
2021-06-17,5.53,23.9
2021-06-18,5.22,24.6
2021-06-19,4.99,25.3
2021-06-20,4.9,25.6
2021-06-21,4.98,25.3
2021-06-22,5.87,24.6
2021-06-23,5.95,24.3
2021-06-24,5.73,24.1
2021-06-25,5.79,23.5
2021-06-26,6.22,23.5
2021-06-27,6.26,23.8
2021-06-28,6.57,24.1
2021-06-29,5.79,24.1
2021-06-30,5.81,23.4
2021-07-01,6.48,22.5
2021-07-02,6.98,22.1
2021-07-03,6.43,22.3
2021-07-04,6.62,22.7
2021-07-05,6.49,22.4
2021-07-06,6.42,22.0
2021-07-07,6.72,22.2
2021-07-08,7.1,22.3
2021-07-09,7.11,21.9
2021-07-10,8.38,21.2
2021-07-11,8.62,20.3
2021-07-12,8.9,20.0
2021-07-13,8.99,20.1
2021-07-14,8.83,19.6
2021-07-15,8.77,19.6
2021-07-16,8.61,20.1
2021-07-17,8.08,20.4
2021-07-18,7.73,20.9
2021-07-19,7.44,21.5
2021-07-20,7.02,21.8
2021-07-21,6.85,22.1
2021-07-22,6.81,22.4
2021-07-23,6.61,22.8
2021-07-24,6.39,23.0
2021-07-25,5.71,23.1
2021-07-26,5.71,23.2
2021-07-27,5.8,23.1
2021-07-28,5.92,22.9
2021-07-29,6.1,22.5
2021-07-30,6.39,22.5
2021-07-31,6.64,22.7
2021-08-01,6.76,22.5
2021-08-02,6.93,22.3
2021-08-03,6.99,21.9
2021-08-04,6.91,21.4
2021-08-05,7.32,21.4
2021-08-06,8.31,21.5
2021-08-07,7.7,21.3
2021-08-08,7.3,21.0
2021-08-09,7.41,20.8
2021-08-10,7.67,20.8
2021-08-11,7.75,21.2
2021-08-12,7.56,21.5
2021-08-13,7.57,22.0
2021-08-14,7.56,22.4
2021-08-15,7.48,22.9
2021-08-16,7.46,22.9
2021-08-17,7.67,22.1
2021-08-18,7.82,21.5
2021-08-19,7.81,21.3
2021-08-20,8.04,21.3
2021-08-21,8.25,21.6
2021-08-22,8.11,21.8
2021-08-23,7.56,21.4
2021-08-24,7.18,21.1
2021-08-25,7.58,20.9
2021-08-26,8.6,20.9
2021-08-27,8.96,20.4
2021-08-28,9.37,20.1
2021-08-29,8.49,19.7
2021-08-30,7.55,19.3
2021-08-31,7.53,19.0
2021-09-01,7.77,19.0
2021-09-02,8.14,19.2
2021-09-03,8.15,19.4
2021-09-04,8.2,19.7
2021-09-05,8.13,20.0
2021-09-06,8.0,20.2
2021-09-07,7.97,20.4
2021-09-08,8.15,20.5
2021-09-09,8.26,20.6
2021-09-10,8.26,20.8
2021-09-11,8.21,20.9
2021-09-12,8.1,20.9
2021-09-13,8.1,20.8
2021-09-14,8.09,20.9
2021-09-15,7.95,20.9
2021-09-16,7.53,20.8
2021-09-17,7.3,20.5
2021-09-18,7.19,20.2
2021-09-19,7.19,19.8
2021-09-20,7.15,19.6
2021-09-21,7.48,19.2
2021-09-22,7.7,18.8
2021-09-23,7.85,18.5
2021-09-24,7.9,18.5
2021-09-25,7.87,18.5
2021-09-26,7.93,18.7
2021-09-27,7.95,18.7
2021-09-28,8.24,18.6
2021-09-29,8.37,18.2
2021-09-30,8.46,17.7
2021-10-01,8.55,17.4
2021-10-02,8.63,17.2
2021-10-03,8.55,17.1
2021-10-04,8.37,16.9
2021-10-05,8.29,16.7
2021-10-06,8.07,16.5
2021-10-07,8.1,16.2
2021-10-08,8.19,15.8
2021-10-09,8.13,15.5
2021-10-10,8.27,15.1
2021-10-11,8.4,14.6
2021-10-12,8.51,14.2
2021-10-13,8.63,13.7
2021-10-14,8.6,13.5
2021-10-15,8.68,13.3
2021-10-16,8.75,13.1
2021-10-17,8.76,13.0
2021-10-18,8.87,13.0
2021-10-19,8.88,12.8
2021-10-20,8.86,12.6
2021-10-21,9.69,12.6
2021-10-22,9.86,12.5
2021-10-23,10.26,12.3
2021-10-24,10.45,12.0
2021-10-25,10.58,11.6
2021-10-26,10.41,11.4
2021-10-27,9.68,11.2
2021-10-28,9.44,11.1
2021-10-29,9.43,10.8
2021-10-30,9.73,10.4
2021-10-31,9.68,10.5
2021-11-01,9.97,10.7
2021-11-02,9.94,10.7
2021-11-03,9.37,10.6
2021-11-04,9.35,10.3
2021-11-05,9.1,10.2
2021-11-06,9.94,10.1
2021-11-07,10.67,9.8
2021-11-08,10.43,9.7
2021-11-09,10.81,9.4
2021-11-10,11.13,9.0
2021-11-11,10.88,8.6
2021-11-12,10.68,8.3
2021-11-13,10.68,8.1
2021-11-14,10.57,8.0
2021-11-15,10.51,8.1
2021-11-16,10.6,8.1
2021-11-17,10.67,8.1
2021-11-18,11.03,8.1
2021-11-19,10.83,8.2
2021-11-20,10.83,8.3
2021-11-21,10.81,8.3
2021-11-22,10.46,8.1
2021-11-23,10.16,7.7
2021-11-24,10.26,7.4
2021-11-25,10.5,7.1
2021-11-26,10.41,6.8
2021-11-27,10.48,6.6
2021-11-28,10.54,6.3
2021-11-29,10.77,6.1
2021-11-30,11.08,5.8
2021-12-01,11.28,5.9
2021-12-02,11.54,5.8
2021-12-03,11.59,5.5
2021-12-04,12.19,5.4
2021-12-05,12.5,5.3
2021-12-06,12.77,5.1
2021-12-07,12.98,5.0
2021-12-08,13.07,4.7
2021-12-09,12.99,4.7
2021-12-10,12.9,4.5
2021-12-11,12.84,4.5
2021-12-12,12.76,4.5
2021-12-13,12.57,4.6
2021-12-14,12.09,4.9
2021-12-15,11.79,5.1
2021-12-16,11.76,5.2
2021-12-17,11.74,5.4
2021-12-18,11.83,5.4
2021-12-19,12.1,5.5
2021-12-20,11.85,5.4
2021-12-21,11.76,5.0
2021-12-22,11.98,4.5
2021-12-23,12.05,3.9
2021-12-24,11.99,3.9
2021-12-25,11.83,4.2
2021-12-26,11.73,4.2
2021-12-27,11.7,4.2
2021-12-28,11.81,4.3
2021-12-29,11.95,4.8
2021-12-30,12.67,5.4
2021-12-31,13.01,6.1
2022-01-01,12.96,6.3
2022-01-02,12.85,6.5
2022-01-03,12.46,6.9
2022-01-04,12.1,7.4
2022-01-05,12.03,7.9
2022-01-06,11.74,8.2
2022-01-07,12.08,7.5
2022-01-08,12.18,7.2
2022-01-09,12.31,6.9
2022-01-10,12.91,6.3
2022-01-11,12.86,6.6
2022-01-12,13.0,5.7
2022-01-13,13.63,4.7
2022-01-14,14.05,4.6
2022-01-15,14.01,4.5
2022-01-16,13.84,4.6
2022-01-17,13.76,4.6
2022-01-18,13.67,4.8
2022-01-19,13.37,4.9
2022-01-20,13.31,4.9
2022-01-21,13.26,4.8
2022-01-22,13.36,4.8
2022-01-23,13.37,4.9
2022-01-24,13.31,4.9
2022-01-25,13.42,4.7
2022-01-26,13.48,4.6
2022-01-27,13.26,4.5
2022-01-28,13.13,4.5
2022-01-29,13.19,4.5
2022-01-30,13.12,4.6
2022-01-31,12.88,4.7
2022-02-01,12.73,4.7
2022-02-02,13.12,4.9
2022-02-03,13.35,5.0
2022-02-04,13.31,5.1
2022-02-05,13.37,5.0
2022-02-06,13.3,5.0
2022-02-07,13.58,5.2
2022-02-08,13.91,5.2
2022-02-09,13.47,5.2
2022-02-10,13.46,5.2
2022-02-11,13.47,5.2
2022-02-12,13.39,5.2
2022-02-13,13.24,5.2
2022-02-14,13.22,5.1
2022-02-15,13.05,5.4
2022-02-16,12.81,5.6
2022-02-17,12.41,5.9
2022-02-18,12.36,6.0
2022-02-19,12.38,6.1
2022-02-20,12.33,6.3
2022-02-21,12.39,6.4
2022-02-22,12.62,6.6
2022-02-23,12.56,6.8
2022-02-24,12.59,6.8
2022-02-25,12.56,6.6
2022-02-26,12.71,6.4
2022-02-27,12.75,6.3
2022-02-28,12.79,6.2
2022-03-01,12.73,6.0
2022-03-02,12.66,5.9
2022-03-03,12.66,5.6
2022-03-04,12.67,5.6
2022-03-05,12.68,5.5
2022-03-06,12.73,5.5
2022-03-07,12.72,5.5
2022-03-08,12.56,5.4
2022-03-09,12.45,5.3
2022-03-10,12.47,5.5
2022-03-11,12.31,5.7
2022-03-12,12.28,5.8
2022-03-13,12.23,6.0
2022-03-14,12.13,6.3
2022-03-15,11.99,6.3
2022-03-16,11.75,6.5
2022-03-17,11.83,6.9
2022-03-18,11.86,7.0
2022-03-19,12.17,7.4
2022-03-20,12.18,7.8
2022-03-21,12.37,8.1
2022-03-22,12.75,8.4
2022-03-23,13.37,8.6
2022-03-24,13.94,8.9
2022-03-25,14.62,9.2
2022-03-26,15.19,9.5
2022-03-27,15.98,9.9
2022-03-28,16.48,10.4
2022-03-29,16.87,10.7
2022-03-30,16.45,10.7
2022-03-31,14.93,10.4
2022-04-01,13.19,9.9
2022-04-02,12.1,9.2
2022-04-03,11.68,8.8
2022-04-04,11.89,8.8
2022-04-05,12.2,8.6
2022-04-06,12.52,8.9
2022-04-07,12.3,9.0
2022-04-08,11.72,8.9
2022-04-09,11.53,8.5
2022-04-10,12.18,8.4
2022-04-11,12.15,8.5
2022-04-12,12.08,9.0
2022-04-13,11.52,9.7
2022-04-14,11.11,10.4
2022-04-15,10.81,11.3
2022-04-16,10.58,11.8
2022-04-17,10.46,12.0
2022-04-18,10.14,12.2
2022-04-19,10.23,12.6
2022-04-20,10.24,12.8
2022-04-21,10.2,13.1
2022-04-22,10.3,13.2
2022-04-23,10.29,13.4
2022-04-24,10.24,13.3
2022-04-25,10.08,13.0
2022-04-26,9.7,12.9
2022-04-27,9.71,13.1
2022-04-28,10.24,13.6
2022-04-29,10.48,14.0
2022-04-30,10.37,13.8
2022-05-01,10.1,13.8
2022-05-02,10.08,14.2
2022-05-03,10.07,14.8
2022-05-04,9.74,15.4
2022-05-05,9.57,15.7
2022-05-06,9.34,15.9
2022-05-07,9.4,16.3
2022-05-08,9.3,16.5
2022-05-09,8.88,16.9
2022-05-10,8.75,17.6
2022-05-11,8.75,18.3
2022-05-12,8.67,18.7
2022-05-13,8.58,19.1
2022-05-14,8.59,19.3
2022-05-15,8.91,19.6
2022-05-16,9.29,19.8
2022-05-17,9.17,20.0
2022-05-18,9.66,20.6
2022-05-19,10.6,21.2
2022-05-20,11.14,21.5
2022-05-21,11.04,21.3
2022-05-22,12.54,21.3
2022-05-23,14.38,21.4
2022-05-24,15.77,21.4
2022-05-25,16.38,21.1
2022-05-26,16.72,20.8
2022-05-27,14.92,20.5
2022-05-28,12.71,19.9
2022-05-29,11.09,19.5
2022-05-30,10.2,19.3
2022-05-31,9.67,19.1
2022-06-01,9.63,19.2
2022-06-02,9.94,19.3
2022-06-03,9.16,19.8
2022-06-04,8.76,20.3
2022-06-05,8.11,20.3
2022-06-06,7.33,20.3
2022-06-07,6.91,20.4
2022-06-08,6.78,20.4
2022-06-09,6.61,20.4
2022-06-10,6.55,20.4
2022-06-11,6.46,20.8
2022-06-12,6.85,21.6
2022-06-13,7.16,21.9
2022-06-14,7.59,22.0
2022-06-15,8.54,22.3
2022-06-16,9.78,22.8
2022-06-17,11.19,23.2
2022-06-18,13.28,23.6
2022-06-19,14.58,24.2
2022-06-20,13.81,24.1
2022-06-21,12.7,23.8
2022-06-22,11.26,23.7
2022-06-23,11.7,23.8
2022-06-24,10.71,24.1
2022-06-25,8.34,24.2
2022-06-26,6.44,24.5
2022-06-27,5.6,24.5
2022-06-28,6.74,24.3
2022-06-29,6.63,24.6
2022-06-30,6.9,25.0
2022-07-01,6.88,24.8
2022-07-02,7.28,24.6
2022-07-03,7.2,24.7
2022-07-04,6.98,24.8
2022-07-05,6.85,24.8
2022-07-06,6.67,24.5
2022-07-07,6.99,24.0
2022-07-08,7.43,23.6
2022-07-09,7.67,23.3
2022-07-10,7.6,23.0
2022-07-11,7.6,22.8
2022-07-12,7.75,22.9
2022-07-13,7.83,23.3
2022-07-14,7.79,23.6
2022-07-15,7.88,23.4
2022-07-16,8.17,23.3
2022-07-17,8.73,23.3
2022-07-18,9.14,23.6
2022-07-19,9.63,24.0
2022-07-20,9.9,24.6
2022-07-21,9.18,24.8
2022-07-22,8.62,24.8
2022-07-23,8.56,25.0
2022-07-24,8.62,25.4
2022-07-25,8.81,25.7
2022-07-26,8.67,25.5
2022-07-27,9.03,25.2
2022-07-28,9.8,24.8
2022-07-29,10.31,24.9
2022-07-30,9.67,24.6
2022-07-31,8.54,24.6
2022-08-01,7.66,24.6
2022-08-02,7.23,24.7
2022-08-03,7.53,24.9
2022-08-04,8.44,25.5
2022-08-05,8.89,25.5
2022-08-06,9.13,25.2
2022-08-07,9.95,25.0
2022-08-08,11.91,24.9
2022-08-09,12.97,24.8
2022-08-10,14.12,24.9
2022-08-11,13.43,25.0
2022-08-12,14.13,25.0
2022-08-13,15.0,25.0
2022-08-14,14.93,25.1
2022-08-15,13.71,25.0
2022-08-16,12.24,25.0
2022-08-17,11.26,24.7
2022-08-18,10.63,24.5
2022-08-19,10.33,24.4
2022-08-20,9.15,24.1
2022-08-21,8.73,23.9
2022-08-22,8.42,23.8
2022-08-23,8.2,24.0
2022-08-24,8.31,23.9
2022-08-25,9.78,24.2
2022-08-26,10.49,24.3
2022-08-27,11.2,24.1
2022-08-28,12.14,23.9
2022-08-29,11.41,23.6
2022-08-30,10.52,23.6
2022-08-31,9.61,23.5
2022-09-01,8.7,23.1
2022-09-02,9.13,22.8
2022-09-03,9.45,22.2
2022-09-04,10.08,22.1
2022-09-05,10.74,22.3
2022-09-06,11.61,22.6
2022-09-07,11.56,22.7
2022-09-08,11.17,22.5
2022-09-09,10.31,22.0
2022-09-10,9.52,21.6
2022-09-11,8.8,21.3
2022-09-12,8.62,21.0
2022-09-13,8.54,20.9
2022-09-14,7.92,20.7
2022-09-15,7.25,20.3
2022-09-16,7.35,19.8
2022-09-17,7.74,19.1
2022-09-18,7.83,18.4
2022-09-19,8.21,17.6
2022-09-20,8.64,17.1
2022-09-21,8.95,16.8
2022-09-22,9.66,16.8
2022-09-23,9.89,16.6
2022-09-24,10.29,16.5
2022-09-25,11.05,16.4
2022-09-26,10.62,16.0
2022-09-27,9.7,15.6
2022-09-28,9.03,15.3
2022-09-29,8.93,15.0
2022-09-30,9.66,14.6
2022-10-01,9.44,14.4
2022-10-02,8.39,14.2
2022-10-03,8.0,14.1
2022-10-04,8.03,13.9
2022-10-05,8.14,14.0
2022-10-06,8.38,14.1
2022-10-07,8.36,14.1
2022-10-08,8.11,14.1
2022-10-09,8.1,13.9
2022-10-10,8.16,13.9
2022-10-11,8.23,14.0
2022-10-12,8.22,13.8
2022-10-13,8.2,13.8
2022-10-14,8.22,14.0
2022-10-15,8.44,14.2
2022-10-16,8.47,14.4
2022-10-17,8.57,14.6
2022-10-18,8.82,14.8
2022-10-19,8.71,14.9
2022-10-20,8.42,14.6
2022-10-21,7.87,14.4
2022-10-22,7.89,14.4
2022-10-23,8.49,14.5
2022-10-24,8.77,14.5
2022-10-25,8.57,14.5
2022-10-26,8.22,14.4
2022-10-27,7.92,14.3
2022-10-28,7.87,14.4
2022-10-29,7.72,14.4
2022-10-30,7.58,14.4
2022-10-31,8.27,14.3
2022-11-01,8.27,14.2
2022-11-02,8.37,13.9
2022-11-03,8.16,13.6
2022-11-04,7.78,13.3
2022-11-05,7.64,13.0
2022-11-06,7.62,12.6
2022-11-07,7.66,12.4
2022-11-08,7.76,12.2
2022-11-09,7.79,12.3
2022-11-10,7.79,12.1
2022-11-11,7.85,11.8
2022-11-14,8.57,10.9
2022-11-15,8.68,10.7
2022-11-16,8.76,10.8
2022-11-17,8.68,10.7
2022-11-18,9.04,10.6
2022-11-19,9.44,10.3
2022-11-20,10.26,9.6
2022-11-21,10.74,8.9
2022-11-22,10.99,8.7
2022-11-23,10.91,8.6
2022-11-24,10.74,8.5
2022-11-25,10.82,8.2
2022-11-26,10.81,8.0
2022-11-27,10.84,7.8
2022-11-28,10.98,7.4
2022-11-29,10.77,7.3
2022-11-30,10.61,7.4
2022-12-01,10.57,7.4
2022-12-02,10.61,7.1
2022-12-03,10.61,6.8
2022-12-04,10.65,6.5
2022-12-05,10.78,6.3
2022-12-06,10.7,6.3
2022-12-07,10.75,6.2
2022-12-08,10.87,6.1
2022-12-09,10.96,5.9
2022-12-10,11.06,5.5
2022-12-11,11.15,5.2
2022-12-12,11.29,4.9
2022-12-13,11.48,4.4
2022-12-14,11.63,3.9
2022-12-15,11.61,3.4
2022-12-16,11.75,2.8
2022-12-17,11.99,2.4
2022-12-18,12.38,1.9
2022-12-19,12.62,1.6
2022-12-20,12.71,1.7
2022-12-21,12.85,2.0
2022-12-22,12.78,2.5
2022-12-23,12.65,3.1
2022-12-24,12.78,3.7
2022-12-25,13.18,4.1
2022-12-26,12.98,4.8
2022-12-27,13.07,4.9
2022-12-28,12.84,5.2
2022-12-29,12.41,5.9
2022-12-30,12.32,6.2
2022-12-31,12.14,6.7
2023-01-01,12.0,7.0
2023-01-02,11.74,7.2
2023-01-03,11.47,7.3
2023-01-04,11.55,7.1
2023-01-05,11.45,7.3
2023-01-06,11.26,7.6
2023-01-07,11.26,7.7
2023-01-08,11.16,7.6
2023-01-09,11.05,7.7
2023-01-10,11.0,7.6
2023-01-11,11.15,7.5
2023-01-12,11.22,7.4
2023-01-13,11.31,7.6
2023-01-14,11.58,7.5
2023-01-15,11.71,7.5
2023-01-16,11.85,7.2
2023-01-17,11.82,6.7
2023-01-18,12.05,6.1
2023-01-19,12.32,5.5
2023-01-20,12.34,5.2
2023-01-21,12.68,4.9
2023-01-22,12.67,4.6
2023-01-23,12.53,4.5
2023-01-24,12.44,4.4
2023-01-25,12.54,4.3
2023-01-26,12.83,4.2
2023-01-27,13.19,4.1
2023-01-28,12.86,4.0
2023-01-29,12.7,3.9
2023-01-30,12.74,3.8
2023-01-31,12.72,3.8
2023-02-01,12.65,3.9
2023-02-02,12.76,4.2
2023-02-03,13.3,4.7
2023-02-04,14.17,5.0
2023-02-05,14.29,5.0
2023-02-06,13.64,4.8
2023-02-07,13.08,4.4
2023-02-08,12.97,4.0
2023-02-09,13.04,3.7
2023-02-10,13.07,3.3
2023-02-11,13.1,3.2
2023-02-12,13.09,3.5
2023-02-13,13.38,3.9
2023-02-14,13.65,4.2
2023-02-15,13.43,4.2
2023-02-16,13.29,4.2
2023-02-17,12.86,4.8
2023-02-18,12.57,5.4
2023-02-19,12.38,5.9
2023-02-20,12.22,6.3
2023-02-21,12.14,6.5
2023-02-22,12.13,6.8
2023-02-23,12.2,7.3
2023-02-24,12.13,7.5
2023-02-25,11.82,7.4
2023-02-26,11.67,6.9
2023-02-27,11.82,6.4
2023-02-28,11.99,6.2
2023-03-01,12.09,6.0
2023-03-02,12.1,5.9
2023-03-03,12.41,5.9
2023-03-04,12.64,5.8
2023-03-05,12.65,5.6
2023-03-06,12.67,5.6
2023-03-07,12.66,5.6
2023-03-08,12.66,5.7
2023-03-09,12.4,6.0
2023-03-10,12.57,6.5
2023-03-11,12.98,6.3
2023-03-12,13.19,6.0
2023-03-13,13.11,6.3
2023-03-14,13.05,6.9
2023-03-15,13.14,7.0
2023-03-16,13.36,6.9
2023-03-17,13.5,6.9
2023-03-18,13.23,7.4
2023-03-19,12.85,8.2
2023-03-20,12.73,8.5
2023-03-21,12.42,8.6
2023-03-22,12.39,9.0
2023-03-23,12.07,9.6
2023-03-24,11.79,9.9
2023-03-25,11.58,10.2
2023-03-26,11.51,10.3
2023-03-27,11.73,10.0
2023-03-28,12.13,9.7
2023-03-29,12.22,9.8
2023-03-30,11.89,9.9
2023-03-31,11.59,10.3
2023-04-01,11.48,10.2
2023-04-02,11.85,10.1
2023-04-03,12.34,9.6
2023-04-04,12.61,9.2
2023-04-05,12.62,9.1
2023-04-06,12.6,9.0
2023-04-07,12.44,9.0
2023-04-08,12.44,9.1
2023-04-09,12.34,9.2
2023-04-10,12.13,9.4
2023-04-11,11.79,10.0
2023-04-12,11.48,10.3
2023-04-13,11.29,10.2
2023-04-14,11.37,10.6
2023-04-15,11.29,10.7
2023-04-16,11.27,10.3
2023-04-17,11.61,10.2
2023-04-18,11.86,10.4
2023-04-19,11.75,10.7
2023-04-20,11.66,10.7
2023-04-21,11.32,10.7
2023-04-22,11.09,11.5
2023-04-23,10.87,12.1
2023-04-24,10.59,12.5
2023-04-25,10.29,12.6
2023-04-26,10.47,12.4
2023-04-27,10.63,12.8
2023-04-28,10.44,13.2
2023-04-29,10.33,13.1
2023-04-30,10.25,13.2
2023-05-01,10.14,13.8
2023-05-02,10.16,13.9
2023-05-03,10.12,14.2
2023-05-04,10.25,14.6
2023-05-05,10.3,15.3
2023-05-06,10.25,15.7
2023-05-07,10.32,16.1
2023-05-08,10.1,16.3
2023-05-09,9.81,16.4
2023-05-10,9.57,16.5
2023-05-11,9.39,16.4
2023-05-12,9.33,16.3
2023-05-13,9.43,16.3
2023-05-14,9.67,16.5
2023-05-15,9.82,16.6
2023-05-16,9.7,16.7
2023-05-17,9.53,16.4
2023-05-18,9.64,16.1
2023-05-19,9.81,16.2
2023-05-20,10.09,16.4
2023-05-21,10.83,17.0
2023-05-22,12.43,17.8
2023-05-23,12.13,18.2
2023-05-24,11.17,17.9
2023-05-25,11.54,17.7
2023-05-26,13.67,18.2
2023-05-27,15.83,18.8
2023-05-28,16.9,19.3
2023-05-29,15.52,19.8
2023-05-30,13.96,20.0
2023-05-31,12.5,20.3
2023-06-01,11.1,20.7
2023-06-02,10.08,20.8
2023-06-03,9.38,20.9
2023-06-04,8.73,20.9
2023-06-05,8.45,21.2
2023-06-06,8.42,21.5
2023-06-07,8.26,21.6
2023-06-08,8.0,21.8
2023-06-09,7.89,22.1
2023-06-10,7.82,22.4
2023-06-11,7.58,22.9
2023-06-12,7.1,23.2
2023-06-13,7.11,23.3
2023-06-14,6.98,23.1
2023-06-15,7.11,23.2
2023-06-16,7.23,23.1
2023-06-17,8.51,23.1
2023-06-18,8.57,23.4
2023-06-19,7.84,23.7
2023-06-20,7.3,24.3
2023-06-21,6.52,24.6
2023-06-22,5.91,24.8
2023-06-23,5.59,24.4
2023-06-24,6.48,24.1
2023-06-25,6.54,24.3
2023-06-26,6.77,24.6
2023-06-27,6.77,24.3
2023-06-28,6.23,24.1
2023-06-29,6.21,24.0
2023-06-30,6.38,24.0
2023-07-01,6.6,23.5
2023-07-02,6.94,22.9
2023-07-03,7.32,22.5
2023-07-04,7.4,22.8
2023-07-05,7.51,22.9
2023-07-06,7.38,22.7
2023-07-07,7.52,22.9
2023-07-08,7.59,23.5
2023-07-09,7.58,24.1
2023-07-10,7.83,24.6
2023-07-11,7.82,24.9
2023-07-12,7.75,25.2
2023-07-13,8.26,25.1
2023-07-14,8.04,24.8
2023-07-15,7.65,24.6
2023-07-16,7.55,24.4
2023-07-17,7.29,24.2
2023-07-18,7.24,24.2
2023-07-19,7.27,24.3
2023-07-20,7.12,24.4
2023-07-21,6.81,24.2
2023-07-22,6.8,23.9
2023-07-23,6.89,23.6
2023-07-24,6.59,23.4
2023-07-25,6.34,22.9
2023-07-26,6.28,22.4
2023-07-27,6.14,21.8
2023-07-28,5.94,21.5
2023-07-29,6.19,21.6
2023-07-30,6.46,21.8
2023-07-31,6.56,21.5
2023-08-01,7.01,21.3
2023-08-02,7.17,20.9
2023-08-03,7.6,20.4
2023-08-04,7.76,20.6
2023-08-05,7.98,20.4
2023-08-06,8.0,20.5
2023-08-07,7.66,19.6
2023-08-08,7.88,19.2
2023-08-09,8.22,19.2
2023-08-10,8.68,19.4
2023-08-11,8.8,19.6
2023-08-12,8.67,20.0
2023-08-13,8.11,20.3
2023-08-14,7.94,20.7
2023-08-15,7.9,21.2
2023-08-16,7.79,21.6
2023-08-17,7.35,21.9
2023-08-18,7.65,22.4
2023-08-19,7.69,22.9
2023-08-20,7.58,23.3
2023-08-21,6.88,23.5
2023-08-22,6.73,23.8
2023-08-23,6.9,24.0
2023-08-24,6.87,24.1
2023-08-25,6.75,24.0
2023-08-26,6.58,23.7
2023-08-27,7.15,23.3
2023-08-28,7.17,22.5
2023-08-29,6.8,21.9
2023-08-30,6.93,21.4
2023-08-31,7.22,21.1
2023-09-01,7.32,20.8
2023-09-02,7.27,20.8
2023-09-03,7.12,21.0
2023-09-04,7.19,21.1
2023-09-05,7.3,21.3
2023-09-06,7.28,21.5
2023-09-07,7.75,21.6
2023-09-08,7.87,21.7
2023-09-09,7.88,21.9
2023-09-10,7.91,22.0
2023-09-11,7.82,22.2
2023-09-12,7.68,22.3
2023-09-13,7.55,22.3
2023-09-14,7.46,21.8
2023-09-15,7.4,21.6
2023-09-16,7.51,21.5
2023-09-17,7.52,21.8
2023-09-18,7.36,21.8
2023-09-19,7.29,21.5
2023-09-20,7.23,21.2
2023-09-21,7.19,20.8
2023-09-22,7.08,20.4
2023-09-23,6.78,19.9
2023-09-24,7.17,19.4
2023-09-25,7.6,19.2
2023-09-26,7.78,19.0
2023-09-27,7.85,19.1
2023-09-28,7.9,19.2
2023-09-29,7.9,19.2
2023-09-30,7.89,19.2
2023-10-01,7.97,19.0
2023-10-02,8.13,18.9
2023-10-03,8.1,18.7
2023-10-04,7.99,18.3
2023-10-05,7.87,17.9
2023-10-06,7.88,17.5
2023-10-07,8.07,17.2
2023-10-08,7.85,17.2
2023-10-09,7.69,17.2
2023-10-10,7.76,17.2
2023-10-11,7.64,17.0
2023-10-12,7.22,17.0
2023-10-13,7.93,17.1
2023-10-14,8.02,17.1
2023-10-15,8.25,16.5
2023-10-16,8.25,15.8
2023-10-17,8.26,15.1
2023-10-18,8.43,14.4
2023-10-19,8.63,14.2
2023-10-20,8.47,14.1
2023-10-21,8.39,14.1
2023-10-22,8.34,14.0
2023-10-23,8.31,13.9
2023-10-24,8.28,13.8
2023-10-25,8.29,13.4
2023-10-26,8.31,13.1
2023-10-27,8.24,13.1
2023-10-28,8.6,12.9
2023-10-29,8.75,12.9
2023-10-30,8.49,12.9
2023-10-31,8.71,12.9
2023-11-01,9.56,12.8
2023-11-02,10.02,12.5
2023-11-03,9.72,12.1
2023-11-04,9.59,11.7
2023-11-05,9.48,11.5
2023-11-06,9.15,11.3
2023-11-07,9.17,11.2
2023-11-08,9.41,10.9
2023-11-09,9.79,10.6
2023-11-10,10.01,10.3
2023-11-11,9.94,10.1
2023-11-12,9.91,9.9
2023-11-13,10.19,9.6
2023-11-14,10.4,9.7
2023-11-15,10.9,9.8
2023-11-16,11.97,9.4
2023-11-17,12.01,9.4
2023-11-18,12.23,9.3
2023-11-19,12.31,9.2
2023-11-20,12.16,9.3
2023-11-21,12.24,9.3
2023-11-22,12.27,9.0
2023-11-23,12.2,8.5
2023-11-24,12.27,8.3
2023-11-25,12.29,7.8
2023-11-26,12.41,7.3
2023-11-27,12.32,7.1
2023-11-28,12.43,6.7
2023-11-29,12.81,6.2
2023-11-30,12.99,5.9
2023-12-01,13.13,5.6
2023-12-02,13.13,5.2
2023-12-03,13.21,4.7
2023-12-04,13.12,4.3
2023-12-05,12.98,3.9
2023-12-06,12.76,4.1
2023-12-07,12.86,4.1
2023-12-08,12.98,3.9
2023-12-09,12.89,4.1
2023-12-10,12.53,4.7
2023-12-11,12.73,5.2
2023-12-12,12.78,5.6
2023-12-13,12.61,5.9
2023-12-14,12.54,6.2
2023-12-15,12.59,6.6
2023-12-16,12.65,6.7
2023-12-17,12.74,6.5
2023-12-18,12.71,6.3
2023-12-19,12.62,6.1
2023-12-20,12.35,6.1
2023-12-21,12.14,6.3
2023-12-22,12.17,6.3
2023-12-23,12.37,6.7
2023-12-24,12.24,7.1
2023-12-25,11.75,7.4
2023-12-26,11.58,7.7
2023-12-27,11.44,8.0
2024-01-02,13.39,7.2
2024-01-03,13.44,7.5
2024-01-04,13.07,7.8
2024-01-05,12.57,7.7
2024-01-06,12.48,7.4
2024-01-07,12.67,7.2
2024-01-08,13.17,6.5
2024-01-09,14.12,5.1
2024-01-10,14.67,4.2
2024-01-11,15.12,3.5
2024-01-12,14.85,3.1
2024-01-13,14.57,2.9
2024-01-14,14.38,2.9
2024-01-15,14.21,2.8
2024-01-16,13.99,2.8
2024-01-17,14.02,2.6
2024-01-18,13.97,2.6
2024-01-19,14.36,2.6
2024-01-20,14.8,2.4
2024-01-21,14.9,2.3
2024-01-22,14.8,2.5
2024-01-23,14.51,3.0
2024-01-24,14.36,3.9
2024-01-25,14.28,4.6
2024-01-26,13.99,5.2
2024-01-27,14.04,5.2
2024-01-28,14.14,4.8
2024-01-29,14.13,4.7
2024-01-30,14.08,4.6
2024-01-31,14.01,4.9
2024-02-01,13.75,5.2
2024-02-02,13.68,5.3
2024-02-03,13.55,5.5
2024-02-04,13.29,6.1
2024-02-05,12.99,6.5
2024-02-06,12.8,6.7
2024-02-07,12.68,6.8
2024-02-08,12.64,7.1
2024-02-09,12.71,7.5
2024-02-10,12.52,7.7
2024-02-11,12.34,8.0
2024-02-12,12.4,8.0
2024-02-13,12.53,7.9
2024-02-14,12.82,7.8
2024-02-15,12.68,8.0
2024-02-16,12.26,8.3
2024-02-17,12.21,8.5
2024-02-18,12.28,8.6
2024-02-19,12.22,8.7
2024-02-20,12.17,8.9
2024-02-21,12.08,8.9
2024-02-22,11.79,9.0
2024-02-23,11.61,9.0
2024-02-24,11.89,8.6
2024-02-25,12.08,8.1
2024-02-26,12.16,7.9
2024-02-27,12.11,7.9
2024-02-28,12.5,7.9
2024-02-29,12.78,7.9
2024-03-01,12.64,7.8
2024-03-02,12.54,7.8
2024-03-03,12.3,8.0
2024-03-04,12.13,8.1
2024-03-05,12.15,8.2
2024-03-06,12.08,8.4
2024-03-07,12.05,8.3
2024-03-08,12.15,8.3
2024-03-09,12.27,8.3
2024-03-10,12.17,8.4
2024-03-11,11.92,8.5
2024-03-12,11.83,8.6
2024-03-13,11.84,8.7
2024-03-14,11.77,9.1
2024-03-15,11.4,9.6
2024-03-16,11.17,9.8
2024-03-17,11.12,9.7
2024-03-18,11.16,10.0
2024-03-19,11.17,10.2
2024-03-20,11.36,10.6
2024-03-21,11.61,10.9
2024-03-22,11.41,10.9
2024-03-23,11.36,10.8
2024-03-24,11.27,10.6
2024-03-25,11.18,10.2
2024-03-26,11.43,10.3
2024-03-27,11.47,10.5
2024-03-28,11.3,10.5
2024-03-29,11.25,10.3
2024-03-30,11.11,10.1
2024-03-31,11.33,10.3
2024-04-01,11.19,10.8
2024-04-02,10.88,10.7
2024-04-03,10.61,10.9
2024-04-04,10.45,10.9
2024-04-05,10.36,11.3
2024-04-06,10.53,11.8
2024-04-07,10.61,12.6
2024-04-08,10.44,13.2
2024-04-09,10.06,13.6
2024-04-10,9.62,13.5
2024-04-11,9.82,13.5
2024-04-12,10.46,13.9
2024-04-13,10.87,14.5
2024-04-14,10.99,15.1
2024-04-15,11.11,15.2
2024-04-16,10.67,14.5
2024-04-17,10.12,13.7
2024-04-18,10.3,13.5
2024-04-19,10.37,13.2
2024-04-20,10.05,12.3
2024-04-21,10.33,11.7
2024-04-22,10.95,11.1
2024-04-23,11.33,10.9
2024-04-24,11.31,11.0
2024-04-25,11.21,10.7
2024-04-26,11.25,10.5
2024-04-27,11.23,10.6
2024-04-28,11.1,11.3
2024-04-29,10.93,11.9
2024-04-30,10.94,12.7
2024-05-01,10.81,13.7
2024-05-02,10.52,14.7
2024-05-03,9.86,15.1
2024-05-04,9.91,14.9
2024-05-05,9.85,15.2
2024-05-06,9.16,15.5
2024-05-07,8.57,15.3
2024-05-08,8.69,15.2
2024-05-09,8.78,15.3
2024-05-10,8.7,15.9
2024-05-11,8.42,16.4
2024-05-12,8.29,17.1
2024-05-13,8.2,17.7
2024-05-14,8.13,18.2
2024-05-15,8.23,18.5
2024-05-16,8.32,18.7
2024-05-17,8.06,18.5
2024-05-18,7.98,18.3
2024-05-19,8.14,18.2
2024-05-20,8.22,18.3
2024-05-21,8.25,18.6
2024-05-22,8.13,18.4
2024-05-23,8.29,18.5
2024-05-24,9.02,18.5
2024-05-25,9.19,18.4
2024-05-26,9.33,18.7
2024-05-27,9.05,18.9
2024-05-28,8.62,18.8
2024-05-29,8.21,18.7
2024-05-30,7.97,18.5
2024-05-31,7.72,18.3
2024-06-01,7.67,17.8
2024-06-02,8.82,17.4
2024-06-03,10.0,17.4
2024-06-04,9.96,17.5
2024-06-05,9.88,17.7
2024-06-06,9.96,17.5
2024-06-07,9.62,17.8
2024-06-08,9.5,18.3
2024-06-09,9.05,19.0
2024-06-10,8.44,19.1
2024-06-11,8.12,18.9
2024-06-12,7.98,18.8
2024-06-13,7.89,18.8
2024-06-14,8.01,18.7
2024-06-15,8.08,18.5
2024-06-16,8.0,18.7
2024-06-17,8.07,18.9
2024-06-18,8.14,19.3
2024-06-19,8.0,19.6
2024-06-20,7.93,19.7
2024-06-21,8.08,20.0
2024-06-22,7.92,20.0
2024-06-23,7.92,20.3
2024-06-24,8.11,20.7
2024-06-25,8.38,21.3
2024-06-26,8.51,22.0
2024-06-27,8.15,22.7
2024-06-28,8.15,23.1
2024-06-29,8.29,23.3
2024-06-30,8.34,23.4
2024-07-01,7.73,22.8
2024-07-02,7.42,22.1
2024-07-03,7.34,21.4
2024-07-04,7.49,20.9
2024-07-05,7.7,20.8
2024-07-06,7.81,20.9
2024-07-07,7.83,20.8
2024-07-08,8.04,20.9
2024-07-09,8.43,21.5
2024-07-10,8.35,22.1
2024-07-11,7.71,22.3
2024-07-12,7.36,22.8
2024-07-13,6.82,22.6
2024-07-14,7.16,22.3
2024-07-15,7.31,22.6
2024-07-16,7.4,23.0
2024-07-17,7.23,22.9
2024-07-18,7.59,22.9
2024-07-19,7.97,23.3
2024-07-20,8.24,24.0
2024-07-21,8.47,24.4
2024-07-22,8.37,24.5
2024-07-23,7.69,24.3
2024-07-24,7.32,24.0
2024-07-25,7.77,23.9
2024-07-26,8.1,23.7
2024-07-27,7.91,23.4
2024-07-28,7.29,23.1
2024-07-29,7.28,23.2
2024-07-30,7.93,23.6
2024-07-31,8.49,23.9
2024-08-01,8.49,24.0
2024-08-02,8.36,23.9
2024-08-03,8.52,23.9
2024-08-04,8.71,23.8
2024-08-05,8.44,23.5
2024-08-06,8.61,23.8
2024-08-07,8.34,24.0
2024-08-08,7.97,23.9
2024-08-09,8.06,23.7
2024-08-10,7.92,23.6
2024-08-11,8.5,23.9
2024-08-12,8.89,24.2
2024-08-13,9.13,24.6
2024-08-14,9.7,25.0
2024-08-15,9.47,25.0
2024-08-16,12.23,24.9
2024-08-17,12.76,24.9
2024-08-18,11.87,24.7
2024-08-19,10.94,24.1
2024-08-20,9.88,23.8
2024-08-21,8.51,23.6
2024-08-22,8.84,23.3
2024-08-23,9.55,23.0
2024-08-24,10.14,23.1
2024-08-25,10.51,23.2
2024-08-26,11.18,22.8
2024-08-27,12.25,22.7
2024-08-28,12.96,22.7
2024-08-29,13.41,23.0
2024-08-30,13.32,23.4
2024-08-31,12.84,23.5
2024-09-01,12.33,23.8
2024-09-02,11.79,24.1
2024-09-03,10.87,24.3
2024-09-04,9.79,24.1
2024-09-05,8.99,23.9
2024-09-06,8.58,23.7
2024-09-07,8.3,23.6
2024-09-08,8.12,23.5
2024-09-09,7.74,23.0
2024-09-10,7.34,22.2
2024-09-11,7.39,21.3
2024-09-12,7.55,20.6
2024-09-13,7.66,19.7
2024-09-14,7.94,18.9
2024-09-15,8.34,18.5
2024-09-16,8.47,18.0
2024-09-17,8.5,17.8
2024-09-18,8.68,17.8
2024-09-19,8.87,18.0
2024-09-20,9.16,18.1
2024-09-21,9.63,18.2
2024-09-22,10.07,18.3
2024-09-23,9.91,18.3
2024-09-24,9.66,18.1
2024-09-25,9.33,17.9
2024-09-26,8.8,17.7
2024-09-27,8.11,17.3
2024-09-28,7.85,17.0
2024-09-29,7.91,16.6
2024-09-30,7.88,16.0
2024-10-01,7.7,15.8
2024-10-02,7.74,15.7
2024-10-03,7.68,15.5
2024-10-04,7.86,15.1
2024-10-05,8.09,14.8
2024-10-06,8.28,14.5
2024-10-07,8.73,14.3
2024-10-08,8.7,14.5
2024-10-09,8.59,14.4
2024-10-10,8.87,14.3
2024-10-11,9.03,14.1
2024-10-12,9.63,13.5
2024-10-13,9.19,13.4
2024-10-14,9.08,13.2
2024-10-15,9.36,12.9
2024-10-16,9.49,12.8
2024-10-17,10.04,12.9
2024-10-18,9.81,13.0
2024-10-19,9.38,13.2
2024-10-20,9.32,13.3
2024-10-21,9.28,13.5
2024-10-22,8.9,13.8
2024-10-23,8.74,13.6
2024-10-24,8.72,13.2
2024-10-25,9.35,13.2
2024-10-26,9.26,13.2
2024-10-27,9.09,13.2
2024-10-28,8.78,13.0
2024-10-29,8.7,12.9
2024-10-30,8.67,12.9
2024-10-31,8.84,12.9
2024-11-01,8.83,12.9
2024-11-02,8.86,12.8
2024-11-03,9.41,12.5
2024-11-04,9.35,12.1
2024-11-05,9.46,11.7
2024-11-06,9.33,11.4
2024-11-07,9.11,11.0
2024-11-08,9.44,10.7
2024-11-09,9.59,10.5
2024-11-10,9.6,10.3
2024-11-11,9.66,10.0
2024-11-12,9.85,9.8
2024-11-13,9.96,9.6
2024-11-14,9.71,9.5
2024-11-15,9.42,9.4
2024-11-16,9.83,9.3
2024-11-17,9.75,9.0
2024-11-18,9.83,8.8
2024-11-19,9.87,8.7
2024-11-20,10.05,8.5
2024-11-21,11.19,7.8
2024-11-22,11.83,7.1
2024-11-23,11.99,6.7
2024-11-24,11.91,6.6
2024-11-25,11.87,6.8
2024-11-26,11.72,7.0
2024-11-27,11.48,7.0
2024-11-28,11.45,7.1
2024-11-29,11.43,7.0
2024-11-30,11.46,6.5
2024-12-01,11.5,6.0
2024-12-02,11.65,5.6
2024-12-03,11.61,5.7
2024-12-04,11.6,5.6
2024-12-05,12.24,5.4
2024-12-06,12.52,5.3
2024-12-07,12.53,5.4
2024-12-08,12.74,5.5
2024-12-09,13.51,5.5
2024-12-10,13.7,5.6
2024-12-11,13.29,5.4
2024-12-12,12.96,5.3
2024-12-13,12.93,5.2
2024-12-14,12.82,5.0
2024-12-15,12.71,4.9
2024-12-16,12.57,5.2
2024-12-17,12.35,5.5
2024-12-18,12.18,5.7
2024-12-19,12.14,6.1
2024-12-20,12.11,6.2
2024-12-21,12.25,6.0
2024-12-22,12.53,5.9
2024-12-23,12.44,5.8
2024-12-24,12.91,5.6
2024-12-25,13.47,5.7
2024-12-26,13.61,5.4
2024-12-27,13.6,5.0
2024-12-28,13.59,4.6
2024-12-29,13.45,4.4
2024-12-30,13.44,4.2
2024-12-31,13.52,4.0
2025-01-01,13.4,3.8
2025-01-02,13.14,3.9
2025-01-03,13.01,3.8
2025-01-04,13.29,3.8
2025-01-05,13.7,3.6
2025-01-06,13.69,3.9
2025-01-07,14.03,4.1
2025-01-08,14.26,4.0
2025-01-09,14.09,4.4
2025-01-10,14.34,4.5
2025-01-11,14.55,4.4
2025-01-12,14.73,4.2
2025-01-13,14.83,3.6
2025-01-14,14.82,3.3
2025-01-15,14.85,3.3
2025-01-16,14.84,3.4
2025-01-17,14.05,3.4
2025-01-18,13.44,3.5
2025-01-19,13.2,3.4
2025-01-20,13.13,3.3
2025-01-21,13.03,3.2
2025-01-22,12.88,3.2
2025-01-23,12.71,3.2
2025-01-24,12.57,3.5
2025-01-25,12.4,3.9
2025-01-26,12.04,4.4
2025-01-27,11.84,4.9
2025-01-28,11.67,5.2
2025-01-29,11.79,5.4
2025-01-30,12.52,5.6
2025-01-31,13.14,5.6
2025-02-01,13.21,5.3
2025-02-02,13.18,4.9
2025-02-03,13.33,4.5
2025-02-04,13.38,4.2
2025-02-05,13.38,3.9
2025-02-06,13.3,3.8
2025-02-07,13.25,3.8
2025-02-08,13.15,3.8
2025-02-09,13.08,3.9
2025-02-10,13.0,3.9
2025-02-11,12.96,4.2
2025-02-12,12.88,4.4
2025-02-13,12.8,4.4
2025-02-14,12.87,4.2
2025-02-15,13.13,4.1
2025-02-16,13.43,4.0
2025-02-17,13.47,3.8
2025-02-18,13.46,3.5
2025-02-19,13.47,3.2
2025-02-20,13.58,3.1
2025-02-21,13.51,3.4
2025-02-22,13.4,4.0
2025-02-23,13.29,4.5
2025-02-24,13.12,4.9
2025-02-25,13.01,5.2
2025-02-26,12.73,5.6
2025-02-27,12.82,5.6
2025-02-28,12.85,5.9
2025-03-01,12.86,5.9
2025-03-02,13.09,5.9
2025-03-03,13.32,5.9
2025-03-04,13.34,5.8
2025-03-05,13.38,5.8
2025-03-06,13.42,6.0
2025-03-07,13.43,6.3
2025-03-08,13.39,6.6
2025-03-09,13.37,6.8
2025-03-10,13.38,7.1
2025-03-11,13.3,7.4
2025-03-12,12.97,7.7
2025-03-13,12.68,7.7
2025-03-14,12.18,7.7
2025-03-15,11.93,7.6
2025-03-16,11.97,7.7
2025-03-17,12.13,7.7
2025-03-18,12.41,7.5
2025-03-19,12.79,7.5
2025-03-20,13.32,7.7
2025-03-21,13.55,8.1
2025-03-22,13.72,8.6
2025-03-23,13.73,9.2
2025-03-24,13.53,9.7
2025-03-25,13.43,10.0
2025-03-26,13.42,10.2
2025-03-27,13.11,10.3
2025-03-28,12.95,10.7
2025-03-29,13.16,11.1
2025-03-30,13.02,10.9
2025-03-31,12.76,10.7
2025-04-01,12.69,10.7
2025-04-02,12.44,10.6
2025-04-03,12.75,10.9
2025-04-04,13.4,11.5
2025-04-05,13.94,12.0
2025-04-06,13.99,12.1
2025-04-07,14.18,11.9
2025-04-08,15.44,11.9
2025-04-09,16.02,12.2
2025-04-10,14.58,12.2
2025-04-11,13.7,12.2
2025-04-12,13.5,12.7
2025-04-13,13.2,13.2
2025-04-14,12.38,13.6
2025-04-15,11.83,14.1
2025-04-16,11.84,14.5
2025-04-17,11.36,14.3
2025-04-18,10.98,13.9
2025-04-19,10.89,13.8
2025-04-20,10.7,14.2
2025-04-21,10.69,14.6
2025-04-22,10.38,14.8
2025-04-23,10.24,14.9
2025-04-24,10.02,15.0
2025-04-25,9.73,14.7
2025-04-26,9.85,14.8
2025-04-27,10.05,15.3
2025-04-28,10.3,15.6
2025-04-29,10.8,16.1
2025-04-30,11.22,16.7
2025-05-01,11.94,17.4
2025-05-02,12.88,18.0
2025-05-03,13.7,18.3
2025-05-04,13.93,18.2
2025-05-05,13.87,17.7
2025-05-06,14.54,17.5
2025-05-07,12.54,17.3
2025-05-08,11.51,17.2
2025-05-09,11.63,17.1
2025-05-10,10.85,17.2
2025-05-11,10.77,17.6
2025-05-12,10.53,17.9
2025-05-13,10.73,18.2
2025-05-14,11.44,18.6
2025-05-15,11.78,18.8
2025-05-16,12.14,18.6
2025-05-17,11.16,18.4
2025-05-18,10.28,18.3
2025-05-19,9.65,18.5
2025-05-20,9.45,18.9
2025-05-21,9.16,19.2
2025-05-22,8.75,19.2
2025-05-23,8.65,18.6
2025-05-24,8.97,18.2
2025-05-25,8.86,18.0
2025-05-26,8.69,18.1
2025-05-27,9.08,18.2
2025-05-28,8.99,18.4
2025-05-29,8.69,18.3
2025-05-30,10.21,18.9
2025-05-31,10.98,19.5
2025-06-01,10.57,20.0
2025-06-02,9.81,20.3
2025-06-03,10.46,20.6
2025-06-04,10.44,20.7
2025-06-05,9.05,20.5
2025-06-06,8.6,20.4
2025-06-07,8.3,20.3
2025-06-08,7.91,20.0
2025-06-09,7.59,19.8
2025-06-10,7.8,19.7
2025-06-11,8.19,19.9
2025-06-12,8.54,20.4
2025-06-13,8.12,21.2
2025-06-14,8.78,22.0
2025-06-15,8.43,22.5
2025-06-16,7.77,22.6
2025-06-17,7.69,22.8
2025-06-18,8.92,23.1
2025-06-19,10.13,23.4
2025-06-20,11.08,23.7
2025-06-21,12.37,24.1
2025-06-22,12.32,24.4
2025-06-23,11.04,24.4
2025-06-24,9.8,24.2
2025-06-25,8.96,24.3
2025-06-26,9.45,24.6
2025-06-27,9.88,24.7
2025-06-28,10.47,24.8
2025-06-29,11.29,25.1
2025-06-30,12.91,25.7
2025-07-01,14.46,26.3
2025-07-02,14.31,26.7
2025-07-03,13.5,26.8
2025-07-04,11.67,26.6
2025-07-05,9.78,26.4
2025-07-06,7.35,25.8
2025-07-07,5.22,24.9
2025-07-08,4.14,24.0
2025-07-09,4.2,23.2
2025-07-10,4.55,23.2
2025-07-11,5.77,23.3
2025-07-12,6.7,23.2
2025-07-13,7.2,23.3
2025-07-14,7.84,23.3
2025-07-15,6.99,23.4
2025-07-16,7.52,23.2
2025-07-17,7.59,22.9
2025-07-18,6.87,22.9
2025-07-19,7.45,23.3
2025-07-20,8.12,23.7
2025-07-21,7.87,23.7
2025-07-22,8.08,23.4
2025-07-23,8.39,23.0
2025-07-24,8.74,22.9
2025-07-25,10.28,22.9
2025-07-26,11.47,23.2
2025-07-27,11.56,23.0
2025-07-28,10.49,22.5
2025-07-29,10.24,22.1
2025-07-30,9.58,21.8
2025-07-31,8.56,21.6
2025-08-01,8.34,21.8
2025-08-02,8.33,21.7
2025-08-03,8.44,21.7
2025-08-04,8.89,21.5
2025-08-05,8.79,21.5
2025-08-06,9.03,21.4
2025-08-07,10.08,21.7
2025-08-08,11.03,22.0
2025-08-09,11.63,22.5
2025-08-10,12.21,22.8
2025-08-11,12.14,23.1
2025-08-12,12.11,23.5
2025-08-13,10.84,23.8
2025-08-14,10.39,24.3
2025-08-15,10.03,24.9
2025-08-16,8.33,25.0
2025-08-17,7.8,24.8
2025-08-18,7.42,24.6
2025-08-19,6.88,24.4
2025-08-20,0.0,20.1
2025-08-21,7.92,24.4
2025-08-22,7.15,23.8
2025-08-23,6.68,23.3
2025-08-24,7.03,22.7
2025-08-25,7.52,22.2
2025-08-26,8.09,22.0
2025-08-27,8.12,22.2
2025-08-28,7.44,22.2
2025-08-29,6.96,22.1
2025-08-30,6.83,22.1
2025-08-31,6.93,21.9
2025-09-01,6.85,21.7
2025-09-02,7.02,21.5
2025-09-03,6.8,21.3
2025-09-04,6.86,21.1
2025-09-05,6.9,21.1
2025-09-06,6.72,20.8
2025-09-07,7.11,20.8
2025-09-08,7.25,20.7
2025-09-09,6.85,20.4
2025-09-10,6.51,20.0
2025-09-11,6.49,19.6
2025-09-12,6.28,19.4
2025-09-13,6.18,19.2
2025-09-14,6.02,19.1
2025-09-15,6.28,19.2
2025-09-16,6.49,18.9
2025-09-17,6.5,18.7
2025-09-18,6.53,18.8
2025-09-19,6.44,19.0
2025-09-20,6.56,19.2
2025-09-21,6.47,19.3
2025-09-22,6.25,18.9
2025-09-23,6.38,18.1
2025-09-24,6.8,17.4
2025-09-25,6.97,16.6
2025-09-26,7.1,15.8
2025-09-27,7.19,15.6
2025-09-28,7.39,15.5
2025-09-29,7.41,15.7
2025-09-30,7.21,15.9
2025-10-01,7.08,15.7
2025-10-02,7.19,15.5
2025-10-03,7.19,15.1
2025-10-04,7.38,14.7
2025-10-05,7.67,14.4
2025-10-06,7.7,14.1
2025-10-07,8.15,14.1
2025-10-08,8.09,14.1
2025-10-09,7.98,14.2
2025-10-10,8.65,14.3
2025-10-11,8.67,14.3
2025-10-12,8.59,14.3
2025-10-13,8.68,14.3
2025-10-14,8.74,14.4
2025-10-15,8.77,14.5
2025-10-16,8.96,14.3
2025-10-17,8.81,14.3
2025-10-18,9.06,14.1
2025-10-19,9.08,13.7
2025-10-20,8.82,13.3
2025-10-21,8.83,13.3
2025-10-22,8.86,13.4
2025-10-23,8.89,13.4
2025-10-24,9.49,13.2
2025-10-25,9.86,12.6
2025-10-26,10.35,12.1
2025-10-27,10.26,11.6
2025-10-28,9.98,11.5
2025-10-29,9.95,11.4
2025-10-30,10.22,11.5
2025-10-31,10.56,11.2
2025-11-01,10.86,10.9
2025-11-02,10.94,10.9
2025-11-03,10.28,10.8
2025-11-04,8.95,10.7
2025-11-05,9.12,10.5
2025-11-06,9.95,10.1
2025-11-07,10.34,9.7
2025-11-08,10.09,9.5
2025-11-09,9.79,9.5
2025-11-10,9.82,9.6
2025-11-11,9.58,9.6
2025-11-12,9.85,9.4
2025-11-13,9.62,9.3
2025-11-14,9.58,9.2
2025-11-15,9.58,9.3
2025-11-16,9.69,9.4
2025-11-17,9.81,9.2
2025-11-18,9.58,8.7
2025-11-19,9.78,8.3
2025-11-20,10.25,7.9
2025-11-21,10.46,7.3
2025-11-22,10.6,6.6
2025-11-23,10.8,5.9
2025-11-24,11.03,5.5
2025-11-25,11.17,5.5
2025-11-26,11.29,5.5
2025-11-27,11.51,5.5
2025-11-28,11.72,5.5
2025-11-29,11.81,5.7
2025-11-30,11.86,5.9
2025-12-01,11.85,5.8
2025-12-02,12.11,5.4
2025-12-03,12.2,5.2
2025-12-04,12.34,5.2
2025-12-05,12.24,5.2
2025-12-06,12.13,5.2
2025-12-07,12.0,5.4
2025-12-08,11.86,6.0
2025-12-09,11.9,6.3
2025-12-10,12.0,6.2
2025-12-11,12.19,6.1
2025-12-12,12.66,6.3
2025-12-13,12.76,6.5
2025-12-14,12.56,6.7
2025-12-15,12.58,6.8
2025-12-16,12.51,6.6
2025-12-17,12.44,6.2
2025-12-18,12.34,6.1
2025-12-19,11.99,6.2
2025-12-20,11.78,6.3
2025-12-21,11.66,6.2
2025-12-22,11.56,6.1
2025-12-23,11.55,6.0
2025-12-24,11.84,5.6
2025-12-25,12.03,5.1
