date,oxygen_mg_l,temp_spot_c
1990-01-01,,2.5
1990-01-02,,2.2
1990-01-03,,2.1
1990-01-04,,2.0
1990-01-05,,1.8
1990-01-06,,1.8
1990-01-07,,1.8
1990-01-08,,1.4
1990-01-09,,2.0
1990-01-10,,2.1
1990-01-11,,2.0
1990-01-12,,1.9
1990-01-13,,1.5
1990-01-14,,1.2
1990-01-15,,1.3
1990-01-16,,1.3
1990-01-17,,1.9
1990-01-18,,2.5
1990-01-19,,2.7
1990-01-20,,2.3
1990-01-21,,2.7
1990-01-22,,3.0
1990-01-23,,3.2
1990-01-24,,3.4
1990-01-25,,3.9
1990-01-26,,4.1
1990-01-27,,4.0
1990-01-28,,4.0
1990-01-29,,3.6
1990-01-30,,3.6
1990-01-31,,3.4
1990-02-01,,3.5
1990-02-02,,3.6
1990-02-03,,3.4
1990-02-04,,3.9
1990-02-05,,4.0
1990-02-06,,3.5
1990-02-07,,3.4
1990-02-08,,3.5
1990-02-09,,4.3
1990-02-10,,4.1
1990-02-11,,4.3
1990-02-12,,4.3
1990-02-13,,4.0
1990-02-14,,4.0
1990-02-15,,4.0
1990-02-16,,3.9
1990-02-17,,3.3
1990-02-18,,3.8
1990-02-19,,4.8
1990-02-20,,5.3
1990-02-21,,6.1
1990-02-22,,6.4
1990-02-23,,7.0
1990-02-24,,6.9
1990-02-25,,7.1
1990-02-26,,7.8
1990-02-27,,7.5
1990-02-28,,6.0
1990-03-01,,5.4
1990-03-02,,4.9
1990-03-03,,4.0
1990-03-04,,3.8
1990-03-05,,4.1
1990-03-06,,4.8
1990-03-07,,5.5
1990-03-08,,6.0
1990-03-09,,6.7
1990-03-10,,7.2
1990-03-11,,7.3
1990-03-12,,8.2
1990-03-13,,8.6
1990-03-14,,8.6
1990-03-15,,8.2
1990-03-16,,8.6
1990-03-17,,8.8
1990-03-18,,8.8
1990-03-19,,8.9
1990-03-20,,9.2
1990-03-21,,9.2
1990-03-22,,9.8
1990-03-23,,10.5
1990-03-24,,10.5
1990-03-25,,10.8
1990-03-26,,9.9
1990-03-27,,8.8
1990-03-28,,8.5
1990-03-29,,7.8
1990-03-30,,7.2
1990-03-31,,7.7
1990-04-01,,8.0
1990-04-02,,8.9
1990-04-03,,9.5
1990-04-04,,10.0
1990-04-05,,9.6
1990-04-06,,8.9
1990-04-07,,8.6
1990-04-08,,8.0
1990-04-09,,6.9
1990-04-10,,7.0
1990-04-11,,7.8
1990-04-12,,7.3
1990-04-13,,7.7
1990-04-14,,8.3
1990-04-15,,8.8
1990-04-16,,8.2
1990-04-17,,8.5
1990-04-18,,9.1
1990-04-19,,8.5
1990-04-20,,8.2
1990-04-21,,9.1
1990-04-22,,10.0
1990-04-23,,10.3
1990-04-24,,10.3
1990-04-25,,10.2
1990-04-26,,10.6
1990-04-27,,10.8
1990-04-28,,10.2
1990-04-29,,10.6
1990-04-30,,11.2
1990-05-01,,11.8
1990-05-02,,12.6
1990-05-03,,13.5
1990-05-04,,14.0
1990-05-05,,14.7
1990-05-06,,15.2
1990-05-07,,15.5
1990-05-08,,15.7
1990-05-09,,15.7
1990-05-10,,15.7
1990-05-11,,16.1
1990-05-12,,15.8
1990-05-13,,15.7
1990-05-14,,15.8
1990-05-15,,16.0
1990-05-16,,16.0
1990-05-17,,16.5
1990-05-18,,16.8
1990-05-19,,16.7
1990-05-20,,16.5
1990-05-21,,16.8
1990-05-22,,16.9
1990-05-23,,17.0
1990-05-24,,16.9
1990-05-25,,16.6
1990-05-26,,15.8
1990-05-27,,15.3
1990-05-28,,15.5
1990-05-29,,15.0
1990-05-30,,14.5
1990-05-31,,14.8
1990-06-01,,15.4
1990-06-02,,16.0
1990-06-03,,15.8
1990-06-04,,15.8
1990-06-05,,15.8
1990-06-06,,16.4
1990-06-07,,15.4
1990-06-08,,15.7
1990-06-09,,14.8
1990-06-10,,14.2
1990-06-11,,13.7
1990-06-12,,13.7
1990-06-13,,13.7
1990-06-14,,13.3
1990-06-15,,13.7
1990-06-16,,13.7
1990-06-17,,14.0
1990-06-18,,14.9
1990-06-19,,15.3
1990-06-20,,16.3
1990-06-21,,17.2
1990-06-22,,17.6
1990-06-23,,17.0
1990-06-24,,16.3
1990-06-25,,16.4
1990-06-26,,17.0
1990-06-27,,18.0
1990-06-28,,18.6
1990-06-29,,18.4
1990-06-30,,19.3
1990-07-01,,19.9
1990-07-02,,19.2
1990-07-03,,18.7
1990-07-04,,17.9
1990-07-05,,17.0
1990-07-06,,16.0
1990-07-07,,15.0
1990-07-08,,14.8
1990-07-09,,14.5
1990-07-10,,14.9
1990-07-11,,15.2
1990-07-12,,15.5
1990-07-13,,16.0
1990-07-14,,17.0
1990-07-15,,17.3
1990-07-16,,17.6
1990-07-17,,18.2
1990-07-18,,18.2
1990-07-19,,18.0
1990-07-20,,17.6
1990-07-21,,18.2
1990-07-22,,18.8
1990-07-23,,19.2
1990-07-24,,19.4
1990-07-25,,19.4
1990-07-26,,19.4
1990-07-27,,19.5
1990-07-28,,19.8
1990-07-29,,20.0
1990-07-30,,20.7
1990-07-31,,21.0
1990-08-01,,21.1
1990-08-02,,21.5
1990-08-03,,21.1
1990-08-04,,21.0
1990-08-05,,21.0
1990-08-06,,21.1
1990-08-07,,20.3
1990-08-08,,19.9
1990-08-09,,19.8
1990-08-10,,18.9
1990-08-11,,19.0
1990-08-12,,19.4
1990-08-13,,19.9
1990-08-14,,20.1
1990-08-15,,20.0
1990-08-16,,20.0
1990-08-17,,19.9
1990-08-18,,19.0
1990-08-19,,19.0
1990-08-20,,19.0
1990-08-21,,18.7
1990-08-22,,17.8
1990-08-23,,17.4
1990-08-24,,17.7
1990-08-25,,18.2
1990-08-26,,19.0
1990-08-27,,19.0
1990-08-28,,19.0
1990-08-29,,19.1
1990-08-30,,19.4
1990-08-31,,19.4
1990-09-01,,19.0
1990-09-02,,18.4
1990-09-03,,17.9
1990-09-04,,17.7
1990-09-05,,17.4
1990-09-06,,16.8
1990-09-07,,16.6
1990-09-08,,15.8
1990-09-09,,15.3
1990-09-10,,14.9
1990-09-11,,14.0
1990-09-12,,14.1
1990-09-13,,14.0
1990-09-14,,14.2
1990-09-15,,14.4
1990-09-16,,14.9
1990-09-17,,14.5
1990-09-18,,14.9
1990-09-19,,14.7
1990-09-20,,15.0
1990-09-21,,14.9
1990-09-22,,14.1
1990-09-23,,13.9
1990-09-24,,14.4
1990-09-25,,13.9
1990-09-26,,13.3
1990-09-27,,13.1
1990-09-28,,12.9
1990-09-29,,12.8
1990-09-30,,13.0
1990-10-01,,13.5
1990-10-02,,14.0
1990-10-03,,13.7
1990-10-04,,13.9
1990-10-05,,13.8
1990-10-06,,13.7
1990-10-07,,14.0
1990-10-08,,13.6
1990-10-09,,12.5
1990-10-10,,11.8
1990-10-11,,12.0
1990-10-12,,11.6
1990-10-13,,12.2
1990-10-14,,12.6
1990-10-15,,12.8
1990-10-16,,13.1
1990-10-17,,13.1
1990-10-18,,13.1
1990-10-19,,13.2
1990-10-20,,13.2
1990-10-21,,13.1
1990-10-22,,11.6
1990-10-23,,9.9
1990-10-24,,9.2
1990-10-25,,9.2
1990-10-26,,9.4
1990-10-27,,9.6
1990-10-28,,9.7
1990-10-29,,9.9
1990-10-30,,9.8
1990-10-31,,9.6
1990-11-01,,9.3
1990-11-02,,9.0
1990-11-03,,8.6
1990-11-04,,8.0
1990-11-05,,7.6
1990-11-06,,7.0
1990-11-07,,6.3
1990-11-08,,6.1
1990-11-09,,6.0
1990-11-10,,5.8
1990-11-11,,5.4
1990-11-12,,6.0
1990-11-13,,6.7
1990-11-14,,6.9
1990-11-15,,7.2
1990-11-16,,7.5
1990-11-17,,8.0
1990-11-18,,8.6
1990-11-19,,8.3
1990-11-20,,8.0
1990-11-21,,8.0
1990-11-22,,7.8
1990-11-23,,7.2
1990-11-24,,6.3
1990-11-25,,5.6
1990-11-26,,5.4
1990-11-27,,5.3
1990-11-28,,5.1
1990-11-29,,5.0
1990-11-30,,5.0
1990-12-01,,4.6
1990-12-02,,3.9
1990-12-03,,3.8
1990-12-04,,3.8
1990-12-05,,3.5
1990-12-06,,3.3
1990-12-07,,3.0
1990-12-08,,2.2
1990-12-09,,1.8
1990-12-10,,1.6
1990-12-11,,1.7
1990-12-12,,1.7
1990-12-13,,1.8
1990-12-14,,1.5
1990-12-15,,1.7
1990-12-16,,1.8
1990-12-17,,2.0
1990-12-18,,1.8
1990-12-19,,1.7
1990-12-20,,1.7
1990-12-21,,1.7
1990-12-22,,1.7
1990-12-23,,2.1
1990-12-24,,2.4
1990-12-25,,2.8
1990-12-26,,2.9
1990-12-27,,2.8
1990-12-28,,3.2
1990-12-29,,3.0
1990-12-30,,3.5
1990-12-31,,4.3
1991-01-01,,4.9
1991-01-02,,5.0
1991-01-03,,4.8
1991-01-04,,5.1
1991-01-05,,5.1
1991-01-06,,4.9
1991-01-07,,4.7
1991-01-08,,4.7
1991-01-09,,4.8
1991-01-10,,4.8
1991-01-11,,5.2
1991-01-12,,5.6
1991-01-13,,6.0
1991-01-14,,5.2
1991-01-15,,4.0
1991-01-16,,2.6
1991-01-17,,2.0
1991-01-18,,1.4
1991-01-19,,1.0
1991-01-20,,1.2
1991-01-21,,2.0
1991-01-22,,2.4
1991-01-23,,2.5
1991-01-24,,2.6
1991-01-25,,2.6
1991-01-26,,2.4
1991-01-27,,2.4
1991-01-28,,2.2
1991-01-29,,1.8
1991-01-30,,1.6
1991-01-31,,1.4
1991-02-01,,0.6
1991-02-02,,0.1
1991-02-03,,0.0
1991-02-04,,0.1
1991-02-05,,0.0
1991-02-06,,0.0
1991-02-07,,0.0
1991-02-08,,0.0
1991-02-09,,0.6
1991-02-10,,0.8
1991-02-11,,0.6
1991-02-12,,0.7
1991-02-13,,0.8
1991-02-14,,0.9
1991-02-15,,0.8
1991-02-16,,0.9
1991-02-17,,1.2
1991-02-18,,1.1
1991-02-19,,1.3
1991-02-20,,1.8
1991-02-21,,1.9
1991-02-22,,2.2
1991-02-23,,2.6
1991-02-24,,3.0
1991-02-25,,3.8
1991-02-26,,4.3
1991-02-27,,4.5
1991-02-28,,4.2
1991-03-01,,4.2
1991-03-02,,3.8
1991-03-03,,3.9
1991-03-04,,4.0
1991-03-05,,4.2
1991-03-06,,4.6
1991-03-07,,5.0
1991-03-08,,5.5
1991-03-09,,6.4
1991-03-10,,6.9
1991-03-11,,7.1
1991-03-12,,7.6
1991-03-13,,7.6
1991-03-14,,7.2
1991-03-15,,7.0
1991-03-16,,7.5
1991-03-17,,8.3
1991-03-18,,8.8
1991-03-19,,8.9
1991-03-20,,9.0
1991-03-21,,9.8
1991-03-22,,10.3
1991-03-23,,10.0
1991-03-24,,9.6
1991-03-25,,9.6
1991-03-26,,8.8
1991-03-27,,7.6
1991-03-28,,7.1
1991-03-29,,6.4
1991-03-30,,6.0
1991-03-31,,6.0
1991-04-01,,6.5
1991-04-02,,7.5
1991-04-03,,8.3
1991-04-04,,9.0
1991-04-05,,9.4
1991-04-06,,9.5
1991-04-07,,9.8
1991-04-08,,9.6
1991-04-09,,9.0
1991-04-10,,9.2
1991-04-11,,9.5
1991-04-12,,10.0
1991-04-13,,10.5
1991-04-14,,11.1
1991-04-15,,11.4
1991-04-16,,12.0
1991-04-17,,11.8
1991-04-18,,10.8
1991-04-19,,10.0
1991-04-20,,9.8
1991-04-21,,9.1
1991-04-22,,8.8
1991-04-23,,8.9
1991-04-24,,8.8
1991-04-25,,8.7
1991-04-26,,9.0
1991-04-27,,9.6
1991-04-28,,10.4
1991-04-29,,11.2
1991-04-30,,11.2
1991-05-01,,11.2
1991-05-02,,11.2
1991-05-03,,10.9
1991-05-04,,10.7
1991-05-05,,10.3
1991-05-06,,9.9
1991-05-07,,10.0
1991-05-08,,10.0
1991-05-09,,10.7
1991-05-10,,11.1
1991-05-11,,11.9
1991-05-12,,11.7
1991-05-13,,10.4
1991-05-14,,10.0
1991-05-15,,10.0
1991-05-16,,10.0
1991-05-17,,10.1
1991-05-18,,10.0
1991-05-19,,10.2
1991-05-20,,10.7
1991-05-21,,11.5
1991-05-22,,12.0
1991-05-23,,13.1
1991-05-24,,13.5
1991-05-25,,13.2
1991-05-26,,12.9
1991-05-27,,12.5
1991-05-28,,13.1
1991-05-29,,13.5
1991-05-30,,13.9
1991-05-31,,14.5
1991-06-01,,15.2
1991-06-02,,15.5
1991-06-03,,16.1
1991-06-04,,15.9
1991-06-05,,15.7
1991-06-06,,15.4
1991-06-07,,14.8
1991-06-08,,15.0
1991-06-09,,14.9
1991-06-10,,15.3
1991-06-11,,15.2
1991-06-12,,15.7
1991-06-13,,16.0
1991-06-14,,16.7
1991-06-15,,16.1
1991-06-16,,16.8
1991-06-17,,16.0
1991-06-18,,13.7
1991-06-19,,11.8
1991-06-20,,12.6
1991-06-21,,12.9
1991-06-22,,13.4
1991-06-23,,14.4
1991-06-24,,15.7
1991-06-25,,16.5
1991-06-26,,17.0
1991-06-27,,17.1
1991-06-28,,17.0
1991-06-29,,15.0
1991-06-30,,14.4
1991-07-01,,14.5
1991-07-02,,15.0
1991-07-03,,16.0
1991-07-04,,16.9
1991-07-05,,18.0
1991-07-06,,18.9
1991-07-07,,19.5
1991-07-08,,20.2
1991-07-09,,20.8
1991-07-10,,20.7
1991-07-11,,20.6
1991-07-12,,21.1
1991-07-13,,21.6
1991-07-14,,21.5
1991-07-15,,20.0
1991-07-16,,19.5
1991-07-17,,19.0
1991-07-18,,18.7
1991-07-19,,18.0
1991-07-20,,17.9
1991-07-21,,18.0
1991-07-22,,18.3
1991-07-23,,18.8
1991-07-24,,19.3
1991-07-25,,19.0
1991-07-26,,18.9
1991-07-27,,18.2
1991-07-28,,17.5
1991-07-29,,17.0
1991-07-30,,17.3
1991-07-31,,18.0
1991-08-01,,17.8
1991-08-02,,17.0
1991-08-03,,16.6
1991-08-04,,16.4
1991-08-05,,16.9
1991-08-06,,16.9
1991-08-07,,17.5
1991-08-08,,18.4
1991-08-09,,19.2
1991-08-10,,19.1
1991-08-11,,19.5
1991-08-12,,20.0
1991-08-13,,20.3
1991-08-14,,20.4
1991-08-15,,20.0
1991-08-16,,19.4
1991-08-17,,19.2
1991-08-18,,19.4
1991-08-19,,19.2
1991-08-20,,19.1
1991-08-21,,19.1
1991-08-22,,19.3
1991-08-23,,19.0
1991-08-24,,18.7
1991-08-25,,18.4
1991-08-26,,18.3
1991-08-27,,18.2
1991-08-28,,17.9
1991-08-29,,17.6
1991-08-30,,17.6
1991-08-31,,17.8
1991-09-01,,17.8
1991-09-02,,17.8
1991-09-03,,17.8
1991-09-04,,18.1
1991-09-05,,18.2
1991-09-06,,18.3
1991-09-07,,17.7
1991-09-08,,17.0
1991-09-09,,16.8
1991-09-10,,17.1
1991-09-11,,17.5
1991-09-12,,17.6
1991-09-13,,17.2
1991-09-14,,17.2
1991-09-15,,17.1
1991-09-16,,17.1
1991-09-17,,17.0
1991-09-18,,17.1
1991-09-19,,17.0
1991-09-20,,17.0
1991-09-21,,16.8
1991-09-22,,16.5
1991-09-23,,16.5
1991-09-24,,16.2
1991-09-25,,16.1
1991-09-26,,16.5
1991-09-27,,16.4
1991-09-28,,15.7
1991-09-29,,15.0
1991-09-30,,14.8
1991-10-01,,14.4
1991-10-02,,14.2
1991-10-03,,13.5
1991-10-04,,13.0
1991-10-05,,13.2
1991-10-06,,13.4
1991-10-07,,13.2
1991-10-08,,13.2
1991-10-09,,13.0
1991-10-10,,13.1
1991-10-11,,13.0
1991-10-12,,13.2
1991-10-13,,13.1
1991-10-14,,13.2
1991-10-15,,13.4
1991-10-16,,13.3
1991-10-17,,13.2
1991-10-18,,12.7
1991-10-19,,11.7
1991-10-20,,10.9
1991-10-21,,10.1
1991-10-22,,9.3
1991-10-23,,9.0
1991-10-24,,8.7
1991-10-25,,8.8
1991-10-26,,8.6
1991-10-27,,7.7
1991-10-28,,7.0
1991-10-29,,6.3
1991-10-30,,6.0
1991-10-31,,5.9
1991-11-01,,5.2
1991-11-02,,5.0
1991-11-03,,5.5
1991-11-04,,7.0
1991-11-05,,7.2
1991-11-06,,7.1
1991-11-07,,7.0
1991-11-08,,6.8
1991-11-09,,7.1
1991-11-10,,7.0
1991-11-11,,6.3
1991-11-12,,6.2
1991-11-13,,6.3
1991-11-14,,6.4
1991-11-15,,6.3
1991-11-16,,6.2
1991-11-17,,6.0
1991-11-18,,5.8
1991-11-19,,5.6
1991-11-20,,5.7
1991-11-21,,5.6
1991-11-22,,5.4
1991-11-23,,5.2
1991-11-24,,4.9
1991-11-25,,4.5
1991-11-26,,4.6
1991-11-27,,4.5
1991-11-28,,4.4
1991-11-29,,4.5
1991-11-30,,4.3
1991-12-01,,4.3
1991-12-02,,4.0
1991-12-03,,3.9
1991-12-04,,3.7
1991-12-05,,3.5
1991-12-06,,3.0
1991-12-07,,2.9
1991-12-08,,2.7
1991-12-09,,2.8
1991-12-10,,1.8
1991-12-11,,1.0
1991-12-12,,0.5
1991-12-13,,0.3
1991-12-14,,0.3
1991-12-15,,0.6
1991-12-16,,0.5
1991-12-17,,0.6
1991-12-18,,0.8
1991-12-19,,1.0
1991-12-20,,1.8
1991-12-21,,1.8
1991-12-22,,2.3
1991-12-23,,3.2
1991-12-24,,3.9
1991-12-25,,3.8
1991-12-26,,3.5
1991-12-27,,3.1
1991-12-28,,3.4
1991-12-29,,3.1
1991-12-30,,3.0
1991-12-31,,2.8
1992-01-01,,2.8
1992-01-02,,2.3
1992-01-03,,2.1
1992-01-04,,1.9
1992-01-05,,2.3
1992-01-06,,2.9
1992-01-07,,3.2
1992-01-08,,2.8
1992-01-09,,3.0
1992-01-10,,3.6
1992-01-11,,4.0
1992-01-12,,4.0
1992-01-13,,4.1
1992-01-14,,3.8
1992-01-15,,3.8
1992-01-16,,3.9
1992-01-17,,3.8
1992-01-18,,3.7
1992-01-19,,3.5
1992-01-20,,3.3
1992-01-21,,2.0
1992-01-22,,1.0
1992-01-23,,0.7
1992-01-24,,0.3
1992-01-25,,1.3
1992-01-26,,1.4
1992-01-27,,1.7
1992-01-28,,1.6
1992-01-29,,1.3
1992-01-30,,1.5
1992-01-31,,1.7
1992-02-01,,1.7
1992-02-02,,1.9
1992-02-03,,2.0
1992-02-04,,1.9
1992-02-05,,2.0
1992-02-06,,2.5
1992-02-07,,3.2
1992-02-08,,3.6
1992-02-09,,3.5
1992-02-10,,3.2
1992-02-11,,3.4
1992-02-12,,3.7
1992-02-13,,4.0
1992-02-14,,4.8
1992-02-15,,4.7
1992-02-16,,4.6
1992-02-17,,4.5
1992-02-18,,3.9
1992-02-19,,3.2
1992-02-20,,2.9
1992-02-21,,2.8
1992-02-22,,2.9
1992-02-23,,3.0
1992-02-24,,3.2
1992-02-25,,3.4
1992-02-26,,3.3
1992-02-27,,4.0
1992-02-28,,4.5
1992-02-29,,4.6
1992-03-01,,4.8
1992-03-02,,5.2
1992-03-03,,5.2
1992-03-04,,5.5
1992-03-05,,5.8
1992-03-06,,6.3
1992-03-07,,6.5
1992-03-08,,6.8
1992-03-09,,6.2
1992-03-10,,6.4
1992-03-11,,6.7
1992-03-12,,6.9
1992-03-13,,6.7
1992-03-14,,6.5
1992-03-15,,6.3
1992-03-16,,5.6
1992-03-17,,5.0
1992-03-18,,5.0
1992-03-19,,5.5
1992-03-20,,6.4
1992-03-21,,7.2
1992-03-22,,7.4
1992-03-23,,6.9
1992-03-24,,6.6
1992-03-25,,5.6
1992-03-26,,5.2
1992-03-27,,5.3
1992-03-28,,5.3
1992-03-29,,5.2
1992-03-30,,5.6
1992-03-31,,6.4
1992-04-01,,7.0
1992-04-02,,6.9
1992-04-03,,7.5
1992-04-04,,7.8
1992-04-05,,7.8
1992-04-06,,6.6
1992-04-07,,6.4
1992-04-08,,6.7
1992-04-09,,7.2
1992-04-10,,7.9
1992-04-11,,8.6
1992-04-12,,9.0
1992-04-13,,10.0
1992-04-14,,10.2
1992-04-15,,10.2
1992-04-16,,9.7
1992-04-17,,9.0
1992-04-18,,8.5
1992-04-19,,8.1
1992-04-20,,8.4
1992-04-21,,8.9
1992-04-22,,9.6
1992-04-23,,10.2
1992-04-24,,10.5
1992-04-25,,11.4
1992-04-26,,12.2
1992-04-27,,13.0
1992-04-28,,12.8
1992-04-29,,12.8
1992-04-30,,11.5
1992-05-01,,11.0
1992-05-02,,11.7
1992-05-03,,11.7
1992-05-04,,11.2
1992-05-05,,11.1
1992-05-06,,11.3
1992-05-07,,11.7
1992-05-08,,12.2
1992-05-09,,12.4
1992-05-10,,12.5
1992-05-11,,12.8
1992-05-12,,12.6
1992-05-13,,13.2
1992-05-14,,14.0
1992-05-15,,14.6
1992-05-16,,15.4
1992-05-17,,15.9
1992-05-18,,16.0
1992-05-19,,15.5
1992-05-20,,14.8
1992-05-21,,14.4
1992-05-22,,14.4
1992-05-23,,14.7
1992-05-24,,15.0
1992-05-25,,15.4
1992-05-26,,15.8
1992-05-27,,16.0
1992-05-28,,15.8
1992-05-29,,16.0
1992-05-30,,16.2
1992-05-31,,16.3
1992-06-01,,16.9
1992-06-02,,17.2
1992-06-03,,17.4
1992-06-04,,17.0
1992-06-05,,16.8
1992-06-06,,16.6
1992-06-07,,16.5
1992-06-08,,16.7
1992-06-09,,16.2
1992-06-10,,15.8
1992-06-11,,15.3
1992-06-12,,15.6
1992-06-13,,15.7
1992-06-14,,15.7
1992-06-15,,16.1
1992-06-16,,16.7
1992-06-17,,17.5
1992-06-18,,17.1
1992-06-19,,17.4
1992-06-20,,16.7
1992-06-21,,16.5
1992-06-22,,16.9
1992-06-23,,17.0
1992-06-24,,16.9
1992-06-25,,17.1
1992-06-26,,16.7
1992-06-27,,16.5
1992-06-28,,16.4
1992-06-29,,17.3
1992-06-30,,18.0
1992-07-01,,18.7
1992-07-02,,19.0
1992-07-03,,19.4
1992-07-04,,19.7
1992-07-05,,19.1
1992-07-06,,18.3
1992-07-07,,18.4
1992-07-08,,17.8
1992-07-09,,17.5
1992-07-10,,18.0
1992-07-11,,18.0
1992-07-12,,17.0
1992-07-13,,16.7
1992-07-14,,16.9
1992-07-15,,17.3
1992-07-16,,17.3
1992-07-17,,17.7
1992-07-18,,18.7
1992-07-19,,18.7
1992-07-20,,19.2
1992-07-21,,19.8
1992-07-22,,20.7
1992-07-23,,20.4
1992-07-24,,20.8
1992-07-25,,20.7
1992-07-26,,20.0
1992-07-27,,20.2
1992-07-28,,20.2
1992-07-29,,20.0
1992-07-30,,19.6
1992-07-31,,20.2
1992-08-01,,20.8
1992-08-02,,20.8
1992-08-03,,20.9
1992-08-04,,21.5
1992-08-05,,21.2
1992-08-06,,21.2
1992-08-07,,21.6
1992-08-08,,21.9
1992-08-09,,22.3
1992-08-10,,23.0
1992-08-11,,22.0
1992-08-12,,21.2
1992-08-13,,20.8
1992-08-14,,20.3
1992-08-15,,19.3
1992-08-16,,19.0
1992-08-17,,19.1
1992-08-18,,19.4
1992-08-19,,20.0
1992-08-20,,20.7
1992-08-21,,21.2
1992-08-22,,21.3
1992-08-23,,21.1
1992-08-24,,21.0
1992-08-25,,20.4
1992-08-26,,20.6
1992-08-27,,20.9
1992-08-28,,21.0
1992-08-29,,21.3
1992-08-30,,21.2
1992-08-31,,21.0
1992-09-01,,20.4
1992-09-02,,18.9
1992-09-03,,18.5
1992-09-04,,18.0
1992-09-05,,17.0
1992-09-06,,15.6
1992-09-07,,14.9
1992-09-08,,15.2
1992-09-09,,14.8
1992-09-10,,15.0
1992-09-11,,15.2
1992-09-12,,16.0
1992-09-13,,16.0
1992-09-14,,16.6
1992-09-15,,16.0
1992-09-16,,16.0
1992-09-17,,16.4
1992-09-18,,16.3
1992-09-19,,16.6
1992-09-20,,16.4
1992-09-21,,16.7
1992-09-22,,16.8
1992-09-23,,16.8
1992-09-24,,16.8
1992-09-25,,16.1
1992-09-26,,16.0
1992-09-27,,15.6
1992-09-28,,15.9
1992-09-29,,15.9
1992-09-30,,15.5
1992-10-01,,15.0
1992-10-02,,14.8
1992-10-03,,14.9
1992-10-04,,14.4
1992-10-05,,13.7
1992-10-06,,14.1
1992-10-07,,14.2
1992-10-08,,14.0
1992-10-09,,14.1
1992-10-10,,14.0
1992-10-11,,13.2
1992-10-12,,12.4
1992-10-13,,11.3
1992-10-14,,10.3
1992-10-15,,10.3
1992-10-16,,10.6
1992-10-17,,10.3
1992-10-18,,9.7
1992-10-19,,8.6
1992-10-20,,8.2
1992-10-21,,8.4
1992-10-22,,8.6
1992-10-23,,8.1
1992-10-24,,8.0
1992-10-25,,7.8
1992-10-26,,7.8
1992-10-27,,7.4
1992-10-28,,7.3
1992-10-29,,7.7
1992-10-30,,7.8
1992-10-31,,7.7
1992-11-01,,7.2
1992-11-02,,7.0
1992-11-03,,7.0
1992-11-04,,7.2
1992-11-05,,7.1
1992-11-06,,7.7
1992-11-07,,8.5
1992-11-08,,8.6
1992-11-09,,8.2
1992-11-10,,8.0
1992-11-11,,8.1
1992-11-12,,8.0
1992-11-13,,7.2
1992-11-14,,6.4
1992-11-15,,6.0
1992-11-16,,5.8
1992-11-17,,6.2
1992-11-18,,6.0
1992-11-19,,5.8
1992-11-20,,5.7
1992-11-21,,5.2
1992-11-22,,5.6
1992-11-23,,7.4
1992-11-24,,8.0
1992-11-25,,7.5
1992-11-26,,7.3
1992-11-27,,7.4
1992-11-28,,7.1
1992-11-29,,7.3
1992-11-30,,7.2
1992-12-01,,7.9
1992-12-02,,7.5
1992-12-03,,7.5
1992-12-04,,7.5
1992-12-05,,7.1
1992-12-06,,6.6
1992-12-07,,5.7
1992-12-08,,5.2
1992-12-09,,5.1
1992-12-10,,5.1
1992-12-11,,5.0
1992-12-12,,4.8
1992-12-13,,4.7
1992-12-14,,4.6
1992-12-15,,4.4
1992-12-16,,4.3
1992-12-17,,4.0
1992-12-18,,4.0
1992-12-19,,4.0
1992-12-20,,4.0
1992-12-21,,4.0
1992-12-22,,5.0
1992-12-23,,5.5
1992-12-24,,5.5
1992-12-25,,5.2
1992-12-26,,4.5
1992-12-27,,3.7
1992-12-28,,3.1
1992-12-29,,2.2
1992-12-30,,1.6
1992-12-31,,1.1
1993-01-01,,0.9
1993-01-02,,0.5
1993-01-03,,0.2
1993-01-04,,0.2
1993-01-05,,0.0
1993-01-06,,0.0
1993-01-07,,0.6
1993-01-08,,1.1
1993-01-09,,2.3
1993-01-10,,3.4
1993-01-11,,3.7
1993-01-12,,4.3
1993-01-13,,4.9
1993-01-14,,5.1
1993-01-15,,5.2
1993-01-16,,5.0
1993-01-17,,5.2
1993-01-18,,4.9
1993-01-19,,4.9
1993-01-20,,5.0
1993-01-21,,5.3
1993-01-22,,5.3
1993-01-23,,5.8
1993-01-24,,6.3
1993-01-25,,6.4
1993-01-26,,5.8
1993-01-27,,4.9
1993-01-28,,4.6
1993-01-29,,4.6
1993-01-30,,4.6
1993-01-31,,3.7
1993-02-01,,3.0
1993-02-02,,2.7
1993-02-03,,3.0
1993-02-04,,3.0
1993-02-05,,3.2
1993-02-06,,3.6
1993-02-07,,3.7
1993-02-08,,4.2
1993-02-09,,4.1
1993-02-10,,4.0
1993-02-11,,3.9
1993-02-12,,3.7
1993-02-13,,3.7
1993-02-14,,3.7
1993-02-15,,3.4
1993-02-16,,3.5
1993-02-17,,3.4
1993-02-18,,3.4
1993-02-19,,3.7
1993-02-20,,3.7
1993-02-21,,3.6
1993-02-22,,3.2
1993-02-23,,2.6
1993-02-24,,2.1
1993-02-25,,2.0
1993-02-26,,2.2
1993-02-27,,2.1
1993-02-28,,2.1
1993-03-01,,2.3
1993-03-02,,2.4
1993-03-03,,2.8
1993-03-04,,2.6
1993-03-05,,2.4
1993-03-06,,2.6
1993-03-07,,2.8
1993-03-08,,3.2
1993-03-09,,3.0
1993-03-10,,3.2
1993-03-11,,4.0
1993-03-12,,4.5
1993-03-13,,5.0
1993-03-14,,5.4
1993-03-15,,5.8
1993-03-16,,6.0
1993-03-17,,7.0
1993-03-18,,7.4
1993-03-19,,8.5
1993-03-20,,8.6
1993-03-21,,8.8
1993-03-22,,9.0
1993-03-23,,8.9
1993-03-24,,8.9
1993-03-25,,8.6
1993-03-26,,7.6
1993-03-27,,6.8
1993-03-28,,6.0
1993-03-29,,5.2
1993-03-30,,5.0
1993-03-31,,5.2
1993-04-01,,6.2
1993-04-02,,7.3
1993-04-03,,7.3
1993-04-04,,7.2
1993-04-05,,7.6
1993-04-06,,8.0
1993-04-07,,8.3
1993-04-08,,8.2
1993-04-09,,8.2
1993-04-10,,8.8
1993-04-11,,9.0
1993-04-12,,9.2
1993-04-13,,9.1
1993-04-14,,9.2
1993-04-15,,9.7
1993-04-16,,9.9
1993-04-17,,9.9
1993-04-18,,10.0
1993-04-19,,10.2
1993-04-20,,10.4
1993-04-21,,11.1
1993-04-22,,11.9
1993-04-23,,12.7
1993-04-24,,13.3
1993-04-25,,13.9
1993-04-26,,14.0
1993-04-27,,14.8
1993-04-28,,15.0
1993-04-29,,15.0
1993-04-30,,15.2
1993-05-01,,15.4
1993-05-02,,16.0
1993-05-03,,15.8
1993-05-04,,15.0
1993-05-05,,14.4
1993-05-06,,14.0
1993-05-07,,13.2
1993-05-08,,13.4
1993-05-09,,14.0
1993-05-10,,14.4
1993-05-11,,15.0
1993-05-12,,15.7
1993-05-13,,16.1
1993-05-14,,16.0
1993-05-15,,16.0
1993-05-16,,16.0
1993-05-17,,16.2
1993-05-18,,16.4
1993-05-19,,16.9
1993-05-20,,17.5
1993-05-21,,17.6
1993-05-22,,16.6
1993-05-23,,16.0
1993-05-24,,16.4
1993-05-25,,16.8
1993-05-26,,17.4
1993-05-27,,18.2
1993-05-28,,18.4
1993-05-29,,18.1
1993-05-30,,17.9
1993-05-31,,18.2
1993-06-01,,18.0
1993-06-02,,18.4
1993-06-03,,18.3
1993-06-04,,17.8
1993-06-05,,17.3
1993-06-06,,17.6
1993-06-07,,18.1
1993-06-08,,18.5
1993-06-09,,19.0
1993-06-10,,19.7
1993-06-11,,20.0
1993-06-12,,19.2
1993-06-13,,18.4
1993-06-14,,17.6
1993-06-15,,17.3
1993-06-16,,16.8
1993-06-17,,17.0
1993-06-18,,16.8
1993-06-19,,16.7
1993-06-20,,17.5
1993-06-21,,17.2
1993-06-22,,16.8
1993-06-23,,17.1
1993-06-24,,17.2
1993-06-25,,16.8
1993-06-26,,16.4
1993-06-27,,15.9
1993-06-28,,15.6
1993-06-29,,15.7
1993-06-30,,16.0
1993-07-01,,17.0
1993-07-02,,17.5
1993-07-03,,18.2
1993-07-04,,19.0
1993-07-05,,20.0
1993-07-06,,20.1
1993-07-07,,19.2
1993-07-08,,18.4
1993-07-09,,18.3
1993-07-10,,18.6
1993-07-11,,17.7
1993-07-12,,16.2
1993-07-13,,14.2
1993-07-14,,14.0
1993-07-15,,13.8
1993-07-16,,14.0
1993-07-17,,14.9
1993-07-18,,15.5
1993-07-19,,16.3
1993-07-20,,16.4
1993-07-21,,15.7
1993-07-22,,15.0
1993-07-23,,15.0
1993-07-24,,15.0
1993-07-25,,15.6
1993-07-26,,15.8
1993-07-27,,15.9
1993-07-28,,16.0
1993-07-29,,15.8
1993-07-30,,16.6
1993-07-31,,17.2
1993-08-01,,17.2
1993-08-02,,17.4
1993-08-03,,17.8
1993-08-04,,18.0
1993-08-05,,18.4
1993-08-06,,18.3
1993-08-07,,18.2
1993-08-08,,18.5
1993-08-09,,18.4
1993-08-10,,18.1
1993-08-11,,17.0
1993-08-12,,16.6
1993-08-13,,16.9
1993-08-14,,17.5
1993-08-15,,17.9
1993-08-16,,18.5
1993-08-17,,19.1
1993-08-18,,19.0
1993-08-19,,18.9
1993-08-20,,18.7
1993-08-21,,19.0
1993-08-22,,19.4
1993-08-23,,19.8
1993-08-24,,19.0
1993-08-25,,18.0
1993-08-26,,17.2
1993-08-27,,16.8
1993-08-28,,15.7
1993-08-29,,14.3
1993-08-30,,13.8
1993-08-31,,13.8
1993-09-01,,14.1
1993-09-02,,14.1
1993-09-03,,14.7
1993-09-04,,14.4
1993-09-05,,13.8
1993-09-06,,12.9
1993-09-07,,12.8
1993-09-08,,13.4
1993-09-09,,14.0
1993-09-10,,14.3
1993-09-11,,14.6
1993-09-12,,14.9
1993-09-13,,14.9
1993-09-14,,14.9
1993-09-15,,14.5
1993-09-16,,14.9
1993-09-17,,14.5
1993-09-18,,14.4
1993-09-19,,14.3
1993-09-20,,14.4
1993-09-21,,14.8
1993-09-22,,15.1
1993-09-23,,15.3
1993-09-24,,15.7
1993-09-25,,15.8
1993-09-26,,15.6
1993-09-27,,14.8
1993-09-28,,14.2
1993-09-29,,14.0
1993-09-30,,13.2
1993-10-01,,12.4
1993-10-02,,12.3
1993-10-03,,12.3
1993-10-04,,11.9
1993-10-05,,12.2
1993-10-06,,12.6
1993-10-07,,12.9
1993-10-08,,12.8
1993-10-09,,12.8
1993-10-10,,12.3
1993-10-11,,12.3
1993-10-12,,12.3
1993-10-13,,12.7
1993-10-14,,13.0
1993-10-15,,12.7
1993-10-16,,12.3
1993-10-17,,11.6
1993-10-18,,10.5
1993-10-19,,9.7
1993-10-20,,9.4
1993-10-21,,9.1
1993-10-22,,8.9
1993-10-23,,8.4
1993-10-24,,8.3
1993-10-25,,7.9
1993-10-26,,7.4
1993-10-27,,7.2
1993-10-28,,7.1
1993-10-29,,7.0
1993-10-30,,6.7
1993-10-31,,6.5
1993-11-01,,6.5
1993-11-02,,6.7
1993-11-03,,6.7
1993-11-04,,7.0
1993-11-05,,7.0
1993-11-06,,7.4
1993-11-07,,7.9
1993-11-08,,8.1
1993-11-09,,8.2
1993-11-10,,8.1
1993-11-11,,8.1
1993-11-12,,7.8
1993-11-13,,7.2
1993-11-14,,6.9
1993-11-15,,7.0
1993-11-16,,6.4
1993-11-17,,5.8
1993-11-18,,4.8
1993-11-19,,4.0
1993-11-20,,3.2
1993-11-21,,2.6
1993-11-22,,2.2
1993-11-23,,2.7
1993-11-24,,2.7
1993-11-25,,2.5
1993-11-26,,2.5
1993-11-27,,2.4
1993-11-28,,2.4
1993-11-29,,2.3
1993-11-30,,2.0
1993-12-01,,2.1
1993-12-02,,2.0
1993-12-03,,2.5
1993-12-04,,3.1
1993-12-05,,3.7
1993-12-06,,4.0
1993-12-07,,4.0
1993-12-08,,4.2
1993-12-09,,4.3
1993-12-10,,5.0
1993-12-11,,5.1
1993-12-12,,4.8
1993-12-13,,4.8
1993-12-14,,4.8
1993-12-15,,4.9
1993-12-16,,4.8
1993-12-17,,4.8
1993-12-18,,4.8
1993-12-19,,5.2
1993-12-20,,5.7
1993-12-21,,7.0
1993-12-22,,6.6
1993-12-23,,5.4
1993-12-24,,5.0
1993-12-25,,4.7
1993-12-26,,4.1
1993-12-27,,3.6
1993-12-28,,3.3
1993-12-29,,3.3
1993-12-30,,3.5
1993-12-31,,4.0
1994-01-01,,4.8
1994-01-02,,4.9
1994-01-03,,4.5
1994-01-04,,4.7
1994-01-05,,4.9
1994-01-06,,5.2
1994-01-07,,5.2
1994-01-08,,5.2
1994-01-09,,5.5
1994-01-10,,5.7
1994-01-11,,5.7
1994-01-12,,5.5
1994-01-13,,5.7
1994-01-14,,5.8
1994-01-15,,6.0
1994-01-16,,5.8
1994-01-17,,5.1
1994-01-18,,4.2
1994-01-19,,3.4
1994-01-20,,2.8
1994-01-21,,2.7
1994-01-22,,2.8
1994-01-23,,3.0
1994-01-24,,3.5
1994-01-25,,3.7
1994-01-26,,4.8
1994-01-27,,4.7
1994-01-28,,4.6
1994-01-29,,3.8
1994-01-30,,3.7
1994-01-31,,3.8
1994-02-01,,4.0
1994-02-02,,4.1
1994-02-03,,4.3
1994-02-04,,4.9
1994-02-05,,5.1
1994-02-06,,5.3
1994-02-07,,5.2
1994-02-08,,5.4
1994-02-09,,5.3
1994-02-10,,5.4
1994-02-11,,4.9
1994-02-12,,4.7
1994-02-13,,4.2
1994-02-14,,2.4
1994-02-15,,1.5
1994-02-16,,1.3
1994-02-17,,1.2
1994-02-18,,1.1
1994-02-19,,1.2
1994-02-20,,1.4
1994-02-21,,2.0
1994-02-22,,2.3
1994-02-23,,2.9
1994-02-24,,3.8
1994-02-25,,4.4
1994-02-26,,4.8
1994-02-27,,5.2
1994-02-28,,5.6
1994-03-01,,6.0
1994-03-02,,6.6
1994-03-03,,6.8
1994-03-04,,7.0
1994-03-05,,6.7
1994-03-06,,6.8
1994-03-07,,6.8
1994-03-08,,7.1
1994-03-09,,7.6
1994-03-10,,8.2
1994-03-11,,8.3
1994-03-12,,8.6
1994-03-13,,8.6
1994-03-14,,8.1
1994-03-15,,8.3
1994-03-16,,8.5
1994-03-17,,7.8
1994-03-18,,7.2
1994-03-19,,7.0
1994-03-20,,7.1
1994-03-21,,7.0
1994-03-22,,7.0
1994-03-23,,7.6
1994-03-24,,8.6
1994-03-25,,9.2
1994-03-26,,10.1
1994-03-27,,9.5
1994-03-28,,8.6
1994-03-29,,8.9
1994-03-30,,9.4
1994-03-31,,10.2
1994-04-01,,10.2
1994-04-02,,9.6
1994-04-03,,8.8
1994-04-04,,8.1
1994-04-05,,7.5
1994-04-06,,7.6
1994-04-07,,7.3
1994-04-08,,7.7
1994-04-09,,7.8
1994-04-10,,7.0
1994-04-11,,7.0
1994-04-12,,6.8
1994-04-13,,6.3
1994-04-14,,5.8
1994-04-15,,5.7
1994-04-16,,6.9
1994-04-17,,8.4
1994-04-18,,8.2
1994-04-19,,7.5
1994-04-20,,7.7
1994-04-21,,8.8
1994-04-22,,9.7
1994-04-23,,10.4
1994-04-24,,11.2
1994-04-25,,11.8
1994-04-26,,12.2
1994-04-27,,11.6
1994-04-28,,11.5
1994-04-29,,11.8
1994-04-30,,12.3
1994-05-01,,12.8
1994-05-02,,13.1
1994-05-03,,12.9
1994-05-04,,13.0
1994-05-05,,12.6
1994-05-06,,12.0
1994-05-07,,12.5
1994-05-08,,12.8
1994-05-09,,13.2
1994-05-10,,13.9
1994-05-11,,13.8
1994-05-12,,13.9
1994-05-13,,14.2
1994-05-14,,14.3
1994-05-15,,14.4
1994-05-16,,14.8
1994-05-17,,15.3
1994-05-18,,15.4
1994-05-19,,15.2
1994-05-20,,13.9
1994-05-21,,13.2
1994-05-22,,13.1
1994-05-23,,13.6
1994-05-24,,14.0
1994-05-25,,14.7
1994-05-26,,14.9
1994-05-27,,14.1
1994-05-28,,13.4
1994-05-29,,13.5
1994-05-30,,13.3
1994-05-31,,13.4
1994-06-01,,13.7
1994-06-02,,13.9
1994-06-03,,13.8
1994-06-04,,13.7
1994-06-05,,13.6
1994-06-06,,13.7
1994-06-07,,13.4
1994-06-08,,12.9
1994-06-09,,13.2
1994-06-10,,13.3
1994-06-11,,13.1
1994-06-12,,12.7
1994-06-13,,12.6
1994-06-14,,13.2
1994-06-15,,13.6
1994-06-16,,14.1
1994-06-17,,14.9
1994-06-18,,15.4
1994-06-19,,16.8
1994-06-20,,17.6
1994-06-21,,17.3
1994-06-22,,17.4
1994-06-23,,17.9
1994-06-24,,17.8
1994-06-25,,18.4
1994-06-26,,19.4
1994-06-27,,19.4
1994-06-28,,19.8
1994-06-29,,20.7
1994-06-30,,20.4
1994-07-01,,20.5
1994-07-02,,20.9
1994-07-03,,21.2
1994-07-04,,21.2
1994-07-05,,21.4
1994-07-06,,21.2
1994-07-07,,20.7
1994-07-08,,19.4
1994-07-09,,19.4
1994-07-10,,19.0
1994-07-11,,19.0
1994-07-12,,19.6
1994-07-13,,19.8
1994-07-14,,19.5
1994-07-15,,20.1
1994-07-16,,19.7
1994-07-17,,20.1
1994-07-18,,20.6
1994-07-19,,20.9
1994-07-20,,20.7
1994-07-21,,20.1
1994-07-22,,20.0
1994-07-23,,20.2
1994-07-24,,19.9
1994-07-25,,20.6
1994-07-26,,20.1
1994-07-27,,21.5
1994-07-28,,21.9
1994-07-29,,21.8
1994-07-30,,22.2
1994-07-31,,22.3
1994-08-01,,22.6
1994-08-02,,22.5
1994-08-03,,22.2
1994-08-04,,22.1
1994-08-05,,22.0
1994-08-06,,22.2
1994-08-07,,22.4
1994-08-08,,22.5
1994-08-09,,22.2
1994-08-10,,21.8
1994-08-11,,21.5
1994-08-12,,21.3
1994-08-13,,20.0
1994-08-14,,19.3
1994-08-15,,18.7
1994-08-16,,18.4
1994-08-17,,18.5
1994-08-18,,18.4
1994-08-19,,17.7
1994-08-20,,17.5
1994-08-21,,18.0
1994-08-22,,18.5
1994-08-23,,18.5
1994-08-24,,19.4
1994-08-25,,18.3
1994-08-26,,18.5
1994-08-27,,18.4
1994-08-28,,18.4
1994-08-29,,18.5
1994-08-30,,18.0
1994-08-31,,17.9
1994-09-01,,17.9
1994-09-02,,18.0
1994-09-03,,17.7
1994-09-04,,17.2
1994-09-05,,17.1
1994-09-06,,16.9
1994-09-07,,16.5
1994-09-08,,16.4
1994-09-09,,16.3
1994-09-10,,16.2
1994-09-11,,16.0
1994-09-12,,15.9
1994-09-13,,16.0
1994-09-14,,16.0
1994-09-15,,15.5
1994-09-16,,14.8
1994-09-17,,14.3
1994-09-18,,13.4
1994-09-19,,12.4
1994-09-20,,12.2
1994-09-21,,12.3
1994-09-22,,12.7
1994-09-23,,12.8
1994-09-24,,13.5
1994-09-25,,14.2
1994-09-26,,14.6
1994-09-27,,14.8
1994-09-28,,15.3
1994-09-29,,15.5
1994-09-30,,15.5
1994-10-01,,15.6
1994-10-02,,15.2
1994-10-03,,15.1
1994-10-04,,14.4
1994-10-05,,13.1
1994-10-06,,12.0
1994-10-07,,11.2
1994-10-08,,10.8
1994-10-09,,10.2
1994-10-10,,9.8
1994-10-11,,9.9
1994-10-12,,10.0
1994-10-13,,9.5
1994-10-14,,9.5
1994-10-15,,10.2
1994-10-16,,10.3
1994-10-17,,10.7
1994-10-18,,10.0
1994-10-19,,9.1
1994-10-20,,8.8
1994-10-21,,8.7
1994-10-22,,9.4
1994-10-23,,9.8
1994-10-24,,9.4
1994-10-25,,9.4
1994-10-26,,9.5
1994-10-27,,9.9
1994-10-28,,9.8
1994-10-29,,9.5
1994-10-30,,9.4
1994-10-31,,9.7
1994-11-01,,10.0
1994-11-02,,10.2
1994-11-03,,9.9
1994-11-04,,9.6
1994-11-05,,9.6
1994-11-06,,9.9
1994-11-07,,9.9
1994-11-08,,9.6
1994-11-09,,9.6
1994-11-10,,9.9
1994-11-11,,9.7
1994-11-12,,9.5
1994-11-13,,9.3
1994-11-14,,9.0
1994-11-15,,9.1
1994-11-16,,9.1
1994-11-17,,9.0
1994-11-18,,9.0
1994-11-19,,9.0
1994-11-20,,8.1
1994-11-21,,8.5
1994-11-22,,9.3
1994-11-23,,9.2
1994-11-24,,9.2
1994-11-25,,9.2
1994-11-26,,9.2
1994-11-27,,9.1
1994-11-28,,8.5
1994-11-29,,8.5
1994-11-30,,8.4
1994-12-01,,7.2
1994-12-02,,6.5
1994-12-03,,5.9
1994-12-04,,5.7
1994-12-05,,6.1
1994-12-06,,6.5
1994-12-07,,6.2
1994-12-08,,5.8
1994-12-09,,6.0
1994-12-10,,6.5
1994-12-11,,7.1
1994-12-12,,7.2
1994-12-13,,7.7
1994-12-14,,7.6
1994-12-15,,6.6
1994-12-16,,5.7
1994-12-17,,5.2
1994-12-18,,5.0
1994-12-19,,4.7
1994-12-20,,4.6
1994-12-21,,4.7
1994-12-22,,4.6
1994-12-23,,4.3
1994-12-24,,4.1
1994-12-25,,3.7
1994-12-26,,3.4
1994-12-27,,3.3
1994-12-28,,3.9
1994-12-29,,4.7
1994-12-30,,5.3
1994-12-31,,5.1
1995-01-01,,4.8
1995-01-02,,3.9
1995-01-03,,3.8
1995-01-04,,3.1
1995-01-05,,2.3
1995-01-06,,1.5
1995-01-07,,1.1
1995-01-08,,0.8
1995-01-09,,0.9
1995-01-10,,1.3
1995-01-11,,1.6
1995-01-12,,1.9
1995-01-13,,2.1
1995-01-14,,2.0
1995-01-15,,1.9
1995-01-16,,1.8
1995-01-17,,1.6
1995-01-18,,1.1
1995-01-19,,1.2
1995-01-20,,1.5
1995-01-21,,1.7
1995-01-22,,2.2
1995-01-23,,3.2
1995-01-24,,4.1
1995-01-25,,3.7
1995-01-26,,4.5
1995-01-27,,4.6
1995-01-28,,4.3
1995-01-29,,4.6
1995-01-30,,4.9
1995-01-31,,4.8
1995-02-01,,4.6
1995-02-02,,4.4
1995-02-03,,4.5
1995-02-04,,4.5
1995-02-05,,4.9
1995-02-06,,5.3
1995-02-07,,5.7
1995-02-08,,6.0
1995-02-09,,6.3
1995-02-10,,6.3
1995-02-11,,6.3
1995-02-12,,6.3
1995-02-13,,6.3
1995-02-14,,6.5
1995-02-15,,6.5
1995-02-16,,6.6
1995-02-17,,6.5
1995-02-18,,6.5
1995-02-19,,6.3
1995-02-20,,6.3
1995-02-21,,6.4
1995-02-22,,6.7
1995-02-23,,6.6
1995-02-24,,6.1
1995-02-25,,5.6
1995-02-26,,5.3
1995-02-27,,5.1
1995-02-28,,4.9
1995-03-01,,5.1
1995-03-02,,5.4
1995-03-03,,5.6
1995-03-04,,5.7
1995-03-05,,5.6
1995-03-06,,5.6
1995-03-07,,5.5
1995-03-08,,5.4
1995-03-09,,5.4
1995-03-10,,5.3
1995-03-11,,5.7
1995-03-12,,6.0
1995-03-13,,6.1
1995-03-14,,6.3
1995-03-15,,6.2
1995-03-16,,5.9
1995-03-17,,5.7
1995-03-18,,6.1
1995-03-19,,6.4
1995-03-20,,6.3
1995-03-21,,5.8
1995-03-22,,5.3
1995-03-23,,5.8
1995-03-24,,6.3
1995-03-25,,7.1
1995-03-26,,7.5
1995-03-27,,7.4
1995-03-28,,6.5
1995-03-29,,5.8
1995-03-30,,5.0
1995-03-31,,5.2
1995-04-01,,5.4
1995-04-02,,6.1
1995-04-03,,7.0
1995-04-04,,8.5
1995-04-05,,9.5
1995-04-06,,10.1
1995-04-07,,10.4
1995-04-08,,10.0
1995-04-09,,8.9
1995-04-10,,8.0
1995-04-11,,7.9
1995-04-12,,7.8
1995-04-13,,8.1
1995-04-14,,8.1
1995-04-15,,7.8
1995-04-16,,7.6
1995-04-17,,7.1
1995-04-18,,7.4
1995-04-19,,8.5
1995-04-20,,8.9
1995-04-21,,9.0
1995-04-22,,10.1
1995-04-23,,10.9
1995-04-24,,11.6
1995-04-25,,12.1
1995-04-26,,12.2
1995-04-27,,11.6
1995-04-28,,10.1
1995-04-29,,10.0
1995-04-30,,10.6
1995-05-01,,11.2
1995-05-02,,11.9
1995-05-03,,12.4
1995-05-04,,12.7
1995-05-05,,12.8
1995-05-06,,13.7
1995-05-07,,14.2
1995-05-08,,14.4
1995-05-09,,14.5
1995-05-10,,13.9
1995-05-11,,13.2
1995-05-12,,12.9
1995-05-13,,12.3
1995-05-14,,10.8
1995-05-15,,9.6
1995-05-16,,10.6
1995-05-17,,11.2
1995-05-18,,11.7
1995-05-19,,11.6
1995-05-20,,11.9
1995-05-21,,12.0
1995-05-22,,11.8
1995-05-23,,12.5
1995-05-24,,13.2
1995-05-25,,14.2
1995-05-26,,15.1
1995-05-27,,15.3
1995-05-28,,15.4
1995-05-29,,15.4
1995-05-30,,16.0
1995-05-31,,15.4
1995-06-01,,14.4
1995-06-02,,11.8
1995-06-03,,12.1
1995-06-04,,12.4
1995-06-05,,12.7
1995-06-06,,12.9
1995-06-07,,12.6
1995-06-08,,12.2
1995-06-09,,12.4
1995-06-10,,12.3
1995-06-11,,12.8
1995-06-12,,12.4
1995-06-13,,12.0
1995-06-14,,12.1
1995-06-15,,12.0
1995-06-16,,12.6
1995-06-17,,12.9
1995-06-18,,13.2
1995-06-19,,13.5
1995-06-20,,14.4
1995-06-21,,15.6
1995-06-22,,15.7
1995-06-23,,15.4
1995-06-24,,14.2
1995-06-25,,13.4
1995-06-26,,13.3
1995-06-27,,14.4
1995-06-28,,15.4
1995-06-29,,16.2
1995-06-30,,17.1
1995-07-01,,17.8
1995-07-02,,18.2
1995-07-03,,18.1
1995-07-04,,17.5
1995-07-05,,17.4
1995-07-06,,17.3
1995-07-07,,17.2
1995-07-08,,17.8
1995-07-09,,18.4
1995-07-10,,18.7
1995-07-11,,19.6
1995-07-12,,19.9
1995-07-13,,20.0
1995-07-14,,20.0
1995-07-15,,19.9
1995-07-16,,19.3
1995-07-17,,18.7
1995-07-18,,18.4
1995-07-19,,18.4
1995-07-20,,18.7
1995-07-21,,19.4
1995-07-22,,20.2
1995-07-23,,20.1
1995-07-24,,19.3
1995-07-25,,18.8
1995-07-26,,19.3
1995-07-27,,19.6
1995-07-28,,19.6
1995-07-29,,19.6
1995-07-30,,19.9
1995-07-31,,20.0
1995-08-01,,20.1
1995-08-02,,20.4
1995-08-03,,20.2
1995-08-04,,20.1
1995-08-05,,20.4
1995-08-06,,20.9
1995-08-07,,20.7
1995-08-08,,20.1
1995-08-09,,19.2
1995-08-10,,18.7
1995-08-11,,18.4
1995-08-12,,18.8
1995-08-13,,19.1
1995-08-14,,19.3
1995-08-15,,18.8
1995-08-16,,18.2
1995-08-17,,17.3
1995-08-18,,17.4
1995-08-19,,17.7
1995-08-20,,18.0
1995-08-21,,18.0
1995-08-22,,18.1
1995-08-23,,18.5
1995-08-24,,18.7
1995-08-25,,18.7
1995-08-26,,18.4
1995-08-27,,17.8
1995-08-28,,16.9
1995-08-29,,15.7
1995-08-30,,14.1
1995-08-31,,12.5
1995-09-01,,12.1
1995-09-02,,12.0
1995-09-03,,12.3
1995-09-04,,12.6
1995-09-05,,12.6
1995-09-06,,13.1
1995-09-07,,13.6
1995-09-08,,14.0
1995-09-09,,13.8
1995-09-10,,13.6
1995-09-11,,13.7
1995-09-12,,14.0
1995-09-13,,14.2
1995-09-14,,14.2
1995-09-15,,14.4
1995-09-16,,14.3
1995-09-17,,14.3
1995-09-18,,14.2
1995-09-19,,14.2
1995-09-20,,14.1
1995-09-21,,13.6
1995-09-22,,13.1
1995-09-23,,13.0
1995-09-24,,13.3
1995-09-25,,13.2
1995-09-26,,13.5
1995-09-27,,13.4
1995-09-28,,13.0
1995-09-29,,12.0
1995-09-30,,11.5
1995-10-01,,11.1
1995-10-02,,11.4
1995-10-03,,11.9
1995-10-04,,12.3
1995-10-05,,12.7
1995-10-06,,13.3
1995-10-07,,13.9
1995-10-08,,14.2
1995-10-09,,14.3
1995-10-10,,14.2
1995-10-11,,14.1
1995-10-12,,13.8
1995-10-13,,13.7
1995-10-14,,13.6
1995-10-15,,13.7
1995-10-16,,13.7
1995-10-17,,13.4
1995-10-18,,13.2
1995-10-19,,13.3
1995-10-20,,13.2
1995-10-21,,12.7
1995-10-22,,11.7
1995-10-23,,10.8
1995-10-24,,10.6
1995-10-25,,10.3
1995-10-26,,10.8
1995-10-27,,10.9
1995-10-28,,11.4
1995-10-29,,11.7
1995-10-30,,12.0
1995-10-31,,12.2
1995-11-01,,11.9
1995-11-02,,11.2
1995-11-03,,10.0
1995-11-04,,8.4
1995-11-05,,7.3
1995-11-06,,6.7
1995-11-07,,6.5
1995-11-08,,6.1
1995-11-09,,6.6
1995-11-10,,6.5
1995-11-11,,6.6
1995-11-12,,6.5
1995-11-13,,6.4
1995-11-14,,6.4
1995-11-15,,7.1
1995-11-16,,7.4
1995-11-17,,7.9
1995-11-18,,7.8
1995-11-19,,6.6
1995-11-20,,5.7
1995-11-21,,4.7
1995-11-22,,3.9
1995-11-23,,4.0
1995-11-24,,4.3
1995-11-25,,4.6
1995-11-26,,4.6
1995-11-27,,4.7
1995-11-28,,4.8
1995-11-29,,4.9
1995-11-30,,5.0
1995-12-01,,5.0
1995-12-02,,5.1
1995-12-03,,5.2
1995-12-04,,4.9
1995-12-05,,4.6
1995-12-06,,3.7
1995-12-07,,3.4
1995-12-08,,3.3
1995-12-09,,3.2
1995-12-10,,3.2
1995-12-11,,3.1
1995-12-12,,3.1
1995-12-13,,3.0
1995-12-14,,2.4
1995-12-15,,2.2
1995-12-16,,2.0
1995-12-17,,2.0
1995-12-18,,2.2
1995-12-19,,2.6
1995-12-20,,3.0
1995-12-21,,3.3
1995-12-22,,3.7
1995-12-23,,4.5
1995-12-24,,5.4
1995-12-25,,5.8
1995-12-26,,5.5
1995-12-27,,4.5
1995-12-28,,3.2
1995-12-29,,1.9
1995-12-30,,1.0
1995-12-31,,1.1
1996-01-01,,1.4
1996-01-02,,1.7
1996-01-03,,2.2
1996-01-04,,2.1
1996-01-05,,1.9
1996-01-06,,1.4
1996-01-07,,1.7
1996-01-08,,2.4
1996-01-09,,2.8
1996-01-10,,3.1
1996-01-11,,3.3
1996-01-12,,3.6
1996-01-13,,3.7
1996-01-14,,3.7
1996-01-15,,3.8
1996-01-16,,3.7
1996-01-17,,3.4
1996-01-18,,3.2
1996-01-19,,3.2
1996-01-20,,2.8
1996-01-21,,2.4
1996-01-22,,2.0
1996-01-23,,1.6
1996-01-24,,1.4
1996-01-25,,1.1
1996-01-26,,0.6
1996-01-27,,0.5
1996-01-28,,0.7
1996-01-29,,0.8
1996-01-30,,0.8
1996-01-31,,0.7
1996-02-01,,0.4
1996-02-02,,0.4
1996-02-03,,0.9
1996-02-04,,1.4
1996-02-05,,1.5
1996-02-06,,1.3
1996-02-07,,0.7
1996-02-08,,0.3
1996-02-09,,0.6
1996-02-10,,0.8
1996-02-11,,1.1
1996-02-12,,1.6
1996-02-13,,2.2
1996-02-14,,2.4
1996-02-15,,2.4
1996-02-16,,2.3
1996-02-17,,2.4
1996-02-18,,2.7
1996-02-19,,2.9
1996-02-20,,2.7
1996-02-21,,2.4
1996-02-22,,2.1
1996-02-23,,1.7
1996-02-24,,1.6
1996-02-25,,1.9
1996-02-26,,2.3
1996-02-27,,2.7
1996-02-28,,3.0
1996-02-29,,3.3
1996-03-01,,3.6
1996-03-02,,3.4
1996-03-03,,3.4
1996-03-04,,3.4
1996-03-05,,3.1
1996-03-06,,3.3
1996-03-07,,3.6
1996-03-08,,3.3
1996-03-09,,3.5
1996-03-10,,3.5
1996-03-11,,3.4
1996-03-12,,3.0
1996-03-13,,2.9
1996-03-14,,2.8
1996-03-15,,2.9
1996-03-16,,3.5
1996-03-17,,4.0
1996-03-18,,4.6
1996-03-19,,4.9
1996-03-20,,5.4
1996-03-21,,5.8
1996-03-22,,6.3
1996-03-23,,7.3
1996-03-24,,7.4
1996-03-25,,6.8
1996-03-26,,7.3
1996-03-27,,7.5
1996-03-28,,7.2
1996-03-29,,6.5
1996-03-30,,6.1
1996-03-31,,5.9
1996-04-01,,5.6
1996-04-02,,5.2
1996-04-03,,4.9
1996-04-04,,4.4
1996-04-05,,4.3
1996-04-06,,4.5
1996-04-07,,5.3
1996-04-08,,6.5
1996-04-09,,7.6
1996-04-10,,8.6
1996-04-11,,9.1
1996-04-12,,9.1
1996-04-13,,8.3
1996-04-14,,8.3
1996-04-15,,8.3
1996-04-16,,8.8
1996-04-17,,9.1
1996-04-18,,9.6
1996-04-19,,9.9
1996-04-20,,10.8
1996-04-21,,11.9
1996-04-22,,12.4
1996-04-23,,13.4
1996-04-24,,13.9
1996-04-25,,13.8
1996-04-26,,13.7
1996-04-27,,13.5
1996-04-28,,13.7
1996-04-29,,13.7
1996-04-30,,13.1
1996-05-01,,12.9
1996-05-02,,13.4
1996-05-03,,13.5
1996-05-04,,13.1
1996-05-05,,12.9
1996-05-06,,13.3
1996-05-07,,13.9
1996-05-08,,14.0
1996-05-09,,13.7
1996-05-10,,12.6
1996-05-11,,12.3
1996-05-12,,12.4
1996-05-13,,12.2
1996-05-14,,11.5
1996-05-15,,11.3
1996-05-16,,11.5
1996-05-17,,11.9
1996-05-18,,12.9
1996-05-19,,13.6
1996-05-20,,13.9
1996-05-21,,14.0
1996-05-22,,14.3
1996-05-23,,14.2
1996-05-24,,13.7
1996-05-25,,15.0
1996-05-26,,15.0
1996-05-27,,14.8
1996-05-28,,14.1
1996-05-29,,12.6
1996-05-30,,13.0
1996-05-31,,13.5
1996-06-01,,15.4
1996-06-02,,16.1
1996-06-03,,16.2
1996-06-04,,16.1
1996-06-05,,16.3
1996-06-06,,16.9
1996-06-07,,17.7
1996-06-08,,18.5
1996-06-09,,19.3
1996-06-10,,19.6
1996-06-11,,20.5
1996-06-12,,20.8
1996-06-13,,20.4
1996-06-14,,20.0
1996-06-15,,19.6
1996-06-16,,19.4
1996-06-17,,19.3
1996-06-18,,19.1
1996-06-19,,19.3
1996-06-20,,18.8
1996-06-21,,18.3
1996-06-22,,17.6
1996-06-23,,16.5
1996-06-24,,15.9
1996-06-25,,15.5
1996-06-26,,15.3
1996-06-27,,15.2
1996-06-28,,15.5
1996-06-29,,16.0
1996-06-30,,16.1
1996-07-01,,15.8
1996-07-02,,16.1
1996-07-03,,16.3
1996-07-04,,16.6
1996-07-05,,16.7
1996-07-06,,17.2
1996-07-07,,17.0
1996-07-08,,16.8
1996-07-09,,14.9
1996-07-10,,13.6
1996-07-11,,13.2
1996-07-12,,13.6
1996-07-13,,14.4
1996-07-14,,15.9
1996-07-15,,16.5
1996-07-16,,17.7
1996-07-17,,18.0
1996-07-18,,18.0
1996-07-19,,18.1
1996-07-20,,17.9
1996-07-21,,17.8
1996-07-22,,17.3
1996-07-23,,17.9
1996-07-24,,18.4
1996-07-25,,18.1
1996-07-26,,17.8
1996-07-27,,18.1
1996-07-28,,18.6
1996-07-29,,19.1
1996-07-30,,19.8
1996-07-31,,19.9
1996-08-01,,20.0
1996-08-02,,20.0
1996-08-03,,20.3
1996-08-04,,19.5
1996-08-05,,18.7
1996-08-06,,18.4
1996-08-07,,18.1
1996-08-08,,18.0
1996-08-09,,18.2
1996-08-10,,18.7
1996-08-11,,18.9
1996-08-12,,18.7
1996-08-13,,17.9
1996-08-14,,17.6
1996-08-15,,17.1
1996-08-16,,17.0
1996-08-17,,17.0
1996-08-18,,17.2
1996-08-19,,17.4
1996-08-20,,17.8
1996-08-21,,18.1
1996-08-22,,18.3
1996-08-23,,18.5
1996-08-24,,18.6
1996-08-25,,18.3
1996-08-26,,18.2
1996-08-27,,18.0
1996-08-28,,17.6
1996-08-29,,16.7
1996-08-30,,16.4
1996-08-31,,16.1
1996-09-01,,15.7
1996-09-02,,15.2
1996-09-03,,15.1
1996-09-04,,15.1
1996-09-05,,15.2
1996-09-06,,14.9
1996-09-07,,14.2
1996-09-08,,13.6
1996-09-09,,13.5
1996-09-10,,13.0
1996-09-11,,13.4
1996-09-12,,13.5
1996-09-13,,13.1
1996-09-14,,12.3
1996-09-15,,12.4
1996-09-16,,12.2
1996-09-17,,11.8
1996-09-18,,11.2
1996-09-19,,11.0
1996-09-20,,11.6
1996-09-21,,11.9
1996-09-22,,12.0
1996-09-23,,12.1
1996-09-24,,12.0
1996-09-25,,11.9
1996-09-26,,11.6
1996-09-27,,11.5
1996-09-28,,12.0
1996-09-29,,11.8
1996-09-30,,12.1
1996-10-01,,12.4
1996-10-02,,12.3
1996-10-03,,11.8
1996-10-04,,11.2
1996-10-05,,11.6
1996-10-06,,11.3
1996-10-07,,11.2
1996-10-08,,11.4
1996-10-09,,11.6
1996-10-10,,11.5
1996-10-11,,11.4
1996-10-12,,11.4
1996-10-13,,11.4
1996-10-14,,11.2
1996-10-15,,11.1
1996-10-16,,11.3
1996-10-17,,11.2
1996-10-18,,10.6
1996-10-19,,9.9
1996-10-20,,9.9
1996-10-21,,9.7
1996-10-22,,9.7
1996-10-23,,9.1
1996-10-24,,8.4
1996-10-25,,8.3
1996-10-26,,8.0
1996-10-27,,8.3
1996-10-28,,8.5
1996-10-29,,9.7
1996-10-30,,9.5
1996-10-31,,9.0
1996-11-01,,8.8
1996-11-02,,8.9
1996-11-03,,9.1
1996-11-04,,9.0
1996-11-05,,8.9
1996-11-06,,8.3
1996-11-07,,8.7
1996-11-08,,8.7
1996-11-09,,8.0
1996-11-10,,7.5
1996-11-11,,7.2
1996-11-12,,7.1
1996-11-13,,7.2
1996-11-14,,7.0
1996-11-15,,6.5
1996-11-16,,6.2
1996-11-17,,5.9
1996-11-18,,5.6
1996-11-19,,5.5
1996-11-20,,5.1
1996-11-21,,4.9
1996-11-22,,4.5
1996-11-23,,4.0
1996-11-24,,3.6
1996-11-25,,3.3
1996-11-26,,4.0
1996-11-27,,4.2
1996-11-28,,4.2
1996-11-29,,4.1
1996-11-30,,3.9
1996-12-01,,3.7
1996-12-02,,3.8
1996-12-03,,3.9
1996-12-04,,3.8
1996-12-05,,3.7
1996-12-06,,3.7
1996-12-07,,3.6
1996-12-08,,3.5
1996-12-09,,3.3
1996-12-10,,3.2
1996-12-11,,3.2
1996-12-12,,3.2
1996-12-13,,3.2
1996-12-14,,3.5
1996-12-15,,3.5
1996-12-16,,3.7
1996-12-17,,3.9
1996-12-18,,3.9
1996-12-19,,4.1
1996-12-20,,4.3
1996-12-21,,4.4
1996-12-22,,3.9
1996-12-23,,3.5
1996-12-24,,2.7
1996-12-25,,1.3
1996-12-26,,1.1
1996-12-27,,0.1
1996-12-28,,0.0
1996-12-29,,0.0
1996-12-30,,0.0
1996-12-31,,0.0
1997-01-01,,0.0
1997-01-02,,0.0
1997-01-03,,0.0
1997-01-04,,0.0
1997-01-05,,0.1
1997-01-06,,0.1
1997-01-07,,0.1
1997-01-08,,0.1
1997-01-09,,0.2
1997-01-10,,0.4
1997-01-11,,0.7
1997-01-12,,1.0
1997-01-13,,1.1
1997-01-14,,0.9
1997-01-15,,0.7
1997-01-16,,0.6
1997-01-17,,0.3
1997-01-18,,0.3
1997-01-19,,0.5
1997-01-20,,0.7
1997-01-21,,1.1
1997-01-22,,1.6
1997-01-23,,2.0
1997-01-24,,2.3
1997-01-25,,2.8
1997-01-26,,3.1
1997-01-27,,3.2
1997-01-28,,3.3
1997-01-29,,3.3
1997-01-30,,3.4
1997-01-31,,3.3
1997-02-01,,3.2
1997-02-02,,2.9
1997-02-03,,2.5
1997-02-04,,2.5
1997-02-05,,2.8
1997-02-06,,2.7
1997-02-07,,2.9
1997-02-08,,3.0
1997-02-09,,3.2
1997-02-10,,3.4
1997-02-11,,3.7
1997-02-12,,4.1
1997-02-13,,4.6
1997-02-14,,4.6
1997-02-15,,4.4
1997-02-16,,4.2
1997-02-17,,3.8
1997-02-18,,3.6
1997-02-19,,3.6
1997-02-20,,3.9
1997-02-21,,4.2
1997-02-22,,4.9
1997-02-23,,5.4
1997-02-24,,5.8
1997-02-25,,6.4
1997-02-26,,7.1
1997-02-27,,7.2
1997-02-28,,6.5
1997-03-01,,6.2
1997-03-02,,6.3
1997-03-03,,6.6
1997-03-04,,6.9
1997-03-05,,7.2
1997-03-06,,7.4
1997-03-07,,7.5
1997-03-08,,7.3
1997-03-09,,7.3
1997-03-10,,7.2
1997-03-11,,7.4
1997-03-12,,7.7
1997-03-13,,7.9
1997-03-14,,7.9
1997-03-15,,8.2
1997-03-16,,8.3
1997-03-17,,8.5
1997-03-18,,8.7
1997-03-19,,8.5
1997-03-20,,8.0
1997-03-21,,7.3
1997-03-22,,6.9
1997-03-23,,6.6
1997-03-24,,7.0
1997-03-25,,7.0
1997-03-26,,7.2
1997-03-27,,7.8
1997-03-28,,7.8
1997-03-29,,7.6
1997-03-30,,7.2
1997-03-31,,7.1
1997-04-01,,7.5
1997-04-02,,8.2
1997-04-03,,9.0
1997-04-04,,9.3
1997-04-05,,8.4
1997-04-06,,7.8
1997-04-07,,7.5
1997-04-08,,7.7
1997-04-09,,8.4
1997-04-10,,9.1
1997-04-11,,9.1
1997-04-12,,8.4
1997-04-13,,8.1
1997-04-14,,8.3
1997-04-15,,8.9
1997-04-16,,8.4
1997-04-17,,8.3
1997-04-18,,8.3
1997-04-19,,9.6
1997-04-20,,9.0
1997-04-21,,8.3
1997-04-22,,7.9
1997-04-23,,8.4
1997-04-24,,8.9
1997-04-25,,9.5
1997-04-26,,10.4
1997-04-27,,10.9
1997-04-28,,11.4
1997-04-29,,11.7
1997-04-30,,11.4
1997-05-01,,11.2
1997-05-02,,11.3
1997-05-03,,11.8
1997-05-04,,12.3
1997-05-05,,12.6
1997-05-06,,13.0
1997-05-07,,12.7
1997-05-08,,11.9
1997-05-09,,10.9
1997-05-10,,10.7
1997-05-11,,11.4
1997-05-12,,11.7
1997-05-13,,12.1
1997-05-14,,12.9
1997-05-15,,13.7
1997-05-16,,15.3
1997-05-17,,16.6
1997-05-18,,17.1
1997-05-19,,17.2
1997-05-20,,17.3
1997-05-21,,17.1
1997-05-22,,16.3
1997-05-23,,15.5
1997-05-24,,15.2
1997-05-25,,14.8
1997-05-26,,14.5
1997-05-27,,14.7
1997-05-28,,14.5
1997-05-29,,14.3
1997-05-30,,14.9
1997-05-31,,15.0
1997-06-01,,14.7
1997-06-02,,14.2
1997-06-03,,14.6
1997-06-04,,14.7
1997-06-05,,15.5
1997-06-06,,16.3
1997-06-07,,16.9
1997-06-08,,17.4
1997-06-09,,17.3
1997-06-10,,18.3
1997-06-11,,18.8
1997-06-12,,19.5
1997-06-13,,19.5
1997-06-14,,19.3
1997-06-15,,19.0
1997-06-16,,18.6
1997-06-17,,18.4
1997-06-18,,18.4
1997-06-19,,17.8
1997-06-20,,17.5
1997-06-21,,16.8
1997-06-22,,15.9
1997-06-23,,15.2
1997-06-24,,14.9
1997-06-25,,15.0
1997-06-26,,15.0
1997-06-27,,15.0
1997-06-28,,15.1
1997-06-29,,15.7
1997-06-30,,15.6
1997-07-01,,16.0
1997-07-02,,16.2
1997-07-03,,17.0
1997-07-04,,17.2
1997-07-05,,16.8
1997-07-06,,16.1
1997-07-07,,14.8
1997-07-08,,13.6
1997-07-09,,14.3
1997-07-10,,15.0
1997-07-11,,15.7
1997-07-12,,16.7
1997-07-13,,17.3
1997-07-14,,17.6
1997-07-15,,17.2
1997-07-16,,17.4
1997-07-17,,17.7
1997-07-18,,17.9
1997-07-19,,16.6
1997-07-20,,14.9
1997-07-21,,14.4
1997-07-22,,14.2
1997-07-23,,14.9
1997-07-24,,15.4
1997-07-25,,16.0
1997-07-26,,16.0
1997-07-27,,16.1
1997-07-28,,16.4
1997-07-29,,16.8
1997-07-30,,17.0
1997-07-31,,17.3
1997-08-01,,16.9
1997-08-02,,16.7
1997-08-03,,17.0
1997-08-04,,17.0
1997-08-05,,17.6
1997-08-06,,17.9
1997-08-07,,18.4
1997-08-08,,17.5
1997-08-09,,18.9
1997-08-10,,19.2
1997-08-11,,19.3
1997-08-12,,19.3
1997-08-13,,19.4
1997-08-14,,19.1
1997-08-15,,19.8
1997-08-16,,19.7
1997-08-17,,19.7
1997-08-18,,19.5
1997-08-19,,19.1
1997-08-20,,19.2
1997-08-21,,19.5
1997-08-22,,19.7
1997-08-23,,19.6
1997-08-24,,19.7
1997-08-25,,20.1
1997-08-26,,20.3
1997-08-27,,20.6
1997-08-28,,20.2
1997-08-29,,19.4
1997-08-30,,18.4
1997-08-31,,18.2
1997-09-01,,18.0
1997-09-02,,18.3
1997-09-03,,18.5
1997-09-04,,18.3
1997-09-05,,18.2
1997-09-06,,18.2
1997-09-07,,18.1
1997-09-08,,17.9
1997-09-09,,17.5
1997-09-10,,17.1
1997-09-11,,17.2
1997-09-12,,17.2
1997-09-13,,17.1
1997-09-14,,16.7
1997-09-15,,15.9
1997-09-16,,15.8
1997-09-17,,15.9
1997-09-18,,16.2
1997-09-19,,16.0
1997-09-20,,16.0
1997-09-21,,15.4
1997-09-22,,14.6
1997-09-23,,14.7
1997-09-24,,14.8
1997-09-25,,14.7
1997-09-26,,14.8
1997-09-27,,14.8
1997-09-28,,14.8
1997-09-29,,14.8
1997-09-30,,14.8
1997-10-01,,14.8
1997-10-02,,14.9
1997-10-03,,14.4
1997-10-04,,13.9
1997-10-05,,13.6
1997-10-06,,13.5
1997-10-07,,13.8
1997-10-08,,14.2
1997-10-09,,14.6
1997-10-10,,14.8
1997-10-11,,14.5
1997-10-12,,13.7
1997-10-13,,12.7
1997-10-14,,11.7
1997-10-15,,11.0
1997-10-16,,10.2
1997-10-17,,9.7
1997-10-18,,9.2
1997-10-19,,9.4
1997-10-20,,9.7
1997-10-21,,9.9
1997-10-22,,9.1
1997-10-23,,8.9
1997-10-24,,8.7
1997-10-25,,8.4
1997-10-26,,8.4
1997-10-27,,8.4
1997-10-28,,7.0
1997-10-29,,5.9
1997-10-30,,5.4
1997-10-31,,5.3
1997-11-01,,5.4
1997-11-02,,5.3
1997-11-03,,5.2
1997-11-04,,5.0
1997-11-05,,5.7
1997-11-06,,6.1
1997-11-07,,6.6
1997-11-08,,7.1
1997-11-09,,7.4
1997-11-10,,7.5
1997-11-11,,7.2
1997-11-12,,7.2
1997-11-13,,7.2
1997-11-14,,7.3
1997-11-15,,7.2
1997-11-16,,7.2
1997-11-17,,7.1
1997-11-18,,6.7
1997-11-19,,6.0
1997-11-20,,5.1
1997-11-21,,5.0
1997-11-22,,5.3
1997-11-23,,5.5
1997-11-24,,5.6
1997-11-25,,5.5
1997-11-26,,5.3
1997-11-27,,5.0
1997-11-28,,4.9
1997-11-29,,5.2
1997-11-30,,5.5
1997-12-01,,5.6
1997-12-02,,5.6
1997-12-03,,5.0
1997-12-04,,4.4
1997-12-05,,4.3
1997-12-06,,3.9
1997-12-07,,3.6
1997-12-08,,3.8
1997-12-09,,4.0
1997-12-10,,4.2
1997-12-11,,4.5
1997-12-12,,5.0
1997-12-13,,5.7
1997-12-14,,5.4
1997-12-15,,5.0
1997-12-16,,3.6
1997-12-17,,2.4
1997-12-18,,1.9
1997-12-19,,1.8
1997-12-20,,2.1
1997-12-21,,2.4
1997-12-22,,3.0
1997-12-23,,3.7
1997-12-24,,3.9
1997-12-25,,4.5
1997-12-26,,5.1
1997-12-27,,5.4
1997-12-28,,5.5
1997-12-29,,5.1
1997-12-30,,4.7
1997-12-31,,4.5
1998-01-01,,4.3
1998-01-02,,4.1
1998-01-03,,4.4
1998-01-04,,4.7
1998-01-05,,4.7
1998-01-06,,4.6
1998-01-07,,5.1
1998-01-08,,5.2
1998-01-09,,5.1
1998-01-10,,4.9
1998-01-11,,4.5
1998-01-12,,4.3
1998-01-13,,3.5
1998-01-14,,3.1
1998-01-15,,3.2
1998-01-16,,3.6
1998-01-17,,4.0
1998-01-18,,3.9
1998-01-19,,3.9
1998-01-20,,4.0
1998-01-21,,3.7
1998-01-22,,3.4
1998-01-23,,3.2
1998-01-24,,3.0
1998-01-25,,2.6
1998-01-26,,2.0
1998-01-27,,1.3
1998-01-28,,1.1
1998-01-29,,1.0
1998-01-30,,1.2
1998-01-31,,0.9
1998-02-01,,0.3
1998-02-02,,0.0
1998-02-03,,0.0
1998-02-04,,0.1
1998-02-05,,0.0
1998-02-06,,0.0
1998-02-07,,0.4
1998-02-08,,0.9
1998-02-09,,1.4
1998-02-10,,1.7
1998-02-11,,2.1
1998-02-12,,2.7
1998-02-13,,3.0
1998-02-14,,3.6
1998-02-15,,4.5
1998-02-16,,5.0
1998-02-17,,5.3
1998-02-18,,5.4
1998-02-19,,5.6
1998-02-20,,5.7
1998-02-21,,5.9
1998-02-22,,6.0
1998-02-23,,6.1
1998-02-24,,6.2
1998-02-25,,6.4
1998-02-26,,6.7
1998-02-27,,6.8
1998-02-28,,6.9
1998-03-01,,6.7
1998-03-02,,6.4
1998-03-03,,6.4
1998-03-04,,6.7
1998-03-05,,7.0
1998-03-06,,6.8
1998-03-07,,6.9
1998-03-08,,7.1
1998-03-09,,6.7
1998-03-10,,6.0
1998-03-11,,5.5
1998-03-12,,5.3
1998-03-13,,5.2
1998-03-14,,5.3
1998-03-15,,5.5
1998-03-16,,5.6
1998-03-17,,5.9
1998-03-18,,6.3
1998-03-19,,6.5
1998-03-20,,6.5
1998-03-21,,6.3
1998-03-22,,6.4
1998-03-23,,6.3
1998-03-24,,5.3
1998-03-25,,5.3
1998-03-26,,5.2
1998-03-27,,5.1
1998-03-28,,6.0
1998-03-29,,7.2
1998-03-30,,8.2
1998-03-31,,9.0
1998-04-01,,9.7
1998-04-02,,10.4
1998-04-03,,10.8
1998-04-04,,10.5
1998-04-05,,9.8
1998-04-06,,9.7
1998-04-07,,9.5
1998-04-08,,9.0
1998-04-09,,8.8
1998-04-10,,9.4
1998-04-11,,9.9
1998-04-12,,9.8
1998-04-13,,9.0
1998-04-14,,8.5
1998-04-15,,8.3
1998-04-16,,8.2
1998-04-17,,8.9
1998-04-18,,9.3
1998-04-19,,9.1
1998-04-20,,9.1
1998-04-21,,10.0
1998-04-22,,10.4
1998-04-23,,11.1
1998-04-24,,11.7
1998-04-25,,12.1
1998-04-26,,13.0
1998-04-27,,13.5
1998-04-28,,13.3
1998-04-29,,13.0
1998-04-30,,12.9
1998-05-01,,13.3
1998-05-02,,13.6
1998-05-03,,13.2
1998-05-04,,12.6
1998-05-05,,12.1
1998-05-06,,11.7
1998-05-07,,12.2
1998-05-08,,12.8
1998-05-09,,12.6
1998-05-10,,13.4
1998-05-11,,14.3
1998-05-12,,15.4
1998-05-13,,16.4
1998-05-14,,17.3
1998-05-15,,17.6
1998-05-16,,17.3
1998-05-17,,16.9
1998-05-18,,16.6
1998-05-19,,16.4
1998-05-20,,16.3
1998-05-21,,16.0
1998-05-22,,15.9
1998-05-23,,15.6
1998-05-24,,15.1
1998-05-25,,14.8
1998-05-26,,15.1
1998-05-27,,15.6
1998-05-28,,15.9
1998-05-29,,16.1
1998-05-30,,16.6
1998-05-31,,17.3
1998-06-01,,17.9
1998-06-02,,18.0
1998-06-03,,18.0
1998-06-04,,18.6
1998-06-05,,19.1
1998-06-06,,20.0
1998-06-07,,20.4
1998-06-08,,20.3
1998-06-09,,20.0
1998-06-10,,20.0
1998-06-11,,19.5
1998-06-12,,18.2
1998-06-13,,16.5
1998-06-14,,15.3
1998-06-15,,14.8
1998-06-16,,14.4
1998-06-17,,14.3
1998-06-18,,14.6
1998-06-19,,14.9
1998-06-20,,15.7
1998-06-21,,16.9
1998-06-22,,17.6
1998-06-23,,18.5
1998-06-24,,18.7
1998-06-25,,19.0
1998-06-26,,19.7
1998-06-27,,20.1
1998-06-28,,20.1
1998-06-29,,19.6
1998-06-30,,20.0
1998-07-01,,19.8
1998-07-02,,19.4
1998-07-03,,19.0
1998-07-04,,18.5
1998-07-05,,17.7
1998-07-06,,17.5
1998-07-07,,17.6
1998-07-08,,17.3
1998-07-09,,16.5
1998-07-10,,16.1
1998-07-11,,16.2
1998-07-12,,16.3
1998-07-13,,16.6
1998-07-14,,17.0
1998-07-15,,17.2
1998-07-16,,16.8
1998-07-17,,16.6
1998-07-18,,17.1
1998-07-19,,17.8
1998-07-20,,18.6
1998-07-21,,19.2
1998-07-22,,20.3
1998-07-23,,20.5
1998-07-24,,21.0
1998-07-25,,20.9
1998-07-26,,20.6
1998-07-27,,20.3
1998-07-28,,20.0
1998-07-29,,19.6
1998-07-30,,19.4
1998-07-31,,19.4
1998-08-01,,19.4
1998-08-02,,19.8
1998-08-03,,19.8
1998-08-04,,20.2
1998-08-05,,19.7
1998-08-06,,19.8
1998-08-07,,19.6
1998-08-08,,20.1
1998-08-09,,20.3
1998-08-10,,20.7
1998-08-11,,21.1
1998-08-12,,21.6
1998-08-13,,21.3
1998-08-14,,20.9
1998-08-15,,20.8
1998-08-16,,21.1
1998-08-17,,21.3
1998-08-18,,21.3
1998-08-19,,21.0
1998-08-20,,20.9
1998-08-21,,20.5
1998-08-22,,19.5
1998-08-23,,18.6
1998-08-24,,18.2
1998-08-25,,17.8
1998-08-26,,17.5
1998-08-27,,17.3
1998-08-28,,16.4
1998-08-29,,15.6
1998-08-30,,15.5
1998-08-31,,15.4
1998-09-01,,15.6
1998-09-02,,15.8
1998-09-03,,16.0
1998-09-04,,16.4
1998-09-05,,16.6
1998-09-06,,16.5
1998-09-07,,16.4
1998-09-08,,16.6
1998-09-09,,16.8
1998-09-10,,17.2
1998-09-11,,16.9
1998-09-12,,16.1
1998-09-13,,14.9
1998-09-14,,13.7
1998-09-15,,12.3
1998-09-16,,12.0
1998-09-17,,12.0
1998-09-18,,11.5
1998-09-19,,11.4
1998-09-20,,11.7
1998-09-21,,12.2
1998-09-22,,12.6
1998-09-23,,12.8
1998-09-24,,13.2
1998-09-25,,13.2
1998-09-26,,13.3
1998-09-27,,13.3
1998-09-28,,14.0
1998-09-29,,13.7
1998-09-30,,13.6
1998-10-01,,14.0
1998-10-02,,13.6
1998-10-03,,13.1
1998-10-04,,12.7
1998-10-05,,13.1
1998-10-06,,12.1
1998-10-07,,11.7
1998-10-08,,11.8
1998-10-09,,11.1
1998-10-10,,11.1
1998-10-11,,11.2
1998-10-12,,11.0
1998-10-13,,10.4
1998-10-14,,10.3
1998-10-15,,10.8
1998-10-16,,11.6
1998-10-17,,11.6
1998-10-18,,11.9
1998-10-19,,11.5
1998-10-20,,10.5
1998-10-21,,9.8
1998-10-22,,9.8
1998-10-23,,10.3
1998-10-24,,10.5
1998-10-25,,10.6
1998-10-26,,10.1
1998-10-27,,9.3
1998-10-28,,9.1
1998-10-29,,9.6
1998-10-30,,8.5
1998-10-31,,7.2
1998-11-01,,7.3
1998-11-02,,7.3
1998-11-03,,7.1
1998-11-04,,7.3
1998-11-05,,7.0
1998-11-06,,6.3
1998-11-07,,6.5
1998-11-08,,6.4
1998-11-09,,6.5
1998-11-10,,7.3
1998-11-11,,7.7
1998-11-12,,7.1
1998-11-13,,6.4
1998-11-14,,6.0
1998-11-15,,5.8
1998-11-16,,5.6
1998-11-17,,5.2
1998-11-18,,4.5
1998-11-19,,4.1
1998-11-20,,3.7
1998-11-21,,3.5
1998-11-22,,2.7
1998-11-23,,2.4
1998-11-24,,2.6
1998-11-25,,2.7
1998-11-26,,2.8
1998-11-27,,3.1
1998-11-28,,3.4
1998-11-29,,3.8
1998-11-30,,4.0
1998-12-01,,4.0
1998-12-02,,3.5
1998-12-03,,3.2
1998-12-04,,3.1
1998-12-05,,2.6
1998-12-06,,2.4
1998-12-07,,2.1
1998-12-08,,1.8
1998-12-09,,1.6
1998-12-10,,1.1
1998-12-11,,0.9
1998-12-12,,1.4
1998-12-13,,2.6
1998-12-14,,3.7
1998-12-15,,4.0
1998-12-16,,4.3
1998-12-17,,4.2
1998-12-18,,4.0
1998-12-19,,3.8
1998-12-20,,4.0
1998-12-21,,4.0
1998-12-22,,3.7
1998-12-23,,3.5
1998-12-24,,3.1
1998-12-25,,3.0
1998-12-26,,3.2
1998-12-27,,3.7
1998-12-28,,3.8
1998-12-29,,3.9
1998-12-30,,3.8
1998-12-31,,3.6
1999-01-01,,3.2
1999-01-02,,3.0
1999-01-03,,3.1
1999-01-04,,3.8
1999-01-05,,4.2
1999-01-06,,4.6
1999-01-07,,4.7
1999-01-08,,4.9
1999-01-09,,4.8
1999-01-10,,4.8
1999-01-11,,4.2
1999-01-12,,4.0
1999-01-13,,3.2
1999-01-14,,3.0
1999-01-15,,3.1
1999-01-16,,3.2
1999-01-17,,3.3
1999-01-18,,3.2
1999-01-19,,3.2
1999-01-20,,3.4
1999-01-21,,3.0
1999-01-22,,2.9
1999-01-23,,2.8
1999-01-24,,2.8
1999-01-25,,2.9
1999-01-26,,3.5
1999-01-27,,3.7
1999-01-28,,3.4
1999-01-29,,3.2
1999-01-30,,2.2
1999-01-31,,1.6
1999-02-01,,1.1
1999-02-02,,1.2
1999-02-03,,1.7
1999-02-04,,2.2
1999-02-05,,3.2
1999-02-06,,3.0
1999-02-07,,3.1
1999-02-08,,3.1
1999-02-09,,1.9
1999-02-10,,1.7
1999-02-11,,1.2
1999-02-12,,0.9
1999-02-13,,0.6
1999-02-14,,0.7
1999-02-15,,1.0
1999-02-16,,0.7
1999-02-17,,1.1
1999-02-18,,1.1
1999-02-19,,3.0
1999-02-20,,2.5
1999-02-21,,3.0
1999-02-22,,2.8
1999-02-23,,2.6
1999-02-24,,2.4
1999-02-25,,2.4
1999-02-26,,2.8
1999-02-27,,3.5
1999-02-28,,4.4
1999-03-01,,5.0
1999-03-02,,5.2
1999-03-03,,5.9
1999-03-04,,6.3
1999-03-05,,6.2
1999-03-06,,5.4
1999-03-07,,5.1
1999-03-08,,4.7
1999-03-09,,5.3
1999-03-10,,5.6
1999-03-11,,6.1
1999-03-12,,6.4
1999-03-13,,6.6
1999-03-14,,7.2
1999-03-15,,7.4
1999-03-16,,7.3
1999-03-17,,6.7
1999-03-18,,6.4
1999-03-19,,6.2
1999-03-20,,5.9
1999-03-21,,6.1
1999-03-22,,6.5
1999-03-23,,6.4
1999-03-24,,6.6
1999-03-25,,7.2
1999-03-26,,8.0
1999-03-27,,8.4
1999-03-28,,8.5
1999-03-29,,8.4
1999-03-30,,7.6
1999-03-31,,7.7
1999-04-01,,8.2
1999-04-02,,8.9
1999-04-03,,9.2
1999-04-04,,9.6
1999-04-05,,9.7
1999-04-06,,9.6
1999-04-07,,10.1
1999-04-08,,9.4
1999-04-09,,8.8
1999-04-10,,8.8
1999-04-11,,9.1
1999-04-12,,8.7
1999-04-13,,8.8
1999-04-14,,8.3
1999-04-15,,8.4
1999-04-16,,7.9
1999-04-17,,7.1
1999-04-18,,7.2
1999-04-19,,7.4
1999-04-20,,7.3
1999-04-21,,7.9
1999-04-22,,8.7
1999-04-23,,9.7
1999-04-24,,10.5
1999-04-25,,11.1
1999-04-26,,11.5
1999-04-27,,11.9
1999-04-28,,12.2
1999-04-29,,12.5
1999-04-30,,12.7
1999-05-01,,12.9
1999-05-02,,12.8
1999-05-03,,12.9
1999-05-04,,12.8
1999-05-05,,12.5
1999-05-06,,12.1
1999-05-07,,11.8
1999-05-08,,12.0
1999-05-09,,12.3
1999-05-10,,12.5
1999-05-11,,12.9
1999-05-12,,12.4
1999-05-13,,11.6
1999-05-14,,11.2
1999-05-15,,10.8
1999-05-16,,10.8
1999-05-17,,10.7
1999-05-18,,11.3
1999-05-19,,11.8
1999-05-20,,12.1
1999-05-21,,11.6
1999-05-22,,10.9
1999-05-23,,10.6
1999-05-24,,11.0
1999-05-25,,11.4
1999-05-26,,12.9
1999-05-27,,13.3
1999-05-28,,13.6
1999-05-29,,14.3
1999-05-30,,14.5
1999-05-31,,14.6
1999-06-01,,15.1
1999-06-02,,15.3
1999-06-03,,15.4
1999-06-04,,15.4
1999-06-05,,14.8
1999-06-06,,14.1
1999-06-07,,13.2
1999-06-08,,12.9
1999-06-09,,13.0
1999-06-10,,13.6
1999-06-11,,13.8
1999-06-12,,13.6
1999-06-13,,13.9
1999-06-14,,14.1
1999-06-15,,14.0
1999-06-16,,14.1
1999-06-17,,14.8
1999-06-18,,14.7
1999-06-19,,14.5
1999-06-20,,14.2
1999-06-21,,14.4
1999-06-22,,13.9
1999-06-23,,13.3
1999-06-24,,13.4
1999-06-25,,13.8
1999-06-26,,14.7
1999-06-27,,15.3
1999-06-28,,15.5
1999-06-29,,15.5
1999-06-30,,15.8
1999-07-01,,16.1
1999-07-02,,16.4
1999-07-03,,16.9
1999-07-04,,17.6
1999-07-05,,18.4
1999-07-06,,18.7
1999-07-07,,18.2
1999-07-08,,17.5
1999-07-09,,16.9
1999-07-10,,16.6
1999-07-11,,16.4
1999-07-12,,16.1
1999-07-13,,15.8
1999-07-14,,16.0
1999-07-15,,16.3
1999-07-16,,16.5
1999-07-17,,16.8
1999-07-18,,17.3
1999-07-19,,17.5
1999-07-20,,17.7
1999-07-21,,18.0
1999-07-22,,18.1
1999-07-23,,17.6
1999-07-24,,17.1
1999-07-25,,16.7
1999-07-26,,16.2
1999-07-27,,16.9
1999-07-28,,17.3
1999-07-29,,17.5
1999-07-30,,18.0
1999-07-31,,18.5
1999-08-01,,18.8
1999-08-02,,19.0
1999-08-03,,19.2
1999-08-04,,19.3
1999-08-05,,19.0
1999-08-06,,18.8
1999-08-07,,18.7
1999-08-08,,18.9
1999-08-09,,19.3
1999-08-10,,19.6
1999-08-11,,19.4
1999-08-12,,19.2
1999-08-13,,18.7
1999-08-14,,17.9
1999-08-15,,17.5
1999-08-16,,17.3
1999-08-17,,16.9
1999-08-18,,16.7
1999-08-19,,16.6
1999-08-20,,16.3
1999-08-21,,16.4
1999-08-22,,16.2
1999-08-23,,16.5
1999-08-24,,16.8
1999-08-25,,16.9
1999-08-26,,16.9
1999-08-27,,17.1
1999-08-28,,17.3
1999-08-29,,16.9
1999-08-30,,16.5
1999-08-31,,16.2
1999-09-01,,16.0
1999-09-02,,16.1
1999-09-03,,16.2
1999-09-04,,16.2
1999-09-05,,16.4
1999-09-06,,16.5
1999-09-07,,16.7
1999-09-08,,16.5
1999-09-09,,16.2
1999-09-10,,16.5
1999-09-11,,16.8
1999-09-12,,16.9
1999-09-13,,16.9
1999-09-14,,17.0
1999-09-15,,17.1
1999-09-16,,16.9
1999-09-17,,16.3
1999-09-18,,16.1
1999-09-19,,16.0
1999-09-20,,15.8
1999-09-21,,15.9
1999-09-22,,16.2
1999-09-23,,16.2
1999-09-24,,15.9
1999-09-25,,15.2
1999-09-26,,14.8
1999-09-27,,14.7
1999-09-28,,14.5
1999-09-29,,14.7
1999-09-30,,14.6
1999-10-01,,14.2
1999-10-02,,13.5
1999-10-03,,12.7
1999-10-04,,11.9
1999-10-05,,11.1
1999-10-06,,10.6
1999-10-07,,10.4
1999-10-08,,10.6
1999-10-09,,10.2
1999-10-10,,10.0
1999-10-11,,9.9
1999-10-12,,9.6
1999-10-13,,9.4
1999-10-14,,9.0
1999-10-15,,8.8
1999-10-16,,8.5
1999-10-17,,8.4
1999-10-18,,8.1
1999-10-19,,7.5
1999-10-20,,6.9
1999-10-21,,6.3
1999-10-22,,6.1
1999-10-23,,5.9
1999-10-24,,6.1
1999-10-25,,5.8
1999-10-26,,5.8
1999-10-27,,5.5
1999-10-28,,5.3
1999-10-29,,5.1
1999-10-30,,5.1
1999-10-31,,5.0
1999-11-01,,5.1
1999-11-02,,5.4
1999-11-03,,5.4
1999-11-04,,5.6
1999-11-05,,5.9
1999-11-06,,6.0
1999-11-07,,6.5
1999-11-08,,6.7
1999-11-09,,6.5
1999-11-10,,5.7
1999-11-11,,5.1
1999-11-12,,4.5
1999-11-13,,4.0
1999-11-14,,3.9
1999-11-15,,3.8
1999-11-16,,3.4
1999-11-17,,2.8
1999-11-18,,2.3
1999-11-19,,1.9
1999-11-20,,1.8
1999-11-21,,1.6
1999-11-22,,1.5
1999-11-23,,1.2
1999-11-24,,1.2
1999-11-25,,1.0
1999-11-26,,0.8
1999-11-27,,0.7
1999-11-28,,0.6
1999-11-29,,0.6
1999-11-30,,0.6
1999-12-01,,0.6
1999-12-02,,0.6
1999-12-03,,0.6
1999-12-04,,0.6
1999-12-05,,0.6
1999-12-06,,0.6
1999-12-07,,0.6
1999-12-08,,0.6
1999-12-09,,0.6
1999-12-10,,0.6
1999-12-11,,0.6
1999-12-12,,0.7
1999-12-13,,0.7
1999-12-14,,0.7
1999-12-15,,0.6
1999-12-16,,0.6
1999-12-17,,0.5
1999-12-18,,0.5
1999-12-19,,0.5
1999-12-20,,0.5
1999-12-21,,0.5
1999-12-22,,0.4
1999-12-23,,0.3
1999-12-24,,0.3
1999-12-25,,0.4
1999-12-26,,0.4
1999-12-27,,0.5
1999-12-28,,0.5
1999-12-29,,0.5
1999-12-30,,0.5
1999-12-31,,0.5
2000-01-01,,3.7
2000-01-02,,3.8
2000-01-03,,3.8
2000-01-04,,4.1
2000-01-05,,4.6
2000-01-06,,4.6
2000-01-07,,4.8
2000-01-08,,4.8
2000-01-09,,4.9
2000-01-10,,5.0
2000-01-11,,5.1
2000-01-12,,4.9
2000-01-13,,4.4
2000-01-14,,4.0
2000-01-15,,3.6
2000-01-16,,3.5
2000-01-17,,3.5
2000-01-18,,3.4
2000-01-19,,3.3
2000-01-20,,3.1
2000-01-21,,2.8
2000-01-22,,2.7
2000-01-23,,2.5
2000-01-24,,2.4
2000-01-25,,2.1
2000-01-26,,1.3
2000-01-27,,0.4
2000-01-28,,0.2
2000-01-29,,0.3
2000-01-30,,0.5
2000-01-31,,0.8
2000-02-01,,1.7
2000-02-02,,3.2
2000-02-03,,4.7
2000-02-04,,4.9
2000-02-05,,5.0
2000-02-06,,5.1
2000-02-07,,5.2
2000-02-08,,5.2
2000-02-09,,5.4
2000-02-10,,5.3
2000-02-11,,5.3
2000-02-12,,4.7
2000-02-13,,4.3
2000-02-14,,4.4
2000-02-15,,4.6
2000-02-16,,4.7
2000-02-17,,4.8
2000-02-18,,4.9
2000-02-19,,4.7
2000-02-20,,4.6
2000-02-21,,4.8
2000-02-22,,5.1
2000-02-23,,5.1
2000-02-24,,5.4
2000-02-25,,6.3
2000-02-26,,6.5
2000-02-27,,6.9
2000-02-28,,7.3
2000-02-29,,8.0
2000-03-01,,8.3
2000-03-02,,8.2
2000-03-03,,7.7
2000-03-04,,7.4
2000-03-05,,6.9
2000-03-06,,6.5
2000-03-07,,6.6
2000-03-08,,7.0
2000-03-09,,7.8
2000-03-10,,8.5
2000-03-11,,8.8
2000-03-12,,8.9
2000-03-13,,8.7
2000-03-14,,8.9
2000-03-15,,8.8
2000-03-16,,8.7
2000-03-17,,8.3
2000-03-18,,8.0
2000-03-19,,7.6
2000-03-20,,7.5
2000-03-21,,7.9
2000-03-22,,8.4
2000-03-23,,9.0
2000-03-24,,9.6
2000-03-25,,10.2
2000-03-26,,10.4
2000-03-27,,10.0
2000-03-28,,9.5
2000-03-29,,9.0
2000-03-30,,8.2
2000-03-31,,7.6
2000-04-01,,7.8
2000-04-02,,8.3
2000-04-03,,9.2
2000-04-04,,10.2
2000-04-05,,10.9
2000-04-06,,10.8
2000-04-07,,10.4
2000-04-08,,10.1
2000-04-09,,10.0
2000-04-10,,10.6
2000-04-11,,11.0
2000-04-12,,10.9
2000-04-13,,10.8
2000-04-14,,10.8
2000-04-15,,11.3
2000-04-16,,11.4
2000-04-17,,11.8
2000-04-18,,11.7
2000-04-19,,11.8
2000-04-20,,11.8
2000-04-21,,12.5
2000-04-22,,13.6
2000-04-23,,14.5
2000-04-24,,14.4
2000-04-25,,13.8
2000-04-26,,13.7
2000-04-27,,13.7
2000-04-28,,14.0
2000-04-29,,14.6
2000-04-30,,15.1
2000-05-01,,15.0
2000-05-02,,15.0
2000-05-03,,15.3
2000-05-04,,15.6
2000-05-05,,15.8
2000-05-06,,16.1
2000-05-07,,16.4
2000-05-08,,16.4
2000-05-09,,16.5
2000-05-10,,16.9
2000-05-11,,17.2
2000-05-12,,17.4
2000-05-13,,17.0
2000-05-14,,16.3
2000-05-15,,16.2
2000-05-16,,16.5
2000-05-17,,17.1
2000-05-18,,17.3
2000-05-19,,16.3
2000-05-20,,15.6
2000-05-21,,14.9
2000-05-22,,14.7
2000-05-23,,14.3
2000-05-24,,15.1
2000-05-25,,15.7
2000-05-26,,16.0
2000-05-27,,16.6
2000-05-28,,16.1
2000-05-29,,15.9
2000-05-30,,15.4
2000-05-31,,15.0
2000-06-01,,14.6
2000-06-02,,14.9
2000-06-03,,16.2
2000-06-04,,17.4
2000-06-05,,18.4
2000-06-06,,18.7
2000-06-07,,17.7
2000-06-08,,17.4
2000-06-09,,17.6
2000-06-10,,18.6
2000-06-11,,19.3
2000-06-12,,19.8
2000-06-13,,20.4
2000-06-14,,20.6
2000-06-15,,20.4
2000-06-16,,19.7
2000-06-17,,19.0
2000-06-18,,18.9
2000-06-19,,19.1
2000-06-20,,19.8
2000-06-21,,20.6
2000-06-22,,21.3
2000-06-23,,21.3
2000-06-24,,20.6
2000-06-25,,19.6
2000-06-26,,19.0
2000-06-27,,18.5
2000-06-28,,18.6
2000-06-29,,18.8
2000-06-30,,19.0
2000-07-01,,19.6
2000-07-02,,20.1
2000-07-03,,20.6
2000-07-04,,20.5
2000-07-05,,20.3
2000-07-06,,20.6
2000-07-07,,20.7
2000-07-08,,20.5
2000-07-09,,19.5
2000-07-10,,18.6
2000-07-11,,17.9
2000-07-12,,17.2
2000-07-13,,16.4
2000-07-14,,15.9
2000-07-15,,15.3
2000-07-16,,15.0
2000-07-17,,14.8
2000-07-18,,15.3
2000-07-19,,15.8
2000-07-20,,16.2
2000-07-21,,16.9
2000-07-22,,17.7
2000-07-23,,18.3
2000-07-24,,18.6
2000-07-25,,19.2
2000-07-26,,19.5
2000-07-27,,19.7
2000-07-28,,19.7
2000-07-29,,19.1
2000-07-30,,18.1
2000-07-31,,17.3
2000-08-01,,17.7
2000-08-02,,18.3
2000-08-03,,18.5
2000-08-04,,18.4
2000-08-05,,18.1
2000-08-06,,17.4
2000-08-07,,16.2
2000-08-08,,16.1
2000-08-09,,16.5
2000-08-10,,17.3
2000-08-11,,18.2
2000-08-12,,18.8
2000-08-13,,19.5
2000-08-14,,20.0
2000-08-15,,20.3
2000-08-16,,20.6
2000-08-17,,21.0
2000-08-18,,20.8
2000-08-19,,20.7
2000-08-20,,21.0
2000-08-21,,21.3
2000-08-22,,21.1
2000-08-23,,20.9
2000-08-24,,20.9
2000-08-25,,20.7
2000-08-26,,20.5
2000-08-27,,20.2
2000-08-28,,20.1
2000-08-29,,20.1
2000-08-30,,20.0
2000-08-31,,20.0
2000-09-01,,19.4
2000-09-02,,18.6
2000-09-03,,18.3
2000-09-04,,17.8
2000-09-05,,17.2
2000-09-06,,16.7
2000-09-07,,16.3
2000-09-08,,15.8
2000-09-09,,16.1
2000-09-10,,16.7
2000-09-11,,17.1
2000-09-12,,17.6
2000-09-13,,17.9
2000-09-14,,17.8
2000-09-15,,18.0
2000-09-16,,17.9
2000-09-17,,17.4
2000-09-18,,17.0
2000-09-19,,16.7
2000-09-20,,16.1
2000-09-21,,15.8
2000-09-22,,15.2
2000-09-23,,14.7
2000-09-24,,14.5
2000-09-25,,14.3
2000-09-26,,14.5
2000-09-27,,15.0
2000-09-28,,15.6
2000-09-29,,16.2
2000-09-30,,16.5
2000-10-01,,16.8
2000-10-02,,16.6
2000-10-03,,16.2
2000-10-04,,15.7
2000-10-05,,15.4
2000-10-06,,15.0
2000-10-07,,14.3
2000-10-08,,13.5
2000-10-09,,12.9
2000-10-10,,12.5
2000-10-11,,12.2
2000-10-12,,12.3
2000-10-13,,12.2
2000-10-14,,12.8
2000-10-15,,13.1
2000-10-16,,13.6
2000-10-17,,13.7
2000-10-18,,13.6
2000-10-19,,13.4
2000-10-20,,13.3
2000-10-21,,13.2
2000-10-22,,13.1
2000-10-23,,12.9
2000-10-24,,13.1
2000-10-25,,13.3
2000-10-26,,13.6
2000-10-27,,13.3
2000-10-28,,13.3
2000-10-29,,13.0
2000-10-30,,12.6
2000-10-31,,12.4
2000-11-01,,12.1
2000-11-02,,11.7
2000-11-03,,11.6
2000-11-04,,11.6
2000-11-05,,11.3
2000-11-06,,10.7
2000-11-07,,10.4
2000-11-08,,10.4
2000-11-09,,10.3
2000-11-10,,10.0
2000-11-11,,9.8
2000-11-12,,9.5
2000-11-13,,9.3
2000-11-14,,9.4
2000-11-15,,9.4
2000-11-16,,9.4
2000-11-17,,9.3
2000-11-18,,8.9
2000-11-19,,8.5
2000-11-20,,8.4
2000-11-21,,8.4
2000-11-22,,8.4
2000-11-23,,8.4
2000-11-24,,8.4
2000-11-25,,8.6
2000-11-26,,8.6
2000-11-27,,8.5
2000-11-28,,8.3
2000-11-29,,8.4
2000-11-30,,8.5
2000-12-01,,8.5
2000-12-02,,8.5
2000-12-03,,8.4
2000-12-04,,8.6
2000-12-05,,8.7
2000-12-06,,8.6
2000-12-07,,8.4
2000-12-08,,8.3
2000-12-09,,8.4
2000-12-10,,8.5
2000-12-11,,8.7
2000-12-12,,8.9
2000-12-13,,9.0
2000-12-14,,9.0
2000-12-15,,8.8
2000-12-16,,8.3
2000-12-17,,7.9
2000-12-18,,7.6
2000-12-19,,7.5
2000-12-20,,7.1
2000-12-21,,6.1
2000-12-22,,5.4
2000-12-23,,4.9
2000-12-24,,4.8
2000-12-25,,4.6
2000-12-26,,4.8
2000-12-27,,5.0
2000-12-28,,5.4
2000-12-29,,5.3
2000-12-30,,5.2
2000-12-31,,5.2
2001-01-01,,4.8
2001-01-02,,4.6
2001-01-03,,4.7
2001-01-04,,4.4
2001-01-05,,4.4
2001-01-06,,4.8
2001-01-07,,5.3
2001-01-08,,5.6
2001-01-09,,5.6
2001-01-10,,5.7
2001-01-11,,5.7
2001-01-12,,5.8
2001-01-13,,5.0
2001-01-14,,4.1
2001-01-15,,3.6
2001-01-16,,2.8
2001-01-17,,2.4
2001-01-18,,2.2
2001-01-19,,2.3
2001-01-20,,2.1
2001-01-21,,2.0
2001-01-22,,2.4
2001-01-23,,3.2
2001-01-24,,3.9
2001-01-25,,4.6
2001-01-26,,4.8
2001-01-27,,4.7
2001-01-28,,4.5
2001-01-29,,4.4
2001-01-30,,4.1
2001-01-31,,4.0
2001-02-01,,3.9
2001-02-02,,3.8
2001-02-03,,4.0
2001-02-04,,4.5
2001-02-05,,4.9
2001-02-06,,5.2
2001-02-07,,5.4
2001-02-08,,5.6
2001-02-09,,5.8
2001-02-10,,5.8
2001-02-11,,5.9
2001-02-12,,5.7
2001-02-13,,5.7
2001-02-14,,5.7
2001-02-15,,5.7
2001-02-16,,5.7
2001-02-17,,5.6
2001-02-18,,5.6
2001-02-19,,5.6
2001-02-20,,5.5
2001-02-21,,5.3
2001-02-22,,5.1
2001-02-23,,5.0
2001-02-24,,5.0
2001-02-25,,4.9
2001-02-26,,4.9
2001-02-27,,4.8
2001-02-28,,4.8
2001-03-01,,4.8
2001-03-02,,4.9
2001-03-03,,4.9
2001-03-04,,5.0
2001-03-05,,5.0
2001-03-06,,5.3
2001-03-07,,5.7
2001-03-08,,6.2
2001-03-09,,6.9
2001-03-10,,7.2
2001-03-11,,7.4
2001-03-12,,7.7
2001-03-13,,7.9
2001-03-14,,8.0
2001-03-15,,8.1
2001-03-16,,8.4
2001-03-17,,8.6
2001-03-18,,8.7
2001-03-19,,8.8
2001-03-20,,8.5
2001-03-21,,8.3
2001-03-22,,7.9
2001-03-23,,7.7
2001-03-24,,7.5
2001-03-25,,7.4
2001-03-26,,7.4
2001-03-27,,7.6
2001-03-28,,8.1
2001-03-29,,8.4
2001-03-30,,8.7
2001-03-31,,8.9
2001-04-01,,8.8
2001-04-02,,9.0
2001-04-03,,9.3
2001-04-04,,9.6
2001-04-05,,9.7
2001-04-06,,9.8
2001-04-07,,9.6
2001-04-08,,9.3
2001-04-09,,9.1
2001-04-10,,9.0
2001-04-11,,9.0
2001-04-12,,8.7
2001-04-13,,8.4
2001-04-14,,8.0
2001-04-15,,7.7
2001-04-16,,7.5
2001-04-17,,7.4
2001-04-18,,7.7
2001-04-19,,7.9
2001-04-20,,8.0
2001-04-21,,7.1
2001-04-22,,6.4
2001-04-23,,5.7
2001-04-24,,6.3
2001-04-25,,7.9
2001-04-26,,9.6
2001-04-27,,10.1
2001-04-28,,10.7
2001-04-29,,11.2
2001-04-30,,11.4
2001-05-01,,11.5
2001-05-02,,11.7
2001-05-03,,11.8
2001-05-04,,11.8
2001-05-05,,11.9
2001-05-06,,12.1
2001-05-07,,12.2
2001-05-08,,12.2
2001-05-09,,13.1
2001-05-10,,14.0
2001-05-11,,14.7
2001-05-12,,15.4
2001-05-13,,16.0
2001-05-14,,16.4
2001-05-15,,16.6
2001-05-16,,16.6
2001-05-17,,16.6
2001-05-18,,15.7
2001-05-19,,15.7
2001-05-20,,16.3
2001-05-21,,16.4
2001-05-22,,16.1
2001-05-23,,16.6
2001-05-24,,16.9
2001-05-25,,17.1
2001-05-26,,17.3
2001-05-27,,17.7
2001-05-28,,18.6
2001-05-29,,19.4
2001-05-30,,19.9
2001-05-31,,19.8
2001-06-01,,19.2
2001-06-02,,18.2
2001-06-03,,17.1
2001-06-04,,16.1
2001-06-05,,15.3
2001-06-06,,15.4
2001-06-07,,15.5
2001-06-08,,15.7
2001-06-09,,15.6
2001-06-10,,15.2
2001-06-11,,14.7
2001-06-12,,14.3
2001-06-13,,15.1
2001-06-14,,15.9
2001-06-15,,16.6
2001-06-16,,17.2
2001-06-17,,17.0
2001-06-18,,16.8
2001-06-19,,15.9
2001-06-20,,14.7
2001-06-21,,15.0
2001-06-22,,15.9
2001-06-23,,16.7
2001-06-24,,17.4
2001-06-25,,18.2
2001-06-26,,18.9
2001-06-27,,19.5
2001-06-28,,19.8
2001-06-29,,19.7
2001-06-30,,20.0
2001-07-01,,20.0
2001-07-02,,19.8
2001-07-03,,19.8
2001-07-04,,19.8
2001-07-05,,20.2
2001-07-06,,20.7
2001-07-07,,20.7
2001-07-08,,19.8
2001-07-09,,19.8
2001-07-10,,20.3
2001-07-11,,20.5
2001-07-12,,20.2
2001-07-13,,20.3
2001-07-14,,20.0
2001-07-15,,19.9
2001-07-16,,19.4
2001-07-17,,18.5
2001-07-18,,18.2
2001-07-19,,17.8
2001-07-20,,17.7
2001-07-21,,17.8
2001-07-22,,18.1
2001-07-23,,18.5
2001-07-24,,19.1
2001-07-25,,19.6
2001-07-26,,20.1
2001-07-27,,20.9
2001-07-28,,20.8
2001-07-29,,20.9
2001-07-30,,22.3
2001-07-31,,22.5
2001-08-01,,22.8
2001-08-02,,22.9
2001-08-03,,23.0
2001-08-04,,22.4
2001-08-05,,22.0
2001-08-06,,21.4
2001-08-07,,21.1
2001-08-08,,20.7
2001-08-09,,20.6
2001-08-10,,20.5
2001-08-11,,20.1
2001-08-12,,19.7
2001-08-13,,19.8
2001-08-14,,20.1
2001-08-15,,20.8
2001-08-16,,21.6
2001-08-17,,21.9
2001-08-18,,21.9
2001-08-19,,22.1
2001-08-20,,21.9
2001-08-21,,21.2
2001-08-22,,21.1
2001-08-23,,21.3
2001-08-24,,21.5
2001-08-25,,21.7
2001-08-26,,22.1
2001-08-27,,22.4
2001-08-28,,22.2
2001-08-29,,21.7
2001-08-30,,21.3
2001-08-31,,21.0
2001-09-01,,20.2
2001-09-02,,19.3
2001-09-03,,19.3
2001-09-04,,19.3
2001-09-05,,18.5
2001-09-06,,17.9
2001-09-07,,17.2
2001-09-08,,16.4
2001-09-09,,15.4
2001-09-10,,14.2
2001-09-11,,13.7
2001-09-12,,13.5
2001-09-13,,13.6
2001-09-14,,13.9
2001-09-15,,13.8
2001-09-16,,13.9
2001-09-17,,13.8
2001-09-18,,13.5
2001-09-19,,13.2
2001-09-20,,13.4
2001-09-21,,13.7
2001-09-22,,13.9
2001-09-23,,13.8
2001-09-24,,13.7
2001-09-25,,13.7
2001-09-26,,13.7
2001-09-27,,13.6
2001-09-28,,14.0
2001-09-29,,14.3
2001-09-30,,14.4
2001-10-01,,14.3
2001-10-02,,14.8
2001-10-03,,15.3
2001-10-04,,15.7
2001-10-05,,15.5
2001-10-06,,15.4
2001-10-07,,15.4
2001-10-08,,15.5
2001-10-09,,15.5
2001-10-10,,15.4
2001-10-11,,15.3
2001-10-12,,15.1
2001-10-13,,14.9
2001-10-14,,14.9
2001-10-15,,14.8
2001-10-16,,14.9
2001-10-17,,15.1
2001-10-18,,15.1
2001-10-19,,14.9
2001-10-20,,14.5
2001-10-21,,14.2
2001-10-22,,14.1
2001-10-23,,13.9
2001-10-24,,13.9
2001-10-25,,13.9
2001-10-26,,13.8
2001-10-27,,13.6
2001-10-28,,13.7
2001-10-29,,13.8
2001-10-30,,13.8
2001-10-31,,13.7
2001-11-01,,13.4
2001-11-02,,12.8
2001-11-03,,12.3
2001-11-04,,11.9
2001-11-05,,11.3
2001-11-06,,11.0
2001-11-07,,10.7
2001-11-08,,10.7
2001-11-09,,10.1
2001-11-10,,9.4
2001-11-11,,8.5
2001-11-12,,7.9
2001-11-13,,7.8
2001-11-14,,7.4
2001-11-15,,7.0
2001-11-16,,6.6
2001-11-17,,6.5
2001-11-18,,6.5
2001-11-19,,6.4
2001-11-20,,6.6
2001-11-21,,6.8
2001-11-22,,6.9
2001-11-23,,6.5
2001-11-24,,6.1
2001-11-25,,6.0
2001-11-26,,6.2
2001-11-27,,6.8
2001-11-28,,7.1
2001-11-29,,6.9
2001-11-30,,7.0
2001-12-01,,7.4
2001-12-02,,7.8
2001-12-03,,8.1
2001-12-04,,8.0
2001-12-05,,7.8
2001-12-06,,7.1
2001-12-07,,6.5
2001-12-08,,6.2
2001-12-09,,5.7
2001-12-10,,5.2
2001-12-11,,5.7
2001-12-12,,5.6
2001-12-13,,5.4
2001-12-14,,4.1
2001-12-15,,3.1
2001-12-16,,2.8
2001-12-17,,2.8
2001-12-18,,2.9
2001-12-19,,3.2
2001-12-20,,3.4
2001-12-21,,3.4
2001-12-22,,3.1
2001-12-23,,3.0
2001-12-24,,2.3
2001-12-25,,2.2
2001-12-26,,2.5
2001-12-27,,2.5
2001-12-28,,2.7
2001-12-29,,3.3
2001-12-30,,3.8
2001-12-31,,3.6
2002-01-01,,3.1
2002-01-02,,2.6
2002-01-03,,2.2
2002-01-04,,1.7
2002-01-05,,1.6
2002-01-06,,1.5
2002-01-07,,1.6
2002-01-08,,2.0
2002-01-09,,2.3
2002-01-10,,2.5
2002-01-11,,2.7
2002-01-12,,2.8
2002-01-13,,3.3
2002-01-14,,3.5
2002-01-15,,3.4
2002-01-16,,3.3
2002-01-17,,3.4
2002-01-18,,3.4
2002-01-19,,3.7
2002-01-20,,4.2
2002-01-21,,4.7
2002-01-22,,4.9
2002-01-23,,4.9
2002-01-24,,4.9
2002-01-25,,5.3
2002-01-26,,5.7
2002-01-27,,6.3
2002-01-28,,7.2
2002-01-29,,7.6
2002-01-30,,7.3
2002-01-31,,7.0
2002-02-01,,6.8
2002-02-02,,6.9
2002-02-03,,7.0
2002-02-04,,6.9
2002-02-05,,6.9
2002-02-06,,7.1
2002-02-07,,7.3
2002-02-08,,7.4
2002-02-09,,7.5
2002-02-10,,7.7
2002-02-11,,7.7
2002-02-12,,7.9
2002-02-13,,8.2
2002-02-14,,8.2
2002-02-15,,7.6
2002-02-16,,6.9
2002-02-17,,6.6
2002-02-18,,6.4
2002-02-19,,6.5
2002-02-20,,6.5
2002-02-21,,6.3
2002-02-22,,5.7
2002-02-23,,5.4
2002-02-24,,5.2
2002-02-25,,5.2
2002-02-26,,5.9
2002-02-27,,6.7
2002-02-28,,7.3
2002-03-01,,7.5
2002-03-02,,7.5
2002-03-03,,7.2
2002-03-04,,7.0
2002-03-05,,7.2
2002-03-06,,7.2
2002-03-07,,7.6
2002-03-08,,8.0
2002-03-09,,8.4
2002-03-10,,8.7
2002-03-11,,8.9
2002-03-12,,9.1
2002-03-13,,9.5
2002-03-14,,9.9
2002-03-15,,10.0
2002-03-16,,10.0
2002-03-17,,9.9
2002-03-18,,10.1
2002-03-19,,10.6
2002-03-20,,10.7
2002-03-21,,10.8
2002-03-22,,10.4
2002-03-23,,9.7
2002-03-24,,8.6
2002-03-25,,8.0
2002-03-26,,7.5
2002-03-27,,7.4
2002-03-28,,7.7
2002-03-29,,8.2
2002-03-30,,8.9
2002-03-31,,9.7
2002-04-01,,10.3
2002-04-02,,10.8
2002-04-03,,11.2
2002-04-04,,11.4
2002-04-05,,11.5
2002-04-06,,11.1
2002-04-07,,10.7
2002-04-08,,10.5
2002-04-09,,10.5
2002-04-10,,10.2
2002-04-11,,9.8
2002-04-12,,10.5
2002-04-13,,11.1
2002-04-14,,11.0
2002-04-15,,10.7
2002-04-16,,10.7
2002-04-17,,10.8
2002-04-18,,10.6
2002-04-19,,11.0
2002-04-20,,11.0
2002-04-21,,11.2
2002-04-22,,11.7
2002-04-23,,12.2
2002-04-24,,12.7
2002-04-25,,12.8
2002-04-26,,13.2
2002-04-27,,13.2
2002-04-28,,12.9
2002-04-29,,12.6
2002-04-30,,12.6
2002-05-01,,13.2
2002-05-02,,14.0
2002-05-03,,14.0
2002-05-04,,13.4
2002-05-05,,12.7
2002-05-06,,12.5
2002-05-07,,12.6
2002-05-08,,13.3
2002-05-09,,14.1
2002-05-10,,15.1
2002-05-11,,15.7
2002-05-12,,16.0
2002-05-13,,15.9
2002-05-14,,16.1
2002-05-15,,16.2
2002-05-16,,16.7
2002-05-17,,17.6
2002-05-18,,18.4
2002-05-19,,18.2
2002-05-20,,16.9
2002-05-21,,16.3
2002-05-22,,16.7
2002-05-23,,17.5
2002-05-24,,17.3
2002-05-25,,16.6
2002-05-26,,16.1
2002-05-27,,15.9
2002-05-28,,15.1
2002-05-29,,14.9
2002-05-30,,15.0
2002-05-31,,15.6
2002-06-01,,16.4
2002-06-02,,17.2
2002-06-03,,17.7
2002-06-04,,18.4
2002-06-05,,18.7
2002-06-06,,18.7
2002-06-07,,18.4
2002-06-08,,17.9
2002-06-09,,17.5
2002-06-10,,17.0
2002-06-11,,16.3
2002-06-12,,16.4
2002-06-13,,17.4
2002-06-14,,18.4
2002-06-15,,19.5
2002-06-16,,20.2
2002-06-17,,20.7
2002-06-18,,21.5
2002-06-19,,22.5
2002-06-20,,23.2
2002-06-21,,23.4
2002-06-22,,23.3
2002-06-23,,23.6
2002-06-24,,23.3
2002-06-25,,22.3
2002-06-26,,22.1
2002-06-27,,22.1
2002-06-28,,21.7
2002-06-29,,21.0
2002-06-30,,20.5
2002-07-01,,20.6
2002-07-02,,20.4
2002-07-03,,19.9
2002-07-04,,19.9
2002-07-05,,19.4
2002-07-06,,19.5
2002-07-07,,19.4
2002-07-08,,19.7
2002-07-09,,20.5
2002-07-10,,20.9
2002-07-11,,20.6
2002-07-12,,20.8
2002-07-13,,21.0
2002-07-14,,20.7
2002-07-15,,20.4
2002-07-16,,20.2
2002-07-17,,19.8
2002-07-18,,19.1
2002-07-19,,18.5
2002-07-20,,18.8
2002-07-21,,19.3
2002-07-22,,19.1
2002-07-23,,19.4
2002-07-24,,19.9
2002-07-25,,19.8
2002-07-26,,19.6
2002-07-27,,19.5
2002-07-28,,19.9
2002-07-29,,20.5
2002-07-30,,21.1
2002-07-31,,21.7
2002-08-01,,21.9
2002-08-02,,21.6
2002-08-03,,21.4
2002-08-04,,21.6
2002-08-05,,21.5
2002-08-06,,20.9
2002-08-07,,20.1
2002-08-08,,19.5
2002-08-09,,19.0
2002-08-10,,19.2
2002-08-11,,18.3
2002-08-12,,17.4
2002-08-13,,17.0
2002-08-14,,16.9
2002-08-15,,17.3
2002-08-16,,18.0
2002-08-17,,18.5
2002-08-18,,18.8
2002-08-19,,19.2
2002-08-20,,19.6
2002-08-21,,19.8
2002-08-22,,19.3
2002-08-23,,19.1
2002-08-24,,19.2
2002-08-25,,19.5
2002-08-26,,19.8
2002-08-27,,19.8
2002-08-28,,19.5
2002-08-29,,19.4
2002-08-30,,19.3
2002-08-31,,19.6
2002-09-01,,19.4
2002-09-02,,18.6
2002-09-03,,18.0
2002-09-04,,17.5
2002-09-05,,17.6
2002-09-06,,17.8
2002-09-07,,18.0
2002-09-08,,18.3
2002-09-09,,18.7
2002-09-10,,18.7
2002-09-11,,18.0
2002-09-12,,17.6
2002-09-13,,17.3
2002-09-14,,17.1
2002-09-15,,16.9
2002-09-16,,16.7
2002-09-17,,16.4
2002-09-18,,16.3
2002-09-19,,16.3
2002-09-20,,16.4
2002-09-21,,16.3
2002-09-22,,16.2
2002-09-23,,15.8
2002-09-24,,14.5
2002-09-25,,12.6
2002-09-26,,11.5
2002-09-27,,11.6
2002-09-28,,11.9
2002-09-29,,12.2
2002-09-30,,12.3
2002-10-01,,12.4
2002-10-02,,12.5
2002-10-03,,12.7
2002-10-04,,13.1
2002-10-05,,13.1
2002-10-06,,13.1
2002-10-07,,12.9
2002-10-08,,12.5
2002-10-09,,12.0
2002-10-10,,11.7
2002-10-11,,11.6
2002-10-12,,11.4
2002-10-13,,11.4
2002-10-14,,11.5
2002-10-15,,11.8
2002-10-16,,12.3
2002-10-17,,12.9
2002-10-18,,12.8
2002-10-19,,12.2
2002-10-20,,11.4
2002-10-21,,10.8
2002-10-22,,11.0
2002-10-23,,11.6
2002-10-24,,11.7
2002-10-25,,11.6
2002-10-26,,11.7
2002-10-27,,11.7
2002-10-28,,11.3
2002-10-29,,11.0
2002-10-30,,10.7
2002-10-31,,10.9
2002-11-01,,11.3
2002-11-02,,11.7
2002-11-03,,11.8
2002-11-04,,11.7
2002-11-05,,11.0
2002-11-06,,10.2
2002-11-07,,9.5
2002-11-08,,9.3
2002-11-09,,9.2
2002-11-10,,8.9
2002-11-11,,9.1
2002-11-12,,9.7
2002-11-13,,9.5
2002-11-14,,9.2
2002-11-15,,9.2
2002-11-16,,9.4
2002-11-17,,9.5
2002-11-18,,9.5
2002-11-19,,9.4
2002-11-20,,9.3
2002-11-21,,9.2
2002-11-22,,9.0
2002-11-23,,9.0
2002-11-24,,8.9
2002-11-25,,8.9
2002-11-26,,9.1
2002-11-27,,9.4
2002-11-28,,9.6
2002-11-29,,9.7
2002-11-30,,9.7
2002-12-01,,9.5
2002-12-02,,9.1
2002-12-03,,8.8
2002-12-04,,8.5
2002-12-05,,8.5
2002-12-06,,8.4
2002-12-07,,7.9
2002-12-08,,7.4
2002-12-09,,6.4
2002-12-10,,5.3
2002-12-11,,4.5
2002-12-12,,4.1
2002-12-13,,4.2
2002-12-14,,4.5
2002-12-15,,4.9
2002-12-16,,5.4
2002-12-17,,6.1
2002-12-18,,6.8
2002-12-19,,6.4
2002-12-20,,5.8
2002-12-21,,6.0
2002-12-22,,6.7
2002-12-23,,7.6
2002-12-24,,7.9
2002-12-25,,7.7
2002-12-26,,7.5
2002-12-27,,7.5
2002-12-28,,7.5
2002-12-29,,7.8
2002-12-30,,8.3
2002-12-31,,8.7
2003-01-01,,8.4
2003-01-02,,8.5
2003-01-03,,8.7
2003-01-04,,8.6
2003-01-05,,7.7
2003-01-06,,6.4
2003-01-07,,5.4
2003-01-08,,4.6
2003-01-09,,3.8
2003-01-10,,3.4
2003-01-11,,3.2
2003-01-12,,2.9
2003-01-13,,2.7
2003-01-14,,2.6
2003-01-15,,3.5
2003-01-16,,4.3
2003-01-17,,4.7
2003-01-18,,4.9
2003-01-19,,4.9
2003-01-20,,4.9
2003-01-21,,4.9
2003-01-22,,5.0
2003-01-23,,5.4
2003-01-24,,5.9
2003-01-25,,6.0
2003-01-26,,5.9
2003-01-27,,5.8
2003-01-28,,5.9
2003-01-29,,5.9
2003-01-30,,5.6
2003-01-31,,5.1
2003-02-01,,4.6
2003-02-02,,4.1
2003-02-03,,4.1
2003-02-04,,4.4
2003-02-05,,4.6
2003-02-06,,4.4
2003-02-07,,4.4
2003-02-08,,4.5
2003-02-09,,4.7
2003-02-10,,4.5
2003-02-11,,4.5
2003-02-12,,4.3
2003-02-13,,4.0
2003-02-14,,3.6
2003-02-15,,3.4
2003-02-16,,3.3
2003-02-17,,3.1
2003-02-18,,3.0
2003-02-19,,2.9
2003-02-20,,2.9
2003-02-21,,3.3
2003-02-22,,3.5
2003-02-23,,3.5
2003-02-24,,3.5
2003-02-25,,3.9
2003-02-26,,4.3
2003-02-27,,4.6
2003-02-28,,5.0
2003-03-01,,5.4
2003-03-02,,6.0
2003-03-03,,6.7
2003-03-04,,7.0
2003-03-05,,6.6
2003-03-06,,6.8
2003-03-07,,7.1
2003-03-08,,7.4
2003-03-09,,7.5
2003-03-10,,7.8
2003-03-11,,8.3
2003-03-12,,8.8
2003-03-13,,8.7
2003-03-14,,8.3
2003-03-15,,7.7
2003-03-16,,7.2
2003-03-17,,7.1
2003-03-18,,7.1
2003-03-19,,7.6
2003-03-20,,8.0
2003-03-21,,8.2
2003-03-22,,8.1
2003-03-23,,8.1
2003-03-24,,8.4
2003-03-25,,8.9
2003-03-26,,9.6
2003-03-27,,10.2
2003-03-28,,10.8
2003-03-29,,11.4
2003-03-30,,11.8
2003-03-31,,12.2
2003-04-01,,12.3
2003-04-02,,12.1
2003-04-03,,11.4
2003-04-04,,10.8
2003-04-05,,10.0
2003-04-06,,9.4
2003-04-07,,8.9
2003-04-08,,8.5
2003-04-09,,8.7
2003-04-10,,8.9
2003-04-11,,8.6
2003-04-12,,8.9
2003-04-13,,9.8
2003-04-14,,10.6
2003-04-15,,11.5
2003-04-16,,12.4
2003-04-17,,12.9
2003-04-18,,13.3
2003-04-19,,13.2
2003-04-20,,12.8
2003-04-21,,13.3
2003-04-22,,13.6
2003-04-23,,13.8
2003-04-24,,14.0
2003-04-25,,14.4
2003-04-26,,14.8
2003-04-27,,14.9
2003-04-28,,15.0
2003-04-29,,15.2
2003-04-30,,15.0
2003-05-01,,15.1
2003-05-02,,15.5
2003-05-03,,15.6
2003-05-04,,15.6
2003-05-05,,16.3
2003-05-06,,17.1
2003-05-07,,18.0
2003-05-08,,18.6
2003-05-09,,19.0
2003-05-10,,18.7
2003-05-11,,18.4
2003-05-12,,18.1
2003-05-13,,17.5
2003-05-14,,16.5
2003-05-15,,15.9
2003-05-16,,15.3
2003-05-17,,15.2
2003-05-18,,15.2
2003-05-19,,15.7
2003-05-20,,16.2
2003-05-21,,16.1
2003-05-22,,15.9
2003-05-23,,16.1
2003-05-24,,16.6
2003-05-25,,17.0
2003-05-26,,17.1
2003-05-27,,17.0
2003-05-28,,17.4
2003-05-29,,17.9
2003-05-30,,18.5
2003-05-31,,19.3
2003-06-01,,19.3
2003-06-02,,19.8
2003-06-03,,20.6
2003-06-04,,21.2
2003-06-05,,21.8
2003-06-06,,22.2
2003-06-07,,22.3
2003-06-08,,22.7
2003-06-09,,23.0
2003-06-10,,23.0
2003-06-11,,23.1
2003-06-12,,23.3
2003-06-13,,23.6
2003-06-14,,23.2
2003-06-15,,23.2
2003-06-16,,23.1
2003-06-17,,23.2
2003-06-18,,23.1
2003-06-19,,22.6
2003-06-20,,22.2
2003-06-21,,21.9
2003-06-22,,22.1
2003-06-23,,22.5
2003-06-24,,22.8
2003-06-25,,22.8
2003-06-26,,23.0
2003-06-27,,23.1
2003-06-28,,23.2
2003-06-29,,23.3
2003-06-30,,23.5
2003-07-01,,23.3
2003-07-02,,22.1
2003-07-03,,21.5
2003-07-04,,20.9
2003-07-05,,20.6
2003-07-06,,20.5
2003-07-07,,20.5
2003-07-08,,21.0
2003-07-09,,21.2
2003-07-10,,21.6
2003-07-11,,21.9
2003-07-12,,22.3
2003-07-13,,22.4
2003-07-14,,22.4
2003-07-15,,22.6
2003-07-16,,22.9
2003-07-17,,23.0
2003-07-18,,22.5
2003-07-19,,22.5
2003-07-20,,22.8
2003-07-21,,23.3
2003-07-22,,23.6
2003-07-23,,23.7
2003-07-24,,23.6
2003-07-25,,23.2
2003-07-26,,23.1
2003-07-27,,23.1
2003-07-28,,23.2
2003-07-29,,22.9
2003-07-30,,22.9
2003-07-31,,22.9
2003-08-01,,22.5
2003-08-02,,22.9
2003-08-03,,23.6
2003-08-04,,24.2
2003-08-05,,24.5
2003-08-06,,24.9
2003-08-07,,25.1
2003-08-08,,25.2
2003-08-09,,25.3
2003-08-10,,25.3
2003-08-11,,25.2
2003-08-12,,25.4
2003-08-13,,25.3
2003-08-14,,25.0
2003-08-15,,24.6
2003-08-16,,24.1
2003-08-17,,24.0
2003-08-18,,24.0
2003-08-19,,23.8
2003-08-20,,23.7
2003-08-21,,23.6
2003-08-22,,23.7
2003-08-23,,23.5
2003-08-24,,23.5
2003-08-25,,23.2
2003-08-26,,23.3
2003-08-27,,22.9
2003-08-28,,22.7
2003-08-29,,22.2
2003-08-30,,20.3
2003-08-31,,19.4
2003-09-01,,18.7
2003-09-02,,17.9
2003-09-03,,17.4
2003-09-04,,17.3
2003-09-05,,17.3
2003-09-06,,17.4
2003-09-07,,17.3
2003-09-08,,17.2
2003-09-09,,17.0
2003-09-10,,16.8
2003-09-11,,16.4
2003-09-12,,15.9
2003-09-13,,15.7
2003-09-14,,15.8
2003-09-15,,15.7
2003-09-16,,15.8
2003-09-17,,15.8
2003-09-18,,16.0
2003-09-19,,16.2
2003-09-20,,16.5
2003-09-21,,16.8
2003-09-22,,17.0
2003-09-23,,17.0
2003-09-24,,16.7
2003-09-25,,16.0
2003-09-26,,15.6
2003-09-27,,15.5
2003-09-28,,15.6
2003-09-29,,15.5
2003-09-30,,15.1
2003-10-01,,14.8
2003-10-02,,14.8
2003-10-03,,14.7
2003-10-04,,14.7
2003-10-05,,14.3
2003-10-06,,13.4
2003-10-07,,12.4
2003-10-08,,10.8
2003-10-09,,9.9
2003-10-10,,9.8
2003-10-11,,10.4
2003-10-12,,11.0
2003-10-13,,11.0
2003-10-14,,10.8
2003-10-15,,10.2
2003-10-16,,9.7
2003-10-17,,9.1
2003-10-18,,8.6
2003-10-19,,8.5
2003-10-20,,8.5
2003-10-21,,8.5
2003-10-22,,8.2
2003-10-23,,7.9
2003-10-24,,7.3
2003-10-25,,6.9
2003-10-26,,6.7
2003-10-27,,6.5
2003-10-28,,6.4
2003-10-29,,6.3
2003-10-30,,6.5
2003-10-31,,6.6
2003-11-01,,6.9
2003-11-02,,7.1
2003-11-03,,7.3
2003-11-04,,7.6
2003-11-05,,7.7
2003-11-06,,7.6
2003-11-07,,7.4
2003-11-08,,7.0
2003-11-09,,6.8
2003-11-10,,6.7
2003-11-11,,6.5
2003-11-12,,6.1
2003-11-13,,6.0
2003-11-14,,6.2
2003-11-15,,6.4
2003-11-16,,6.6
2003-11-17,,6.7
2003-11-18,,6.7
2003-11-19,,6.9
2003-11-20,,7.2
2003-11-21,,7.3
2003-11-22,,7.2
2003-11-23,,7.0
2003-11-24,,7.0
2003-11-25,,6.8
2003-11-26,,6.8
2003-11-27,,6.8
2003-11-28,,6.8
2003-11-29,,6.9
2003-11-30,,6.7
2003-12-01,,6.4
2003-12-02,,6.2
2003-12-03,,5.9
2003-12-04,,5.8
2003-12-05,,5.8
2003-12-06,,5.6
2003-12-07,,5.2
2003-12-08,,4.3
2003-12-09,,3.7
2003-12-10,,3.3
2003-12-11,,3.1
2003-12-12,,3.1
2003-12-13,,3.2
2003-12-14,,3.7
2003-12-15,,3.9
2003-12-16,,3.6
2003-12-17,,3.8
2003-12-18,,3.9
2003-12-19,,3.8
2003-12-20,,3.7
2003-12-21,,3.8
2003-12-22,,3.8
2003-12-23,,3.3
2003-12-24,,2.6
2003-12-25,,2.1
2003-12-26,,1.9
2003-12-27,,1.7
2003-12-28,,1.5
2003-12-29,,1.7
2003-12-30,,1.9
2003-12-31,,2.1
2004-01-01,,2.3
2004-01-02,,2.3
2004-01-03,,2.0
2004-01-04,,1.7
2004-01-05,,1.5
2004-01-06,,1.5
2004-01-07,,1.7
2004-01-08,,2.2
2004-01-09,,2.6
2004-01-10,,3.0
2004-01-11,,3.5
2004-01-12,,3.9
2004-01-13,,4.4
2004-01-14,,4.9
2004-01-15,,4.8
2004-01-16,,4.3
2004-01-17,,4.1
2004-01-18,,4.1
2004-01-19,,3.8
2004-01-20,,3.5
2004-01-21,,3.3
2004-01-22,,3.2
2004-01-23,,2.6
2004-01-24,,2.0
2004-01-25,,1.9
2004-01-26,,2.3
2004-01-27,,2.5
2004-01-28,,2.6
2004-01-29,,2.6
2004-01-30,,2.3
2004-01-31,,2.1
2004-02-01,,2.5
2004-02-02,,3.1
2004-02-03,,3.9
2004-02-04,,4.4
2004-02-05,,4.6
2004-02-06,,4.9
2004-02-07,,5.2
2004-02-08,,5.2
2004-02-09,,4.9
2004-02-10,,4.3
2004-02-11,,3.8
2004-02-12,,3.5
2004-02-13,,3.6
2004-02-14,,3.9
2004-02-15,,4.3
2004-02-16,,4.5
2004-02-17,,4.7
2004-02-18,,4.4
2004-02-19,,4.1
2004-02-20,,3.5
2004-02-21,,3.3
2004-02-22,,3.4
2004-02-23,,3.4
2004-02-24,,3.5
2004-02-25,,3.4
2004-02-26,,3.5
2004-02-27,,3.3
2004-02-28,,3.2
2004-02-29,,3.2
2004-03-01,,3.0
2004-03-02,,2.7
2004-03-03,,2.7
2004-03-04,,2.9
2004-03-05,,3.1
2004-03-06,,3.0
2004-03-07,,3.1
2004-03-08,,3.7
2004-03-09,,3.9
2004-03-10,,4.0
2004-03-11,,4.1
2004-03-12,,4.2
2004-03-13,,4.8
2004-03-14,,5.5
2004-03-15,,5.9
2004-03-16,,6.6
2004-03-17,,7.4
2004-03-18,,8.1
2004-03-19,,8.6
2004-03-20,,9.0
2004-03-21,,9.3
2004-03-22,,9.0
2004-03-23,,8.5
2004-03-24,,7.7
2004-03-25,,7.1
2004-03-26,,6.6
2004-03-27,,6.4
2004-03-28,,5.9
2004-03-29,,5.9
2004-03-30,,6.5
2004-03-31,,7.2
2004-04-01,,8.1
2004-04-02,,9.0
2004-04-03,,9.6
2004-04-04,,9.8
2004-04-05,,9.4
2004-04-06,,8.9
2004-04-07,,8.4
2004-04-08,,8.2
2004-04-09,,8.1
2004-04-10,,8.2
2004-04-11,,8.1
2004-04-12,,7.9
2004-04-13,,8.4
2004-04-14,,8.5
2004-04-15,,8.7
2004-04-16,,9.7
2004-04-17,,10.4
2004-04-18,,11.3
2004-04-19,,11.4
2004-04-20,,11.2
2004-04-21,,11.8
2004-04-22,,12.4
2004-04-23,,12.8
2004-04-24,,12.9
2004-04-25,,12.6
2004-04-26,,12.4
2004-04-27,,12.7
2004-04-28,,13.2
2004-04-29,,13.7
2004-04-30,,14.1
2004-05-01,,14.3
2004-05-02,,14.0
2004-05-03,,14.3
2004-05-04,,14.3
2004-05-05,,14.0
2004-05-06,,12.9
2004-05-07,,11.8
2004-05-08,,11.2
2004-05-09,,10.9
2004-05-10,,10.3
2004-05-11,,10.4
2004-05-12,,11.3
2004-05-13,,11.9
2004-05-14,,11.9
2004-05-15,,12.5
2004-05-16,,13.1
2004-05-17,,13.6
2004-05-18,,14.5
2004-05-19,,15.3
2004-05-20,,15.9
2004-05-21,,16.5
2004-05-22,,16.1
2004-05-23,,15.1
2004-05-24,,14.4
2004-05-25,,14.4
2004-05-26,,14.7
2004-05-27,,15.0
2004-05-28,,15.0
2004-05-29,,15.1
2004-05-30,,15.6
2004-05-31,,15.6
2004-06-01,,15.3
2004-06-02,,15.3
2004-06-03,,15.2
2004-06-04,,14.7
2004-06-05,,13.8
2004-06-06,,13.1
2004-06-07,,13.4
2004-06-08,,14.3
2004-06-09,,15.5
2004-06-10,,16.6
2004-06-11,,17.2
2004-06-12,,16.8
2004-06-13,,16.3
2004-06-14,,16.0
2004-06-15,,16.3
2004-06-16,,16.4
2004-06-17,,16.4
2004-06-18,,16.7
2004-06-19,,16.8
2004-06-20,,15.9
2004-06-21,,15.6
2004-06-22,,15.8
2004-06-23,,15.9
2004-06-24,,16.2
2004-06-25,,16.5
2004-06-26,,17.2
2004-06-27,,17.7
2004-06-28,,18.1
2004-06-29,,18.4
2004-06-30,,18.5
2004-07-01,,18.6
2004-07-02,,18.2
2004-07-03,,17.8
2004-07-04,,17.8
2004-07-05,,18.1
2004-07-06,,18.2
2004-07-07,,18.3
2004-07-08,,18.6
2004-07-09,,18.7
2004-07-10,,17.8
2004-07-11,,17.1
2004-07-12,,16.7
2004-07-13,,16.4
2004-07-14,,16.2
2004-07-15,,16.1
2004-07-16,,16.3
2004-07-17,,17.1
2004-07-18,,18.1
2004-07-19,,19.2
2004-07-20,,19.8
2004-07-21,,20.3
2004-07-22,,20.7
2004-07-23,,21.0
2004-07-24,,21.2
2004-07-25,,20.9
2004-07-26,,20.3
2004-07-27,,19.4
2004-07-28,,18.9
2004-07-29,,18.7
2004-07-30,,19.0
2004-07-31,,19.3
2004-08-01,,19.8
2004-08-02,,20.1
2004-08-03,,20.5
2004-08-04,,20.8
2004-08-05,,21.0
2004-08-06,,21.3
2004-08-07,,21.7
2004-08-08,,21.7
2004-08-09,,21.8
2004-08-10,,21.6
2004-08-11,,21.5
2004-08-12,,21.5
2004-08-13,,21.4
2004-08-14,,20.4
2004-08-15,,19.9
2004-08-16,,19.9
2004-08-17,,19.9
2004-08-18,,19.9
2004-08-19,,20.1
2004-08-20,,19.9
2004-08-21,,19.3
2004-08-22,,18.7
2004-08-23,,18.4
2004-08-24,,18.3
2004-08-25,,18.1
2004-08-26,,17.9
2004-08-27,,17.6
2004-08-28,,17.5
2004-08-29,,17.8
2004-08-30,,17.7
2004-08-31,,17.3
2004-09-01,,17.2
2004-09-02,,17.3
2004-09-03,,17.5
2004-09-04,,17.9
2004-09-05,,18.3
2004-09-06,,18.6
2004-09-07,,18.6
2004-09-08,,18.7
2004-09-09,,18.4
2004-09-10,,18.0
2004-09-11,,17.9
2004-09-12,,17.9
2004-09-13,,17.8
2004-09-14,,17.6
2004-09-15,,17.6
2004-09-16,,17.1
2004-09-17,,16.8
2004-09-18,,16.6
2004-09-19,,16.5
2004-09-20,,16.5
2004-09-21,,16.1
2004-09-22,,15.4
2004-09-23,,14.6
2004-09-24,,14.2
2004-09-25,,13.8
2004-09-26,,13.3
2004-09-27,,12.7
2004-09-28,,12.6
2004-09-29,,12.7
2004-09-30,,12.8
2004-10-01,,12.9
2004-10-02,,13.2
2004-10-03,,13.6
2004-10-04,,13.8
2004-10-05,,14.1
2004-10-06,,14.4
2004-10-07,,14.6
2004-10-08,,14.6
2004-10-09,,14.3
2004-10-10,,13.6
2004-10-11,,12.6
2004-10-12,,11.6
2004-10-13,,11.1
2004-10-14,,10.7
2004-10-15,,10.6
2004-10-16,,10.9
2004-10-17,,10.6
2004-10-18,,10.5
2004-10-19,,10.4
2004-10-20,,10.4
2004-10-21,,10.7
2004-10-22,,11.0
2004-10-23,,11.2
2004-10-24,,11.5
2004-10-25,,11.7
2004-10-26,,11.9
2004-10-27,,11.8
2004-10-28,,11.7
2004-10-29,,11.7
2004-10-30,,11.6
2004-10-31,,11.3
2004-11-01,,11.0
2004-11-02,,11.0
2004-11-03,,11.1
2004-11-04,,11.1
2004-11-05,,11.1
2004-11-06,,10.7
2004-11-07,,10.1
2004-11-08,,9.7
2004-11-09,,9.0
2004-11-10,,8.3
2004-11-11,,7.9
2004-11-12,,7.6
2004-11-13,,7.2
2004-11-14,,6.8
2004-11-15,,6.2
2004-11-16,,5.9
2004-11-17,,5.9
2004-11-18,,5.9
2004-11-19,,5.9
2004-11-20,,5.4
2004-11-21,,4.7
2004-11-22,,4.6
2004-11-23,,5.2
2004-11-24,,5.2
2004-11-25,,4.8
2004-11-26,,4.8
2004-11-27,,5.1
2004-11-28,,5.3
2004-11-29,,5.5
2004-11-30,,5.4
2004-12-01,,5.4
2004-12-02,,5.5
2004-12-03,,5.5
2004-12-04,,5.5
2004-12-05,,5.5
2004-12-06,,5.4
2004-12-07,,5.4
2004-12-08,,5.1
2004-12-09,,4.7
2004-12-10,,4.1
2004-12-11,,3.7
2004-12-12,,3.5
2004-12-13,,3.3
2004-12-14,,3.1
2004-12-15,,3.0
2004-12-16,,2.8
2004-12-17,,2.7
2004-12-18,,2.9
2004-12-19,,3.0
2004-12-20,,2.6
2004-12-21,,2.0
2004-12-22,,1.7
2004-12-23,,1.8
2004-12-24,,2.3
2004-12-25,,2.8
2004-12-26,,2.9
2004-12-27,,3.1
2004-12-28,,3.2
2004-12-29,,3.2
2004-12-30,,3.2
2004-12-31,,3.0
2005-01-01,,3.1
2005-01-02,,3.5
2005-01-03,,3.3
2005-01-04,,3.6
2005-01-05,,3.6
2005-01-06,,3.7
2005-01-07,,3.9
2005-01-08,,3.9
2005-01-09,,4.2
2005-01-10,,4.3
2005-01-11,,4.2
2005-01-12,,4.5
2005-01-13,,4.7
2005-01-14,,4.5
2005-01-15,,4.2
2005-01-16,,3.7
2005-01-17,,3.3
2005-01-18,,3.0
2005-01-19,,2.8
2005-01-20,,2.7
2005-01-21,,3.1
2005-01-22,,3.3
2005-01-23,,3.2
2005-01-24,,2.6
2005-01-25,,2.4
2005-01-26,,2.0
2005-01-27,,1.4
2005-01-28,,1.0
2005-01-29,,0.7
2005-01-30,,0.6
2005-01-31,,0.6
2005-02-01,,0.7
2005-02-02,,0.9
2005-02-03,,1.3
2005-02-04,,1.8
2005-02-05,,1.8
2005-02-06,,1.6
2005-02-07,,1.3
2005-02-08,,1.1
2005-02-09,,1.2
2005-02-10,,1.4
2005-02-11,,2.2
2005-02-12,,2.9
2005-02-13,,3.9
2005-02-14,,3.1
2005-02-15,,2.7
2005-02-16,,2.6
2005-02-17,,2.2
2005-02-18,,2.4
2005-02-19,,2.7
2005-02-20,,2.9
2005-02-21,,3.1
2005-02-22,,2.8
2005-02-23,,2.6
2005-02-24,,2.4
2005-02-25,,2.2
2005-02-26,,2.5
2005-02-27,,2.6
2005-02-28,,2.1
2005-03-01,,1.7
2005-03-02,,1.2
2005-03-03,,1.1
2005-03-04,,1.1
2005-03-05,,1.4
2005-03-06,,1.7
2005-03-07,,1.7
2005-03-08,,1.8
2005-03-09,,2.2
2005-03-10,,2.5
2005-03-11,,2.9
2005-03-12,,3.0
2005-03-13,,2.9
2005-03-14,,3.3
2005-03-15,,4.1
2005-03-16,,5.0
2005-03-17,,5.7
2005-03-18,,6.5
2005-03-19,,7.0
2005-03-20,,7.0
2005-03-21,,6.9
2005-03-22,,7.0
2005-03-23,,7.5
2005-03-24,,8.1
2005-03-25,,8.2
2005-03-26,,8.3
2005-03-27,,8.4
2005-03-28,,8.9
2005-03-29,,9.4
2005-03-30,,9.5
2005-03-31,,9.4
2005-04-01,,9.3
2005-04-02,,9.0
2005-04-03,,9.0
2005-04-04,,9.5
2005-04-05,,9.8
2005-04-06,,10.3
2005-04-07,,10.6
2005-04-08,,10.6
2005-04-09,,10.1
2005-04-10,,9.3
2005-04-11,,9.0
2005-04-12,,9.2
2005-04-13,,9.8
2005-04-14,,10.3
2005-04-15,,10.9
2005-04-16,,11.5
2005-04-17,,11.7
2005-04-18,,11.5
2005-04-19,,11.0
2005-04-20,,10.2
2005-04-21,,9.5
2005-04-22,,9.5
2005-04-23,,10.1
2005-04-24,,10.6
2005-04-25,,10.6
2005-04-26,,10.4
2005-04-27,,10.6
2005-04-28,,10.7
2005-04-29,,11.4
2005-04-30,,12.3
2005-05-01,,13.5
2005-05-02,,14.5
2005-05-03,,15.1
2005-05-04,,15.0
2005-05-05,,14.3
2005-05-06,,13.1
2005-05-07,,11.9
2005-05-08,,11.0
2005-05-09,,10.8
2005-05-10,,10.7
2005-05-11,,10.8
2005-05-12,,11.1
2005-05-13,,11.5
2005-05-14,,12.2
2005-05-15,,12.6
2005-05-16,,12.5
2005-05-17,,12.5
2005-05-18,,12.3
2005-05-19,,12.3
2005-05-20,,13.0
2005-05-21,,13.8
2005-05-22,,14.3
2005-05-23,,14.4
2005-05-24,,14.2
2005-05-25,,14.7
2005-05-26,,15.3
2005-05-27,,16.2
2005-05-28,,17.0
2005-05-29,,17.9
2005-05-30,,18.5
2005-05-31,,18.0
2005-06-01,,17.2
2005-06-02,,16.9
2005-06-03,,17.1
2005-06-04,,17.4
2005-06-05,,17.0
2005-06-06,,16.5
2005-06-07,,16.0
2005-06-08,,15.3
2005-06-09,,14.8
2005-06-10,,14.5
2005-06-11,,14.3
2005-06-12,,14.3
2005-06-13,,14.8
2005-06-14,,15.5
2005-06-15,,16.0
2005-06-16,,16.7
2005-06-17,,17.2
2005-06-18,,17.7
2005-06-19,,17.9
2005-06-20,,18.5
2005-06-21,,19.2
2005-06-22,,19.9
2005-06-23,,20.2
2005-06-24,,20.7
2005-06-25,,21.2
2005-06-26,,21.6
2005-06-27,,22.0
2005-06-28,,22.2
2005-06-29,,22.3
2005-06-30,,21.7
2005-07-01,,21.0
2005-07-02,,20.3
2005-07-03,,19.8
2005-07-04,,19.9
2005-07-05,,19.5
2005-07-06,,18.4
2005-07-07,,17.9
2005-07-08,,17.4
2005-07-09,,17.1
2005-07-10,,17.1
2005-07-11,,17.1
2005-07-12,,17.0
2005-07-13,,17.3
2005-07-14,,17.8
2005-07-15,,18.4
2005-07-16,,19.0
2005-07-17,,19.5
2005-07-18,,19.7
2005-07-19,,19.5
2005-07-20,,19.0
2005-07-21,,18.7
2005-07-22,,18.4
2005-07-23,,18.2
2005-07-24,,18.2
2005-07-25,,18.3
2005-07-26,,18.1
2005-07-27,,18.6
2005-07-28,,19.5
2005-07-29,,20.4
2005-07-30,,20.8
2005-07-31,,20.3
2005-08-01,,20.4
2005-08-02,,20.2
2005-08-03,,19.5
2005-08-04,,18.7
2005-08-05,,18.6
2005-08-06,,18.6
2005-08-07,,18.0
2005-08-08,,17.3
2005-08-09,,17.0
2005-08-10,,16.8
2005-08-11,,16.8
2005-08-12,,17.3
2005-08-13,,17.7
2005-08-14,,17.6
2005-08-15,,17.2
2005-08-16,,16.7
2005-08-17,,16.6
2005-08-18,,16.9
2005-08-19,,17.4
2005-08-20,,17.5
2005-08-21,,16.9
2005-08-22,,16.7
2005-08-23,,15.9
2005-08-24,,15.1
2005-08-25,,14.8
2005-08-26,,15.1
2005-08-27,,15.1
2005-08-28,,15.4
2005-08-29,,15.7
2005-08-30,,16.3
2005-08-31,,16.8
2005-09-01,,17.3
2005-09-02,,17.6
2005-09-03,,17.7
2005-09-04,,17.9
2005-09-05,,17.9
2005-09-06,,18.0
2005-09-07,,18.1
2005-09-08,,18.2
2005-09-09,,18.3
2005-09-10,,18.3
2005-09-11,,17.9
2005-09-12,,17.6
2005-09-13,,17.3
2005-09-14,,16.8
2005-09-15,,16.5
2005-09-16,,16.4
2005-09-17,,15.8
2005-09-18,,15.0
2005-09-19,,14.4
2005-09-20,,14.1
2005-09-21,,13.8
2005-09-22,,13.8
2005-09-23,,14.0
2005-09-24,,14.1
2005-09-25,,14.4
2005-09-26,,14.4
2005-09-27,,14.5
2005-09-28,,14.5
2005-09-29,,14.5
2005-09-30,,14.1
2005-10-01,,13.8
2005-10-02,,13.5
2005-10-03,,12.9
2005-10-04,,12.5
2005-10-05,,12.4
2005-10-06,,12.8
2005-10-07,,12.8
2005-10-08,,12.8
2005-10-09,,12.6
2005-10-10,,12.5
2005-10-11,,12.5
2005-10-12,,12.3
2005-10-13,,12.2
2005-10-14,,12.0
2005-10-15,,11.7
2005-10-16,,11.7
2005-10-17,,11.3
2005-10-18,,10.8
2005-10-19,,10.3
2005-10-20,,10.3
2005-10-21,,10.3
2005-10-22,,10.4
2005-10-23,,10.9
2005-10-24,,11.1
2005-10-25,,11.3
2005-10-26,,11.6
2005-10-27,,11.9
2005-10-28,,12.0
2005-10-29,,12.0
2005-10-30,,11.7
2005-10-31,,11.3
2005-11-01,,10.9
2005-11-02,,10.8
2005-11-03,,11.0
2005-11-04,,11.2
2005-11-05,,11.2
2005-11-06,,11.0
2005-11-07,,10.7
2005-11-08,,10.4
2005-11-09,,9.9
2005-11-10,,9.6
2005-11-11,,9.5
2005-11-12,,9.4
2005-11-13,,9.2
2005-11-14,,8.7
2005-11-15,,8.3
2005-11-16,,8.1
2005-11-17,,7.6
2005-11-18,,7.2
2005-11-19,,6.8
2005-11-20,,6.4
2005-11-21,,5.8
2005-11-22,,5.5
2005-11-23,,5.2
2005-11-24,,4.9
2005-11-25,,4.4
2005-11-26,,3.9
2005-11-27,,3.5
2005-11-28,,3.1
2005-11-29,,3.3
2005-11-30,,3.5
2005-12-01,,3.5
2005-12-02,,3.2
2005-12-03,,3.0
2005-12-04,,3.2
2005-12-05,,3.7
2005-12-06,,4.1
2005-12-07,,4.2
2005-12-08,,4.3
2005-12-09,,4.4
2005-12-10,,4.3
2005-12-11,,3.7
2005-12-12,,3.2
2005-12-13,,3.2
2005-12-14,,3.4
2005-12-15,,3.5
2005-12-16,,3.5
2005-12-17,,3.2
2005-12-18,,2.8
2005-12-19,,2.5
2005-12-20,,2.5
2005-12-21,,2.6
2005-12-22,,2.7
2005-12-23,,2.7
2005-12-24,,2.8
2005-12-25,,3.1
2005-12-26,,3.2
2005-12-27,,3.3
2005-12-28,,3.0
2005-12-29,,2.7
2005-12-30,,2.1
2005-12-31,,1.5
2006-01-01,,1.6
2006-01-02,,1.8
2006-01-03,,2.1
2006-01-04,,2.5
2006-01-05,,2.6
2006-01-06,,2.7
2006-01-07,,2.9
2006-01-08,,2.9
2006-01-09,,2.7
2006-01-10,,2.4
2006-01-11,,2.1
2006-01-12,,1.7
2006-01-13,,1.4
2006-01-14,,1.2
2006-01-15,,1.0
2006-01-16,,0.7
2006-01-17,,0.4
2006-01-18,,0.5
2006-01-19,,0.9
2006-01-20,,1.3
2006-01-21,,1.8
2006-01-22,,2.2
2006-01-23,,1.7
2006-01-24,,0.8
2006-01-25,,0.4
2006-01-26,,0.5
2006-01-27,,0.4
2006-01-28,,0.2
2006-01-29,,0.1
2006-01-30,,0.2
2006-01-31,,0.2
2006-02-01,,0.3
2006-02-02,,0.4
2006-02-03,,0.4
2006-02-04,,0.5
2006-02-05,,0.7
2006-02-06,,0.9
2006-02-07,,1.1
2006-02-08,,1.4
2006-02-09,,1.6
2006-02-10,,1.4
2006-02-11,,1.3
2006-02-12,,1.7
2006-02-13,,1.9
2006-02-14,,1.6
2006-02-15,,1.5
2006-02-16,,2.0
2006-02-17,,2.5
2006-02-18,,2.6
2006-02-19,,2.5
2006-02-20,,2.7
2006-02-21,,3.2
2006-02-22,,3.5
2006-02-23,,3.5
2006-02-24,,3.4
2006-02-25,,3.1
2006-02-26,,3.0
2006-02-27,,2.8
2006-02-28,,2.6
2006-03-01,,2.5
2006-03-02,,2.3
2006-03-03,,2.0
2006-03-04,,2.2
2006-03-05,,2.1
2006-03-06,,2.1
2006-03-07,,2.3
2006-03-08,,2.5
2006-03-09,,2.7
2006-03-10,,3.1
2006-03-11,,2.4
2006-03-12,,2.3
2006-03-13,,2.3
2006-03-14,,2.4
2006-03-15,,2.8
2006-03-16,,2.9
2006-03-17,,3.1
2006-03-18,,3.4
2006-03-19,,3.8
2006-03-20,,4.6
2006-03-21,,5.1
2006-03-22,,5.6
2006-03-23,,5.6
2006-03-24,,5.2
2006-03-25,,5.4
2006-03-26,,6.3
2006-03-27,,7.3
2006-03-28,,7.5
2006-03-29,,7.1
2006-03-30,,6.7
2006-03-31,,7.0
2006-04-01,,7.9
2006-04-02,,8.6
2006-04-03,,8.8
2006-04-04,,8.5
2006-04-05,,8.1
2006-04-06,,7.3
2006-04-07,,6.7
2006-04-08,,7.4
2006-04-09,,8.0
2006-04-10,,8.0
2006-04-11,,7.0
2006-04-12,,6.1
2006-04-13,,6.0
2006-04-14,,6.6
2006-04-15,,7.4
2006-04-16,,8.3
2006-04-17,,9.2
2006-04-18,,9.6
2006-04-19,,9.8
2006-04-20,,10.3
2006-04-21,,10.8
2006-04-22,,11.3
2006-04-23,,11.5
2006-04-24,,11.8
2006-04-25,,12.1
2006-04-26,,12.3
2006-04-27,,12.3
2006-04-28,,12.0
2006-04-29,,11.0
2006-04-30,,9.8
2006-05-01,,9.7
2006-05-02,,10.5
2006-05-03,,11.4
2006-05-04,,12.4
2006-05-05,,13.1
2006-05-06,,13.5
2006-05-07,,13.7
2006-05-08,,13.8
2006-05-09,,13.8
2006-05-10,,13.3
2006-05-11,,12.7
2006-05-12,,13.0
2006-05-13,,13.6
2006-05-14,,13.8
2006-05-15,,14.0
2006-05-16,,14.2
2006-05-17,,14.5
2006-05-18,,14.7
2006-05-19,,14.5
2006-05-20,,14.4
2006-05-21,,13.7
2006-05-22,,13.8
2006-05-23,,14.1
2006-05-24,,14.0
2006-05-25,,13.9
2006-05-26,,13.4
2006-05-27,,13.7
2006-05-28,,14.1
2006-05-29,,14.0
2006-05-30,,12.8
2006-05-31,,11.5
2006-06-01,,11.0
2006-06-02,,10.9
2006-06-03,,10.9
2006-06-04,,11.3
2006-06-05,,11.4
2006-06-06,,11.6
2006-06-07,,12.1
2006-06-08,,12.6
2006-06-09,,13.3
2006-06-10,,14.1
2006-06-11,,15.0
2006-06-12,,15.8
2006-06-13,,16.7
2006-06-14,,17.4
2006-06-15,,18.1
2006-06-16,,18.7
2006-06-17,,19.0
2006-06-18,,19.2
2006-06-19,,19.5
2006-06-20,,19.7
2006-06-21,,20.0
2006-06-22,,20.0
2006-06-23,,19.3
2006-06-24,,19.1
2006-06-25,,19.6
2006-06-26,,20.1
2006-06-27,,20.6
2006-06-28,,20.5
2006-06-29,,20.2
2006-06-30,,19.9
2006-07-01,,19.8
2006-07-02,,19.9
2006-07-03,,20.0
2006-07-04,,20.4
2006-07-05,,21.0
2006-07-06,,21.5
2006-07-07,,21.6
2006-07-08,,21.2
2006-07-09,,20.9
2006-07-10,,20.9
2006-07-11,,21.0
2006-07-12,,21.6
2006-07-13,,22.0
2006-07-14,,22.3
2006-07-15,,22.0
2006-07-16,,21.8
2006-07-17,,21.5
2006-07-18,,21.5
2006-07-19,,21.7
2006-07-20,,22.1
2006-07-21,,22.4
2006-07-22,,22.8
2006-07-23,,22.8
2006-07-24,,22.8
2006-07-25,,23.1
2006-07-26,,23.5
2006-07-27,,23.6
2006-07-28,,23.4
2006-07-29,,22.8
2006-07-30,,22.5
2006-07-31,,22.6
2006-08-01,,22.2
2006-08-02,,21.3
2006-08-03,,20.6
2006-08-04,,19.4
2006-08-05,,18.7
2006-08-06,,18.3
2006-08-07,,18.1
2006-08-08,,17.7
2006-08-09,,17.3
2006-08-10,,16.9
2006-08-11,,16.3
2006-08-12,,16.1
2006-08-13,,15.8
2006-08-14,,15.4
2006-08-15,,15.4
2006-08-16,,15.4
2006-08-17,,15.9
2006-08-18,,16.7
2006-08-19,,17.2
2006-08-20,,17.6
2006-08-21,,17.5
2006-08-22,,17.4
2006-08-23,,17.3
2006-08-24,,17.6
2006-08-25,,17.2
2006-08-26,,16.7
2006-08-27,,16.7
2006-08-28,,16.5
2006-08-29,,15.7
2006-08-30,,15.2
2006-08-31,,14.5
2006-09-01,,14.2
2006-09-02,,14.6
2006-09-03,,15.1
2006-09-04,,15.9
2006-09-05,,16.6
2006-09-06,,17.1
2006-09-07,,17.6
2006-09-08,,17.9
2006-09-09,,17.6
2006-09-10,,17.3
2006-09-11,,17.3
2006-09-12,,17.4
2006-09-13,,17.6
2006-09-14,,17.5
2006-09-15,,17.3
2006-09-16,,17.0
2006-09-17,,17.1
2006-09-18,,17.1
2006-09-19,,16.8
2006-09-20,,16.4
2006-09-21,,16.2
2006-09-22,,16.2
2006-09-23,,16.1
2006-09-24,,15.9
2006-09-25,,16.0
2006-09-26,,15.9
2006-09-27,,15.5
2006-09-28,,15.3
2006-09-29,,15.0
2006-09-30,,15.0
2006-10-01,,15.3
2006-10-02,,15.6
2006-10-03,,15.6
2006-10-04,,15.2
2006-10-05,,14.6
2006-10-06,,14.1
2006-10-07,,13.9
2006-10-08,,13.5
2006-10-09,,13.2
2006-10-10,,13.0
2006-10-11,,13.0
2006-10-12,,13.0
2006-10-13,,13.1
2006-10-14,,13.4
2006-10-15,,13.2
2006-10-16,,12.8
2006-10-17,,12.4
2006-10-18,,11.8
2006-10-19,,11.5
2006-10-20,,11.5
2006-10-21,,11.7
2006-10-22,,11.9
2006-10-23,,12.2
2006-10-24,,12.5
2006-10-25,,12.5
2006-10-26,,12.4
2006-10-27,,12.5
2006-10-28,,12.5
2006-10-29,,12.7
2006-10-30,,12.5
2006-10-31,,12.0
2006-11-01,,11.5
2006-11-02,,10.5
2006-11-03,,9.6
2006-11-04,,9.2
2006-11-05,,8.8
2006-11-06,,8.6
2006-11-07,,8.4
2006-11-08,,8.1
2006-11-09,,8.1
2006-11-10,,8.1
2006-11-11,,7.8
2006-11-12,,7.7
2006-11-13,,7.5
2006-11-14,,7.7
2006-11-15,,8.1
2006-11-16,,8.3
2006-11-17,,8.4
2006-11-18,,8.6
2006-11-19,,8.6
2006-11-20,,8.7
2006-11-21,,8.6
2006-11-22,,8.4
2006-11-23,,7.9
2006-11-24,,7.7
2006-11-25,,7.7
2006-11-26,,7.7
2006-11-27,,7.8
2006-11-28,,7.6
2006-11-29,,7.5
2006-11-30,,7.5
2006-12-01,,7.6
2006-12-02,,7.5
2006-12-03,,7.4
2006-12-04,,7.2
2006-12-05,,7.4
2006-12-06,,7.6
2006-12-07,,7.7
2006-12-08,,7.5
2006-12-09,,7.4
2006-12-10,,7.2
2006-12-11,,6.7
2006-12-12,,6.4
2006-12-13,,6.0
2006-12-14,,5.6
2006-12-15,,5.2
2006-12-16,,4.9
2006-12-17,,4.8
2006-12-18,,4.9
2006-12-19,,4.7
2006-12-20,,4.6
2006-12-21,,4.6
2006-12-22,,4.3
2006-12-23,,3.9
2006-12-24,,3.7
2006-12-25,,3.4
2006-12-26,,3.2
2006-12-27,,3.0
2006-12-28,,3.0
2006-12-29,,3.2
2006-12-30,,3.3
2006-12-31,,3.4
2007-01-01,,3.8
2007-01-02,,4.1
2007-01-03,,4.3
2007-01-04,,4.5
2007-01-05,,4.6
2007-01-06,,4.8
2007-01-07,,5.2
2007-01-08,,5.1
2007-01-09,,5.4
2007-01-10,,5.8
2007-01-11,,6.1
2007-01-12,,6.2
2007-01-13,,6.3
2007-01-14,,6.3
2007-01-15,,6.0
2007-01-16,,5.6
2007-01-17,,5.6
2007-01-18,,5.9
2007-01-19,,6.9
2007-01-20,,7.4
2007-01-21,,7.6
2007-01-22,,7.0
2007-01-23,,6.4
2007-01-24,,5.1
2007-01-25,,4.1
2007-01-26,,3.3
2007-01-27,,2.6
2007-01-28,,2.4
2007-01-29,,2.5
2007-01-30,,2.8
2007-01-31,,3.2
2007-02-01,,3.6
2007-02-02,,3.9
2007-02-03,,4.2
2007-02-04,,4.5
2007-02-05,,4.6
2007-02-06,,4.7
2007-02-07,,4.8
2007-02-08,,4.9
2007-02-09,,4.9
2007-02-10,,4.8
2007-02-11,,5.1
2007-02-12,,5.1
2007-02-13,,5.4
2007-02-14,,5.5
2007-02-15,,5.5
2007-02-16,,5.4
2007-02-17,,5.3
2007-02-18,,5.2
2007-02-19,,5.1
2007-02-20,,5.2
2007-02-21,,5.2
2007-02-22,,5.6
2007-02-23,,5.9
2007-02-24,,6.0
2007-02-25,,6.1
2007-02-26,,6.2
2007-02-27,,6.5
2007-02-28,,6.5
2007-03-01,,6.8
2007-03-02,,6.9
2007-03-03,,6.7
2007-03-04,,6.8
2007-03-05,,6.8
2007-03-06,,6.7
2007-03-07,,6.9
2007-03-08,,6.9
2007-03-09,,7.2
2007-03-10,,7.6
2007-03-11,,7.5
2007-03-12,,7.5
2007-03-13,,7.8
2007-03-14,,7.9
2007-03-15,,8.1
2007-03-16,,8.3
2007-03-17,,8.3
2007-03-18,,8.2
2007-03-19,,8.0
2007-03-20,,7.6
2007-03-21,,7.1
2007-03-22,,6.8
2007-03-23,,6.2
2007-03-24,,5.9
2007-03-25,,6.2
2007-03-26,,6.7
2007-03-27,,7.2
2007-03-28,,7.7
2007-03-29,,8.4
2007-03-30,,8.9
2007-03-31,,9.2
2007-04-01,,9.5
2007-04-02,,9.9
2007-04-03,,10.0
2007-04-04,,9.9
2007-04-05,,9.8
2007-04-06,,10.2
2007-04-07,,10.4
2007-04-08,,10.6
2007-04-09,,11.0
2007-04-10,,11.4
2007-04-11,,11.8
2007-04-12,,12.4
2007-04-13,,13.2
2007-04-14,,13.7
2007-04-15,,14.3
2007-04-16,,14.7
2007-04-17,,15.1
2007-04-18,,15.2
2007-04-19,,14.9
2007-04-20,,14.7
2007-04-21,,14.6
2007-04-22,,14.6
2007-04-23,,15.0
2007-04-24,,15.1
2007-04-25,,15.1
2007-04-26,,15.6
2007-04-27,,16.0
2007-04-28,,16.5
2007-04-29,,16.9
2007-04-30,,16.8
2007-05-01,,16.4
2007-05-02,,15.9
2007-05-03,,15.6
2007-05-04,,15.8
2007-05-05,,15.8
2007-05-06,,15.5
2007-05-07,,15.2
2007-05-08,,15.0
2007-05-09,,14.8
2007-05-10,,14.6
2007-05-11,,14.9
2007-05-12,,15.2
2007-05-13,,15.6
2007-05-14,,16.4
2007-05-15,,16.2
2007-05-16,,15.6
2007-05-17,,15.4
2007-05-18,,15.0
2007-05-19,,15.2
2007-05-20,,15.9
2007-05-21,,16.8
2007-05-22,,17.6
2007-05-23,,18.5
2007-05-24,,18.9
2007-05-25,,19.5
2007-05-26,,19.9
2007-05-27,,20.0
2007-05-28,,19.6
2007-05-29,,17.3
2007-05-30,,14.6
2007-05-31,,13.4
2007-06-01,,14.0
2007-06-02,,14.1
2007-06-03,,14.5
2007-06-04,,15.3
2007-06-05,,15.8
2007-06-06,,16.7
2007-06-07,,17.6
2007-06-08,,18.4
2007-06-09,,19.3
2007-06-10,,19.7
2007-06-11,,20.1
2007-06-12,,20.2
2007-06-13,,20.1
2007-06-14,,20.2
2007-06-15,,20.2
2007-06-16,,19.7
2007-06-17,,19.5
2007-06-18,,19.9
2007-06-19,,20.4
2007-06-20,,21.1
2007-06-21,,21.2
2007-06-22,,20.2
2007-06-23,,19.4
2007-06-24,,19.0
2007-06-25,,19.3
2007-06-26,,18.9
2007-06-27,,17.7
2007-06-28,,16.9
2007-06-29,,16.8
2007-06-30,,17.3
2007-07-01,,17.5
2007-07-02,,17.8
2007-07-03,,17.7
2007-07-04,,17.7
2007-07-05,,16.8
2007-07-06,,15.9
2007-07-07,,15.9
2007-07-08,,16.7
2007-07-09,,16.9
2007-07-10,,16.1
2007-07-11,,15.6
2007-07-12,,15.2
2007-07-13,,15.1
2007-07-14,,16.3
2007-07-15,,17.6
2007-07-16,,19.0
2007-07-17,,20.1
2007-07-18,,20.8
2007-07-19,,21.3
2007-07-20,,21.8
2007-07-21,,22.0
2007-07-22,,21.4
2007-07-23,,20.5
2007-07-24,,19.9
2007-07-25,,19.4
2007-07-26,,19.0
2007-07-27,,19.4
2007-07-28,,19.6
2007-07-29,,19.3
2007-07-30,,18.9
2007-07-31,,18.6
2007-08-01,,18.3
2007-08-02,,18.4
2007-08-03,,18.3
2007-08-04,,18.2
2007-08-05,,18.4
2007-08-06,,18.7
2007-08-07,,19.1
2007-08-08,,18.9
2007-08-09,,18.3
2007-08-10,,17.0
2007-08-11,,16.4
2007-08-12,,16.6
2007-08-13,,17.3
2007-08-14,,17.9
2007-08-15,,18.6
2007-08-16,,19.0
2007-08-17,,18.5
2007-08-18,,18.2
2007-08-19,,18.3
2007-08-20,,18.1
2007-08-21,,17.7
2007-08-22,,17.6
2007-08-23,,17.9
2007-08-24,,18.1
2007-08-25,,18.5
2007-08-26,,18.8
2007-08-27,,19.2
2007-08-28,,19.3
2007-08-29,,18.7
2007-08-30,,17.8
2007-08-31,,17.1
2007-09-01,,16.6
2007-09-02,,16.4
2007-09-03,,16.0
2007-09-04,,15.5
2007-09-05,,14.6
2007-09-06,,13.8
2007-09-07,,13.3
2007-09-08,,13.1
2007-09-09,,13.2
2007-09-10,,13.3
2007-09-11,,13.3
2007-09-12,,13.5
2007-09-13,,13.7
2007-09-14,,14.1
2007-09-15,,14.5
2007-09-16,,14.7
2007-09-17,,14.9
2007-09-18,,15.2
2007-09-19,,14.7
2007-09-20,,14.4
2007-09-21,,14.2
2007-09-22,,14.2
2007-09-23,,14.4
2007-09-24,,14.5
2007-09-25,,14.6
2007-09-26,,14.1
2007-09-27,,13.7
2007-09-28,,13.0
2007-09-29,,12.5
2007-09-30,,12.5
2007-10-01,,12.7
2007-10-02,,12.9
2007-10-03,,13.4
2007-10-04,,13.7
2007-10-05,,14.2
2007-10-06,,14.2
2007-10-07,,13.9
2007-10-08,,13.7
2007-10-09,,13.4
2007-10-10,,13.1
2007-10-11,,12.7
2007-10-12,,12.3
2007-10-13,,12.3
2007-10-14,,12.0
2007-10-15,,11.6
2007-10-16,,11.4
2007-10-17,,11.6
2007-10-18,,11.8
2007-10-19,,11.3
2007-10-20,,10.7
2007-10-21,,10.1
2007-10-22,,9.6
2007-10-23,,9.1
2007-10-24,,8.7
2007-10-25,,8.6
2007-10-26,,8.5
2007-10-27,,8.6
2007-10-28,,8.6
2007-10-29,,8.5
2007-10-30,,8.5
2007-10-31,,8.6
2007-11-01,,8.5
2007-11-02,,8.3
2007-11-03,,8.4
2007-11-04,,8.7
2007-11-05,,8.8
2007-11-06,,8.5
2007-11-07,,8.2
2007-11-08,,7.9
2007-11-09,,7.8
2007-11-10,,7.0
2007-11-11,,6.5
2007-11-12,,6.2
2007-11-13,,5.9
2007-11-14,,5.3
2007-11-15,,5.1
2007-11-16,,4.8
2007-11-17,,4.7
2007-11-18,,4.6
2007-11-19,,4.5
2007-11-20,,4.5
2007-11-21,,4.4
2007-11-22,,4.4
2007-11-23,,4.6
2007-11-24,,5.0
2007-11-25,,5.1
2007-11-26,,4.9
2007-11-27,,4.9
2007-11-28,,4.7
2007-11-29,,4.4
2007-11-30,,4.4
2007-12-01,,4.6
2007-12-02,,4.8
2007-12-03,,5.2
2007-12-04,,5.3
2007-12-05,,5.4
2007-12-06,,5.5
2007-12-07,,6.1
2007-12-08,,6.4
2007-12-09,,6.4
2007-12-10,,6.1
2007-12-11,,6.0
2007-12-12,,5.7
2007-12-13,,5.5
2007-12-14,,5.1
2007-12-15,,4.5
2007-12-16,,3.8
2007-12-17,,3.3
2007-12-18,,2.6
2007-12-19,,2.3
2007-12-20,,2.1
2007-12-21,,2.1
2007-12-22,,2.1
2007-12-23,,2.1
2007-12-24,,2.1
2007-12-25,,2.2
2007-12-26,,2.1
2007-12-27,,2.1
2007-12-28,,2.3
2007-12-29,,2.2
2007-12-30,,2.5
2007-12-31,,2.9
2008-01-01,,2.9
2008-01-02,,2.8
2008-01-03,,2.5
2008-01-04,,2.1
2008-01-05,,2.0
2008-01-06,,2.4
2008-01-07,,2.7
2008-01-08,,3.3
2008-01-09,,3.3
2008-01-10,,3.1
2008-01-11,,3.3
2008-01-12,,3.5
2008-01-13,,3.7
2008-01-14,,3.9
2008-01-15,,3.9
2008-01-16,,3.9
2008-01-17,,4.0
2008-01-18,,4.3
2008-01-19,,4.9
2008-01-20,,5.6
2008-01-21,,5.9
2008-01-22,,5.7
2008-01-23,,5.3
2008-01-24,,5.1
2008-01-25,,4.9
2008-01-26,,4.7
2008-01-27,,4.5
2008-01-28,,4.4
2008-01-29,,4.6
2008-01-30,,4.4
2008-01-31,,4.2
2008-02-01,,4.2
2008-02-02,,4.5
2008-02-03,,4.1
2008-02-04,,3.9
2008-02-05,,3.9
2008-02-06,,4.2
2008-02-07,,4.5
2008-02-08,,4.5
2008-02-09,,4.6
2008-02-10,,4.4
2008-02-11,,4.2
2008-02-12,,4.2
2008-02-13,,4.1
2008-02-14,,3.8
2008-02-15,,3.7
2008-02-16,,3.5
2008-02-17,,3.1
2008-02-18,,2.9
2008-02-19,,3.1
2008-02-20,,3.3
2008-02-21,,3.9
2008-02-22,,4.6
2008-02-23,,5.4
2008-02-24,,6.0
2008-02-25,,6.3
2008-02-26,,6.7
2008-02-27,,7.2
2008-02-28,,7.2
2008-02-29,,7.4
2008-03-01,,7.4
2008-03-02,,7.4
2008-03-03,,7.3
2008-03-04,,7.2
2008-03-05,,6.7
2008-03-06,,6.1
2008-03-07,,5.9
2008-03-08,,5.8
2008-03-09,,5.6
2008-03-10,,5.9
2008-03-11,,6.3
2008-03-12,,6.7
2008-03-13,,6.7
2008-03-14,,6.6
2008-03-15,,6.8
2008-03-16,,7.3
2008-03-17,,7.4
2008-03-18,,7.3
2008-03-19,,6.8
2008-03-20,,6.4
2008-03-21,,5.9
2008-03-22,,5.2
2008-03-23,,5.1
2008-03-24,,4.9
2008-03-25,,5.0
2008-03-26,,4.7
2008-03-27,,5.1
2008-03-28,,5.8
2008-03-29,,6.5
2008-03-30,,7.1
2008-03-31,,7.8
2008-04-01,,8.4
2008-04-02,,8.6
2008-04-03,,8.6
2008-04-04,,8.5
2008-04-05,,8.2
2008-04-06,,8.0
2008-04-07,,7.7
2008-04-08,,7.2
2008-04-09,,7.6
2008-04-10,,8.2
2008-04-11,,8.9
2008-04-12,,9.4
2008-04-13,,9.7
2008-04-14,,10.0
2008-04-15,,9.9
2008-04-16,,9.5
2008-04-17,,9.1
2008-04-18,,9.1
2008-04-19,,9.2
2008-04-20,,9.4
2008-04-21,,10.1
2008-04-22,,10.5
2008-04-23,,10.2
2008-04-24,,9.7
2008-04-25,,9.9
2008-04-26,,10.4
2008-04-27,,11.1
2008-04-28,,11.8
2008-04-29,,12.1
2008-04-30,,11.9
2008-05-01,,12.1
2008-05-02,,12.1
2008-05-03,,12.3
2008-05-04,,12.7
2008-05-05,,13.1
2008-05-06,,13.3
2008-05-07,,13.8
2008-05-08,,14.2
2008-05-09,,14.6
2008-05-10,,14.9
2008-05-11,,15.1
2008-05-12,,15.2
2008-05-13,,15.5
2008-05-14,,15.7
2008-05-15,,16.0
2008-05-16,,16.1
2008-05-17,,16.1
2008-05-18,,15.7
2008-05-19,,14.9
2008-05-20,,14.1
2008-05-21,,13.4
2008-05-22,,12.6
2008-05-23,,12.6
2008-05-24,,13.2
2008-05-25,,14.1
2008-05-26,,14.6
2008-05-27,,15.1
2008-05-28,,16.1
2008-05-29,,16.7
2008-05-30,,17.4
2008-05-31,,17.4
2008-06-01,,17.2
2008-06-02,,17.6
2008-06-03,,17.7
2008-06-04,,17.5
2008-06-05,,17.1
2008-06-06,,16.9
2008-06-07,,17.0
2008-06-08,,16.5
2008-06-09,,16.7
2008-06-10,,17.0
2008-06-11,,17.2
2008-06-12,,17.0
2008-06-13,,16.6
2008-06-14,,16.2
2008-06-15,,15.9
2008-06-16,,15.4
2008-06-17,,15.2
2008-06-18,,15.2
2008-06-19,,16.0
2008-06-20,,16.7
2008-06-21,,17.4
2008-06-22,,18.3
2008-06-23,,19.1
2008-06-24,,19.4
2008-06-25,,19.8
2008-06-26,,20.4
2008-06-27,,20.5
2008-06-28,,20.2
2008-06-29,,20.4
2008-06-30,,20.7
2008-07-01,,20.8
2008-07-02,,21.1
2008-07-03,,21.5
2008-07-04,,21.2
2008-07-05,,20.8
2008-07-06,,20.7
2008-07-07,,20.2
2008-07-08,,19.3
2008-07-09,,18.6
2008-07-10,,18.7
2008-07-11,,19.4
2008-07-12,,19.5
2008-07-13,,18.8
2008-07-14,,18.0
2008-07-15,,17.3
2008-07-16,,16.7
2008-07-17,,16.6
2008-07-18,,16.4
2008-07-19,,16.6
2008-07-20,,17.1
2008-07-21,,17.2
2008-07-22,,16.4
2008-07-23,,16.1
2008-07-24,,16.1
2008-07-25,,16.3
2008-07-26,,17.3
2008-07-27,,18.1
2008-07-28,,18.9
2008-07-29,,19.4
2008-07-30,,19.9
2008-07-31,,20.6
2008-08-01,,21.0
2008-08-02,,20.8
2008-08-03,,20.8
2008-08-04,,20.8
2008-08-05,,20.5
2008-08-06,,20.5
2008-08-07,,20.7
2008-08-08,,20.7
2008-08-09,,20.3
2008-08-10,,20.2
2008-08-11,,20.3
2008-08-12,,20.4
2008-08-13,,19.8
2008-08-14,,19.7
2008-08-15,,19.2
2008-08-16,,17.9
2008-08-17,,17.3
2008-08-18,,17.2
2008-08-19,,17.6
2008-08-20,,17.9
2008-08-21,,17.8
2008-08-22,,17.9
2008-08-23,,17.8
2008-08-24,,17.4
2008-08-25,,17.1
2008-08-26,,17.4
2008-08-27,,17.8
2008-08-28,,18.1
2008-08-29,,18.1
2008-08-30,,18.1
2008-08-31,,18.3
2008-09-01,9.88,18.7
2008-09-02,9.24,18.9
2008-09-03,9.0,19.0
2008-09-04,8.56,19.0
2008-09-05,8.27,19.0
2008-09-06,8.25,19.4
2008-09-07,8.03,19.2
2008-09-08,7.97,18.5
2008-09-09,8.25,18.2
2008-09-10,8.45,18.1
2008-09-11,8.41,18.1
2008-09-12,8.52,18.2
2008-09-13,8.2,17.7
2008-09-14,8.1,16.4
2008-09-15,8.49,15.6
2008-09-16,10.13,14.9
2008-09-17,11.77,14.1
2008-09-18,12.31,13.5
2008-09-19,12.85,13.3
2008-09-20,13.09,13.2
2008-09-21,13.08,12.9
2008-09-22,12.89,12.7
2008-09-23,12.98,12.7
2008-09-24,13.15,12.5
2008-09-25,13.03,12.5
2008-09-26,13.1,12.3
2008-09-27,13.23,12.2
2008-09-28,13.43,12.5
2008-09-29,12.94,12.5
2008-09-30,13.38,12.4
2008-10-01,13.3,12.2
2008-10-02,13.13,12.2
2008-10-03,12.93,12.1
2008-10-04,13.0,11.8
2008-10-05,13.24,11.4
2008-10-06,13.63,11.6
2008-10-07,13.5,11.9
2008-10-08,13.45,12.2
2008-10-09,13.29,12.4
2008-10-10,13.09,12.5
2008-10-11,12.63,12.5
2008-10-12,12.37,12.5
2008-10-13,11.59,12.8
2008-10-14,11.16,13.0
2008-10-15,11.22,13.5
2008-10-16,10.81,13.7
2008-10-17,10.42,13.3
2008-10-18,10.53,12.7
2008-10-19,10.8,12.2
2008-10-20,10.87,11.8
2008-10-21,11.04,11.7
2008-10-22,10.72,11.8
2008-10-23,10.56,11.6
2008-10-24,10.78,11.0
2008-10-25,10.87,10.7
2008-10-26,11.22,10.3
2008-10-27,11.23,10.1
2008-10-28,11.18,10.0
2008-10-29,11.08,9.9
2008-10-30,11.29,9.5
2008-10-31,11.68,8.9
2008-11-01,11.65,8.5
2008-11-02,11.28,8.3
2008-11-03,11.06,8.5
2008-11-04,10.6,8.7
2008-11-05,10.79,8.8
2008-11-06,10.92,9.2
2008-11-07,10.92,9.3
2008-11-08,10.67,9.3
2008-11-09,10.74,9.2
2008-11-10,10.85,9.2
2008-11-11,10.87,9.2
2008-11-12,10.67,9.2
2008-11-13,10.75,9.2
2008-11-14,11.42,9.0
2008-11-15,11.6,8.7
2008-11-16,12.15,8.3
2008-11-17,11.67,8.0
2008-11-18,11.22,7.7
2008-11-19,12.12,7.4
2008-11-20,,7.4
2008-11-21,,7.6
2008-11-22,,6.0
2008-11-23,,4.8
2008-11-24,,4.1
2008-11-25,,4.3
2008-11-26,,4.4
2008-11-27,10.64,4.5
2008-11-28,11.18,4.1
2008-11-29,11.55,3.9
2008-11-30,11.47,3.8
2008-12-01,12.63,3.6
2008-12-02,13.56,3.6
2008-12-03,13.66,3.5
2008-12-04,14.01,3.4
2008-12-05,13.95,3.6
2008-12-06,13.74,3.8
2008-12-07,13.29,4.0
2008-12-08,12.99,4.2
2008-12-09,12.74,4.2
2008-12-10,12.52,4.2
2008-12-11,12.42,4.1
2008-12-12,12.39,3.8
2008-12-13,12.05,3.7
2008-12-14,10.29,3.8
2008-12-15,10.32,3.6
2008-12-16,10.21,3.5
2008-12-17,10.22,3.5
2008-12-18,10.2,3.4
2008-12-19,10.2,3.4
2008-12-20,10.26,3.5
2008-12-21,10.41,3.7
2008-12-22,11.01,4.4
2008-12-23,10.99,4.6
2008-12-24,10.64,4.8
2008-12-25,10.5,4.8
2008-12-26,11.13,4.0
2008-12-27,12.17,3.2
2008-12-28,13.25,2.6
2008-12-29,14.59,1.9
2008-12-30,15.82,1.4
2008-12-31,16.28,1.1
2009-01-01,16.48,1.2
2009-01-02,,1.4
2009-01-03,,1.3
2009-01-04,,1.2
2009-01-05,,1.3
2009-01-06,,1.3
2009-01-07,,1.1
2009-01-08,,0.8
2009-01-09,,0.3
2009-01-10,0.0,0.0
2009-01-11,,-0.1
2009-01-12,,-0.1
2009-01-13,,-0.1
2009-01-14,,-0.1
2009-01-15,,0.0
2009-01-16,,0.1
2009-01-17,,0.3
2009-01-18,,0.6
2009-01-19,,0.8
2009-01-20,,1.3
2009-01-21,,1.6
2009-01-22,,2.0
2009-01-23,14.32,2.2
2009-01-24,14.35,2.3
2009-01-25,14.64,2.4
2009-01-26,14.64,2.2
2009-01-27,14.61,2.0
2009-01-28,14.49,2.0
2009-01-29,14.46,2.0
2009-01-30,14.64,1.8
2009-01-31,14.95,1.7
2009-02-01,15.07,1.7
2009-02-02,15.23,1.6
2009-02-03,15.32,1.6
2009-02-04,15.18,1.8
2009-02-05,15.08,2.0
2009-02-06,15.06,2.1
2009-02-07,14.83,2.3
2009-02-08,14.7,2.5
2009-02-09,14.66,2.8
2009-02-10,14.7,2.9
2009-02-11,14.88,3.0
2009-02-12,0.0,3.0
2009-02-13,14.68,2.8
2009-02-14,14.6,2.6
2009-02-15,14.7,2.5
2009-02-16,14.79,2.3
2009-02-17,15.06,2.1
2009-02-18,15.45,1.7
2009-02-19,15.83,1.4
2009-02-20,15.98,1.3
2009-02-21,15.99,1.4
2009-02-22,16.02,1.7
2009-02-23,15.82,2.1
2009-02-24,15.53,2.4
2009-02-25,15.28,2.8
2009-02-26,15.23,3.1
2009-02-27,14.78,3.2
2009-02-28,14.67,3.5
2009-03-01,14.89,4.1
2009-03-02,14.25,4.4
2009-03-03,14.59,4.9
2009-03-04,14.53,5.4
2009-03-05,13.83,5.2
2009-03-06,14.03,4.7
2009-03-07,14.73,4.2
2009-03-08,14.47,3.8
2009-03-09,14.6,4.0
2009-03-10,15.38,4.3
2009-03-11,15.11,4.6
2009-03-12,15.48,4.6
2009-03-13,15.21,4.7
2009-03-14,15.34,5.1
2009-03-15,14.83,5.8
2009-03-16,14.94,5.9
2009-03-17,14.9,6.1
2009-03-18,14.66,6.2
2009-03-19,14.3,6.3
2009-03-20,14.04,6.0
2009-03-21,13.8,5.7
2009-03-22,13.72,5.6
2009-03-23,13.63,5.5
2009-03-24,13.58,5.6
2009-03-25,14.27,5.6
2009-03-26,14.22,5.5
2009-03-27,14.35,5.8
2009-03-28,14.6,6.3
2009-03-29,14.47,6.4
2009-03-30,14.58,6.4
2009-03-31,14.55,6.6
2009-04-01,14.32,6.9
2009-04-02,13.9,7.6
2009-04-03,13.5,8.6
2009-04-04,13.14,9.3
2009-04-05,13.12,9.8
2009-04-06,13.1,9.8
2009-04-07,12.77,10.2
2009-04-08,12.33,10.5
2009-04-09,12.51,10.7
2009-04-10,12.67,11.1
2009-04-11,12.54,11.5
2009-04-12,12.27,11.7
2009-04-13,12.25,12.0
2009-04-14,11.77,12.1
2009-04-15,11.76,12.3
2009-04-16,11.58,12.4
2009-04-17,11.72,12.0
2009-04-18,11.76,11.1
2009-04-19,11.67,10.9
2009-04-20,11.55,11.4
2009-04-21,11.5,12.1
2009-04-22,11.41,12.6
2009-04-23,11.3,12.6
2009-04-24,11.2,12.1
2009-04-25,11.48,12.2
2009-04-26,11.55,12.5
2009-04-27,11.51,12.8
2009-04-28,11.25,13.2
2009-04-29,10.8,12.5
2009-04-30,10.92,11.7
2009-05-01,11.25,11.6
2009-05-02,11.66,12.2
2009-05-03,11.87,12.8
2009-05-04,11.63,13.0
2009-05-05,11.76,12.6
2009-05-06,11.51,12.3
2009-05-07,11.4,12.8
2009-05-08,11.4,13.5
2009-05-09,11.4,14.1
2009-05-10,11.4,14.7
2009-05-11,11.36,15.3
2009-05-12,10.68,15.3
2009-05-13,10.33,14.5
2009-05-14,10.4,13.8
2009-05-15,10.74,13.6
2009-05-16,10.75,13.8
2009-05-17,10.61,14.3
2009-05-18,9.81,15.0
2009-05-19,9.72,15.3
2009-05-20,9.38,15.9
2009-05-21,9.21,16.2
2009-05-22,9.22,16.2
2009-05-23,9.24,16.4
2009-05-24,8.98,16.9
2009-05-25,9.2,17.5
2009-05-26,9.15,18.3
2009-05-27,9.09,18.2
2009-05-28,9.12,17.0
2009-05-29,8.4,16.0
2009-05-30,8.12,15.8
2009-05-31,8.37,15.8
2009-06-01,8.55,16.2
2009-06-02,8.52,16.4
2009-06-03,8.66,16.6
2009-06-04,8.85,16.6
2009-06-05,9.25,16.5
2009-06-06,9.24,16.5
2009-06-07,9.16,16.2
2009-06-08,8.99,16.5
2009-06-09,8.81,16.7
2009-06-10,8.7,16.9
2009-06-11,8.58,17.2
2009-06-12,8.62,16.9
2009-06-13,8.99,17.0
2009-06-14,10.13,17.7
2009-06-15,10.02,18.1
2009-06-16,9.38,18.1
2009-06-17,8.88,18.1
2009-06-18,8.65,18.7
2009-06-19,7.67,19.0
2009-06-20,7.65,18.1
2009-06-21,7.56,17.2
2009-06-22,7.94,16.6
2009-06-23,9.25,15.8
2009-06-24,10.72,14.0
2009-06-25,10.85,13.4
2009-06-26,9.44,14.3
2009-06-27,8.68,15.2
2009-06-28,8.74,15.8
2009-06-29,8.89,16.6
2009-06-30,9.2,17.4
2009-07-01,9.11,18.2
2009-07-02,8.7,19.0
2009-07-03,8.63,19.4
2009-07-04,8.54,19.2
2009-07-05,8.53,19.5
2009-07-06,8.29,19.4
2009-07-07,8.18,19.1
2009-07-08,8.13,18.2
2009-07-09,8.32,17.3
2009-07-10,8.22,17.0
2009-07-11,8.26,16.6
2009-07-12,8.63,16.4
2009-07-13,8.57,16.9
2009-07-14,8.25,17.6
2009-07-15,8.1,18.0
2009-07-16,7.99,18.4
2009-07-17,7.69,19.2
2009-07-18,7.42,18.4
2009-07-19,8.24,17.2
2009-07-20,8.6,16.5
2009-07-21,8.37,16.8
2009-07-22,7.73,17.3
2009-07-23,7.2,17.8
2009-07-24,7.13,18.3
2009-07-25,7.22,18.3
2009-07-26,7.38,18.3
2009-07-27,7.52,18.6
2009-07-28,8.5,19.1
2009-07-29,8.94,19.1
2009-07-30,8.83,19.2
2009-07-31,8.98,19.1
2009-08-01,9.26,19.1
2009-08-02,9.71,19.4
2009-08-03,9.55,19.1
2009-08-04,9.62,18.8
2009-08-05,9.9,18.6
2009-08-06,10.02,18.8
2009-08-07,9.93,19.3
2009-08-08,9.87,19.6
2009-08-09,9.53,19.7
2009-08-10,9.25,19.8
2009-08-11,8.54,19.5
2009-08-12,8.3,19.3
2009-08-13,8.07,19.3
2009-08-14,7.94,19.2
2009-08-15,8.64,19.5
2009-08-16,8.67,20.0
2009-08-17,8.55,20.2
2009-08-18,8.39,20.8
2009-08-19,7.94,20.7
2009-08-20,7.93,21.0
2009-08-21,7.83,21.3
2009-08-22,7.5,20.9
2009-08-23,7.4,20.4
2009-08-24,7.85,20.0
2009-08-25,8.16,20.2
2009-08-26,7.93,20.4
2009-08-27,7.73,20.4
2009-08-28,7.61,20.5
2009-08-29,7.4,20.1
2009-08-30,7.41,19.6
2009-08-31,7.56,19.4
2009-09-01,7.7,19.4
2009-09-02,7.72,19.7
2009-09-03,7.53,19.7
2009-09-04,7.09,19.1
2009-09-05,7.13,17.9
2009-09-06,7.46,17.3
2009-09-07,7.61,17.1
2009-09-08,7.83,17.2
2009-09-09,8.73,17.2
2009-09-10,9.54,17.3
2009-09-11,9.44,17.1
2009-09-12,9.29,16.8
2009-09-13,9.31,16.7
2009-09-14,9.37,16.5
2009-09-15,9.18,16.0
2009-09-16,9.25,16.0
2009-09-17,9.18,16.2
2009-09-18,8.79,16.2
2009-09-19,8.66,16.3
2009-09-20,8.71,16.4
2009-09-21,8.97,16.6
2009-09-22,9.14,17.0
2009-09-23,9.22,17.4
2009-09-24,9.19,17.3
2009-09-25,9.16,17.2
2009-09-26,9.11,16.9
2009-09-27,9.37,16.8
2009-09-28,9.65,16.7
2009-09-29,9.81,16.5
2009-09-30,9.66,16.1
2009-10-01,9.3,15.8
2009-10-02,8.97,15.5
2009-10-03,9.06,15.2
2009-10-04,9.33,14.7
2009-10-05,9.56,14.4
2009-10-06,9.53,14.5
2009-10-07,9.35,14.9
2009-10-08,9.09,15.2
2009-10-09,8.57,15.2
2009-10-10,8.11,15.0
2009-10-11,8.09,14.6
2009-10-12,8.34,14.1
2009-10-13,8.57,13.2
2009-10-14,8.78,12.3
2009-10-15,9.31,11.2
2009-10-16,9.76,10.4
2009-10-17,9.93,9.9
2009-10-18,10.18,9.7
2009-10-19,10.56,9.4
2009-10-20,11.29,8.8
2009-10-21,12.19,8.4
2009-10-22,12.37,8.0
2009-10-23,12.26,8.0
2009-10-24,12.16,8.3
2009-10-25,12.08,8.9
2009-10-26,11.78,9.5
2009-10-27,11.57,9.9
2009-10-28,11.74,10.1
2009-10-29,11.66,10.0
2009-10-30,11.54,10.1
2009-10-31,11.6,9.7
2009-11-01,11.76,9.5
2009-11-02,11.82,9.3
2009-11-03,11.73,9.2
2009-11-04,11.39,9.1
2009-11-05,11.5,8.9
2009-11-06,11.6,8.5
2009-11-07,11.73,8.2
2009-11-08,11.57,8.0
2009-11-09,11.49,7.9
2009-11-10,11.63,7.7
2009-11-11,11.86,7.5
2009-11-12,11.77,7.3
2009-11-13,11.83,7.2
2009-11-14,11.87,7.4
2009-11-15,11.91,7.6
2009-11-16,11.79,7.8
2009-11-17,11.55,8.1
2009-11-18,11.71,8.4
2009-11-19,11.79,8.3
2009-11-20,11.8,8.2
2009-11-21,11.98,8.0
2009-11-22,11.96,7.9
2009-11-23,11.99,8.0
2009-11-24,11.87,8.2
2009-11-25,11.36,8.4
2009-11-26,11.41,8.2
2009-11-27,11.52,7.8
2009-11-28,11.63,7.4
2009-11-29,11.72,7.2
2009-11-30,11.91,6.9
2009-12-01,11.93,6.8
2009-12-02,12.0,6.6
2009-12-03,12.12,6.3
2009-12-04,12.2,6.0
2009-12-05,12.4,5.6
2009-12-06,12.57,5.6
2009-12-07,12.57,5.8
2009-12-08,12.51,6.1
2009-12-09,12.98,6.1
2009-12-10,12.95,6.1
2009-12-11,13.01,5.9
2009-12-12,13.38,5.6
2009-12-13,13.69,5.0
2009-12-14,14.16,4.1
2009-12-15,14.96,3.4
2009-12-16,15.01,3.0
2009-12-17,15.04,2.7
2009-12-18,15.04,2.3
2009-12-19,15.26,1.7
2009-12-20,15.64,0.9
2009-12-21,15.72,0.7
2009-12-22,15.54,1.0
2009-12-23,15.24,1.6
2009-12-24,15.04,2.1
2009-12-25,14.24,2.8
2009-12-26,13.96,3.2
2009-12-27,14.34,3.0
2009-12-28,14.26,2.9
2009-12-29,14.05,2.7
2009-12-30,14.31,2.9
2009-12-31,14.09,3.6
2010-01-01,14.2,4.3
2010-01-02,,4.3
2010-01-03,,3.8
2010-01-04,,3.2
2010-01-05,,2.5
2010-01-06,,2.1
2010-01-07,,1.9
2010-01-08,,1.8
2010-01-09,,1.7
2010-01-10,,1.7
2010-01-11,15.71,1.5
2010-01-12,15.73,1.5
2010-01-13,15.68,1.3
2010-01-14,15.7,1.3
2010-01-15,15.51,1.6
2010-01-16,15.25,1.8
2010-01-17,15.13,2.0
2010-01-18,14.94,2.5
2010-01-19,14.81,2.9
2010-01-20,14.44,3.2
2010-01-21,14.4,3.1
2010-01-22,14.27,3.1
2010-01-23,14.23,3.0
2010-01-24,14.29,2.7
2010-01-25,14.57,2.3
2010-01-26,14.66,2.2
2010-01-27,14.9,2.0
2010-01-28,15.34,1.6
2010-01-29,15.4,1.5
2010-01-30,15.22,1.7
2010-01-31,15.12,1.7
2010-02-01,15.29,1.6
2010-02-02,15.49,1.4
2010-02-03,15.55,1.6
2010-02-04,15.26,1.9
2010-02-05,15.07,2.4
2010-02-06,14.73,2.6
2010-02-07,14.33,3.0
2010-02-08,14.77,2.9
2010-02-09,15.53,2.4
2010-02-10,15.86,2.1
2010-02-11,16.3,1.9
2010-02-12,16.78,1.7
2010-02-13,17.34,1.6
2010-02-14,17.61,1.8
2010-02-15,17.83,1.9
2010-02-16,17.74,1.9
2010-02-17,17.75,1.9
2010-02-18,17.44,2.1
2010-02-19,17.08,2.6
2010-02-20,16.69,3.0
2010-02-21,16.45,3.3
2010-02-22,16.14,3.6
2010-02-23,15.82,3.9
2010-02-24,15.51,4.3
2010-02-25,15.36,4.6
2010-02-26,15.15,5.1
2010-02-27,15.37,5.1
2010-02-28,15.47,5.1
2010-03-01,15.27,5.2
2010-03-02,15.45,5.3
2010-03-03,15.52,5.0
2010-03-04,15.38,4.7
2010-03-05,15.04,4.5
2010-03-06,14.93,3.9
2010-03-07,15.08,3.5
2010-03-08,15.65,3.1
2010-03-09,15.82,2.7
2010-03-10,16.19,2.2
2010-03-11,16.35,2.0
2010-03-12,16.21,2.1
2010-03-13,16.12,2.6
2010-03-14,15.7,3.2
2010-03-15,15.18,3.7
2010-03-16,14.56,4.2
2010-03-17,13.97,4.8
2010-03-18,13.79,5.4
2010-03-19,13.55,6.0
2010-03-20,13.34,6.7
2010-03-21,12.71,7.7
2010-03-22,12.64,8.5
2010-03-23,12.93,8.7
2010-03-24,13.2,8.9
2010-03-25,12.81,8.9
2010-03-26,12.41,9.2
2010-03-27,11.99,9.3
2010-03-28,11.88,9.2
2010-03-29,11.5,9.1
2010-03-30,11.1,9.5
2010-03-31,11.26,9.6
2010-04-01,10.32,9.2
2010-04-02,10.67,8.5
2010-04-03,10.89,8.5
2010-04-04,10.83,8.5
2010-04-05,10.52,8.5
2010-04-06,10.05,8.7
2010-04-07,9.75,9.2
2010-04-08,9.76,9.8
2010-04-09,9.57,10.3
2010-04-10,9.11,10.4
2010-04-11,9.17,10.1
2010-04-12,8.9,9.8
2010-04-13,8.82,9.4
2010-04-14,8.49,9.3
2010-04-15,8.74,9.3
2010-04-16,9.24,9.7
2010-04-17,9.0,10.2
2010-04-18,9.0,10.6
2010-04-19,10.61,10.9
2010-04-20,12.56,11.1
2010-04-21,12.53,11.5
2010-04-22,12.71,11.7
2010-04-23,12.95,11.8
2010-04-24,13.07,12.1
2010-04-25,13.25,12.6
2010-04-26,12.91,13.1
2010-04-27,12.43,13.3
2010-04-28,11.85,13.7
2010-04-29,11.6,14.4
2010-04-30,11.2,14.9
2010-05-01,10.34,15.3
2010-05-02,9.43,14.9
2010-05-03,9.01,14.3
2010-05-04,8.91,13.8
2010-05-05,9.01,13.7
2010-05-06,9.12,13.5
2010-05-07,9.27,13.3
2010-05-08,9.41,13.1
2010-05-09,9.56,12.9
2010-05-10,9.71,12.7
2010-05-11,9.86,12.5
2010-05-12,10.0,
2010-05-13,10.15,
2010-05-14,10.3,11.9
2010-05-15,10.44,
2010-05-16,10.59,
2010-05-17,10.74,11.4
2010-05-18,10.74,11.6
2010-05-19,10.81,11.1
2010-05-20,10.8,10.9
2010-05-21,10.66,11.0
2010-05-22,10.37,11.6
2010-05-23,10.67,12.6
2010-05-24,10.68,13.9
2010-05-25,,15.2
2010-05-26,8.8,15.8
2010-05-27,8.5,16.1
2010-05-28,10.97,16.2
2010-05-29,11.14,16.4
2010-05-30,10.86,16.7
2010-05-31,10.82,16.0
2010-06-01,11.26,14.6
2010-06-02,11.26,13.5
2010-06-03,13.07,12.4
2010-06-04,13.83,11.8
2010-06-05,12.98,13.2
2010-06-06,11.4,14.5
2010-06-07,10.62,15.6
2010-06-08,9.94,16.5
2010-06-09,9.37,17.4
2010-06-10,9.27,18.1
2010-06-11,8.53,18.6
2010-06-12,8.21,18.9
2010-06-13,7.91,18.3
2010-06-14,7.71,17.5
2010-06-15,0.0,17.1
2010-06-16,9.21,16.3
2010-06-17,9.31,15.4
2010-06-18,9.78,14.8
2010-06-19,11.39,14.1
2010-06-20,12.17,13.2
2010-06-21,12.29,12.7
2010-06-22,11.7,12.9
2010-06-23,10.89,13.3
2010-06-24,10.1,14.0
2010-06-25,9.32,14.9
2010-06-26,8.84,16.0
2010-06-27,8.64,16.9
2010-06-28,8.68,18.0
2010-06-29,8.92,18.8
2010-06-30,9.12,19.6
2010-07-01,9.38,20.1
2010-07-02,9.41,20.6
2010-07-03,8.73,21.0
2010-07-04,,21.4
2010-07-05,10.31,21.3
2010-07-06,9.46,21.3
2010-07-07,9.63,20.9
2010-07-08,9.77,20.9
2010-07-09,9.95,21.2
2010-07-10,10.43,21.7
2010-07-11,11.09,22.3
2010-07-12,10.42,22.6
2010-07-13,9.09,22.9
2010-07-14,8.32,23.1
2010-07-15,7.75,23.2
2010-07-16,7.96,23.1
2010-07-17,7.49,23.0
2010-07-18,7.17,22.1
2010-07-19,7.22,21.2
2010-07-20,7.35,21.1
2010-07-21,7.63,21.4
2010-07-22,7.57,21.9
2010-07-23,7.12,21.6
2010-07-24,7.45,20.1
2010-07-25,8.38,18.6
2010-07-26,7.78,17.6
2010-07-27,7.6,16.8
2010-07-28,8.2,16.6
2010-07-29,7.78,16.3
2010-07-30,8.3,15.9
2010-07-31,8.12,15.9
2010-08-01,7.49,16.8
2010-08-02,6.86,17.5
2010-08-03,8.63,17.6
2010-08-04,9.85,17.6
2010-08-05,9.85,17.1
2010-08-06,11.11,16.1
2010-08-07,11.69,14.7
2010-08-08,11.47,15.2
2010-08-09,11.2,15.6
2010-08-10,,16.1
2010-08-11,,16.7
2010-08-12,,17.0
2010-08-13,,17.0
2010-08-14,,16.7
2010-08-15,,16.7
2010-08-16,,16.5
2010-08-17,,15.8
2010-08-18,,15.3
2010-08-19,,15.5
2010-08-20,,16.0
2010-08-21,,16.7
2010-08-22,,17.6
2010-08-23,,18.1
2010-08-24,,18.1
2010-08-25,,18.0
2010-08-26,,18.3
2010-08-27,,18.5
2010-08-28,,18.2
2010-08-29,,17.4
2010-08-30,,16.2
2010-08-31,,14.5
2010-09-01,12.36,13.2
2010-09-02,11.82,13.2
2010-09-03,10.77,14.0
2010-09-04,9.99,14.3
2010-09-05,9.68,14.4
2010-09-06,9.67,14.5
2010-09-07,9.51,14.4
2010-09-08,9.46,14.2
2010-09-09,9.3,14.0
2010-09-10,9.14,14.1
2010-09-11,8.82,14.4
2010-09-12,8.59,14.8
2010-09-13,10.53,14.8
2010-09-14,11.7,14.3
2010-09-15,,14.2
2010-09-16,12.2,14.1
2010-09-17,11.81,14.3
2010-09-18,9.41,14.1
2010-09-19,9.35,14.0
2010-09-20,9.3,13.9
2010-09-21,9.22,14.1
2010-09-22,9.07,14.2
2010-09-23,8.96,14.5
2010-09-24,8.86,14.7
2010-09-25,8.5,14.8
2010-09-26,8.36,14.3
2010-09-27,8.24,13.7
2010-09-28,8.16,13.0
2010-09-29,8.05,12.5
2010-09-30,7.99,12.4
2010-10-01,8.0,12.4
2010-10-02,7.96,12.4
2010-10-03,7.91,12.6
2010-10-04,7.97,12.8
2010-10-05,7.9,13.0
2010-10-06,7.7,13.3
2010-10-07,7.12,13.4
2010-10-08,7.3,13.3
2010-10-09,7.42,13.2
2010-10-10,7.34,12.8
2010-10-11,7.47,12.5
2010-10-12,7.42,12.1
2010-10-13,7.92,11.8
2010-10-14,8.69,11.5
2010-10-15,8.6,11.2
2010-10-16,8.57,10.9
2010-10-17,8.59,10.6
2010-10-18,8.74,10.2
2010-10-19,8.89,9.9
2010-10-20,9.02,9.6
2010-10-21,9.21,9.2
2010-10-22,9.46,8.8
2010-10-23,9.57,8.5
2010-10-24,9.55,8.5
2010-10-25,9.46,8.5
2010-10-26,9.56,8.2
2010-10-27,9.7,8.1
2010-10-28,9.95,8.0
2010-10-29,10.05,8.0
2010-10-30,9.98,8.1
2010-10-31,9.88,8.3
2010-11-01,9.7,8.6
2010-11-02,9.48,8.7
2010-11-03,9.4,8.7
2010-11-04,9.47,9.1
2010-11-05,9.38,9.6
2010-11-06,9.21,9.8
2010-11-07,8.92,9.9
2010-11-08,8.89,9.8
2010-11-09,9.0,9.4
2010-11-10,8.98,9.0
2010-11-11,9.25,8.6
2010-11-12,9.59,8.6
2010-11-13,9.77,8.9
2010-11-14,9.71,9.0
2010-11-15,9.51,9.1
2010-11-16,9.39,9.0
2010-11-17,9.62,8.6
2010-11-18,9.73,8.1
2010-11-19,9.73,7.8
2010-11-20,9.53,7.5
2010-11-21,9.64,7.1
2010-11-22,9.81,6.9
2010-11-23,10.18,6.5
2010-11-24,11.0,6.0
2010-11-25,10.91,5.7
2010-11-26,10.94,5.4
2010-11-27,10.9,5.0
2010-11-28,11.06,4.6
2010-11-29,11.34,4.2
2010-11-30,11.51,3.9
2010-12-01,11.73,3.2
2010-12-02,12.03,2.6
2010-12-03,12.17,2.5
2010-12-04,12.27,2.3
2010-12-05,12.46,2.0
2010-12-06,12.69,1.7
2010-12-07,13.89,2.2
2010-12-08,14.68,3.3
2010-12-09,15.54,3.8
2010-12-10,16.07,3.4
2010-12-11,16.04,3.1
2010-12-12,15.91,3.4
2010-12-13,15.66,3.6
2010-12-14,15.63,3.2
2010-12-15,15.65,2.7
2010-12-16,15.55,2.3
2010-12-17,15.24,2.0
2010-12-18,15.12,1.7
2010-12-19,14.96,1.5
2010-12-20,14.89,1.9
2010-12-21,14.55,2.4
2010-12-22,14.4,3.3
2010-12-23,14.2,3.8
2010-12-24,14.31,3.9
2010-12-25,14.64,3.5
2010-12-26,15.16,2.8
2010-12-27,15.23,2.4
2010-12-28,15.1,2.0
2010-12-29,15.07,1.8
2010-12-30,14.91,1.9
2010-12-31,14.5,2.4
2011-01-01,14.17,2.9
2011-01-02,13.84,3.3
2011-01-03,13.75,3.4
2011-01-04,13.82,3.1
2011-01-05,14.03,2.5
2011-01-06,14.44,1.9
2011-01-07,14.41,2.2
2011-01-08,14.48,3.0
2011-01-09,14.99,3.7
2011-01-10,15.99,3.9
2011-01-11,15.73,4.3
2011-01-12,15.49,4.4
2011-01-13,15.31,4.8
2011-01-14,14.8,5.7
2011-01-15,14.49,5.9
2011-01-16,14.78,6.0
2011-01-17,14.87,5.6
2011-01-18,14.91,5.1
2011-01-19,14.48,5.2
2011-01-20,14.28,5.2
2011-01-21,14.37,4.6
2011-01-22,14.77,3.9
2011-01-23,14.77,3.3
2011-01-24,14.61,3.1
2011-01-25,14.72,3.1
2011-01-26,14.38,3.3
2011-01-27,14.23,3.4
2011-01-28,14.14,3.3
2011-01-29,13.84,2.9
2011-01-30,13.94,2.4
2011-01-31,14.02,2.0
2011-02-01,14.11,1.8
2011-02-02,14.22,1.8
2011-02-03,14.18,2.1
2011-02-04,14.03,2.5
2011-02-05,13.69,3.4
2011-02-06,13.5,4.0
2011-02-07,13.1,4.3
2011-02-08,12.91,4.3
2011-02-09,12.8,4.2
2011-02-10,12.74,4.3
2011-02-11,12.63,4.6
2011-02-12,12.27,5.4
2011-02-13,12.01,5.5
2011-02-14,11.85,5.7
2011-02-15,11.77,5.5
2011-02-16,11.72,5.2
2011-02-17,11.74,5.2
2011-02-18,11.68,5.1
2011-02-19,11.69,5.1
2011-02-20,11.82,4.8
2011-02-21,12.0,4.3
2011-02-22,12.32,4.0
2011-02-23,12.59,3.7
2011-02-24,12.74,3.5
2011-02-25,12.9,3.7
2011-02-26,13.04,3.8
2011-02-27,12.95,4.1
2011-02-28,12.8,4.7
2011-03-01,12.62,5.3
2011-03-02,12.55,5.3
2011-03-03,12.66,4.9
2011-03-04,12.89,4.7
2011-03-05,13.08,4.8
2011-03-06,13.22,4.7
2011-03-07,13.34,4.3
2011-03-08,13.47,4.1
2011-03-09,13.67,4.3
2011-03-10,13.55,5.1
2011-03-11,13.29,5.6
2011-03-12,13.35,6.1
2011-03-13,13.32,6.5
2011-03-14,12.99,6.8
2011-03-15,13.14,7.4
2011-03-16,12.92,7.9
2011-03-17,12.26,8.1
2011-03-18,11.95,7.9
2011-03-19,11.89,7.7
2011-03-20,11.7,7.4
2011-03-21,11.76,7.3
2011-03-22,11.78,7.2
2011-03-23,11.83,7.4
2011-03-24,11.89,7.9
2011-03-25,12.08,8.4
2011-03-26,12.02,8.7
2011-03-27,11.94,8.8
2011-03-28,11.88,8.9
2011-03-29,11.83,9.0
2011-03-30,12.05,9.4
2011-03-31,12.09,9.8
2011-04-01,12.04,10.3
2011-04-02,12.31,11.0
2011-04-03,12.59,11.7
2011-04-04,11.95,12.2
2011-04-05,11.4,12.1
2011-04-06,10.96,12.6
2011-04-07,11.21,13.0
2011-04-08,11.3,13.4
2011-04-09,11.55,13.6
2011-04-10,11.81,13.7
2011-04-11,12.16,13.8
2011-04-12,11.84,13.5
2011-04-13,11.59,12.3
2011-04-14,11.81,11.7
2011-04-15,12.11,11.4
2011-04-16,12.58,11.0
2011-04-17,13.11,11.1
2011-04-18,13.79,11.6
2011-04-19,14.36,12.0
2011-04-20,14.73,12.6
2011-04-21,14.68,13.2
2011-04-22,14.55,13.9
2011-04-23,14.95,14.6
2011-04-24,15.46,15.1
2011-04-25,15.6,15.3
2011-04-26,15.67,15.3
2011-04-27,14.51,14.8
2011-04-28,13.49,14.3
2011-04-29,13.77,14.3
2011-04-30,13.77,14.5
2011-05-01,14.69,14.8
2011-05-02,14.98,14.9
2011-05-03,14.19,14.8
2011-05-04,14.01,14.3
2011-05-05,14.55,14.1
2011-05-06,14.89,14.4
2011-05-07,15.47,14.7
2011-05-08,15.92,15.2
2011-05-09,15.42,15.5
2011-05-10,15.45,16.0
2011-05-11,15.57,16.6
2011-05-12,14.61,16.9
2011-05-13,14.07,16.9
2011-05-14,13.53,16.8
2011-05-15,12.73,16.6
2011-05-16,12.1,15.8
2011-05-17,10.98,15.4
2011-05-18,10.36,15.8
2011-05-19,10.35,16.6
2011-05-20,10.41,17.4
2011-05-21,9.94,17.6
2011-05-22,9.48,18.1
2011-05-23,8.86,18.2
2011-05-24,8.64,18.5
2011-05-25,8.38,18.7
2011-05-26,8.23,18.9
2011-05-27,7.51,18.9
2011-05-28,7.62,18.3
2011-05-29,8.61,18.1
2011-05-30,8.86,18.3
2011-05-31,9.09,18.9
2011-06-01,8.36,18.5
2011-06-02,7.96,17.6
2011-06-03,8.16,17.4
2011-06-04,8.54,18.1
2011-06-05,8.64,19.0
2011-06-06,8.51,19.5
2011-06-07,8.33,19.4
2011-06-08,8.31,19.2
2011-06-09,7.79,18.3
2011-06-10,7.97,17.7
2011-06-11,8.34,17.2
2011-06-12,8.59,17.1
2011-06-13,8.81,17.3
2011-06-14,8.75,17.2
2011-06-15,8.92,17.7
2011-06-16,9.28,18.5
2011-06-17,9.33,19.1
2011-06-18,8.96,18.9
2011-06-19,8.67,17.9
2011-06-20,9.0,17.4
2011-06-21,8.68,17.3
2011-06-22,8.55,17.8
2011-06-23,8.24,17.7
2011-06-24,8.29,17.4
2011-06-25,8.56,17.1
2011-06-26,8.51,16.9
2011-06-27,8.99,17.8
2011-06-28,9.44,19.1
2011-06-29,9.73,19.9
2011-06-30,9.19,19.9
2011-07-01,9.64,19.2
2011-07-02,8.5,18.1
2011-07-03,7.91,17.2
2011-07-04,7.68,16.9
2011-07-05,8.2,17.5
2011-07-06,8.35,18.5
2011-07-07,8.53,18.8
2011-07-08,8.6,19.2
2011-07-09,9.01,20.0
2011-07-10,9.01,20.4
2011-07-11,8.87,20.8
2011-07-12,9.07,21.0
2011-07-13,8.81,21.0
2011-07-14,8.38,20.3
2011-07-15,8.75,19.5
2011-07-16,8.94,19.0
2011-07-17,8.84,19.1
2011-07-18,8.28,18.4
2011-07-19,8.91,18.2
2011-07-20,9.25,17.7
2011-07-21,10.5,16.5
2011-07-22,9.43,16.2
2011-07-23,8.97,16.1
2011-07-24,9.37,15.6
2011-07-25,9.45,15.3
2011-07-26,9.36,15.4
2011-07-27,9.27,16.3
2011-07-28,9.16,16.9
2011-07-29,8.96,17.0
2011-07-30,9.0,17.3
2011-07-31,8.8,16.9
2011-08-01,8.92,16.8
2011-08-02,9.49,17.3
2011-08-03,9.64,17.9
2011-08-04,9.43,18.2
2011-08-05,9.37,18.6
2011-08-06,9.1,18.9
2011-08-07,8.7,19.1
2011-08-08,8.68,18.8
2011-08-09,8.82,18.1
2011-08-10,8.73,17.2
2011-08-11,9.0,16.9
2011-08-12,9.15,17.0
2011-08-13,9.11,17.3
2011-08-14,9.14,17.7
2011-08-15,9.11,18.3
2011-08-16,9.13,18.6
2011-08-17,9.18,18.9
2011-08-18,9.37,19.6
2011-08-19,9.33,20.0
2011-08-20,9.28,20.3
2011-08-21,9.61,20.8
2011-08-22,9.67,21.2
2011-08-23,9.79,21.7
2011-08-24,9.7,22.2
2011-08-25,9.41,22.3
2011-08-26,9.58,22.6
2011-08-27,8.83,21.9
2011-08-28,8.27,20.6
2011-08-29,8.87,20.2
2011-08-30,9.11,19.6
2011-08-31,9.4,19.2
2011-09-01,9.5,18.8
2011-09-02,9.25,18.5
2011-09-03,9.16,18.6
2011-09-04,9.56,19.2
2011-09-05,8.98,19.3
2011-09-06,8.74,18.5
2011-09-07,8.24,17.9
2011-09-08,7.71,17.4
2011-09-09,7.57,16.9
2011-09-10,7.78,17.4
2011-09-11,7.96,18.1
2011-09-12,8.26,18.5
2011-09-13,8.31,18.5
2011-09-14,8.43,18.5
2011-09-15,8.64,18.3
2011-09-16,8.89,18.0
2011-09-17,8.96,18.1
2011-09-18,8.59,17.9
2011-09-19,8.15,16.9
2011-09-20,8.45,16.1
2011-09-21,8.9,15.8
2011-09-22,9.19,15.7
2011-09-23,9.15,15.7
2011-09-24,9.25,15.7
2011-09-25,9.37,15.7
2011-09-26,9.32,15.7
2011-09-27,9.27,15.8
2011-09-28,9.42,16.0
2011-09-29,9.48,16.2
2011-09-30,9.54,16.2
2011-10-01,9.68,16.3
2011-10-02,9.77,16.4
2011-10-03,9.84,16.2
2011-10-04,9.86,16.1
2011-10-05,9.73,16.0
2011-10-06,9.67,15.9
2011-10-07,9.79,15.5
2011-10-08,9.76,14.6
2011-10-09,9.81,13.8
2011-10-10,9.89,13.2
2011-10-11,10.22,13.1
2011-10-12,10.21,13.1
2011-10-13,9.73,12.7
2011-10-14,9.53,12.2
2011-10-15,9.69,11.4
2011-10-16,9.83,11.0
2011-10-17,9.85,10.8
2011-10-18,9.77,10.8
2011-10-19,9.76,10.9
2011-10-20,9.76,10.5
2011-10-21,10.06,10.1
2011-10-22,10.33,9.6
2011-10-23,10.42,9.2
2011-10-24,10.44,9.0
2011-10-25,10.53,8.9
2011-10-26,10.52,9.0
2011-10-27,10.37,9.1
2011-10-28,10.43,9.3
2011-10-29,10.43,9.3
2011-10-30,10.46,9.4
2011-10-31,10.56,9.6
2011-11-01,10.42,9.7
2011-11-02,10.23,9.8
2011-11-03,10.17,9.6
2011-11-04,10.31,9.5
2011-11-05,10.31,9.4
2011-11-06,10.42,9.6
2011-11-07,10.58,9.7
2011-11-08,10.58,9.8
2011-11-09,10.53,9.7
2011-11-10,10.17,9.4
2011-11-11,10.04,9.1
2011-11-12,10.08,8.6
2011-11-13,10.26,8.3
2011-11-14,10.58,8.0
2011-11-15,10.53,7.7
2011-11-16,10.69,7.3
2011-11-17,10.68,7.1
2011-11-18,10.8,7.0
2011-11-19,10.92,6.9
2011-11-20,10.99,6.8
2011-11-21,11.14,6.6
2011-11-22,11.34,6.4
2011-11-23,11.32,6.2
2011-11-24,11.35,5.9
2011-11-25,11.33,5.6
2011-11-26,11.38,5.5
2011-11-27,0.0,5.6
2011-11-28,11.86,5.8
2011-11-29,11.81,5.8
2011-11-30,11.74,5.8
2011-12-01,11.67,6.0
2011-12-02,11.66,6.1
2011-12-03,11.78,6.3
2011-12-04,11.63,6.7
2011-12-05,11.46,6.9
2011-12-06,11.25,6.6
2011-12-07,11.1,6.1
2011-12-08,11.29,5.6
2011-12-09,11.6,5.5
2011-12-10,11.55,5.6
2011-12-11,12.6,5.6
2011-12-12,12.8,5.8
2011-12-13,12.29,5.5
2011-12-14,11.73,5.6
2011-12-15,11.52,5.5
2011-12-16,11.5,5.5
2011-12-17,11.87,5.2
2011-12-18,0.0,4.8
2011-12-19,12.88,4.4
2011-12-20,12.72,4.0
2011-12-21,12.36,3.7
2011-12-22,12.11,3.8
2011-12-23,12.03,4.3
2011-12-24,12.58,4.9
2011-12-25,12.78,4.9
2011-12-26,12.82,4.9
2011-12-27,12.38,5.2
2011-12-28,11.89,5.5
2011-12-29,11.87,5.3
2011-12-30,12.02,4.8
2011-12-31,12.1,4.3
2012-01-01,12.19,4.5
2012-01-02,12.95,5.1
2012-01-03,12.67,5.3
2012-01-04,12.58,5.4
2012-01-05,12.45,5.2
2012-01-06,12.62,4.8
2012-01-07,13.16,4.5
2012-01-08,13.27,4.1
2012-01-09,13.44,4.2
2012-01-10,13.47,4.5
2012-01-11,13.28,4.8
2012-01-12,12.98,5.0
2012-01-13,12.56,4.8
2012-01-14,12.43,4.5
2012-01-15,12.31,4.1
2012-01-16,12.27,3.6
2012-01-17,12.36,3.0
2012-01-18,12.63,2.6
2012-01-19,12.78,2.7
2012-01-20,12.97,3.3
2012-01-21,14.09,3.8
2012-01-22,14.32,3.7
2012-01-23,14.55,4.2
2012-01-24,14.35,4.4
2012-01-25,14.06,4.2
2012-01-26,13.61,3.9
2012-01-27,13.44,3.8
2012-01-28,13.27,3.8
2012-01-29,13.09,4.0
2012-01-30,12.9,3.9
2012-01-31,12.77,3.4
2012-02-01,12.8,2.7
2012-02-02,12.82,1.9
2012-02-03,13.54,1.0
2012-02-04,13.5,0.4
2012-02-05,13.78,0.0
2012-02-06,13.86,0.0
2012-02-07,13.85,0.0
2012-02-08,13.83,0.0
2012-02-09,13.83,0.0
2012-02-10,13.78,0.0
2012-02-11,13.78,0.0
2012-02-12,13.78,0.0
2012-02-13,13.73,0.0
2012-02-14,13.6,0.0
2012-02-15,13.47,0.1
2012-02-16,13.34,0.4
2012-02-17,13.29,0.9
2012-02-18,13.19,1.7
2012-02-19,13.03,2.5
2012-02-20,13.0,2.6
2012-02-21,12.99,2.6
2012-02-22,13.01,2.9
2012-02-23,12.92,3.1
2012-02-24,12.85,3.4
2012-02-25,12.82,4.1
2012-02-26,12.69,4.8
2012-02-27,12.72,4.9
2012-02-28,12.72,5.0
2012-02-29,12.64,4.9
2012-03-01,12.6,5.5
2012-03-02,12.66,6.2
2012-03-03,12.39,6.6
2012-03-04,12.41,6.8
2012-03-05,12.32,7.0
2012-03-06,12.8,6.7
2012-03-07,12.68,6.2
2012-03-08,12.56,5.9
2012-03-09,12.62,5.8
2012-03-10,12.64,6.0
2012-03-11,0.0,6.5
2012-03-12,12.63,6.4
2012-03-13,12.54,6.6
2012-03-14,12.52,6.9
2012-03-15,12.75,7.3
2012-03-16,12.79,7.7
2012-03-17,12.77,8.2
2012-03-18,12.7,8.6
2012-03-19,12.49,8.9
2012-03-20,12.24,8.8
2012-03-21,12.5,8.7
2012-03-22,12.67,8.8
2012-03-23,12.68,9.2
2012-03-24,12.56,9.7
2012-03-25,12.4,9.9
2012-03-26,12.51,10.1
2012-03-27,12.44,10.4
2012-03-28,12.28,10.6
2012-03-29,12.06,10.7
2012-03-30,11.58,10.3
2012-03-31,11.26,10.0
2012-04-01,11.33,9.6
2012-04-02,11.85,9.8
2012-04-03,12.03,10.1
2012-04-04,11.76,10.3
2012-04-05,11.34,10.4
2012-04-06,10.94,10.2
2012-04-07,10.8,9.9
2012-04-08,11.21,9.3
2012-04-09,11.64,8.8
2012-04-10,12.11,8.9
2012-04-11,12.17,9.3
2012-04-12,11.98,9.4
2012-04-13,12.12,9.7
2012-04-14,0.0,9.9
2012-04-15,0.0,9.7
2012-04-16,11.64,9.2
2012-04-17,11.64,9.1
2012-04-18,11.57,9.0
2012-04-19,11.91,9.2
2012-04-20,11.8,9.8
2012-04-21,11.56,10.1
2012-04-22,11.51,10.2
2012-04-23,11.5,10.2
2012-04-24,11.45,10.0
2012-04-25,11.55,10.3
2012-04-26,11.89,11.2
2012-04-27,12.06,12.2
2012-04-28,11.87,13.0
2012-04-29,11.24,13.8
2012-04-30,10.72,14.2
2012-05-01,10.67,15.1
2012-05-02,10.71,15.6
2012-05-03,10.39,15.7
2012-05-04,10.29,15.8
2012-05-05,10.02,15.5
2012-05-06,9.78,14.7
2012-05-07,10.07,14.1
2012-05-08,10.74,14.4
2012-05-09,11.08,14.7
2012-05-10,11.68,15.2
2012-05-11,12.37,15.7
2012-05-12,11.39,16.0
2012-05-13,10.76,15.1
2012-05-14,10.95,14.6
2012-05-15,10.96,14.2
2012-05-16,10.6,13.3
2012-05-17,11.31,12.6
2012-05-18,12.17,12.7
2012-05-19,12.87,13.5
2012-05-20,13.83,14.7
2012-05-21,13.92,15.6
2012-05-22,13.08,16.2
2012-05-23,12.45,16.8
2012-05-24,11.69,17.4
2012-05-25,10.84,17.5
2012-05-26,9.99,17.5
2012-05-27,9.29,17.2
2012-05-28,9.27,16.8
2012-05-29,9.0,16.9
2012-05-30,9.08,17.2
2012-05-31,8.96,17.4
2012-06-01,8.63,17.2
2012-06-02,8.67,17.1
2012-06-03,8.63,17.0
2012-06-04,8.61,16.7
2012-06-05,9.4,15.8
2012-06-06,9.51,14.9
2012-06-07,9.19,15.0
2012-06-08,8.87,15.2
2012-06-09,9.34,15.2
2012-06-10,9.56,15.4
2012-06-11,10.1,14.9
2012-06-12,9.71,14.8
2012-06-13,10.24,14.2
2012-06-14,10.39,14.4
2012-06-15,9.64,14.8
2012-06-16,9.14,15.9
2012-06-17,8.94,17.0
2012-06-18,8.9,17.9
2012-06-19,8.96,19.0
2012-06-20,8.92,19.7
2012-06-21,8.83,19.4
2012-06-22,8.93,19.3
2012-06-23,9.16,19.0
2012-06-24,9.3,19.0
2012-06-25,9.26,18.7
2012-06-26,9.53,18.5
2012-06-27,9.66,18.5
2012-06-28,9.91,19.0
2012-06-29,9.82,19.7
2012-06-30,9.86,20.4
2012-07-01,9.43,20.8
2012-07-02,8.37,20.2
2012-07-03,7.95,19.7
2012-07-04,8.27,19.7
2012-07-05,8.85,20.2
2012-07-06,8.85,20.2
2012-07-07,8.47,20.0
2012-07-08,8.61,19.9
2012-07-09,8.84,20.0
2012-07-10,9.02,20.3
2012-07-11,8.96,20.4
2012-07-12,8.69,19.8
2012-07-13,8.5,19.0
2012-07-14,8.67,18.8
2012-07-15,8.97,18.8
2012-07-16,9.14,18.3
2012-07-17,9.33,17.9
2012-07-18,9.7,18.0
2012-07-19,10.1,18.6
2012-07-20,9.85,18.6
2012-07-21,9.56,18.3
2012-07-22,9.62,18.0
2012-07-23,9.95,17.9
2012-07-24,10.26,18.4
2012-07-25,10.06,18.9
2012-07-26,9.81,19.2
2012-07-27,10.36,20.1
2012-07-28,10.37,20.8
2012-07-29,9.68,20.7
2012-07-30,9.4,20.6
2012-07-31,9.36,20.6
2012-08-01,9.38,20.7
2012-08-02,9.41,21.0
2012-08-03,9.4,21.3
2012-08-04,8.84,21.3
2012-08-05,8.58,21.5
2012-08-06,8.49,21.4
2012-08-07,7.92,20.8
2012-08-08,8.15,20.2
2012-08-09,8.6,20.0
2012-08-10,8.83,20.0
2012-08-11,9.06,19.8
2012-08-12,8.99,19.4
2012-08-13,9.42,19.5
2012-08-14,9.91,19.7
2012-08-15,10.18,20.0
2012-08-16,9.59,20.0
2012-08-17,8.72,20.0
2012-08-18,8.86,20.3
2012-08-19,8.96,20.8
2012-08-20,9.8,21.4
2012-08-21,9.65,22.0
2012-08-22,9.54,22.4
2012-08-23,9.21,22.5
2012-08-24,8.59,22.2
2012-08-25,7.76,21.7
2012-08-26,7.71,21.2
2012-08-27,8.35,20.2
2012-08-28,8.17,20.0
2012-08-29,8.07,20.0
2012-08-30,7.92,19.8
2012-08-31,7.55,19.0
2012-09-01,,17.8
2012-09-02,,16.7
2012-09-03,,16.3
2012-09-04,,16.6
2012-09-05,,16.8
2012-09-06,,17.1
2012-09-07,9.3,17.2
2012-09-08,9.25,17.4
2012-09-09,9.27,17.7
2012-09-10,9.5,18.1
2012-09-11,9.72,18.4
2012-09-12,9.41,18.2
2012-09-13,9.11,17.4
2012-09-14,9.43,16.7
2012-09-15,9.5,16.3
2012-09-16,10.12,16.1
2012-09-17,10.55,16.1
2012-09-18,10.22,16.1
2012-09-19,9.82,16.3
2012-09-20,9.56,15.7
2012-09-21,9.6,15.2
2012-09-22,9.14,15.0
2012-09-23,9.28,14.8
2012-09-24,8.95,14.5
2012-09-25,8.95,14.6
2012-09-26,8.98,14.6
2012-09-27,9.09,14.8
2012-09-28,8.98,14.5
2012-09-29,8.92,14.2
2012-09-30,8.7,14.0
2012-10-01,9.0,14.0
2012-10-02,8.93,13.9
2012-10-03,9.33,13.8
2012-10-04,9.32,13.7
2012-10-05,9.32,13.5
2012-10-06,9.52,13.7
2012-10-07,9.34,13.9
2012-10-08,9.34,13.7
2012-10-09,9.25,13.4
2012-10-10,,13.1
2012-10-11,,12.3
2012-10-12,,12.1
2012-10-13,,12.1
2012-10-14,,12.1
2012-10-15,,12.0
2012-10-16,,11.7
2012-10-17,,11.6
2012-10-18,9.77,11.6
2012-10-19,9.67,11.6
2012-10-20,9.62,11.6
2012-10-21,9.34,11.6
2012-10-22,9.21,11.5
2012-10-23,9.09,11.4
2012-10-24,9.13,11.3
2012-10-25,9.26,11.4
2012-10-26,9.32,11.4
2012-10-27,9.32,10.9
2012-10-28,9.45,9.8
2012-10-29,9.69,9.0
2012-10-30,9.94,8.1
2012-10-31,10.13,7.9
2012-11-01,10.35,7.7
2012-11-02,10.44,7.8
2012-11-03,10.49,8.1
2012-11-04,10.47,8.4
2012-11-05,10.35,8.8
2012-11-06,10.98,8.8
2012-11-07,10.95,8.4
2012-11-08,10.76,8.2
2012-11-09,10.6,8.0
2012-11-10,10.54,7.9
2012-11-11,10.38,7.9
2012-11-12,10.73,8.2
2012-11-13,11.45,8.4
2012-11-14,11.24,8.3
2012-11-15,11.17,8.1
2012-11-16,10.94,8.1
2012-11-17,10.62,7.9
2012-11-18,10.56,7.6
2012-11-19,10.66,7.5
2012-11-20,10.75,7.5
2012-11-21,10.82,7.3
2012-11-22,10.82,7.1
2012-11-23,10.9,7.1
2012-11-24,10.96,7.2
2012-11-25,10.92,7.3
2012-11-26,10.9,7.4
2012-11-27,10.75,7.7
2012-11-28,10.58,7.9
2012-11-29,10.51,7.7
2012-11-30,10.76,7.0
2012-12-01,10.94,6.3
2012-12-02,11.26,5.4
2012-12-03,11.41,4.9
2012-12-04,11.57,4.8
2012-12-05,11.74,4.5
2012-12-06,11.82,4.4
2012-12-07,11.88,3.9
2012-12-08,11.97,3.3
2012-12-09,12.18,2.6
2012-12-10,12.38,2.3
2012-12-11,12.47,2.3
2012-12-12,12.53,2.1
2012-12-13,12.6,1.6
2012-12-14,,1.6
2012-12-15,,2.1
2012-12-16,,2.3
2012-12-17,,3.1
2012-12-18,14.22,4.0
2012-12-19,13.69,4.3
2012-12-20,13.37,4.3
2012-12-21,13.52,4.2
2012-12-22,13.4,4.6
2012-12-23,13.52,5.2
2012-12-24,14.65,5.9
2012-12-25,14.01,5.9
2012-12-26,13.1,6.0
2012-12-27,12.98,6.0
2012-12-28,13.17,5.9
2012-12-29,14.22,5.7
2012-12-30,13.09,5.5
2012-12-31,12.88,5.2
2013-01-01,12.8,4.9
2013-01-02,12.68,4.9
2013-01-03,12.69,4.7
2013-01-04,12.27,4.9
2013-01-05,11.79,5.3
2013-01-06,13.14,5.7
2013-01-07,12.97,5.8
2013-01-08,12.41,5.8
2013-01-09,11.96,5.7
2013-01-10,11.61,5.6
2013-01-11,11.55,5.2
2013-01-12,11.74,4.8
2013-01-13,11.93,4.2
2013-01-14,11.92,3.8
2013-01-15,11.98,3.7
2013-01-16,12.0,3.6
2013-01-17,11.95,3.3
2013-01-18,12.03,3.0
2013-01-19,12.14,2.6
2013-01-20,12.19,2.2
2013-01-21,12.15,2.1
2013-01-22,12.09,2.5
2013-01-23,12.07,2.9
2013-01-24,12.02,3.2
2013-01-25,12.09,3.1
2013-01-26,12.03,2.8
2013-01-27,12.14,2.6
2013-01-28,12.16,2.8
2013-01-29,12.26,3.2
2013-01-30,12.25,3.9
2013-01-31,12.71,5.0
2013-02-01,12.81,5.4
2013-02-02,13.16,5.5
2013-02-03,13.89,5.0
2013-02-04,13.98,4.2
2013-02-05,14.01,4.1
2013-02-06,14.01,4.2
2013-02-07,13.43,4.1
2013-02-08,13.16,3.9
2013-02-09,12.92,3.9
2013-02-10,12.78,3.7
2013-02-11,12.73,2.9
2013-02-12,12.57,2.6
2013-02-13,12.6,2.6
2013-02-14,12.53,2.8
2013-02-15,12.49,2.7
2013-02-16,12.41,3.2
2013-02-17,12.27,3.6
2013-02-18,11.98,4.0
2013-02-19,11.99,4.1
2013-02-20,11.99,4.1
2013-02-21,12.06,3.9
2013-02-22,12.2,3.3
2013-02-23,12.33,2.9
2013-02-24,12.38,2.6
2013-02-25,12.49,2.7
2013-02-26,12.49,3.0
2013-02-27,12.41,3.2
2013-02-28,12.35,3.5
2013-03-01,12.19,3.7
2013-03-02,12.18,3.9
2013-03-03,12.32,4.1
2013-03-04,12.43,4.2
2013-03-05,12.49,4.4
2013-03-06,12.46,4.8
2013-03-07,12.28,5.4
2013-03-08,12.0,6.1
2013-03-09,11.71,7.1
2013-03-10,11.5,8.0
2013-03-11,11.2,8.0
2013-03-12,11.06,7.4
2013-03-13,11.05,6.7
2013-03-14,11.33,5.9
2013-03-15,11.61,5.4
2013-03-16,11.98,5.0
2013-03-17,12.16,4.9
2013-03-18,12.09,5.0
2013-03-19,11.82,5.3
2013-03-20,11.77,5.5
2013-03-21,11.83,5.8
2013-03-22,11.96,5.9
2013-03-23,12.05,5.9
2013-03-24,12.02,5.6
2013-03-25,12.05,5.2
2013-03-26,12.33,4.7
2013-03-27,12.61,4.2
2013-03-28,12.82,4.2
2013-03-29,12.91,4.6
2013-03-30,12.83,5.1
2013-03-31,12.17,5.5
2013-04-01,12.1,5.7
2013-04-02,12.21,5.5
2013-04-03,12.36,5.4
2013-04-04,12.5,5.5
2013-04-05,12.62,5.5
2013-04-06,12.37,5.5
2013-04-07,12.25,5.6
2013-04-08,12.55,5.8
2013-04-09,12.81,6.4
2013-04-10,12.58,7.1
2013-04-11,12.18,7.6
2013-04-12,11.8,8.5
2013-04-13,11.56,9.3
2013-04-14,11.68,9.8
2013-04-15,11.57,10.6
2013-04-16,11.14,11.5
2013-04-17,10.93,12.3
2013-04-18,10.82,13.0
2013-04-19,10.43,13.1
2013-04-20,10.85,11.7
2013-04-21,11.71,10.1
2013-04-22,11.46,9.6
2013-04-23,11.19,10.0
2013-04-24,11.03,10.8
2013-04-25,10.84,11.8
2013-04-26,10.72,12.7
2013-04-27,10.39,13.2
2013-04-28,10.13,12.6
2013-04-29,10.22,11.9
2013-04-30,10.5,11.4
2013-05-01,10.76,11.6
2013-05-02,10.9,12.1
2013-05-03,10.74,12.3
2013-05-04,10.64,12.4
2013-05-05,10.7,12.8
2013-05-06,10.62,13.1
2013-05-07,10.53,13.4
2013-05-08,10.46,13.9
2013-05-09,10.59,14.7
2013-05-10,10.38,14.8
2013-05-11,10.4,14.4
2013-05-12,10.67,13.5
2013-05-13,10.56,12.7
2013-05-14,10.54,12.3
2013-05-15,10.51,13.0
2013-05-16,10.36,13.5
2013-05-17,10.24,13.7
2013-05-18,10.12,13.9
2013-05-19,10.43,14.4
2013-05-20,10.46,14.3
2013-05-21,10.68,14.2
2013-05-22,10.66,14.0
2013-05-23,10.78,13.4
2013-05-24,10.86,13.0
2013-05-25,11.04,12.3
2013-05-26,11.0,11.8
2013-05-27,10.64,10.8
2013-05-28,11.04,11.1
2013-05-29,11.11,11.8
2013-05-30,10.82,12.0
2013-05-31,10.66,12.2
2013-06-01,12.02,11.4
2013-06-02,11.81,10.7
2013-06-03,11.54,10.4
2013-06-04,11.58,10.6
2013-06-05,11.54,11.9
2013-06-06,11.56,13.2
2013-06-07,11.18,13.9
2013-06-08,10.6,14.7
2013-06-09,10.41,15.4
2013-06-10,10.95,15.1
2013-06-11,11.21,14.5
2013-06-12,10.99,14.1
2013-06-13,11.12,14.7
2013-06-14,10.94,15.3
2013-06-15,10.63,15.5
2013-06-16,10.34,16.1
2013-06-17,10.36,16.9
2013-06-18,10.57,17.9
2013-06-19,10.53,18.7
2013-06-20,9.69,19.4
2013-06-21,9.58,19.2
2013-06-22,9.56,18.5
2013-06-23,9.53,17.7
2013-06-24,9.86,17.0
2013-06-25,9.89,15.9
2013-06-26,9.91,15.2
2013-06-27,9.98,14.8
2013-06-28,9.85,14.5
2013-06-29,9.75,14.4
2013-06-30,9.67,14.1
2013-07-01,9.78,14.8
2013-07-02,0.0,15.8
2013-07-03,9.62,16.6
2013-07-04,9.57,16.9
2013-07-05,9.83,17.3
2013-07-06,10.04,17.6
2013-07-07,10.18,18.1
2013-07-08,10.51,18.6
2013-07-09,10.61,18.9
2013-07-10,10.85,19.4
2013-07-11,10.92,19.6
2013-07-12,10.9,19.3
2013-07-13,11.06,19.2
2013-07-14,11.88,19.5
2013-07-15,12.12,19.7
2013-07-16,11.97,19.8
2013-07-17,12.04,20.1
2013-07-18,12.02,20.4
2013-07-19,12.14,20.7
2013-07-20,12.48,21.0
2013-07-21,12.41,21.3
2013-07-22,12.37,21.7
2013-07-23,11.68,21.9
2013-07-24,11.36,21.9
2013-07-25,10.28,21.7
2013-07-26,10.22,21.8
2013-07-27,11.13,22.2
2013-07-28,11.44,22.6
2013-07-29,10.53,22.4
2013-07-30,8.94,21.5
2013-07-31,8.54,21.0
2013-08-01,9.42,21.1
2013-08-02,10.24,21.6
2013-08-03,10.69,22.0
2013-08-04,10.21,22.2
2013-08-05,9.55,22.1
2013-08-06,9.66,22.4
2013-08-07,8.59,22.3
2013-08-08,7.85,22.1
2013-08-09,7.38,21.3
2013-08-10,7.12,20.4
2013-08-11,7.62,20.1
2013-08-12,8.26,20.0
2013-08-13,8.63,19.8
2013-08-14,9.05,19.5
2013-08-15,9.24,19.3
2013-08-16,9.59,19.4
2013-08-17,10.0,19.6
2013-08-18,10.11,20.0
2013-08-19,9.71,20.1
2013-08-20,9.1,19.4
2013-08-21,8.88,18.9
2013-08-22,8.97,18.9
2013-08-23,8.96,18.9
2013-08-24,8.91,18.8
2013-08-25,8.72,18.5
2013-08-26,8.15,18.0
2013-08-27,8.18,17.7
2013-08-28,8.29,17.5
2013-08-29,8.53,17.7
2013-08-30,8.8,17.9
2013-08-31,8.83,17.8
2013-09-01,8.6,17.8
2013-09-02,8.91,17.3
2013-09-03,9.04,17.2
2013-09-04,9.37,17.6
2013-09-05,9.44,18.1
2013-09-06,9.3,18.5
2013-09-07,9.16,18.9
2013-09-08,8.98,19.0
2013-09-09,8.66,18.8
2013-09-10,8.09,18.0
2013-09-11,8.03,17.0
2013-09-12,7.95,15.9
2013-09-13,8.95,14.9
2013-09-14,10.37,14.2
2013-09-15,9.58,13.8
2013-09-16,9.16,14.0
2013-09-17,9.72,13.9
2013-09-18,10.62,13.4
2013-09-19,11.44,13.2
2013-09-20,11.8,12.9
2013-09-21,10.97,13.0
2013-09-22,10.44,13.1
2013-09-23,9.84,13.4
2013-09-24,9.64,13.9
2013-09-25,9.38,14.3
2013-09-26,9.16,14.4
2013-09-27,9.05,14.5
2013-09-28,9.19,14.2
2013-09-29,9.28,14.2
2013-09-30,9.3,13.8
2013-10-01,9.24,13.5
2013-10-02,9.46,13.1
2013-10-03,9.74,12.4
2013-10-04,9.85,11.9
2013-10-05,9.83,11.7
2013-10-06,9.61,11.8
2013-10-07,9.63,12.2
2013-10-08,9.66,12.6
2013-10-09,9.42,12.8
2013-10-10,9.41,12.6
2013-10-11,9.37,12.0
2013-10-12,9.69,11.2
2013-10-13,9.89,10.7
2013-10-14,10.07,10.5
2013-10-15,10.31,10.6
2013-10-16,10.46,10.7
2013-10-17,11.27,10.7
2013-10-18,10.76,11.0
2013-10-19,10.17,11.1
2013-10-20,9.96,11.2
2013-10-21,9.8,11.5
2013-10-22,9.78,11.9
2013-10-23,9.66,12.1
2013-10-24,9.5,12.1
2013-10-25,9.6,12.1
2013-10-26,9.5,12.1
2013-10-27,9.43,12.2
2013-10-28,9.42,12.3
2013-10-29,9.37,12.4
2013-10-30,9.45,12.1
2013-10-31,9.5,11.6
2013-11-01,9.54,10.9
2013-11-02,9.58,10.6
2013-11-03,9.71,10.6
2013-11-04,9.92,10.2
2013-11-05,9.93,9.9
2013-11-06,10.02,9.6
2013-11-07,10.37,9.6
2013-11-08,10.83,9.8
2013-11-09,10.38,9.9
2013-11-10,10.41,9.6
2013-11-11,11.41,9.0
2013-11-12,11.7,8.3
2013-11-13,11.37,7.9
2013-11-14,11.08,7.7
2013-11-15,10.8,7.5
2013-11-16,10.79,7.4
2013-11-17,10.75,7.3
2013-11-18,10.7,7.3
2013-11-19,10.79,7.2
2013-11-20,10.88,7.0
2013-11-21,10.78,6.8
2013-11-22,10.71,6.8
2013-11-23,10.76,6.8
2013-11-24,10.77,6.8
2013-11-25,11.0,6.3
2013-11-26,11.24,5.8
2013-11-27,11.52,5.2
2013-11-28,11.68,4.7
2013-11-29,11.76,4.6
2013-11-30,11.75,4.6
2013-12-01,11.68,4.8
2013-12-02,11.6,4.9
2013-12-03,11.62,4.8
2013-12-04,11.65,4.8
2013-12-05,11.71,4.7
2013-12-06,11.79,4.6
2013-12-07,11.93,4.1
2013-12-08,11.78,4.3
2013-12-09,11.82,4.5
2013-12-10,11.81,4.8
2013-12-11,11.77,5.0
2013-12-12,11.68,5.1
2013-12-13,11.52,5.0
2013-12-14,11.43,4.9
2013-12-15,11.51,4.7
2013-12-16,11.62,4.4
2013-12-17,11.88,4.0
2013-12-18,11.92,3.8
2013-12-19,11.85,3.5
2013-12-20,11.85,3.5
2013-12-21,11.79,3.7
2013-12-22,11.76,3.9
2013-12-23,11.73,4.2
2013-12-24,11.7,4.2
2013-12-25,11.73,4.4
2013-12-26,11.49,4.7
2013-12-27,11.47,4.8
2013-12-28,11.44,4.8
2013-12-29,11.42,4.8
2013-12-30,11.47,4.6
2013-12-31,11.61,4.4
2014-01-01,11.61,4.1
2014-01-02,11.74,3.8
2014-01-03,11.77,3.7
2014-01-04,11.78,3.9
2014-01-05,11.6,4.2
2014-01-06,11.59,4.4
2014-01-07,11.47,4.7
2014-01-08,11.41,5.0
2014-01-09,11.62,5.0
2014-01-10,11.66,5.3
2014-01-11,11.63,5.3
2014-01-12,11.6,5.2
2014-01-13,11.64,4.9
2014-01-14,11.54,4.8
2014-01-15,11.61,5.0
2014-01-16,11.78,5.2
2014-01-17,11.42,5.3
2014-01-18,11.4,5.3
2014-01-19,11.44,5.2
2014-01-20,11.42,5.2
2014-01-21,11.35,5.1
2014-01-22,11.4,5.1
2014-01-23,11.35,5.2
2014-01-24,11.44,5.3
2014-01-25,11.43,5.2
2014-01-26,11.44,4.9
2014-01-27,11.51,4.4
2014-01-28,11.67,4.3
2014-01-29,11.8,4.1
2014-01-30,11.81,3.8
2014-01-31,11.83,3.6
2014-02-01,11.94,3.6
2014-02-02,11.94,3.6
2014-02-03,11.96,3.8
2014-02-04,11.85,3.9
2014-02-05,11.79,4.1
2014-02-06,11.89,4.2
2014-02-07,11.96,4.7
2014-02-08,11.89,5.0
2014-02-09,11.86,5.2
2014-02-10,11.87,5.0
2014-02-11,11.9,4.9
2014-02-12,11.97,4.7
2014-02-13,12.06,4.6
2014-02-14,12.11,4.7
2014-02-15,12.19,5.0
2014-02-16,12.1,5.4
2014-02-17,11.96,5.6
2014-02-18,12.03,5.8
2014-02-19,11.91,5.8
2014-02-20,11.76,5.9
2014-02-21,11.83,6.0
2014-02-22,11.69,5.9
2014-02-23,11.8,6.1
2014-02-24,11.93,6.2
2014-02-25,12.06,6.2
2014-02-26,12.27,6.2
2014-02-27,12.3,6.4
2014-02-28,12.08,6.4
2014-03-01,12.22,6.4
2014-03-02,12.13,6.5
2014-03-03,11.93,6.6
2014-03-04,12.07,6.7
2014-03-05,12.15,7.1
2014-03-06,12.24,7.2
2014-03-07,12.35,7.1
2014-03-08,12.43,7.4
2014-03-09,12.64,7.6
2014-03-10,12.83,7.7
2014-03-11,13.06,7.8
2014-03-12,13.12,7.9
2014-03-13,13.08,8.1
2014-03-14,13.14,8.4
2014-03-15,12.67,8.4
2014-03-16,11.83,8.1
2014-03-17,11.89,8.3
2014-03-18,12.25,8.9
2014-03-19,12.1,9.1
2014-03-20,12.11,9.1
2014-03-21,12.39,9.6
2014-03-22,12.22,10.2
2014-03-23,11.54,10.1
2014-03-24,11.17,9.7
2014-03-25,10.95,9.4
2014-03-26,11.08,8.8
2014-03-27,11.4,8.7
2014-03-28,11.75,8.9
2014-03-29,12.14,9.3
2014-03-30,12.35,9.9
2014-03-31,12.42,10.3
2014-04-01,12.47,10.5
2014-04-02,12.55,11.0
2014-04-03,12.55,11.5
2014-04-04,12.53,12.1
2014-04-05,12.51,12.5
2014-04-06,12.21,12.6
2014-04-07,12.39,12.9
2014-04-08,11.84,12.9
2014-04-09,11.5,12.5
2014-04-10,11.34,12.2
2014-04-11,11.16,12.1
2014-04-12,11.89,12.4
2014-04-13,12.41,12.8
2014-04-14,12.3,12.8
2014-04-15,11.92,11.9
2014-04-16,12.13,11.2
2014-04-17,12.97,11.2
2014-04-18,13.24,11.1
2014-04-19,13.23,10.9
2014-04-20,13.62,11.4
2014-04-21,13.99,11.9
2014-04-22,14.53,12.3
2014-04-23,15.19,13.0
2014-04-24,15.35,13.5
2014-04-25,15.77,14.1
2014-04-26,16.04,14.7
2014-04-27,13.58,14.5
2014-04-28,11.65,14.1
2014-04-29,10.46,13.8
2014-04-30,10.74,14.1
2014-05-01,11.47,14.5
2014-05-02,11.61,14.6
2014-05-03,10.22,13.8
2014-05-04,10.12,12.9
2014-05-05,10.48,12.8
2014-05-06,10.66,13.1
2014-05-07,10.19,13.2
2014-05-08,10.14,13.5
2014-05-09,10.11,14.0
2014-05-10,10.09,14.5
2014-05-11,9.91,14.6
2014-05-12,9.98,14.3
2014-05-13,9.91,14.0
2014-05-14,10.07,13.7
2014-05-15,10.1,13.3
2014-05-16,10.26,13.0
2014-05-17,10.38,13.2
2014-05-18,10.36,13.4
2014-05-19,10.19,13.6
2014-05-20,10.68,14.8
2014-05-21,11.02,15.7
2014-05-22,11.39,16.8
2014-05-23,10.8,17.2
2014-05-24,9.96,17.0
2014-05-25,9.77,17.2
2014-05-26,9.36,17.4
2014-05-27,8.97,17.5
2014-05-28,8.67,16.7
2014-05-29,8.45,16.0
2014-05-30,8.41,15.3
2014-05-31,8.92,15.1
2014-06-01,9.11,15.3
2014-06-02,9.58,15.5
2014-06-03,9.89,16.0
2014-06-04,9.92,16.3
2014-06-05,9.9,16.7
2014-06-06,10.01,17.2
2014-06-07,10.29,18.1
2014-06-08,10.57,19.0
2014-06-09,10.78,20.0
2014-06-10,10.81,20.8
2014-06-11,10.35,21.6
2014-06-12,9.37,21.9
2014-06-13,8.96,22.1
2014-06-14,8.91,21.9
2014-06-15,8.88,21.2
2014-06-16,8.93,20.7
2014-06-17,8.8,20.1
2014-06-18,8.89,19.8
2014-06-19,9.38,20.0
2014-06-20,9.34,19.8
2014-06-21,9.23,19.3
2014-06-22,9.57,19.3
2014-06-23,10.02,19.7
2014-06-24,10.07,20.1
2014-06-25,9.4,20.2
2014-06-26,9.07,19.9
2014-06-27,9.3,19.9
2014-06-28,9.43,20.3
2014-06-29,8.55,20.0
2014-06-30,8.03,19.2
2014-07-01,8.27,18.9
2014-07-02,8.23,19.0
2014-07-03,8.6,18.6
2014-07-04,9.42,18.8
2014-07-05,9.28,19.2
2014-07-06,9.24,19.5
2014-07-07,9.58,20.0
2014-07-08,8.87,20.0
2014-07-09,7.96,18.7
2014-07-10,8.36,17.5
2014-07-11,8.45,16.9
2014-07-12,9.28,16.3
2014-07-13,9.09,16.2
2014-07-14,8.77,16.6
2014-07-15,8.38,17.2
2014-07-16,8.43,18.3
2014-07-17,8.37,19.3
2014-07-18,8.44,20.0
2014-07-19,8.63,20.7
2014-07-20,8.94,21.3
2014-07-21,8.66,20.9
2014-07-22,7.78,20.4
2014-07-23,8.0,19.9
2014-07-24,8.23,19.6
2014-07-25,7.81,19.9
2014-07-26,7.65,20.1
2014-07-27,7.79,19.9
2014-07-28,8.8,19.3
2014-07-29,8.61,19.1
2014-07-30,8.51,18.5
2014-07-31,9.05,18.4
2014-08-01,10.28,17.9
2014-08-02,9.56,17.6
2014-08-03,8.76,17.7
2014-08-04,8.33,18.0
2014-08-05,8.68,18.4
2014-08-06,8.39,18.6
2014-08-07,8.32,18.9
2014-08-08,8.3,18.8
2014-08-09,8.47,19.0
2014-08-10,8.44,19.1
2014-08-11,8.47,19.3
2014-08-12,8.58,18.9
2014-08-13,8.48,18.3
2014-08-14,8.44,17.7
2014-08-15,8.78,17.2
2014-08-16,8.97,16.6
2014-08-17,9.29,16.5
2014-08-18,9.38,16.5
2014-08-19,9.33,16.2
2014-08-20,9.44,16.8
2014-08-21,9.34,16.8
2014-08-22,9.45,16.8
2014-08-23,9.59,16.9
2014-08-24,9.47,16.7
2014-08-25,9.62,16.5
2014-08-26,9.73,16.6
2014-08-27,9.27,16.8
2014-08-28,9.15,16.8
2014-08-29,9.21,16.8
2014-08-30,9.25,17.1
2014-08-31,9.07,17.0
2014-09-01,8.62,16.2
2014-09-02,9.3,15.6
2014-09-03,9.17,15.5
2014-09-04,9.14,15.6
2014-09-05,9.03,15.5
2014-09-06,9.29,15.7
2014-09-07,9.16,16.3
2014-09-08,9.67,16.9
2014-09-09,9.87,17.4
2014-09-10,9.8,17.6
2014-09-11,9.93,17.2
2014-09-12,10.07,16.5
2014-09-13,10.15,15.8
2014-09-14,10.21,15.7
2014-09-15,10.17,15.7
2014-09-16,10.09,15.6
2014-09-17,10.08,15.5
2014-09-18,10.05,15.9
2014-09-19,10.05,16.1
2014-09-20,9.94,16.5
2014-09-21,9.86,16.6
2014-09-22,10.01,16.4
2014-09-23,10.34,15.6
2014-09-24,10.38,14.9
2014-09-25,10.41,14.7
2014-09-26,10.48,14.4
2014-09-27,10.48,14.6
2014-09-28,10.45,14.5
2014-09-29,10.38,14.3
2014-09-30,10.38,14.4
2014-10-01,10.3,14.8
2014-10-02,10.29,15.0
2014-10-03,10.24,15.0
2014-10-04,10.18,14.8
2014-10-05,10.2,14.6
2014-10-06,10.14,14.2
2014-10-07,10.2,13.9
2014-10-08,10.22,14.2
2014-10-09,10.24,14.5
2014-10-10,10.22,14.8
2014-10-11,10.04,14.9
2014-10-12,10.0,15.0
2014-10-13,9.99,14.9
2014-10-14,9.99,15.0
2014-10-15,10.03,15.0
2014-10-16,10.0,15.0
2014-10-17,10.0,14.8
2014-10-18,10.15,14.4
2014-10-19,10.15,14.3
2014-10-20,10.0,14.3
2014-10-21,10.13,14.3
2014-10-22,10.71,13.4
2014-10-23,11.04,12.2
2014-10-24,11.76,11.2
2014-10-25,11.75,10.4
2014-10-26,11.8,10.2
2014-10-27,11.74,10.3
2014-10-28,11.7,10.2
2014-10-29,11.61,10.2
2014-10-30,11.6,10.2
2014-10-31,11.51,10.4
2014-11-01,11.4,10.6
2014-11-02,11.32,10.4
2014-11-03,11.2,10.4
2014-11-04,11.17,10.4
2014-11-05,11.27,10.3
2014-11-06,11.33,10.0
2014-11-07,11.5,9.7
2014-11-08,11.61,9.3
2014-11-09,11.61,9.2
2014-11-10,11.57,9.1
2014-11-11,11.48,9.1
2014-11-12,11.47,9.1
2014-11-13,11.48,9.3
2014-11-14,11.38,9.4
2014-11-15,11.24,9.5
2014-11-16,11.25,9.5
2014-11-17,11.33,9.2
2014-11-18,11.45,9.0
2014-11-19,11.78,8.9
2014-11-20,11.93,8.6
2014-11-21,11.89,8.3
2014-11-22,11.85,8.0
2014-11-23,11.93,7.7
2014-11-24,11.88,7.7
2014-11-25,11.9,8.1
2014-11-26,11.88,8.0
2014-11-27,11.78,7.8
2014-11-28,12.14,7.4
2014-11-29,12.2,7.0
2014-11-30,12.28,6.8
2014-12-01,12.28,6.5
2014-12-02,12.34,6.4
2014-12-03,12.43,6.4
2014-12-04,12.42,6.3
2014-12-05,11.49,6.3
2014-12-06,10.89,6.3
2014-12-07,10.75,6.4
2014-12-08,10.8,6.2
2014-12-09,10.82,6.0
2014-12-10,10.95,5.7
2014-12-11,11.11,5.8
2014-12-12,11.31,5.8
2014-12-13,11.31,5.7
2014-12-14,11.23,5.7
2014-12-15,11.19,6.0
2014-12-16,10.97,6.3
2014-12-17,10.89,6.5
2014-12-18,11.01,6.6
2014-12-19,11.23,7.1
2014-12-20,11.35,7.3
2014-12-21,11.7,6.8
2014-12-22,11.66,6.5
2014-12-23,11.61,6.2
2014-12-24,11.69,5.8
2014-12-25,11.47,5.6
2014-12-26,11.43,5.3
2014-12-27,11.54,4.7
2014-12-28,11.57,4.0
2014-12-29,11.85,3.2
2014-12-30,12.05,2.5
2014-12-31,12.19,2.5
2015-01-01,12.37,2.5
2015-01-02,12.48,2.6
2015-01-03,12.52,2.6
2015-01-04,15.03,2.8
2015-01-05,15.05,3.0
2015-01-06,13.87,3.0
2015-01-07,13.31,3.0
2015-01-08,13.03,3.1
2015-01-09,12.63,3.9
2015-01-10,12.52,5.2
2015-01-11,13.09,6.4
2015-01-12,13.38,6.0
2015-01-13,12.73,5.1
2015-01-14,12.4,4.9
2015-01-15,12.26,4.9
2015-01-16,12.28,4.8
2015-01-17,12.1,4.9
2015-01-18,12.03,5.1
2015-01-19,12.03,5.1
2015-01-20,12.22,4.8
2015-01-21,12.17,4.7
2015-01-22,11.96,4.4
2015-01-23,11.96,4.4
2015-01-24,12.0,4.3
2015-01-25,12.03,4.2
2015-01-26,12.11,4.3
2015-01-27,12.1,4.2
2015-01-28,12.1,4.2
2015-01-29,12.08,4.1
2015-01-30,11.97,3.9
2015-01-31,11.82,3.9
2015-02-01,11.8,3.8
2015-02-02,11.9,3.7
2015-02-03,12.02,3.4
2015-02-04,12.35,2.9
2015-02-05,12.66,2.6
2015-02-06,12.81,2.1
2015-02-07,12.88,1.8
2015-02-08,12.98,1.8
2015-02-09,13.0,1.7
2015-02-10,0.0,2.2
2015-02-11,12.89,2.7
2015-02-12,12.78,2.9
2015-02-13,12.61,3.0
2015-02-14,12.52,3.1
2015-02-15,12.31,3.2
2015-02-16,12.3,3.2
2015-02-17,12.19,3.5
2015-02-18,12.22,3.5
2015-02-19,12.31,3.4
2015-02-20,12.53,3.4
2015-02-21,12.62,3.5
2015-02-22,12.53,3.9
2015-02-23,12.47,4.1
2015-02-24,12.27,4.2
2015-02-25,12.28,4.4
2015-02-26,12.43,4.5
2015-02-27,12.56,4.6
2015-02-28,12.47,4.6
2015-03-01,12.46,4.5
2015-03-02,12.3,4.8
2015-03-03,13.51,5.2
2015-03-04,13.0,4.9
2015-03-05,12.85,4.9
2015-03-06,12.73,4.9
2015-03-07,12.54,5.1
2015-03-08,12.45,5.5
2015-03-09,12.32,5.9
2015-03-10,12.21,6.3
2015-03-11,12.08,7.0
2015-03-12,11.99,7.2
2015-03-13,11.87,7.0
2015-03-14,11.89,6.6
2015-03-15,12.06,6.5
2015-03-16,12.24,6.7
2015-03-17,12.3,7.0
2015-03-18,12.37,7.5
2015-03-19,12.39,8.0
2015-03-20,12.33,8.3
2015-03-21,12.24,8.4
2015-03-22,11.92,8.3
2015-03-23,11.61,7.8
2015-03-24,11.67,7.7
2015-03-25,11.92,7.9
2015-03-26,11.61,8.3
2015-03-27,11.09,8.2
2015-03-28,11.27,8.4
2015-03-29,11.46,8.7
2015-03-30,11.14,8.7
2015-03-31,11.29,8.8
2015-04-01,11.74,8.2
2015-04-02,11.51,7.5
2015-04-03,11.69,7.1
2015-04-04,11.77,7.3
2015-04-05,11.76,7.1
2015-04-06,11.96,6.9
2015-04-07,11.92,6.9
2015-04-08,11.82,7.5
2015-04-09,11.71,8.3
2015-04-10,11.61,9.2
2015-04-11,11.36,10.1
2015-04-12,11.15,10.7
2015-04-13,11.26,11.2
2015-04-14,11.42,11.7
2015-04-15,11.54,12.4
2015-04-16,11.66,12.8
2015-04-17,11.17,12.8
2015-04-18,10.74,12.3
2015-04-19,11.09,11.9
2015-04-20,11.4,11.6
2015-04-21,11.7,12.0
2015-04-22,11.9,12.3
2015-04-23,11.63,12.3
2015-04-24,11.91,12.2
2015-04-25,12.14,12.4
2015-04-26,12.01,12.9
2015-04-27,12.24,13.7
2015-04-28,11.28,14.0
2015-04-29,10.35,13.2
2015-04-30,10.46,12.7
2015-05-01,10.23,12.6
2015-05-02,11.29,11.9
2015-05-03,12.07,11.6
2015-05-04,12.0,12.0
2015-05-05,11.6,12.7
2015-05-06,11.34,13.0
2015-05-07,11.58,13.4
2015-05-08,10.72,13.7
2015-05-09,10.02,14.1
2015-05-10,10.07,14.2
2015-05-11,10.22,14.5
2015-05-12,10.31,14.9
2015-05-13,10.25,15.6
2015-05-14,10.08,16.2
2015-05-15,9.7,15.8
2015-05-16,10.74,14.8
2015-05-17,10.12,14.5
2015-05-18,9.98,14.6
2015-05-19,9.58,15.0
2015-05-20,9.52,14.4
2015-05-21,11.68,13.4
2015-05-22,11.3,12.8
2015-05-23,10.59,12.6
2015-05-24,10.32,12.8
2015-05-25,10.08,13.0
2015-05-26,9.9,13.4
2015-05-27,10.14,13.2
2015-05-28,10.44,13.2
2015-05-29,10.24,13.7
2015-05-30,9.94,14.0
2015-05-31,9.91,14.3
2015-06-01,10.27,15.2
2015-06-02,10.48,16.1
2015-06-03,11.11,17.1
2015-06-04,12.18,18.1
2015-06-05,13.3,18.9
2015-06-06,13.64,19.6
2015-06-07,13.17,20.3
2015-06-08,12.03,20.2
2015-06-09,8.68,18.7
2015-06-10,8.49,17.2
2015-06-11,8.76,16.8
2015-06-12,9.47,17.3
2015-06-13,10.27,18.1
2015-06-14,11.13,18.5
2015-06-15,10.26,18.9
2015-06-16,9.06,18.6
2015-06-17,8.74,17.9
2015-06-18,8.58,17.3
2015-06-19,8.52,16.7
2015-06-20,8.75,16.0
2015-06-21,9.17,15.6
2015-06-22,9.51,15.6
2015-06-23,9.72,15.1
2015-06-24,10.78,14.8
2015-06-25,10.21,15.4
2015-06-26,10.22,16.0
2015-06-27,9.91,16.7
2015-06-28,10.0,17.2
2015-06-29,10.21,17.9
2015-06-30,10.49,18.8
2015-07-01,10.81,19.5
2015-07-02,11.25,20.3
2015-07-03,11.31,21.0
2015-07-04,10.91,21.6
2015-07-05,10.31,22.3
2015-07-06,10.05,22.9
2015-07-07,10.04,23.3
2015-07-08,9.53,23.1
2015-07-09,9.54,21.9
2015-07-10,10.24,21.1
2015-07-11,10.8,20.9
2015-07-12,11.27,21.1
2015-07-13,10.48,20.9
2015-07-14,10.53,20.5
2015-07-15,11.17,20.6
2015-07-16,11.51,21.1
2015-07-17,11.7,21.9
2015-07-18,11.05,22.3
2015-07-19,10.52,22.2
2015-07-20,10.34,22.3
2015-07-21,10.36,22.7
2015-07-22,10.12,23.2
2015-07-23,8.89,23.2
2015-07-24,8.63,23.0
2015-07-25,8.28,22.8
2015-07-26,8.46,22.0
2015-07-27,9.09,21.6
2015-07-28,9.43,21.0
2015-07-29,9.58,20.3
2015-07-30,9.74,19.8
2015-07-31,10.08,19.5
2015-08-01,9.89,19.4
2015-08-02,9.88,19.4
2015-08-03,10.23,19.8
2015-08-04,10.25,20.4
2015-08-05,9.78,20.9
2015-08-06,9.67,21.6
2015-08-07,9.27,22.3
2015-08-08,8.65,22.8
2015-08-09,7.96,23.2
2015-08-10,8.08,23.6
2015-08-11,8.46,23.8
2015-08-12,8.62,24.0
2015-08-13,8.36,23.9
2015-08-14,8.33,23.8
2015-08-15,8.28,23.5
2015-08-16,8.04,22.7
2015-08-17,8.2,21.3
2015-08-18,8.53,20.3
2015-08-19,8.76,19.9
2015-08-20,9.13,19.3
2015-08-21,9.44,18.8
2015-08-22,9.45,18.7
2015-08-23,9.44,18.7
2015-08-24,9.4,19.1
2015-08-25,9.43,19.1
2015-08-26,9.66,19.1
2015-08-27,9.78,19.3
2015-08-28,9.73,19.7
2015-08-29,9.82,20.1
2015-08-30,9.95,20.7
2015-08-31,9.86,21.4
2015-09-01,9.64,21.7
2015-09-02,9.21,21.3
2015-09-03,8.85,20.4
2015-09-04,8.9,19.7
2015-09-05,9.14,19.1
2015-09-06,9.28,18.1
2015-09-07,9.55,17.3
2015-09-08,9.88,16.8
2015-09-09,9.91,16.7
2015-09-10,9.92,16.4
2015-09-11,10.07,16.1
2015-09-12,10.09,16.2
2015-09-13,10.01,16.4
2015-09-14,9.82,16.6
2015-09-15,9.74,16.5
2015-09-16,9.66,16.2
2015-09-17,9.52,16.3
2015-09-18,9.63,16.3
2015-09-19,9.68,16.1
2015-09-20,9.8,16.1
2015-09-21,9.78,15.7
2015-09-22,9.96,15.4
2015-09-23,9.92,15.2
2015-09-24,10.08,14.9
2015-09-25,10.2,14.9
2015-09-26,10.17,14.8
2015-09-27,10.15,14.6
2015-09-28,10.47,14.3
2015-09-29,10.74,13.8
2015-09-30,10.87,13.3
2015-10-01,11.02,12.9
2015-10-02,11.19,12.7
2015-10-03,11.22,13.1
2015-10-04,10.91,13.1
2015-10-05,10.84,13.2
2015-10-06,10.71,13.4
2015-10-07,10.51,13.9
2015-10-08,10.54,13.8
2015-10-09,10.51,14.1
2015-10-10,10.14,14.0
2015-10-11,10.19,13.7
2015-10-12,10.31,13.1
2015-10-13,10.51,12.5
2015-10-14,10.74,12.1
2015-10-15,10.72,11.6
2015-10-16,10.72,11.0
2015-10-17,10.87,10.7
2015-10-18,10.86,10.5
2015-10-19,11.01,10.4
2015-10-20,11.28,10.2
2015-10-21,11.34,10.0
2015-10-22,11.29,10.0
2015-10-23,10.32,10.3
2015-10-24,9.97,10.3
2015-10-25,10.06,10.2
2015-10-26,10.04,10.5
2015-10-27,9.91,10.5
2015-10-28,9.64,10.4
2015-10-29,9.66,10.4
2015-10-30,9.52,10.4
2015-10-31,9.6,10.4
2015-11-01,9.78,10.3
2015-11-02,9.96,10.1
2015-11-03,9.99,9.7
2015-11-04,10.09,9.3
2015-11-05,10.15,9.5
2015-11-06,10.18,9.8
2015-11-07,10.26,10.1
2015-11-08,10.23,10.6
2015-11-09,10.18,10.9
2015-11-10,10.06,11.1
2015-11-11,10.04,11.2
2015-11-12,10.12,11.0
2015-11-13,10.19,10.6
2015-11-14,10.3,10.3
2015-11-15,10.35,10.1
2015-11-16,10.5,9.9
2015-11-17,10.4,9.8
2015-11-18,10.38,10.0
2015-11-19,10.33,10.0
2015-11-20,10.25,10.1
2015-11-21,10.64,9.7
2015-11-22,11.25,8.9
2015-11-23,10.8,7.8
2015-11-24,10.58,7.1
2015-11-25,10.64,6.6
2015-11-26,10.7,6.3
2015-11-27,10.56,6.1
2015-11-28,10.63,5.8
2015-11-29,10.78,5.5
2015-11-30,11.22,5.7
2015-12-01,11.31,6.1
2015-12-02,11.16,6.6
2015-12-03,11.06,6.9
2015-12-04,10.98,6.9
2015-12-05,10.89,6.8
2015-12-06,10.83,6.7
2015-12-07,10.83,6.7
2015-12-08,10.82,6.6
2015-12-09,10.82,6.5
2015-12-10,10.83,6.4
2015-12-11,10.93,6.2
2015-12-12,11.02,6.1
2015-12-13,11.07,5.9
2015-12-14,11.14,5.7
2015-12-15,11.11,5.6
2015-12-16,11.45,5.3
2015-12-17,11.84,5.4
2015-12-18,11.43,5.7
2015-12-19,11.37,6.0
2015-12-20,11.36,6.0
2015-12-21,11.31,5.9
2015-12-22,11.31,5.8
2015-12-23,11.35,5.9
2015-12-24,11.27,6.1
2015-12-25,11.16,6.3
2015-12-26,11.16,6.2
2015-12-27,11.12,6.0
2015-12-28,11.23,5.7
2015-12-29,11.31,5.4
2015-12-30,11.36,5.1
2015-12-31,11.42,4.9
2016-01-01,11.41,4.8
2016-01-02,11.43,4.7
2016-01-03,11.46,4.4
2016-01-04,11.53,3.9
2016-01-05,11.56,3.9
2016-01-06,11.48,4.5
2016-01-07,11.39,4.7
2016-01-08,11.36,4.8
2016-01-09,11.4,4.8
2016-01-10,11.5,5.1
2016-01-11,11.72,5.3
2016-01-12,12.09,5.3
2016-01-13,12.38,5.1
2016-01-14,12.71,4.6
2016-01-15,12.51,4.2
2016-01-16,12.33,3.7
2016-01-17,12.39,3.4
2016-01-18,12.45,2.9
2016-01-19,12.49,2.6
2016-01-20,12.58,2.3
2016-01-21,12.67,2.2
2016-01-22,12.73,1.9
2016-01-23,12.79,1.7
2016-01-24,12.64,2.3
2016-01-25,12.56,2.8
2016-01-26,12.36,3.3
2016-01-27,12.3,3.7
2016-01-28,12.14,4.5
2016-01-29,11.91,5.2
2016-01-30,11.89,5.4
2016-01-31,11.92,5.5
2016-02-01,13.37,5.9
2016-02-02,13.74,6.2
2016-02-03,12.65,6.4
2016-02-04,12.62,6.2
2016-02-05,12.55,5.7
2016-02-06,12.61,5.4
2016-02-07,12.5,5.4
2016-02-08,12.19,5.4
2016-02-09,12.0,5.6
2016-02-10,11.82,5.7
2016-02-11,11.9,5.6
2016-02-12,12.1,5.4
2016-02-13,11.97,5.2
2016-02-14,11.7,5.4
2016-02-15,11.58,5.8
2016-02-16,11.85,5.7
2016-02-17,11.97,5.3
2016-02-18,11.96,5.1
2016-02-19,11.97,5.0
2016-02-20,11.91,4.8
2016-02-21,11.9,5.2
2016-02-22,12.1,5.9
2016-02-23,12.12,6.5
2016-02-24,11.77,6.4
2016-02-25,11.79,6.4
2016-02-26,11.86,6.0
2016-02-27,11.91,5.5
2016-02-28,11.96,5.2
2016-02-29,11.94,5.1
2016-03-01,12.03,4.7
2016-03-02,12.29,4.6
2016-03-03,12.41,4.9
2016-03-04,12.64,5.1
2016-03-05,12.33,5.3
2016-03-06,12.0,5.5
2016-03-07,11.96,5.5
2016-03-08,12.1,5.4
2016-03-09,12.31,5.2
2016-03-10,12.26,5.0
2016-03-11,12.36,5.2
2016-03-12,12.34,5.6
2016-03-13,12.2,6.0
2016-03-14,12.13,6.2
2016-03-15,12.05,6.1
2016-03-16,12.17,5.8
2016-03-17,12.29,5.8
2016-03-18,12.45,6.2
2016-03-19,12.51,6.6
2016-03-20,12.42,7.0
2016-03-21,12.38,7.4
2016-03-22,12.11,7.9
2016-03-23,12.03,8.0
2016-03-24,12.0,8.0
2016-03-25,11.74,7.9
2016-03-26,11.74,7.9
2016-03-27,12.11,8.1
2016-03-28,12.08,8.4
2016-03-29,12.03,8.8
2016-03-30,11.85,9.1
2016-03-31,11.67,9.3
2016-04-01,11.4,9.7
2016-04-02,11.32,9.9
2016-04-03,11.45,10.4
2016-04-04,11.43,10.9
2016-04-05,11.31,11.7
2016-04-06,11.03,12.2
2016-04-07,10.6,12.0
2016-04-08,10.41,11.5
2016-04-09,10.53,11.2
2016-04-10,10.7,11.1
2016-04-11,10.87,11.0
2016-04-12,11.12,11.2
2016-04-13,11.08,11.5
2016-04-14,10.95,11.7
2016-04-15,10.85,11.7
2016-04-16,10.58,11.6
2016-04-17,10.43,11.7
2016-04-18,10.31,11.4
2016-04-19,10.84,10.9
2016-04-20,11.18,10.7
2016-04-21,11.1,11.1
2016-04-22,10.79,11.8
2016-04-23,10.51,12.2
2016-04-24,10.29,11.8
2016-04-25,10.49,11.3
2016-04-26,10.69,10.5
2016-04-27,10.86,9.7
2016-04-28,11.35,9.4
2016-04-29,11.67,9.3
2016-04-30,11.82,10.0
2016-05-01,11.61,10.7
2016-05-02,11.42,11.5
2016-05-03,11.34,12.2
2016-05-04,11.24,12.5
2016-05-05,11.22,12.6
2016-05-06,11.31,12.9
2016-05-07,11.22,13.4
2016-05-08,11.18,14.3
2016-05-09,11.14,15.1
2016-05-10,10.93,15.4
2016-05-11,10.91,15.4
2016-05-12,10.65,15.6
2016-05-13,9.7,15.0
2016-05-14,9.38,14.4
2016-05-15,10.13,13.0
2016-05-16,10.41,11.7
2016-05-17,10.37,11.4
2016-05-18,10.33,11.8
2016-05-19,10.27,12.3
2016-05-20,10.08,12.9
2016-05-21,10.19,14.0
2016-05-22,10.35,14.8
2016-05-23,9.79,15.4
2016-05-24,9.17,14.6
2016-05-25,9.55,13.8
2016-05-26,10.11,13.9
2016-05-27,10.03,14.8
2016-05-28,9.9,15.5
2016-05-29,9.68,16.4
2016-05-30,9.94,16.8
2016-05-31,10.55,16.0
2016-06-01,10.1,15.6
2016-06-02,10.56,15.4
2016-06-03,10.29,14.8
2016-06-04,10.05,15.1
2016-06-05,10.28,15.5
2016-06-06,11.04,15.7
2016-06-07,10.07,16.3
2016-06-08,9.8,16.8
2016-06-09,10.61,16.4
2016-06-10,11.12,15.7
2016-06-11,10.85,15.3
2016-06-12,10.5,15.1
2016-06-13,9.65,15.2
2016-06-14,9.81,15.4
2016-06-15,10.58,15.3
2016-06-16,10.12,15.3
2016-06-17,10.86,14.9
2016-06-18,11.35,14.7
2016-06-19,11.22,14.8
2016-06-20,11.3,14.8
2016-06-21,10.42,15.2
2016-06-22,9.81,16.1
2016-06-23,9.48,17.2
2016-06-24,9.2,18.3
2016-06-25,9.42,19.2
2016-06-26,9.23,18.9
2016-06-27,9.12,18.2
2016-06-28,9.33,18.0
2016-06-29,9.36,18.0
2016-06-30,9.15,18.0
2016-07-01,9.35,18.2
2016-07-02,9.04,18.4
2016-07-03,8.93,17.7
2016-07-04,9.22,17.7
2016-07-05,9.6,18.1
2016-07-06,9.84,18.4
2016-07-07,10.11,18.6
2016-07-08,10.88,19.0
2016-07-09,11.29,19.5
2016-07-10,11.93,20.0
2016-07-11,12.37,20.7
2016-07-12,10.77,20.7
2016-07-13,9.2,19.9
2016-07-14,9.6,18.4
2016-07-15,10.43,16.9
2016-07-16,9.59,16.1
2016-07-17,9.19,16.2
2016-07-18,8.91,16.8
2016-07-19,9.0,17.9
2016-07-20,9.14,19.0
2016-07-21,9.03,19.8
2016-07-22,9.17,20.1
2016-07-23,9.53,20.6
2016-07-24,9.26,20.6
2016-07-25,9.43,20.8
2016-07-26,9.0,20.7
2016-07-27,8.8,20.4
2016-07-28,8.71,20.4
2016-07-29,8.59,20.1
2016-07-30,8.72,20.1
2016-07-31,8.58,20.0
2016-08-01,8.22,19.5
2016-08-02,8.52,19.2
2016-08-03,8.63,19.0
2016-08-04,9.17,19.4
2016-08-05,9.12,19.4
2016-08-06,10.56,18.3
2016-08-07,10.09,17.4
2016-08-08,9.28,17.6
2016-08-09,8.8,17.7
2016-08-10,8.57,17.3
2016-08-11,8.93,17.1
2016-08-12,9.04,16.7
2016-08-13,9.04,16.6
2016-08-14,9.23,17.3
2016-08-15,9.31,18.0
2016-08-16,9.51,18.5
2016-08-17,9.79,18.9
2016-08-18,10.04,19.1
2016-08-19,10.01,19.2
2016-08-20,9.91,19.4
2016-08-21,9.59,19.0
2016-08-22,9.81,18.5
2016-08-23,10.34,18.7
2016-08-24,10.69,19.0
2016-08-25,10.88,19.3
2016-08-26,10.96,19.6
2016-08-27,10.72,20.1
2016-08-28,10.58,20.4
2016-08-29,10.13,20.6
2016-08-30,9.44,20.4
2016-08-31,9.27,20.3
2016-09-01,9.3,20.2
2016-09-02,9.51,20.2
2016-09-03,9.77,20.2
2016-09-04,9.24,20.0
2016-09-05,8.7,19.4
2016-09-06,8.63,18.9
2016-09-07,8.67,18.5
2016-09-08,8.82,18.5
2016-09-09,8.77,18.9
2016-09-10,9.01,19.1
2016-09-11,8.86,19.3
2016-09-12,8.94,19.5
2016-09-13,9.36,19.6
2016-09-14,9.48,19.8
2016-09-15,9.46,19.8
2016-09-16,9.29,19.7
2016-09-17,8.99,19.0
2016-09-18,8.95,18.0
2016-09-19,8.99,17.2
2016-09-20,9.46,16.3
2016-09-21,9.73,15.7
2016-09-22,9.92,15.4
2016-09-23,9.95,15.3
2016-09-24,9.94,15.2
2016-09-25,10.01,15.2
2016-09-26,10.05,15.3
2016-09-27,10.01,15.5
2016-09-28,10.01,15.6
2016-09-29,10.08,15.7
2016-09-30,10.02,15.9
2016-10-01,9.99,16.2
2016-10-02,9.8,16.1
2016-10-03,9.77,15.6
2016-10-04,9.82,14.8
2016-10-05,10.0,14.1
2016-10-06,10.17,13.5
2016-10-07,10.13,13.1
2016-10-08,10.22,12.8
2016-10-09,10.36,12.4
2016-10-10,10.49,12.0
2016-10-11,10.58,11.9
2016-10-12,10.63,11.6
2016-10-13,10.68,11.2
2016-10-14,10.71,10.9
2016-10-15,10.85,11.0
2016-10-16,10.85,11.2
2016-10-17,10.72,11.3
2016-10-18,10.59,11.5
2016-10-19,10.54,11.7
2016-10-20,10.54,11.7
2016-10-21,10.44,11.6
2016-10-22,10.51,11.3
2016-10-23,10.65,10.9
2016-10-24,11.03,10.9
2016-10-25,11.2,11.0
2016-10-26,11.16,11.1
2016-10-27,11.24,11.2
2016-10-28,11.31,11.0
2016-10-29,11.32,11.0
2016-10-30,11.27,10.8
2016-10-31,11.28,10.6
2016-11-01,11.27,10.3
2016-11-02,11.19,9.9
2016-11-03,11.28,9.5
2016-11-04,11.51,9.1
2016-11-05,11.57,8.8
2016-11-06,11.49,8.8
2016-11-07,11.62,8.5
2016-11-08,11.76,8.1
2016-11-09,11.89,7.8
2016-11-10,11.86,7.7
2016-11-11,11.98,7.5
2016-11-12,12.33,7.2
2016-11-13,12.5,6.8
2016-11-14,12.72,6.1
2016-11-15,12.88,5.7
2016-11-16,12.72,6.0
2016-11-17,12.54,6.6
2016-11-18,12.37,7.1
2016-11-19,12.2,7.5
2016-11-20,12.34,7.3
2016-11-21,12.56,7.2
2016-11-22,12.61,7.1
2016-11-23,12.62,7.0
2016-11-24,12.55,7.3
2016-11-25,12.42,7.4
2016-11-26,12.33,7.6
2016-11-27,12.25,7.6
2016-11-28,12.29,7.3
2016-11-29,12.62,6.3
2016-11-30,12.97,5.5
2016-12-01,13.17,5.1
2016-12-02,12.42,5.0
2016-12-03,12.08,4.8
2016-12-04,12.16,4.3
2016-12-05,12.28,4.0
2016-12-06,12.27,3.9
2016-12-07,12.23,4.0
2016-12-08,12.24,4.1
2016-12-09,12.38,4.0
2016-12-10,12.4,4.1
2016-12-11,12.37,4.0
2016-12-12,12.34,4.1
2016-12-13,12.21,4.3
2016-12-14,12.14,4.5
2016-12-15,11.82,4.7
2016-12-16,11.66,4.7
2016-12-17,11.62,4.5
2016-12-18,11.58,4.5
2016-12-19,11.57,4.5
2016-12-20,11.66,4.2
2016-12-21,11.7,4.0
2016-12-22,11.63,4.0
2016-12-23,11.64,4.1
2016-12-24,11.77,4.2
2016-12-25,11.8,4.6
2016-12-26,11.77,5.0
2016-12-27,11.75,5.1
2016-12-28,11.74,5.0
2016-12-29,11.78,4.8
2016-12-30,11.96,4.5
2016-12-31,11.86,4.0
2017-01-01,11.84,3.8
2017-01-02,11.98,3.4
2017-01-03,12.09,3.2
2017-01-04,12.26,2.9
2017-01-05,12.36,2.5
2017-01-06,12.45,1.9
2017-01-07,12.63,1.3
2017-01-08,12.75,1.1
2017-01-09,12.76,1.3
2017-01-10,12.79,1.5
2017-01-11,12.76,1.5
2017-01-12,12.63,1.9
2017-01-13,12.6,2.2
2017-01-14,12.52,2.2
2017-01-15,12.46,2.2
2017-01-16,12.32,2.2
2017-01-17,12.4,1.9
2017-01-18,12.64,1.5
2017-01-19,12.92,0.8
2017-01-20,12.99,0.5
2017-01-21,13.2,0.4
2017-01-22,13.23,0.2
2017-01-23,13.21,0.1
2017-01-24,13.05,0.1
2017-01-25,13.0,0.0
2017-01-26,13.01,0.1
2017-01-27,13.02,0.2
2017-01-28,13.0,0.2
2017-01-29,13.06,0.2
2017-01-30,13.03,0.3
2017-01-31,12.96,0.5
2017-02-01,12.85,0.8
2017-02-02,13.15,1.7
2017-02-03,12.97,2.3
2017-02-04,12.68,2.4
2017-02-05,12.27,2.7
2017-02-06,12.06,3.1
2017-02-07,11.92,3.4
2017-02-08,11.84,3.5
2017-02-09,11.81,3.4
2017-02-10,11.84,3.3
2017-02-11,11.76,3.2
2017-02-12,11.87,3.2
2017-02-13,11.99,3.1
2017-02-14,12.09,3.1
2017-02-15,12.13,3.2
2017-02-16,12.21,3.3
2017-02-17,12.29,3.6
2017-02-18,12.17,4.0
2017-02-19,12.04,4.3
2017-02-20,11.82,4.6
2017-02-21,11.71,5.2
2017-02-22,11.51,5.8
2017-02-23,11.37,6.4
2017-02-24,11.36,6.5
2017-02-25,11.45,6.1
2017-02-26,11.43,6.1
2017-02-27,11.4,6.0
2017-02-28,11.36,6.0
2017-03-01,11.34,5.9
2017-03-02,11.4,6.1
2017-03-03,11.55,6.1
2017-03-04,11.68,6.1
2017-03-05,11.71,6.4
2017-03-06,11.51,6.5
2017-03-07,11.28,6.6
2017-03-08,11.35,6.6
2017-03-09,11.44,6.8
2017-03-10,12.58,6.9
2017-03-11,12.36,6.6
2017-03-12,11.76,6.6
2017-03-13,11.57,6.8
2017-03-14,11.4,7.1
2017-03-15,11.41,7.3
2017-03-16,11.36,7.6
2017-03-17,11.23,8.0
2017-03-18,10.91,8.4
2017-03-19,10.65,8.6
2017-03-20,11.16,9.2
2017-03-21,10.95,9.2
2017-03-22,10.68,8.9
2017-03-23,10.6,8.8
2017-03-24,10.62,8.9
2017-03-25,10.63,9.2
2017-03-26,10.74,9.4
2017-03-27,10.83,9.5
2017-03-28,10.98,9.7
2017-03-29,11.1,10.3
2017-03-30,11.32,10.7
2017-03-31,11.63,11.4
2017-04-01,11.93,11.8
2017-04-02,12.18,12.3
2017-04-03,12.16,12.6
2017-04-04,11.8,12.5
2017-04-05,11.94,12.3
2017-04-06,11.83,12.0
2017-04-07,11.89,11.4
2017-04-08,12.05,11.7
2017-04-09,12.7,12.1
2017-04-10,13.06,12.7
2017-04-11,13.36,12.9
2017-04-12,13.45,12.8
2017-04-13,13.05,12.7
2017-04-14,12.97,12.4
2017-04-15,13.37,12.6
2017-04-16,13.1,12.4
2017-04-17,12.53,11.6
2017-04-18,12.02,11.0
2017-04-19,11.52,10.1
2017-04-20,11.52,9.4
2017-04-21,11.81,9.3
2017-04-22,11.78,9.3
2017-04-23,11.83,9.0
2017-04-24,12.47,9.2
2017-04-25,12.6,9.9
2017-04-26,12.0,9.9
2017-04-27,11.14,9.4
2017-04-28,10.89,8.7
2017-04-29,11.46,8.3
2017-04-30,11.99,8.7
2017-05-01,11.73,9.5
2017-05-02,11.39,9.5
2017-05-03,10.96,9.8
2017-05-04,10.44,10.3
2017-05-05,10.27,11.1
2017-05-06,10.17,11.4
2017-05-07,10.07,12.1
2017-05-08,9.87,12.1
2017-05-09,11.55,11.4
2017-05-10,11.02,10.9
2017-05-11,10.51,11.5
2017-05-12,10.09,12.6
2017-05-13,9.91,13.4
2017-05-14,9.93,14.0
2017-05-15,9.92,14.6
2017-05-16,10.12,15.0
2017-05-17,10.36,15.6
2017-05-18,10.34,16.2
2017-05-19,10.18,16.8
2017-05-20,10.1,16.3
2017-05-21,10.52,15.7
2017-05-22,11.44,15.7
2017-05-23,12.43,15.9
2017-05-24,12.81,16.3
2017-05-25,13.15,16.3
2017-05-26,13.41,16.6
2017-05-27,13.57,17.5
2017-05-28,13.62,18.2
2017-05-29,13.18,19.1
2017-05-30,11.99,19.9
2017-05-31,10.44,20.6
2017-06-01,9.92,20.8
2017-06-02,9.89,20.9
2017-06-03,9.63,21.0
2017-06-04,8.89,20.4
2017-06-05,8.68,19.4
2017-06-06,8.46,18.5
2017-06-07,8.6,17.2
2017-06-08,9.18,16.5
2017-06-09,9.52,16.7
2017-06-10,9.7,17.1
2017-06-11,10.12,17.7
2017-06-12,10.28,18.5
2017-06-13,10.64,18.9
2017-06-14,11.24,19.5
2017-06-15,12.1,20.1
2017-06-16,11.77,20.6
2017-06-17,11.21,20.4
2017-06-18,11.76,20.4
2017-06-19,11.87,20.6
2017-06-20,11.71,21.2
2017-06-21,10.81,21.7
2017-06-22,10.52,22.2
2017-06-23,10.14,22.7
2017-06-24,9.32,22.7
2017-06-25,8.39,22.5
2017-06-26,8.7,22.4
2017-06-27,9.05,22.6
2017-06-28,8.66,22.6
2017-06-29,8.16,22.1
2017-06-30,8.21,21.4
2017-07-01,8.39,21.0
2017-07-02,8.24,20.2
2017-07-03,8.35,19.8
2017-07-04,8.92,19.8
2017-07-05,9.31,20.2
2017-07-06,9.77,20.9
2017-07-07,9.83,21.3
2017-07-08,9.51,21.6
2017-07-09,9.35,21.8
2017-07-10,9.03,21.8
2017-07-11,8.84,21.8
2017-07-12,8.48,21.5
2017-07-13,8.59,21.0
2017-07-14,8.8,20.9
2017-07-15,8.78,20.4
2017-07-16,9.01,20.0
2017-07-17,9.15,20.5
2017-07-18,9.25,20.9
2017-07-19,9.76,21.7
2017-07-20,9.48,22.0
2017-07-21,9.1,21.8
2017-07-22,9.27,22.0
2017-07-23,8.77,22.0
2017-07-24,8.57,21.3
2017-07-25,8.54,19.9
2017-07-26,9.09,18.4
2017-07-27,10.71,16.3
2017-07-28,10.84,15.6
2017-07-29,10.06,16.4
2017-07-30,9.05,17.3
2017-07-31,8.57,18.3
2017-08-01,8.58,19.2
2017-08-02,8.49,20.2
2017-08-03,8.47,20.7
2017-08-04,8.39,20.8
2017-08-05,8.58,21.0
2017-08-06,8.75,21.2
2017-08-07,9.1,20.8
2017-08-08,9.73,20.5
2017-08-09,9.73,20.5
2017-08-10,9.17,19.9
2017-08-11,8.47,18.6
2017-08-12,8.8,17.6
2017-08-13,9.04,17.3
2017-08-14,9.14,17.5
2017-08-15,9.04,18.2
2017-08-16,8.92,18.8
2017-08-17,8.93,19.4
2017-08-18,8.92,20.0
2017-08-19,8.84,20.2
2017-08-20,8.87,19.7
2017-08-21,9.02,19.3
2017-08-22,9.43,19.1
2017-08-23,9.62,19.0
2017-08-24,9.69,19.3
2017-08-25,9.64,19.7
2017-08-26,9.58,20.1
2017-08-27,9.52,20.5
2017-08-28,9.24,20.6
2017-08-29,9.44,20.8
2017-08-30,9.53,20.7
2017-08-31,9.03,20.7
2017-09-01,8.28,19.8
2017-09-02,9.86,18.0
2017-09-03,10.6,16.6
2017-09-04,10.35,15.5
2017-09-05,9.62,15.3
2017-09-06,9.42,15.8
2017-09-07,9.42,16.1
2017-09-08,9.39,16.1
2017-09-09,9.19,15.9
2017-09-10,9.11,15.4
2017-09-11,9.22,15.1
2017-09-12,9.36,14.8
2017-09-13,9.47,14.5
2017-09-14,9.39,14.2
2017-09-15,9.56,13.8
2017-09-16,9.85,13.6
2017-09-17,9.89,13.5
2017-09-18,9.86,13.5
2017-09-19,9.76,13.5
2017-09-20,9.75,13.3
2017-09-21,9.82,13.4
2017-09-22,10.16,13.5
2017-09-23,10.34,13.6
2017-09-24,10.33,13.9
2017-09-25,10.37,14.0
2017-09-26,10.44,14.1
2017-09-27,10.58,14.4
2017-09-28,10.55,14.6
2017-09-29,10.46,14.8
2017-09-30,10.1,14.8
2017-10-01,10.07,15.0
2017-10-02,10.12,14.7
2017-10-03,9.72,14.6
2017-10-04,9.94,14.1
2017-10-05,10.14,13.7
2017-10-06,9.96,13.3
2017-10-07,10.4,12.8
2017-10-08,10.29,12.4
2017-10-09,10.23,12.2
2017-10-10,10.3,12.1
2017-10-11,10.41,12.1
2017-10-12,10.47,12.2
2017-10-13,10.23,12.3
2017-10-14,10.03,12.4
2017-10-15,9.91,12.6
2017-10-16,9.86,12.8
2017-10-17,9.76,12.9
2017-10-18,9.59,13.0
2017-10-19,9.56,13.0
2017-10-20,9.49,12.9
2017-10-21,9.54,13.1
2017-10-22,9.5,13.2
2017-10-23,9.35,12.7
2017-10-24,9.43,12.4
2017-10-25,9.62,12.3
2017-10-26,9.72,12.3
2017-10-27,9.52,12.1
2017-10-28,9.64,11.7
2017-10-29,9.87,11.0
2017-10-30,9.99,10.2
2017-10-31,10.64,9.6
2017-11-01,10.71,9.2
2017-11-02,10.69,9.0
2017-11-03,10.59,9.1
2017-11-04,10.48,9.1
2017-11-05,10.22,9.1
2017-11-06,10.0,9.0
2017-11-07,10.34,9.0
2017-11-08,10.27,8.9
2017-11-09,10.26,8.8
2017-11-10,10.4,8.7
2017-11-11,10.31,8.3
2017-11-12,10.55,8.1
2017-11-13,12.53,7.8
2017-11-14,12.18,7.2
2017-11-15,11.97,6.8
2017-11-16,11.95,6.4
2017-11-17,11.66,6.3
2017-11-18,11.53,6.3
2017-11-19,11.35,6.2
2017-11-20,11.31,6.1
2017-11-21,11.31,6.1
2017-11-22,11.37,6.1
2017-11-23,11.5,6.1
2017-11-24,11.37,6.2
2017-11-25,11.2,6.5
2017-11-26,11.08,6.6
2017-11-27,11.26,6.3
2017-11-28,11.35,6.1
2017-11-29,11.32,5.9
2017-11-30,11.41,5.7
2017-12-01,11.44,5.3
2017-12-02,11.51,4.9
2017-12-03,11.54,4.6
2017-12-04,11.66,4.2
2017-12-05,11.81,4.2
2017-12-06,11.8,4.5
2017-12-07,11.92,4.5
2017-12-08,11.86,4.5
2017-12-09,11.8,4.2
2017-12-10,11.89,3.7
2017-12-11,11.86,3.4
2017-12-12,12.53,3.4
2017-12-13,12.73,3.5
2017-12-14,12.71,3.7
2017-12-15,12.39,3.7
2017-12-16,12.38,4.0
2017-12-17,12.38,3.9
2017-12-18,12.26,3.8
2017-12-19,12.28,3.8
2017-12-20,12.42,3.9
2017-12-21,12.19,4.2
2017-12-22,12.09,4.5
2017-12-23,11.97,5.0
2017-12-24,12.03,5.5
2017-12-25,12.15,5.5
2017-12-26,12.06,5.2
2017-12-27,11.92,4.8
2017-12-28,11.75,4.4
2017-12-29,11.79,4.1
2017-12-30,11.83,3.8
2017-12-31,12.09,4.3
2018-01-01,12.75,5.0
2018-01-02,12.37,5.0
2018-01-03,12.15,5.0
2018-01-04,13.35,5.0
2018-01-05,13.81,5.5
2018-01-06,13.42,6.0
2018-01-07,13.55,6.3
2018-01-08,13.63,6.3
2018-01-09,13.17,6.2
2018-01-10,12.23,6.0
2018-01-11,12.06,5.9
2018-01-12,12.0,5.8
2018-01-13,11.96,5.7
2018-01-14,11.85,5.5
2018-01-15,11.86,5.2
2018-01-16,11.91,5.1
2018-01-17,11.99,5.0
2018-01-18,12.51,4.8
2018-01-19,13.87,4.6
2018-01-20,14.31,4.4
2018-01-21,14.23,4.1
2018-01-22,14.37,3.9
2018-01-23,14.48,4.3
2018-01-24,14.08,4.7
2018-01-25,14.13,5.2
2018-01-26,13.95,5.5
2018-01-27,13.57,5.8
2018-01-28,12.62,6.2
2018-01-29,12.27,6.6
2018-01-30,12.21,6.7
2018-01-31,12.14,6.6
2018-02-01,11.88,6.7
2018-02-02,11.85,6.3
2018-02-03,11.93,5.9
2018-02-04,11.91,5.5
2018-02-05,11.98,5.1
2018-02-06,12.04,4.6
2018-02-07,12.15,4.2
2018-02-08,12.08,4.2
2018-02-09,12.09,4.1
2018-02-10,12.08,4.3
2018-02-11,11.93,4.5
2018-02-12,11.87,4.6
2018-02-13,11.94,4.5
2018-02-14,12.11,4.3
2018-02-15,12.31,3.9
2018-02-16,12.28,3.8
2018-02-17,12.92,4.1
2018-02-18,13.0,3.8
2018-02-19,13.15,3.3
2018-02-20,12.9,3.3
2018-02-21,12.71,3.6
2018-02-22,12.69,3.7
2018-02-23,12.61,3.5
2018-02-24,12.84,3.0
2018-02-25,13.16,2.1
2018-02-26,13.34,1.4
2018-02-27,13.45,0.9
2018-02-28,13.49,0.6
2018-03-01,13.63,0.3
2018-03-02,13.5,0.5
2018-03-03,13.28,1.2
2018-03-04,13.08,2.0
2018-03-05,12.83,2.9
2018-03-06,12.42,3.6
2018-03-07,12.07,4.4
2018-03-08,11.98,5.1
2018-03-09,11.98,5.6
2018-03-10,11.88,6.0
2018-03-11,11.67,6.4
2018-03-12,11.72,6.9
2018-03-13,11.58,7.3
2018-03-14,11.58,7.4
2018-03-15,11.81,7.3
2018-03-16,11.72,7.4
2018-03-17,11.63,7.4
2018-03-18,11.42,6.2
2018-03-19,11.73,5.3
2018-03-20,12.31,4.9
2018-03-21,12.56,5.1
2018-03-22,12.9,5.1
2018-03-23,12.64,5.2
2018-03-24,12.52,5.4
2018-03-25,12.77,5.8
2018-03-26,12.8,6.5
2018-03-27,12.65,7.0
2018-03-28,12.78,7.7
2018-03-29,12.52,8.1
2018-03-30,12.42,8.5
2018-03-31,12.01,8.7
2018-04-01,11.79,8.5
2018-04-02,11.7,8.5
2018-04-03,11.94,9.1
2018-04-04,11.96,9.9
2018-04-05,11.61,10.3
2018-04-06,11.36,10.3
2018-04-07,11.56,10.3
2018-04-08,11.83,10.8
2018-04-09,11.84,11.4
2018-04-10,11.38,11.6
2018-04-11,11.15,12.1
2018-04-12,10.88,12.7
2018-04-13,10.58,12.9
2018-04-14,10.63,12.4
2018-04-15,10.93,12.5
2018-04-16,11.02,12.6
2018-04-17,11.0,12.7
2018-04-18,11.18,13.3
2018-04-19,11.2,13.8
2018-04-20,11.15,14.3
2018-04-21,11.11,14.8
2018-04-22,10.73,15.1
2018-04-23,10.19,15.2
2018-04-24,9.86,15.0
2018-04-25,9.97,14.8
2018-04-26,9.82,14.5
2018-04-27,9.77,13.9
2018-04-28,9.91,14.1
2018-04-29,9.9,14.5
2018-04-30,10.15,14.7
2018-05-01,10.15,14.6
2018-05-02,10.42,14.1
2018-05-03,11.08,14.1
2018-05-04,11.81,14.4
2018-05-05,11.79,14.8
2018-05-06,11.52,15.1
2018-05-07,11.39,15.5
2018-05-08,11.07,15.7
2018-05-09,11.01,16.0
2018-05-10,10.99,16.1
2018-05-11,10.71,15.8
2018-05-12,11.28,16.2
2018-05-13,11.61,16.8
2018-05-14,10.27,16.8
2018-05-15,9.36,16.3
2018-05-16,9.61,15.6
2018-05-17,9.43,14.5
2018-05-18,9.16,14.2
2018-05-19,8.96,14.3
2018-05-20,8.99,14.7
2018-05-21,9.28,14.9
2018-05-22,9.38,15.9
2018-05-23,9.22,16.5
2018-05-24,8.97,16.7
2018-05-25,9.06,17.0
2018-05-26,8.76,17.4
2018-05-27,8.66,17.8
2018-05-28,9.19,18.3
2018-05-29,9.85,19.1
2018-05-30,10.09,19.4
2018-05-31,10.39,20.0
2018-06-01,9.72,20.2
2018-06-02,9.11,20.1
2018-06-03,9.52,20.3
2018-06-04,9.58,20.5
2018-06-05,9.29,20.7
2018-06-06,9.43,20.9
2018-06-07,9.58,21.0
2018-06-08,9.22,21.2
2018-06-09,9.12,21.3
2018-06-10,9.15,21.3
2018-06-11,8.86,21.1
2018-06-12,8.25,21.0
2018-06-13,7.87,20.1
2018-06-14,9.71,18.0
2018-06-15,9.07,17.3
2018-06-16,8.56,17.4
2018-06-17,8.27,18.0
2018-06-18,8.28,18.5
2018-06-19,8.44,18.7
2018-06-20,8.52,19.2
2018-06-21,8.8,20.0
2018-06-22,8.94,19.7
2018-06-23,9.49,18.8
2018-06-24,10.29,18.8
2018-06-25,10.56,18.7
2018-06-26,10.94,18.8
2018-06-27,11.16,18.6
2018-06-28,10.69,18.3
2018-06-29,9.94,18.2
2018-06-30,10.2,18.9
2018-07-01,10.59,19.3
2018-07-02,11.15,19.6
2018-07-03,11.36,20.1
2018-07-04,10.7,20.6
2018-07-05,10.23,20.9
2018-07-06,9.5,20.9
2018-07-07,9.23,20.7
2018-07-08,9.56,20.8
2018-07-09,9.91,20.9
2018-07-10,9.82,20.9
2018-07-11,9.6,20.3
2018-07-12,9.41,19.8
2018-07-13,9.33,20.1
2018-07-14,9.66,20.4
2018-07-15,9.86,20.7
2018-07-16,9.89,20.8
2018-07-17,9.65,21.1
2018-07-18,9.29,21.2
2018-07-19,8.86,21.5
2018-07-20,8.64,21.8
2018-07-21,8.18,21.8
2018-07-22,7.41,21.3
2018-07-23,7.16,21.2
2018-07-24,7.14,21.5
2018-07-25,7.31,22.0
2018-07-26,8.08,22.5
2018-07-27,8.59,23.1
2018-07-28,8.93,23.3
2018-07-29,9.2,23.5
2018-07-30,9.52,23.7
2018-07-31,9.55,24.1
2018-08-01,9.03,24.3
2018-08-02,8.58,24.4
2018-08-03,8.15,24.4
2018-08-04,8.49,24.8
2018-08-05,8.52,25.0
2018-08-06,7.99,24.5
2018-08-07,8.29,24.6
2018-08-08,8.15,24.4
2018-08-09,7.97,24.2
2018-08-10,7.37,23.6
2018-08-11,7.17,23.0
2018-08-12,7.43,22.6
2018-08-13,7.92,22.5
2018-08-14,7.86,22.4
2018-08-15,7.8,22.0
2018-08-16,7.93,22.1
2018-08-17,8.25,22.4
2018-08-18,8.38,22.5
2018-08-19,8.15,22.6
2018-08-20,8.22,22.8
2018-08-21,8.58,23.0
2018-08-22,8.61,23.1
2018-08-23,8.59,23.2
2018-08-24,8.04,22.8
2018-08-25,6.81,21.5
2018-08-26,6.69,20.5
2018-08-27,7.33,20.0
2018-08-28,7.96,20.2
2018-08-29,8.29,20.4
2018-08-30,8.56,20.4
2018-08-31,8.48,19.9
2018-09-01,7.86,19.1
2018-09-02,7.69,18.3
2018-09-03,7.36,17.9
2018-09-04,7.52,17.7
2018-09-05,7.78,17.7
2018-09-06,8.14,18.0
2018-09-07,8.48,18.4
2018-09-08,8.48,18.4
2018-09-09,8.64,18.3
2018-09-10,8.96,18.5
2018-09-11,9.23,18.7
2018-09-12,9.11,18.9
2018-09-13,9.19,19.2
2018-09-14,8.87,19.3
2018-09-15,8.78,19.4
2018-09-16,8.73,19.2
2018-09-17,8.72,19.1
2018-09-18,8.86,19.3
2018-09-19,8.9,19.5
2018-09-20,8.64,19.5
2018-09-21,8.47,19.4
2018-09-22,8.39,19.1
2018-09-23,8.3,18.6
2018-09-24,8.33,17.9
2018-09-25,8.5,16.9
2018-09-26,8.55,16.2
2018-09-27,8.59,15.8
2018-09-28,8.85,15.7
2018-09-29,9.17,15.6
2018-09-30,9.52,15.2
2018-10-01,9.63,14.9
2018-10-02,9.46,14.4
2018-10-03,9.18,13.8
2018-10-04,8.91,13.7
2018-10-05,9.2,13.5
2018-10-06,9.4,13.6
2018-10-07,9.54,13.9
2018-10-08,9.46,14.2
2018-10-09,9.32,14.2
2018-10-10,9.03,14.1
2018-10-11,8.95,14.1
2018-10-12,8.96,14.3
2018-10-13,9.01,14.5
2018-10-14,9.11,14.7
2018-10-15,9.13,14.7
2018-10-16,9.14,14.7
2018-10-17,9.21,14.5
2018-10-18,9.36,14.4
2018-10-19,9.4,14.2
2018-10-20,9.28,14.0
2018-10-21,9.3,13.8
2018-10-22,9.38,13.3
2018-10-23,9.42,12.9
2018-10-24,9.39,12.5
2018-10-25,9.27,12.3
2018-10-26,9.08,12.3
2018-10-27,8.88,12.1
2018-10-28,8.89,11.2
2018-10-29,8.88,10.4
2018-10-30,8.86,9.9
2018-10-31,8.95,9.4
2018-11-01,9.15,9.0
2018-11-02,9.25,9.1
2018-11-03,9.44,9.3
2018-11-04,9.43,9.5
2018-11-05,9.34,9.9
2018-11-06,9.34,10.0
2018-11-07,9.41,10.0
2018-11-08,9.43,10.0
2018-11-09,9.39,10.1
2018-11-10,9.24,10.2
2018-11-11,9.1,10.2
2018-11-12,9.15,10.1
2018-11-13,9.14,10.1
2018-11-14,9.13,9.9
2018-11-15,9.08,9.7
2018-11-16,9.27,9.2
2018-11-17,9.62,8.5
2018-11-18,9.98,7.8
2018-11-19,10.27,7.2
2018-11-20,10.41,6.6
2018-11-21,10.52,6.2
2018-11-22,10.43,6.0
2018-11-23,10.34,6.1
2018-11-24,10.37,6.1
2018-11-25,10.4,6.2
2018-11-26,10.43,6.1
2018-11-27,10.32,6.1
2018-11-28,10.36,6.0
2018-11-29,10.62,5.7
2018-11-30,10.77,5.4
2018-12-01,10.93,5.4
2018-12-02,10.73,5.7
2018-12-03,10.64,6.4
2018-12-04,10.52,7.2
2018-12-05,10.43,7.1
2018-12-06,10.26,7.1
2018-12-07,10.25,7.4
2018-12-08,10.45,7.4
2018-12-09,10.49,7.2
2018-12-10,10.75,7.0
2018-12-11,10.8,6.6
2018-12-12,10.8,6.1
2018-12-13,10.79,5.6
2018-12-14,10.76,4.8
2018-12-15,10.8,4.4
2018-12-16,10.81,3.9
2018-12-17,10.85,3.8
2018-12-18,10.92,4.0
2018-12-19,11.04,4.1
2018-12-20,11.1,4.1
2018-12-21,11.13,4.4
2018-12-22,11.2,5.0
2018-12-23,11.25,5.5
2018-12-24,12.19,5.9
2018-12-25,13.59,5.9
2018-12-26,12.79,5.3
2018-12-27,11.98,4.5
2018-12-28,11.75,4.2
2018-12-29,11.64,4.0
2018-12-30,11.62,4.0
2018-12-31,11.58,4.2
2019-01-01,11.44,4.6
2019-01-02,11.41,4.6
2019-01-03,11.61,4.1
2019-01-04,11.89,3.8
2019-01-05,11.71,3.6
2019-01-06,11.65,3.5
2019-01-07,11.71,3.6
2019-01-08,11.78,3.6
2019-01-09,11.73,3.6
2019-01-10,11.7,3.3
2019-01-11,11.8,3.1
2019-01-12,11.9,2.8
2019-01-13,11.91,2.8
2019-01-14,12.15,3.1
2019-01-15,13.53,3.3
2019-01-16,13.23,3.2
2019-01-17,12.34,3.5
2019-01-18,12.06,3.5
2019-01-19,12.1,3.2
2019-01-20,12.2,2.8
2019-01-21,12.3,2.4
2019-01-22,12.39,2.3
2019-01-23,12.27,2.2
2019-01-24,12.19,2.2
2019-01-25,12.25,2.2
2019-01-26,12.32,2.3
2019-01-27,12.23,2.6
2019-01-28,12.18,3.0
2019-01-29,12.1,3.1
2019-01-30,12.22,2.9
2019-01-31,12.27,2.7
2019-02-01,12.36,2.7
2019-02-02,12.29,2.9
2019-02-03,12.07,3.2
2019-02-04,12.04,3.2
2019-02-05,12.14,3.1
2019-02-06,12.25,3.0
2019-02-07,12.32,2.9
2019-02-08,12.4,3.1
2019-02-09,12.43,3.4
2019-02-10,12.41,3.8
2019-02-11,12.24,4.0
2019-02-12,12.21,4.2
2019-02-13,12.16,4.1
2019-02-14,12.26,4.0
2019-02-15,12.29,4.1
2019-02-16,12.22,4.3
2019-02-17,12.15,4.4
2019-02-18,12.15,4.6
2019-02-19,12.12,4.7
2019-02-20,12.05,5.0
2019-02-21,12.05,5.3
2019-02-22,11.94,5.8
2019-02-23,11.89,5.9
2019-02-24,12.02,5.6
2019-02-25,12.18,5.5
2019-02-26,12.31,5.6
2019-02-27,12.28,5.8
2019-02-28,12.16,6.2
2019-03-01,11.85,6.7
2019-03-02,11.52,6.9
2019-03-03,11.68,7.1
2019-03-04,11.71,7.1
2019-03-05,11.46,6.8
2019-03-06,11.41,6.7
2019-03-07,11.46,6.8
2019-03-08,11.43,6.8
2019-03-09,11.57,6.9
2019-03-10,11.57,7.1
2019-03-11,11.45,6.9
2019-03-12,11.87,6.7
2019-03-13,11.82,6.6
2019-03-14,11.56,6.4
2019-03-15,11.56,6.1
2019-03-16,12.84,6.5
2019-03-17,12.64,7.0
2019-03-18,12.21,7.2
2019-03-19,12.08,7.1
2019-03-20,11.96,7.0
2019-03-21,11.82,7.2
2019-03-22,11.58,7.4
2019-03-23,11.35,7.9
2019-03-24,11.15,8.4
2019-03-25,10.94,8.8
2019-03-26,10.87,8.6
2019-03-27,10.86,8.6
2019-03-28,10.96,8.8
2019-03-29,11.02,9.2
2019-03-30,11.05,9.7
2019-03-31,11.07,10.1
2019-04-01,11.06,10.4
2019-04-02,10.97,10.8
2019-04-03,11.03,11.3
2019-04-04,10.87,11.4
2019-04-05,10.66,11.0
2019-04-06,10.69,10.6
2019-04-07,10.84,10.7
2019-04-08,11.07,10.9
2019-04-09,11.1,11.1
2019-04-10,10.99,11.2
2019-04-11,10.91,11.0
2019-04-12,10.92,10.2
2019-04-13,11.13,9.9
2019-04-14,11.38,9.8
2019-04-15,11.51,10.0
2019-04-16,11.69,10.5
2019-04-17,11.91,11.0
2019-04-18,11.91,11.6
2019-04-19,11.91,12.1
2019-04-20,12.0,12.8
2019-04-21,11.9,13.4
2019-04-22,11.69,13.8
2019-04-23,11.3,13.9
2019-04-24,11.08,14.1
2019-04-25,11.19,14.6
2019-04-26,10.75,14.4
2019-04-27,10.14,13.6
2019-04-28,10.55,13.0
2019-04-29,10.72,12.5
2019-04-30,10.84,12.2
2019-05-01,11.05,12.3
2019-05-02,11.25,12.5
2019-05-03,11.21,12.9
2019-05-04,10.79,12.5
2019-05-05,10.76,11.8
2019-05-06,11.14,11.3
2019-05-07,11.35,11.0
2019-05-08,11.64,11.1
2019-05-09,11.66,11.4
2019-05-10,11.5,11.7
2019-05-11,11.27,12.1
2019-05-12,10.89,12.4
2019-05-13,10.94,12.1
2019-05-14,10.63,12.3
2019-05-15,10.21,12.0
2019-05-16,10.32,11.7
2019-05-17,10.69,11.9
2019-05-18,10.97,12.8
2019-05-19,11.23,13.8
2019-05-20,10.91,14.5
2019-05-21,10.67,13.9
2019-05-22,11.54,11.7
2019-05-23,11.6,11.4
2019-05-24,11.61,12.5
2019-05-25,10.96,13.5
2019-05-26,10.46,14.0
2019-05-27,10.03,14.5
2019-05-28,9.78,14.2
2019-05-29,11.57,13.4
2019-05-30,11.34,12.7
2019-05-31,10.57,13.0
2019-06-01,10.16,13.6
2019-06-02,10.04,14.9
2019-06-03,9.89,16.0
2019-06-04,10.08,16.9
2019-06-05,10.48,17.5
2019-06-06,10.3,17.5
2019-06-07,10.32,17.0
2019-06-08,9.95,16.7
2019-06-09,10.31,16.4
2019-06-10,10.31,16.4
2019-06-11,10.2,16.6
2019-06-12,9.9,16.3
2019-06-13,9.76,15.9
2019-06-14,10.01,16.7
2019-06-15,10.25,17.5
2019-06-16,10.12,17.7
2019-06-17,9.78,17.7
2019-06-18,9.87,18.4
2019-06-19,10.18,19.2
2019-06-20,10.16,19.4
2019-06-21,9.91,19.4
2019-06-22,9.92,19.2
2019-06-23,9.09,18.6
2019-06-24,9.19,19.0
2019-06-25,9.63,19.6
2019-06-26,10.08,20.4
2019-06-27,9.81,21.2
2019-06-28,9.82,21.6
2019-06-29,9.86,21.7
2019-06-30,10.06,21.9
2019-07-01,9.83,22.4
2019-07-02,9.18,22.4
2019-07-03,9.65,22.1
2019-07-04,9.73,21.5
2019-07-05,10.18,21.5
2019-07-06,10.65,21.3
2019-07-07,10.13,21.3
2019-07-08,9.85,21.0
2019-07-09,10.13,20.6
2019-07-10,10.38,20.0
2019-07-11,10.34,19.8
2019-07-12,9.7,19.3
2019-07-13,9.27,18.9
2019-07-14,9.1,18.7
2019-07-15,9.37,18.8
2019-07-16,9.53,19.2
2019-07-17,10.09,19.5
2019-07-18,10.36,19.9
2019-07-19,10.15,20.1
2019-07-20,10.38,20.6
2019-07-21,9.9,21.0
2019-07-22,9.53,21.5
2019-07-23,9.33,22.0
2019-07-24,9.13,22.6
2019-07-25,9.23,23.2
2019-07-26,9.2,23.8
2019-07-27,8.98,24.0
2019-07-28,8.34,23.7
2019-07-29,7.13,22.6
2019-07-30,6.89,21.7
2019-07-31,7.61,21.5
2019-08-01,7.79,21.3
2019-08-02,8.07,21.3
2019-08-03,7.94,20.7
2019-08-04,7.9,20.5
2019-08-05,8.23,20.6
2019-08-06,9.55,20.7
2019-08-07,8.96,20.7
2019-08-08,8.33,20.4
2019-08-09,8.24,20.6
2019-08-10,7.66,20.8
2019-08-11,7.62,20.6
2019-08-12,7.54,20.5
2019-08-13,7.83,19.7
2019-08-14,9.06,18.9
2019-08-15,8.51,18.3
2019-08-16,8.31,18.2
2019-08-17,8.27,18.1
2019-08-18,8.21,18.3
2019-08-19,8.21,19.0
2019-08-20,8.19,19.0
2019-08-21,8.51,18.5
2019-08-22,9.14,18.0
2019-08-23,8.75,18.1
2019-08-24,8.65,18.4
2019-08-25,8.52,18.8
2019-08-26,8.42,19.1
2019-08-27,8.61,19.7
2019-08-28,8.65,20.0
2019-08-29,8.66,20.2
2019-08-30,8.68,20.3
2019-08-31,8.68,20.8
2019-09-01,8.61,21.0
2019-09-02,8.59,20.7
2019-09-03,8.95,19.8
2019-09-04,9.04,19.4
2019-09-05,8.92,19.0
2019-09-06,8.52,18.0
2019-09-07,8.73,17.3
2019-09-08,8.83,16.5
2019-09-09,8.84,15.5
2019-09-10,9.05,14.9
2019-09-11,9.38,14.8
2019-09-12,9.44,15.3
2019-09-13,9.35,15.9
2019-09-14,9.19,16.6
2019-09-15,9.08,16.9
2019-09-16,8.91,17.3
2019-09-17,8.81,17.4
2019-09-18,8.73,17.2
2019-09-19,8.98,16.8
2019-09-20,9.28,16.3
2019-09-21,9.5,15.8
2019-09-22,9.67,15.6
2019-09-23,9.59,15.6
2019-09-24,9.48,15.5
2019-09-25,9.48,15.6
2019-09-26,9.16,15.5
2019-09-27,9.01,15.6
2019-09-28,8.93,15.6
2019-09-29,9.11,15.6
2019-09-30,9.23,15.6
2019-10-01,8.97,15.3
2019-10-02,8.97,15.3
2019-10-03,9.01,14.8
2019-10-04,9.07,14.1
2019-10-05,9.04,13.6
2019-10-06,9.29,13.0
2019-10-07,9.67,12.3
2019-10-08,10.18,11.8
2019-10-09,9.99,12.0
2019-10-10,10.08,11.9
2019-10-11,10.45,11.7
2019-10-12,10.07,11.9
2019-10-13,9.79,12.4
2019-10-14,9.51,12.8
2019-10-15,9.28,13.0
2019-10-16,9.19,13.2
2019-10-17,9.18,13.2
2019-10-18,9.26,13.3
2019-10-19,9.49,13.3
2019-10-20,9.74,13.1
2019-10-21,10.09,12.9
2019-10-22,9.91,12.9
2019-10-23,9.93,13.0
2019-10-24,9.57,12.9
2019-10-25,9.24,13.1
2019-10-26,9.09,13.2
2019-10-27,9.06,13.1
2019-10-28,9.08,12.9
2019-10-29,8.99,12.7
2019-10-30,9.05,12.0
2019-10-31,9.33,11.2
2019-11-01,9.81,10.4
2019-11-02,10.08,10.3
2019-11-03,10.02,10.8
2019-11-04,9.75,10.8
2019-11-05,9.5,10.6
2019-11-06,9.44,10.4
2019-11-07,9.61,10.2
2019-11-08,9.76,9.9
2019-11-09,9.8,9.5
2019-11-10,9.84,8.9
2019-11-11,9.93,8.3
2019-11-12,9.99,7.9
2019-11-13,10.18,7.7
2019-11-14,10.44,7.4
2019-11-15,10.58,6.9
2019-11-16,10.53,6.9
2019-11-17,10.54,7.1
2019-11-18,10.5,7.2
2019-11-19,10.56,6.9
2019-11-20,10.69,6.8
2019-11-21,10.74,6.9
2019-11-22,10.64,6.8
2019-11-23,10.68,6.8
2019-11-24,10.73,6.8
2019-11-25,10.67,6.7
2019-11-26,10.6,6.8
2019-11-27,10.55,6.9
2019-11-28,10.56,7.0
2019-11-29,10.77,7.3
2019-11-30,10.69,7.2
2019-12-01,10.86,6.6
2019-12-02,10.87,6.3
2019-12-03,11.03,6.1
2019-12-04,11.29,5.6
2019-12-05,11.55,5.0
2019-12-06,11.74,4.7
2019-12-07,11.88,4.7
2019-12-08,11.64,4.9
2019-12-09,11.55,5.2
2019-12-10,11.53,5.3
2019-12-11,11.67,5.0
2019-12-12,11.67,4.8
2019-12-13,11.47,4.7
2019-12-14,11.53,4.4
2019-12-15,11.66,4.8
2019-12-16,11.74,5.0
2019-12-17,11.71,5.0
2019-12-18,11.65,5.1
2019-12-19,11.47,5.2
2019-12-20,11.47,5.2
2019-12-21,11.3,5.2
2019-12-22,11.22,5.2
2019-12-23,11.25,5.3
2019-12-24,11.3,5.4
2019-12-25,11.47,5.5
2019-12-26,11.53,5.5
2019-12-27,11.67,5.5
2019-12-28,11.73,5.2
2019-12-29,11.8,4.8
2019-12-30,11.91,4.2
2019-12-31,12.05,3.9
2020-01-01,12.12,3.7
2020-01-02,12.13,3.5
2020-01-03,12.05,3.6
2020-01-04,12.05,3.9
2020-01-05,12.04,4.1
2020-01-06,12.06,4.0
2020-01-07,11.94,4.0
2020-01-08,11.91,4.1
2020-01-09,11.93,4.1
2020-01-10,11.94,4.3
2020-01-11,11.94,4.5
2020-01-12,11.89,4.5
2020-01-13,11.85,4.4
2020-01-14,11.81,4.4
2020-01-15,11.83,4.3
2020-01-16,11.88,4.3
2020-01-17,11.93,4.3
2020-01-18,11.96,4.4
2020-01-19,11.95,4.6
2020-01-20,12.04,4.4
2020-01-21,12.04,4.2
2020-01-22,12.09,4.0
2020-01-23,12.13,3.8
2020-01-24,12.18,3.5
2020-01-25,12.23,3.4
2020-01-26,12.43,3.5
2020-01-27,12.48,3.7
2020-01-28,12.38,3.9
2020-01-29,12.12,3.9
2020-01-30,12.18,3.9
2020-01-31,12.11,4.6
2020-02-01,11.91,5.6
2020-02-02,11.64,6.3
2020-02-03,12.31,6.7
2020-02-04,13.03,6.9
2020-02-05,13.41,6.1
2020-02-06,14.0,5.4
2020-02-07,14.03,4.6
2020-02-08,13.39,4.1
2020-02-09,13.09,4.2
2020-02-10,13.12,5.0
2020-02-11,12.71,5.4
2020-02-12,13.08,5.3
2020-02-13,13.02,5.0
2020-02-14,13.02,5.1
2020-02-15,13.39,5.3
2020-02-16,13.06,5.3
2020-02-17,12.88,5.5
2020-02-18,12.71,5.9
2020-02-19,12.57,6.0
2020-02-20,12.45,5.7
2020-02-21,12.41,5.8
2020-02-22,12.15,6.0
2020-02-23,11.84,6.4
2020-02-24,11.84,6.8
2020-02-25,12.06,6.9
2020-02-26,11.87,6.9
2020-02-27,11.92,6.4
2020-02-28,12.21,5.7
2020-02-29,12.33,5.7
2020-03-01,12.36,6.1
2020-03-02,12.21,6.6
2020-03-03,12.0,6.8
2020-03-04,12.19,6.5
2020-03-05,11.97,6.2
2020-03-06,12.28,6.2
2020-03-07,12.38,6.1
2020-03-08,12.53,6.1
2020-03-09,12.27,6.5
2020-03-10,12.36,6.4
2020-03-11,12.67,6.8
2020-03-12,12.66,7.6
2020-03-13,12.24,8.4
2020-03-14,12.25,8.4
2020-03-15,11.96,8.2
2020-03-16,11.83,8.2
2020-03-17,11.86,8.7
2020-03-18,11.54,9.0
2020-03-19,11.37,9.5
2020-03-20,11.29,10.0
2020-03-21,11.0,10.1
2020-03-22,10.91,8.9
2020-03-23,11.26,8.0
2020-03-24,11.72,7.2
2020-03-25,11.99,6.7
2020-03-26,12.13,6.2
2020-03-27,12.29,6.5
2020-03-28,12.4,7.3
2020-03-29,12.37,7.8
2020-03-30,12.33,7.7
2020-03-31,12.53,7.8
2020-04-01,12.62,7.5
2020-04-02,12.95,7.7
2020-04-03,13.11,8.0
2020-04-04,13.2,8.5
2020-04-05,13.34,9.1
2020-04-06,13.31,9.8
2020-04-07,13.52,10.7
2020-04-08,13.45,11.4
2020-04-09,13.45,12.1
2020-04-10,13.14,12.6
2020-04-11,12.83,13.1
2020-04-12,12.62,13.6
2020-04-13,12.1,13.8
2020-04-14,11.75,13.4
2020-04-15,11.92,12.7
2020-04-16,12.29,12.8
2020-04-17,12.54,13.3
2020-04-18,12.57,13.9
2020-04-19,12.3,14.3
2020-04-20,11.68,14.2
2020-04-21,11.12,13.7
2020-04-22,10.99,13.5
2020-04-23,11.42,13.8
2020-04-24,11.65,14.1
2020-04-25,11.79,14.4
2020-04-26,12.05,14.8
2020-04-27,12.02,15.1
2020-04-28,11.86,15.3
2020-04-29,11.2,15.0
2020-04-30,10.89,14.5
2020-05-01,10.87,13.8
2020-05-02,11.19,13.4
2020-05-03,11.34,13.0
2020-05-04,11.86,13.2
2020-05-05,11.99,13.3
2020-05-06,11.98,13.5
2020-05-07,12.01,13.7
2020-05-08,11.84,14.4
2020-05-09,11.44,15.0
2020-05-10,11.02,15.4
2020-05-11,10.53,15.4
2020-05-12,10.34,14.9
2020-05-13,10.48,14.7
2020-05-14,10.02,14.0
2020-05-15,9.86,13.7
2020-05-16,10.35,13.6
2020-05-17,10.9,14.3
2020-05-18,11.51,14.9
2020-05-19,12.54,15.8
2020-05-20,12.84,16.3
2020-05-21,12.94,16.5
2020-05-22,12.68,17.0
2020-05-23,11.46,17.3
2020-05-24,10.05,16.7
2020-05-25,9.66,16.6
2020-05-26,9.44,16.7
2020-05-27,9.86,16.7
2020-05-28,10.15,17.0
2020-05-29,9.86,16.9
2020-05-30,9.54,16.5
2020-05-31,9.6,16.4
2020-06-01,9.92,16.8
2020-06-02,10.77,17.8
2020-06-03,11.04,18.5
2020-06-04,10.23,18.6
2020-06-05,8.89,17.8
2020-06-06,8.59,17.3
2020-06-07,8.3,16.9
2020-06-08,8.24,16.2
2020-06-09,8.41,16.1
2020-06-10,8.28,15.6
2020-06-11,8.85,15.4
2020-06-12,10.46,15.8
2020-06-13,9.6,16.5
2020-06-14,9.77,16.6
2020-06-15,10.29,15.8
2020-06-16,9.86,15.6
2020-06-17,9.68,15.5
2020-06-18,9.73,15.5
2020-06-19,9.88,15.9
2020-06-20,10.97,15.4
2020-06-21,10.34,15.7
2020-06-22,9.33,16.3
2020-06-23,8.88,17.1
2020-06-24,8.81,17.9
2020-06-25,9.14,18.3
2020-06-26,9.0,18.9
2020-06-27,9.21,19.7
2020-06-28,9.19,20.1
2020-06-29,9.17,19.7
2020-06-30,9.52,19.7
2020-07-01,9.33,19.8
2020-07-02,9.21,20.1
2020-07-03,8.94,19.7
2020-07-04,8.57,19.6
2020-07-05,8.54,19.8
2020-07-06,8.36,19.9
2020-07-07,8.6,19.6
2020-07-08,8.8,19.5
2020-07-09,9.16,19.7
2020-07-10,9.26,20.4
2020-07-11,9.22,20.7
2020-07-12,9.44,20.5
2020-07-13,9.61,20.2
2020-07-14,9.73,20.2
2020-07-15,9.73,20.2
2020-07-16,8.91,19.5
2020-07-17,8.5,19.0
2020-07-18,8.99,19.0
2020-07-19,8.77,19.0
2020-07-20,9.05,19.7
2020-07-21,9.08,20.2
2020-07-22,9.12,20.4
2020-07-23,9.0,20.6
2020-07-24,8.97,20.7
2020-07-25,8.87,20.7
2020-07-26,8.71,20.8
2020-07-27,8.74,21.0
2020-07-28,9.06,21.4
2020-07-29,9.22,21.5
2020-07-30,9.62,21.7
2020-07-31,9.8,22.0
2020-08-01,9.82,22.5
2020-08-02,9.37,22.5
2020-08-03,8.04,21.7
2020-08-04,8.43,20.5
2020-08-05,10.23,19.2
2020-08-06,9.71,18.2
2020-08-07,8.6,18.4
2020-08-08,8.07,19.1
2020-08-09,7.84,20.0
2020-08-10,7.79,20.6
2020-08-11,7.86,21.3
2020-08-12,8.06,21.9
2020-08-13,8.22,22.3
2020-08-14,8.13,22.1
2020-08-15,8.14,22.0
2020-08-16,8.26,21.9
2020-08-17,8.04,21.6
2020-08-18,8.08,21.4
2020-08-19,8.56,21.4
2020-08-20,8.87,21.5
2020-08-21,8.69,21.8
2020-08-22,8.25,21.8
2020-08-23,8.1,21.5
2020-08-24,8.2,21.1
2020-08-25,8.47,20.7
2020-08-26,8.76,20.4
2020-08-27,8.97,20.2
2020-08-28,8.93,19.8
2020-08-29,8.65,19.5
2020-08-30,8.13,18.7
2020-08-31,8.89,17.7
2020-09-01,8.67,17.2
2020-09-02,8.87,16.7
2020-09-03,8.72,16.4
2020-09-04,8.9,16.9
2020-09-05,8.81,17.6
2020-09-06,8.61,17.8
2020-09-07,8.47,17.6
2020-09-08,8.78,17.7
2020-09-09,9.06,17.7
2020-09-10,9.15,17.8
2020-09-11,9.03,17.8
2020-09-12,9.36,18.4
2020-09-13,9.53,18.6
2020-09-14,9.74,18.8
2020-09-15,9.81,19.1
2020-09-16,9.83,19.4
2020-09-17,9.5,19.3
2020-09-18,9.43,19.1
2020-09-19,9.55,18.6
2020-09-20,9.69,18.3
2020-09-21,9.75,18.3
2020-09-22,9.76,18.4
2020-09-23,9.42,18.4
2020-09-24,9.07,18.3
2020-09-25,8.61,17.9
2020-09-26,8.0,16.4
2020-09-27,8.5,15.1
2020-09-28,9.06,14.3
2020-09-29,9.32,13.9
2020-09-30,9.2,13.5
2020-10-01,9.25,13.1
2020-10-02,9.3,13.2
2020-10-03,9.23,13.6
2020-10-04,9.19,13.5
2020-10-05,9.28,13.3
2020-10-06,9.32,13.2
2020-10-07,9.42,13.1
2020-10-08,9.68,12.9
2020-10-09,9.75,13.0
2020-10-10,9.61,13.1
2020-10-11,9.38,12.6
2020-10-12,9.5,12.1
2020-10-13,9.81,11.8
2020-10-14,10.03,11.6
2020-10-15,10.09,11.2
2020-10-16,10.09,11.1
2020-10-17,10.15,10.9
2020-10-18,10.31,10.7
2020-10-19,10.35,10.6
2020-10-20,10.48,10.4
2020-10-21,10.66,10.3
2020-10-22,10.64,10.7
2020-10-23,10.5,11.2
2020-10-24,10.26,11.7
2020-10-25,10.08,11.6
2020-10-26,9.93,11.5
2020-10-27,9.82,11.2
2020-10-28,10.07,10.7
2020-10-29,10.23,10.6
2020-10-30,10.73,10.5
2020-10-31,11.21,10.4
2020-11-01,10.9,10.2
2020-11-02,10.59,10.5
2020-11-03,10.26,11.1
2020-11-04,10.09,11.1
2020-11-05,9.94,10.8
2020-11-06,9.89,10.3
2020-11-07,10.03,9.7
2020-11-08,9.97,9.4
2020-11-09,9.99,9.1
2020-11-10,10.01,9.0
2020-11-11,10.16,9.0
2020-11-12,10.08,9.1
2020-11-13,10.12,9.4
2020-11-14,10.2,9.6
2020-11-15,10.12,9.6
2020-11-16,10.18,9.4
2020-11-17,10.22,9.4
2020-11-18,10.22,9.2
2020-11-19,10.27,8.9
2020-11-20,10.29,8.5
2020-11-21,10.46,8.0
2020-11-22,10.64,7.5
2020-11-23,10.71,7.3
2020-11-24,10.69,7.3
2020-11-25,10.66,7.2
2020-11-26,10.64,7.0
2020-11-27,10.67,6.7
2020-11-28,10.85,6.2
2020-11-29,11.01,5.7
2020-11-30,11.19,5.2
2020-12-01,11.41,5.0
2020-12-02,11.43,4.8
2020-12-03,11.48,4.6
2020-12-04,11.48,4.3
2020-12-05,11.51,4.1
2020-12-06,11.51,4.1
2020-12-07,11.38,4.2
2020-12-08,11.4,4.3
2020-12-09,11.4,4.4
2020-12-10,11.26,4.4
2020-12-11,11.28,4.4
2020-12-12,11.3,4.4
2020-12-13,11.24,4.6
2020-12-14,11.22,4.9
2020-12-15,11.25,5.0
2020-12-16,11.18,5.2
2020-12-17,11.24,5.3
2020-12-18,11.22,5.4
2020-12-19,11.2,5.4
2020-12-20,11.2,5.2
2020-12-21,11.17,5.1
2020-12-22,11.19,5.5
2020-12-23,11.13,6.2
2020-12-24,11.06,6.6
2020-12-25,10.86,6.7
2020-12-26,10.75,6.3
2020-12-27,10.85,5.5
2020-12-28,11.03,4.6
2020-12-29,11.23,4.2
2020-12-30,11.54,3.9
2020-12-31,11.48,3.7
2021-01-01,11.44,3.7
2021-01-02,11.41,3.7
2021-01-03,11.46,3.7
2021-01-04,11.44,3.7
2021-01-05,11.39,3.8
2021-01-06,11.42,3.7
2021-01-07,11.51,3.7
2021-01-08,11.65,3.6
2021-01-09,11.77,3.5
2021-01-10,11.85,3.1
2021-01-11,11.96,2.7
2021-01-12,12.09,2.4
2021-01-13,12.25,2.3
2021-01-14,12.3,2.3
2021-01-15,12.38,2.2
2021-01-16,12.51,2.0
2021-01-17,12.59,2.1
2021-01-18,12.58,2.1
2021-01-19,12.64,2.3
2021-01-20,12.62,2.5
2021-01-21,12.56,2.5
2021-01-22,12.49,2.9
2021-01-23,12.4,3.2
2021-01-24,12.21,3.2
2021-01-25,12.03,3.1
2021-01-26,11.93,3.0
2021-01-27,12.08,2.9
2021-01-28,12.2,2.9
2021-01-29,12.87,3.5
2021-01-30,13.91,4.3
2021-01-31,14.08,3.9
2021-02-01,14.0,3.9
2021-02-02,13.71,4.5
2021-02-03,13.44,5.6
2021-02-04,13.49,6.1
2021-02-05,13.41,6.1
2021-02-06,13.16,6.4
2021-02-07,12.53,6.4
2021-02-08,12.92,6.0
2021-02-09,13.09,5.5
2021-02-10,12.57,4.7
2021-02-11,12.73,3.8
2021-02-12,12.57,3.0
2021-02-13,12.67,2.0
2021-02-14,12.79,1.5
2021-02-15,13.0,1.3
2021-02-16,12.92,1.7
2021-02-17,12.72,2.6
2021-02-18,12.3,3.8
2021-02-19,11.98,4.6
2021-02-20,11.75,5.1
2021-02-21,11.6,5.5
2021-02-22,11.45,5.9
2021-02-23,11.39,6.2
2021-02-24,11.4,6.5
2021-02-25,11.48,6.8
2021-02-26,11.38,7.2
2021-02-27,11.29,7.4
2021-02-28,11.38,7.2
2021-03-01,11.52,7.0
2021-03-02,11.63,6.9
2021-03-03,11.76,6.8
2021-03-04,11.78,6.7
2021-03-05,11.64,6.9
2021-03-06,11.71,6.5
2021-03-07,11.86,6.2
2021-03-08,11.95,6.1
2021-03-09,12.16,6.1
2021-03-10,12.33,6.1
2021-03-11,12.23,6.3
2021-03-12,12.05,6.7
2021-03-13,11.98,6.9
2021-03-14,11.49,6.9
2021-03-15,11.77,6.8
2021-03-16,11.8,6.6
2021-03-17,12.01,6.4
2021-03-18,12.2,6.3
2021-03-19,12.18,6.2
2021-03-20,12.27,5.9
2021-03-21,12.26,5.7
2021-03-22,12.11,5.6
2021-03-23,12.16,5.5
2021-03-24,12.35,5.8
2021-03-25,12.61,6.5
2021-03-26,12.7,7.3
2021-03-27,12.41,8.2
2021-03-28,12.12,8.8
2021-03-29,12.13,9.5
2021-03-30,12.33,10.0
2021-03-31,12.32,10.5
2021-04-01,12.01,11.1
2021-04-02,11.55,11.5
2021-04-03,11.22,11.3
2021-04-04,10.96,11.0
2021-04-05,10.87,10.4
2021-04-06,10.81,9.2
2021-04-07,11.14,8.3
2021-04-08,11.31,7.7
2021-04-09,11.7,7.8
2021-04-10,11.92,8.2
2021-04-11,12.09,8.9
2021-04-12,11.86,9.4
2021-04-13,11.49,9.2
2021-04-14,11.64,9.1
2021-04-15,11.84,8.9
2021-04-16,11.97,8.5
2021-04-17,12.09,8.3
2021-04-18,12.12,8.3
2021-04-19,12.19,8.3
2021-04-20,12.35,8.9
2021-04-21,12.41,9.4
2021-04-22,12.63,10.1
2021-04-23,12.81,10.7
2021-04-24,13.11,11.4
2021-04-25,13.2,12.1
2021-04-26,13.03,12.6
2021-04-27,12.77,12.7
2021-04-28,12.76,12.9
2021-04-29,12.2,13.1
2021-04-30,11.52,13.1
2021-05-01,10.97,13.1
2021-05-02,10.1,12.5
2021-05-03,9.73,11.9
2021-05-04,9.83,11.8
2021-05-05,9.97,11.7
2021-05-06,10.12,11.2
2021-05-07,10.08,10.9
2021-05-08,10.46,11.0
2021-05-09,10.84,11.8
2021-05-10,10.72,13.1
2021-05-11,10.32,13.9
2021-05-12,9.37,13.8
2021-05-13,9.64,13.2
2021-05-14,9.87,13.0
2021-05-15,9.66,13.3
2021-05-16,9.67,13.4
2021-05-17,9.69,13.4
2021-05-18,9.68,13.0
2021-05-19,9.96,12.8
2021-05-20,10.35,13.0
2021-05-21,10.36,12.5
2021-05-22,10.18,12.3
2021-05-23,10.37,12.5
2021-05-24,10.19,12.8
2021-05-25,9.98,12.9
2021-05-26,9.82,12.6
2021-05-27,9.9,12.5
2021-05-28,10.18,12.6
2021-05-29,10.22,13.2
2021-05-30,10.3,14.0
2021-05-31,10.37,14.7
2021-06-01,10.49,15.3
2021-06-02,10.61,16.1
2021-06-03,10.82,16.9
2021-06-04,10.61,17.6
2021-06-05,10.46,18.0
2021-06-06,9.42,17.4
2021-06-07,9.47,16.9
2021-06-08,10.14,16.4
2021-06-09,9.89,16.3
2021-06-10,9.18,16.8
2021-06-11,8.84,17.2
2021-06-12,8.73,17.8
2021-06-13,8.93,18.2
2021-06-14,9.32,18.4
2021-06-15,9.51,18.7
2021-06-16,9.67,19.2
2021-06-17,10.12,19.7
2021-06-18,10.66,20.4
2021-06-19,11.15,20.9
2021-06-20,10.55,21.2
2021-06-21,9.71,21.0
2021-06-22,9.63,21.3
2021-06-23,8.87,21.1
2021-06-24,8.55,20.8
2021-06-25,8.43,19.6
2021-06-26,7.58,19.1
2021-06-27,7.42,19.6
2021-06-28,7.96,20.3
2021-06-29,8.24,20.6
2021-06-30,7.97,20.1
2021-07-01,8.33,18.9
2021-07-02,8.81,17.7
2021-07-03,8.76,17.8
2021-07-04,8.36,18.6
2021-07-05,8.23,18.6
2021-07-06,8.31,18.6
2021-07-07,8.31,18.6
2021-07-08,7.93,18.1
2021-07-09,9.23,17.6
2021-07-10,10.57,17.1
2021-07-11,10.37,17.8
2021-07-12,9.93,17.9
2021-07-13,8.84,18.4
2021-07-14,8.76,17.8
2021-07-15,8.85,17.2
2021-07-16,9.96,17.0
2021-07-17,10.43,16.9
2021-07-18,10.58,16.8
2021-07-19,10.55,16.7
2021-07-20,10.35,16.9
2021-07-21,9.57,17.5
2021-07-22,8.69,18.1
2021-07-23,8.25,18.6
2021-07-24,8.04,19.0
2021-07-25,8.05,18.6
2021-07-26,8.65,18.4
2021-07-27,9.15,18.6
2021-07-28,8.88,18.5
2021-07-29,8.4,18.4
2021-07-30,8.29,18.6
2021-07-31,8.01,19.0
2021-08-01,8.06,18.9
2021-08-02,9.02,18.1
2021-08-03,8.98,17.6
2021-08-04,8.69,17.5
2021-08-05,8.68,17.2
2021-08-06,9.0,17.1
2021-08-07,9.23,17.0
2021-08-08,9.04,16.7
2021-08-09,9.42,16.7
2021-08-10,9.26,17.0
2021-08-11,9.01,17.5
2021-08-12,9.03,18.3
2021-08-13,9.02,18.9
2021-08-14,9.19,19.8
2021-08-15,9.3,20.4
2021-08-16,8.95,20.3
2021-08-17,8.99,19.5
2021-08-18,9.12,18.5
2021-08-19,8.71,18.0
2021-08-20,8.64,18.2
2021-08-21,8.74,18.4
2021-08-22,8.61,18.5
2021-08-23,8.56,18.1
2021-08-24,8.72,17.7
2021-08-25,8.77,17.3
2021-08-26,8.94,17.2
2021-08-27,8.89,16.8
2021-08-28,8.87,16.3
2021-08-29,9.02,16.0
2021-08-30,9.24,15.8
2021-08-31,11.26,15.1
2021-09-01,11.38,14.5
2021-09-02,10.46,14.9
2021-09-03,9.89,15.4
2021-09-04,9.3,15.8
2021-09-05,8.97,16.3
2021-09-06,8.94,16.6
2021-09-07,8.99,16.9
2021-09-08,9.08,17.0
2021-09-09,9.17,17.3
2021-09-10,9.29,17.6
2021-09-11,9.32,17.8
2021-09-12,9.46,17.9
2021-09-13,9.68,18.0
2021-09-14,9.86,18.0
2021-09-15,9.75,18.1
2021-09-16,9.24,18.0
2021-09-17,8.95,17.5
2021-09-18,8.95,17.2
2021-09-19,9.02,16.9
2021-09-20,9.03,16.5
2021-09-21,8.96,16.1
2021-09-22,9.21,15.6
2021-09-23,9.45,15.4
2021-09-24,9.56,15.4
2021-09-25,9.6,15.5
2021-09-26,9.61,15.9
2021-09-27,9.54,16.2
2021-09-28,9.39,16.3
2021-09-29,9.37,16.3
2021-09-30,9.37,16.0
2021-10-01,9.57,15.5
2021-10-02,9.61,15.3
2021-10-03,9.49,15.2
2021-10-04,9.35,15.2
2021-10-05,8.9,14.9
2021-10-06,8.91,14.6
2021-10-07,9.02,14.2
2021-10-08,9.17,14.1
2021-10-09,9.32,13.6
2021-10-10,9.57,13.1
2021-10-11,9.74,12.7
2021-10-12,9.8,12.4
2021-10-13,9.71,12.1
2021-10-14,9.84,11.6
2021-10-15,9.93,11.5
2021-10-16,10.24,11.6
2021-10-17,10.18,11.3
2021-10-18,10.07,11.2
2021-10-19,9.8,11.1
2021-10-20,9.86,11.0
2021-10-21,9.99,11.3
2021-10-22,9.84,11.3
2021-10-23,9.85,11.0
2021-10-24,9.85,10.6
2021-10-25,9.97,10.2
2021-10-26,9.9,10.1
2021-10-27,9.9,10.1
2021-10-28,9.85,10.2
2021-10-29,9.75,10.0
2021-10-30,9.73,9.7
2021-10-31,9.84,9.7
2021-11-01,9.82,9.7
2021-11-02,9.7,9.8
2021-11-03,9.7,9.6
2021-11-04,9.68,9.3
2021-11-05,9.86,9.0
2021-11-06,9.9,8.9
2021-11-07,9.98,8.6
2021-11-08,10.13,8.5
2021-11-09,10.28,8.2
2021-11-10,10.46,7.9
2021-11-11,10.58,7.6
2021-11-12,10.58,7.4
2021-11-13,10.5,7.2
2021-11-14,10.47,7.3
2021-11-15,10.44,7.4
2021-11-16,10.28,7.4
2021-11-17,10.1,7.5
2021-11-18,10.18,7.5
2021-11-19,10.34,7.5
2021-11-20,10.43,7.5
2021-11-21,10.43,7.4
2021-11-22,10.39,7.3
2021-11-23,10.45,6.9
2021-11-24,10.64,6.3
2021-11-25,10.73,5.9
2021-11-26,10.66,5.7
2021-11-27,10.67,5.5
2021-11-28,10.68,5.3
2021-11-29,10.82,5.2
2021-11-30,11.1,4.8
2021-12-01,11.31,4.6
2021-12-02,11.37,4.8
2021-12-03,11.37,4.7
2021-12-04,11.32,4.5
2021-12-05,11.31,4.6
2021-12-06,11.78,4.5
2021-12-07,11.92,4.5
2021-12-08,11.86,4.2
2021-12-09,11.71,3.8
2021-12-10,11.71,3.9
2021-12-11,11.68,3.7
2021-12-12,11.65,3.8
2021-12-13,11.78,4.0
2021-12-14,11.78,4.3
2021-12-15,11.84,4.6
2021-12-16,11.73,4.9
2021-12-17,11.69,5.2
2021-12-18,11.62,5.3
2021-12-19,11.6,5.2
2021-12-20,11.57,5.0
2021-12-21,11.61,4.5
2021-12-22,11.79,3.8
2021-12-23,11.95,3.3
2021-12-24,12.06,3.4
2021-12-25,11.97,3.8
2021-12-26,11.92,4.1
2021-12-27,11.73,4.4
2021-12-28,11.77,4.7
2021-12-29,11.58,5.3
2021-12-30,11.72,6.3
2021-12-31,12.61,7.0
2022-01-01,11.87,7.2
2022-01-02,11.54,7.0
2022-01-03,11.35,6.7
2022-01-04,11.26,6.7
2022-01-05,11.17,6.6
2022-01-06,11.26,6.1
2022-01-07,11.54,5.5
2022-01-08,11.76,4.8
2022-01-09,11.82,4.3
2022-01-10,11.83,4.3
2022-01-11,11.96,4.3
2022-01-12,11.99,4.1
2022-01-13,12.15,3.7
2022-01-14,12.26,3.6
2022-01-15,12.31,3.4
2022-01-16,12.27,3.3
2022-01-17,12.3,3.4
2022-01-18,12.32,3.7
2022-01-19,12.26,3.8
2022-01-20,12.27,3.9
2022-01-21,12.29,3.7
2022-01-22,12.3,3.6
2022-01-23,12.18,3.8
2022-01-24,12.17,4.0
2022-01-25,12.14,3.9
2022-01-26,12.18,3.9
2022-01-27,12.3,3.6
2022-01-28,12.39,3.7
2022-01-29,12.41,3.7
2022-01-30,12.4,4.1
2022-01-31,12.27,4.2
2022-02-01,12.23,4.1
2022-02-02,12.31,4.1
2022-02-03,12.22,4.3
2022-02-04,12.36,4.6
2022-02-05,12.29,4.7
2022-02-06,12.29,4.5
2022-02-07,12.32,4.2
2022-02-08,12.8,4.0
2022-02-09,12.77,4.3
2022-02-10,12.6,4.5
2022-02-11,12.24,4.7
2022-02-12,12.31,4.5
2022-02-13,12.28,4.5
2022-02-14,12.23,4.5
2022-02-15,12.09,4.6
2022-02-16,11.93,4.8
2022-02-17,11.72,5.5
2022-02-18,11.83,6.0
2022-02-19,11.99,6.3
2022-02-20,12.08,6.2
2022-02-21,11.79,6.2
2022-02-22,11.69,5.9
2022-02-23,11.7,6.1
2022-02-24,11.74,6.1
2022-02-25,11.69,6.2
2022-02-26,11.62,6.0
2022-02-27,11.66,5.8
2022-02-28,11.91,5.5
2022-03-01,12.09,5.2
2022-03-02,12.13,5.0
2022-03-03,12.14,4.8
2022-03-04,12.19,4.9
2022-03-05,12.22,4.8
2022-03-06,12.34,4.6
2022-03-07,12.47,4.5
2022-03-08,12.57,4.5
2022-03-09,12.67,4.7
2022-03-10,12.78,4.9
2022-03-11,12.8,5.1
2022-03-12,12.87,5.1
2022-03-13,12.98,5.5
2022-03-14,12.98,6.0
2022-03-15,12.74,6.6
2022-03-16,12.45,7.0
2022-03-17,12.29,7.4
2022-03-18,11.96,7.7
2022-03-19,11.88,7.8
2022-03-20,12.06,7.7
2022-03-21,12.3,7.9
2022-03-22,12.49,8.2
2022-03-23,12.66,8.5
2022-03-24,12.78,8.9
2022-03-25,12.71,9.3
2022-03-26,12.48,9.6
2022-03-27,12.33,9.9
2022-03-28,12.28,10.3
2022-03-29,12.04,10.5
2022-03-30,11.51,10.5
2022-03-31,10.62,10.2
2022-04-01,10.24,9.8
2022-04-02,10.33,8.6
2022-04-03,10.62,7.9
2022-04-04,10.84,7.6
2022-04-05,11.1,7.4
2022-04-06,11.26,7.7
2022-04-07,11.22,8.4
2022-04-08,10.9,8.7
2022-04-09,11.17,8.9
2022-04-10,11.38,8.7
2022-04-11,11.36,8.7
2022-04-12,11.08,9.2
2022-04-13,10.69,10.1
2022-04-14,10.5,11.2
2022-04-15,10.38,12.1
2022-04-16,10.2,12.6
2022-04-17,10.2,12.2
2022-04-18,10.41,12.2
2022-04-19,10.63,12.2
2022-04-20,10.73,12.1
2022-04-21,10.88,12.3
2022-04-22,11.05,12.4
2022-04-23,11.04,12.5
2022-04-24,10.89,12.2
2022-04-25,10.87,12.1
2022-04-26,11.09,12.3
2022-04-27,11.11,12.0
2022-04-28,11.86,12.1
2022-04-29,12.52,12.5
2022-04-30,12.84,12.8
2022-05-01,12.14,12.6
2022-05-02,12.35,12.9
2022-05-03,12.68,13.6
2022-05-04,12.79,14.1
2022-05-05,12.38,14.4
2022-05-06,11.86,14.9
2022-05-07,10.52,14.9
2022-05-08,10.08,14.6
2022-05-09,10.12,14.7
2022-05-10,10.29,15.4
2022-05-11,11.5,16.1
2022-05-12,11.9,17.0
2022-05-13,11.18,17.3
2022-05-14,10.94,17.6
2022-05-15,11.12,18.0
2022-05-16,10.81,18.0
2022-05-17,10.31,18.1
2022-05-18,10.25,18.5
2022-05-19,10.63,19.0
2022-05-20,10.64,19.6
2022-05-21,10.39,20.0
2022-05-22,10.16,19.8
2022-05-23,9.49,19.7
2022-05-24,8.59,19.2
2022-05-25,8.49,18.4
2022-05-26,8.55,18.0
2022-05-27,8.75,17.6
2022-05-28,8.91,17.1
2022-05-29,9.06,16.6
2022-05-30,9.09,16.4
2022-05-31,9.48,16.7
2022-06-01,9.59,16.9
2022-06-02,9.91,17.2
2022-06-03,10.11,17.7
2022-06-04,10.09,18.1
2022-06-05,9.94,18.6
2022-06-06,9.56,18.8
2022-06-07,9.71,18.9
2022-06-08,9.36,18.9
2022-06-09,8.7,18.9
2022-06-10,9.07,18.5
2022-06-11,9.09,18.4
2022-06-12,8.92,18.8
2022-06-13,8.98,19.3
2022-06-14,8.85,19.2
2022-06-15,8.99,19.7
2022-06-16,9.1,20.2
2022-06-17,9.45,20.6
2022-06-18,9.84,21.1
2022-06-19,10.21,21.9
2022-06-20,10.1,22.4
2022-06-21,10.14,22.2
2022-06-22,9.73,21.8
2022-06-23,9.29,21.8
2022-06-24,8.95,22.0
2022-06-25,8.78,22.0
2022-06-26,8.95,22.2
2022-06-27,8.83,22.6
2022-06-28,8.54,22.5
2022-06-29,8.53,22.0
2022-06-30,8.92,22.1
2022-07-01,8.34,21.8
2022-07-02,8.09,21.0
2022-07-03,8.47,21.0
2022-07-04,8.59,21.4
2022-07-05,8.71,21.8
2022-07-06,8.89,21.7
2022-07-07,8.59,21.1
2022-07-08,8.02,20.2
2022-07-09,8.12,20.0
2022-07-10,8.53,20.0
2022-07-11,8.61,19.8
2022-07-12,8.83,20.0
2022-07-13,9.26,20.5
2022-07-14,9.61,21.1
2022-07-15,9.4,21.4
2022-07-16,9.65,21.7
2022-07-17,9.65,21.8
2022-07-18,9.8,22.1
2022-07-19,9.86,22.5
2022-07-20,9.9,22.9
2022-07-21,9.44,23.1
2022-07-22,9.27,23.5
2022-07-23,9.36,23.7
2022-07-24,9.04,24.0
2022-07-25,8.89,24.2
2022-07-26,8.39,24.2
2022-07-27,7.97,23.8
2022-07-28,7.77,23.2
2022-07-29,8.22,23.2
2022-07-30,8.32,23.0
2022-07-31,8.14,22.6
2022-08-01,7.9,22.4
2022-08-02,8.04,22.6
2022-08-03,8.21,22.8
2022-08-04,8.25,23.3
2022-08-05,8.34,23.6
2022-08-06,8.35,23.7
2022-08-07,8.3,23.1
2022-08-08,8.46,22.7
2022-08-09,8.65,22.7
2022-08-10,8.63,22.4
2022-08-11,8.98,22.2
2022-08-12,8.99,22.0
2022-08-13,8.86,21.9
2022-08-14,8.84,22.1
2022-08-15,8.85,22.2
2022-08-16,8.61,22.3
2022-08-17,8.85,22.5
2022-08-18,8.67,22.6
2022-08-19,7.72,22.2
2022-08-20,8.0,20.6
2022-08-21,9.23,19.6
2022-08-22,8.11,19.5
2022-08-23,7.41,19.7
2022-08-24,7.27,19.8
2022-08-25,7.18,20.1
2022-08-26,7.06,20.6
2022-08-27,7.1,20.9
2022-08-28,7.12,21.0
2022-08-29,7.15,20.8
2022-08-30,7.34,20.8
2022-08-31,7.35,20.5
2022-09-01,7.35,20.0
2022-09-02,7.6,19.6
2022-09-03,7.89,19.1
2022-09-04,8.07,19.2
2022-09-05,8.17,19.5
2022-09-06,8.35,19.8
2022-09-07,8.45,20.1
2022-09-08,8.24,20.1
2022-09-09,7.82,19.7
2022-09-10,7.57,19.2
2022-09-11,7.62,18.8
2022-09-12,7.86,18.5
2022-09-13,8.13,18.5
2022-09-14,8.18,18.6
2022-09-15,8.15,18.6
2022-09-16,7.97,18.0
2022-09-17,7.98,16.9
2022-09-18,8.39,15.9
2022-09-19,9.12,14.8
2022-09-20,9.48,14.3
2022-09-21,9.59,13.8
2022-09-22,9.71,13.6
2022-09-23,9.75,13.5
2022-09-24,9.72,13.5
2022-09-25,9.33,13.4
2022-09-26,9.23,13.7
2022-09-27,9.36,13.8
2022-09-28,9.29,13.3
2022-09-29,9.56,12.8
2022-09-30,9.97,12.3
2022-10-01,9.94,11.8
2022-10-02,9.74,11.7
2022-10-03,11.15,11.8
2022-10-04,11.35,12.1
2022-10-05,10.34,12.2
2022-10-06,9.8,12.6
2022-10-07,9.58,13.1
2022-10-08,9.36,13.3
2022-10-09,9.29,13.1
2022-10-10,9.35,12.8
2022-10-11,9.33,13.0
2022-10-12,9.22,13.1
2022-10-13,9.17,13.0
2022-10-14,9.11,13.3
2022-10-15,9.08,13.7
2022-10-16,9.09,14.2
2022-10-17,9.08,14.3
2022-10-18,8.93,14.3
2022-10-19,9.0,14.5
2022-10-20,9.03,14.2
2022-10-21,8.94,14.0
2022-10-22,8.8,13.9
2022-10-23,8.94,13.9
2022-10-24,8.9,13.9
2022-10-25,8.88,13.7
2022-10-26,9.35,13.5
2022-10-27,9.42,13.4
2022-10-28,9.44,13.3
2022-10-29,9.37,13.2
2022-10-30,9.24,13.2
2022-10-31,9.09,13.1
2022-11-01,9.02,13.0
2022-11-02,9.05,12.9
2022-11-03,9.12,12.5
2022-11-04,9.08,12.0
2022-11-05,9.17,11.6
2022-11-06,9.35,11.2
2022-11-07,9.43,10.8
2022-11-08,9.69,10.5
2022-11-09,9.85,10.4
2022-11-10,9.85,10.5
2022-11-11,9.97,10.3
2022-11-12,9.97,10.0
2022-11-13,9.93,9.8
2022-11-14,10.21,9.4
2022-11-15,10.39,9.2
2022-11-16,10.37,9.1
2022-11-17,10.45,9.2
2022-11-18,10.28,9.2
2022-11-19,10.21,9.0
2022-11-20,10.34,8.8
2022-11-21,10.43,8.6
2022-11-22,10.61,8.1
2022-11-23,10.69,7.8
2022-11-24,10.71,7.6
2022-11-25,10.74,7.5
2022-11-26,10.73,7.4
2022-11-27,10.8,7.2
2022-11-28,10.84,6.9
2022-11-29,10.85,6.8
2022-11-30,10.81,6.8
2022-12-01,10.89,6.8
2022-12-02,11.07,6.8
2022-12-03,10.96,6.5
2022-12-04,10.98,6.2
2022-12-05,11.02,6.1
2022-12-06,11.05,6.0
2022-12-07,11.2,5.9
2022-12-08,11.37,5.6
2022-12-09,11.46,5.4
2022-12-10,11.47,5.2
2022-12-11,11.48,4.9
2022-12-12,11.63,4.5
2022-12-13,11.79,4.0
2022-12-14,12.0,3.3
2022-12-15,12.19,2.8
2022-12-16,12.49,2.6
2022-12-17,12.71,2.5
2022-12-18,12.81,2.0
2022-12-19,12.86,1.8
2022-12-20,12.84,1.9
2022-12-21,12.61,2.4
2022-12-22,12.47,3.1
2022-12-23,12.12,4.1
2022-12-24,12.1,5.7
2022-12-25,12.19,6.5
2022-12-26,11.86,6.8
2022-12-27,11.73,6.6
2022-12-28,11.99,6.2
2022-12-29,11.94,6.0
2022-12-30,11.71,6.0
2022-12-31,11.56,6.4
2023-01-01,11.35,6.8
2023-01-02,11.25,6.9
2023-01-03,11.15,7.1
2023-01-04,11.16,7.0
2023-01-05,11.19,7.2
2023-01-06,11.11,7.3
2023-01-07,10.93,7.4
2023-01-08,10.91,7.3
2023-01-09,10.87,7.0
2023-01-10,11.01,6.7
2023-01-11,11.1,6.5
2023-01-12,11.22,6.3
2023-01-13,11.42,6.2
2023-01-14,11.47,6.1
2023-01-15,11.52,6.1
2023-01-16,11.45,5.8
2023-01-17,11.49,5.3
2023-01-18,11.49,5.0
2023-01-19,11.65,4.5
2023-01-20,11.84,4.1
2023-01-21,11.97,3.8
2023-01-22,12.1,3.6
2023-01-23,12.18,3.6
2023-01-24,12.3,3.6
2023-01-25,12.27,3.6
2023-01-26,12.16,3.5
2023-01-27,12.08,3.5
2023-01-28,12.07,3.5
2023-01-29,12.11,3.4
2023-01-30,12.27,3.2
2023-01-31,12.43,3.1
2023-02-01,12.47,3.4
2023-02-02,12.46,3.5
2023-02-03,12.37,3.9
2023-02-04,12.33,4.2
2023-02-05,12.33,4.1
2023-02-06,12.26,4.0
2023-02-07,12.33,3.7
2023-02-08,12.55,3.1
2023-02-09,12.71,2.7
2023-02-10,12.82,2.4
2023-02-11,12.92,2.4
2023-02-12,12.93,2.8
2023-02-13,12.88,3.3
2023-02-14,12.75,3.6
2023-02-15,12.54,3.8
2023-02-16,12.46,4.0
2023-02-17,12.48,4.7
2023-02-18,12.2,5.9
2023-02-19,11.97,6.6
2023-02-20,11.82,7.0
2023-02-21,11.86,7.3
2023-02-22,11.8,7.4
2023-02-23,11.82,7.6
2023-02-24,11.64,7.7
2023-02-25,11.46,7.5
2023-02-26,11.54,6.9
2023-02-27,11.74,6.1
2023-02-28,11.82,5.3
2023-03-01,12.18,5.0
2023-03-02,12.46,5.0
2023-03-03,12.84,5.2
2023-03-04,13.0,5.2
2023-03-05,12.68,4.8
2023-03-06,12.44,4.7
2023-03-07,12.53,4.9
2023-03-08,12.56,5.0
2023-03-09,12.28,5.4
2023-03-10,11.91,6.2
2023-03-11,11.47,6.4
2023-03-12,11.37,6.3
2023-03-13,11.41,6.5
2023-03-14,11.2,7.4
2023-03-15,10.94,7.7
2023-03-16,11.02,7.6
2023-03-17,11.01,7.5
2023-03-18,10.88,7.9
2023-03-19,10.61,8.4
2023-03-20,10.48,8.9
2023-03-21,10.38,9.5
2023-03-22,10.31,10.3
2023-03-23,10.17,10.6
2023-03-24,10.03,10.7
2023-03-25,9.86,10.7
2023-03-26,9.83,10.3
2023-03-27,11.32,9.9
2023-03-28,10.72,9.2
2023-03-29,10.51,9.1
2023-03-30,10.6,9.1
2023-03-31,10.46,9.1
2023-04-01,10.37,9.3
2023-04-02,10.31,9.2
2023-04-03,10.4,8.9
2023-04-04,10.63,8.1
2023-04-05,10.91,8.0
2023-04-06,11.09,8.3
2023-04-07,11.07,8.5
2023-04-08,10.8,8.5
2023-04-09,10.62,8.7
2023-04-10,10.76,9.4
2023-04-11,10.72,10.0
2023-04-12,10.56,10.0
2023-04-13,10.48,10.0
2023-04-14,10.5,10.0
2023-04-15,10.35,9.8
2023-04-16,10.24,9.5
2023-04-17,10.8,9.5
2023-04-18,11.01,9.4
2023-04-19,10.74,9.5
2023-04-20,10.6,9.2
2023-04-21,11.44,9.4
2023-04-22,10.51,10.3
2023-04-23,10.16,11.3
2023-04-24,9.91,11.8
2023-04-25,9.81,12.0
2023-04-26,9.96,11.7
2023-04-27,10.05,11.6
2023-04-28,9.95,11.6
2023-04-29,10.62,11.7
2023-04-30,10.71,12.2
2023-05-01,10.34,12.0
2023-05-02,10.12,12.0
2023-05-03,10.08,12.4
2023-05-04,10.0,12.7
2023-05-05,9.79,13.1
2023-05-06,9.7,13.8
2023-05-07,9.53,14.4
2023-05-08,9.45,14.7
2023-05-09,9.7,14.6
2023-05-10,10.02,14.5
2023-05-11,11.1,13.4
2023-05-12,11.45,12.3
2023-05-13,10.93,11.7
2023-05-14,10.44,11.9
2023-05-15,10.31,12.2
2023-05-16,10.25,12.5
2023-05-17,10.89,12.2
2023-05-18,10.97,12.1
2023-05-19,10.48,12.2
2023-05-20,10.01,12.3
2023-05-21,9.77,13.3
2023-05-22,9.7,14.3
2023-05-23,9.52,15.2
2023-05-24,9.21,15.3
2023-05-25,9.16,15.2
2023-05-26,9.12,15.5
2023-05-27,9.32,15.5
2023-05-28,9.33,15.8
2023-05-29,9.3,16.4
2023-05-30,9.33,16.7
2023-05-31,9.44,17.0
2023-06-01,9.85,17.6
2023-06-02,10.18,18.2
2023-06-03,10.55,18.4
2023-06-04,10.72,18.5
2023-06-05,10.81,18.8
2023-06-06,10.57,18.9
2023-06-07,10.54,19.0
2023-06-08,10.46,19.4
2023-06-09,9.83,19.6
2023-06-10,9.69,19.8
2023-06-11,9.35,20.0
2023-06-12,8.99,20.2
2023-06-13,8.76,20.1
2023-06-14,8.54,20.0
2023-06-15,8.39,20.1
2023-06-16,8.25,20.3
2023-06-17,8.24,20.2
2023-06-18,8.46,20.4
2023-06-19,8.53,20.7
2023-06-20,8.23,21.3
2023-06-21,8.11,21.9
2023-06-22,7.82,22.1
2023-06-23,7.37,21.8
2023-06-24,7.21,21.4
2023-06-25,7.58,21.8
2023-06-26,7.98,22.3
2023-06-27,8.27,22.1
2023-06-28,8.5,21.8
2023-06-29,8.82,21.8
2023-06-30,8.89,22.0
2023-07-01,8.87,21.7
2023-07-02,8.42,21.3
2023-07-03,8.26,21.1
2023-07-04,8.56,21.2
2023-07-05,8.67,21.2
2023-07-06,8.72,21.2
2023-07-07,8.86,21.3
2023-07-08,8.32,21.7
2023-07-09,8.68,22.0
2023-07-10,8.83,22.5
2023-07-11,9.09,23.0
2023-07-12,8.67,23.1
2023-07-13,7.83,22.9
2023-07-14,7.7,22.7
2023-07-15,7.38,22.6
2023-07-16,7.51,23.0
2023-07-17,7.49,23.1
2023-07-18,7.61,23.0
2023-07-19,8.15,23.1
2023-07-20,8.63,23.0
2023-07-21,8.72,22.8
2023-07-22,8.39,22.3
2023-07-23,8.41,22.1
2023-07-24,8.06,21.7
2023-07-25,7.83,21.1
2023-07-26,7.59,20.3
2023-07-27,8.17,19.4
2023-07-28,8.39,18.8
2023-07-29,8.27,18.7
2023-07-30,8.5,18.6
2023-07-31,8.5,18.5
2023-08-01,8.34,18.6
2023-08-02,8.05,18.4
2023-08-03,8.19,18.5
2023-08-04,8.25,18.9
2023-08-05,8.0,18.7
2023-08-06,8.44,18.4
2023-08-07,9.36,17.1
2023-08-08,9.86,16.0
2023-08-09,9.6,15.6
2023-08-10,9.35,15.9
2023-08-11,9.12,16.9
2023-08-12,8.82,18.0
2023-08-13,8.54,18.8
2023-08-14,8.3,19.3
2023-08-15,8.37,20.4
2023-08-16,8.48,21.1
2023-08-17,8.45,21.5
2023-08-18,8.27,21.8
2023-08-19,8.17,22.1
2023-08-20,8.35,22.4
2023-08-21,8.48,22.9
2023-08-22,8.55,23.4
2023-08-23,8.65,23.7
2023-08-24,8.63,23.8
2023-08-25,8.3,23.6
2023-08-26,7.59,23.1
2023-08-27,6.88,22.2
2023-08-28,8.58,20.4
2023-08-29,10.31,17.9
2023-08-30,10.51,15.5
2023-08-31,10.79,15.6
2023-09-01,9.67,16.0
2023-09-02,8.89,16.6
2023-09-03,8.33,17.3
2023-09-04,8.12,17.8
2023-09-05,8.04,18.1
2023-09-06,8.08,18.3
2023-09-07,8.06,18.7
2023-09-08,8.09,18.9
2023-09-09,8.13,19.2
2023-09-10,8.17,19.6
2023-09-11,8.15,20.0
2023-09-12,8.17,20.5
2023-09-13,8.1,20.5
2023-09-14,8.0,20.3
2023-09-15,7.84,19.9
2023-09-16,8.13,19.8
2023-09-17,8.29,19.7
2023-09-18,8.37,19.8
2023-09-19,8.43,19.4
2023-09-20,8.52,19.1
2023-09-21,8.73,19.0
2023-09-22,8.69,18.8
2023-09-23,8.28,18.0
2023-09-24,8.7,17.3
2023-09-25,9.11,16.8
2023-09-26,9.2,16.7
2023-09-27,9.37,16.7
2023-09-28,9.52,16.8
2023-09-29,9.62,16.9
2023-09-30,9.67,17.0
2023-10-01,9.73,16.9
2023-10-02,9.73,16.8
2023-10-03,9.76,16.9
2023-10-04,9.66,16.8
2023-10-05,9.53,16.4
2023-10-06,9.58,16.0
2023-10-07,9.58,15.8
2023-10-08,9.56,15.6
2023-10-09,9.45,15.4
2023-10-10,9.41,15.5
2023-10-11,9.37,15.5
2023-10-12,9.39,15.6
2023-10-13,9.31,15.6
2023-10-14,9.05,15.6
2023-10-15,8.89,15.2
2023-10-16,8.68,14.3
2023-10-17,8.97,13.4
2023-10-18,9.21,12.7
2023-10-19,9.38,12.3
2023-10-20,9.53,12.4
2023-10-21,9.27,12.7
2023-10-22,9.21,12.8
2023-10-23,9.31,12.6
2023-10-24,9.3,12.5
2023-10-25,9.13,12.5
2023-10-26,9.09,12.3
2023-10-27,9.08,12.3
2023-10-28,9.0,12.1
2023-10-29,9.09,12.1
2023-10-30,8.98,12.1
2023-10-31,9.02,12.1
2023-11-01,9.18,12.0
2023-11-02,9.24,11.7
2023-11-03,9.07,11.2
2023-11-04,9.15,10.7
2023-11-05,9.45,10.2
2023-11-06,9.67,9.9
2023-11-07,9.76,9.6
2023-11-08,9.93,9.3
2023-11-09,9.98,9.1
2023-11-10,9.94,8.9
2023-11-11,10.03,8.7
2023-11-12,10.11,8.3
2023-11-13,10.21,8.2
2023-11-14,11.41,8.6
2023-11-15,12.9,8.8
2023-11-16,12.71,9.0
2023-11-17,12.85,8.7
2023-11-18,13.12,8.3
2023-11-19,13.08,8.3
2023-11-20,12.89,8.7
2023-11-21,12.85,8.7
2023-11-22,12.56,8.5
2023-11-23,11.81,8.0
2023-11-24,11.5,7.7
2023-11-25,11.41,7.0
2023-11-26,11.51,6.5
2023-11-27,11.53,6.1
2023-11-28,11.44,5.9
2023-11-29,11.87,5.6
2023-11-30,11.97,5.1
2023-12-01,11.82,4.8
2023-12-02,13.31,4.5
2023-12-03,13.14,3.8
2023-12-04,12.78,3.3
2023-12-05,12.56,3.0
2023-12-06,12.51,3.2
2023-12-07,12.51,3.9
2023-12-08,12.3,4.1
2023-12-09,12.18,4.3
2023-12-10,13.38,5.1
2023-12-11,13.73,5.8
2023-12-12,13.72,6.1
2023-12-13,13.58,6.4
2023-12-14,13.31,6.8
2023-12-15,13.78,6.9
2023-12-16,13.87,6.7
2023-12-17,13.63,6.4
2023-12-18,13.1,5.9
2023-12-19,12.81,5.4
2023-12-20,12.62,5.4
2023-12-21,12.43,5.6
2023-12-22,12.53,5.8
2023-12-23,13.62,6.2
2023-12-24,13.67,6.4
2023-12-25,13.52,6.6
2023-12-26,13.34,6.7
2023-12-27,12.76,6.7
2023-12-28,12.24,6.5
2023-12-29,12.11,6.4
2023-12-30,11.91,6.4
2023-12-31,11.71,6.2
2024-01-01,11.66,6.1
2024-01-02,11.64,6.1
2024-01-03,11.6,6.3
2024-01-04,11.65,6.6
2024-01-05,11.83,6.6
2024-01-06,11.84,6.4
2024-01-07,11.97,6.3
2024-01-08,12.21,5.5
2024-01-09,12.5,4.1
2024-01-10,12.71,3.1
2024-01-11,12.75,2.7
2024-01-12,12.8,2.6
2024-01-13,12.77,2.5
2024-01-14,12.7,2.5
2024-01-15,12.59,2.5
2024-01-16,12.51,2.5
2024-01-17,12.51,2.4
2024-01-18,12.47,2.8
2024-01-19,,3.6
2024-01-20,,3.3
2024-01-21,,2.7
2024-01-22,13.04,2.5
2024-01-23,12.92,2.9
2024-01-24,13.01,4.0
2024-01-25,13.15,5.0
2024-01-26,13.71,5.9
2024-01-27,13.38,5.9
2024-01-28,13.11,5.4
2024-01-29,12.8,5.0
2024-01-30,12.66,4.7
2024-01-31,12.41,4.8
2024-02-01,12.18,5.1
2024-02-02,12.01,5.4
2024-02-03,11.95,5.6
2024-02-04,11.74,6.0
2024-02-05,11.55,6.4
2024-02-06,11.44,6.5
2024-02-07,11.45,6.3
2024-02-08,11.37,6.5
2024-02-09,11.13,7.0
2024-02-10,10.89,7.2
2024-02-11,10.74,7.4
2024-02-12,10.82,7.5
2024-02-13,10.94,7.4
2024-02-14,11.19,7.2
2024-02-15,11.26,7.4
2024-02-16,11.31,7.7
2024-02-17,11.12,8.0
2024-02-18,11.07,8.4
2024-02-19,11.04,8.5
2024-02-20,11.14,8.4
2024-02-21,11.17,8.3
2024-02-22,11.05,8.3
2024-02-23,10.78,8.1
2024-02-24,11.03,7.6
2024-02-25,11.27,7.3
2024-02-26,11.2,7.1
2024-02-27,11.03,7.3
2024-02-28,10.98,7.5
2024-02-29,11.01,7.5
2024-03-01,10.95,7.2
2024-03-02,11.0,7.6
2024-03-03,10.98,7.8
2024-03-04,10.85,8.0
2024-03-05,10.67,8.1
2024-03-06,10.68,8.1
2024-03-07,10.77,7.9
2024-03-08,11.0,7.5
2024-03-09,11.08,7.4
2024-03-10,11.03,7.6
2024-03-11,11.09,7.6
2024-03-12,11.08,8.0
2024-03-13,10.93,8.2
2024-03-14,10.95,8.5
2024-03-15,10.91,9.0
2024-03-16,10.85,9.4
2024-03-17,10.7,9.7
2024-03-18,10.69,10.0
2024-03-19,10.68,10.1
2024-03-20,10.91,10.3
2024-03-21,10.88,10.3
2024-03-22,10.74,10.3
2024-03-23,10.7,10.4
2024-03-24,10.68,9.8
2024-03-25,10.88,9.3
2024-03-26,11.22,9.1
2024-03-27,11.21,9.3
2024-03-28,10.9,9.2
2024-03-29,10.92,9.1
2024-03-30,11.02,9.5
2024-03-31,11.16,9.8
2024-04-01,10.95,10.2
2024-04-02,10.78,10.3
2024-04-03,10.84,10.1
2024-04-04,10.95,10.2
2024-04-05,11.1,10.6
2024-04-06,11.1,11.6
2024-04-07,11.12,12.5
2024-04-08,11.0,13.3
2024-04-09,10.48,13.7
2024-04-10,9.96,13.2
2024-04-11,10.16,12.9
2024-04-12,10.56,13.0
2024-04-13,10.77,13.1
2024-04-14,10.75,13.5
2024-04-15,10.42,13.8
2024-04-16,10.1,13.1
2024-04-17,9.98,12.2
2024-04-18,10.25,11.5
2024-04-19,10.46,10.9
2024-04-20,10.56,9.7
2024-04-21,10.88,9.3
2024-04-22,11.19,8.7
2024-04-23,11.24,8.4
2024-04-24,11.51,8.3
2024-04-25,11.59,8.3
2024-04-26,11.7,8.6
2024-04-27,11.93,9.4
2024-04-28,11.8,10.5
2024-04-29,11.63,11.5
2024-04-30,11.48,12.9
2024-05-01,10.98,13.9
2024-05-02,10.48,14.6
2024-05-03,9.93,14.4
2024-05-04,9.75,14.0
2024-05-05,10.05,14.2
2024-05-06,10.03,14.3
2024-05-07,9.96,14.5
2024-05-08,9.45,14.3
2024-05-09,9.55,14.1
2024-05-10,9.85,14.4
2024-05-11,10.09,14.7
2024-05-12,10.18,15.1
2024-05-13,10.19,15.7
2024-05-14,10.28,16.4
2024-05-15,10.18,16.8
2024-05-16,9.99,17.0
2024-05-17,9.53,16.7
2024-05-18,9.23,15.8
2024-05-19,9.33,15.9
2024-05-20,9.16,16.1
2024-05-21,8.82,16.5
2024-05-22,8.5,16.1
2024-05-23,8.72,16.0
2024-05-24,9.04,15.9
2024-05-25,9.38,15.9
2024-05-26,9.61,16.0
2024-05-27,9.28,16.4
2024-05-28,9.02,16.3
2024-05-29,9.43,16.0
2024-05-30,9.22,15.9
2024-05-31,9.73,15.4
2024-06-01,10.94,14.0
2024-06-02,10.27,13.3
2024-06-03,9.66,13.7
2024-06-04,9.34,14.3
2024-06-05,9.11,15.0
2024-06-06,9.21,15.9
2024-06-07,9.68,16.6
2024-06-08,10.47,16.7
2024-06-09,10.57,16.3
2024-06-10,10.72,16.0
2024-06-11,10.72,15.6
2024-06-12,10.63,15.0
2024-06-13,10.15,14.9
2024-06-14,9.71,14.7
2024-06-15,9.42,14.9
2024-06-16,9.53,15.5
2024-06-17,9.44,16.2
2024-06-18,9.75,16.9
2024-06-19,9.5,17.8
2024-06-20,,18.4
2024-06-21,,18.2
2024-06-22,,17.9
2024-06-23,,17.4
2024-06-24,10.1,17.3
2024-06-25,9.64,17.8
2024-06-26,9.26,18.4
2024-06-27,9.19,18.7
2024-06-28,9.12,19.3
2024-06-29,9.21,19.7
2024-06-30,8.98,19.9
2024-07-01,8.86,19.2
2024-07-02,9.0,18.5
2024-07-03,9.18,17.7
2024-07-04,9.28,17.0
2024-07-05,9.42,16.9
2024-07-06,9.39,17.5
2024-07-07,9.06,17.8
2024-07-08,9.27,17.8
2024-07-09,9.34,18.7
2024-07-10,9.3,19.4
2024-07-11,9.07,19.7
2024-07-12,8.94,20.0
2024-07-13,8.94,19.9
2024-07-14,9.0,19.4
2024-07-15,8.89,19.5
2024-07-16,8.6,19.6
2024-07-17,8.3,19.3
2024-07-18,8.39,19.5
2024-07-19,8.5,20.1
2024-07-20,8.59,20.7
2024-07-21,8.99,21.1
2024-07-22,9.09,21.4
2024-07-23,8.86,21.2
2024-07-24,8.72,20.9
2024-07-25,8.58,20.5
2024-07-26,8.49,20.4
2024-07-27,8.16,20.6
2024-07-28,8.22,20.9
2024-07-29,8.75,20.9
2024-07-30,9.53,21.0
2024-07-31,9.92,21.4
2024-08-01,9.8,21.6
2024-08-02,9.3,21.4
2024-08-03,9.13,21.3
2024-08-04,8.97,21.2
2024-08-05,8.81,21.0
2024-08-06,8.1,20.9
2024-08-07,8.21,20.9
2024-08-08,8.16,20.7
2024-08-09,8.49,20.6
2024-08-10,8.82,21.1
2024-08-11,9.13,21.5
2024-08-12,9.52,22.0
2024-08-13,9.96,22.4
2024-08-14,10.27,22.8
2024-08-15,10.4,23.0
2024-08-16,9.8,23.1
2024-08-17,9.08,23.0
2024-08-18,8.29,22.6
2024-08-19,7.75,21.1
2024-08-20,8.26,19.8
2024-08-21,7.94,19.2
2024-08-22,8.04,19.0
2024-08-23,8.48,19.0
2024-08-24,8.62,19.3
2024-08-25,8.34,19.5
2024-08-26,8.22,18.9
2024-08-27,8.15,18.9
2024-08-28,8.95,19.3
2024-08-29,8.76,19.9
2024-08-30,8.86,20.3
2024-08-31,8.98,20.6
2024-09-01,9.16,20.9
2024-09-02,8.96,20.9
2024-09-03,8.5,20.9
2024-09-04,8.79,21.4
2024-09-05,8.74,21.6
2024-09-06,8.51,21.7
2024-09-07,8.55,21.5
2024-09-08,8.41,21.2
2024-09-09,8.08,20.4
2024-09-10,8.08,19.6
2024-09-11,8.15,18.8
2024-09-12,8.43,17.5
2024-09-13,8.76,16.5
2024-09-14,8.95,15.3
2024-09-15,9.83,14.4
2024-09-16,9.91,13.9
2024-09-17,9.95,13.6
2024-09-18,10.99,13.7
2024-09-19,9.97,14.0
2024-09-20,9.53,14.4
2024-09-21,9.34,14.9
2024-09-22,9.19,15.1
2024-09-23,9.17,15.5
2024-09-24,9.1,15.7
2024-09-25,9.18,15.5
2024-09-26,9.02,15.5
2024-09-27,8.85,15.2
2024-09-28,9.02,14.7
2024-09-29,9.9,14.0
2024-09-30,10.1,13.2
2024-10-01,9.85,13.0
2024-10-02,9.55,13.3
2024-10-03,9.58,13.2
2024-10-04,9.6,12.6
2024-10-05,10.22,12.3
2024-10-06,10.4,11.9
2024-10-07,9.92,12.0
2024-10-08,9.64,12.5
2024-10-09,9.68,13.1
2024-10-10,9.52,13.4
2024-10-11,9.54,13.4
2024-10-12,9.85,12.8
2024-10-13,10.01,12.5
2024-10-14,10.02,11.9
2024-10-15,10.15,11.8
2024-10-16,10.26,12.1
2024-10-17,10.15,12.5
2024-10-18,9.87,12.7
2024-10-19,9.6,12.9
2024-10-20,9.54,13.0
2024-10-21,9.49,12.9
2024-10-22,9.57,13.0
2024-10-23,9.62,13.2
2024-10-24,9.51,13.0
2024-10-25,9.34,12.8
2024-10-26,9.23,12.7
2024-10-27,9.2,12.6
2024-10-28,9.18,12.6
2024-10-29,9.15,12.5
2024-10-30,9.29,12.5
2024-10-31,9.19,12.5
2024-11-01,9.16,12.4
2024-11-02,9.21,12.2
2024-11-03,9.29,11.9
2024-11-04,9.42,11.4
2024-11-05,9.43,10.8
2024-11-06,9.54,10.5
2024-11-07,9.54,10.5
2024-11-08,9.4,10.3
2024-11-09,9.48,10.0
2024-11-10,9.54,9.7
2024-11-11,9.59,9.5
2024-11-12,9.71,9.2
2024-11-13,9.82,8.7
2024-11-14,9.87,8.4
2024-11-15,9.9,8.3
2024-11-16,10.06,8.0
2024-11-17,10.14,7.8
2024-11-18,10.28,7.7
2024-11-19,10.32,7.8
2024-11-20,10.4,7.8
2024-11-21,10.46,7.0
2024-11-22,10.6,6.4
2024-11-23,10.83,5.9
2024-11-24,10.92,5.8
2024-11-25,11.01,5.8
2024-11-26,11.03,6.2
2024-11-27,10.99,6.4
2024-11-28,10.84,6.7
2024-11-29,10.87,6.7
2024-11-30,11.1,6.4
2024-12-01,11.12,5.8
2024-12-02,11.12,5.5
2024-12-03,11.11,5.6
2024-12-04,11.09,5.8
2024-12-05,11.06,5.8
2024-12-06,11.06,5.9
2024-12-07,11.11,5.7
2024-12-08,11.17,5.6
2024-12-09,11.12,5.7
2024-12-10,11.41,5.6
2024-12-11,11.58,5.6
2024-12-12,11.57,5.5
2024-12-13,11.58,5.3
2024-12-14,11.57,5.1
2024-12-15,11.59,5.0
2024-12-16,11.71,5.1
2024-12-17,11.67,5.5
2024-12-18,11.53,5.6
2024-12-19,11.4,5.7
2024-12-20,11.31,5.7
2024-12-21,11.35,5.5
2024-12-22,11.37,5.4
2024-12-23,11.56,5.0
2024-12-24,11.91,4.9
2024-12-25,11.89,4.5
2024-12-26,11.92,4.2
2024-12-27,11.98,3.9
2024-12-28,12.01,3.8
2024-12-29,12.06,3.7
2024-12-30,12.07,3.6
2024-12-31,12.05,3.6
2025-01-01,12.13,3.5
2025-01-02,12.15,3.4
2025-01-03,12.18,3.5
2025-01-04,12.29,3.1
2025-01-05,12.14,3.1
2025-01-06,12.66,3.2
2025-01-07,12.67,3.8
2025-01-08,12.58,4.0
2025-01-09,12.84,4.2
2025-01-10,13.21,4.5
2025-01-11,12.98,4.2
2025-01-12,12.9,3.7
2025-01-13,13.03,3.1
2025-01-14,12.88,2.8
2025-01-15,12.67,2.8
2025-01-16,12.57,3.0
2025-01-17,12.45,3.2
2025-01-18,12.21,3.5
2025-01-19,12.15,3.5
2025-01-20,12.07,3.6
2025-01-21,12.07,3.7
2025-01-22,12.24,3.5
2025-01-23,11.96,3.6
2025-01-24,11.99,3.9
2025-01-25,11.87,4.3
2025-01-26,11.66,4.7
2025-01-27,11.6,5.0
2025-01-28,11.44,5.3
2025-01-29,12.58,5.6
2025-01-30,12.12,5.1
2025-01-31,12.11,5.0
2025-02-01,11.89,4.8
2025-02-02,11.83,4.5
2025-02-03,11.95,4.2
2025-02-04,12.02,4.1
2025-02-05,12.1,4.0
2025-02-06,12.14,4.1
2025-02-07,12.24,4.2
2025-02-08,12.17,4.1
2025-02-09,12.2,4.2
2025-02-10,12.18,4.4
2025-02-11,12.17,4.5
2025-02-12,11.96,4.9
2025-02-13,11.68,5.3
2025-02-14,11.46,5.4
2025-02-15,11.52,5.2
2025-02-16,11.66,4.6
2025-02-17,11.98,4.0
2025-02-18,12.22,3.7
2025-02-19,12.43,3.3
2025-02-20,12.54,3.3
2025-02-21,12.49,4.0
2025-02-22,12.4,4.6
2025-02-23,12.27,5.2
2025-02-24,12.01,5.8
2025-02-25,11.97,6.5
2025-02-26,11.65,7.0
2025-02-27,11.45,6.9
2025-02-28,11.57,6.7
2025-03-01,11.63,6.6
2025-03-02,11.98,6.3
2025-03-03,12.37,6.1
2025-03-04,12.61,6.1
2025-03-05,12.84,6.3
2025-03-06,12.99,6.6
2025-03-07,13.07,6.9
2025-03-08,13.05,7.3
2025-03-09,13.01,7.6
2025-03-10,12.76,7.8
2025-03-11,12.42,7.9
2025-03-12,12.33,8.0
2025-03-13,12.05,8.0
2025-03-14,11.86,7.9
2025-03-15,11.71,7.8
2025-03-16,11.71,7.5
2025-03-17,11.89,7.3
2025-03-18,12.12,6.7
2025-03-19,12.6,6.5
2025-03-20,12.94,7.0
2025-03-21,13.13,7.6
2025-03-22,12.8,8.4
2025-03-23,12.36,8.9
2025-03-24,11.86,9.3
2025-03-25,11.37,9.8
2025-03-26,11.17,9.9
2025-03-27,11.04,10.1
2025-03-28,11.41,10.2
2025-03-29,11.54,10.4
2025-03-30,11.39,10.3
2025-03-31,11.24,10.0
2025-04-01,10.86,9.6
2025-04-02,11.27,9.7
2025-04-03,11.54,10.1
2025-04-04,11.78,10.6
2025-04-05,11.72,11.1
2025-04-06,11.66,11.1
2025-04-07,11.93,10.9
2025-04-08,,11.0
2025-04-09,11.88,11.1
2025-04-10,12.6,11.2
2025-04-11,12.79,11.6
2025-04-12,12.78,12.1
2025-04-13,12.7,12.4
2025-04-14,12.69,13.0
2025-04-15,12.2,13.6
2025-04-16,12.06,14.1
2025-04-17,11.5,14.4
2025-04-18,10.47,14.0
2025-04-19,10.26,13.6
2025-04-20,10.76,13.9
2025-04-21,10.61,14.0
2025-04-22,11.2,14.1
2025-04-23,11.74,14.4
2025-04-24,11.52,14.4
2025-04-25,11.01,14.0
2025-04-26,10.63,13.8
2025-04-27,10.67,13.8
2025-04-28,11.35,14.3
2025-04-29,12.24,15.0
2025-04-30,13.17,15.7
2025-05-01,13.94,16.4
2025-05-02,13.9,17.0
2025-05-03,12.37,17.4
2025-05-04,9.69,16.9
2025-05-05,8.68,15.9
2025-05-06,9.04,15.0
2025-05-07,9.26,14.7
2025-05-08,8.9,14.2
2025-05-09,9.23,13.8
2025-05-10,9.76,14.1
2025-05-11,10.28,14.4
2025-05-12,10.95,14.9
2025-05-13,10.98,15.4
2025-05-14,11.51,15.9
2025-05-15,11.42,16.2
2025-05-16,10.83,16.0
2025-05-17,10.61,15.8
2025-05-18,10.25,15.9
2025-05-19,10.92,16.1
2025-05-20,11.63,16.5
2025-05-21,11.46,17.1
2025-05-22,10.55,16.8
2025-05-23,10.02,16.0
2025-05-24,10.38,15.7
2025-05-25,10.35,15.7
2025-05-26,10.15,15.9
2025-05-27,9.93,16.1
2025-05-28,9.36,15.8
2025-05-29,8.74,15.6
2025-05-30,8.86,16.1
2025-05-31,9.14,17.1
2025-06-01,8.94,17.8
2025-06-02,8.25,18.1
2025-06-03,7.99,18.1
2025-06-04,8.0,18.3
2025-06-05,8.14,18.6
2025-06-06,8.01,18.6
2025-06-07,8.04,18.4
2025-06-08,7.98,17.8
2025-06-09,8.73,17.5
2025-06-10,9.56,17.8
2025-06-11,9.43,18.1
2025-06-12,9.42,18.7
2025-06-13,9.49,19.3
2025-06-14,9.66,19.8
2025-06-15,9.6,20.8
2025-06-16,8.95,21.0
2025-06-17,8.73,21.1
2025-06-18,8.46,21.5
2025-06-19,8.65,21.9
2025-06-20,8.71,22.2
2025-06-21,8.98,22.2
2025-06-22,9.32,22.3
2025-06-23,9.14,22.6
2025-06-24,9.12,22.6
2025-06-25,8.7,22.8
2025-06-26,8.3,23.0
2025-06-27,7.97,22.9
2025-06-28,8.03,22.9
2025-06-29,8.17,23.4
2025-06-30,8.51,24.0
2025-07-01,8.71,24.4
2025-07-02,8.89,24.8
2025-07-03,8.7,24.8
2025-07-04,8.45,24.6
2025-07-05,8.24,24.3
2025-07-06,8.3,24.0
2025-07-07,8.07,23.3
2025-07-08,7.62,22.3
2025-07-09,7.65,21.0
2025-07-10,8.05,20.1
2025-07-11,8.38,20.1
2025-07-12,8.31,20.3
2025-07-13,8.3,20.5
2025-07-14,8.44,20.5
2025-07-15,8.27,20.2
2025-07-16,8.12,20.0
2025-07-17,8.27,19.7
2025-07-18,8.26,19.9
2025-07-19,8.56,20.4
2025-07-20,8.77,21.1
2025-07-21,8.23,21.2
2025-07-22,7.84,20.6
2025-07-23,8.1,20.4
2025-07-24,7.94,20.0
2025-07-25,7.73,19.8
2025-07-26,7.76,19.2
2025-07-27,7.84,18.8
2025-07-28,8.7,18.2
2025-07-29,9.26,17.4
2025-07-30,9.09,16.8
2025-07-31,8.61,16.4
2025-08-01,8.56,16.6
2025-08-02,8.39,16.7
2025-08-03,9.07,16.4
2025-08-04,9.12,16.2
2025-08-05,8.84,16.1
2025-08-06,8.97,16.7
2025-08-07,9.14,17.3
2025-08-08,9.06,18.1
2025-08-09,8.8,18.9
2025-08-10,8.68,19.8
2025-08-11,8.66,20.4
2025-08-12,8.76,20.7
2025-08-13,8.84,21.4
2025-08-14,8.92,22.0
2025-08-15,8.97,22.5
2025-08-16,8.62,22.6
2025-08-17,8.4,22.4
2025-08-18,8.66,22.2
2025-08-19,9.03,21.9
2025-08-20,9.23,21.6
2025-08-21,8.99,21.4
2025-08-22,8.05,20.7
2025-08-23,8.21,19.9
2025-08-24,8.65,19.4
2025-08-25,9.21,19.2
2025-08-26,9.61,19.2
2025-08-27,9.85,19.6
2025-08-28,9.55,19.8
2025-08-29,8.92,19.6
2025-08-30,8.89,19.4
2025-08-31,8.85,19.0
2025-09-01,9.06,19.0
2025-09-02,9.01,18.8
2025-09-03,9.03,18.6
2025-09-04,9.4,18.8
2025-09-05,9.06,18.6
2025-09-06,8.43,18.1
2025-09-07,8.79,17.9
2025-09-08,9.18,17.8
2025-09-09,8.86,17.7
2025-09-10,8.4,17.0
2025-09-11,8.48,16.8
2025-09-12,8.9,16.7
2025-09-13,9.1,16.6
2025-09-14,9.26,16.7
2025-09-15,9.3,16.8
2025-09-16,9.29,17.1
2025-09-17,9.2,16.6
2025-09-18,9.38,16.7
2025-09-19,9.57,17.1
2025-09-20,9.74,17.4
2025-09-21,9.72,17.8
2025-09-22,9.29,17.8
2025-09-23,8.33,16.8
2025-09-24,8.23,15.8
2025-09-25,8.18,14.9
2025-09-26,8.7,14.2
2025-09-27,8.84,14.0
2025-09-28,8.8,13.9
2025-09-29,8.76,13.9
2025-09-30,8.78,13.7
2025-10-01,8.87,13.4
2025-10-02,9.25,13.2
2025-10-03,9.24,13.0
2025-10-04,9.4,12.9
2025-10-05,9.37,12.7
2025-10-06,9.43,12.3
2025-10-07,9.29,12.1
2025-10-08,9.45,12.3
2025-10-09,9.64,12.7
2025-10-10,9.5,12.8
2025-10-11,9.48,12.8
2025-10-12,9.58,13.0
2025-10-13,9.5,13.0
2025-10-14,9.5,13.0
2025-10-15,9.65,12.8
2025-10-16,9.56,12.5
2025-10-17,9.67,12.3
2025-10-18,9.77,12.2
2025-10-19,9.89,11.7
2025-10-20,10.02,11.3
2025-10-21,10.02,11.4
2025-10-22,9.87,11.5
2025-10-23,9.58,11.8
2025-10-24,9.42,11.5
2025-10-25,9.53,11.0
2025-10-26,9.56,10.7
2025-10-27,10.01,10.0
2025-10-28,10.22,9.4
2025-10-29,10.63,9.2
2025-10-30,10.55,9.5
2025-10-31,10.42,9.5
2025-11-01,10.31,9.6
2025-11-02,10.12,9.9
2025-11-03,9.97,10.1
2025-11-04,10.1,10.0
2025-11-05,10.14,9.8
2025-11-06,10.12,9.2
2025-11-07,10.05,8.8
2025-11-08,10.06,8.5
2025-11-09,10.05,8.4
2025-11-10,10.09,8.6
2025-11-11,10.22,8.8
2025-11-12,10.25,9.0
2025-11-13,10.33,8.9
2025-11-14,10.33,8.8
2025-11-15,10.39,8.7
2025-11-16,10.36,8.8
2025-11-17,10.27,8.8
2025-11-18,10.32,8.5
2025-11-19,10.44,7.7
2025-11-20,10.56,7.2
2025-11-21,10.67,6.7
2025-11-22,10.93,6.0
2025-11-23,11.19,5.2
2025-11-24,11.34,4.8
2025-11-25,11.39,4.8
2025-11-26,11.48,5.0
2025-11-27,11.39,5.1
2025-11-28,11.43,4.9
2025-11-29,11.45,5.1
2025-11-30,11.37,5.2
2025-12-01,11.27,5.4
2025-12-02,11.24,5.6
2025-12-03,11.1,5.7
2025-12-04,11.06,5.4
2025-12-05,11.05,5.3
2025-12-06,11.1,5.4
2025-12-07,11.07,5.6
2025-12-08,11.03,6.2
2025-12-09,11.05,6.9
2025-12-10,11.05,7.2
2025-12-11,10.92,7.2
2025-12-12,10.75,7.3
2025-12-13,10.58,7.3
2025-12-14,10.51,7.2
2025-12-15,10.49,7.0
2025-12-16,10.56,6.4
2025-12-17,10.67,6.0
2025-12-18,10.84,5.8
2025-12-19,10.99,5.7
2025-12-20,11.05,5.6
2025-12-21,11.14,5.4
2025-12-22,11.1,5.1
2025-12-23,11.1,4.9
2025-12-24,11.25,4.6
2025-12-25,11.48,4.0
2025-12-26,11.67,3.4
2025-12-27,11.76,3.2
2025-12-28,11.85,3.1
2025-12-29,11.91,3.0
2025-12-30,11.96,2.8
2025-12-31,12.04,2.5
