date,oxygen_mg_l,temp_spot_c
2002-09-05,,16.9
2004-05-10,,11.6
2004-05-11,,11.3
2004-05-12,,11.5
2004-05-13,,12.1
2004-05-14,,12.5
2004-05-15,,12.5
2004-05-16,,12.7
2004-05-17,,12.5
2004-05-18,,12.6
2004-05-19,,13.7
2004-05-20,,14.5
2004-05-21,,14.7
2004-05-22,,14.6
2004-05-23,,13.5
2004-05-24,,12.9
2004-05-25,,12.9
2004-05-26,,13.4
2004-05-27,,13.8
2004-05-28,,13.9
2004-05-29,,13.6
2004-05-30,,13.7
2004-05-31,,14.3
2004-06-01,,14.7
2004-06-02,,14.7
2004-06-03,,14.2
2004-06-04,,13.0
2004-06-08,,13.6
2004-06-09,,15.1
2004-06-10,,16.0
2004-06-11,,15.6
2004-06-12,,15.4
2004-06-13,,14.6
2004-06-14,,14.1
2004-06-15,,14.6
2004-06-16,,13.4
2004-06-17,,14.9
2004-06-18,,15.4
2004-06-19,,15.6
2004-06-20,,14.9
2004-06-21,,13.8
2004-06-22,,14.2
2004-06-23,,14.7
2004-06-24,,15.0
2004-06-25,,15.0
2004-06-26,,15.1
2004-06-27,,15.6
2004-06-28,,16.0
2004-06-29,,15.6
2004-06-30,,15.6
2004-07-01,,14.4
2004-07-02,,15.5
2004-07-03,,15.1
2004-07-04,,15.4
2004-07-05,,15.8
2004-07-06,,16.1
2004-07-07,,16.4
2004-07-08,,16.5
2004-07-09,,13.9
2004-07-10,,15.7
2004-07-11,,14.8
2004-07-12,,14.5
2004-07-13,,14.4
2004-07-14,,14.4
2004-07-15,,14.4
2004-07-16,,14.5
2004-07-17,,15.0
2004-07-18,,16.2
2004-07-19,,17.2
2004-07-20,,17.6
2004-07-21,,18.6
2004-07-22,,18.6
2004-07-23,,18.5
2004-07-24,,18.6
2004-07-25,,18.0
2004-07-26,,17.6
2004-07-27,,17.4
2004-07-28,,16.9
2004-07-29,,16.9
2004-07-30,,17.0
2004-07-31,,17.3
2004-08-01,,17.9
2004-08-02,,18.2
2004-08-03,,18.5
2004-08-04,,18.8
2004-08-05,,19.4
2004-08-06,,19.3
2004-08-07,,19.3
2004-08-08,,19.4
2004-08-09,,19.6
2004-08-10,,19.4
2006-02-01,,1.1
2007-07-05,,16.4
2007-07-26,,20.0
2007-07-27,,19.4
2007-07-30,,19.1
2007-07-31,,18.7
2007-08-01,,18.8
2007-08-02,,18.9
2007-08-03,,18.4
2007-08-04,,18.1
2007-08-05,,18.1
2007-08-06,,18.2
2007-08-07,,18.4
2007-08-08,,18.6
2007-08-09,,16.7
2007-08-10,,18.7
2007-08-11,,17.9
2007-08-12,,17.4
2007-08-13,,17.4
2007-08-14,,17.4
2007-08-15,,18.0
2007-08-16,,16.7
2007-08-17,,18.2
2007-08-18,,17.6
2007-08-19,,17.7
2007-08-20,,17.8
2007-08-21,,17.2
2007-08-22,,17.4
2007-08-23,,17.8
2007-08-24,,18.0
2007-08-25,,18.2
2007-08-26,,18.2
2007-08-27,,18.8
2007-08-28,,19.0
2007-08-29,,18.6
2007-08-30,,17.8
2007-08-31,,16.5
2007-09-01,,16.2
2007-09-03,,15.7
2007-09-04,,15.3
2007-09-05,,14.6
2007-09-06,,12.9
2007-09-07,,11.4
2007-09-08,,11.5
2007-09-09,,11.8
2007-09-10,,12.0
2007-09-11,,12.2
2007-09-12,,12.1
2007-09-13,,12.5
2007-09-14,,11.7
2007-09-15,,13.3
2007-09-16,,13.3
2007-09-17,,13.7
2007-09-18,,13.9
2007-09-19,,14.0
2007-09-20,,13.0
2007-09-21,,13.0
2007-09-22,,13.1
2007-09-23,,13.4
2007-09-24,,13.5
2007-09-25,,13.6
2007-09-26,,13.5
2007-09-27,,13.4
2007-09-28,,13.1
2007-09-29,,12.6
2007-09-30,,12.5
2007-10-01,,12.6
2007-10-02,,12.7
2007-10-03,,12.9
2007-10-04,,13.4
2007-10-05,,13.4
2007-10-06,,13.5
2007-10-07,,13.4
2007-10-08,,13.3
2007-10-09,,13.0
2007-10-10,,13.0
2007-10-11,,12.4
2007-10-12,,12.7
2007-10-13,,12.4
2007-10-14,,12.0
2007-10-15,,11.7
2007-10-16,,11.5
2007-10-17,,11.4
2007-10-18,,11.6
2007-10-19,,11.3
2007-10-20,,10.8
2007-10-21,,10.2
2007-10-22,,9.6
2007-10-23,,9.1
2007-10-24,,8.6
2007-10-25,,8.4
2007-10-26,,8.3
2007-10-27,,8.4
2007-10-28,,8.4
2007-10-29,,8.5
2007-10-30,,8.6
2007-10-31,,8.7
2007-11-01,,8.6
2007-11-02,,8.5
2007-11-03,,8.4
2007-11-04,,8.7
2007-11-05,,8.8
2007-11-06,,8.5
2007-11-07,,8.2
2007-11-08,,8.2
2007-11-09,,7.6
2007-11-10,,7.3
2007-11-11,,6.6
2007-11-12,,5.9
2007-11-13,,5.8
2007-11-14,,5.6
2007-11-15,,5.6
2007-11-16,,5.1
2007-11-17,,4.8
2007-11-18,,4.7
2007-11-19,,4.6
2007-11-20,,4.5
2007-11-21,,4.4
2007-11-22,,4.5
2007-11-23,,4.4
2007-11-24,,4.6
2007-11-25,,5.0
2007-11-26,,5.3
2007-11-27,,5.0
2007-11-28,,5.0
2007-11-29,,4.5
2007-11-30,,4.2
2007-12-01,,4.2
2007-12-02,,4.6
2007-12-03,,4.8
2007-12-04,,5.1
2007-12-05,,5.6
2007-12-06,,5.5
2007-12-07,,5.7
2007-12-08,,6.0
2007-12-09,,6.0
2007-12-10,,5.9
2007-12-11,,5.7
2007-12-12,,5.8
2007-12-13,,6.3
2007-12-14,,5.6
2007-12-15,,5.1
2007-12-16,,4.7
2007-12-17,,4.2
2007-12-18,,3.6
2007-12-19,,3.1
2007-12-20,,2.4
2007-12-21,,2.3
2007-12-22,,2.0
2007-12-23,,1.8
2007-12-24,,1.7
2007-12-25,,1.7
2007-12-26,,1.8
2007-12-27,,2.3
2007-12-28,,2.0
2007-12-29,,2.1
2007-12-30,,1.9
2007-12-31,,1.9
2008-01-01,,2.0
2008-01-02,,2.1
2008-01-03,,1.8
2008-01-04,,1.8
2008-01-05,,1.7
2008-01-06,,1.6
2008-01-07,,1.6
2008-01-08,,1.9
2008-01-09,,2.3
2008-01-11,,3.0
2008-01-12,,2.8
2008-01-14,,3.2
2008-01-15,,3.3
2008-01-16,,3.8
2008-01-17,,3.6
2008-01-18,,3.7
2008-01-19,,4.0
2008-01-20,,4.3
2008-01-21,,4.8
2008-01-22,,5.3
2008-01-23,,5.3
2008-01-24,,5.9
2008-01-25,,5.1
2008-01-26,,4.9
2008-01-28,,4.6
2008-01-29,,4.4
2008-01-30,,4.4
2008-01-31,,4.7
2008-02-01,,4.6
2008-02-02,,4.5
2008-02-03,,4.5
2008-02-04,,4.3
2008-02-05,,4.4
2008-02-06,,5.0
2008-02-07,,4.7
2008-02-08,,4.8
2008-02-09,,4.7
2008-02-10,,4.6
2008-02-11,,4.5
2008-02-12,,4.4
2008-02-13,,4.3
2008-02-14,,4.5
2008-02-15,,4.0
2008-02-16,,3.9
2008-02-17,,3.5
2008-02-18,,3.3
2008-02-19,,3.4
2008-02-20,,3.6
2008-02-21,,3.6
2008-02-22,,4.3
2008-02-23,,4.9
2008-02-24,,5.3
2008-02-25,,5.6
2008-02-26,,6.1
2008-02-27,,6.4
2008-02-28,,7.9
2008-02-29,,7.1
2008-03-01,,7.1
2008-03-02,,6.9
2008-03-03,,7.2
2008-03-04,,7.0
2008-03-05,,6.9
2008-03-06,,7.8
2008-03-07,,6.2
2008-03-08,,5.9
2008-03-09,,5.8
2008-03-10,,5.9
2008-03-11,,6.3
2008-03-12,,7.3
2008-03-13,,6.6
2008-03-14,,6.7
2008-03-15,,6.7
2008-03-16,,7.2
2008-03-17,,7.3
2008-03-18,,7.1
2008-03-19,,7.0
2008-03-20,,6.6
2008-03-21,,6.2
2008-03-22,,5.7
2008-03-23,,5.5
2008-03-24,,5.5
2008-03-25,,5.4
2008-03-26,,5.1
2008-03-27,,5.0
2008-03-28,,5.4
2008-03-29,,5.9
2008-03-30,,6.6
2008-03-31,,7.3
2008-04-01,,8.2
2008-04-02,,8.6
2008-04-03,,8.8
2008-04-04,,8.7
2008-04-05,,8.7
2008-04-06,,8.6
2008-04-07,,8.4
2008-04-08,,8.0
2008-04-09,,8.6
2008-04-10,,8.8
2008-04-11,,9.5
2008-04-12,,10.0
2008-04-13,,10.0
2008-04-14,,10.2
2008-04-15,,10.6
2008-04-16,,10.2
2008-04-17,,10.2
2008-04-18,,10.2
2008-04-19,,10.4
2008-04-20,,10.5
2008-04-21,,10.9
2008-04-22,,11.1
2008-04-23,,10.8
2008-04-24,,10.6
2008-04-25,,10.7
2008-04-26,,10.3
2008-04-27,,10.7
2008-04-28,,11.3
2008-04-29,,11.8
2008-04-30,,11.9
2008-05-01,,12.3
2008-05-02,,12.3
2008-05-05,,12.9
2008-05-06,,13.0
2008-05-07,,13.2
2008-05-08,,13.6
2008-05-09,,14.0
2008-05-10,,14.2
2008-05-11,,14.4
2008-05-12,,14.5
2008-05-13,,14.7
2008-05-14,,14.9
2008-05-15,,15.8
2008-05-16,,15.4
2008-05-19,,14.3
2008-05-20,,13.9
2008-05-21,,13.1
2008-05-22,,12.5
2008-05-23,,12.7
2008-05-24,,12.9
2008-05-25,,13.5
2008-05-26,,14.1
2008-05-27,,14.4
2008-05-28,,15.0
2008-05-29,,14.8
2008-05-30,,15.0
2008-05-31,,14.8
2008-06-01,,15.5
2008-06-02,,15.8
2008-06-03,,16.2
2008-06-04,,15.8
2008-06-05,,15.4
2008-06-06,,15.4
2008-06-07,,14.8
2008-06-08,,14.5
2008-06-09,,15.0
2008-06-10,,15.5
2008-06-11,,15.9
2008-06-12,,15.8
2008-06-13,,15.5
2008-06-14,,14.9
2008-06-15,,14.9
2008-06-16,,15.0
2008-06-17,,14.9
2008-06-18,,15.0
2008-06-19,,14.8
2008-06-20,,15.4
2008-06-21,,16.1
2008-06-22,,16.3
2008-06-23,,17.9
2008-06-24,,18.1
2008-06-25,,16.0
2008-06-26,,18.1
2008-06-27,,17.6
2008-06-30,,18.4
2008-07-01,,18.2
2008-07-02,,19.0
2008-07-03,,19.1
2008-07-04,,18.9
2008-07-05,,18.6
2008-07-06,,18.7
2008-07-07,,18.6
2008-07-08,,17.2
2008-07-09,,16.8
2008-07-10,,16.6
2008-07-11,,17.0
2008-07-12,,17.9
2008-07-13,,18.3
2008-07-14,,16.8
2008-07-15,,15.9
2008-07-16,,15.3
2008-07-17,,16.4
2008-07-18,,16.2
2008-07-19,,16.4
2008-07-20,,16.9
2008-07-21,,16.4
2008-07-22,,15.8
2008-07-23,,15.4
2008-07-24,,14.7
2008-07-25,,14.4
2008-07-26,,15.2
2008-07-27,,16.3
2008-07-28,,17.4
2008-07-29,,17.9
2008-07-30,,18.7
2008-07-31,,19.1
2008-08-01,,19.2
2008-08-02,,19.1
2008-08-03,,18.9
2008-08-04,,19.1
2008-08-05,,19.0
2008-08-06,,19.0
2008-08-07,,19.4
2008-08-08,,19.0
2008-08-09,,18.1
2008-08-10,,16.8
2008-08-11,,17.2
2008-08-12,,18.1
2008-08-13,,18.5
2008-08-14,,18.4
2008-08-15,,18.4
2008-08-16,,16.7
2008-08-17,,15.6
2008-08-18,,16.1
2008-08-19,,16.3
2008-08-20,,16.7
2008-08-21,,17.1
2008-08-22,,17.3
2008-08-23,,17.5
2008-08-24,,17.1
2008-08-25,,16.3
2008-08-26,,16.7
2008-08-27,,16.8
2008-08-28,,17.1
2008-08-29,,17.4
2008-08-30,,17.4
2008-08-31,,17.6
2008-09-01,,17.9
2008-09-02,,15.0
2008-09-03,,18.2
2008-09-04,,18.4
2008-09-05,,18.4
2008-09-06,,18.4
2008-09-07,,18.5
2008-09-08,,17.6
2008-09-09,,17.7
2008-09-10,,17.7
2008-09-11,,17.6
2008-09-12,,17.6
2008-09-13,,17.5
2008-09-14,,16.7
2008-09-15,,14.7
2008-09-16,,14.3
2008-09-17,,13.7
2008-09-18,,13.2
2008-09-19,,12.6
2008-09-20,,12.3
2008-09-21,,12.4
2008-09-22,,12.5
2008-09-23,,12.4
2008-09-24,,12.4
2008-09-25,,13.2
2008-09-26,,12.3
2008-09-27,,11.9
2008-09-28,,12.0
2008-09-29,,12.1
2008-09-30,,12.1
2008-10-01,,12.8
2008-10-09,,12.6
2008-10-10,,12.2
2008-10-11,,12.0
2008-10-12,,12.2
2008-10-13,,12.2
2008-10-14,,12.5
2008-10-15,,12.8
2008-10-16,,13.3
2008-10-17,,13.0
2008-10-18,,12.5
2008-10-19,,12.3
2008-10-20,,12.2
2008-10-21,,11.8
2008-10-22,,11.8
2008-10-23,,11.8
2008-10-30,,10.8
2008-10-31,,9.8
2008-11-01,,9.5
2008-11-02,,9.3
2008-11-03,,9.3
2008-11-04,,9.3
2008-11-05,,9.4
2008-11-06,,9.1
2008-11-07,,9.6
2008-11-08,,9.5
2008-11-09,,9.5
2008-11-10,,9.4
2008-11-11,,9.4
2008-11-12,,9.2
2008-11-13,,7.8
2008-11-14,,8.9
2008-11-15,,8.9
2008-11-16,,8.9
2008-11-17,,8.6
2008-11-18,,8.0
2008-11-19,,7.8
2008-11-20,,7.9
2008-11-21,,7.6
2008-11-22,,6.8
2008-11-23,,6.1
2008-11-24,,5.4
2008-11-25,,5.0
2008-11-26,,4.8
2008-11-27,,4.9
2008-11-28,,4.6
2008-11-29,,4.4
2008-11-30,,4.3
2008-12-01,,4.2
2008-12-02,,4.3
2008-12-03,,4.3
2008-12-04,,5.9
2008-12-05,,4.3
2008-12-06,,4.3
2008-12-07,,4.3
2008-12-08,,4.6
2008-12-09,,4.5
2008-12-10,,4.3
2008-12-11,,4.4
2008-12-12,,4.2
2008-12-15,,4.1
2008-12-16,,4.3
2009-01-08,,1.1
2009-01-09,,0.6
2009-01-10,,0.4
2009-01-11,,0.3
2009-01-12,,0.1
2009-01-13,,0.1
2009-01-14,,0.1
2009-01-15,,3.0
2009-01-16,,12.1
2009-01-17,,12.3
2009-01-18,,12.6
2009-01-19,,13.1
2009-01-20,,13.5
2009-01-21,,13.9
2009-01-22,,9.4
2009-01-23,,1.8
2009-01-24,,1.9
2009-01-25,,2.0
2009-01-26,,2.0
2009-01-27,,2.2
2009-01-28,,2.4
2009-01-29,,2.9
2009-01-30,,2.6
2009-01-31,,2.5
2009-02-01,,2.6
2009-02-02,,2.5
2009-02-03,,2.6
2009-02-04,,2.7
2009-02-05,,4.0
2009-02-06,,2.9
2009-02-07,,3.1
2009-02-08,,3.1
2009-02-09,,3.1
2009-02-10,,3.2
2009-02-11,,3.4
2009-02-12,,3.4
2009-02-13,,3.0
2009-02-14,,3.0
2009-02-16,,2.5
2009-02-17,,2.4
2009-02-18,,2.1
2009-03-02,,3.6
2009-03-03,,4.1
2009-03-04,,4.4
2009-03-05,,5.0
2009-03-06,,5.1
2009-03-07,,5.1
2009-03-08,,4.9
2009-03-09,,4.8
2009-03-10,,4.6
2009-03-11,,4.6
2009-03-12,,4.7
2009-03-13,,4.8
2009-03-14,,5.2
2009-03-15,,5.5
2009-03-16,,5.7
2009-03-17,,5.9
2009-03-18,,6.0
2009-03-19,,6.0
2009-03-20,,6.2
2009-03-21,,6.2
2009-03-22,,6.1
2009-03-23,,6.1
2009-03-24,,5.8
2009-03-25,,5.6
2009-03-26,,6.1
2009-03-27,,5.6
2009-03-28,,6.1
2009-03-29,,6.8
2009-03-30,,6.9
2009-03-31,,7.1
2009-04-01,,8.1
2009-04-02,,8.0
2009-04-03,,8.8
2009-04-04,,9.1
2009-04-05,,9.5
2009-04-06,,9.8
2009-04-07,,10.2
2009-04-08,,10.4
2009-04-09,,11.4
2009-04-10,,10.7
2009-04-11,,10.9
2009-04-12,,11.1
2009-04-13,,11.4
2009-04-14,,11.6
2009-04-15,,11.9
2009-04-16,,11.9
2009-04-17,,11.9
2009-04-18,,11.3
2009-04-19,,11.2
2009-04-20,,11.7
2009-04-21,,11.8
2009-04-22,,11.9
2009-04-23,,12.8
2009-04-24,,12.0
2009-04-25,,11.8
2009-04-27,,12.4
2009-04-28,,12.6
2009-04-29,,12.7
2009-04-30,,11.5
2009-05-01,,11.7
2009-05-02,,12.1
2009-05-03,,12.3
2009-05-04,,12.7
2009-05-05,,12.5
2009-05-06,,12.4
2009-05-07,,11.6
2009-05-08,,12.5
2009-05-09,,13.3
2009-05-10,,14.1
2009-05-11,,14.7
2009-05-12,,14.0
2009-05-13,,14.1
2009-05-14,,13.5
2009-05-15,,13.0
2009-05-16,,13.2
2009-05-17,,13.5
2009-05-18,,14.1
2009-05-19,,14.4
2009-05-20,,15.1
2009-05-21,,15.1
2009-05-22,,15.3
2009-05-23,,15.1
2009-05-24,,15.4
2009-05-25,,15.5
2009-05-26,,15.8
2009-05-27,,16.0
2009-05-28,,14.8
2009-05-29,,15.0
2009-05-30,,14.2
2009-05-31,,13.4
2009-06-01,,13.9
2009-06-02,,14.7
2009-06-03,,15.0
2009-06-04,,14.4
2009-06-05,,15.0
2009-06-06,,15.1
2009-06-07,,15.0
2009-06-08,,14.8
2009-06-09,,15.0
2009-06-10,,15.2
2009-06-11,,15.2
2009-06-12,,15.1
2009-06-13,,15.2
2009-06-14,,15.8
2009-06-15,,16.4
2009-06-16,,16.5
2010-06-02,,11.7
2010-06-03,,15.0
2010-06-08,,15.9
2010-06-09,,16.3
2010-06-10,,16.6
2010-06-11,,17.0
2010-06-12,,17.3
2010-06-13,,17.1
2010-06-14,,16.4
2010-06-15,,16.0
2010-06-16,,16.3
2010-06-17,,15.1
2010-06-18,,15.1
2010-06-19,,15.5
2010-06-20,,14.7
2010-06-21,,13.7
2011-12-06,,5.5
2011-12-07,,5.3
2011-12-08,,5.2
2011-12-09,,5.1
2011-12-10,,5.0
2011-12-11,,5.0
2011-12-12,,5.1
2011-12-13,11.63,5.1
2011-12-14,11.7,5.1
2011-12-15,11.56,5.2
2011-12-16,11.42,5.0
2011-12-17,11.4,4.9
2011-12-18,11.48,4.7
2011-12-19,11.92,4.5
2011-12-20,12.11,4.2
2011-12-21,12.2,3.9
2011-12-22,12.09,3.8
2011-12-23,12.1,3.8
2011-12-24,12.11,4.0
2011-12-25,12.21,4.2
2011-12-26,12.48,4.5
2011-12-27,12.5,4.8
2011-12-28,12.37,4.9
2011-12-29,12.2,4.9
2011-12-30,12.11,4.9
2011-12-31,12.07,4.7
2012-01-01,12.07,4.6
2012-01-02,12.12,4.5
2012-01-03,12.43,4.6
2012-01-04,12.6,4.7
2012-01-05,12.47,4.8
2012-01-06,12.43,4.7
2012-01-07,12.63,4.5
2012-01-08,12.87,4.3
2012-01-09,12.96,4.2
2012-01-10,13.07,4.3
2012-01-11,13.1,4.4
2012-01-12,12.84,4.6
2012-01-13,12.73,4.8
2012-01-14,12.7,4.5
2012-01-15,12.72,4.2
2012-01-16,12.84,3.7
2012-01-17,12.9,3.3
2012-01-18,12.97,3.2
2012-01-19,13.08,2.7
2012-01-20,13.19,2.6
2012-01-21,13.44,2.9
2012-01-22,13.53,3.1
2012-01-23,13.56,3.6
2012-01-24,13.3,3.8
2012-01-25,13.14,4.0
2012-01-26,13.18,3.9
2012-01-27,13.38,3.7
2012-01-28,13.39,3.4
2012-01-29,13.4,3.2
2012-01-30,13.4,3.1
2012-01-31,13.5,2.8
2012-02-01,13.58,2.3
2012-02-02,13.69,1.6
2012-02-03,13.84,0.9
2012-02-04,14.02,0.3
2012-02-05,14.18,0.1
2012-02-06,14.2,0.1
2012-02-23,13.35,2.9
2012-02-24,13.31,2.9
2012-02-25,13.22,3.4
2012-02-26,13.11,3.9
2012-02-27,13.02,4.1
2012-02-28,13.18,4.2
2012-02-29,13.16,4.3
2012-03-01,13.0,4.7
2012-03-02,12.84,5.3
2012-03-03,12.79,5.8
2012-03-04,12.82,6.1
2012-03-05,12.75,6.0
2012-03-06,12.75,5.8
2012-03-07,12.81,5.8
2012-03-08,12.72,5.8
2012-03-09,12.69,5.8
2012-03-10,12.86,5.8
2012-03-11,12.98,5.9
2012-03-12,12.89,6.0
2012-03-13,12.91,6.1
2012-03-14,12.84,6.3
2012-03-15,12.96,6.6
2012-03-16,13.07,6.9
2012-03-17,13.11,7.3
2012-03-18,13.17,7.9
2012-03-19,13.11,8.3
2012-03-20,13.17,8.3
2012-03-21,13.4,8.4
2012-03-22,13.25,8.6
2012-03-23,13.19,8.8
2012-03-24,13.12,9.0
2012-03-25,13.1,9.4
2012-03-26,13.14,9.5
2012-03-27,13.02,9.6
2012-03-28,13.08,9.8
2012-03-29,12.99,9.8
2012-03-30,12.51,9.6
2012-03-31,12.33,9.1
2012-04-01,12.4,8.5
2012-04-02,12.58,8.7
2012-04-03,12.65,8.8
2012-04-04,12.65,9.1
2012-04-05,12.61,9.7
2012-04-06,12.3,9.9
2012-04-07,12.04,9.5
2012-04-08,12.07,9.0
2012-04-09,12.34,8.5
2012-04-10,12.64,8.4
2012-04-11,12.85,8.6
2012-04-12,12.69,9.0
2012-04-13,12.71,9.2
2012-04-14,12.69,9.5
2012-04-15,12.61,9.7
2012-04-16,12.41,9.4
2012-04-17,12.58,9.0
2012-04-18,13.24,9.1
2012-04-19,13.31,9.3
2012-04-20,13.19,9.7
2012-04-21,13.03,10.1
2012-04-22,13.13,10.4
2012-04-23,13.14,10.5
2012-04-24,13.25,10.7
2012-04-25,13.11,10.7
2012-04-26,13.35,11.1
2012-04-27,13.72,11.8
2012-04-28,13.68,12.8
2012-04-29,13.28,13.5
2012-04-30,12.74,13.5
2012-05-01,12.93,13.6
2012-05-02,12.85,14.0
2012-05-03,12.74,13.9
2012-05-04,12.75,13.9
2012-05-05,12.36,13.9
2012-05-06,11.94,13.7
2012-05-07,11.84,13.4
2012-05-08,12.04,13.4
2012-05-09,12.43,13.8
2012-05-10,12.62,14.1
2012-05-11,12.77,14.4
2012-05-12,12.58,14.6
2012-05-13,12.29,14.0
2012-05-14,12.55,13.5
2012-05-15,12.51,13.4
2012-05-16,12.31,12.9
2012-05-17,12.01,12.3
2012-05-18,12.64,12.1
2012-05-19,13.11,12.4
2012-05-20,13.28,13.1
2012-05-21,12.69,13.9
2012-05-22,11.93,14.2
2012-05-23,11.59,14.7
2012-05-24,11.92,14.7
2012-05-25,12.58,14.4
2012-05-26,12.27,14.8
2012-05-27,11.78,15.2
2012-05-28,11.39,15.3
2012-05-29,11.07,15.4
2012-05-30,10.94,15.0
2012-05-31,10.78,14.6
2012-06-01,10.72,14.5
2012-06-02,11.3,14.2
2012-06-03,11.22,14.3
2012-06-04,11.19,14.3
2012-06-05,11.47,13.6
2012-06-06,11.06,13.3
2012-06-07,11.03,13.6
2012-06-08,10.79,14.4
2012-06-09,10.82,14.7
2012-06-10,10.98,14.3
2012-06-11,11.33,13.7
2012-06-12,11.29,13.7
2012-06-13,11.57,13.2
2012-06-14,11.52,13.5
2012-06-15,11.23,14.3
2012-06-16,10.98,15.0
2012-06-17,10.58,16.0
2012-06-18,10.32,16.9
2012-06-19,10.24,17.5
2012-06-20,10.28,18.1
2012-06-21,10.44,18.0
2012-06-22,10.68,17.8
2012-06-23,11.05,17.1
2012-06-24,10.88,17.0
2012-06-25,10.41,17.2
2012-06-26,10.48,16.7
2012-06-27,10.64,16.6
2012-06-28,10.4,17.1
2012-06-29,10.31,17.4
2012-06-30,10.33,17.9
2012-07-01,10.17,18.7
2012-07-02,9.79,19.3
2012-07-03,9.82,19.0
2012-07-04,10.11,18.5
2012-07-05,10.16,18.3
2012-07-06,9.8,18.5
2012-07-07,9.6,18.7
2012-07-08,9.5,18.9
2012-07-09,9.44,19.2
2012-07-10,9.36,19.0
2012-07-11,9.41,18.8
2012-07-12,9.37,18.4
2012-07-13,9.58,17.5
2012-07-14,9.73,16.8
2012-07-15,9.99,16.0
2012-07-16,10.83,15.3
2012-07-17,10.69,15.2
2012-07-18,10.26,15.5
2012-07-19,10.12,16.0
2012-07-20,10.01,16.5
2012-07-21,10.27,16.2
2012-07-22,11.18,15.3
2012-07-23,10.77,15.2
2012-07-24,10.41,15.8
2012-07-25,10.18,16.5
2012-07-26,10.04,16.9
2012-07-27,10.2,17.1
2012-07-28,9.98,17.8
2012-07-29,9.78,18.1
2012-07-30,9.72,18.0
2012-07-31,9.83,17.8
2012-08-01,9.79,18.0
2012-08-02,9.76,18.5
2012-08-03,9.75,18.8
2012-08-04,9.6,19.2
2012-08-05,9.62,19.0
2012-08-06,9.47,19.0
2012-08-07,9.54,18.8
2012-08-08,9.66,18.8
2012-08-09,9.59,18.8
2012-08-10,9.54,18.7
2012-08-11,9.59,18.3
2012-08-12,9.65,17.8
2012-08-13,9.69,17.6
2012-08-14,9.79,17.5
2012-08-15,9.82,17.7
2012-08-16,9.81,17.8
2012-08-17,9.76,17.9
2012-08-18,9.71,18.1
2012-08-19,9.71,18.7
2012-08-20,9.64,19.2
2012-08-21,9.61,19.5
2012-08-22,9.58,20.0
2012-08-23,9.42,20.5
2012-08-24,9.39,20.3
2012-08-25,9.26,19.7
2012-08-26,9.36,18.8
2012-08-27,10.18,17.8
2012-08-28,9.53,18.0
2012-08-29,9.43,18.0
2012-08-30,9.47,18.0
2012-08-31,9.69,17.4
2012-09-01,11.06,15.7
2012-09-02,10.47,15.7
2012-09-03,10.18,15.7
2012-09-04,10.05,15.5
2012-09-05,9.95,15.9
2012-09-06,9.88,16.2
2012-09-07,9.92,15.9
2012-09-08,9.94,15.9
2012-09-09,9.88,16.2
2012-09-10,9.75,16.6
2012-09-11,9.77,16.8
2012-09-12,9.75,16.9
2012-09-13,10.28,15.8
2012-09-14,11.06,14.2
2012-09-15,10.48,14.1
2012-09-16,10.26,14.1
2012-09-17,10.35,14.1
2012-09-18,10.43,14.2
2012-09-19,10.34,14.5
2012-09-20,10.27,14.5
2012-09-21,10.36,14.1
2012-09-22,10.49,13.8
2012-09-23,10.45,13.8
2012-09-24,10.43,13.8
2012-09-25,10.43,14.0
2012-09-26,10.4,14.2
2012-09-27,10.33,14.3
2012-09-28,10.33,14.2
2012-09-29,10.35,14.0
2012-09-30,10.36,14.0
2012-10-01,10.38,13.9
2012-10-02,10.41,13.7
2012-10-03,10.43,13.6
2012-10-04,10.51,13.4
2012-10-05,10.54,13.4
2012-10-06,10.57,13.5
2012-10-07,10.56,13.7
2012-10-08,10.54,13.4
2012-10-09,11.24,12.9
2012-10-10,11.49,12.5
2012-10-11,11.19,12.1
2012-10-12,11.19,12.0
2012-10-13,11.22,12.0
2012-10-14,11.09,11.8
2012-10-15,10.97,11.5
2012-10-16,10.92,11.2
2012-10-17,11.04,10.9
2012-10-18,11.17,10.8
2012-10-19,11.25,10.7
2012-10-20,11.24,10.7
2012-10-21,11.17,10.6
2012-10-22,11.08,10.7
2012-10-23,11.02,10.8
2012-10-24,11.02,10.7
2012-10-25,11.01,10.5
2012-10-26,11.01,10.4
2012-10-27,10.99,10.2
2012-10-28,10.98,9.7
2012-10-29,11.05,9.1
2012-10-30,11.28,8.4
2012-10-31,11.51,8.0
2012-11-01,11.65,7.8
2012-11-02,11.7,7.6
2012-11-03,11.87,7.4
2012-11-04,11.89,7.7
2012-11-05,11.85,7.9
2012-11-06,12.22,8.0
2012-11-07,11.84,8.0
2012-11-08,11.92,7.9
2012-11-09,11.87,7.9
2012-11-10,11.85,7.7
2012-11-11,11.83,7.6
2012-11-12,11.84,7.6
2012-11-13,11.84,7.7
2012-11-14,11.92,7.8
2012-11-15,12.01,7.6
2012-11-16,11.99,7.5
2012-11-17,11.97,7.3
2012-11-18,12.01,6.9
2012-11-19,12.07,6.6
2012-11-20,12.17,6.3
2012-11-21,12.2,6.3
2012-11-22,12.17,6.4
2012-11-23,12.15,6.4
2012-11-24,12.2,6.5
2012-11-25,12.19,6.6
2012-11-26,12.12,6.7
2012-11-27,12.09,6.8
2012-11-28,12.05,6.8
2012-11-29,11.9,6.8
2012-11-30,11.86,6.6
2012-12-01,11.81,6.3
2012-12-02,11.9,6.1
2012-12-03,12.03,5.8
2012-12-04,12.23,5.3
2012-12-05,12.35,4.9
2012-12-06,12.46,4.6
2012-12-07,12.72,4.1
2012-12-08,12.93,3.6
2012-12-09,13.13,3.1
2012-12-10,13.25,2.7
2012-12-11,13.34,2.5
2012-12-12,13.45,2.4
2012-12-13,13.62,1.8
2012-12-14,13.84,1.2
2012-12-15,13.89,1.2
2012-12-16,13.8,1.4
2012-12-17,13.69,1.8
2012-12-18,13.61,2.4
2012-12-19,14.0,3.0
2012-12-20,13.81,3.7
2012-12-21,13.57,3.9
2012-12-22,13.41,3.9
2012-12-23,13.53,4.0
2012-12-24,13.97,4.3
2012-12-25,13.5,4.8
2012-12-26,13.14,5.2
2012-12-27,13.2,5.3
2012-12-28,13.27,5.4
2012-12-29,13.26,5.4
2012-12-30,13.4,5.2
2012-12-31,13.49,4.8
2013-01-01,13.51,4.5
2013-01-02,13.41,4.4
2013-01-03,13.36,4.3
2013-01-04,13.36,4.3
2013-01-05,13.82,4.9
2013-01-06,14.39,5.4
2013-01-07,14.08,5.7
2013-01-08,13.83,5.8
2013-01-09,13.5,5.9
2013-01-10,13.19,5.9
2013-01-11,13.03,5.7
2013-01-12,13.0,5.2
2013-01-13,13.06,4.7
2013-01-14,13.18,4.2
2013-01-15,13.28,3.9
2013-01-16,13.3,3.7
2013-01-17,13.07,3.4
2013-01-18,12.94,3.2
2013-01-19,13.14,3.0
2013-01-20,13.29,2.7
2013-01-21,13.34,2.4
2013-01-22,13.4,2.3
2013-01-23,13.22,2.5
2013-01-24,13.19,2.6
2013-01-25,13.3,2.6
2013-01-26,13.27,2.7
2013-01-27,13.27,2.7
2013-01-28,13.3,2.7
2013-01-29,13.3,2.7
2013-01-30,13.52,3.0
2013-01-31,13.61,3.8
2013-02-01,13.51,4.6
2013-02-02,13.43,5.0
2013-02-03,13.45,5.0
2013-02-04,13.27,4.6
2013-02-05,13.3,4.3
2013-02-06,13.57,4.2
2013-02-07,13.34,4.3
2013-02-08,13.34,4.2
2013-02-09,13.53,4.0
2013-02-10,13.6,3.7
2013-02-11,13.54,3.3
2013-02-12,13.6,3.0
2013-02-13,13.52,2.8
2013-02-14,13.77,2.6
2013-02-15,13.92,2.7
2013-02-16,13.84,2.7
2013-02-17,13.71,2.9
2013-02-18,13.66,3.1
2013-02-19,13.5,3.3
2013-02-20,13.43,3.5
2013-02-21,13.31,3.7
2013-02-22,13.36,3.6
2013-02-23,13.4,3.4
2013-02-24,13.47,3.2
2013-02-25,13.55,3.1
2013-02-26,13.66,3.0
2013-02-27,13.71,3.1
2013-02-28,13.73,3.5
2013-03-01,13.68,3.7
2013-03-02,13.58,4.0
2013-03-03,13.55,4.3
2013-03-04,13.54,4.4
2013-03-05,13.54,4.6
2013-03-06,13.52,5.0
2013-03-07,13.37,5.4
2013-03-08,13.28,6.0
2013-03-09,13.06,6.6
2013-03-10,12.77,6.9
2013-03-11,12.65,7.1
2013-03-12,12.59,7.3
2013-03-13,12.49,7.3
2013-03-14,12.38,6.8
2013-03-15,12.59,6.2
2013-03-16,12.96,5.6
2013-03-17,13.24,5.3
2013-03-18,13.36,5.1
2013-03-19,13.25,4.9
2013-03-20,13.28,5.1
2013-03-21,13.26,5.5
2013-03-22,13.29,5.7
2013-03-23,13.4,5.7
2013-03-24,13.45,5.5
2013-03-25,13.5,5.1
2013-03-26,13.43,4.7
2013-03-27,13.75,4.4
2013-03-28,14.07,4.3
2013-03-29,14.18,4.5
2013-03-30,14.17,4.8
2013-03-31,14.02,5.2
2013-04-01,13.81,5.3
2013-04-02,13.85,5.4
2013-04-03,13.89,5.5
2013-04-04,13.98,5.7
2013-04-05,14.01,5.8
2013-04-06,13.7,5.8
2013-04-07,13.47,5.8
2013-04-08,13.65,5.9
2013-04-09,14.1,6.3
2013-04-10,14.1,6.8
2013-04-11,13.92,7.1
2013-04-12,13.74,7.6
2013-04-13,13.59,8.4
2013-04-14,13.68,9.0
2013-04-15,13.71,9.8
2013-04-16,13.42,10.6
2013-04-17,12.91,11.2
2013-04-18,12.42,11.6
2013-04-19,11.93,12.0
2013-04-20,11.49,11.5
2013-04-21,11.5,11.3
2013-04-22,11.47,11.4
2013-04-23,11.41,11.1
2013-04-24,11.59,11.1
2013-04-25,11.61,11.4
2013-04-26,11.53,12.2
2013-04-27,11.45,12.8
2013-04-28,11.27,13.1
2013-04-29,11.0,12.5
2013-04-30,11.17,12.0
2013-05-01,11.55,11.9
2013-05-02,11.59,12.4
2013-05-03,11.93,12.1
2013-05-04,12.28,12.1
2013-05-05,12.07,12.6
2013-05-06,11.87,13.0
2013-05-07,11.58,13.3
2013-05-08,11.47,13.4
2013-05-09,11.51,13.9
2013-05-10,11.18,14.3
2013-05-11,11.21,13.6
2013-05-12,11.62,13.0
2013-05-13,11.52,12.6
2013-05-14,11.32,12.2
2013-05-15,11.35,12.8
2013-05-16,11.3,13.3
2013-05-17,11.17,13.4
2013-05-18,11.06,13.9
2013-05-19,10.9,14.4
2013-05-20,10.78,14.5
2013-05-21,10.83,14.4
2013-05-22,10.7,14.2
2013-05-23,10.58,13.8
2013-05-24,10.77,13.1
2013-05-25,10.94,12.3
2013-05-26,11.19,11.7
2013-05-27,11.24,11.0
2013-05-28,11.23,10.6
2013-05-29,11.23,11.3
2013-05-30,11.09,11.3
2013-05-31,11.16,11.0
2013-06-13,10.58,15.2
2013-06-14,10.41,15.3
2013-06-15,10.61,15.5
2013-06-16,11.02,15.9
2013-06-17,11.02,16.5
2013-06-18,11.05,17.1
2013-06-19,11.17,17.6
2013-06-20,11.24,17.9
2013-06-21,11.23,18.1
2013-06-22,11.05,18.2
2013-06-23,10.84,18.0
2013-06-24,10.8,17.0
2013-06-25,11.3,15.0
2013-06-26,11.69,13.6
2013-06-27,11.57,13.6
2013-06-28,11.41,14.0
2013-06-29,11.24,14.0
2013-06-30,11.11,14.0
2013-07-01,11.14,14.3
2013-07-02,11.21,15.0
2013-07-03,11.13,15.8
2013-07-04,10.89,16.3
2013-07-05,11.08,16.5
2013-07-06,10.97,16.5
2013-07-07,10.96,16.8
2013-07-08,10.82,17.4
2013-07-09,10.86,17.9
2013-07-10,11.03,18.2
2013-07-11,11.03,18.4
2013-07-12,10.71,18.1
2013-07-13,10.84,17.8
2013-07-14,10.86,18.0
2013-07-15,10.83,18.2
2013-07-16,10.77,18.3
2013-07-17,10.83,18.5
2013-07-18,10.98,18.8
2013-07-19,10.71,19.0
2013-07-20,10.45,19.2
2013-07-21,10.37,19.6
2013-07-22,10.21,19.8
2013-07-23,10.09,19.8
2013-07-24,9.91,19.9
2013-07-25,9.61,20.1
2013-07-26,9.43,20.0
2013-07-27,9.44,20.1
2013-07-28,9.4,20.5
2013-07-29,9.31,20.6
2013-07-30,9.11,20.2
2013-07-31,9.04,19.8
2013-08-01,8.94,20.0
2013-08-02,8.99,20.2
2013-08-03,9.06,20.3
2013-08-04,9.17,20.5
2013-08-05,9.14,20.9
2013-08-06,9.07,21.3
2013-08-07,8.89,21.5
2013-08-08,8.64,21.4
2013-08-09,8.48,21.2
2013-08-10,8.61,20.5
2013-08-11,8.69,20.0
2013-08-12,8.6,20.1
2013-08-13,8.76,19.7
2013-08-14,8.89,19.1
2013-08-15,9.0,18.8
2013-08-16,9.18,18.9
2013-08-17,9.38,19.0
2013-08-18,9.44,19.2
2013-08-19,9.41,19.4
2013-08-20,9.39,18.8
2013-08-21,9.38,17.9
2013-08-22,9.44,17.8
2013-08-23,9.34,17.9
2013-08-24,9.37,17.7
2013-08-25,9.54,17.6
2013-08-26,9.69,17.0
2013-08-27,9.57,17.0
2013-08-28,9.49,16.5
2013-08-29,10.3,15.7
2013-08-30,10.0,15.9
2013-08-31,9.76,16.2
2013-09-01,9.71,16.4
2013-09-02,9.8,16.1
2013-09-03,9.79,16.0
2013-09-04,9.88,16.0
2013-09-05,9.91,16.6
2013-09-06,9.82,17.2
2013-09-07,9.85,17.4
2013-09-08,9.85,17.7
2013-09-09,9.78,17.9
2013-09-10,9.74,17.5
2013-09-11,9.52,17.1
2013-09-12,9.54,16.2
2013-09-13,9.63,15.4
2013-09-14,9.83,14.8
2013-09-15,9.86,14.7
2013-09-16,10.17,14.2
2013-09-17,10.47,13.5
2013-09-18,11.07,13.0
2013-09-19,11.49,12.4
2013-09-20,11.76,12.4
2013-09-21,11.4,12.7
2013-09-22,11.07,12.7
2013-09-23,10.84,13.0
2013-09-24,10.64,13.2
2013-09-25,10.48,13.6
2013-09-26,10.28,13.8
2013-09-27,10.26,13.8
2013-09-28,10.52,13.4
2013-09-29,10.5,13.2
2013-09-30,10.48,13.0
2013-10-01,10.44,12.9
2013-10-02,10.46,12.7
2013-10-03,10.62,12.2
2013-10-04,10.85,11.7
2013-10-05,10.94,11.3
2013-10-06,10.96,11.3
2013-10-07,11.01,11.5
2013-10-08,11.01,11.8
2013-10-09,10.98,12.0
2013-10-10,10.76,12.1
2013-10-11,10.65,11.9
2013-10-12,10.75,11.4
2013-10-13,10.96,11.0
2013-10-14,11.01,10.7
2013-10-15,11.11,10.4
2013-10-16,11.16,10.2
2013-10-17,11.29,10.0
2013-10-18,11.38,10.2
2013-10-19,11.44,10.2
2013-10-20,11.26,10.3
2013-10-21,11.1,10.7
2013-10-22,11.02,10.9
2013-10-23,10.95,11.1
2013-10-24,10.81,11.3
2013-10-25,10.99,11.5
2013-10-26,11.07,11.6
2013-10-27,11.03,11.7
2013-10-28,10.91,11.7
2013-10-29,10.76,11.5
2013-10-30,10.72,11.4
2013-10-31,10.81,11.0
2013-11-01,10.96,10.8
2013-11-02,11.06,10.5
2013-11-03,11.03,10.2
2013-11-04,11.18,9.6
2013-11-05,11.18,9.3
2013-11-06,11.25,9.1
2013-11-07,11.69,9.0
2013-11-08,11.85,9.2
2013-11-09,11.58,9.3
2013-11-10,11.64,9.1
2013-11-11,11.61,8.9
2013-11-12,11.74,8.6
2013-11-13,11.93,8.2
2013-11-14,12.08,7.8
2013-11-15,12.1,7.3
2013-11-16,12.11,7.2
2013-11-17,12.13,7.1
2013-11-18,12.1,7.0
2013-11-19,12.01,7.0
2013-11-20,11.92,7.0
2013-11-21,11.87,6.9
2013-11-22,11.98,6.6
2013-11-23,12.0,6.5
2013-11-24,12.0,6.7
2013-11-25,12.03,6.5
2013-11-26,12.15,5.9
2013-11-27,12.39,5.3
2013-11-28,12.54,4.8
2013-11-29,12.74,4.4
2013-11-30,12.86,4.2
2013-12-01,12.95,4.2
2013-12-02,13.0,4.2
2013-12-03,13.0,4.2
2013-12-04,13.05,3.9
2013-12-05,12.96,3.9
2013-12-06,13.04,3.9
2013-12-07,13.18,3.6
2013-12-08,13.3,3.5
2013-12-09,13.23,3.6
2013-12-10,13.2,3.9
2013-12-11,12.98,4.3
2013-12-12,12.9,4.7
2013-12-13,12.9,4.7
2013-12-14,12.84,4.7
2013-12-15,12.87,4.6
2013-12-16,12.89,4.5
2013-12-17,13.06,4.1
2013-12-18,13.17,3.7
2013-12-19,13.19,3.4
2013-12-20,13.3,3.1
2013-12-21,13.34,3.1
2013-12-22,13.48,3.1
2013-12-23,13.44,3.3
2013-12-24,13.48,3.3
2013-12-25,13.43,3.4
2013-12-26,13.29,3.5
2013-12-27,13.1,3.8
2013-12-28,13.05,4.0
2013-12-29,13.0,4.0
2013-12-30,12.96,4.1
2013-12-31,13.05,4.0
2014-01-01,13.12,4.0
2014-01-02,13.05,3.9
2014-01-03,13.11,3.7
2014-01-04,13.23,3.6
2014-01-05,13.21,3.7
2014-01-06,13.19,3.7
2014-01-07,13.26,3.7
2014-01-08,13.31,3.8
2014-01-09,13.29,3.9
2014-01-10,13.3,4.0
2014-01-11,13.27,4.2
2014-01-12,13.21,4.3
2014-01-13,13.1,4.4
2014-01-14,13.03,4.4
2014-01-15,12.85,4.5
2014-01-16,12.63,4.6
2014-01-17,12.46,4.5
2014-01-18,12.59,4.5
2014-01-19,12.55,4.6
2014-01-20,12.54,4.7
2014-01-21,12.43,4.8
2014-01-22,12.4,4.7
2014-01-23,12.38,4.9
2014-01-24,12.45,4.9
2014-01-25,12.46,4.9
2014-01-26,12.55,4.8
2014-01-27,12.56,4.5
2014-01-28,12.56,4.4
2014-01-29,12.68,4.3
2014-01-30,12.75,4.1
2014-01-31,12.93,3.8
2014-02-01,13.1,3.6
2014-02-02,13.15,3.6
2014-02-03,13.2,3.5
2014-02-04,13.28,3.5
2014-02-05,13.37,3.4
2014-02-06,13.29,3.6
2014-02-07,13.35,3.8
2014-02-08,13.37,4.1
2014-02-09,13.23,4.6
2014-02-10,13.08,4.8
2014-02-11,12.98,4.9
2014-02-12,12.93,4.9
2014-02-13,13.02,4.8
2014-02-14,13.12,4.8
2014-02-15,13.24,4.9
2014-02-16,13.29,5.1
2014-02-17,13.32,5.2
2014-02-18,13.33,5.3
2014-02-19,13.42,5.4
2014-02-20,13.23,5.6
2014-02-21,13.26,5.8
2014-02-22,13.32,5.9
2014-02-23,13.36,5.9
2014-02-24,13.57,5.9
2014-02-25,13.67,6.1
2014-02-26,13.67,6.1
2014-02-27,13.82,6.2
2014-02-28,13.81,6.1
2014-03-01,13.85,6.1
2014-03-02,14.12,6.3
2014-03-03,14.28,6.3
2014-03-04,14.34,6.5
2014-03-05,14.13,6.8
2014-03-06,13.82,6.7
2014-03-07,14.16,6.9
2014-03-08,14.61,7.1
2014-03-09,14.98,7.3
2014-03-10,15.26,7.5
2014-03-11,15.57,7.7
2014-03-12,15.74,7.9
2014-03-13,15.65,8.2
2014-03-14,15.55,8.4
2014-03-15,15.03,8.5
2014-03-16,14.11,8.3
2014-03-17,13.51,8.3
2014-03-18,13.49,8.5
2014-03-19,13.53,8.9
2014-03-20,13.06,9.0
2014-03-21,13.22,9.2
2014-03-22,13.52,9.7
2014-03-23,13.42,9.9
2014-03-24,12.84,9.8
2014-03-25,12.63,9.4
2014-03-26,12.79,9.0
2014-03-27,13.13,8.9
2014-03-28,13.42,9.0
2014-03-29,13.59,9.3
2014-03-30,14.01,9.6
2014-03-31,14.29,10.0
2014-04-01,14.32,10.2
2014-04-02,14.41,10.4
2014-04-03,14.53,10.9
2014-04-04,14.43,11.3
2014-04-05,14.22,11.6
2014-04-06,13.93,11.9
2014-04-07,13.45,11.9
2014-04-08,13.4,12.1
2014-04-09,12.54,12.0
2014-04-10,12.06,11.6
2014-04-11,12.08,11.4
2014-04-12,12.08,11.3
2014-04-13,12.54,11.5
2014-04-14,12.65,11.7
2014-04-15,12.54,11.3
2014-04-16,12.72,10.8
2014-04-17,13.02,10.3
2014-04-18,13.27,10.2
2014-04-19,13.35,10.3
2014-04-20,13.63,10.4
2014-04-21,14.06,11.1
2014-04-22,14.18,11.7
2014-04-23,14.36,12.2
2014-04-24,14.19,12.8
2014-04-25,14.02,13.2
2014-04-26,14.04,13.8
2014-04-27,13.5,14.2
2014-04-28,12.69,14.1
2014-04-29,12.12,13.7
2014-04-30,11.94,13.6
2014-05-01,11.82,13.8
2014-05-02,11.81,13.8
2014-05-03,11.53,13.6
2014-05-04,11.08,13.0
2014-05-05,11.5,12.9
2014-05-06,11.96,12.9
2014-05-07,12.02,13.1
2014-05-08,11.57,12.7
2014-05-09,11.4,12.8
2014-05-10,11.34,13.3
2014-05-11,11.15,13.7
2014-05-12,10.98,13.3
2014-05-13,10.88,13.2
2014-05-14,10.91,12.8
2014-05-15,11.0,12.6
2014-05-16,11.06,11.9
2014-05-17,11.25,11.0
2014-05-18,11.15,10.6
2014-05-19,11.13,11.0
2014-05-20,11.04,12.1
2014-05-21,10.88,13.4
2014-05-22,10.63,14.6
2014-05-23,10.49,15.4
2014-05-24,10.66,15.2
2014-05-25,10.87,15.1
2014-05-26,10.46,15.4
2014-05-27,10.17,15.4
2014-05-28,10.56,14.5
2014-05-29,10.97,13.4
2014-05-30,10.42,13.2
2014-05-31,10.33,13.0
2014-06-01,10.11,13.3
2014-06-02,9.96,13.9
2014-06-03,9.98,14.3
2014-06-04,9.99,14.9
2014-06-05,9.95,15.5
2014-06-06,10.02,15.6
2014-06-07,10.15,15.9
2014-06-08,10.19,16.6
2014-06-09,10.08,17.4
2014-06-10,9.96,18.2
2014-06-11,10.0,18.4
2014-06-12,10.42,18.3
2014-06-13,10.61,18.0
2014-06-14,10.41,17.7
2014-06-15,10.27,17.1
2014-06-16,10.13,17.0
2014-06-17,10.01,16.9
2014-06-18,9.92,16.9
2014-06-19,9.86,17.2
2014-06-20,9.94,17.4
2014-06-21,9.98,16.9
2014-06-22,10.03,16.6
2014-06-23,10.29,16.7
2014-06-24,10.43,17.1
2014-06-25,10.3,17.0
2014-06-26,10.04,17.1
2014-06-27,10.2,16.6
2014-06-28,10.29,16.6
2014-06-29,10.01,17.2
2014-06-30,9.81,17.0
2014-07-01,10.1,16.2
2014-07-02,10.01,16.4
2014-07-03,9.76,16.2
2014-07-04,9.89,16.1
2014-07-05,9.9,16.9
2014-07-06,9.78,17.6
2014-07-07,9.68,18.2
2014-07-08,9.69,18.4
2014-07-09,9.63,17.7
2014-07-10,9.89,16.6
2014-07-11,9.42,16.5
2014-07-12,9.65,15.9
2014-07-13,9.68,16.1
2014-07-14,9.6,16.7
2014-07-15,9.59,17.2
2014-07-16,9.58,17.7
2014-07-17,9.56,18.2
2014-07-18,9.55,18.6
2014-07-19,9.48,19.2
2014-07-20,9.41,19.5
2014-07-21,9.25,19.7
2014-07-22,9.31,18.7
2014-07-23,9.28,18.4
2014-07-24,9.33,18.5
2014-07-25,9.38,18.6
2014-07-26,9.44,18.6
2014-07-27,9.36,18.8
2014-07-28,9.25,18.9
2014-07-29,9.06,19.3
2014-07-30,9.17,19.0
2014-07-31,10.45,17.1
2014-08-01,11.49,15.5
2014-08-02,10.95,17.0
2014-08-03,10.47,17.7
2014-08-04,10.53,17.8
2014-08-05,10.48,17.5
2014-08-06,10.54,17.4
2014-08-07,9.95,17.5
2014-08-08,9.31,17.4
2014-08-09,9.26,17.7
2014-08-10,9.18,18.1
2014-08-11,9.07,18.2
2014-08-12,9.28,17.4
2014-08-13,10.25,16.5
2014-08-14,10.98,15.1
2014-08-15,11.23,14.7
2014-08-16,10.98,14.7
2014-08-17,10.86,14.5
2014-08-18,10.59,14.9
2014-08-19,10.27,15.2
2014-08-20,10.26,15.3
2014-08-21,10.21,15.1
2014-08-22,10.17,15.0
2014-08-23,10.04,15.0
2014-08-24,10.0,14.7
2014-08-25,9.95,14.7
2014-08-26,9.89,14.8
2014-08-27,9.95,14.9
2014-08-28,9.86,15.1
2014-08-29,9.96,15.4
2014-08-30,9.99,15.6
2014-08-31,9.96,15.7
2014-09-01,10.19,15.2
2014-09-02,11.53,14.1
2014-09-03,11.25,14.0
2014-09-04,11.11,14.1
2014-09-05,10.64,14.6
2014-09-06,10.33,15.0
2014-09-07,10.1,15.7
2014-09-08,9.92,16.0
2014-09-09,9.83,16.2
2014-09-10,9.7,16.4
2014-09-11,9.47,16.2
2014-09-12,9.05,15.5
2014-09-13,8.68,14.9
2014-09-14,8.87,14.2
2014-09-15,8.98,14.3
2014-09-16,8.67,14.5
2014-09-17,8.58,14.8
2014-09-18,8.5,15.2
2014-09-19,8.44,15.6
2014-09-20,8.39,15.8
2014-09-21,8.31,15.8
2014-09-22,8.25,15.6
2014-09-23,8.29,14.9
2014-09-24,8.45,14.3
2014-09-25,8.51,14.0
2014-09-26,8.56,13.7
2014-09-27,8.55,13.6
2014-09-28,8.57,13.6
2014-09-29,8.61,13.7
2014-09-30,8.58,13.9
2014-10-01,8.52,14.0
2014-10-02,8.48,14.1
2014-10-03,8.33,14.4
2014-10-04,8.3,14.3
2014-10-05,8.26,14.0
2014-10-06,8.15,14.0
2014-10-07,8.25,13.9
2014-10-08,8.35,13.9
2014-10-09,8.34,14.0
2014-10-10,8.25,14.1
2014-10-11,8.17,14.1
2014-10-12,8.13,14.2
2014-10-13,8.21,14.2
2014-10-14,8.28,14.2
2014-10-15,8.23,14.2
2014-10-16,8.17,14.2
2014-10-17,,14.2
2014-10-18,,14.0
2014-10-19,,14.1
2014-10-20,,13.9
2014-10-21,,13.6
2014-10-22,,13.0
2014-10-23,,11.9
2014-10-24,,10.7
2014-10-25,,10.5
2014-10-26,,10.0
2014-10-27,,9.7
2014-10-28,,9.6
2014-10-29,,9.5
2014-10-30,,9.5
2014-10-31,,9.6
2014-11-01,,9.7
2014-11-02,,9.8
2014-11-03,,9.7
2014-11-04,,9.5
2014-11-05,,9.4
2014-11-06,,9.4
2014-11-07,,9.3
2014-11-08,,9.2
2014-11-09,,9.2
2014-11-10,,9.1
2014-11-11,,9.0
2014-11-12,,8.9
2014-11-13,,9.0
2014-11-14,,9.1
2014-11-15,9.95,9.0
2014-11-16,10.0,9.0
2014-11-17,10.02,9.0
2014-11-18,10.07,8.7
2014-11-19,10.16,8.5
2014-11-20,10.17,8.3
2014-11-21,10.43,8.3
2014-11-22,10.62,8.0
2014-11-23,10.75,7.5
2014-11-24,10.8,7.4
2014-11-25,10.84,7.3
2014-11-26,10.9,7.1
2014-11-27,10.88,6.9
2014-11-28,10.95,6.6
2014-11-29,11.06,6.3
2014-11-30,11.15,6.2
2014-12-01,11.1,6.1
2014-12-02,11.11,6.0
2014-12-03,11.13,6.0
2014-12-04,11.1,6.1
2014-12-05,11.1,6.0
2014-12-06,11.13,6.1
2014-12-07,11.2,6.2
2014-12-08,11.2,6.2
2014-12-09,11.21,6.1
2014-12-10,11.22,5.9
2014-12-11,11.25,5.8
2014-12-12,11.33,5.6
2014-12-13,11.43,5.5
2014-12-14,11.5,5.4
2014-12-15,11.59,5.4
2014-12-16,11.57,5.4
2014-12-17,11.58,5.5
2014-12-18,11.46,5.7
2014-12-19,11.35,6.0
2014-12-20,11.25,6.4
2014-12-21,11.2,6.6
2014-12-22,11.24,6.4
2014-12-23,11.27,6.5
2014-12-24,11.44,6.2
2014-12-25,11.46,6.0
2014-12-26,11.51,5.8
2014-12-27,11.62,5.2
2014-12-28,11.75,4.5
2014-12-29,11.94,3.7
2014-12-30,12.19,3.0
2014-12-31,12.44,2.5
2015-01-01,12.57,2.3
2015-01-02,12.69,2.3
2015-01-03,12.82,2.3
2015-01-04,12.89,2.5
2015-01-05,13.22,2.7
2015-01-06,13.64,2.8
2015-01-07,13.56,2.9
2015-01-08,13.18,3.1
2015-01-09,12.9,3.5
2015-01-10,12.78,4.4
2015-01-11,13.03,5.5
2015-01-12,12.95,5.4
2015-01-13,12.62,5.3
2015-01-14,12.6,5.1
2015-01-15,12.54,4.8
2015-01-16,12.5,4.4
2015-01-17,12.46,4.4
2015-01-18,12.36,4.4
2015-01-19,12.29,4.6
2015-01-20,12.3,4.5
2015-01-21,12.27,4.5
2015-01-22,12.12,4.4
2015-01-23,12.1,4.4
2015-01-24,12.16,4.4
2015-01-25,12.25,4.1
2015-01-26,12.3,4.0
2015-01-27,12.36,3.7
2015-01-28,12.38,3.7
2015-01-29,12.4,3.7
2015-01-30,12.31,3.7
2015-01-31,12.2,3.7
2015-02-01,12.21,3.6
2015-02-02,12.21,3.6
2015-02-03,12.33,3.5
2015-02-04,12.37,3.3
2015-02-05,12.4,3.0
2015-02-06,12.58,2.7
2015-02-07,12.81,2.4
2015-02-08,13.0,2.1
2015-02-09,13.12,1.9
2015-02-10,13.18,1.7
2015-02-11,13.23,2.0
2015-02-12,13.01,2.3
2015-02-13,12.76,2.6
2015-02-14,12.68,2.8
2015-02-15,12.63,2.9
2015-02-16,12.59,3.0
2015-02-17,12.62,3.3
2015-02-18,12.64,3.3
2015-02-19,12.81,3.4
2015-02-20,12.99,3.3
2015-02-21,13.06,3.4
2015-02-22,12.99,3.7
2015-02-23,12.88,4.0
2015-02-24,12.82,4.4
2015-02-25,12.74,4.6
2015-02-26,12.82,4.7
2015-02-27,12.95,4.7
2015-02-28,12.94,4.9
2015-03-01,12.83,4.9
2015-03-02,12.72,5.0
2015-03-03,12.58,5.1
2015-03-04,12.76,5.1
2015-03-05,12.93,5.3
2015-03-06,12.91,5.3
2015-03-07,12.85,5.5
2015-03-08,12.82,5.7
2015-03-09,12.82,5.8
2015-03-10,12.82,6.0
2015-03-11,12.79,6.4
2015-03-12,12.8,6.8
2015-03-13,12.79,6.8
2015-03-14,12.65,6.8
2015-03-15,12.65,7.0
2015-03-16,12.78,7.0
2015-03-17,12.83,7.2
2015-03-18,12.89,7.5
2015-03-19,13.06,7.8
2015-03-20,13.19,8.0
2015-03-21,13.28,8.0
2015-03-22,13.13,8.2
2015-03-23,12.94,8.1
2015-03-24,13.07,8.1
2015-03-25,13.02,8.2
2015-03-26,12.61,8.6
2015-03-27,12.19,8.7
2015-03-28,12.19,8.6
2015-03-29,12.21,8.7
2015-03-30,11.76,8.7
2015-03-31,11.64,8.5
2015-04-01,11.5,8.2
2015-04-02,11.63,7.9
2015-04-03,11.84,7.5
2015-04-04,11.9,7.4
2015-04-05,11.94,7.4
2015-04-06,12.03,7.4
2015-04-07,12.22,7.4
2015-04-08,12.34,7.6
2015-04-09,12.43,7.8
2015-04-10,12.59,8.5
2015-04-11,12.51,9.4
2015-04-12,12.3,10.2
2015-04-13,12.02,10.6
2015-04-14,11.89,10.9
2015-04-15,11.94,11.4
2015-04-16,11.88,12.1
2015-04-17,11.63,12.4
2015-04-18,11.24,12.2
2015-04-19,11.3,11.9
2015-04-20,11.49,12.0
2015-04-21,11.63,12.0
2015-04-22,11.81,12.3
2015-04-23,11.6,12.4
2015-04-24,11.54,12.0
2015-04-25,11.89,12.1
2015-04-26,12.06,12.6
2015-04-27,11.94,13.3
2015-04-28,11.49,13.4
2015-04-29,11.1,13.0
2015-04-30,11.17,12.9
2015-05-01,11.09,12.6
2015-05-02,10.92,12.4
2015-05-03,10.81,12.3
2015-05-04,10.87,12.4
2015-05-05,10.81,12.7
2015-05-06,10.65,13.2
2015-05-07,11.0,13.2
2015-05-08,10.88,13.4
2015-05-09,10.55,13.6
2015-05-10,10.27,13.6
2015-05-11,10.29,13.8
2015-05-12,10.24,14.1
2015-05-13,10.16,14.6
2015-05-14,10.16,15.0
2015-05-15,10.48,14.8
2015-05-16,10.79,14.0
2015-05-17,10.56,14.7
2015-05-18,10.4,14.5
2015-05-19,10.33,14.4
2015-05-20,10.43,13.9
2015-05-21,11.43,12.5
2015-05-22,11.7,12.1
2015-05-23,11.9,11.5
2015-05-24,12.13,10.9
2015-05-25,11.85,11.4
2015-05-26,11.24,12.1
2015-05-27,11.35,12.2
2015-05-28,11.42,12.2
2015-05-29,11.14,12.8
2015-05-30,10.74,13.5
2015-05-31,10.42,14.2
2015-06-01,10.29,14.6
2015-06-02,10.26,15.3
2015-06-03,10.26,16.1
2015-06-04,10.13,16.7
2015-06-05,10.25,17.3
2015-06-06,10.52,17.4
2015-06-07,10.74,17.5
2015-06-08,10.77,17.5
2015-06-09,10.75,16.8
2015-06-10,10.53,16.1
2015-06-11,10.61,15.7
2015-06-12,10.41,16.3
2015-06-13,10.23,16.9
2015-06-14,9.96,17.4
2015-06-15,9.81,17.2
2015-06-16,9.77,16.8
2015-06-17,10.23,16.0
2015-06-18,10.3,15.8
2015-06-19,10.18,15.3
2015-06-20,10.39,14.8
2015-06-21,10.71,14.3
2015-06-22,10.65,14.4
2015-06-23,10.63,14.4
2015-06-24,10.98,14.3
2015-06-25,10.79,14.9
2015-06-26,10.51,15.4
2015-06-27,10.27,15.9
2015-06-28,10.09,16.0
2015-06-29,9.98,16.5
2015-06-30,9.88,16.9
2015-07-01,9.87,17.5
2015-07-02,9.76,18.4
2015-07-03,9.74,19.0
2015-07-04,9.69,19.5
2015-07-05,9.66,20.2
2015-07-06,9.6,20.4
2015-07-07,9.5,20.2
2015-07-08,9.29,20.5
2015-07-09,9.1,19.9
2015-07-10,9.22,19.0
2015-07-11,9.43,18.6
2015-07-12,9.35,18.9
2015-07-13,9.28,19.1
2015-07-14,9.21,18.8
2015-07-15,9.23,18.7
2015-07-16,9.39,18.8
2015-07-17,9.45,19.4
2015-07-18,9.48,20.1
2015-07-19,9.36,20.4
2015-07-20,9.29,20.9
2015-07-21,9.15,20.9
2015-07-22,9.13,21.0
2015-07-23,9.07,21.4
2015-07-24,8.92,21.4
2015-07-25,8.86,20.9
2015-07-26,8.84,20.2
2015-07-27,8.85,19.7
2015-07-28,8.94,19.1
2015-07-29,8.96,19.0
2015-07-30,9.24,18.5
2015-07-31,9.46,18.1
2015-08-01,9.61,18.0
2015-08-02,9.57,18.1
2015-08-03,9.64,17.6
2015-08-04,9.64,17.9
2015-08-05,9.7,18.5
2015-08-06,9.52,19.2
2015-08-07,9.41,19.8
2015-08-08,9.31,20.3
2015-08-09,9.14,20.7
2015-08-10,9.15,21.0
2015-08-11,9.15,21.1
2015-08-12,9.13,21.0
2015-08-13,9.14,21.2
2015-08-14,9.07,21.4
2015-08-15,8.99,21.2
2015-08-16,8.9,21.0
2015-08-17,8.66,20.4
2015-08-18,8.67,19.3
2015-08-19,8.8,18.9
2015-08-20,8.97,18.2
2015-08-21,9.15,17.8
2015-08-22,9.27,17.7
2015-08-23,9.44,17.5
2015-08-24,9.53,17.7
2015-08-25,9.51,18.0
2015-08-26,9.5,18.2
2015-08-27,9.51,18.2
2015-08-28,9.65,18.2
2015-08-29,9.61,18.7
2015-08-30,9.56,19.1
2015-08-31,9.54,19.4
2015-09-01,9.49,19.6
2015-09-02,9.43,19.7
2015-09-03,9.27,19.3
2015-09-04,9.22,18.4
2015-09-05,9.47,17.1
2015-09-06,9.59,16.3
2015-09-07,9.72,15.5
2015-09-08,9.91,15.1
2015-09-09,10.01,14.8
2015-09-10,10.05,14.9
2015-09-11,10.26,14.7
2015-09-12,10.31,14.7
2015-09-13,10.33,15.0
2015-09-14,10.29,15.4
2015-09-15,10.26,15.3
2015-09-16,10.17,15.4
2015-09-17,10.19,15.7
2015-09-18,10.18,15.8
2015-09-19,10.11,15.8
2015-09-20,10.08,15.7
2015-09-21,10.13,15.6
2015-09-22,10.19,15.3
2015-09-23,10.24,15.2
2015-09-24,10.22,14.7
2015-09-25,10.24,14.5
2015-09-26,10.36,14.5
2015-09-27,10.55,13.8
2015-09-28,10.65,13.4
2015-09-29,10.82,13.0
2015-09-30,10.96,12.6
2015-10-01,11.18,12.2
2015-10-02,11.24,12.2
2015-10-03,11.25,12.2
2015-10-04,11.28,12.3
2015-10-05,11.23,12.4
2015-10-06,11.13,12.4
2015-10-07,11.18,12.5
2015-10-08,10.89,12.8
2015-10-09,10.56,13.0
2015-10-10,10.57,12.8
2015-10-11,10.66,12.5
2015-10-12,10.54,12.5
2015-10-13,10.59,12.1
2015-10-14,10.75,11.4
2015-10-15,10.82,10.9
2015-10-16,10.75,10.8
2015-10-17,10.81,10.5
2015-10-18,10.96,10.2
2015-10-19,11.04,10.0
2015-10-20,11.11,9.7
2015-10-21,11.13,9.6
2015-10-22,11.0,9.6
2015-10-23,11.05,9.6
2015-10-24,11.12,9.8
2015-10-25,11.12,9.8
2015-10-26,11.22,9.8
2015-10-27,11.31,9.7
2015-10-28,11.36,9.8
2015-10-29,11.25,9.8
2015-10-30,11.15,9.7
2015-10-31,11.18,9.5
2015-11-01,11.28,9.5
2015-11-02,11.37,9.3
2015-11-03,11.47,9.1
2015-11-04,11.5,8.8
2015-11-05,11.52,8.8
2015-11-06,11.55,8.8
2015-11-07,11.61,8.9
2015-11-08,11.53,9.0
2015-11-09,11.43,9.3
2015-11-10,11.51,9.5
2015-11-11,11.4,9.8
2015-11-12,11.26,10.1
2015-11-13,11.28,10.1
2015-11-14,11.35,9.9
2015-11-15,11.35,9.7
2015-11-16,11.37,9.7
2015-11-17,11.35,9.5
2015-11-18,11.31,9.6
2015-11-19,11.27,9.5
2015-11-20,11.23,9.8
2015-11-21,11.08,9.3
2015-11-22,10.87,9.0
2015-11-23,11.05,8.6
2015-11-24,11.22,7.9
2015-11-25,11.28,7.1
2015-11-26,11.38,6.5
2015-11-27,11.5,6.2
2015-11-28,11.62,5.9
2015-11-29,11.64,5.7
2015-11-30,11.68,5.6
2015-12-01,12.02,5.7
2015-12-02,12.29,6.2
2015-12-03,12.18,6.6
2015-12-04,12.13,6.7
2015-12-05,11.98,6.6
2015-12-06,11.81,6.6
2015-12-07,11.81,6.4
2015-12-08,11.87,6.2
2015-12-09,11.5,6.1
2015-12-10,11.29,6.0
2015-12-11,11.45,5.9
2015-12-12,11.56,5.7
2015-12-13,11.62,5.5
2015-12-14,11.6,5.6
2015-12-15,11.69,5.5
2015-12-16,11.76,5.6
2015-12-17,11.82,5.7
2015-12-18,11.79,5.8
2015-12-19,11.68,6.1
2015-12-20,11.7,6.1
2015-12-21,11.71,6.0
2015-12-22,11.7,5.9
2015-12-23,11.82,5.9
2015-12-24,11.88,5.9
2015-12-25,11.9,5.9
2015-12-26,11.91,5.8
2015-12-27,11.95,5.7
2015-12-28,12.03,5.5
2015-12-29,12.1,5.2
2015-12-30,12.24,5.0
2015-12-31,12.35,4.7
2016-01-01,12.38,4.5
2016-01-02,12.55,4.1
2016-01-03,12.65,3.9
2016-01-04,12.71,3.5
2016-01-05,12.72,3.0
2016-01-06,12.8,2.8
2016-01-07,12.78,3.0
2016-01-08,12.83,3.1
2016-01-09,12.83,3.3
2016-01-10,12.7,3.7
2016-01-11,12.45,4.1
2016-01-12,12.18,4.5
2016-01-13,12.36,4.8
2016-01-14,12.66,4.9
2016-01-15,12.86,4.7
2016-01-16,12.81,4.4
2016-01-17,12.82,4.0
2016-01-18,12.83,3.5
2016-01-19,12.93,2.9
2016-01-20,13.04,2.5
2016-01-21,13.16,2.3
2016-01-22,13.32,1.9
2016-01-23,13.49,1.4
2016-01-24,13.59,1.4
2016-01-25,13.57,1.7
2016-01-26,13.6,2.0
2016-01-27,13.66,2.2
2016-01-28,13.59,2.5
2016-01-29,13.33,3.3
2016-01-30,13.17,3.9
2016-01-31,12.96,4.3
2016-02-01,12.95,4.9
2016-02-02,13.71,5.6
2016-02-03,13.45,5.9
2016-02-04,13.09,5.9
2016-02-05,12.92,5.6
2016-02-06,13.0,5.4
2016-02-07,12.96,5.3
2016-02-08,12.82,5.4
2016-02-09,12.74,5.6
2016-02-10,12.58,5.7
2016-02-11,12.24,5.6
2016-02-12,12.04,5.4
2016-02-13,12.1,5.2
2016-02-14,12.07,5.1
2016-02-15,11.96,5.3
2016-02-16,11.9,5.5
2016-02-17,12.06,5.5
2016-02-18,12.1,5.4
2016-02-19,12.07,5.3
2016-02-20,12.0,5.3
2016-02-21,12.02,5.2
2016-02-22,12.45,5.6
2016-02-23,12.3,5.9
2016-02-24,12.18,6.1
2016-02-25,12.0,6.1
2016-02-26,12.0,6.0
2016-02-27,11.99,5.8
2016-02-28,11.93,5.6
2016-02-29,11.93,5.5
2016-03-01,11.93,5.2
2016-03-02,12.03,4.9
2016-03-03,12.16,4.8
2016-03-04,12.28,4.9
2016-03-05,12.47,5.2
2016-03-06,12.27,5.4
2016-03-07,12.12,5.5
2016-03-08,12.07,5.7
2016-03-09,12.06,5.9
2016-03-10,12.05,6.0
2016-03-11,12.09,6.1
2016-03-12,12.1,6.1
2016-03-13,12.11,6.2
2016-03-14,12.18,6.1
2016-03-15,12.29,6.0
2016-03-16,12.29,5.9
2016-03-17,12.42,6.1
2016-03-18,12.51,6.4
2016-03-19,12.64,6.6
2016-03-20,12.73,6.9
2016-03-21,12.81,7.2
2016-03-22,12.75,7.5
2016-03-23,12.67,7.7
2016-03-24,12.68,7.7
2016-03-25,12.7,7.8
2016-03-26,12.58,7.8
2016-03-27,12.54,7.9
2016-03-28,12.69,8.3
2016-03-29,12.59,8.7
2016-03-30,12.53,9.0
2016-03-31,12.51,9.5
2016-04-01,12.41,10.1
2016-04-02,12.22,10.4
2016-04-03,12.03,10.5
2016-04-04,11.87,10.9
2016-04-05,11.64,11.4
2016-04-06,11.33,11.8
2016-04-07,10.92,11.7
2016-04-08,10.71,11.4
2016-04-09,10.51,10.9
2016-04-10,10.41,10.7
2016-04-11,10.58,10.9
2016-04-12,10.77,11.1
2016-04-13,10.86,11.2
2016-04-14,10.85,11.7
2016-04-15,10.76,11.5
2016-04-16,10.65,11.5
2016-04-17,10.72,11.6
2016-04-18,10.62,11.3
2016-04-19,10.71,11.1
2016-04-20,10.86,11.4
2016-04-21,10.9,11.7
2016-04-22,10.92,11.8
2016-04-23,10.91,12.0
2016-04-24,10.77,11.9
2016-04-25,10.74,11.6
2016-04-26,10.67,11.1
2016-04-27,10.7,10.4
2016-04-28,10.98,9.9
2016-04-29,11.24,9.9
2016-04-30,11.5,10.1
2016-05-01,11.63,10.5
2016-05-02,11.53,10.8
2016-05-03,11.47,11.3
2016-05-04,11.17,11.5
2016-05-05,11.01,11.4
2016-05-06,10.99,12.0
2016-05-07,10.93,12.8
2016-05-08,10.9,13.6
2016-05-09,10.96,14.5
2016-05-10,10.81,15.0
2016-05-11,10.61,15.4
2016-05-12,10.28,15.3
2016-05-13,9.71,14.7
2016-05-14,9.87,13.6
2016-05-15,10.35,13.0
2016-05-16,10.03,12.9
2016-05-17,10.11,12.4
2016-05-18,10.17,12.0
2016-05-19,10.26,12.3
2016-05-20,10.29,12.5
2016-05-21,10.28,12.6
2016-05-22,10.23,13.4
2016-05-23,10.18,14.3
2016-05-24,10.02,14.1
2016-05-25,10.48,13.2
2016-05-26,10.12,13.7
2016-05-27,9.86,14.2
2016-05-28,9.86,14.8
2016-05-29,9.89,15.5
2016-05-30,9.85,16.0
2016-05-31,10.01,15.7
2016-06-01,10.55,14.3
2016-06-02,10.79,13.8
2016-06-03,10.52,14.3
2016-06-04,10.44,14.7
2016-06-05,10.39,15.1
2016-06-06,10.47,15.2
2016-06-07,10.37,15.9
2016-06-08,10.27,16.3
2016-06-09,10.28,16.0
2016-06-10,10.76,15.2
2016-06-11,10.62,15.5
2016-06-12,10.53,15.2
2016-06-13,10.45,15.0
2016-06-14,10.43,15.0
2016-06-15,10.57,15.1
2016-06-16,10.71,15.3
2016-06-17,10.64,15.5
2016-06-18,11.04,14.8
2016-06-19,10.95,14.8
2016-06-20,11.16,14.5
2016-06-21,11.15,14.4
2016-06-22,10.94,14.9
2016-06-23,10.67,16.0
2016-06-24,10.36,17.2
2016-06-25,10.07,18.0
2016-06-26,10.02,18.0
2016-06-27,10.16,17.3
2016-06-28,10.57,16.6
2016-06-29,10.18,16.9
2016-06-30,9.94,17.1
2016-07-01,9.87,17.3
2016-07-02,9.75,17.9
2016-07-03,9.9,17.5
2016-07-04,10.13,17.3
2016-07-05,9.87,17.5
2016-07-06,9.81,17.6
2016-07-07,9.69,17.6
2016-07-08,9.66,17.6
2016-07-09,9.56,18.2
2016-07-10,9.52,18.7
2016-07-11,9.48,19.1
2016-07-12,9.36,19.1
2016-07-13,10.11,17.9
2016-07-14,10.46,16.5
2016-07-15,10.93,15.2
2016-07-16,10.69,15.6
2016-07-17,10.66,15.4
2016-07-18,10.25,15.3
2016-07-19,9.87,15.9
2016-07-20,9.58,17.0
2016-07-21,9.39,18.0
2016-07-22,9.24,18.3
2016-07-23,9.2,18.9
2016-07-24,9.09,19.1
2016-07-25,9.0,19.4
2016-07-26,8.96,19.4
2016-07-27,9.1,19.1
2016-07-28,9.11,19.0
2016-07-29,9.31,19.1
2016-07-30,8.95,19.2
2016-07-31,8.87,19.4
2016-08-01,8.86,19.2
2016-08-02,8.88,18.8
2016-08-03,8.8,18.7
2016-08-04,9.01,18.7
2016-08-05,9.03,18.7
2016-08-06,10.42,16.9
2016-08-07,10.15,17.3
2016-08-08,10.05,17.4
2016-08-09,9.79,17.3
2016-08-10,10.24,16.4
2016-08-11,10.92,15.3
2016-08-12,10.62,15.1
2016-08-13,10.41,14.8
2016-08-14,10.16,15.5
2016-08-15,9.81,16.4
2016-08-16,9.56,17.2
2016-08-17,9.41,17.8
2016-08-18,9.3,18.0
2016-08-19,9.26,18.0
2016-08-20,9.28,18.0
2016-08-21,9.35,18.1
2016-08-22,9.33,17.7
2016-08-23,9.43,17.4
2016-08-24,9.55,17.6
2016-08-25,9.55,17.8
2016-08-26,9.53,18.0
2016-08-27,9.42,18.1
2016-08-28,9.35,18.8
2016-08-29,9.27,19.2
2016-08-30,9.13,19.1
2016-08-31,9.06,18.9
2016-09-01,9.1,18.9
2016-09-02,9.03,18.7
2016-09-03,9.13,18.6
2016-09-04,9.19,18.8
2016-09-05,9.18,18.6
2016-09-06,9.31,17.8
2016-09-07,9.5,17.4
2016-09-08,9.53,17.3
2016-09-09,9.46,17.4
2016-09-10,9.39,17.7
2016-09-11,9.35,18.1
2016-09-12,9.35,18.5
2016-09-13,9.37,18.7
2016-09-14,9.33,18.8
2016-09-15,9.3,18.8
2016-09-16,9.19,18.9
2016-09-17,9.11,18.3
2016-09-18,9.14,16.9
2016-09-19,8.7,16.7
2016-09-20,8.97,15.9
2016-09-21,8.96,15.5
2016-09-22,9.22,15.1
2016-09-23,9.39,15.0
2016-09-24,9.52,14.9
2016-09-25,9.56,14.9
2016-09-26,9.58,15.0
2016-09-27,9.63,15.0
2016-09-28,9.69,15.2
2016-09-29,9.78,15.3
2016-09-30,9.83,15.5
2016-10-01,9.93,15.5
2016-10-02,9.9,15.5
2016-10-03,9.78,15.2
2016-10-04,9.78,14.6
2016-10-05,9.94,14.0
2016-10-06,10.1,13.3
2016-10-07,10.15,12.8
2016-10-08,10.27,12.3
2016-10-09,10.36,12.1
2016-10-10,10.52,11.7
2016-10-11,10.73,11.3
2016-10-12,10.76,11.1
2016-10-13,10.84,10.8
2016-10-14,10.95,10.5
2016-10-15,11.06,10.5
2016-10-16,11.14,10.7
2016-10-17,11.17,11.0
2016-10-18,11.05,11.1
2016-10-19,10.96,11.1
2016-10-20,10.87,11.0
2016-10-21,10.77,10.8
2016-10-22,10.75,10.7
2016-10-23,10.82,10.4
2016-10-24,10.97,10.1
2016-10-25,10.99,10.2
2016-10-26,11.03,10.3
2016-10-27,10.97,10.4
2016-10-28,11.01,10.4
2016-10-29,11.04,10.3
2016-10-30,11.04,10.5
2016-10-31,11.05,10.4
2016-11-01,11.16,10.1
2016-11-02,11.06,10.0
2016-11-03,11.02,9.7
2016-11-04,11.15,9.3
2016-11-05,11.32,8.7
2016-11-06,11.29,8.6
2016-11-07,11.37,8.1
2016-11-08,11.31,7.8
2016-11-09,11.34,7.4
2016-11-10,11.42,7.1
2016-11-11,11.54,6.9
2016-11-12,11.53,6.8
2016-11-13,11.63,6.7
2016-11-14,11.81,6.2
2016-11-15,12.0,5.8
2016-11-16,12.21,5.6
2016-11-17,12.23,5.7
2016-11-18,12.01,6.2
2016-11-19,11.84,6.5
2016-11-20,11.8,6.7
2016-11-21,12.08,6.7
2016-11-22,12.2,6.8
2016-11-23,11.86,6.9
2016-11-24,11.75,7.0
2016-11-25,11.7,7.2
2016-11-26,11.64,7.3
2016-11-27,11.6,7.3
2016-11-28,11.56,7.2
2016-11-29,11.66,6.6
2016-11-30,11.86,6.0
2016-12-01,12.02,5.5
2016-12-02,12.18,5.3
2016-12-03,12.36,4.9
2016-12-04,12.56,4.3
2016-12-05,12.72,4.0
2016-12-06,12.87,3.6
2016-12-07,13.01,3.4
2016-12-08,13.05,3.4
2016-12-09,13.13,3.2
2016-12-10,13.15,3.3
2016-12-11,13.15,3.3
2016-12-12,13.18,3.4
2016-12-13,13.16,3.4
2016-12-14,13.13,3.8
2016-12-15,13.02,4.0
2016-12-16,13.0,3.9
2016-12-17,13.04,3.8
2016-12-18,13.0,3.7
2016-12-19,12.98,3.7
2016-12-20,13.01,3.7
2016-12-21,13.1,3.5
2016-12-22,12.0,3.1
2016-12-23,12.03,2.9
2016-12-24,12.09,2.9
2016-12-25,12.16,3.1
2016-12-26,12.14,3.3
2016-12-27,12.14,3.6
2016-12-28,12.19,3.9
2016-12-29,12.14,4.1
2016-12-30,12.14,4.1
2016-12-31,12.16,3.8
2017-01-01,12.22,3.5
2017-01-02,12.29,3.1
2017-01-03,12.33,2.9
2017-01-04,12.4,2.6
2017-01-05,12.49,2.4
2017-01-06,12.68,1.8
2017-01-07,12.91,1.2
2017-01-08,13.1,0.6
2017-01-09,13.19,0.5
2017-01-10,13.26,0.5
2017-01-11,13.3,0.5
2017-01-12,13.3,0.5
2017-01-13,13.3,0.6
2017-01-14,13.23,1.0
2017-01-15,13.13,1.1
2017-01-16,13.1,1.3
2017-01-17,13.05,1.5
2017-01-18,13.02,1.5
2017-01-19,13.11,1.3
2017-01-20,13.28,0.8
2017-01-21,13.39,0.4
2017-01-22,13.53,0.3
2017-01-23,13.58,0.2
2017-02-09,12.6,3.5
2017-02-10,12.57,3.4
2017-02-11,12.62,3.3
2017-02-12,12.64,3.3
2017-02-13,12.74,3.4
2017-02-14,12.85,3.4
2017-02-15,12.97,3.3
2017-02-16,13.05,3.4
2017-02-17,13.09,3.4
2017-02-18,12.99,3.6
2017-02-19,12.84,3.8
2017-02-20,12.77,4.0
2017-02-21,12.64,4.2
2017-02-22,12.57,4.6
2017-02-23,12.41,5.4
2017-02-24,12.21,5.8
2017-02-25,12.09,5.9
2017-02-26,11.97,5.8
2017-02-27,11.84,5.7
2017-02-28,11.93,5.6
2017-03-01,11.87,5.4
2017-03-02,11.9,5.5
2017-03-03,12.0,5.7
2017-03-04,11.95,5.9
2017-03-05,11.93,6.3
2017-03-06,11.96,6.4
2017-03-07,11.96,6.4
2017-03-08,11.92,6.5
2017-03-09,11.98,6.7
2017-03-10,12.41,7.0
2017-03-11,12.56,6.9
2017-03-12,12.58,6.8
2017-03-13,12.38,6.7
2017-03-14,12.14,6.8
2017-03-15,11.9,6.8
2017-03-16,11.89,7.0
2017-03-17,11.84,7.3
2017-03-18,11.68,7.7
2017-03-19,11.73,7.9
2017-03-20,12.12,7.9
2017-03-21,11.84,8.3
2017-03-22,11.59,8.7
2017-03-23,11.34,8.7
2017-03-24,11.31,8.7
2017-03-25,11.26,8.8
2017-03-26,11.3,8.9
2017-03-27,11.38,9.0
2017-03-28,11.47,9.2
2017-03-29,11.57,9.6
2017-03-30,11.72,10.0
2017-03-31,11.87,10.5
2017-04-01,12.04,11.1
2017-04-02,12.32,11.6
2017-04-03,12.43,12.0
2017-04-04,12.2,12.3
2017-04-05,12.04,12.2
2017-04-06,12.12,12.1
2017-04-07,12.03,11.5
2017-04-08,12.22,11.2
2017-04-09,12.82,11.2
2017-04-10,13.52,11.8
2017-04-11,13.68,12.2
2017-04-12,13.63,12.3
2017-04-13,13.14,12.3
2017-04-14,13.04,12.2
2017-04-15,13.0,12.0
2017-04-16,13.11,12.0
2017-04-17,12.86,11.6
2017-04-18,12.27,10.9
2017-04-19,12.15,10.1
2017-04-20,12.53,9.4
2017-04-21,12.65,9.1
2017-04-22,0.0,
2017-04-23,13.19,9.1
2017-04-24,13.48,9.0
2017-04-25,13.75,9.5
2017-04-26,13.21,9.7
2017-04-27,12.51,9.6
2017-04-28,12.08,9.1
2017-04-29,11.87,8.7
2017-04-30,12.07,9.0
2017-05-01,12.07,9.6
2017-05-02,11.91,10.1
2017-05-03,11.72,10.5
2017-05-04,11.71,11.0
2017-05-05,11.57,11.3
2017-05-06,11.46,11.5
2017-05-07,11.31,12.1
2017-05-08,11.13,12.3
2017-05-09,11.26,11.8
2017-05-10,11.45,11.5
2017-05-11,11.31,11.7
2017-05-12,10.67,12.3
2017-05-13,10.49,13.0
2017-05-14,10.41,13.6
2017-05-15,10.53,14.1
2017-05-16,10.63,14.5
2017-05-17,10.81,14.9
2017-05-18,10.99,15.5
2017-05-19,11.26,16.0
2017-05-20,11.17,16.2
2017-05-21,11.07,15.8
2017-05-22,11.15,15.8
2017-05-23,11.31,15.8
2017-05-24,11.24,15.8
2017-05-25,0.0,15.5
2017-05-26,11.17,15.4
2017-05-27,11.36,15.8
2017-05-28,11.31,16.3
2017-05-29,11.35,16.9
2017-05-30,11.17,17.4
2017-05-31,10.94,17.9
2017-06-01,11.01,17.9
2017-06-02,11.06,17.5
2017-06-03,10.98,17.5
2017-06-04,10.7,17.8
2017-06-05,10.08,17.5
2017-06-06,10.12,17.3
2017-06-07,9.68,16.6
2017-06-08,9.98,16.2
2017-06-09,10.25,16.3
2017-06-10,10.41,16.4
2017-06-11,10.52,16.8
2017-06-12,10.8,17.3
2017-06-13,10.67,17.5
2017-06-14,10.53,18.0
2017-06-15,10.39,18.5
2017-06-16,10.19,18.7
2017-06-17,10.0,18.5
2017-06-18,9.97,18.2
2017-06-19,10.34,18.4
2017-06-20,10.54,18.7
2017-06-21,10.68,19.2
2017-06-22,10.87,19.9
2017-06-23,10.72,20.3
2017-06-24,10.51,20.3
2017-06-25,10.13,20.5
2017-06-26,9.62,19.9
2017-06-27,9.47,19.5
2017-06-28,9.44,20.0
2017-06-29,9.0,19.8
2017-06-30,8.93,19.4
2017-07-01,8.71,19.1
2017-07-02,8.85,18.4
2017-07-03,9.02,17.7
2017-07-04,9.34,17.1
2017-07-05,8.93,17.5
2017-07-06,8.53,18.3
2017-07-07,8.57,19.0
2017-07-08,8.46,19.7
2017-07-09,8.48,19.7
2017-07-10,8.41,20.0
2017-07-11,8.47,19.8
2017-07-12,8.42,19.5
2017-07-13,8.45,19.1
2017-07-14,8.53,18.7
2017-07-15,8.54,18.2
2017-07-16,8.94,17.4
2017-07-17,8.94,17.9
2017-07-18,8.94,18.4
2017-07-19,8.95,18.9
2017-07-20,8.91,19.6
2017-07-21,8.8,19.9
2017-07-22,9.28,19.9
2017-07-23,10.03,19.8
2017-07-24,9.69,19.7
2017-07-25,9.3,18.2
2017-07-26,9.37,17.2
2017-07-27,9.89,15.9
2017-07-28,9.82,16.4
2017-07-29,9.6,16.6
2017-07-30,9.42,16.7
2017-07-31,9.15,17.3
2017-08-01,8.86,18.3
2017-08-02,8.68,19.3
2017-08-03,8.48,19.8
2017-08-04,8.49,19.9
2017-08-05,8.47,20.3
2017-08-06,8.55,20.0
2017-08-07,9.43,18.6
2017-08-08,9.36,18.1
2017-08-09,8.92,18.8
2017-08-10,9.01,18.8
2017-08-11,9.33,18.2
2017-08-12,10.1,16.4
2017-08-13,9.9,16.1
2017-08-14,9.6,16.3
2017-08-15,9.46,16.9
2017-08-16,9.35,17.5
2017-08-17,9.19,18.1
2017-08-18,9.08,18.7
2017-08-19,8.95,18.7
2017-08-20,9.69,17.6
2017-08-21,9.89,17.1
2017-08-22,9.41,17.1
2017-08-23,9.39,16.8
2017-08-24,9.4,16.9
2017-08-25,9.41,17.1
2017-08-26,9.31,17.8
2017-08-27,9.25,18.2
2017-08-28,9.11,18.5
2017-08-29,9.12,18.4
2017-08-30,9.1,18.5
2017-08-31,9.08,18.5
2017-09-01,9.05,18.4
2017-09-02,9.32,17.2
2017-09-03,10.42,15.8
2017-09-04,10.8,15.0
2017-09-05,10.61,14.9
2017-09-06,10.36,14.7
2017-09-07,10.13,14.7
2017-09-08,9.97,14.8
2017-09-09,9.8,15.0
2017-09-10,9.71,15.0
2017-09-11,9.62,14.7
2017-09-12,9.73,14.5
2017-09-13,9.9,14.0
2017-09-14,10.05,13.7
2017-09-15,10.0,13.4
2017-09-16,10.06,13.2
2017-09-17,10.1,13.0
2017-09-18,10.21,12.6
2017-09-19,10.37,12.4
2017-09-20,10.75,11.9
2017-09-21,11.23,11.6
2017-09-22,10.86,11.7
2017-09-23,10.75,11.9
2017-09-24,10.71,12.1
2017-09-25,10.67,12.6
2017-09-26,10.63,12.7
2017-09-27,10.58,13.0
2017-09-28,10.54,13.3
2017-09-29,10.63,13.3
2017-09-30,10.55,13.5
2017-10-01,10.47,13.5
2017-10-02,10.38,13.6
2017-10-03,10.21,14.0
2017-10-04,10.16,13.7
2017-10-05,10.08,13.7
2017-10-06,10.14,13.4
2017-10-07,10.28,12.8
2017-10-08,10.3,12.3
2017-10-09,10.42,11.9
2017-10-10,10.66,11.7
2017-10-11,10.67,11.7
2017-10-12,10.73,11.8
2017-10-13,10.74,11.9
2017-10-14,10.74,12.1
2017-10-15,10.72,12.2
2017-10-16,10.73,12.3
2017-10-17,10.71,12.3
2017-10-18,10.69,12.4
2017-10-19,10.67,12.3
2017-10-20,10.63,12.3
2017-10-21,10.62,12.2
2017-10-22,10.61,12.2
2017-10-23,10.55,12.0
2017-10-24,10.58,11.6
2017-10-25,10.68,11.4
2017-10-26,10.77,11.4
2017-10-27,10.8,11.2
2017-10-28,11.03,10.8
2017-10-29,10.99,10.3
2017-10-30,11.42,9.5
2017-10-31,11.38,9.2
2017-11-01,11.23,9.0
2017-11-02,11.21,8.9
2017-11-03,11.35,8.8
2017-11-04,11.35,8.7
2017-11-05,11.33,8.6
2017-11-06,11.37,8.5
2017-11-07,11.52,8.4
2017-11-08,11.38,8.5
2017-11-09,11.51,8.2
2017-11-10,11.5,8.1
2017-11-11,11.48,8.1
2017-11-12,11.5,7.9
2017-11-13,11.79,7.7
2017-11-14,11.94,7.5
2017-11-15,12.36,7.1
2017-11-16,12.28,6.8
2017-11-17,12.27,6.5
2017-11-18,12.24,6.3
2017-11-19,12.21,6.1
2017-11-20,12.22,5.9
2017-11-21,12.2,5.8
2017-11-22,12.14,5.8
2017-11-23,12.1,5.9
2017-11-24,12.16,5.9
2017-11-25,12.2,5.9
2017-11-26,12.2,5.9
2017-11-27,12.2,5.8
2017-11-28,12.18,5.8
2017-11-29,12.17,5.8
2017-11-30,12.2,5.7
2017-12-01,12.2,5.5
2017-12-02,12.29,5.1
2017-12-03,12.43,4.7
2017-12-04,12.57,4.4
2017-12-05,12.66,4.1
2017-12-06,12.79,4.1
2017-12-07,12.85,4.1
2017-12-08,12.9,4.0
2017-12-09,12.86,3.9
2017-12-10,12.85,3.6
2017-12-11,12.86,3.3
2017-12-12,12.81,3.4
2017-12-13,12.91,3.4
2017-12-14,13.06,3.3
2017-12-15,13.17,3.4
2017-12-16,13.03,3.6
2017-12-17,13.0,3.7
2017-12-18,13.1,3.7
2017-12-19,13.02,3.4
2017-12-20,13.13,3.4
2017-12-21,13.15,3.5
2017-12-22,13.11,3.7
2017-12-23,13.04,4.1
2017-12-24,12.92,4.5
2017-12-25,12.98,4.8
2017-12-26,13.04,4.8
2017-12-27,12.92,4.6
2017-12-28,12.7,4.3
2017-12-29,12.69,4.0
2017-12-30,12.76,3.7
2017-12-31,12.85,3.6
2018-01-01,12.94,3.8
2018-01-02,13.37,4.0
2018-01-03,13.3,4.3
2018-01-04,13.13,4.6
2018-01-05,13.4,4.9
2018-01-06,13.32,5.4
2018-01-07,12.77,5.7
2018-01-08,12.64,5.8
2018-01-09,12.74,5.8
2018-01-10,12.96,5.8
2018-01-11,13.05,5.6
2018-01-12,12.6,5.5
2018-01-13,12.66,5.4
2018-01-14,12.74,5.2
2018-01-15,12.8,4.9
2018-01-16,12.8,4.5
2018-01-17,12.8,4.3
2018-01-18,12.93,4.3
2018-01-19,13.21,4.3
2018-01-20,13.56,4.2
2018-01-21,13.78,4.1
2018-01-22,13.81,3.9
2018-01-23,13.77,3.8
2018-01-24,13.17,3.9
2018-01-25,12.83,4.2
2018-01-26,12.52,4.5
2018-01-27,12.52,4.7
2018-01-28,12.67,4.9
2018-01-29,12.68,5.2
2018-01-30,12.48,5.6
2018-01-31,12.32,5.8
2018-02-01,12.16,6.0
2018-02-02,12.1,5.9
2018-02-03,12.12,5.7
2018-02-04,12.17,5.4
2018-02-05,12.25,5.0
2018-02-06,12.39,4.5
2018-02-07,12.5,4.0
2018-02-08,12.57,3.6
2018-02-09,12.6,3.6
2018-02-10,12.64,3.6
2018-02-11,12.61,3.7
2018-02-12,12.6,3.9
2018-02-13,12.55,3.9
2018-02-14,12.52,3.9
2018-02-15,12.54,3.8
2018-02-16,12.66,3.7
2018-02-17,12.79,3.6
2018-02-18,12.87,3.6
2018-02-19,13.13,3.6
2018-02-20,13.17,3.6
2018-02-21,13.01,3.7
2018-02-22,13.02,3.5
2018-02-23,13.08,3.3
2018-02-24,13.08,3.1
2018-02-25,13.23,2.7
2018-02-26,13.47,2.0
2018-02-27,13.61,1.5
2018-02-28,13.83,1.1
2018-03-01,14.06,0.6
2018-03-02,14.09,0.3
2018-03-05,14.17,1.5
2018-03-06,13.99,1.7
2018-03-07,13.68,2.4
2018-03-08,13.46,3.3
2018-03-09,13.3,4.0
2018-03-10,13.18,4.7
2018-03-11,13.06,5.4
2018-03-12,12.9,6.1
2018-03-13,12.6,6.6
2018-03-14,12.42,7.1
2018-03-15,12.34,7.1
2018-03-16,12.38,7.3
2018-03-17,12.32,7.3
2018-03-18,12.32,6.9
2018-03-19,12.43,6.1
2018-03-20,12.71,5.4
2018-03-21,13.0,5.2
2018-03-22,13.3,5.1
2018-03-23,13.41,5.0
2018-03-24,13.33,5.1
2018-03-25,13.55,5.5
2018-03-26,13.61,6.0
2018-03-27,13.65,6.1
2018-03-28,13.58,6.2
2018-03-29,13.36,6.7
2018-03-30,13.14,7.3
2018-03-31,12.97,7.7
2018-04-01,12.63,7.9
2018-04-02,12.76,8.2
2018-04-03,12.94,8.7
2018-04-04,12.98,9.2
2018-04-05,12.62,9.9
2018-04-06,11.96,10.1
2018-04-07,11.94,10.2
2018-04-08,12.04,10.4
2018-04-09,11.98,10.9
2018-04-10,11.73,11.1
2018-04-11,11.57,11.2
2018-04-12,11.44,11.5
2018-04-13,11.29,11.7
2018-04-14,11.22,11.8
2018-04-15,11.24,11.9
2018-04-16,11.09,12.0
2018-04-17,11.0,11.9
2018-04-18,11.28,12.3
2018-04-19,11.57,12.7
2018-04-20,11.67,13.1
2018-04-21,11.69,13.5
2018-04-22,11.44,13.9
2018-04-23,11.31,14.0
2018-04-24,11.29,14.0
2018-04-25,11.48,13.9
2018-04-26,11.14,13.8
2018-04-27,10.95,13.3
2018-04-28,11.08,13.1
2018-04-29,11.01,13.7
2018-04-30,10.99,13.8
2018-05-01,11.04,13.8
2018-05-02,11.14,13.8
2018-05-03,11.2,13.8
2018-05-04,11.15,14.0
2018-05-05,11.07,13.7
2018-05-06,11.26,13.6
2018-05-07,11.42,14.0
2018-05-08,11.28,14.4
2018-05-09,11.15,14.8
2018-05-10,10.92,15.0
2018-05-11,10.91,15.0
2018-05-12,10.91,15.0
2018-05-13,10.89,15.2
2018-05-14,10.73,15.7
2018-05-15,10.44,15.3
2018-05-16,10.83,14.3
2018-05-17,10.42,13.9
2018-05-18,10.13,13.7
2018-05-19,10.19,13.9
2018-05-20,10.18,14.5
2018-05-21,10.16,15.0
2018-05-22,10.17,15.5
2018-05-23,10.09,15.9
2018-05-24,9.96,16.1
2018-05-25,9.69,16.1
2018-05-26,9.7,15.8
2018-05-27,9.64,16.4
2018-05-28,9.67,16.9
2018-05-29,9.75,17.2
2018-05-30,9.88,17.2
2018-05-31,9.93,17.2
2018-06-01,9.89,17.2
2018-06-02,9.73,17.2
2018-06-03,9.61,17.6
2018-06-04,9.63,17.9
2018-06-05,9.52,18.0
2018-06-06,9.51,18.1
2018-06-07,9.32,18.1
2018-06-08,9.11,18.1
2018-06-09,9.05,18.4
2018-06-10,8.94,18.6
2018-06-11,8.86,18.7
2018-06-12,8.86,18.7
2018-06-13,8.63,18.5
2018-06-14,9.45,16.8
2018-06-15,9.45,16.9
2018-06-16,9.14,17.0
2018-06-17,9.06,17.2
2018-06-18,8.98,17.6
2018-06-19,8.89,17.7
2018-06-20,8.7,18.0
2018-06-21,8.75,18.3
2018-06-22,8.79,18.2
2018-06-23,8.89,17.4
2018-06-24,8.94,16.9
2018-06-25,8.96,16.7
2018-06-26,9.03,16.7
2018-06-27,9.18,16.7
2018-06-28,9.22,16.7
2018-06-29,9.77,15.4
2018-06-30,9.79,15.4
2018-07-01,9.4,16.2
2018-07-02,9.24,16.8
2018-07-03,9.25,17.4
2018-07-04,9.23,18.1
2018-07-05,9.07,18.8
2018-07-06,8.99,18.5
2018-07-07,9.94,16.9
2018-07-08,9.98,16.6
2018-07-09,9.22,17.5
2018-07-10,8.99,17.8
2018-07-11,8.88,17.6
2018-07-12,8.84,17.5
2018-07-13,8.91,17.6
2018-07-14,8.95,18.0
2018-07-15,8.93,18.5
2018-07-16,8.86,19.0
2018-07-17,8.84,19.1
2018-07-18,8.92,19.2
2018-07-19,8.95,19.5
2018-07-20,8.99,19.7
2018-07-21,8.95,19.9
2018-07-22,8.83,19.6
2018-07-23,8.73,19.1
2018-07-24,8.64,19.2
2018-07-25,8.62,19.4
2018-07-26,8.61,19.5
2018-07-27,8.65,19.8
2018-07-28,8.67,20.3
2018-07-29,8.72,21.0
2018-07-30,8.62,21.6
2018-07-31,8.58,21.9
2018-08-01,8.65,22.3
2018-08-02,8.7,22.7
2018-08-03,8.71,22.7
2018-08-04,8.69,22.8
2018-08-05,8.53,22.8
2018-08-06,8.44,22.6
2018-08-07,8.32,22.3
2018-08-08,8.44,22.2
2018-08-09,8.4,22.4
2018-08-10,8.46,22.0
2018-08-11,8.14,21.8
2018-08-12,7.92,21.0
2018-08-13,8.25,20.8
2018-08-14,8.33,20.7
2018-08-15,8.4,20.7
2018-08-16,8.38,20.6
2018-08-17,8.51,20.6
2018-08-18,8.65,20.8
2018-08-19,8.76,20.8
2018-08-20,8.84,21.1
2018-08-21,8.94,21.1
2018-08-22,9.1,21.3
2018-08-23,9.27,21.4
2018-08-24,9.1,21.0
2018-08-25,8.7,20.2
2018-08-26,8.56,18.9
2018-08-27,8.93,17.1
2018-08-28,9.14,16.7
2018-08-29,9.2,16.6
2018-08-30,9.03,17.2
2018-08-31,9.02,16.9
2018-09-01,8.95,16.5
2018-09-02,9.26,15.6
2018-09-03,9.15,15.7
2018-09-04,8.98,16.0
2018-09-05,8.93,16.1
2018-09-06,8.96,16.4
2018-09-07,8.96,16.5
2018-09-08,8.98,16.7
2018-09-09,8.95,16.9
2018-09-10,8.96,17.2
2018-09-11,9.02,17.3
2018-09-12,9.01,17.6
2018-09-13,9.06,17.9
2018-09-14,9.06,17.9
2018-09-15,8.97,17.7
2018-09-16,8.87,17.7
2018-09-17,8.89,17.6
2018-09-18,9.03,17.6
2018-09-19,9.0,17.9
2018-09-20,8.96,18.0
2018-09-21,8.89,18.4
2018-09-22,8.9,18.3
2018-09-23,8.93,17.8
2018-09-24,9.0,16.9
2018-09-25,9.23,15.7
2018-09-26,9.42,14.9
2018-09-27,9.6,14.4
2018-09-28,9.63,14.3
2018-09-29,9.7,14.3
2018-09-30,9.73,14.1
2018-10-01,9.76,13.8
2018-10-02,9.86,13.3
2018-10-03,9.91,13.0
2018-10-04,9.92,13.1
2018-10-05,10.0,12.9
2018-10-06,10.06,13.0
2018-10-07,10.05,13.1
2018-10-08,9.96,13.2
2018-10-09,9.91,13.4
2018-10-10,10.0,13.6
2018-10-11,10.03,13.6
2018-10-12,10.02,13.7
2018-10-13,9.98,13.8
2018-10-14,10.05,13.9
2018-10-15,10.05,14.0
2018-10-16,10.11,14.0
2018-10-17,10.16,13.7
2018-10-18,10.19,13.6
2018-10-19,10.28,13.6
2018-10-20,10.34,13.4
2018-10-21,10.4,13.2
2018-10-22,10.41,12.9
2018-10-23,10.49,12.5
2018-10-24,10.52,12.2
2018-10-25,10.51,11.7
2018-10-26,10.58,11.3
2018-10-27,10.49,11.1
2018-10-28,10.4,10.9
2018-10-29,10.42,10.5
2018-10-30,10.88,10.0
2018-10-31,11.37,9.6
2018-11-01,10.94,9.3
2018-11-02,10.89,8.9
2018-11-03,10.77,9.0
2018-11-04,10.62,9.0
2018-11-05,10.53,9.1
2018-11-06,10.55,9.3
2018-11-07,10.51,9.3
2018-11-08,10.51,9.5
2018-11-09,10.5,9.6
2018-11-10,10.49,9.6
2018-11-11,10.43,9.7
2018-11-12,10.45,9.7
2018-11-13,10.47,9.6
2018-11-14,10.5,9.5
2018-11-15,10.58,9.3
2018-11-16,10.74,8.8
2018-11-17,10.95,8.3
2018-11-18,11.12,7.7
2018-11-19,11.23,7.3
2018-11-20,11.46,6.7
2018-11-21,11.52,6.2
2018-11-22,11.53,5.9
2018-11-23,11.57,5.7
2018-11-24,11.74,5.6
2018-11-25,11.83,5.6
2018-11-26,11.9,5.6
2018-11-27,11.89,5.5
2018-11-28,11.89,5.4
2018-11-29,11.98,5.0
2018-11-30,12.18,4.5
2018-12-01,12.35,4.2
2018-12-02,12.43,4.2
2018-12-03,12.42,4.4
2018-12-04,12.42,4.9
2018-12-05,12.27,5.5
2018-12-06,12.48,5.4
2018-12-07,12.28,5.8
2018-12-08,12.2,6.1
2018-12-09,12.1,6.3
2018-12-10,12.07,6.4
2018-12-11,12.06,6.3
2018-12-12,12.28,6.0
2018-12-13,11.99,5.5
2018-12-14,11.7,4.9
2018-12-15,11.84,4.5
2018-12-16,11.9,4.0
2018-12-17,11.87,3.7
2018-12-18,12.01,3.5
2018-12-19,12.15,3.3
2018-12-20,12.24,3.2
2018-12-21,12.32,3.1
2018-12-22,12.33,3.4
2018-12-23,12.28,4.1
2018-12-24,12.34,5.1
2018-12-25,13.1,5.4
2018-12-26,13.05,5.2
2018-12-27,12.85,5.2
2018-12-28,12.7,5.0
2018-12-29,12.63,4.6
2018-12-30,12.51,4.3
2018-12-31,12.41,4.1
2019-01-01,12.4,4.2
2019-01-02,12.44,4.3
2019-01-03,12.55,3.9
2019-01-04,12.63,3.4
2019-01-05,12.6,3.2
2019-01-06,12.64,3.0
2019-01-07,12.7,3.1
2019-01-08,12.78,3.3
2019-01-09,12.8,3.4
2019-01-10,12.89,3.4
2019-01-11,12.97,3.2
2019-01-12,13.09,2.9
2019-01-13,13.01,2.8
2019-01-14,12.99,3.1
2019-01-15,13.3,3.2
2019-01-16,13.59,3.3
2019-01-17,13.46,3.4
2019-01-18,13.3,3.5
2019-01-19,13.18,3.2
2019-01-20,13.2,2.9
2019-01-21,13.22,2.4
2019-01-22,13.19,2.1
2019-01-23,13.03,2.0
2019-01-24,13.02,2.0
2019-01-25,13.11,1.9
2019-01-26,13.1,1.9
2019-01-27,13.09,1.9
2019-01-28,12.98,2.1
2019-01-29,12.9,2.4
2019-01-30,12.8,2.5
2019-01-31,12.77,2.5
2019-02-01,12.8,2.4
2019-02-02,12.77,2.5
2019-02-03,12.7,2.7
2019-02-04,12.73,2.6
2019-02-05,12.85,2.6
2019-02-06,12.98,2.4
2019-02-07,13.0,2.4
2019-02-08,13.0,2.6
2019-02-09,13.0,2.9
2019-02-10,12.92,3.2
2019-02-11,12.84,3.5
2019-02-12,12.89,3.6
2019-02-13,13.14,3.8
2019-02-14,13.12,4.0
2019-02-15,12.98,4.0
2019-02-16,12.92,4.1
2019-02-17,12.89,4.2
2019-02-18,12.85,4.2
2019-02-19,12.86,4.3
2019-02-20,12.86,4.5
2019-02-21,12.79,4.8
2019-02-22,12.75,5.1
2019-02-23,12.72,5.3
2019-02-24,12.81,4.9
2019-02-25,12.87,4.7
2019-02-26,12.86,4.9
2019-02-27,12.87,5.2
2019-02-28,12.79,5.6
2019-03-01,12.62,6.0
2019-03-02,12.37,6.2
2019-03-03,12.44,6.3
2019-03-04,12.51,6.6
2019-03-05,12.34,6.7
2019-03-06,12.15,6.7
2019-03-07,12.1,6.8
2019-03-08,12.02,6.9
2019-03-09,12.06,6.8
2019-03-10,12.08,6.8
2019-03-11,12.11,6.6
2019-03-12,12.25,6.4
2019-03-13,12.47,6.3
2019-03-14,12.39,6.4
2019-03-15,12.2,6.3
2019-03-16,12.29,6.5
2019-03-17,12.44,7.1
2019-03-18,12.33,7.6
2019-03-19,12.25,7.9
2019-03-20,12.46,
2019-03-21,12.53,7.2
2019-03-22,12.47,7.3
2019-03-23,12.36,7.6
2019-03-24,12.18,8.0
2019-03-25,11.95,8.4
2019-03-26,11.79,8.3
2019-03-27,11.81,8.1
2019-03-28,11.86,8.0
2019-03-29,11.96,8.3
2019-03-30,12.0,8.7
2019-03-31,11.92,9.2
2019-04-01,11.84,9.6
2019-04-02,11.73,9.9
2019-04-03,11.66,10.0
2019-04-04,11.53,10.3
2019-04-05,11.43,10.4
2019-04-06,11.42,10.3
2019-04-07,11.62,10.4
2019-04-08,11.63,10.5
2019-04-09,11.56,10.5
2019-04-10,11.66,10.5
2019-04-11,11.31,10.5
2019-04-12,11.14,10.1
2019-04-13,11.35,9.9
2019-04-14,11.51,9.8
2019-04-15,11.63,9.7
2019-04-16,11.86,9.9
2019-04-17,11.99,10.2
2019-04-18,12.01,10.7
2019-04-19,11.93,11.3
2019-04-20,11.91,11.8
2019-04-21,12.0,12.2
2019-04-22,11.9,12.4
2019-04-23,11.45,12.4
2019-04-24,11.21,12.4
2019-04-25,11.13,12.6
2019-04-26,11.12,12.8
2019-04-27,11.17,12.2
2019-04-28,11.13,11.8
2019-04-29,10.92,11.5
2019-04-30,10.74,10.9
2019-05-01,10.87,10.6
2019-05-02,11.1,10.8
2019-05-03,11.23,11.1
2019-05-04,10.98,11.4
2019-05-05,11.0,11.1
2019-05-06,11.11,10.8
2019-05-07,11.41,10.4
2019-05-08,11.66,10.5
2019-05-09,11.6,10.8
2019-05-10,11.48,11.1
2019-05-11,11.41,11.4
2019-05-12,11.18,11.2
2019-05-13,11.5,10.8
2019-05-14,11.81,10.7
2019-05-15,11.61,10.6
2019-05-16,11.56,10.2
2019-05-17,11.8,10.3
2019-05-18,11.97,11.0
2019-05-19,11.89,12.2
2019-05-20,11.54,12.8
2019-05-21,11.27,12.0
2019-05-22,11.54,11.3
2019-05-23,11.09,11.7
2019-05-24,10.64,12.0
2019-05-25,10.52,12.4
2019-05-26,10.73,13.0
2019-05-27,10.62,13.3
2019-05-28,10.72,13.1
2019-05-29,11.11,12.3
2019-05-30,11.45,11.7
2019-05-31,11.35,12.0
2019-06-01,11.15,12.4
2019-06-02,10.82,13.2
2019-06-03,10.59,14.1
2019-06-04,10.63,14.8
2019-06-05,10.67,15.0
2019-06-06,10.66,15.0
2019-06-07,10.88,14.8
2019-06-08,10.99,14.7
2019-06-09,11.01,14.7
2019-06-10,11.02,14.5
2019-06-11,11.1,14.0
2019-06-12,11.01,13.9
2019-06-13,11.17,13.5
2019-06-14,11.17,13.9
2019-06-15,10.91,14.9
2019-06-16,10.99,14.6
2019-06-17,10.98,14.6
2019-06-19,10.75,15.8
2019-06-20,10.73,15.8
2019-06-21,10.69,15.7
2019-06-22,10.57,15.7
2019-06-23,10.35,15.8
2019-06-24,10.04,16.2
2019-06-25,9.97,16.7
2019-06-26,10.2,17.0
2019-06-27,10.19,17.4
2019-06-28,10.23,17.4
2019-06-29,10.29,17.1
2019-06-30,10.12,17.4
2019-07-01,9.95,17.7
2019-07-02,10.08,17.3
2019-07-03,9.89,17.5
2019-07-04,9.7,17.6
2019-07-05,9.59,17.6
2019-07-06,9.49,17.5
2019-07-07,9.47,17.4
2019-07-08,9.32,17.3
2019-07-09,9.32,16.9
2019-07-10,9.48,16.5
2019-07-11,9.53,16.2
2019-07-12,9.53,15.9
2019-07-13,9.41,16.1
2019-07-14,9.33,15.9
2019-07-15,9.37,15.8
2019-07-16,9.28,16.2
2019-07-17,9.26,16.8
2019-07-18,9.26,17.4
2019-07-19,9.24,17.7
2019-07-20,9.2,17.9
2019-07-21,9.18,18.0
2019-07-22,9.05,18.4
2019-07-23,9.04,18.5
2019-07-24,9.06,19.1
2019-07-25,8.97,19.6
2019-07-26,8.96,20.0
2019-07-27,8.91,19.9
2019-07-28,8.79,19.7
2019-07-29,9.19,18.4
2019-07-30,10.11,16.9
2019-07-31,9.18,18.2
2019-08-01,8.81,18.2
2019-08-02,8.88,18.1
2019-08-03,8.89,18.1
2019-08-04,9.0,17.7
2019-08-05,8.91,17.9
2019-08-06,8.94,17.8
2019-08-07,8.92,18.1
2019-08-08,8.86,18.5
2019-08-09,8.85,18.5
2019-08-10,8.86,18.6
2019-08-11,8.82,18.5
2019-08-12,8.87,18.5
2019-08-13,8.88,18.2
2019-08-14,8.86,18.0
2019-08-15,9.0,18.1
2019-08-16,9.18,17.6
2019-08-17,9.31,16.9
2019-08-18,9.2,17.3
2019-08-19,9.16,17.8
2019-08-20,9.09,18.1
2019-08-21,8.96,18.1
2019-08-22,9.1,17.6
2019-08-23,9.32,17.7
2019-08-24,9.47,17.6
2019-08-25,9.39,17.6
2019-08-26,9.23,18.3
2019-08-27,9.17,18.6
2019-08-28,9.02,18.8
2019-08-29,8.87,18.8
2019-08-30,8.95,18.5
2019-08-31,8.97,18.7
2019-09-01,8.91,19.1
2019-09-02,8.88,18.8
2019-09-03,9.08,17.8
2019-09-04,9.28,17.3
2019-09-05,9.23,17.3
2019-09-06,9.22,16.9
2019-09-07,9.34,16.1
2019-09-08,9.44,15.7
2019-09-09,9.46,15.0
2019-09-10,9.76,14.0
2019-09-11,9.84,14.1
2019-09-12,9.9,14.2
2019-09-13,10.03,14.4
2019-09-14,10.02,15.1
2019-09-15,9.88,15.6
2019-09-16,9.79,16.0
2019-09-17,9.72,16.2
2019-09-18,9.59,16.3
2019-09-19,9.61,16.1
2019-09-20,9.74,15.8
2019-09-21,9.87,15.4
2019-09-22,9.93,15.2
2019-09-23,9.96,15.0
2019-09-24,9.94,14.6
2019-09-25,9.89,14.4
2019-09-26,9.94,14.6
2019-09-27,9.94,14.6
2019-09-28,9.86,14.9
2019-09-29,9.93,14.8
2019-09-30,9.93,14.9
2019-10-01,9.86,15.0
2019-10-02,9.85,14.9
2019-10-03,,14.5
2019-10-04,,13.9
2019-10-05,,13.4
2019-10-06,,12.6
2019-10-07,,12.4
2019-10-08,9.73,11.9
2019-10-09,9.84,11.8
2019-10-10,9.94,11.7
2019-10-11,10.02,11.8
2019-10-12,10.17,11.8
2019-10-13,10.21,11.9
2019-10-14,10.25,12.1
2019-10-15,10.21,12.4
2019-10-16,10.17,12.5
2019-10-17,10.23,12.4
2019-10-18,10.25,12.5
2019-10-19,10.27,12.5
2019-10-20,10.34,12.5
2019-10-21,10.34,12.6
2019-10-22,10.35,12.7
2019-10-23,10.46,12.6
2019-10-24,10.5,12.4
2019-10-25,10.5,12.5
2019-10-26,10.6,12.5
2019-10-27,10.62,12.4
2019-10-28,10.49,12.2
2019-10-29,10.39,12.0
2019-10-30,10.52,11.6
2019-10-31,10.37,11.2
2019-11-01,10.04,10.3
2019-11-02,10.11,9.9
2019-11-03,10.06,9.9
2019-11-04,10.11,9.9
2019-11-05,10.2,9.9
2019-11-06,10.18,9.7
2019-11-08,10.38,9.5
2019-11-09,10.45,9.2
2019-11-10,10.57,8.7
2019-11-11,10.71,8.2
2019-11-12,10.84,7.9
2019-11-13,10.97,7.5
2019-11-14,11.12,7.3
2019-11-15,11.23,7.0
2019-11-16,11.46,6.7
2019-11-17,11.6,6.4
2019-11-18,12.42,6.5
2019-11-19,12.28,6.5
2019-11-20,11.79,6.4
2019-11-21,11.78,6.4
2019-11-22,11.65,6.4
2019-11-23,11.62,6.5
2019-11-24,11.61,6.6
2019-11-25,11.61,6.6
2019-11-26,11.59,6.6
2019-11-27,11.59,6.6
2019-11-28,11.61,6.6
2019-11-29,11.62,6.6
2019-11-30,11.7,6.7
2019-12-01,11.72,6.4
2019-12-02,11.82,6.2
2019-12-03,11.97,5.9
2019-12-04,12.14,5.5
2019-12-05,12.28,5.1
2019-12-06,12.44,4.7
2019-12-07,12.57,4.4
2019-12-08,12.65,4.3
2019-12-09,12.67,4.5
2019-12-10,12.71,4.7
2019-12-11,12.79,4.6
2019-12-12,12.76,4.4
2019-12-13,12.77,4.1
2019-12-14,12.71,4.1
2019-12-15,12.66,4.2
2019-12-16,12.64,4.4
2019-12-17,12.69,4.5
2019-12-18,12.68,4.4
2019-12-19,12.73,4.5
2019-12-20,12.77,4.6
2019-12-21,12.69,4.9
2019-12-22,12.53,5.1
2019-12-23,12.37,5.3
2019-12-24,12.27,5.6
2019-12-25,12.28,5.7
2019-12-26,12.29,5.8
2019-12-27,12.32,5.7
2019-12-28,12.45,5.5
2019-12-29,12.68,5.0
2019-12-30,12.88,4.5
2019-12-31,13.02,4.2
2020-01-01,13.15,3.9
2020-01-02,13.28,3.5
2020-01-03,13.43,3.3
2020-01-04,13.5,3.3
2020-01-05,13.65,3.3
2020-01-06,13.67,3.3
2020-01-07,13.7,3.2
2020-01-08,13.62,3.3
2020-01-09,13.6,3.6
2020-01-10,13.6,3.6
2020-01-11,13.6,3.8
2020-01-12,13.55,3.9
2020-01-13,13.5,3.9
2020-01-14,13.5,3.9
2020-01-15,13.48,3.8
2020-01-16,13.46,3.6
2020-01-17,,3.4
2020-01-18,,3.3
2020-01-19,,3.4
2020-01-20,12.29,3.6
2020-01-21,12.32,3.6
2020-01-22,12.33,3.4
2020-01-23,12.36,3.5
2020-01-24,12.39,3.4
2020-01-25,12.5,3.2
2020-01-26,12.53,3.1
2020-01-27,12.57,3.1
2020-01-28,12.53,3.1
2020-01-29,12.39,3.2
2020-01-30,12.24,3.4
2020-01-31,12.24,3.7
2020-02-01,12.18,4.2
2020-02-02,11.98,5.0
2020-02-03,11.9,5.7
2020-02-04,12.57,6.0
2020-02-05,12.48,5.9
2020-02-06,12.18,5.6
2020-02-07,12.31,5.0
2020-02-08,12.66,4.6
2020-02-09,12.55,4.3
2020-02-10,12.32,4.3
2020-02-11,12.13,4.4
2020-02-12,11.93,4.5
2020-02-13,12.02,4.6
2020-02-14,12.08,4.8
2020-02-15,12.02,5.1
2020-02-16,12.05,5.3
2020-02-17,12.18,5.5
2020-02-18,12.1,5.8
2020-02-19,11.89,5.8
2020-02-20,11.82,5.8
2020-02-21,11.85,5.6
2020-02-22,11.84,5.6
2020-02-23,11.79,5.9
2020-02-24,11.7,6.3
2020-02-25,11.56,6.6
2020-02-26,11.39,6.6
2020-02-27,11.46,6.4
2020-02-28,11.51,6.1
2020-02-29,11.59,5.7
2020-03-01,11.65,5.8
2020-03-02,11.72,6.0
2020-03-03,11.7,6.2
2020-03-04,11.68,6.2
2020-03-05,11.69,6.2
2020-03-06,11.67,6.4
2020-03-07,11.59,6.4
2020-03-08,11.7,6.3
2020-03-09,11.85,6.4
2020-03-10,11.88,6.3
2020-03-11,11.78,6.4
2020-03-12,11.62,7.0
2020-03-13,11.6,7.7
2020-03-14,11.55,7.8
2020-03-15,11.57,7.9
2020-03-16,11.64,7.9
2020-03-17,11.62,8.0
2020-03-18,11.51,8.3
2020-03-19,11.59,8.6
2020-03-20,11.56,9.0
2020-03-21,11.46,9.3
2020-03-22,11.28,8.8
2020-03-23,11.4,8.3
2020-03-24,11.67,7.9
2020-03-25,11.75,7.4
2020-03-26,11.93,6.9
2020-03-27,12.12,6.6
2020-03-28,12.31,6.9
2020-03-29,12.43,7.4
2020-03-30,12.7,7.7
2020-03-31,12.81,7.7
2020-04-01,13.05,7.6
2020-04-02,13.37,7.6
2020-04-03,13.6,7.9
2020-04-04,13.72,8.3
2020-04-05,13.8,8.7
2020-04-06,13.91,9.3
2020-04-07,13.78,9.9
2020-04-08,13.56,10.5
2020-04-09,13.36,11.2
2020-04-10,13.15,11.8
2020-04-11,13.0,12.3
2020-04-12,12.83,12.7
2020-04-13,12.58,13.0
2020-04-14,12.24,12.9
2020-04-15,11.83,12.4
2020-04-16,11.91,12.2
2020-04-17,11.99,12.4
2020-04-18,11.81,12.8
2020-04-19,11.49,13.0
2020-04-20,11.31,13.1
2020-04-21,11.11,12.9
2020-04-22,11.09,12.7
2020-04-23,11.18,12.8
2020-04-24,11.26,13.2
2020-04-25,11.25,13.4
2020-04-26,11.31,13.6
2020-04-27,11.36,13.7
2020-04-28,11.39,13.8
2020-04-29,11.06,13.8
2020-04-30,10.63,13.7
2020-05-01,10.61,13.9
2020-05-02,10.58,13.8
2020-05-03,10.38,13.5
2020-05-04,10.51,13.1
2020-05-05,10.7,13.2
2020-05-06,10.91,13.1
2020-05-07,11.09,13.1
2020-05-08,11.48,13.5
2020-05-09,11.59,14.2
2020-05-10,11.31,14.6
2020-05-11,10.74,14.6
2020-05-12,10.3,14.2
2020-05-13,10.16,13.6
2020-05-14,9.91,13.2
2020-05-15,9.83,12.6
2020-05-16,9.98,12.2
2020-05-17,10.16,12.7
2020-05-18,10.36,13.4
2020-05-19,10.31,14.3
2020-05-20,10.21,14.7
2020-05-21,10.1,15.0
2020-05-22,10.15,15.2
2020-05-23,10.06,15.3
2020-05-24,10.13,14.7
2020-05-25,10.18,14.6
2020-05-26,10.02,14.3
2020-05-27,10.08,14.1
2020-05-28,9.95,14.0
2020-05-29,9.92,13.9
2020-05-30,9.82,13.6
2020-05-31,9.86,13.4
2020-06-01,10.0,13.6
2020-06-02,10.06,14.2
2020-06-03,10.12,15.2
2020-06-04,9.95,16.3
2020-06-05,9.73,16.5
2020-06-06,9.36,16.3
2020-06-07,9.2,16.1
2020-06-08,9.3,15.4
2020-06-09,9.28,14.6
2020-06-10,9.23,14.5
2020-06-11,9.6,13.8
2020-06-12,9.92,14.3
2020-06-13,9.44,16.3
2020-06-14,9.34,16.6
2020-06-15,9.24,15.9
2020-06-16,10.44,14.8
2020-06-17,10.61,14.8
2020-06-18,10.3,15.2
2020-06-19,9.91,15.4
2020-06-20,9.83,15.3
2020-06-21,10.11,15.0
2020-06-22,9.89,15.1
2020-06-23,9.74,15.2
2020-06-24,9.58,15.9
2020-06-25,9.39,16.4
2020-06-26,9.27,16.8
2020-06-27,9.24,17.5
2020-06-28,9.19,17.9
2020-06-29,9.31,18.0
2020-06-30,9.87,17.6
2020-07-01,9.51,18.2
2020-07-02,9.53,18.2
2020-07-03,9.96,17.5
2020-07-04,10.15,17.2
2020-07-05,9.7,17.8
2020-07-06,9.34,18.2
2020-07-07,9.23,17.9
2020-07-08,9.28,17.6
2020-07-09,9.23,17.9
2020-07-10,9.16,18.2
2020-07-11,9.08,18.3
2020-07-12,9.15,17.7
2020-07-13,9.19,17.7
2020-07-14,9.08,18.1
2020-07-15,9.12,18.0
2020-07-16,9.15,17.7
2020-07-17,9.34,16.8
2020-07-18,10.24,15.9
2020-07-19,9.98,15.9
2020-07-20,9.61,16.7
2020-07-21,9.38,17.4
2020-07-22,9.27,18.3
2020-07-23,9.22,18.8
2020-07-24,9.2,18.7
2020-07-25,9.16,18.6
2020-07-26,9.14,18.5
2020-07-27,9.13,18.4
2020-07-28,9.21,18.4
2020-07-29,9.25,19.1
2020-07-30,9.15,19.6
2020-07-31,9.05,20.1
2020-08-01,9.03,20.4
2020-08-02,8.96,20.6
2020-08-03,8.86,20.3
2020-08-04,9.74,18.0
2020-08-06,10.09,17.5
2020-08-07,9.98,17.6
2020-08-08,9.57,18.1
2020-08-09,9.24,18.7
2020-08-10,8.99,19.4
2020-08-11,8.83,19.8
2020-08-12,8.71,20.1
2020-08-13,8.65,20.4
2020-08-14,8.57,20.3
2020-08-15,8.59,19.8
2020-08-16,8.64,19.5
2020-08-17,8.64,19.6
2020-08-18,8.66,19.4
2020-08-19,8.74,19.2
2020-08-20,8.88,19.0
2020-08-21,8.97,19.1
2020-08-22,9.05,19.2
2020-08-23,9.03,19.1
2020-08-24,9.01,18.8
2020-08-25,9.04,18.6
2020-08-26,9.07,18.7
2020-08-27,9.05,18.6
2020-08-28,8.8,18.3
2020-08-29,8.76,18.1
2020-08-30,9.29,17.0
2020-08-31,10.22,15.5
2020-09-01,9.79,15.5
2020-09-02,10.18,14.9
2020-09-03,9.94,14.8
2020-09-04,9.64,15.3
2020-09-05,9.51,15.8
2020-09-06,9.33,16.1
2020-09-07,9.39,16.0
2020-09-08,9.99,15.5
2020-09-09,9.69,15.7
2020-09-10,9.44,15.9
2020-09-11,9.37,16.1
2020-09-12,9.32,16.4
2020-09-13,9.3,16.8
2020-09-14,9.32,17.0
2020-09-15,9.3,17.3
2020-09-16,9.23,17.6
2020-09-17,9.19,17.5
2020-09-18,9.2,17.1
2020-09-19,9.25,16.5
2020-09-20,9.29,16.2
2020-09-21,9.29,16.3
2020-09-22,9.25,16.5
2020-09-23,9.3,16.5
2020-09-24,9.2,16.5
2020-09-25,9.0,16.3
2020-09-26,9.29,14.8
2020-09-27,9.56,13.5
2020-09-28,9.34,13.3
2020-09-29,9.37,12.8
2020-09-30,9.64,12.5
2020-10-01,9.86,12.4
2020-10-02,9.91,12.4
2020-10-03,9.79,12.7
2020-10-04,9.94,12.5
2020-10-05,10.28,12.3
2020-10-06,10.05,12.4
2020-10-07,9.96,12.2
2020-10-08,9.98,12.0
2020-10-09,9.97,12.2
2020-10-10,9.99,12.3
2020-10-11,9.92,12.2
2020-10-12,9.99,11.7
2020-10-13,10.14,11.2
2020-10-14,10.2,10.8
2020-10-15,10.26,10.5
2020-10-16,10.35,10.2
2020-10-17,10.43,9.9
2020-10-18,10.56,9.8
2020-10-19,10.53,9.8
2020-10-20,10.6,9.7
2020-10-21,10.57,9.7
2020-10-22,10.61,9.7
2020-10-23,10.63,9.8
2020-10-24,10.67,10.0
2020-10-25,10.59,10.2
2020-10-26,10.42,10.5
2020-10-27,10.33,10.3
2020-10-28,10.35,10.1
2020-10-29,10.42,10.0
2020-10-30,10.88,9.5
2020-10-31,11.36,9.5
2020-11-01,10.79,9.9
2020-11-02,10.44,10.1
2020-11-03,10.34,10.4
2020-11-04,10.33,10.5
2020-11-05,10.43,10.4
2020-11-06,10.5,10.1
2020-11-07,10.47,9.8
2020-11-08,10.53,9.4
2020-11-09,10.61,8.9
2020-11-10,10.74,8.5
2020-11-11,10.85,8.3
2020-11-12,10.96,8.1
2020-11-13,10.97,8.0
2020-11-14,11.0,8.1
2020-11-15,10.97,8.2
2020-11-16,10.94,8.1
2020-11-17,10.98,8.0
2020-11-18,11.03,8.0
2020-11-19,11.07,7.9
2020-11-20,11.12,7.7
2020-11-21,11.24,7.4
2020-11-22,11.32,7.1
2020-11-23,11.39,6.8
2020-11-24,11.52,6.5
2020-11-25,11.57,6.3
2020-11-26,11.6,6.1
2020-11-27,11.65,5.8
2020-11-28,11.75,5.4
2020-11-29,11.78,5.1
2020-11-30,11.86,4.9
2020-12-01,11.97,4.6
2020-12-02,12.03,4.5
2020-12-03,12.11,4.2
2020-12-04,12.19,3.8
2020-12-05,12.19,3.7
2020-12-06,12.25,3.7
2020-12-07,12.24,3.8
2020-12-08,12.17,4.0
2020-12-09,12.08,4.1
2020-12-10,12.23,4.1
2020-12-11,12.26,4.2
2020-12-12,11.96,4.3
2020-12-13,11.82,4.3
2020-12-14,11.91,4.5
2020-12-15,11.86,4.7
2020-12-16,11.86,4.9
2020-12-17,11.86,4.9
2020-12-18,11.93,4.9
2020-12-19,11.96,4.8
2020-12-20,11.98,4.7
2020-12-21,11.97,4.7
2020-12-22,12.02,4.6
2020-12-23,12.0,4.9
2020-12-24,11.91,5.2
2020-12-25,11.77,5.4
2020-12-26,11.64,5.4
2020-12-27,11.75,5.0
2020-12-28,11.72,4.7
2020-12-29,11.72,4.5
2020-12-30,11.8,4.3
2020-12-31,11.89,4.0
2021-01-01,11.93,3.7
2021-01-02,12.02,3.5
2021-01-03,12.13,3.3
2021-01-04,12.2,3.2
2021-01-05,12.28,3.1
2021-01-06,12.33,3.1
2021-01-07,12.32,3.1
2021-01-08,12.39,3.1
2021-01-09,12.48,3.1
2021-01-10,12.54,3.0
2021-01-11,12.6,2.7
2021-01-12,12.66,2.6
2021-01-13,12.74,2.3
2021-01-14,12.79,2.2
2021-01-15,12.86,2.2
2021-01-16,12.93,2.1
2021-01-17,12.96,2.0
2021-01-18,13.02,1.8
2021-01-19,13.13,1.8
2021-01-20,13.12,1.9
2021-01-21,13.07,2.2
2021-01-22,12.97,2.3
2021-01-23,12.91,2.5
2021-01-24,12.77,2.8
2021-01-25,12.68,2.9
2021-01-26,12.69,2.6
2021-01-27,12.63,2.6
2021-01-28,12.65,2.8
2021-01-29,12.57,3.0
2021-01-30,12.47,3.5
2021-01-31,12.66,3.8
2021-02-01,12.51,3.9
2021-02-02,12.64,3.9
2021-02-03,12.75,4.3
2021-02-04,12.6,4.8
2021-02-05,12.45,5.5
2021-02-06,12.09,6.0
2021-02-07,12.1,5.9
2021-02-08,12.18,5.8
2021-02-09,12.16,5.5
2021-02-10,12.34,5.2
2021-02-11,12.47,4.6
2021-02-12,12.71,3.8
2021-02-13,12.92,3.1
2021-02-14,13.06,2.5
2021-02-15,13.22,2.0
2021-02-16,13.32,1.8
2021-02-17,13.31,1.9
2021-02-18,13.23,2.3
2021-02-19,13.07,2.9
2021-02-20,12.92,3.6
2021-02-21,12.7,4.3
2021-02-22,12.39,4.9
2021-02-23,12.22,5.4
2021-02-24,12.2,5.6
2021-02-25,12.17,6.0
2021-02-26,12.14,6.4
2021-02-27,12.12,6.8
2021-02-28,12.03,6.9
2021-03-01,11.97,7.0
2021-03-02,11.97,7.0
2021-03-03,12.04,6.9
2021-03-04,12.1,6.8
2021-03-05,12.08,6.7
2021-03-06,12.06,6.5
2021-03-07,12.26,6.2
2021-03-08,12.35,6.3
2021-03-09,12.42,6.3
2021-03-10,12.51,6.3
2021-03-11,12.44,6.2
2021-03-12,12.43,6.2
2021-03-13,12.41,6.4
2021-03-14,12.34,6.5
2021-03-15,12.22,6.6
2021-03-16,12.15,6.5
2021-03-17,12.28,6.5
2021-03-18,12.4,6.5
2021-03-19,12.47,6.4
2021-03-20,12.59,6.1
2021-03-21,12.66,5.8
2021-03-22,12.81,5.6
2021-03-23,12.93,5.6
2021-03-24,13.06,5.7
2021-03-25,13.35,6.1
2021-03-26,13.6,6.7
2021-03-27,13.36,7.4
2021-03-28,13.04,7.9
2021-03-29,13.04,8.4
2021-03-30,13.0,8.9
2021-03-31,12.89,9.5
2021-04-01,12.78,10.3
2021-04-02,12.48,10.7
2021-04-03,12.09,10.7
2021-04-04,11.85,10.5
2021-04-05,11.83,10.3
2021-04-06,11.67,9.8
2021-04-07,11.53,9.0
2021-04-08,11.61,8.4
2021-04-09,11.82,7.9
2021-04-10,12.16,8.1
2021-04-11,12.37,8.5
2021-04-12,12.32,8.9
2021-04-13,11.95,8.7
2021-04-14,12.0,8.5
2021-04-15,12.23,8.6
2021-04-16,12.39,8.5
2021-04-17,12.51,8.6
2021-04-18,12.53,8.6
2021-04-19,12.61,8.6
2021-04-20,12.73,8.8
2021-04-21,12.81,9.2
2021-04-22,12.92,9.8
2021-04-23,13.03,10.4
2021-04-24,13.12,10.9
2021-04-25,13.38,11.6
2021-04-26,13.37,12.0
2021-04-27,13.13,12.4
2021-04-28,12.85,12.7
2021-04-29,12.44,12.9
2021-04-30,12.05,13.3
2021-05-01,11.45,13.6
2021-05-02,10.73,13.3
2021-05-03,10.44,12.7
2021-05-04,10.63,12.4
2021-05-05,10.7,12.3
2021-05-06,10.71,11.8
2021-05-07,10.77,11.4
2021-05-08,10.85,11.2
2021-05-09,11.07,11.9
2021-05-10,11.29,12.7
2021-05-11,11.19,13.6
2021-05-12,10.7,13.7
2021-05-13,10.51,12.8
2021-05-14,10.4,12.3
2021-05-15,9.92,12.7
2021-05-16,9.77,12.9
2021-05-17,9.84,12.9
2021-05-18,9.77,12.8
2021-05-19,9.69,12.8
2021-05-20,9.91,12.7
2021-05-21,10.13,12.6
2021-05-22,10.2,12.8
2021-05-23,10.18,12.9
2021-05-24,10.24,12.8
2021-05-25,10.18,12.7
2021-05-26,10.2,12.4
2021-05-27,10.27,12.6
2021-05-28,10.23,12.7
2021-05-29,10.26,12.8
2021-05-30,10.3,13.3
2021-05-31,10.39,13.5
2021-06-01,10.52,14.1
2021-06-02,10.59,14.8
2021-06-03,10.7,15.4
2021-06-04,10.69,16.1
2021-06-05,10.43,16.5
2021-06-06,10.22,16.2
2021-06-07,10.21,15.6
2021-06-08,9.76,16.1
2021-06-09,9.73,16.4
2021-06-10,9.82,16.4
2021-06-11,10.03,16.0
2021-06-12,9.77,16.2
2021-06-13,9.49,16.5
2021-06-14,9.61,16.4
2021-06-15,9.8,16.4
2021-06-16,9.76,16.8
2021-06-17,9.8,17.1
2021-06-18,9.77,17.6
2021-06-19,9.93,17.7
2021-06-20,9.95,18.0
2021-06-21,9.79,18.1
2021-06-22,9.69,18.5
2021-06-23,9.51,18.8
2021-06-24,9.02,19.1
2021-06-25,8.9,18.9
2021-06-26,8.82,19.2
2021-06-27,8.79,19.2
2021-06-28,8.84,18.9
2021-06-29,8.72,19.0
2021-06-30,8.43,18.9
2021-07-01,8.24,18.2
2021-07-02,8.32,17.7
2021-07-03,8.61,17.4
2021-07-04,8.77,17.5
2021-07-05,8.79,17.7
2021-07-06,8.71,18.1
2021-07-07,8.63,18.5
2021-07-08,8.58,18.7
2021-07-09,9.03,17.8
2021-07-10,9.19,17.7
2021-07-11,9.13,17.7
2021-07-12,9.16,17.2
2021-07-13,9.02,17.7
2021-07-14,8.92,17.7
2021-07-15,9.41,17.3
2021-07-16,9.17,17.4
2021-07-17,9.12,17.4
2021-07-18,9.58,16.8
2021-07-22,9.52,17.7
2021-07-23,9.24,17.9
2021-07-24,8.95,18.4
2021-07-25,8.81,18.6
2021-07-26,8.68,18.8
2021-07-27,8.69,18.9
2021-07-28,8.75,19.0
2021-07-29,8.86,18.5
2021-07-30,8.87,18.7
2021-07-31,8.82,18.9
2021-08-01,8.72,18.6
2021-08-02,9.08,17.9
2021-08-03,9.3,17.8
2021-08-04,9.24,17.4
2021-08-05,9.82,16.1
2021-08-06,10.37,15.5
2021-08-07,9.81,16.4
2021-08-08,9.79,16.7
2021-08-09,10.18,16.5
2021-08-10,10.08,16.7
2021-08-11,9.94,17.0
2021-08-12,9.75,17.5
2021-08-13,9.62,17.9
2021-08-14,9.4,18.4
2021-08-15,9.23,18.9
2021-08-16,8.96,19.1
2021-08-17,9.62,17.9
2021-08-18,9.69,17.2
2021-08-19,9.09,17.2
2021-08-20,9.1,17.1
2021-08-21,9.21,17.0
2021-08-22,9.22,17.3
2021-08-23,9.14,17.2
2021-08-24,9.11,16.9
2021-08-25,9.25,16.5
2021-08-26,9.28,16.2
2021-08-27,9.26,15.8
2021-08-28,9.56,15.4
2021-08-29,9.52,15.1
2021-08-30,10.01,14.5
2021-08-31,10.88,14.1
2021-09-01,10.67,14.7
2021-09-02,10.38,15.1
2021-09-03,10.06,15.2
2021-09-04,9.63,15.5
2021-09-05,9.35,15.9
2021-09-06,9.28,16.2
2021-09-07,9.23,16.3
2021-09-08,9.19,16.5
2021-09-09,9.21,16.7
2021-09-10,9.22,16.9
2021-09-11,9.19,17.1
2021-09-12,9.17,17.5
2021-09-13,9.16,17.7
2021-09-14,9.17,17.8
2021-09-15,9.19,17.8
2021-09-16,9.15,17.7
2021-09-17,9.18,17.4
2021-09-18,9.14,17.0
2021-09-19,9.18,16.6
2021-09-20,9.17,16.2
2021-09-21,9.33,15.6
2021-09-22,9.5,15.2
2021-09-23,9.63,14.8
2021-09-24,9.71,14.7
2021-09-25,9.75,14.7
2021-09-26,9.76,14.9
2021-09-27,9.74,15.2
2021-09-28,9.71,15.4
2021-09-29,9.55,15.5
2021-09-30,9.53,15.2
2021-10-01,9.6,15.0
2021-10-02,9.61,14.8
2021-10-03,9.71,14.7
2021-10-04,9.71,14.8
2021-10-05,9.7,14.7
2021-10-06,9.66,14.4
2021-10-07,9.73,13.9
2021-10-08,9.88,13.4
2021-10-09,9.93,13.2
2021-10-10,9.99,12.8
2021-10-11,10.14,12.3
2021-10-12,10.29,11.9
2021-10-13,10.42,11.5
2021-10-14,10.53,11.0
2021-10-15,10.58,10.8
2021-10-16,10.7,10.7
2021-10-17,10.77,10.8
2021-10-18,10.78,10.7
2021-10-19,10.84,10.6
2021-10-20,10.9,10.6
2021-10-21,10.88,10.7
2021-10-22,10.85,10.7
2021-10-23,10.8,10.6
2021-10-24,10.84,10.3
2021-10-25,10.95,9.9
2021-10-26,11.03,9.8
2021-10-27,11.12,9.6
2021-10-28,11.17,9.4
2021-10-29,11.23,9.3
2021-10-30,11.22,9.2
2021-10-31,11.26,9.0
2021-11-01,11.23,9.1
2021-11-02,11.12,9.1
2021-11-03,11.05,9.1
2021-11-04,10.86,9.1
2021-11-05,10.88,8.7
2021-11-06,10.89,8.5
2021-11-07,10.9,8.4
2021-11-08,10.95,8.1
2021-11-09,11.1,8.0
2021-11-10,11.25,7.7
2021-11-11,11.35,7.5
2021-11-12,11.48,7.1
2021-11-13,11.51,6.9
2021-11-14,11.51,7.0
2021-11-15,11.48,7.1
2021-11-16,11.52,7.1
2021-11-17,11.42,7.2
2021-11-18,11.35,7.3
2021-11-19,11.35,7.2
2021-11-20,11.35,7.4
2021-11-21,11.36,7.5
2021-11-22,11.35,7.4
2021-11-23,11.34,7.3
2021-11-24,11.49,7.0
2021-11-25,11.53,6.5
2021-11-26,11.55,6.0
2021-11-27,11.62,5.6
2021-11-28,11.66,5.4
2021-11-29,11.79,5.1
2021-11-30,11.91,4.9
2021-12-01,11.99,4.7
2021-12-02,12.11,4.7
2021-12-03,12.11,4.8
2021-12-04,12.15,4.6
2021-12-05,12.23,4.4
2021-12-06,12.31,4.4
2021-12-07,12.36,4.3
2021-12-08,12.47,4.2
2021-12-09,12.48,4.0
2021-12-10,12.5,3.8
2021-12-11,12.52,3.7
2021-12-12,12.56,3.7
2021-12-13,12.62,3.7
2021-12-14,12.68,4.0
2021-12-15,12.63,4.3
2021-12-16,12.56,4.6
2021-12-17,12.56,4.7
2021-12-18,12.54,5.0
2021-12-19,12.55,5.0
2021-12-20,12.47,5.0
2021-12-21,12.53,4.7
2021-12-22,12.69,4.2
2021-12-23,12.81,3.7
2021-12-24,12.94,3.4
2021-12-25,13.01,3.3
2021-12-26,13.03,3.3
2021-12-27,12.99,3.3
2021-12-28,12.92,3.4
2021-12-29,12.88,3.7
2021-12-30,12.85,4.4
2021-12-31,13.38,5.5
2022-01-01,13.21,6.1
2022-01-02,12.82,6.5
2022-01-03,12.59,6.4
2022-01-04,12.43,6.4
2022-01-05,12.24,6.5
2022-01-06,12.28,6.1
2022-01-07,12.71,5.7
2022-01-08,12.82,5.2
2022-01-09,12.92,4.6
2022-01-10,12.97,4.3
2022-01-11,13.03,4.1
2022-01-12,13.17,3.8
2022-01-13,13.25,3.7
2022-01-14,,3.6
2022-01-15,,3.5
2022-01-16,,3.3
2022-01-17,,3.3
2022-01-18,,3.4
2022-01-19,,3.4
2022-01-20,12.47,3.5
2022-01-21,12.48,3.3
2022-01-22,12.54,3.1
2022-01-23,12.54,3.2
2022-01-24,12.53,3.4
2022-01-25,12.57,3.5
2022-01-26,12.57,3.4
2022-01-27,12.55,3.5
2022-01-28,12.56,3.6
2022-01-29,12.53,3.7
2022-01-30,12.51,3.9
2022-01-31,12.5,3.8
2022-02-01,12.45,3.7
2022-02-02,12.4,3.8
2022-02-03,12.38,3.9
2022-02-04,12.34,4.0
2022-02-05,12.28,4.3
2022-02-06,12.36,4.3
2022-02-07,12.35,4.4
2022-02-08,12.35,4.3
2022-02-09,12.52,4.4
2022-02-10,12.75,4.5
2022-02-11,12.65,4.5
2022-02-12,12.55,4.7
2022-02-13,12.46,4.6
2022-02-14,12.44,4.6
2022-02-15,12.44,4.5
2022-02-16,12.44,4.5
2022-02-17,12.36,4.8
2022-02-18,12.26,5.4
2022-02-19,12.12,5.7
2022-02-20,12.16,5.9
2022-02-21,12.14,6.0
2022-02-22,12.11,5.9
2022-02-23,12.11,6.0
2022-02-24,12.12,6.0
2022-02-25,12.13,6.0
2022-02-26,12.17,6.0
2022-02-27,12.39,5.8
2022-02-28,12.3,5.7
2022-03-01,12.4,5.5
2022-03-02,12.55,5.2
2022-03-03,12.65,5.1
2022-03-04,12.7,4.9
2022-03-05,12.75,4.8
2022-03-06,12.75,4.5
2022-03-07,12.85,4.5
2022-03-08,13.0,4.5
2022-03-09,13.1,4.6
2022-03-10,13.16,4.9
2022-03-11,13.22,5.0
2022-03-12,13.49,5.1
2022-03-13,13.47,5.1
2022-03-14,13.5,5.3
2022-03-15,13.58,5.6
2022-03-16,13.55,6.1
2022-03-17,13.45,6.6
2022-03-18,13.33,7.0
2022-03-19,13.25,7.1
2022-03-20,13.09,7.1
2022-03-21,13.02,7.3
2022-03-22,13.11,7.5
2022-03-23,13.25,7.8
2022-03-24,13.22,8.3
2022-03-25,13.26,8.6
2022-03-26,13.23,9.0
2022-03-27,13.24,9.3
2022-03-28,13.27,9.7
2022-03-29,13.26,9.9
2022-03-30,12.93,10.0
2022-03-31,12.34,10.0
2022-04-01,11.74,9.8
2022-04-02,11.48,9.3
2022-04-03,11.44,8.7
2022-04-04,11.56,8.1
2022-04-05,11.88,7.8
2022-04-06,11.96,7.7
2022-04-07,12.03,8.1
2022-04-08,11.91,8.7
2022-04-09,11.58,8.9
2022-04-10,11.6,8.7
2022-04-11,11.89,8.6
2022-04-12,12.26,8.9
2022-04-13,12.0,9.5
2022-04-14,11.79,10.3
2022-04-15,11.67,11.1
2022-04-16,11.42,11.4
2022-04-17,11.26,11.3
2022-04-18,11.21,11.1
2022-04-19,11.16,11.1
2022-04-20,11.3,11.0
2022-04-21,11.53,11.2
2022-04-22,11.52,11.3
2022-04-23,11.44,11.5
2022-04-24,11.37,11.6
2022-04-25,11.33,11.8
2022-04-26,11.31,11.9
2022-04-27,11.16,11.8
2022-04-28,11.17,11.7
2022-04-29,11.42,11.8
2022-04-30,11.75,12.4
2022-05-01,12.02,12.8
2022-05-02,12.07,13.0
2022-05-03,12.65,13.2
2022-05-04,12.92,13.6
2022-05-05,12.61,14.3
2022-05-06,12.09,14.4
2022-05-07,11.39,14.2
2022-05-08,11.06,14.0
2022-05-09,11.12,14.0
2022-05-10,11.29,14.5
2022-05-11,11.61,15.0
2022-05-12,11.75,15.6
2022-05-13,11.41,16.2
2022-05-14,11.0,16.1
2022-05-15,11.1,16.0
2022-05-16,11.05,16.4
2022-05-17,10.66,16.3
2022-05-18,10.28,16.3
2022-05-19,10.19,16.6
2022-05-20,10.09,16.7
2022-05-21,10.06,17.2
2022-05-22,10.14,17.2
2022-05-23,9.95,17.0
2022-05-24,9.78,16.5
2022-05-25,10.07,15.5
2022-05-26,9.86,15.3
2022-05-27,9.43,15.7
2022-05-28,9.22,15.9
2022-05-29,9.19,15.7
2022-05-30,9.19,15.4
2022-05-31,9.28,15.4
2022-06-01,9.32,15.7
2022-06-02,9.45,15.7
2022-06-03,9.53,15.9
2022-06-04,9.39,16.7
2022-06-05,9.13,17.5
2022-06-06,8.86,18.0
2022-06-07,8.66,17.8
2022-06-08,9.48,16.8
2022-06-09,9.53,16.5
2022-06-10,10.33,15.4
2022-06-11,10.08,15.7
2022-06-12,9.56,16.7
2022-06-13,9.25,17.4
2022-06-14,9.11,17.7
2022-06-15,9.09,18.0
2022-06-16,8.96,18.3
2022-06-17,8.96,18.3
2022-06-18,9.0,18.6
2022-06-19,8.99,19.2
2022-06-20,8.91,19.7
2022-06-21,8.85,19.8
2022-06-22,8.84,19.8
2022-06-23,8.76,19.6
2022-06-24,8.71,19.4
2022-06-25,8.67,19.3
2022-06-26,8.6,19.4
2022-06-27,8.6,20.4
2022-06-28,8.54,20.8
2022-06-29,8.37,20.6
2022-06-30,8.47,19.6
2022-07-01,8.69,19.6
2022-07-02,8.64,19.2
2022-07-03,8.67,19.2
2022-07-04,8.66,19.6
2022-07-05,8.65,19.9
2022-07-06,8.7,19.8
2022-07-07,8.77,20.1
2022-07-08,8.76,18.9
2022-07-09,9.45,17.2
2022-07-10,9.42,16.9
2022-07-11,9.16,17.3
2022-07-12,9.09,17.7
2022-07-13,9.19,17.8
2022-07-14,9.21,18.8
2022-07-15,9.19,19.5
2022-07-16,9.21,19.9
2022-07-17,9.15,20.3
2022-07-18,9.24,20.4
2022-07-19,9.29,20.4
2022-07-20,9.22,20.8
2022-07-21,9.18,21.3
2022-07-22,9.08,21.5
2022-07-23,9.22,21.5
2022-07-24,9.56,21.1
2022-07-25,9.48,21.2
2022-07-26,9.78,21.1
2022-07-27,9.1,21.1
2022-07-28,8.98,20.9
2022-07-29,9.05,20.9
2022-07-30,8.86,20.6
2022-07-31,8.65,20.0
2022-08-01,8.54,20.1
2022-08-02,8.57,20.2
2022-08-03,8.65,20.4
2022-08-04,8.73,20.8
2022-08-05,8.92,21.2
2022-08-06,8.93,21.2
2022-08-07,8.77,21.0
2022-08-08,8.81,20.6
2022-08-09,9.12,20.3
2022-08-10,9.41,20.3
2022-08-11,9.42,20.2
2022-08-12,9.27,19.8
2022-08-13,9.24,19.6
2022-08-14,9.24,19.9
2022-08-15,9.31,20.1
2022-08-16,9.27,20.2
2022-08-17,9.39,20.0
2022-08-18,9.58,20.2
2022-08-19,9.43,20.0
2022-08-20,9.13,20.1
2022-08-21,8.56,19.4
2022-08-22,8.2,19.5
2022-08-23,8.38,18.7
2022-08-24,8.32,18.5
2022-08-25,8.3,18.9
2022-08-26,8.41,19.3
2022-08-27,8.34,19.6
2022-08-28,8.38,19.5
2022-08-29,8.29,19.3
2022-08-30,8.18,19.4
2022-08-31,8.26,19.4
2022-09-01,8.42,18.9
2022-09-02,8.38,18.5
2022-09-03,8.52,18.3
2022-09-04,8.71,18.3
2022-09-05,8.79,18.3
2022-09-06,8.81,18.6
2022-09-07,8.83,18.7
2022-09-08,8.91,18.8
2022-09-09,8.89,18.5
2022-09-10,8.8,17.9
2022-09-11,8.89,17.3
2022-09-12,9.02,17.0
2022-09-13,9.04,16.9
2022-09-14,9.05,17.0
2022-09-15,9.04,16.9
2022-09-16,8.96,16.7
2022-09-17,8.92,16.2
2022-09-18,9.08,15.3
2022-09-19,9.31,14.2
2022-09-20,9.62,13.4
2022-09-21,9.81,13.2
2022-09-22,9.97,13.0
2022-09-23,10.13,12.9
2022-09-24,10.19,12.7
2022-09-25,10.12,12.9
2022-09-26,10.12,12.9
2022-09-27,10.07,12.9
2022-09-28,10.06,12.7
2022-09-29,9.99,12.5
2022-09-30,10.04,12.5
2022-10-01,10.08,12.6
2022-10-02,10.17,12.5
2022-10-03,10.87,11.9
2022-10-04,11.26,11.8
2022-10-05,11.02,11.9
2022-10-06,10.73,12.0
2022-10-07,10.54,12.2
2022-10-08,10.36,12.5
2022-10-09,10.26,12.6
2022-10-10,10.25,12.4
2022-10-11,10.17,12.5
2022-10-12,10.14,12.8
2022-10-13,10.15,12.9
2022-10-14,10.11,12.8
2022-10-15,10.08,12.9
2022-10-16,9.95,13.2
2022-10-17,9.78,13.7
2022-10-18,9.79,13.8
2022-10-19,9.84,13.9
2022-10-20,9.88,13.8
2022-10-21,9.91,13.4
2022-10-22,9.89,13.2
2022-10-23,9.97,13.1
2022-10-24,9.91,13.3
2022-10-25,9.95,13.0
2022-10-26,9.95,12.8
2022-10-27,9.93,12.9
2022-10-28,10.0,12.8
2022-10-29,10.06,12.8
2022-10-30,10.04,12.7
2022-10-31,10.05,12.6
2022-11-01,10.1,12.4
2022-11-02,10.1,12.3
2022-11-03,10.19,12.0
2022-11-04,10.28,11.8
2022-11-05,10.32,11.2
2022-11-06,10.25,11.0
2022-11-07,10.34,10.8
2022-11-08,10.48,10.4
2022-11-09,10.62,10.2
2022-11-10,10.66,9.9
2022-11-11,10.72,9.6
2022-11-12,10.9,9.4
2022-11-13,11.02,9.2
2022-11-14,11.14,8.9
2022-11-15,11.18,8.7
2022-11-16,11.19,8.6
2022-11-17,11.1,8.5
2022-11-18,11.05,8.4
2022-11-19,11.04,8.1
2022-11-20,11.0,7.8
2022-11-21,10.99,7.7
2022-11-22,11.08,7.5
2022-11-23,11.17,7.2
2022-11-24,11.28,7.1
2022-11-25,11.41,7.1
2022-11-26,11.47,7.1
2022-11-27,11.51,7.1
2022-11-28,11.57,6.8
2022-11-29,11.62,6.7
2022-11-30,11.65,6.5
2022-12-01,11.74,6.3
2022-12-02,11.79,6.1
2022-12-03,11.83,6.0
2022-12-04,11.85,5.8
2022-12-05,11.84,5.8
2022-12-06,11.81,5.8
2022-12-07,11.8,5.8
2022-12-08,11.83,5.8
2022-12-09,11.93,5.6
2022-12-10,11.96,5.4
2022-12-11,11.97,5.2
2022-12-12,12.09,4.6
2022-12-13,12.26,4.0
2022-12-14,12.45,3.4
2022-12-15,12.61,3.2
2022-12-16,12.73,2.9
2022-12-17,12.82,2.9
2022-12-18,12.91,2.6
2022-12-19,13.11,2.3
2022-12-20,13.28,2.2
2022-12-21,13.33,2.2
2022-12-22,13.29,2.4
2022-12-23,13.19,2.9
2022-12-24,12.69,4.1
2022-12-25,12.59,4.8
2022-12-26,12.78,5.2
2022-12-27,12.35,5.7
2022-12-28,12.24,5.7
2022-12-29,12.24,5.6
2022-12-30,12.29,5.7
2022-12-31,12.16,5.8
2023-01-01,12.08,6.0
2023-01-02,12.06,6.0
2023-01-03,12.02,6.0
2023-01-04,11.99,6.2
2023-01-05,11.96,6.3
2023-01-06,11.89,6.6
2023-01-07,11.81,6.9
2023-01-08,11.74,6.9
2023-01-09,11.66,6.7
2023-01-10,11.68,6.5
2023-01-11,11.8,6.3
2023-01-12,11.85,6.1
2023-01-13,12.01,6.0
2023-01-14,12.11,5.9
2023-01-15,12.15,5.9
2023-01-16,12.13,5.8
2023-01-17,12.1,5.5
2023-01-18,12.09,5.4
2023-01-19,12.18,5.1
2023-01-20,12.32,4.7
2023-01-21,12.45,4.3
2023-01-22,12.55,4.1
2023-01-23,12.67,3.9
2023-01-24,12.84,3.7
2023-01-25,12.94,3.7
2023-01-26,12.95,3.6
2023-01-27,12.95,3.4
2023-01-28,12.91,3.4
2023-01-29,12.93,3.4
2023-01-30,12.95,3.4
2023-01-31,13.01,3.3
2023-02-01,13.05,3.3
2023-02-02,13.06,3.3
2023-02-03,13.07,3.0
2023-02-04,13.13,3.1
2023-02-05,13.13,3.3
2023-02-06,13.24,3.3
2023-02-07,13.29,3.3
2023-02-08,13.34,3.0
2023-02-09,13.45,2.7
2023-02-10,13.53,2.5
2023-02-11,13.56,2.4
2023-02-12,13.5,2.6
2023-02-13,13.48,2.9
2023-02-14,13.46,3.2
2023-02-15,13.47,3.3
2023-02-16,13.34,3.5
2023-02-17,13.27,3.7
2023-02-18,13.2,4.1
2023-02-19,12.95,5.1
2023-02-20,12.68,6.0
2023-02-21,12.52,6.4
2023-02-22,12.45,6.6
2023-02-23,12.33,6.9
2023-02-24,12.21,7.1
2023-02-25,12.09,7.1
2023-02-26,12.02,6.8
2023-02-27,12.1,6.4
2023-02-28,12.29,5.9
2023-03-01,12.59,5.5
2023-03-02,12.84,5.4
2023-03-03,12.91,5.5
2023-03-04,12.96,5.6
2023-03-05,13.02,5.6
2023-03-06,13.05,5.4
2023-03-07,13.14,5.3
2023-03-08,13.2,5.5
2023-03-09,13.03,5.7
2023-03-10,12.9,5.9
2023-03-11,12.79,6.1
2023-03-12,12.78,6.0
2023-03-13,12.66,6.2
2023-03-14,12.56,6.3
2023-03-15,12.54,6.6
2023-03-16,12.55,6.8
2023-03-17,12.61,6.9
2023-03-18,12.7,7.3
2023-03-19,12.62,7.7
2023-03-20,12.48,8.0
2023-03-21,12.27,8.5
2023-03-22,12.15,9.1
2023-03-23,12.14,9.6
2023-03-24,11.87,10.0
2023-03-25,11.57,10.3
2023-03-26,11.34,10.3
2023-03-27,11.18,9.9
2023-03-28,11.29,9.2
2023-03-29,11.55,8.5
2023-03-30,11.73,8.4
2023-03-31,11.75,8.2
2023-04-01,11.66,8.4
2023-04-02,11.44,8.6
2023-04-03,11.4,8.6
2023-04-04,11.52,8.5
2023-04-05,11.69,8.2
2023-04-06,11.92,8.2
2023-04-07,12.06,8.4
2023-04-08,12.04,8.5
2023-04-09,11.94,8.4
2023-04-10,12.0,8.6
2023-04-11,12.03,8.8
2023-04-12,11.99,8.8
2023-04-13,11.91,9.1
2023-04-14,11.59,9.3
2023-04-15,11.3,9.0
2023-04-16,11.26,8.8
2023-04-17,11.34,9.2
2023-04-18,11.36,9.6
2023-04-19,11.46,9.5
2023-04-20,11.41,9.4
2023-04-21,11.38,9.8
2023-04-22,11.35,10.4
2023-04-23,11.35,11.2
2023-04-24,11.17,11.6
2023-04-25,10.99,11.6
2023-04-26,11.06,11.6
2023-04-27,11.17,11.6
2023-04-28,11.19,11.7
2023-04-29,11.1,11.5
2023-04-30,11.22,11.7
2023-05-01,11.06,12.1
2023-05-02,10.94,12.3
2023-05-03,10.77,12.3
2023-05-04,10.87,12.5
2023-05-05,10.94,12.8
2023-05-06,10.61,13.3
2023-05-07,10.51,13.8
2023-05-08,10.33,14.1
2023-05-09,,14.0
2023-05-10,10.44,14.0
2023-05-11,10.86,13.4
2023-05-12,11.39,12.5
2023-05-13,11.19,12.3
2023-05-14,11.06,12.1
2023-05-15,10.95,12.1
2023-05-16,11.43,12.0
2023-05-17,11.56,11.7
2023-05-18,11.72,11.7
2023-05-19,11.39,12.0
2023-05-20,10.94,12.4
2023-05-21,10.66,13.3
2023-05-22,10.42,14.3
2023-05-23,10.37,14.9
2023-05-24,10.37,15.2
2023-05-25,10.98,14.5
2023-05-26,11.08,14.5
2023-05-27,10.9,14.9
2023-05-28,10.75,15.3
2023-05-29,10.64,15.6
2023-05-30,10.39,16.0
2023-05-31,10.23,15.8
2023-06-01,10.16,16.0
2023-06-02,10.04,16.4
2023-06-03,10.02,16.5
2023-06-04,10.04,16.6
2023-06-05,9.97,16.5
2023-06-06,9.98,16.1
2023-06-07,10.03,16.1
2023-06-08,10.04,16.3
2023-06-09,9.92,16.8
2023-06-10,9.71,17.1
2023-06-11,9.59,17.5
2023-06-12,9.68,17.5
2023-06-13,9.74,17.5
2023-06-14,9.66,17.4
2023-06-15,9.66,17.4
2023-06-16,9.6,17.3
2023-06-17,9.63,17.2
2023-06-18,9.68,17.3
2023-06-19,9.74,17.5
2023-06-20,9.67,18.0
2023-06-21,9.63,18.4
2023-06-22,9.5,19.1
2023-06-23,9.19,19.3
2023-06-24,9.07,18.7
2023-06-25,9.17,18.1
2023-06-26,9.27,18.7
2023-06-27,9.15,18.7
2023-06-28,9.12,18.6
2023-06-29,9.19,18.5
2023-06-30,9.2,18.6
2023-07-01,9.15,18.6
2023-07-02,9.22,17.8
2023-07-03,9.3,18.2
2023-07-04,9.26,18.2
2023-07-05,9.18,18.3
2023-07-06,9.29,18.4
2023-07-07,9.11,18.6
2023-07-08,9.09,19.0
2023-07-09,8.99,19.5
2023-07-10,9.1,19.7
2023-07-11,8.98,20.0
2023-07-12,8.88,20.3
2023-07-13,9.0,20.5
2023-07-14,9.13,19.6
2023-07-15,9.25,19.5
2023-07-16,8.98,20.0
2023-07-17,8.85,20.3
2023-07-18,8.67,20.7
2023-07-19,8.64,21.1
2023-07-20,8.72,21.1
2023-07-21,8.62,20.8
2023-07-22,8.62,20.0
2023-07-23,8.79,19.4
2023-07-24,8.89,19.7
2023-07-25,8.8,19.4
2023-07-26,8.75,18.5
2023-07-27,8.87,17.9
2023-07-28,8.86,17.9
2023-07-29,8.91,17.7
2023-07-30,9.1,17.7
2023-07-31,9.03,18.0
2023-08-01,8.97,18.3
2023-08-02,8.84,18.1
2023-08-03,8.92,17.9
2023-08-04,9.01,17.5
2023-08-05,9.31,16.7
2023-08-06,10.47,15.2
2023-08-07,10.22,15.2
2023-08-08,9.61,15.2
2023-08-09,9.59,15.6
2023-08-10,9.68,15.4
2023-08-11,9.94,15.8
2023-08-12,9.8,16.3
2023-08-13,9.53,17.1
2023-08-14,9.32,18.1
2023-08-15,9.18,19.0
2023-08-16,8.95,19.8
2023-08-17,8.68,19.8
2023-08-18,8.73,19.7
2023-08-19,8.62,20.2
2023-08-20,8.6,20.7
2023-08-21,8.61,20.9
2023-08-22,8.66,20.9
2023-08-23,8.67,21.2
2023-08-24,8.67,21.2
2023-08-25,8.68,21.1
2023-08-26,8.55,21.0
2023-08-31,10.07,15.8
2023-09-01,9.75,15.6
2023-09-02,9.8,15.7
2023-09-03,9.49,16.2
2023-09-04,9.26,16.8
2023-09-05,9.23,17.1
2023-09-06,9.09,17.3
2023-09-07,9.16,17.5
2023-09-08,9.19,17.8
2023-09-09,9.17,17.9
2023-09-10,9.14,18.1
2023-09-11,9.1,18.4
2023-09-12,9.12,18.6
2023-09-13,9.09,18.6
2023-09-14,9.13,18.5
2023-09-15,9.22,18.3
2023-09-16,9.26,18.1
2023-09-17,9.22,18.1
2023-09-18,9.25,18.2
2023-09-19,9.17,18.2
2023-09-20,9.21,17.8
2023-09-21,9.31,17.7
2023-09-22,9.36,17.4
2023-09-23,9.31,16.8
2023-09-24,9.39,16.0
2023-09-25,9.75,15.9
2023-09-26,9.76,15.7
2023-09-27,9.78,15.5
2023-09-28,9.86,15.3
2023-09-29,10.01,15.5
2023-09-30,9.95,15.7
2023-10-01,9.95,15.8
2023-10-02,9.94,15.8
2023-10-03,10.02,15.8
2023-10-04,10.08,15.9
2023-10-05,10.1,15.7
2023-10-06,10.15,15.6
2023-10-07,10.21,15.3
2023-10-08,10.24,15.1
2023-10-09,10.29,14.8
2023-10-10,10.22,14.7
2023-10-11,10.19,14.7
2023-10-12,10.28,14.7
2023-10-13,10.36,14.7
2023-10-14,10.33,14.6
2023-10-15,10.24,14.5
2023-10-16,10.12,14.0
2023-10-17,10.17,13.3
2023-10-18,10.41,12.5
2023-10-19,10.32,12.0
2023-10-20,10.25,11.7
2023-10-21,10.25,11.8
2023-10-22,10.18,11.9
2023-10-23,10.24,12.0
2023-10-24,10.25,11.9
2023-10-25,10.15,12.0
2023-10-26,9.89,12.1
2023-10-27,9.82,12.1
2023-10-28,9.81,11.8
2023-10-29,9.84,11.7
2023-10-30,9.8,11.8
2023-10-31,9.85,11.6
2023-11-01,9.97,11.2
2023-11-02,10.15,11.1
2023-11-03,10.27,10.7
2023-11-04,10.25,10.0
2023-11-05,10.4,9.8
2023-11-06,10.35,9.6
2023-11-07,10.28,9.5
2023-11-08,10.33,9.4
2023-11-09,10.49,9.1
2023-11-10,10.58,8.7
2023-11-11,10.7,8.4
2023-11-12,10.74,8.0
2023-11-13,10.8,7.8
2023-11-14,10.89,7.8
2023-11-15,11.36,8.4
2023-11-16,11.67,8.6
2023-11-17,11.5,8.6
2023-11-18,11.38,8.4
2023-11-19,11.61,8.1
2023-11-20,11.84,8.1
2023-11-21,11.63,8.3
2023-11-22,11.3,8.4
2023-11-23,11.44,8.2
2023-11-24,11.49,7.9
2023-11-25,11.43,7.3
2023-11-26,11.53,6.6
2023-11-27,11.72,6.2
2023-11-28,11.75,5.9
2023-11-29,11.75,5.6
2023-11-30,12.06,5.2
2023-12-01,12.19,4.9
2023-12-02,12.19,4.4
2023-12-03,12.59,4.1
2023-12-04,12.85,3.5
2023-12-05,12.88,3.2
2023-12-06,12.79,3.1
2023-12-07,12.7,3.2
2023-12-08,12.64,3.4
2023-12-09,12.66,3.5
2023-12-10,12.5,4.0
2023-12-11,12.59,4.4
2023-12-12,12.96,5.9
2023-12-13,,7.8
2023-12-14,,8.2
2023-12-15,,8.4
2023-12-16,,8.4
2023-12-17,,8.3
2023-12-18,,8.0
2023-12-19,,7.6
2023-12-20,,7.4
2023-12-21,,7.5
2024-01-04,11.96,6.1
2024-01-05,12.09,6.1
2024-01-06,12.11,6.1
2024-01-07,12.04,6.0
2024-01-08,12.21,5.5
2024-01-09,12.54,4.5
2024-01-10,12.79,3.6
2024-01-11,12.94,3.0
2024-01-12,13.1,2.7
2024-01-13,13.19,2.4
2024-01-14,13.19,2.3
2024-01-15,13.09,2.3
2024-01-16,12.94,2.4
2024-01-17,12.93,2.3
2024-01-18,12.86,2.4
2024-01-19,12.75,2.7
2024-01-20,13.02,2.8
2024-01-21,13.31,2.7
2024-01-22,13.25,2.6
2024-01-23,13.13,2.6
2024-01-24,13.21,3.0
2024-01-25,13.16,3.6
2024-01-26,13.22,4.4
2024-01-27,13.18,5.0
2024-01-28,13.14,5.2
2024-01-29,13.11,5.0
2024-01-30,12.99,4.6
2024-01-31,12.92,4.4
2024-02-01,12.86,4.5
2024-02-02,12.81,4.7
2024-02-03,12.71,4.8
2024-02-04,12.6,5.3
2024-02-05,12.41,5.7
2024-02-06,12.22,6.0
2024-02-07,12.08,6.2
2024-02-08,11.94,6.4
2024-02-09,11.8,6.6
2024-02-10,11.72,6.9
2024-02-11,11.62,7.1
2024-02-12,11.6,7.0
2024-02-13,11.65,7.0
2024-02-14,11.78,7.0
2024-02-15,11.87,7.1
2024-02-16,11.91,7.2
2024-02-17,11.85,7.4
2024-02-18,11.77,7.7
2024-02-19,11.73,8.0
2024-02-20,11.63,8.0
2024-02-21,11.59,8.1
2024-02-22,11.66,8.1
2024-02-23,11.59,8.0
2024-02-24,11.41,7.9
2024-02-25,11.61,7.7
2024-02-26,11.8,7.3
2024-02-27,12.05,7.1
2024-02-28,12.1,6.9
2024-02-29,12.15,6.8
2024-03-01,12.1,6.9
2024-03-02,11.99,7.0
2024-03-03,11.95,7.4
2024-03-04,11.88,7.6
2024-03-05,11.76,7.8
2024-03-06,11.6,7.9
2024-03-07,11.57,8.0
2024-03-08,11.54,7.8
2024-03-09,11.66,7.8
2024-03-10,11.67,7.9
2024-03-11,11.69,8.0
2024-03-12,11.62,8.1
2024-03-13,11.58,8.3
2024-03-14,11.52,8.4
2024-03-15,11.57,8.7
2024-03-16,11.56,9.2
2024-03-17,11.51,9.5
2024-03-18,11.51,9.7
2024-03-19,11.42,10.0
2024-03-20,11.4,10.1
2024-03-21,11.43,10.1
2024-03-22,11.45,10.2
2024-03-23,11.37,10.2
2024-03-24,11.18,9.8
2024-03-25,11.27,9.5
2024-03-26,11.47,9.3
2024-03-27,11.66,9.3
2024-03-28,11.69,9.6
2024-03-29,11.66,9.5
2024-03-30,11.8,9.7
2024-03-31,11.85,10.1
2024-04-01,11.89,10.4
2024-04-02,11.47,10.5
2024-04-03,11.54,10.3
2024-04-04,11.58,10.3
2024-04-05,11.62,10.6
2024-04-06,11.72,11.5
2024-04-07,11.7,12.2
2024-04-08,11.69,12.7
2024-04-09,11.41,13.0
2024-04-10,11.01,13.1
2024-04-11,11.19,12.8
2024-04-12,11.56,12.8
2024-04-13,11.5,12.9
2024-04-14,11.54,13.2
2024-04-15,11.34,13.3
2024-04-16,10.56,12.8
2024-04-17,10.69,12.0
2024-04-18,10.83,11.4
2024-04-19,10.92,10.7
2024-04-20,10.87,10.2
2024-04-21,11.04,9.6
2024-04-22,11.36,9.5
2024-04-23,11.63,9.2
2024-04-24,11.52,8.9
2024-04-25,11.72,8.8
2024-04-26,12.06,9.0
2024-04-27,12.46,9.6
2024-04-28,12.7,10.4
2024-04-29,12.82,11.3
2024-04-30,12.79,12.3
2024-05-01,12.64,13.3
2024-05-02,12.14,14.2
2024-05-03,11.35,14.4
2024-05-04,10.61,13.9
2024-05-05,10.87,14.1
2024-05-06,10.84,14.4
2024-05-07,10.24,14.6
2024-05-08,9.74,14.3
2024-05-09,10.33,13.5
2024-05-10,10.51,13.6
2024-05-11,10.41,13.8
2024-05-12,10.57,14.2
2024-05-13,10.71,14.9
2024-05-14,10.46,15.5
2024-05-15,10.35,15.7
2024-05-16,10.17,15.5
2024-05-17,10.0,15.2
2024-05-18,10.0,15.0
2024-05-19,10.2,15.2
2024-05-20,10.02,15.7
2024-05-21,9.85,16.0
2024-05-22,9.53,15.7
2024-05-23,9.8,15.4
2024-05-24,9.59,15.6
2024-05-25,9.43,15.6
2024-05-26,9.44,15.6
2024-05-27,9.5,15.9
2024-05-28,9.48,16.1
2024-05-29,9.55,15.7
2024-05-30,9.43,16.1
2024-05-31,,15.8
2024-06-20,10.4,17.0
2024-06-21,10.63,16.8
2024-06-22,10.7,16.4
2024-06-23,10.57,16.4
2024-06-24,10.4,16.4
2024-06-25,10.2,17.0
2024-06-26,10.04,17.3
2024-06-27,9.9,17.5
2024-06-28,9.81,17.6
2024-06-29,9.84,18.1
2024-06-30,9.73,18.4
2024-07-01,9.83,17.8
2024-07-02,10.08,16.9
2024-07-03,10.02,16.4
2024-07-04,9.89,16.0
2024-07-05,9.91,16.3
2024-07-06,9.89,16.9
2024-07-07,9.71,17.2
2024-07-08,9.89,16.8
2024-07-09,10.14,16.8
2024-07-10,10.04,17.1
2024-07-11,9.8,17.9
2024-07-12,9.78,18.3
2024-07-13,10.03,17.9
2024-07-14,10.16,17.6
2024-07-15,9.85,18.2
2024-07-16,9.72,18.5
2024-07-17,9.34,18.8
2024-07-18,9.28,18.5
2024-07-19,9.51,18.6
2024-07-20,9.41,18.9
2024-07-21,9.3,18.8
2024-07-22,9.22,19.1
2024-07-23,9.16,18.9
2024-07-24,9.15,19.0
2024-07-25,9.44,18.8
2024-07-26,9.4,19.1
2024-07-27,9.37,19.2
2024-07-28,9.38,19.5
2024-07-29,9.22,19.5
2024-07-30,9.21,19.6
2024-07-31,9.17,19.8
2024-08-01,9.05,20.2
2024-08-02,8.75,20.4
2024-08-03,8.77,20.1
2024-08-04,8.97,19.6
2024-08-05,9.08,19.5
2024-08-06,9.1,19.5
2024-08-07,9.22,19.6
2024-08-08,9.15,19.6
2024-08-09,8.98,19.5
2024-08-10,9.03,19.8
2024-08-11,9.04,20.2
2024-08-12,9.07,20.5
2024-08-13,8.96,20.8
2024-08-14,8.83,21.1
2024-08-15,8.77,21.2
2024-08-16,8.57,21.3
2024-08-17,8.54,21.4
2024-08-18,8.49,21.1
2024-08-19,8.62,20.3
2024-08-20,9.17,19.4
2024-08-21,8.76,19.6
2024-08-22,8.81,18.6
2024-08-23,8.89,18.3
2024-08-24,8.92,18.6
2024-08-25,8.68,19.1
2024-08-26,8.54,18.9
2024-08-27,8.6,18.4
2024-08-28,8.9,18.4
2024-08-29,9.08,18.7
2024-08-30,9.07,18.9
2024-08-31,9.0,19.4
2024-09-01,8.95,19.7
2024-09-02,8.96,19.9
2024-09-03,8.87,20.1
2024-09-04,8.78,20.3
2024-09-05,8.74,20.4
2024-09-06,8.6,20.2
2024-09-07,8.53,19.8
2024-09-08,8.69,19.8
2024-09-09,8.8,19.5
2024-09-10,8.75,18.2
2024-09-11,8.85,17.6
2024-09-12,8.88,17.0
2024-09-13,9.13,15.3
2024-09-14,10.07,14.6
2024-09-15,4.08,14.8
2024-09-16,1.42,14.7
2024-09-17,0.48,15.2
2024-09-18,0.32,16.2
2024-09-19,0.3,17.1
2024-09-20,0.3,17.8
2024-09-21,0.3,17.6
2024-09-22,0.29,17.7
2024-09-23,0.28,18.1
2024-09-24,0.28,18.1
2024-09-26,10.11,15.6
2024-09-27,9.98,14.2
2024-09-28,10.55,13.6
2024-09-29,10.84,13.2
2024-09-30,10.88,12.7
2024-10-01,10.72,12.2
2024-10-02,10.61,12.2
2024-10-03,10.58,12.1
2024-10-04,10.63,12.0
2024-10-05,11.15,11.6
2024-10-06,11.16,11.4
2024-10-07,10.9,11.4
2024-10-08,10.78,11.6
2024-10-09,11.08,11.8
2024-10-10,11.3,11.9
2024-10-11,11.47,11.8
2024-10-12,11.42,11.4
2024-10-13,11.22,11.4
2024-10-14,11.12,11.1
2024-10-15,11.17,11.0
2024-10-16,11.29,11.2
2024-10-17,11.18,11.5
2024-10-18,10.98,11.8
2024-10-19,10.75,12.0
2024-10-20,10.69,11.9
2024-10-21,10.62,12.1
2024-10-22,10.49,12.1
2024-10-23,10.49,12.2
2024-10-24,10.44,12.2
2024-10-25,10.43,12.2
2024-10-26,10.34,12.1
2024-10-27,10.29,12.1
2024-10-28,10.21,12.0
2024-10-29,10.27,11.9
2024-10-30,10.26,11.8
2024-10-31,10.22,11.7
2024-11-01,10.24,11.6
2024-11-02,10.25,11.4
2024-11-03,10.25,11.3
2024-11-04,10.37,10.8
2024-11-05,10.54,10.1
2024-11-06,10.65,9.7
2024-11-07,10.75,9.4
2024-11-08,10.81,9.2
2024-11-09,10.89,8.9
2024-11-10,10.95,8.6
2024-11-11,10.98,8.3
2024-11-12,11.01,8.1
2024-11-13,11.11,7.7
2024-11-14,11.2,7.4
2024-11-15,11.26,7.2
2024-11-16,11.32,7.2
2024-11-17,11.34,7.1
2024-11-18,11.33,7.0
2024-11-19,11.34,7.1
2024-11-20,11.39,7.1
2024-11-21,11.31,6.9
2024-11-22,11.42,6.3
2024-11-23,11.59,5.9
2024-11-24,11.8,5.6
2024-11-25,11.87,5.4
2024-11-26,11.86,5.3
2024-11-27,11.88,5.4
2024-11-28,11.91,5.6
2024-11-29,11.98,5.5
2024-11-30,11.99,5.6
2024-12-01,12.03,5.4
2024-12-02,12.06,5.3
2024-12-03,12.11,5.1
2024-12-04,12.04,5.2
2024-12-05,12.05,5.1
2024-12-06,12.16,5.0
2024-12-07,12.19,4.9
2024-12-08,12.11,5.1
2024-12-09,12.19,5.3
2024-12-10,12.1,5.4
2024-12-11,12.06,5.3
2024-12-12,12.08,5.3
2024-12-13,12.14,5.1
2024-12-14,12.17,4.9
2024-12-15,12.19,4.7
2024-12-16,12.22,4.8
2024-12-17,12.21,4.9
2024-12-18,12.16,5.1
2024-12-19,12.13,5.2
2024-12-20,12.08,5.1
2024-12-21,12.02,5.1
2024-12-22,11.96,5.1
2024-12-23,11.89,5.0
2024-12-24,11.93,4.8
2024-12-25,12.22,4.6
2024-12-26,12.4,4.3
2024-12-27,12.45,4.1
2024-12-28,12.5,3.8
2024-12-29,12.56,3.5
2024-12-30,12.65,3.2
2024-12-31,12.71,3.0
2025-01-01,12.78,2.8
2025-01-02,12.8,2.6
2025-01-03,12.87,2.5
2025-01-04,12.92,2.4
2025-01-05,12.93,2.4
2025-01-06,12.89,2.4
2025-01-07,12.82,2.6
2025-01-08,13.11,2.8
2025-01-09,13.13,3.1
2025-01-10,13.07,3.5
2025-01-11,13.2,3.6
2025-01-12,13.34,3.6
2025-01-13,13.35,3.2
2025-01-14,13.37,2.8
2025-01-15,13.35,2.6
2025-01-16,13.28,2.6
2025-01-17,13.27,2.6
2025-01-18,13.27,2.6
2025-01-19,13.23,2.6
2025-01-20,13.21,2.5
2025-01-21,13.12,2.6
2025-01-22,13.04,2.7
2025-01-23,13.09,2.7
2025-01-24,13.01,2.7
2025-01-25,12.9,2.9
2025-01-26,12.8,3.2
2025-01-27,12.69,3.5
2025-01-28,12.6,3.8
2025-01-29,12.46,4.2
2025-01-30,12.69,4.5
2025-01-31,12.87,4.7
2025-02-01,12.72,4.7
2025-02-02,12.64,4.4
2025-02-03,12.57,4.2
2025-02-04,12.63,4.0
2025-02-05,12.67,3.6
2025-02-06,12.73,3.5
2025-02-07,12.88,3.6
2025-02-08,12.92,3.7
2025-02-09,12.92,3.7
2025-02-10,13.04,3.8
2025-02-11,13.15,3.8
2025-02-12,13.09,3.8
2025-02-13,12.89,3.9
2025-02-14,12.7,4.1
2025-02-15,12.6,4.2
2025-02-16,12.73,4.3
2025-02-17,12.73,4.1
2025-02-18,12.81,3.9
2025-02-19,12.85,3.6
2025-02-20,13.12,3.2
2025-02-21,13.16,3.2
2025-02-22,13.22,3.4
2025-02-23,13.25,3.6
2025-02-24,13.28,3.8
2025-02-25,13.25,4.5
2025-02-26,13.0,5.2
2025-02-27,12.75,5.8
2025-02-28,12.57,6.1
2025-03-01,12.57,6.3
2025-03-02,12.55,6.4
2025-03-03,12.69,6.4
2025-03-04,13.0,6.4
2025-03-05,13.15,6.5
2025-03-06,13.41,6.6
2025-03-07,13.59,6.7
2025-03-08,13.78,6.8
2025-03-09,13.98,7.1
2025-03-10,14.12,7.3
2025-03-11,13.99,7.5
2025-03-12,13.96,7.6
2025-03-13,13.65,7.8
2025-03-14,12.96,7.7
2025-03-15,12.71,7.7
2025-03-16,12.76,7.7
2025-03-17,12.82,7.7
2025-03-18,12.99,7.4
2025-03-19,13.38,7.1
2025-03-20,13.83,7.2
2025-03-21,14.03,7.4
2025-03-22,14.11,7.8
2025-03-23,14.04,8.2
2025-03-24,13.78,8.5
2025-03-25,13.68,8.9
2025-03-26,13.59,9.4
2025-03-27,13.33,9.8
2025-03-28,13.08,9.8
2025-03-29,12.74,10.0
2025-03-30,12.26,10.2
2025-03-31,12.02,10.0
2025-04-01,11.67,9.7
2025-04-02,11.83,9.7
2025-04-03,12.18,9.8
2025-04-04,12.38,10.0
2025-04-05,12.59,10.6
2025-04-06,12.7,10.7
2025-04-07,12.76,10.4
2025-04-08,12.72,10.2
2025-04-09,12.8,10.2
2025-04-10,12.97,10.4
2025-04-11,13.19,10.5
2025-04-12,13.32,11.1
2025-04-13,13.27,11.7
2025-04-14,13.12,12.1
2025-04-15,13.14,12.7
2025-04-16,12.81,13.2
2025-04-17,12.27,13.5
2025-04-18,11.4,13.5
2025-04-19,10.91,13.2
2025-04-20,11.14,13.2
2025-04-21,11.81,13.7
2025-04-22,11.76,14.1
2025-04-23,11.61,14.4
2025-04-24,11.35,14.5
2025-04-25,11.08,14.0
2025-04-26,11.04,13.7
2025-04-27,11.44,13.5
2025-04-28,12.11,13.8
2025-04-29,12.36,14.4
2025-04-30,12.4,14.9
2025-05-01,12.48,15.5
2025-05-02,12.43,16.0
2025-05-03,12.24,16.4
2025-05-04,11.64,16.5
2025-05-05,10.76,15.9
2025-05-06,10.43,14.4
2025-05-07,10.99,13.9
2025-05-08,11.06,13.7
2025-05-09,10.95,12.9
2025-05-10,11.66,12.6
2025-05-11,12.15,12.9
2025-05-12,12.29,13.2
2025-05-13,12.25,13.8
2025-05-14,12.27,14.3
2025-05-15,12.14,14.8
2025-05-16,11.65,14.9
2025-05-17,11.36,14.6
2025-05-18,11.4,14.5
2025-05-19,11.57,14.5
2025-05-20,11.93,14.7
2025-05-21,12.3,15.5
2025-05-22,11.74,15.6
2025-05-23,11.03,15.0
2025-05-24,11.0,14.5
2025-05-25,11.14,14.0
2025-05-26,11.07,13.9
2025-05-27,10.96,13.8
2025-05-28,10.7,14.0
2025-05-29,10.44,13.8
2025-05-30,10.77,13.8
2025-05-31,,14.6
2025-06-01,,15.3
2025-06-02,10.65,16.0
2025-06-03,10.11,16.4
2025-06-04,10.44,16.1
2025-06-05,10.33,16.1
2025-06-06,9.82,16.0
2025-06-07,9.68,16.0
2025-06-08,9.28,15.7
2025-06-09,9.61,15.1
2025-06-10,9.73,15.7
2025-06-11,9.63,16.2
2025-06-12,9.58,16.6
2025-06-13,9.59,17.2
2025-06-14,9.52,17.8
2025-06-15,9.48,18.4
2025-06-16,9.2,18.8
2025-06-17,8.91,18.6
2025-06-18,9.08,18.6
2025-06-19,9.09,18.8
2025-06-20,9.25,19.0
2025-06-21,9.16,19.4
2025-06-22,9.21,19.7
2025-06-23,9.12,19.9
2025-06-24,8.8,20.2
2025-06-25,8.64,20.5
2025-06-26,8.8,21.0
2025-06-27,8.63,21.0
2025-06-28,8.34,20.8
2025-06-29,8.37,20.9
2025-06-30,8.54,21.2
2025-07-01,8.42,21.4
2025-07-02,8.46,21.7
2025-07-03,8.58,22.3
2025-07-04,8.39,22.4
2025-07-05,8.14,21.9
2025-07-06,8.08,21.5
2025-07-07,8.14,21.0
2025-07-08,8.48,19.1
2025-07-09,9.58,17.0
2025-07-10,9.29,16.6
2025-07-11,8.85,17.0
2025-07-12,8.96,16.7
2025-07-13,8.94,17.0
2025-07-14,8.96,17.9
2025-07-15,9.04,18.5
2025-07-16,8.92,18.6
2025-07-17,8.88,17.8
2025-07-18,9.19,17.1
2025-07-19,9.23,17.4
2025-07-20,9.18,18.3
2025-07-21,8.97,18.9
2025-07-22,8.64,19.0
2025-07-23,8.54,19.0
2025-07-24,8.66,19.2
2025-07-25,8.6,18.3
2025-07-26,8.77,18.0
2025-07-27,9.4,17.0
2025-07-28,9.99,16.5
2025-07-29,10.0,16.1
2025-07-30,10.55,15.3
2025-07-31,10.09,15.7
2025-08-01,9.79,15.9
2025-08-02,9.42,15.9
2025-08-03,9.53,15.6
2025-08-04,9.89,15.4
2025-08-05,9.8,15.5
2025-08-06,9.92,15.9
2025-08-07,9.92,16.4
2025-08-08,9.71,16.9
2025-08-09,9.59,17.7
2025-08-10,9.5,18.6
2025-08-11,9.37,19.2
2025-08-12,9.26,19.5
2025-08-13,9.13,19.7
2025-08-14,9.11,20.2
2025-08-15,9.04,20.7
2025-08-16,8.94,21.0
2025-08-17,8.68,20.9
2025-08-18,8.6,20.5
2025-08-19,8.86,20.0
2025-08-20,8.91,19.9
2025-08-21,8.91,19.7
2025-08-22,9.28,18.6
2025-08-23,9.86,17.2
2025-08-24,9.43,17.0
2025-08-25,9.3,17.3
2025-08-26,9.42,17.3
2025-08-27,9.37,17.3
2025-08-28,9.37,17.6
2025-08-29,9.35,18.0
2025-08-30,9.07,17.7
2025-08-31,9.13,17.6
2025-09-01,9.23,17.6
2025-09-02,9.17,17.5
2025-09-03,9.06,17.4
2025-09-04,9.23,17.3
2025-09-05,9.3,17.3
2025-09-06,9.14,17.2
2025-09-07,9.2,17.0
2025-09-08,9.25,16.9
2025-09-09,9.43,16.7
2025-09-10,9.45,16.5
2025-09-11,9.33,16.2
2025-09-12,9.29,16.0
2025-09-13,9.34,15.9
2025-09-14,9.33,15.8
2025-09-15,9.46,15.6
2025-09-16,9.59,15.8
2025-09-17,9.63,15.7
2025-09-18,9.71,15.5
2025-09-19,9.73,15.7
2025-09-20,9.82,16.0
2025-09-21,9.75,16.4
2025-09-22,9.69,16.8
2025-09-23,9.52,16.5
2025-09-24,9.33,15.9
2025-09-25,9.22,15.3
2025-09-26,9.32,15.0
2025-09-27,9.37,15.0
2025-09-28,9.53,14.9
2025-09-29,9.68,14.6
2025-09-30,9.8,14.3
2025-10-01,9.83,13.7
2025-10-02,9.97,13.1
2025-10-03,10.11,12.8
2025-10-04,10.24,12.4
2025-10-05,10.37,12.1
2025-10-06,10.31,11.7
2025-10-07,10.41,11.3
2025-10-08,10.65,10.9
2025-10-09,10.58,11.1
2025-10-10,10.43,11.4
2025-10-11,10.41,11.6
2025-10-12,10.33,11.7
2025-10-13,10.31,12.0
2025-10-14,10.3,12.1
2025-10-15,10.29,12.1
2025-10-16,10.35,12.1
2025-10-17,10.4,12.2
2025-10-18,10.43,12.2
2025-10-19,10.46,11.8
2025-10-20,10.58,11.5
2025-10-21,10.74,11.2
2025-10-22,10.78,11.0
2025-10-23,10.73,11.1
2025-10-24,10.6,11.0
2025-10-25,10.54,10.6
2025-10-26,10.56,10.1
2025-10-27,10.55,9.8
2025-10-28,10.6,9.5
2025-10-29,10.76,9.3
2025-10-30,10.98,9.4
2025-10-31,11.08,9.2
2025-11-01,11.16,9.1
2025-11-02,11.13,9.2
2025-11-03,11.02,9.3
2025-11-04,10.91,9.2
2025-11-05,11.04,9.2
2025-11-06,11.13,8.9
2025-11-07,11.12,8.6
2025-11-08,11.12,8.4
2025-11-09,11.09,8.1
2025-11-10,11.07,8.1
2025-11-11,11.12,8.0
2025-11-12,11.2,7.9
2025-11-13,11.26,8.0
2025-11-14,11.33,7.9
2025-11-15,11.38,7.7
2025-11-16,11.4,7.8
2025-11-17,11.36,7.8
2025-11-18,11.36,7.7
2025-11-19,11.41,7.2
2025-11-20,11.5,6.8
2025-11-21,11.57,6.4
2025-11-22,11.74,5.9
2025-11-23,11.9,5.4
2025-11-24,12.09,4.9
2025-11-25,12.2,4.5
2025-11-26,12.32,4.2
2025-11-27,12.46,4.2
2025-11-28,12.62,4.1
2025-11-29,12.63,4.1
2025-11-30,12.6,4.2
2025-12-01,12.58,4.3
2025-12-02,12.54,4.4
2025-12-03,12.35,4.6
2025-12-04,12.35,4.7
2025-12-05,12.35,4.7
2025-12-06,12.35,4.7
2025-12-07,12.34,4.7
2025-12-08,12.26,4.9
2025-12-09,12.17,5.4
2025-12-10,12.16,5.8
2025-12-11,12.14,6.0
2025-12-12,12.06,6.2
2025-12-13,11.94,6.2
2025-12-14,11.8,6.1
2025-12-15,11.77,5.9
2025-12-16,11.78,5.6
2025-12-17,11.8,5.3
2025-12-18,11.9,5.2
2025-12-19,12.06,4.9
2025-12-20,12.14,4.7
2025-12-21,12.19,4.5
2025-12-22,12.19,4.5
2025-12-23,12.2,4.4
2025-12-24,12.31,4.2
2025-12-25,12.44,3.9
2025-12-26,12.47,3.7
2025-12-27,12.56,3.3
2025-12-28,12.69,3.0
2025-12-29,12.84,2.6
2025-12-30,12.92,2.4
2025-12-31,13.01,2.0
