{
"type": "FeatureCollection",
"name": "study_river_stems",
"crs": { "type": "name", "properties": { "name": "urn:ogc:def:crs:OGC:1.3:CRS84" } },
"features": [
{ "type": "Feature", "properties": { "river": "Rhine" }, "geometry": { "type": "LineString", "coordinates": [ [ 7.585416666666135, 46.797916666666126 ], [ 7.5812499999995, 46.797916666666126 ], [ 7.577083333332838, 46.802083333332796 ], [ 7.572916666666174, 46.802083333332796 ], [ 7.568749999999512, 46.806249999999444 ], [ 7.568749999999512, 46.814583333332813 ], [ 7.572916666666174, 46.818749999999461 ], [ 7.572916666666174, 46.827083333332787 ], [ 7.568749999999512, 46.831249999999436 ], [ 7.568749999999512, 46.835416666666141 ], [ 7.560416666666185, 46.843749999999453 ], [ 7.560416666666185, 46.852083333332828 ], [ 7.556249999999552, 46.856249999999449 ], [ 7.556249999999551, 46.860416666666119 ], [ 7.552083333332803, 46.864583333332796 ], [ 7.547916666666224, 46.868749999999451 ], [ 7.547916666666224, 46.877083333332799 ], [ 7.543749999999477, 46.881249999999483 ], [ 7.543749999999477, 46.885416666666117 ], [ 7.539583333332814, 46.889583333332787 ], [ 7.539583333332814, 46.893749999999457 ], [ 7.53541666666615, 46.897916666666092 ], [ 7.531249999999517, 46.897916666666106 ], [ 7.522916666666191, 46.90624999999946 ], [ 7.518749999999527, 46.906249999999467 ], [ 7.514583333332865, 46.910416666666123 ], [ 7.510416666666117, 46.910416666666109 ], [ 7.50208333333282, 46.918749999999442 ], [ 7.497916666666158, 46.918749999999442 ], [ 7.493749999999494, 46.922916666666133 ], [ 7.489583333332832, 46.922916666666133 ], [ 7.485416666666168, 46.927083333332803 ], [ 7.481249999999506, 46.92291666666614 ], [ 7.477083333332871, 46.92291666666614 ], [ 7.472916666666209, 46.927083333332789 ], [ 7.468749999999545, 46.927083333332796 ], [ 7.464583333332797, 46.931249999999473 ], [ 7.460416666666135, 46.935416666666107 ], [ 7.447916666666174, 46.9354166666661 ], [ 7.443749999999511, 46.939583333332813 ], [ 7.447916666666174, 46.943749999999469 ], [ 7.452083333332838, 46.943749999999469 ], [ 7.456249999999471, 46.947916666666131 ], [ 7.452083333332839, 46.952083333332787 ], [ 7.447916666666174, 46.95208333333278 ], [ 7.443749999999513, 46.9562499999995 ], [ 7.443749999999511, 46.964583333332797 ], [ 7.452083333332838, 46.972916666666123 ], [ 7.447916666666174, 46.977083333332779 ], [ 7.443749999999511, 46.977083333332779 ], [ 7.439583333332849, 46.97291666666613 ], [ 7.414583333332814, 46.97291666666613 ], [ 7.410416666666152, 46.968749999999467 ], [ 7.385416666666204, 46.968749999999467 ], [ 7.377083333332791, 46.960416666666156 ], [ 7.372916666666158, 46.960416666666163 ], [ 7.364583333332832, 46.968749999999474 ], [ 7.360416666666168, 46.964583333332811 ], [ 7.352083333332843, 46.964583333332811 ], [ 7.347916666666208, 46.964583333332811 ], [ 7.343749999999544, 46.960416666666156 ], [ 7.339583333332797, 46.964583333332804 ], [ 7.30208333333286, 46.964583333332811 ], [ 7.297916666666198, 46.968749999999467 ], [ 7.285416666666152, 46.968749999999467 ], [ 7.281249999999488, 46.97291666666613 ], [ 7.272916666666163, 46.97291666666613 ], [ 7.268749999999529, 46.968749999999467 ], [ 7.264583333332865, 46.97291666666613 ], [ 7.260416666666202, 46.972916666666123 ], [ 7.256249999999539, 46.977083333332779 ], [ 7.256249999999539, 46.989583333332746 ], [ 7.252083333332877, 46.993749999999466 ], [ 7.247916666666129, 46.993749999999459 ], [ 7.243749999999494, 46.997916666666121 ], [ 7.243749999999494, 47.002083333332777 ], [ 7.247916666666129, 47.006249999999469 ], [ 7.252083333332877, 47.006249999999476 ], [ 7.256249999999539, 47.010416666666138 ], [ 7.256249999999539, 47.01874999999945 ], [ 7.264583333332865, 47.027083333332797 ], [ 7.268749999999529, 47.027083333332797 ], [ 7.268749999999529, 47.035416666666137 ], [ 7.272916666666163, 47.039583333332786 ], [ 7.264583333332865, 47.047916666666147 ], [ 7.227083333332843, 47.047916666666147 ], [ 7.22291666666618, 47.04791666666614 ], [ 7.21041666666622, 47.04791666666614 ], [ 7.193749999999483, 47.047916666666147 ], [ 7.189583333332849, 47.052083333332803 ], [ 7.185416666666185, 47.05208333333281 ], [ 7.17708333333286, 47.060416666666121 ], [ 7.17708333333286, 47.064583333332777 ], [ 7.16874999999945, 47.072916666666146 ], [ 7.181249999999524, 47.085416666666113 ], [ 7.181249999999523, 47.08958333333279 ], [ 7.185416666666185, 47.093749999999424 ], [ 7.197916666666146, 47.106249999999434 ], [ 7.202083333332808, 47.106249999999442 ], [ 7.214583333332882, 47.118749999999451 ], [ 7.218749999999519, 47.118749999999451 ], [ 7.22291666666618, 47.122916666666121 ], [ 7.247916666666129, 47.122916666666129 ], [ 7.252083333332877, 47.118749999999459 ], [ 7.281249999999488, 47.118749999999459 ], [ 7.285416666666152, 47.122916666666114 ], [ 7.293749999999478, 47.122916666666121 ], [ 7.297916666666198, 47.127083333332777 ], [ 7.30208333333286, 47.127083333332777 ], [ 7.310416666666185, 47.135416666666138 ], [ 7.314583333332847, 47.135416666666146 ], [ 7.318749999999511, 47.139583333332794 ], [ 7.327083333332808, 47.139583333332808 ], [ 7.33124999999947, 47.143749999999443 ], [ 7.347916666666208, 47.143749999999443 ], [ 7.372916666666158, 47.143749999999443 ], [ 7.381249999999455, 47.14374999999945 ], [ 7.385416666666203, 47.14791666666612 ], [ 7.385416666666203, 47.152083333332818 ], [ 7.393749999999529, 47.16041666666613 ], [ 7.397916666666193, 47.16041666666613 ], [ 7.410416666666152, 47.16041666666613 ], [ 7.422916666666224, 47.172916666666104 ], [ 7.427083333332803, 47.172916666666104 ], [ 7.431249999999522, 47.17708333333281 ], [ 7.431249999999522, 47.181249999999423 ], [ 7.435416666666185, 47.185416666666121 ], [ 7.443749999999511, 47.177083333332796 ], [ 7.447916666666174, 47.18124999999943 ], [ 7.447916666666174, 47.185416666666114 ], [ 7.452083333332838, 47.189583333332784 ], [ 7.477083333332871, 47.189583333332784 ], [ 7.485416666666168, 47.197916666666089 ], [ 7.485416666666168, 47.202083333332801 ], [ 7.489583333332834, 47.206249999999464 ], [ 7.493749999999494, 47.206249999999471 ], [ 7.50208333333282, 47.197916666666089 ], [ 7.527083333332853, 47.197916666666096 ], [ 7.531249999999517, 47.202083333332801 ], [ 7.535416666666152, 47.206249999999457 ], [ 7.547916666666224, 47.206249999999464 ], [ 7.556249999999551, 47.214583333332783 ], [ 7.560416666666185, 47.214583333332776 ], [ 7.564583333332848, 47.218749999999432 ], [ 7.577083333332838, 47.218749999999432 ], [ 7.585416666666133, 47.227083333332793 ], [ 7.589583333332797, 47.227083333332793 ], [ 7.593749999999545, 47.231249999999449 ], [ 7.606249999999533, 47.231249999999442 ], [ 7.618749999999494, 47.231249999999449 ], [ 7.627083333332822, 47.231249999999449 ], [ 7.631249999999484, 47.235416666666104 ], [ 7.643749999999527, 47.235416666666104 ], [ 7.647916666666191, 47.239583333332767 ], [ 7.672916666666141, 47.23958333333276 ], [ 7.677083333332803, 47.235416666666104 ], [ 7.702083333332838, 47.235416666666104 ], [ 7.7062499999995, 47.231249999999456 ], [ 7.710416666666162, 47.231249999999449 ], [ 7.714583333332797, 47.227083333332793 ], [ 7.718749999999459, 47.227083333332793 ], [ 7.731249999999533, 47.227083333332793 ], [ 7.747916666666157, 47.243749999999473 ], [ 7.760416666666146, 47.243749999999473 ], [ 7.764583333332808, 47.247916666666121 ], [ 7.772916666666106, 47.247916666666129 ], [ 7.777083333332854, 47.252083333332784 ], [ 7.781249999999518, 47.252083333332777 ], [ 7.793749999999477, 47.264583333332801 ], [ 7.797916666666141, 47.264583333332808 ], [ 7.802083333332803, 47.268749999999457 ], [ 7.806249999999465, 47.264583333332801 ], [ 7.810416666666213, 47.264583333332794 ], [ 7.814583333332877, 47.260416666666117 ], [ 7.818749999999512, 47.264583333332794 ], [ 7.827083333332836, 47.264583333332801 ], [ 7.8312499999995, 47.268749999999464 ], [ 7.835416666666163, 47.268749999999464 ], [ 7.847916666666124, 47.281249999999481 ], [ 7.847916666666124, 47.285416666666102 ], [ 7.856249999999534, 47.293749999999456 ], [ 7.856249999999534, 47.297916666666126 ], [ 7.868749999999523, 47.310416666666129 ], [ 7.885416666666146, 47.310416666666143 ], [ 7.889583333332808, 47.314583333332784 ], [ 7.89374999999947, 47.314583333332784 ], [ 7.897916666666106, 47.31874999999944 ], [ 7.897916666666106, 47.331249999999464 ], [ 7.906249999999518, 47.339583333332776 ], [ 7.906249999999518, 47.347916666666144 ], [ 7.906249999999518, 47.356249999999449 ], [ 7.91041666666618, 47.360416666666111 ], [ 7.918749999999505, 47.368749999999473 ], [ 7.922916666666139, 47.364583333332789 ], [ 7.927083333332803, 47.364583333332774 ], [ 7.931249999999466, 47.360416666666111 ], [ 7.952083333332837, 47.360416666666119 ], [ 7.956249999999501, 47.356249999999449 ], [ 7.960416666666163, 47.360416666666119 ], [ 7.964583333332826, 47.360416666666119 ], [ 7.972916666666152, 47.368749999999466 ], [ 7.977083333332786, 47.368749999999459 ], [ 7.98124999999945, 47.364583333332774 ], [ 7.98958333333286, 47.364583333332781 ], [ 7.997916666666185, 47.372916666666086 ], [ 7.997916666666185, 47.377083333332799 ], [ 8.002083333332822, 47.381249999999454 ], [ 8.010416666666146, 47.381249999999447 ], [ 8.018749999999471, 47.389583333332766 ], [ 8.022916666666134, 47.393749999999422 ], [ 8.039583333332843, 47.393749999999422 ], [ 8.047916666666168, 47.402083333332797 ], [ 8.052083333332831, 47.402083333332797 ], [ 8.056249999999466, 47.406249999999439 ], [ 8.064583333332877, 47.406249999999432 ], [ 8.06874999999954, 47.410416666666094 ], [ 8.131249999999511, 47.410416666666109 ], [ 8.135416666666146, 47.4145833333328 ], [ 8.15624999999946, 47.414583333332793 ], [ 8.160416666666094, 47.418749999999449 ], [ 8.160416666666094, 47.427083333332781 ], [ 8.164583333332843, 47.431249999999423 ], [ 8.164583333332843, 47.44791666666611 ], [ 8.164583333332843, 47.46458333333279 ], [ 8.172916666666168, 47.472916666666094 ], [ 8.177083333332833, 47.472916666666087 ], [ 8.181249999999494, 47.477083333332807 ], [ 8.189583333332791, 47.477083333332814 ], [ 8.197916666666202, 47.485416666666111 ], [ 8.202083333332865, 47.485416666666111 ], [ 8.214583333332826, 47.485416666666126 ], [ 8.218749999999488, 47.489583333332781 ], [ 8.227083333332814, 47.489583333332781 ], [ 8.23541666666614, 47.497916666666086 ], [ 8.23541666666614, 47.502083333332791 ], [ 8.23541666666614, 47.514583333332773 ], [ 8.231249999999477, 47.518749999999422 ], [ 8.231249999999477, 47.522916666666084 ], [ 8.227083333332814, 47.527083333332797 ], [ 8.227083333332814, 47.539583333332807 ], [ 8.231249999999477, 47.543749999999463 ], [ 8.227083333332814, 47.547916666666119 ], [ 8.227083333332814, 47.552083333332774 ], [ 8.23541666666614, 47.560416666666107 ], [ 8.239583333332774, 47.5604166666661 ], [ 8.247916666666185, 47.560416666666107 ], [ 8.252083333332848, 47.564583333332799 ], [ 8.252083333332848, 47.568749999999461 ], [ 8.252083333332848, 47.572916666666124 ], [ 8.243749999999523, 47.581249999999436 ], [ 8.239583333332774, 47.581249999999436 ], [ 8.222916666666151, 47.597916666666123 ], [ 8.222916666666151, 47.614583333332774 ], [ 8.218749999999488, 47.618749999999437 ], [ 8.214583333332826, 47.618749999999437 ], [ 8.210416666666163, 47.622916666666107 ], [ 8.202083333332865, 47.622916666666114 ], [ 8.19374999999954, 47.614583333332774 ], [ 8.189583333332791, 47.614583333332774 ], [ 8.177083333332833, 47.602083333332772 ], [ 8.172916666666168, 47.602083333332772 ], [ 8.168749999999505, 47.597916666666116 ], [ 8.147916666666134, 47.597916666666116 ], [ 8.135416666666146, 47.585416666666099 ], [ 8.131249999999511, 47.585416666666099 ], [ 8.11458333333286, 47.585416666666099 ], [ 8.106249999999449, 47.577083333332773 ], [ 8.102083333332814, 47.572916666666117 ], [ 8.102083333332814, 47.564583333332799 ], [ 8.097916666666151, 47.560416666666107 ], [ 8.093749999999488, 47.560416666666114 ], [ 8.089583333332827, 47.556249999999444 ], [ 8.085416666666163, 47.556249999999444 ], [ 8.0812499999995, 47.560416666666107 ], [ 8.077083333332865, 47.5604166666661 ], [ 8.072916666666202, 47.564583333332806 ], [ 8.064583333332877, 47.564583333332791 ], [ 8.060416666666214, 47.564583333332799 ], [ 8.056249999999466, 47.5604166666661 ], [ 8.052083333332831, 47.5604166666661 ], [ 8.047916666666168, 47.556249999999437 ], [ 8.043749999999505, 47.556249999999451 ], [ 8.039583333332843, 47.552083333332781 ], [ 8.022916666666134, 47.552083333332781 ], [ 8.014583333332808, 47.552083333332781 ], [ 8.010416666666146, 47.556249999999444 ], [ 7.985416666666198, 47.556249999999444 ], [ 7.964583333332826, 47.556249999999444 ], [ 7.960416666666163, 47.5604166666661 ], [ 7.94374999999954, 47.543749999999463 ], [ 7.939583333332877, 47.54374999999947 ], [ 7.935416666666213, 47.547916666666119 ], [ 7.922916666666139, 47.547916666666119 ], [ 7.914583333332842, 47.547916666666119 ], [ 7.91041666666618, 47.552083333332774 ], [ 7.91041666666618, 47.556249999999437 ], [ 7.906249999999518, 47.560416666666107 ], [ 7.91041666666618, 47.564583333332806 ], [ 7.91041666666618, 47.572916666666124 ], [ 7.902083333332768, 47.581249999999429 ], [ 7.897916666666106, 47.585416666666106 ], [ 7.89374999999947, 47.585416666666106 ], [ 7.889583333332808, 47.58958333333279 ], [ 7.868749999999523, 47.589583333332797 ], [ 7.860416666666198, 47.589583333332776 ], [ 7.856249999999534, 47.585416666666099 ], [ 7.847916666666124, 47.585416666666099 ], [ 7.843749999999488, 47.581249999999436 ], [ 7.839583333332826, 47.581249999999429 ], [ 7.8312499999995, 47.58958333333279 ], [ 7.822916666666174, 47.589583333332783 ], [ 7.814583333332877, 47.581249999999443 ], [ 7.814583333332877, 47.572916666666124 ], [ 7.810416666666213, 47.568749999999469 ], [ 7.806249999999465, 47.568749999999461 ], [ 7.797916666666141, 47.5604166666661 ], [ 7.793749999999477, 47.556249999999437 ], [ 7.78541666666618, 47.556249999999437 ], [ 7.781249999999518, 47.552083333332781 ], [ 7.764583333332808, 47.552083333332781 ], [ 7.760416666666146, 47.547916666666119 ], [ 7.756249999999483, 47.547916666666119 ], [ 7.752083333332821, 47.54374999999947 ], [ 7.722916666666207, 47.543749999999463 ], [ 7.718749999999459, 47.543749999999463 ], [ 7.714583333332797, 47.539583333332807 ], [ 7.706249999999502, 47.5395833333328 ], [ 7.702083333332838, 47.535416666666094 ], [ 7.668749999999477, 47.535416666666094 ], [ 7.664583333332815, 47.539583333332807 ], [ 7.656249999999518, 47.547916666666126 ], [ 7.652083333332854, 47.547916666666119 ], [ 7.63958333333278, 47.5604166666661 ], [ 7.618749999999494, 47.560416666666107 ], [ 7.614583333332832, 47.556249999999437 ], [ 7.593749999999545, 47.556249999999437 ], [ 7.589583333332797, 47.560416666666114 ], [ 7.585416666666135, 47.564583333332806 ], [ 7.585416666666135, 47.572916666666124 ], [ 7.585416666666135, 47.581249999999436 ], [ 7.585416666666137, 47.585416666666099 ], [ 7.589583333332797, 47.589583333332783 ], [ 7.589583333332797, 47.59374999999946 ], [ 7.593749999999545, 47.597916666666116 ], [ 7.593749999999545, 47.602083333332772 ], [ 7.585416666666135, 47.61041666666614 ], [ 7.5812499999995, 47.610416666666126 ], [ 7.572916666666174, 47.618749999999451 ], [ 7.572916666666174, 47.627083333332749 ], [ 7.560416666666185, 47.639583333332773 ], [ 7.556249999999551, 47.639583333332766 ], [ 7.552083333332803, 47.643749999999429 ], [ 7.547916666666226, 47.643749999999436 ], [ 7.543749999999477, 47.647916666666092 ], [ 7.539583333332814, 47.647916666666099 ], [ 7.522916666666191, 47.664583333332786 ], [ 7.518749999999527, 47.668749999999456 ], [ 7.518749999999527, 47.677083333332796 ], [ 7.518749999999529, 47.689583333332756 ], [ 7.510416666666117, 47.697916666666131 ], [ 7.518749999999527, 47.706249999999429 ], [ 7.522916666666191, 47.706249999999429 ], [ 7.527083333332853, 47.710416666666084 ], [ 7.531249999999517, 47.710416666666092 ], [ 7.53541666666615, 47.714583333332762 ], [ 7.547916666666224, 47.727083333332772 ], [ 7.547916666666224, 47.743749999999444 ], [ 7.543749999999477, 47.7479166666661 ], [ 7.543749999999477, 47.752083333332763 ], [ 7.539583333332814, 47.756249999999433 ], [ 7.539583333332814, 47.760416666666131 ], [ 7.531249999999517, 47.768749999999443 ], [ 7.531249999999517, 47.785416666666109 ], [ 7.53541666666615, 47.789583333332779 ], [ 7.53541666666615, 47.793749999999442 ], [ 7.539583333332814, 47.79791666666609 ], [ 7.539583333332814, 47.802083333332789 ], [ 7.543749999999477, 47.806249999999444 ], [ 7.543749999999477, 47.810416666666107 ], [ 7.547916666666224, 47.81458333333277 ], [ 7.547916666666224, 47.818749999999433 ], [ 7.552083333332803, 47.822916666666124 ], [ 7.552083333332805, 47.827083333332787 ], [ 7.560416666666187, 47.835416666666099 ], [ 7.560416666666185, 47.839583333332754 ], [ 7.564583333332848, 47.843749999999417 ], [ 7.564583333332848, 47.856249999999449 ], [ 7.556249999999551, 47.864583333332796 ], [ 7.556249999999552, 47.877083333332763 ], [ 7.560416666666185, 47.881249999999426 ], [ 7.568749999999512, 47.889583333332794 ], [ 7.572916666666174, 47.889583333332787 ], [ 7.577083333332838, 47.893749999999443 ], [ 7.5812499999995, 47.897916666666106 ], [ 7.5812499999995, 47.922916666666104 ], [ 7.5812499999995, 47.927083333332746 ], [ 7.585416666666135, 47.931249999999451 ], [ 7.585416666666135, 47.935416666666114 ], [ 7.589583333332799, 47.93958333333277 ], [ 7.593749999999545, 47.939583333332763 ], [ 7.614583333332832, 47.960416666666106 ], [ 7.622916666666156, 47.968749999999424 ], [ 7.622916666666156, 47.981249999999449 ], [ 7.618749999999494, 47.985416666666097 ], [ 7.618749999999494, 47.989583333332767 ], [ 7.602083333332871, 48.006249999999426 ], [ 7.593749999999545, 48.014583333332794 ], [ 7.589583333332797, 48.014583333332794 ], [ 7.577083333332838, 48.027083333332776 ], [ 7.568749999999512, 48.03541666666613 ], [ 7.568749999999512, 48.03958333333275 ], [ 7.572916666666174, 48.043749999999434 ], [ 7.572916666666174, 48.047916666666111 ], [ 7.572916666666174, 48.06874999999944 ], [ 7.568749999999512, 48.072916666666089 ], [ 7.568749999999512, 48.081249999999457 ], [ 7.572916666666174, 48.085416666666113 ], [ 7.572916666666174, 48.089583333332776 ], [ 7.577083333332838, 48.093749999999424 ], [ 7.577083333332838, 48.102083333332793 ], [ 7.5812499999995, 48.106249999999449 ], [ 7.577083333332838, 48.110416666666104 ], [ 7.577083333332838, 48.122916666666072 ], [ 7.5812499999995, 48.127083333332784 ], [ 7.589583333332797, 48.127083333332784 ], [ 7.602083333332871, 48.139583333332808 ], [ 7.602083333332871, 48.147916666666113 ], [ 7.597916666666209, 48.152083333332776 ], [ 7.597916666666211, 48.156249999999432 ], [ 7.610416666666168, 48.168749999999463 ], [ 7.614583333332832, 48.168749999999449 ], [ 7.622916666666156, 48.177083333332767 ], [ 7.631249999999483, 48.185416666666093 ], [ 7.631249999999483, 48.189583333332742 ], [ 7.63958333333278, 48.197916666666117 ], [ 7.63958333333278, 48.202083333332759 ], [ 7.652083333332854, 48.214583333332776 ], [ 7.656249999999518, 48.214583333332783 ], [ 7.672916666666141, 48.231249999999463 ], [ 7.672916666666141, 48.239583333332767 ], [ 7.677083333332803, 48.24374999999943 ], [ 7.677083333332803, 48.2479166666661 ], [ 7.681249999999467, 48.252083333332756 ], [ 7.681249999999467, 48.260416666666103 ], [ 7.685416666666215, 48.264583333332773 ], [ 7.685416666666215, 48.272916666666134 ], [ 7.68958333333285, 48.277083333332783 ], [ 7.689583333332848, 48.297916666666119 ], [ 7.697916666666174, 48.30624999999943 ], [ 7.702083333332838, 48.306249999999437 ], [ 7.7062499999995, 48.310416666666093 ], [ 7.710416666666162, 48.310416666666093 ], [ 7.714583333332797, 48.314583333332756 ], [ 7.727083333332871, 48.314583333332749 ], [ 7.731249999999535, 48.318749999999405 ], [ 7.735416666666197, 48.318749999999412 ], [ 7.747916666666157, 48.331249999999422 ], [ 7.743749999999496, 48.335416666666127 ], [ 7.743749999999494, 48.347916666666094 ], [ 7.73958333333286, 48.35208333333275 ], [ 7.73958333333286, 48.356249999999427 ], [ 7.735416666666197, 48.360416666666119 ], [ 7.735416666666197, 48.364583333332781 ], [ 7.731249999999533, 48.368749999999444 ], [ 7.731249999999533, 48.393749999999429 ], [ 7.735416666666197, 48.397916666666084 ], [ 7.735416666666197, 48.40208333333279 ], [ 7.73958333333286, 48.406249999999453 ], [ 7.73958333333286, 48.414583333332757 ], [ 7.747916666666157, 48.422916666666083 ], [ 7.747916666666157, 48.427083333332774 ], [ 7.752083333332821, 48.431249999999444 ], [ 7.756249999999483, 48.435416666666086 ], [ 7.756249999999483, 48.443749999999419 ], [ 7.760416666666146, 48.44791666666611 ], [ 7.760416666666146, 48.456249999999429 ], [ 7.760416666666146, 48.460416666666099 ], [ 7.760416666666146, 48.472916666666116 ], [ 7.764583333332808, 48.477083333332757 ], [ 7.764583333332808, 48.48541666666609 ], [ 7.772916666666106, 48.493749999999437 ], [ 7.777083333332854, 48.493749999999437 ], [ 7.781249999999518, 48.497916666666114 ], [ 7.78541666666618, 48.497916666666107 ], [ 7.789583333332843, 48.50208333333277 ], [ 7.797916666666141, 48.502083333332756 ], [ 7.802083333332803, 48.506249999999412 ], [ 7.802083333332803, 48.510416666666082 ], [ 7.806249999999465, 48.514583333332723 ], [ 7.806249999999465, 48.547916666666083 ], [ 7.806249999999465, 48.56458333333277 ], [ 7.802083333332803, 48.568749999999419 ], [ 7.802083333332803, 48.585416666666099 ], [ 7.802083333332803, 48.589583333332762 ], [ 7.814583333332877, 48.602083333332779 ], [ 7.8312499999995, 48.618749999999402 ], [ 7.8312499999995, 48.622916666666107 ], [ 7.835416666666163, 48.627083333332756 ], [ 7.835416666666163, 48.631249999999419 ], [ 7.835416666666163, 48.635416666666075 ], [ 7.847916666666124, 48.647916666666092 ], [ 7.856249999999534, 48.647916666666099 ], [ 7.860416666666198, 48.652083333332762 ], [ 7.868749999999523, 48.652083333332754 ], [ 7.872916666666157, 48.656249999999432 ], [ 7.881249999999483, 48.656249999999432 ], [ 7.885416666666146, 48.660416666666109 ], [ 7.889583333332808, 48.664583333332786 ], [ 7.89374999999947, 48.664583333332786 ], [ 7.897916666666106, 48.668749999999442 ], [ 7.902083333332768, 48.67291666666609 ], [ 7.906249999999518, 48.67291666666609 ], [ 7.918749999999505, 48.685416666666065 ], [ 7.922916666666139, 48.685416666666057 ], [ 7.927083333332803, 48.689583333332763 ], [ 7.952083333332837, 48.714583333332754 ], [ 7.956249999999501, 48.714583333332762 ], [ 7.964583333332826, 48.722916666666073 ], [ 7.968749999999488, 48.727083333332779 ], [ 7.968749999999488, 48.75624999999944 ], [ 7.972916666666152, 48.760416666666103 ], [ 8.006249999999483, 48.760416666666096 ], [ 8.014583333332808, 48.760416666666096 ], [ 8.022916666666134, 48.768749999999457 ], [ 8.022916666666134, 48.772916666666113 ], [ 8.027083333332797, 48.777083333332762 ], [ 8.027083333332797, 48.781249999999424 ], [ 8.03541666666618, 48.789583333332743 ], [ 8.052083333332831, 48.789583333332743 ], [ 8.06874999999954, 48.789583333332736 ], [ 8.072916666666202, 48.793749999999427 ], [ 8.077083333332865, 48.793749999999427 ], [ 8.085416666666163, 48.802083333332746 ], [ 8.089583333332827, 48.80208333333276 ], [ 8.102083333332814, 48.814583333332777 ], [ 8.102083333332814, 48.818749999999426 ], [ 8.106249999999449, 48.822916666666103 ], [ 8.106249999999449, 48.827083333332737 ], [ 8.102083333332814, 48.8312499999994 ], [ 8.106249999999449, 48.83541666666607 ], [ 8.106249999999449, 48.839583333332762 ], [ 8.11458333333286, 48.847916666666094 ], [ 8.11458333333286, 48.852083333332757 ], [ 8.118749999999523, 48.856249999999434 ], [ 8.118749999999523, 48.860416666666097 ], [ 8.122916666666185, 48.864583333332767 ], [ 8.122916666666185, 48.872916666666121 ], [ 8.127083333332848, 48.877083333332784 ], [ 8.135416666666146, 48.885416666666096 ], [ 8.135416666666146, 48.889583333332759 ], [ 8.160416666666094, 48.914583333332757 ], [ 8.164583333332843, 48.918749999999385 ], [ 8.168749999999505, 48.922916666666097 ], [ 8.185416666666129, 48.939583333332742 ], [ 8.185416666666129, 48.94374999999944 ], [ 8.202083333332865, 48.960416666666063 ], [ 8.214583333332826, 48.960416666666063 ], [ 8.218749999999488, 48.964583333332776 ], [ 8.222916666666151, 48.964583333332776 ], [ 8.231249999999477, 48.964583333332783 ], [ 8.23541666666614, 48.968749999999432 ], [ 8.239583333332774, 48.968749999999439 ], [ 8.243749999999523, 48.972916666666087 ], [ 8.247916666666185, 48.972916666666094 ], [ 8.252083333332848, 48.97708333333275 ], [ 8.256249999999511, 48.977083333332743 ], [ 8.260416666666174, 48.981249999999413 ], [ 8.264583333332808, 48.981249999999413 ], [ 8.268749999999471, 48.985416666666055 ], [ 8.272916666666134, 48.985416666666055 ], [ 8.297916666666168, 49.010416666666082 ], [ 8.297916666666168, 49.018749999999422 ], [ 8.302083333332831, 49.02291666666607 ], [ 8.302083333332831, 49.035416666666087 ], [ 8.306249999999494, 49.03958333333275 ], [ 8.306249999999494, 49.043749999999406 ], [ 8.310416666666157, 49.047916666666083 ], [ 8.310416666666157, 49.052083333332767 ], [ 8.335416666666191, 49.077083333332752 ], [ 8.339583333332854, 49.081249999999422 ], [ 8.343749999999488, 49.081249999999422 ], [ 8.36041666666614, 49.097916666666102 ], [ 8.36041666666614, 49.106249999999406 ], [ 8.364583333332803, 49.110416666666076 ], [ 8.364583333332803, 49.127083333332742 ], [ 8.368749999999437, 49.131249999999447 ], [ 8.368749999999437, 49.139583333332759 ], [ 8.3729166666661, 49.143749999999422 ], [ 8.3729166666661, 49.156249999999439 ], [ 8.368749999999437, 49.160416666666102 ], [ 8.368749999999437, 49.168749999999413 ], [ 8.3729166666661, 49.172916666666076 ], [ 8.3729166666661, 49.177083333332732 ], [ 8.381249999999513, 49.185416666666093 ], [ 8.381249999999513, 49.189583333332756 ], [ 8.385416666666174, 49.193749999999405 ], [ 8.385416666666174, 49.218749999999439 ], [ 8.385416666666174, 49.22708333333275 ], [ 8.385416666666174, 49.231249999999406 ], [ 8.393749999999471, 49.239583333332732 ], [ 8.397916666666134, 49.239583333332732 ], [ 8.40624999999946, 49.247916666666093 ], [ 8.410416666666123, 49.247916666666086 ], [ 8.414583333332871, 49.252083333332756 ], [ 8.422916666666168, 49.252083333332756 ], [ 8.427083333332831, 49.256249999999419 ], [ 8.431249999999494, 49.256249999999405 ], [ 8.435416666666157, 49.260416666666117 ], [ 8.43958333333282, 49.26041666666611 ], [ 8.456249999999528, 49.277083333332733 ], [ 8.460416666666191, 49.27708333333274 ], [ 8.468749999999519, 49.285416666666052 ], [ 8.481249999999477, 49.285416666666066 ], [ 8.489583333332803, 49.293749999999434 ], [ 8.489583333332803, 49.297916666666069 ], [ 8.481249999999477, 49.306249999999388 ], [ 8.477083333332816, 49.306249999999388 ], [ 8.472916666666151, 49.310416666666093 ], [ 8.464583333332854, 49.310416666666093 ], [ 8.460416666666191, 49.314583333332756 ], [ 8.456249999999528, 49.314583333332756 ], [ 8.452083333332865, 49.318749999999419 ], [ 8.452083333332865, 49.32708333333278 ], [ 8.460416666666191, 49.335416666666084 ], [ 8.464583333332854, 49.335416666666077 ], [ 8.468749999999519, 49.339583333332747 ], [ 8.472916666666151, 49.339583333332747 ], [ 8.4979166666661, 49.364583333332739 ], [ 8.4979166666661, 49.368749999999395 ], [ 8.502083333332848, 49.372916666666065 ], [ 8.502083333332848, 49.393749999999429 ], [ 8.4979166666661, 49.397916666666106 ], [ 8.4979166666661, 49.406249999999403 ], [ 8.4979166666661, 49.41874999999942 ], [ 8.506249999999511, 49.427083333332739 ], [ 8.506249999999511, 49.431249999999395 ], [ 8.510416666666174, 49.435416666666107 ], [ 8.506249999999511, 49.439583333332699 ], [ 8.502083333332848, 49.439583333332713 ], [ 8.4979166666661, 49.443749999999419 ], [ 8.452083333332865, 49.443749999999412 ], [ 8.447916666666117, 49.447916666666067 ], [ 8.443749999999483, 49.45208333333273 ], [ 8.443749999999483, 49.456249999999436 ], [ 8.447916666666117, 49.460416666666106 ], [ 8.452083333332865, 49.460416666666092 ], [ 8.456249999999528, 49.464583333332747 ], [ 8.460416666666191, 49.464583333332747 ], [ 8.464583333332854, 49.468749999999417 ], [ 8.464583333332854, 49.472916666666066 ], [ 8.443749999999483, 49.493749999999402 ], [ 8.443749999999483, 49.497916666666065 ], [ 8.43958333333282, 49.502083333332763 ], [ 8.43958333333282, 49.510416666666067 ], [ 8.435416666666157, 49.514583333332737 ], [ 8.435416666666157, 49.518749999999393 ], [ 8.431249999999494, 49.522916666666099 ], [ 8.431249999999494, 49.527083333332762 ], [ 8.427083333332831, 49.531249999999403 ], [ 8.427083333332831, 49.539583333332779 ], [ 8.418749999999449, 49.54791666666609 ], [ 8.418749999999449, 49.552083333332746 ], [ 8.414583333332871, 49.556249999999416 ], [ 8.414583333332871, 49.56458333333272 ], [ 8.422916666666168, 49.572916666666082 ], [ 8.422916666666168, 49.585416666666056 ], [ 8.418749999999449, 49.589583333332747 ], [ 8.418749999999449, 49.593749999999424 ], [ 8.414583333332871, 49.597916666666073 ], [ 8.397916666666134, 49.614583333332746 ], [ 8.393749999999471, 49.614583333332753 ], [ 8.389583333332837, 49.618749999999416 ], [ 8.385416666666174, 49.622916666666057 ], [ 8.385416666666174, 49.627083333332777 ], [ 8.381249999999513, 49.631249999999433 ], [ 8.381249999999513, 49.635416666666075 ], [ 8.377083333332848, 49.639583333332737 ], [ 8.377083333332848, 49.6437499999994 ], [ 8.3729166666661, 49.647916666666063 ], [ 8.3729166666661, 49.65624999999941 ], [ 8.364583333332803, 49.664583333332779 ], [ 8.364583333332803, 49.668749999999406 ], [ 8.356249999999477, 49.677083333332753 ], [ 8.356249999999477, 49.681249999999423 ], [ 8.356249999999477, 49.68958333333272 ], [ 8.368749999999437, 49.702083333332737 ], [ 8.3729166666661, 49.702083333332737 ], [ 8.377083333332848, 49.706249999999407 ], [ 8.385416666666174, 49.706249999999407 ], [ 8.389583333332837, 49.71041666666607 ], [ 8.393749999999471, 49.71041666666607 ], [ 8.402083333332797, 49.71041666666607 ], [ 8.40624999999946, 49.714583333332719 ], [ 8.427083333332831, 49.714583333332719 ], [ 8.431249999999494, 49.718749999999417 ], [ 8.435416666666157, 49.718749999999424 ], [ 8.468749999999519, 49.752083333332735 ], [ 8.472916666666151, 49.752083333332735 ], [ 8.477083333332816, 49.756249999999433 ], [ 8.477083333332816, 49.764583333332752 ], [ 8.472916666666151, 49.768749999999407 ], [ 8.427083333332831, 49.768749999999407 ], [ 8.422916666666168, 49.768749999999407 ], [ 8.418749999999449, 49.772916666666063 ], [ 8.414583333332871, 49.777083333332733 ], [ 8.414583333332871, 49.789583333332743 ], [ 8.393749999999471, 49.810416666666079 ], [ 8.389583333332837, 49.814583333332742 ], [ 8.381249999999513, 49.822916666666089 ], [ 8.381249999999513, 49.843749999999375 ], [ 8.385416666666174, 49.84791666666608 ], [ 8.385416666666174, 49.852083333332736 ], [ 8.377083333332848, 49.860416666666097 ], [ 8.368749999999437, 49.860416666666104 ], [ 8.364583333332803, 49.864583333332774 ], [ 8.356249999999477, 49.864583333332753 ], [ 8.347916666666151, 49.872916666666079 ], [ 8.347916666666151, 49.877083333332735 ], [ 8.343749999999488, 49.881249999999397 ], [ 8.343749999999488, 49.897916666666063 ], [ 8.352083333332814, 49.906249999999389 ], [ 8.352083333332814, 49.910416666666045 ], [ 8.356249999999477, 49.91458333333275 ], [ 8.356249999999477, 49.918749999999413 ], [ 8.352083333332814, 49.922916666666055 ], [ 8.352083333332814, 49.931249999999423 ], [ 8.347916666666151, 49.935416666666079 ], [ 8.347916666666151, 49.939583333332735 ], [ 8.343749999999488, 49.943749999999397 ], [ 8.343749999999488, 49.952083333332759 ], [ 8.318749999999454, 49.97708333333275 ], [ 8.314583333332791, 49.97708333333275 ], [ 8.306249999999494, 49.985416666666069 ], [ 8.302083333332831, 49.985416666666069 ], [ 8.297916666666168, 49.989583333332725 ], [ 8.29374999999942, 49.989583333332725 ], [ 8.289583333332843, 49.993749999999423 ], [ 8.268749999999471, 50.014583333332723 ], [ 8.264583333332808, 50.014583333332716 ], [ 8.260416666666174, 50.018749999999422 ], [ 8.256249999999511, 50.022916666666084 ], [ 8.252083333332848, 50.022916666666077 ], [ 8.247916666666185, 50.027083333332726 ], [ 8.239583333332774, 50.035416666666066 ], [ 8.227083333332814, 50.035416666666066 ], [ 8.222916666666151, 50.0395833333327 ], [ 8.197916666666202, 50.039583333332693 ], [ 8.19374999999954, 50.035416666666066 ], [ 8.172916666666168, 50.035416666666059 ], [ 8.168749999999505, 50.031249999999403 ], [ 8.15624999999946, 50.031249999999389 ], [ 8.152083333332797, 50.02708333333274 ], [ 8.131249999999511, 50.027083333332733 ], [ 8.127083333332848, 50.022916666666077 ], [ 8.118749999999523, 50.022916666666084 ], [ 8.11458333333286, 50.022916666666084 ], [ 8.110416666666111, 50.018749999999415 ], [ 8.106249999999449, 50.018749999999422 ], [ 8.102083333332814, 50.014583333332716 ], [ 8.093749999999488, 50.014583333332723 ], [ 8.089583333332827, 50.010416666666067 ], [ 8.077083333332865, 50.010416666666067 ], [ 8.072916666666204, 50.006249999999405 ], [ 8.043749999999505, 50.006249999999405 ], [ 8.039583333332843, 50.002083333332727 ], [ 8.03541666666618, 50.002083333332727 ], [ 8.031249999999432, 50.002083333332727 ], [ 8.027083333332797, 49.9979166666661 ], [ 8.018749999999473, 49.997916666666093 ], [ 8.014583333332808, 49.993749999999423 ], [ 8.010416666666146, 49.99374999999943 ], [ 8.006249999999483, 49.989583333332725 ], [ 7.997916666666185, 49.989583333332718 ], [ 7.993749999999523, 49.985416666666069 ], [ 7.98958333333286, 49.985416666666069 ], [ 7.985416666666198, 49.981249999999413 ], [ 7.977083333332786, 49.981249999999413 ], [ 7.972916666666152, 49.977083333332757 ], [ 7.952083333332837, 49.97708333333275 ], [ 7.947916666666203, 49.977083333332757 ], [ 7.94374999999954, 49.972916666666052 ], [ 7.889583333332808, 49.972916666666059 ], [ 7.877083333332821, 49.972916666666066 ], [ 7.86458333333286, 49.985416666666069 ], [ 7.86458333333286, 49.99374999999943 ], [ 7.860416666666198, 49.997916666666093 ], [ 7.860416666666198, 50.002083333332742 ], [ 7.852083333332871, 50.010416666666067 ], [ 7.843749999999488, 50.018749999999429 ], [ 7.835416666666163, 50.018749999999429 ], [ 7.8312499999995, 50.022916666666084 ], [ 7.827083333332836, 50.022916666666084 ], [ 7.818749999999512, 50.031249999999389 ], [ 7.814583333332877, 50.031249999999396 ], [ 7.810416666666213, 50.035416666666066 ], [ 7.806249999999465, 50.035416666666059 ], [ 7.797916666666143, 50.043749999999413 ], [ 7.789583333332843, 50.043749999999406 ], [ 7.772916666666106, 50.060416666666079 ], [ 7.772916666666106, 50.064583333332749 ], [ 7.777083333332854, 50.068749999999405 ], [ 7.777083333332854, 50.07291666666606 ], [ 7.764583333332808, 50.085416666666077 ], [ 7.760416666666146, 50.08541666666607 ], [ 7.747916666666157, 50.097916666666059 ], [ 7.743749999999494, 50.097916666666052 ], [ 7.735416666666197, 50.106249999999356 ], [ 7.731249999999533, 50.106249999999356 ], [ 7.722916666666207, 50.114583333332732 ], [ 7.73958333333286, 50.131249999999397 ], [ 7.735416666666197, 50.13541666666606 ], [ 7.731249999999533, 50.135416666666067 ], [ 7.727083333332871, 50.13958333333273 ], [ 7.727083333332871, 50.143749999999379 ], [ 7.718749999999459, 50.15208333333274 ], [ 7.714583333332797, 50.15208333333274 ], [ 7.710416666666162, 50.156249999999417 ], [ 7.7062499999995, 50.160416666666059 ], [ 7.697916666666174, 50.168749999999427 ], [ 7.693749999999512, 50.168749999999434 ], [ 7.672916666666141, 50.168749999999427 ], [ 7.668749999999479, 50.172916666666076 ], [ 7.656249999999518, 50.172916666666076 ], [ 7.647916666666191, 50.181249999999395 ], [ 7.647916666666191, 50.197916666666067 ], [ 7.63958333333278, 50.206249999999443 ], [ 7.635416666666146, 50.206249999999429 ], [ 7.61041666666617, 50.231249999999385 ], [ 7.597916666666209, 50.231249999999385 ], [ 7.593749999999545, 50.235416666666033 ], [ 7.585416666666135, 50.235416666666033 ], [ 7.5812499999995, 50.239583333332725 ], [ 7.5812499999995, 50.243749999999395 ], [ 7.585416666666135, 50.24791666666605 ], [ 7.643749999999527, 50.247916666666036 ], [ 7.652083333332854, 50.256249999999412 ], [ 7.652083333332854, 50.260416666666075 ], [ 7.647916666666191, 50.26458333333273 ], [ 7.643749999999527, 50.2687499999994 ], [ 7.63958333333278, 50.272916666666092 ], [ 7.635416666666146, 50.272916666666099 ], [ 7.631249999999483, 50.277083333332733 ], [ 7.62708333333282, 50.277083333332747 ], [ 7.614583333332834, 50.289583333332715 ], [ 7.597916666666209, 50.306249999999402 ], [ 7.597916666666209, 50.310416666666072 ], [ 7.589583333332797, 50.318749999999426 ], [ 7.589583333332799, 50.32708333333273 ], [ 7.593749999999545, 50.331249999999386 ], [ 7.593749999999543, 50.339583333332698 ], [ 7.597916666666209, 50.343749999999403 ], [ 7.597916666666209, 50.347916666666066 ], [ 7.606249999999533, 50.356249999999378 ], [ 7.606249999999533, 50.360416666666048 ], [ 7.606249999999533, 50.364583333332753 ], [ 7.610416666666168, 50.368749999999402 ], [ 7.610416666666168, 50.372916666666072 ], [ 7.614583333332832, 50.37708333333272 ], [ 7.614583333332832, 50.381249999999369 ], [ 7.602083333332871, 50.393749999999393 ], [ 7.597916666666209, 50.3937499999994 ], [ 7.593749999999545, 50.397916666666099 ], [ 7.589583333332797, 50.397916666666099 ], [ 7.585416666666135, 50.402083333332754 ], [ 7.5812499999995, 50.402083333332754 ], [ 7.577083333332838, 50.406249999999396 ], [ 7.572916666666174, 50.406249999999403 ], [ 7.564583333332848, 50.414583333332743 ], [ 7.556249999999551, 50.414583333332743 ], [ 7.552083333332803, 50.418749999999378 ], [ 7.531249999999517, 50.41874999999937 ], [ 7.527083333332853, 50.42291666666609 ], [ 7.518749999999527, 50.422916666666097 ], [ 7.514583333332865, 50.418749999999378 ], [ 7.510416666666117, 50.41874999999937 ], [ 7.506249999999455, 50.414583333332729 ], [ 7.497916666666158, 50.414583333332729 ], [ 7.493749999999494, 50.410416666666073 ], [ 7.477083333332873, 50.410416666666073 ], [ 7.468749999999545, 50.418749999999385 ], [ 7.464583333332797, 50.418749999999385 ], [ 7.460416666666135, 50.422916666666083 ], [ 7.456249999999471, 50.422916666666083 ], [ 7.447916666666174, 50.431249999999402 ], [ 7.439583333332847, 50.439583333332727 ], [ 7.435416666666185, 50.443749999999412 ], [ 7.402083333332826, 50.443749999999412 ], [ 7.393749999999529, 50.443749999999412 ], [ 7.389583333332865, 50.447916666666075 ], [ 7.381249999999455, 50.447916666666075 ], [ 7.377083333332793, 50.452083333332737 ], [ 7.372916666666158, 50.452083333332737 ], [ 7.364583333332832, 50.460416666666056 ], [ 7.360416666666168, 50.460416666666042 ], [ 7.335416666666134, 50.485416666666033 ], [ 7.33124999999947, 50.485416666666048 ], [ 7.318749999999511, 50.497916666666065 ], [ 7.314583333332847, 50.50208333333272 ], [ 7.306249999999523, 50.510416666666032 ], [ 7.297916666666198, 50.5187499999994 ], [ 7.297916666666198, 50.522916666666049 ], [ 7.289583333332814, 50.531249999999417 ], [ 7.289583333332814, 50.543749999999406 ], [ 7.281249999999488, 50.55208333333271 ], [ 7.281249999999488, 50.556249999999423 ], [ 7.277083333332826, 50.560416666666072 ], [ 7.272916666666163, 50.564583333332727 ], [ 7.260416666666202, 50.577083333332702 ], [ 7.243749999999494, 50.577083333332695 ], [ 7.239583333332831, 50.581249999999407 ], [ 7.22291666666618, 50.581249999999407 ], [ 7.21041666666622, 50.593749999999417 ], [ 7.21041666666622, 50.597916666666094 ], [ 7.214583333332884, 50.602083333332729 ], [ 7.214583333332882, 50.622916666666065 ], [ 7.21041666666622, 50.627083333332727 ], [ 7.21041666666622, 50.6437499999994 ], [ 7.21041666666622, 50.656249999999375 ], [ 7.193749999999483, 50.672916666666062 ], [ 7.181249999999523, 50.685416666666065 ], [ 7.181249999999523, 50.689583333332742 ], [ 7.164583333332816, 50.706249999999351 ], [ 7.160416666666152, 50.706249999999365 ], [ 7.152083333332826, 50.714583333332726 ], [ 7.143749999999501, 50.714583333332726 ], [ 7.139583333332866, 50.718749999999382 ], [ 7.127083333332878, 50.718749999999375 ], [ 7.122916666666214, 50.722916666666087 ], [ 7.118749999999467, 50.722916666666094 ], [ 7.114583333332803, 50.72708333333275 ], [ 7.114583333332803, 50.731249999999406 ], [ 7.110416666666167, 50.735416666666062 ], [ 7.110416666666169, 50.747916666666079 ], [ 7.102083333332843, 50.756249999999397 ], [ 7.09791666666618, 50.75624999999939 ], [ 7.093749999999518, 50.760416666666053 ], [ 7.085416666666219, 50.760416666666053 ], [ 7.081249999999557, 50.764583333332723 ], [ 7.077083333332809, 50.764583333332702 ], [ 7.072916666666146, 50.768749999999372 ], [ 7.068749999999484, 50.768749999999379 ], [ 7.06458333333282, 50.772916666666063 ], [ 7.056249999999524, 50.772916666666063 ], [ 7.047916666666198, 50.781249999999396 ], [ 7.043749999999535, 50.781249999999389 ], [ 7.039583333332787, 50.785416666666045 ], [ 7.031249999999489, 50.79374999999942 ], [ 7.031249999999489, 50.797916666666048 ], [ 7.031249999999489, 50.810416666666043 ], [ 7.022916666666164, 50.818749999999405 ], [ 7.0187499999995, 50.818749999999397 ], [ 7.014583333332839, 50.822916666666039 ], [ 6.997916666666215, 50.822916666666046 ], [ 6.993749999999552, 50.822916666666039 ], [ 6.981249999999505, 50.83541666666607 ], [ 6.981249999999506, 50.839583333332726 ], [ 6.989583333332804, 50.847916666666038 ], [ 6.997916666666215, 50.847916666666038 ], [ 7.002083333332878, 50.852083333332743 ], [ 7.00624999999954, 50.852083333332743 ], [ 7.010416666666174, 50.856249999999413 ], [ 7.014583333332838, 50.856249999999399 ], [ 7.027083333332826, 50.86874999999938 ], [ 7.035416666666151, 50.868749999999395 ], [ 7.039583333332786, 50.872916666666086 ], [ 7.043749999999535, 50.872916666666086 ], [ 7.047916666666197, 50.877083333332742 ], [ 7.047916666666197, 50.881249999999397 ], [ 7.052083333332861, 50.885416666666053 ], [ 7.047916666666197, 50.889583333332709 ], [ 7.043749999999535, 50.893749999999379 ], [ 7.039583333332786, 50.893749999999372 ], [ 7.00624999999954, 50.893749999999379 ], [ 7.002083333332877, 50.897916666666042 ], [ 6.993749999999552, 50.897916666666035 ], [ 6.977083333332843, 50.914583333332715 ], [ 6.977083333332843, 50.922916666666069 ], [ 6.972916666666181, 50.927083333332718 ], [ 6.968749999999517, 50.93124999999938 ], [ 6.968749999999517, 50.943749999999405 ], [ 6.993749999999552, 50.968749999999403 ], [ 6.997916666666215, 50.972916666666059 ], [ 6.993749999999552, 50.977083333332722 ], [ 6.989583333332804, 50.977083333332729 ], [ 6.98541666666614, 50.981249999999378 ], [ 6.981249999999505, 50.98124999999937 ], [ 6.964583333332855, 50.997916666666043 ], [ 6.964583333332855, 51.006249999999397 ], [ 6.972916666666181, 51.014583333332737 ], [ 6.97291666666618, 51.022916666666042 ], [ 6.964583333332855, 51.031249999999396 ], [ 6.960416666666191, 51.031249999999389 ], [ 6.952083333332809, 51.039583333332722 ], [ 6.943749999999484, 51.039583333332715 ], [ 6.939583333332822, 51.043749999999356 ], [ 6.935416666666158, 51.043749999999363 ], [ 6.931249999999523, 51.047916666666076 ], [ 6.927083333332859, 51.047916666666076 ], [ 6.922916666666198, 51.052083333332732 ], [ 6.918749999999534, 51.052083333332739 ], [ 6.914583333332871, 51.05624999999938 ], [ 6.910416666666208, 51.05624999999938 ], [ 6.906249999999461, 51.06041666666605 ], [ 6.902083333332827, 51.060416666666036 ], [ 6.897916666666164, 51.064583333332749 ], [ 6.893749999999501, 51.064583333332749 ], [ 6.889583333332838, 51.068749999999369 ], [ 6.881249999999511, 51.068749999999376 ], [ 6.872916666666214, 51.068749999999369 ], [ 6.868749999999552, 51.07291666666606 ], [ 6.864583333332888, 51.072916666666067 ], [ 6.856249999999478, 51.081249999999386 ], [ 6.856249999999478, 51.085416666666028 ], [ 6.860416666666226, 51.089583333332698 ], [ 6.868749999999551, 51.089583333332705 ], [ 6.881249999999511, 51.102083333332722 ], [ 6.881249999999511, 51.106249999999385 ], [ 6.881249999999511, 51.110416666666026 ], [ 6.877083333332878, 51.114583333332732 ], [ 6.872916666666214, 51.114583333332725 ], [ 6.860416666666226, 51.127083333332706 ], [ 6.852083333332843, 51.135416666666067 ], [ 6.852083333332843, 51.152083333332754 ], [ 6.856249999999478, 51.15624999999941 ], [ 6.852083333332843, 51.160416666666052 ], [ 6.831249999999529, 51.160416666666066 ], [ 6.81458333333282, 51.143749999999393 ], [ 6.802083333332832, 51.143749999999386 ], [ 6.797916666666197, 51.147916666666035 ], [ 6.793749999999535, 51.152083333332754 ], [ 6.793749999999535, 51.164583333332722 ], [ 6.797916666666197, 51.168749999999378 ], [ 6.797916666666197, 51.17291666666604 ], [ 6.785416666666209, 51.185416666666057 ], [ 6.756249999999513, 51.185416666666057 ], [ 6.752083333332847, 51.181249999999409 ], [ 6.74374999999955, 51.181249999999409 ], [ 6.735416666666225, 51.18958333333272 ], [ 6.731249999999563, 51.193749999999376 ], [ 6.731249999999563, 51.210416666666063 ], [ 6.727083333332815, 51.214583333332705 ], [ 6.727083333332814, 51.218749999999375 ], [ 6.722916666666179, 51.222916666666073 ], [ 6.727083333332814, 51.227083333332715 ], [ 6.747916666666214, 51.227083333332715 ], [ 6.752083333332847, 51.22291666666608 ], [ 6.760416666666175, 51.222916666666059 ], [ 6.764583333332839, 51.227083333332708 ], [ 6.768749999999501, 51.231249999999385 ], [ 6.768749999999501, 51.23541666666604 ], [ 6.760416666666174, 51.243749999999395 ], [ 6.756249999999513, 51.24791666666605 ], [ 6.752083333332849, 51.247916666666057 ], [ 6.747916666666214, 51.252083333332706 ], [ 6.739583333332888, 51.252083333332713 ], [ 6.735416666666226, 51.256249999999412 ], [ 6.722916666666181, 51.256249999999412 ], [ 6.718749999999517, 51.260416666666075 ], [ 6.714583333332855, 51.260416666666075 ], [ 6.706249999999527, 51.268749999999393 ], [ 6.706249999999528, 51.272916666666063 ], [ 6.706249999999528, 51.277083333332712 ], [ 6.710416666666191, 51.281249999999403 ], [ 6.722916666666181, 51.293749999999378 ], [ 6.731249999999562, 51.302083333332703 ], [ 6.731249999999562, 51.306249999999359 ], [ 6.735416666666226, 51.310416666666072 ], [ 6.735416666666225, 51.31458333333272 ], [ 6.735416666666226, 51.318749999999369 ], [ 6.727083333332814, 51.327083333332737 ], [ 6.72291666666618, 51.327083333332745 ], [ 6.718749999999517, 51.331249999999393 ], [ 6.714583333332853, 51.331249999999393 ], [ 6.710416666666191, 51.335416666666056 ], [ 6.706249999999529, 51.335416666666049 ], [ 6.702083333332866, 51.339583333332712 ], [ 6.693749999999484, 51.339583333332705 ], [ 6.68958333333282, 51.343749999999361 ], [ 6.672916666666168, 51.343749999999361 ], [ 6.668749999999536, 51.347916666666073 ], [ 6.664583333332872, 51.34791666666608 ], [ 6.656249999999546, 51.35624999999937 ], [ 6.656249999999546, 51.36041666666604 ], [ 6.660416666666208, 51.36458333333271 ], [ 6.664583333332872, 51.36458333333271 ], [ 6.668749999999534, 51.368749999999366 ], [ 6.681249999999495, 51.368749999999366 ], [ 6.685416666666158, 51.372916666666065 ], [ 6.693749999999484, 51.372916666666065 ], [ 6.714583333332855, 51.372916666666065 ], [ 6.718749999999517, 51.377083333332727 ], [ 6.722916666666181, 51.377083333332727 ], [ 6.735416666666225, 51.389583333332702 ], [ 6.74374999999955, 51.397916666666056 ], [ 6.743749999999552, 51.402083333332726 ], [ 6.743749999999552, 51.406249999999382 ], [ 6.714583333332855, 51.435416666666015 ], [ 6.714583333332855, 51.443749999999383 ], [ 6.718749999999517, 51.447916666666039 ], [ 6.718749999999517, 51.452083333332745 ], [ 6.722916666666179, 51.456249999999415 ], [ 6.72291666666618, 51.460416666666056 ], [ 6.714583333332855, 51.468749999999389 ], [ 6.702083333332866, 51.468749999999382 ], [ 6.697916666666117, 51.472916666666038 ], [ 6.68958333333282, 51.472916666666038 ], [ 6.681249999999495, 51.481249999999399 ], [ 6.68958333333282, 51.489583333332703 ], [ 6.697916666666117, 51.48958333333271 ], [ 6.702083333332866, 51.493749999999366 ], [ 6.714583333332853, 51.493749999999359 ], [ 6.722916666666181, 51.50208333333272 ], [ 6.72291666666618, 51.510416666666039 ], [ 6.718749999999517, 51.514583333332702 ], [ 6.714583333332854, 51.518749999999407 ], [ 6.710416666666191, 51.5187499999994 ], [ 6.706249999999529, 51.522916666666056 ], [ 6.702083333332865, 51.52291666666607 ], [ 6.697916666666117, 51.527083333332712 ], [ 6.689583333332821, 51.527083333332719 ], [ 6.681249999999494, 51.535416666666045 ], [ 6.681249999999495, 51.55208333333271 ], [ 6.685416666666157, 51.556249999999366 ], [ 6.685416666666158, 51.56874999999939 ], [ 6.681249999999495, 51.572916666666053 ], [ 6.677083333332831, 51.572916666666053 ], [ 6.672916666666167, 51.577083333332723 ], [ 6.647916666666134, 51.577083333332709 ], [ 6.643749999999501, 51.572916666666053 ], [ 6.635416666666174, 51.572916666666053 ], [ 6.631249999999513, 51.568749999999383 ], [ 6.606249999999562, 51.568749999999397 ], [ 6.6020833333329, 51.572916666666053 ], [ 6.602083333332901, 51.577083333332709 ], [ 6.597916666666152, 51.581249999999407 ], [ 6.597916666666152, 51.602083333332736 ], [ 6.593749999999489, 51.606249999999399 ], [ 6.593749999999489, 51.614583333332725 ], [ 6.593749999999489, 51.627083333332699 ], [ 6.597916666666152, 51.631249999999341 ], [ 6.597916666666151, 51.635416666666053 ], [ 6.606249999999562, 51.643749999999365 ], [ 6.6020833333329, 51.64791666666607 ], [ 6.597916666666152, 51.652083333332726 ], [ 6.593749999999489, 51.652083333332719 ], [ 6.589583333332855, 51.656249999999375 ], [ 6.585416666666192, 51.656249999999375 ], [ 6.581249999999529, 51.66041666666603 ], [ 6.568749999999454, 51.660416666666045 ], [ 6.518749999999472, 51.660416666666038 ], [ 6.497916666666186, 51.660416666666038 ], [ 6.493749999999523, 51.664583333332693 ], [ 6.489583333332861, 51.6645833333327 ], [ 6.485416666666226, 51.668749999999363 ], [ 6.472916666666152, 51.68124999999938 ], [ 6.472916666666152, 51.689583333332692 ], [ 6.464583333332826, 51.697916666666046 ], [ 6.460416666666192, 51.702083333332702 ], [ 6.456249999999527, 51.702083333332709 ], [ 6.452083333332866, 51.706249999999379 ], [ 6.439583333332792, 51.706249999999365 ], [ 6.435416666666157, 51.710416666666028 ], [ 6.418749999999506, 51.710416666666021 ], [ 6.410416666666181, 51.718749999999396 ], [ 6.410416666666181, 51.727083333332693 ], [ 6.422916666666168, 51.739583333332718 ], [ 6.422916666666169, 51.743749999999388 ], [ 6.414583333332843, 51.752083333332692 ], [ 6.410416666666181, 51.752083333332699 ], [ 6.406249999999546, 51.756249999999355 ], [ 6.343749999999574, 51.756249999999355 ], [ 6.335416666666163, 51.764583333332716 ], [ 6.335416666666164, 51.768749999999372 ], [ 6.327083333332866, 51.777083333332726 ], [ 6.327083333332865, 51.781249999999396 ], [ 6.302083333332831, 51.806249999999395 ], [ 6.297916666666169, 51.80624999999938 ], [ 6.293749999999506, 51.810416666666043 ], [ 6.285416666666181, 51.810416666666043 ], [ 6.281249999999518, 51.814583333332685 ], [ 6.277083333332883, 51.814583333332692 ], [ 6.272916666666219, 51.818749999999369 ], [ 6.268749999999558, 51.818749999999369 ], [ 6.264583333332895, 51.822916666666067 ], [ 6.256249999999483, 51.82291666666606 ], [ 6.252083333332848, 51.827083333332709 ], [ 6.214583333332912, 51.827083333332716 ], [ 6.210416666666164, 51.831249999999372 ], [ 6.19374999999954, 51.831249999999372 ], [ 6.189583333332878, 51.835416666666035 ], [ 6.177083333332889, 51.835416666666028 ], [ 6.172916666666169, 51.839583333332683 ], [ 6.164583333332844, 51.839583333332683 ], [ 6.160416666666181, 51.843749999999389 ], [ 6.147916666666221, 51.843749999999389 ], [ 6.143749999999558, 51.847916666666059 ], [ 6.097916666666208, 51.847916666666052 ], [ 6.093749999999575, 51.852083333332708 ], [ 6.085416666666164, 51.8520833333327 ], [ 6.077083333332837, 51.86041666666604 ], [ 6.072916666666175, 51.860416666666026 ], [ 6.06874999999954, 51.864583333332696 ], [ 6.060416666666215, 51.864583333332689 ], [ 6.056249999999552, 51.86874999999938 ], [ 6.04791666666614, 51.86874999999938 ], [ 6.043749999999506, 51.87291666666605 ], [ 6.039583333332843, 51.87291666666605 ], [ 6.031249999999518, 51.881249999999355 ], [ 6.031249999999518, 51.885416666666018 ], [ 6.014583333332895, 51.902083333332698 ], [ 6.00624999999957, 51.902083333332698 ], [ 6.002083333332906, 51.906249999999353 ], [ 5.993749999999496, 51.906249999999353 ], [ 5.989583333332861, 51.910416666666052 ], [ 5.96458333333291, 51.935416666666057 ], [ 5.964583333332913, 51.939583333332713 ], [ 5.956249999999501, 51.947916666666075 ], [ 5.952083333332839, 51.947916666666067 ], [ 5.947916666666173, 51.952083333332681 ], [ 5.943749999999512, 51.952083333332666 ], [ 5.927083333332888, 51.968749999999368 ], [ 5.918749999999478, 51.968749999999368 ], [ 5.914583333332843, 51.972916666666059 ], [ 5.910416666666181, 51.972916666666059 ], [ 5.906249999999518, 51.977083333332715 ], [ 5.902083333332854, 51.977083333332722 ], [ 5.897916666666192, 51.981249999999378 ], [ 5.877083333332905, 51.981249999999385 ], [ 5.872916666666243, 51.977083333332715 ], [ 5.868749999999495, 51.977083333332722 ], [ 5.860416666666197, 51.968749999999368 ], [ 5.847916666666206, 51.968749999999368 ], [ 5.843749999999546, 51.972916666666059 ], [ 5.822916666666173, 51.972916666666059 ], [ 5.818749999999512, 51.968749999999361 ], [ 5.810416666666186, 51.968749999999368 ], [ 5.806249999999553, 51.964583333332705 ], [ 5.802083333332888, 51.964583333332698 ], [ 5.797916666666224, 51.960416666666042 ], [ 5.764583333332864, 51.960416666666035 ], [ 5.760416666666202, 51.964583333332705 ], [ 5.756249999999569, 51.964583333332705 ], [ 5.752083333332905, 51.968749999999361 ], [ 5.743749999999497, 51.968749999999353 ], [ 5.72708333333287, 51.968749999999368 ], [ 5.722916666666209, 51.964583333332705 ], [ 5.718749999999546, 51.964583333332698 ], [ 5.702083333332923, 51.964583333332705 ], [ 5.697916666666176, 51.960416666666028 ], [ 5.67708333333289, 51.960416666666035 ], [ 5.672916666666225, 51.956249999999386 ], [ 5.668749999999562, 51.956249999999379 ], [ 5.664583333332899, 51.952083333332681 ], [ 5.643749999999529, 51.952083333332681 ], [ 5.639583333332866, 51.947916666666067 ], [ 5.635416666666203, 51.947916666666067 ], [ 5.63124999999954, 51.943749999999355 ], [ 5.627083333332878, 51.943749999999362 ], [ 5.622916666666243, 51.939583333332699 ], [ 5.61041666666617, 51.939583333332706 ], [ 5.606249999999507, 51.943749999999355 ], [ 5.597916666666208, 51.943749999999355 ], [ 5.593749999999546, 51.947916666666075 ], [ 5.585416666666219, 51.947916666666067 ], [ 5.581249999999558, 51.952083333332681 ], [ 5.564583333332849, 51.952083333332688 ], [ 5.560416666666187, 51.956249999999379 ], [ 5.552083333332861, 51.956249999999379 ], [ 5.543749999999561, 51.964583333332712 ], [ 5.539583333332901, 51.964583333332698 ], [ 5.535416666666238, 51.968749999999368 ], [ 5.527083333332826, 51.968749999999353 ], [ 5.522916666666192, 51.972916666666045 ], [ 5.510416666666202, 51.972916666666052 ], [ 5.50624999999954, 51.977083333332722 ], [ 5.502083333332878, 51.977083333332715 ], [ 5.497916666666216, 51.981249999999378 ], [ 5.464583333332881, 51.981249999999385 ], [ 5.46041666666622, 51.985416666666033 ], [ 5.431249999999523, 51.985416666666026 ], [ 5.42708333333286, 51.981249999999378 ], [ 5.422916666666196, 51.981249999999385 ], [ 5.418749999999535, 51.977083333332722 ], [ 5.410416666666238, 51.977083333332722 ], [ 5.406249999999573, 51.972916666666059 ], [ 5.385416666666203, 51.972916666666052 ], [ 5.360416666666169, 51.972916666666045 ], [ 5.356249999999505, 51.968749999999361 ], [ 5.34791666666618, 51.968749999999353 ], [ 5.339583333332882, 51.960416666666042 ], [ 5.335416666666219, 51.960416666666042 ], [ 5.331249999999558, 51.956249999999379 ], [ 5.314583333332847, 51.956249999999379 ], [ 5.310416666666185, 51.956249999999379 ], [ 5.306249999999524, 51.960416666666035 ], [ 5.293749999999535, 51.960416666666035 ], [ 5.289583333332873, 51.964583333332698 ], [ 5.2687499999995, 51.964583333332698 ], [ 5.264583333332838, 51.968749999999368 ], [ 5.25624999999954, 51.968749999999361 ], [ 5.247916666666215, 51.977083333332722 ] ] } },
{ "type": "Feature", "properties": { "river": "Neckar" }, "geometry": { "type": "LineString", "coordinates": [ [ 8.391666666666168, 48.160416666666087 ], [ 8.410416666666123, 48.160416666666087 ], [ 8.414583333332871, 48.156249999999439 ], [ 8.43958333333282, 48.156249999999446 ], [ 8.443749999999483, 48.152083333332776 ], [ 8.456249999999528, 48.152083333332769 ], [ 8.460416666666191, 48.156249999999432 ], [ 8.468749999999519, 48.156249999999439 ], [ 8.489583333332803, 48.156249999999432 ], [ 8.493749999999466, 48.152083333332776 ], [ 8.4979166666661, 48.152083333332769 ], [ 8.510416666666174, 48.139583333332801 ], [ 8.53124999999946, 48.139583333332801 ], [ 8.535416666666123, 48.143749999999407 ], [ 8.539583333332786, 48.143749999999415 ], [ 8.543749999999449, 48.147916666666113 ], [ 8.547916666666111, 48.147916666666113 ], [ 8.552083333332831, 48.143749999999415 ], [ 8.560416666666157, 48.143749999999429 ], [ 8.564583333332822, 48.139583333332808 ], [ 8.57708333333278, 48.139583333332808 ], [ 8.589583333332854, 48.127083333332784 ], [ 8.602083333332814, 48.127083333332777 ], [ 8.614583333332803, 48.139583333332808 ], [ 8.627083333332791, 48.139583333332808 ], [ 8.635416666666174, 48.14791666666612 ], [ 8.635416666666174, 48.152083333332769 ], [ 8.6437499999995, 48.160416666666087 ], [ 8.639583333332837, 48.164583333332743 ], [ 8.635416666666174, 48.16458333333275 ], [ 8.631249999999511, 48.168749999999456 ], [ 8.631249999999511, 48.172916666666111 ], [ 8.627083333332791, 48.177083333332767 ], [ 8.622916666666129, 48.177083333332767 ], [ 8.622916666666129, 48.18124999999943 ], [ 8.627083333332791, 48.185416666666093 ], [ 8.622916666666129, 48.189583333332742 ], [ 8.622916666666129, 48.193749999999447 ], [ 8.61041666666614, 48.206249999999457 ], [ 8.61041666666614, 48.210416666666113 ], [ 8.61041666666614, 48.214583333332776 ], [ 8.606249999999477, 48.218749999999432 ], [ 8.602083333332814, 48.218749999999439 ], [ 8.59791666666618, 48.222916666666102 ], [ 8.602083333332814, 48.22708333333275 ], [ 8.606249999999477, 48.22708333333275 ], [ 8.61041666666614, 48.231249999999456 ], [ 8.606249999999477, 48.235416666666126 ], [ 8.606249999999477, 48.239583333332767 ], [ 8.602083333332814, 48.243749999999437 ], [ 8.602083333332814, 48.247916666666093 ], [ 8.602083333332814, 48.252083333332763 ], [ 8.606249999999477, 48.256249999999447 ], [ 8.606249999999477, 48.260416666666103 ], [ 8.602083333332814, 48.264583333332766 ], [ 8.602083333332814, 48.272916666666127 ], [ 8.593749999999517, 48.281249999999439 ], [ 8.589583333332854, 48.281249999999432 ], [ 8.585416666666193, 48.285416666666102 ], [ 8.581249999999443, 48.285416666666102 ], [ 8.57708333333278, 48.289583333332757 ], [ 8.57708333333278, 48.293749999999406 ], [ 8.57708333333278, 48.302083333332781 ], [ 8.572916666666146, 48.306249999999423 ], [ 8.572916666666146, 48.314583333332756 ], [ 8.57708333333278, 48.318749999999412 ], [ 8.585416666666193, 48.318749999999412 ], [ 8.589583333332854, 48.32291666666611 ], [ 8.589583333332854, 48.335416666666127 ], [ 8.593749999999517, 48.339583333332797 ], [ 8.593749999999517, 48.347916666666094 ], [ 8.59791666666618, 48.352083333332772 ], [ 8.602083333332814, 48.352083333332757 ], [ 8.606249999999477, 48.356249999999413 ], [ 8.618749999999466, 48.35624999999942 ], [ 8.622916666666129, 48.360416666666126 ], [ 8.627083333332791, 48.360416666666126 ], [ 8.631249999999511, 48.364583333332781 ], [ 8.639583333332837, 48.364583333332789 ], [ 8.6437499999995, 48.368749999999444 ], [ 8.652083333332827, 48.368749999999437 ], [ 8.65624999999946, 48.372916666666093 ], [ 8.664583333332786, 48.372916666666093 ], [ 8.67708333333286, 48.385416666666067 ], [ 8.664583333332786, 48.397916666666092 ], [ 8.660416666666123, 48.397916666666084 ], [ 8.65624999999946, 48.393749999999436 ], [ 8.652083333332827, 48.393749999999429 ], [ 8.647916666666163, 48.397916666666092 ], [ 8.6437499999995, 48.397916666666084 ], [ 8.639583333332837, 48.40208333333279 ], [ 8.639583333332837, 48.410416666666087 ], [ 8.635416666666174, 48.41458333333275 ], [ 8.635416666666174, 48.418749999999434 ], [ 8.639583333332837, 48.422916666666069 ], [ 8.647916666666163, 48.422916666666083 ], [ 8.652083333332827, 48.427083333332774 ], [ 8.660416666666123, 48.427083333332781 ], [ 8.668749999999449, 48.435416666666086 ], [ 8.672916666666111, 48.435416666666093 ], [ 8.681249999999496, 48.443749999999419 ], [ 8.693749999999483, 48.443749999999419 ], [ 8.697916666666146, 48.447916666666096 ], [ 8.706249999999443, 48.447916666666103 ], [ 8.710416666666106, 48.443749999999412 ], [ 8.714583333332854, 48.443749999999412 ], [ 8.72291666666618, 48.452083333332773 ], [ 8.73541666666614, 48.452083333332759 ], [ 8.743749999999466, 48.452083333332773 ], [ 8.747916666666129, 48.456249999999436 ], [ 8.752083333332791, 48.456249999999422 ], [ 8.75624999999954, 48.452083333332773 ], [ 8.764583333332837, 48.452083333332766 ], [ 8.768749999999502, 48.447916666666103 ], [ 8.777083333332826, 48.447916666666103 ], [ 8.789583333332786, 48.44791666666611 ], [ 8.793749999999449, 48.443749999999412 ], [ 8.822916666666146, 48.443749999999419 ], [ 8.827083333332808, 48.447916666666103 ], [ 8.831249999999471, 48.447916666666103 ], [ 8.839583333332769, 48.439583333332756 ], [ 8.84791666666618, 48.447916666666103 ], [ 8.856249999999507, 48.44791666666611 ], [ 8.860416666666168, 48.452083333332766 ], [ 8.868749999999466, 48.452083333332773 ], [ 8.877083333332791, 48.460416666666099 ], [ 8.897916666666163, 48.460416666666099 ], [ 8.902083333332826, 48.464583333332783 ], [ 8.906249999999488, 48.46874999999946 ], [ 8.922916666666111, 48.468749999999453 ], [ 8.92708333333286, 48.472916666666109 ], [ 8.939583333332848, 48.472916666666116 ], [ 8.943749999999483, 48.477083333332757 ], [ 8.960416666666134, 48.47708333333275 ], [ 8.964583333332797, 48.481249999999427 ], [ 8.972916666666094, 48.481249999999427 ], [ 8.977083333332843, 48.485416666666083 ], [ 8.981249999999505, 48.489583333332732 ], [ 8.985416666666168, 48.489583333332739 ], [ 8.989583333332831, 48.485416666666083 ], [ 8.993749999999466, 48.489583333332732 ], [ 8.997916666666129, 48.489583333332739 ], [ 9.002083333332791, 48.493749999999444 ], [ 9.006249999999454, 48.493749999999437 ], [ 9.014583333332865, 48.502083333332749 ], [ 9.022916666666163, 48.502083333332756 ], [ 9.027083333332826, 48.497916666666107 ], [ 9.031249999999488, 48.502083333332749 ], [ 9.039583333332816, 48.502083333332763 ], [ 9.05208333333286, 48.514583333332723 ], [ 9.056249999999437, 48.514583333332716 ], [ 9.060416666666187, 48.518749999999429 ], [ 9.064583333332848, 48.514583333332716 ], [ 9.068749999999511, 48.514583333332723 ], [ 9.072916666666146, 48.518749999999436 ], [ 9.085416666666134, 48.518749999999443 ], [ 9.09374999999946, 48.52708333333274 ], [ 9.097916666666094, 48.527083333332747 ], [ 9.102083333332757, 48.531249999999453 ], [ 9.106249999999505, 48.531249999999453 ], [ 9.110416666666168, 48.535416666666116 ], [ 9.139583333332865, 48.535416666666116 ], [ 9.143749999999528, 48.539583333332764 ], [ 9.152083333332826, 48.539583333332757 ], [ 9.15624999999949, 48.543749999999427 ], [ 9.164583333332814, 48.54374999999942 ], [ 9.168749999999477, 48.547916666666097 ], [ 9.17291666666614, 48.547916666666083 ], [ 9.181249999999437, 48.54791666666609 ], [ 9.185416666666185, 48.552083333332767 ], [ 9.189583333332848, 48.552083333332774 ], [ 9.193749999999511, 48.556249999999444 ], [ 9.197916666666174, 48.556249999999451 ], [ 9.202083333332808, 48.552083333332774 ], [ 9.214583333332797, 48.552083333332774 ], [ 9.21874999999946, 48.556249999999444 ], [ 9.21874999999946, 48.5604166666661 ], [ 9.227083333332786, 48.568749999999419 ], [ 9.227083333332786, 48.572916666666075 ], [ 9.235416666666168, 48.581249999999386 ], [ 9.23124999999942, 48.585416666666106 ], [ 9.23124999999942, 48.589583333332754 ], [ 9.235416666666168, 48.59374999999941 ], [ 9.239583333332831, 48.59374999999941 ], [ 9.243749999999496, 48.597916666666116 ], [ 9.25208333333282, 48.597916666666116 ], [ 9.268749999999528, 48.614583333332753 ], [ 9.277083333332854, 48.614583333332753 ], [ 9.281249999999488, 48.618749999999409 ], [ 9.293749999999477, 48.618749999999402 ], [ 9.29791666666614, 48.614583333332753 ], [ 9.3104166666661, 48.614583333332753 ], [ 9.318749999999511, 48.622916666666114 ], [ 9.327083333332837, 48.622916666666107 ], [ 9.331249999999471, 48.627083333332763 ], [ 9.331249999999471, 48.635416666666082 ], [ 9.335416666666134, 48.639583333332759 ], [ 9.347916666666123, 48.639583333332752 ], [ 9.360416666666083, 48.652083333332762 ], [ 9.360416666666083, 48.656249999999417 ], [ 9.364583333332829, 48.660416666666109 ], [ 9.364583333332831, 48.672916666666083 ], [ 9.372916666666157, 48.681249999999459 ], [ 9.37708333333282, 48.681249999999459 ], [ 9.385416666666117, 48.68958333333277 ], [ 9.397916666666106, 48.689583333332763 ], [ 9.402083333332854, 48.693749999999426 ], [ 9.406249999999517, 48.693749999999419 ], [ 9.418749999999477, 48.706249999999407 ], [ 9.414583333332814, 48.710416666666084 ], [ 9.410416666666151, 48.710416666666099 ], [ 9.406249999999517, 48.714583333332754 ], [ 9.402083333332854, 48.714583333332762 ], [ 9.397916666666106, 48.718749999999432 ], [ 9.360416666666083, 48.718749999999417 ], [ 9.356249999999447, 48.718749999999424 ], [ 9.352083333332786, 48.72291666666608 ], [ 9.347916666666123, 48.718749999999432 ], [ 9.34374999999946, 48.722916666666073 ], [ 9.339583333332797, 48.718749999999424 ], [ 9.335416666666132, 48.722916666666073 ], [ 9.331249999999471, 48.722916666666073 ], [ 9.327083333332837, 48.727083333332772 ], [ 9.322916666666174, 48.727083333332772 ], [ 9.318749999999511, 48.731249999999434 ], [ 9.314583333332848, 48.731249999999427 ], [ 9.3104166666661, 48.735416666666083 ], [ 9.302083333332803, 48.735416666666083 ], [ 9.29791666666614, 48.739583333332753 ], [ 9.281249999999488, 48.73958333333276 ], [ 9.272916666666191, 48.747916666666107 ], [ 9.268749999999528, 48.7479166666661 ], [ 9.264583333332867, 48.75208333333277 ], [ 9.264583333332867, 48.756249999999426 ], [ 9.260416666666117, 48.760416666666089 ], [ 9.260416666666117, 48.764583333332737 ], [ 9.256249999999454, 48.768749999999457 ], [ 9.247916666666157, 48.777083333332754 ], [ 9.243749999999496, 48.777083333332762 ], [ 9.239583333332831, 48.781249999999432 ], [ 9.235416666666168, 48.781249999999424 ], [ 9.227083333332786, 48.789583333332736 ], [ 9.222916666666123, 48.789583333332743 ], [ 9.210416666666134, 48.802083333332746 ], [ 9.222916666666123, 48.81458333333277 ], [ 9.222916666666123, 48.822916666666089 ], [ 9.21874999999946, 48.822916666666096 ], [ 9.214583333332797, 48.82708333333273 ], [ 9.214583333332797, 48.8312499999994 ], [ 9.222916666666123, 48.839583333332762 ], [ 9.23124999999942, 48.839583333332762 ], [ 9.235416666666168, 48.843749999999417 ], [ 9.239583333332831, 48.843749999999424 ], [ 9.243749999999496, 48.847916666666094 ], [ 9.243749999999496, 48.85208333333275 ], [ 9.247916666666157, 48.856249999999449 ], [ 9.256249999999454, 48.86458333333276 ], [ 9.260416666666117, 48.864583333332774 ], [ 9.264583333332867, 48.868749999999416 ], [ 9.268749999999528, 48.868749999999409 ], [ 9.272916666666191, 48.872916666666121 ], [ 9.277083333332854, 48.877083333332784 ], [ 9.277083333332854, 48.881249999999433 ], [ 9.264583333332867, 48.893749999999407 ], [ 9.260416666666117, 48.89791666666607 ], [ 9.260416666666117, 48.902083333332776 ], [ 9.25208333333282, 48.910416666666087 ], [ 9.239583333332831, 48.91041666666608 ], [ 9.235416666666168, 48.90624999999941 ], [ 9.222916666666123, 48.906249999999417 ], [ 9.214583333332797, 48.914583333332743 ], [ 9.214583333332797, 48.918749999999392 ], [ 9.222916666666123, 48.927083333332753 ], [ 9.239583333332831, 48.92708333333276 ], [ 9.243749999999496, 48.931249999999416 ], [ 9.247916666666157, 48.931249999999423 ], [ 9.25208333333282, 48.935416666666065 ], [ 9.25208333333282, 48.94374999999944 ], [ 9.247916666666157, 48.947916666666089 ], [ 9.21874999999946, 48.947916666666089 ], [ 9.214583333332797, 48.943749999999433 ], [ 9.197916666666174, 48.943749999999433 ], [ 9.193749999999511, 48.94374999999944 ], [ 9.189583333332848, 48.947916666666103 ], [ 9.189583333332848, 48.956249999999422 ], [ 9.214583333332797, 48.981249999999406 ], [ 9.206249999999471, 48.989583333332774 ], [ 9.206249999999471, 48.997916666666079 ], [ 9.202083333332808, 49.002083333332742 ], [ 9.189583333332848, 48.989583333332767 ], [ 9.177083333332774, 48.989583333332767 ], [ 9.17291666666614, 48.993749999999423 ], [ 9.17291666666614, 48.997916666666086 ], [ 9.164583333332814, 49.006249999999433 ], [ 9.160416666666151, 49.006249999999447 ], [ 9.15624999999949, 49.010416666666089 ], [ 9.15624999999949, 49.014583333332752 ], [ 9.15624999999949, 49.022916666666063 ], [ 9.152083333332826, 49.02708333333274 ], [ 9.152083333332826, 49.043749999999413 ], [ 9.15624999999949, 49.047916666666083 ], [ 9.160416666666151, 49.047916666666069 ], [ 9.164583333332814, 49.043749999999406 ], [ 9.168749999999477, 49.043749999999413 ], [ 9.177083333332774, 49.052083333332767 ], [ 9.177083333332774, 49.060416666666086 ], [ 9.164583333332814, 49.072916666666096 ], [ 9.168749999999477, 49.077083333332752 ], [ 9.177083333332774, 49.085416666666077 ], [ 9.17291666666614, 49.089583333332733 ], [ 9.168749999999477, 49.089583333332733 ], [ 9.164583333332814, 49.093749999999424 ], [ 9.160416666666151, 49.093749999999446 ], [ 9.152083333332826, 49.10208333333275 ], [ 9.152083333332826, 49.110416666666076 ], [ 9.160416666666151, 49.11874999999943 ], [ 9.181249999999437, 49.118749999999423 ], [ 9.189583333332848, 49.11874999999943 ], [ 9.197916666666174, 49.127083333332742 ], [ 9.197916666666174, 49.131249999999447 ], [ 9.202083333332808, 49.13541666666611 ], [ 9.202083333332808, 49.143749999999415 ], [ 9.206249999999471, 49.14791666666607 ], [ 9.206249999999471, 49.168749999999413 ], [ 9.210416666666134, 49.172916666666076 ], [ 9.210416666666134, 49.18124999999938 ], [ 9.214583333332797, 49.185416666666086 ], [ 9.214583333332797, 49.193749999999405 ], [ 9.214583333332797, 49.210416666666077 ], [ 9.202083333332808, 49.222916666666094 ], [ 9.197916666666174, 49.227083333332757 ], [ 9.193749999999511, 49.227083333332757 ], [ 9.189583333332848, 49.231249999999406 ], [ 9.181249999999437, 49.231249999999406 ], [ 9.164583333332814, 49.231249999999406 ], [ 9.160416666666151, 49.235416666666069 ], [ 9.160416666666151, 49.256249999999419 ], [ 9.152083333332826, 49.264583333332759 ], [ 9.152083333332826, 49.28124999999941 ], [ 9.147916666666193, 49.285416666666066 ], [ 9.139583333332865, 49.285416666666059 ], [ 9.135416666666117, 49.289583333332757 ], [ 9.139583333332865, 49.293749999999427 ], [ 9.147916666666193, 49.29374999999942 ], [ 9.152083333332826, 49.297916666666076 ], [ 9.152083333332826, 49.302083333332739 ], [ 9.139583333332865, 49.314583333332749 ], [ 9.131249999999454, 49.314583333332742 ], [ 9.127083333332791, 49.318749999999412 ], [ 9.118749999999494, 49.318749999999412 ], [ 9.114583333332831, 49.322916666666067 ], [ 9.110416666666168, 49.322916666666067 ], [ 9.097916666666094, 49.335416666666077 ], [ 9.097916666666094, 49.347916666666109 ], [ 9.097916666666094, 49.35624999999942 ], [ 9.089583333332797, 49.364583333332739 ], [ 9.085416666666134, 49.364583333332746 ], [ 9.081249999999471, 49.368749999999395 ], [ 9.072916666666146, 49.368749999999395 ], [ 9.068749999999511, 49.364583333332732 ], [ 9.056249999999437, 49.364583333332739 ], [ 9.05208333333286, 49.368749999999402 ], [ 9.056249999999437, 49.37291666666605 ], [ 9.060416666666187, 49.372916666666065 ], [ 9.064583333332848, 49.377083333332763 ], [ 9.068749999999511, 49.377083333332756 ], [ 9.072916666666146, 49.381249999999426 ], [ 9.077083333332808, 49.381249999999419 ], [ 9.081249999999471, 49.385416666666075 ], [ 9.068749999999511, 49.397916666666106 ], [ 9.064583333332848, 49.402083333332747 ], [ 9.060416666666187, 49.402083333332733 ], [ 9.056249999999437, 49.406249999999417 ], [ 9.047916666666111, 49.406249999999417 ], [ 9.035416666666151, 49.418749999999413 ], [ 9.022916666666163, 49.418749999999434 ], [ 9.0187499999995, 49.414583333332757 ], [ 9.006249999999454, 49.414583333332757 ], [ 9.002083333332791, 49.41874999999942 ], [ 9.002083333332791, 49.431249999999402 ], [ 9.006249999999454, 49.435416666666093 ], [ 9.006249999999454, 49.443749999999405 ], [ 8.993749999999466, 49.456249999999443 ], [ 8.989583333332831, 49.456249999999436 ], [ 8.985416666666168, 49.460416666666092 ], [ 8.981249999999505, 49.460416666666099 ], [ 8.968749999999432, 49.460416666666099 ], [ 8.960416666666134, 49.460416666666092 ], [ 8.956249999999471, 49.456249999999436 ], [ 8.952083333332808, 49.456249999999429 ], [ 8.947916666666146, 49.452083333332737 ], [ 8.935416666666185, 49.452083333332745 ], [ 8.931249999999523, 49.447916666666075 ], [ 8.92708333333286, 49.447916666666067 ], [ 8.918749999999449, 49.439583333332706 ], [ 8.910416666666151, 49.439583333332706 ], [ 8.902083333332826, 49.447916666666082 ], [ 8.897916666666163, 49.443749999999405 ], [ 8.897916666666163, 49.431249999999395 ], [ 8.881249999999454, 49.414583333332764 ], [ 8.877083333332791, 49.414583333332764 ], [ 8.868749999999466, 49.406249999999417 ], [ 8.864583333332803, 49.40624999999941 ], [ 8.856249999999507, 49.397916666666099 ], [ 8.84791666666618, 49.397916666666106 ], [ 8.839583333332769, 49.40624999999941 ], [ 8.831249999999471, 49.40624999999941 ], [ 8.827083333332808, 49.40208333333274 ], [ 8.818749999999483, 49.393749999999429 ], [ 8.80208333333286, 49.393749999999443 ], [ 8.797916666666111, 49.397916666666099 ], [ 8.789583333332786, 49.397916666666099 ], [ 8.785416666666123, 49.393749999999443 ], [ 8.781249999999488, 49.393749999999443 ], [ 8.777083333332826, 49.397916666666099 ], [ 8.777083333332826, 49.40208333333274 ], [ 8.781249999999488, 49.406249999999417 ], [ 8.772916666666163, 49.414583333332764 ], [ 8.760416666666089, 49.414583333332764 ], [ 8.75624999999954, 49.418749999999427 ], [ 8.752083333332791, 49.414583333332764 ], [ 8.743749999999466, 49.414583333332757 ], [ 8.739583333332803, 49.41874999999942 ], [ 8.72291666666618, 49.418749999999427 ], [ 8.718749999999517, 49.414583333332764 ], [ 8.685416666666157, 49.414583333332764 ], [ 8.681249999999496, 49.410416666666073 ], [ 8.668749999999449, 49.41041666666608 ], [ 8.664583333332786, 49.410416666666073 ], [ 8.652083333332827, 49.422916666666083 ], [ 8.652083333332827, 49.431249999999402 ], [ 8.6437499999995, 49.439583333332713 ], [ 8.631249999999511, 49.439583333332713 ], [ 8.627083333332791, 49.443749999999419 ], [ 8.622916666666129, 49.443749999999419 ], [ 8.618749999999466, 49.447916666666075 ], [ 8.614583333332803, 49.45208333333273 ], [ 8.614583333332803, 49.456249999999429 ], [ 8.602083333332814, 49.468749999999403 ], [ 8.59791666666618, 49.468749999999403 ], [ 8.593749999999517, 49.47291666666608 ], [ 8.589583333332854, 49.472916666666073 ], [ 8.57708333333278, 49.472916666666073 ], [ 8.572916666666146, 49.468749999999403 ], [ 8.564583333332822, 49.468749999999403 ], [ 8.556249999999494, 49.477083333332743 ], [ 8.547916666666111, 49.477083333332729 ], [ 8.539583333332786, 49.477083333332736 ], [ 8.527083333332797, 49.477083333332729 ], [ 8.5187499999995, 49.48541666666609 ], [ 8.502083333332848, 49.48541666666609 ], [ 8.4979166666661, 49.489583333332753 ], [ 8.481249999999477, 49.489583333332753 ], [ 8.477083333332816, 49.493749999999395 ], [ 8.468749999999519, 49.493749999999402 ], [ 8.464583333332854, 49.497916666666072 ], [ 8.460416666666191, 49.497916666666065 ], [ 8.456249999999528, 49.502083333332763 ], [ 8.452083333332865, 49.50208333333277 ], [ 8.447916666666117, 49.506249999999412 ], [ 8.443749999999483, 49.506249999999419 ], [ 8.43958333333282, 49.510416666666067 ] ] } },
{ "type": "Feature", "properties": { "river": "Main" }, "geometry": { "type": "LineString", "coordinates": [ [ 10.43333333333274, 49.410416666666073 ], [ 10.443749999999483, 49.410416666666073 ], [ 10.447916666666146, 49.406249999999417 ], [ 10.46874999999943, 49.40624999999941 ], [ 10.493749999999466, 49.381249999999426 ], [ 10.493749999999466, 49.377083333332756 ], [ 10.489583333332803, 49.372916666666057 ], [ 10.489583333332803, 49.368749999999395 ], [ 10.493749999999466, 49.364583333332739 ], [ 10.493749999999466, 49.360416666666076 ], [ 10.506249999999426, 49.347916666666102 ], [ 10.506249999999426, 49.343749999999417 ], [ 10.514583333332752, 49.335416666666077 ], [ 10.518749999999498, 49.335416666666077 ], [ 10.527083333332826, 49.327083333332766 ], [ 10.531249999999458, 49.327083333332773 ], [ 10.539583333332786, 49.318749999999419 ], [ 10.547916666666111, 49.318749999999419 ], [ 10.552083333332774, 49.314583333332756 ], [ 10.556249999999437, 49.314583333332756 ], [ 10.564583333332822, 49.306249999999409 ], [ 10.572916666666146, 49.306249999999402 ], [ 10.577083333332808, 49.302083333332739 ], [ 10.585416666666106, 49.302083333332746 ], [ 10.589583333332769, 49.297916666666069 ], [ 10.59374999999943, 49.297916666666069 ], [ 10.597916666666094, 49.293749999999413 ], [ 10.602083333332757, 49.29374999999942 ], [ 10.60624999999942, 49.289583333332772 ], [ 10.61041666666614, 49.289583333332764 ], [ 10.614583333332803, 49.285416666666059 ], [ 10.631249999999453, 49.285416666666052 ], [ 10.635416666666117, 49.28124999999941 ], [ 10.672916666666111, 49.281249999999403 ], [ 10.677083333332774, 49.277083333332747 ], [ 10.681249999999437, 49.281249999999403 ], [ 10.697916666666146, 49.28124999999941 ], [ 10.702083333332808, 49.277083333332747 ], [ 10.71874999999943, 49.277083333332747 ], [ 10.722916666666093, 49.272916666666077 ], [ 10.743749999999466, 49.272916666666092 ], [ 10.747916666666129, 49.268749999999429 ], [ 10.760416666666117, 49.268749999999429 ], [ 10.76458333333278, 49.264583333332766 ], [ 10.785416666666151, 49.264583333332759 ], [ 10.793749999999449, 49.256249999999412 ], [ 10.797916666666111, 49.256249999999412 ], [ 10.802083333332774, 49.252083333332756 ], [ 10.818749999999397, 49.252083333332749 ], [ 10.82708333333281, 49.243749999999437 ], [ 10.831249999999471, 49.24374999999943 ], [ 10.839583333332797, 49.235416666666069 ], [ 10.84374999999946, 49.235416666666069 ], [ 10.847916666666094, 49.231249999999413 ], [ 10.864583333332831, 49.231249999999413 ], [ 10.872916666666129, 49.222916666666087 ], [ 10.881249999999454, 49.222916666666102 ], [ 10.88958333333278, 49.214583333332754 ], [ 10.897916666666077, 49.206249999999422 ], [ 10.885416666666117, 49.193749999999405 ], [ 10.889583333332778, 49.189583333332756 ], [ 10.893749999999443, 49.185416666666093 ], [ 10.910416666666151, 49.185416666666086 ], [ 10.914583333332814, 49.18124999999938 ], [ 10.918749999999477, 49.181249999999388 ], [ 10.922916666666111, 49.177083333332732 ], [ 10.960416666666134, 49.177083333332732 ], [ 10.964583333332797, 49.172916666666076 ], [ 10.985416666666167, 49.172916666666069 ], [ 10.989583333332833, 49.177083333332732 ], [ 11.002083333332791, 49.177083333332739 ], [ 11.010416666666117, 49.185416666666093 ], [ 11.01458333333278, 49.185416666666093 ], [ 11.018749999999441, 49.189583333332756 ], [ 11.022916666666104, 49.189583333332749 ], [ 11.027083333332738, 49.19374999999939 ], [ 11.035416666666151, 49.193749999999412 ], [ 11.039583333332812, 49.197916666666103 ], [ 11.043749999999477, 49.19791666666611 ], [ 11.0604166666661, 49.214583333332754 ], [ 11.064583333332763, 49.214583333332747 ], [ 11.064583333332763, 49.218749999999439 ], [ 11.068749999999426, 49.222916666666094 ], [ 11.068749999999426, 49.227083333332757 ], [ 11.072916666666087, 49.231249999999399 ], [ 11.077083333332752, 49.231249999999406 ], [ 11.085416666666049, 49.239583333332739 ], [ 11.085416666666051, 49.2479166666661 ], [ 11.081249999999388, 49.252083333332763 ], [ 11.081249999999388, 49.26041666666611 ], [ 11.077083333332752, 49.264583333332766 ], [ 11.077083333332752, 49.277083333332747 ], [ 11.077083333332752, 49.285416666666059 ], [ 11.072916666666089, 49.289583333332772 ], [ 11.07708333333275, 49.29374999999942 ], [ 11.077083333332752, 49.302083333332732 ], [ 11.07708333333275, 49.306249999999395 ], [ 11.07708333333275, 49.322916666666067 ], [ 11.064583333332763, 49.335416666666077 ], [ 11.056249999999435, 49.343749999999396 ], [ 11.052083333332803, 49.347916666666109 ], [ 11.052083333332803, 49.352083333332757 ], [ 11.04791666666614, 49.35624999999942 ], [ 11.047916666666138, 49.360416666666076 ], [ 11.043749999999477, 49.364583333332739 ], [ 11.039583333332812, 49.364583333332739 ], [ 11.035416666666151, 49.368749999999395 ], [ 11.035416666666151, 49.372916666666065 ], [ 11.027083333332738, 49.381249999999426 ], [ 11.02708333333274, 49.385416666666075 ], [ 11.031249999999403, 49.38958333333273 ], [ 11.031249999999403, 49.397916666666106 ], [ 11.006249999999453, 49.422916666666083 ], [ 11.002083333332791, 49.427083333332739 ], [ 10.997916666666155, 49.427083333332732 ], [ 10.993749999999494, 49.431249999999395 ], [ 10.985416666666168, 49.439583333332706 ], [ 10.98541666666617, 49.447916666666089 ], [ 10.985416666666168, 49.456249999999429 ], [ 10.981249999999418, 49.460416666666099 ], [ 10.98124999999942, 49.48124999999942 ], [ 10.985416666666168, 49.48541666666609 ], [ 10.985416666666168, 49.493749999999402 ], [ 10.977083333332757, 49.50208333333277 ], [ 10.972916666666123, 49.50208333333277 ], [ 10.972916666666123, 49.514583333332745 ], [ 10.972916666666121, 49.518749999999386 ], [ 10.96874999999946, 49.522916666666099 ], [ 10.977083333332757, 49.53124999999941 ], [ 10.977083333332757, 49.552083333332746 ], [ 10.985416666666168, 49.560416666666057 ], [ 10.985416666666168, 49.564583333332727 ], [ 10.981249999999418, 49.568749999999426 ], [ 10.98124999999942, 49.572916666666082 ], [ 10.98124999999942, 49.581249999999407 ], [ 10.985416666666168, 49.585416666666056 ], [ 10.98541666666617, 49.589583333332754 ], [ 10.993749999999494, 49.597916666666066 ], [ 10.993749999999494, 49.606249999999434 ], [ 10.993749999999494, 49.61041666666609 ], [ 10.997916666666157, 49.614583333332753 ], [ 10.997916666666157, 49.618749999999423 ], [ 11.002083333332791, 49.622916666666065 ], [ 11.002083333332791, 49.62708333333277 ], [ 11.006249999999454, 49.631249999999433 ], [ 11.006249999999453, 49.635416666666075 ], [ 11.01458333333278, 49.643749999999407 ], [ 11.018749999999443, 49.6437499999994 ], [ 11.022916666666106, 49.647916666666049 ], [ 11.022916666666106, 49.660416666666094 ], [ 11.03541666666615, 49.672916666666097 ], [ 11.043749999999477, 49.681249999999409 ], [ 11.043749999999477, 49.685416666666079 ], [ 11.043749999999475, 49.68958333333272 ], [ 11.052083333332803, 49.697916666666096 ], [ 11.052083333332803, 49.706249999999407 ], [ 11.052083333332803, 49.735416666666097 ], [ 11.04791666666614, 49.739583333332746 ], [ 11.047916666666138, 49.752083333332735 ], [ 11.035416666666151, 49.764583333332752 ], [ 11.02708333333274, 49.772916666666063 ], [ 11.022916666666106, 49.77291666666607 ], [ 11.01458333333278, 49.781249999999375 ], [ 11.010416666666117, 49.78541666666608 ], [ 10.985416666666167, 49.810416666666072 ], [ 10.972916666666123, 49.810416666666065 ], [ 10.96874999999946, 49.814583333332749 ], [ 10.943749999999424, 49.839583333332719 ], [ 10.939583333332761, 49.843749999999382 ], [ 10.939583333332761, 49.847916666666073 ], [ 10.931249999999437, 49.856249999999413 ], [ 10.931249999999437, 49.860416666666104 ], [ 10.918749999999475, 49.872916666666072 ], [ 10.897916666666077, 49.893749999999429 ], [ 10.893749999999443, 49.893749999999415 ], [ 10.889583333332778, 49.897916666666063 ], [ 10.885416666666115, 49.897916666666077 ], [ 10.881249999999454, 49.902083333332733 ], [ 10.872916666666129, 49.902083333332733 ], [ 10.868749999999492, 49.906249999999382 ], [ 10.85624999999942, 49.906249999999389 ], [ 10.847916666666093, 49.91458333333275 ], [ 10.839583333332795, 49.914583333332736 ], [ 10.835416666666132, 49.918749999999406 ], [ 10.814583333332761, 49.918749999999413 ], [ 10.8104166666661, 49.922916666666048 ], [ 10.781249999999488, 49.922916666666062 ], [ 10.777083333332826, 49.927083333332767 ], [ 10.760416666666117, 49.927083333332767 ], [ 10.747916666666129, 49.939583333332735 ], [ 10.735416666666168, 49.939583333332742 ], [ 10.710416666666132, 49.96458333333274 ], [ 10.706249999999471, 49.964583333332726 ], [ 10.702083333332808, 49.968749999999389 ], [ 10.681249999999437, 49.968749999999389 ], [ 10.677083333332774, 49.972916666666052 ], [ 10.672916666666111, 49.972916666666059 ], [ 10.668749999999449, 49.977083333332757 ], [ 10.652083333332826, 49.977083333332743 ], [ 10.647916666666163, 49.98124999999942 ], [ 10.6437499999995, 49.981249999999413 ], [ 10.639583333332752, 49.985416666666076 ], [ 10.635416666666117, 49.985416666666069 ], [ 10.627083333332791, 49.99374999999943 ], [ 10.602083333332757, 49.993749999999423 ], [ 10.597916666666093, 49.997916666666093 ], [ 10.589583333332769, 49.9979166666661 ], [ 10.577083333332808, 49.997916666666093 ], [ 10.572916666666146, 49.997916666666093 ], [ 10.568749999999481, 50.002083333332727 ], [ 10.556249999999437, 50.00208333333272 ], [ 10.552083333332774, 49.9979166666661 ], [ 10.54791666666611, 50.002083333332735 ], [ 10.539583333332786, 50.002083333332735 ], [ 10.53124999999946, 50.010416666666067 ], [ 10.527083333332826, 50.010416666666067 ], [ 10.514583333332753, 50.022916666666092 ], [ 10.510416666666089, 50.022916666666084 ], [ 10.506249999999426, 50.027083333332733 ], [ 10.502083333332791, 50.02708333333274 ], [ 10.477083333332757, 50.027083333332726 ], [ 10.472916666666094, 50.022916666666077 ], [ 10.468749999999432, 50.022916666666077 ], [ 10.460416666666108, 50.014583333332723 ], [ 10.456249999999441, 50.014583333332716 ], [ 10.427083333332776, 50.014583333332716 ], [ 10.422916666666111, 50.010416666666067 ], [ 10.410416666666123, 50.010416666666067 ], [ 10.40624999999946, 50.014583333332716 ], [ 10.372916666666129, 50.014583333332723 ], [ 10.368749999999466, 50.018749999999407 ], [ 10.36041666666614, 50.018749999999422 ], [ 10.335416666666106, 50.018749999999422 ], [ 10.331249999999443, 50.022916666666084 ], [ 10.32708333333278, 50.022916666666077 ], [ 10.322916666666117, 50.027083333332726 ], [ 10.318749999999483, 50.027083333332726 ], [ 10.302083333332746, 50.043749999999406 ], [ 10.302083333332744, 50.047916666666062 ], [ 10.297916666666083, 50.047916666666069 ], [ 10.293749999999449, 50.052083333332725 ], [ 10.264583333332752, 50.052083333332732 ], [ 10.260416666666174, 50.047916666666069 ], [ 10.252083333332763, 50.047916666666062 ], [ 10.243749999999466, 50.039583333332708 ], [ 10.231249999999477, 50.0395833333327 ], [ 10.214583333332769, 50.022916666666077 ], [ 10.185416666666157, 49.993749999999423 ], [ 10.177083333332831, 49.985416666666069 ], [ 10.177083333332831, 49.939583333332735 ], [ 10.181249999999494, 49.935416666666072 ], [ 10.181249999999492, 49.918749999999413 ], [ 10.185416666666157, 49.914583333332736 ], [ 10.185416666666157, 49.893749999999422 ], [ 10.181249999999494, 49.889583333332745 ], [ 10.177083333332831, 49.889583333332759 ], [ 10.164583333332784, 49.877083333332735 ], [ 10.172916666666168, 49.868749999999423 ], [ 10.177083333332831, 49.868749999999423 ], [ 10.181249999999494, 49.872916666666079 ], [ 10.210416666666106, 49.872916666666072 ], [ 10.214583333332769, 49.868749999999423 ], [ 10.218749999999403, 49.86458333333276 ], [ 10.218749999999403, 49.860416666666104 ], [ 10.214583333332769, 49.856249999999406 ], [ 10.202083333332782, 49.856249999999413 ], [ 10.193749999999453, 49.864583333332767 ], [ 10.185416666666157, 49.86458333333276 ], [ 10.172916666666168, 49.852083333332757 ], [ 10.17291666666617, 49.843749999999389 ], [ 10.177083333332831, 49.839583333332726 ], [ 10.181249999999494, 49.839583333332726 ], [ 10.18958333333282, 49.831249999999407 ], [ 10.193749999999454, 49.8312499999994 ], [ 10.20208333333278, 49.822916666666082 ], [ 10.206249999999443, 49.822916666666096 ], [ 10.214583333332769, 49.814583333332749 ], [ 10.222916666666151, 49.806249999999416 ], [ 10.222916666666151, 49.80208333333276 ], [ 10.218749999999403, 49.797916666666062 ], [ 10.210416666666106, 49.797916666666062 ], [ 10.206249999999443, 49.793749999999399 ], [ 10.193749999999454, 49.793749999999399 ], [ 10.18958333333282, 49.78958333333275 ], [ 10.185416666666157, 49.793749999999399 ], [ 10.177083333332831, 49.793749999999406 ], [ 10.172916666666168, 49.797916666666062 ], [ 10.164583333332786, 49.797916666666055 ], [ 10.15624999999946, 49.789583333332757 ], [ 10.15624999999946, 49.772916666666063 ], [ 10.156249999999458, 49.752083333332735 ], [ 10.160416666666123, 49.747916666666086 ], [ 10.164583333332786, 49.743749999999416 ], [ 10.164583333332786, 49.73958333333276 ], [ 10.16874999999942, 49.735416666666097 ], [ 10.16874999999942, 49.731249999999449 ], [ 10.160416666666123, 49.722916666666087 ], [ 10.156249999999458, 49.72291666666608 ], [ 10.131249999999426, 49.697916666666089 ], [ 10.131249999999426, 49.693749999999376 ], [ 10.139583333332808, 49.685416666666079 ], [ 10.143749999999471, 49.681249999999409 ], [ 10.143749999999471, 49.677083333332753 ], [ 10.147916666666134, 49.67291666666609 ], [ 10.143749999999471, 49.668749999999399 ], [ 10.081249999999443, 49.668749999999399 ], [ 10.052083333332831, 49.668749999999399 ], [ 10.047916666666168, 49.672916666666097 ], [ 10.043749999999505, 49.67708333333276 ], [ 10.039583333332757, 49.677083333332753 ], [ 10.027083333332797, 49.689583333332727 ], [ 10.022916666666134, 49.693749999999383 ], [ 10.022916666666134, 49.7062499999994 ], [ 10.014583333332808, 49.714583333332719 ], [ 10.006249999999511, 49.714583333332719 ], [ 9.989583333332774, 49.731249999999434 ], [ 9.989583333332774, 49.743749999999416 ], [ 9.981249999999477, 49.752083333332742 ], [ 9.977083333332814, 49.756249999999433 ], [ 9.972916666666151, 49.760416666666096 ], [ 9.964583333332826, 49.760416666666096 ], [ 9.960416666666077, 49.764583333332752 ], [ 9.956249999999441, 49.764583333332759 ], [ 9.95208333333278, 49.768749999999407 ], [ 9.947916666666117, 49.768749999999407 ], [ 9.943749999999454, 49.768749999999407 ], [ 9.93958333333279, 49.772916666666063 ], [ 9.935416666666129, 49.772916666666077 ], [ 9.931249999999466, 49.77708333333274 ], [ 9.931249999999466, 49.781249999999375 ], [ 9.927083333332831, 49.785416666666087 ], [ 9.927083333332831, 49.793749999999406 ], [ 9.918749999999505, 49.802083333332753 ], [ 9.902083333332797, 49.802083333332767 ], [ 9.897916666666134, 49.80208333333276 ], [ 9.893749999999471, 49.797916666666062 ], [ 9.885416666666146, 49.797916666666062 ], [ 9.877083333332763, 49.806249999999416 ], [ 9.877083333332763, 49.814583333332742 ], [ 9.872916666666098, 49.818749999999376 ], [ 9.8729166666661, 49.827083333332752 ], [ 9.868749999999437, 49.8312499999994 ], [ 9.868749999999437, 49.839583333332726 ], [ 9.864583333332774, 49.843749999999375 ], [ 9.864583333332774, 49.847916666666087 ], [ 9.843749999999488, 49.868749999999423 ], [ 9.843749999999488, 49.872916666666072 ], [ 9.839583333332826, 49.877083333332735 ], [ 9.839583333332824, 49.881249999999397 ], [ 9.822916666666115, 49.897916666666063 ], [ 9.818749999999454, 49.902083333332719 ], [ 9.814583333332791, 49.902083333332726 ], [ 9.802083333332803, 49.914583333332743 ], [ 9.802083333332803, 49.935416666666079 ], [ 9.793749999999505, 49.943749999999405 ], [ 9.781249999999432, 49.943749999999397 ], [ 9.777083333332767, 49.947916666666053 ], [ 9.772916666666134, 49.947916666666053 ], [ 9.764583333332808, 49.956249999999422 ], [ 9.764583333332808, 49.960416666666077 ], [ 9.760416666666144, 49.964583333332726 ], [ 9.760416666666146, 49.972916666666059 ], [ 9.764583333332808, 49.977083333332757 ], [ 9.764583333332808, 49.981249999999413 ], [ 9.756249999999481, 49.989583333332732 ], [ 9.752083333332735, 49.989583333332725 ], [ 9.7479166666661, 49.99374999999943 ], [ 9.739583333332773, 49.993749999999423 ], [ 9.735416666666111, 49.9979166666661 ], [ 9.722916666666123, 49.9979166666661 ], [ 9.710416666666163, 50.010416666666067 ], [ 9.710416666666163, 50.014583333332723 ], [ 9.727083333332786, 50.031249999999389 ], [ 9.722916666666123, 50.035416666666066 ], [ 9.71874999999949, 50.035416666666052 ], [ 9.714583333332826, 50.039583333332708 ], [ 9.710416666666163, 50.039583333332693 ], [ 9.7062499999995, 50.043749999999406 ], [ 9.702083333332752, 50.043749999999406 ], [ 9.693749999999454, 50.052083333332725 ], [ 9.685416666666129, 50.052083333332718 ], [ 9.681249999999466, 50.05624999999943 ], [ 9.668749999999507, 50.05624999999943 ], [ 9.664583333332843, 50.060416666666093 ], [ 9.652083333332856, 50.060416666666079 ], [ 9.647916666666106, 50.056249999999423 ], [ 9.647916666666106, 50.043749999999399 ], [ 9.652083333332856, 50.039583333332693 ], [ 9.652083333332856, 50.035416666666066 ], [ 9.647916666666106, 50.031249999999396 ], [ 9.64374999999947, 50.027083333332719 ], [ 9.631249999999485, 50.02708333333274 ], [ 9.627083333332818, 50.02291666666607 ], [ 9.618749999999437, 50.022916666666084 ], [ 9.606249999999449, 50.010416666666075 ], [ 9.602083333332786, 50.010416666666067 ], [ 9.597916666666123, 50.006249999999405 ], [ 9.59374999999946, 50.006249999999412 ], [ 9.585416666666163, 49.997916666666093 ], [ 9.585416666666163, 49.993749999999416 ], [ 9.5812499999995, 49.989583333332725 ], [ 9.5812499999995, 49.985416666666069 ], [ 9.585416666666163, 49.981249999999413 ], [ 9.585416666666161, 49.972916666666045 ], [ 9.59374999999946, 49.964583333332726 ], [ 9.59374999999946, 49.960416666666084 ], [ 9.597916666666123, 49.956249999999415 ], [ 9.597916666666125, 49.952083333332766 ], [ 9.59374999999946, 49.94791666666606 ], [ 9.589583333332826, 49.947916666666053 ], [ 9.572916666666174, 49.93124999999943 ], [ 9.572916666666174, 49.927083333332767 ], [ 9.5812499999995, 49.918749999999399 ], [ 9.581249999999498, 49.914583333332736 ], [ 9.589583333332826, 49.906249999999403 ], [ 9.589583333332826, 49.897916666666077 ], [ 9.59374999999946, 49.893749999999415 ], [ 9.59374999999946, 49.889583333332759 ], [ 9.597916666666121, 49.885416666666053 ], [ 9.597916666666123, 49.88124999999939 ], [ 9.606249999999449, 49.872916666666079 ], [ 9.606249999999449, 49.864583333332753 ], [ 9.602083333332786, 49.860416666666104 ], [ 9.602083333332786, 49.856249999999406 ], [ 9.597916666666123, 49.85208333333275 ], [ 9.597916666666123, 49.843749999999382 ], [ 9.59374999999946, 49.839583333332726 ], [ 9.589583333332826, 49.839583333332733 ], [ 9.577083333332837, 49.827083333332759 ], [ 9.577083333332837, 49.822916666666089 ], [ 9.585416666666163, 49.814583333332742 ], [ 9.589583333332826, 49.814583333332749 ], [ 9.59374999999946, 49.810416666666079 ], [ 9.602083333332784, 49.810416666666065 ], [ 9.606249999999449, 49.80624999999943 ], [ 9.614583333332773, 49.806249999999409 ], [ 9.618749999999437, 49.802083333332767 ], [ 9.618749999999437, 49.793749999999406 ], [ 9.614583333332774, 49.789583333332757 ], [ 9.602083333332786, 49.78958333333275 ], [ 9.597916666666123, 49.78541666666608 ], [ 9.568749999999424, 49.785416666666094 ], [ 9.560416666666129, 49.777083333332733 ], [ 9.560416666666129, 49.772916666666063 ], [ 9.560416666666129, 49.760416666666096 ], [ 9.568749999999426, 49.752083333332735 ], [ 9.568749999999426, 49.747916666666079 ], [ 9.564583333332791, 49.743749999999416 ], [ 9.560416666666129, 49.743749999999409 ], [ 9.552083333332803, 49.752083333332742 ], [ 9.552083333332803, 49.760416666666096 ], [ 9.543749999999477, 49.768749999999407 ], [ 9.535416666666181, 49.7687499999994 ], [ 9.531249999999515, 49.764583333332752 ], [ 9.527083333332854, 49.764583333332752 ], [ 9.522916666666106, 49.760416666666096 ], [ 9.518749999999443, 49.760416666666103 ], [ 9.510416666666146, 49.7687499999994 ], [ 9.510416666666144, 49.781249999999375 ], [ 9.506249999999483, 49.78541666666608 ], [ 9.50208333333282, 49.785416666666087 ], [ 9.497916666666157, 49.78958333333275 ], [ 9.493749999999409, 49.78958333333275 ], [ 9.481249999999449, 49.78958333333275 ], [ 9.464583333332797, 49.772916666666077 ], [ 9.460416666666163, 49.772916666666063 ], [ 9.4562499999995, 49.768749999999415 ], [ 9.452083333332837, 49.772916666666063 ], [ 9.447916666666176, 49.77291666666607 ], [ 9.439583333332763, 49.781249999999375 ], [ 9.435416666666129, 49.78541666666608 ], [ 9.431249999999466, 49.785416666666087 ], [ 9.427083333332803, 49.78958333333275 ], [ 9.422916666666138, 49.789583333332743 ], [ 9.418749999999477, 49.785416666666087 ], [ 9.414583333332816, 49.785416666666094 ], [ 9.410416666666151, 49.781249999999375 ], [ 9.406249999999517, 49.781249999999382 ], [ 9.397916666666106, 49.77291666666607 ], [ 9.385416666666117, 49.77291666666607 ], [ 9.381249999999483, 49.777083333332726 ], [ 9.364583333332831, 49.777083333332733 ], [ 9.360416666666083, 49.77291666666607 ], [ 9.347916666666123, 49.77291666666607 ], [ 9.34374999999946, 49.768749999999415 ], [ 9.322916666666174, 49.768749999999415 ], [ 9.314583333332848, 49.760416666666096 ], [ 9.318749999999511, 49.75624999999944 ], [ 9.318749999999511, 49.752083333332735 ], [ 9.322916666666174, 49.747916666666086 ], [ 9.314583333332848, 49.739583333332753 ], [ 9.281249999999488, 49.739583333332746 ], [ 9.272916666666191, 49.731249999999442 ], [ 9.272916666666191, 49.727083333332722 ], [ 9.268749999999528, 49.722916666666073 ], [ 9.268749999999528, 49.718749999999417 ], [ 9.264583333332867, 49.714583333332719 ], [ 9.25208333333282, 49.702083333332737 ], [ 9.243749999999496, 49.702083333332745 ], [ 9.235416666666168, 49.710416666666077 ], [ 9.222916666666123, 49.722916666666087 ], [ 9.21874999999946, 49.727083333332729 ], [ 9.210416666666134, 49.727083333332729 ], [ 9.202083333332808, 49.727083333332736 ], [ 9.181249999999437, 49.747916666666079 ], [ 9.181249999999437, 49.764583333332759 ], [ 9.181249999999437, 49.781249999999382 ], [ 9.164583333332814, 49.797916666666062 ], [ 9.15624999999949, 49.797916666666062 ], [ 9.152083333332826, 49.802083333332767 ], [ 9.147916666666193, 49.80208333333276 ], [ 9.143749999999528, 49.806249999999423 ], [ 9.135416666666117, 49.814583333332749 ], [ 9.135416666666117, 49.81874999999939 ], [ 9.139583333332865, 49.822916666666082 ], [ 9.139583333332865, 49.827083333332745 ], [ 9.152083333332826, 49.839583333332733 ], [ 9.152083333332826, 49.843749999999375 ], [ 9.15624999999949, 49.847916666666073 ], [ 9.15624999999949, 49.856249999999406 ], [ 9.160416666666151, 49.860416666666111 ], [ 9.160416666666151, 49.877083333332735 ], [ 9.164583333332814, 49.881249999999405 ], [ 9.164583333332814, 49.885416666666046 ], [ 9.15624999999949, 49.893749999999407 ], [ 9.152083333332826, 49.893749999999429 ], [ 9.143749999999528, 49.902083333332733 ], [ 9.143749999999528, 49.910416666666045 ], [ 9.143749999999528, 49.922916666666055 ], [ 9.135416666666117, 49.93124999999943 ], [ 9.131249999999454, 49.931249999999423 ], [ 9.127083333332791, 49.935416666666086 ], [ 9.122916666666129, 49.935416666666072 ], [ 9.114583333332831, 49.94374999999939 ], [ 9.114583333332831, 49.947916666666053 ], [ 9.135416666666117, 49.968749999999396 ], [ 9.127083333332791, 49.97708333333275 ], [ 9.114583333332831, 49.97708333333275 ], [ 9.102083333332757, 49.97708333333275 ], [ 9.097916666666094, 49.972916666666066 ], [ 9.09374999999946, 49.972916666666059 ], [ 9.089583333332797, 49.977083333332743 ], [ 9.077083333332808, 49.97708333333275 ], [ 9.072916666666146, 49.981249999999413 ], [ 9.068749999999511, 49.981249999999413 ], [ 9.064583333332848, 49.985416666666076 ], [ 9.064583333332848, 49.993749999999423 ], [ 9.060416666666187, 49.997916666666093 ], [ 9.05208333333286, 50.006249999999412 ], [ 9.047916666666111, 50.006249999999405 ], [ 9.031249999999488, 50.022916666666077 ], [ 9.031249999999488, 50.0395833333327 ], [ 9.027083333332826, 50.04374999999942 ], [ 8.985416666666168, 50.043749999999406 ], [ 8.981249999999505, 50.047916666666069 ], [ 8.981249999999505, 50.05624999999943 ], [ 8.985416666666168, 50.060416666666086 ], [ 8.985416666666168, 50.064583333332742 ], [ 8.989583333332831, 50.06874999999939 ], [ 8.981249999999505, 50.077083333332723 ], [ 8.968749999999432, 50.07708333333273 ], [ 8.964583333332797, 50.081249999999407 ], [ 8.956249999999471, 50.081249999999415 ], [ 8.952083333332808, 50.081249999999415 ], [ 8.943749999999483, 50.08958333333274 ], [ 8.943749999999483, 50.102083333332757 ], [ 8.939583333332848, 50.106249999999363 ], [ 8.92708333333286, 50.106249999999363 ], [ 8.910416666666151, 50.122916666666086 ], [ 8.906249999999488, 50.122916666666086 ], [ 8.902083333332826, 50.127083333332756 ], [ 8.835416666666134, 50.127083333332756 ], [ 8.831249999999471, 50.127083333332749 ], [ 8.827083333332808, 50.131249999999397 ], [ 8.818749999999483, 50.131249999999405 ], [ 8.810416666666157, 50.131249999999397 ], [ 8.806249999999523, 50.13541666666606 ], [ 8.785416666666123, 50.13541666666606 ], [ 8.781249999999488, 50.131249999999405 ], [ 8.781249999999488, 50.127083333332742 ], [ 8.777083333332826, 50.122916666666086 ], [ 8.777083333332826, 50.11874999999938 ], [ 8.772916666666163, 50.114583333332746 ], [ 8.768749999999502, 50.114583333332739 ], [ 8.727083333332843, 50.114583333332746 ], [ 8.72291666666618, 50.110416666666069 ], [ 8.710416666666106, 50.110416666666069 ], [ 8.681249999999496, 50.110416666666069 ], [ 8.67708333333286, 50.106249999999356 ], [ 8.672916666666111, 50.106249999999356 ], [ 8.668749999999449, 50.102083333332757 ], [ 8.664583333332786, 50.102083333332757 ], [ 8.660416666666123, 50.097916666666045 ], [ 8.65624999999946, 50.097916666666059 ], [ 8.652083333332827, 50.093749999999403 ], [ 8.635416666666174, 50.093749999999396 ], [ 8.631249999999511, 50.08958333333274 ], [ 8.57708333333278, 50.089583333332733 ], [ 8.572916666666146, 50.093749999999403 ], [ 8.564583333332822, 50.093749999999396 ], [ 8.560416666666157, 50.097916666666052 ], [ 8.547916666666111, 50.097916666666045 ], [ 8.543749999999449, 50.093749999999389 ], [ 8.539583333332786, 50.089583333332747 ], [ 8.53124999999946, 50.089583333332747 ], [ 8.527083333332797, 50.08541666666607 ], [ 8.527083333332797, 50.077083333332716 ], [ 8.522916666666134, 50.072916666666067 ], [ 8.522916666666134, 50.06874999999939 ], [ 8.5187499999995, 50.064583333332749 ], [ 8.506249999999511, 50.052083333332718 ], [ 8.502083333332848, 50.052083333332718 ], [ 8.4979166666661, 50.047916666666069 ], [ 8.48541666666614, 50.047916666666069 ], [ 8.477083333332816, 50.039583333332708 ], [ 8.472916666666151, 50.035416666666066 ], [ 8.464583333332854, 50.027083333332733 ], [ 8.447916666666117, 50.027083333332733 ], [ 8.431249999999494, 50.010416666666067 ], [ 8.427083333332831, 50.01041666666606 ], [ 8.414583333332871, 49.9979166666661 ], [ 8.410416666666123, 50.002083333332735 ], [ 8.40624999999946, 49.9979166666661 ], [ 8.385416666666174, 49.9979166666661 ], [ 8.381249999999513, 50.002083333332735 ], [ 8.3729166666661, 50.002083333332742 ], [ 8.356249999999477, 50.002083333332727 ], [ 8.352083333332814, 49.9979166666661 ], [ 8.339583333332854, 49.997916666666093 ], [ 8.335416666666191, 50.002083333332742 ], [ 8.310416666666157, 50.002083333332735 ], [ 8.306249999999494, 49.9979166666661 ], [ 8.302083333332831, 49.997916666666093 ], [ 8.297916666666168, 49.993749999999423 ], [ 8.289583333332843, 49.993749999999423 ] ] } },
{ "type": "Feature", "properties": { "river": "Danube" }, "geometry": { "type": "LineString", "coordinates": [ [ 8.183333333332826, 48.079166666666083 ], [ 8.202083333332865, 48.060416666666121 ], [ 8.202083333332865, 48.05624999999943 ], [ 8.206249999999528, 48.05208333333276 ], [ 8.210416666666163, 48.052083333332767 ], [ 8.214583333332826, 48.047916666666111 ], [ 8.222916666666151, 48.047916666666104 ], [ 8.227083333332814, 48.043749999999456 ], [ 8.23541666666614, 48.043749999999449 ], [ 8.239583333332774, 48.047916666666104 ], [ 8.252083333332848, 48.047916666666097 ], [ 8.256249999999511, 48.047916666666111 ], [ 8.260416666666174, 48.043749999999449 ], [ 8.306249999999494, 48.043749999999434 ], [ 8.310416666666157, 48.039583333332757 ], [ 8.310416666666157, 48.035416666666123 ], [ 8.318749999999454, 48.027083333332769 ], [ 8.318749999999454, 48.014583333332794 ], [ 8.327083333332865, 48.00624999999944 ], [ 8.327083333332865, 48.002083333332784 ], [ 8.331249999999528, 47.997916666666114 ], [ 8.335416666666191, 47.997916666666121 ], [ 8.339583333332854, 47.993749999999416 ], [ 8.347916666666151, 47.993749999999416 ], [ 8.352083333332814, 47.98958333333276 ], [ 8.377083333332848, 47.98958333333276 ], [ 8.385416666666174, 47.981249999999449 ], [ 8.389583333332837, 47.981249999999442 ], [ 8.393749999999471, 47.977083333332793 ], [ 8.397916666666134, 47.977083333332793 ], [ 8.402083333332797, 47.97291666666608 ], [ 8.414583333332871, 47.97291666666608 ], [ 8.418749999999449, 47.968749999999417 ], [ 8.422916666666168, 47.968749999999417 ], [ 8.431249999999494, 47.960416666666113 ], [ 8.435416666666157, 47.96041666666612 ], [ 8.43958333333282, 47.95624999999945 ], [ 8.43958333333282, 47.939583333332763 ], [ 8.443749999999483, 47.935416666666114 ], [ 8.447916666666117, 47.935416666666121 ], [ 8.452083333332865, 47.931249999999451 ], [ 8.460416666666191, 47.931249999999451 ], [ 8.464583333332854, 47.927083333332753 ], [ 8.472916666666151, 47.92708333333276 ], [ 8.477083333332816, 47.922916666666104 ], [ 8.481249999999477, 47.927083333332753 ], [ 8.48541666666614, 47.927083333332753 ], [ 8.489583333332803, 47.931249999999451 ], [ 8.4979166666661, 47.931249999999466 ], [ 8.510416666666174, 47.943749999999426 ], [ 8.514583333332837, 47.943749999999426 ], [ 8.5187499999995, 47.947916666666103 ], [ 8.527083333332797, 47.947916666666089 ], [ 8.53124999999946, 47.947916666666103 ], [ 8.552083333332831, 47.92708333333276 ], [ 8.556249999999494, 47.927083333332739 ], [ 8.560416666666157, 47.922916666666111 ], [ 8.564583333332822, 47.922916666666104 ], [ 8.572916666666146, 47.922916666666111 ], [ 8.57708333333278, 47.918749999999434 ], [ 8.589583333332854, 47.918749999999434 ], [ 8.61041666666614, 47.918749999999449 ], [ 8.614583333332803, 47.914583333332772 ], [ 8.627083333332791, 47.914583333332772 ], [ 8.631249999999511, 47.918749999999434 ], [ 8.639583333332837, 47.918749999999427 ], [ 8.668749999999449, 47.918749999999442 ], [ 8.672916666666111, 47.922916666666104 ], [ 8.68958333333282, 47.922916666666097 ], [ 8.693749999999483, 47.927083333332753 ], [ 8.702083333332808, 47.927083333332753 ], [ 8.706249999999443, 47.931249999999459 ], [ 8.710416666666106, 47.931249999999451 ], [ 8.731249999999477, 47.931249999999459 ], [ 8.73541666666614, 47.935416666666114 ], [ 8.739583333332803, 47.93958333333277 ], [ 8.743749999999466, 47.935416666666114 ], [ 8.747916666666129, 47.935416666666114 ], [ 8.752083333332791, 47.931249999999451 ], [ 8.760416666666089, 47.931249999999451 ], [ 8.764583333332837, 47.935416666666121 ], [ 8.764583333332837, 47.94374999999944 ], [ 8.760416666666089, 47.947916666666096 ], [ 8.760416666666089, 47.952083333332759 ], [ 8.764583333332837, 47.956249999999457 ], [ 8.768749999999502, 47.956249999999457 ], [ 8.772916666666163, 47.956249999999457 ], [ 8.777083333332826, 47.960416666666113 ], [ 8.777083333332826, 47.964583333332783 ], [ 8.785416666666123, 47.97291666666608 ], [ 8.789583333332786, 47.972916666666087 ], [ 8.797916666666111, 47.981249999999442 ], [ 8.80208333333286, 47.985416666666104 ], [ 8.818749999999483, 47.985416666666111 ], [ 8.822916666666146, 47.985416666666104 ], [ 8.827083333332808, 47.989583333332767 ], [ 8.827083333332808, 47.993749999999416 ], [ 8.831249999999471, 47.997916666666114 ], [ 8.831249999999471, 48.002083333332791 ], [ 8.835416666666134, 48.006249999999426 ], [ 8.843749999999517, 48.006249999999426 ], [ 8.856249999999507, 48.006249999999433 ], [ 8.860416666666168, 48.010416666666124 ], [ 8.864583333332803, 48.014583333332801 ], [ 8.868749999999466, 48.014583333332801 ], [ 8.872916666666129, 48.018749999999457 ], [ 8.877083333332791, 48.018749999999443 ], [ 8.881249999999454, 48.022916666666113 ], [ 8.885416666666117, 48.022916666666113 ], [ 8.889583333332837, 48.027083333332776 ], [ 8.889583333332837, 48.031249999999424 ], [ 8.8937499999995, 48.035416666666123 ], [ 8.897916666666163, 48.03541666666613 ], [ 8.902083333332826, 48.031249999999432 ], [ 8.910416666666151, 48.031249999999424 ], [ 8.914583333332786, 48.03541666666613 ], [ 8.922916666666111, 48.03541666666613 ], [ 8.92708333333286, 48.031249999999432 ], [ 8.92708333333286, 48.027083333332776 ], [ 8.92708333333286, 48.018749999999443 ], [ 8.922916666666111, 48.014583333332794 ], [ 8.92708333333286, 48.010416666666131 ], [ 8.935416666666185, 48.010416666666138 ], [ 8.939583333332848, 48.014583333332794 ], [ 8.956249999999471, 48.014583333332794 ], [ 8.964583333332797, 48.022916666666099 ], [ 8.964583333332797, 48.027083333332769 ], [ 8.956249999999471, 48.03541666666613 ], [ 8.964583333332797, 48.043749999999442 ], [ 8.964583333332797, 48.047916666666111 ], [ 8.968749999999432, 48.052083333332753 ], [ 8.972916666666094, 48.05208333333276 ], [ 8.977083333332843, 48.04791666666609 ], [ 8.985416666666168, 48.05624999999943 ], [ 8.989583333332831, 48.05624999999943 ], [ 8.997916666666129, 48.064583333332791 ], [ 9.002083333332791, 48.064583333332791 ], [ 9.010416666666117, 48.072916666666096 ], [ 9.022916666666163, 48.072916666666096 ], [ 9.031249999999488, 48.081249999999471 ], [ 9.035416666666151, 48.081249999999464 ], [ 9.039583333332816, 48.08541666666612 ], [ 9.043749999999477, 48.085416666666106 ], [ 9.047916666666111, 48.089583333332776 ], [ 9.05208333333286, 48.089583333332769 ], [ 9.056249999999437, 48.093749999999439 ], [ 9.064583333332848, 48.093749999999432 ], [ 9.072916666666146, 48.085416666666113 ], [ 9.077083333332808, 48.085416666666106 ], [ 9.081249999999471, 48.081249999999464 ], [ 9.089583333332797, 48.08124999999945 ], [ 9.09374999999946, 48.085416666666113 ], [ 9.097916666666094, 48.085416666666106 ], [ 9.102083333332757, 48.089583333332769 ], [ 9.110416666666168, 48.081249999999457 ], [ 9.118749999999494, 48.081249999999471 ], [ 9.122916666666129, 48.077083333332759 ], [ 9.127083333332791, 48.077083333332752 ], [ 9.131249999999454, 48.081249999999464 ], [ 9.152083333332826, 48.081249999999457 ], [ 9.160416666666151, 48.072916666666096 ], [ 9.168749999999477, 48.081249999999464 ], [ 9.189583333332848, 48.081249999999457 ], [ 9.193749999999511, 48.077083333332766 ], [ 9.202083333332808, 48.077083333332759 ], [ 9.214583333332797, 48.089583333332769 ], [ 9.222916666666123, 48.089583333332776 ], [ 9.239583333332831, 48.072916666666096 ], [ 9.25208333333282, 48.072916666666089 ], [ 9.260416666666117, 48.064583333332784 ], [ 9.264583333332867, 48.064583333332791 ], [ 9.281249999999488, 48.064583333332784 ], [ 9.293749999999477, 48.077083333332745 ], [ 9.29791666666614, 48.072916666666096 ], [ 9.29791666666614, 48.068749999999433 ], [ 9.302083333332803, 48.064583333332799 ], [ 9.3104166666661, 48.064583333332799 ], [ 9.314583333332848, 48.068749999999447 ], [ 9.339583333332797, 48.068749999999447 ], [ 9.34374999999946, 48.064583333332784 ], [ 9.352083333332786, 48.064583333332784 ], [ 9.356249999999449, 48.06874999999944 ], [ 9.372916666666157, 48.06874999999944 ], [ 9.38958333333278, 48.06874999999944 ], [ 9.393749999999528, 48.072916666666089 ], [ 9.397916666666106, 48.072916666666096 ], [ 9.402083333332854, 48.077083333332745 ], [ 9.406249999999517, 48.077083333332752 ], [ 9.410416666666153, 48.081249999999471 ], [ 9.414583333332814, 48.085416666666106 ], [ 9.414583333332814, 48.089583333332776 ], [ 9.418749999999477, 48.093749999999432 ], [ 9.418749999999477, 48.102083333332793 ], [ 9.431249999999466, 48.11458333333276 ], [ 9.443749999999511, 48.114583333332767 ], [ 9.4562499999995, 48.127083333332777 ], [ 9.460416666666163, 48.13124999999944 ], [ 9.460416666666163, 48.135416666666096 ], [ 9.464583333332797, 48.139583333332808 ], [ 9.464583333332797, 48.143749999999407 ], [ 9.472916666666123, 48.152083333332783 ], [ 9.477083333332786, 48.152083333332776 ], [ 9.481249999999449, 48.156249999999439 ], [ 9.489583333332746, 48.16458333333275 ], [ 9.497916666666157, 48.172916666666126 ], [ 9.497916666666157, 48.177083333332774 ], [ 9.50208333333282, 48.18124999999943 ], [ 9.50208333333282, 48.185416666666086 ], [ 9.506249999999483, 48.189583333332742 ], [ 9.506249999999483, 48.19374999999944 ], [ 9.497916666666157, 48.202083333332752 ], [ 9.50208333333282, 48.206249999999457 ], [ 9.514583333332778, 48.206249999999457 ], [ 9.518749999999443, 48.21041666666612 ], [ 9.518749999999443, 48.214583333332769 ], [ 9.522916666666106, 48.218749999999446 ], [ 9.531249999999517, 48.218749999999439 ], [ 9.535416666666181, 48.222916666666109 ], [ 9.535416666666181, 48.22708333333275 ], [ 9.531249999999517, 48.231249999999449 ], [ 9.531249999999517, 48.235416666666119 ], [ 9.535416666666181, 48.239583333332767 ], [ 9.572916666666174, 48.239583333332767 ], [ 9.577083333332837, 48.243749999999423 ], [ 9.5812499999995, 48.24374999999943 ], [ 9.602083333332786, 48.243749999999437 ], [ 9.606249999999449, 48.239583333332767 ], [ 9.614583333332774, 48.23958333333276 ], [ 9.618749999999437, 48.235416666666119 ], [ 9.618749999999437, 48.231249999999456 ], [ 9.622916666666157, 48.227083333332743 ], [ 9.635416666666146, 48.227083333332743 ], [ 9.639583333332808, 48.231249999999449 ], [ 9.639583333332808, 48.235416666666119 ], [ 9.643749999999471, 48.23958333333276 ], [ 9.647916666666106, 48.235416666666111 ], [ 9.652083333332856, 48.235416666666097 ], [ 9.66041666666618, 48.227083333332743 ], [ 9.664583333332843, 48.227083333332743 ], [ 9.668749999999505, 48.222916666666109 ], [ 9.67291666666614, 48.222916666666109 ], [ 9.677083333332803, 48.227083333332757 ], [ 9.689583333332791, 48.227083333332757 ], [ 9.693749999999454, 48.231249999999456 ], [ 9.697916666666089, 48.231249999999442 ], [ 9.727083333332786, 48.260416666666103 ], [ 9.727083333332786, 48.26458333333278 ], [ 9.731249999999449, 48.268749999999415 ], [ 9.735416666666111, 48.272916666666127 ], [ 9.743749999999437, 48.272916666666127 ], [ 9.7479166666661, 48.27708333333279 ], [ 9.768749999999471, 48.27708333333279 ], [ 9.772916666666134, 48.281249999999439 ], [ 9.810416666666129, 48.281249999999439 ], [ 9.814583333332791, 48.285416666666094 ], [ 9.818749999999454, 48.285416666666094 ], [ 9.822916666666117, 48.289583333332764 ], [ 9.831249999999413, 48.289583333332757 ], [ 9.835416666666164, 48.29374999999942 ], [ 9.839583333332826, 48.29374999999942 ], [ 9.847916666666151, 48.293749999999413 ], [ 9.852083333332814, 48.297916666666104 ], [ 9.860416666666113, 48.297916666666126 ], [ 9.8729166666661, 48.310416666666086 ], [ 9.877083333332763, 48.310416666666086 ], [ 9.881249999999483, 48.314583333332756 ], [ 9.885416666666146, 48.3104166666661 ], [ 9.897916666666132, 48.310416666666086 ], [ 9.902083333332797, 48.310416666666093 ], [ 9.906249999999432, 48.314583333332756 ], [ 9.910416666666094, 48.314583333332756 ], [ 9.93958333333279, 48.343749999999439 ], [ 9.947916666666117, 48.352083333332772 ], [ 9.95208333333278, 48.352083333332764 ], [ 9.960416666666077, 48.360416666666126 ], [ 9.960416666666077, 48.372916666666093 ], [ 9.968749999999488, 48.381249999999412 ], [ 9.977083333332814, 48.381249999999419 ], [ 9.985416666666111, 48.389583333332766 ], [ 9.989583333332773, 48.393749999999436 ], [ 9.9979166666661, 48.393749999999436 ], [ 10.002083333332763, 48.397916666666084 ], [ 10.006249999999511, 48.397916666666092 ], [ 10.010416666666146, 48.402083333332783 ], [ 10.014583333332808, 48.402083333332797 ], [ 10.018749999999471, 48.406249999999446 ], [ 10.018749999999471, 48.410416666666109 ], [ 10.035416666666123, 48.427083333332774 ], [ 10.039583333332757, 48.427083333332774 ], [ 10.043749999999505, 48.431249999999451 ], [ 10.052083333332831, 48.431249999999437 ], [ 10.056249999999494, 48.435416666666093 ], [ 10.068749999999453, 48.435416666666093 ], [ 10.08958333333274, 48.435416666666086 ], [ 10.093749999999403, 48.439583333332756 ], [ 10.118749999999437, 48.439583333332749 ], [ 10.1229166666661, 48.443749999999419 ], [ 10.135416666666174, 48.443749999999405 ], [ 10.16874999999942, 48.443749999999426 ], [ 10.17291666666617, 48.439583333332742 ], [ 10.181249999999494, 48.439583333332756 ], [ 10.18958333333282, 48.439583333332749 ], [ 10.193749999999454, 48.443749999999419 ], [ 10.20208333333278, 48.443749999999412 ], [ 10.206249999999443, 48.44791666666611 ], [ 10.210416666666106, 48.447916666666096 ], [ 10.214583333332769, 48.452083333332766 ], [ 10.222916666666151, 48.452083333332766 ], [ 10.227083333332812, 48.456249999999436 ], [ 10.23541666666614, 48.456249999999443 ], [ 10.239583333332803, 48.460416666666099 ], [ 10.264583333332752, 48.460416666666099 ], [ 10.2687499999995, 48.456249999999436 ], [ 10.272916666666134, 48.456249999999429 ], [ 10.277083333332797, 48.460416666666099 ], [ 10.281249999999458, 48.460416666666099 ], [ 10.285416666666121, 48.464583333332783 ], [ 10.293749999999449, 48.46458333333279 ], [ 10.297916666666083, 48.468749999999453 ], [ 10.310416666666159, 48.468749999999446 ], [ 10.31458333333282, 48.472916666666109 ], [ 10.318749999999483, 48.472916666666123 ], [ 10.32708333333278, 48.481249999999427 ], [ 10.331249999999443, 48.48124999999942 ], [ 10.335416666666104, 48.485416666666083 ], [ 10.343749999999433, 48.485416666666097 ], [ 10.347916666666151, 48.489583333332739 ], [ 10.364583333332803, 48.489583333332739 ], [ 10.368749999999466, 48.493749999999444 ], [ 10.377083333332763, 48.493749999999444 ], [ 10.385416666666089, 48.502083333332756 ], [ 10.385416666666089, 48.510416666666089 ], [ 10.385416666666091, 48.518749999999443 ], [ 10.389583333332752, 48.522916666666106 ], [ 10.389583333332752, 48.531249999999453 ], [ 10.3937499999995, 48.535416666666109 ], [ 10.393749999999498, 48.543749999999427 ], [ 10.40624999999946, 48.556249999999437 ], [ 10.410416666666121, 48.556249999999437 ], [ 10.414583333332786, 48.5604166666661 ], [ 10.422916666666111, 48.560416666666107 ], [ 10.427083333332774, 48.564583333332763 ], [ 10.431249999999409, 48.56458333333277 ], [ 10.43958333333282, 48.572916666666075 ], [ 10.443749999999483, 48.568749999999419 ], [ 10.452083333332807, 48.568749999999419 ], [ 10.456249999999443, 48.564583333332777 ], [ 10.481249999999392, 48.56458333333277 ], [ 10.48541666666614, 48.56458333333277 ], [ 10.489583333332801, 48.564583333332763 ], [ 10.493749999999466, 48.568749999999419 ], [ 10.514583333332752, 48.568749999999419 ], [ 10.518749999999498, 48.572916666666075 ], [ 10.522916666666163, 48.572916666666089 ], [ 10.527083333332826, 48.577083333332787 ], [ 10.53124999999946, 48.577083333332794 ], [ 10.535416666666123, 48.581249999999386 ], [ 10.539583333332786, 48.581249999999386 ], [ 10.547916666666111, 48.589583333332762 ], [ 10.552083333332774, 48.59374999999941 ], [ 10.560416666666072, 48.59374999999941 ], [ 10.564583333332818, 48.597916666666116 ], [ 10.572916666666146, 48.597916666666123 ], [ 10.577083333332807, 48.602083333332772 ], [ 10.585416666666106, 48.602083333332786 ], [ 10.589583333332769, 48.606249999999427 ], [ 10.60624999999942, 48.60624999999942 ], [ 10.61041666666614, 48.610416666666097 ], [ 10.618749999999466, 48.610416666666083 ], [ 10.622916666666127, 48.614583333332746 ], [ 10.62708333333279, 48.614583333332753 ], [ 10.631249999999454, 48.618749999999409 ], [ 10.635416666666117, 48.618749999999395 ], [ 10.639583333332752, 48.622916666666107 ], [ 10.6437499999995, 48.622916666666121 ], [ 10.660416666666151, 48.639583333332752 ], [ 10.664583333332786, 48.639583333332745 ], [ 10.668749999999449, 48.643749999999443 ], [ 10.677083333332774, 48.643749999999429 ], [ 10.681249999999437, 48.647916666666099 ], [ 10.693749999999399, 48.647916666666092 ], [ 10.697916666666146, 48.652083333332754 ], [ 10.702083333332808, 48.652083333332762 ], [ 10.710416666666134, 48.660416666666116 ], [ 10.706249999999471, 48.664583333332786 ], [ 10.706249999999471, 48.672916666666083 ], [ 10.710416666666134, 48.677083333332753 ], [ 10.714583333332767, 48.677083333332746 ], [ 10.718749999999432, 48.681249999999451 ], [ 10.722916666666094, 48.681249999999466 ], [ 10.727083333332756, 48.685416666666057 ], [ 10.73124999999942, 48.685416666666065 ], [ 10.735416666666168, 48.689583333332763 ], [ 10.752083333332791, 48.689583333332756 ], [ 10.756249999999454, 48.693749999999426 ], [ 10.76458333333278, 48.693749999999426 ], [ 10.777083333332827, 48.706249999999415 ], [ 10.777083333332826, 48.710416666666092 ], [ 10.781249999999488, 48.714583333332747 ], [ 10.789583333332814, 48.714583333332769 ], [ 10.793749999999449, 48.710416666666099 ], [ 10.802083333332774, 48.710416666666092 ], [ 10.806249999999437, 48.714583333332762 ], [ 10.8104166666661, 48.714583333332769 ], [ 10.814583333332763, 48.718749999999432 ], [ 10.827083333332808, 48.718749999999432 ], [ 10.83124999999947, 48.714583333332762 ], [ 10.835416666666134, 48.714583333332754 ], [ 10.84374999999946, 48.714583333332754 ], [ 10.847916666666094, 48.718749999999417 ], [ 10.852083333332757, 48.718749999999432 ], [ 10.860416666666168, 48.727083333332772 ], [ 10.885416666666117, 48.727083333332779 ], [ 10.897916666666077, 48.739583333332746 ], [ 10.910416666666153, 48.739583333332753 ], [ 10.914583333332814, 48.735416666666083 ], [ 10.931249999999437, 48.735416666666083 ], [ 10.947916666666089, 48.735416666666083 ], [ 10.952083333332723, 48.731249999999427 ], [ 10.981249999999418, 48.731249999999427 ], [ 10.985416666666168, 48.735416666666083 ], [ 10.993749999999494, 48.73541666666609 ], [ 10.997916666666157, 48.739583333332753 ], [ 11.006249999999454, 48.739583333332739 ], [ 11.010416666666117, 48.735416666666083 ], [ 11.0604166666661, 48.735416666666083 ], [ 11.064583333332763, 48.739583333332739 ], [ 11.072916666666089, 48.739583333332753 ], [ 11.081249999999388, 48.731249999999427 ], [ 11.097916666666123, 48.731249999999442 ], [ 11.102083333332784, 48.735416666666083 ], [ 11.114583333332744, 48.735416666666083 ], [ 11.118749999999496, 48.739583333332753 ], [ 11.12708333333282, 48.739583333332753 ], [ 11.131249999999454, 48.735416666666083 ], [ 11.15624999999943, 48.735416666666083 ], [ 11.160416666666066, 48.73958333333276 ], [ 11.1854166666661, 48.739583333332746 ], [ 11.189583333332763, 48.743749999999416 ], [ 11.206249999999415, 48.743749999999416 ], [ 11.210416666666049, 48.73958333333276 ], [ 11.214583333332795, 48.739583333332746 ], [ 11.21874999999946, 48.739583333332746 ], [ 11.222916666666123, 48.743749999999416 ], [ 11.231249999999449, 48.743749999999409 ], [ 11.235416666666111, 48.747916666666114 ], [ 11.243749999999407, 48.7479166666661 ], [ 11.247916666666159, 48.752083333332777 ], [ 11.272916666666106, 48.75208333333277 ], [ 11.277083333332769, 48.747916666666114 ], [ 11.289583333332729, 48.747916666666114 ], [ 11.293749999999392, 48.743749999999416 ], [ 11.306249999999466, 48.743749999999416 ], [ 11.310416666666127, 48.739583333332746 ], [ 11.364583333332774, 48.739583333332753 ], [ 11.37708333333282, 48.739583333332746 ], [ 11.381249999999481, 48.743749999999416 ], [ 11.393749999999441, 48.743749999999409 ], [ 11.397916666666106, 48.743749999999423 ], [ 11.402083333332769, 48.7479166666661 ], [ 11.410416666666096, 48.747916666666107 ], [ 11.414583333332757, 48.75208333333277 ], [ 11.418749999999392, 48.75208333333277 ], [ 11.431249999999464, 48.764583333332737 ], [ 11.460416666666077, 48.764583333332737 ], [ 11.46458333333274, 48.760416666666103 ], [ 11.489583333332776, 48.760416666666096 ], [ 11.510416666666144, 48.760416666666103 ], [ 11.535416666666093, 48.760416666666089 ], [ 11.547916666666083, 48.760416666666082 ], [ 11.552083333332718, 48.764583333332737 ], [ 11.56458333333279, 48.764583333332737 ], [ 11.568749999999456, 48.768749999999457 ], [ 11.577083333332752, 48.768749999999457 ], [ 11.581249999999413, 48.772916666666113 ], [ 11.585416666666077, 48.772916666666113 ], [ 11.58958333333274, 48.777083333332769 ], [ 11.614583333332774, 48.777083333332762 ], [ 11.618749999999437, 48.772916666666113 ], [ 11.639583333332808, 48.772916666666106 ], [ 11.64374999999947, 48.777083333332754 ], [ 11.647916666666134, 48.777083333332769 ], [ 11.656249999999432, 48.785416666666087 ], [ 11.66874999999942, 48.785416666666087 ], [ 11.672916666666083, 48.789583333332736 ], [ 11.685416666666042, 48.789583333332736 ], [ 11.693749999999454, 48.797916666666097 ], [ 11.697916666666115, 48.797916666666104 ], [ 11.706249999999415, 48.806249999999451 ], [ 11.710416666666077, 48.806249999999459 ], [ 11.714583333332742, 48.810416666666086 ], [ 11.718749999999403, 48.810416666666086 ], [ 11.727083333332814, 48.810416666666079 ], [ 11.731249999999449, 48.81458333333277 ], [ 11.739583333332773, 48.814583333332763 ], [ 11.743749999999437, 48.818749999999426 ], [ 11.747916666666098, 48.818749999999419 ], [ 11.752083333332761, 48.822916666666089 ], [ 11.760416666666062, 48.831249999999415 ], [ 11.760416666666062, 48.835416666666077 ], [ 11.764583333332808, 48.839583333332762 ], [ 11.764583333332808, 48.847916666666087 ], [ 11.768749999999471, 48.85208333333275 ], [ 11.768749999999471, 48.856249999999442 ], [ 11.785416666666094, 48.872916666666129 ], [ 11.785416666666094, 48.881249999999433 ], [ 11.79374999999942, 48.889583333332766 ], [ 11.814583333332704, 48.889583333332759 ], [ 11.822916666666117, 48.897916666666063 ], [ 11.835416666666079, 48.89791666666607 ], [ 11.83958333333274, 48.902083333332776 ], [ 11.843749999999403, 48.902083333332776 ], [ 11.856249999999475, 48.914583333332743 ], [ 11.877083333332761, 48.91458333333275 ], [ 11.881249999999424, 48.910416666666087 ], [ 11.914583333332757, 48.910416666666087 ], [ 11.935416666666072, 48.91041666666608 ], [ 11.939583333332735, 48.906249999999424 ], [ 11.964583333332769, 48.906249999999417 ], [ 11.968749999999403, 48.910416666666087 ], [ 11.968749999999403, 48.91458333333275 ], [ 11.98124999999939, 48.927083333332753 ], [ 11.98541666666614, 48.92708333333276 ], [ 11.989583333332801, 48.931249999999409 ], [ 12.006249999999426, 48.931249999999416 ], [ 12.010416666666089, 48.92708333333276 ], [ 12.014583333332752, 48.927083333332753 ], [ 12.022916666666049, 48.927083333332767 ], [ 12.027083333332797, 48.931249999999409 ], [ 12.03124999999946, 48.931249999999416 ], [ 12.035416666666123, 48.935416666666072 ], [ 12.035416666666123, 48.939583333332735 ], [ 12.03124999999946, 48.943749999999433 ], [ 12.022916666666049, 48.943749999999433 ], [ 12.018749999999386, 48.947916666666096 ], [ 12.010416666666087, 48.947916666666089 ], [ 12.006249999999424, 48.952083333332759 ], [ 11.993749999999435, 48.952083333332752 ], [ 11.989583333332805, 48.956249999999429 ], [ 11.989583333332803, 48.960416666666063 ], [ 11.993749999999435, 48.964583333332776 ], [ 12.002083333332761, 48.964583333332776 ], [ 12.006249999999426, 48.968749999999446 ], [ 12.022916666666049, 48.968749999999432 ], [ 12.027083333332797, 48.972916666666094 ], [ 12.031249999999458, 48.972916666666094 ], [ 12.047916666666083, 48.989583333332774 ], [ 12.039583333332784, 48.997916666666086 ], [ 12.027083333332795, 49.010416666666103 ], [ 12.027083333332797, 49.014583333332752 ], [ 12.03124999999946, 49.014583333332759 ], [ 12.039583333332784, 49.022916666666063 ], [ 12.043749999999449, 49.022916666666063 ], [ 12.047916666666083, 49.02708333333274 ], [ 12.052083333332748, 49.027083333332726 ], [ 12.056249999999409, 49.031249999999432 ], [ 12.072916666666117, 49.031249999999432 ], [ 12.077083333332778, 49.027083333332733 ], [ 12.081249999999445, 49.02708333333274 ], [ 12.085416666666106, 49.02291666666607 ], [ 12.102083333332727, 49.02291666666607 ], [ 12.10624999999939, 49.022916666666063 ], [ 12.110416666666055, 49.018749999999415 ], [ 12.118749999999466, 49.018749999999422 ], [ 12.1229166666661, 49.02291666666607 ], [ 12.139583333332752, 49.022916666666063 ], [ 12.147916666666077, 49.022916666666063 ], [ 12.152083333332712, 49.018749999999422 ], [ 12.160416666666123, 49.018749999999422 ], [ 12.164583333332786, 49.014583333332745 ], [ 12.172916666666111, 49.014583333332759 ], [ 12.177083333332744, 49.010416666666103 ], [ 12.193749999999481, 49.010416666666089 ], [ 12.19791666666606, 49.014583333332759 ], [ 12.210416666666104, 49.027083333332733 ], [ 12.235416666666056, 49.02708333333274 ], [ 12.239583333332803, 49.02291666666607 ], [ 12.252083333332791, 49.022916666666056 ], [ 12.264583333332752, 49.010416666666096 ], [ 12.277083333332742, 49.010416666666096 ], [ 12.281249999999375, 49.014583333332752 ], [ 12.306249999999409, 49.014583333332759 ], [ 12.318749999999483, 49.014583333332766 ], [ 12.322916666666062, 49.010416666666089 ], [ 12.327083333332808, 49.010416666666096 ], [ 12.331249999999443, 49.00624999999944 ], [ 12.335416666666106, 49.00624999999944 ], [ 12.339583333332767, 49.002083333332742 ], [ 12.343749999999433, 48.997916666666086 ], [ 12.343749999999432, 48.99374999999943 ], [ 12.339583333332767, 48.989583333332767 ], [ 12.335416666666106, 48.98958333333276 ], [ 12.331249999999441, 48.985416666666062 ], [ 12.331249999999441, 48.981249999999399 ], [ 12.335416666666106, 48.977083333332757 ], [ 12.339583333332769, 48.97708333333275 ], [ 12.360416666666055, 48.977083333332743 ], [ 12.364583333332801, 48.972916666666087 ], [ 12.377083333332791, 48.972916666666102 ], [ 12.381249999999453, 48.97708333333275 ], [ 12.385416666666089, 48.981249999999406 ], [ 12.4145833333327, 48.98124999999942 ], [ 12.418749999999449, 48.97708333333275 ], [ 12.427083333332773, 48.977083333332743 ], [ 12.431249999999439, 48.972916666666087 ], [ 12.439583333332736, 48.972916666666094 ], [ 12.443749999999396, 48.968749999999439 ], [ 12.460416666666134, 48.968749999999439 ], [ 12.468749999999432, 48.96041666666607 ], [ 12.468749999999432, 48.956249999999429 ], [ 12.472916666666093, 48.952083333332759 ], [ 12.477083333332756, 48.952083333332752 ], [ 12.485416666666081, 48.96041666666607 ], [ 12.493749999999379, 48.960416666666063 ], [ 12.497916666666129, 48.956249999999422 ], [ 12.497916666666129, 48.952083333332759 ], [ 12.502083333332791, 48.947916666666089 ], [ 12.51458333333275, 48.947916666666096 ], [ 12.518749999999415, 48.947916666666089 ], [ 12.522916666666077, 48.943749999999433 ], [ 12.510416666666117, 48.931249999999416 ], [ 12.510416666666117, 48.922916666666097 ], [ 12.522916666666074, 48.91041666666608 ], [ 12.531249999999401, 48.902083333332769 ], [ 12.539583333332729, 48.902083333332776 ], [ 12.543749999999363, 48.89791666666607 ], [ 12.547916666666113, 48.89791666666607 ], [ 12.564583333332763, 48.89791666666607 ], [ 12.568749999999397, 48.8937499999994 ], [ 12.568749999999396, 48.889583333332752 ], [ 12.57291666666606, 48.885416666666096 ], [ 12.577083333332723, 48.885416666666103 ], [ 12.58124999999947, 48.889583333332752 ], [ 12.585416666666134, 48.889583333332759 ], [ 12.589583333332797, 48.8937499999994 ], [ 12.589583333332797, 48.89791666666607 ], [ 12.59374999999943, 48.902083333332769 ], [ 12.60624999999942, 48.902083333332769 ], [ 12.610416666666083, 48.89791666666607 ], [ 12.61874999999938, 48.897916666666063 ], [ 12.627083333332791, 48.906249999999417 ], [ 12.631249999999453, 48.91041666666608 ], [ 12.635416666666115, 48.906249999999417 ], [ 12.63958333333278, 48.906249999999417 ], [ 12.677083333332774, 48.906249999999432 ], [ 12.681249999999437, 48.902083333332776 ], [ 12.689583333332761, 48.902083333332769 ], [ 12.693749999999424, 48.897916666666056 ], [ 12.69791666666606, 48.897916666666077 ], [ 12.702083333332723, 48.893749999999407 ], [ 12.710416666666132, 48.893749999999393 ], [ 12.714583333332797, 48.889583333332759 ], [ 12.718749999999456, 48.889583333332759 ], [ 12.722916666666096, 48.885416666666103 ], [ 12.73541666666608, 48.885416666666096 ], [ 12.739583333332746, 48.881249999999426 ], [ 12.743749999999411, 48.881249999999433 ], [ 12.760416666666117, 48.864583333332753 ], [ 12.760416666666117, 48.860416666666104 ], [ 12.764583333332778, 48.856249999999442 ], [ 12.764583333332782, 48.847916666666102 ], [ 12.764583333332782, 48.843749999999424 ], [ 12.772916666666104, 48.83541666666607 ], [ 12.77708333333274, 48.835416666666077 ], [ 12.781249999999403, 48.831249999999415 ], [ 12.785416666666064, 48.8312499999994 ], [ 12.789583333332729, 48.827083333332737 ], [ 12.83124999999939, 48.827083333332745 ], [ 12.84374999999946, 48.839583333332769 ], [ 12.847916666666121, 48.839583333332762 ], [ 12.852083333332786, 48.843749999999417 ], [ 12.864583333332744, 48.843749999999417 ], [ 12.906249999999403, 48.843749999999417 ], [ 12.914583333332731, 48.843749999999432 ], [ 12.918749999999392, 48.839583333332747 ], [ 12.922916666666053, 48.839583333332762 ], [ 12.927083333332719, 48.835416666666077 ], [ 12.935416666666102, 48.83541666666607 ], [ 12.939583333332765, 48.8312499999994 ], [ 12.947916666666089, 48.831249999999407 ], [ 12.952083333332748, 48.827083333332737 ], [ 12.956249999999413, 48.827083333332737 ], [ 12.960416666666047, 48.822916666666096 ], [ 12.964583333332797, 48.822916666666096 ], [ 12.968749999999458, 48.818749999999426 ], [ 12.968749999999458, 48.810416666666079 ], [ 12.972916666666123, 48.806249999999459 ], [ 12.977083333332786, 48.806249999999459 ], [ 12.985416666666083, 48.797916666666104 ], [ 12.989583333332744, 48.797916666666104 ], [ 12.993749999999409, 48.793749999999434 ], [ 12.99791666666607, 48.793749999999427 ], [ 13.006249999999397, 48.785416666666087 ], [ 13.006249999999396, 48.777083333332762 ], [ 13.022916666666108, 48.76041666666611 ], [ 13.035416666666064, 48.747916666666107 ], [ 13.035416666666064, 48.739583333332739 ], [ 13.027083333332769, 48.731249999999434 ], [ 13.022916666666108, 48.731249999999442 ], [ 13.014583333332697, 48.722916666666073 ], [ 13.018749999999441, 48.718749999999424 ], [ 13.039583333332729, 48.718749999999417 ], [ 13.047916666666055, 48.727083333332772 ], [ 13.056249999999379, 48.727083333332772 ], [ 13.064583333332678, 48.718749999999424 ], [ 13.081249999999415, 48.718749999999424 ], [ 13.085416666666077, 48.714583333332754 ], [ 13.089583333332712, 48.714583333332754 ], [ 13.097916666666125, 48.706249999999407 ], [ 13.097916666666121, 48.70208333333278 ], [ 13.085416666666076, 48.68958333333277 ], [ 13.089583333332712, 48.685416666666065 ], [ 13.110416666666111, 48.685416666666057 ], [ 13.114583333332748, 48.681249999999466 ], [ 13.114583333332744, 48.677083333332753 ], [ 13.114583333332748, 48.668749999999434 ], [ 13.118749999999409, 48.664583333332779 ], [ 13.122916666666072, 48.664583333332786 ], [ 13.127083333332733, 48.660416666666109 ], [ 13.15208333333277, 48.660416666666116 ], [ 13.160416666666094, 48.652083333332769 ], [ 13.164583333332754, 48.652083333332754 ], [ 13.172916666666053, 48.643749999999429 ], [ 13.177083333332718, 48.643749999999429 ], [ 13.181249999999379, 48.639583333332752 ], [ 13.185416666666129, 48.639583333332752 ], [ 13.189583333332704, 48.635416666666082 ], [ 13.193749999999424, 48.635416666666082 ], [ 13.197916666666089, 48.631249999999412 ], [ 13.206249999999415, 48.631249999999426 ], [ 13.210416666666077, 48.627083333332777 ], [ 13.214583333332738, 48.627083333332763 ], [ 13.218749999999375, 48.6229166666661 ], [ 13.222916666666036, 48.6229166666661 ], [ 13.227083333332788, 48.618749999999409 ], [ 13.231249999999449, 48.618749999999402 ], [ 13.23541666666611, 48.614583333332753 ], [ 13.239583333332774, 48.614583333332753 ], [ 13.243749999999411, 48.610416666666097 ], [ 13.252083333332733, 48.610416666666097 ], [ 13.256249999999397, 48.606249999999427 ], [ 13.268749999999384, 48.606249999999413 ], [ 13.272916666666104, 48.610416666666097 ], [ 13.302083333332718, 48.610416666666083 ], [ 13.306249999999382, 48.606249999999427 ], [ 13.318749999999369, 48.606249999999427 ], [ 13.322916666666089, 48.602083333332786 ], [ 13.360416666666111, 48.602083333332786 ], [ 13.364583333332776, 48.597916666666109 ], [ 13.3729166666661, 48.597916666666116 ], [ 13.381249999999397, 48.597916666666109 ], [ 13.38541666666606, 48.59374999999941 ], [ 13.389583333332725, 48.59374999999941 ], [ 13.393749999999384, 48.589583333332754 ], [ 13.397916666666047, 48.589583333332769 ], [ 13.410416666666093, 48.577083333332787 ], [ 13.41874999999942, 48.577083333332787 ], [ 13.422916666666081, 48.572916666666075 ], [ 13.439583333332704, 48.572916666666075 ], [ 13.443749999999367, 48.577083333332787 ], [ 13.472916666666066, 48.577083333332787 ], [ 13.477083333332731, 48.577083333332787 ], [ 13.481249999999363, 48.572916666666075 ], [ 13.493749999999437, 48.572916666666075 ], [ 13.502083333332761, 48.581249999999386 ], [ 13.502083333332765, 48.585416666666099 ], [ 13.506249999999399, 48.589583333332762 ], [ 13.514583333332721, 48.589583333332754 ], [ 13.527083333332712, 48.589583333332754 ], [ 13.535416666666094, 48.581249999999393 ], [ 13.539583333332759, 48.5812499999994 ], [ 13.552083333332746, 48.568749999999419 ], [ 13.556249999999409, 48.568749999999419 ], [ 13.560416666666043, 48.56458333333277 ], [ 13.564583333332706, 48.56458333333277 ], [ 13.568749999999369, 48.560416666666107 ], [ 13.577083333332782, 48.5604166666661 ], [ 13.581249999999441, 48.5604166666661 ], [ 13.58958333333274, 48.568749999999419 ], [ 13.602083333332727, 48.568749999999419 ], [ 13.60624999999939, 48.564583333332763 ], [ 13.610416666666023, 48.564583333332763 ], [ 13.614583333332687, 48.560416666666107 ], [ 13.618749999999439, 48.560416666666107 ], [ 13.622916666666102, 48.556249999999444 ], [ 13.631249999999426, 48.556249999999444 ], [ 13.635416666666059, 48.552083333332774 ], [ 13.643749999999386, 48.552083333332781 ], [ 13.652083333332712, 48.552083333332781 ], [ 13.656249999999373, 48.547916666666083 ], [ 13.656249999999373, 48.543749999999434 ], [ 13.660416666666121, 48.539583333332757 ], [ 13.664583333332757, 48.535416666666123 ], [ 13.668749999999417, 48.535416666666109 ], [ 13.672916666666083, 48.531249999999446 ], [ 13.681249999999411, 48.531249999999453 ], [ 13.685416666666068, 48.52708333333274 ], [ 13.693749999999369, 48.527083333332747 ], [ 13.702083333332695, 48.518749999999429 ], [ 13.710416666666106, 48.518749999999436 ], [ 13.714583333332738, 48.514583333332723 ], [ 13.727083333332729, 48.514583333332723 ], [ 13.739583333332718, 48.502083333332763 ], [ 13.739583333332718, 48.4979166666661 ], [ 13.747916666666102, 48.489583333332739 ], [ 13.752083333332761, 48.489583333332739 ], [ 13.760416666666089, 48.48124999999942 ], [ 13.764583333332752, 48.48124999999942 ], [ 13.768749999999386, 48.477083333332757 ], [ 13.772916666666047, 48.477083333332757 ], [ 13.77708333333271, 48.472916666666102 ], [ 13.781249999999373, 48.468749999999453 ], [ 13.79374999999942, 48.468749999999453 ], [ 13.797916666666085, 48.464583333332797 ], [ 13.806249999999409, 48.464583333332783 ], [ 13.810416666666072, 48.460416666666092 ], [ 13.814583333332733, 48.460416666666106 ], [ 13.827083333332693, 48.447916666666103 ], [ 13.831249999999441, 48.447916666666103 ], [ 13.839583333332769, 48.439583333332742 ], [ 13.843749999999401, 48.439583333332756 ], [ 13.852083333332727, 48.431249999999437 ], [ 13.856249999999392, 48.431249999999444 ], [ 13.860416666666053, 48.427083333332767 ], [ 13.86874999999938, 48.427083333332781 ], [ 13.872916666666015, 48.431249999999437 ], [ 13.868749999999379, 48.435416666666093 ], [ 13.864583333332719, 48.4354166666661 ], [ 13.856249999999392, 48.443749999999419 ], [ 13.856249999999392, 48.44791666666611 ], [ 13.860416666666051, 48.452083333332766 ], [ 13.864583333332718, 48.452083333332766 ], [ 13.868749999999379, 48.447916666666103 ], [ 13.872916666666017, 48.447916666666117 ], [ 13.877083333332763, 48.443749999999419 ], [ 13.885416666666091, 48.443749999999412 ], [ 13.88958333333275, 48.447916666666103 ], [ 13.893749999999413, 48.447916666666103 ], [ 13.897916666666049, 48.452083333332766 ], [ 13.902083333332712, 48.452083333332773 ], [ 13.906249999999375, 48.456249999999429 ], [ 13.910416666666121, 48.456249999999429 ], [ 13.918749999999449, 48.447916666666103 ], [ 13.918749999999449, 48.439583333332756 ], [ 13.927083333332746, 48.43124999999943 ], [ 13.927083333332746, 48.418749999999434 ], [ 13.943749999999397, 48.40208333333279 ], [ 13.952083333332695, 48.410416666666109 ], [ 13.952083333332695, 48.414583333332757 ], [ 13.956249999999358, 48.418749999999427 ], [ 13.977083333332725, 48.41874999999942 ], [ 13.981249999999392, 48.422916666666076 ], [ 13.985416666666055, 48.422916666666083 ], [ 13.989583333332716, 48.418749999999434 ], [ 13.993749999999377, 48.41874999999942 ], [ 14.014583333332752, 48.397916666666092 ], [ 14.014583333332752, 48.393749999999429 ], [ 14.031249999999375, 48.377083333332749 ], [ 14.031249999999375, 48.372916666666093 ], [ 14.027083333332712, 48.368749999999444 ], [ 14.02708333333271, 48.364583333332781 ], [ 14.022916666666077, 48.360416666666126 ], [ 14.022916666666076, 48.343749999999439 ], [ 14.035416666666038, 48.331249999999422 ], [ 14.039583333332786, 48.331249999999422 ], [ 14.043749999999363, 48.327083333332766 ], [ 14.056249999999407, 48.327083333332766 ], [ 14.060416666666072, 48.322916666666103 ], [ 14.064583333332733, 48.322916666666096 ], [ 14.068749999999397, 48.318749999999405 ], [ 14.085416666666104, 48.318749999999405 ], [ 14.08958333333277, 48.314583333332756 ], [ 14.102083333332756, 48.314583333332742 ], [ 14.10624999999939, 48.310416666666086 ], [ 14.110416666666055, 48.310416666666093 ], [ 14.131249999999337, 48.310416666666079 ], [ 14.135416666666003, 48.314583333332749 ], [ 14.147916666666077, 48.314583333332749 ], [ 14.152083333332737, 48.318749999999397 ], [ 14.156249999999403, 48.318749999999405 ], [ 14.160416666666038, 48.322916666666103 ], [ 14.164583333332788, 48.32291666666611 ], [ 14.168749999999363, 48.327083333332766 ], [ 14.172916666666111, 48.327083333332766 ], [ 14.177083333332774, 48.331249999999415 ], [ 14.181249999999439, 48.331249999999415 ], [ 14.193749999999399, 48.331249999999415 ], [ 14.206249999999388, 48.318749999999405 ], [ 14.210416666666021, 48.318749999999405 ], [ 14.21874999999943, 48.310416666666079 ], [ 14.227083333332757, 48.310416666666093 ], [ 14.23124999999942, 48.306249999999423 ], [ 14.235416666666055, 48.30624999999943 ], [ 14.239583333332718, 48.310416666666093 ], [ 14.26041666666603, 48.310416666666093 ], [ 14.264583333332663, 48.306249999999423 ], [ 14.281249999999401, 48.306249999999423 ], [ 14.285416666666064, 48.310416666666086 ], [ 14.289583333332699, 48.310416666666086 ], [ 14.293749999999362, 48.314583333332756 ], [ 14.29791666666611, 48.318749999999397 ], [ 14.302083333332774, 48.318749999999397 ], [ 14.306249999999434, 48.322916666666096 ], [ 14.314583333332733, 48.32291666666611 ], [ 14.318749999999399, 48.318749999999412 ], [ 14.322916666666059, 48.318749999999405 ], [ 14.331249999999386, 48.310416666666093 ], [ 14.335416666666047, 48.30624999999943 ], [ 14.335416666666051, 48.302083333332781 ], [ 14.339583333332714, 48.297916666666111 ], [ 14.339583333332714, 48.293749999999413 ], [ 14.343749999999343, 48.28958333333275 ], [ 14.343749999999346, 48.285416666666094 ], [ 14.347916666666094, 48.281249999999446 ], [ 14.352083333332754, 48.281249999999432 ], [ 14.360416666666085, 48.272916666666127 ], [ 14.36874999999938, 48.272916666666127 ], [ 14.372916666666045, 48.268749999999422 ], [ 14.385416666666028, 48.268749999999415 ], [ 14.389583333332693, 48.264583333332766 ], [ 14.393749999999327, 48.264583333332766 ], [ 14.40208333333274, 48.256249999999447 ], [ 14.418749999999362, 48.256249999999454 ], [ 14.422916666666026, 48.252083333332763 ], [ 14.431249999999435, 48.252083333332763 ], [ 14.435416666666102, 48.2479166666661 ], [ 14.439583333332763, 48.247916666666093 ], [ 14.447916666666057, 48.239583333332767 ], [ 14.452083333332721, 48.23958333333276 ], [ 14.456249999999384, 48.235416666666111 ], [ 14.460416666666049, 48.235416666666119 ], [ 14.468749999999373, 48.235416666666111 ], [ 14.472916666666011, 48.23958333333276 ], [ 14.485416666666083, 48.23958333333276 ], [ 14.489583333332742, 48.243749999999423 ], [ 14.493749999999411, 48.24374999999943 ], [ 14.510416666666034, 48.24374999999943 ], [ 14.514583333332695, 48.239583333332767 ], [ 14.531249999999401, 48.239583333332767 ], [ 14.535416666666064, 48.235416666666119 ], [ 14.539583333332725, 48.235416666666111 ], [ 14.552083333332691, 48.235416666666119 ], [ 14.556249999999437, 48.231249999999463 ], [ 14.564583333332763, 48.231249999999456 ], [ 14.568749999999424, 48.231249999999463 ], [ 14.572916666666091, 48.22708333333275 ], [ 14.581249999999386, 48.22708333333275 ], [ 14.58958333333271, 48.218749999999432 ], [ 14.614583333332746, 48.193749999999447 ], [ 14.618749999999409, 48.193749999999447 ], [ 14.622916666666072, 48.189583333332742 ], [ 14.627083333332708, 48.189583333332742 ], [ 14.639583333332695, 48.177083333332767 ], [ 14.643749999999356, 48.177083333332767 ], [ 14.647916666666022, 48.172916666666119 ], [ 14.652083333332738, 48.172916666666111 ], [ 14.6562499999994, 48.168749999999449 ], [ 14.664583333332731, 48.168749999999456 ], [ 14.668749999999394, 48.164583333332743 ], [ 14.685416666666098, 48.164583333332743 ], [ 14.689583333332765, 48.168749999999463 ], [ 14.706249999999391, 48.168749999999463 ], [ 14.710416666666049, 48.172916666666111 ], [ 14.735416666665998, 48.172916666666126 ], [ 14.747916666666075, 48.172916666666119 ], [ 14.752083333332731, 48.177083333332767 ], [ 14.764583333332693, 48.17708333333276 ], [ 14.768749999999358, 48.18124999999943 ], [ 14.777083333332769, 48.18124999999943 ], [ 14.793749999999392, 48.181249999999423 ], [ 14.797916666666053, 48.1854166666661 ], [ 14.810416666666015, 48.1854166666661 ], [ 14.822916666666087, 48.185416666666093 ], [ 14.827083333332752, 48.189583333332742 ], [ 14.835416666666045, 48.189583333332742 ], [ 14.839583333332714, 48.19374999999944 ], [ 14.843749999999376, 48.193749999999447 ], [ 14.847916666666034, 48.19791666666611 ], [ 14.847916666666038, 48.202083333332745 ], [ 14.85624999999936, 48.21041666666612 ], [ 14.856249999999362, 48.222916666666109 ], [ 14.860416666666024, 48.227083333332743 ], [ 14.872916666666068, 48.227083333332736 ], [ 14.877083333332733, 48.231249999999463 ], [ 14.889583333332695, 48.231249999999463 ], [ 14.893749999999354, 48.227083333332743 ], [ 14.897916666666022, 48.227083333332743 ], [ 14.902083333332683, 48.231249999999463 ], [ 14.906249999999432, 48.231249999999456 ], [ 14.93958333333268, 48.231249999999456 ], [ 14.952083333332752, 48.218749999999439 ], [ 14.952083333332752, 48.214583333332769 ], [ 14.960416666666079, 48.206249999999457 ], [ 14.96458333333274, 48.202083333332759 ], [ 14.972916666666036, 48.202083333332759 ], [ 14.977083333332699, 48.19791666666611 ], [ 14.993749999999405, 48.19791666666611 ], [ 14.997916666665986, 48.193749999999447 ], [ 15.002083333332735, 48.193749999999447 ], [ 15.027083333332683, 48.19374999999944 ], [ 15.031249999999432, 48.19791666666611 ], [ 15.060416666666043, 48.19791666666611 ], [ 15.064583333332703, 48.19374999999944 ], [ 15.068749999999365, 48.19374999999944 ], [ 15.07708333333275, 48.185416666666093 ], [ 15.081249999999411, 48.185416666666093 ], [ 15.093749999999405, 48.172916666666111 ], [ 15.097916666666038, 48.172916666666119 ], [ 15.114583333332687, 48.172916666666111 ], [ 15.118749999999435, 48.177083333332774 ], [ 15.118749999999437, 48.1854166666661 ], [ 15.110416666666028, 48.19374999999944 ], [ 15.110416666666028, 48.19791666666611 ], [ 15.118749999999437, 48.206249999999457 ], [ 15.122916666665983, 48.206249999999464 ], [ 15.127083333332735, 48.210416666666127 ], [ 15.143749999999386, 48.21041666666612 ], [ 15.147916666666051, 48.214583333332776 ], [ 15.152083333332687, 48.214583333332776 ], [ 15.193749999999369, 48.214583333332776 ], [ 15.206249999999331, 48.214583333332769 ], [ 15.21458333333274, 48.214583333332762 ], [ 15.235416666666026, 48.214583333332776 ], [ 15.239583333332682, 48.218749999999432 ], [ 15.247916666666017, 48.218749999999432 ], [ 15.252083333332676, 48.222916666666102 ], [ 15.29374999999942, 48.222916666666109 ], [ 15.302083333332746, 48.222916666666109 ], [ 15.306249999999382, 48.227083333332757 ], [ 15.314583333332706, 48.22708333333275 ], [ 15.318749999999369, 48.231249999999456 ], [ 15.322916666666034, 48.231249999999456 ], [ 15.327083333332697, 48.235416666666119 ], [ 15.331249999999326, 48.235416666666111 ], [ 15.335416666665992, 48.239583333332767 ], [ 15.343749999999405, 48.23958333333276 ], [ 15.347916666666068, 48.24374999999943 ], [ 15.352083333332729, 48.243749999999437 ], [ 15.356249999999392, 48.247916666666086 ], [ 15.360416666666024, 48.247916666666093 ], [ 15.389583333332723, 48.27708333333279 ], [ 15.393749999999383, 48.277083333332783 ], [ 15.402083333332717, 48.285416666666102 ], [ 15.406249999999376, 48.289583333332772 ], [ 15.406249999999376, 48.297916666666111 ], [ 15.410416666666009, 48.302083333332781 ], [ 15.410416666666006, 48.331249999999415 ], [ 15.406249999999373, 48.335416666666127 ], [ 15.406249999999376, 48.347916666666102 ], [ 15.410416666666009, 48.352083333332772 ], [ 15.410416666666009, 48.356249999999427 ], [ 15.414583333332669, 48.360416666666119 ], [ 15.41874999999942, 48.360416666666126 ], [ 15.422916666666088, 48.364583333332789 ], [ 15.427083333332748, 48.364583333332781 ], [ 15.431249999999409, 48.368749999999437 ], [ 15.439583333332708, 48.368749999999444 ], [ 15.443749999999367, 48.372916666666086 ], [ 15.447916666666032, 48.3729166666661 ], [ 15.452083333332695, 48.377083333332756 ], [ 15.456249999999354, 48.377083333332749 ], [ 15.472916666666062, 48.393749999999429 ], [ 15.481249999999394, 48.40208333333279 ], [ 15.485416666666055, 48.402083333332783 ], [ 15.489583333332686, 48.406249999999446 ], [ 15.493749999999352, 48.406249999999453 ], [ 15.497916666666017, 48.410416666666102 ], [ 15.50208333333268, 48.410416666666102 ], [ 15.506249999999426, 48.406249999999446 ], [ 15.510416666666089, 48.406249999999446 ], [ 15.514583333332723, 48.40208333333279 ], [ 15.514583333332723, 48.397916666666092 ], [ 15.527083333332712, 48.385416666666075 ], [ 15.54791666666608, 48.38541666666606 ], [ 15.552083333332742, 48.389583333332766 ], [ 15.560416666666077, 48.38958333333278 ], [ 15.564583333332738, 48.393749999999443 ], [ 15.568749999999369, 48.393749999999436 ], [ 15.57291666666603, 48.397916666666092 ], [ 15.581249999999356, 48.397916666666084 ], [ 15.585416666666017, 48.40208333333279 ], [ 15.602083333332727, 48.40208333333279 ], [ 15.614583333332716, 48.402083333332783 ], [ 15.643749999999383, 48.402083333332783 ], [ 15.660416666666038, 48.385416666666075 ], [ 15.664583333332697, 48.38541666666606 ], [ 15.668749999999363, 48.381249999999426 ], [ 15.681249999999409, 48.381249999999412 ], [ 15.685416666666068, 48.385416666666067 ], [ 15.693749999999399, 48.38541666666606 ], [ 15.697916666666032, 48.38958333333278 ], [ 15.714583333332685, 48.389583333332773 ], [ 15.718749999999346, 48.385416666666067 ], [ 15.722916666665977, 48.38541666666606 ], [ 15.731249999999394, 48.377083333332763 ], [ 15.735416666666056, 48.377083333332756 ], [ 15.739583333332714, 48.372916666666093 ] ] } },
{ "type": "Feature", "properties": { "river": "Isar" }, "geometry": { "type": "LineString", "coordinates": [ [ 11.487499999999443, 47.372916666666093 ], [ 11.460416666666077, 47.372916666666079 ], [ 11.456249999999415, 47.377083333332799 ], [ 11.447916666666087, 47.377083333332799 ], [ 11.443749999999454, 47.372916666666093 ], [ 11.439583333332791, 47.372916666666086 ], [ 11.435416666666129, 47.368749999999466 ], [ 11.431249999999464, 47.372916666666093 ], [ 11.414583333332757, 47.372916666666086 ], [ 11.410416666666093, 47.377083333332799 ], [ 11.389583333332808, 47.377083333332791 ], [ 11.385416666666146, 47.372916666666093 ], [ 11.381249999999483, 47.377083333332799 ], [ 11.352083333332788, 47.377083333332799 ], [ 11.347916666666121, 47.381249999999447 ], [ 11.335416666666077, 47.381249999999447 ], [ 11.331249999999415, 47.377083333332799 ], [ 11.310416666666127, 47.377083333332799 ], [ 11.302083333332801, 47.377083333332791 ], [ 11.29791666666614, 47.381249999999447 ], [ 11.289583333332727, 47.381249999999447 ], [ 11.281249999999432, 47.381249999999447 ], [ 11.277083333332769, 47.38541666666611 ], [ 11.268749999999443, 47.38541666666611 ], [ 11.26458333333278, 47.389583333332773 ], [ 11.26458333333278, 47.393749999999429 ], [ 11.268749999999443, 47.397916666666127 ], [ 11.256249999999481, 47.410416666666094 ], [ 11.256249999999481, 47.427083333332789 ], [ 11.260416666666146, 47.431249999999423 ], [ 11.268749999999445, 47.439583333332806 ], [ 11.268749999999443, 47.44374999999944 ], [ 11.272916666666106, 47.44791666666611 ], [ 11.272916666666106, 47.452083333332759 ], [ 11.277083333332767, 47.456249999999429 ], [ 11.277083333332769, 47.46041666666612 ], [ 11.281249999999432, 47.464583333332783 ], [ 11.28124999999943, 47.472916666666094 ], [ 11.277083333332769, 47.4770833333328 ], [ 11.281249999999432, 47.48124999999947 ], [ 11.277083333332769, 47.485416666666119 ], [ 11.277083333332769, 47.493749999999437 ], [ 11.285416666666094, 47.502083333332791 ], [ 11.289583333332729, 47.506249999999454 ], [ 11.289583333332729, 47.51041666666611 ], [ 11.293749999999394, 47.514583333332773 ], [ 11.306249999999466, 47.52708333333279 ], [ 11.310416666666129, 47.527083333332797 ], [ 11.314583333332763, 47.53124999999946 ], [ 11.331249999999415, 47.53124999999946 ], [ 11.335416666666077, 47.535416666666102 ], [ 11.33958333333274, 47.535416666666094 ], [ 11.343749999999375, 47.539583333332807 ], [ 11.352083333332786, 47.539583333332814 ], [ 11.356249999999449, 47.543749999999463 ], [ 11.37708333333282, 47.543749999999463 ], [ 11.381249999999481, 47.547916666666126 ], [ 11.393749999999443, 47.547916666666119 ], [ 11.397916666666104, 47.552083333332781 ], [ 11.427083333332801, 47.552083333332781 ], [ 11.431249999999466, 47.556249999999451 ], [ 11.435416666666129, 47.556249999999444 ], [ 11.439583333332791, 47.560416666666107 ], [ 11.485416666666111, 47.560416666666107 ], [ 11.506249999999483, 47.560416666666107 ], [ 11.510416666666144, 47.564583333332806 ], [ 11.514583333332807, 47.564583333332799 ], [ 11.518749999999471, 47.568749999999461 ], [ 11.522916666666108, 47.568749999999461 ], [ 11.527083333332767, 47.572916666666117 ], [ 11.535416666666094, 47.572916666666124 ], [ 11.539583333332759, 47.577083333332773 ], [ 11.547916666666085, 47.577083333332773 ], [ 11.552083333332718, 47.581249999999436 ], [ 11.552083333332718, 47.58958333333279 ], [ 11.56458333333279, 47.602083333332757 ], [ 11.572916666666117, 47.602083333332772 ], [ 11.58958333333274, 47.618749999999444 ], [ 11.58958333333274, 47.627083333332749 ], [ 11.593749999999403, 47.631249999999461 ], [ 11.58958333333274, 47.635416666666124 ], [ 11.58958333333274, 47.639583333332773 ], [ 11.585416666666077, 47.643749999999429 ], [ 11.585416666666077, 47.652083333332769 ], [ 11.581249999999415, 47.656249999999453 ], [ 11.585416666666077, 47.660416666666123 ], [ 11.581249999999413, 47.664583333332779 ], [ 11.572916666666115, 47.672916666666133 ], [ 11.572916666666117, 47.681249999999437 ], [ 11.572916666666117, 47.685416666666107 ], [ 11.56458333333279, 47.693749999999454 ], [ 11.564583333332791, 47.697916666666124 ], [ 11.560416666666129, 47.70208333333278 ], [ 11.560416666666129, 47.714583333332769 ], [ 11.556249999999466, 47.718749999999453 ], [ 11.556249999999466, 47.727083333332779 ], [ 11.56458333333279, 47.735416666666133 ], [ 11.564583333332791, 47.739583333332796 ], [ 11.564583333332791, 47.747916666666114 ], [ 11.556249999999464, 47.756249999999433 ], [ 11.556249999999464, 47.760416666666117 ], [ 11.552083333332718, 47.764583333332787 ], [ 11.547916666666085, 47.764583333332787 ], [ 11.543749999999418, 47.768749999999443 ], [ 11.539583333332757, 47.772916666666099 ], [ 11.543749999999418, 47.777083333332769 ], [ 11.547916666666085, 47.777083333332769 ], [ 11.552083333332716, 47.781249999999417 ], [ 11.543749999999418, 47.789583333332786 ], [ 11.543749999999418, 47.793749999999442 ], [ 11.552083333332718, 47.802083333332789 ], [ 11.552083333332716, 47.806249999999444 ], [ 11.547916666666083, 47.810416666666114 ], [ 11.543749999999418, 47.810416666666093 ], [ 11.535416666666094, 47.818749999999433 ], [ 11.535416666666094, 47.822916666666117 ], [ 11.527083333332769, 47.83124999999945 ], [ 11.522916666666106, 47.835416666666106 ], [ 11.518749999999471, 47.835416666666099 ], [ 11.514583333332807, 47.839583333332762 ], [ 11.514583333332808, 47.843749999999424 ], [ 11.518749999999471, 47.847916666666087 ], [ 11.514583333332808, 47.852083333332779 ], [ 11.514583333332808, 47.856249999999442 ], [ 11.506249999999481, 47.864583333332789 ], [ 11.502083333332736, 47.864583333332789 ], [ 11.493749999999437, 47.872916666666121 ], [ 11.489583333332773, 47.872916666666129 ], [ 11.485416666666111, 47.877083333332763 ], [ 11.485416666666111, 47.881249999999433 ], [ 11.477083333332786, 47.88958333333278 ], [ 11.46458333333274, 47.88958333333278 ], [ 11.452083333332752, 47.902083333332762 ], [ 11.452083333332752, 47.910416666666123 ], [ 11.443749999999454, 47.918749999999434 ], [ 11.443749999999454, 47.922916666666097 ], [ 11.435416666666129, 47.931249999999451 ], [ 11.435416666666129, 47.939583333332763 ], [ 11.443749999999454, 47.947916666666089 ], [ 11.456249999999415, 47.947916666666103 ], [ 11.472916666666038, 47.964583333332776 ], [ 11.472916666666038, 47.985416666666104 ], [ 11.477083333332786, 47.989583333332767 ], [ 11.477083333332786, 47.993749999999416 ], [ 11.481249999999449, 47.997916666666114 ], [ 11.481249999999449, 48.006249999999433 ], [ 11.497916666666072, 48.02291666666612 ], [ 11.514583333332807, 48.03958333333275 ], [ 11.514583333332807, 48.043749999999442 ], [ 11.527083333332769, 48.05624999999943 ], [ 11.535416666666093, 48.056249999999423 ], [ 11.539583333332757, 48.060416666666121 ], [ 11.539583333332757, 48.077083333332759 ], [ 11.54374999999942, 48.081249999999464 ], [ 11.54374999999942, 48.085416666666106 ], [ 11.547916666666085, 48.089583333332769 ], [ 11.547916666666083, 48.093749999999432 ], [ 11.552083333332718, 48.09791666666608 ], [ 11.552083333332716, 48.102083333332786 ], [ 11.556249999999466, 48.106249999999442 ], [ 11.560416666666129, 48.110416666666111 ], [ 11.560416666666129, 48.11458333333276 ], [ 11.568749999999454, 48.122916666666065 ], [ 11.572916666666117, 48.122916666666079 ], [ 11.577083333332753, 48.127083333332777 ], [ 11.581249999999413, 48.127083333332777 ], [ 11.585416666666076, 48.131249999999454 ], [ 11.593749999999403, 48.139583333332808 ], [ 11.597916666666064, 48.143749999999415 ], [ 11.597916666666066, 48.14791666666612 ], [ 11.606249999999449, 48.156249999999439 ], [ 11.60624999999945, 48.160416666666102 ], [ 11.610416666666111, 48.164583333332757 ], [ 11.614583333332774, 48.164583333332757 ], [ 11.618749999999437, 48.168749999999456 ], [ 11.618749999999435, 48.172916666666119 ], [ 11.627083333332735, 48.18124999999943 ], [ 11.631249999999397, 48.185416666666093 ], [ 11.631249999999397, 48.189583333332742 ], [ 11.639583333332807, 48.19791666666611 ], [ 11.639583333332808, 48.202083333332752 ], [ 11.652083333332797, 48.214583333332769 ], [ 11.652083333332795, 48.218749999999432 ], [ 11.660416666666094, 48.227083333332743 ], [ 11.664583333332759, 48.227083333332743 ], [ 11.672916666666083, 48.235416666666119 ], [ 11.672916666666083, 48.239583333332767 ], [ 11.685416666666043, 48.252083333332763 ], [ 11.68124999999938, 48.25624999999944 ], [ 11.681249999999379, 48.260416666666103 ], [ 11.68124999999938, 48.264583333332766 ], [ 11.693749999999453, 48.277083333332797 ], [ 11.697916666666115, 48.281249999999439 ], [ 11.697916666666115, 48.293749999999406 ], [ 11.70208333333278, 48.297916666666111 ], [ 11.702083333332782, 48.32291666666611 ], [ 11.710416666666077, 48.331249999999422 ], [ 11.710416666666079, 48.335416666666134 ], [ 11.710416666666076, 48.33958333333279 ], [ 11.718749999999403, 48.347916666666094 ], [ 11.718749999999401, 48.352083333332757 ], [ 11.722916666666066, 48.356249999999413 ], [ 11.722916666666066, 48.360416666666126 ], [ 11.73124999999945, 48.368749999999444 ], [ 11.73541666666611, 48.368749999999437 ], [ 11.73541666666611, 48.377083333332749 ], [ 11.739583333332773, 48.381249999999412 ], [ 11.743749999999437, 48.385416666666067 ], [ 11.743749999999437, 48.389583333332773 ], [ 11.756249999999424, 48.402083333332783 ], [ 11.760416666666062, 48.40208333333279 ], [ 11.764583333332808, 48.406249999999446 ], [ 11.78124999999946, 48.406249999999453 ], [ 11.785416666666094, 48.40208333333279 ], [ 11.797916666666083, 48.40208333333279 ], [ 11.802083333332746, 48.406249999999446 ], [ 11.814583333332706, 48.406249999999439 ], [ 11.831249999999443, 48.406249999999446 ], [ 11.835416666666079, 48.406249999999453 ], [ 11.83958333333274, 48.410416666666087 ], [ 11.843749999999401, 48.410416666666087 ], [ 11.847916666666068, 48.414583333332764 ], [ 11.856249999999477, 48.414583333332757 ], [ 11.86041666666614, 48.418749999999434 ], [ 11.877083333332761, 48.418749999999427 ], [ 11.881249999999426, 48.422916666666076 ], [ 11.885416666666089, 48.422916666666083 ], [ 11.889583333332721, 48.427083333332774 ], [ 11.897916666666136, 48.427083333332781 ], [ 11.902083333332797, 48.431249999999444 ], [ 11.914583333332756, 48.431249999999437 ], [ 11.922916666666083, 48.439583333332763 ], [ 11.927083333332746, 48.439583333332749 ], [ 11.931249999999409, 48.443749999999412 ], [ 11.939583333332735, 48.443749999999419 ], [ 11.943749999999453, 48.44791666666611 ], [ 11.943749999999454, 48.460416666666099 ], [ 11.95208333333278, 48.468749999999446 ], [ 11.95208333333278, 48.472916666666116 ], [ 11.956249999999443, 48.47708333333275 ], [ 11.956249999999443, 48.481249999999427 ], [ 11.952083333332778, 48.485416666666083 ], [ 11.952083333332778, 48.497916666666093 ], [ 11.956249999999441, 48.502083333332756 ], [ 11.977083333332814, 48.502083333332763 ], [ 11.981249999999392, 48.497916666666121 ], [ 11.993749999999437, 48.497916666666107 ], [ 12.018749999999386, 48.497916666666107 ], [ 12.022916666666049, 48.502083333332749 ], [ 12.047916666666083, 48.50208333333277 ], [ 12.052083333332748, 48.506249999999412 ], [ 12.060416666666072, 48.506249999999426 ], [ 12.07708333333278, 48.506249999999419 ], [ 12.081249999999443, 48.510416666666082 ], [ 12.089583333332769, 48.510416666666082 ], [ 12.093749999999432, 48.514583333332723 ], [ 12.102083333332729, 48.514583333332737 ], [ 12.106249999999394, 48.518749999999436 ], [ 12.110416666666055, 48.518749999999429 ], [ 12.114583333332803, 48.522916666666099 ], [ 12.118749999999466, 48.522916666666092 ], [ 12.122916666666098, 48.522916666666099 ], [ 12.127083333332761, 48.527083333332747 ], [ 12.135416666666089, 48.527083333332747 ], [ 12.139583333332752, 48.531249999999453 ], [ 12.143749999999413, 48.531249999999453 ], [ 12.152083333332712, 48.539583333332764 ], [ 12.15624999999946, 48.539583333332764 ], [ 12.160416666666121, 48.54374999999942 ], [ 12.164583333332784, 48.54374999999942 ], [ 12.168749999999449, 48.547916666666083 ], [ 12.172916666666113, 48.547916666666097 ], [ 12.189583333332735, 48.564583333332763 ], [ 12.193749999999483, 48.568749999999419 ], [ 12.19791666666606, 48.568749999999419 ], [ 12.202083333332778, 48.572916666666075 ], [ 12.206249999999441, 48.572916666666075 ], [ 12.210416666666106, 48.577083333332794 ], [ 12.214583333332767, 48.577083333332787 ], [ 12.218749999999432, 48.5812499999994 ], [ 12.222916666666093, 48.581249999999386 ], [ 12.227083333332729, 48.585416666666099 ], [ 12.231249999999392, 48.585416666666099 ], [ 12.235416666666055, 48.589583333332754 ], [ 12.243749999999464, 48.589583333332754 ], [ 12.247916666666129, 48.59374999999941 ], [ 12.268749999999413, 48.59374999999941 ], [ 12.272916666666076, 48.597916666666109 ], [ 12.289583333332786, 48.597916666666116 ], [ 12.293749999999447, 48.602083333332786 ], [ 12.302083333332774, 48.602083333332779 ], [ 12.306249999999409, 48.606249999999434 ], [ 12.318749999999481, 48.606249999999427 ], [ 12.327083333332808, 48.60624999999942 ], [ 12.331249999999443, 48.610416666666097 ], [ 12.335416666666106, 48.61041666666609 ], [ 12.339583333332769, 48.614583333332753 ], [ 12.347916666666093, 48.614583333332753 ], [ 12.352083333332757, 48.618749999999395 ], [ 12.377083333332791, 48.618749999999409 ], [ 12.385416666666089, 48.618749999999409 ], [ 12.389583333332752, 48.618749999999395 ], [ 12.393749999999415, 48.622916666666107 ], [ 12.414583333332702, 48.622916666666107 ], [ 12.418749999999449, 48.627083333332763 ], [ 12.431249999999439, 48.627083333332777 ], [ 12.43541666666607, 48.627083333332763 ], [ 12.44791666666606, 48.627083333332763 ], [ 12.452083333332723, 48.631249999999412 ], [ 12.460416666666132, 48.631249999999412 ], [ 12.464583333332769, 48.631249999999412 ], [ 12.48124999999942, 48.631249999999419 ], [ 12.485416666666083, 48.635416666666082 ], [ 12.489583333332716, 48.635416666666075 ], [ 12.527083333332742, 48.635416666666075 ], [ 12.531249999999403, 48.639583333332759 ], [ 12.535416666666064, 48.639583333332745 ], [ 12.539583333332729, 48.643749999999443 ], [ 12.547916666666111, 48.643749999999422 ], [ 12.556249999999435, 48.643749999999436 ], [ 12.5604166666661, 48.647916666666106 ], [ 12.564583333332763, 48.647916666666092 ], [ 12.568749999999396, 48.652083333332762 ], [ 12.59374999999943, 48.652083333332762 ], [ 12.597916666666094, 48.656249999999432 ], [ 12.602083333332757, 48.656249999999432 ], [ 12.60624999999942, 48.660416666666116 ], [ 12.614583333332748, 48.660416666666109 ], [ 12.622916666666043, 48.660416666666109 ], [ 12.627083333332791, 48.664583333332786 ], [ 12.656249999999403, 48.664583333332786 ], [ 12.660416666666064, 48.668749999999427 ], [ 12.672916666666026, 48.668749999999442 ], [ 12.677083333332774, 48.672916666666083 ], [ 12.693749999999424, 48.672916666666076 ], [ 12.69791666666606, 48.677083333332753 ], [ 12.710416666666134, 48.67708333333276 ], [ 12.714583333332797, 48.681249999999451 ], [ 12.727083333332756, 48.681249999999459 ], [ 12.73124999999942, 48.685416666666057 ], [ 12.739583333332746, 48.685416666666072 ], [ 12.743749999999409, 48.689583333332756 ], [ 12.77708333333274, 48.68958333333277 ], [ 12.781249999999405, 48.693749999999433 ], [ 12.797916666666056, 48.693749999999426 ], [ 12.802083333332689, 48.697916666666082 ], [ 12.806249999999352, 48.697916666666082 ], [ 12.810416666666098, 48.70208333333278 ], [ 12.814583333332763, 48.702083333332794 ], [ 12.818749999999426, 48.7062499999994 ], [ 12.822916666666087, 48.7062499999994 ], [ 12.827083333332723, 48.710416666666084 ], [ 12.835416666666134, 48.710416666666099 ], [ 12.843749999999462, 48.718749999999439 ], [ 12.847916666666125, 48.72291666666608 ], [ 12.847916666666125, 48.731249999999434 ], [ 12.852083333332786, 48.735416666666083 ], [ 12.852083333332786, 48.739583333332746 ], [ 12.860416666666083, 48.747916666666107 ], [ 12.860416666666083, 48.752083333332777 ], [ 12.864583333332748, 48.756249999999433 ], [ 12.877083333332735, 48.76874999999945 ], [ 12.881249999999367, 48.768749999999443 ], [ 12.88958333333278, 48.777083333332762 ], [ 12.893749999999439, 48.777083333332769 ], [ 12.897916666666106, 48.781249999999424 ], [ 12.906249999999403, 48.781249999999424 ], [ 12.910416666666066, 48.785416666666087 ], [ 12.931249999999437, 48.785416666666087 ], [ 12.9354166666661, 48.781249999999424 ], [ 12.939583333332763, 48.781249999999424 ], [ 12.947916666666089, 48.781249999999424 ], [ 12.956249999999415, 48.789583333332736 ], [ 12.960416666666047, 48.789583333332743 ], [ 12.977083333332786, 48.806249999999459 ] ] } },
{ "type": "Feature", "properties": { "river": "Weser" }, "geometry": { "type": "LineString", "coordinates": [ [ 8.204166666666197, 50.970833333332727 ], [ 8.210416666666163, 50.977083333332729 ], [ 8.227083333332814, 50.977083333332729 ], [ 8.231249999999477, 50.98124999999937 ], [ 8.23541666666614, 50.98124999999937 ], [ 8.239583333332774, 50.985416666666076 ], [ 8.252083333332848, 50.985416666666083 ], [ 8.256249999999511, 50.989583333332739 ], [ 8.260416666666174, 50.993749999999373 ], [ 8.260416666666174, 50.99791666666605 ], [ 8.264583333332808, 51.002083333332713 ], [ 8.256249999999511, 51.010416666666067 ], [ 8.256249999999511, 51.018749999999372 ], [ 8.247916666666185, 51.02708333333274 ], [ 8.252083333332848, 51.031249999999396 ], [ 8.256249999999511, 51.031249999999389 ], [ 8.277083333332797, 51.052083333332732 ], [ 8.285416666666208, 51.052083333332725 ], [ 8.289583333332843, 51.052083333332739 ], [ 8.29374999999942, 51.047916666666069 ], [ 8.302083333332831, 51.047916666666069 ], [ 8.306249999999494, 51.04374999999937 ], [ 8.310416666666157, 51.047916666666069 ], [ 8.318749999999454, 51.047916666666076 ], [ 8.322916666666202, 51.043749999999363 ], [ 8.327083333332865, 51.047916666666076 ], [ 8.331249999999528, 51.04374999999937 ], [ 8.331249999999528, 51.039583333332722 ], [ 8.335416666666191, 51.035416666666066 ], [ 8.339583333332854, 51.035416666666059 ], [ 8.343749999999488, 51.031249999999389 ], [ 8.352083333332814, 51.031249999999389 ], [ 8.356249999999477, 51.035416666666052 ], [ 8.36041666666614, 51.035416666666059 ], [ 8.364583333332803, 51.031249999999389 ], [ 8.381249999999513, 51.031249999999389 ], [ 8.385416666666174, 51.027083333332747 ], [ 8.389583333332837, 51.022916666666042 ], [ 8.397916666666134, 51.022916666666049 ], [ 8.402083333332797, 51.02708333333274 ], [ 8.414583333332871, 51.027083333332747 ], [ 8.418749999999449, 51.022916666666042 ], [ 8.418749999999449, 51.018749999999372 ], [ 8.422916666666168, 51.014583333332737 ], [ 8.427083333332831, 51.01458333333273 ], [ 8.435416666666157, 51.006249999999405 ], [ 8.43958333333282, 51.006249999999397 ], [ 8.443749999999483, 51.010416666666067 ], [ 8.43958333333282, 51.014583333332737 ], [ 8.443749999999483, 51.018749999999386 ], [ 8.452083333332865, 51.018749999999372 ], [ 8.456249999999528, 51.01458333333273 ], [ 8.464583333332854, 51.022916666666042 ], [ 8.472916666666151, 51.022916666666049 ], [ 8.48541666666614, 51.01041666666606 ], [ 8.48541666666614, 51.002083333332706 ], [ 8.489583333332803, 50.997916666666043 ], [ 8.502083333332848, 50.997916666666043 ], [ 8.506249999999511, 50.993749999999373 ], [ 8.514583333332837, 50.99374999999938 ], [ 8.5187499999995, 50.989583333332739 ], [ 8.522916666666134, 50.99374999999938 ], [ 8.547916666666111, 50.993749999999373 ], [ 8.552083333332831, 50.989583333332739 ], [ 8.552083333332831, 50.985416666666083 ], [ 8.556249999999494, 50.98124999999937 ], [ 8.568749999999483, 50.98124999999937 ], [ 8.572916666666146, 50.985416666666083 ], [ 8.568749999999483, 50.989583333332739 ], [ 8.572916666666146, 50.993749999999395 ], [ 8.585416666666193, 50.993749999999388 ], [ 8.589583333332854, 50.997916666666043 ], [ 8.585416666666193, 51.002083333332713 ], [ 8.585416666666193, 51.006249999999397 ], [ 8.581249999999443, 51.01041666666606 ], [ 8.585416666666193, 51.014583333332737 ], [ 8.57708333333278, 51.022916666666049 ], [ 8.581249999999443, 51.02708333333274 ], [ 8.589583333332854, 51.02708333333274 ], [ 8.593749999999517, 51.022916666666042 ], [ 8.59791666666618, 51.022916666666049 ], [ 8.602083333332814, 51.018749999999372 ], [ 8.614583333332803, 51.018749999999372 ], [ 8.618749999999466, 51.022916666666042 ], [ 8.614583333332803, 51.027083333332747 ], [ 8.614583333332803, 51.031249999999403 ], [ 8.618749999999466, 51.035416666666052 ], [ 8.622916666666129, 51.035416666666059 ], [ 8.627083333332791, 51.031249999999389 ], [ 8.631249999999511, 51.031249999999389 ], [ 8.639583333332837, 51.022916666666042 ], [ 8.647916666666163, 51.022916666666042 ], [ 8.652083333332827, 51.018749999999372 ], [ 8.65624999999946, 51.018749999999372 ], [ 8.660416666666123, 51.014583333332723 ], [ 8.672916666666111, 51.01458333333273 ], [ 8.67708333333286, 51.014583333332737 ], [ 8.681249999999496, 51.018749999999379 ], [ 8.693749999999483, 51.018749999999372 ], [ 8.697916666666146, 51.022916666666049 ], [ 8.710416666666106, 51.022916666666049 ], [ 8.718749999999517, 51.031249999999396 ], [ 8.72291666666618, 51.027083333332754 ], [ 8.727083333332843, 51.031249999999389 ], [ 8.739583333332803, 51.031249999999389 ], [ 8.743749999999466, 51.035416666666045 ], [ 8.752083333332791, 51.035416666666066 ], [ 8.760416666666089, 51.043749999999356 ], [ 8.764583333332837, 51.04374999999937 ], [ 8.772916666666163, 51.052083333332732 ], [ 8.777083333332826, 51.052083333332739 ], [ 8.781249999999488, 51.056249999999373 ], [ 8.789583333332786, 51.056249999999373 ], [ 8.793749999999449, 51.060416666666043 ], [ 8.797916666666111, 51.060416666666043 ], [ 8.810416666666157, 51.072916666666067 ], [ 8.81458333333282, 51.07708333333273 ], [ 8.818749999999483, 51.077083333332716 ], [ 8.835416666666134, 51.093749999999361 ], [ 8.835416666666134, 51.1020833333327 ], [ 8.839583333332769, 51.106249999999378 ], [ 8.843749999999517, 51.106249999999385 ], [ 8.84791666666618, 51.110416666666033 ], [ 8.852083333332843, 51.110416666666026 ], [ 8.856249999999507, 51.114583333332732 ], [ 8.868749999999466, 51.114583333332725 ], [ 8.872916666666129, 51.118749999999402 ], [ 8.872916666666129, 51.127083333332706 ], [ 8.885416666666117, 51.139583333332723 ], [ 8.885416666666117, 51.143749999999393 ], [ 8.8937499999995, 51.152083333332747 ], [ 8.897916666666163, 51.152083333332754 ], [ 8.902083333332826, 51.15624999999941 ], [ 8.906249999999488, 51.160416666666059 ], [ 8.902083333332826, 51.164583333332722 ], [ 8.897916666666163, 51.164583333332722 ], [ 8.885416666666117, 51.177083333332739 ], [ 8.885416666666117, 51.181249999999402 ], [ 8.8937499999995, 51.181249999999395 ], [ 8.906249999999488, 51.181249999999409 ], [ 8.914583333332786, 51.189583333332713 ], [ 8.92708333333286, 51.18958333333272 ], [ 8.935416666666185, 51.181249999999409 ], [ 8.935416666666185, 51.177083333332746 ], [ 8.939583333332848, 51.172916666666048 ], [ 8.947916666666146, 51.181249999999402 ], [ 8.952083333332808, 51.181249999999409 ], [ 8.956249999999471, 51.185416666666065 ], [ 8.960416666666134, 51.181249999999402 ], [ 8.960416666666134, 51.177083333332732 ], [ 8.964583333332797, 51.17291666666604 ], [ 8.968749999999432, 51.172916666666048 ], [ 8.977083333332843, 51.181249999999409 ], [ 8.981249999999505, 51.181249999999388 ], [ 8.985416666666168, 51.185416666666072 ], [ 9.002083333332791, 51.185416666666065 ], [ 9.010416666666117, 51.177083333332732 ], [ 9.014583333332865, 51.177083333332739 ], [ 9.0187499999995, 51.181249999999388 ], [ 9.0187499999995, 51.18958333333272 ], [ 9.022916666666163, 51.193749999999376 ], [ 9.047916666666111, 51.193749999999376 ], [ 9.060416666666187, 51.181249999999409 ], [ 9.060416666666187, 51.177083333332732 ], [ 9.05208333333286, 51.168749999999378 ], [ 9.056249999999437, 51.164583333332715 ], [ 9.089583333332797, 51.164583333332722 ], [ 9.09374999999946, 51.168749999999385 ], [ 9.106249999999505, 51.168749999999385 ], [ 9.114583333332831, 51.168749999999378 ], [ 9.118749999999494, 51.164583333332715 ], [ 9.127083333332791, 51.164583333332715 ], [ 9.135416666666117, 51.164583333332722 ], [ 9.139583333332865, 51.160416666666066 ], [ 9.147916666666193, 51.160416666666052 ], [ 9.15624999999949, 51.152083333332754 ], [ 9.15624999999949, 51.147916666666035 ], [ 9.160416666666151, 51.143749999999386 ], [ 9.168749999999477, 51.143749999999386 ], [ 9.17291666666614, 51.139583333332737 ], [ 9.177083333332774, 51.139583333332723 ], [ 9.185416666666185, 51.13958333333273 ], [ 9.189583333332848, 51.135416666666067 ], [ 9.206249999999471, 51.135416666666075 ], [ 9.214583333332797, 51.127083333332699 ], [ 9.247916666666157, 51.127083333332699 ], [ 9.25208333333282, 51.127083333332713 ], [ 9.260416666666117, 51.118749999999409 ], [ 9.264583333332867, 51.118749999999395 ], [ 9.268749999999528, 51.114583333332725 ], [ 9.277083333332854, 51.114583333332725 ], [ 9.281249999999488, 51.118749999999395 ], [ 9.285416666666151, 51.118749999999395 ], [ 9.289583333332814, 51.114583333332739 ], [ 9.293749999999477, 51.114583333332732 ], [ 9.29791666666614, 51.110416666666026 ], [ 9.302083333332803, 51.110416666666033 ], [ 9.306249999999437, 51.114583333332739 ], [ 9.327083333332837, 51.114583333332725 ], [ 9.331249999999471, 51.110416666666033 ], [ 9.385416666666117, 51.110416666666033 ], [ 9.397916666666106, 51.110416666666033 ], [ 9.406249999999517, 51.118749999999388 ], [ 9.410416666666151, 51.118749999999402 ], [ 9.42291666666614, 51.131249999999419 ], [ 9.422916666666138, 51.135416666666067 ], [ 9.427083333332803, 51.13958333333273 ], [ 9.42291666666614, 51.143749999999379 ], [ 9.427083333332803, 51.147916666666049 ], [ 9.427083333332803, 51.152083333332754 ], [ 9.431249999999466, 51.156249999999417 ], [ 9.435416666666129, 51.152083333332747 ], [ 9.439583333332763, 51.152083333332754 ], [ 9.439583333332763, 51.164583333332715 ], [ 9.447916666666176, 51.17291666666604 ], [ 9.452083333332837, 51.17291666666604 ], [ 9.4562499999995, 51.177083333332739 ], [ 9.447916666666176, 51.185416666666065 ], [ 9.443749999999511, 51.185416666666072 ], [ 9.439583333332763, 51.18958333333272 ], [ 9.439583333332763, 51.193749999999376 ], [ 9.443749999999511, 51.197916666666032 ], [ 9.452083333332837, 51.197916666666032 ], [ 9.4562499999995, 51.202083333332737 ], [ 9.4562499999995, 51.214583333332698 ], [ 9.460416666666163, 51.218749999999375 ], [ 9.472916666666123, 51.231249999999378 ], [ 9.46874999999946, 51.23541666666604 ], [ 9.46874999999946, 51.239583333332703 ], [ 9.464583333332797, 51.243749999999402 ], [ 9.464583333332797, 51.247916666666065 ], [ 9.46874999999946, 51.252083333332706 ], [ 9.472916666666123, 51.252083333332713 ], [ 9.477083333332786, 51.256249999999426 ], [ 9.489583333332746, 51.256249999999412 ], [ 9.497916666666157, 51.247916666666072 ], [ 9.50208333333282, 51.247916666666057 ], [ 9.506249999999483, 51.252083333332699 ], [ 9.493749999999409, 51.264583333332737 ], [ 9.493749999999409, 51.28541666666603 ], [ 9.506249999999483, 51.297916666666033 ], [ 9.510416666666146, 51.29791666666604 ], [ 9.51458333333278, 51.30208333333271 ], [ 9.518749999999443, 51.306249999999359 ], [ 9.522916666666106, 51.310416666666057 ], [ 9.535416666666181, 51.310416666666057 ], [ 9.54791666666614, 51.322916666666032 ], [ 9.552083333332803, 51.327083333332745 ], [ 9.564583333332793, 51.327083333332745 ], [ 9.568749999999426, 51.331249999999386 ], [ 9.568749999999426, 51.339583333332719 ], [ 9.560416666666129, 51.347916666666059 ], [ 9.560416666666129, 51.352083333332729 ], [ 9.556249999999466, 51.356249999999385 ], [ 9.560416666666129, 51.360416666666048 ], [ 9.564583333332791, 51.36041666666604 ], [ 9.568749999999426, 51.36458333333271 ], [ 9.572916666666174, 51.36458333333271 ], [ 9.577083333332837, 51.368749999999359 ], [ 9.572916666666174, 51.372916666666072 ], [ 9.564583333332791, 51.372916666666065 ], [ 9.560416666666129, 51.377083333332727 ], [ 9.560416666666129, 51.385416666666032 ], [ 9.564583333332791, 51.389583333332695 ], [ 9.568749999999426, 51.389583333332695 ], [ 9.5812499999995, 51.402083333332726 ], [ 9.602083333332786, 51.402083333332726 ], [ 9.606249999999449, 51.406249999999382 ], [ 9.618749999999437, 51.406249999999389 ], [ 9.622916666666157, 51.402083333332726 ], [ 9.643749999999471, 51.402083333332726 ], [ 9.647916666666106, 51.406249999999382 ], [ 9.647916666666106, 51.422916666666048 ], [ 9.639583333332808, 51.43124999999938 ], [ 9.639583333332808, 51.447916666666032 ], [ 9.631249999999485, 51.456249999999393 ], [ 9.643749999999471, 51.468749999999382 ], [ 9.639583333332808, 51.472916666666038 ], [ 9.635416666666146, 51.472916666666045 ], [ 9.631249999999485, 51.477083333332736 ], [ 9.627083333332818, 51.477083333332736 ], [ 9.622916666666157, 51.481249999999406 ], [ 9.618749999999437, 51.481249999999392 ], [ 9.610416666666111, 51.48958333333271 ], [ 9.610416666666111, 51.493749999999373 ], [ 9.602083333332786, 51.50208333333272 ], [ 9.589583333332826, 51.514583333332709 ], [ 9.589583333332826, 51.518749999999415 ], [ 9.59374999999946, 51.522916666666063 ], [ 9.610416666666111, 51.522916666666063 ], [ 9.622916666666157, 51.53541666666603 ], [ 9.622916666666157, 51.539583333332686 ], [ 9.618749999999435, 51.543749999999399 ], [ 9.618749999999437, 51.547916666666055 ], [ 9.597916666666123, 51.568749999999397 ], [ 9.597916666666123, 51.572916666666046 ], [ 9.59374999999946, 51.577083333332709 ], [ 9.593749999999458, 51.5812499999994 ], [ 9.5812499999995, 51.593749999999382 ], [ 9.568749999999426, 51.593749999999375 ], [ 9.564583333332791, 51.597916666666038 ], [ 9.556249999999464, 51.597916666666052 ], [ 9.552083333332803, 51.602083333332743 ], [ 9.54791666666614, 51.602083333332743 ], [ 9.539583333332814, 51.610416666666062 ], [ 9.54791666666614, 51.618749999999366 ], [ 9.54791666666614, 51.622916666666036 ], [ 9.556249999999466, 51.631249999999341 ], [ 9.552083333332803, 51.635416666666039 ], [ 9.54791666666614, 51.639583333332702 ], [ 9.539583333332814, 51.639583333332709 ], [ 9.527083333332854, 51.627083333332692 ], [ 9.506249999999483, 51.627083333332699 ], [ 9.493749999999409, 51.639583333332716 ], [ 9.493749999999409, 51.652083333332726 ], [ 9.489583333332746, 51.656249999999382 ], [ 9.468749999999458, 51.656249999999382 ], [ 9.464583333332797, 51.652083333332719 ], [ 9.460416666666163, 51.652083333332726 ], [ 9.452083333332837, 51.643749999999358 ], [ 9.443749999999511, 51.643749999999372 ], [ 9.439583333332763, 51.647916666666056 ], [ 9.427083333332803, 51.647916666666049 ], [ 9.42291666666614, 51.643749999999358 ], [ 9.414583333332814, 51.643749999999358 ], [ 9.410416666666153, 51.639583333332709 ], [ 9.402083333332854, 51.639583333332716 ], [ 9.397916666666106, 51.635416666666046 ], [ 9.38958333333278, 51.635416666666053 ], [ 9.385416666666117, 51.639583333332716 ], [ 9.381249999999483, 51.639583333332709 ], [ 9.37708333333282, 51.643749999999365 ], [ 9.37708333333282, 51.656249999999382 ], [ 9.37708333333282, 51.660416666666045 ], [ 9.385416666666117, 51.668749999999363 ], [ 9.389583333332778, 51.668749999999356 ], [ 9.397916666666106, 51.677083333332718 ], [ 9.397916666666106, 51.68124999999938 ], [ 9.393749999999528, 51.685416666666029 ], [ 9.393749999999528, 51.693749999999383 ], [ 9.402083333332854, 51.702083333332716 ], [ 9.393749999999528, 51.710416666666021 ], [ 9.393749999999528, 51.71458333333274 ], [ 9.38958333333278, 51.718749999999389 ], [ 9.38958333333278, 51.722916666666038 ], [ 9.393749999999528, 51.727083333332708 ], [ 9.393749999999528, 51.731249999999378 ], [ 9.38958333333278, 51.735416666666019 ], [ 9.385416666666117, 51.735416666666019 ], [ 9.381249999999483, 51.739583333332718 ], [ 9.381249999999483, 51.756249999999362 ], [ 9.385416666666117, 51.760416666666018 ], [ 9.38958333333278, 51.764583333332716 ], [ 9.393749999999526, 51.764583333332716 ], [ 9.397916666666106, 51.768749999999372 ], [ 9.402083333332854, 51.768749999999379 ], [ 9.414583333332812, 51.781249999999389 ], [ 9.414583333332814, 51.785416666666059 ], [ 9.418749999999477, 51.789583333332715 ], [ 9.418749999999477, 51.797916666666069 ], [ 9.414583333332814, 51.802083333332725 ], [ 9.410416666666151, 51.802083333332725 ], [ 9.406249999999517, 51.806249999999388 ], [ 9.410416666666151, 51.81041666666605 ], [ 9.42291666666614, 51.810416666666043 ], [ 9.427083333332803, 51.814583333332685 ], [ 9.431249999999466, 51.814583333332692 ], [ 9.435416666666129, 51.818749999999369 ], [ 9.443749999999511, 51.82708333333273 ], [ 9.443749999999511, 51.831249999999379 ], [ 9.435416666666129, 51.839583333332676 ], [ 9.439583333332763, 51.843749999999396 ], [ 9.443749999999513, 51.843749999999396 ], [ 9.447916666666176, 51.847916666666059 ], [ 9.452083333332837, 51.847916666666052 ], [ 9.460416666666163, 51.856249999999378 ], [ 9.460416666666163, 51.864583333332689 ], [ 9.464583333332797, 51.868749999999388 ], [ 9.464583333332797, 51.87708333333272 ], [ 9.460416666666163, 51.881249999999362 ], [ 9.4562499999995, 51.881249999999355 ], [ 9.452083333332837, 51.885416666666018 ], [ 9.439583333332763, 51.885416666666018 ], [ 9.435416666666129, 51.88958333333273 ], [ 9.418749999999477, 51.88958333333273 ], [ 9.410416666666151, 51.897916666666028 ], [ 9.410416666666151, 51.902083333332698 ], [ 9.418749999999477, 51.910416666666066 ], [ 9.422916666666138, 51.910416666666059 ], [ 9.439583333332763, 51.910416666666066 ], [ 9.443749999999511, 51.906249999999353 ], [ 9.452083333332837, 51.906249999999353 ], [ 9.4562499999995, 51.902083333332691 ], [ 9.460416666666163, 51.902083333332705 ], [ 9.464583333332797, 51.906249999999353 ], [ 9.464583333332797, 51.914583333332715 ], [ 9.460416666666163, 51.91874999999937 ], [ 9.460416666666163, 51.927083333332725 ], [ 9.464583333332797, 51.931249999999388 ], [ 9.46874999999946, 51.931249999999388 ], [ 9.472916666666123, 51.927083333332732 ], [ 9.50208333333282, 51.927083333332732 ], [ 9.506249999999483, 51.931249999999395 ], [ 9.506249999999483, 51.93541666666605 ], [ 9.510416666666144, 51.939583333332699 ], [ 9.506249999999483, 51.943749999999362 ], [ 9.506249999999483, 51.947916666666075 ], [ 9.50208333333282, 51.952083333332673 ], [ 9.50208333333282, 51.960416666666042 ], [ 9.506249999999483, 51.964583333332698 ], [ 9.506249999999483, 51.968749999999361 ], [ 9.518749999999443, 51.981249999999385 ], [ 9.518749999999443, 51.98541666666604 ], [ 9.510416666666146, 51.993749999999402 ], [ 9.481249999999449, 51.993749999999402 ], [ 9.477083333332786, 51.989583333332696 ], [ 9.472916666666123, 51.989583333332703 ], [ 9.46874999999946, 51.98541666666604 ], [ 9.4562499999995, 51.98541666666604 ], [ 9.452083333332837, 51.98541666666604 ], [ 9.447916666666176, 51.989583333332696 ], [ 9.443749999999511, 51.989583333332696 ], [ 9.431249999999466, 52.00208333333272 ], [ 9.431249999999466, 52.010416666666018 ], [ 9.427083333332803, 52.014583333332709 ], [ 9.427083333332803, 52.022916666666035 ], [ 9.402083333332854, 52.047916666666033 ], [ 9.397916666666106, 52.047916666666033 ], [ 9.393749999999526, 52.052083333332732 ], [ 9.385416666666117, 52.052083333332739 ], [ 9.381249999999483, 52.056249999999388 ], [ 9.372916666666157, 52.056249999999402 ], [ 9.364583333332831, 52.064583333332706 ], [ 9.364583333332831, 52.081249999999386 ], [ 9.368749999999494, 52.085416666666049 ], [ 9.364583333332831, 52.089583333332698 ], [ 9.360416666666083, 52.089583333332698 ], [ 9.360416666666083, 52.093749999999361 ], [ 9.352083333332786, 52.102083333332679 ], [ 9.352083333332786, 52.106249999999392 ], [ 9.34374999999946, 52.114583333332696 ], [ 9.339583333332797, 52.114583333332689 ], [ 9.335416666666134, 52.118749999999402 ], [ 9.314583333332848, 52.118749999999402 ], [ 9.3104166666661, 52.122916666666065 ], [ 9.302083333332803, 52.122916666666072 ], [ 9.289583333332814, 52.135416666666046 ], [ 9.285416666666151, 52.139583333332688 ], [ 9.281249999999488, 52.139583333332695 ], [ 9.268749999999528, 52.152083333332705 ], [ 9.268749999999528, 52.156249999999368 ], [ 9.264583333332867, 52.16041666666603 ], [ 9.227083333332786, 52.16041666666603 ], [ 9.206249999999471, 52.16041666666603 ], [ 9.202083333332808, 52.164583333332686 ], [ 9.193749999999511, 52.164583333332686 ], [ 9.185416666666185, 52.172916666666048 ], [ 9.164583333332814, 52.172916666666048 ], [ 9.15624999999949, 52.181249999999352 ], [ 9.135416666666117, 52.181249999999359 ], [ 9.131249999999454, 52.177083333332703 ], [ 9.106249999999505, 52.177083333332703 ], [ 9.097916666666094, 52.185416666666065 ], [ 9.09374999999946, 52.185416666666065 ], [ 9.089583333332797, 52.189583333332735 ], [ 9.077083333332808, 52.189583333332727 ], [ 9.072916666666146, 52.193749999999369 ], [ 9.064583333332848, 52.193749999999369 ], [ 9.060416666666187, 52.197916666666046 ], [ 9.056249999999437, 52.193749999999376 ], [ 9.035416666666151, 52.193749999999362 ], [ 9.027083333332826, 52.193749999999369 ], [ 9.022916666666163, 52.197916666666046 ], [ 9.0187499999995, 52.193749999999376 ], [ 9.014583333332865, 52.193749999999376 ], [ 9.010416666666117, 52.189583333332735 ], [ 9.002083333332791, 52.189583333332727 ], [ 8.993749999999466, 52.197916666666046 ], [ 8.989583333332831, 52.193749999999369 ], [ 8.981249999999505, 52.185416666666072 ], [ 8.939583333332848, 52.185416666666057 ], [ 8.92708333333286, 52.185416666666065 ], [ 8.922916666666111, 52.181249999999352 ], [ 8.918749999999449, 52.181249999999359 ], [ 8.910416666666151, 52.172916666666048 ], [ 8.902083333332826, 52.172916666666048 ], [ 8.897916666666163, 52.168749999999385 ], [ 8.885416666666117, 52.168749999999392 ], [ 8.881249999999454, 52.164583333332679 ], [ 8.877083333332791, 52.164583333332686 ], [ 8.868749999999466, 52.17291666666604 ], [ 8.864583333332803, 52.177083333332703 ], [ 8.864583333332803, 52.193749999999376 ], [ 8.856249999999507, 52.202083333332702 ], [ 8.852083333332843, 52.202083333332702 ], [ 8.84791666666618, 52.206249999999358 ], [ 8.84791666666618, 52.210416666666049 ], [ 8.839583333332769, 52.218749999999368 ], [ 8.843749999999517, 52.22291666666603 ], [ 8.84791666666618, 52.227083333332693 ], [ 8.856249999999507, 52.227083333332693 ], [ 8.864583333332803, 52.23541666666604 ], [ 8.877083333332791, 52.23541666666604 ], [ 8.881249999999454, 52.239583333332703 ], [ 8.910416666666151, 52.239583333332703 ], [ 8.922916666666111, 52.25208333333272 ], [ 8.922916666666111, 52.256249999999369 ], [ 8.918749999999449, 52.260416666666039 ], [ 8.918749999999449, 52.264583333332702 ], [ 8.92708333333286, 52.272916666665999 ], [ 8.92708333333286, 52.277083333332719 ], [ 8.92708333333286, 52.285416666666023 ], [ 8.931249999999523, 52.289583333332693 ], [ 8.931249999999523, 52.306249999999366 ], [ 8.922916666666111, 52.314583333332727 ], [ 8.922916666666111, 52.318749999999383 ], [ 8.947916666666146, 52.343749999999375 ], [ 8.952083333332808, 52.343749999999375 ], [ 8.960416666666134, 52.352083333332686 ], [ 8.964583333332797, 52.352083333332686 ], [ 8.968749999999432, 52.356249999999356 ], [ 8.972916666666094, 52.360416666666055 ], [ 8.977083333332843, 52.36041666666604 ], [ 8.981249999999505, 52.36458333333271 ], [ 8.981249999999505, 52.372916666666043 ], [ 8.972916666666094, 52.38124999999939 ], [ 8.972916666666094, 52.385416666666053 ], [ 8.985416666666168, 52.397916666666021 ], [ 8.985416666666168, 52.402083333332669 ], [ 8.981249999999505, 52.406249999999382 ], [ 8.981249999999505, 52.418749999999363 ], [ 8.985416666666168, 52.422916666666019 ], [ 8.993749999999466, 52.422916666666012 ], [ 8.997916666666129, 52.418749999999363 ], [ 9.022916666666163, 52.418749999999356 ], [ 9.027083333332826, 52.422916666666019 ], [ 9.027083333332826, 52.427083333332668 ], [ 9.022916666666163, 52.43124999999938 ], [ 9.0187499999995, 52.43124999999938 ], [ 9.010416666666117, 52.439583333332678 ], [ 9.010416666666117, 52.447916666666053 ], [ 9.0187499999995, 52.456249999999372 ], [ 9.0187499999995, 52.460416666666021 ], [ 9.022916666666163, 52.464583333332683 ], [ 9.022916666666163, 52.472916666666052 ], [ 9.027083333332826, 52.4770833333327 ], [ 9.031249999999488, 52.481249999999349 ], [ 9.039583333332816, 52.481249999999349 ], [ 9.05208333333286, 52.468749999999368 ], [ 9.072916666666146, 52.468749999999368 ], [ 9.081249999999471, 52.477083333332708 ], [ 9.081249999999471, 52.481249999999342 ], [ 9.068749999999511, 52.493749999999316 ], [ 9.072916666666146, 52.497916666666022 ], [ 9.089583333332797, 52.497916666666029 ], [ 9.09374999999946, 52.502083333332706 ], [ 9.081249999999471, 52.514583333332709 ], [ 9.089583333332797, 52.522916666666021 ], [ 9.097916666666094, 52.522916666666021 ], [ 9.102083333332757, 52.518749999999358 ], [ 9.114583333332831, 52.518749999999358 ], [ 9.118749999999494, 52.522916666666028 ], [ 9.102083333332757, 52.5395833333327 ], [ 9.110416666666168, 52.547916666666019 ], [ 9.110416666666168, 52.552083333332725 ], [ 9.114583333332831, 52.556249999999373 ], [ 9.114583333332831, 52.564583333332692 ], [ 9.110416666666168, 52.568749999999355 ], [ 9.110416666666168, 52.577083333332716 ], [ 9.114583333332831, 52.581249999999386 ], [ 9.114583333332831, 52.589583333332691 ], [ 9.127083333332791, 52.602083333332708 ], [ 9.15624999999949, 52.602083333332693 ], [ 9.160416666666151, 52.606249999999378 ], [ 9.164583333332814, 52.60624999999937 ], [ 9.168749999999477, 52.610416666666012 ], [ 9.168749999999477, 52.622916666666036 ], [ 9.168749999999477, 52.631249999999355 ], [ 9.17291666666614, 52.635416666666011 ], [ 9.197916666666174, 52.635416666666011 ], [ 9.202083333332808, 52.639583333332702 ], [ 9.202083333332808, 52.643749999999372 ], [ 9.206249999999471, 52.647916666666021 ], [ 9.202083333332808, 52.652083333332676 ], [ 9.202083333332808, 52.656249999999382 ], [ 9.197916666666174, 52.656249999999389 ], [ 9.193749999999511, 52.660416666666045 ], [ 9.189583333332848, 52.660416666666038 ], [ 9.185416666666185, 52.6645833333327 ], [ 9.185416666666185, 52.66874999999937 ], [ 9.189583333332848, 52.672916666666033 ], [ 9.193749999999511, 52.672916666666026 ], [ 9.197916666666174, 52.677083333332718 ], [ 9.189583333332848, 52.685416666665994 ], [ 9.185416666666185, 52.685416666666001 ], [ 9.181249999999437, 52.689583333332699 ], [ 9.189583333332848, 52.697916666666025 ], [ 9.197916666666174, 52.697916666666011 ], [ 9.202083333332808, 52.693749999999355 ], [ 9.206249999999471, 52.693749999999348 ], [ 9.210416666666134, 52.689583333332699 ], [ 9.21874999999946, 52.689583333332706 ], [ 9.222916666666123, 52.693749999999362 ], [ 9.21874999999946, 52.697916666666025 ], [ 9.21874999999946, 52.702083333332666 ], [ 9.227083333332786, 52.710416666666042 ], [ 9.227083333332786, 52.718749999999353 ], [ 9.222916666666123, 52.722916666666009 ], [ 9.214583333332797, 52.722916666666009 ], [ 9.206249999999471, 52.714583333332683 ], [ 9.202083333332808, 52.718749999999346 ], [ 9.202083333332808, 52.722916666666016 ], [ 9.206249999999471, 52.727083333332708 ], [ 9.202083333332808, 52.731249999999363 ], [ 9.197916666666174, 52.73124999999937 ], [ 9.193749999999511, 52.735416666666026 ], [ 9.197916666666174, 52.739583333332675 ], [ 9.197916666666174, 52.743749999999338 ], [ 9.193749999999511, 52.747916666666043 ], [ 9.189583333332848, 52.752083333332699 ], [ 9.185416666666185, 52.752083333332699 ], [ 9.181249999999437, 52.756249999999362 ], [ 9.189583333332848, 52.764583333332688 ], [ 9.193749999999511, 52.764583333332681 ], [ 9.197916666666174, 52.768749999999379 ], [ 9.197916666666174, 52.772916666666042 ], [ 9.193749999999511, 52.777083333332698 ], [ 9.189583333332848, 52.777083333332705 ], [ 9.185416666666185, 52.772916666666042 ], [ 9.181249999999437, 52.777083333332705 ], [ 9.181249999999437, 52.781249999999353 ], [ 9.177083333332774, 52.785416666666059 ], [ 9.160416666666151, 52.785416666666052 ], [ 9.15624999999949, 52.789583333332722 ], [ 9.15624999999949, 52.793749999999356 ], [ 9.147916666666193, 52.802083333332696 ], [ 9.147916666666193, 52.810416666666008 ], [ 9.152083333332826, 52.814583333332671 ], [ 9.168749999999477, 52.814583333332671 ], [ 9.17291666666614, 52.810416666666008 ], [ 9.177083333332774, 52.810416666666001 ], [ 9.181249999999437, 52.814583333332664 ], [ 9.189583333332848, 52.814583333332664 ], [ 9.193749999999511, 52.818749999999369 ], [ 9.197916666666174, 52.822916666666025 ], [ 9.197916666666174, 52.827083333332688 ], [ 9.202083333332808, 52.831249999999336 ], [ 9.202083333332808, 52.835416666666042 ], [ 9.210416666666134, 52.843749999999339 ], [ 9.214583333332797, 52.843749999999346 ], [ 9.21874999999946, 52.847916666666009 ], [ 9.214583333332797, 52.852083333332715 ], [ 9.202083333332808, 52.852083333332715 ], [ 9.197916666666174, 52.85624999999937 ], [ 9.189583333332848, 52.856249999999378 ], [ 9.185416666666185, 52.860416666666033 ], [ 9.189583333332848, 52.864583333332689 ], [ 9.202083333332808, 52.864583333332696 ], [ 9.206249999999471, 52.868749999999359 ], [ 9.210416666666134, 52.868749999999345 ], [ 9.210416666666134, 52.872916666666043 ], [ 9.206249999999471, 52.877083333332713 ], [ 9.202083333332808, 52.877083333332713 ], [ 9.193749999999511, 52.885416666666018 ], [ 9.181249999999437, 52.885416666666025 ], [ 9.177083333332774, 52.889583333332688 ], [ 9.177083333332774, 52.893749999999343 ], [ 9.17291666666614, 52.897916666665992 ], [ 9.17291666666614, 52.910416666666009 ], [ 9.177083333332774, 52.914583333332715 ], [ 9.181249999999437, 52.914583333332722 ], [ 9.185416666666185, 52.918749999999378 ], [ 9.17291666666614, 52.931249999999352 ], [ 9.177083333332774, 52.935416666666008 ], [ 9.185416666666185, 52.935416666666008 ], [ 9.189583333332848, 52.939583333332671 ], [ 9.189583333332848, 52.947916666666025 ], [ 9.177083333332774, 52.960416666666013 ], [ 9.168749999999477, 52.960416666666013 ], [ 9.164583333332814, 52.964583333332712 ], [ 9.122916666666129, 52.964583333332705 ], [ 9.114583333332831, 52.97291666666603 ], [ 9.110416666666168, 52.972916666666023 ], [ 9.102083333332757, 52.964583333332705 ], [ 9.09374999999946, 52.964583333332712 ], [ 9.089583333332797, 52.968749999999368 ], [ 9.085416666666134, 52.968749999999368 ], [ 9.081249999999471, 52.97291666666603 ], [ 9.077083333332808, 52.972916666666023 ], [ 9.072916666666146, 52.977083333332715 ], [ 9.072916666666146, 52.981249999999378 ], [ 9.081249999999471, 52.989583333332696 ], [ 9.077083333332808, 52.993749999999359 ], [ 9.064583333332848, 52.993749999999359 ], [ 9.060416666666187, 52.997916666666008 ], [ 9.043749999999477, 52.997916666666022 ], [ 9.039583333332816, 52.993749999999359 ], [ 9.035416666666151, 52.993749999999359 ], [ 9.031249999999488, 52.989583333332689 ], [ 9.014583333332865, 52.989583333332696 ], [ 9.006249999999454, 52.997916666666022 ], [ 9.002083333332791, 52.993749999999359 ], [ 8.997916666666129, 52.993749999999359 ], [ 8.993749999999466, 52.989583333332696 ], [ 8.989583333332831, 52.993749999999359 ], [ 8.989583333332831, 52.997916666666022 ], [ 8.993749999999466, 53.002083333332678 ], [ 8.985416666666168, 53.010416666666046 ], [ 8.977083333332843, 53.010416666666046 ], [ 8.972916666666094, 53.006249999999376 ], [ 8.968749999999432, 53.006249999999369 ], [ 8.964583333332797, 53.002083333332671 ], [ 8.960416666666134, 53.002083333332671 ], [ 8.956249999999471, 52.997916666666022 ], [ 8.947916666666146, 52.997916666666015 ], [ 8.943749999999483, 53.002083333332678 ], [ 8.943749999999483, 53.006249999999376 ], [ 8.939583333332848, 53.010416666666039 ], [ 8.92708333333286, 53.010416666666039 ], [ 8.922916666666111, 53.010416666666046 ], [ 8.918749999999449, 53.014583333332681 ], [ 8.914583333332786, 53.010416666666039 ], [ 8.897916666666163, 53.010416666666039 ], [ 8.881249999999454, 53.027083333332705 ], [ 8.877083333332791, 53.027083333332705 ], [ 8.872916666666129, 53.031249999999368 ], [ 8.868749999999466, 53.035416666666023 ], [ 8.872916666666129, 53.039583333332672 ], [ 8.872916666666129, 53.04791666666604 ], [ 8.877083333332791, 53.052083333332696 ], [ 8.868749999999466, 53.060416666666022 ], [ 8.843749999999517, 53.060416666666029 ], [ 8.839583333332769, 53.064583333332678 ], [ 8.835416666666134, 53.064583333332685 ], [ 8.831249999999471, 53.068749999999376 ], [ 8.81458333333282, 53.068749999999383 ], [ 8.810416666666157, 53.072916666666039 ], [ 8.806249999999523, 53.072916666666039 ], [ 8.80208333333286, 53.077083333332702 ], [ 8.797916666666111, 53.077083333332702 ], [ 8.793749999999449, 53.081249999999358 ], [ 8.777083333332826, 53.081249999999351 ], [ 8.772916666666163, 53.085416666666006 ], [ 8.768749999999502, 53.089583333332669 ], [ 8.764583333332837, 53.089583333332662 ], [ 8.743749999999466, 53.11041666666604 ], [ 8.739583333332803, 53.11041666666604 ], [ 8.73541666666614, 53.11458333333271 ], [ 8.727083333332843, 53.11458333333271 ], [ 8.72291666666618, 53.118749999999352 ], [ 8.693749999999483, 53.118749999999352 ], [ 8.68958333333282, 53.122916666666008 ], [ 8.672916666666111, 53.122916666666015 ], [ 8.668749999999449, 53.127083333332692 ], [ 8.652083333332827, 53.127083333332678 ], [ 8.647916666666163, 53.131249999999334 ], [ 8.639583333332837, 53.131249999999334 ], [ 8.635416666666174, 53.135416666666039 ], [ 8.635416666666174, 53.139583333332695 ], [ 8.631249999999511, 53.143749999999343 ], [ 8.631249999999511, 53.147916666666006 ], [ 8.627083333332791, 53.152083333332669 ], [ 8.627083333332791, 53.164583333332686 ], [ 8.622916666666129, 53.168749999999356 ], [ 8.61041666666614, 53.168749999999349 ], [ 8.606249999999477, 53.17291666666604 ], [ 8.57708333333278, 53.17291666666604 ], [ 8.572916666666146, 53.17708333333271 ], [ 8.568749999999483, 53.177083333332718 ], [ 8.564583333332822, 53.181249999999366 ], [ 8.556249999999494, 53.181249999999373 ], [ 8.552083333332831, 53.185416666666029 ], [ 8.543749999999449, 53.185416666666022 ], [ 8.539583333332786, 53.189583333332685 ], [ 8.53124999999946, 53.189583333332685 ], [ 8.527083333332797, 53.193749999999348 ], [ 8.522916666666134, 53.193749999999348 ], [ 8.5187499999995, 53.197916666666032 ], [ 8.514583333332837, 53.197916666666032 ], [ 8.506249999999511, 53.206249999999358 ], [ 8.48541666666614, 53.227083333332686 ], [ 8.48541666666614, 53.231249999999363 ], [ 8.481249999999477, 53.235416666666005 ], [ 8.481249999999477, 53.243749999999366 ], [ 8.481249999999477, 53.256249999999341 ], [ 8.48541666666614, 53.260416666666003 ], [ 8.48541666666614, 53.264583333332695 ], [ 8.48541666666614, 53.272916666666028 ], [ 8.489583333332803, 53.277083333332683 ], [ 8.489583333332803, 53.293749999999349 ], [ 8.493749999999466, 53.297916666666012 ], [ 8.493749999999466, 53.310416666666036 ], [ 8.489583333332803, 53.314583333332685 ], [ 8.489583333332803, 53.322916666666011 ], [ 8.493749999999466, 53.327083333332702 ], [ 8.493749999999466, 53.331249999999358 ], [ 8.4979166666661, 53.335416666666028 ], [ 8.5173361, 53.5060918 ], [ 8.5118051, 53.5007395 ], [ 8.5041649, 53.4941524 ], [ 8.4985868, 53.4883178 ], [ 8.4976953, 53.4873853 ], [ 8.4960777, 53.4852268 ], [ 8.4956844, 53.484163299999985 ], [ 8.4942419, 53.477774499999988 ], [ 8.494107, 53.4759391 ], [ 8.4934411, 53.4709211 ], [ 8.4916539, 53.4595104 ], [ 8.4913344, 53.4488707 ], [ 8.4914369, 53.447068699999981 ], [ 8.4922624, 53.4325479 ], [ 8.4928139, 53.4264955 ], [ 8.4932, 53.422257899999984 ], [ 8.4934332, 53.419615899999989 ], [ 8.4941987, 53.413531499999984 ], [ 8.4954922, 53.4044839 ], [ 8.4954105, 53.403242 ], [ 8.4970852, 53.3891876 ], [ 8.4975924, 53.3851364 ], [ 8.4987633, 53.3765525 ], [ 8.5000959, 53.367054499999981 ], [ 8.5004799, 53.3636276 ], [ 8.5005753, 53.362913 ], [ 8.5006202, 53.3625764 ], [ 8.5006649, 53.3622416 ], [ 8.5006577, 53.3573253 ], [ 8.5010604, 53.3530613 ], [ 8.5010599, 53.3519454 ], [ 8.5014294, 53.3454344 ], [ 8.4999826, 53.3428732 ], [ 8.4941581, 53.3333998 ], [ 8.4939395, 53.3330394 ], [ 8.4935528, 53.3324613 ], [ 8.4896804, 53.3285028 ], [ 8.4893956, 53.3259262 ], [ 8.4892183, 53.3216466 ], [ 8.4906696, 53.3151236 ], [ 8.4916231, 53.3082486 ], [ 8.4918203, 53.3062079 ], [ 8.4921596, 53.3039744 ], [ 8.4918305, 53.2978162 ], [ 8.4916112, 53.2968536 ], [ 8.4907029, 53.2928661 ], [ 8.4894372, 53.287308599999989 ], [ 8.4874642, 53.2786444 ], [ 8.4854273, 53.269765 ], [ 8.4852862, 53.2691497 ], [ 8.4831329, 53.260153799999983 ], [ 8.4828892, 53.259289 ], [ 8.4827408, 53.2587343 ], [ 8.4825191, 53.257193 ], [ 8.4822339, 53.2551947 ], [ 8.4822545, 53.2551483 ], [ 8.48167, 53.251699399999985 ], [ 8.4810393, 53.2476792 ], [ 8.4811118, 53.2428716 ], [ 8.4811513, 53.2402546 ], [ 8.4817421, 53.2355438 ], [ 8.4821464, 53.2342647 ], [ 8.4822835, 53.2338308 ], [ 8.4839888, 53.2294323 ], [ 8.4869009, 53.2251927 ], [ 8.4885383, 53.2228088 ], [ 8.4894946, 53.2216855 ], [ 8.4938781, 53.2173598 ], [ 8.4944546, 53.2168012 ], [ 8.4947053, 53.216558199999987 ], [ 8.4954808, 53.2158125 ], [ 8.4990012, 53.2124533 ], [ 8.5022028, 53.209569 ], [ 8.5024201, 53.2093732 ], [ 8.5077959, 53.204186799999988 ], [ 8.5099165, 53.2021407 ], [ 8.5107323, 53.2013536 ], [ 8.5170073, 53.1975376 ], [ 8.51723, 53.1974022 ], [ 8.5195408, 53.196018699999989 ], [ 8.5217538, 53.1948793 ], [ 8.5236519, 53.1939912 ], [ 8.5309401, 53.1905402 ], [ 8.5332198, 53.1897609 ], [ 8.5389055, 53.187817299999985 ], [ 8.548574, 53.1845453 ], [ 8.5574522, 53.181502 ], [ 8.5583423, 53.1812 ], [ 8.560805, 53.18039610000001 ], [ 8.5663229, 53.1785651 ], [ 8.5729453, 53.1763058 ], [ 8.5739638, 53.1759583 ], [ 8.5791321, 53.1741314 ], [ 8.5804655, 53.1737759 ], [ 8.5834915, 53.1727591 ], [ 8.5867939, 53.1725091 ], [ 8.5924193, 53.1720831 ], [ 8.5997074, 53.1715194 ], [ 8.6027356, 53.1712641 ], [ 8.6049972, 53.1710966 ], [ 8.6100407, 53.1705688 ], [ 8.6121263, 53.1703057 ], [ 8.6140904, 53.169916599999986 ], [ 8.6160673, 53.1692641 ], [ 8.6164227, 53.1691468 ], [ 8.6192864, 53.1678949 ], [ 8.6201223, 53.1673979 ], [ 8.6233907, 53.1650656 ], [ 8.6244645, 53.1641011 ], [ 8.6252519, 53.1627334 ], [ 8.6255987, 53.1618583 ], [ 8.6263606, 53.1577753 ], [ 8.6268034, 53.1534653 ], [ 8.6278957, 53.1477911 ], [ 8.6293084, 53.1437901 ], [ 8.6315811, 53.1398621 ], [ 8.6344058, 53.1364444 ], [ 8.6349911, 53.1359357 ], [ 8.6368348, 53.1343333 ], [ 8.6399676, 53.1320933 ], [ 8.643789, 53.1300676 ], [ 8.6453379, 53.129352199999985 ], [ 8.6471279, 53.1285255 ], [ 8.648829, 53.127918 ], [ 8.6522846, 53.1270343 ], [ 8.6613822, 53.126093299999987 ], [ 8.6633568, 53.125908 ], [ 8.667887, 53.1254828 ], [ 8.6701791, 53.1250301 ], [ 8.6751392, 53.1240505 ], [ 8.6793841, 53.1229238 ], [ 8.6896699, 53.1204743 ], [ 8.6988989, 53.1192432 ], [ 8.7067696, 53.118589 ], [ 8.7126497, 53.1184864 ], [ 8.7173619, 53.11829 ], [ 8.7203346, 53.1179931 ], [ 8.7226238, 53.117736299999983 ], [ 8.7256471, 53.1170648 ], [ 8.727695, 53.1166062 ], [ 8.7313006, 53.1156276 ], [ 8.735148, 53.1141844 ], [ 8.7371047, 53.1131491 ], [ 8.7389148, 53.1121913 ], [ 8.7415578, 53.1102393 ], [ 8.7436775, 53.1083694 ], [ 8.7449268, 53.1069708 ], [ 8.7476533, 53.1044008 ], [ 8.7499022, 53.1026123 ], [ 8.753425, 53.100453 ], [ 8.7587997, 53.0969141 ], [ 8.7631757, 53.0923848 ], [ 8.7647535, 53.0905666 ], [ 8.7674558, 53.0877532 ], [ 8.7703366, 53.085974199999988 ], [ 8.7736322, 53.0842135 ], [ 8.7772422, 53.0829582 ], [ 8.7806583, 53.0820267 ], [ 8.7833012, 53.0816451 ], [ 8.787441, 53.0810674 ], [ 8.7890971, 53.0806643 ] ] } },
{ "type": "Feature", "properties": { "river": "Elbe" }, "geometry": { "type": "LineString", "coordinates": [ [ 10.283333333332791, 53.014583333332695 ], [ 10.289583333332786, 53.014583333332673 ], [ 10.293749999999449, 53.018749999999343 ], [ 10.306249999999494, 53.018749999999336 ], [ 10.314583333332818, 53.027083333332691 ], [ 10.347916666666153, 53.027083333332705 ], [ 10.356249999999477, 53.035416666666023 ], [ 10.360416666666138, 53.035416666666023 ], [ 10.368749999999466, 53.043749999999378 ], [ 10.377083333332763, 53.043749999999385 ], [ 10.381249999999426, 53.047916666666048 ], [ 10.385416666666089, 53.04791666666604 ], [ 10.3937499999995, 53.039583333332665 ], [ 10.397916666666164, 53.039583333332672 ], [ 10.402083333332797, 53.035416666666023 ], [ 10.402083333332797, 53.031249999999361 ], [ 10.402083333332797, 53.018749999999343 ], [ 10.40624999999946, 53.014583333332673 ], [ 10.40624999999946, 53.010416666666039 ], [ 10.402083333332797, 53.006249999999376 ], [ 10.40624999999946, 53.002083333332678 ], [ 10.402083333332799, 52.997916666666022 ], [ 10.397916666666164, 52.997916666666022 ], [ 10.385416666666089, 52.985416666666048 ], [ 10.3937499999995, 52.977083333332715 ], [ 10.38958333333275, 52.972916666666023 ], [ 10.3937499999995, 52.968749999999368 ], [ 10.414583333332786, 52.968749999999368 ], [ 10.418749999999447, 52.964583333332712 ], [ 10.435416666666157, 52.964583333332712 ], [ 10.43958333333282, 52.968749999999368 ], [ 10.456249999999443, 52.968749999999375 ], [ 10.468749999999432, 52.956249999999351 ], [ 10.481249999999392, 52.956249999999343 ], [ 10.48541666666614, 52.952083333332681 ], [ 10.493749999999466, 52.952083333332681 ], [ 10.497916666666127, 52.947916666666025 ], [ 10.502083333332791, 52.947916666666025 ], [ 10.506249999999426, 52.943749999999376 ], [ 10.510416666666089, 52.943749999999376 ], [ 10.5187499999995, 52.935416666666015 ], [ 10.539583333332786, 52.935416666666001 ], [ 10.552083333332774, 52.947916666666025 ], [ 10.552083333332774, 52.952083333332688 ], [ 10.552083333332774, 52.960416666666013 ], [ 10.560416666666072, 52.968749999999368 ], [ 10.560416666666072, 52.97291666666603 ], [ 10.56458333333282, 52.977083333332722 ], [ 10.564583333332818, 52.989583333332696 ], [ 10.552083333332774, 53.002083333332678 ], [ 10.581249999999471, 53.031249999999368 ], [ 10.577083333332808, 53.035416666666023 ], [ 10.577083333332808, 53.039583333332665 ], [ 10.581249999999471, 53.04374999999937 ], [ 10.597916666666094, 53.043749999999378 ], [ 10.602083333332757, 53.047916666666048 ], [ 10.602083333332759, 53.052083333332696 ], [ 10.597916666666094, 53.056249999999359 ], [ 10.593749999999432, 53.056249999999359 ], [ 10.589583333332769, 53.060416666666008 ], [ 10.589583333332769, 53.077083333332702 ], [ 10.581249999999471, 53.085416666666013 ], [ 10.577083333332808, 53.085416666666006 ], [ 10.572916666666146, 53.089583333332676 ], [ 10.572916666666146, 53.102083333332693 ], [ 10.568749999999483, 53.106249999999328 ], [ 10.56041666666607, 53.106249999999321 ], [ 10.556249999999439, 53.102083333332686 ], [ 10.552083333332773, 53.102083333332693 ], [ 10.535416666666123, 53.118749999999352 ], [ 10.522916666666163, 53.131249999999341 ], [ 10.514583333332753, 53.131249999999334 ], [ 10.506249999999426, 53.139583333332702 ], [ 10.50208333333279, 53.139583333332702 ], [ 10.497916666666129, 53.143749999999343 ], [ 10.489583333332803, 53.143749999999351 ], [ 10.485416666666138, 53.147916666665999 ], [ 10.468749999999432, 53.147916666665999 ], [ 10.464583333332769, 53.152083333332683 ], [ 10.460416666666106, 53.152083333332669 ], [ 10.456249999999441, 53.156249999999318 ], [ 10.452083333332808, 53.156249999999325 ], [ 10.443749999999481, 53.164583333332686 ], [ 10.443749999999485, 53.168749999999349 ], [ 10.43958333333282, 53.172916666666033 ], [ 10.431249999999409, 53.172916666666033 ], [ 10.427083333332774, 53.177083333332718 ], [ 10.427083333332774, 53.185416666666029 ], [ 10.422916666666111, 53.189583333332685 ], [ 10.41874999999945, 53.193749999999348 ], [ 10.418749999999449, 53.202083333332702 ], [ 10.414583333332786, 53.206249999999365 ], [ 10.414583333332786, 53.210416666666013 ], [ 10.418749999999449, 53.214583333332683 ], [ 10.418749999999449, 53.218749999999382 ], [ 10.418749999999449, 53.22291666666603 ], [ 10.414583333332786, 53.2270833333327 ], [ 10.414583333332786, 53.243749999999366 ], [ 10.418749999999449, 53.247916666666015 ], [ 10.414583333332786, 53.25208333333272 ], [ 10.414583333332786, 53.256249999999348 ], [ 10.422916666666113, 53.264583333332709 ], [ 10.422916666666111, 53.268749999999365 ], [ 10.418749999999447, 53.272916666666021 ], [ 10.418749999999449, 53.277083333332669 ], [ 10.414583333332786, 53.281249999999332 ], [ 10.414583333332784, 53.285416666665995 ], [ 10.40624999999946, 53.293749999999342 ], [ 10.40624999999946, 53.297916666666019 ], [ 10.3937499999995, 53.310416666666036 ], [ 10.3937499999995, 53.322916666666003 ], [ 10.389583333332752, 53.327083333332702 ], [ 10.389583333332752, 53.339583333332669 ], [ 10.385416666666089, 53.343749999999339 ], [ 10.377083333332763, 53.352083333332651 ], [ 10.36041666666614, 53.352083333332658 ], [ 10.356249999999477, 53.356249999999356 ], [ 10.32708333333278, 53.356249999999363 ], [ 10.322916666666117, 53.360416666666026 ], [ 10.31458333333282, 53.360416666666012 ], [ 10.285416666666123, 53.360416666666019 ], [ 10.281249999999458, 53.364583333332675 ], [ 10.272916666666134, 53.364583333332682 ], [ 10.2687499999995, 53.368749999999373 ], [ 10.260416666666174, 53.368749999999366 ], [ 10.256249999999426, 53.372916666666036 ], [ 10.2479166666661, 53.372916666666036 ], [ 10.243749999999466, 53.377083333332699 ], [ 10.23541666666614, 53.377083333332699 ], [ 10.231249999999477, 53.381249999999348 ], [ 10.210416666666106, 53.381249999999348 ], [ 10.206249999999443, 53.385416666666011 ], [ 10.20208333333278, 53.389583333332681 ], [ 10.20208333333278, 53.393749999999365 ], [ 10.197916666666117, 53.397916666666035 ], [ 10.172916666666168, 53.397916666666035 ], [ 10.164583333332784, 53.397916666666035 ], [ 10.143749999999471, 53.418749999999349 ], [ 10.139583333332808, 53.418749999999349 ], [ 10.135416666666174, 53.422916666666005 ], [ 10.114583333332774, 53.422916666666012 ], [ 10.102083333332814, 53.435416666666022 ], [ 10.08958333333274, 53.447916666666011 ], [ 10.085416666666106, 53.447916666666003 ], [ 10.081249999999443, 53.452083333332716 ], [ 10.07708333333278, 53.452083333332716 ], [ 10.072916666666117, 53.456249999999358 ], [ 10.06458333333279, 53.456249999999358 ], [ 10.060416666666157, 53.460416666666028 ], [ 10.056249999999494, 53.460416666666035 ], [ 10.047916666666168, 53.468749999999353 ], [ 10.043749999999505, 53.468749999999346 ], [ 10.039583333332757, 53.472916666666052 ], [ 10.022916666666136, 53.472916666666045 ], [ 9.989583333332773, 53.472916666666038 ], [ 9.985416666666111, 53.477083333332658 ], [ 9.977083333332812, 53.477083333332651 ], [ 9.972916666666151, 53.481249999999321 ], [ 9.964583333332826, 53.481249999999314 ], [ 9.943749999999453, 53.502083333332692 ], [ 9.943749999999454, 53.506249999999362 ], [ 9.939583333332791, 53.510416666666011 ], [ 9.939583333332793, 53.531249999999353 ], [ 9.931249999999466, 53.539583333332715 ], [ 9.927083333332831, 53.543749999999321 ], [ 9.864583333332774, 53.543749999999335 ], [ 9.9238197, 53.5417286 ], [ 9.909943, 53.5417399 ], [ 9.901191, 53.541894 ], [ 9.8960371, 53.5419868 ], [ 9.8941738, 53.5420204 ], [ 9.879338, 53.5424017 ], [ 9.8761118, 53.542557 ], [ 9.872858, 53.5428061 ], [ 9.8694088, 53.5430991 ], [ 9.8666211, 53.5434236 ], [ 9.8646637, 53.543651499999989 ], [ 9.8597793, 53.5442685 ], [ 9.8588605, 53.5443846 ], [ 9.8566943, 53.5446824 ], [ 9.8497517, 53.5456366 ], [ 9.8352163, 53.5480973 ], [ 9.8280859, 53.549321699999986 ], [ 9.820962, 53.5505361 ], [ 9.8117674, 53.5520958 ], [ 9.8058638, 53.553254499999987 ], [ 9.8051133, 53.5534018 ], [ 9.7952664, 53.5554414 ], [ 9.7881425, 53.5567096 ], [ 9.7800207, 53.558334 ], [ 9.7768879, 53.5588566 ], [ 9.7751975, 53.5590901 ], [ 9.7714805, 53.5595066 ], [ 9.7505567, 53.5615092 ], [ 9.7334408, 53.5628008 ], [ 9.7028589, 53.5653182 ], [ 9.6840034, 53.567144599999985 ], [ 9.6737655, 53.5683359 ], [ 9.6663947, 53.5689638 ], [ 9.6630831, 53.569281 ], [ 9.6556306, 53.569944 ], [ 9.6540655, 53.5702007 ], [ 9.6528625, 53.5704664 ], [ 9.6449959, 53.5727962 ], [ 9.644361, 53.5729779 ], [ 9.6374954, 53.575819 ], [ 9.6232142, 53.5817283 ], [ 9.5932111, 53.5997624 ], [ 9.5649205, 53.6125015 ], [ 9.5601225, 53.614519 ], [ 9.5576978, 53.615575499999984 ], [ 9.554794, 53.61704 ], [ 9.5516896, 53.6189103 ], [ 9.5483324, 53.6214515 ], [ 9.5387077, 53.6273225 ], [ 9.5325708, 53.6316615 ], [ 9.529747, 53.6338977 ], [ 9.525361, 53.639422399999987 ], [ 9.5210529, 53.6453264 ], [ 9.519782, 53.647487 ], [ 9.5185892, 53.6501186 ], [ 9.5097172, 53.6727789 ], [ 9.5066973, 53.6790214 ], [ 9.5006052, 53.6888937 ], [ 9.4966335, 53.6982373 ], [ 9.4913292, 53.7039219 ], [ 9.4859591, 53.7092121 ], [ 9.4823169, 53.7120758 ], [ 9.4780683, 53.7150474 ], [ 9.4690615, 53.72100240000001 ], [ 9.4574475, 53.7268174 ], [ 9.4529713, 53.7287061 ], [ 9.4470834, 53.73074 ], [ 9.439915, 53.7333569 ], [ 9.4367516, 53.7346432 ], [ 9.4336851, 53.736091 ], [ 9.4292736, 53.7386603 ], [ 9.4248686, 53.7411377 ], [ 9.4213222, 53.7432507 ], [ 9.4134006, 53.7475314 ], [ 9.4097042, 53.7496498 ], [ 9.4074726, 53.7510328 ], [ 9.4056036, 53.752515500000015 ], [ 9.4042969, 53.7541792 ], [ 9.4030092, 53.7561838 ], [ 9.3843402, 53.7871914 ], [ 9.3776829, 53.7977876 ], [ 9.3765731, 53.7993781 ], [ 9.3731867, 53.8064561 ], [ 9.3716967, 53.8107965 ], [ 9.3677026, 53.8171799 ], [ 9.3611684, 53.8234711 ], [ 9.358289, 53.826243 ], [ 9.3409102, 53.8370236 ], [ 9.3393025, 53.8380208 ], [ 9.3205305, 53.8496622 ], [ 9.3016616, 53.8600884 ], [ 9.2943295, 53.8641391 ], [ 9.2689863, 53.870117 ], [ 9.2545111, 53.8741465 ], [ 9.2478458, 53.8760018 ], [ 9.2356361, 53.877776 ], [ 9.2279632, 53.8789056 ], [ 9.2252189, 53.8792897 ], [ 9.2169804, 53.8803247 ], [ 9.2105447, 53.8806276 ], [ 9.1901002, 53.8815898 ], [ 9.1616605, 53.8807416 ], [ 9.1241121, 53.8796876 ], [ 9.1179215, 53.8794627 ], [ 9.1134444, 53.8792578 ], [ 9.1097259, 53.8791614 ], [ 9.1065609, 53.8789635 ], [ 9.0916483, 53.8766572 ], [ 9.077778, 53.8733439 ], [ 9.0520008, 53.866509399999984 ], [ 9.0263201, 53.860275199999982 ], [ 9.0010887, 53.8536148 ], [ 8.9852329, 53.850865400000011 ], [ 8.9696222, 53.8490955 ], [ 8.9355292, 53.8460009 ], [ 8.902424, 53.843097099999987 ], [ 8.8933391, 53.8422592 ], [ 8.8932127, 53.8422475 ], [ 8.8693837, 53.8402195 ], [ 8.8362896, 53.8390416 ], [ 8.8111344, 53.8397365 ], [ 8.7882713, 53.8414103 ], [ 8.7741695, 53.8451934 ], [ 8.7672087, 53.847060599999985 ], [ 8.7507025, 53.8555903 ], [ 8.7387022, 53.8625788 ], [ 8.7269251, 53.870874299999983 ], [ 8.720135, 53.8756564 ], [ 8.718466, 53.8768317 ], [ 8.6976938, 53.8956216 ], [ 8.6948722, 53.8981733 ] ] } },
{ "type": "Feature", "properties": { "river": "Ems" }, "geometry": { "type": "LineString", "coordinates": [ [ 8.804166666666191, 51.864583333332689 ], [ 8.797916666666111, 51.864583333332689 ], [ 8.781249999999488, 51.847916666666052 ], [ 8.777083333332826, 51.847916666666059 ], [ 8.772916666666163, 51.843749999999396 ], [ 8.772916666666163, 51.835416666666035 ], [ 8.768749999999502, 51.831249999999386 ], [ 8.764583333332837, 51.827083333332716 ], [ 8.747916666666129, 51.827083333332716 ], [ 8.727083333332843, 51.80624999999938 ], [ 8.72291666666618, 51.81041666666605 ], [ 8.702083333332808, 51.81041666666605 ], [ 8.697916666666146, 51.806249999999388 ], [ 8.693749999999483, 51.81041666666605 ], [ 8.672916666666111, 51.810416666666043 ], [ 8.668749999999449, 51.80624999999938 ], [ 8.664583333332786, 51.81041666666605 ], [ 8.660416666666123, 51.810416666666057 ], [ 8.652083333332827, 51.818749999999362 ], [ 8.647916666666163, 51.814583333332692 ], [ 8.6437499999995, 51.818749999999362 ], [ 8.639583333332837, 51.818749999999369 ], [ 8.635416666666174, 51.82291666666606 ], [ 8.618749999999466, 51.822916666666067 ], [ 8.614583333332803, 51.827083333332716 ], [ 8.602083333332814, 51.827083333332716 ], [ 8.59791666666618, 51.831249999999372 ], [ 8.593749999999517, 51.831249999999365 ], [ 8.589583333332854, 51.835416666666042 ], [ 8.585416666666193, 51.835416666666042 ], [ 8.581249999999443, 51.831249999999372 ], [ 8.57708333333278, 51.835416666666042 ], [ 8.560416666666157, 51.835416666666035 ], [ 8.556249999999494, 51.831249999999372 ], [ 8.543749999999449, 51.831249999999386 ], [ 8.539583333332786, 51.827083333332716 ], [ 8.535416666666123, 51.827083333332716 ], [ 8.535416666666123, 51.818749999999369 ], [ 8.527083333332797, 51.81041666666605 ], [ 8.5187499999995, 51.81041666666605 ], [ 8.514583333332837, 51.806249999999373 ], [ 8.510416666666174, 51.80624999999938 ], [ 8.506249999999511, 51.802083333332718 ], [ 8.4979166666661, 51.802083333332718 ], [ 8.493749999999466, 51.797916666666069 ], [ 8.48541666666614, 51.797916666666076 ], [ 8.481249999999477, 51.793749999999378 ], [ 8.43958333333282, 51.79374999999937 ], [ 8.422916666666168, 51.81041666666605 ], [ 8.410416666666123, 51.810416666666057 ], [ 8.368749999999437, 51.810416666666057 ], [ 8.364583333332803, 51.814583333332692 ], [ 8.352083333332814, 51.827083333332716 ], [ 8.335416666666191, 51.827083333332709 ], [ 8.331249999999528, 51.831249999999379 ], [ 8.314583333332791, 51.831249999999379 ], [ 8.310416666666157, 51.831249999999379 ], [ 8.306249999999494, 51.835416666666035 ], [ 8.306249999999494, 51.839583333332676 ], [ 8.29374999999942, 51.852083333332693 ], [ 8.302083333332831, 51.860416666666033 ], [ 8.302083333332831, 51.864583333332696 ], [ 8.302083333332831, 51.877083333332713 ], [ 8.314583333332791, 51.88958333333273 ], [ 8.314583333332791, 51.906249999999346 ], [ 8.314583333332791, 51.910416666666059 ], [ 8.310416666666157, 51.914583333332722 ], [ 8.306249999999494, 51.914583333332722 ], [ 8.302083333332831, 51.918749999999356 ], [ 8.29374999999942, 51.918749999999363 ], [ 8.289583333332843, 51.922916666666076 ], [ 8.285416666666208, 51.922916666666076 ], [ 8.28124999999946, 51.927083333332732 ], [ 8.277083333332797, 51.931249999999388 ], [ 8.256249999999511, 51.93124999999938 ], [ 8.252083333332848, 51.935416666666043 ], [ 8.23541666666614, 51.935416666666043 ], [ 8.227083333332814, 51.943749999999355 ], [ 8.218749999999488, 51.943749999999355 ], [ 8.214583333332826, 51.947916666666075 ], [ 8.202083333332865, 51.947916666666075 ], [ 8.197916666666202, 51.952083333332681 ], [ 8.19374999999954, 51.952083333332673 ], [ 8.189583333332791, 51.952083333332681 ], [ 8.185416666666129, 51.956249999999379 ], [ 8.181249999999494, 51.956249999999379 ], [ 8.172916666666168, 51.964583333332705 ], [ 8.168749999999505, 51.964583333332698 ], [ 8.164583333332843, 51.968749999999353 ], [ 8.143749999999471, 51.968749999999368 ], [ 8.139583333332808, 51.964583333332705 ], [ 8.118749999999523, 51.964583333332698 ], [ 8.11458333333286, 51.968749999999361 ], [ 8.110416666666111, 51.964583333332698 ], [ 8.085416666666163, 51.964583333332698 ], [ 8.064583333332877, 51.964583333332698 ], [ 8.060416666666214, 51.960416666666042 ], [ 8.056249999999466, 51.960416666666042 ], [ 8.052083333332831, 51.956249999999386 ], [ 8.047916666666168, 51.956249999999386 ], [ 8.03541666666618, 51.956249999999379 ], [ 8.031249999999432, 51.952083333332673 ], [ 8.006249999999483, 51.952083333332673 ], [ 8.002083333332822, 51.952083333332681 ], [ 7.997916666666185, 51.956249999999372 ], [ 7.98958333333286, 51.956249999999386 ], [ 7.985416666666198, 51.960416666666042 ], [ 7.977083333332786, 51.960416666666035 ], [ 7.972916666666152, 51.964583333332705 ], [ 7.964583333332826, 51.964583333332698 ], [ 7.960416666666163, 51.964583333332705 ], [ 7.956249999999501, 51.968749999999361 ], [ 7.922916666666141, 51.968749999999361 ], [ 7.918749999999507, 51.972916666666052 ], [ 7.914583333332842, 51.972916666666059 ], [ 7.90208333333277, 51.972916666666045 ], [ 7.897916666666106, 51.968749999999353 ], [ 7.889583333332808, 51.968749999999361 ], [ 7.885416666666146, 51.968749999999353 ], [ 7.881249999999483, 51.972916666666045 ], [ 7.860416666666198, 51.972916666666059 ], [ 7.856249999999534, 51.968749999999368 ], [ 7.847916666666124, 51.968749999999361 ], [ 7.843749999999488, 51.972916666666059 ], [ 7.839583333332826, 51.972916666666059 ], [ 7.835416666666163, 51.977083333332722 ], [ 7.827083333332836, 51.977083333332722 ], [ 7.822916666666174, 51.972916666666059 ], [ 7.818749999999512, 51.972916666666052 ], [ 7.814583333332877, 51.977083333332722 ], [ 7.810416666666213, 51.977083333332722 ], [ 7.806249999999465, 51.981249999999378 ], [ 7.797916666666141, 51.981249999999378 ], [ 7.793749999999477, 51.98541666666604 ], [ 7.789583333332843, 51.985416666666033 ], [ 7.78541666666618, 51.989583333332696 ], [ 7.781249999999518, 51.989583333332696 ], [ 7.772916666666108, 51.997916666666043 ], [ 7.772916666666106, 52.006249999999376 ], [ 7.768749999999444, 52.010416666666025 ], [ 7.73958333333286, 52.010416666666025 ], [ 7.714583333332797, 52.035416666666016 ], [ 7.697916666666174, 52.035416666666009 ], [ 7.693749999999512, 52.031249999999368 ], [ 7.689583333332848, 52.031249999999375 ], [ 7.672916666666141, 52.047916666666026 ], [ 7.668749999999477, 52.047916666666026 ], [ 7.664583333332815, 52.052083333332739 ], [ 7.656249999999518, 52.052083333332725 ], [ 7.652083333332854, 52.056249999999388 ], [ 7.652083333332854, 52.06041666666605 ], [ 7.656249999999518, 52.064583333332713 ], [ 7.656249999999518, 52.072916666666039 ], [ 7.647916666666191, 52.081249999999393 ], [ 7.614583333332832, 52.081249999999393 ], [ 7.606249999999533, 52.089583333332698 ], [ 7.606249999999533, 52.093749999999375 ], [ 7.589583333332797, 52.110416666666055 ], [ 7.589583333332797, 52.114583333332689 ], [ 7.593749999999545, 52.118749999999395 ], [ 7.597916666666209, 52.118749999999395 ], [ 7.602083333332871, 52.122916666666057 ], [ 7.606249999999533, 52.122916666666065 ], [ 7.614583333332832, 52.131249999999362 ], [ 7.602083333332871, 52.143749999999358 ], [ 7.606249999999533, 52.147916666666056 ], [ 7.614583333332832, 52.147916666666056 ], [ 7.618749999999494, 52.152083333332705 ], [ 7.62708333333282, 52.152083333332698 ], [ 7.631249999999483, 52.156249999999361 ], [ 7.62708333333282, 52.160416666666023 ], [ 7.622916666666158, 52.160416666666016 ], [ 7.618749999999494, 52.164583333332686 ], [ 7.614583333332832, 52.164583333332679 ], [ 7.610416666666168, 52.168749999999385 ], [ 7.577083333332838, 52.168749999999392 ], [ 7.572916666666174, 52.172916666666048 ], [ 7.560416666666185, 52.17291666666604 ], [ 7.556249999999551, 52.17708333333271 ], [ 7.552083333332803, 52.177083333332718 ], [ 7.543749999999477, 52.185416666666065 ], [ 7.543749999999478, 52.189583333332727 ], [ 7.539583333332814, 52.193749999999376 ], [ 7.539583333332814, 52.197916666666046 ], [ 7.547916666666224, 52.206249999999358 ], [ 7.539583333332814, 52.214583333332719 ], [ 7.531249999999517, 52.214583333332712 ], [ 7.527083333332853, 52.218749999999361 ], [ 7.522916666666191, 52.222916666666023 ], [ 7.518749999999527, 52.22291666666603 ], [ 7.514583333332867, 52.227083333332693 ], [ 7.514583333332865, 52.231249999999342 ], [ 7.510416666666117, 52.23541666666604 ], [ 7.510416666666117, 52.243749999999352 ], [ 7.506249999999455, 52.247916666666057 ], [ 7.50208333333282, 52.25208333333272 ], [ 7.489583333332832, 52.25208333333272 ], [ 7.485416666666168, 52.247916666666072 ], [ 7.477083333332871, 52.247916666666057 ], [ 7.47291666666621, 52.25208333333272 ], [ 7.468749999999545, 52.25208333333272 ], [ 7.464583333332797, 52.256249999999362 ], [ 7.460416666666135, 52.260416666666032 ], [ 7.460416666666135, 52.264583333332695 ], [ 7.456249999999471, 52.268749999999351 ], [ 7.447916666666174, 52.277083333332719 ], [ 7.443749999999511, 52.277083333332719 ], [ 7.435416666666185, 52.285416666666009 ], [ 7.435416666666185, 52.293749999999349 ], [ 7.427083333332803, 52.302083333332703 ], [ 7.422916666666224, 52.30208333333271 ], [ 7.418749999999564, 52.306249999999359 ], [ 7.410416666666152, 52.30624999999938 ], [ 7.402083333332826, 52.31458333333272 ], [ 7.397916666666193, 52.31458333333272 ], [ 7.393749999999529, 52.318749999999397 ], [ 7.385416666666203, 52.318749999999397 ], [ 7.381249999999455, 52.322916666666032 ], [ 7.381249999999455, 52.327083333332709 ], [ 7.377083333332791, 52.331249999999365 ], [ 7.368749999999494, 52.331249999999372 ], [ 7.364583333332832, 52.327083333332702 ], [ 7.360416666666168, 52.327083333332709 ], [ 7.352083333332842, 52.335416666666013 ], [ 7.352083333332842, 52.339583333332719 ], [ 7.352083333332842, 52.343749999999375 ], [ 7.347916666666208, 52.347916666666038 ], [ 7.34791666666621, 52.352083333332693 ], [ 7.343749999999546, 52.356249999999349 ], [ 7.343749999999544, 52.36458333333271 ], [ 7.352083333332842, 52.372916666666036 ], [ 7.352083333332843, 52.37708333333272 ], [ 7.347916666666208, 52.38124999999939 ], [ 7.343749999999544, 52.38124999999939 ], [ 7.335416666666134, 52.389583333332709 ], [ 7.335416666666134, 52.393749999999365 ], [ 7.33124999999947, 52.397916666666035 ], [ 7.33124999999947, 52.406249999999368 ], [ 7.33124999999947, 52.414583333332686 ], [ 7.339583333332797, 52.422916666666019 ], [ 7.339583333332797, 52.427083333332668 ], [ 7.33124999999947, 52.435416666666036 ], [ 7.33124999999947, 52.439583333332678 ], [ 7.327083333332808, 52.443749999999383 ], [ 7.327083333332808, 52.447916666666053 ], [ 7.318749999999511, 52.456249999999358 ], [ 7.318749999999511, 52.460416666666021 ], [ 7.293749999999478, 52.485416666666055 ], [ 7.289583333332814, 52.489583333332682 ], [ 7.289583333332814, 52.493749999999324 ], [ 7.293749999999478, 52.497916666666029 ], [ 7.29374999999948, 52.502083333332699 ], [ 7.297916666666198, 52.502083333332692 ], [ 7.302083333332861, 52.506249999999348 ], [ 7.30208333333286, 52.510416666666046 ], [ 7.293749999999478, 52.518749999999365 ], [ 7.297916666666199, 52.522916666666021 ], [ 7.293749999999478, 52.527083333332698 ], [ 7.285416666666152, 52.527083333332691 ], [ 7.281249999999488, 52.531249999999339 ], [ 7.272916666666163, 52.531249999999325 ], [ 7.268749999999529, 52.535416666666038 ], [ 7.268749999999529, 52.552083333332725 ], [ 7.264583333332865, 52.55624999999938 ], [ 7.268749999999529, 52.560416666666029 ], [ 7.252083333332877, 52.577083333332716 ], [ 7.252083333332877, 52.589583333332698 ], [ 7.247916666666129, 52.593749999999346 ], [ 7.247916666666129, 52.602083333332693 ], [ 7.25624999999954, 52.610416666666019 ], [ 7.256249999999539, 52.639583333332716 ], [ 7.256249999999539, 52.643749999999379 ], [ 7.252083333332877, 52.647916666666013 ], [ 7.252083333332877, 52.652083333332683 ], [ 7.256249999999539, 52.656249999999396 ], [ 7.264583333332865, 52.6645833333327 ], [ 7.264583333332865, 52.66874999999937 ], [ 7.268749999999529, 52.672916666666019 ], [ 7.26874999999953, 52.677083333332725 ], [ 7.277083333332827, 52.685416666665994 ], [ 7.281249999999488, 52.685416666666001 ], [ 7.289583333332814, 52.693749999999369 ], [ 7.289583333332814, 52.697916666666025 ], [ 7.285416666666152, 52.702083333332673 ], [ 7.281249999999488, 52.706249999999372 ], [ 7.28124999999949, 52.710416666666028 ], [ 7.277083333332827, 52.714583333332683 ], [ 7.272916666666163, 52.714583333332683 ], [ 7.268749999999529, 52.718749999999353 ], [ 7.252083333332877, 52.718749999999339 ], [ 7.24791666666613, 52.714583333332691 ], [ 7.243749999999494, 52.714583333332698 ], [ 7.235416666666167, 52.722916666666009 ], [ 7.235416666666167, 52.731249999999363 ], [ 7.231249999999505, 52.735416666666026 ], [ 7.231249999999505, 52.739583333332682 ], [ 7.227083333332843, 52.743749999999352 ], [ 7.231249999999507, 52.74791666666605 ], [ 7.231249999999505, 52.752083333332706 ], [ 7.235416666666167, 52.756249999999355 ], [ 7.239583333332831, 52.756249999999362 ], [ 7.243749999999494, 52.760416666666032 ], [ 7.252083333332877, 52.760416666666032 ], [ 7.25624999999954, 52.764583333332681 ], [ 7.256249999999539, 52.768749999999386 ], [ 7.260416666666204, 52.772916666666035 ], [ 7.260416666666204, 52.781249999999353 ], [ 7.256249999999539, 52.785416666666059 ], [ 7.256249999999538, 52.789583333332729 ], [ 7.260416666666202, 52.793749999999363 ], [ 7.260416666666202, 52.802083333332696 ], [ 7.256249999999539, 52.806249999999352 ], [ 7.247916666666129, 52.806249999999345 ], [ 7.243749999999495, 52.810416666666008 ], [ 7.243749999999494, 52.814583333332671 ], [ 7.247916666666129, 52.818749999999369 ], [ 7.264583333332865, 52.818749999999355 ], [ 7.268749999999529, 52.822916666666039 ], [ 7.268749999999529, 52.827083333332695 ], [ 7.264583333332865, 52.831249999999336 ], [ 7.268749999999529, 52.835416666666042 ], [ 7.28124999999949, 52.835416666666035 ], [ 7.289583333332816, 52.843749999999346 ], [ 7.293749999999478, 52.843749999999339 ], [ 7.297916666666198, 52.847916666666002 ], [ 7.30208333333286, 52.847916666666009 ], [ 7.306249999999523, 52.852083333332715 ], [ 7.306249999999525, 52.856249999999385 ], [ 7.306249999999523, 52.860416666666033 ], [ 7.310416666666185, 52.864583333332696 ], [ 7.310416666666185, 52.868749999999345 ], [ 7.314583333332847, 52.87291666666605 ], [ 7.310416666666185, 52.877083333332706 ], [ 7.30208333333286, 52.877083333332706 ], [ 7.297916666666199, 52.872916666666043 ], [ 7.281249999999488, 52.889583333332673 ], [ 7.277083333332826, 52.889583333332681 ], [ 7.272916666666164, 52.893749999999336 ], [ 7.281249999999488, 52.902083333332705 ], [ 7.289583333332814, 52.902083333332698 ], [ 7.293749999999478, 52.906249999999375 ], [ 7.297916666666198, 52.906249999999368 ], [ 7.30208333333286, 52.910416666666016 ], [ 7.30208333333286, 52.922916666666026 ], [ 7.293749999999478, 52.931249999999359 ], [ 7.297916666666198, 52.935416666666008 ], [ 7.297916666666199, 52.947916666666025 ], [ 7.293749999999478, 52.952083333332688 ], [ 7.297916666666198, 52.956249999999343 ], [ 7.297916666666199, 52.964583333332705 ], [ 7.297916666666198, 52.977083333332708 ], [ 7.30208333333286, 52.981249999999392 ], [ 7.306249999999523, 52.981249999999385 ], [ 7.310416666666185, 52.98541666666604 ], [ 7.314583333332847, 52.985416666666055 ], [ 7.318749999999511, 52.989583333332696 ], [ 7.314583333332847, 52.993749999999345 ], [ 7.314583333332847, 52.997916666666015 ], [ 7.322916666666173, 53.006249999999383 ], [ 7.322916666666173, 53.018749999999351 ], [ 7.318749999999513, 53.022916666666013 ], [ 7.318749999999511, 53.035416666666023 ], [ 7.314583333332847, 53.039583333332665 ], [ 7.314583333332847, 53.047916666666048 ], [ 7.310416666666185, 53.052083333332696 ], [ 7.297916666666198, 53.052083333332689 ], [ 7.29374999999948, 53.056249999999352 ], [ 7.289583333332814, 53.056249999999345 ], [ 7.285416666666152, 53.060416666666022 ], [ 7.285416666666152, 53.077083333332688 ], [ 7.289583333332814, 53.081249999999351 ], [ 7.289583333332814, 53.089583333332662 ], [ 7.30208333333286, 53.1020833333327 ], [ 7.306249999999523, 53.102083333332693 ], [ 7.310416666666185, 53.106249999999335 ], [ 7.335416666666134, 53.106249999999328 ], [ 7.339583333332797, 53.102083333332693 ], [ 7.356249999999505, 53.102083333332686 ], [ 7.360416666666168, 53.106249999999321 ], [ 7.364583333332832, 53.106249999999321 ], [ 7.372916666666158, 53.114583333332703 ], [ 7.372916666666158, 53.118749999999352 ], [ 7.377083333332793, 53.122916666666015 ], [ 7.368749999999494, 53.131249999999326 ], [ 7.368749999999494, 53.135416666666032 ], [ 7.37291666666616, 53.139583333332695 ], [ 7.37291666666616, 53.168749999999356 ], [ 7.377083333332793, 53.172916666666033 ], [ 7.381249999999455, 53.17708333333271 ], [ 7.385416666666204, 53.177083333332696 ], [ 7.393749999999529, 53.185416666666029 ], [ 7.397916666666191, 53.185416666666022 ], [ 7.402083333332828, 53.185416666666022 ], [ 7.410416666666152, 53.193749999999341 ], [ 7.410416666666152, 53.202083333332702 ], [ 7.414583333332814, 53.206249999999358 ], [ 7.418749999999562, 53.206249999999365 ], [ 7.427083333332804, 53.214583333332676 ], [ 7.427083333332803, 53.227083333332686 ], [ 7.422916666666224, 53.231249999999349 ], [ 7.410416666666152, 53.231249999999363 ], [ 7.406249999999488, 53.235416666666012 ], [ 7.402083333332828, 53.235416666666005 ], [ 7.397916666666191, 53.239583333332703 ], [ 7.397916666666191, 53.272916666666021 ], [ 7.402083333332826, 53.277083333332669 ], [ 7.397916666666193, 53.281249999999332 ], [ 7.397916666666193, 53.285416666665995 ], [ 7.397916666666191, 53.289583333332686 ], [ 7.393749999999529, 53.293749999999356 ], [ 7.389583333332865, 53.293749999999356 ], [ 7.385416666666203, 53.293749999999349 ], [ 7.381249999999455, 53.297916666666012 ], [ 7.360416666666168, 53.297916666666012 ], [ 7.356249999999505, 53.302083333332661 ], [ 7.347916666666208, 53.310416666666043 ], [ 7.347916666666208, 53.314583333332685 ], [ 7.343749999999544, 53.318749999999348 ], [ 7.335416666666134, 53.318749999999355 ], [ 7.33124999999947, 53.322916666666011 ], [ 7.327083333332808, 53.322916666666011 ], [ 7.310416666666185, 53.322916666666003 ], [ 7.306249999999523, 53.318749999999348 ], [ 7.297916666666199, 53.318749999999348 ], [ 7.293749999999478, 53.322916666666003 ] ] } }
]
}
