"GCODE";"Ost";"Nord";"AWGN ID";"Parameter";"Messstation";"Gewässer";"Jahr";"Datum";"Tagesmittelwert";"Dimension"
"CYY137";"510.766";"5.427.724";"2.345";"Temperatur";"Besigheim (CYY137)";"Neckar";"2006";"01.01.2006";"3,7";"°C"
"CYY137";"510.766";"5.427.724";"2.345";"Temperatur";"Besigheim (CYY137)";"Neckar";"2006";"02.01.2006";"3,8";"°C"
"CYY137";"510.766";"5.427.724";"2.345";"Temperatur";"Besigheim (CYY137)";"Neckar";"2006";"03.01.2006";"3,3";"°C"
"CYY137";"510.766";"5.427.724";"2.345";"Temperatur";"Besigheim (CYY137)";"Neckar";"2006";"04.01.2006";"3,7";"°C"
"CYY137";"510.766";"5.427.724";"2.345";"Temperatur";"Besigheim (CYY137)";"Neckar";"2006";"05.01.2006";"3,9";"°C"
"CYY137";"510.766";"5.427.724";"2.345";"Temperatur";"Besigheim (CYY137)";"Neckar";"2006";"06.01.2006";"4";"°C"
"CYY137";"510.766";"5.427.724";"2.345";"Temperatur";"Besigheim (CYY137)";"Neckar";"2006";"07.01.2006";"4,2";"°C"
"CYY137";"510.766";"5.427.724";"2.345";"Temperatur";"Besigheim (CYY137)";"Neckar";"2006";"08.01.2006";"4,3";"°C"
"CYY137";"510.766";"5.427.724";"2.345";"Temperatur";"Besigheim (CYY137)";"Neckar";"2006";"09.01.2006";"4,1";"°C"
"CYY137";"510.766";"5.427.724";"2.345";"Temperatur";"Besigheim (CYY137)";"Neckar";"2006";"10.01.2006";"3,7";"°C"
"CYY137";"510.766";"5.427.724";"2.345";"Temperatur";"Besigheim (CYY137)";"Neckar";"2006";"11.01.2006";"3,7";"°C"
"CYY137";"510.766";"5.427.724";"2.345";"Temperatur";"Besigheim (CYY137)";"Neckar";"2006";"12.01.2006";"3,2";"°C"
"CYY137";"510.766";"5.427.724";"2.345";"Temperatur";"Besigheim (CYY137)";"Neckar";"2006";"13.01.2006";"2,8";"°C"
"CYY137";"510.766";"5.427.724";"2.345";"Temperatur";"Besigheim (CYY137)";"Neckar";"2006";"14.01.2006";"2,5";"°C"
"CYY137";"510.766";"5.427.724";"2.345";"Temperatur";"Besigheim (CYY137)";"Neckar";"2006";"15.01.2006";"2";"°C"
"CYY137";"510.766";"5.427.724";"2.345";"Temperatur";"Besigheim (CYY137)";"Neckar";"2006";"16.01.2006";"1,5";"°C"
"CYY137";"510.766";"5.427.724";"2.345";"Temperatur";"Besigheim (CYY137)";"Neckar";"2006";"17.01.2006";"1,2";"°C"
"CYY137";"510.766";"5.427.724";"2.345";"Temperatur";"Besigheim (CYY137)";"Neckar";"2006";"18.01.2006";"1,5";"°C"
"CYY137";"510.766";"5.427.724";"2.345";"Temperatur";"Besigheim (CYY137)";"Neckar";"2006";"19.01.2006";"2";"°C"
"CYY137";"510.766";"5.427.724";"2.345";"Temperatur";"Besigheim (CYY137)";"Neckar";"2006";"20.01.2006";"1,7";"°C"
"CYY137";"510.766";"5.427.724";"2.345";"Temperatur";"Besigheim (CYY137)";"Neckar";"2006";"21.01.2006";"2,2";"°C"
"CYY137";"510.766";"5.427.724";"2.345";"Temperatur";"Besigheim (CYY137)";"Neckar";"2006";"22.01.2006";"3";"°C"
"CYY137";"510.766";"5.427.724";"2.345";"Temperatur";"Besigheim (CYY137)";"Neckar";"2006";"23.01.2006";"2,8";"°C"
"CYY137";"510.766";"5.427.724";"2.345";"Temperatur";"Besigheim (CYY137)";"Neckar";"2006";"24.01.2006";"2,5";"°C"
"CYY137";"510.766";"5.427.724";"2.345";"Temperatur";"Besigheim (CYY137)";"Neckar";"2006";"25.01.2006";"2,3";"°C"
"CYY137";"510.766";"5.427.724";"2.345";"Temperatur";"Besigheim (CYY137)";"Neckar";"2006";"26.01.2006";"2,2";"°C"
"CYY137";"510.766";"5.427.724";"2.345";"Temperatur";"Besigheim (CYY137)";"Neckar";"2006";"27.01.2006";"2,2";"°C"
"CYY137";"510.766";"5.427.724";"2.345";"Temperatur";"Besigheim (CYY137)";"Neckar";"2006";"28.01.2006";"2,5";"°C"
"CYY137";"510.766";"5.427.724";"2.345";"Temperatur";"Besigheim (CYY137)";"Neckar";"2006";"29.01.2006";"2,7";"°C"
"CYY137";"510.766";"5.427.724";"2.345";"Temperatur";"Besigheim (CYY137)";"Neckar";"2006";"30.01.2006";"1,8";"°C"
"CYY137";"510.766";"5.427.724";"2.345";"Temperatur";"Besigheim (CYY137)";"Neckar";"2006";"31.01.2006";"1,1";"°C"
"CYY137";"510.766";"5.427.724";"2.345";"Temperatur";"Besigheim (CYY137)";"Neckar";"2006";"01.02.2006";"0,9";"°C"
"CYY137";"510.766";"5.427.724";"2.345";"Temperatur";"Besigheim (CYY137)";"Neckar";"2006";"02.02.2006";"0,8";"°C"
"CYY137";"510.766";"5.427.724";"2.345";"Temperatur";"Besigheim (CYY137)";"Neckar";"2006";"03.02.2006";"0,9";"°C"
"CYY137";"510.766";"5.427.724";"2.345";"Temperatur";"Besigheim (CYY137)";"Neckar";"2006";"04.02.2006";"1";"°C"
"CYY137";"510.766";"5.427.724";"2.345";"Temperatur";"Besigheim (CYY137)";"Neckar";"2006";"05.02.2006";"1,3";"°C"
"CYY137";"510.766";"5.427.724";"2.345";"Temperatur";"Besigheim (CYY137)";"Neckar";"2006";"06.02.2006";"1,5";"°C"
"CYY137";"510.766";"5.427.724";"2.345";"Temperatur";"Besigheim (CYY137)";"Neckar";"2006";"07.02.2006";"1,9";"°C"
"CYY137";"510.766";"5.427.724";"2.345";"Temperatur";"Besigheim (CYY137)";"Neckar";"2006";"08.02.2006";"2,2";"°C"
"CYY137";"510.766";"5.427.724";"2.345";"Temperatur";"Besigheim (CYY137)";"Neckar";"2006";"09.02.2006";"2,4";"°C"
"CYY137";"510.766";"5.427.724";"2.345";"Temperatur";"Besigheim (CYY137)";"Neckar";"2006";"10.02.2006";"2,6";"°C"
"CYY137";"510.766";"5.427.724";"2.345";"Temperatur";"Besigheim (CYY137)";"Neckar";"2006";"11.02.2006";"2,6";"°C"
"CYY137";"510.766";"5.427.724";"2.345";"Temperatur";"Besigheim (CYY137)";"Neckar";"2006";"12.02.2006";"2,7";"°C"
"CYY137";"510.766";"5.427.724";"2.345";"Temperatur";"Besigheim (CYY137)";"Neckar";"2006";"13.02.2006";"2,8";"°C"
"CYY137";"510.766";"5.427.724";"2.345";"Temperatur";"Besigheim (CYY137)";"Neckar";"2006";"14.02.2006";"2,9";"°C"
"CYY137";"510.766";"5.427.724";"2.345";"Temperatur";"Besigheim (CYY137)";"Neckar";"2006";"15.02.2006";"3,2";"°C"
"CYY137";"510.766";"5.427.724";"2.345";"Temperatur";"Besigheim (CYY137)";"Neckar";"2006";"16.02.2006";"4";"°C"
"CYY137";"510.766";"5.427.724";"2.345";"Temperatur";"Besigheim (CYY137)";"Neckar";"2006";"17.02.2006";"3,9";"°C"
"CYY137";"510.766";"5.427.724";"2.345";"Temperatur";"Besigheim (CYY137)";"Neckar";"2006";"18.02.2006";"4";"°C"
"CYY137";"510.766";"5.427.724";"2.345";"Temperatur";"Besigheim (CYY137)";"Neckar";"2006";"19.02.2006";"4,4";"°C"
"CYY137";"510.766";"5.427.724";"2.345";"Temperatur";"Besigheim (CYY137)";"Neckar";"2006";"20.02.2006";"4,9";"°C"
"CYY137";"510.766";"5.427.724";"2.345";"Temperatur";"Besigheim (CYY137)";"Neckar";"2006";"21.02.2006";"5,1";"°C"
"CYY137";"510.766";"5.427.724";"2.345";"Temperatur";"Besigheim (CYY137)";"Neckar";"2006";"22.02.2006";"5,2";"°C"
"CYY137";"510.766";"5.427.724";"2.345";"Temperatur";"Besigheim (CYY137)";"Neckar";"2006";"23.02.2006";"5,1";"°C"
"CYY137";"510.766";"5.427.724";"2.345";"Temperatur";"Besigheim (CYY137)";"Neckar";"2006";"24.02.2006";"4,9";"°C"
"CYY137";"510.766";"5.427.724";"2.345";"Temperatur";"Besigheim (CYY137)";"Neckar";"2006";"25.02.2006";"4,7";"°C"
"CYY137";"510.766";"5.427.724";"2.345";"Temperatur";"Besigheim (CYY137)";"Neckar";"2006";"26.02.2006";"4,4";"°C"
"CYY137";"510.766";"5.427.724";"2.345";"Temperatur";"Besigheim (CYY137)";"Neckar";"2006";"27.02.2006";"4,2";"°C"
"CYY137";"510.766";"5.427.724";"2.345";"Temperatur";"Besigheim (CYY137)";"Neckar";"2006";"28.02.2006";"4,1";"°C"
"CYY137";"510.766";"5.427.724";"2.345";"Temperatur";"Besigheim (CYY137)";"Neckar";"2006";"01.03.2006";"3,9";"°C"
"CYY137";"510.766";"5.427.724";"2.345";"Temperatur";"Besigheim (CYY137)";"Neckar";"2006";"02.03.2006";"3,7";"°C"
"CYY137";"510.766";"5.427.724";"2.345";"Temperatur";"Besigheim (CYY137)";"Neckar";"2006";"03.03.2006";"3,5";"°C"
"CYY137";"510.766";"5.427.724";"2.345";"Temperatur";"Besigheim (CYY137)";"Neckar";"2006";"04.03.2006";"3,8";"°C"
"CYY137";"510.766";"5.427.724";"2.345";"Temperatur";"Besigheim (CYY137)";"Neckar";"2006";"05.03.2006";"3,7";"°C"
"CYY137";"510.766";"5.427.724";"2.345";"Temperatur";"Besigheim (CYY137)";"Neckar";"2006";"06.03.2006";"4";"°C"
"CYY137";"510.766";"5.427.724";"2.345";"Temperatur";"Besigheim (CYY137)";"Neckar";"2006";"07.03.2006";"4";"°C"
"CYY137";"510.766";"5.427.724";"2.345";"Temperatur";"Besigheim (CYY137)";"Neckar";"2006";"08.03.2006";"3,7";"°C"
"CYY137";"510.766";"5.427.724";"2.345";"Temperatur";"Besigheim (CYY137)";"Neckar";"2006";"09.03.2006";"4,2";"°C"
"CYY137";"510.766";"5.427.724";"2.345";"Temperatur";"Besigheim (CYY137)";"Neckar";"2006";"10.03.2006";"4,3";"°C"
"CYY137";"510.766";"5.427.724";"2.345";"Temperatur";"Besigheim (CYY137)";"Neckar";"2006";"11.03.2006";"4,5";"°C"
"CYY137";"510.766";"5.427.724";"2.345";"Temperatur";"Besigheim (CYY137)";"Neckar";"2006";"12.03.2006";"4,2";"°C"
"CYY137";"510.766";"5.427.724";"2.345";"Temperatur";"Besigheim (CYY137)";"Neckar";"2006";"13.03.2006";"4,1";"°C"
"CYY137";"510.766";"5.427.724";"2.345";"Temperatur";"Besigheim (CYY137)";"Neckar";"2006";"14.03.2006";"-";"°C"
"CYY137";"510.766";"5.427.724";"2.345";"Temperatur";"Besigheim (CYY137)";"Neckar";"2006";"15.03.2006";"-";"°C"
"CYY137";"510.766";"5.427.724";"2.345";"Temperatur";"Besigheim (CYY137)";"Neckar";"2006";"16.03.2006";"-";"°C"
"CYY137";"510.766";"5.427.724";"2.345";"Temperatur";"Besigheim (CYY137)";"Neckar";"2006";"17.03.2006";"4,3";"°C"
"CYY137";"510.766";"5.427.724";"2.345";"Temperatur";"Besigheim (CYY137)";"Neckar";"2006";"18.03.2006";"4,7";"°C"
"CYY137";"510.766";"5.427.724";"2.345";"Temperatur";"Besigheim (CYY137)";"Neckar";"2006";"19.03.2006";"5,2";"°C"
"CYY137";"510.766";"5.427.724";"2.345";"Temperatur";"Besigheim (CYY137)";"Neckar";"2006";"20.03.2006";"5,8";"°C"
"CYY137";"510.766";"5.427.724";"2.345";"Temperatur";"Besigheim (CYY137)";"Neckar";"2006";"21.03.2006";"6,3";"°C"
"CYY137";"510.766";"5.427.724";"2.345";"Temperatur";"Besigheim (CYY137)";"Neckar";"2006";"22.03.2006";"6,8";"°C"
"CYY137";"510.766";"5.427.724";"2.345";"Temperatur";"Besigheim (CYY137)";"Neckar";"2006";"23.03.2006";"7";"°C"
"CYY137";"510.766";"5.427.724";"2.345";"Temperatur";"Besigheim (CYY137)";"Neckar";"2006";"24.03.2006";"6,8";"°C"
"CYY137";"510.766";"5.427.724";"2.345";"Temperatur";"Besigheim (CYY137)";"Neckar";"2006";"25.03.2006";"6,8";"°C"
"CYY137";"510.766";"5.427.724";"2.345";"Temperatur";"Besigheim (CYY137)";"Neckar";"2006";"26.03.2006";"7,4";"°C"
"CYY137";"510.766";"5.427.724";"2.345";"Temperatur";"Besigheim (CYY137)";"Neckar";"2006";"27.03.2006";"7,9";"°C"
"CYY137";"510.766";"5.427.724";"2.345";"Temperatur";"Besigheim (CYY137)";"Neckar";"2006";"28.03.2006";"8,4";"°C"
"CYY137";"510.766";"5.427.724";"2.345";"Temperatur";"Besigheim (CYY137)";"Neckar";"2006";"29.03.2006";"8,6";"°C"
"CYY137";"510.766";"5.427.724";"2.345";"Temperatur";"Besigheim (CYY137)";"Neckar";"2006";"30.03.2006";"8,1";"°C"
"CYY137";"510.766";"5.427.724";"2.345";"Temperatur";"Besigheim (CYY137)";"Neckar";"2006";"31.03.2006";"8,4";"°C"
"CYY137";"510.766";"5.427.724";"2.345";"Temperatur";"Besigheim (CYY137)";"Neckar";"2006";"01.04.2006";"8,8";"°C"
"CYY137";"510.766";"5.427.724";"2.345";"Temperatur";"Besigheim (CYY137)";"Neckar";"2006";"02.04.2006";"9,5";"°C"
"CYY137";"510.766";"5.427.724";"2.345";"Temperatur";"Besigheim (CYY137)";"Neckar";"2006";"03.04.2006";"9,6";"°C"
"CYY137";"510.766";"5.427.724";"2.345";"Temperatur";"Besigheim (CYY137)";"Neckar";"2006";"04.04.2006";"9,6";"°C"
"CYY137";"510.766";"5.427.724";"2.345";"Temperatur";"Besigheim (CYY137)";"Neckar";"2006";"05.04.2006";"9,2";"°C"
"CYY137";"510.766";"5.427.724";"2.345";"Temperatur";"Besigheim (CYY137)";"Neckar";"2006";"06.04.2006";"8,4";"°C"
"CYY137";"510.766";"5.427.724";"2.345";"Temperatur";"Besigheim (CYY137)";"Neckar";"2006";"07.04.2006";"8";"°C"
"CYY137";"510.766";"5.427.724";"2.345";"Temperatur";"Besigheim (CYY137)";"Neckar";"2006";"08.04.2006";"8";"°C"
"CYY137";"510.766";"5.427.724";"2.345";"Temperatur";"Besigheim (CYY137)";"Neckar";"2006";"09.04.2006";"8,4";"°C"
"CYY137";"510.766";"5.427.724";"2.345";"Temperatur";"Besigheim (CYY137)";"Neckar";"2006";"10.04.2006";"8,5";"°C"
"CYY137";"510.766";"5.427.724";"2.345";"Temperatur";"Besigheim (CYY137)";"Neckar";"2006";"11.04.2006";"7,4";"°C"
"CYY137";"510.766";"5.427.724";"2.345";"Temperatur";"Besigheim (CYY137)";"Neckar";"2006";"12.04.2006";"6,5";"°C"
"CYY137";"510.766";"5.427.724";"2.345";"Temperatur";"Besigheim (CYY137)";"Neckar";"2006";"13.04.2006";"6,9";"°C"
"CYY137";"510.766";"5.427.724";"2.345";"Temperatur";"Besigheim (CYY137)";"Neckar";"2006";"14.04.2006";"7,4";"°C"
"CYY137";"510.766";"5.427.724";"2.345";"Temperatur";"Besigheim (CYY137)";"Neckar";"2006";"15.04.2006";"8,1";"°C"
"CYY137";"510.766";"5.427.724";"2.345";"Temperatur";"Besigheim (CYY137)";"Neckar";"2006";"16.04.2006";"8,8";"°C"
"CYY137";"510.766";"5.427.724";"2.345";"Temperatur";"Besigheim (CYY137)";"Neckar";"2006";"17.04.2006";"9,5";"°C"
"CYY137";"510.766";"5.427.724";"2.345";"Temperatur";"Besigheim (CYY137)";"Neckar";"2006";"18.04.2006";"10";"°C"
"CYY137";"510.766";"5.427.724";"2.345";"Temperatur";"Besigheim (CYY137)";"Neckar";"2006";"19.04.2006";"10,5";"°C"
"CYY137";"510.766";"5.427.724";"2.345";"Temperatur";"Besigheim (CYY137)";"Neckar";"2006";"20.04.2006";"11,1";"°C"
"CYY137";"510.766";"5.427.724";"2.345";"Temperatur";"Besigheim (CYY137)";"Neckar";"2006";"21.04.2006";"11,7";"°C"
"CYY137";"510.766";"5.427.724";"2.345";"Temperatur";"Besigheim (CYY137)";"Neckar";"2006";"22.04.2006";"12,2";"°C"
"CYY137";"510.766";"5.427.724";"2.345";"Temperatur";"Besigheim (CYY137)";"Neckar";"2006";"23.04.2006";"12,6";"°C"
"CYY137";"510.766";"5.427.724";"2.345";"Temperatur";"Besigheim (CYY137)";"Neckar";"2006";"24.04.2006";"13";"°C"
"CYY137";"510.766";"5.427.724";"2.345";"Temperatur";"Besigheim (CYY137)";"Neckar";"2006";"25.04.2006";"13,3";"°C"
"CYY137";"510.766";"5.427.724";"2.345";"Temperatur";"Besigheim (CYY137)";"Neckar";"2006";"26.04.2006";"13,6";"°C"
"CYY137";"510.766";"5.427.724";"2.345";"Temperatur";"Besigheim (CYY137)";"Neckar";"2006";"27.04.2006";"13,5";"°C"
"CYY137";"510.766";"5.427.724";"2.345";"Temperatur";"Besigheim (CYY137)";"Neckar";"2006";"28.04.2006";"13,3";"°C"
"CYY137";"510.766";"5.427.724";"2.345";"Temperatur";"Besigheim (CYY137)";"Neckar";"2006";"29.04.2006";"12,5";"°C"
"CYY137";"510.766";"5.427.724";"2.345";"Temperatur";"Besigheim (CYY137)";"Neckar";"2006";"30.04.2006";"11,7";"°C"
"CYY137";"510.766";"5.427.724";"2.345";"Temperatur";"Besigheim (CYY137)";"Neckar";"2006";"01.05.2006";"11,5";"°C"
"CYY137";"510.766";"5.427.724";"2.345";"Temperatur";"Besigheim (CYY137)";"Neckar";"2006";"02.05.2006";"11,7";"°C"
"CYY137";"510.766";"5.427.724";"2.345";"Temperatur";"Besigheim (CYY137)";"Neckar";"2006";"03.05.2006";"12,3";"°C"
"CYY137";"510.766";"5.427.724";"2.345";"Temperatur";"Besigheim (CYY137)";"Neckar";"2006";"04.05.2006";"13,3";"°C"
"CYY137";"510.766";"5.427.724";"2.345";"Temperatur";"Besigheim (CYY137)";"Neckar";"2006";"05.05.2006";"14,2";"°C"
"CYY137";"510.766";"5.427.724";"2.345";"Temperatur";"Besigheim (CYY137)";"Neckar";"2006";"06.05.2006";"15";"°C"
"CYY137";"510.766";"5.427.724";"2.345";"Temperatur";"Besigheim (CYY137)";"Neckar";"2006";"07.05.2006";"15,7";"°C"
"CYY137";"510.766";"5.427.724";"2.345";"Temperatur";"Besigheim (CYY137)";"Neckar";"2006";"08.05.2006";"16,1";"°C"
"CYY137";"510.766";"5.427.724";"2.345";"Temperatur";"Besigheim (CYY137)";"Neckar";"2006";"09.05.2006";"16,1";"°C"
"CYY137";"510.766";"5.427.724";"2.345";"Temperatur";"Besigheim (CYY137)";"Neckar";"2006";"10.05.2006";"15,8";"°C"
"CYY137";"510.766";"5.427.724";"2.345";"Temperatur";"Besigheim (CYY137)";"Neckar";"2006";"11.05.2006";"15,9";"°C"
"CYY137";"510.766";"5.427.724";"2.345";"Temperatur";"Besigheim (CYY137)";"Neckar";"2006";"12.05.2006";"16,1";"°C"
"CYY137";"510.766";"5.427.724";"2.345";"Temperatur";"Besigheim (CYY137)";"Neckar";"2006";"13.05.2006";"16,2";"°C"
"CYY137";"510.766";"5.427.724";"2.345";"Temperatur";"Besigheim (CYY137)";"Neckar";"2006";"14.05.2006";"16,1";"°C"
"CYY137";"510.766";"5.427.724";"2.345";"Temperatur";"Besigheim (CYY137)";"Neckar";"2006";"15.05.2006";"16,4";"°C"
"CYY137";"510.766";"5.427.724";"2.345";"Temperatur";"Besigheim (CYY137)";"Neckar";"2006";"16.05.2006";"16,7";"°C"
"CYY137";"510.766";"5.427.724";"2.345";"Temperatur";"Besigheim (CYY137)";"Neckar";"2006";"17.05.2006";"16,9";"°C"
"CYY137";"510.766";"5.427.724";"2.345";"Temperatur";"Besigheim (CYY137)";"Neckar";"2006";"18.05.2006";"17,1";"°C"
"CYY137";"510.766";"5.427.724";"2.345";"Temperatur";"Besigheim (CYY137)";"Neckar";"2006";"19.05.2006";"16,7";"°C"
"CYY137";"510.766";"5.427.724";"2.345";"Temperatur";"Besigheim (CYY137)";"Neckar";"2006";"20.05.2006";"16,2";"°C"
"CYY137";"510.766";"5.427.724";"2.345";"Temperatur";"Besigheim (CYY137)";"Neckar";"2006";"21.05.2006";"16";"°C"
"CYY137";"510.766";"5.427.724";"2.345";"Temperatur";"Besigheim (CYY137)";"Neckar";"2006";"22.05.2006";"15,9";"°C"
"CYY137";"510.766";"5.427.724";"2.345";"Temperatur";"Besigheim (CYY137)";"Neckar";"2006";"23.05.2006";"16,1";"°C"
"CYY137";"510.766";"5.427.724";"2.345";"Temperatur";"Besigheim (CYY137)";"Neckar";"2006";"24.05.2006";"16,3";"°C"
"CYY137";"510.766";"5.427.724";"2.345";"Temperatur";"Besigheim (CYY137)";"Neckar";"2006";"25.05.2006";"15,8";"°C"
"CYY137";"510.766";"5.427.724";"2.345";"Temperatur";"Besigheim (CYY137)";"Neckar";"2006";"26.05.2006";"15,2";"°C"
"CYY137";"510.766";"5.427.724";"2.345";"Temperatur";"Besigheim (CYY137)";"Neckar";"2006";"27.05.2006";"14,8";"°C"
"CYY137";"510.766";"5.427.724";"2.345";"Temperatur";"Besigheim (CYY137)";"Neckar";"2006";"28.05.2006";"14,9";"°C"
"CYY137";"510.766";"5.427.724";"2.345";"Temperatur";"Besigheim (CYY137)";"Neckar";"2006";"29.05.2006";"14,7";"°C"
"CYY137";"510.766";"5.427.724";"2.345";"Temperatur";"Besigheim (CYY137)";"Neckar";"2006";"30.05.2006";"13,6";"°C"
"CYY137";"510.766";"5.427.724";"2.345";"Temperatur";"Besigheim (CYY137)";"Neckar";"2006";"31.05.2006";"12,5";"°C"
"CYY137";"510.766";"5.427.724";"2.345";"Temperatur";"Besigheim (CYY137)";"Neckar";"2006";"01.06.2006";"11,8";"°C"
"CYY137";"510.766";"5.427.724";"2.345";"Temperatur";"Besigheim (CYY137)";"Neckar";"2006";"02.06.2006";"11,5";"°C"
"CYY137";"510.766";"5.427.724";"2.345";"Temperatur";"Besigheim (CYY137)";"Neckar";"2006";"03.06.2006";"11,6";"°C"
"CYY137";"510.766";"5.427.724";"2.345";"Temperatur";"Besigheim (CYY137)";"Neckar";"2006";"04.06.2006";"12,1";"°C"
"CYY137";"510.766";"5.427.724";"2.345";"Temperatur";"Besigheim (CYY137)";"Neckar";"2006";"05.06.2006";"12,5";"°C"
"CYY137";"510.766";"5.427.724";"2.345";"Temperatur";"Besigheim (CYY137)";"Neckar";"2006";"06.06.2006";"13";"°C"
"CYY137";"510.766";"5.427.724";"2.345";"Temperatur";"Besigheim (CYY137)";"Neckar";"2006";"07.06.2006";"13,8";"°C"
"CYY137";"510.766";"5.427.724";"2.345";"Temperatur";"Besigheim (CYY137)";"Neckar";"2006";"08.06.2006";"14,2";"°C"
"CYY137";"510.766";"5.427.724";"2.345";"Temperatur";"Besigheim (CYY137)";"Neckar";"2006";"09.06.2006";"14,7";"°C"
"CYY137";"510.766";"5.427.724";"2.345";"Temperatur";"Besigheim (CYY137)";"Neckar";"2006";"10.06.2006";"15,5";"°C"
"CYY137";"510.766";"5.427.724";"2.345";"Temperatur";"Besigheim (CYY137)";"Neckar";"2006";"11.06.2006";"16,5";"°C"
"CYY137";"510.766";"5.427.724";"2.345";"Temperatur";"Besigheim (CYY137)";"Neckar";"2006";"12.06.2006";"17,3";"°C"
"CYY137";"510.766";"5.427.724";"2.345";"Temperatur";"Besigheim (CYY137)";"Neckar";"2006";"13.06.2006";"18,2";"°C"
"CYY137";"510.766";"5.427.724";"2.345";"Temperatur";"Besigheim (CYY137)";"Neckar";"2006";"14.06.2006";"19";"°C"
"CYY137";"510.766";"5.427.724";"2.345";"Temperatur";"Besigheim (CYY137)";"Neckar";"2006";"15.06.2006";"19,7";"°C"
"CYY137";"510.766";"5.427.724";"2.345";"Temperatur";"Besigheim (CYY137)";"Neckar";"2006";"16.06.2006";"20,3";"°C"
"CYY137";"510.766";"5.427.724";"2.345";"Temperatur";"Besigheim (CYY137)";"Neckar";"2006";"17.06.2006";"20,7";"°C"
"CYY137";"510.766";"5.427.724";"2.345";"Temperatur";"Besigheim (CYY137)";"Neckar";"2006";"18.06.2006";"21,4";"°C"
"CYY137";"510.766";"5.427.724";"2.345";"Temperatur";"Besigheim (CYY137)";"Neckar";"2006";"19.06.2006";"21,9";"°C"
"CYY137";"510.766";"5.427.724";"2.345";"Temperatur";"Besigheim (CYY137)";"Neckar";"2006";"20.06.2006";"22,1";"°C"
"CYY137";"510.766";"5.427.724";"2.345";"Temperatur";"Besigheim (CYY137)";"Neckar";"2006";"21.06.2006";"22,3";"°C"
"CYY137";"510.766";"5.427.724";"2.345";"Temperatur";"Besigheim (CYY137)";"Neckar";"2006";"22.06.2006";"22,1";"°C"
"CYY137";"510.766";"5.427.724";"2.345";"Temperatur";"Besigheim (CYY137)";"Neckar";"2006";"23.06.2006";"22,1";"°C"
"CYY137";"510.766";"5.427.724";"2.345";"Temperatur";"Besigheim (CYY137)";"Neckar";"2006";"24.06.2006";"22,4";"°C"
"CYY137";"510.766";"5.427.724";"2.345";"Temperatur";"Besigheim (CYY137)";"Neckar";"2006";"25.06.2006";"22,8";"°C"
"CYY137";"510.766";"5.427.724";"2.345";"Temperatur";"Besigheim (CYY137)";"Neckar";"2006";"26.06.2006";"22,8";"°C"
"CYY137";"510.766";"5.427.724";"2.345";"Temperatur";"Besigheim (CYY137)";"Neckar";"2006";"27.06.2006";"22,6";"°C"
"CYY137";"510.766";"5.427.724";"2.345";"Temperatur";"Besigheim (CYY137)";"Neckar";"2006";"28.06.2006";"22,7";"°C"
"CYY137";"510.766";"5.427.724";"2.345";"Temperatur";"Besigheim (CYY137)";"Neckar";"2006";"29.06.2006";"22,3";"°C"
"CYY137";"510.766";"5.427.724";"2.345";"Temperatur";"Besigheim (CYY137)";"Neckar";"2006";"30.06.2006";"22,2";"°C"
"CYY137";"510.766";"5.427.724";"2.345";"Temperatur";"Besigheim (CYY137)";"Neckar";"2006";"01.07.2006";"22,5";"°C"
"CYY137";"510.766";"5.427.724";"2.345";"Temperatur";"Besigheim (CYY137)";"Neckar";"2006";"02.07.2006";"23,2";"°C"
"CYY137";"510.766";"5.427.724";"2.345";"Temperatur";"Besigheim (CYY137)";"Neckar";"2006";"03.07.2006";"23,4";"°C"
"CYY137";"510.766";"5.427.724";"2.345";"Temperatur";"Besigheim (CYY137)";"Neckar";"2006";"04.07.2006";"23,8";"°C"
"CYY137";"510.766";"5.427.724";"2.345";"Temperatur";"Besigheim (CYY137)";"Neckar";"2006";"05.07.2006";"23,9";"°C"
"CYY137";"510.766";"5.427.724";"2.345";"Temperatur";"Besigheim (CYY137)";"Neckar";"2006";"06.07.2006";"23,6";"°C"
"CYY137";"510.766";"5.427.724";"2.345";"Temperatur";"Besigheim (CYY137)";"Neckar";"2006";"07.07.2006";"23";"°C"
"CYY137";"510.766";"5.427.724";"2.345";"Temperatur";"Besigheim (CYY137)";"Neckar";"2006";"08.07.2006";"21,9";"°C"
"CYY137";"510.766";"5.427.724";"2.345";"Temperatur";"Besigheim (CYY137)";"Neckar";"2006";"09.07.2006";"21,8";"°C"
"CYY137";"510.766";"5.427.724";"2.345";"Temperatur";"Besigheim (CYY137)";"Neckar";"2006";"10.07.2006";"21,8";"°C"
"CYY137";"510.766";"5.427.724";"2.345";"Temperatur";"Besigheim (CYY137)";"Neckar";"2006";"11.07.2006";"22,3";"°C"
"CYY137";"510.766";"5.427.724";"2.345";"Temperatur";"Besigheim (CYY137)";"Neckar";"2006";"12.07.2006";"23,2";"°C"
"CYY137";"510.766";"5.427.724";"2.345";"Temperatur";"Besigheim (CYY137)";"Neckar";"2006";"13.07.2006";"23,6";"°C"
"CYY137";"510.766";"5.427.724";"2.345";"Temperatur";"Besigheim (CYY137)";"Neckar";"2006";"14.07.2006";"23,7";"°C"
"CYY137";"510.766";"5.427.724";"2.345";"Temperatur";"Besigheim (CYY137)";"Neckar";"2006";"15.07.2006";"23,7";"°C"
"CYY137";"510.766";"5.427.724";"2.345";"Temperatur";"Besigheim (CYY137)";"Neckar";"2006";"16.07.2006";"23,9";"°C"
"CYY137";"510.766";"5.427.724";"2.345";"Temperatur";"Besigheim (CYY137)";"Neckar";"2006";"17.07.2006";"24";"°C"
"CYY137";"510.766";"5.427.724";"2.345";"Temperatur";"Besigheim (CYY137)";"Neckar";"2006";"18.07.2006";"24,1";"°C"
"CYY137";"510.766";"5.427.724";"2.345";"Temperatur";"Besigheim (CYY137)";"Neckar";"2006";"19.07.2006";"24,4";"°C"
"CYY137";"510.766";"5.427.724";"2.345";"Temperatur";"Besigheim (CYY137)";"Neckar";"2006";"20.07.2006";"24,7";"°C"
"CYY137";"510.766";"5.427.724";"2.345";"Temperatur";"Besigheim (CYY137)";"Neckar";"2006";"21.07.2006";"25,4";"°C"
"CYY137";"510.766";"5.427.724";"2.345";"Temperatur";"Besigheim (CYY137)";"Neckar";"2006";"22.07.2006";"25,4";"°C"
"CYY137";"510.766";"5.427.724";"2.345";"Temperatur";"Besigheim (CYY137)";"Neckar";"2006";"23.07.2006";"25";"°C"
"CYY137";"510.766";"5.427.724";"2.345";"Temperatur";"Besigheim (CYY137)";"Neckar";"2006";"24.07.2006";"25,4";"°C"
"CYY137";"510.766";"5.427.724";"2.345";"Temperatur";"Besigheim (CYY137)";"Neckar";"2006";"25.07.2006";"25,7";"°C"
"CYY137";"510.766";"5.427.724";"2.345";"Temperatur";"Besigheim (CYY137)";"Neckar";"2006";"26.07.2006";"26";"°C"
"CYY137";"510.766";"5.427.724";"2.345";"Temperatur";"Besigheim (CYY137)";"Neckar";"2006";"27.07.2006";"26,2";"°C"
"CYY137";"510.766";"5.427.724";"2.345";"Temperatur";"Besigheim (CYY137)";"Neckar";"2006";"28.07.2006";"25,9";"°C"
"CYY137";"510.766";"5.427.724";"2.345";"Temperatur";"Besigheim (CYY137)";"Neckar";"2006";"29.07.2006";"25,5";"°C"
"CYY137";"510.766";"5.427.724";"2.345";"Temperatur";"Besigheim (CYY137)";"Neckar";"2006";"30.07.2006";"25,4";"°C"
"CYY137";"510.766";"5.427.724";"2.345";"Temperatur";"Besigheim (CYY137)";"Neckar";"2006";"31.07.2006";"25,4";"°C"
"CYY137";"510.766";"5.427.724";"2.345";"Temperatur";"Besigheim (CYY137)";"Neckar";"2006";"01.08.2006";"24,4";"°C"
"CYY137";"510.766";"5.427.724";"2.345";"Temperatur";"Besigheim (CYY137)";"Neckar";"2006";"02.08.2006";"23,5";"°C"
"CYY137";"510.766";"5.427.724";"2.345";"Temperatur";"Besigheim (CYY137)";"Neckar";"2006";"03.08.2006";"22,8";"°C"
"CYY137";"510.766";"5.427.724";"2.345";"Temperatur";"Besigheim (CYY137)";"Neckar";"2006";"04.08.2006";"21,8";"°C"
"CYY137";"510.766";"5.427.724";"2.345";"Temperatur";"Besigheim (CYY137)";"Neckar";"2006";"05.08.2006";"21,3";"°C"
"CYY137";"510.766";"5.427.724";"2.345";"Temperatur";"Besigheim (CYY137)";"Neckar";"2006";"06.08.2006";"20,6";"°C"
"CYY137";"510.766";"5.427.724";"2.345";"Temperatur";"Besigheim (CYY137)";"Neckar";"2006";"07.08.2006";"20,2";"°C"
"CYY137";"510.766";"5.427.724";"2.345";"Temperatur";"Besigheim (CYY137)";"Neckar";"2006";"08.08.2006";"19,9";"°C"
"CYY137";"510.766";"5.427.724";"2.345";"Temperatur";"Besigheim (CYY137)";"Neckar";"2006";"09.08.2006";"19,5";"°C"
"CYY137";"510.766";"5.427.724";"2.345";"Temperatur";"Besigheim (CYY137)";"Neckar";"2006";"10.08.2006";"19,1";"°C"
"CYY137";"510.766";"5.427.724";"2.345";"Temperatur";"Besigheim (CYY137)";"Neckar";"2006";"11.08.2006";"18,9";"°C"
"CYY137";"510.766";"5.427.724";"2.345";"Temperatur";"Besigheim (CYY137)";"Neckar";"2006";"12.08.2006";"18,6";"°C"
"CYY137";"510.766";"5.427.724";"2.345";"Temperatur";"Besigheim (CYY137)";"Neckar";"2006";"13.08.2006";"18,3";"°C"
"CYY137";"510.766";"5.427.724";"2.345";"Temperatur";"Besigheim (CYY137)";"Neckar";"2006";"14.08.2006";"18,2";"°C"
"CYY137";"510.766";"5.427.724";"2.345";"Temperatur";"Besigheim (CYY137)";"Neckar";"2006";"15.08.2006";"18";"°C"
"CYY137";"510.766";"5.427.724";"2.345";"Temperatur";"Besigheim (CYY137)";"Neckar";"2006";"16.08.2006";"18,1";"°C"
"CYY137";"510.766";"5.427.724";"2.345";"Temperatur";"Besigheim (CYY137)";"Neckar";"2006";"17.08.2006";"18,3";"°C"
"CYY137";"510.766";"5.427.724";"2.345";"Temperatur";"Besigheim (CYY137)";"Neckar";"2006";"18.08.2006";"18,5";"°C"
"CYY137";"510.766";"5.427.724";"2.345";"Temperatur";"Besigheim (CYY137)";"Neckar";"2006";"19.08.2006";"18,8";"°C"
"CYY137";"510.766";"5.427.724";"2.345";"Temperatur";"Besigheim (CYY137)";"Neckar";"2006";"20.08.2006";"19,1";"°C"
"CYY137";"510.766";"5.427.724";"2.345";"Temperatur";"Besigheim (CYY137)";"Neckar";"2006";"21.08.2006";"19,4";"°C"
"CYY137";"510.766";"5.427.724";"2.345";"Temperatur";"Besigheim (CYY137)";"Neckar";"2006";"22.08.2006";"19,4";"°C"
"CYY137";"510.766";"5.427.724";"2.345";"Temperatur";"Besigheim (CYY137)";"Neckar";"2006";"23.08.2006";"19,5";"°C"
"CYY137";"510.766";"5.427.724";"2.345";"Temperatur";"Besigheim (CYY137)";"Neckar";"2006";"24.08.2006";"19,5";"°C"
"CYY137";"510.766";"5.427.724";"2.345";"Temperatur";"Besigheim (CYY137)";"Neckar";"2006";"25.08.2006";"19,1";"°C"
"CYY137";"510.766";"5.427.724";"2.345";"Temperatur";"Besigheim (CYY137)";"Neckar";"2006";"26.08.2006";"18,8";"°C"
"CYY137";"510.766";"5.427.724";"2.345";"Temperatur";"Besigheim (CYY137)";"Neckar";"2006";"27.08.2006";"18,6";"°C"
"CYY137";"510.766";"5.427.724";"2.345";"Temperatur";"Besigheim (CYY137)";"Neckar";"2006";"28.08.2006";"17,3";"°C"
"CYY137";"510.766";"5.427.724";"2.345";"Temperatur";"Besigheim (CYY137)";"Neckar";"2006";"29.08.2006";"16,1";"°C"
"CYY137";"510.766";"5.427.724";"2.345";"Temperatur";"Besigheim (CYY137)";"Neckar";"2006";"30.08.2006";"15,8";"°C"
"CYY137";"510.766";"5.427.724";"2.345";"Temperatur";"Besigheim (CYY137)";"Neckar";"2006";"31.08.2006";"15,7";"°C"
"CYY137";"510.766";"5.427.724";"2.345";"Temperatur";"Besigheim (CYY137)";"Neckar";"2006";"01.09.2006";"15,9";"°C"
"CYY137";"510.766";"5.427.724";"2.345";"Temperatur";"Besigheim (CYY137)";"Neckar";"2006";"02.09.2006";"16,3";"°C"
"CYY137";"510.766";"5.427.724";"2.345";"Temperatur";"Besigheim (CYY137)";"Neckar";"2006";"03.09.2006";"16,5";"°C"
"CYY137";"510.766";"5.427.724";"2.345";"Temperatur";"Besigheim (CYY137)";"Neckar";"2006";"04.09.2006";"17,2";"°C"
"CYY137";"510.766";"5.427.724";"2.345";"Temperatur";"Besigheim (CYY137)";"Neckar";"2006";"05.09.2006";"17,7";"°C"
"CYY137";"510.766";"5.427.724";"2.345";"Temperatur";"Besigheim (CYY137)";"Neckar";"2006";"06.09.2006";"18,1";"°C"
"CYY137";"510.766";"5.427.724";"2.345";"Temperatur";"Besigheim (CYY137)";"Neckar";"2006";"07.09.2006";"18,4";"°C"
"CYY137";"510.766";"5.427.724";"2.345";"Temperatur";"Besigheim (CYY137)";"Neckar";"2006";"08.09.2006";"18,5";"°C"
"CYY137";"510.766";"5.427.724";"2.345";"Temperatur";"Besigheim (CYY137)";"Neckar";"2006";"09.09.2006";"18,6";"°C"
"CYY137";"510.766";"5.427.724";"2.345";"Temperatur";"Besigheim (CYY137)";"Neckar";"2006";"10.09.2006";"18,7";"°C"
"CYY137";"510.766";"5.427.724";"2.345";"Temperatur";"Besigheim (CYY137)";"Neckar";"2006";"11.09.2006";"19";"°C"
"CYY137";"510.766";"5.427.724";"2.345";"Temperatur";"Besigheim (CYY137)";"Neckar";"2006";"12.09.2006";"19,4";"°C"
"CYY137";"510.766";"5.427.724";"2.345";"Temperatur";"Besigheim (CYY137)";"Neckar";"2006";"13.09.2006";"19,7";"°C"
"CYY137";"510.766";"5.427.724";"2.345";"Temperatur";"Besigheim (CYY137)";"Neckar";"2006";"14.09.2006";"19,8";"°C"
"CYY137";"510.766";"5.427.724";"2.345";"Temperatur";"Besigheim (CYY137)";"Neckar";"2006";"15.09.2006";"19,8";"°C"
"CYY137";"510.766";"5.427.724";"2.345";"Temperatur";"Besigheim (CYY137)";"Neckar";"2006";"16.09.2006";"19,7";"°C"
"CYY137";"510.766";"5.427.724";"2.345";"Temperatur";"Besigheim (CYY137)";"Neckar";"2006";"17.09.2006";"19,5";"°C"
"CYY137";"510.766";"5.427.724";"2.345";"Temperatur";"Besigheim (CYY137)";"Neckar";"2006";"18.09.2006";"19,1";"°C"
"CYY137";"510.766";"5.427.724";"2.345";"Temperatur";"Besigheim (CYY137)";"Neckar";"2006";"19.09.2006";"19";"°C"
"CYY137";"510.766";"5.427.724";"2.345";"Temperatur";"Besigheim (CYY137)";"Neckar";"2006";"20.09.2006";"19";"°C"
"CYY137";"510.766";"5.427.724";"2.345";"Temperatur";"Besigheim (CYY137)";"Neckar";"2006";"21.09.2006";"18,9";"°C"
"CYY137";"510.766";"5.427.724";"2.345";"Temperatur";"Besigheim (CYY137)";"Neckar";"2006";"22.09.2006";"18,8";"°C"
"CYY137";"510.766";"5.427.724";"2.345";"Temperatur";"Besigheim (CYY137)";"Neckar";"2006";"23.09.2006";"18,8";"°C"
"CYY137";"510.766";"5.427.724";"2.345";"Temperatur";"Besigheim (CYY137)";"Neckar";"2006";"24.09.2006";"18,7";"°C"
"CYY137";"510.766";"5.427.724";"2.345";"Temperatur";"Besigheim (CYY137)";"Neckar";"2006";"25.09.2006";"18,5";"°C"
"CYY137";"510.766";"5.427.724";"2.345";"Temperatur";"Besigheim (CYY137)";"Neckar";"2006";"26.09.2006";"18,2";"°C"
"CYY137";"510.766";"5.427.724";"2.345";"Temperatur";"Besigheim (CYY137)";"Neckar";"2006";"27.09.2006";"17,8";"°C"
"CYY137";"510.766";"5.427.724";"2.345";"Temperatur";"Besigheim (CYY137)";"Neckar";"2006";"28.09.2006";"17,5";"°C"
"CYY137";"510.766";"5.427.724";"2.345";"Temperatur";"Besigheim (CYY137)";"Neckar";"2006";"29.09.2006";"17,3";"°C"
"CYY137";"510.766";"5.427.724";"2.345";"Temperatur";"Besigheim (CYY137)";"Neckar";"2006";"30.09.2006";"17,3";"°C"
"CYY137";"510.766";"5.427.724";"2.345";"Temperatur";"Besigheim (CYY137)";"Neckar";"2006";"01.10.2006";"17,3";"°C"
"CYY137";"510.766";"5.427.724";"2.345";"Temperatur";"Besigheim (CYY137)";"Neckar";"2006";"02.10.2006";"17,1";"°C"
"CYY137";"510.766";"5.427.724";"2.345";"Temperatur";"Besigheim (CYY137)";"Neckar";"2006";"03.10.2006";"16,6";"°C"
"CYY137";"510.766";"5.427.724";"2.345";"Temperatur";"Besigheim (CYY137)";"Neckar";"2006";"04.10.2006";"15,7";"°C"
"CYY137";"510.766";"5.427.724";"2.345";"Temperatur";"Besigheim (CYY137)";"Neckar";"2006";"05.10.2006";"15,1";"°C"
"CYY137";"510.766";"5.427.724";"2.345";"Temperatur";"Besigheim (CYY137)";"Neckar";"2006";"06.10.2006";"14,8";"°C"
"CYY137";"510.766";"5.427.724";"2.345";"Temperatur";"Besigheim (CYY137)";"Neckar";"2006";"07.10.2006";"14,4";"°C"
"CYY137";"510.766";"5.427.724";"2.345";"Temperatur";"Besigheim (CYY137)";"Neckar";"2006";"08.10.2006";"14,3";"°C"
"CYY137";"510.766";"5.427.724";"2.345";"Temperatur";"Besigheim (CYY137)";"Neckar";"2006";"09.10.2006";"14,1";"°C"
"CYY137";"510.766";"5.427.724";"2.345";"Temperatur";"Besigheim (CYY137)";"Neckar";"2006";"10.10.2006";"14,1";"°C"
"CYY137";"510.766";"5.427.724";"2.345";"Temperatur";"Besigheim (CYY137)";"Neckar";"2006";"11.10.2006";"14,1";"°C"
"CYY137";"510.766";"5.427.724";"2.345";"Temperatur";"Besigheim (CYY137)";"Neckar";"2006";"12.10.2006";"-";"°C"
"CYY137";"510.766";"5.427.724";"2.345";"Temperatur";"Besigheim (CYY137)";"Neckar";"2006";"13.10.2006";"14,6";"°C"
"CYY137";"510.766";"5.427.724";"2.345";"Temperatur";"Besigheim (CYY137)";"Neckar";"2006";"14.10.2006";"14,5";"°C"
"CYY137";"510.766";"5.427.724";"2.345";"Temperatur";"Besigheim (CYY137)";"Neckar";"2006";"15.10.2006";"14,4";"°C"
"CYY137";"510.766";"5.427.724";"2.345";"Temperatur";"Besigheim (CYY137)";"Neckar";"2006";"16.10.2006";"14,1";"°C"
"CYY137";"510.766";"5.427.724";"2.345";"Temperatur";"Besigheim (CYY137)";"Neckar";"2006";"17.10.2006";"13,8";"°C"
"CYY137";"510.766";"5.427.724";"2.345";"Temperatur";"Besigheim (CYY137)";"Neckar";"2006";"18.10.2006";"13,4";"°C"
"CYY137";"510.766";"5.427.724";"2.345";"Temperatur";"Besigheim (CYY137)";"Neckar";"2006";"19.10.2006";"13,3";"°C"
"CYY137";"510.766";"5.427.724";"2.345";"Temperatur";"Besigheim (CYY137)";"Neckar";"2006";"20.10.2006";"13,3";"°C"
"CYY137";"510.766";"5.427.724";"2.345";"Temperatur";"Besigheim (CYY137)";"Neckar";"2006";"21.10.2006";"13,5";"°C"
"CYY137";"510.766";"5.427.724";"2.345";"Temperatur";"Besigheim (CYY137)";"Neckar";"2006";"22.10.2006";"13,8";"°C"
"CYY137";"510.766";"5.427.724";"2.345";"Temperatur";"Besigheim (CYY137)";"Neckar";"2006";"23.10.2006";"13,9";"°C"
"CYY137";"510.766";"5.427.724";"2.345";"Temperatur";"Besigheim (CYY137)";"Neckar";"2006";"24.10.2006";"14";"°C"
"CYY137";"510.766";"5.427.724";"2.345";"Temperatur";"Besigheim (CYY137)";"Neckar";"2006";"25.10.2006";"14";"°C"
"CYY137";"510.766";"5.427.724";"2.345";"Temperatur";"Besigheim (CYY137)";"Neckar";"2006";"26.10.2006";"13,8";"°C"
"CYY137";"510.766";"5.427.724";"2.345";"Temperatur";"Besigheim (CYY137)";"Neckar";"2006";"27.10.2006";"13,6";"°C"
"CYY137";"510.766";"5.427.724";"2.345";"Temperatur";"Besigheim (CYY137)";"Neckar";"2006";"28.10.2006";"13,6";"°C"
"CYY137";"510.766";"5.427.724";"2.345";"Temperatur";"Besigheim (CYY137)";"Neckar";"2006";"29.10.2006";"13,7";"°C"
"CYY137";"510.766";"5.427.724";"2.345";"Temperatur";"Besigheim (CYY137)";"Neckar";"2006";"30.10.2006";"13,8";"°C"
"CYY137";"510.766";"5.427.724";"2.345";"Temperatur";"Besigheim (CYY137)";"Neckar";"2006";"31.10.2006";"13,6";"°C"
"CYY137";"510.766";"5.427.724";"2.345";"Temperatur";"Besigheim (CYY137)";"Neckar";"2006";"01.11.2006";"13,1";"°C"
"CYY137";"510.766";"5.427.724";"2.345";"Temperatur";"Besigheim (CYY137)";"Neckar";"2006";"02.11.2006";"12,2";"°C"
"CYY137";"510.766";"5.427.724";"2.345";"Temperatur";"Besigheim (CYY137)";"Neckar";"2006";"03.11.2006";"11,5";"°C"
"CYY137";"510.766";"5.427.724";"2.345";"Temperatur";"Besigheim (CYY137)";"Neckar";"2006";"04.11.2006";"11";"°C"
"CYY137";"510.766";"5.427.724";"2.345";"Temperatur";"Besigheim (CYY137)";"Neckar";"2006";"05.11.2006";"10,7";"°C"
"CYY137";"510.766";"5.427.724";"2.345";"Temperatur";"Besigheim (CYY137)";"Neckar";"2006";"06.11.2006";"10,4";"°C"
"CYY137";"510.766";"5.427.724";"2.345";"Temperatur";"Besigheim (CYY137)";"Neckar";"2006";"07.11.2006";"10";"°C"
"CYY137";"510.766";"5.427.724";"2.345";"Temperatur";"Besigheim (CYY137)";"Neckar";"2006";"08.11.2006";"9,8";"°C"
"CYY137";"510.766";"5.427.724";"2.345";"Temperatur";"Besigheim (CYY137)";"Neckar";"2006";"09.11.2006";"9,8";"°C"
"CYY137";"510.766";"5.427.724";"2.345";"Temperatur";"Besigheim (CYY137)";"Neckar";"2006";"10.11.2006";"9,4";"°C"
"CYY137";"510.766";"5.427.724";"2.345";"Temperatur";"Besigheim (CYY137)";"Neckar";"2006";"11.11.2006";"9,1";"°C"
"CYY137";"510.766";"5.427.724";"2.345";"Temperatur";"Besigheim (CYY137)";"Neckar";"2006";"12.11.2006";"8,9";"°C"
"CYY137";"510.766";"5.427.724";"2.345";"Temperatur";"Besigheim (CYY137)";"Neckar";"2006";"13.11.2006";"8,8";"°C"
"CYY137";"510.766";"5.427.724";"2.345";"Temperatur";"Besigheim (CYY137)";"Neckar";"2006";"14.11.2006";"9";"°C"
"CYY137";"510.766";"5.427.724";"2.345";"Temperatur";"Besigheim (CYY137)";"Neckar";"2006";"15.11.2006";"9,3";"°C"
"CYY137";"510.766";"5.427.724";"2.345";"Temperatur";"Besigheim (CYY137)";"Neckar";"2006";"16.11.2006";"9,4";"°C"
"CYY137";"510.766";"5.427.724";"2.345";"Temperatur";"Besigheim (CYY137)";"Neckar";"2006";"17.11.2006";"9,6";"°C"
"CYY137";"510.766";"5.427.724";"2.345";"Temperatur";"Besigheim (CYY137)";"Neckar";"2006";"18.11.2006";"9,7";"°C"
"CYY137";"510.766";"5.427.724";"2.345";"Temperatur";"Besigheim (CYY137)";"Neckar";"2006";"19.11.2006";"9,8";"°C"
"CYY137";"510.766";"5.427.724";"2.345";"Temperatur";"Besigheim (CYY137)";"Neckar";"2006";"20.11.2006";"9,9";"°C"
"CYY137";"510.766";"5.427.724";"2.345";"Temperatur";"Besigheim (CYY137)";"Neckar";"2006";"21.11.2006";"9,8";"°C"
"CYY137";"510.766";"5.427.724";"2.345";"Temperatur";"Besigheim (CYY137)";"Neckar";"2006";"22.11.2006";"9,8";"°C"
"CYY137";"510.766";"5.427.724";"2.345";"Temperatur";"Besigheim (CYY137)";"Neckar";"2006";"23.11.2006";"9,5";"°C"
"CYY137";"510.766";"5.427.724";"2.345";"Temperatur";"Besigheim (CYY137)";"Neckar";"2006";"24.11.2006";"9,7";"°C"
"CYY137";"510.766";"5.427.724";"2.345";"Temperatur";"Besigheim (CYY137)";"Neckar";"2006";"25.11.2006";"9,8";"°C"
"CYY137";"510.766";"5.427.724";"2.345";"Temperatur";"Besigheim (CYY137)";"Neckar";"2006";"26.11.2006";"9,7";"°C"
"CYY137";"510.766";"5.427.724";"2.345";"Temperatur";"Besigheim (CYY137)";"Neckar";"2006";"27.11.2006";"9,7";"°C"
"CYY137";"510.766";"5.427.724";"2.345";"Temperatur";"Besigheim (CYY137)";"Neckar";"2006";"28.11.2006";"9,5";"°C"
"CYY137";"510.766";"5.427.724";"2.345";"Temperatur";"Besigheim (CYY137)";"Neckar";"2006";"29.11.2006";"9,2";"°C"
"CYY137";"510.766";"5.427.724";"2.345";"Temperatur";"Besigheim (CYY137)";"Neckar";"2006";"30.11.2006";"9,1";"°C"
"CYY137";"510.766";"5.427.724";"2.345";"Temperatur";"Besigheim (CYY137)";"Neckar";"2006";"01.12.2006";"8,9";"°C"
"CYY137";"510.766";"5.427.724";"2.345";"Temperatur";"Besigheim (CYY137)";"Neckar";"2006";"02.12.2006";"8,7";"°C"
"CYY137";"510.766";"5.427.724";"2.345";"Temperatur";"Besigheim (CYY137)";"Neckar";"2006";"03.12.2006";"8,7";"°C"
"CYY137";"510.766";"5.427.724";"2.345";"Temperatur";"Besigheim (CYY137)";"Neckar";"2006";"04.12.2006";"8,7";"°C"
"CYY137";"510.766";"5.427.724";"2.345";"Temperatur";"Besigheim (CYY137)";"Neckar";"2006";"05.12.2006";"8,9";"°C"
"CYY137";"510.766";"5.427.724";"2.345";"Temperatur";"Besigheim (CYY137)";"Neckar";"2006";"06.12.2006";"9,3";"°C"
"CYY137";"510.766";"5.427.724";"2.345";"Temperatur";"Besigheim (CYY137)";"Neckar";"2006";"07.12.2006";"9,2";"°C"
"CYY137";"510.766";"5.427.724";"2.345";"Temperatur";"Besigheim (CYY137)";"Neckar";"2006";"08.12.2006";"9";"°C"
"CYY137";"510.766";"5.427.724";"2.345";"Temperatur";"Besigheim (CYY137)";"Neckar";"2006";"09.12.2006";"8,9";"°C"
"CYY137";"510.766";"5.427.724";"2.345";"Temperatur";"Besigheim (CYY137)";"Neckar";"2006";"10.12.2006";"9";"°C"
"CYY137";"510.766";"5.427.724";"2.345";"Temperatur";"Besigheim (CYY137)";"Neckar";"2006";"11.12.2006";"8,6";"°C"
"CYY137";"510.766";"5.427.724";"2.345";"Temperatur";"Besigheim (CYY137)";"Neckar";"2006";"12.12.2006";"8,2";"°C"
"CYY137";"510.766";"5.427.724";"2.345";"Temperatur";"Besigheim (CYY137)";"Neckar";"2006";"13.12.2006";"7,9";"°C"
"CYY137";"510.766";"5.427.724";"2.345";"Temperatur";"Besigheim (CYY137)";"Neckar";"2006";"14.12.2006";"7,6";"°C"
"CYY137";"510.766";"5.427.724";"2.345";"Temperatur";"Besigheim (CYY137)";"Neckar";"2006";"15.12.2006";"7,2";"°C"
"CYY137";"510.766";"5.427.724";"2.345";"Temperatur";"Besigheim (CYY137)";"Neckar";"2006";"16.12.2006";"6,8";"°C"
"CYY137";"510.766";"5.427.724";"2.345";"Temperatur";"Besigheim (CYY137)";"Neckar";"2006";"17.12.2006";"6,7";"°C"
"CYY137";"510.766";"5.427.724";"2.345";"Temperatur";"Besigheim (CYY137)";"Neckar";"2006";"18.12.2006";"6,7";"°C"
"CYY137";"510.766";"5.427.724";"2.345";"Temperatur";"Besigheim (CYY137)";"Neckar";"2006";"19.12.2006";"6,6";"°C"
"CYY137";"510.766";"5.427.724";"2.345";"Temperatur";"Besigheim (CYY137)";"Neckar";"2006";"20.12.2006";"6,6";"°C"
"CYY137";"510.766";"5.427.724";"2.345";"Temperatur";"Besigheim (CYY137)";"Neckar";"2006";"21.12.2006";"6,3";"°C"
"CYY137";"510.766";"5.427.724";"2.345";"Temperatur";"Besigheim (CYY137)";"Neckar";"2006";"22.12.2006";"5,8";"°C"
"CYY137";"510.766";"5.427.724";"2.345";"Temperatur";"Besigheim (CYY137)";"Neckar";"2006";"23.12.2006";"5,5";"°C"
"CYY137";"510.766";"5.427.724";"2.345";"Temperatur";"Besigheim (CYY137)";"Neckar";"2006";"24.12.2006";"5,1";"°C"
"CYY137";"510.766";"5.427.724";"2.345";"Temperatur";"Besigheim (CYY137)";"Neckar";"2006";"25.12.2006";"5";"°C"
"CYY137";"510.766";"5.427.724";"2.345";"Temperatur";"Besigheim (CYY137)";"Neckar";"2006";"26.12.2006";"4,9";"°C"
"CYY137";"510.766";"5.427.724";"2.345";"Temperatur";"Besigheim (CYY137)";"Neckar";"2006";"27.12.2006";"4,6";"°C"
"CYY137";"510.766";"5.427.724";"2.345";"Temperatur";"Besigheim (CYY137)";"Neckar";"2006";"28.12.2006";"4,5";"°C"
"CYY137";"510.766";"5.427.724";"2.345";"Temperatur";"Besigheim (CYY137)";"Neckar";"2006";"29.12.2006";"4,4";"°C"
"CYY137";"510.766";"5.427.724";"2.345";"Temperatur";"Besigheim (CYY137)";"Neckar";"2006";"30.12.2006";"4,3";"°C"
"CYY137";"510.766";"5.427.724";"2.345";"Temperatur";"Besigheim (CYY137)";"Neckar";"2006";"31.12.2006";"4,5";"°C"
"CYY137";"510.766";"5.427.724";"2.345";"Temperatur";"Besigheim (CYY137)";"Neckar";"2007";"01.01.2007";"4,9";"°C"
"CYY137";"510.766";"5.427.724";"2.345";"Temperatur";"Besigheim (CYY137)";"Neckar";"2007";"02.01.2007";"5,2";"°C"
"CYY137";"510.766";"5.427.724";"2.345";"Temperatur";"Besigheim (CYY137)";"Neckar";"2007";"03.01.2007";"5,6";"°C"
"CYY137";"510.766";"5.427.724";"2.345";"Temperatur";"Besigheim (CYY137)";"Neckar";"2007";"04.01.2007";"5,5";"°C"
"CYY137";"510.766";"5.427.724";"2.345";"Temperatur";"Besigheim (CYY137)";"Neckar";"2007";"05.01.2007";"5,8";"°C"
"CYY137";"510.766";"5.427.724";"2.345";"Temperatur";"Besigheim (CYY137)";"Neckar";"2007";"06.01.2007";"6,4";"°C"
"CYY137";"510.766";"5.427.724";"2.345";"Temperatur";"Besigheim (CYY137)";"Neckar";"2007";"07.01.2007";"6,9";"°C"
"CYY137";"510.766";"5.427.724";"2.345";"Temperatur";"Besigheim (CYY137)";"Neckar";"2007";"08.01.2007";"6,9";"°C"
"CYY137";"510.766";"5.427.724";"2.345";"Temperatur";"Besigheim (CYY137)";"Neckar";"2007";"09.01.2007";"7,3";"°C"
"CYY137";"510.766";"5.427.724";"2.345";"Temperatur";"Besigheim (CYY137)";"Neckar";"2007";"10.01.2007";"7,7";"°C"
"CYY137";"510.766";"5.427.724";"2.345";"Temperatur";"Besigheim (CYY137)";"Neckar";"2007";"11.01.2007";"8";"°C"
"CYY137";"510.766";"5.427.724";"2.345";"Temperatur";"Besigheim (CYY137)";"Neckar";"2007";"12.01.2007";"8";"°C"
"CYY137";"510.766";"5.427.724";"2.345";"Temperatur";"Besigheim (CYY137)";"Neckar";"2007";"13.01.2007";"8,3";"°C"
"CYY137";"510.766";"5.427.724";"2.345";"Temperatur";"Besigheim (CYY137)";"Neckar";"2007";"14.01.2007";"8,4";"°C"
"CYY137";"510.766";"5.427.724";"2.345";"Temperatur";"Besigheim (CYY137)";"Neckar";"2007";"15.01.2007";"8";"°C"
"CYY137";"510.766";"5.427.724";"2.345";"Temperatur";"Besigheim (CYY137)";"Neckar";"2007";"16.01.2007";"7,7";"°C"
"CYY137";"510.766";"5.427.724";"2.345";"Temperatur";"Besigheim (CYY137)";"Neckar";"2007";"17.01.2007";"7,6";"°C"
"CYY137";"510.766";"5.427.724";"2.345";"Temperatur";"Besigheim (CYY137)";"Neckar";"2007";"18.01.2007";"7,8";"°C"
"CYY137";"510.766";"5.427.724";"2.345";"Temperatur";"Besigheim (CYY137)";"Neckar";"2007";"19.01.2007";"8,5";"°C"
"CYY137";"510.766";"5.427.724";"2.345";"Temperatur";"Besigheim (CYY137)";"Neckar";"2007";"20.01.2007";"8,9";"°C"
"CYY137";"510.766";"5.427.724";"2.345";"Temperatur";"Besigheim (CYY137)";"Neckar";"2007";"21.01.2007";"9,2";"°C"
"CYY137";"510.766";"5.427.724";"2.345";"Temperatur";"Besigheim (CYY137)";"Neckar";"2007";"22.01.2007";"9,2";"°C"
"CYY137";"510.766";"5.427.724";"2.345";"Temperatur";"Besigheim (CYY137)";"Neckar";"2007";"23.01.2007";"8,3";"°C"
"CYY137";"510.766";"5.427.724";"2.345";"Temperatur";"Besigheim (CYY137)";"Neckar";"2007";"24.01.2007";"7";"°C"
"CYY137";"510.766";"5.427.724";"2.345";"Temperatur";"Besigheim (CYY137)";"Neckar";"2007";"25.01.2007";"5,8";"°C"
"CYY137";"510.766";"5.427.724";"2.345";"Temperatur";"Besigheim (CYY137)";"Neckar";"2007";"26.01.2007";"4,9";"°C"
"CYY137";"510.766";"5.427.724";"2.345";"Temperatur";"Besigheim (CYY137)";"Neckar";"2007";"27.01.2007";"4,3";"°C"
"CYY137";"510.766";"5.427.724";"2.345";"Temperatur";"Besigheim (CYY137)";"Neckar";"2007";"28.01.2007";"3,9";"°C"
"CYY137";"510.766";"5.427.724";"2.345";"Temperatur";"Besigheim (CYY137)";"Neckar";"2007";"29.01.2007";"4,2";"°C"
"CYY137";"510.766";"5.427.724";"2.345";"Temperatur";"Besigheim (CYY137)";"Neckar";"2007";"30.01.2007";"4,6";"°C"
"CYY137";"510.766";"5.427.724";"2.345";"Temperatur";"Besigheim (CYY137)";"Neckar";"2007";"31.01.2007";"4,9";"°C"
"CYY137";"510.766";"5.427.724";"2.345";"Temperatur";"Besigheim (CYY137)";"Neckar";"2007";"01.02.2007";"5,6";"°C"
"CYY137";"510.766";"5.427.724";"2.345";"Temperatur";"Besigheim (CYY137)";"Neckar";"2007";"02.02.2007";"6";"°C"
"CYY137";"510.766";"5.427.724";"2.345";"Temperatur";"Besigheim (CYY137)";"Neckar";"2007";"03.02.2007";"6,5";"°C"
"CYY137";"510.766";"5.427.724";"2.345";"Temperatur";"Besigheim (CYY137)";"Neckar";"2007";"04.02.2007";"6,7";"°C"
"CYY137";"510.766";"5.427.724";"2.345";"Temperatur";"Besigheim (CYY137)";"Neckar";"2007";"05.02.2007";"6,5";"°C"
"CYY137";"510.766";"5.427.724";"2.345";"Temperatur";"Besigheim (CYY137)";"Neckar";"2007";"06.02.2007";"6,6";"°C"
"CYY137";"510.766";"5.427.724";"2.345";"Temperatur";"Besigheim (CYY137)";"Neckar";"2007";"07.02.2007";"6,6";"°C"
"CYY137";"510.766";"5.427.724";"2.345";"Temperatur";"Besigheim (CYY137)";"Neckar";"2007";"08.02.2007";"6,5";"°C"
"CYY137";"510.766";"5.427.724";"2.345";"Temperatur";"Besigheim (CYY137)";"Neckar";"2007";"09.02.2007";"6,6";"°C"
"CYY137";"510.766";"5.427.724";"2.345";"Temperatur";"Besigheim (CYY137)";"Neckar";"2007";"10.02.2007";"6,5";"°C"
"CYY137";"510.766";"5.427.724";"2.345";"Temperatur";"Besigheim (CYY137)";"Neckar";"2007";"11.02.2007";"6,8";"°C"
"CYY137";"510.766";"5.427.724";"2.345";"Temperatur";"Besigheim (CYY137)";"Neckar";"2007";"12.02.2007";"7";"°C"
"CYY137";"510.766";"5.427.724";"2.345";"Temperatur";"Besigheim (CYY137)";"Neckar";"2007";"13.02.2007";"7,1";"°C"
"CYY137";"510.766";"5.427.724";"2.345";"Temperatur";"Besigheim (CYY137)";"Neckar";"2007";"14.02.2007";"7,1";"°C"
"CYY137";"510.766";"5.427.724";"2.345";"Temperatur";"Besigheim (CYY137)";"Neckar";"2007";"15.02.2007";"7,3";"°C"
"CYY137";"510.766";"5.427.724";"2.345";"Temperatur";"Besigheim (CYY137)";"Neckar";"2007";"16.02.2007";"7,2";"°C"
"CYY137";"510.766";"5.427.724";"2.345";"Temperatur";"Besigheim (CYY137)";"Neckar";"2007";"17.02.2007";"7,1";"°C"
"CYY137";"510.766";"5.427.724";"2.345";"Temperatur";"Besigheim (CYY137)";"Neckar";"2007";"18.02.2007";"6,8";"°C"
"CYY137";"510.766";"5.427.724";"2.345";"Temperatur";"Besigheim (CYY137)";"Neckar";"2007";"19.02.2007";"6,8";"°C"
"CYY137";"510.766";"5.427.724";"2.345";"Temperatur";"Besigheim (CYY137)";"Neckar";"2007";"20.02.2007";"6,7";"°C"
"CYY137";"510.766";"5.427.724";"2.345";"Temperatur";"Besigheim (CYY137)";"Neckar";"2007";"21.02.2007";"6,7";"°C"
"CYY137";"510.766";"5.427.724";"2.345";"Temperatur";"Besigheim (CYY137)";"Neckar";"2007";"22.02.2007";"7,4";"°C"
"CYY137";"510.766";"5.427.724";"2.345";"Temperatur";"Besigheim (CYY137)";"Neckar";"2007";"23.02.2007";"7,8";"°C"
"CYY137";"510.766";"5.427.724";"2.345";"Temperatur";"Besigheim (CYY137)";"Neckar";"2007";"24.02.2007";"7,9";"°C"
"CYY137";"510.766";"5.427.724";"2.345";"Temperatur";"Besigheim (CYY137)";"Neckar";"2007";"25.02.2007";"8";"°C"
"CYY137";"510.766";"5.427.724";"2.345";"Temperatur";"Besigheim (CYY137)";"Neckar";"2007";"26.02.2007";"8,3";"°C"
"CYY137";"510.766";"5.427.724";"2.345";"Temperatur";"Besigheim (CYY137)";"Neckar";"2007";"27.02.2007";"8,2";"°C"
"CYY137";"510.766";"5.427.724";"2.345";"Temperatur";"Besigheim (CYY137)";"Neckar";"2007";"28.02.2007";"8,2";"°C"
"CYY137";"510.766";"5.427.724";"2.345";"Temperatur";"Besigheim (CYY137)";"Neckar";"2007";"01.03.2007";"8,4";"°C"
"CYY137";"510.766";"5.427.724";"2.345";"Temperatur";"Besigheim (CYY137)";"Neckar";"2007";"02.03.2007";"8,5";"°C"
"CYY137";"510.766";"5.427.724";"2.345";"Temperatur";"Besigheim (CYY137)";"Neckar";"2007";"03.03.2007";"8,2";"°C"
"CYY137";"510.766";"5.427.724";"2.345";"Temperatur";"Besigheim (CYY137)";"Neckar";"2007";"04.03.2007";"8,4";"°C"
"CYY137";"510.766";"5.427.724";"2.345";"Temperatur";"Besigheim (CYY137)";"Neckar";"2007";"05.03.2007";"8,7";"°C"
"CYY137";"510.766";"5.427.724";"2.345";"Temperatur";"Besigheim (CYY137)";"Neckar";"2007";"06.03.2007";"8,6";"°C"
"CYY137";"510.766";"5.427.724";"2.345";"Temperatur";"Besigheim (CYY137)";"Neckar";"2007";"07.03.2007";"8,8";"°C"
"CYY137";"510.766";"5.427.724";"2.345";"Temperatur";"Besigheim (CYY137)";"Neckar";"2007";"08.03.2007";"8,8";"°C"
"CYY137";"510.766";"5.427.724";"2.345";"Temperatur";"Besigheim (CYY137)";"Neckar";"2007";"09.03.2007";"8,9";"°C"
"CYY137";"510.766";"5.427.724";"2.345";"Temperatur";"Besigheim (CYY137)";"Neckar";"2007";"10.03.2007";"9,3";"°C"
"CYY137";"510.766";"5.427.724";"2.345";"Temperatur";"Besigheim (CYY137)";"Neckar";"2007";"11.03.2007";"9,4";"°C"
"CYY137";"510.766";"5.427.724";"2.345";"Temperatur";"Besigheim (CYY137)";"Neckar";"2007";"12.03.2007";"9,2";"°C"
"CYY137";"510.766";"5.427.724";"2.345";"Temperatur";"Besigheim (CYY137)";"Neckar";"2007";"13.03.2007";"9,4";"°C"
"CYY137";"510.766";"5.427.724";"2.345";"Temperatur";"Besigheim (CYY137)";"Neckar";"2007";"14.03.2007";"9,4";"°C"
"CYY137";"510.766";"5.427.724";"2.345";"Temperatur";"Besigheim (CYY137)";"Neckar";"2007";"15.03.2007";"9,4";"°C"
"CYY137";"510.766";"5.427.724";"2.345";"Temperatur";"Besigheim (CYY137)";"Neckar";"2007";"16.03.2007";"9,5";"°C"
"CYY137";"510.766";"5.427.724";"2.345";"Temperatur";"Besigheim (CYY137)";"Neckar";"2007";"17.03.2007";"9,3";"°C"
"CYY137";"510.766";"5.427.724";"2.345";"Temperatur";"Besigheim (CYY137)";"Neckar";"2007";"18.03.2007";"9,3";"°C"
"CYY137";"510.766";"5.427.724";"2.345";"Temperatur";"Besigheim (CYY137)";"Neckar";"2007";"19.03.2007";"9,1";"°C"
"CYY137";"510.766";"5.427.724";"2.345";"Temperatur";"Besigheim (CYY137)";"Neckar";"2007";"20.03.2007";"8,9";"°C"
"CYY137";"510.766";"5.427.724";"2.345";"Temperatur";"Besigheim (CYY137)";"Neckar";"2007";"21.03.2007";"8,6";"°C"
"CYY137";"510.766";"5.427.724";"2.345";"Temperatur";"Besigheim (CYY137)";"Neckar";"2007";"22.03.2007";"8,1";"°C"
"CYY137";"510.766";"5.427.724";"2.345";"Temperatur";"Besigheim (CYY137)";"Neckar";"2007";"23.03.2007";"7,5";"°C"
"CYY137";"510.766";"5.427.724";"2.345";"Temperatur";"Besigheim (CYY137)";"Neckar";"2007";"24.03.2007";"7,1";"°C"
"CYY137";"510.766";"5.427.724";"2.345";"Temperatur";"Besigheim (CYY137)";"Neckar";"2007";"25.03.2007";"6,9";"°C"
"CYY137";"510.766";"5.427.724";"2.345";"Temperatur";"Besigheim (CYY137)";"Neckar";"2007";"26.03.2007";"7,4";"°C"
"CYY137";"510.766";"5.427.724";"2.345";"Temperatur";"Besigheim (CYY137)";"Neckar";"2007";"27.03.2007";"8,1";"°C"
"CYY137";"510.766";"5.427.724";"2.345";"Temperatur";"Besigheim (CYY137)";"Neckar";"2007";"28.03.2007";"8,7";"°C"
"CYY137";"510.766";"5.427.724";"2.345";"Temperatur";"Besigheim (CYY137)";"Neckar";"2007";"29.03.2007";"9,3";"°C"
"CYY137";"510.766";"5.427.724";"2.345";"Temperatur";"Besigheim (CYY137)";"Neckar";"2007";"30.03.2007";"9,7";"°C"
"CYY137";"510.766";"5.427.724";"2.345";"Temperatur";"Besigheim (CYY137)";"Neckar";"2007";"31.03.2007";"9,7";"°C"
"CYY137";"510.766";"5.427.724";"2.345";"Temperatur";"Besigheim (CYY137)";"Neckar";"2007";"01.04.2007";"9,8";"°C"
"CYY137";"510.766";"5.427.724";"2.345";"Temperatur";"Besigheim (CYY137)";"Neckar";"2007";"02.04.2007";"10,4";"°C"
"CYY137";"510.766";"5.427.724";"2.345";"Temperatur";"Besigheim (CYY137)";"Neckar";"2007";"03.04.2007";"10,9";"°C"
"CYY137";"510.766";"5.427.724";"2.345";"Temperatur";"Besigheim (CYY137)";"Neckar";"2007";"04.04.2007";"10,8";"°C"
"CYY137";"510.766";"5.427.724";"2.345";"Temperatur";"Besigheim (CYY137)";"Neckar";"2007";"05.04.2007";"10,8";"°C"
"CYY137";"510.766";"5.427.724";"2.345";"Temperatur";"Besigheim (CYY137)";"Neckar";"2007";"06.04.2007";"11,1";"°C"
"CYY137";"510.766";"5.427.724";"2.345";"Temperatur";"Besigheim (CYY137)";"Neckar";"2007";"07.04.2007";"11,5";"°C"
"CYY137";"510.766";"5.427.724";"2.345";"Temperatur";"Besigheim (CYY137)";"Neckar";"2007";"08.04.2007";"12";"°C"
"CYY137";"510.766";"5.427.724";"2.345";"Temperatur";"Besigheim (CYY137)";"Neckar";"2007";"09.04.2007";"12,2";"°C"
"CYY137";"510.766";"5.427.724";"2.345";"Temperatur";"Besigheim (CYY137)";"Neckar";"2007";"10.04.2007";"12,5";"°C"
"CYY137";"510.766";"5.427.724";"2.345";"Temperatur";"Besigheim (CYY137)";"Neckar";"2007";"11.04.2007";"12,8";"°C"
"CYY137";"510.766";"5.427.724";"2.345";"Temperatur";"Besigheim (CYY137)";"Neckar";"2007";"12.04.2007";"13,4";"°C"
"CYY137";"510.766";"5.427.724";"2.345";"Temperatur";"Besigheim (CYY137)";"Neckar";"2007";"13.04.2007";"14,1";"°C"
"CYY137";"510.766";"5.427.724";"2.345";"Temperatur";"Besigheim (CYY137)";"Neckar";"2007";"14.04.2007";"14,8";"°C"
"CYY137";"510.766";"5.427.724";"2.345";"Temperatur";"Besigheim (CYY137)";"Neckar";"2007";"15.04.2007";"15,4";"°C"
"CYY137";"510.766";"5.427.724";"2.345";"Temperatur";"Besigheim (CYY137)";"Neckar";"2007";"16.04.2007";"15,9";"°C"
"CYY137";"510.766";"5.427.724";"2.345";"Temperatur";"Besigheim (CYY137)";"Neckar";"2007";"17.04.2007";"16,2";"°C"
"CYY137";"510.766";"5.427.724";"2.345";"Temperatur";"Besigheim (CYY137)";"Neckar";"2007";"18.04.2007";"16,4";"°C"
"CYY137";"510.766";"5.427.724";"2.345";"Temperatur";"Besigheim (CYY137)";"Neckar";"2007";"19.04.2007";"16,4";"°C"
"CYY137";"510.766";"5.427.724";"2.345";"Temperatur";"Besigheim (CYY137)";"Neckar";"2007";"20.04.2007";"16,3";"°C"
"CYY137";"510.766";"5.427.724";"2.345";"Temperatur";"Besigheim (CYY137)";"Neckar";"2007";"21.04.2007";"16,4";"°C"
"CYY137";"510.766";"5.427.724";"2.345";"Temperatur";"Besigheim (CYY137)";"Neckar";"2007";"22.04.2007";"16,5";"°C"
"CYY137";"510.766";"5.427.724";"2.345";"Temperatur";"Besigheim (CYY137)";"Neckar";"2007";"23.04.2007";"16,6";"°C"
"CYY137";"510.766";"5.427.724";"2.345";"Temperatur";"Besigheim (CYY137)";"Neckar";"2007";"24.04.2007";"17,1";"°C"
"CYY137";"510.766";"5.427.724";"2.345";"Temperatur";"Besigheim (CYY137)";"Neckar";"2007";"25.04.2007";"17,8";"°C"
"CYY137";"510.766";"5.427.724";"2.345";"Temperatur";"Besigheim (CYY137)";"Neckar";"2007";"26.04.2007";"18,1";"°C"
"CYY137";"510.766";"5.427.724";"2.345";"Temperatur";"Besigheim (CYY137)";"Neckar";"2007";"27.04.2007";"18,3";"°C"
"CYY137";"510.766";"5.427.724";"2.345";"Temperatur";"Besigheim (CYY137)";"Neckar";"2007";"28.04.2007";"18,6";"°C"
"CYY137";"510.766";"5.427.724";"2.345";"Temperatur";"Besigheim (CYY137)";"Neckar";"2007";"29.04.2007";"18,8";"°C"
"CYY137";"510.766";"5.427.724";"2.345";"Temperatur";"Besigheim (CYY137)";"Neckar";"2007";"30.04.2007";"18,7";"°C"
"CYY137";"510.766";"5.427.724";"2.345";"Temperatur";"Besigheim (CYY137)";"Neckar";"2007";"01.05.2007";"18,6";"°C"
"CYY137";"510.766";"5.427.724";"2.345";"Temperatur";"Besigheim (CYY137)";"Neckar";"2007";"02.05.2007";"18,4";"°C"
"CYY137";"510.766";"5.427.724";"2.345";"Temperatur";"Besigheim (CYY137)";"Neckar";"2007";"03.05.2007";"18,2";"°C"
"CYY137";"510.766";"5.427.724";"2.345";"Temperatur";"Besigheim (CYY137)";"Neckar";"2007";"04.05.2007";"18,3";"°C"
"CYY137";"510.766";"5.427.724";"2.345";"Temperatur";"Besigheim (CYY137)";"Neckar";"2007";"05.05.2007";"18";"°C"
"CYY137";"510.766";"5.427.724";"2.345";"Temperatur";"Besigheim (CYY137)";"Neckar";"2007";"06.05.2007";"18,1";"°C"
"CYY137";"510.766";"5.427.724";"2.345";"Temperatur";"Besigheim (CYY137)";"Neckar";"2007";"07.05.2007";"17,8";"°C"
"CYY137";"510.766";"5.427.724";"2.345";"Temperatur";"Besigheim (CYY137)";"Neckar";"2007";"08.05.2007";"17,6";"°C"
"CYY137";"510.766";"5.427.724";"2.345";"Temperatur";"Besigheim (CYY137)";"Neckar";"2007";"09.05.2007";"16,9";"°C"
"CYY137";"510.766";"5.427.724";"2.345";"Temperatur";"Besigheim (CYY137)";"Neckar";"2007";"10.05.2007";"15,8";"°C"
"CYY137";"510.766";"5.427.724";"2.345";"Temperatur";"Besigheim (CYY137)";"Neckar";"2007";"11.05.2007";"15,4";"°C"
"CYY137";"510.766";"5.427.724";"2.345";"Temperatur";"Besigheim (CYY137)";"Neckar";"2007";"12.05.2007";"15,4";"°C"
"CYY137";"510.766";"5.427.724";"2.345";"Temperatur";"Besigheim (CYY137)";"Neckar";"2007";"13.05.2007";"15,9";"°C"
"CYY137";"510.766";"5.427.724";"2.345";"Temperatur";"Besigheim (CYY137)";"Neckar";"2007";"14.05.2007";"16,2";"°C"
"CYY137";"510.766";"5.427.724";"2.345";"Temperatur";"Besigheim (CYY137)";"Neckar";"2007";"15.05.2007";"15,9";"°C"
"CYY137";"510.766";"5.427.724";"2.345";"Temperatur";"Besigheim (CYY137)";"Neckar";"2007";"16.05.2007";"15,6";"°C"
"CYY137";"510.766";"5.427.724";"2.345";"Temperatur";"Besigheim (CYY137)";"Neckar";"2007";"17.05.2007";"15,2";"°C"
"CYY137";"510.766";"5.427.724";"2.345";"Temperatur";"Besigheim (CYY137)";"Neckar";"2007";"18.05.2007";"15,4";"°C"
"CYY137";"510.766";"5.427.724";"2.345";"Temperatur";"Besigheim (CYY137)";"Neckar";"2007";"19.05.2007";"16";"°C"
"CYY137";"510.766";"5.427.724";"2.345";"Temperatur";"Besigheim (CYY137)";"Neckar";"2007";"20.05.2007";"16,7";"°C"
"CYY137";"510.766";"5.427.724";"2.345";"Temperatur";"Besigheim (CYY137)";"Neckar";"2007";"21.05.2007";"17,4";"°C"
"CYY137";"510.766";"5.427.724";"2.345";"Temperatur";"Besigheim (CYY137)";"Neckar";"2007";"22.05.2007";"18";"°C"
"CYY137";"510.766";"5.427.724";"2.345";"Temperatur";"Besigheim (CYY137)";"Neckar";"2007";"23.05.2007";"18,6";"°C"
"CYY137";"510.766";"5.427.724";"2.345";"Temperatur";"Besigheim (CYY137)";"Neckar";"2007";"24.05.2007";"19,4";"°C"
"CYY137";"510.766";"5.427.724";"2.345";"Temperatur";"Besigheim (CYY137)";"Neckar";"2007";"25.05.2007";"20,3";"°C"
"CYY137";"510.766";"5.427.724";"2.345";"Temperatur";"Besigheim (CYY137)";"Neckar";"2007";"26.05.2007";"20,7";"°C"
"CYY137";"510.766";"5.427.724";"2.345";"Temperatur";"Besigheim (CYY137)";"Neckar";"2007";"27.05.2007";"20,9";"°C"
"CYY137";"510.766";"5.427.724";"2.345";"Temperatur";"Besigheim (CYY137)";"Neckar";"2007";"28.05.2007";"20,4";"°C"
"CYY137";"510.766";"5.427.724";"2.345";"Temperatur";"Besigheim (CYY137)";"Neckar";"2007";"29.05.2007";"18,2";"°C"
"CYY137";"510.766";"5.427.724";"2.345";"Temperatur";"Besigheim (CYY137)";"Neckar";"2007";"30.05.2007";"13,4";"°C"
"CYY137";"510.766";"5.427.724";"2.345";"Temperatur";"Besigheim (CYY137)";"Neckar";"2007";"31.05.2007";"13,7";"°C"
"CYY137";"510.766";"5.427.724";"2.345";"Temperatur";"Besigheim (CYY137)";"Neckar";"2007";"01.06.2007";"14,1";"°C"
"CYY137";"510.766";"5.427.724";"2.345";"Temperatur";"Besigheim (CYY137)";"Neckar";"2007";"02.06.2007";"14,2";"°C"
"CYY137";"510.766";"5.427.724";"2.345";"Temperatur";"Besigheim (CYY137)";"Neckar";"2007";"03.06.2007";"14,7";"°C"
"CYY137";"510.766";"5.427.724";"2.345";"Temperatur";"Besigheim (CYY137)";"Neckar";"2007";"04.06.2007";"15,8";"°C"
"CYY137";"510.766";"5.427.724";"2.345";"Temperatur";"Besigheim (CYY137)";"Neckar";"2007";"05.06.2007";"16,6";"°C"
"CYY137";"510.766";"5.427.724";"2.345";"Temperatur";"Besigheim (CYY137)";"Neckar";"2007";"06.06.2007";"17,2";"°C"
"CYY137";"510.766";"5.427.724";"2.345";"Temperatur";"Besigheim (CYY137)";"Neckar";"2007";"07.06.2007";"18,2";"°C"
"CYY137";"510.766";"5.427.724";"2.345";"Temperatur";"Besigheim (CYY137)";"Neckar";"2007";"08.06.2007";"19,3";"°C"
"CYY137";"510.766";"5.427.724";"2.345";"Temperatur";"Besigheim (CYY137)";"Neckar";"2007";"09.06.2007";"19,8";"°C"
"CYY137";"510.766";"5.427.724";"2.345";"Temperatur";"Besigheim (CYY137)";"Neckar";"2007";"10.06.2007";"20,1";"°C"
"CYY137";"510.766";"5.427.724";"2.345";"Temperatur";"Besigheim (CYY137)";"Neckar";"2007";"11.06.2007";"20,7";"°C"
"CYY137";"510.766";"5.427.724";"2.345";"Temperatur";"Besigheim (CYY137)";"Neckar";"2007";"12.06.2007";"20,9";"°C"
"CYY137";"510.766";"5.427.724";"2.345";"Temperatur";"Besigheim (CYY137)";"Neckar";"2007";"13.06.2007";"21,2";"°C"
"CYY137";"510.766";"5.427.724";"2.345";"Temperatur";"Besigheim (CYY137)";"Neckar";"2007";"14.06.2007";"21,1";"°C"
"CYY137";"510.766";"5.427.724";"2.345";"Temperatur";"Besigheim (CYY137)";"Neckar";"2007";"15.06.2007";"20,5";"°C"
"CYY137";"510.766";"5.427.724";"2.345";"Temperatur";"Besigheim (CYY137)";"Neckar";"2007";"16.06.2007";"19,7";"°C"
"CYY137";"510.766";"5.427.724";"2.345";"Temperatur";"Besigheim (CYY137)";"Neckar";"2007";"17.06.2007";"19,5";"°C"
"CYY137";"510.766";"5.427.724";"2.345";"Temperatur";"Besigheim (CYY137)";"Neckar";"2007";"18.06.2007";"19,8";"°C"
"CYY137";"510.766";"5.427.724";"2.345";"Temperatur";"Besigheim (CYY137)";"Neckar";"2007";"19.06.2007";"20,2";"°C"
"CYY137";"510.766";"5.427.724";"2.345";"Temperatur";"Besigheim (CYY137)";"Neckar";"2007";"20.06.2007";"20,9";"°C"
"CYY137";"510.766";"5.427.724";"2.345";"Temperatur";"Besigheim (CYY137)";"Neckar";"2007";"21.06.2007";"21";"°C"
"CYY137";"510.766";"5.427.724";"2.345";"Temperatur";"Besigheim (CYY137)";"Neckar";"2007";"22.06.2007";"19,9";"°C"
"CYY137";"510.766";"5.427.724";"2.345";"Temperatur";"Besigheim (CYY137)";"Neckar";"2007";"23.06.2007";"18,5";"°C"
"CYY137";"510.766";"5.427.724";"2.345";"Temperatur";"Besigheim (CYY137)";"Neckar";"2007";"24.06.2007";"18,1";"°C"
"CYY137";"510.766";"5.427.724";"2.345";"Temperatur";"Besigheim (CYY137)";"Neckar";"2007";"25.06.2007";"18,1";"°C"
"CYY137";"510.766";"5.427.724";"2.345";"Temperatur";"Besigheim (CYY137)";"Neckar";"2007";"26.06.2007";"17,7";"°C"
"CYY137";"510.766";"5.427.724";"2.345";"Temperatur";"Besigheim (CYY137)";"Neckar";"2007";"27.06.2007";"17,2";"°C"
"CYY137";"510.766";"5.427.724";"2.345";"Temperatur";"Besigheim (CYY137)";"Neckar";"2007";"28.06.2007";"17";"°C"
"CYY137";"510.766";"5.427.724";"2.345";"Temperatur";"Besigheim (CYY137)";"Neckar";"2007";"29.06.2007";"17";"°C"
"CYY137";"510.766";"5.427.724";"2.345";"Temperatur";"Besigheim (CYY137)";"Neckar";"2007";"30.06.2007";"16,7";"°C"
"CYY137";"510.766";"5.427.724";"2.345";"Temperatur";"Besigheim (CYY137)";"Neckar";"2007";"01.07.2007";"17,1";"°C"
"CYY137";"510.766";"5.427.724";"2.345";"Temperatur";"Besigheim (CYY137)";"Neckar";"2007";"02.07.2007";"17,4";"°C"
"CYY137";"510.766";"5.427.724";"2.345";"Temperatur";"Besigheim (CYY137)";"Neckar";"2007";"03.07.2007";"17,6";"°C"
"CYY137";"510.766";"5.427.724";"2.345";"Temperatur";"Besigheim (CYY137)";"Neckar";"2007";"04.07.2007";"17,4";"°C"
"CYY137";"510.766";"5.427.724";"2.345";"Temperatur";"Besigheim (CYY137)";"Neckar";"2007";"05.07.2007";"17,3";"°C"
"CYY137";"510.766";"5.427.724";"2.345";"Temperatur";"Besigheim (CYY137)";"Neckar";"2007";"06.07.2007";"17,2";"°C"
"CYY137";"510.766";"5.427.724";"2.345";"Temperatur";"Besigheim (CYY137)";"Neckar";"2007";"07.07.2007";"17,3";"°C"
"CYY137";"510.766";"5.427.724";"2.345";"Temperatur";"Besigheim (CYY137)";"Neckar";"2007";"08.07.2007";"17,8";"°C"
"CYY137";"510.766";"5.427.724";"2.345";"Temperatur";"Besigheim (CYY137)";"Neckar";"2007";"09.07.2007";"17,9";"°C"
"CYY137";"510.766";"5.427.724";"2.345";"Temperatur";"Besigheim (CYY137)";"Neckar";"2007";"10.07.2007";"17,7";"°C"
"CYY137";"510.766";"5.427.724";"2.345";"Temperatur";"Besigheim (CYY137)";"Neckar";"2007";"11.07.2007";"17,7";"°C"
"CYY137";"510.766";"5.427.724";"2.345";"Temperatur";"Besigheim (CYY137)";"Neckar";"2007";"12.07.2007";"17,9";"°C"
"CYY137";"510.766";"5.427.724";"2.345";"Temperatur";"Besigheim (CYY137)";"Neckar";"2007";"13.07.2007";"18,3";"°C"
"CYY137";"510.766";"5.427.724";"2.345";"Temperatur";"Besigheim (CYY137)";"Neckar";"2007";"14.07.2007";"18,7";"°C"
"CYY137";"510.766";"5.427.724";"2.345";"Temperatur";"Besigheim (CYY137)";"Neckar";"2007";"15.07.2007";"19,8";"°C"
"CYY137";"510.766";"5.427.724";"2.345";"Temperatur";"Besigheim (CYY137)";"Neckar";"2007";"16.07.2007";"20,6";"°C"
"CYY137";"510.766";"5.427.724";"2.345";"Temperatur";"Besigheim (CYY137)";"Neckar";"2007";"17.07.2007";"21,3";"°C"
"CYY137";"510.766";"5.427.724";"2.345";"Temperatur";"Besigheim (CYY137)";"Neckar";"2007";"18.07.2007";"21,7";"°C"
"CYY137";"510.766";"5.427.724";"2.345";"Temperatur";"Besigheim (CYY137)";"Neckar";"2007";"19.07.2007";"21,9";"°C"
"CYY137";"510.766";"5.427.724";"2.345";"Temperatur";"Besigheim (CYY137)";"Neckar";"2007";"20.07.2007";"22,4";"°C"
"CYY137";"510.766";"5.427.724";"2.345";"Temperatur";"Besigheim (CYY137)";"Neckar";"2007";"21.07.2007";"22,4";"°C"
"CYY137";"510.766";"5.427.724";"2.345";"Temperatur";"Besigheim (CYY137)";"Neckar";"2007";"22.07.2007";"22,3";"°C"
"CYY137";"510.766";"5.427.724";"2.345";"Temperatur";"Besigheim (CYY137)";"Neckar";"2007";"23.07.2007";"22";"°C"
"CYY137";"510.766";"5.427.724";"2.345";"Temperatur";"Besigheim (CYY137)";"Neckar";"2007";"24.07.2007";"21,4";"°C"
"CYY137";"510.766";"5.427.724";"2.345";"Temperatur";"Besigheim (CYY137)";"Neckar";"2007";"25.07.2007";"20,9";"°C"
"CYY137";"510.766";"5.427.724";"2.345";"Temperatur";"Besigheim (CYY137)";"Neckar";"2007";"26.07.2007";"21";"°C"
"CYY137";"510.766";"5.427.724";"2.345";"Temperatur";"Besigheim (CYY137)";"Neckar";"2007";"27.07.2007";"21";"°C"
"CYY137";"510.766";"5.427.724";"2.345";"Temperatur";"Besigheim (CYY137)";"Neckar";"2007";"28.07.2007";"21";"°C"
"CYY137";"510.766";"5.427.724";"2.345";"Temperatur";"Besigheim (CYY137)";"Neckar";"2007";"29.07.2007";"20,7";"°C"
"CYY137";"510.766";"5.427.724";"2.345";"Temperatur";"Besigheim (CYY137)";"Neckar";"2007";"30.07.2007";"20,2";"°C"
"CYY137";"510.766";"5.427.724";"2.345";"Temperatur";"Besigheim (CYY137)";"Neckar";"2007";"31.07.2007";"20,2";"°C"
"CYY137";"510.766";"5.427.724";"2.345";"Temperatur";"Besigheim (CYY137)";"Neckar";"2007";"01.08.2007";"20,3";"°C"
"CYY137";"510.766";"5.427.724";"2.345";"Temperatur";"Besigheim (CYY137)";"Neckar";"2007";"02.08.2007";"20,3";"°C"
"CYY137";"510.766";"5.427.724";"2.345";"Temperatur";"Besigheim (CYY137)";"Neckar";"2007";"03.08.2007";"20,2";"°C"
"CYY137";"510.766";"5.427.724";"2.345";"Temperatur";"Besigheim (CYY137)";"Neckar";"2007";"04.08.2007";"20,1";"°C"
"CYY137";"510.766";"5.427.724";"2.345";"Temperatur";"Besigheim (CYY137)";"Neckar";"2007";"05.08.2007";"20,7";"°C"
"CYY137";"510.766";"5.427.724";"2.345";"Temperatur";"Besigheim (CYY137)";"Neckar";"2007";"06.08.2007";"21,1";"°C"
"CYY137";"510.766";"5.427.724";"2.345";"Temperatur";"Besigheim (CYY137)";"Neckar";"2007";"07.08.2007";"21,1";"°C"
"CYY137";"510.766";"5.427.724";"2.345";"Temperatur";"Besigheim (CYY137)";"Neckar";"2007";"08.08.2007";"20,4";"°C"
"CYY137";"510.766";"5.427.724";"2.345";"Temperatur";"Besigheim (CYY137)";"Neckar";"2007";"09.08.2007";"18,8";"°C"
"CYY137";"510.766";"5.427.724";"2.345";"Temperatur";"Besigheim (CYY137)";"Neckar";"2007";"10.08.2007";"17,1";"°C"
"CYY137";"510.766";"5.427.724";"2.345";"Temperatur";"Besigheim (CYY137)";"Neckar";"2007";"11.08.2007";"16,4";"°C"
"CYY137";"510.766";"5.427.724";"2.345";"Temperatur";"Besigheim (CYY137)";"Neckar";"2007";"12.08.2007";"16,4";"°C"
"CYY137";"510.766";"5.427.724";"2.345";"Temperatur";"Besigheim (CYY137)";"Neckar";"2007";"13.08.2007";"17,1";"°C"
"CYY137";"510.766";"5.427.724";"2.345";"Temperatur";"Besigheim (CYY137)";"Neckar";"2007";"14.08.2007";"17,9";"°C"
"CYY137";"510.766";"5.427.724";"2.345";"Temperatur";"Besigheim (CYY137)";"Neckar";"2007";"15.08.2007";"18,5";"°C"
"CYY137";"510.766";"5.427.724";"2.345";"Temperatur";"Besigheim (CYY137)";"Neckar";"2007";"16.08.2007";"19,1";"°C"
"CYY137";"510.766";"5.427.724";"2.345";"Temperatur";"Besigheim (CYY137)";"Neckar";"2007";"17.08.2007";"19,1";"°C"
"CYY137";"510.766";"5.427.724";"2.345";"Temperatur";"Besigheim (CYY137)";"Neckar";"2007";"18.08.2007";"19,4";"°C"
"CYY137";"510.766";"5.427.724";"2.345";"Temperatur";"Besigheim (CYY137)";"Neckar";"2007";"19.08.2007";"19,7";"°C"
"CYY137";"510.766";"5.427.724";"2.345";"Temperatur";"Besigheim (CYY137)";"Neckar";"2007";"20.08.2007";"19,6";"°C"
"CYY137";"510.766";"5.427.724";"2.345";"Temperatur";"Besigheim (CYY137)";"Neckar";"2007";"21.08.2007";"19,5";"°C"
"CYY137";"510.766";"5.427.724";"2.345";"Temperatur";"Besigheim (CYY137)";"Neckar";"2007";"22.08.2007";"19,4";"°C"
"CYY137";"510.766";"5.427.724";"2.345";"Temperatur";"Besigheim (CYY137)";"Neckar";"2007";"23.08.2007";"19,5";"°C"
"CYY137";"510.766";"5.427.724";"2.345";"Temperatur";"Besigheim (CYY137)";"Neckar";"2007";"24.08.2007";"19,4";"°C"
"CYY137";"510.766";"5.427.724";"2.345";"Temperatur";"Besigheim (CYY137)";"Neckar";"2007";"25.08.2007";"19,6";"°C"
"CYY137";"510.766";"5.427.724";"2.345";"Temperatur";"Besigheim (CYY137)";"Neckar";"2007";"26.08.2007";"20";"°C"
"CYY137";"510.766";"5.427.724";"2.345";"Temperatur";"Besigheim (CYY137)";"Neckar";"2007";"27.08.2007";"20,1";"°C"
"CYY137";"510.766";"5.427.724";"2.345";"Temperatur";"Besigheim (CYY137)";"Neckar";"2007";"28.08.2007";"20,2";"°C"
"CYY137";"510.766";"5.427.724";"2.345";"Temperatur";"Besigheim (CYY137)";"Neckar";"2007";"29.08.2007";"20";"°C"
"CYY137";"510.766";"5.427.724";"2.345";"Temperatur";"Besigheim (CYY137)";"Neckar";"2007";"30.08.2007";"19,7";"°C"
"CYY137";"510.766";"5.427.724";"2.345";"Temperatur";"Besigheim (CYY137)";"Neckar";"2007";"31.08.2007";"19,4";"°C"
"CYY137";"510.766";"5.427.724";"2.345";"Temperatur";"Besigheim (CYY137)";"Neckar";"2007";"01.09.2007";"19,1";"°C"
"CYY137";"510.766";"5.427.724";"2.345";"Temperatur";"Besigheim (CYY137)";"Neckar";"2007";"02.09.2007";"18,8";"°C"
"CYY137";"510.766";"5.427.724";"2.345";"Temperatur";"Besigheim (CYY137)";"Neckar";"2007";"03.09.2007";"18,5";"°C"
"CYY137";"510.766";"5.427.724";"2.345";"Temperatur";"Besigheim (CYY137)";"Neckar";"2007";"04.09.2007";"17,7";"°C"
"CYY137";"510.766";"5.427.724";"2.345";"Temperatur";"Besigheim (CYY137)";"Neckar";"2007";"05.09.2007";"17";"°C"
"CYY137";"510.766";"5.427.724";"2.345";"Temperatur";"Besigheim (CYY137)";"Neckar";"2007";"06.09.2007";"16,4";"°C"
"CYY137";"510.766";"5.427.724";"2.345";"Temperatur";"Besigheim (CYY137)";"Neckar";"2007";"07.09.2007";"16";"°C"
"CYY137";"510.766";"5.427.724";"2.345";"Temperatur";"Besigheim (CYY137)";"Neckar";"2007";"08.09.2007";"15,7";"°C"
"CYY137";"510.766";"5.427.724";"2.345";"Temperatur";"Besigheim (CYY137)";"Neckar";"2007";"09.09.2007";"15,8";"°C"
"CYY137";"510.766";"5.427.724";"2.345";"Temperatur";"Besigheim (CYY137)";"Neckar";"2007";"10.09.2007";"15,6";"°C"
"CYY137";"510.766";"5.427.724";"2.345";"Temperatur";"Besigheim (CYY137)";"Neckar";"2007";"11.09.2007";"15,3";"°C"
"CYY137";"510.766";"5.427.724";"2.345";"Temperatur";"Besigheim (CYY137)";"Neckar";"2007";"12.09.2007";"15,2";"°C"
"CYY137";"510.766";"5.427.724";"2.345";"Temperatur";"Besigheim (CYY137)";"Neckar";"2007";"13.09.2007";"15,3";"°C"
"CYY137";"510.766";"5.427.724";"2.345";"Temperatur";"Besigheim (CYY137)";"Neckar";"2007";"14.09.2007";"15,6";"°C"
"CYY137";"510.766";"5.427.724";"2.345";"Temperatur";"Besigheim (CYY137)";"Neckar";"2007";"15.09.2007";"15,9";"°C"
"CYY137";"510.766";"5.427.724";"2.345";"Temperatur";"Besigheim (CYY137)";"Neckar";"2007";"16.09.2007";"16,3";"°C"
"CYY137";"510.766";"5.427.724";"2.345";"Temperatur";"Besigheim (CYY137)";"Neckar";"2007";"17.09.2007";"16,4";"°C"
"CYY137";"510.766";"5.427.724";"2.345";"Temperatur";"Besigheim (CYY137)";"Neckar";"2007";"18.09.2007";"16,4";"°C"
"CYY137";"510.766";"5.427.724";"2.345";"Temperatur";"Besigheim (CYY137)";"Neckar";"2007";"19.09.2007";"16";"°C"
"CYY137";"510.766";"5.427.724";"2.345";"Temperatur";"Besigheim (CYY137)";"Neckar";"2007";"20.09.2007";"15,9";"°C"
"CYY137";"510.766";"5.427.724";"2.345";"Temperatur";"Besigheim (CYY137)";"Neckar";"2007";"21.09.2007";"16";"°C"
"CYY137";"510.766";"5.427.724";"2.345";"Temperatur";"Besigheim (CYY137)";"Neckar";"2007";"22.09.2007";"15,8";"°C"
"CYY137";"510.766";"5.427.724";"2.345";"Temperatur";"Besigheim (CYY137)";"Neckar";"2007";"23.09.2007";"16";"°C"
"CYY137";"510.766";"5.427.724";"2.345";"Temperatur";"Besigheim (CYY137)";"Neckar";"2007";"24.09.2007";"16,2";"°C"
"CYY137";"510.766";"5.427.724";"2.345";"Temperatur";"Besigheim (CYY137)";"Neckar";"2007";"25.09.2007";"16,3";"°C"
"CYY137";"510.766";"5.427.724";"2.345";"Temperatur";"Besigheim (CYY137)";"Neckar";"2007";"26.09.2007";"16,2";"°C"
"CYY137";"510.766";"5.427.724";"2.345";"Temperatur";"Besigheim (CYY137)";"Neckar";"2007";"27.09.2007";"15,7";"°C"
"CYY137";"510.766";"5.427.724";"2.345";"Temperatur";"Besigheim (CYY137)";"Neckar";"2007";"28.09.2007";"15,3";"°C"
"CYY137";"510.766";"5.427.724";"2.345";"Temperatur";"Besigheim (CYY137)";"Neckar";"2007";"29.09.2007";"15";"°C"
"CYY137";"510.766";"5.427.724";"2.345";"Temperatur";"Besigheim (CYY137)";"Neckar";"2007";"30.09.2007";"15";"°C"
"CYY137";"510.766";"5.427.724";"2.345";"Temperatur";"Besigheim (CYY137)";"Neckar";"2007";"01.10.2007";"14,9";"°C"
"CYY137";"510.766";"5.427.724";"2.345";"Temperatur";"Besigheim (CYY137)";"Neckar";"2007";"02.10.2007";"15,1";"°C"
"CYY137";"510.766";"5.427.724";"2.345";"Temperatur";"Besigheim (CYY137)";"Neckar";"2007";"03.10.2007";"15,3";"°C"
"CYY137";"510.766";"5.427.724";"2.345";"Temperatur";"Besigheim (CYY137)";"Neckar";"2007";"04.10.2007";"15,7";"°C"
"CYY137";"510.766";"5.427.724";"2.345";"Temperatur";"Besigheim (CYY137)";"Neckar";"2007";"05.10.2007";"15,9";"°C"
"CYY137";"510.766";"5.427.724";"2.345";"Temperatur";"Besigheim (CYY137)";"Neckar";"2007";"06.10.2007";"15,8";"°C"
"CYY137";"510.766";"5.427.724";"2.345";"Temperatur";"Besigheim (CYY137)";"Neckar";"2007";"07.10.2007";"15,6";"°C"
"CYY137";"510.766";"5.427.724";"2.345";"Temperatur";"Besigheim (CYY137)";"Neckar";"2007";"08.10.2007";"15,4";"°C"
"CYY137";"510.766";"5.427.724";"2.345";"Temperatur";"Besigheim (CYY137)";"Neckar";"2007";"09.10.2007";"15,1";"°C"
"CYY137";"510.766";"5.427.724";"2.345";"Temperatur";"Besigheim (CYY137)";"Neckar";"2007";"10.10.2007";"14,9";"°C"
"CYY137";"510.766";"5.427.724";"2.345";"Temperatur";"Besigheim (CYY137)";"Neckar";"2007";"11.10.2007";"14,6";"°C"
"CYY137";"510.766";"5.427.724";"2.345";"Temperatur";"Besigheim (CYY137)";"Neckar";"2007";"12.10.2007";"14,3";"°C"
"CYY137";"510.766";"5.427.724";"2.345";"Temperatur";"Besigheim (CYY137)";"Neckar";"2007";"13.10.2007";"14,2";"°C"
"CYY137";"510.766";"5.427.724";"2.345";"Temperatur";"Besigheim (CYY137)";"Neckar";"2007";"14.10.2007";"14";"°C"
"CYY137";"510.766";"5.427.724";"2.345";"Temperatur";"Besigheim (CYY137)";"Neckar";"2007";"15.10.2007";"13,8";"°C"
"CYY137";"510.766";"5.427.724";"2.345";"Temperatur";"Besigheim (CYY137)";"Neckar";"2007";"16.10.2007";"13,8";"°C"
"CYY137";"510.766";"5.427.724";"2.345";"Temperatur";"Besigheim (CYY137)";"Neckar";"2007";"17.10.2007";"13,6";"°C"
"CYY137";"510.766";"5.427.724";"2.345";"Temperatur";"Besigheim (CYY137)";"Neckar";"2007";"18.10.2007";"13,4";"°C"
"CYY137";"510.766";"5.427.724";"2.345";"Temperatur";"Besigheim (CYY137)";"Neckar";"2007";"19.10.2007";"13,2";"°C"
"CYY137";"510.766";"5.427.724";"2.345";"Temperatur";"Besigheim (CYY137)";"Neckar";"2007";"20.10.2007";"12,4";"°C"
"CYY137";"510.766";"5.427.724";"2.345";"Temperatur";"Besigheim (CYY137)";"Neckar";"2007";"21.10.2007";"11,9";"°C"
"CYY137";"510.766";"5.427.724";"2.345";"Temperatur";"Besigheim (CYY137)";"Neckar";"2007";"22.10.2007";"11,6";"°C"
"CYY137";"510.766";"5.427.724";"2.345";"Temperatur";"Besigheim (CYY137)";"Neckar";"2007";"23.10.2007";"11,2";"°C"
"CYY137";"510.766";"5.427.724";"2.345";"Temperatur";"Besigheim (CYY137)";"Neckar";"2007";"24.10.2007";"10,8";"°C"
"CYY137";"510.766";"5.427.724";"2.345";"Temperatur";"Besigheim (CYY137)";"Neckar";"2007";"25.10.2007";"10,6";"°C"
"CYY137";"510.766";"5.427.724";"2.345";"Temperatur";"Besigheim (CYY137)";"Neckar";"2007";"26.10.2007";"10,3";"°C"
"CYY137";"510.766";"5.427.724";"2.345";"Temperatur";"Besigheim (CYY137)";"Neckar";"2007";"27.10.2007";"10,7";"°C"
"CYY137";"510.766";"5.427.724";"2.345";"Temperatur";"Besigheim (CYY137)";"Neckar";"2007";"28.10.2007";"10,7";"°C"
"CYY137";"510.766";"5.427.724";"2.345";"Temperatur";"Besigheim (CYY137)";"Neckar";"2007";"29.10.2007";"10,3";"°C"
"CYY137";"510.766";"5.427.724";"2.345";"Temperatur";"Besigheim (CYY137)";"Neckar";"2007";"30.10.2007";"10,2";"°C"
"CYY137";"510.766";"5.427.724";"2.345";"Temperatur";"Besigheim (CYY137)";"Neckar";"2007";"31.10.2007";"10";"°C"
"CYY137";"510.766";"5.427.724";"2.345";"Temperatur";"Besigheim (CYY137)";"Neckar";"2007";"01.11.2007";"10";"°C"
"CYY137";"510.766";"5.427.724";"2.345";"Temperatur";"Besigheim (CYY137)";"Neckar";"2007";"02.11.2007";"9,8";"°C"
"CYY137";"510.766";"5.427.724";"2.345";"Temperatur";"Besigheim (CYY137)";"Neckar";"2007";"03.11.2007";"10";"°C"
"CYY137";"510.766";"5.427.724";"2.345";"Temperatur";"Besigheim (CYY137)";"Neckar";"2007";"04.11.2007";"10,1";"°C"
"CYY137";"510.766";"5.427.724";"2.345";"Temperatur";"Besigheim (CYY137)";"Neckar";"2007";"05.11.2007";"10";"°C"
"CYY137";"510.766";"5.427.724";"2.345";"Temperatur";"Besigheim (CYY137)";"Neckar";"2007";"06.11.2007";"9,8";"°C"
"CYY137";"510.766";"5.427.724";"2.345";"Temperatur";"Besigheim (CYY137)";"Neckar";"2007";"07.11.2007";"9,6";"°C"
"CYY137";"510.766";"5.427.724";"2.345";"Temperatur";"Besigheim (CYY137)";"Neckar";"2007";"08.11.2007";"9,4";"°C"
"CYY137";"510.766";"5.427.724";"2.345";"Temperatur";"Besigheim (CYY137)";"Neckar";"2007";"09.11.2007";"9,5";"°C"
"CYY137";"510.766";"5.427.724";"2.345";"Temperatur";"Besigheim (CYY137)";"Neckar";"2007";"10.11.2007";"9,1";"°C"
"CYY137";"510.766";"5.427.724";"2.345";"Temperatur";"Besigheim (CYY137)";"Neckar";"2007";"11.11.2007";"8,6";"°C"
"CYY137";"510.766";"5.427.724";"2.345";"Temperatur";"Besigheim (CYY137)";"Neckar";"2007";"12.11.2007";"7,9";"°C"
"CYY137";"510.766";"5.427.724";"2.345";"Temperatur";"Besigheim (CYY137)";"Neckar";"2007";"13.11.2007";"7,4";"°C"
"CYY137";"510.766";"5.427.724";"2.345";"Temperatur";"Besigheim (CYY137)";"Neckar";"2007";"14.11.2007";"7,3";"°C"
"CYY137";"510.766";"5.427.724";"2.345";"Temperatur";"Besigheim (CYY137)";"Neckar";"2007";"15.11.2007";"7";"°C"
"CYY137";"510.766";"5.427.724";"2.345";"Temperatur";"Besigheim (CYY137)";"Neckar";"2007";"16.11.2007";"6,6";"°C"
"CYY137";"510.766";"5.427.724";"2.345";"Temperatur";"Besigheim (CYY137)";"Neckar";"2007";"17.11.2007";"6,4";"°C"
"CYY137";"510.766";"5.427.724";"2.345";"Temperatur";"Besigheim (CYY137)";"Neckar";"2007";"18.11.2007";"6,3";"°C"
"CYY137";"510.766";"5.427.724";"2.345";"Temperatur";"Besigheim (CYY137)";"Neckar";"2007";"19.11.2007";"6,1";"°C"
"CYY137";"510.766";"5.427.724";"2.345";"Temperatur";"Besigheim (CYY137)";"Neckar";"2007";"20.11.2007";"5,9";"°C"
"CYY137";"510.766";"5.427.724";"2.345";"Temperatur";"Besigheim (CYY137)";"Neckar";"2007";"21.11.2007";"5,9";"°C"
"CYY137";"510.766";"5.427.724";"2.345";"Temperatur";"Besigheim (CYY137)";"Neckar";"2007";"22.11.2007";"6,1";"°C"
"CYY137";"510.766";"5.427.724";"2.345";"Temperatur";"Besigheim (CYY137)";"Neckar";"2007";"23.11.2007";"6,4";"°C"
"CYY137";"510.766";"5.427.724";"2.345";"Temperatur";"Besigheim (CYY137)";"Neckar";"2007";"24.11.2007";"6,7";"°C"
"CYY137";"510.766";"5.427.724";"2.345";"Temperatur";"Besigheim (CYY137)";"Neckar";"2007";"25.11.2007";"6,9";"°C"
"CYY137";"510.766";"5.427.724";"2.345";"Temperatur";"Besigheim (CYY137)";"Neckar";"2007";"26.11.2007";"6,9";"°C"
"CYY137";"510.766";"5.427.724";"2.345";"Temperatur";"Besigheim (CYY137)";"Neckar";"2007";"27.11.2007";"7,1";"°C"
"CYY137";"510.766";"5.427.724";"2.345";"Temperatur";"Besigheim (CYY137)";"Neckar";"2007";"28.11.2007";"6,6";"°C"
"CYY137";"510.766";"5.427.724";"2.345";"Temperatur";"Besigheim (CYY137)";"Neckar";"2007";"29.11.2007";"6,2";"°C"
"CYY137";"510.766";"5.427.724";"2.345";"Temperatur";"Besigheim (CYY137)";"Neckar";"2007";"30.11.2007";"6,2";"°C"
"CYY137";"510.766";"5.427.724";"2.345";"Temperatur";"Besigheim (CYY137)";"Neckar";"2007";"01.12.2007";"6,2";"°C"
"CYY137";"510.766";"5.427.724";"2.345";"Temperatur";"Besigheim (CYY137)";"Neckar";"2007";"02.12.2007";"6,2";"°C"
"CYY137";"510.766";"5.427.724";"2.345";"Temperatur";"Besigheim (CYY137)";"Neckar";"2007";"03.12.2007";"6,6";"°C"
"CYY137";"510.766";"5.427.724";"2.345";"Temperatur";"Besigheim (CYY137)";"Neckar";"2007";"04.12.2007";"7,2";"°C"
"CYY137";"510.766";"5.427.724";"2.345";"Temperatur";"Besigheim (CYY137)";"Neckar";"2007";"05.12.2007";"7,5";"°C"
"CYY137";"510.766";"5.427.724";"2.345";"Temperatur";"Besigheim (CYY137)";"Neckar";"2007";"06.12.2007";"7,6";"°C"
"CYY137";"510.766";"5.427.724";"2.345";"Temperatur";"Besigheim (CYY137)";"Neckar";"2007";"07.12.2007";"8";"°C"
"CYY137";"510.766";"5.427.724";"2.345";"Temperatur";"Besigheim (CYY137)";"Neckar";"2007";"08.12.2007";"8,4";"°C"
"CYY137";"510.766";"5.427.724";"2.345";"Temperatur";"Besigheim (CYY137)";"Neckar";"2007";"09.12.2007";"8,4";"°C"
"CYY137";"510.766";"5.427.724";"2.345";"Temperatur";"Besigheim (CYY137)";"Neckar";"2007";"10.12.2007";"8";"°C"
"CYY137";"510.766";"5.427.724";"2.345";"Temperatur";"Besigheim (CYY137)";"Neckar";"2007";"11.12.2007";"7,8";"°C"
"CYY137";"510.766";"5.427.724";"2.345";"Temperatur";"Besigheim (CYY137)";"Neckar";"2007";"12.12.2007";"7,5";"°C"
"CYY137";"510.766";"5.427.724";"2.345";"Temperatur";"Besigheim (CYY137)";"Neckar";"2007";"13.12.2007";"7,4";"°C"
"CYY137";"510.766";"5.427.724";"2.345";"Temperatur";"Besigheim (CYY137)";"Neckar";"2007";"14.12.2007";"7,1";"°C"
"CYY137";"510.766";"5.427.724";"2.345";"Temperatur";"Besigheim (CYY137)";"Neckar";"2007";"15.12.2007";"6,5";"°C"
"CYY137";"510.766";"5.427.724";"2.345";"Temperatur";"Besigheim (CYY137)";"Neckar";"2007";"16.12.2007";"5,7";"°C"
"CYY137";"510.766";"5.427.724";"2.345";"Temperatur";"Besigheim (CYY137)";"Neckar";"2007";"17.12.2007";"5,1";"°C"
"CYY137";"510.766";"5.427.724";"2.345";"Temperatur";"Besigheim (CYY137)";"Neckar";"2007";"18.12.2007";"4,4";"°C"
"CYY137";"510.766";"5.427.724";"2.345";"Temperatur";"Besigheim (CYY137)";"Neckar";"2007";"19.12.2007";"3,9";"°C"
"CYY137";"510.766";"5.427.724";"2.345";"Temperatur";"Besigheim (CYY137)";"Neckar";"2007";"20.12.2007";"4,1";"°C"
"CYY137";"510.766";"5.427.724";"2.345";"Temperatur";"Besigheim (CYY137)";"Neckar";"2007";"21.12.2007";"3,3";"°C"
"CYY137";"510.766";"5.427.724";"2.345";"Temperatur";"Besigheim (CYY137)";"Neckar";"2007";"22.12.2007";"2,9";"°C"
"CYY137";"510.766";"5.427.724";"2.345";"Temperatur";"Besigheim (CYY137)";"Neckar";"2007";"23.12.2007";"2,5";"°C"
"CYY137";"510.766";"5.427.724";"2.345";"Temperatur";"Besigheim (CYY137)";"Neckar";"2007";"24.12.2007";"2,4";"°C"
"CYY137";"510.766";"5.427.724";"2.345";"Temperatur";"Besigheim (CYY137)";"Neckar";"2007";"25.12.2007";"2,3";"°C"
"CYY137";"510.766";"5.427.724";"2.345";"Temperatur";"Besigheim (CYY137)";"Neckar";"2007";"26.12.2007";"2,2";"°C"
"CYY137";"510.766";"5.427.724";"2.345";"Temperatur";"Besigheim (CYY137)";"Neckar";"2007";"27.12.2007";"2,2";"°C"
"CYY137";"510.766";"5.427.724";"2.345";"Temperatur";"Besigheim (CYY137)";"Neckar";"2007";"28.12.2007";"2,2";"°C"
"CYY137";"510.766";"5.427.724";"2.345";"Temperatur";"Besigheim (CYY137)";"Neckar";"2007";"29.12.2007";"2";"°C"
"CYY137";"510.766";"5.427.724";"2.345";"Temperatur";"Besigheim (CYY137)";"Neckar";"2007";"30.12.2007";"2,2";"°C"
"CYY137";"510.766";"5.427.724";"2.345";"Temperatur";"Besigheim (CYY137)";"Neckar";"2007";"31.12.2007";"2,5";"°C"
"CYY137";"510.766";"5.427.724";"2.345";"Temperatur";"Besigheim (CYY137)";"Neckar";"2008";"01.01.2008";"2,9";"°C"
"CYY137";"510.766";"5.427.724";"2.345";"Temperatur";"Besigheim (CYY137)";"Neckar";"2008";"02.01.2008";"3";"°C"
"CYY137";"510.766";"5.427.724";"2.345";"Temperatur";"Besigheim (CYY137)";"Neckar";"2008";"03.01.2008";"3";"°C"
"CYY137";"510.766";"5.427.724";"2.345";"Temperatur";"Besigheim (CYY137)";"Neckar";"2008";"04.01.2008";"3";"°C"
"CYY137";"510.766";"5.427.724";"2.345";"Temperatur";"Besigheim (CYY137)";"Neckar";"2008";"05.01.2008";"3,3";"°C"
"CYY137";"510.766";"5.427.724";"2.345";"Temperatur";"Besigheim (CYY137)";"Neckar";"2008";"06.01.2008";"4,1";"°C"
"CYY137";"510.766";"5.427.724";"2.345";"Temperatur";"Besigheim (CYY137)";"Neckar";"2008";"07.01.2008";"4,4";"°C"
"CYY137";"510.766";"5.427.724";"2.345";"Temperatur";"Besigheim (CYY137)";"Neckar";"2008";"08.01.2008";"4,9";"°C"
"CYY137";"510.766";"5.427.724";"2.345";"Temperatur";"Besigheim (CYY137)";"Neckar";"2008";"09.01.2008";"5";"°C"
"CYY137";"510.766";"5.427.724";"2.345";"Temperatur";"Besigheim (CYY137)";"Neckar";"2008";"10.01.2008";"5,2";"°C"
"CYY137";"510.766";"5.427.724";"2.345";"Temperatur";"Besigheim (CYY137)";"Neckar";"2008";"11.01.2008";"5,4";"°C"
"CYY137";"510.766";"5.427.724";"2.345";"Temperatur";"Besigheim (CYY137)";"Neckar";"2008";"12.01.2008";"5,4";"°C"
"CYY137";"510.766";"5.427.724";"2.345";"Temperatur";"Besigheim (CYY137)";"Neckar";"2008";"13.01.2008";"5,5";"°C"
"CYY137";"510.766";"5.427.724";"2.345";"Temperatur";"Besigheim (CYY137)";"Neckar";"2008";"14.01.2008";"5,5";"°C"
"CYY137";"510.766";"5.427.724";"2.345";"Temperatur";"Besigheim (CYY137)";"Neckar";"2008";"15.01.2008";"5,6";"°C"
"CYY137";"510.766";"5.427.724";"2.345";"Temperatur";"Besigheim (CYY137)";"Neckar";"2008";"16.01.2008";"5,8";"°C"
"CYY137";"510.766";"5.427.724";"2.345";"Temperatur";"Besigheim (CYY137)";"Neckar";"2008";"17.01.2008";"5,8";"°C"
"CYY137";"510.766";"5.427.724";"2.345";"Temperatur";"Besigheim (CYY137)";"Neckar";"2008";"18.01.2008";"5,9";"°C"
"CYY137";"510.766";"5.427.724";"2.345";"Temperatur";"Besigheim (CYY137)";"Neckar";"2008";"19.01.2008";"6,7";"°C"
"CYY137";"510.766";"5.427.724";"2.345";"Temperatur";"Besigheim (CYY137)";"Neckar";"2008";"20.01.2008";"7";"°C"
"CYY137";"510.766";"5.427.724";"2.345";"Temperatur";"Besigheim (CYY137)";"Neckar";"2008";"21.01.2008";"7,5";"°C"
"CYY137";"510.766";"5.427.724";"2.345";"Temperatur";"Besigheim (CYY137)";"Neckar";"2008";"22.01.2008";"7,7";"°C"
"CYY137";"510.766";"5.427.724";"2.345";"Temperatur";"Besigheim (CYY137)";"Neckar";"2008";"23.01.2008";"7,6";"°C"
"CYY137";"510.766";"5.427.724";"2.345";"Temperatur";"Besigheim (CYY137)";"Neckar";"2008";"24.01.2008";"7";"°C"
"CYY137";"510.766";"5.427.724";"2.345";"Temperatur";"Besigheim (CYY137)";"Neckar";"2008";"25.01.2008";"6,5";"°C"
"CYY137";"510.766";"5.427.724";"2.345";"Temperatur";"Besigheim (CYY137)";"Neckar";"2008";"26.01.2008";"6";"°C"
"CYY137";"510.766";"5.427.724";"2.345";"Temperatur";"Besigheim (CYY137)";"Neckar";"2008";"27.01.2008";"5,7";"°C"
"CYY137";"510.766";"5.427.724";"2.345";"Temperatur";"Besigheim (CYY137)";"Neckar";"2008";"28.01.2008";"5,6";"°C"
"CYY137";"510.766";"5.427.724";"2.345";"Temperatur";"Besigheim (CYY137)";"Neckar";"2008";"29.01.2008";"5,5";"°C"
"CYY137";"510.766";"5.427.724";"2.345";"Temperatur";"Besigheim (CYY137)";"Neckar";"2008";"30.01.2008";"5,4";"°C"
"CYY137";"510.766";"5.427.724";"2.345";"Temperatur";"Besigheim (CYY137)";"Neckar";"2008";"31.01.2008";"5,4";"°C"
"CYY137";"510.766";"5.427.724";"2.345";"Temperatur";"Besigheim (CYY137)";"Neckar";"2008";"01.02.2008";"5,5";"°C"
"CYY137";"510.766";"5.427.724";"2.345";"Temperatur";"Besigheim (CYY137)";"Neckar";"2008";"02.02.2008";"5,6";"°C"
"CYY137";"510.766";"5.427.724";"2.345";"Temperatur";"Besigheim (CYY137)";"Neckar";"2008";"03.02.2008";"5,7";"°C"
"CYY137";"510.766";"5.427.724";"2.345";"Temperatur";"Besigheim (CYY137)";"Neckar";"2008";"04.02.2008";"5,3";"°C"
"CYY137";"510.766";"5.427.724";"2.345";"Temperatur";"Besigheim (CYY137)";"Neckar";"2008";"05.02.2008";"5,4";"°C"
"CYY137";"510.766";"5.427.724";"2.345";"Temperatur";"Besigheim (CYY137)";"Neckar";"2008";"06.02.2008";"5,6";"°C"
"CYY137";"510.766";"5.427.724";"2.345";"Temperatur";"Besigheim (CYY137)";"Neckar";"2008";"07.02.2008";"5,7";"°C"
"CYY137";"510.766";"5.427.724";"2.345";"Temperatur";"Besigheim (CYY137)";"Neckar";"2008";"08.02.2008";"5,8";"°C"
"CYY137";"510.766";"5.427.724";"2.345";"Temperatur";"Besigheim (CYY137)";"Neckar";"2008";"09.02.2008";"5,7";"°C"
"CYY137";"510.766";"5.427.724";"2.345";"Temperatur";"Besigheim (CYY137)";"Neckar";"2008";"10.02.2008";"6";"°C"
"CYY137";"510.766";"5.427.724";"2.345";"Temperatur";"Besigheim (CYY137)";"Neckar";"2008";"11.02.2008";"5,9";"°C"
"CYY137";"510.766";"5.427.724";"2.345";"Temperatur";"Besigheim (CYY137)";"Neckar";"2008";"12.02.2008";"5,8";"°C"
"CYY137";"510.766";"5.427.724";"2.345";"Temperatur";"Besigheim (CYY137)";"Neckar";"2008";"13.02.2008";"5,5";"°C"
"CYY137";"510.766";"5.427.724";"2.345";"Temperatur";"Besigheim (CYY137)";"Neckar";"2008";"14.02.2008";"5,3";"°C"
"CYY137";"510.766";"5.427.724";"2.345";"Temperatur";"Besigheim (CYY137)";"Neckar";"2008";"15.02.2008";"5,2";"°C"
"CYY137";"510.766";"5.427.724";"2.345";"Temperatur";"Besigheim (CYY137)";"Neckar";"2008";"16.02.2008";"4,9";"°C"
"CYY137";"510.766";"5.427.724";"2.345";"Temperatur";"Besigheim (CYY137)";"Neckar";"2008";"17.02.2008";"4,6";"°C"
"CYY137";"510.766";"5.427.724";"2.345";"Temperatur";"Besigheim (CYY137)";"Neckar";"2008";"18.02.2008";"4,4";"°C"
"CYY137";"510.766";"5.427.724";"2.345";"Temperatur";"Besigheim (CYY137)";"Neckar";"2008";"19.02.2008";"4,3";"°C"
"CYY137";"510.766";"5.427.724";"2.345";"Temperatur";"Besigheim (CYY137)";"Neckar";"2008";"20.02.2008";"4,3";"°C"
"CYY137";"510.766";"5.427.724";"2.345";"Temperatur";"Besigheim (CYY137)";"Neckar";"2008";"21.02.2008";"4,7";"°C"
"CYY137";"510.766";"5.427.724";"2.345";"Temperatur";"Besigheim (CYY137)";"Neckar";"2008";"22.02.2008";"5,2";"°C"
"CYY137";"510.766";"5.427.724";"2.345";"Temperatur";"Besigheim (CYY137)";"Neckar";"2008";"23.02.2008";"5,8";"°C"
"CYY137";"510.766";"5.427.724";"2.345";"Temperatur";"Besigheim (CYY137)";"Neckar";"2008";"24.02.2008";"6,2";"°C"
"CYY137";"510.766";"5.427.724";"2.345";"Temperatur";"Besigheim (CYY137)";"Neckar";"2008";"25.02.2008";"6,4";"°C"
"CYY137";"510.766";"5.427.724";"2.345";"Temperatur";"Besigheim (CYY137)";"Neckar";"2008";"26.02.2008";"6,9";"°C"
"CYY137";"510.766";"5.427.724";"2.345";"Temperatur";"Besigheim (CYY137)";"Neckar";"2008";"27.02.2008";"7,6";"°C"
"CYY137";"510.766";"5.427.724";"2.345";"Temperatur";"Besigheim (CYY137)";"Neckar";"2008";"28.02.2008";"8,1";"°C"
"CYY137";"510.766";"5.427.724";"2.345";"Temperatur";"Besigheim (CYY137)";"Neckar";"2008";"29.02.2008";"8,6";"°C"
"CYY137";"510.766";"5.427.724";"2.345";"Temperatur";"Besigheim (CYY137)";"Neckar";"2008";"01.03.2008";"8,9";"°C"
"CYY137";"510.766";"5.427.724";"2.345";"Temperatur";"Besigheim (CYY137)";"Neckar";"2008";"02.03.2008";"8,6";"°C"
"CYY137";"510.766";"5.427.724";"2.345";"Temperatur";"Besigheim (CYY137)";"Neckar";"2008";"03.03.2008";"8,6";"°C"
"CYY137";"510.766";"5.427.724";"2.345";"Temperatur";"Besigheim (CYY137)";"Neckar";"2008";"04.03.2008";"8,2";"°C"
"CYY137";"510.766";"5.427.724";"2.345";"Temperatur";"Besigheim (CYY137)";"Neckar";"2008";"05.03.2008";"7,8";"°C"
"CYY137";"510.766";"5.427.724";"2.345";"Temperatur";"Besigheim (CYY137)";"Neckar";"2008";"06.03.2008";"7,5";"°C"
"CYY137";"510.766";"5.427.724";"2.345";"Temperatur";"Besigheim (CYY137)";"Neckar";"2008";"07.03.2008";"7,3";"°C"
"CYY137";"510.766";"5.427.724";"2.345";"Temperatur";"Besigheim (CYY137)";"Neckar";"2008";"08.03.2008";"7,2";"°C"
"CYY137";"510.766";"5.427.724";"2.345";"Temperatur";"Besigheim (CYY137)";"Neckar";"2008";"09.03.2008";"7,2";"°C"
"CYY137";"510.766";"5.427.724";"2.345";"Temperatur";"Besigheim (CYY137)";"Neckar";"2008";"10.03.2008";"7,5";"°C"
"CYY137";"510.766";"5.427.724";"2.345";"Temperatur";"Besigheim (CYY137)";"Neckar";"2008";"11.03.2008";"7,6";"°C"
"CYY137";"510.766";"5.427.724";"2.345";"Temperatur";"Besigheim (CYY137)";"Neckar";"2008";"12.03.2008";"8,2";"°C"
"CYY137";"510.766";"5.427.724";"2.345";"Temperatur";"Besigheim (CYY137)";"Neckar";"2008";"13.03.2008";"8,5";"°C"
"CYY137";"510.766";"5.427.724";"2.345";"Temperatur";"Besigheim (CYY137)";"Neckar";"2008";"14.03.2008";"8,3";"°C"
"CYY137";"510.766";"5.427.724";"2.345";"Temperatur";"Besigheim (CYY137)";"Neckar";"2008";"15.03.2008";"8,3";"°C"
"CYY137";"510.766";"5.427.724";"2.345";"Temperatur";"Besigheim (CYY137)";"Neckar";"2008";"16.03.2008";"8,9";"°C"
"CYY137";"510.766";"5.427.724";"2.345";"Temperatur";"Besigheim (CYY137)";"Neckar";"2008";"17.03.2008";"9,2";"°C"
"CYY137";"510.766";"5.427.724";"2.345";"Temperatur";"Besigheim (CYY137)";"Neckar";"2008";"18.03.2008";"9";"°C"
"CYY137";"510.766";"5.427.724";"2.345";"Temperatur";"Besigheim (CYY137)";"Neckar";"2008";"19.03.2008";"8,4";"°C"
"CYY137";"510.766";"5.427.724";"2.345";"Temperatur";"Besigheim (CYY137)";"Neckar";"2008";"20.03.2008";"7,9";"°C"
"CYY137";"510.766";"5.427.724";"2.345";"Temperatur";"Besigheim (CYY137)";"Neckar";"2008";"21.03.2008";"7,4";"°C"
"CYY137";"510.766";"5.427.724";"2.345";"Temperatur";"Besigheim (CYY137)";"Neckar";"2008";"22.03.2008";"6,7";"°C"
"CYY137";"510.766";"5.427.724";"2.345";"Temperatur";"Besigheim (CYY137)";"Neckar";"2008";"23.03.2008";"6,2";"°C"
"CYY137";"510.766";"5.427.724";"2.345";"Temperatur";"Besigheim (CYY137)";"Neckar";"2008";"24.03.2008";"5,9";"°C"
"CYY137";"510.766";"5.427.724";"2.345";"Temperatur";"Besigheim (CYY137)";"Neckar";"2008";"25.03.2008";"5,8";"°C"
"CYY137";"510.766";"5.427.724";"2.345";"Temperatur";"Besigheim (CYY137)";"Neckar";"2008";"26.03.2008";"5,9";"°C"
"CYY137";"510.766";"5.427.724";"2.345";"Temperatur";"Besigheim (CYY137)";"Neckar";"2008";"27.03.2008";"6,2";"°C"
"CYY137";"510.766";"5.427.724";"2.345";"Temperatur";"Besigheim (CYY137)";"Neckar";"2008";"28.03.2008";"6,6";"°C"
"CYY137";"510.766";"5.427.724";"2.345";"Temperatur";"Besigheim (CYY137)";"Neckar";"2008";"29.03.2008";"7,4";"°C"
"CYY137";"510.766";"5.427.724";"2.345";"Temperatur";"Besigheim (CYY137)";"Neckar";"2008";"30.03.2008";"8,1";"°C"
"CYY137";"510.766";"5.427.724";"2.345";"Temperatur";"Besigheim (CYY137)";"Neckar";"2008";"31.03.2008";"8,9";"°C"
"CYY137";"510.766";"5.427.724";"2.345";"Temperatur";"Besigheim (CYY137)";"Neckar";"2008";"01.04.2008";"9,5";"°C"
"CYY137";"510.766";"5.427.724";"2.345";"Temperatur";"Besigheim (CYY137)";"Neckar";"2008";"02.04.2008";"9,8";"°C"
"CYY137";"510.766";"5.427.724";"2.345";"Temperatur";"Besigheim (CYY137)";"Neckar";"2008";"03.04.2008";"9,8";"°C"
"CYY137";"510.766";"5.427.724";"2.345";"Temperatur";"Besigheim (CYY137)";"Neckar";"2008";"04.04.2008";"9,7";"°C"
"CYY137";"510.766";"5.427.724";"2.345";"Temperatur";"Besigheim (CYY137)";"Neckar";"2008";"05.04.2008";"9,9";"°C"
"CYY137";"510.766";"5.427.724";"2.345";"Temperatur";"Besigheim (CYY137)";"Neckar";"2008";"06.04.2008";"9,5";"°C"
"CYY137";"510.766";"5.427.724";"2.345";"Temperatur";"Besigheim (CYY137)";"Neckar";"2008";"07.04.2008";"8,7";"°C"
"CYY137";"510.766";"5.427.724";"2.345";"Temperatur";"Besigheim (CYY137)";"Neckar";"2008";"08.04.2008";"8,1";"°C"
"CYY137";"510.766";"5.427.724";"2.345";"Temperatur";"Besigheim (CYY137)";"Neckar";"2008";"09.04.2008";"8,2";"°C"
"CYY137";"510.766";"5.427.724";"2.345";"Temperatur";"Besigheim (CYY137)";"Neckar";"2008";"10.04.2008";"8,4";"°C"
"CYY137";"510.766";"5.427.724";"2.345";"Temperatur";"Besigheim (CYY137)";"Neckar";"2008";"11.04.2008";"9,1";"°C"
"CYY137";"510.766";"5.427.724";"2.345";"Temperatur";"Besigheim (CYY137)";"Neckar";"2008";"12.04.2008";"9,9";"°C"
"CYY137";"510.766";"5.427.724";"2.345";"Temperatur";"Besigheim (CYY137)";"Neckar";"2008";"13.04.2008";"9,6";"°C"
"CYY137";"510.766";"5.427.724";"2.345";"Temperatur";"Besigheim (CYY137)";"Neckar";"2008";"14.04.2008";"9,8";"°C"
"CYY137";"510.766";"5.427.724";"2.345";"Temperatur";"Besigheim (CYY137)";"Neckar";"2008";"15.04.2008";"9,6";"°C"
"CYY137";"510.766";"5.427.724";"2.345";"Temperatur";"Besigheim (CYY137)";"Neckar";"2008";"16.04.2008";"9,4";"°C"
"CYY137";"510.766";"5.427.724";"2.345";"Temperatur";"Besigheim (CYY137)";"Neckar";"2008";"17.04.2008";"9,4";"°C"
"CYY137";"510.766";"5.427.724";"2.345";"Temperatur";"Besigheim (CYY137)";"Neckar";"2008";"18.04.2008";"9,4";"°C"
"CYY137";"510.766";"5.427.724";"2.345";"Temperatur";"Besigheim (CYY137)";"Neckar";"2008";"19.04.2008";"9,6";"°C"
"CYY137";"510.766";"5.427.724";"2.345";"Temperatur";"Besigheim (CYY137)";"Neckar";"2008";"20.04.2008";"10,2";"°C"
"CYY137";"510.766";"5.427.724";"2.345";"Temperatur";"Besigheim (CYY137)";"Neckar";"2008";"21.04.2008";"10,9";"°C"
"CYY137";"510.766";"5.427.724";"2.345";"Temperatur";"Besigheim (CYY137)";"Neckar";"2008";"22.04.2008";"11,2";"°C"
"CYY137";"510.766";"5.427.724";"2.345";"Temperatur";"Besigheim (CYY137)";"Neckar";"2008";"23.04.2008";"10,6";"°C"
"CYY137";"510.766";"5.427.724";"2.345";"Temperatur";"Besigheim (CYY137)";"Neckar";"2008";"24.04.2008";"10,7";"°C"
"CYY137";"510.766";"5.427.724";"2.345";"Temperatur";"Besigheim (CYY137)";"Neckar";"2008";"25.04.2008";"11,2";"°C"
"CYY137";"510.766";"5.427.724";"2.345";"Temperatur";"Besigheim (CYY137)";"Neckar";"2008";"26.04.2008";"11,6";"°C"
"CYY137";"510.766";"5.427.724";"2.345";"Temperatur";"Besigheim (CYY137)";"Neckar";"2008";"27.04.2008";"12,1";"°C"
"CYY137";"510.766";"5.427.724";"2.345";"Temperatur";"Besigheim (CYY137)";"Neckar";"2008";"28.04.2008";"12,6";"°C"
"CYY137";"510.766";"5.427.724";"2.345";"Temperatur";"Besigheim (CYY137)";"Neckar";"2008";"29.04.2008";"12,9";"°C"
"CYY137";"510.766";"5.427.724";"2.345";"Temperatur";"Besigheim (CYY137)";"Neckar";"2008";"30.04.2008";"13,1";"°C"
"CYY137";"510.766";"5.427.724";"2.345";"Temperatur";"Besigheim (CYY137)";"Neckar";"2008";"01.05.2008";"13";"°C"
"CYY137";"510.766";"5.427.724";"2.345";"Temperatur";"Besigheim (CYY137)";"Neckar";"2008";"02.05.2008";"13,2";"°C"
"CYY137";"510.766";"5.427.724";"2.345";"Temperatur";"Besigheim (CYY137)";"Neckar";"2008";"03.05.2008";"13,4";"°C"
"CYY137";"510.766";"5.427.724";"2.345";"Temperatur";"Besigheim (CYY137)";"Neckar";"2008";"04.05.2008";"13,7";"°C"
"CYY137";"510.766";"5.427.724";"2.345";"Temperatur";"Besigheim (CYY137)";"Neckar";"2008";"05.05.2008";"14,1";"°C"
"CYY137";"510.766";"5.427.724";"2.345";"Temperatur";"Besigheim (CYY137)";"Neckar";"2008";"06.05.2008";"14,6";"°C"
"CYY137";"510.766";"5.427.724";"2.345";"Temperatur";"Besigheim (CYY137)";"Neckar";"2008";"07.05.2008";"15,2";"°C"
"CYY137";"510.766";"5.427.724";"2.345";"Temperatur";"Besigheim (CYY137)";"Neckar";"2008";"08.05.2008";"15,7";"°C"
"CYY137";"510.766";"5.427.724";"2.345";"Temperatur";"Besigheim (CYY137)";"Neckar";"2008";"09.05.2008";"16,2";"°C"
"CYY137";"510.766";"5.427.724";"2.345";"Temperatur";"Besigheim (CYY137)";"Neckar";"2008";"10.05.2008";"16,6";"°C"
"CYY137";"510.766";"5.427.724";"2.345";"Temperatur";"Besigheim (CYY137)";"Neckar";"2008";"11.05.2008";"16,9";"°C"
"CYY137";"510.766";"5.427.724";"2.345";"Temperatur";"Besigheim (CYY137)";"Neckar";"2008";"12.05.2008";"17,3";"°C"
"CYY137";"510.766";"5.427.724";"2.345";"Temperatur";"Besigheim (CYY137)";"Neckar";"2008";"13.05.2008";"17,6";"°C"
"CYY137";"510.766";"5.427.724";"2.345";"Temperatur";"Besigheim (CYY137)";"Neckar";"2008";"14.05.2008";"17,9";"°C"
"CYY137";"510.766";"5.427.724";"2.345";"Temperatur";"Besigheim (CYY137)";"Neckar";"2008";"15.05.2008";"18,1";"°C"
"CYY137";"510.766";"5.427.724";"2.345";"Temperatur";"Besigheim (CYY137)";"Neckar";"2008";"16.05.2008";"18,3";"°C"
"CYY137";"510.766";"5.427.724";"2.345";"Temperatur";"Besigheim (CYY137)";"Neckar";"2008";"17.05.2008";"18,3";"°C"
"CYY137";"510.766";"5.427.724";"2.345";"Temperatur";"Besigheim (CYY137)";"Neckar";"2008";"18.05.2008";"17,9";"°C"
"CYY137";"510.766";"5.427.724";"2.345";"Temperatur";"Besigheim (CYY137)";"Neckar";"2008";"19.05.2008";"17,2";"°C"
"CYY137";"510.766";"5.427.724";"2.345";"Temperatur";"Besigheim (CYY137)";"Neckar";"2008";"20.05.2008";"16,7";"°C"
"CYY137";"510.766";"5.427.724";"2.345";"Temperatur";"Besigheim (CYY137)";"Neckar";"2008";"21.05.2008";"16,1";"°C"
"CYY137";"510.766";"5.427.724";"2.345";"Temperatur";"Besigheim (CYY137)";"Neckar";"2008";"22.05.2008";"15,7";"°C"
"CYY137";"510.766";"5.427.724";"2.345";"Temperatur";"Besigheim (CYY137)";"Neckar";"2008";"23.05.2008";"15,8";"°C"
"CYY137";"510.766";"5.427.724";"2.345";"Temperatur";"Besigheim (CYY137)";"Neckar";"2008";"24.05.2008";"16";"°C"
"CYY137";"510.766";"5.427.724";"2.345";"Temperatur";"Besigheim (CYY137)";"Neckar";"2008";"25.05.2008";"16,5";"°C"
"CYY137";"510.766";"5.427.724";"2.345";"Temperatur";"Besigheim (CYY137)";"Neckar";"2008";"26.05.2008";"17";"°C"
"CYY137";"510.766";"5.427.724";"2.345";"Temperatur";"Besigheim (CYY137)";"Neckar";"2008";"27.05.2008";"17,7";"°C"
"CYY137";"510.766";"5.427.724";"2.345";"Temperatur";"Besigheim (CYY137)";"Neckar";"2008";"28.05.2008";"18,4";"°C"
"CYY137";"510.766";"5.427.724";"2.345";"Temperatur";"Besigheim (CYY137)";"Neckar";"2008";"29.05.2008";"19";"°C"
"CYY137";"510.766";"5.427.724";"2.345";"Temperatur";"Besigheim (CYY137)";"Neckar";"2008";"30.05.2008";"19,6";"°C"
"CYY137";"510.766";"5.427.724";"2.345";"Temperatur";"Besigheim (CYY137)";"Neckar";"2008";"31.05.2008";"19,6";"°C"
"CYY137";"510.766";"5.427.724";"2.345";"Temperatur";"Besigheim (CYY137)";"Neckar";"2008";"01.06.2008";"19,8";"°C"
"CYY137";"510.766";"5.427.724";"2.345";"Temperatur";"Besigheim (CYY137)";"Neckar";"2008";"02.06.2008";"20,5";"°C"
"CYY137";"510.766";"5.427.724";"2.345";"Temperatur";"Besigheim (CYY137)";"Neckar";"2008";"03.06.2008";"19,9";"°C"
"CYY137";"510.766";"5.427.724";"2.345";"Temperatur";"Besigheim (CYY137)";"Neckar";"2008";"04.06.2008";"19,4";"°C"
"CYY137";"510.766";"5.427.724";"2.345";"Temperatur";"Besigheim (CYY137)";"Neckar";"2008";"05.06.2008";"18,4";"°C"
"CYY137";"510.766";"5.427.724";"2.345";"Temperatur";"Besigheim (CYY137)";"Neckar";"2008";"06.06.2008";"18,1";"°C"
"CYY137";"510.766";"5.427.724";"2.345";"Temperatur";"Besigheim (CYY137)";"Neckar";"2008";"07.06.2008";"17,8";"°C"
"CYY137";"510.766";"5.427.724";"2.345";"Temperatur";"Besigheim (CYY137)";"Neckar";"2008";"08.06.2008";"17,8";"°C"
"CYY137";"510.766";"5.427.724";"2.345";"Temperatur";"Besigheim (CYY137)";"Neckar";"2008";"09.06.2008";"18,1";"°C"
"CYY137";"510.766";"5.427.724";"2.345";"Temperatur";"Besigheim (CYY137)";"Neckar";"2008";"10.06.2008";"18,6";"°C"
"CYY137";"510.766";"5.427.724";"2.345";"Temperatur";"Besigheim (CYY137)";"Neckar";"2008";"11.06.2008";"19";"°C"
"CYY137";"510.766";"5.427.724";"2.345";"Temperatur";"Besigheim (CYY137)";"Neckar";"2008";"12.06.2008";"19";"°C"
"CYY137";"510.766";"5.427.724";"2.345";"Temperatur";"Besigheim (CYY137)";"Neckar";"2008";"13.06.2008";"18,7";"°C"
"CYY137";"510.766";"5.427.724";"2.345";"Temperatur";"Besigheim (CYY137)";"Neckar";"2008";"14.06.2008";"-";"°C"
"CYY137";"510.766";"5.427.724";"2.345";"Temperatur";"Besigheim (CYY137)";"Neckar";"2008";"15.06.2008";"-";"°C"
"CYY137";"510.766";"5.427.724";"2.345";"Temperatur";"Besigheim (CYY137)";"Neckar";"2008";"16.06.2008";"17,7";"°C"
"CYY137";"510.766";"5.427.724";"2.345";"Temperatur";"Besigheim (CYY137)";"Neckar";"2008";"17.06.2008";"17,2";"°C"
"CYY137";"510.766";"5.427.724";"2.345";"Temperatur";"Besigheim (CYY137)";"Neckar";"2008";"18.06.2008";"17,4";"°C"
"CYY137";"510.766";"5.427.724";"2.345";"Temperatur";"Besigheim (CYY137)";"Neckar";"2008";"19.06.2008";"17,9";"°C"
"CYY137";"510.766";"5.427.724";"2.345";"Temperatur";"Besigheim (CYY137)";"Neckar";"2008";"20.06.2008";"18,4";"°C"
"CYY137";"510.766";"5.427.724";"2.345";"Temperatur";"Besigheim (CYY137)";"Neckar";"2008";"21.06.2008";"19,1";"°C"
"CYY137";"510.766";"5.427.724";"2.345";"Temperatur";"Besigheim (CYY137)";"Neckar";"2008";"22.06.2008";"19,9";"°C"
"CYY137";"510.766";"5.427.724";"2.345";"Temperatur";"Besigheim (CYY137)";"Neckar";"2008";"23.06.2008";"20,5";"°C"
"CYY137";"510.766";"5.427.724";"2.345";"Temperatur";"Besigheim (CYY137)";"Neckar";"2008";"24.06.2008";"21";"°C"
"CYY137";"510.766";"5.427.724";"2.345";"Temperatur";"Besigheim (CYY137)";"Neckar";"2008";"25.06.2008";"21,8";"°C"
"CYY137";"510.766";"5.427.724";"2.345";"Temperatur";"Besigheim (CYY137)";"Neckar";"2008";"26.06.2008";"22";"°C"
"CYY137";"510.766";"5.427.724";"2.345";"Temperatur";"Besigheim (CYY137)";"Neckar";"2008";"27.06.2008";"22,3";"°C"
"CYY137";"510.766";"5.427.724";"2.345";"Temperatur";"Besigheim (CYY137)";"Neckar";"2008";"28.06.2008";"22,3";"°C"
"CYY137";"510.766";"5.427.724";"2.345";"Temperatur";"Besigheim (CYY137)";"Neckar";"2008";"29.06.2008";"22,6";"°C"
"CYY137";"510.766";"5.427.724";"2.345";"Temperatur";"Besigheim (CYY137)";"Neckar";"2008";"30.06.2008";"22,8";"°C"
"CYY137";"510.766";"5.427.724";"2.345";"Temperatur";"Besigheim (CYY137)";"Neckar";"2008";"01.07.2008";"23,2";"°C"
"CYY137";"510.766";"5.427.724";"2.345";"Temperatur";"Besigheim (CYY137)";"Neckar";"2008";"02.07.2008";"23,7";"°C"
"CYY137";"510.766";"5.427.724";"2.345";"Temperatur";"Besigheim (CYY137)";"Neckar";"2008";"03.07.2008";"23,7";"°C"
"CYY137";"510.766";"5.427.724";"2.345";"Temperatur";"Besigheim (CYY137)";"Neckar";"2008";"04.07.2008";"23,3";"°C"
"CYY137";"510.766";"5.427.724";"2.345";"Temperatur";"Besigheim (CYY137)";"Neckar";"2008";"05.07.2008";"23,3";"°C"
"CYY137";"510.766";"5.427.724";"2.345";"Temperatur";"Besigheim (CYY137)";"Neckar";"2008";"06.07.2008";"23,2";"°C"
"CYY137";"510.766";"5.427.724";"2.345";"Temperatur";"Besigheim (CYY137)";"Neckar";"2008";"07.07.2008";"22,6";"°C"
"CYY137";"510.766";"5.427.724";"2.345";"Temperatur";"Besigheim (CYY137)";"Neckar";"2008";"08.07.2008";"22";"°C"
"CYY137";"510.766";"5.427.724";"2.345";"Temperatur";"Besigheim (CYY137)";"Neckar";"2008";"09.07.2008";"21,6";"°C"
"CYY137";"510.766";"5.427.724";"2.345";"Temperatur";"Besigheim (CYY137)";"Neckar";"2008";"10.07.2008";"21,6";"°C"
"CYY137";"510.766";"5.427.724";"2.345";"Temperatur";"Besigheim (CYY137)";"Neckar";"2008";"11.07.2008";"21,8";"°C"
"CYY137";"510.766";"5.427.724";"2.345";"Temperatur";"Besigheim (CYY137)";"Neckar";"2008";"12.07.2008";"21,5";"°C"
"CYY137";"510.766";"5.427.724";"2.345";"Temperatur";"Besigheim (CYY137)";"Neckar";"2008";"13.07.2008";"21";"°C"
"CYY137";"510.766";"5.427.724";"2.345";"Temperatur";"Besigheim (CYY137)";"Neckar";"2008";"14.07.2008";"20,4";"°C"
"CYY137";"510.766";"5.427.724";"2.345";"Temperatur";"Besigheim (CYY137)";"Neckar";"2008";"15.07.2008";"20,4";"°C"
"CYY137";"510.766";"5.427.724";"2.345";"Temperatur";"Besigheim (CYY137)";"Neckar";"2008";"16.07.2008";"20,8";"°C"
"CYY137";"510.766";"5.427.724";"2.345";"Temperatur";"Besigheim (CYY137)";"Neckar";"2008";"17.07.2008";"20,8";"°C"
"CYY137";"510.766";"5.427.724";"2.345";"Temperatur";"Besigheim (CYY137)";"Neckar";"2008";"18.07.2008";"20,2";"°C"
"CYY137";"510.766";"5.427.724";"2.345";"Temperatur";"Besigheim (CYY137)";"Neckar";"2008";"19.07.2008";"19,9";"°C"
"CYY137";"510.766";"5.427.724";"2.345";"Temperatur";"Besigheim (CYY137)";"Neckar";"2008";"20.07.2008";"20";"°C"
"CYY137";"510.766";"5.427.724";"2.345";"Temperatur";"Besigheim (CYY137)";"Neckar";"2008";"21.07.2008";"19,7";"°C"
"CYY137";"510.766";"5.427.724";"2.345";"Temperatur";"Besigheim (CYY137)";"Neckar";"2008";"22.07.2008";"19,3";"°C"
"CYY137";"510.766";"5.427.724";"2.345";"Temperatur";"Besigheim (CYY137)";"Neckar";"2008";"23.07.2008";"19,5";"°C"
"CYY137";"510.766";"5.427.724";"2.345";"Temperatur";"Besigheim (CYY137)";"Neckar";"2008";"24.07.2008";"19,6";"°C"
"CYY137";"510.766";"5.427.724";"2.345";"Temperatur";"Besigheim (CYY137)";"Neckar";"2008";"25.07.2008";"20,1";"°C"
"CYY137";"510.766";"5.427.724";"2.345";"Temperatur";"Besigheim (CYY137)";"Neckar";"2008";"26.07.2008";"20,7";"°C"
"CYY137";"510.766";"5.427.724";"2.345";"Temperatur";"Besigheim (CYY137)";"Neckar";"2008";"27.07.2008";"21,1";"°C"
"CYY137";"510.766";"5.427.724";"2.345";"Temperatur";"Besigheim (CYY137)";"Neckar";"2008";"28.07.2008";"21,7";"°C"
"CYY137";"510.766";"5.427.724";"2.345";"Temperatur";"Besigheim (CYY137)";"Neckar";"2008";"29.07.2008";"22,1";"°C"
"CYY137";"510.766";"5.427.724";"2.345";"Temperatur";"Besigheim (CYY137)";"Neckar";"2008";"30.07.2008";"22,7";"°C"
"CYY137";"510.766";"5.427.724";"2.345";"Temperatur";"Besigheim (CYY137)";"Neckar";"2008";"31.07.2008";"23,2";"°C"
"CYY137";"510.766";"5.427.724";"2.345";"Temperatur";"Besigheim (CYY137)";"Neckar";"2008";"01.08.2008";"23,4";"°C"
"CYY137";"510.766";"5.427.724";"2.345";"Temperatur";"Besigheim (CYY137)";"Neckar";"2008";"02.08.2008";"23,5";"°C"
"CYY137";"510.766";"5.427.724";"2.345";"Temperatur";"Besigheim (CYY137)";"Neckar";"2008";"03.08.2008";"23,5";"°C"
"CYY137";"510.766";"5.427.724";"2.345";"Temperatur";"Besigheim (CYY137)";"Neckar";"2008";"04.08.2008";"23,1";"°C"
"CYY137";"510.766";"5.427.724";"2.345";"Temperatur";"Besigheim (CYY137)";"Neckar";"2008";"05.08.2008";"22,4";"°C"
"CYY137";"510.766";"5.427.724";"2.345";"Temperatur";"Besigheim (CYY137)";"Neckar";"2008";"06.08.2008";"22,2";"°C"
"CYY137";"510.766";"5.427.724";"2.345";"Temperatur";"Besigheim (CYY137)";"Neckar";"2008";"07.08.2008";"22,7";"°C"
"CYY137";"510.766";"5.427.724";"2.345";"Temperatur";"Besigheim (CYY137)";"Neckar";"2008";"08.08.2008";"22,7";"°C"
"CYY137";"510.766";"5.427.724";"2.345";"Temperatur";"Besigheim (CYY137)";"Neckar";"2008";"09.08.2008";"22,4";"°C"
"CYY137";"510.766";"5.427.724";"2.345";"Temperatur";"Besigheim (CYY137)";"Neckar";"2008";"10.08.2008";"22,3";"°C"
"CYY137";"510.766";"5.427.724";"2.345";"Temperatur";"Besigheim (CYY137)";"Neckar";"2008";"11.08.2008";"22,5";"°C"
"CYY137";"510.766";"5.427.724";"2.345";"Temperatur";"Besigheim (CYY137)";"Neckar";"2008";"12.08.2008";"21,8";"°C"
"CYY137";"510.766";"5.427.724";"2.345";"Temperatur";"Besigheim (CYY137)";"Neckar";"2008";"13.08.2008";"20,8";"°C"
"CYY137";"510.766";"5.427.724";"2.345";"Temperatur";"Besigheim (CYY137)";"Neckar";"2008";"14.08.2008";"20,2";"°C"
"CYY137";"510.766";"5.427.724";"2.345";"Temperatur";"Besigheim (CYY137)";"Neckar";"2008";"15.08.2008";"19,3";"°C"
"CYY137";"510.766";"5.427.724";"2.345";"Temperatur";"Besigheim (CYY137)";"Neckar";"2008";"16.08.2008";"18,7";"°C"
"CYY137";"510.766";"5.427.724";"2.345";"Temperatur";"Besigheim (CYY137)";"Neckar";"2008";"17.08.2008";"18,5";"°C"
"CYY137";"510.766";"5.427.724";"2.345";"Temperatur";"Besigheim (CYY137)";"Neckar";"2008";"18.08.2008";"18,6";"°C"
"CYY137";"510.766";"5.427.724";"2.345";"Temperatur";"Besigheim (CYY137)";"Neckar";"2008";"19.08.2008";"19";"°C"
"CYY137";"510.766";"5.427.724";"2.345";"Temperatur";"Besigheim (CYY137)";"Neckar";"2008";"20.08.2008";"18,9";"°C"
"CYY137";"510.766";"5.427.724";"2.345";"Temperatur";"Besigheim (CYY137)";"Neckar";"2008";"21.08.2008";"19";"°C"
"CYY137";"510.766";"5.427.724";"2.345";"Temperatur";"Besigheim (CYY137)";"Neckar";"2008";"22.08.2008";"19";"°C"
"CYY137";"510.766";"5.427.724";"2.345";"Temperatur";"Besigheim (CYY137)";"Neckar";"2008";"23.08.2008";"19,1";"°C"
"CYY137";"510.766";"5.427.724";"2.345";"Temperatur";"Besigheim (CYY137)";"Neckar";"2008";"24.08.2008";"18,9";"°C"
"CYY137";"510.766";"5.427.724";"2.345";"Temperatur";"Besigheim (CYY137)";"Neckar";"2008";"25.08.2008";"19,1";"°C"
"CYY137";"510.766";"5.427.724";"2.345";"Temperatur";"Besigheim (CYY137)";"Neckar";"2008";"26.08.2008";"19,5";"°C"
"CYY137";"510.766";"5.427.724";"2.345";"Temperatur";"Besigheim (CYY137)";"Neckar";"2008";"27.08.2008";"19,8";"°C"
"CYY137";"510.766";"5.427.724";"2.345";"Temperatur";"Besigheim (CYY137)";"Neckar";"2008";"28.08.2008";"20,1";"°C"
"CYY137";"510.766";"5.427.724";"2.345";"Temperatur";"Besigheim (CYY137)";"Neckar";"2008";"29.08.2008";"20";"°C"
"CYY137";"510.766";"5.427.724";"2.345";"Temperatur";"Besigheim (CYY137)";"Neckar";"2008";"30.08.2008";"20,2";"°C"
"CYY137";"510.766";"5.427.724";"2.345";"Temperatur";"Besigheim (CYY137)";"Neckar";"2008";"31.08.2008";"20,4";"°C"
"CYY137";"510.766";"5.427.724";"2.345";"Temperatur";"Besigheim (CYY137)";"Neckar";"2008";"01.09.2008";"20,3";"°C"
"CYY137";"510.766";"5.427.724";"2.345";"Temperatur";"Besigheim (CYY137)";"Neckar";"2008";"02.09.2008";"20,4";"°C"
"CYY137";"510.766";"5.427.724";"2.345";"Temperatur";"Besigheim (CYY137)";"Neckar";"2008";"03.09.2008";"20,6";"°C"
"CYY137";"510.766";"5.427.724";"2.345";"Temperatur";"Besigheim (CYY137)";"Neckar";"2008";"04.09.2008";"20,2";"°C"
"CYY137";"510.766";"5.427.724";"2.345";"Temperatur";"Besigheim (CYY137)";"Neckar";"2008";"05.09.2008";"19,9";"°C"
"CYY137";"510.766";"5.427.724";"2.345";"Temperatur";"Besigheim (CYY137)";"Neckar";"2008";"06.09.2008";"19,8";"°C"
"CYY137";"510.766";"5.427.724";"2.345";"Temperatur";"Besigheim (CYY137)";"Neckar";"2008";"07.09.2008";"19,6";"°C"
"CYY137";"510.766";"5.427.724";"2.345";"Temperatur";"Besigheim (CYY137)";"Neckar";"2008";"08.09.2008";"19,5";"°C"
"CYY137";"510.766";"5.427.724";"2.345";"Temperatur";"Besigheim (CYY137)";"Neckar";"2008";"09.09.2008";"19,4";"°C"
"CYY137";"510.766";"5.427.724";"2.345";"Temperatur";"Besigheim (CYY137)";"Neckar";"2008";"10.09.2008";"19,2";"°C"
"CYY137";"510.766";"5.427.724";"2.345";"Temperatur";"Besigheim (CYY137)";"Neckar";"2008";"11.09.2008";"19,3";"°C"
"CYY137";"510.766";"5.427.724";"2.345";"Temperatur";"Besigheim (CYY137)";"Neckar";"2008";"12.09.2008";"19,2";"°C"
"CYY137";"510.766";"5.427.724";"2.345";"Temperatur";"Besigheim (CYY137)";"Neckar";"2008";"13.09.2008";"18,6";"°C"
"CYY137";"510.766";"5.427.724";"2.345";"Temperatur";"Besigheim (CYY137)";"Neckar";"2008";"14.09.2008";"17,9";"°C"
"CYY137";"510.766";"5.427.724";"2.345";"Temperatur";"Besigheim (CYY137)";"Neckar";"2008";"15.09.2008";"17,2";"°C"
"CYY137";"510.766";"5.427.724";"2.345";"Temperatur";"Besigheim (CYY137)";"Neckar";"2008";"16.09.2008";"16,7";"°C"
"CYY137";"510.766";"5.427.724";"2.345";"Temperatur";"Besigheim (CYY137)";"Neckar";"2008";"17.09.2008";"16,1";"°C"
"CYY137";"510.766";"5.427.724";"2.345";"Temperatur";"Besigheim (CYY137)";"Neckar";"2008";"18.09.2008";"15,6";"°C"
"CYY137";"510.766";"5.427.724";"2.345";"Temperatur";"Besigheim (CYY137)";"Neckar";"2008";"19.09.2008";"15,5";"°C"
"CYY137";"510.766";"5.427.724";"2.345";"Temperatur";"Besigheim (CYY137)";"Neckar";"2008";"20.09.2008";"15,1";"°C"
"CYY137";"510.766";"5.427.724";"2.345";"Temperatur";"Besigheim (CYY137)";"Neckar";"2008";"21.09.2008";"14,9";"°C"
"CYY137";"510.766";"5.427.724";"2.345";"Temperatur";"Besigheim (CYY137)";"Neckar";"2008";"22.09.2008";"14,6";"°C"
"CYY137";"510.766";"5.427.724";"2.345";"Temperatur";"Besigheim (CYY137)";"Neckar";"2008";"23.09.2008";"14,4";"°C"
"CYY137";"510.766";"5.427.724";"2.345";"Temperatur";"Besigheim (CYY137)";"Neckar";"2008";"24.09.2008";"14,4";"°C"
"CYY137";"510.766";"5.427.724";"2.345";"Temperatur";"Besigheim (CYY137)";"Neckar";"2008";"25.09.2008";"14,3";"°C"
"CYY137";"510.766";"5.427.724";"2.345";"Temperatur";"Besigheim (CYY137)";"Neckar";"2008";"26.09.2008";"14,3";"°C"
"CYY137";"510.766";"5.427.724";"2.345";"Temperatur";"Besigheim (CYY137)";"Neckar";"2008";"27.09.2008";"14,1";"°C"
"CYY137";"510.766";"5.427.724";"2.345";"Temperatur";"Besigheim (CYY137)";"Neckar";"2008";"28.09.2008";"14";"°C"
"CYY137";"510.766";"5.427.724";"2.345";"Temperatur";"Besigheim (CYY137)";"Neckar";"2008";"29.09.2008";"13,9";"°C"
"CYY137";"510.766";"5.427.724";"2.345";"Temperatur";"Besigheim (CYY137)";"Neckar";"2008";"30.09.2008";"13,6";"°C"
"CYY137";"510.766";"5.427.724";"2.345";"Temperatur";"Besigheim (CYY137)";"Neckar";"2008";"01.10.2008";"13,4";"°C"
"CYY137";"510.766";"5.427.724";"2.345";"Temperatur";"Besigheim (CYY137)";"Neckar";"2008";"02.10.2008";"13,3";"°C"
"CYY137";"510.766";"5.427.724";"2.345";"Temperatur";"Besigheim (CYY137)";"Neckar";"2008";"03.10.2008";"13,2";"°C"
"CYY137";"510.766";"5.427.724";"2.345";"Temperatur";"Besigheim (CYY137)";"Neckar";"2008";"04.10.2008";"13,1";"°C"
"CYY137";"510.766";"5.427.724";"2.345";"Temperatur";"Besigheim (CYY137)";"Neckar";"2008";"05.10.2008";"13";"°C"
"CYY137";"510.766";"5.427.724";"2.345";"Temperatur";"Besigheim (CYY137)";"Neckar";"2008";"06.10.2008";"12,9";"°C"
"CYY137";"510.766";"5.427.724";"2.345";"Temperatur";"Besigheim (CYY137)";"Neckar";"2008";"07.10.2008";"13,1";"°C"
"CYY137";"510.766";"5.427.724";"2.345";"Temperatur";"Besigheim (CYY137)";"Neckar";"2008";"08.10.2008";"13,3";"°C"
"CYY137";"510.766";"5.427.724";"2.345";"Temperatur";"Besigheim (CYY137)";"Neckar";"2008";"09.10.2008";"13,4";"°C"
"CYY137";"510.766";"5.427.724";"2.345";"Temperatur";"Besigheim (CYY137)";"Neckar";"2008";"10.10.2008";"13,8";"°C"
"CYY137";"510.766";"5.427.724";"2.345";"Temperatur";"Besigheim (CYY137)";"Neckar";"2008";"11.10.2008";"13,9";"°C"
"CYY137";"510.766";"5.427.724";"2.345";"Temperatur";"Besigheim (CYY137)";"Neckar";"2008";"12.10.2008";"14,1";"°C"
"CYY137";"510.766";"5.427.724";"2.345";"Temperatur";"Besigheim (CYY137)";"Neckar";"2008";"13.10.2008";"14";"°C"
"CYY137";"510.766";"5.427.724";"2.345";"Temperatur";"Besigheim (CYY137)";"Neckar";"2008";"14.10.2008";"14,1";"°C"
"CYY137";"510.766";"5.427.724";"2.345";"Temperatur";"Besigheim (CYY137)";"Neckar";"2008";"15.10.2008";"14,2";"°C"
"CYY137";"510.766";"5.427.724";"2.345";"Temperatur";"Besigheim (CYY137)";"Neckar";"2008";"16.10.2008";"14,1";"°C"
"CYY137";"510.766";"5.427.724";"2.345";"Temperatur";"Besigheim (CYY137)";"Neckar";"2008";"17.10.2008";"14,1";"°C"
"CYY137";"510.766";"5.427.724";"2.345";"Temperatur";"Besigheim (CYY137)";"Neckar";"2008";"18.10.2008";"13,9";"°C"
"CYY137";"510.766";"5.427.724";"2.345";"Temperatur";"Besigheim (CYY137)";"Neckar";"2008";"19.10.2008";"13,4";"°C"
"CYY137";"510.766";"5.427.724";"2.345";"Temperatur";"Besigheim (CYY137)";"Neckar";"2008";"20.10.2008";"12,9";"°C"
"CYY137";"510.766";"5.427.724";"2.345";"Temperatur";"Besigheim (CYY137)";"Neckar";"2008";"21.10.2008";"12,7";"°C"
"CYY137";"510.766";"5.427.724";"2.345";"Temperatur";"Besigheim (CYY137)";"Neckar";"2008";"22.10.2008";"12,6";"°C"
"CYY137";"510.766";"5.427.724";"2.345";"Temperatur";"Besigheim (CYY137)";"Neckar";"2008";"23.10.2008";"12,5";"°C"
"CYY137";"510.766";"5.427.724";"2.345";"Temperatur";"Besigheim (CYY137)";"Neckar";"2008";"24.10.2008";"12,1";"°C"
"CYY137";"510.766";"5.427.724";"2.345";"Temperatur";"Besigheim (CYY137)";"Neckar";"2008";"25.10.2008";"11,2";"°C"
"CYY137";"510.766";"5.427.724";"2.345";"Temperatur";"Besigheim (CYY137)";"Neckar";"2008";"26.10.2008";"11";"°C"
"CYY137";"510.766";"5.427.724";"2.345";"Temperatur";"Besigheim (CYY137)";"Neckar";"2008";"27.10.2008";"11";"°C"
"CYY137";"510.766";"5.427.724";"2.345";"Temperatur";"Besigheim (CYY137)";"Neckar";"2008";"28.10.2008";"10,9";"°C"
"CYY137";"510.766";"5.427.724";"2.345";"Temperatur";"Besigheim (CYY137)";"Neckar";"2008";"29.10.2008";"10,6";"°C"
"CYY137";"510.766";"5.427.724";"2.345";"Temperatur";"Besigheim (CYY137)";"Neckar";"2008";"30.10.2008";"9,8";"°C"
"CYY137";"510.766";"5.427.724";"2.345";"Temperatur";"Besigheim (CYY137)";"Neckar";"2008";"31.10.2008";"8,8";"°C"
"CYY137";"510.766";"5.427.724";"2.345";"Temperatur";"Besigheim (CYY137)";"Neckar";"2008";"01.11.2008";"8,4";"°C"
"CYY137";"510.766";"5.427.724";"2.345";"Temperatur";"Besigheim (CYY137)";"Neckar";"2008";"02.11.2008";"8,3";"°C"
"CYY137";"510.766";"5.427.724";"2.345";"Temperatur";"Besigheim (CYY137)";"Neckar";"2008";"03.11.2008";"8,5";"°C"
"CYY137";"510.766";"5.427.724";"2.345";"Temperatur";"Besigheim (CYY137)";"Neckar";"2008";"04.11.2008";"8,8";"°C"
"CYY137";"510.766";"5.427.724";"2.345";"Temperatur";"Besigheim (CYY137)";"Neckar";"2008";"05.11.2008";"9,1";"°C"
"CYY137";"510.766";"5.427.724";"2.345";"Temperatur";"Besigheim (CYY137)";"Neckar";"2008";"06.11.2008";"9,6";"°C"
"CYY137";"510.766";"5.427.724";"2.345";"Temperatur";"Besigheim (CYY137)";"Neckar";"2008";"07.11.2008";"9,9";"°C"
"CYY137";"510.766";"5.427.724";"2.345";"Temperatur";"Besigheim (CYY137)";"Neckar";"2008";"08.11.2008";"10";"°C"
"CYY137";"510.766";"5.427.724";"2.345";"Temperatur";"Besigheim (CYY137)";"Neckar";"2008";"09.11.2008";"10";"°C"
"CYY137";"510.766";"5.427.724";"2.345";"Temperatur";"Besigheim (CYY137)";"Neckar";"2008";"10.11.2008";"10,1";"°C"
"CYY137";"510.766";"5.427.724";"2.345";"Temperatur";"Besigheim (CYY137)";"Neckar";"2008";"11.11.2008";"10,1";"°C"
"CYY137";"510.766";"5.427.724";"2.345";"Temperatur";"Besigheim (CYY137)";"Neckar";"2008";"12.11.2008";"9,9";"°C"
"CYY137";"510.766";"5.427.724";"2.345";"Temperatur";"Besigheim (CYY137)";"Neckar";"2008";"13.11.2008";"9,8";"°C"
"CYY137";"510.766";"5.427.724";"2.345";"Temperatur";"Besigheim (CYY137)";"Neckar";"2008";"14.11.2008";"9,6";"°C"
"CYY137";"510.766";"5.427.724";"2.345";"Temperatur";"Besigheim (CYY137)";"Neckar";"2008";"15.11.2008";"9,2";"°C"
"CYY137";"510.766";"5.427.724";"2.345";"Temperatur";"Besigheim (CYY137)";"Neckar";"2008";"16.11.2008";"9,2";"°C"
"CYY137";"510.766";"5.427.724";"2.345";"Temperatur";"Besigheim (CYY137)";"Neckar";"2008";"17.11.2008";"9,1";"°C"
"CYY137";"510.766";"5.427.724";"2.345";"Temperatur";"Besigheim (CYY137)";"Neckar";"2008";"18.11.2008";"8,9";"°C"
"CYY137";"510.766";"5.427.724";"2.345";"Temperatur";"Besigheim (CYY137)";"Neckar";"2008";"19.11.2008";"8,9";"°C"
"CYY137";"510.766";"5.427.724";"2.345";"Temperatur";"Besigheim (CYY137)";"Neckar";"2008";"20.11.2008";"8,8";"°C"
"CYY137";"510.766";"5.427.724";"2.345";"Temperatur";"Besigheim (CYY137)";"Neckar";"2008";"21.11.2008";"8,6";"°C"
"CYY137";"510.766";"5.427.724";"2.345";"Temperatur";"Besigheim (CYY137)";"Neckar";"2008";"22.11.2008";"7,7";"°C"
"CYY137";"510.766";"5.427.724";"2.345";"Temperatur";"Besigheim (CYY137)";"Neckar";"2008";"23.11.2008";"6,8";"°C"
"CYY137";"510.766";"5.427.724";"2.345";"Temperatur";"Besigheim (CYY137)";"Neckar";"2008";"24.11.2008";"6,3";"°C"
"CYY137";"510.766";"5.427.724";"2.345";"Temperatur";"Besigheim (CYY137)";"Neckar";"2008";"25.11.2008";"5,9";"°C"
"CYY137";"510.766";"5.427.724";"2.345";"Temperatur";"Besigheim (CYY137)";"Neckar";"2008";"26.11.2008";"5,9";"°C"
"CYY137";"510.766";"5.427.724";"2.345";"Temperatur";"Besigheim (CYY137)";"Neckar";"2008";"27.11.2008";"5,7";"°C"
"CYY137";"510.766";"5.427.724";"2.345";"Temperatur";"Besigheim (CYY137)";"Neckar";"2008";"28.11.2008";"5,3";"°C"
"CYY137";"510.766";"5.427.724";"2.345";"Temperatur";"Besigheim (CYY137)";"Neckar";"2008";"29.11.2008";"5,1";"°C"
"CYY137";"510.766";"5.427.724";"2.345";"Temperatur";"Besigheim (CYY137)";"Neckar";"2008";"30.11.2008";"5";"°C"
"CYY137";"510.766";"5.427.724";"2.345";"Temperatur";"Besigheim (CYY137)";"Neckar";"2008";"01.12.2008";"4,8";"°C"
"CYY137";"510.766";"5.427.724";"2.345";"Temperatur";"Besigheim (CYY137)";"Neckar";"2008";"02.12.2008";"4,8";"°C"
"CYY137";"510.766";"5.427.724";"2.345";"Temperatur";"Besigheim (CYY137)";"Neckar";"2008";"03.12.2008";"4,7";"°C"
"CYY137";"510.766";"5.427.724";"2.345";"Temperatur";"Besigheim (CYY137)";"Neckar";"2008";"04.12.2008";"4,8";"°C"
"CYY137";"510.766";"5.427.724";"2.345";"Temperatur";"Besigheim (CYY137)";"Neckar";"2008";"05.12.2008";"4,9";"°C"
"CYY137";"510.766";"5.427.724";"2.345";"Temperatur";"Besigheim (CYY137)";"Neckar";"2008";"06.12.2008";"5,4";"°C"
"CYY137";"510.766";"5.427.724";"2.345";"Temperatur";"Besigheim (CYY137)";"Neckar";"2008";"07.12.2008";"5,7";"°C"
"CYY137";"510.766";"5.427.724";"2.345";"Temperatur";"Besigheim (CYY137)";"Neckar";"2008";"08.12.2008";"5,9";"°C"
"CYY137";"510.766";"5.427.724";"2.345";"Temperatur";"Besigheim (CYY137)";"Neckar";"2008";"09.12.2008";"5,8";"°C"
"CYY137";"510.766";"5.427.724";"2.345";"Temperatur";"Besigheim (CYY137)";"Neckar";"2008";"10.12.2008";"5,8";"°C"
"CYY137";"510.766";"5.427.724";"2.345";"Temperatur";"Besigheim (CYY137)";"Neckar";"2008";"11.12.2008";"5,6";"°C"
"CYY137";"510.766";"5.427.724";"2.345";"Temperatur";"Besigheim (CYY137)";"Neckar";"2008";"12.12.2008";"5,7";"°C"
"CYY137";"510.766";"5.427.724";"2.345";"Temperatur";"Besigheim (CYY137)";"Neckar";"2008";"13.12.2008";"5,3";"°C"
"CYY137";"510.766";"5.427.724";"2.345";"Temperatur";"Besigheim (CYY137)";"Neckar";"2008";"14.12.2008";"4,9";"°C"
"CYY137";"510.766";"5.427.724";"2.345";"Temperatur";"Besigheim (CYY137)";"Neckar";"2008";"15.12.2008";"4,6";"°C"
"CYY137";"510.766";"5.427.724";"2.345";"Temperatur";"Besigheim (CYY137)";"Neckar";"2008";"16.12.2008";"4,5";"°C"
"CYY137";"510.766";"5.427.724";"2.345";"Temperatur";"Besigheim (CYY137)";"Neckar";"2008";"17.12.2008";"4,5";"°C"
"CYY137";"510.766";"5.427.724";"2.345";"Temperatur";"Besigheim (CYY137)";"Neckar";"2008";"18.12.2008";"4,4";"°C"
"CYY137";"510.766";"5.427.724";"2.345";"Temperatur";"Besigheim (CYY137)";"Neckar";"2008";"19.12.2008";"4,5";"°C"
"CYY137";"510.766";"5.427.724";"2.345";"Temperatur";"Besigheim (CYY137)";"Neckar";"2008";"20.12.2008";"4,8";"°C"
"CYY137";"510.766";"5.427.724";"2.345";"Temperatur";"Besigheim (CYY137)";"Neckar";"2008";"21.12.2008";"5,5";"°C"
"CYY137";"510.766";"5.427.724";"2.345";"Temperatur";"Besigheim (CYY137)";"Neckar";"2008";"22.12.2008";"6,6";"°C"
"CYY137";"510.766";"5.427.724";"2.345";"Temperatur";"Besigheim (CYY137)";"Neckar";"2008";"23.12.2008";"7,1";"°C"
"CYY137";"510.766";"5.427.724";"2.345";"Temperatur";"Besigheim (CYY137)";"Neckar";"2008";"24.12.2008";"7,1";"°C"
"CYY137";"510.766";"5.427.724";"2.345";"Temperatur";"Besigheim (CYY137)";"Neckar";"2008";"25.12.2008";"6,9";"°C"
"CYY137";"510.766";"5.427.724";"2.345";"Temperatur";"Besigheim (CYY137)";"Neckar";"2008";"26.12.2008";"6,1";"°C"
"CYY137";"510.766";"5.427.724";"2.345";"Temperatur";"Besigheim (CYY137)";"Neckar";"2008";"27.12.2008";"5,3";"°C"
"CYY137";"510.766";"5.427.724";"2.345";"Temperatur";"Besigheim (CYY137)";"Neckar";"2008";"28.12.2008";"4,8";"°C"
"CYY137";"510.766";"5.427.724";"2.345";"Temperatur";"Besigheim (CYY137)";"Neckar";"2008";"29.12.2008";"4";"°C"
"CYY137";"510.766";"5.427.724";"2.345";"Temperatur";"Besigheim (CYY137)";"Neckar";"2008";"30.12.2008";"3,3";"°C"
"CYY137";"510.766";"5.427.724";"2.345";"Temperatur";"Besigheim (CYY137)";"Neckar";"2008";"31.12.2008";"2,9";"°C"
"CYY137";"510.766";"5.427.724";"2.345";"Temperatur";"Besigheim (CYY137)";"Neckar";"2009";"01.01.2009";"2,7";"°C"
"CYY137";"510.766";"5.427.724";"2.345";"Temperatur";"Besigheim (CYY137)";"Neckar";"2009";"02.01.2009";"2,6";"°C"
"CYY137";"510.766";"5.427.724";"2.345";"Temperatur";"Besigheim (CYY137)";"Neckar";"2009";"03.01.2009";"2,3";"°C"
"CYY137";"510.766";"5.427.724";"2.345";"Temperatur";"Besigheim (CYY137)";"Neckar";"2009";"04.01.2009";"2,1";"°C"
"CYY137";"510.766";"5.427.724";"2.345";"Temperatur";"Besigheim (CYY137)";"Neckar";"2009";"05.01.2009";"2,1";"°C"
"CYY137";"510.766";"5.427.724";"2.345";"Temperatur";"Besigheim (CYY137)";"Neckar";"2009";"06.01.2009";"2,1";"°C"
"CYY137";"510.766";"5.427.724";"2.345";"Temperatur";"Besigheim (CYY137)";"Neckar";"2009";"07.01.2009";"2,2";"°C"
"CYY137";"510.766";"5.427.724";"2.345";"Temperatur";"Besigheim (CYY137)";"Neckar";"2009";"08.01.2009";"2";"°C"
"CYY137";"510.766";"5.427.724";"2.345";"Temperatur";"Besigheim (CYY137)";"Neckar";"2009";"09.01.2009";"1,5";"°C"
"CYY137";"510.766";"5.427.724";"2.345";"Temperatur";"Besigheim (CYY137)";"Neckar";"2009";"10.01.2009";"1";"°C"
"CYY137";"510.766";"5.427.724";"2.345";"Temperatur";"Besigheim (CYY137)";"Neckar";"2009";"11.01.2009";"0,7";"°C"
"CYY137";"510.766";"5.427.724";"2.345";"Temperatur";"Besigheim (CYY137)";"Neckar";"2009";"12.01.2009";"0,5";"°C"
"CYY137";"510.766";"5.427.724";"2.345";"Temperatur";"Besigheim (CYY137)";"Neckar";"2009";"13.01.2009";"0,4";"°C"
"CYY137";"510.766";"5.427.724";"2.345";"Temperatur";"Besigheim (CYY137)";"Neckar";"2009";"14.01.2009";"0,3";"°C"
"CYY137";"510.766";"5.427.724";"2.345";"Temperatur";"Besigheim (CYY137)";"Neckar";"2009";"15.01.2009";"0,5";"°C"
"CYY137";"510.766";"5.427.724";"2.345";"Temperatur";"Besigheim (CYY137)";"Neckar";"2009";"16.01.2009";"0,8";"°C"
"CYY137";"510.766";"5.427.724";"2.345";"Temperatur";"Besigheim (CYY137)";"Neckar";"2009";"17.01.2009";"1,1";"°C"
"CYY137";"510.766";"5.427.724";"2.345";"Temperatur";"Besigheim (CYY137)";"Neckar";"2009";"18.01.2009";"1,4";"°C"
"CYY137";"510.766";"5.427.724";"2.345";"Temperatur";"Besigheim (CYY137)";"Neckar";"2009";"19.01.2009";"1,8";"°C"
"CYY137";"510.766";"5.427.724";"2.345";"Temperatur";"Besigheim (CYY137)";"Neckar";"2009";"20.01.2009";"2,3";"°C"
"CYY137";"510.766";"5.427.724";"2.345";"Temperatur";"Besigheim (CYY137)";"Neckar";"2009";"21.01.2009";"2,6";"°C"
"CYY137";"510.766";"5.427.724";"2.345";"Temperatur";"Besigheim (CYY137)";"Neckar";"2009";"22.01.2009";"2,8";"°C"
"CYY137";"510.766";"5.427.724";"2.345";"Temperatur";"Besigheim (CYY137)";"Neckar";"2009";"23.01.2009";"3,3";"°C"
"CYY137";"510.766";"5.427.724";"2.345";"Temperatur";"Besigheim (CYY137)";"Neckar";"2009";"24.01.2009";"4,1";"°C"
"CYY137";"510.766";"5.427.724";"2.345";"Temperatur";"Besigheim (CYY137)";"Neckar";"2009";"25.01.2009";"4";"°C"
"CYY137";"510.766";"5.427.724";"2.345";"Temperatur";"Besigheim (CYY137)";"Neckar";"2009";"26.01.2009";"3,9";"°C"
"CYY137";"510.766";"5.427.724";"2.345";"Temperatur";"Besigheim (CYY137)";"Neckar";"2009";"27.01.2009";"3,6";"°C"
"CYY137";"510.766";"5.427.724";"2.345";"Temperatur";"Besigheim (CYY137)";"Neckar";"2009";"28.01.2009";"3,6";"°C"
"CYY137";"510.766";"5.427.724";"2.345";"Temperatur";"Besigheim (CYY137)";"Neckar";"2009";"29.01.2009";"3,5";"°C"
"CYY137";"510.766";"5.427.724";"2.345";"Temperatur";"Besigheim (CYY137)";"Neckar";"2009";"30.01.2009";"3,4";"°C"
"CYY137";"510.766";"5.427.724";"2.345";"Temperatur";"Besigheim (CYY137)";"Neckar";"2009";"31.01.2009";"3,2";"°C"
"CYY137";"510.766";"5.427.724";"2.345";"Temperatur";"Besigheim (CYY137)";"Neckar";"2009";"01.02.2009";"3,1";"°C"
"CYY137";"510.766";"5.427.724";"2.345";"Temperatur";"Besigheim (CYY137)";"Neckar";"2009";"02.02.2009";"3";"°C"
"CYY137";"510.766";"5.427.724";"2.345";"Temperatur";"Besigheim (CYY137)";"Neckar";"2009";"03.02.2009";"3,1";"°C"
"CYY137";"510.766";"5.427.724";"2.345";"Temperatur";"Besigheim (CYY137)";"Neckar";"2009";"04.02.2009";"3,2";"°C"
"CYY137";"510.766";"5.427.724";"2.345";"Temperatur";"Besigheim (CYY137)";"Neckar";"2009";"05.02.2009";"3,2";"°C"
"CYY137";"510.766";"5.427.724";"2.345";"Temperatur";"Besigheim (CYY137)";"Neckar";"2009";"06.02.2009";"3,4";"°C"
"CYY137";"510.766";"5.427.724";"2.345";"Temperatur";"Besigheim (CYY137)";"Neckar";"2009";"07.02.2009";"3,6";"°C"
"CYY137";"510.766";"5.427.724";"2.345";"Temperatur";"Besigheim (CYY137)";"Neckar";"2009";"08.02.2009";"3,9";"°C"
"CYY137";"510.766";"5.427.724";"2.345";"Temperatur";"Besigheim (CYY137)";"Neckar";"2009";"09.02.2009";"4";"°C"
"CYY137";"510.766";"5.427.724";"2.345";"Temperatur";"Besigheim (CYY137)";"Neckar";"2009";"10.02.2009";"4,3";"°C"
"CYY137";"510.766";"5.427.724";"2.345";"Temperatur";"Besigheim (CYY137)";"Neckar";"2009";"11.02.2009";"4,7";"°C"
"CYY137";"510.766";"5.427.724";"2.345";"Temperatur";"Besigheim (CYY137)";"Neckar";"2009";"12.02.2009";"4,6";"°C"
"CYY137";"510.766";"5.427.724";"2.345";"Temperatur";"Besigheim (CYY137)";"Neckar";"2009";"13.02.2009";"4,6";"°C"
"CYY137";"510.766";"5.427.724";"2.345";"Temperatur";"Besigheim (CYY137)";"Neckar";"2009";"14.02.2009";"4,6";"°C"
"CYY137";"510.766";"5.427.724";"2.345";"Temperatur";"Besigheim (CYY137)";"Neckar";"2009";"15.02.2009";"4,3";"°C"
"CYY137";"510.766";"5.427.724";"2.345";"Temperatur";"Besigheim (CYY137)";"Neckar";"2009";"16.02.2009";"4,2";"°C"
"CYY137";"510.766";"5.427.724";"2.345";"Temperatur";"Besigheim (CYY137)";"Neckar";"2009";"17.02.2009";"4";"°C"
"CYY137";"510.766";"5.427.724";"2.345";"Temperatur";"Besigheim (CYY137)";"Neckar";"2009";"18.02.2009";"3,8";"°C"
"CYY137";"510.766";"5.427.724";"2.345";"Temperatur";"Besigheim (CYY137)";"Neckar";"2009";"19.02.2009";"3,6";"°C"
"CYY137";"510.766";"5.427.724";"2.345";"Temperatur";"Besigheim (CYY137)";"Neckar";"2009";"20.02.2009";"3,1";"°C"
"CYY137";"510.766";"5.427.724";"2.345";"Temperatur";"Besigheim (CYY137)";"Neckar";"2009";"21.02.2009";"3,1";"°C"
"CYY137";"510.766";"5.427.724";"2.345";"Temperatur";"Besigheim (CYY137)";"Neckar";"2009";"22.02.2009";"3,4";"°C"
"CYY137";"510.766";"5.427.724";"2.345";"Temperatur";"Besigheim (CYY137)";"Neckar";"2009";"23.02.2009";"3,8";"°C"
"CYY137";"510.766";"5.427.724";"2.345";"Temperatur";"Besigheim (CYY137)";"Neckar";"2009";"24.02.2009";"4,1";"°C"
"CYY137";"510.766";"5.427.724";"2.345";"Temperatur";"Besigheim (CYY137)";"Neckar";"2009";"25.02.2009";"4,3";"°C"
"CYY137";"510.766";"5.427.724";"2.345";"Temperatur";"Besigheim (CYY137)";"Neckar";"2009";"26.02.2009";"4,5";"°C"
"CYY137";"510.766";"5.427.724";"2.345";"Temperatur";"Besigheim (CYY137)";"Neckar";"2009";"27.02.2009";"4,8";"°C"
"CYY137";"510.766";"5.427.724";"2.345";"Temperatur";"Besigheim (CYY137)";"Neckar";"2009";"28.02.2009";"5,2";"°C"
"CYY137";"510.766";"5.427.724";"2.345";"Temperatur";"Besigheim (CYY137)";"Neckar";"2009";"01.03.2009";"5,7";"°C"
"CYY137";"510.766";"5.427.724";"2.345";"Temperatur";"Besigheim (CYY137)";"Neckar";"2009";"02.03.2009";"6,1";"°C"
"CYY137";"510.766";"5.427.724";"2.345";"Temperatur";"Besigheim (CYY137)";"Neckar";"2009";"03.03.2009";"6,5";"°C"
"CYY137";"510.766";"5.427.724";"2.345";"Temperatur";"Besigheim (CYY137)";"Neckar";"2009";"04.03.2009";"6,6";"°C"
"CYY137";"510.766";"5.427.724";"2.345";"Temperatur";"Besigheim (CYY137)";"Neckar";"2009";"05.03.2009";"6,6";"°C"
"CYY137";"510.766";"5.427.724";"2.345";"Temperatur";"Besigheim (CYY137)";"Neckar";"2009";"06.03.2009";"6,1";"°C"
"CYY137";"510.766";"5.427.724";"2.345";"Temperatur";"Besigheim (CYY137)";"Neckar";"2009";"07.03.2009";"5,4";"°C"
"CYY137";"510.766";"5.427.724";"2.345";"Temperatur";"Besigheim (CYY137)";"Neckar";"2009";"08.03.2009";"5,1";"°C"
"CYY137";"510.766";"5.427.724";"2.345";"Temperatur";"Besigheim (CYY137)";"Neckar";"2009";"09.03.2009";"5,6";"°C"
"CYY137";"510.766";"5.427.724";"2.345";"Temperatur";"Besigheim (CYY137)";"Neckar";"2009";"10.03.2009";"5,7";"°C"
"CYY137";"510.766";"5.427.724";"2.345";"Temperatur";"Besigheim (CYY137)";"Neckar";"2009";"11.03.2009";"5,7";"°C"
"CYY137";"510.766";"5.427.724";"2.345";"Temperatur";"Besigheim (CYY137)";"Neckar";"2009";"12.03.2009";"5,7";"°C"
"CYY137";"510.766";"5.427.724";"2.345";"Temperatur";"Besigheim (CYY137)";"Neckar";"2009";"13.03.2009";"6,2";"°C"
"CYY137";"510.766";"5.427.724";"2.345";"Temperatur";"Besigheim (CYY137)";"Neckar";"2009";"14.03.2009";"6,6";"°C"
"CYY137";"510.766";"5.427.724";"2.345";"Temperatur";"Besigheim (CYY137)";"Neckar";"2009";"15.03.2009";"7,2";"°C"
"CYY137";"510.766";"5.427.724";"2.345";"Temperatur";"Besigheim (CYY137)";"Neckar";"2009";"16.03.2009";"7,5";"°C"
"CYY137";"510.766";"5.427.724";"2.345";"Temperatur";"Besigheim (CYY137)";"Neckar";"2009";"17.03.2009";"7,6";"°C"
"CYY137";"510.766";"5.427.724";"2.345";"Temperatur";"Besigheim (CYY137)";"Neckar";"2009";"18.03.2009";"7,9";"°C"
"CYY137";"510.766";"5.427.724";"2.345";"Temperatur";"Besigheim (CYY137)";"Neckar";"2009";"19.03.2009";"7,7";"°C"
"CYY137";"510.766";"5.427.724";"2.345";"Temperatur";"Besigheim (CYY137)";"Neckar";"2009";"20.03.2009";"7,3";"°C"
"CYY137";"510.766";"5.427.724";"2.345";"Temperatur";"Besigheim (CYY137)";"Neckar";"2009";"21.03.2009";"7";"°C"
"CYY137";"510.766";"5.427.724";"2.345";"Temperatur";"Besigheim (CYY137)";"Neckar";"2009";"22.03.2009";"6,9";"°C"
"CYY137";"510.766";"5.427.724";"2.345";"Temperatur";"Besigheim (CYY137)";"Neckar";"2009";"23.03.2009";"6,9";"°C"
"CYY137";"510.766";"5.427.724";"2.345";"Temperatur";"Besigheim (CYY137)";"Neckar";"2009";"24.03.2009";"6,9";"°C"
"CYY137";"510.766";"5.427.724";"2.345";"Temperatur";"Besigheim (CYY137)";"Neckar";"2009";"25.03.2009";"6,9";"°C"
"CYY137";"510.766";"5.427.724";"2.345";"Temperatur";"Besigheim (CYY137)";"Neckar";"2009";"26.03.2009";"6,8";"°C"
"CYY137";"510.766";"5.427.724";"2.345";"Temperatur";"Besigheim (CYY137)";"Neckar";"2009";"27.03.2009";"6,8";"°C"
"CYY137";"510.766";"5.427.724";"2.345";"Temperatur";"Besigheim (CYY137)";"Neckar";"2009";"28.03.2009";"7";"°C"
"CYY137";"510.766";"5.427.724";"2.345";"Temperatur";"Besigheim (CYY137)";"Neckar";"2009";"29.03.2009";"7,4";"°C"
"CYY137";"510.766";"5.427.724";"2.345";"Temperatur";"Besigheim (CYY137)";"Neckar";"2009";"30.03.2009";"7,4";"°C"
"CYY137";"510.766";"5.427.724";"2.345";"Temperatur";"Besigheim (CYY137)";"Neckar";"2009";"31.03.2009";"7,6";"°C"
"CYY137";"510.766";"5.427.724";"2.345";"Temperatur";"Besigheim (CYY137)";"Neckar";"2009";"01.04.2009";"7,9";"°C"
"CYY137";"510.766";"5.427.724";"2.345";"Temperatur";"Besigheim (CYY137)";"Neckar";"2009";"02.04.2009";"8,5";"°C"
"CYY137";"510.766";"5.427.724";"2.345";"Temperatur";"Besigheim (CYY137)";"Neckar";"2009";"03.04.2009";"9,3";"°C"
"CYY137";"510.766";"5.427.724";"2.345";"Temperatur";"Besigheim (CYY137)";"Neckar";"2009";"04.04.2009";"10,1";"°C"
"CYY137";"510.766";"5.427.724";"2.345";"Temperatur";"Besigheim (CYY137)";"Neckar";"2009";"05.04.2009";"10,9";"°C"
"CYY137";"510.766";"5.427.724";"2.345";"Temperatur";"Besigheim (CYY137)";"Neckar";"2009";"06.04.2009";"11,4";"°C"
"CYY137";"510.766";"5.427.724";"2.345";"Temperatur";"Besigheim (CYY137)";"Neckar";"2009";"07.04.2009";"11,9";"°C"
"CYY137";"510.766";"5.427.724";"2.345";"Temperatur";"Besigheim (CYY137)";"Neckar";"2009";"08.04.2009";"12,2";"°C"
"CYY137";"510.766";"5.427.724";"2.345";"Temperatur";"Besigheim (CYY137)";"Neckar";"2009";"09.04.2009";"12,7";"°C"
"CYY137";"510.766";"5.427.724";"2.345";"Temperatur";"Besigheim (CYY137)";"Neckar";"2009";"10.04.2009";"13,2";"°C"
"CYY137";"510.766";"5.427.724";"2.345";"Temperatur";"Besigheim (CYY137)";"Neckar";"2009";"11.04.2009";"13,6";"°C"
"CYY137";"510.766";"5.427.724";"2.345";"Temperatur";"Besigheim (CYY137)";"Neckar";"2009";"12.04.2009";"13,8";"°C"
"CYY137";"510.766";"5.427.724";"2.345";"Temperatur";"Besigheim (CYY137)";"Neckar";"2009";"13.04.2009";"14,1";"°C"
"CYY137";"510.766";"5.427.724";"2.345";"Temperatur";"Besigheim (CYY137)";"Neckar";"2009";"14.04.2009";"14,4";"°C"
"CYY137";"510.766";"5.427.724";"2.345";"Temperatur";"Besigheim (CYY137)";"Neckar";"2009";"15.04.2009";"14,7";"°C"
"CYY137";"510.766";"5.427.724";"2.345";"Temperatur";"Besigheim (CYY137)";"Neckar";"2009";"16.04.2009";"14,8";"°C"
"CYY137";"510.766";"5.427.724";"2.345";"Temperatur";"Besigheim (CYY137)";"Neckar";"2009";"17.04.2009";"14,3";"°C"
"CYY137";"510.766";"5.427.724";"2.345";"Temperatur";"Besigheim (CYY137)";"Neckar";"2009";"18.04.2009";"13,5";"°C"
"CYY137";"510.766";"5.427.724";"2.345";"Temperatur";"Besigheim (CYY137)";"Neckar";"2009";"19.04.2009";"12,5";"°C"
"CYY137";"510.766";"5.427.724";"2.345";"Temperatur";"Besigheim (CYY137)";"Neckar";"2009";"20.04.2009";"12,8";"°C"
"CYY137";"510.766";"5.427.724";"2.345";"Temperatur";"Besigheim (CYY137)";"Neckar";"2009";"21.04.2009";"13,3";"°C"
"CYY137";"510.766";"5.427.724";"2.345";"Temperatur";"Besigheim (CYY137)";"Neckar";"2009";"22.04.2009";"13,7";"°C"
"CYY137";"510.766";"5.427.724";"2.345";"Temperatur";"Besigheim (CYY137)";"Neckar";"2009";"23.04.2009";"13,6";"°C"
"CYY137";"510.766";"5.427.724";"2.345";"Temperatur";"Besigheim (CYY137)";"Neckar";"2009";"24.04.2009";"13,5";"°C"
"CYY137";"510.766";"5.427.724";"2.345";"Temperatur";"Besigheim (CYY137)";"Neckar";"2009";"25.04.2009";"14";"°C"
"CYY137";"510.766";"5.427.724";"2.345";"Temperatur";"Besigheim (CYY137)";"Neckar";"2009";"26.04.2009";"14,3";"°C"
"CYY137";"510.766";"5.427.724";"2.345";"Temperatur";"Besigheim (CYY137)";"Neckar";"2009";"27.04.2009";"14,6";"°C"
"CYY137";"510.766";"5.427.724";"2.345";"Temperatur";"Besigheim (CYY137)";"Neckar";"2009";"28.04.2009";"14,5";"°C"
"CYY137";"510.766";"5.427.724";"2.345";"Temperatur";"Besigheim (CYY137)";"Neckar";"2009";"29.04.2009";"14,1";"°C"
"CYY137";"510.766";"5.427.724";"2.345";"Temperatur";"Besigheim (CYY137)";"Neckar";"2009";"30.04.2009";"13,9";"°C"
"CYY137";"510.766";"5.427.724";"2.345";"Temperatur";"Besigheim (CYY137)";"Neckar";"2009";"01.05.2009";"14";"°C"
"CYY137";"510.766";"5.427.724";"2.345";"Temperatur";"Besigheim (CYY137)";"Neckar";"2009";"02.05.2009";"14,4";"°C"
"CYY137";"510.766";"5.427.724";"2.345";"Temperatur";"Besigheim (CYY137)";"Neckar";"2009";"03.05.2009";"14,7";"°C"
"CYY137";"510.766";"5.427.724";"2.345";"Temperatur";"Besigheim (CYY137)";"Neckar";"2009";"04.05.2009";"14,9";"°C"
"CYY137";"510.766";"5.427.724";"2.345";"Temperatur";"Besigheim (CYY137)";"Neckar";"2009";"05.05.2009";"14,7";"°C"
"CYY137";"510.766";"5.427.724";"2.345";"Temperatur";"Besigheim (CYY137)";"Neckar";"2009";"06.05.2009";"14,7";"°C"
"CYY137";"510.766";"5.427.724";"2.345";"Temperatur";"Besigheim (CYY137)";"Neckar";"2009";"07.05.2009";"15,1";"°C"
"CYY137";"510.766";"5.427.724";"2.345";"Temperatur";"Besigheim (CYY137)";"Neckar";"2009";"08.05.2009";"15,6";"°C"
"CYY137";"510.766";"5.427.724";"2.345";"Temperatur";"Besigheim (CYY137)";"Neckar";"2009";"09.05.2009";"16,2";"°C"
"CYY137";"510.766";"5.427.724";"2.345";"Temperatur";"Besigheim (CYY137)";"Neckar";"2009";"10.05.2009";"16,7";"°C"
"CYY137";"510.766";"5.427.724";"2.345";"Temperatur";"Besigheim (CYY137)";"Neckar";"2009";"11.05.2009";"16,7";"°C"
"CYY137";"510.766";"5.427.724";"2.345";"Temperatur";"Besigheim (CYY137)";"Neckar";"2009";"12.05.2009";"16,4";"°C"
"CYY137";"510.766";"5.427.724";"2.345";"Temperatur";"Besigheim (CYY137)";"Neckar";"2009";"13.05.2009";"15,8";"°C"
"CYY137";"510.766";"5.427.724";"2.345";"Temperatur";"Besigheim (CYY137)";"Neckar";"2009";"14.05.2009";"15,2";"°C"
"CYY137";"510.766";"5.427.724";"2.345";"Temperatur";"Besigheim (CYY137)";"Neckar";"2009";"15.05.2009";"15";"°C"
"CYY137";"510.766";"5.427.724";"2.345";"Temperatur";"Besigheim (CYY137)";"Neckar";"2009";"16.05.2009";"14,8";"°C"
"CYY137";"510.766";"5.427.724";"2.345";"Temperatur";"Besigheim (CYY137)";"Neckar";"2009";"17.05.2009";"14,7";"°C"
"CYY137";"510.766";"5.427.724";"2.345";"Temperatur";"Besigheim (CYY137)";"Neckar";"2009";"18.05.2009";"14,9";"°C"
"CYY137";"510.766";"5.427.724";"2.345";"Temperatur";"Besigheim (CYY137)";"Neckar";"2009";"19.05.2009";"15,4";"°C"
"CYY137";"510.766";"5.427.724";"2.345";"Temperatur";"Besigheim (CYY137)";"Neckar";"2009";"20.05.2009";"16,2";"°C"
"CYY137";"510.766";"5.427.724";"2.345";"Temperatur";"Besigheim (CYY137)";"Neckar";"2009";"21.05.2009";"16,6";"°C"
"CYY137";"510.766";"5.427.724";"2.345";"Temperatur";"Besigheim (CYY137)";"Neckar";"2009";"22.05.2009";"16,6";"°C"
"CYY137";"510.766";"5.427.724";"2.345";"Temperatur";"Besigheim (CYY137)";"Neckar";"2009";"23.05.2009";"17,2";"°C"
"CYY137";"510.766";"5.427.724";"2.345";"Temperatur";"Besigheim (CYY137)";"Neckar";"2009";"24.05.2009";"17,4";"°C"
"CYY137";"510.766";"5.427.724";"2.345";"Temperatur";"Besigheim (CYY137)";"Neckar";"2009";"25.05.2009";"18";"°C"
"CYY137";"510.766";"5.427.724";"2.345";"Temperatur";"Besigheim (CYY137)";"Neckar";"2009";"26.05.2009";"18,3";"°C"
"CYY137";"510.766";"5.427.724";"2.345";"Temperatur";"Besigheim (CYY137)";"Neckar";"2009";"27.05.2009";"18";"°C"
"CYY137";"510.766";"5.427.724";"2.345";"Temperatur";"Besigheim (CYY137)";"Neckar";"2009";"28.05.2009";"17,8";"°C"
"CYY137";"510.766";"5.427.724";"2.345";"Temperatur";"Besigheim (CYY137)";"Neckar";"2009";"29.05.2009";"17,5";"°C"
"CYY137";"510.766";"5.427.724";"2.345";"Temperatur";"Besigheim (CYY137)";"Neckar";"2009";"30.05.2009";"17,4";"°C"
"CYY137";"510.766";"5.427.724";"2.345";"Temperatur";"Besigheim (CYY137)";"Neckar";"2009";"31.05.2009";"17,5";"°C"
"CYY137";"510.766";"5.427.724";"2.345";"Temperatur";"Besigheim (CYY137)";"Neckar";"2009";"01.06.2009";"17,3";"°C"
"CYY137";"510.766";"5.427.724";"2.345";"Temperatur";"Besigheim (CYY137)";"Neckar";"2009";"02.06.2009";"17,5";"°C"
"CYY137";"510.766";"5.427.724";"2.345";"Temperatur";"Besigheim (CYY137)";"Neckar";"2009";"03.06.2009";"17,8";"°C"
"CYY137";"510.766";"5.427.724";"2.345";"Temperatur";"Besigheim (CYY137)";"Neckar";"2009";"04.06.2009";"17,8";"°C"
"CYY137";"510.766";"5.427.724";"2.345";"Temperatur";"Besigheim (CYY137)";"Neckar";"2009";"05.06.2009";"17,9";"°C"
"CYY137";"510.766";"5.427.724";"2.345";"Temperatur";"Besigheim (CYY137)";"Neckar";"2009";"06.06.2009";"17,8";"°C"
"CYY137";"510.766";"5.427.724";"2.345";"Temperatur";"Besigheim (CYY137)";"Neckar";"2009";"07.06.2009";"17,5";"°C"
"CYY137";"510.766";"5.427.724";"2.345";"Temperatur";"Besigheim (CYY137)";"Neckar";"2009";"08.06.2009";"17,6";"°C"
"CYY137";"510.766";"5.427.724";"2.345";"Temperatur";"Besigheim (CYY137)";"Neckar";"2009";"09.06.2009";"17,8";"°C"
"CYY137";"510.766";"5.427.724";"2.345";"Temperatur";"Besigheim (CYY137)";"Neckar";"2009";"10.06.2009";"18";"°C"
"CYY137";"510.766";"5.427.724";"2.345";"Temperatur";"Besigheim (CYY137)";"Neckar";"2009";"11.06.2009";"18,2";"°C"
"CYY137";"510.766";"5.427.724";"2.345";"Temperatur";"Besigheim (CYY137)";"Neckar";"2009";"12.06.2009";"18,1";"°C"
"CYY137";"510.766";"5.427.724";"2.345";"Temperatur";"Besigheim (CYY137)";"Neckar";"2009";"13.06.2009";"18,5";"°C"
"CYY137";"510.766";"5.427.724";"2.345";"Temperatur";"Besigheim (CYY137)";"Neckar";"2009";"14.06.2009";"19,1";"°C"
"CYY137";"510.766";"5.427.724";"2.345";"Temperatur";"Besigheim (CYY137)";"Neckar";"2009";"15.06.2009";"19,2";"°C"
"CYY137";"510.766";"5.427.724";"2.345";"Temperatur";"Besigheim (CYY137)";"Neckar";"2009";"16.06.2009";"19,3";"°C"
"CYY137";"510.766";"5.427.724";"2.345";"Temperatur";"Besigheim (CYY137)";"Neckar";"2009";"17.06.2009";"19,7";"°C"
"CYY137";"510.766";"5.427.724";"2.345";"Temperatur";"Besigheim (CYY137)";"Neckar";"2009";"18.06.2009";"19,9";"°C"
"CYY137";"510.766";"5.427.724";"2.345";"Temperatur";"Besigheim (CYY137)";"Neckar";"2009";"19.06.2009";"20,1";"°C"
"CYY137";"510.766";"5.427.724";"2.345";"Temperatur";"Besigheim (CYY137)";"Neckar";"2009";"20.06.2009";"19,9";"°C"
"CYY137";"510.766";"5.427.724";"2.345";"Temperatur";"Besigheim (CYY137)";"Neckar";"2009";"21.06.2009";"19,7";"°C"
"CYY137";"510.766";"5.427.724";"2.345";"Temperatur";"Besigheim (CYY137)";"Neckar";"2009";"22.06.2009";"19,4";"°C"
"CYY137";"510.766";"5.427.724";"2.345";"Temperatur";"Besigheim (CYY137)";"Neckar";"2009";"23.06.2009";"18,7";"°C"
"CYY137";"510.766";"5.427.724";"2.345";"Temperatur";"Besigheim (CYY137)";"Neckar";"2009";"24.06.2009";"18,5";"°C"
"CYY137";"510.766";"5.427.724";"2.345";"Temperatur";"Besigheim (CYY137)";"Neckar";"2009";"25.06.2009";"18,8";"°C"
"CYY137";"510.766";"5.427.724";"2.345";"Temperatur";"Besigheim (CYY137)";"Neckar";"2009";"26.06.2009";"19,3";"°C"
"CYY137";"510.766";"5.427.724";"2.345";"Temperatur";"Besigheim (CYY137)";"Neckar";"2009";"27.06.2009";"18,9";"°C"
"CYY137";"510.766";"5.427.724";"2.345";"Temperatur";"Besigheim (CYY137)";"Neckar";"2009";"28.06.2009";"18";"°C"
"CYY137";"510.766";"5.427.724";"2.345";"Temperatur";"Besigheim (CYY137)";"Neckar";"2009";"29.06.2009";"18,4";"°C"
"CYY137";"510.766";"5.427.724";"2.345";"Temperatur";"Besigheim (CYY137)";"Neckar";"2009";"30.06.2009";"19,1";"°C"
"CYY137";"510.766";"5.427.724";"2.345";"Temperatur";"Besigheim (CYY137)";"Neckar";"2009";"01.07.2009";"19,9";"°C"
"CYY137";"510.766";"5.427.724";"2.345";"Temperatur";"Besigheim (CYY137)";"Neckar";"2009";"02.07.2009";"20,3";"°C"
"CYY137";"510.766";"5.427.724";"2.345";"Temperatur";"Besigheim (CYY137)";"Neckar";"2009";"03.07.2009";"20,8";"°C"
"CYY137";"510.766";"5.427.724";"2.345";"Temperatur";"Besigheim (CYY137)";"Neckar";"2009";"04.07.2009";"20,3";"°C"
"CYY137";"510.766";"5.427.724";"2.345";"Temperatur";"Besigheim (CYY137)";"Neckar";"2009";"05.07.2009";"20,9";"°C"
"CYY137";"510.766";"5.427.724";"2.345";"Temperatur";"Besigheim (CYY137)";"Neckar";"2009";"06.07.2009";"20,8";"°C"
"CYY137";"510.766";"5.427.724";"2.345";"Temperatur";"Besigheim (CYY137)";"Neckar";"2009";"07.07.2009";"20";"°C"
"CYY137";"510.766";"5.427.724";"2.345";"Temperatur";"Besigheim (CYY137)";"Neckar";"2009";"08.07.2009";"19";"°C"
"CYY137";"510.766";"5.427.724";"2.345";"Temperatur";"Besigheim (CYY137)";"Neckar";"2009";"09.07.2009";"18,7";"°C"
"CYY137";"510.766";"5.427.724";"2.345";"Temperatur";"Besigheim (CYY137)";"Neckar";"2009";"10.07.2009";"18,4";"°C"
"CYY137";"510.766";"5.427.724";"2.345";"Temperatur";"Besigheim (CYY137)";"Neckar";"2009";"11.07.2009";"18,2";"°C"
"CYY137";"510.766";"5.427.724";"2.345";"Temperatur";"Besigheim (CYY137)";"Neckar";"2009";"12.07.2009";"18,1";"°C"
"CYY137";"510.766";"5.427.724";"2.345";"Temperatur";"Besigheim (CYY137)";"Neckar";"2009";"13.07.2009";"18,4";"°C"
"CYY137";"510.766";"5.427.724";"2.345";"Temperatur";"Besigheim (CYY137)";"Neckar";"2009";"14.07.2009";"18,7";"°C"
"CYY137";"510.766";"5.427.724";"2.345";"Temperatur";"Besigheim (CYY137)";"Neckar";"2009";"15.07.2009";"18,7";"°C"
"CYY137";"510.766";"5.427.724";"2.345";"Temperatur";"Besigheim (CYY137)";"Neckar";"2009";"16.07.2009";"18,8";"°C"
"CYY137";"510.766";"5.427.724";"2.345";"Temperatur";"Besigheim (CYY137)";"Neckar";"2009";"17.07.2009";"18,9";"°C"
"CYY137";"510.766";"5.427.724";"2.345";"Temperatur";"Besigheim (CYY137)";"Neckar";"2009";"18.07.2009";"17,5";"°C"
"CYY137";"510.766";"5.427.724";"2.345";"Temperatur";"Besigheim (CYY137)";"Neckar";"2009";"19.07.2009";"16,2";"°C"
"CYY137";"510.766";"5.427.724";"2.345";"Temperatur";"Besigheim (CYY137)";"Neckar";"2009";"20.07.2009";"16,2";"°C"
"CYY137";"510.766";"5.427.724";"2.345";"Temperatur";"Besigheim (CYY137)";"Neckar";"2009";"21.07.2009";"16,8";"°C"
"CYY137";"510.766";"5.427.724";"2.345";"Temperatur";"Besigheim (CYY137)";"Neckar";"2009";"22.07.2009";"17,3";"°C"
"CYY137";"510.766";"5.427.724";"2.345";"Temperatur";"Besigheim (CYY137)";"Neckar";"2009";"23.07.2009";"17,8";"°C"
"CYY137";"510.766";"5.427.724";"2.345";"Temperatur";"Besigheim (CYY137)";"Neckar";"2009";"24.07.2009";"18,2";"°C"
"CYY137";"510.766";"5.427.724";"2.345";"Temperatur";"Besigheim (CYY137)";"Neckar";"2009";"25.07.2009";"18,6";"°C"
"CYY137";"510.766";"5.427.724";"2.345";"Temperatur";"Besigheim (CYY137)";"Neckar";"2009";"26.07.2009";"18,9";"°C"
"CYY137";"510.766";"5.427.724";"2.345";"Temperatur";"Besigheim (CYY137)";"Neckar";"2009";"27.07.2009";"19,4";"°C"
"CYY137";"510.766";"5.427.724";"2.345";"Temperatur";"Besigheim (CYY137)";"Neckar";"2009";"28.07.2009";"19,7";"°C"
"CYY137";"510.766";"5.427.724";"2.345";"Temperatur";"Besigheim (CYY137)";"Neckar";"2009";"29.07.2009";"20,1";"°C"
"CYY137";"510.766";"5.427.724";"2.345";"Temperatur";"Besigheim (CYY137)";"Neckar";"2009";"30.07.2009";"20,2";"°C"
"CYY137";"510.766";"5.427.724";"2.345";"Temperatur";"Besigheim (CYY137)";"Neckar";"2009";"31.07.2009";"20,1";"°C"
"CYY137";"510.766";"5.427.724";"2.345";"Temperatur";"Besigheim (CYY137)";"Neckar";"2009";"01.08.2009";"20,4";"°C"
"CYY137";"510.766";"5.427.724";"2.345";"Temperatur";"Besigheim (CYY137)";"Neckar";"2009";"02.08.2009";"20,4";"°C"
"CYY137";"510.766";"5.427.724";"2.345";"Temperatur";"Besigheim (CYY137)";"Neckar";"2009";"03.08.2009";"20,3";"°C"
"CYY137";"510.766";"5.427.724";"2.345";"Temperatur";"Besigheim (CYY137)";"Neckar";"2009";"04.08.2009";"20,4";"°C"
"CYY137";"510.766";"5.427.724";"2.345";"Temperatur";"Besigheim (CYY137)";"Neckar";"2009";"05.08.2009";"20,7";"°C"
"CYY137";"510.766";"5.427.724";"2.345";"Temperatur";"Besigheim (CYY137)";"Neckar";"2009";"06.08.2009";"20,9";"°C"
"CYY137";"510.766";"5.427.724";"2.345";"Temperatur";"Besigheim (CYY137)";"Neckar";"2009";"07.08.2009";"21,2";"°C"
"CYY137";"510.766";"5.427.724";"2.345";"Temperatur";"Besigheim (CYY137)";"Neckar";"2009";"08.08.2009";"21,3";"°C"
"CYY137";"510.766";"5.427.724";"2.345";"Temperatur";"Besigheim (CYY137)";"Neckar";"2009";"09.08.2009";"21,3";"°C"
"CYY137";"510.766";"5.427.724";"2.345";"Temperatur";"Besigheim (CYY137)";"Neckar";"2009";"10.08.2009";"21";"°C"
"CYY137";"510.766";"5.427.724";"2.345";"Temperatur";"Besigheim (CYY137)";"Neckar";"2009";"11.08.2009";"20,4";"°C"
"CYY137";"510.766";"5.427.724";"2.345";"Temperatur";"Besigheim (CYY137)";"Neckar";"2009";"12.08.2009";"20,5";"°C"
"CYY137";"510.766";"5.427.724";"2.345";"Temperatur";"Besigheim (CYY137)";"Neckar";"2009";"13.08.2009";"20,4";"°C"
"CYY137";"510.766";"5.427.724";"2.345";"Temperatur";"Besigheim (CYY137)";"Neckar";"2009";"14.08.2009";"20,2";"°C"
"CYY137";"510.766";"5.427.724";"2.345";"Temperatur";"Besigheim (CYY137)";"Neckar";"2009";"15.08.2009";"20,6";"°C"
"CYY137";"510.766";"5.427.724";"2.345";"Temperatur";"Besigheim (CYY137)";"Neckar";"2009";"16.08.2009";"21";"°C"
"CYY137";"510.766";"5.427.724";"2.345";"Temperatur";"Besigheim (CYY137)";"Neckar";"2009";"17.08.2009";"21,2";"°C"
"CYY137";"510.766";"5.427.724";"2.345";"Temperatur";"Besigheim (CYY137)";"Neckar";"2009";"18.08.2009";"21,5";"°C"
"CYY137";"510.766";"5.427.724";"2.345";"Temperatur";"Besigheim (CYY137)";"Neckar";"2009";"19.08.2009";"21,9";"°C"
"CYY137";"510.766";"5.427.724";"2.345";"Temperatur";"Besigheim (CYY137)";"Neckar";"2009";"20.08.2009";"22,4";"°C"
"CYY137";"510.766";"5.427.724";"2.345";"Temperatur";"Besigheim (CYY137)";"Neckar";"2009";"21.08.2009";"22,3";"°C"
"CYY137";"510.766";"5.427.724";"2.345";"Temperatur";"Besigheim (CYY137)";"Neckar";"2009";"22.08.2009";"22,1";"°C"
"CYY137";"510.766";"5.427.724";"2.345";"Temperatur";"Besigheim (CYY137)";"Neckar";"2009";"23.08.2009";"21,9";"°C"
"CYY137";"510.766";"5.427.724";"2.345";"Temperatur";"Besigheim (CYY137)";"Neckar";"2009";"24.08.2009";"22";"°C"
"CYY137";"510.766";"5.427.724";"2.345";"Temperatur";"Besigheim (CYY137)";"Neckar";"2009";"25.08.2009";"22,1";"°C"
"CYY137";"510.766";"5.427.724";"2.345";"Temperatur";"Besigheim (CYY137)";"Neckar";"2009";"26.08.2009";"22,1";"°C"
"CYY137";"510.766";"5.427.724";"2.345";"Temperatur";"Besigheim (CYY137)";"Neckar";"2009";"27.08.2009";"22,3";"°C"
"CYY137";"510.766";"5.427.724";"2.345";"Temperatur";"Besigheim (CYY137)";"Neckar";"2009";"28.08.2009";"22,3";"°C"
"CYY137";"510.766";"5.427.724";"2.345";"Temperatur";"Besigheim (CYY137)";"Neckar";"2009";"29.08.2009";"22";"°C"
"CYY137";"510.766";"5.427.724";"2.345";"Temperatur";"Besigheim (CYY137)";"Neckar";"2009";"30.08.2009";"21,6";"°C"
"CYY137";"510.766";"5.427.724";"2.345";"Temperatur";"Besigheim (CYY137)";"Neckar";"2009";"31.08.2009";"21,2";"°C"
"CYY137";"510.766";"5.427.724";"2.345";"Temperatur";"Besigheim (CYY137)";"Neckar";"2009";"01.09.2009";"21,1";"°C"
"CYY137";"510.766";"5.427.724";"2.345";"Temperatur";"Besigheim (CYY137)";"Neckar";"2009";"02.09.2009";"21,2";"°C"
"CYY137";"510.766";"5.427.724";"2.345";"Temperatur";"Besigheim (CYY137)";"Neckar";"2009";"03.09.2009";"21,1";"°C"
"CYY137";"510.766";"5.427.724";"2.345";"Temperatur";"Besigheim (CYY137)";"Neckar";"2009";"04.09.2009";"20,5";"°C"
"CYY137";"510.766";"5.427.724";"2.345";"Temperatur";"Besigheim (CYY137)";"Neckar";"2009";"05.09.2009";"19,8";"°C"
"CYY137";"510.766";"5.427.724";"2.345";"Temperatur";"Besigheim (CYY137)";"Neckar";"2009";"06.09.2009";"19,4";"°C"
"CYY137";"510.766";"5.427.724";"2.345";"Temperatur";"Besigheim (CYY137)";"Neckar";"2009";"07.09.2009";"19,3";"°C"
"CYY137";"510.766";"5.427.724";"2.345";"Temperatur";"Besigheim (CYY137)";"Neckar";"2009";"08.09.2009";"19,2";"°C"
"CYY137";"510.766";"5.427.724";"2.345";"Temperatur";"Besigheim (CYY137)";"Neckar";"2009";"09.09.2009";"19,1";"°C"
"CYY137";"510.766";"5.427.724";"2.345";"Temperatur";"Besigheim (CYY137)";"Neckar";"2009";"10.09.2009";"-";"°C"
"CYY137";"510.766";"5.427.724";"2.345";"Temperatur";"Besigheim (CYY137)";"Neckar";"2009";"11.09.2009";"18,9";"°C"
"CYY137";"510.766";"5.427.724";"2.345";"Temperatur";"Besigheim (CYY137)";"Neckar";"2009";"12.09.2009";"18,9";"°C"
"CYY137";"510.766";"5.427.724";"2.345";"Temperatur";"Besigheim (CYY137)";"Neckar";"2009";"13.09.2009";"18,5";"°C"
"CYY137";"510.766";"5.427.724";"2.345";"Temperatur";"Besigheim (CYY137)";"Neckar";"2009";"14.09.2009";"18,1";"°C"
"CYY137";"510.766";"5.427.724";"2.345";"Temperatur";"Besigheim (CYY137)";"Neckar";"2009";"15.09.2009";"17,6";"°C"
"CYY137";"510.766";"5.427.724";"2.345";"Temperatur";"Besigheim (CYY137)";"Neckar";"2009";"16.09.2009";"17,5";"°C"
"CYY137";"510.766";"5.427.724";"2.345";"Temperatur";"Besigheim (CYY137)";"Neckar";"2009";"17.09.2009";"17,5";"°C"
"CYY137";"510.766";"5.427.724";"2.345";"Temperatur";"Besigheim (CYY137)";"Neckar";"2009";"18.09.2009";"17,4";"°C"
"CYY137";"510.766";"5.427.724";"2.345";"Temperatur";"Besigheim (CYY137)";"Neckar";"2009";"19.09.2009";"17,4";"°C"
"CYY137";"510.766";"5.427.724";"2.345";"Temperatur";"Besigheim (CYY137)";"Neckar";"2009";"20.09.2009";"17,6";"°C"
"CYY137";"510.766";"5.427.724";"2.345";"Temperatur";"Besigheim (CYY137)";"Neckar";"2009";"21.09.2009";"17,7";"°C"
"CYY137";"510.766";"5.427.724";"2.345";"Temperatur";"Besigheim (CYY137)";"Neckar";"2009";"22.09.2009";"17,8";"°C"
"CYY137";"510.766";"5.427.724";"2.345";"Temperatur";"Besigheim (CYY137)";"Neckar";"2009";"23.09.2009";"18";"°C"
"CYY137";"510.766";"5.427.724";"2.345";"Temperatur";"Besigheim (CYY137)";"Neckar";"2009";"24.09.2009";"17,9";"°C"
"CYY137";"510.766";"5.427.724";"2.345";"Temperatur";"Besigheim (CYY137)";"Neckar";"2009";"25.09.2009";"17,9";"°C"
"CYY137";"510.766";"5.427.724";"2.345";"Temperatur";"Besigheim (CYY137)";"Neckar";"2009";"26.09.2009";"17,8";"°C"
"CYY137";"510.766";"5.427.724";"2.345";"Temperatur";"Besigheim (CYY137)";"Neckar";"2009";"27.09.2009";"17,5";"°C"
"CYY137";"510.766";"5.427.724";"2.345";"Temperatur";"Besigheim (CYY137)";"Neckar";"2009";"28.09.2009";"17,4";"°C"
"CYY137";"510.766";"5.427.724";"2.345";"Temperatur";"Besigheim (CYY137)";"Neckar";"2009";"29.09.2009";"17,2";"°C"
"CYY137";"510.766";"5.427.724";"2.345";"Temperatur";"Besigheim (CYY137)";"Neckar";"2009";"30.09.2009";"17,1";"°C"
"CYY137";"510.766";"5.427.724";"2.345";"Temperatur";"Besigheim (CYY137)";"Neckar";"2009";"01.10.2009";"17";"°C"
"CYY137";"510.766";"5.427.724";"2.345";"Temperatur";"Besigheim (CYY137)";"Neckar";"2009";"02.10.2009";"17,2";"°C"
"CYY137";"510.766";"5.427.724";"2.345";"Temperatur";"Besigheim (CYY137)";"Neckar";"2009";"03.10.2009";"17";"°C"
"CYY137";"510.766";"5.427.724";"2.345";"Temperatur";"Besigheim (CYY137)";"Neckar";"2009";"04.10.2009";"16,6";"°C"
"CYY137";"510.766";"5.427.724";"2.345";"Temperatur";"Besigheim (CYY137)";"Neckar";"2009";"05.10.2009";"16,2";"°C"
"CYY137";"510.766";"5.427.724";"2.345";"Temperatur";"Besigheim (CYY137)";"Neckar";"2009";"06.10.2009";"16";"°C"
"CYY137";"510.766";"5.427.724";"2.345";"Temperatur";"Besigheim (CYY137)";"Neckar";"2009";"07.10.2009";"16,1";"°C"
"CYY137";"510.766";"5.427.724";"2.345";"Temperatur";"Besigheim (CYY137)";"Neckar";"2009";"08.10.2009";"16,3";"°C"
"CYY137";"510.766";"5.427.724";"2.345";"Temperatur";"Besigheim (CYY137)";"Neckar";"2009";"09.10.2009";"16,4";"°C"
"CYY137";"510.766";"5.427.724";"2.345";"Temperatur";"Besigheim (CYY137)";"Neckar";"2009";"10.10.2009";"16,2";"°C"
"CYY137";"510.766";"5.427.724";"2.345";"Temperatur";"Besigheim (CYY137)";"Neckar";"2009";"11.10.2009";"15,8";"°C"
"CYY137";"510.766";"5.427.724";"2.345";"Temperatur";"Besigheim (CYY137)";"Neckar";"2009";"12.10.2009";"14,9";"°C"
"CYY137";"510.766";"5.427.724";"2.345";"Temperatur";"Besigheim (CYY137)";"Neckar";"2009";"13.10.2009";"14,2";"°C"
"CYY137";"510.766";"5.427.724";"2.345";"Temperatur";"Besigheim (CYY137)";"Neckar";"2009";"14.10.2009";"13,5";"°C"
"CYY137";"510.766";"5.427.724";"2.345";"Temperatur";"Besigheim (CYY137)";"Neckar";"2009";"15.10.2009";"12,7";"°C"
"CYY137";"510.766";"5.427.724";"2.345";"Temperatur";"Besigheim (CYY137)";"Neckar";"2009";"16.10.2009";"12";"°C"
"CYY137";"510.766";"5.427.724";"2.345";"Temperatur";"Besigheim (CYY137)";"Neckar";"2009";"17.10.2009";"11,4";"°C"
"CYY137";"510.766";"5.427.724";"2.345";"Temperatur";"Besigheim (CYY137)";"Neckar";"2009";"18.10.2009";"10,8";"°C"
"CYY137";"510.766";"5.427.724";"2.345";"Temperatur";"Besigheim (CYY137)";"Neckar";"2009";"19.10.2009";"10,6";"°C"
"CYY137";"510.766";"5.427.724";"2.345";"Temperatur";"Besigheim (CYY137)";"Neckar";"2009";"20.10.2009";"9,8";"°C"
"CYY137";"510.766";"5.427.724";"2.345";"Temperatur";"Besigheim (CYY137)";"Neckar";"2009";"21.10.2009";"9,4";"°C"
"CYY137";"510.766";"5.427.724";"2.345";"Temperatur";"Besigheim (CYY137)";"Neckar";"2009";"22.10.2009";"9,3";"°C"
"CYY137";"510.766";"5.427.724";"2.345";"Temperatur";"Besigheim (CYY137)";"Neckar";"2009";"23.10.2009";"9,3";"°C"
"CYY137";"510.766";"5.427.724";"2.345";"Temperatur";"Besigheim (CYY137)";"Neckar";"2009";"24.10.2009";"9,5";"°C"
"CYY137";"510.766";"5.427.724";"2.345";"Temperatur";"Besigheim (CYY137)";"Neckar";"2009";"25.10.2009";"9,8";"°C"
"CYY137";"510.766";"5.427.724";"2.345";"Temperatur";"Besigheim (CYY137)";"Neckar";"2009";"26.10.2009";"9,9";"°C"
"CYY137";"510.766";"5.427.724";"2.345";"Temperatur";"Besigheim (CYY137)";"Neckar";"2009";"27.10.2009";"10,3";"°C"
"CYY137";"510.766";"5.427.724";"2.345";"Temperatur";"Besigheim (CYY137)";"Neckar";"2009";"28.10.2009";"10,2";"°C"
"CYY137";"510.766";"5.427.724";"2.345";"Temperatur";"Besigheim (CYY137)";"Neckar";"2009";"29.10.2009";"10,2";"°C"
"CYY137";"510.766";"5.427.724";"2.345";"Temperatur";"Besigheim (CYY137)";"Neckar";"2009";"30.10.2009";"10,2";"°C"
"CYY137";"510.766";"5.427.724";"2.345";"Temperatur";"Besigheim (CYY137)";"Neckar";"2009";"31.10.2009";"10,1";"°C"
"CYY137";"510.766";"5.427.724";"2.345";"Temperatur";"Besigheim (CYY137)";"Neckar";"2009";"01.11.2009";"10,2";"°C"
"CYY137";"510.766";"5.427.724";"2.345";"Temperatur";"Besigheim (CYY137)";"Neckar";"2009";"02.11.2009";"10,2";"°C"
"CYY137";"510.766";"5.427.724";"2.345";"Temperatur";"Besigheim (CYY137)";"Neckar";"2009";"03.11.2009";"10,5";"°C"
"CYY137";"510.766";"5.427.724";"2.345";"Temperatur";"Besigheim (CYY137)";"Neckar";"2009";"04.11.2009";"10,8";"°C"
"CYY137";"510.766";"5.427.724";"2.345";"Temperatur";"Besigheim (CYY137)";"Neckar";"2009";"05.11.2009";"10,3";"°C"
"CYY137";"510.766";"5.427.724";"2.345";"Temperatur";"Besigheim (CYY137)";"Neckar";"2009";"06.11.2009";"10";"°C"
"CYY137";"510.766";"5.427.724";"2.345";"Temperatur";"Besigheim (CYY137)";"Neckar";"2009";"07.11.2009";"9,7";"°C"
"CYY137";"510.766";"5.427.724";"2.345";"Temperatur";"Besigheim (CYY137)";"Neckar";"2009";"08.11.2009";"9,5";"°C"
"CYY137";"510.766";"5.427.724";"2.345";"Temperatur";"Besigheim (CYY137)";"Neckar";"2009";"09.11.2009";"9,2";"°C"
"CYY137";"510.766";"5.427.724";"2.345";"Temperatur";"Besigheim (CYY137)";"Neckar";"2009";"10.11.2009";"9,1";"°C"
"CYY137";"510.766";"5.427.724";"2.345";"Temperatur";"Besigheim (CYY137)";"Neckar";"2009";"11.11.2009";"8,8";"°C"
"CYY137";"510.766";"5.427.724";"2.345";"Temperatur";"Besigheim (CYY137)";"Neckar";"2009";"12.11.2009";"8,2";"°C"
"CYY137";"510.766";"5.427.724";"2.345";"Temperatur";"Besigheim (CYY137)";"Neckar";"2009";"13.11.2009";"8,2";"°C"
"CYY137";"510.766";"5.427.724";"2.345";"Temperatur";"Besigheim (CYY137)";"Neckar";"2009";"14.11.2009";"8,2";"°C"
"CYY137";"510.766";"5.427.724";"2.345";"Temperatur";"Besigheim (CYY137)";"Neckar";"2009";"15.11.2009";"8,3";"°C"
"CYY137";"510.766";"5.427.724";"2.345";"Temperatur";"Besigheim (CYY137)";"Neckar";"2009";"16.11.2009";"8,5";"°C"
"CYY137";"510.766";"5.427.724";"2.345";"Temperatur";"Besigheim (CYY137)";"Neckar";"2009";"17.11.2009";"8,9";"°C"
"CYY137";"510.766";"5.427.724";"2.345";"Temperatur";"Besigheim (CYY137)";"Neckar";"2009";"18.11.2009";"9,3";"°C"
"CYY137";"510.766";"5.427.724";"2.345";"Temperatur";"Besigheim (CYY137)";"Neckar";"2009";"19.11.2009";"9";"°C"
"CYY137";"510.766";"5.427.724";"2.345";"Temperatur";"Besigheim (CYY137)";"Neckar";"2009";"20.11.2009";"9";"°C"
"CYY137";"510.766";"5.427.724";"2.345";"Temperatur";"Besigheim (CYY137)";"Neckar";"2009";"21.11.2009";"9,1";"°C"
"CYY137";"510.766";"5.427.724";"2.345";"Temperatur";"Besigheim (CYY137)";"Neckar";"2009";"22.11.2009";"9,2";"°C"
"CYY137";"510.766";"5.427.724";"2.345";"Temperatur";"Besigheim (CYY137)";"Neckar";"2009";"23.11.2009";"9,3";"°C"
"CYY137";"510.766";"5.427.724";"2.345";"Temperatur";"Besigheim (CYY137)";"Neckar";"2009";"24.11.2009";"9,3";"°C"
"CYY137";"510.766";"5.427.724";"2.345";"Temperatur";"Besigheim (CYY137)";"Neckar";"2009";"25.11.2009";"9,3";"°C"
"CYY137";"510.766";"5.427.724";"2.345";"Temperatur";"Besigheim (CYY137)";"Neckar";"2009";"26.11.2009";"9,3";"°C"
"CYY137";"510.766";"5.427.724";"2.345";"Temperatur";"Besigheim (CYY137)";"Neckar";"2009";"27.11.2009";"9";"°C"
"CYY137";"510.766";"5.427.724";"2.345";"Temperatur";"Besigheim (CYY137)";"Neckar";"2009";"28.11.2009";"8,7";"°C"
"CYY137";"510.766";"5.427.724";"2.345";"Temperatur";"Besigheim (CYY137)";"Neckar";"2009";"29.11.2009";"8,6";"°C"
"CYY137";"510.766";"5.427.724";"2.345";"Temperatur";"Besigheim (CYY137)";"Neckar";"2009";"30.11.2009";"8,6";"°C"
"CYY137";"510.766";"5.427.724";"2.345";"Temperatur";"Besigheim (CYY137)";"Neckar";"2009";"01.12.2009";"8,5";"°C"
"CYY137";"510.766";"5.427.724";"2.345";"Temperatur";"Besigheim (CYY137)";"Neckar";"2009";"02.12.2009";"7,7";"°C"
"CYY137";"510.766";"5.427.724";"2.345";"Temperatur";"Besigheim (CYY137)";"Neckar";"2009";"03.12.2009";"7,4";"°C"
"CYY137";"510.766";"5.427.724";"2.345";"Temperatur";"Besigheim (CYY137)";"Neckar";"2009";"04.12.2009";"7,5";"°C"
"CYY137";"510.766";"5.427.724";"2.345";"Temperatur";"Besigheim (CYY137)";"Neckar";"2009";"05.12.2009";"7,3";"°C"
"CYY137";"510.766";"5.427.724";"2.345";"Temperatur";"Besigheim (CYY137)";"Neckar";"2009";"06.12.2009";"7";"°C"
"CYY137";"510.766";"5.427.724";"2.345";"Temperatur";"Besigheim (CYY137)";"Neckar";"2009";"07.12.2009";"7,2";"°C"
"CYY137";"510.766";"5.427.724";"2.345";"Temperatur";"Besigheim (CYY137)";"Neckar";"2009";"08.12.2009";"7,7";"°C"
"CYY137";"510.766";"5.427.724";"2.345";"Temperatur";"Besigheim (CYY137)";"Neckar";"2009";"09.12.2009";"7,9";"°C"
"CYY137";"510.766";"5.427.724";"2.345";"Temperatur";"Besigheim (CYY137)";"Neckar";"2009";"10.12.2009";"8";"°C"
"CYY137";"510.766";"5.427.724";"2.345";"Temperatur";"Besigheim (CYY137)";"Neckar";"2009";"11.12.2009";"7,7";"°C"
"CYY137";"510.766";"5.427.724";"2.345";"Temperatur";"Besigheim (CYY137)";"Neckar";"2009";"12.12.2009";"7,4";"°C"
"CYY137";"510.766";"5.427.724";"2.345";"Temperatur";"Besigheim (CYY137)";"Neckar";"2009";"13.12.2009";"6,8";"°C"
"CYY137";"510.766";"5.427.724";"2.345";"Temperatur";"Besigheim (CYY137)";"Neckar";"2009";"14.12.2009";"6";"°C"
"CYY137";"510.766";"5.427.724";"2.345";"Temperatur";"Besigheim (CYY137)";"Neckar";"2009";"15.12.2009";"5,3";"°C"
"CYY137";"510.766";"5.427.724";"2.345";"Temperatur";"Besigheim (CYY137)";"Neckar";"2009";"16.12.2009";"4,9";"°C"
"CYY137";"510.766";"5.427.724";"2.345";"Temperatur";"Besigheim (CYY137)";"Neckar";"2009";"17.12.2009";"4,6";"°C"
"CYY137";"510.766";"5.427.724";"2.345";"Temperatur";"Besigheim (CYY137)";"Neckar";"2009";"18.12.2009";"3,9";"°C"
"CYY137";"510.766";"5.427.724";"2.345";"Temperatur";"Besigheim (CYY137)";"Neckar";"2009";"19.12.2009";"3,1";"°C"
"CYY137";"510.766";"5.427.724";"2.345";"Temperatur";"Besigheim (CYY137)";"Neckar";"2009";"20.12.2009";"2,4";"°C"
"CYY137";"510.766";"5.427.724";"2.345";"Temperatur";"Besigheim (CYY137)";"Neckar";"2009";"21.12.2009";"2,1";"°C"
"CYY137";"510.766";"5.427.724";"2.345";"Temperatur";"Besigheim (CYY137)";"Neckar";"2009";"22.12.2009";"2,3";"°C"
"CYY137";"510.766";"5.427.724";"2.345";"Temperatur";"Besigheim (CYY137)";"Neckar";"2009";"23.12.2009";"2,9";"°C"
"CYY137";"510.766";"5.427.724";"2.345";"Temperatur";"Besigheim (CYY137)";"Neckar";"2009";"24.12.2009";"3,4";"°C"
"CYY137";"510.766";"5.427.724";"2.345";"Temperatur";"Besigheim (CYY137)";"Neckar";"2009";"25.12.2009";"4,6";"°C"
"CYY137";"510.766";"5.427.724";"2.345";"Temperatur";"Besigheim (CYY137)";"Neckar";"2009";"26.12.2009";"4,9";"°C"
"CYY137";"510.766";"5.427.724";"2.345";"Temperatur";"Besigheim (CYY137)";"Neckar";"2009";"27.12.2009";"4,9";"°C"
"CYY137";"510.766";"5.427.724";"2.345";"Temperatur";"Besigheim (CYY137)";"Neckar";"2009";"28.12.2009";"5";"°C"
"CYY137";"510.766";"5.427.724";"2.345";"Temperatur";"Besigheim (CYY137)";"Neckar";"2009";"29.12.2009";"4,8";"°C"
"CYY137";"510.766";"5.427.724";"2.345";"Temperatur";"Besigheim (CYY137)";"Neckar";"2009";"30.12.2009";"4,8";"°C"
"CYY137";"510.766";"5.427.724";"2.345";"Temperatur";"Besigheim (CYY137)";"Neckar";"2009";"31.12.2009";"5,5";"°C"
"CYY137";"510.766";"5.427.724";"2.345";"Temperatur";"Besigheim (CYY137)";"Neckar";"2010";"01.01.2010";"6,2";"°C"
"CYY137";"510.766";"5.427.724";"2.345";"Temperatur";"Besigheim (CYY137)";"Neckar";"2010";"02.01.2010";"5,9";"°C"
"CYY137";"510.766";"5.427.724";"2.345";"Temperatur";"Besigheim (CYY137)";"Neckar";"2010";"03.01.2010";"5,2";"°C"
"CYY137";"510.766";"5.427.724";"2.345";"Temperatur";"Besigheim (CYY137)";"Neckar";"2010";"04.01.2010";"4,8";"°C"
"CYY137";"510.766";"5.427.724";"2.345";"Temperatur";"Besigheim (CYY137)";"Neckar";"2010";"05.01.2010";"4,3";"°C"
"CYY137";"510.766";"5.427.724";"2.345";"Temperatur";"Besigheim (CYY137)";"Neckar";"2010";"06.01.2010";"3,8";"°C"
"CYY137";"510.766";"5.427.724";"2.345";"Temperatur";"Besigheim (CYY137)";"Neckar";"2010";"07.01.2010";"3,6";"°C"
"CYY137";"510.766";"5.427.724";"2.345";"Temperatur";"Besigheim (CYY137)";"Neckar";"2010";"08.01.2010";"3,3";"°C"
"CYY137";"510.766";"5.427.724";"2.345";"Temperatur";"Besigheim (CYY137)";"Neckar";"2010";"09.01.2010";"2,9";"°C"
"CYY137";"510.766";"5.427.724";"2.345";"Temperatur";"Besigheim (CYY137)";"Neckar";"2010";"10.01.2010";"2,7";"°C"
"CYY137";"510.766";"5.427.724";"2.345";"Temperatur";"Besigheim (CYY137)";"Neckar";"2010";"11.01.2010";"2,7";"°C"
"CYY137";"510.766";"5.427.724";"2.345";"Temperatur";"Besigheim (CYY137)";"Neckar";"2010";"12.01.2010";"2,7";"°C"
"CYY137";"510.766";"5.427.724";"2.345";"Temperatur";"Besigheim (CYY137)";"Neckar";"2010";"13.01.2010";"2,6";"°C"
"CYY137";"510.766";"5.427.724";"2.345";"Temperatur";"Besigheim (CYY137)";"Neckar";"2010";"14.01.2010";"2,8";"°C"
"CYY137";"510.766";"5.427.724";"2.345";"Temperatur";"Besigheim (CYY137)";"Neckar";"2010";"15.01.2010";"3";"°C"
"CYY137";"510.766";"5.427.724";"2.345";"Temperatur";"Besigheim (CYY137)";"Neckar";"2010";"16.01.2010";"3,2";"°C"
"CYY137";"510.766";"5.427.724";"2.345";"Temperatur";"Besigheim (CYY137)";"Neckar";"2010";"17.01.2010";"3,5";"°C"
"CYY137";"510.766";"5.427.724";"2.345";"Temperatur";"Besigheim (CYY137)";"Neckar";"2010";"18.01.2010";"4,2";"°C"
"CYY137";"510.766";"5.427.724";"2.345";"Temperatur";"Besigheim (CYY137)";"Neckar";"2010";"19.01.2010";"4,5";"°C"
"CYY137";"510.766";"5.427.724";"2.345";"Temperatur";"Besigheim (CYY137)";"Neckar";"2010";"20.01.2010";"4,6";"°C"
"CYY137";"510.766";"5.427.724";"2.345";"Temperatur";"Besigheim (CYY137)";"Neckar";"2010";"21.01.2010";"4,5";"°C"
"CYY137";"510.766";"5.427.724";"2.345";"Temperatur";"Besigheim (CYY137)";"Neckar";"2010";"22.01.2010";"4,5";"°C"
"CYY137";"510.766";"5.427.724";"2.345";"Temperatur";"Besigheim (CYY137)";"Neckar";"2010";"23.01.2010";"4,4";"°C"
"CYY137";"510.766";"5.427.724";"2.345";"Temperatur";"Besigheim (CYY137)";"Neckar";"2010";"24.01.2010";"4,2";"°C"
"CYY137";"510.766";"5.427.724";"2.345";"Temperatur";"Besigheim (CYY137)";"Neckar";"2010";"25.01.2010";"4,2";"°C"
"CYY137";"510.766";"5.427.724";"2.345";"Temperatur";"Besigheim (CYY137)";"Neckar";"2010";"26.01.2010";"4,2";"°C"
"CYY137";"510.766";"5.427.724";"2.345";"Temperatur";"Besigheim (CYY137)";"Neckar";"2010";"27.01.2010";"3,7";"°C"
"CYY137";"510.766";"5.427.724";"2.345";"Temperatur";"Besigheim (CYY137)";"Neckar";"2010";"28.01.2010";"3,5";"°C"
"CYY137";"510.766";"5.427.724";"2.345";"Temperatur";"Besigheim (CYY137)";"Neckar";"2010";"29.01.2010";"3,4";"°C"
"CYY137";"510.766";"5.427.724";"2.345";"Temperatur";"Besigheim (CYY137)";"Neckar";"2010";"30.01.2010";"3,6";"°C"
"CYY137";"510.766";"5.427.724";"2.345";"Temperatur";"Besigheim (CYY137)";"Neckar";"2010";"31.01.2010";"3,5";"°C"
"CYY137";"510.766";"5.427.724";"2.345";"Temperatur";"Besigheim (CYY137)";"Neckar";"2010";"01.02.2010";"3,2";"°C"
"CYY137";"510.766";"5.427.724";"2.345";"Temperatur";"Besigheim (CYY137)";"Neckar";"2010";"02.02.2010";"2,9";"°C"
"CYY137";"510.766";"5.427.724";"2.345";"Temperatur";"Besigheim (CYY137)";"Neckar";"2010";"03.02.2010";"3,2";"°C"
"CYY137";"510.766";"5.427.724";"2.345";"Temperatur";"Besigheim (CYY137)";"Neckar";"2010";"04.02.2010";"3,8";"°C"
"CYY137";"510.766";"5.427.724";"2.345";"Temperatur";"Besigheim (CYY137)";"Neckar";"2010";"05.02.2010";"3,7";"°C"
"CYY137";"510.766";"5.427.724";"2.345";"Temperatur";"Besigheim (CYY137)";"Neckar";"2010";"06.02.2010";"4,5";"°C"
"CYY137";"510.766";"5.427.724";"2.345";"Temperatur";"Besigheim (CYY137)";"Neckar";"2010";"07.02.2010";"4,8";"°C"
"CYY137";"510.766";"5.427.724";"2.345";"Temperatur";"Besigheim (CYY137)";"Neckar";"2010";"08.02.2010";"4,7";"°C"
"CYY137";"510.766";"5.427.724";"2.345";"Temperatur";"Besigheim (CYY137)";"Neckar";"2010";"09.02.2010";"4,6";"°C"
"CYY137";"510.766";"5.427.724";"2.345";"Temperatur";"Besigheim (CYY137)";"Neckar";"2010";"10.02.2010";"4,2";"°C"
"CYY137";"510.766";"5.427.724";"2.345";"Temperatur";"Besigheim (CYY137)";"Neckar";"2010";"11.02.2010";"3,6";"°C"
"CYY137";"510.766";"5.427.724";"2.345";"Temperatur";"Besigheim (CYY137)";"Neckar";"2010";"12.02.2010";"3,3";"°C"
"CYY137";"510.766";"5.427.724";"2.345";"Temperatur";"Besigheim (CYY137)";"Neckar";"2010";"13.02.2010";"3,2";"°C"
"CYY137";"510.766";"5.427.724";"2.345";"Temperatur";"Besigheim (CYY137)";"Neckar";"2010";"14.02.2010";"3,2";"°C"
"CYY137";"510.766";"5.427.724";"2.345";"Temperatur";"Besigheim (CYY137)";"Neckar";"2010";"15.02.2010";"3,1";"°C"
"CYY137";"510.766";"5.427.724";"2.345";"Temperatur";"Besigheim (CYY137)";"Neckar";"2010";"16.02.2010";"3,1";"°C"
"CYY137";"510.766";"5.427.724";"2.345";"Temperatur";"Besigheim (CYY137)";"Neckar";"2010";"17.02.2010";"3,1";"°C"
"CYY137";"510.766";"5.427.724";"2.345";"Temperatur";"Besigheim (CYY137)";"Neckar";"2010";"18.02.2010";"3,5";"°C"
"CYY137";"510.766";"5.427.724";"2.345";"Temperatur";"Besigheim (CYY137)";"Neckar";"2010";"19.02.2010";"3,9";"°C"
"CYY137";"510.766";"5.427.724";"2.345";"Temperatur";"Besigheim (CYY137)";"Neckar";"2010";"20.02.2010";"4,3";"°C"
"CYY137";"510.766";"5.427.724";"2.345";"Temperatur";"Besigheim (CYY137)";"Neckar";"2010";"21.02.2010";"4,5";"°C"
"CYY137";"510.766";"5.427.724";"2.345";"Temperatur";"Besigheim (CYY137)";"Neckar";"2010";"22.02.2010";"5";"°C"
"CYY137";"510.766";"5.427.724";"2.345";"Temperatur";"Besigheim (CYY137)";"Neckar";"2010";"23.02.2010";"5,3";"°C"
"CYY137";"510.766";"5.427.724";"2.345";"Temperatur";"Besigheim (CYY137)";"Neckar";"2010";"24.02.2010";"5,8";"°C"
"CYY137";"510.766";"5.427.724";"2.345";"Temperatur";"Besigheim (CYY137)";"Neckar";"2010";"25.02.2010";"6,3";"°C"
"CYY137";"510.766";"5.427.724";"2.345";"Temperatur";"Besigheim (CYY137)";"Neckar";"2010";"26.02.2010";"6,6";"°C"
"CYY137";"510.766";"5.427.724";"2.345";"Temperatur";"Besigheim (CYY137)";"Neckar";"2010";"27.02.2010";"6,8";"°C"
"CYY137";"510.766";"5.427.724";"2.345";"Temperatur";"Besigheim (CYY137)";"Neckar";"2010";"28.02.2010";"6,7";"°C"
"CYY137";"510.766";"5.427.724";"2.345";"Temperatur";"Besigheim (CYY137)";"Neckar";"2010";"01.03.2010";"7";"°C"
"CYY137";"510.766";"5.427.724";"2.345";"Temperatur";"Besigheim (CYY137)";"Neckar";"2010";"02.03.2010";"7";"°C"
"CYY137";"510.766";"5.427.724";"2.345";"Temperatur";"Besigheim (CYY137)";"Neckar";"2010";"03.03.2010";"6,7";"°C"
"CYY137";"510.766";"5.427.724";"2.345";"Temperatur";"Besigheim (CYY137)";"Neckar";"2010";"04.03.2010";"6,3";"°C"
"CYY137";"510.766";"5.427.724";"2.345";"Temperatur";"Besigheim (CYY137)";"Neckar";"2010";"05.03.2010";"6";"°C"
"CYY137";"510.766";"5.427.724";"2.345";"Temperatur";"Besigheim (CYY137)";"Neckar";"2010";"06.03.2010";"5,5";"°C"
"CYY137";"510.766";"5.427.724";"2.345";"Temperatur";"Besigheim (CYY137)";"Neckar";"2010";"07.03.2010";"5";"°C"
"CYY137";"510.766";"5.427.724";"2.345";"Temperatur";"Besigheim (CYY137)";"Neckar";"2010";"08.03.2010";"4,6";"°C"
"CYY137";"510.766";"5.427.724";"2.345";"Temperatur";"Besigheim (CYY137)";"Neckar";"2010";"09.03.2010";"4";"°C"
"CYY137";"510.766";"5.427.724";"2.345";"Temperatur";"Besigheim (CYY137)";"Neckar";"2010";"10.03.2010";"3,7";"°C"
"CYY137";"510.766";"5.427.724";"2.345";"Temperatur";"Besigheim (CYY137)";"Neckar";"2010";"11.03.2010";"3,5";"°C"
"CYY137";"510.766";"5.427.724";"2.345";"Temperatur";"Besigheim (CYY137)";"Neckar";"2010";"12.03.2010";"3,5";"°C"
"CYY137";"510.766";"5.427.724";"2.345";"Temperatur";"Besigheim (CYY137)";"Neckar";"2010";"13.03.2010";"3,8";"°C"
"CYY137";"510.766";"5.427.724";"2.345";"Temperatur";"Besigheim (CYY137)";"Neckar";"2010";"14.03.2010";"4,2";"°C"
"CYY137";"510.766";"5.427.724";"2.345";"Temperatur";"Besigheim (CYY137)";"Neckar";"2010";"15.03.2010";"4,8";"°C"
"CYY137";"510.766";"5.427.724";"2.345";"Temperatur";"Besigheim (CYY137)";"Neckar";"2010";"16.03.2010";"5,7";"°C"
"CYY137";"510.766";"5.427.724";"2.345";"Temperatur";"Besigheim (CYY137)";"Neckar";"2010";"17.03.2010";"5,9";"°C"
"CYY137";"510.766";"5.427.724";"2.345";"Temperatur";"Besigheim (CYY137)";"Neckar";"2010";"18.03.2010";"6,3";"°C"
"CYY137";"510.766";"5.427.724";"2.345";"Temperatur";"Besigheim (CYY137)";"Neckar";"2010";"19.03.2010";"6,9";"°C"
"CYY137";"510.766";"5.427.724";"2.345";"Temperatur";"Besigheim (CYY137)";"Neckar";"2010";"20.03.2010";"7,8";"°C"
"CYY137";"510.766";"5.427.724";"2.345";"Temperatur";"Besigheim (CYY137)";"Neckar";"2010";"21.03.2010";"8,8";"°C"
"CYY137";"510.766";"5.427.724";"2.345";"Temperatur";"Besigheim (CYY137)";"Neckar";"2010";"22.03.2010";"9,6";"°C"
"CYY137";"510.766";"5.427.724";"2.345";"Temperatur";"Besigheim (CYY137)";"Neckar";"2010";"23.03.2010";"10,2";"°C"
"CYY137";"510.766";"5.427.724";"2.345";"Temperatur";"Besigheim (CYY137)";"Neckar";"2010";"24.03.2010";"10,6";"°C"
"CYY137";"510.766";"5.427.724";"2.345";"Temperatur";"Besigheim (CYY137)";"Neckar";"2010";"25.03.2010";"10,8";"°C"
"CYY137";"510.766";"5.427.724";"2.345";"Temperatur";"Besigheim (CYY137)";"Neckar";"2010";"26.03.2010";"11";"°C"
"CYY137";"510.766";"5.427.724";"2.345";"Temperatur";"Besigheim (CYY137)";"Neckar";"2010";"27.03.2010";"10,8";"°C"
"CYY137";"510.766";"5.427.724";"2.345";"Temperatur";"Besigheim (CYY137)";"Neckar";"2010";"28.03.2010";"10,7";"°C"
"CYY137";"510.766";"5.427.724";"2.345";"Temperatur";"Besigheim (CYY137)";"Neckar";"2010";"29.03.2010";"10,8";"°C"
"CYY137";"510.766";"5.427.724";"2.345";"Temperatur";"Besigheim (CYY137)";"Neckar";"2010";"30.03.2010";"10,9";"°C"
"CYY137";"510.766";"5.427.724";"2.345";"Temperatur";"Besigheim (CYY137)";"Neckar";"2010";"31.03.2010";"10,8";"°C"
"CYY137";"510.766";"5.427.724";"2.345";"Temperatur";"Besigheim (CYY137)";"Neckar";"2010";"01.04.2010";"10,6";"°C"
"CYY137";"510.766";"5.427.724";"2.345";"Temperatur";"Besigheim (CYY137)";"Neckar";"2010";"02.04.2010";"10,5";"°C"
"CYY137";"510.766";"5.427.724";"2.345";"Temperatur";"Besigheim (CYY137)";"Neckar";"2010";"03.04.2010";"10,6";"°C"
"CYY137";"510.766";"5.427.724";"2.345";"Temperatur";"Besigheim (CYY137)";"Neckar";"2010";"04.04.2010";"10,5";"°C"
"CYY137";"510.766";"5.427.724";"2.345";"Temperatur";"Besigheim (CYY137)";"Neckar";"2010";"05.04.2010";"10,4";"°C"
"CYY137";"510.766";"5.427.724";"2.345";"Temperatur";"Besigheim (CYY137)";"Neckar";"2010";"06.04.2010";"10,5";"°C"
"CYY137";"510.766";"5.427.724";"2.345";"Temperatur";"Besigheim (CYY137)";"Neckar";"2010";"07.04.2010";"10,9";"°C"
"CYY137";"510.766";"5.427.724";"2.345";"Temperatur";"Besigheim (CYY137)";"Neckar";"2010";"08.04.2010";"11,1";"°C"
"CYY137";"510.766";"5.427.724";"2.345";"Temperatur";"Besigheim (CYY137)";"Neckar";"2010";"09.04.2010";"11,4";"°C"
"CYY137";"510.766";"5.427.724";"2.345";"Temperatur";"Besigheim (CYY137)";"Neckar";"2010";"10.04.2010";"11,5";"°C"
"CYY137";"510.766";"5.427.724";"2.345";"Temperatur";"Besigheim (CYY137)";"Neckar";"2010";"11.04.2010";"11,4";"°C"
"CYY137";"510.766";"5.427.724";"2.345";"Temperatur";"Besigheim (CYY137)";"Neckar";"2010";"12.04.2010";"11,1";"°C"
"CYY137";"510.766";"5.427.724";"2.345";"Temperatur";"Besigheim (CYY137)";"Neckar";"2010";"13.04.2010";"10,9";"°C"
"CYY137";"510.766";"5.427.724";"2.345";"Temperatur";"Besigheim (CYY137)";"Neckar";"2010";"14.04.2010";"11,1";"°C"
"CYY137";"510.766";"5.427.724";"2.345";"Temperatur";"Besigheim (CYY137)";"Neckar";"2010";"15.04.2010";"11,2";"°C"
"CYY137";"510.766";"5.427.724";"2.345";"Temperatur";"Besigheim (CYY137)";"Neckar";"2010";"16.04.2010";"11,5";"°C"
"CYY137";"510.766";"5.427.724";"2.345";"Temperatur";"Besigheim (CYY137)";"Neckar";"2010";"17.04.2010";"11,7";"°C"
"CYY137";"510.766";"5.427.724";"2.345";"Temperatur";"Besigheim (CYY137)";"Neckar";"2010";"18.04.2010";"12";"°C"
"CYY137";"510.766";"5.427.724";"2.345";"Temperatur";"Besigheim (CYY137)";"Neckar";"2010";"19.04.2010";"12,4";"°C"
"CYY137";"510.766";"5.427.724";"2.345";"Temperatur";"Besigheim (CYY137)";"Neckar";"2010";"20.04.2010";"12,8";"°C"
"CYY137";"510.766";"5.427.724";"2.345";"Temperatur";"Besigheim (CYY137)";"Neckar";"2010";"21.04.2010";"13,1";"°C"
"CYY137";"510.766";"5.427.724";"2.345";"Temperatur";"Besigheim (CYY137)";"Neckar";"2010";"22.04.2010";"13,5";"°C"
"CYY137";"510.766";"5.427.724";"2.345";"Temperatur";"Besigheim (CYY137)";"Neckar";"2010";"23.04.2010";"13,7";"°C"
"CYY137";"510.766";"5.427.724";"2.345";"Temperatur";"Besigheim (CYY137)";"Neckar";"2010";"24.04.2010";"14";"°C"
"CYY137";"510.766";"5.427.724";"2.345";"Temperatur";"Besigheim (CYY137)";"Neckar";"2010";"25.04.2010";"14,4";"°C"
"CYY137";"510.766";"5.427.724";"2.345";"Temperatur";"Besigheim (CYY137)";"Neckar";"2010";"26.04.2010";"14,7";"°C"
"CYY137";"510.766";"5.427.724";"2.345";"Temperatur";"Besigheim (CYY137)";"Neckar";"2010";"27.04.2010";"15,1";"°C"
"CYY137";"510.766";"5.427.724";"2.345";"Temperatur";"Besigheim (CYY137)";"Neckar";"2010";"28.04.2010";"15,7";"°C"
"CYY137";"510.766";"5.427.724";"2.345";"Temperatur";"Besigheim (CYY137)";"Neckar";"2010";"29.04.2010";"16,3";"°C"
"CYY137";"510.766";"5.427.724";"2.345";"Temperatur";"Besigheim (CYY137)";"Neckar";"2010";"30.04.2010";"16,5";"°C"
"CYY137";"510.766";"5.427.724";"2.345";"Temperatur";"Besigheim (CYY137)";"Neckar";"2010";"01.05.2010";"16,4";"°C"
"CYY137";"510.766";"5.427.724";"2.345";"Temperatur";"Besigheim (CYY137)";"Neckar";"2010";"02.05.2010";"16,2";"°C"
"CYY137";"510.766";"5.427.724";"2.345";"Temperatur";"Besigheim (CYY137)";"Neckar";"2010";"03.05.2010";"16,1";"°C"
"CYY137";"510.766";"5.427.724";"2.345";"Temperatur";"Besigheim (CYY137)";"Neckar";"2010";"04.05.2010";"15,5";"°C"
"CYY137";"510.766";"5.427.724";"2.345";"Temperatur";"Besigheim (CYY137)";"Neckar";"2010";"05.05.2010";"14,7";"°C"
"CYY137";"510.766";"5.427.724";"2.345";"Temperatur";"Besigheim (CYY137)";"Neckar";"2010";"06.05.2010";"13,9";"°C"
"CYY137";"510.766";"5.427.724";"2.345";"Temperatur";"Besigheim (CYY137)";"Neckar";"2010";"07.05.2010";"11,7";"°C"
"CYY137";"510.766";"5.427.724";"2.345";"Temperatur";"Besigheim (CYY137)";"Neckar";"2010";"08.05.2010";"10,3";"°C"
"CYY137";"510.766";"5.427.724";"2.345";"Temperatur";"Besigheim (CYY137)";"Neckar";"2010";"09.05.2010";"10,4";"°C"
"CYY137";"510.766";"5.427.724";"2.345";"Temperatur";"Besigheim (CYY137)";"Neckar";"2010";"10.05.2010";"11,1";"°C"
"CYY137";"510.766";"5.427.724";"2.345";"Temperatur";"Besigheim (CYY137)";"Neckar";"2010";"11.05.2010";"11,8";"°C"
"CYY137";"510.766";"5.427.724";"2.345";"Temperatur";"Besigheim (CYY137)";"Neckar";"2010";"12.05.2010";"12,6";"°C"
"CYY137";"510.766";"5.427.724";"2.345";"Temperatur";"Besigheim (CYY137)";"Neckar";"2010";"13.05.2010";"12,9";"°C"
"CYY137";"510.766";"5.427.724";"2.345";"Temperatur";"Besigheim (CYY137)";"Neckar";"2010";"14.05.2010";"12,6";"°C"
"CYY137";"510.766";"5.427.724";"2.345";"Temperatur";"Besigheim (CYY137)";"Neckar";"2010";"15.05.2010";"12,2";"°C"
"CYY137";"510.766";"5.427.724";"2.345";"Temperatur";"Besigheim (CYY137)";"Neckar";"2010";"16.05.2010";"11,7";"°C"
"CYY137";"510.766";"5.427.724";"2.345";"Temperatur";"Besigheim (CYY137)";"Neckar";"2010";"17.05.2010";"11,7";"°C"
"CYY137";"510.766";"5.427.724";"2.345";"Temperatur";"Besigheim (CYY137)";"Neckar";"2010";"18.05.2010";"11,9";"°C"
"CYY137";"510.766";"5.427.724";"2.345";"Temperatur";"Besigheim (CYY137)";"Neckar";"2010";"19.05.2010";"12";"°C"
"CYY137";"510.766";"5.427.724";"2.345";"Temperatur";"Besigheim (CYY137)";"Neckar";"2010";"20.05.2010";"11,9";"°C"
"CYY137";"510.766";"5.427.724";"2.345";"Temperatur";"Besigheim (CYY137)";"Neckar";"2010";"21.05.2010";"12";"°C"
"CYY137";"510.766";"5.427.724";"2.345";"Temperatur";"Besigheim (CYY137)";"Neckar";"2010";"22.05.2010";"12,8";"°C"
"CYY137";"510.766";"5.427.724";"2.345";"Temperatur";"Besigheim (CYY137)";"Neckar";"2010";"23.05.2010";"13,7";"°C"
"CYY137";"510.766";"5.427.724";"2.345";"Temperatur";"Besigheim (CYY137)";"Neckar";"2010";"24.05.2010";"14,6";"°C"
"CYY137";"510.766";"5.427.724";"2.345";"Temperatur";"Besigheim (CYY137)";"Neckar";"2010";"25.05.2010";"15,7";"°C"
"CYY137";"510.766";"5.427.724";"2.345";"Temperatur";"Besigheim (CYY137)";"Neckar";"2010";"26.05.2010";"16,4";"°C"
"CYY137";"510.766";"5.427.724";"2.345";"Temperatur";"Besigheim (CYY137)";"Neckar";"2010";"27.05.2010";"16,8";"°C"
"CYY137";"510.766";"5.427.724";"2.345";"Temperatur";"Besigheim (CYY137)";"Neckar";"2010";"28.05.2010";"17,1";"°C"
"CYY137";"510.766";"5.427.724";"2.345";"Temperatur";"Besigheim (CYY137)";"Neckar";"2010";"29.05.2010";"17,6";"°C"
"CYY137";"510.766";"5.427.724";"2.345";"Temperatur";"Besigheim (CYY137)";"Neckar";"2010";"30.05.2010";"17,7";"°C"
"CYY137";"510.766";"5.427.724";"2.345";"Temperatur";"Besigheim (CYY137)";"Neckar";"2010";"31.05.2010";"16,9";"°C"
"CYY137";"510.766";"5.427.724";"2.345";"Temperatur";"Besigheim (CYY137)";"Neckar";"2010";"01.06.2010";"15,9";"°C"
"CYY137";"510.766";"5.427.724";"2.345";"Temperatur";"Besigheim (CYY137)";"Neckar";"2010";"02.06.2010";"15,3";"°C"
"CYY137";"510.766";"5.427.724";"2.345";"Temperatur";"Besigheim (CYY137)";"Neckar";"2010";"03.06.2010";"14,7";"°C"
"CYY137";"510.766";"5.427.724";"2.345";"Temperatur";"Besigheim (CYY137)";"Neckar";"2010";"04.06.2010";"14,7";"°C"
"CYY137";"510.766";"5.427.724";"2.345";"Temperatur";"Besigheim (CYY137)";"Neckar";"2010";"05.06.2010";"15,3";"°C"
"CYY137";"510.766";"5.427.724";"2.345";"Temperatur";"Besigheim (CYY137)";"Neckar";"2010";"06.06.2010";"16,3";"°C"
"CYY137";"510.766";"5.427.724";"2.345";"Temperatur";"Besigheim (CYY137)";"Neckar";"2010";"07.06.2010";"17,3";"°C"
"CYY137";"510.766";"5.427.724";"2.345";"Temperatur";"Besigheim (CYY137)";"Neckar";"2010";"08.06.2010";"18,3";"°C"
"CYY137";"510.766";"5.427.724";"2.345";"Temperatur";"Besigheim (CYY137)";"Neckar";"2010";"09.06.2010";"18,8";"°C"
"CYY137";"510.766";"5.427.724";"2.345";"Temperatur";"Besigheim (CYY137)";"Neckar";"2010";"10.06.2010";"19,3";"°C"
"CYY137";"510.766";"5.427.724";"2.345";"Temperatur";"Besigheim (CYY137)";"Neckar";"2010";"11.06.2010";"19,8";"°C"
"CYY137";"510.766";"5.427.724";"2.345";"Temperatur";"Besigheim (CYY137)";"Neckar";"2010";"12.06.2010";"20";"°C"
"CYY137";"510.766";"5.427.724";"2.345";"Temperatur";"Besigheim (CYY137)";"Neckar";"2010";"13.06.2010";"20";"°C"
"CYY137";"510.766";"5.427.724";"2.345";"Temperatur";"Besigheim (CYY137)";"Neckar";"2010";"14.06.2010";"20";"°C"
"CYY137";"510.766";"5.427.724";"2.345";"Temperatur";"Besigheim (CYY137)";"Neckar";"2010";"15.06.2010";"20";"°C"
"CYY137";"510.766";"5.427.724";"2.345";"Temperatur";"Besigheim (CYY137)";"Neckar";"2010";"16.06.2010";"19,8";"°C"
"CYY137";"510.766";"5.427.724";"2.345";"Temperatur";"Besigheim (CYY137)";"Neckar";"2010";"17.06.2010";"19,3";"°C"
"CYY137";"510.766";"5.427.724";"2.345";"Temperatur";"Besigheim (CYY137)";"Neckar";"2010";"18.06.2010";"17,7";"°C"
"CYY137";"510.766";"5.427.724";"2.345";"Temperatur";"Besigheim (CYY137)";"Neckar";"2010";"19.06.2010";"15,2";"°C"
"CYY137";"510.766";"5.427.724";"2.345";"Temperatur";"Besigheim (CYY137)";"Neckar";"2010";"20.06.2010";"14,8";"°C"
"CYY137";"510.766";"5.427.724";"2.345";"Temperatur";"Besigheim (CYY137)";"Neckar";"2010";"21.06.2010";"14,4";"°C"
"CYY137";"510.766";"5.427.724";"2.345";"Temperatur";"Besigheim (CYY137)";"Neckar";"2010";"22.06.2010";"14,4";"°C"
"CYY137";"510.766";"5.427.724";"2.345";"Temperatur";"Besigheim (CYY137)";"Neckar";"2010";"23.06.2010";"14,9";"°C"
"CYY137";"510.766";"5.427.724";"2.345";"Temperatur";"Besigheim (CYY137)";"Neckar";"2010";"24.06.2010";"15,7";"°C"
"CYY137";"510.766";"5.427.724";"2.345";"Temperatur";"Besigheim (CYY137)";"Neckar";"2010";"25.06.2010";"16,6";"°C"
"CYY137";"510.766";"5.427.724";"2.345";"Temperatur";"Besigheim (CYY137)";"Neckar";"2010";"26.06.2010";"17,7";"°C"
"CYY137";"510.766";"5.427.724";"2.345";"Temperatur";"Besigheim (CYY137)";"Neckar";"2010";"27.06.2010";"18,6";"°C"
"CYY137";"510.766";"5.427.724";"2.345";"Temperatur";"Besigheim (CYY137)";"Neckar";"2010";"28.06.2010";"19,7";"°C"
"CYY137";"510.766";"5.427.724";"2.345";"Temperatur";"Besigheim (CYY137)";"Neckar";"2010";"29.06.2010";"20,6";"°C"
"CYY137";"510.766";"5.427.724";"2.345";"Temperatur";"Besigheim (CYY137)";"Neckar";"2010";"30.06.2010";"21,4";"°C"
"CYY137";"510.766";"5.427.724";"2.345";"Temperatur";"Besigheim (CYY137)";"Neckar";"2010";"01.07.2010";"22,1";"°C"
"CYY137";"510.766";"5.427.724";"2.345";"Temperatur";"Besigheim (CYY137)";"Neckar";"2010";"02.07.2010";"22,7";"°C"
"CYY137";"510.766";"5.427.724";"2.345";"Temperatur";"Besigheim (CYY137)";"Neckar";"2010";"03.07.2010";"23,3";"°C"
"CYY137";"510.766";"5.427.724";"2.345";"Temperatur";"Besigheim (CYY137)";"Neckar";"2010";"04.07.2010";"23,3";"°C"
"CYY137";"510.766";"5.427.724";"2.345";"Temperatur";"Besigheim (CYY137)";"Neckar";"2010";"05.07.2010";"22,8";"°C"
"CYY137";"510.766";"5.427.724";"2.345";"Temperatur";"Besigheim (CYY137)";"Neckar";"2010";"06.07.2010";"22,7";"°C"
"CYY137";"510.766";"5.427.724";"2.345";"Temperatur";"Besigheim (CYY137)";"Neckar";"2010";"07.07.2010";"22,5";"°C"
"CYY137";"510.766";"5.427.724";"2.345";"Temperatur";"Besigheim (CYY137)";"Neckar";"2010";"08.07.2010";"22,7";"°C"
"CYY137";"510.766";"5.427.724";"2.345";"Temperatur";"Besigheim (CYY137)";"Neckar";"2010";"09.07.2010";"22,9";"°C"
"CYY137";"510.766";"5.427.724";"2.345";"Temperatur";"Besigheim (CYY137)";"Neckar";"2010";"10.07.2010";"23,5";"°C"
"CYY137";"510.766";"5.427.724";"2.345";"Temperatur";"Besigheim (CYY137)";"Neckar";"2010";"11.07.2010";"23,9";"°C"
"CYY137";"510.766";"5.427.724";"2.345";"Temperatur";"Besigheim (CYY137)";"Neckar";"2010";"12.07.2010";"24,4";"°C"
"CYY137";"510.766";"5.427.724";"2.345";"Temperatur";"Besigheim (CYY137)";"Neckar";"2010";"13.07.2010";"24,6";"°C"
"CYY137";"510.766";"5.427.724";"2.345";"Temperatur";"Besigheim (CYY137)";"Neckar";"2010";"14.07.2010";"24,8";"°C"
"CYY137";"510.766";"5.427.724";"2.345";"Temperatur";"Besigheim (CYY137)";"Neckar";"2010";"15.07.2010";"24,9";"°C"
"CYY137";"510.766";"5.427.724";"2.345";"Temperatur";"Besigheim (CYY137)";"Neckar";"2010";"16.07.2010";"25,1";"°C"
"CYY137";"510.766";"5.427.724";"2.345";"Temperatur";"Besigheim (CYY137)";"Neckar";"2010";"17.07.2010";"24,9";"°C"
"CYY137";"510.766";"5.427.724";"2.345";"Temperatur";"Besigheim (CYY137)";"Neckar";"2010";"18.07.2010";"24,3";"°C"
"CYY137";"510.766";"5.427.724";"2.345";"Temperatur";"Besigheim (CYY137)";"Neckar";"2010";"19.07.2010";"24";"°C"
"CYY137";"510.766";"5.427.724";"2.345";"Temperatur";"Besigheim (CYY137)";"Neckar";"2010";"20.07.2010";"24,2";"°C"
"CYY137";"510.766";"5.427.724";"2.345";"Temperatur";"Besigheim (CYY137)";"Neckar";"2010";"21.07.2010";"24,3";"°C"
"CYY137";"510.766";"5.427.724";"2.345";"Temperatur";"Besigheim (CYY137)";"Neckar";"2010";"22.07.2010";"24,2";"°C"
"CYY137";"510.766";"5.427.724";"2.345";"Temperatur";"Besigheim (CYY137)";"Neckar";"2010";"23.07.2010";"23,2";"°C"
"CYY137";"510.766";"5.427.724";"2.345";"Temperatur";"Besigheim (CYY137)";"Neckar";"2010";"24.07.2010";"21,8";"°C"
"CYY137";"510.766";"5.427.724";"2.345";"Temperatur";"Besigheim (CYY137)";"Neckar";"2010";"25.07.2010";"21";"°C"
"CYY137";"510.766";"5.427.724";"2.345";"Temperatur";"Besigheim (CYY137)";"Neckar";"2010";"26.07.2010";"20,2";"°C"
"CYY137";"510.766";"5.427.724";"2.345";"Temperatur";"Besigheim (CYY137)";"Neckar";"2010";"27.07.2010";"19,1";"°C"
"CYY137";"510.766";"5.427.724";"2.345";"Temperatur";"Besigheim (CYY137)";"Neckar";"2010";"28.07.2010";"18,5";"°C"
"CYY137";"510.766";"5.427.724";"2.345";"Temperatur";"Besigheim (CYY137)";"Neckar";"2010";"29.07.2010";"18";"°C"
"CYY137";"510.766";"5.427.724";"2.345";"Temperatur";"Besigheim (CYY137)";"Neckar";"2010";"30.07.2010";"17,4";"°C"
"CYY137";"510.766";"5.427.724";"2.345";"Temperatur";"Besigheim (CYY137)";"Neckar";"2010";"31.07.2010";"17,4";"°C"
"CYY137";"510.766";"5.427.724";"2.345";"Temperatur";"Besigheim (CYY137)";"Neckar";"2010";"01.08.2010";"18,1";"°C"
"CYY137";"510.766";"5.427.724";"2.345";"Temperatur";"Besigheim (CYY137)";"Neckar";"2010";"02.08.2010";"18,5";"°C"
"CYY137";"510.766";"5.427.724";"2.345";"Temperatur";"Besigheim (CYY137)";"Neckar";"2010";"03.08.2010";"18,6";"°C"
"CYY137";"510.766";"5.427.724";"2.345";"Temperatur";"Besigheim (CYY137)";"Neckar";"2010";"04.08.2010";"18,8";"°C"
"CYY137";"510.766";"5.427.724";"2.345";"Temperatur";"Besigheim (CYY137)";"Neckar";"2010";"05.08.2010";"18,7";"°C"
"CYY137";"510.766";"5.427.724";"2.345";"Temperatur";"Besigheim (CYY137)";"Neckar";"2010";"06.08.2010";"17,9";"°C"
"CYY137";"510.766";"5.427.724";"2.345";"Temperatur";"Besigheim (CYY137)";"Neckar";"2010";"07.08.2010";"17,1";"°C"
"CYY137";"510.766";"5.427.724";"2.345";"Temperatur";"Besigheim (CYY137)";"Neckar";"2010";"08.08.2010";"17,2";"°C"
"CYY137";"510.766";"5.427.724";"2.345";"Temperatur";"Besigheim (CYY137)";"Neckar";"2010";"09.08.2010";"17,4";"°C"
"CYY137";"510.766";"5.427.724";"2.345";"Temperatur";"Besigheim (CYY137)";"Neckar";"2010";"10.08.2010";"17,8";"°C"
"CYY137";"510.766";"5.427.724";"2.345";"Temperatur";"Besigheim (CYY137)";"Neckar";"2010";"11.08.2010";"18";"°C"
"CYY137";"510.766";"5.427.724";"2.345";"Temperatur";"Besigheim (CYY137)";"Neckar";"2010";"12.08.2010";"18,5";"°C"
"CYY137";"510.766";"5.427.724";"2.345";"Temperatur";"Besigheim (CYY137)";"Neckar";"2010";"13.08.2010";"18,8";"°C"
"CYY137";"510.766";"5.427.724";"2.345";"Temperatur";"Besigheim (CYY137)";"Neckar";"2010";"14.08.2010";"19";"°C"
"CYY137";"510.766";"5.427.724";"2.345";"Temperatur";"Besigheim (CYY137)";"Neckar";"2010";"15.08.2010";"19,1";"°C"
"CYY137";"510.766";"5.427.724";"2.345";"Temperatur";"Besigheim (CYY137)";"Neckar";"2010";"16.08.2010";"18,5";"°C"
"CYY137";"510.766";"5.427.724";"2.345";"Temperatur";"Besigheim (CYY137)";"Neckar";"2010";"17.08.2010";"18,1";"°C"
"CYY137";"510.766";"5.427.724";"2.345";"Temperatur";"Besigheim (CYY137)";"Neckar";"2010";"18.08.2010";"17,7";"°C"
"CYY137";"510.766";"5.427.724";"2.345";"Temperatur";"Besigheim (CYY137)";"Neckar";"2010";"19.08.2010";"17,7";"°C"
"CYY137";"510.766";"5.427.724";"2.345";"Temperatur";"Besigheim (CYY137)";"Neckar";"2010";"20.08.2010";"18,1";"°C"
"CYY137";"510.766";"5.427.724";"2.345";"Temperatur";"Besigheim (CYY137)";"Neckar";"2010";"21.08.2010";"18,7";"°C"
"CYY137";"510.766";"5.427.724";"2.345";"Temperatur";"Besigheim (CYY137)";"Neckar";"2010";"22.08.2010";"19,2";"°C"
"CYY137";"510.766";"5.427.724";"2.345";"Temperatur";"Besigheim (CYY137)";"Neckar";"2010";"23.08.2010";"19,4";"°C"
"CYY137";"510.766";"5.427.724";"2.345";"Temperatur";"Besigheim (CYY137)";"Neckar";"2010";"24.08.2010";"19,4";"°C"
"CYY137";"510.766";"5.427.724";"2.345";"Temperatur";"Besigheim (CYY137)";"Neckar";"2010";"25.08.2010";"19,5";"°C"
"CYY137";"510.766";"5.427.724";"2.345";"Temperatur";"Besigheim (CYY137)";"Neckar";"2010";"26.08.2010";"19,7";"°C"
"CYY137";"510.766";"5.427.724";"2.345";"Temperatur";"Besigheim (CYY137)";"Neckar";"2010";"27.08.2010";"19,9";"°C"
"CYY137";"510.766";"5.427.724";"2.345";"Temperatur";"Besigheim (CYY137)";"Neckar";"2010";"28.08.2010";"19,6";"°C"
"CYY137";"510.766";"5.427.724";"2.345";"Temperatur";"Besigheim (CYY137)";"Neckar";"2010";"29.08.2010";"19";"°C"
"CYY137";"510.766";"5.427.724";"2.345";"Temperatur";"Besigheim (CYY137)";"Neckar";"2010";"30.08.2010";"18,1";"°C"
"CYY137";"510.766";"5.427.724";"2.345";"Temperatur";"Besigheim (CYY137)";"Neckar";"2010";"31.08.2010";"16,4";"°C"
"CYY137";"510.766";"5.427.724";"2.345";"Temperatur";"Besigheim (CYY137)";"Neckar";"2010";"01.09.2010";"15,3";"°C"
"CYY137";"510.766";"5.427.724";"2.345";"Temperatur";"Besigheim (CYY137)";"Neckar";"2010";"02.09.2010";"15,2";"°C"
"CYY137";"510.766";"5.427.724";"2.345";"Temperatur";"Besigheim (CYY137)";"Neckar";"2010";"03.09.2010";"15,6";"°C"
"CYY137";"510.766";"5.427.724";"2.345";"Temperatur";"Besigheim (CYY137)";"Neckar";"2010";"04.09.2010";"15,9";"°C"
"CYY137";"510.766";"5.427.724";"2.345";"Temperatur";"Besigheim (CYY137)";"Neckar";"2010";"05.09.2010";"16,1";"°C"
"CYY137";"510.766";"5.427.724";"2.345";"Temperatur";"Besigheim (CYY137)";"Neckar";"2010";"06.09.2010";"16,2";"°C"
"CYY137";"510.766";"5.427.724";"2.345";"Temperatur";"Besigheim (CYY137)";"Neckar";"2010";"07.09.2010";"16,2";"°C"
"CYY137";"510.766";"5.427.724";"2.345";"Temperatur";"Besigheim (CYY137)";"Neckar";"2010";"08.09.2010";"16,2";"°C"
"CYY137";"510.766";"5.427.724";"2.345";"Temperatur";"Besigheim (CYY137)";"Neckar";"2010";"09.09.2010";"16,1";"°C"
"CYY137";"510.766";"5.427.724";"2.345";"Temperatur";"Besigheim (CYY137)";"Neckar";"2010";"10.09.2010";"16,1";"°C"
"CYY137";"510.766";"5.427.724";"2.345";"Temperatur";"Besigheim (CYY137)";"Neckar";"2010";"11.09.2010";"16,4";"°C"
"CYY137";"510.766";"5.427.724";"2.345";"Temperatur";"Besigheim (CYY137)";"Neckar";"2010";"12.09.2010";"16,6";"°C"
"CYY137";"510.766";"5.427.724";"2.345";"Temperatur";"Besigheim (CYY137)";"Neckar";"2010";"13.09.2010";"16,6";"°C"
"CYY137";"510.766";"5.427.724";"2.345";"Temperatur";"Besigheim (CYY137)";"Neckar";"2010";"14.09.2010";"16,5";"°C"
"CYY137";"510.766";"5.427.724";"2.345";"Temperatur";"Besigheim (CYY137)";"Neckar";"2010";"15.09.2010";"16,3";"°C"
"CYY137";"510.766";"5.427.724";"2.345";"Temperatur";"Besigheim (CYY137)";"Neckar";"2010";"16.09.2010";"15,9";"°C"
"CYY137";"510.766";"5.427.724";"2.345";"Temperatur";"Besigheim (CYY137)";"Neckar";"2010";"17.09.2010";"15,8";"°C"
"CYY137";"510.766";"5.427.724";"2.345";"Temperatur";"Besigheim (CYY137)";"Neckar";"2010";"18.09.2010";"15,7";"°C"
"CYY137";"510.766";"5.427.724";"2.345";"Temperatur";"Besigheim (CYY137)";"Neckar";"2010";"19.09.2010";"15,7";"°C"
"CYY137";"510.766";"5.427.724";"2.345";"Temperatur";"Besigheim (CYY137)";"Neckar";"2010";"20.09.2010";"15,6";"°C"
"CYY137";"510.766";"5.427.724";"2.345";"Temperatur";"Besigheim (CYY137)";"Neckar";"2010";"21.09.2010";"15,5";"°C"
"CYY137";"510.766";"5.427.724";"2.345";"Temperatur";"Besigheim (CYY137)";"Neckar";"2010";"22.09.2010";"15,6";"°C"
"CYY137";"510.766";"5.427.724";"2.345";"Temperatur";"Besigheim (CYY137)";"Neckar";"2010";"23.09.2010";"15,7";"°C"
"CYY137";"510.766";"5.427.724";"2.345";"Temperatur";"Besigheim (CYY137)";"Neckar";"2010";"24.09.2010";"15,8";"°C"
"CYY137";"510.766";"5.427.724";"2.345";"Temperatur";"Besigheim (CYY137)";"Neckar";"2010";"25.09.2010";"15,5";"°C"
"CYY137";"510.766";"5.427.724";"2.345";"Temperatur";"Besigheim (CYY137)";"Neckar";"2010";"26.09.2010";"14,8";"°C"
"CYY137";"510.766";"5.427.724";"2.345";"Temperatur";"Besigheim (CYY137)";"Neckar";"2010";"27.09.2010";"14";"°C"
"CYY137";"510.766";"5.427.724";"2.345";"Temperatur";"Besigheim (CYY137)";"Neckar";"2010";"28.09.2010";"13,5";"°C"
"CYY137";"510.766";"5.427.724";"2.345";"Temperatur";"Besigheim (CYY137)";"Neckar";"2010";"29.09.2010";"13,2";"°C"
"CYY137";"510.766";"5.427.724";"2.345";"Temperatur";"Besigheim (CYY137)";"Neckar";"2010";"30.09.2010";"13";"°C"
"CYY137";"510.766";"5.427.724";"2.345";"Temperatur";"Besigheim (CYY137)";"Neckar";"2010";"01.10.2010";"13";"°C"
"CYY137";"510.766";"5.427.724";"2.345";"Temperatur";"Besigheim (CYY137)";"Neckar";"2010";"02.10.2010";"13";"°C"
"CYY137";"510.766";"5.427.724";"2.345";"Temperatur";"Besigheim (CYY137)";"Neckar";"2010";"03.10.2010";"13,3";"°C"
"CYY137";"510.766";"5.427.724";"2.345";"Temperatur";"Besigheim (CYY137)";"Neckar";"2010";"04.10.2010";"13,6";"°C"
"CYY137";"510.766";"5.427.724";"2.345";"Temperatur";"Besigheim (CYY137)";"Neckar";"2010";"05.10.2010";"13,8";"°C"
"CYY137";"510.766";"5.427.724";"2.345";"Temperatur";"Besigheim (CYY137)";"Neckar";"2010";"06.10.2010";"14,3";"°C"
"CYY137";"510.766";"5.427.724";"2.345";"Temperatur";"Besigheim (CYY137)";"Neckar";"2010";"07.10.2010";"14,5";"°C"
"CYY137";"510.766";"5.427.724";"2.345";"Temperatur";"Besigheim (CYY137)";"Neckar";"2010";"08.10.2010";"14,7";"°C"
"CYY137";"510.766";"5.427.724";"2.345";"Temperatur";"Besigheim (CYY137)";"Neckar";"2010";"09.10.2010";"14,6";"°C"
"CYY137";"510.766";"5.427.724";"2.345";"Temperatur";"Besigheim (CYY137)";"Neckar";"2010";"10.10.2010";"14,4";"°C"
"CYY137";"510.766";"5.427.724";"2.345";"Temperatur";"Besigheim (CYY137)";"Neckar";"2010";"11.10.2010";"14,2";"°C"
"CYY137";"510.766";"5.427.724";"2.345";"Temperatur";"Besigheim (CYY137)";"Neckar";"2010";"12.10.2010";"13,9";"°C"
"CYY137";"510.766";"5.427.724";"2.345";"Temperatur";"Besigheim (CYY137)";"Neckar";"2010";"13.10.2010";"13,5";"°C"
"CYY137";"510.766";"5.427.724";"2.345";"Temperatur";"Besigheim (CYY137)";"Neckar";"2010";"14.10.2010";"13,1";"°C"
"CYY137";"510.766";"5.427.724";"2.345";"Temperatur";"Besigheim (CYY137)";"Neckar";"2010";"15.10.2010";"12,7";"°C"
"CYY137";"510.766";"5.427.724";"2.345";"Temperatur";"Besigheim (CYY137)";"Neckar";"2010";"16.10.2010";"12,5";"°C"
"CYY137";"510.766";"5.427.724";"2.345";"Temperatur";"Besigheim (CYY137)";"Neckar";"2010";"17.10.2010";"12,2";"°C"
"CYY137";"510.766";"5.427.724";"2.345";"Temperatur";"Besigheim (CYY137)";"Neckar";"2010";"18.10.2010";"11,7";"°C"
"CYY137";"510.766";"5.427.724";"2.345";"Temperatur";"Besigheim (CYY137)";"Neckar";"2010";"19.10.2010";"11,3";"°C"
"CYY137";"510.766";"5.427.724";"2.345";"Temperatur";"Besigheim (CYY137)";"Neckar";"2010";"20.10.2010";"10,6";"°C"
"CYY137";"510.766";"5.427.724";"2.345";"Temperatur";"Besigheim (CYY137)";"Neckar";"2010";"21.10.2010";"10,1";"°C"
"CYY137";"510.766";"5.427.724";"2.345";"Temperatur";"Besigheim (CYY137)";"Neckar";"2010";"22.10.2010";"9,8";"°C"
"CYY137";"510.766";"5.427.724";"2.345";"Temperatur";"Besigheim (CYY137)";"Neckar";"2010";"23.10.2010";"9,3";"°C"
"CYY137";"510.766";"5.427.724";"2.345";"Temperatur";"Besigheim (CYY137)";"Neckar";"2010";"24.10.2010";"9,3";"°C"
"CYY137";"510.766";"5.427.724";"2.345";"Temperatur";"Besigheim (CYY137)";"Neckar";"2010";"25.10.2010";"9,2";"°C"
"CYY137";"510.766";"5.427.724";"2.345";"Temperatur";"Besigheim (CYY137)";"Neckar";"2010";"26.10.2010";"9,2";"°C"
"CYY137";"510.766";"5.427.724";"2.345";"Temperatur";"Besigheim (CYY137)";"Neckar";"2010";"27.10.2010";"8,8";"°C"
"CYY137";"510.766";"5.427.724";"2.345";"Temperatur";"Besigheim (CYY137)";"Neckar";"2010";"28.10.2010";"8,8";"°C"
"CYY137";"510.766";"5.427.724";"2.345";"Temperatur";"Besigheim (CYY137)";"Neckar";"2010";"29.10.2010";"8,9";"°C"
"CYY137";"510.766";"5.427.724";"2.345";"Temperatur";"Besigheim (CYY137)";"Neckar";"2010";"30.10.2010";"9,3";"°C"
"CYY137";"510.766";"5.427.724";"2.345";"Temperatur";"Besigheim (CYY137)";"Neckar";"2010";"31.10.2010";"9,3";"°C"
"CYY137";"510.766";"5.427.724";"2.345";"Temperatur";"Besigheim (CYY137)";"Neckar";"2010";"01.11.2010";"9,4";"°C"
"CYY137";"510.766";"5.427.724";"2.345";"Temperatur";"Besigheim (CYY137)";"Neckar";"2010";"02.11.2010";"9,4";"°C"
"CYY137";"510.766";"5.427.724";"2.345";"Temperatur";"Besigheim (CYY137)";"Neckar";"2010";"03.11.2010";"9,5";"°C"
"CYY137";"510.766";"5.427.724";"2.345";"Temperatur";"Besigheim (CYY137)";"Neckar";"2010";"04.11.2010";"9,8";"°C"
"CYY137";"510.766";"5.427.724";"2.345";"Temperatur";"Besigheim (CYY137)";"Neckar";"2010";"05.11.2010";"10,2";"°C"
"CYY137";"510.766";"5.427.724";"2.345";"Temperatur";"Besigheim (CYY137)";"Neckar";"2010";"06.11.2010";"10,4";"°C"
"CYY137";"510.766";"5.427.724";"2.345";"Temperatur";"Besigheim (CYY137)";"Neckar";"2010";"07.11.2010";"10,5";"°C"
"CYY137";"510.766";"5.427.724";"2.345";"Temperatur";"Besigheim (CYY137)";"Neckar";"2010";"08.11.2010";"10,7";"°C"
"CYY137";"510.766";"5.427.724";"2.345";"Temperatur";"Besigheim (CYY137)";"Neckar";"2010";"09.11.2010";"10,7";"°C"
"CYY137";"510.766";"5.427.724";"2.345";"Temperatur";"Besigheim (CYY137)";"Neckar";"2010";"10.11.2010";"10,5";"°C"
"CYY137";"510.766";"5.427.724";"2.345";"Temperatur";"Besigheim (CYY137)";"Neckar";"2010";"11.11.2010";"10,2";"°C"
"CYY137";"510.766";"5.427.724";"2.345";"Temperatur";"Besigheim (CYY137)";"Neckar";"2010";"12.11.2010";"10,2";"°C"
"CYY137";"510.766";"5.427.724";"2.345";"Temperatur";"Besigheim (CYY137)";"Neckar";"2010";"13.11.2010";"10,5";"°C"
"CYY137";"510.766";"5.427.724";"2.345";"Temperatur";"Besigheim (CYY137)";"Neckar";"2010";"14.11.2010";"10,4";"°C"
"CYY137";"510.766";"5.427.724";"2.345";"Temperatur";"Besigheim (CYY137)";"Neckar";"2010";"15.11.2010";"10,3";"°C"
"CYY137";"510.766";"5.427.724";"2.345";"Temperatur";"Besigheim (CYY137)";"Neckar";"2010";"16.11.2010";"10,4";"°C"
"CYY137";"510.766";"5.427.724";"2.345";"Temperatur";"Besigheim (CYY137)";"Neckar";"2010";"17.11.2010";"9,8";"°C"
"CYY137";"510.766";"5.427.724";"2.345";"Temperatur";"Besigheim (CYY137)";"Neckar";"2010";"18.11.2010";"9,2";"°C"
"CYY137";"510.766";"5.427.724";"2.345";"Temperatur";"Besigheim (CYY137)";"Neckar";"2010";"19.11.2010";"8,9";"°C"
"CYY137";"510.766";"5.427.724";"2.345";"Temperatur";"Besigheim (CYY137)";"Neckar";"2010";"20.11.2010";"8,7";"°C"
"CYY137";"510.766";"5.427.724";"2.345";"Temperatur";"Besigheim (CYY137)";"Neckar";"2010";"21.11.2010";"8,4";"°C"
"CYY137";"510.766";"5.427.724";"2.345";"Temperatur";"Besigheim (CYY137)";"Neckar";"2010";"22.11.2010";"8,1";"°C"
"CYY137";"510.766";"5.427.724";"2.345";"Temperatur";"Besigheim (CYY137)";"Neckar";"2010";"23.11.2010";"7,9";"°C"
"CYY137";"510.766";"5.427.724";"2.345";"Temperatur";"Besigheim (CYY137)";"Neckar";"2010";"24.11.2010";"7,3";"°C"
"CYY137";"510.766";"5.427.724";"2.345";"Temperatur";"Besigheim (CYY137)";"Neckar";"2010";"25.11.2010";"7,1";"°C"
"CYY137";"510.766";"5.427.724";"2.345";"Temperatur";"Besigheim (CYY137)";"Neckar";"2010";"26.11.2010";"6,9";"°C"
"CYY137";"510.766";"5.427.724";"2.345";"Temperatur";"Besigheim (CYY137)";"Neckar";"2010";"27.11.2010";"6,6";"°C"
"CYY137";"510.766";"5.427.724";"2.345";"Temperatur";"Besigheim (CYY137)";"Neckar";"2010";"28.11.2010";"6,2";"°C"
"CYY137";"510.766";"5.427.724";"2.345";"Temperatur";"Besigheim (CYY137)";"Neckar";"2010";"29.11.2010";"5,8";"°C"
"CYY137";"510.766";"5.427.724";"2.345";"Temperatur";"Besigheim (CYY137)";"Neckar";"2010";"30.11.2010";"5,2";"°C"
"CYY137";"510.766";"5.427.724";"2.345";"Temperatur";"Besigheim (CYY137)";"Neckar";"2010";"01.12.2010";"4,5";"°C"
"CYY137";"510.766";"5.427.724";"2.345";"Temperatur";"Besigheim (CYY137)";"Neckar";"2010";"02.12.2010";"4";"°C"
"CYY137";"510.766";"5.427.724";"2.345";"Temperatur";"Besigheim (CYY137)";"Neckar";"2010";"03.12.2010";"3,6";"°C"
"CYY137";"510.766";"5.427.724";"2.345";"Temperatur";"Besigheim (CYY137)";"Neckar";"2010";"04.12.2010";"3,1";"°C"
"CYY137";"510.766";"5.427.724";"2.345";"Temperatur";"Besigheim (CYY137)";"Neckar";"2010";"05.12.2010";"2,8";"°C"
"CYY137";"510.766";"5.427.724";"2.345";"Temperatur";"Besigheim (CYY137)";"Neckar";"2010";"06.12.2010";"2,9";"°C"
"CYY137";"510.766";"5.427.724";"2.345";"Temperatur";"Besigheim (CYY137)";"Neckar";"2010";"07.12.2010";"3,7";"°C"
"CYY137";"510.766";"5.427.724";"2.345";"Temperatur";"Besigheim (CYY137)";"Neckar";"2010";"08.12.2010";"4,8";"°C"
"CYY137";"510.766";"5.427.724";"2.345";"Temperatur";"Besigheim (CYY137)";"Neckar";"2010";"09.12.2010";"5,3";"°C"
"CYY137";"510.766";"5.427.724";"2.345";"Temperatur";"Besigheim (CYY137)";"Neckar";"2010";"10.12.2010";"5,2";"°C"
"CYY137";"510.766";"5.427.724";"2.345";"Temperatur";"Besigheim (CYY137)";"Neckar";"2010";"11.12.2010";"5,4";"°C"
"CYY137";"510.766";"5.427.724";"2.345";"Temperatur";"Besigheim (CYY137)";"Neckar";"2010";"12.12.2010";"5,6";"°C"
"CYY137";"510.766";"5.427.724";"2.345";"Temperatur";"Besigheim (CYY137)";"Neckar";"2010";"13.12.2010";"5,6";"°C"
"CYY137";"510.766";"5.427.724";"2.345";"Temperatur";"Besigheim (CYY137)";"Neckar";"2010";"14.12.2010";"5,1";"°C"
"CYY137";"510.766";"5.427.724";"2.345";"Temperatur";"Besigheim (CYY137)";"Neckar";"2010";"15.12.2010";"4,3";"°C"
"CYY137";"510.766";"5.427.724";"2.345";"Temperatur";"Besigheim (CYY137)";"Neckar";"2010";"16.12.2010";"3,7";"°C"
"CYY137";"510.766";"5.427.724";"2.345";"Temperatur";"Besigheim (CYY137)";"Neckar";"2010";"17.12.2010";"3,7";"°C"
"CYY137";"510.766";"5.427.724";"2.345";"Temperatur";"Besigheim (CYY137)";"Neckar";"2010";"18.12.2010";"3,2";"°C"
"CYY137";"510.766";"5.427.724";"2.345";"Temperatur";"Besigheim (CYY137)";"Neckar";"2010";"19.12.2010";"3,2";"°C"
"CYY137";"510.766";"5.427.724";"2.345";"Temperatur";"Besigheim (CYY137)";"Neckar";"2010";"20.12.2010";"3,4";"°C"
"CYY137";"510.766";"5.427.724";"2.345";"Temperatur";"Besigheim (CYY137)";"Neckar";"2010";"21.12.2010";"3,8";"°C"
"CYY137";"510.766";"5.427.724";"2.345";"Temperatur";"Besigheim (CYY137)";"Neckar";"2010";"22.12.2010";"4,9";"°C"
"CYY137";"510.766";"5.427.724";"2.345";"Temperatur";"Besigheim (CYY137)";"Neckar";"2010";"23.12.2010";"5,3";"°C"
"CYY137";"510.766";"5.427.724";"2.345";"Temperatur";"Besigheim (CYY137)";"Neckar";"2010";"24.12.2010";"5,1";"°C"
"CYY137";"510.766";"5.427.724";"2.345";"Temperatur";"Besigheim (CYY137)";"Neckar";"2010";"25.12.2010";"4,7";"°C"
"CYY137";"510.766";"5.427.724";"2.345";"Temperatur";"Besigheim (CYY137)";"Neckar";"2010";"26.12.2010";"3,7";"°C"
"CYY137";"510.766";"5.427.724";"2.345";"Temperatur";"Besigheim (CYY137)";"Neckar";"2010";"27.12.2010";"3,2";"°C"
"CYY137";"510.766";"5.427.724";"2.345";"Temperatur";"Besigheim (CYY137)";"Neckar";"2010";"28.12.2010";"2,8";"°C"
"CYY137";"510.766";"5.427.724";"2.345";"Temperatur";"Besigheim (CYY137)";"Neckar";"2010";"29.12.2010";"2,9";"°C"
"CYY137";"510.766";"5.427.724";"2.345";"Temperatur";"Besigheim (CYY137)";"Neckar";"2010";"30.12.2010";"3,2";"°C"
"CYY137";"510.766";"5.427.724";"2.345";"Temperatur";"Besigheim (CYY137)";"Neckar";"2010";"31.12.2010";"3,8";"°C"
"CYY137";"510.766";"5.427.724";"2.345";"Temperatur";"Besigheim (CYY137)";"Neckar";"2011";"01.01.2011";"4,4";"°C"
"CYY137";"510.766";"5.427.724";"2.345";"Temperatur";"Besigheim (CYY137)";"Neckar";"2011";"02.01.2011";"4,9";"°C"
"CYY137";"510.766";"5.427.724";"2.345";"Temperatur";"Besigheim (CYY137)";"Neckar";"2011";"03.01.2011";"4,9";"°C"
"CYY137";"510.766";"5.427.724";"2.345";"Temperatur";"Besigheim (CYY137)";"Neckar";"2011";"04.01.2011";"4,4";"°C"
"CYY137";"510.766";"5.427.724";"2.345";"Temperatur";"Besigheim (CYY137)";"Neckar";"2011";"05.01.2011";"3,7";"°C"
"CYY137";"510.766";"5.427.724";"2.345";"Temperatur";"Besigheim (CYY137)";"Neckar";"2011";"06.01.2011";"3,5";"°C"
"CYY137";"510.766";"5.427.724";"2.345";"Temperatur";"Besigheim (CYY137)";"Neckar";"2011";"07.01.2011";"3,5";"°C"
"CYY137";"510.766";"5.427.724";"2.345";"Temperatur";"Besigheim (CYY137)";"Neckar";"2011";"08.01.2011";"4,8";"°C"
"CYY137";"510.766";"5.427.724";"2.345";"Temperatur";"Besigheim (CYY137)";"Neckar";"2011";"09.01.2011";"6";"°C"
"CYY137";"510.766";"5.427.724";"2.345";"Temperatur";"Besigheim (CYY137)";"Neckar";"2011";"10.01.2011";"6,3";"°C"
"CYY137";"510.766";"5.427.724";"2.345";"Temperatur";"Besigheim (CYY137)";"Neckar";"2011";"11.01.2011";"6,3";"°C"
"CYY137";"510.766";"5.427.724";"2.345";"Temperatur";"Besigheim (CYY137)";"Neckar";"2011";"12.01.2011";"6,4";"°C"
"CYY137";"510.766";"5.427.724";"2.345";"Temperatur";"Besigheim (CYY137)";"Neckar";"2011";"13.01.2011";"6,8";"°C"
"CYY137";"510.766";"5.427.724";"2.345";"Temperatur";"Besigheim (CYY137)";"Neckar";"2011";"14.01.2011";"7,6";"°C"
"CYY137";"510.766";"5.427.724";"2.345";"Temperatur";"Besigheim (CYY137)";"Neckar";"2011";"15.01.2011";"7,9";"°C"
"CYY137";"510.766";"5.427.724";"2.345";"Temperatur";"Besigheim (CYY137)";"Neckar";"2011";"16.01.2011";"7,7";"°C"
"CYY137";"510.766";"5.427.724";"2.345";"Temperatur";"Besigheim (CYY137)";"Neckar";"2011";"17.01.2011";"7";"°C"
"CYY137";"510.766";"5.427.724";"2.345";"Temperatur";"Besigheim (CYY137)";"Neckar";"2011";"18.01.2011";"6,7";"°C"
"CYY137";"510.766";"5.427.724";"2.345";"Temperatur";"Besigheim (CYY137)";"Neckar";"2011";"19.01.2011";"6,7";"°C"
"CYY137";"510.766";"5.427.724";"2.345";"Temperatur";"Besigheim (CYY137)";"Neckar";"2011";"20.01.2011";"6,8";"°C"
"CYY137";"510.766";"5.427.724";"2.345";"Temperatur";"Besigheim (CYY137)";"Neckar";"2011";"21.01.2011";"6,6";"°C"
"CYY137";"510.766";"5.427.724";"2.345";"Temperatur";"Besigheim (CYY137)";"Neckar";"2011";"22.01.2011";"5,8";"°C"
"CYY137";"510.766";"5.427.724";"2.345";"Temperatur";"Besigheim (CYY137)";"Neckar";"2011";"23.01.2011";"5,1";"°C"
"CYY137";"510.766";"5.427.724";"2.345";"Temperatur";"Besigheim (CYY137)";"Neckar";"2011";"24.01.2011";"4,7";"°C"
"CYY137";"510.766";"5.427.724";"2.345";"Temperatur";"Besigheim (CYY137)";"Neckar";"2011";"25.01.2011";"4,6";"°C"
"CYY137";"510.766";"5.427.724";"2.345";"Temperatur";"Besigheim (CYY137)";"Neckar";"2011";"26.01.2011";"4,7";"°C"
"CYY137";"510.766";"5.427.724";"2.345";"Temperatur";"Besigheim (CYY137)";"Neckar";"2011";"27.01.2011";"5,1";"°C"
"CYY137";"510.766";"5.427.724";"2.345";"Temperatur";"Besigheim (CYY137)";"Neckar";"2011";"28.01.2011";"5,1";"°C"
"CYY137";"510.766";"5.427.724";"2.345";"Temperatur";"Besigheim (CYY137)";"Neckar";"2011";"29.01.2011";"4,9";"°C"
"CYY137";"510.766";"5.427.724";"2.345";"Temperatur";"Besigheim (CYY137)";"Neckar";"2011";"30.01.2011";"4,5";"°C"
"CYY137";"510.766";"5.427.724";"2.345";"Temperatur";"Besigheim (CYY137)";"Neckar";"2011";"31.01.2011";"4";"°C"
"CYY137";"510.766";"5.427.724";"2.345";"Temperatur";"Besigheim (CYY137)";"Neckar";"2011";"01.02.2011";"3,6";"°C"
"CYY137";"510.766";"5.427.724";"2.345";"Temperatur";"Besigheim (CYY137)";"Neckar";"2011";"02.02.2011";"3,4";"°C"
"CYY137";"510.766";"5.427.724";"2.345";"Temperatur";"Besigheim (CYY137)";"Neckar";"2011";"03.02.2011";"3,5";"°C"
"CYY137";"510.766";"5.427.724";"2.345";"Temperatur";"Besigheim (CYY137)";"Neckar";"2011";"04.02.2011";"3,8";"°C"
"CYY137";"510.766";"5.427.724";"2.345";"Temperatur";"Besigheim (CYY137)";"Neckar";"2011";"05.02.2011";"4,7";"°C"
"CYY137";"510.766";"5.427.724";"2.345";"Temperatur";"Besigheim (CYY137)";"Neckar";"2011";"06.02.2011";"5,5";"°C"
"CYY137";"510.766";"5.427.724";"2.345";"Temperatur";"Besigheim (CYY137)";"Neckar";"2011";"07.02.2011";"5,8";"°C"
"CYY137";"510.766";"5.427.724";"2.345";"Temperatur";"Besigheim (CYY137)";"Neckar";"2011";"08.02.2011";"6";"°C"
"CYY137";"510.766";"5.427.724";"2.345";"Temperatur";"Besigheim (CYY137)";"Neckar";"2011";"09.02.2011";"6";"°C"
"CYY137";"510.766";"5.427.724";"2.345";"Temperatur";"Besigheim (CYY137)";"Neckar";"2011";"10.02.2011";"5,9";"°C"
"CYY137";"510.766";"5.427.724";"2.345";"Temperatur";"Besigheim (CYY137)";"Neckar";"2011";"11.02.2011";"6,1";"°C"
"CYY137";"510.766";"5.427.724";"2.345";"Temperatur";"Besigheim (CYY137)";"Neckar";"2011";"12.02.2011";"6,4";"°C"
"CYY137";"510.766";"5.427.724";"2.345";"Temperatur";"Besigheim (CYY137)";"Neckar";"2011";"13.02.2011";"6,9";"°C"
"CYY137";"510.766";"5.427.724";"2.345";"Temperatur";"Besigheim (CYY137)";"Neckar";"2011";"14.02.2011";"7,2";"°C"
"CYY137";"510.766";"5.427.724";"2.345";"Temperatur";"Besigheim (CYY137)";"Neckar";"2011";"15.02.2011";"7,5";"°C"
"CYY137";"510.766";"5.427.724";"2.345";"Temperatur";"Besigheim (CYY137)";"Neckar";"2011";"16.02.2011";"7,5";"°C"
"CYY137";"510.766";"5.427.724";"2.345";"Temperatur";"Besigheim (CYY137)";"Neckar";"2011";"17.02.2011";"7,4";"°C"
"CYY137";"510.766";"5.427.724";"2.345";"Temperatur";"Besigheim (CYY137)";"Neckar";"2011";"18.02.2011";"7,2";"°C"
"CYY137";"510.766";"5.427.724";"2.345";"Temperatur";"Besigheim (CYY137)";"Neckar";"2011";"19.02.2011";"7";"°C"
"CYY137";"510.766";"5.427.724";"2.345";"Temperatur";"Besigheim (CYY137)";"Neckar";"2011";"20.02.2011";"6,8";"°C"
"CYY137";"510.766";"5.427.724";"2.345";"Temperatur";"Besigheim (CYY137)";"Neckar";"2011";"21.02.2011";"6,4";"°C"
"CYY137";"510.766";"5.427.724";"2.345";"Temperatur";"Besigheim (CYY137)";"Neckar";"2011";"22.02.2011";"6,1";"°C"
"CYY137";"510.766";"5.427.724";"2.345";"Temperatur";"Besigheim (CYY137)";"Neckar";"2011";"23.02.2011";"5,7";"°C"
"CYY137";"510.766";"5.427.724";"2.345";"Temperatur";"Besigheim (CYY137)";"Neckar";"2011";"24.02.2011";"5,6";"°C"
"CYY137";"510.766";"5.427.724";"2.345";"Temperatur";"Besigheim (CYY137)";"Neckar";"2011";"25.02.2011";"5,7";"°C"
"CYY137";"510.766";"5.427.724";"2.345";"Temperatur";"Besigheim (CYY137)";"Neckar";"2011";"26.02.2011";"5,8";"°C"
"CYY137";"510.766";"5.427.724";"2.345";"Temperatur";"Besigheim (CYY137)";"Neckar";"2011";"27.02.2011";"6,1";"°C"
"CYY137";"510.766";"5.427.724";"2.345";"Temperatur";"Besigheim (CYY137)";"Neckar";"2011";"28.02.2011";"6,1";"°C"
"CYY137";"510.766";"5.427.724";"2.345";"Temperatur";"Besigheim (CYY137)";"Neckar";"2011";"01.03.2011";"6,3";"°C"
"CYY137";"510.766";"5.427.724";"2.345";"Temperatur";"Besigheim (CYY137)";"Neckar";"2011";"02.03.2011";"6,4";"°C"
"CYY137";"510.766";"5.427.724";"2.345";"Temperatur";"Besigheim (CYY137)";"Neckar";"2011";"03.03.2011";"6,3";"°C"
"CYY137";"510.766";"5.427.724";"2.345";"Temperatur";"Besigheim (CYY137)";"Neckar";"2011";"04.03.2011";"6,5";"°C"
"CYY137";"510.766";"5.427.724";"2.345";"Temperatur";"Besigheim (CYY137)";"Neckar";"2011";"05.03.2011";"6,6";"°C"
"CYY137";"510.766";"5.427.724";"2.345";"Temperatur";"Besigheim (CYY137)";"Neckar";"2011";"06.03.2011";"6,6";"°C"
"CYY137";"510.766";"5.427.724";"2.345";"Temperatur";"Besigheim (CYY137)";"Neckar";"2011";"07.03.2011";"6,3";"°C"
"CYY137";"510.766";"5.427.724";"2.345";"Temperatur";"Besigheim (CYY137)";"Neckar";"2011";"08.03.2011";"6,2";"°C"
"CYY137";"510.766";"5.427.724";"2.345";"Temperatur";"Besigheim (CYY137)";"Neckar";"2011";"09.03.2011";"6,2";"°C"
"CYY137";"510.766";"5.427.724";"2.345";"Temperatur";"Besigheim (CYY137)";"Neckar";"2011";"10.03.2011";"6,7";"°C"
"CYY137";"510.766";"5.427.724";"2.345";"Temperatur";"Besigheim (CYY137)";"Neckar";"2011";"11.03.2011";"7,1";"°C"
"CYY137";"510.766";"5.427.724";"2.345";"Temperatur";"Besigheim (CYY137)";"Neckar";"2011";"12.03.2011";"7,2";"°C"
"CYY137";"510.766";"5.427.724";"2.345";"Temperatur";"Besigheim (CYY137)";"Neckar";"2011";"13.03.2011";"7,5";"°C"
"CYY137";"510.766";"5.427.724";"2.345";"Temperatur";"Besigheim (CYY137)";"Neckar";"2011";"14.03.2011";"7,9";"°C"
"CYY137";"510.766";"5.427.724";"2.345";"Temperatur";"Besigheim (CYY137)";"Neckar";"2011";"15.03.2011";"8,4";"°C"
"CYY137";"510.766";"5.427.724";"2.345";"Temperatur";"Besigheim (CYY137)";"Neckar";"2011";"16.03.2011";"8,8";"°C"
"CYY137";"510.766";"5.427.724";"2.345";"Temperatur";"Besigheim (CYY137)";"Neckar";"2011";"17.03.2011";"9,2";"°C"
"CYY137";"510.766";"5.427.724";"2.345";"Temperatur";"Besigheim (CYY137)";"Neckar";"2011";"18.03.2011";"9,2";"°C"
"CYY137";"510.766";"5.427.724";"2.345";"Temperatur";"Besigheim (CYY137)";"Neckar";"2011";"19.03.2011";"9,3";"°C"
"CYY137";"510.766";"5.427.724";"2.345";"Temperatur";"Besigheim (CYY137)";"Neckar";"2011";"20.03.2011";"9,2";"°C"
"CYY137";"510.766";"5.427.724";"2.345";"Temperatur";"Besigheim (CYY137)";"Neckar";"2011";"21.03.2011";"9,3";"°C"
"CYY137";"510.766";"5.427.724";"2.345";"Temperatur";"Besigheim (CYY137)";"Neckar";"2011";"22.03.2011";"9,2";"°C"
"CYY137";"510.766";"5.427.724";"2.345";"Temperatur";"Besigheim (CYY137)";"Neckar";"2011";"23.03.2011";"9,3";"°C"
"CYY137";"510.766";"5.427.724";"2.345";"Temperatur";"Besigheim (CYY137)";"Neckar";"2011";"24.03.2011";"9,6";"°C"
"CYY137";"510.766";"5.427.724";"2.345";"Temperatur";"Besigheim (CYY137)";"Neckar";"2011";"25.03.2011";"9,8";"°C"
"CYY137";"510.766";"5.427.724";"2.345";"Temperatur";"Besigheim (CYY137)";"Neckar";"2011";"26.03.2011";"10";"°C"
"CYY137";"510.766";"5.427.724";"2.345";"Temperatur";"Besigheim (CYY137)";"Neckar";"2011";"27.03.2011";"10,1";"°C"
"CYY137";"510.766";"5.427.724";"2.345";"Temperatur";"Besigheim (CYY137)";"Neckar";"2011";"28.03.2011";"10,3";"°C"
"CYY137";"510.766";"5.427.724";"2.345";"Temperatur";"Besigheim (CYY137)";"Neckar";"2011";"29.03.2011";"10,5";"°C"
"CYY137";"510.766";"5.427.724";"2.345";"Temperatur";"Besigheim (CYY137)";"Neckar";"2011";"30.03.2011";"10,7";"°C"
"CYY137";"510.766";"5.427.724";"2.345";"Temperatur";"Besigheim (CYY137)";"Neckar";"2011";"31.03.2011";"10,9";"°C"
"CYY137";"510.766";"5.427.724";"2.345";"Temperatur";"Besigheim (CYY137)";"Neckar";"2011";"01.04.2011";"11,4";"°C"
"CYY137";"510.766";"5.427.724";"2.345";"Temperatur";"Besigheim (CYY137)";"Neckar";"2011";"02.04.2011";"12,3";"°C"
"CYY137";"510.766";"5.427.724";"2.345";"Temperatur";"Besigheim (CYY137)";"Neckar";"2011";"03.04.2011";"12,7";"°C"
"CYY137";"510.766";"5.427.724";"2.345";"Temperatur";"Besigheim (CYY137)";"Neckar";"2011";"04.04.2011";"13,1";"°C"
"CYY137";"510.766";"5.427.724";"2.345";"Temperatur";"Besigheim (CYY137)";"Neckar";"2011";"05.04.2011";"13,4";"°C"
"CYY137";"510.766";"5.427.724";"2.345";"Temperatur";"Besigheim (CYY137)";"Neckar";"2011";"06.04.2011";"13,8";"°C"
"CYY137";"510.766";"5.427.724";"2.345";"Temperatur";"Besigheim (CYY137)";"Neckar";"2011";"07.04.2011";"14,3";"°C"
"CYY137";"510.766";"5.427.724";"2.345";"Temperatur";"Besigheim (CYY137)";"Neckar";"2011";"08.04.2011";"14,8";"°C"
"CYY137";"510.766";"5.427.724";"2.345";"Temperatur";"Besigheim (CYY137)";"Neckar";"2011";"09.04.2011";"15";"°C"
"CYY137";"510.766";"5.427.724";"2.345";"Temperatur";"Besigheim (CYY137)";"Neckar";"2011";"10.04.2011";"15,1";"°C"
"CYY137";"510.766";"5.427.724";"2.345";"Temperatur";"Besigheim (CYY137)";"Neckar";"2011";"11.04.2011";"15,2";"°C"
"CYY137";"510.766";"5.427.724";"2.345";"Temperatur";"Besigheim (CYY137)";"Neckar";"2011";"12.04.2011";"15,1";"°C"
"CYY137";"510.766";"5.427.724";"2.345";"Temperatur";"Besigheim (CYY137)";"Neckar";"2011";"13.04.2011";"14,6";"°C"
"CYY137";"510.766";"5.427.724";"2.345";"Temperatur";"Besigheim (CYY137)";"Neckar";"2011";"14.04.2011";"14,4";"°C"
"CYY137";"510.766";"5.427.724";"2.345";"Temperatur";"Besigheim (CYY137)";"Neckar";"2011";"15.04.2011";"14";"°C"
"CYY137";"510.766";"5.427.724";"2.345";"Temperatur";"Besigheim (CYY137)";"Neckar";"2011";"16.04.2011";"13,6";"°C"
"CYY137";"510.766";"5.427.724";"2.345";"Temperatur";"Besigheim (CYY137)";"Neckar";"2011";"17.04.2011";"13,5";"°C"
"CYY137";"510.766";"5.427.724";"2.345";"Temperatur";"Besigheim (CYY137)";"Neckar";"2011";"18.04.2011";"13,6";"°C"
"CYY137";"510.766";"5.427.724";"2.345";"Temperatur";"Besigheim (CYY137)";"Neckar";"2011";"19.04.2011";"13,7";"°C"
"CYY137";"510.766";"5.427.724";"2.345";"Temperatur";"Besigheim (CYY137)";"Neckar";"2011";"20.04.2011";"14,1";"°C"
"CYY137";"510.766";"5.427.724";"2.345";"Temperatur";"Besigheim (CYY137)";"Neckar";"2011";"21.04.2011";"14,4";"°C"
"CYY137";"510.766";"5.427.724";"2.345";"Temperatur";"Besigheim (CYY137)";"Neckar";"2011";"22.04.2011";"14,9";"°C"
"CYY137";"510.766";"5.427.724";"2.345";"Temperatur";"Besigheim (CYY137)";"Neckar";"2011";"23.04.2011";"15,4";"°C"
"CYY137";"510.766";"5.427.724";"2.345";"Temperatur";"Besigheim (CYY137)";"Neckar";"2011";"24.04.2011";"15,8";"°C"
"CYY137";"510.766";"5.427.724";"2.345";"Temperatur";"Besigheim (CYY137)";"Neckar";"2011";"25.04.2011";"16,2";"°C"
"CYY137";"510.766";"5.427.724";"2.345";"Temperatur";"Besigheim (CYY137)";"Neckar";"2011";"26.04.2011";"16,4";"°C"
"CYY137";"510.766";"5.427.724";"2.345";"Temperatur";"Besigheim (CYY137)";"Neckar";"2011";"27.04.2011";"16,3";"°C"
"CYY137";"510.766";"5.427.724";"2.345";"Temperatur";"Besigheim (CYY137)";"Neckar";"2011";"28.04.2011";"16,3";"°C"
"CYY137";"510.766";"5.427.724";"2.345";"Temperatur";"Besigheim (CYY137)";"Neckar";"2011";"29.04.2011";"16,4";"°C"
"CYY137";"510.766";"5.427.724";"2.345";"Temperatur";"Besigheim (CYY137)";"Neckar";"2011";"30.04.2011";"16,8";"°C"
"CYY137";"510.766";"5.427.724";"2.345";"Temperatur";"Besigheim (CYY137)";"Neckar";"2011";"01.05.2011";"16,8";"°C"
"CYY137";"510.766";"5.427.724";"2.345";"Temperatur";"Besigheim (CYY137)";"Neckar";"2011";"02.05.2011";"16,9";"°C"
"CYY137";"510.766";"5.427.724";"2.345";"Temperatur";"Besigheim (CYY137)";"Neckar";"2011";"03.05.2011";"16,7";"°C"
"CYY137";"510.766";"5.427.724";"2.345";"Temperatur";"Besigheim (CYY137)";"Neckar";"2011";"04.05.2011";"16,3";"°C"
"CYY137";"510.766";"5.427.724";"2.345";"Temperatur";"Besigheim (CYY137)";"Neckar";"2011";"05.05.2011";"16,2";"°C"
"CYY137";"510.766";"5.427.724";"2.345";"Temperatur";"Besigheim (CYY137)";"Neckar";"2011";"06.05.2011";"16,4";"°C"
"CYY137";"510.766";"5.427.724";"2.345";"Temperatur";"Besigheim (CYY137)";"Neckar";"2011";"07.05.2011";"16,9";"°C"
"CYY137";"510.766";"5.427.724";"2.345";"Temperatur";"Besigheim (CYY137)";"Neckar";"2011";"08.05.2011";"17,3";"°C"
"CYY137";"510.766";"5.427.724";"2.345";"Temperatur";"Besigheim (CYY137)";"Neckar";"2011";"09.05.2011";"17,6";"°C"
"CYY137";"510.766";"5.427.724";"2.345";"Temperatur";"Besigheim (CYY137)";"Neckar";"2011";"10.05.2011";"17,7";"°C"
"CYY137";"510.766";"5.427.724";"2.345";"Temperatur";"Besigheim (CYY137)";"Neckar";"2011";"11.05.2011";"18,2";"°C"
"CYY137";"510.766";"5.427.724";"2.345";"Temperatur";"Besigheim (CYY137)";"Neckar";"2011";"12.05.2011";"18,3";"°C"
"CYY137";"510.766";"5.427.724";"2.345";"Temperatur";"Besigheim (CYY137)";"Neckar";"2011";"13.05.2011";"18,4";"°C"
"CYY137";"510.766";"5.427.724";"2.345";"Temperatur";"Besigheim (CYY137)";"Neckar";"2011";"14.05.2011";"18,4";"°C"
"CYY137";"510.766";"5.427.724";"2.345";"Temperatur";"Besigheim (CYY137)";"Neckar";"2011";"15.05.2011";"18,4";"°C"
"CYY137";"510.766";"5.427.724";"2.345";"Temperatur";"Besigheim (CYY137)";"Neckar";"2011";"16.05.2011";"18,1";"°C"
"CYY137";"510.766";"5.427.724";"2.345";"Temperatur";"Besigheim (CYY137)";"Neckar";"2011";"17.05.2011";"18";"°C"
"CYY137";"510.766";"5.427.724";"2.345";"Temperatur";"Besigheim (CYY137)";"Neckar";"2011";"18.05.2011";"18,5";"°C"
"CYY137";"510.766";"5.427.724";"2.345";"Temperatur";"Besigheim (CYY137)";"Neckar";"2011";"19.05.2011";"18,9";"°C"
"CYY137";"510.766";"5.427.724";"2.345";"Temperatur";"Besigheim (CYY137)";"Neckar";"2011";"20.05.2011";"19,3";"°C"
"CYY137";"510.766";"5.427.724";"2.345";"Temperatur";"Besigheim (CYY137)";"Neckar";"2011";"21.05.2011";"19,8";"°C"
"CYY137";"510.766";"5.427.724";"2.345";"Temperatur";"Besigheim (CYY137)";"Neckar";"2011";"22.05.2011";"20,1";"°C"
"CYY137";"510.766";"5.427.724";"2.345";"Temperatur";"Besigheim (CYY137)";"Neckar";"2011";"23.05.2011";"20,1";"°C"
"CYY137";"510.766";"5.427.724";"2.345";"Temperatur";"Besigheim (CYY137)";"Neckar";"2011";"24.05.2011";"20,2";"°C"
"CYY137";"510.766";"5.427.724";"2.345";"Temperatur";"Besigheim (CYY137)";"Neckar";"2011";"25.05.2011";"20,2";"°C"
"CYY137";"510.766";"5.427.724";"2.345";"Temperatur";"Besigheim (CYY137)";"Neckar";"2011";"26.05.2011";"20,1";"°C"
"CYY137";"510.766";"5.427.724";"2.345";"Temperatur";"Besigheim (CYY137)";"Neckar";"2011";"27.05.2011";"19,6";"°C"
"CYY137";"510.766";"5.427.724";"2.345";"Temperatur";"Besigheim (CYY137)";"Neckar";"2011";"28.05.2011";"19,5";"°C"
"CYY137";"510.766";"5.427.724";"2.345";"Temperatur";"Besigheim (CYY137)";"Neckar";"2011";"29.05.2011";"19,8";"°C"
"CYY137";"510.766";"5.427.724";"2.345";"Temperatur";"Besigheim (CYY137)";"Neckar";"2011";"30.05.2011";"20,3";"°C"
"CYY137";"510.766";"5.427.724";"2.345";"Temperatur";"Besigheim (CYY137)";"Neckar";"2011";"31.05.2011";"20,4";"°C"
"CYY137";"510.766";"5.427.724";"2.345";"Temperatur";"Besigheim (CYY137)";"Neckar";"2011";"01.06.2011";"19,7";"°C"
"CYY137";"510.766";"5.427.724";"2.345";"Temperatur";"Besigheim (CYY137)";"Neckar";"2011";"02.06.2011";"19,3";"°C"
"CYY137";"510.766";"5.427.724";"2.345";"Temperatur";"Besigheim (CYY137)";"Neckar";"2011";"03.06.2011";"19,8";"°C"
"CYY137";"510.766";"5.427.724";"2.345";"Temperatur";"Besigheim (CYY137)";"Neckar";"2011";"04.06.2011";"20,5";"°C"
"CYY137";"510.766";"5.427.724";"2.345";"Temperatur";"Besigheim (CYY137)";"Neckar";"2011";"05.06.2011";"20,6";"°C"
"CYY137";"510.766";"5.427.724";"2.345";"Temperatur";"Besigheim (CYY137)";"Neckar";"2011";"06.06.2011";"20,5";"°C"
"CYY137";"510.766";"5.427.724";"2.345";"Temperatur";"Besigheim (CYY137)";"Neckar";"2011";"07.06.2011";"20,9";"°C"
"CYY137";"510.766";"5.427.724";"2.345";"Temperatur";"Besigheim (CYY137)";"Neckar";"2011";"08.06.2011";"20,6";"°C"
"CYY137";"510.766";"5.427.724";"2.345";"Temperatur";"Besigheim (CYY137)";"Neckar";"2011";"09.06.2011";"19,8";"°C"
"CYY137";"510.766";"5.427.724";"2.345";"Temperatur";"Besigheim (CYY137)";"Neckar";"2011";"10.06.2011";"19,6";"°C"
"CYY137";"510.766";"5.427.724";"2.345";"Temperatur";"Besigheim (CYY137)";"Neckar";"2011";"11.06.2011";"19,9";"°C"
"CYY137";"510.766";"5.427.724";"2.345";"Temperatur";"Besigheim (CYY137)";"Neckar";"2011";"12.06.2011";"20,3";"°C"
"CYY137";"510.766";"5.427.724";"2.345";"Temperatur";"Besigheim (CYY137)";"Neckar";"2011";"13.06.2011";"20,6";"°C"
"CYY137";"510.766";"5.427.724";"2.345";"Temperatur";"Besigheim (CYY137)";"Neckar";"2011";"14.06.2011";"20,6";"°C"
"CYY137";"510.766";"5.427.724";"2.345";"Temperatur";"Besigheim (CYY137)";"Neckar";"2011";"15.06.2011";"21";"°C"
"CYY137";"510.766";"5.427.724";"2.345";"Temperatur";"Besigheim (CYY137)";"Neckar";"2011";"16.06.2011";"21,1";"°C"
"CYY137";"510.766";"5.427.724";"2.345";"Temperatur";"Besigheim (CYY137)";"Neckar";"2011";"17.06.2011";"21,3";"°C"
"CYY137";"510.766";"5.427.724";"2.345";"Temperatur";"Besigheim (CYY137)";"Neckar";"2011";"18.06.2011";"20,9";"°C"
"CYY137";"510.766";"5.427.724";"2.345";"Temperatur";"Besigheim (CYY137)";"Neckar";"2011";"19.06.2011";"20,2";"°C"
"CYY137";"510.766";"5.427.724";"2.345";"Temperatur";"Besigheim (CYY137)";"Neckar";"2011";"20.06.2011";"19,7";"°C"
"CYY137";"510.766";"5.427.724";"2.345";"Temperatur";"Besigheim (CYY137)";"Neckar";"2011";"21.06.2011";"19,7";"°C"
"CYY137";"510.766";"5.427.724";"2.345";"Temperatur";"Besigheim (CYY137)";"Neckar";"2011";"22.06.2011";"20";"°C"
"CYY137";"510.766";"5.427.724";"2.345";"Temperatur";"Besigheim (CYY137)";"Neckar";"2011";"23.06.2011";"19,9";"°C"
"CYY137";"510.766";"5.427.724";"2.345";"Temperatur";"Besigheim (CYY137)";"Neckar";"2011";"24.06.2011";"19,8";"°C"
"CYY137";"510.766";"5.427.724";"2.345";"Temperatur";"Besigheim (CYY137)";"Neckar";"2011";"25.06.2011";"19,9";"°C"
"CYY137";"510.766";"5.427.724";"2.345";"Temperatur";"Besigheim (CYY137)";"Neckar";"2011";"26.06.2011";"20,5";"°C"
"CYY137";"510.766";"5.427.724";"2.345";"Temperatur";"Besigheim (CYY137)";"Neckar";"2011";"27.06.2011";"21,5";"°C"
"CYY137";"510.766";"5.427.724";"2.345";"Temperatur";"Besigheim (CYY137)";"Neckar";"2011";"28.06.2011";"22,3";"°C"
"CYY137";"510.766";"5.427.724";"2.345";"Temperatur";"Besigheim (CYY137)";"Neckar";"2011";"29.06.2011";"22,5";"°C"
"CYY137";"510.766";"5.427.724";"2.345";"Temperatur";"Besigheim (CYY137)";"Neckar";"2011";"30.06.2011";"22,4";"°C"
"CYY137";"510.766";"5.427.724";"2.345";"Temperatur";"Besigheim (CYY137)";"Neckar";"2011";"01.07.2011";"21,9";"°C"
"CYY137";"510.766";"5.427.724";"2.345";"Temperatur";"Besigheim (CYY137)";"Neckar";"2011";"02.07.2011";"21,5";"°C"
"CYY137";"510.766";"5.427.724";"2.345";"Temperatur";"Besigheim (CYY137)";"Neckar";"2011";"03.07.2011";"21,1";"°C"
"CYY137";"510.766";"5.427.724";"2.345";"Temperatur";"Besigheim (CYY137)";"Neckar";"2011";"04.07.2011";"21,2";"°C"
"CYY137";"510.766";"5.427.724";"2.345";"Temperatur";"Besigheim (CYY137)";"Neckar";"2011";"05.07.2011";"21,7";"°C"
"CYY137";"510.766";"5.427.724";"2.345";"Temperatur";"Besigheim (CYY137)";"Neckar";"2011";"06.07.2011";"21,8";"°C"
"CYY137";"510.766";"5.427.724";"2.345";"Temperatur";"Besigheim (CYY137)";"Neckar";"2011";"07.07.2011";"22";"°C"
"CYY137";"510.766";"5.427.724";"2.345";"Temperatur";"Besigheim (CYY137)";"Neckar";"2011";"08.07.2011";"21,5";"°C"
"CYY137";"510.766";"5.427.724";"2.345";"Temperatur";"Besigheim (CYY137)";"Neckar";"2011";"09.07.2011";"21,3";"°C"
"CYY137";"510.766";"5.427.724";"2.345";"Temperatur";"Besigheim (CYY137)";"Neckar";"2011";"10.07.2011";"21,4";"°C"
"CYY137";"510.766";"5.427.724";"2.345";"Temperatur";"Besigheim (CYY137)";"Neckar";"2011";"11.07.2011";"21,6";"°C"
"CYY137";"510.766";"5.427.724";"2.345";"Temperatur";"Besigheim (CYY137)";"Neckar";"2011";"12.07.2011";"22";"°C"
"CYY137";"510.766";"5.427.724";"2.345";"Temperatur";"Besigheim (CYY137)";"Neckar";"2011";"13.07.2011";"21,9";"°C"
"CYY137";"510.766";"5.427.724";"2.345";"Temperatur";"Besigheim (CYY137)";"Neckar";"2011";"14.07.2011";"21,4";"°C"
"CYY137";"510.766";"5.427.724";"2.345";"Temperatur";"Besigheim (CYY137)";"Neckar";"2011";"15.07.2011";"21,1";"°C"
"CYY137";"510.766";"5.427.724";"2.345";"Temperatur";"Besigheim (CYY137)";"Neckar";"2011";"16.07.2011";"21";"°C"
"CYY137";"510.766";"5.427.724";"2.345";"Temperatur";"Besigheim (CYY137)";"Neckar";"2011";"17.07.2011";"20,7";"°C"
"CYY137";"510.766";"5.427.724";"2.345";"Temperatur";"Besigheim (CYY137)";"Neckar";"2011";"18.07.2011";"19,9";"°C"
"CYY137";"510.766";"5.427.724";"2.345";"Temperatur";"Besigheim (CYY137)";"Neckar";"2011";"19.07.2011";"19,7";"°C"
"CYY137";"510.766";"5.427.724";"2.345";"Temperatur";"Besigheim (CYY137)";"Neckar";"2011";"20.07.2011";"18,8";"°C"
"CYY137";"510.766";"5.427.724";"2.345";"Temperatur";"Besigheim (CYY137)";"Neckar";"2011";"21.07.2011";"17,5";"°C"
"CYY137";"510.766";"5.427.724";"2.345";"Temperatur";"Besigheim (CYY137)";"Neckar";"2011";"22.07.2011";"17,4";"°C"
"CYY137";"510.766";"5.427.724";"2.345";"Temperatur";"Besigheim (CYY137)";"Neckar";"2011";"23.07.2011";"17,3";"°C"
"CYY137";"510.766";"5.427.724";"2.345";"Temperatur";"Besigheim (CYY137)";"Neckar";"2011";"24.07.2011";"17,2";"°C"
"CYY137";"510.766";"5.427.724";"2.345";"Temperatur";"Besigheim (CYY137)";"Neckar";"2011";"25.07.2011";"17,2";"°C"
"CYY137";"510.766";"5.427.724";"2.345";"Temperatur";"Besigheim (CYY137)";"Neckar";"2011";"26.07.2011";"17,4";"°C"
"CYY137";"510.766";"5.427.724";"2.345";"Temperatur";"Besigheim (CYY137)";"Neckar";"2011";"27.07.2011";"17,7";"°C"
"CYY137";"510.766";"5.427.724";"2.345";"Temperatur";"Besigheim (CYY137)";"Neckar";"2011";"28.07.2011";"18,1";"°C"
"CYY137";"510.766";"5.427.724";"2.345";"Temperatur";"Besigheim (CYY137)";"Neckar";"2011";"29.07.2011";"18,4";"°C"
"CYY137";"510.766";"5.427.724";"2.345";"Temperatur";"Besigheim (CYY137)";"Neckar";"2011";"30.07.2011";"18,5";"°C"
"CYY137";"510.766";"5.427.724";"2.345";"Temperatur";"Besigheim (CYY137)";"Neckar";"2011";"31.07.2011";"18,4";"°C"
"CYY137";"510.766";"5.427.724";"2.345";"Temperatur";"Besigheim (CYY137)";"Neckar";"2011";"01.08.2011";"18,4";"°C"
"CYY137";"510.766";"5.427.724";"2.345";"Temperatur";"Besigheim (CYY137)";"Neckar";"2011";"02.08.2011";"19,1";"°C"
"CYY137";"510.766";"5.427.724";"2.345";"Temperatur";"Besigheim (CYY137)";"Neckar";"2011";"03.08.2011";"19,6";"°C"
"CYY137";"510.766";"5.427.724";"2.345";"Temperatur";"Besigheim (CYY137)";"Neckar";"2011";"04.08.2011";"20,1";"°C"
"CYY137";"510.766";"5.427.724";"2.345";"Temperatur";"Besigheim (CYY137)";"Neckar";"2011";"05.08.2011";"20,5";"°C"
"CYY137";"510.766";"5.427.724";"2.345";"Temperatur";"Besigheim (CYY137)";"Neckar";"2011";"06.08.2011";"20,7";"°C"
"CYY137";"510.766";"5.427.724";"2.345";"Temperatur";"Besigheim (CYY137)";"Neckar";"2011";"07.08.2011";"20,5";"°C"
"CYY137";"510.766";"5.427.724";"2.345";"Temperatur";"Besigheim (CYY137)";"Neckar";"2011";"08.08.2011";"20,2";"°C"
"CYY137";"510.766";"5.427.724";"2.345";"Temperatur";"Besigheim (CYY137)";"Neckar";"2011";"09.08.2011";"19,8";"°C"
"CYY137";"510.766";"5.427.724";"2.345";"Temperatur";"Besigheim (CYY137)";"Neckar";"2011";"10.08.2011";"19,4";"°C"
"CYY137";"510.766";"5.427.724";"2.345";"Temperatur";"Besigheim (CYY137)";"Neckar";"2011";"11.08.2011";"19,3";"°C"
"CYY137";"510.766";"5.427.724";"2.345";"Temperatur";"Besigheim (CYY137)";"Neckar";"2011";"12.08.2011";"19,4";"°C"
"CYY137";"510.766";"5.427.724";"2.345";"Temperatur";"Besigheim (CYY137)";"Neckar";"2011";"13.08.2011";"19,5";"°C"
"CYY137";"510.766";"5.427.724";"2.345";"Temperatur";"Besigheim (CYY137)";"Neckar";"2011";"14.08.2011";"19,7";"°C"
"CYY137";"510.766";"5.427.724";"2.345";"Temperatur";"Besigheim (CYY137)";"Neckar";"2011";"15.08.2011";"19,8";"°C"
"CYY137";"510.766";"5.427.724";"2.345";"Temperatur";"Besigheim (CYY137)";"Neckar";"2011";"16.08.2011";"19,6";"°C"
"CYY137";"510.766";"5.427.724";"2.345";"Temperatur";"Besigheim (CYY137)";"Neckar";"2011";"17.08.2011";"20";"°C"
"CYY137";"510.766";"5.427.724";"2.345";"Temperatur";"Besigheim (CYY137)";"Neckar";"2011";"18.08.2011";"20,4";"°C"
"CYY137";"510.766";"5.427.724";"2.345";"Temperatur";"Besigheim (CYY137)";"Neckar";"2011";"19.08.2011";"20,9";"°C"
"CYY137";"510.766";"5.427.724";"2.345";"Temperatur";"Besigheim (CYY137)";"Neckar";"2011";"20.08.2011";"21,5";"°C"
"CYY137";"510.766";"5.427.724";"2.345";"Temperatur";"Besigheim (CYY137)";"Neckar";"2011";"21.08.2011";"22";"°C"
"CYY137";"510.766";"5.427.724";"2.345";"Temperatur";"Besigheim (CYY137)";"Neckar";"2011";"22.08.2011";"22,8";"°C"
"CYY137";"510.766";"5.427.724";"2.345";"Temperatur";"Besigheim (CYY137)";"Neckar";"2011";"23.08.2011";"23,3";"°C"
"CYY137";"510.766";"5.427.724";"2.345";"Temperatur";"Besigheim (CYY137)";"Neckar";"2011";"24.08.2011";"23,7";"°C"
"CYY137";"510.766";"5.427.724";"2.345";"Temperatur";"Besigheim (CYY137)";"Neckar";"2011";"25.08.2011";"23,8";"°C"
"CYY137";"510.766";"5.427.724";"2.345";"Temperatur";"Besigheim (CYY137)";"Neckar";"2011";"26.08.2011";"24,2";"°C"
"CYY137";"510.766";"5.427.724";"2.345";"Temperatur";"Besigheim (CYY137)";"Neckar";"2011";"27.08.2011";"23,5";"°C"
"CYY137";"510.766";"5.427.724";"2.345";"Temperatur";"Besigheim (CYY137)";"Neckar";"2011";"28.08.2011";"22,8";"°C"
"CYY137";"510.766";"5.427.724";"2.345";"Temperatur";"Besigheim (CYY137)";"Neckar";"2011";"29.08.2011";"22,1";"°C"
"CYY137";"510.766";"5.427.724";"2.345";"Temperatur";"Besigheim (CYY137)";"Neckar";"2011";"30.08.2011";"21,9";"°C"
"CYY137";"510.766";"5.427.724";"2.345";"Temperatur";"Besigheim (CYY137)";"Neckar";"2011";"31.08.2011";"21,7";"°C"
"CYY137";"510.766";"5.427.724";"2.345";"Temperatur";"Besigheim (CYY137)";"Neckar";"2011";"01.09.2011";"21,3";"°C"
"CYY137";"510.766";"5.427.724";"2.345";"Temperatur";"Besigheim (CYY137)";"Neckar";"2011";"02.09.2011";"21,2";"°C"
"CYY137";"510.766";"5.427.724";"2.345";"Temperatur";"Besigheim (CYY137)";"Neckar";"2011";"03.09.2011";"21,3";"°C"
"CYY137";"510.766";"5.427.724";"2.345";"Temperatur";"Besigheim (CYY137)";"Neckar";"2011";"04.09.2011";"21,6";"°C"
"CYY137";"510.766";"5.427.724";"2.345";"Temperatur";"Besigheim (CYY137)";"Neckar";"2011";"05.09.2011";"21,2";"°C"
"CYY137";"510.766";"5.427.724";"2.345";"Temperatur";"Besigheim (CYY137)";"Neckar";"2011";"06.09.2011";"20,6";"°C"
"CYY137";"510.766";"5.427.724";"2.345";"Temperatur";"Besigheim (CYY137)";"Neckar";"2011";"07.09.2011";"20,3";"°C"
"CYY137";"510.766";"5.427.724";"2.345";"Temperatur";"Besigheim (CYY137)";"Neckar";"2011";"08.09.2011";"19,8";"°C"
"CYY137";"510.766";"5.427.724";"2.345";"Temperatur";"Besigheim (CYY137)";"Neckar";"2011";"09.09.2011";"19,4";"°C"
"CYY137";"510.766";"5.427.724";"2.345";"Temperatur";"Besigheim (CYY137)";"Neckar";"2011";"10.09.2011";"19,6";"°C"
"CYY137";"510.766";"5.427.724";"2.345";"Temperatur";"Besigheim (CYY137)";"Neckar";"2011";"11.09.2011";"19,9";"°C"
"CYY137";"510.766";"5.427.724";"2.345";"Temperatur";"Besigheim (CYY137)";"Neckar";"2011";"12.09.2011";"20";"°C"
"CYY137";"510.766";"5.427.724";"2.345";"Temperatur";"Besigheim (CYY137)";"Neckar";"2011";"13.09.2011";"20,2";"°C"
"CYY137";"510.766";"5.427.724";"2.345";"Temperatur";"Besigheim (CYY137)";"Neckar";"2011";"14.09.2011";"20,1";"°C"
"CYY137";"510.766";"5.427.724";"2.345";"Temperatur";"Besigheim (CYY137)";"Neckar";"2011";"15.09.2011";"20";"°C"
"CYY137";"510.766";"5.427.724";"2.345";"Temperatur";"Besigheim (CYY137)";"Neckar";"2011";"16.09.2011";"19,8";"°C"
"CYY137";"510.766";"5.427.724";"2.345";"Temperatur";"Besigheim (CYY137)";"Neckar";"2011";"17.09.2011";"19,8";"°C"
"CYY137";"510.766";"5.427.724";"2.345";"Temperatur";"Besigheim (CYY137)";"Neckar";"2011";"18.09.2011";"19,4";"°C"
"CYY137";"510.766";"5.427.724";"2.345";"Temperatur";"Besigheim (CYY137)";"Neckar";"2011";"19.09.2011";"18,7";"°C"
"CYY137";"510.766";"5.427.724";"2.345";"Temperatur";"Besigheim (CYY137)";"Neckar";"2011";"20.09.2011";"18,3";"°C"
"CYY137";"510.766";"5.427.724";"2.345";"Temperatur";"Besigheim (CYY137)";"Neckar";"2011";"21.09.2011";"18,4";"°C"
"CYY137";"510.766";"5.427.724";"2.345";"Temperatur";"Besigheim (CYY137)";"Neckar";"2011";"22.09.2011";"18,2";"°C"
"CYY137";"510.766";"5.427.724";"2.345";"Temperatur";"Besigheim (CYY137)";"Neckar";"2011";"23.09.2011";"18,2";"°C"
"CYY137";"510.766";"5.427.724";"2.345";"Temperatur";"Besigheim (CYY137)";"Neckar";"2011";"24.09.2011";"18,2";"°C"
"CYY137";"510.766";"5.427.724";"2.345";"Temperatur";"Besigheim (CYY137)";"Neckar";"2011";"25.09.2011";"18,1";"°C"
"CYY137";"510.766";"5.427.724";"2.345";"Temperatur";"Besigheim (CYY137)";"Neckar";"2011";"26.09.2011";"18";"°C"
"CYY137";"510.766";"5.427.724";"2.345";"Temperatur";"Besigheim (CYY137)";"Neckar";"2011";"27.09.2011";"18";"°C"
"CYY137";"510.766";"5.427.724";"2.345";"Temperatur";"Besigheim (CYY137)";"Neckar";"2011";"28.09.2011";"18,1";"°C"
"CYY137";"510.766";"5.427.724";"2.345";"Temperatur";"Besigheim (CYY137)";"Neckar";"2011";"29.09.2011";"18,3";"°C"
"CYY137";"510.766";"5.427.724";"2.345";"Temperatur";"Besigheim (CYY137)";"Neckar";"2011";"30.09.2011";"18,2";"°C"
"CYY137";"510.766";"5.427.724";"2.345";"Temperatur";"Besigheim (CYY137)";"Neckar";"2011";"01.10.2011";"18,1";"°C"
"CYY137";"510.766";"5.427.724";"2.345";"Temperatur";"Besigheim (CYY137)";"Neckar";"2011";"02.10.2011";"18";"°C"
"CYY137";"510.766";"5.427.724";"2.345";"Temperatur";"Besigheim (CYY137)";"Neckar";"2011";"03.10.2011";"18";"°C"
"CYY137";"510.766";"5.427.724";"2.345";"Temperatur";"Besigheim (CYY137)";"Neckar";"2011";"04.10.2011";"18";"°C"
"CYY137";"510.766";"5.427.724";"2.345";"Temperatur";"Besigheim (CYY137)";"Neckar";"2011";"05.10.2011";"17,9";"°C"
"CYY137";"510.766";"5.427.724";"2.345";"Temperatur";"Besigheim (CYY137)";"Neckar";"2011";"06.10.2011";"17,8";"°C"
"CYY137";"510.766";"5.427.724";"2.345";"Temperatur";"Besigheim (CYY137)";"Neckar";"2011";"07.10.2011";"17,2";"°C"
"CYY137";"510.766";"5.427.724";"2.345";"Temperatur";"Besigheim (CYY137)";"Neckar";"2011";"08.10.2011";"16,5";"°C"
"CYY137";"510.766";"5.427.724";"2.345";"Temperatur";"Besigheim (CYY137)";"Neckar";"2011";"09.10.2011";"16";"°C"
"CYY137";"510.766";"5.427.724";"2.345";"Temperatur";"Besigheim (CYY137)";"Neckar";"2011";"10.10.2011";"15,4";"°C"
"CYY137";"510.766";"5.427.724";"2.345";"Temperatur";"Besigheim (CYY137)";"Neckar";"2011";"11.10.2011";"15,2";"°C"
"CYY137";"510.766";"5.427.724";"2.345";"Temperatur";"Besigheim (CYY137)";"Neckar";"2011";"12.10.2011";"15,2";"°C"
"CYY137";"510.766";"5.427.724";"2.345";"Temperatur";"Besigheim (CYY137)";"Neckar";"2011";"13.10.2011";"15,2";"°C"
"CYY137";"510.766";"5.427.724";"2.345";"Temperatur";"Besigheim (CYY137)";"Neckar";"2011";"14.10.2011";"14,8";"°C"
"CYY137";"510.766";"5.427.724";"2.345";"Temperatur";"Besigheim (CYY137)";"Neckar";"2011";"15.10.2011";"14,2";"°C"
"CYY137";"510.766";"5.427.724";"2.345";"Temperatur";"Besigheim (CYY137)";"Neckar";"2011";"16.10.2011";"13,7";"°C"
"CYY137";"510.766";"5.427.724";"2.345";"Temperatur";"Besigheim (CYY137)";"Neckar";"2011";"17.10.2011";"13,3";"°C"
"CYY137";"510.766";"5.427.724";"2.345";"Temperatur";"Besigheim (CYY137)";"Neckar";"2011";"18.10.2011";"13,2";"°C"
"CYY137";"510.766";"5.427.724";"2.345";"Temperatur";"Besigheim (CYY137)";"Neckar";"2011";"19.10.2011";"12,9";"°C"
"CYY137";"510.766";"5.427.724";"2.345";"Temperatur";"Besigheim (CYY137)";"Neckar";"2011";"20.10.2011";"12,6";"°C"
"CYY137";"510.766";"5.427.724";"2.345";"Temperatur";"Besigheim (CYY137)";"Neckar";"2011";"21.10.2011";"12,5";"°C"
"CYY137";"510.766";"5.427.724";"2.345";"Temperatur";"Besigheim (CYY137)";"Neckar";"2011";"22.10.2011";"12,6";"°C"
"CYY137";"510.766";"5.427.724";"2.345";"Temperatur";"Besigheim (CYY137)";"Neckar";"2011";"23.10.2011";"11,2";"°C"
"CYY137";"510.766";"5.427.724";"2.345";"Temperatur";"Besigheim (CYY137)";"Neckar";"2011";"24.10.2011";"10,6";"°C"
"CYY137";"510.766";"5.427.724";"2.345";"Temperatur";"Besigheim (CYY137)";"Neckar";"2011";"25.10.2011";"10,3";"°C"
"CYY137";"510.766";"5.427.724";"2.345";"Temperatur";"Besigheim (CYY137)";"Neckar";"2011";"26.10.2011";"10,4";"°C"
"CYY137";"510.766";"5.427.724";"2.345";"Temperatur";"Besigheim (CYY137)";"Neckar";"2011";"27.10.2011";"10,3";"°C"
"CYY137";"510.766";"5.427.724";"2.345";"Temperatur";"Besigheim (CYY137)";"Neckar";"2011";"28.10.2011";"10,3";"°C"
"CYY137";"510.766";"5.427.724";"2.345";"Temperatur";"Besigheim (CYY137)";"Neckar";"2011";"29.10.2011";"10,3";"°C"
"CYY137";"510.766";"5.427.724";"2.345";"Temperatur";"Besigheim (CYY137)";"Neckar";"2011";"30.10.2011";"10,5";"°C"
"CYY137";"510.766";"5.427.724";"2.345";"Temperatur";"Besigheim (CYY137)";"Neckar";"2011";"31.10.2011";"10,5";"°C"
"CYY137";"510.766";"5.427.724";"2.345";"Temperatur";"Besigheim (CYY137)";"Neckar";"2011";"01.11.2011";"10,5";"°C"
"CYY137";"510.766";"5.427.724";"2.345";"Temperatur";"Besigheim (CYY137)";"Neckar";"2011";"02.11.2011";"10,6";"°C"
"CYY137";"510.766";"5.427.724";"2.345";"Temperatur";"Besigheim (CYY137)";"Neckar";"2011";"03.11.2011";"10,6";"°C"
"CYY137";"510.766";"5.427.724";"2.345";"Temperatur";"Besigheim (CYY137)";"Neckar";"2011";"04.11.2011";"10,6";"°C"
"CYY137";"510.766";"5.427.724";"2.345";"Temperatur";"Besigheim (CYY137)";"Neckar";"2011";"05.11.2011";"10,6";"°C"
"CYY137";"510.766";"5.427.724";"2.345";"Temperatur";"Besigheim (CYY137)";"Neckar";"2011";"06.11.2011";"10,7";"°C"
"CYY137";"510.766";"5.427.724";"2.345";"Temperatur";"Besigheim (CYY137)";"Neckar";"2011";"07.11.2011";"10,6";"°C"
"CYY137";"510.766";"5.427.724";"2.345";"Temperatur";"Besigheim (CYY137)";"Neckar";"2011";"08.11.2011";"10,7";"°C"
"CYY137";"510.766";"5.427.724";"2.345";"Temperatur";"Besigheim (CYY137)";"Neckar";"2011";"09.11.2011";"10,6";"°C"
"CYY137";"510.766";"5.427.724";"2.345";"Temperatur";"Besigheim (CYY137)";"Neckar";"2011";"10.11.2011";"10,4";"°C"
"CYY137";"510.766";"5.427.724";"2.345";"Temperatur";"Besigheim (CYY137)";"Neckar";"2011";"11.11.2011";"10,4";"°C"
"CYY137";"510.766";"5.427.724";"2.345";"Temperatur";"Besigheim (CYY137)";"Neckar";"2011";"12.11.2011";"10,2";"°C"
"CYY137";"510.766";"5.427.724";"2.345";"Temperatur";"Besigheim (CYY137)";"Neckar";"2011";"13.11.2011";"10";"°C"
"CYY137";"510.766";"5.427.724";"2.345";"Temperatur";"Besigheim (CYY137)";"Neckar";"2011";"14.11.2011";"9,7";"°C"
"CYY137";"510.766";"5.427.724";"2.345";"Temperatur";"Besigheim (CYY137)";"Neckar";"2011";"15.11.2011";"9,4";"°C"
"CYY137";"510.766";"5.427.724";"2.345";"Temperatur";"Besigheim (CYY137)";"Neckar";"2011";"16.11.2011";"8,8";"°C"
"CYY137";"510.766";"5.427.724";"2.345";"Temperatur";"Besigheim (CYY137)";"Neckar";"2011";"17.11.2011";"8,6";"°C"
"CYY137";"510.766";"5.427.724";"2.345";"Temperatur";"Besigheim (CYY137)";"Neckar";"2011";"18.11.2011";"8,5";"°C"
"CYY137";"510.766";"5.427.724";"2.345";"Temperatur";"Besigheim (CYY137)";"Neckar";"2011";"19.11.2011";"8,4";"°C"
"CYY137";"510.766";"5.427.724";"2.345";"Temperatur";"Besigheim (CYY137)";"Neckar";"2011";"20.11.2011";"8,3";"°C"
"CYY137";"510.766";"5.427.724";"2.345";"Temperatur";"Besigheim (CYY137)";"Neckar";"2011";"21.11.2011";"8,2";"°C"
"CYY137";"510.766";"5.427.724";"2.345";"Temperatur";"Besigheim (CYY137)";"Neckar";"2011";"22.11.2011";"8";"°C"
"CYY137";"510.766";"5.427.724";"2.345";"Temperatur";"Besigheim (CYY137)";"Neckar";"2011";"23.11.2011";"7,7";"°C"
"CYY137";"510.766";"5.427.724";"2.345";"Temperatur";"Besigheim (CYY137)";"Neckar";"2011";"24.11.2011";"7,4";"°C"
"CYY137";"510.766";"5.427.724";"2.345";"Temperatur";"Besigheim (CYY137)";"Neckar";"2011";"25.11.2011";"7";"°C"
"CYY137";"510.766";"5.427.724";"2.345";"Temperatur";"Besigheim (CYY137)";"Neckar";"2011";"26.11.2011";"6,9";"°C"
"CYY137";"510.766";"5.427.724";"2.345";"Temperatur";"Besigheim (CYY137)";"Neckar";"2011";"27.11.2011";"6,7";"°C"
"CYY137";"510.766";"5.427.724";"2.345";"Temperatur";"Besigheim (CYY137)";"Neckar";"2011";"28.11.2011";"6,7";"°C"
"CYY137";"510.766";"5.427.724";"2.345";"Temperatur";"Besigheim (CYY137)";"Neckar";"2011";"29.11.2011";"6,3";"°C"
"CYY137";"510.766";"5.427.724";"2.345";"Temperatur";"Besigheim (CYY137)";"Neckar";"2011";"30.11.2011";"6,3";"°C"
"CYY137";"510.766";"5.427.724";"2.345";"Temperatur";"Besigheim (CYY137)";"Neckar";"2011";"01.12.2011";"6,3";"°C"
"CYY137";"510.766";"5.427.724";"2.345";"Temperatur";"Besigheim (CYY137)";"Neckar";"2011";"02.12.2011";"6,3";"°C"
"CYY137";"510.766";"5.427.724";"2.345";"Temperatur";"Besigheim (CYY137)";"Neckar";"2011";"03.12.2011";"6,4";"°C"
"CYY137";"510.766";"5.427.724";"2.345";"Temperatur";"Besigheim (CYY137)";"Neckar";"2011";"04.12.2011";"6,7";"°C"
"CYY137";"510.766";"5.427.724";"2.345";"Temperatur";"Besigheim (CYY137)";"Neckar";"2011";"05.12.2011";"7";"°C"
"CYY137";"510.766";"5.427.724";"2.345";"Temperatur";"Besigheim (CYY137)";"Neckar";"2011";"06.12.2011";"7,1";"°C"
"CYY137";"510.766";"5.427.724";"2.345";"Temperatur";"Besigheim (CYY137)";"Neckar";"2011";"07.12.2011";"6,9";"°C"
"CYY137";"510.766";"5.427.724";"2.345";"Temperatur";"Besigheim (CYY137)";"Neckar";"2011";"08.12.2011";"6,7";"°C"
"CYY137";"510.766";"5.427.724";"2.345";"Temperatur";"Besigheim (CYY137)";"Neckar";"2011";"09.12.2011";"6,9";"°C"
"CYY137";"510.766";"5.427.724";"2.345";"Temperatur";"Besigheim (CYY137)";"Neckar";"2011";"10.12.2011";"7";"°C"
"CYY137";"510.766";"5.427.724";"2.345";"Temperatur";"Besigheim (CYY137)";"Neckar";"2011";"11.12.2011";"6,7";"°C"
"CYY137";"510.766";"5.427.724";"2.345";"Temperatur";"Besigheim (CYY137)";"Neckar";"2011";"12.12.2011";"6,7";"°C"
"CYY137";"510.766";"5.427.724";"2.345";"Temperatur";"Besigheim (CYY137)";"Neckar";"2011";"13.12.2011";"6,7";"°C"
"CYY137";"510.766";"5.427.724";"2.345";"Temperatur";"Besigheim (CYY137)";"Neckar";"2011";"14.12.2011";"6,7";"°C"
"CYY137";"510.766";"5.427.724";"2.345";"Temperatur";"Besigheim (CYY137)";"Neckar";"2011";"15.12.2011";"6,7";"°C"
"CYY137";"510.766";"5.427.724";"2.345";"Temperatur";"Besigheim (CYY137)";"Neckar";"2011";"16.12.2011";"6,8";"°C"
"CYY137";"510.766";"5.427.724";"2.345";"Temperatur";"Besigheim (CYY137)";"Neckar";"2011";"17.12.2011";"7";"°C"
"CYY137";"510.766";"5.427.724";"2.345";"Temperatur";"Besigheim (CYY137)";"Neckar";"2011";"18.12.2011";"6,5";"°C"
"CYY137";"510.766";"5.427.724";"2.345";"Temperatur";"Besigheim (CYY137)";"Neckar";"2011";"19.12.2011";"6";"°C"
"CYY137";"510.766";"5.427.724";"2.345";"Temperatur";"Besigheim (CYY137)";"Neckar";"2011";"20.12.2011";"5,6";"°C"
"CYY137";"510.766";"5.427.724";"2.345";"Temperatur";"Besigheim (CYY137)";"Neckar";"2011";"21.12.2011";"5,4";"°C"
"CYY137";"510.766";"5.427.724";"2.345";"Temperatur";"Besigheim (CYY137)";"Neckar";"2011";"22.12.2011";"5,5";"°C"
"CYY137";"510.766";"5.427.724";"2.345";"Temperatur";"Besigheim (CYY137)";"Neckar";"2011";"23.12.2011";"6";"°C"
"CYY137";"510.766";"5.427.724";"2.345";"Temperatur";"Besigheim (CYY137)";"Neckar";"2011";"24.12.2011";"6,7";"°C"
"CYY137";"510.766";"5.427.724";"2.345";"Temperatur";"Besigheim (CYY137)";"Neckar";"2011";"25.12.2011";"6,9";"°C"
"CYY137";"510.766";"5.427.724";"2.345";"Temperatur";"Besigheim (CYY137)";"Neckar";"2011";"26.12.2011";"6,9";"°C"
"CYY137";"510.766";"5.427.724";"2.345";"Temperatur";"Besigheim (CYY137)";"Neckar";"2011";"27.12.2011";"6,9";"°C"
"CYY137";"510.766";"5.427.724";"2.345";"Temperatur";"Besigheim (CYY137)";"Neckar";"2011";"28.12.2011";"6,9";"°C"
"CYY137";"510.766";"5.427.724";"2.345";"Temperatur";"Besigheim (CYY137)";"Neckar";"2011";"29.12.2011";"7";"°C"
"CYY137";"510.766";"5.427.724";"2.345";"Temperatur";"Besigheim (CYY137)";"Neckar";"2011";"30.12.2011";"6,8";"°C"
"CYY137";"510.766";"5.427.724";"2.345";"Temperatur";"Besigheim (CYY137)";"Neckar";"2011";"31.12.2011";"6,6";"°C"
"CYY137";"510.766";"5.427.724";"2.345";"Temperatur";"Besigheim (CYY137)";"Neckar";"2012";"01.01.2012";"6,8";"°C"
"CYY137";"510.766";"5.427.724";"2.345";"Temperatur";"Besigheim (CYY137)";"Neckar";"2012";"02.01.2012";"7,2";"°C"
"CYY137";"510.766";"5.427.724";"2.345";"Temperatur";"Besigheim (CYY137)";"Neckar";"2012";"03.01.2012";"7,6";"°C"
"CYY137";"510.766";"5.427.724";"2.345";"Temperatur";"Besigheim (CYY137)";"Neckar";"2012";"04.01.2012";"7,7";"°C"
"CYY137";"510.766";"5.427.724";"2.345";"Temperatur";"Besigheim (CYY137)";"Neckar";"2012";"05.01.2012";"7,4";"°C"
"CYY137";"510.766";"5.427.724";"2.345";"Temperatur";"Besigheim (CYY137)";"Neckar";"2012";"06.01.2012";"6,7";"°C"
"CYY137";"510.766";"5.427.724";"2.345";"Temperatur";"Besigheim (CYY137)";"Neckar";"2012";"07.01.2012";"6,2";"°C"
"CYY137";"510.766";"5.427.724";"2.345";"Temperatur";"Besigheim (CYY137)";"Neckar";"2012";"08.01.2012";"6,2";"°C"
"CYY137";"510.766";"5.427.724";"2.345";"Temperatur";"Besigheim (CYY137)";"Neckar";"2012";"09.01.2012";"6,4";"°C"
"CYY137";"510.766";"5.427.724";"2.345";"Temperatur";"Besigheim (CYY137)";"Neckar";"2012";"10.01.2012";"6,9";"°C"
"CYY137";"510.766";"5.427.724";"2.345";"Temperatur";"Besigheim (CYY137)";"Neckar";"2012";"11.01.2012";"7";"°C"
"CYY137";"510.766";"5.427.724";"2.345";"Temperatur";"Besigheim (CYY137)";"Neckar";"2012";"12.01.2012";"7";"°C"
"CYY137";"510.766";"5.427.724";"2.345";"Temperatur";"Besigheim (CYY137)";"Neckar";"2012";"13.01.2012";"6,8";"°C"
"CYY137";"510.766";"5.427.724";"2.345";"Temperatur";"Besigheim (CYY137)";"Neckar";"2012";"14.01.2012";"6,5";"°C"
"CYY137";"510.766";"5.427.724";"2.345";"Temperatur";"Besigheim (CYY137)";"Neckar";"2012";"15.01.2012";"6,2";"°C"
"CYY137";"510.766";"5.427.724";"2.345";"Temperatur";"Besigheim (CYY137)";"Neckar";"2012";"16.01.2012";"5,6";"°C"
"CYY137";"510.766";"5.427.724";"2.345";"Temperatur";"Besigheim (CYY137)";"Neckar";"2012";"17.01.2012";"5";"°C"
"CYY137";"510.766";"5.427.724";"2.345";"Temperatur";"Besigheim (CYY137)";"Neckar";"2012";"18.01.2012";"4,4";"°C"
"CYY137";"510.766";"5.427.724";"2.345";"Temperatur";"Besigheim (CYY137)";"Neckar";"2012";"19.01.2012";"4,2";"°C"
"CYY137";"510.766";"5.427.724";"2.345";"Temperatur";"Besigheim (CYY137)";"Neckar";"2012";"20.01.2012";"4,6";"°C"
"CYY137";"510.766";"5.427.724";"2.345";"Temperatur";"Besigheim (CYY137)";"Neckar";"2012";"21.01.2012";"5,5";"°C"
"CYY137";"510.766";"5.427.724";"2.345";"Temperatur";"Besigheim (CYY137)";"Neckar";"2012";"22.01.2012";"5,8";"°C"
"CYY137";"510.766";"5.427.724";"2.345";"Temperatur";"Besigheim (CYY137)";"Neckar";"2012";"23.01.2012";"6,3";"°C"
"CYY137";"510.766";"5.427.724";"2.345";"Temperatur";"Besigheim (CYY137)";"Neckar";"2012";"24.01.2012";"6,5";"°C"
"CYY137";"510.766";"5.427.724";"2.345";"Temperatur";"Besigheim (CYY137)";"Neckar";"2012";"25.01.2012";"6,1";"°C"
"CYY137";"510.766";"5.427.724";"2.345";"Temperatur";"Besigheim (CYY137)";"Neckar";"2012";"26.01.2012";"5,6";"°C"
"CYY137";"510.766";"5.427.724";"2.345";"Temperatur";"Besigheim (CYY137)";"Neckar";"2012";"27.01.2012";"5,4";"°C"
"CYY137";"510.766";"5.427.724";"2.345";"Temperatur";"Besigheim (CYY137)";"Neckar";"2012";"28.01.2012";"5,5";"°C"
"CYY137";"510.766";"5.427.724";"2.345";"Temperatur";"Besigheim (CYY137)";"Neckar";"2012";"29.01.2012";"5,9";"°C"
"CYY137";"510.766";"5.427.724";"2.345";"Temperatur";"Besigheim (CYY137)";"Neckar";"2012";"30.01.2012";"5,9";"°C"
"CYY137";"510.766";"5.427.724";"2.345";"Temperatur";"Besigheim (CYY137)";"Neckar";"2012";"31.01.2012";"5,6";"°C"
"CYY137";"510.766";"5.427.724";"2.345";"Temperatur";"Besigheim (CYY137)";"Neckar";"2012";"01.02.2012";"4,7";"°C"
"CYY137";"510.766";"5.427.724";"2.345";"Temperatur";"Besigheim (CYY137)";"Neckar";"2012";"02.02.2012";"3,7";"°C"
"CYY137";"510.766";"5.427.724";"2.345";"Temperatur";"Besigheim (CYY137)";"Neckar";"2012";"03.02.2012";"2,7";"°C"
"CYY137";"510.766";"5.427.724";"2.345";"Temperatur";"Besigheim (CYY137)";"Neckar";"2012";"04.02.2012";"2";"°C"
"CYY137";"510.766";"5.427.724";"2.345";"Temperatur";"Besigheim (CYY137)";"Neckar";"2012";"05.02.2012";"1,3";"°C"
"CYY137";"510.766";"5.427.724";"2.345";"Temperatur";"Besigheim (CYY137)";"Neckar";"2012";"06.02.2012";"0,7";"°C"
"CYY137";"510.766";"5.427.724";"2.345";"Temperatur";"Besigheim (CYY137)";"Neckar";"2012";"07.02.2012";"0,3";"°C"
"CYY137";"510.766";"5.427.724";"2.345";"Temperatur";"Besigheim (CYY137)";"Neckar";"2012";"08.02.2012";"0,2";"°C"
"CYY137";"510.766";"5.427.724";"2.345";"Temperatur";"Besigheim (CYY137)";"Neckar";"2012";"09.02.2012";"0,2";"°C"
"CYY137";"510.766";"5.427.724";"2.345";"Temperatur";"Besigheim (CYY137)";"Neckar";"2012";"10.02.2012";"0,2";"°C"
"CYY137";"510.766";"5.427.724";"2.345";"Temperatur";"Besigheim (CYY137)";"Neckar";"2012";"11.02.2012";"0,4";"°C"
"CYY137";"510.766";"5.427.724";"2.345";"Temperatur";"Besigheim (CYY137)";"Neckar";"2012";"12.02.2012";"0,3";"°C"
"CYY137";"510.766";"5.427.724";"2.345";"Temperatur";"Besigheim (CYY137)";"Neckar";"2012";"13.02.2012";"0,2";"°C"
"CYY137";"510.766";"5.427.724";"2.345";"Temperatur";"Besigheim (CYY137)";"Neckar";"2012";"14.02.2012";"0,3";"°C"
"CYY137";"510.766";"5.427.724";"2.345";"Temperatur";"Besigheim (CYY137)";"Neckar";"2012";"15.02.2012";"0,6";"°C"
"CYY137";"510.766";"5.427.724";"2.345";"Temperatur";"Besigheim (CYY137)";"Neckar";"2012";"16.02.2012";"1,1";"°C"
"CYY137";"510.766";"5.427.724";"2.345";"Temperatur";"Besigheim (CYY137)";"Neckar";"2012";"17.02.2012";"1,6";"°C"
"CYY137";"510.766";"5.427.724";"2.345";"Temperatur";"Besigheim (CYY137)";"Neckar";"2012";"18.02.2012";"2,2";"°C"
"CYY137";"510.766";"5.427.724";"2.345";"Temperatur";"Besigheim (CYY137)";"Neckar";"2012";"19.02.2012";"3,1";"°C"
"CYY137";"510.766";"5.427.724";"2.345";"Temperatur";"Besigheim (CYY137)";"Neckar";"2012";"20.02.2012";"4,1";"°C"
"CYY137";"510.766";"5.427.724";"2.345";"Temperatur";"Besigheim (CYY137)";"Neckar";"2012";"21.02.2012";"4,2";"°C"
"CYY137";"510.766";"5.427.724";"2.345";"Temperatur";"Besigheim (CYY137)";"Neckar";"2012";"22.02.2012";"4,4";"°C"
"CYY137";"510.766";"5.427.724";"2.345";"Temperatur";"Besigheim (CYY137)";"Neckar";"2012";"23.02.2012";"4,5";"°C"
"CYY137";"510.766";"5.427.724";"2.345";"Temperatur";"Besigheim (CYY137)";"Neckar";"2012";"24.02.2012";"4,8";"°C"
"CYY137";"510.766";"5.427.724";"2.345";"Temperatur";"Besigheim (CYY137)";"Neckar";"2012";"25.02.2012";"5,5";"°C"
"CYY137";"510.766";"5.427.724";"2.345";"Temperatur";"Besigheim (CYY137)";"Neckar";"2012";"26.02.2012";"5,9";"°C"
"CYY137";"510.766";"5.427.724";"2.345";"Temperatur";"Besigheim (CYY137)";"Neckar";"2012";"27.02.2012";"6,4";"°C"
"CYY137";"510.766";"5.427.724";"2.345";"Temperatur";"Besigheim (CYY137)";"Neckar";"2012";"28.02.2012";"6,8";"°C"
"CYY137";"510.766";"5.427.724";"2.345";"Temperatur";"Besigheim (CYY137)";"Neckar";"2012";"29.02.2012";"7,2";"°C"
"CYY137";"510.766";"5.427.724";"2.345";"Temperatur";"Besigheim (CYY137)";"Neckar";"2012";"01.03.2012";"7,4";"°C"
"CYY137";"510.766";"5.427.724";"2.345";"Temperatur";"Besigheim (CYY137)";"Neckar";"2012";"02.03.2012";"7,5";"°C"
"CYY137";"510.766";"5.427.724";"2.345";"Temperatur";"Besigheim (CYY137)";"Neckar";"2012";"03.03.2012";"7,8";"°C"
"CYY137";"510.766";"5.427.724";"2.345";"Temperatur";"Besigheim (CYY137)";"Neckar";"2012";"04.03.2012";"8,2";"°C"
"CYY137";"510.766";"5.427.724";"2.345";"Temperatur";"Besigheim (CYY137)";"Neckar";"2012";"05.03.2012";"8,3";"°C"
"CYY137";"510.766";"5.427.724";"2.345";"Temperatur";"Besigheim (CYY137)";"Neckar";"2012";"06.03.2012";"8,3";"°C"
"CYY137";"510.766";"5.427.724";"2.345";"Temperatur";"Besigheim (CYY137)";"Neckar";"2012";"07.03.2012";"8,3";"°C"
"CYY137";"510.766";"5.427.724";"2.345";"Temperatur";"Besigheim (CYY137)";"Neckar";"2012";"08.03.2012";"8,1";"°C"
"CYY137";"510.766";"5.427.724";"2.345";"Temperatur";"Besigheim (CYY137)";"Neckar";"2012";"09.03.2012";"7,9";"°C"
"CYY137";"510.766";"5.427.724";"2.345";"Temperatur";"Besigheim (CYY137)";"Neckar";"2012";"10.03.2012";"7,7";"°C"
"CYY137";"510.766";"5.427.724";"2.345";"Temperatur";"Besigheim (CYY137)";"Neckar";"2012";"11.03.2012";"7,7";"°C"
"CYY137";"510.766";"5.427.724";"2.345";"Temperatur";"Besigheim (CYY137)";"Neckar";"2012";"12.03.2012";"7,8";"°C"
"CYY137";"510.766";"5.427.724";"2.345";"Temperatur";"Besigheim (CYY137)";"Neckar";"2012";"13.03.2012";"8,1";"°C"
"CYY137";"510.766";"5.427.724";"2.345";"Temperatur";"Besigheim (CYY137)";"Neckar";"2012";"14.03.2012";"8,4";"°C"
"CYY137";"510.766";"5.427.724";"2.345";"Temperatur";"Besigheim (CYY137)";"Neckar";"2012";"15.03.2012";"8,6";"°C"
"CYY137";"510.766";"5.427.724";"2.345";"Temperatur";"Besigheim (CYY137)";"Neckar";"2012";"16.03.2012";"9,1";"°C"
"CYY137";"510.766";"5.427.724";"2.345";"Temperatur";"Besigheim (CYY137)";"Neckar";"2012";"17.03.2012";"9,6";"°C"
"CYY137";"510.766";"5.427.724";"2.345";"Temperatur";"Besigheim (CYY137)";"Neckar";"2012";"18.03.2012";"9,8";"°C"
"CYY137";"510.766";"5.427.724";"2.345";"Temperatur";"Besigheim (CYY137)";"Neckar";"2012";"19.03.2012";"10,1";"°C"
"CYY137";"510.766";"5.427.724";"2.345";"Temperatur";"Besigheim (CYY137)";"Neckar";"2012";"20.03.2012";"10,2";"°C"
"CYY137";"510.766";"5.427.724";"2.345";"Temperatur";"Besigheim (CYY137)";"Neckar";"2012";"21.03.2012";"10,3";"°C"
"CYY137";"510.766";"5.427.724";"2.345";"Temperatur";"Besigheim (CYY137)";"Neckar";"2012";"22.03.2012";"10,3";"°C"
"CYY137";"510.766";"5.427.724";"2.345";"Temperatur";"Besigheim (CYY137)";"Neckar";"2012";"23.03.2012";"10,5";"°C"
"CYY137";"510.766";"5.427.724";"2.345";"Temperatur";"Besigheim (CYY137)";"Neckar";"2012";"24.03.2012";"10,9";"°C"
"CYY137";"510.766";"5.427.724";"2.345";"Temperatur";"Besigheim (CYY137)";"Neckar";"2012";"25.03.2012";"11,2";"°C"
"CYY137";"510.766";"5.427.724";"2.345";"Temperatur";"Besigheim (CYY137)";"Neckar";"2012";"26.03.2012";"11,5";"°C"
"CYY137";"510.766";"5.427.724";"2.345";"Temperatur";"Besigheim (CYY137)";"Neckar";"2012";"27.03.2012";"11,7";"°C"
"CYY137";"510.766";"5.427.724";"2.345";"Temperatur";"Besigheim (CYY137)";"Neckar";"2012";"28.03.2012";"12";"°C"
"CYY137";"510.766";"5.427.724";"2.345";"Temperatur";"Besigheim (CYY137)";"Neckar";"2012";"29.03.2012";"12,2";"°C"
"CYY137";"510.766";"5.427.724";"2.345";"Temperatur";"Besigheim (CYY137)";"Neckar";"2012";"30.03.2012";"12,2";"°C"
"CYY137";"510.766";"5.427.724";"2.345";"Temperatur";"Besigheim (CYY137)";"Neckar";"2012";"31.03.2012";"12,1";"°C"
"CYY137";"510.766";"5.427.724";"2.345";"Temperatur";"Besigheim (CYY137)";"Neckar";"2012";"01.04.2012";"12";"°C"
"CYY137";"510.766";"5.427.724";"2.345";"Temperatur";"Besigheim (CYY137)";"Neckar";"2012";"02.04.2012";"12,1";"°C"
"CYY137";"510.766";"5.427.724";"2.345";"Temperatur";"Besigheim (CYY137)";"Neckar";"2012";"03.04.2012";"12,2";"°C"
"CYY137";"510.766";"5.427.724";"2.345";"Temperatur";"Besigheim (CYY137)";"Neckar";"2012";"04.04.2012";"12,3";"°C"
"CYY137";"510.766";"5.427.724";"2.345";"Temperatur";"Besigheim (CYY137)";"Neckar";"2012";"05.04.2012";"12,1";"°C"
"CYY137";"510.766";"5.427.724";"2.345";"Temperatur";"Besigheim (CYY137)";"Neckar";"2012";"06.04.2012";"11,8";"°C"
"CYY137";"510.766";"5.427.724";"2.345";"Temperatur";"Besigheim (CYY137)";"Neckar";"2012";"07.04.2012";"11,5";"°C"
"CYY137";"510.766";"5.427.724";"2.345";"Temperatur";"Besigheim (CYY137)";"Neckar";"2012";"08.04.2012";"11,2";"°C"
"CYY137";"510.766";"5.427.724";"2.345";"Temperatur";"Besigheim (CYY137)";"Neckar";"2012";"09.04.2012";"10,7";"°C"
"CYY137";"510.766";"5.427.724";"2.345";"Temperatur";"Besigheim (CYY137)";"Neckar";"2012";"10.04.2012";"10,8";"°C"
"CYY137";"510.766";"5.427.724";"2.345";"Temperatur";"Besigheim (CYY137)";"Neckar";"2012";"11.04.2012";"10,8";"°C"
"CYY137";"510.766";"5.427.724";"2.345";"Temperatur";"Besigheim (CYY137)";"Neckar";"2012";"12.04.2012";"10,8";"°C"
"CYY137";"510.766";"5.427.724";"2.345";"Temperatur";"Besigheim (CYY137)";"Neckar";"2012";"13.04.2012";"11";"°C"
"CYY137";"510.766";"5.427.724";"2.345";"Temperatur";"Besigheim (CYY137)";"Neckar";"2012";"14.04.2012";"11,1";"°C"
"CYY137";"510.766";"5.427.724";"2.345";"Temperatur";"Besigheim (CYY137)";"Neckar";"2012";"15.04.2012";"10,8";"°C"
"CYY137";"510.766";"5.427.724";"2.345";"Temperatur";"Besigheim (CYY137)";"Neckar";"2012";"16.04.2012";"10,8";"°C"
"CYY137";"510.766";"5.427.724";"2.345";"Temperatur";"Besigheim (CYY137)";"Neckar";"2012";"17.04.2012";"10,9";"°C"
"CYY137";"510.766";"5.427.724";"2.345";"Temperatur";"Besigheim (CYY137)";"Neckar";"2012";"18.04.2012";"11,3";"°C"
"CYY137";"510.766";"5.427.724";"2.345";"Temperatur";"Besigheim (CYY137)";"Neckar";"2012";"19.04.2012";"11,5";"°C"
"CYY137";"510.766";"5.427.724";"2.345";"Temperatur";"Besigheim (CYY137)";"Neckar";"2012";"20.04.2012";"11,5";"°C"
"CYY137";"510.766";"5.427.724";"2.345";"Temperatur";"Besigheim (CYY137)";"Neckar";"2012";"21.04.2012";"11,6";"°C"
"CYY137";"510.766";"5.427.724";"2.345";"Temperatur";"Besigheim (CYY137)";"Neckar";"2012";"22.04.2012";"11,7";"°C"
"CYY137";"510.766";"5.427.724";"2.345";"Temperatur";"Besigheim (CYY137)";"Neckar";"2012";"23.04.2012";"11,7";"°C"
"CYY137";"510.766";"5.427.724";"2.345";"Temperatur";"Besigheim (CYY137)";"Neckar";"2012";"24.04.2012";"11,8";"°C"
"CYY137";"510.766";"5.427.724";"2.345";"Temperatur";"Besigheim (CYY137)";"Neckar";"2012";"25.04.2012";"12";"°C"
"CYY137";"510.766";"5.427.724";"2.345";"Temperatur";"Besigheim (CYY137)";"Neckar";"2012";"26.04.2012";"12,3";"°C"
"CYY137";"510.766";"5.427.724";"2.345";"Temperatur";"Besigheim (CYY137)";"Neckar";"2012";"27.04.2012";"12,7";"°C"
"CYY137";"510.766";"5.427.724";"2.345";"Temperatur";"Besigheim (CYY137)";"Neckar";"2012";"28.04.2012";"13,5";"°C"
"CYY137";"510.766";"5.427.724";"2.345";"Temperatur";"Besigheim (CYY137)";"Neckar";"2012";"29.04.2012";"14,4";"°C"
"CYY137";"510.766";"5.427.724";"2.345";"Temperatur";"Besigheim (CYY137)";"Neckar";"2012";"30.04.2012";"15,3";"°C"
"CYY137";"510.766";"5.427.724";"2.345";"Temperatur";"Besigheim (CYY137)";"Neckar";"2012";"01.05.2012";"16";"°C"
"CYY137";"510.766";"5.427.724";"2.345";"Temperatur";"Besigheim (CYY137)";"Neckar";"2012";"02.05.2012";"16,9";"°C"
"CYY137";"510.766";"5.427.724";"2.345";"Temperatur";"Besigheim (CYY137)";"Neckar";"2012";"03.05.2012";"17,5";"°C"
"CYY137";"510.766";"5.427.724";"2.345";"Temperatur";"Besigheim (CYY137)";"Neckar";"2012";"04.05.2012";"18,1";"°C"
"CYY137";"510.766";"5.427.724";"2.345";"Temperatur";"Besigheim (CYY137)";"Neckar";"2012";"05.05.2012";"18,1";"°C"
"CYY137";"510.766";"5.427.724";"2.345";"Temperatur";"Besigheim (CYY137)";"Neckar";"2012";"06.05.2012";"17,9";"°C"
"CYY137";"510.766";"5.427.724";"2.345";"Temperatur";"Besigheim (CYY137)";"Neckar";"2012";"07.05.2012";"17,2";"°C"
"CYY137";"510.766";"5.427.724";"2.345";"Temperatur";"Besigheim (CYY137)";"Neckar";"2012";"08.05.2012";"17,1";"°C"
"CYY137";"510.766";"5.427.724";"2.345";"Temperatur";"Besigheim (CYY137)";"Neckar";"2012";"09.05.2012";"17,6";"°C"
"CYY137";"510.766";"5.427.724";"2.345";"Temperatur";"Besigheim (CYY137)";"Neckar";"2012";"10.05.2012";"17,9";"°C"
"CYY137";"510.766";"5.427.724";"2.345";"Temperatur";"Besigheim (CYY137)";"Neckar";"2012";"11.05.2012";"18,5";"°C"
"CYY137";"510.766";"5.427.724";"2.345";"Temperatur";"Besigheim (CYY137)";"Neckar";"2012";"12.05.2012";"18,6";"°C"
"CYY137";"510.766";"5.427.724";"2.345";"Temperatur";"Besigheim (CYY137)";"Neckar";"2012";"13.05.2012";"18,3";"°C"
"CYY137";"510.766";"5.427.724";"2.345";"Temperatur";"Besigheim (CYY137)";"Neckar";"2012";"14.05.2012";"18,3";"°C"
"CYY137";"510.766";"5.427.724";"2.345";"Temperatur";"Besigheim (CYY137)";"Neckar";"2012";"15.05.2012";"18";"°C"
"CYY137";"510.766";"5.427.724";"2.345";"Temperatur";"Besigheim (CYY137)";"Neckar";"2012";"16.05.2012";"17,1";"°C"
"CYY137";"510.766";"5.427.724";"2.345";"Temperatur";"Besigheim (CYY137)";"Neckar";"2012";"17.05.2012";"16,8";"°C"
"CYY137";"510.766";"5.427.724";"2.345";"Temperatur";"Besigheim (CYY137)";"Neckar";"2012";"18.05.2012";"16,7";"°C"
"CYY137";"510.766";"5.427.724";"2.345";"Temperatur";"Besigheim (CYY137)";"Neckar";"2012";"19.05.2012";"17";"°C"
"CYY137";"510.766";"5.427.724";"2.345";"Temperatur";"Besigheim (CYY137)";"Neckar";"2012";"20.05.2012";"17,3";"°C"
"CYY137";"510.766";"5.427.724";"2.345";"Temperatur";"Besigheim (CYY137)";"Neckar";"2012";"21.05.2012";"18";"°C"
"CYY137";"510.766";"5.427.724";"2.345";"Temperatur";"Besigheim (CYY137)";"Neckar";"2012";"22.05.2012";"18,2";"°C"
"CYY137";"510.766";"5.427.724";"2.345";"Temperatur";"Besigheim (CYY137)";"Neckar";"2012";"23.05.2012";"18,5";"°C"
"CYY137";"510.766";"5.427.724";"2.345";"Temperatur";"Besigheim (CYY137)";"Neckar";"2012";"24.05.2012";"19,2";"°C"
"CYY137";"510.766";"5.427.724";"2.345";"Temperatur";"Besigheim (CYY137)";"Neckar";"2012";"25.05.2012";"19,8";"°C"
"CYY137";"510.766";"5.427.724";"2.345";"Temperatur";"Besigheim (CYY137)";"Neckar";"2012";"26.05.2012";"20,3";"°C"
"CYY137";"510.766";"5.427.724";"2.345";"Temperatur";"Besigheim (CYY137)";"Neckar";"2012";"27.05.2012";"20,3";"°C"
"CYY137";"510.766";"5.427.724";"2.345";"Temperatur";"Besigheim (CYY137)";"Neckar";"2012";"28.05.2012";"20,6";"°C"
"CYY137";"510.766";"5.427.724";"2.345";"Temperatur";"Besigheim (CYY137)";"Neckar";"2012";"29.05.2012";"21";"°C"
"CYY137";"510.766";"5.427.724";"2.345";"Temperatur";"Besigheim (CYY137)";"Neckar";"2012";"30.05.2012";"21,1";"°C"
"CYY137";"510.766";"5.427.724";"2.345";"Temperatur";"Besigheim (CYY137)";"Neckar";"2012";"31.05.2012";"21,3";"°C"
"CYY137";"510.766";"5.427.724";"2.345";"Temperatur";"Besigheim (CYY137)";"Neckar";"2012";"01.06.2012";"21";"°C"
"CYY137";"510.766";"5.427.724";"2.345";"Temperatur";"Besigheim (CYY137)";"Neckar";"2012";"02.06.2012";"20,9";"°C"
"CYY137";"510.766";"5.427.724";"2.345";"Temperatur";"Besigheim (CYY137)";"Neckar";"2012";"03.06.2012";"20,7";"°C"
"CYY137";"510.766";"5.427.724";"2.345";"Temperatur";"Besigheim (CYY137)";"Neckar";"2012";"04.06.2012";"20,3";"°C"
"CYY137";"510.766";"5.427.724";"2.345";"Temperatur";"Besigheim (CYY137)";"Neckar";"2012";"05.06.2012";"19,6";"°C"
"CYY137";"510.766";"5.427.724";"2.345";"Temperatur";"Besigheim (CYY137)";"Neckar";"2012";"06.06.2012";"19,4";"°C"
"CYY137";"510.766";"5.427.724";"2.345";"Temperatur";"Besigheim (CYY137)";"Neckar";"2012";"07.06.2012";"19,6";"°C"
"CYY137";"510.766";"5.427.724";"2.345";"Temperatur";"Besigheim (CYY137)";"Neckar";"2012";"08.06.2012";"19,4";"°C"
"CYY137";"510.766";"5.427.724";"2.345";"Temperatur";"Besigheim (CYY137)";"Neckar";"2012";"09.06.2012";"19,5";"°C"
"CYY137";"510.766";"5.427.724";"2.345";"Temperatur";"Besigheim (CYY137)";"Neckar";"2012";"10.06.2012";"19,7";"°C"
"CYY137";"510.766";"5.427.724";"2.345";"Temperatur";"Besigheim (CYY137)";"Neckar";"2012";"11.06.2012";"19,5";"°C"
"CYY137";"510.766";"5.427.724";"2.345";"Temperatur";"Besigheim (CYY137)";"Neckar";"2012";"12.06.2012";"19,1";"°C"
"CYY137";"510.766";"5.427.724";"2.345";"Temperatur";"Besigheim (CYY137)";"Neckar";"2012";"13.06.2012";"18,4";"°C"
"CYY137";"510.766";"5.427.724";"2.345";"Temperatur";"Besigheim (CYY137)";"Neckar";"2012";"14.06.2012";"18,3";"°C"
"CYY137";"510.766";"5.427.724";"2.345";"Temperatur";"Besigheim (CYY137)";"Neckar";"2012";"15.06.2012";"18,5";"°C"
"CYY137";"510.766";"5.427.724";"2.345";"Temperatur";"Besigheim (CYY137)";"Neckar";"2012";"16.06.2012";"19,2";"°C"
"CYY137";"510.766";"5.427.724";"2.345";"Temperatur";"Besigheim (CYY137)";"Neckar";"2012";"17.06.2012";"19,6";"°C"
"CYY137";"510.766";"5.427.724";"2.345";"Temperatur";"Besigheim (CYY137)";"Neckar";"2012";"18.06.2012";"20,1";"°C"
"CYY137";"510.766";"5.427.724";"2.345";"Temperatur";"Besigheim (CYY137)";"Neckar";"2012";"19.06.2012";"20,6";"°C"
"CYY137";"510.766";"5.427.724";"2.345";"Temperatur";"Besigheim (CYY137)";"Neckar";"2012";"20.06.2012";"20,8";"°C"
"CYY137";"510.766";"5.427.724";"2.345";"Temperatur";"Besigheim (CYY137)";"Neckar";"2012";"21.06.2012";"21,2";"°C"
"CYY137";"510.766";"5.427.724";"2.345";"Temperatur";"Besigheim (CYY137)";"Neckar";"2012";"22.06.2012";"21,4";"°C"
"CYY137";"510.766";"5.427.724";"2.345";"Temperatur";"Besigheim (CYY137)";"Neckar";"2012";"23.06.2012";"21,6";"°C"
"CYY137";"510.766";"5.427.724";"2.345";"Temperatur";"Besigheim (CYY137)";"Neckar";"2012";"24.06.2012";"21,7";"°C"
"CYY137";"510.766";"5.427.724";"2.345";"Temperatur";"Besigheim (CYY137)";"Neckar";"2012";"25.06.2012";"21,6";"°C"
"CYY137";"510.766";"5.427.724";"2.345";"Temperatur";"Besigheim (CYY137)";"Neckar";"2012";"26.06.2012";"21,5";"°C"
"CYY137";"510.766";"5.427.724";"2.345";"Temperatur";"Besigheim (CYY137)";"Neckar";"2012";"27.06.2012";"21,9";"°C"
"CYY137";"510.766";"5.427.724";"2.345";"Temperatur";"Besigheim (CYY137)";"Neckar";"2012";"28.06.2012";"22,6";"°C"
"CYY137";"510.766";"5.427.724";"2.345";"Temperatur";"Besigheim (CYY137)";"Neckar";"2012";"29.06.2012";"23";"°C"
"CYY137";"510.766";"5.427.724";"2.345";"Temperatur";"Besigheim (CYY137)";"Neckar";"2012";"30.06.2012";"23,7";"°C"
"CYY137";"510.766";"5.427.724";"2.345";"Temperatur";"Besigheim (CYY137)";"Neckar";"2012";"01.07.2012";"22,9";"°C"
"CYY137";"510.766";"5.427.724";"2.345";"Temperatur";"Besigheim (CYY137)";"Neckar";"2012";"02.07.2012";"21,6";"°C"
"CYY137";"510.766";"5.427.724";"2.345";"Temperatur";"Besigheim (CYY137)";"Neckar";"2012";"03.07.2012";"21,1";"°C"
"CYY137";"510.766";"5.427.724";"2.345";"Temperatur";"Besigheim (CYY137)";"Neckar";"2012";"04.07.2012";"20,7";"°C"
"CYY137";"510.766";"5.427.724";"2.345";"Temperatur";"Besigheim (CYY137)";"Neckar";"2012";"05.07.2012";"21,2";"°C"
"CYY137";"510.766";"5.427.724";"2.345";"Temperatur";"Besigheim (CYY137)";"Neckar";"2012";"06.07.2012";"21";"°C"
"CYY137";"510.766";"5.427.724";"2.345";"Temperatur";"Besigheim (CYY137)";"Neckar";"2012";"07.07.2012";"20,8";"°C"
"CYY137";"510.766";"5.427.724";"2.345";"Temperatur";"Besigheim (CYY137)";"Neckar";"2012";"08.07.2012";"20,7";"°C"
"CYY137";"510.766";"5.427.724";"2.345";"Temperatur";"Besigheim (CYY137)";"Neckar";"2012";"09.07.2012";"20,9";"°C"
"CYY137";"510.766";"5.427.724";"2.345";"Temperatur";"Besigheim (CYY137)";"Neckar";"2012";"10.07.2012";"21,3";"°C"
"CYY137";"510.766";"5.427.724";"2.345";"Temperatur";"Besigheim (CYY137)";"Neckar";"2012";"11.07.2012";"21,6";"°C"
"CYY137";"510.766";"5.427.724";"2.345";"Temperatur";"Besigheim (CYY137)";"Neckar";"2012";"12.07.2012";"21,4";"°C"
"CYY137";"510.766";"5.427.724";"2.345";"Temperatur";"Besigheim (CYY137)";"Neckar";"2012";"13.07.2012";"21,1";"°C"
"CYY137";"510.766";"5.427.724";"2.345";"Temperatur";"Besigheim (CYY137)";"Neckar";"2012";"14.07.2012";"20,9";"°C"
"CYY137";"510.766";"5.427.724";"2.345";"Temperatur";"Besigheim (CYY137)";"Neckar";"2012";"15.07.2012";"20,4";"°C"
"CYY137";"510.766";"5.427.724";"2.345";"Temperatur";"Besigheim (CYY137)";"Neckar";"2012";"16.07.2012";"20";"°C"
"CYY137";"510.766";"5.427.724";"2.345";"Temperatur";"Besigheim (CYY137)";"Neckar";"2012";"17.07.2012";"20,1";"°C"
"CYY137";"510.766";"5.427.724";"2.345";"Temperatur";"Besigheim (CYY137)";"Neckar";"2012";"18.07.2012";"20,5";"°C"
"CYY137";"510.766";"5.427.724";"2.345";"Temperatur";"Besigheim (CYY137)";"Neckar";"2012";"19.07.2012";"20,5";"°C"
"CYY137";"510.766";"5.427.724";"2.345";"Temperatur";"Besigheim (CYY137)";"Neckar";"2012";"20.07.2012";"20,4";"°C"
"CYY137";"510.766";"5.427.724";"2.345";"Temperatur";"Besigheim (CYY137)";"Neckar";"2012";"21.07.2012";"20,3";"°C"
"CYY137";"510.766";"5.427.724";"2.345";"Temperatur";"Besigheim (CYY137)";"Neckar";"2012";"22.07.2012";"20";"°C"
"CYY137";"510.766";"5.427.724";"2.345";"Temperatur";"Besigheim (CYY137)";"Neckar";"2012";"23.07.2012";"20,2";"°C"
"CYY137";"510.766";"5.427.724";"2.345";"Temperatur";"Besigheim (CYY137)";"Neckar";"2012";"24.07.2012";"20,6";"°C"
"CYY137";"510.766";"5.427.724";"2.345";"Temperatur";"Besigheim (CYY137)";"Neckar";"2012";"25.07.2012";"21,3";"°C"
"CYY137";"510.766";"5.427.724";"2.345";"Temperatur";"Besigheim (CYY137)";"Neckar";"2012";"26.07.2012";"22,1";"°C"
"CYY137";"510.766";"5.427.724";"2.345";"Temperatur";"Besigheim (CYY137)";"Neckar";"2012";"27.07.2012";"22,7";"°C"
"CYY137";"510.766";"5.427.724";"2.345";"Temperatur";"Besigheim (CYY137)";"Neckar";"2012";"28.07.2012";"22,9";"°C"
"CYY137";"510.766";"5.427.724";"2.345";"Temperatur";"Besigheim (CYY137)";"Neckar";"2012";"29.07.2012";"22,8";"°C"
"CYY137";"510.766";"5.427.724";"2.345";"Temperatur";"Besigheim (CYY137)";"Neckar";"2012";"30.07.2012";"22,6";"°C"
"CYY137";"510.766";"5.427.724";"2.345";"Temperatur";"Besigheim (CYY137)";"Neckar";"2012";"31.07.2012";"22,6";"°C"
"CYY137";"510.766";"5.427.724";"2.345";"Temperatur";"Besigheim (CYY137)";"Neckar";"2012";"01.08.2012";"23,2";"°C"
"CYY137";"510.766";"5.427.724";"2.345";"Temperatur";"Besigheim (CYY137)";"Neckar";"2012";"02.08.2012";"23,5";"°C"
"CYY137";"510.766";"5.427.724";"2.345";"Temperatur";"Besigheim (CYY137)";"Neckar";"2012";"03.08.2012";"23,6";"°C"
"CYY137";"510.766";"5.427.724";"2.345";"Temperatur";"Besigheim (CYY137)";"Neckar";"2012";"04.08.2012";"24";"°C"
"CYY137";"510.766";"5.427.724";"2.345";"Temperatur";"Besigheim (CYY137)";"Neckar";"2012";"05.08.2012";"24";"°C"
"CYY137";"510.766";"5.427.724";"2.345";"Temperatur";"Besigheim (CYY137)";"Neckar";"2012";"06.08.2012";"23,6";"°C"
"CYY137";"510.766";"5.427.724";"2.345";"Temperatur";"Besigheim (CYY137)";"Neckar";"2012";"07.08.2012";"23";"°C"
"CYY137";"510.766";"5.427.724";"2.345";"Temperatur";"Besigheim (CYY137)";"Neckar";"2012";"08.08.2012";"22,9";"°C"
"CYY137";"510.766";"5.427.724";"2.345";"Temperatur";"Besigheim (CYY137)";"Neckar";"2012";"09.08.2012";"22,8";"°C"
"CYY137";"510.766";"5.427.724";"2.345";"Temperatur";"Besigheim (CYY137)";"Neckar";"2012";"10.08.2012";"22,7";"°C"
"CYY137";"510.766";"5.427.724";"2.345";"Temperatur";"Besigheim (CYY137)";"Neckar";"2012";"11.08.2012";"22,6";"°C"
"CYY137";"510.766";"5.427.724";"2.345";"Temperatur";"Besigheim (CYY137)";"Neckar";"2012";"12.08.2012";"22,6";"°C"
"CYY137";"510.766";"5.427.724";"2.345";"Temperatur";"Besigheim (CYY137)";"Neckar";"2012";"13.08.2012";"22,8";"°C"
"CYY137";"510.766";"5.427.724";"2.345";"Temperatur";"Besigheim (CYY137)";"Neckar";"2012";"14.08.2012";"22,8";"°C"
"CYY137";"510.766";"5.427.724";"2.345";"Temperatur";"Besigheim (CYY137)";"Neckar";"2012";"15.08.2012";"23,1";"°C"
"CYY137";"510.766";"5.427.724";"2.345";"Temperatur";"Besigheim (CYY137)";"Neckar";"2012";"16.08.2012";"22,9";"°C"
"CYY137";"510.766";"5.427.724";"2.345";"Temperatur";"Besigheim (CYY137)";"Neckar";"2012";"17.08.2012";"23";"°C"
"CYY137";"510.766";"5.427.724";"2.345";"Temperatur";"Besigheim (CYY137)";"Neckar";"2012";"18.08.2012";"23,3";"°C"
"CYY137";"510.766";"5.427.724";"2.345";"Temperatur";"Besigheim (CYY137)";"Neckar";"2012";"19.08.2012";"24";"°C"
"CYY137";"510.766";"5.427.724";"2.345";"Temperatur";"Besigheim (CYY137)";"Neckar";"2012";"20.08.2012";"24,2";"°C"
"CYY137";"510.766";"5.427.724";"2.345";"Temperatur";"Besigheim (CYY137)";"Neckar";"2012";"21.08.2012";"24,4";"°C"
"CYY137";"510.766";"5.427.724";"2.345";"Temperatur";"Besigheim (CYY137)";"Neckar";"2012";"22.08.2012";"24,3";"°C"
"CYY137";"510.766";"5.427.724";"2.345";"Temperatur";"Besigheim (CYY137)";"Neckar";"2012";"23.08.2012";"24,4";"°C"
"CYY137";"510.766";"5.427.724";"2.345";"Temperatur";"Besigheim (CYY137)";"Neckar";"2012";"24.08.2012";"23,8";"°C"
"CYY137";"510.766";"5.427.724";"2.345";"Temperatur";"Besigheim (CYY137)";"Neckar";"2012";"25.08.2012";"23,5";"°C"
"CYY137";"510.766";"5.427.724";"2.345";"Temperatur";"Besigheim (CYY137)";"Neckar";"2012";"26.08.2012";"23,2";"°C"
"CYY137";"510.766";"5.427.724";"2.345";"Temperatur";"Besigheim (CYY137)";"Neckar";"2012";"27.08.2012";"22,8";"°C"
"CYY137";"510.766";"5.427.724";"2.345";"Temperatur";"Besigheim (CYY137)";"Neckar";"2012";"28.08.2012";"22,6";"°C"
"CYY137";"510.766";"5.427.724";"2.345";"Temperatur";"Besigheim (CYY137)";"Neckar";"2012";"29.08.2012";"22,6";"°C"
"CYY137";"510.766";"5.427.724";"2.345";"Temperatur";"Besigheim (CYY137)";"Neckar";"2012";"30.08.2012";"22,3";"°C"
"CYY137";"510.766";"5.427.724";"2.345";"Temperatur";"Besigheim (CYY137)";"Neckar";"2012";"31.08.2012";"21,5";"°C"
"CYY137";"510.766";"5.427.724";"2.345";"Temperatur";"Besigheim (CYY137)";"Neckar";"2012";"01.09.2012";"20,8";"°C"
"CYY137";"510.766";"5.427.724";"2.345";"Temperatur";"Besigheim (CYY137)";"Neckar";"2012";"02.09.2012";"20,4";"°C"
"CYY137";"510.766";"5.427.724";"2.345";"Temperatur";"Besigheim (CYY137)";"Neckar";"2012";"03.09.2012";"20,4";"°C"
"CYY137";"510.766";"5.427.724";"2.345";"Temperatur";"Besigheim (CYY137)";"Neckar";"2012";"04.09.2012";"20,4";"°C"
"CYY137";"510.766";"5.427.724";"2.345";"Temperatur";"Besigheim (CYY137)";"Neckar";"2012";"05.09.2012";"20,4";"°C"
"CYY137";"510.766";"5.427.724";"2.345";"Temperatur";"Besigheim (CYY137)";"Neckar";"2012";"06.09.2012";"20,3";"°C"
"CYY137";"510.766";"5.427.724";"2.345";"Temperatur";"Besigheim (CYY137)";"Neckar";"2012";"07.09.2012";"20,2";"°C"
"CYY137";"510.766";"5.427.724";"2.345";"Temperatur";"Besigheim (CYY137)";"Neckar";"2012";"08.09.2012";"20,2";"°C"
"CYY137";"510.766";"5.427.724";"2.345";"Temperatur";"Besigheim (CYY137)";"Neckar";"2012";"09.09.2012";"20,3";"°C"
"CYY137";"510.766";"5.427.724";"2.345";"Temperatur";"Besigheim (CYY137)";"Neckar";"2012";"10.09.2012";"20,4";"°C"
"CYY137";"510.766";"5.427.724";"2.345";"Temperatur";"Besigheim (CYY137)";"Neckar";"2012";"11.09.2012";"20,5";"°C"
"CYY137";"510.766";"5.427.724";"2.345";"Temperatur";"Besigheim (CYY137)";"Neckar";"2012";"12.09.2012";"20";"°C"
"CYY137";"510.766";"5.427.724";"2.345";"Temperatur";"Besigheim (CYY137)";"Neckar";"2012";"13.09.2012";"19,4";"°C"
"CYY137";"510.766";"5.427.724";"2.345";"Temperatur";"Besigheim (CYY137)";"Neckar";"2012";"14.09.2012";"19,1";"°C"
"CYY137";"510.766";"5.427.724";"2.345";"Temperatur";"Besigheim (CYY137)";"Neckar";"2012";"15.09.2012";"19";"°C"
"CYY137";"510.766";"5.427.724";"2.345";"Temperatur";"Besigheim (CYY137)";"Neckar";"2012";"16.09.2012";"19";"°C"
"CYY137";"510.766";"5.427.724";"2.345";"Temperatur";"Besigheim (CYY137)";"Neckar";"2012";"17.09.2012";"18,8";"°C"
"CYY137";"510.766";"5.427.724";"2.345";"Temperatur";"Besigheim (CYY137)";"Neckar";"2012";"18.09.2012";"18,9";"°C"
"CYY137";"510.766";"5.427.724";"2.345";"Temperatur";"Besigheim (CYY137)";"Neckar";"2012";"19.09.2012";"18,5";"°C"
"CYY137";"510.766";"5.427.724";"2.345";"Temperatur";"Besigheim (CYY137)";"Neckar";"2012";"20.09.2012";"18,1";"°C"
"CYY137";"510.766";"5.427.724";"2.345";"Temperatur";"Besigheim (CYY137)";"Neckar";"2012";"21.09.2012";"17,9";"°C"
"CYY137";"510.766";"5.427.724";"2.345";"Temperatur";"Besigheim (CYY137)";"Neckar";"2012";"22.09.2012";"17,7";"°C"
"CYY137";"510.766";"5.427.724";"2.345";"Temperatur";"Besigheim (CYY137)";"Neckar";"2012";"23.09.2012";"17,4";"°C"
"CYY137";"510.766";"5.427.724";"2.345";"Temperatur";"Besigheim (CYY137)";"Neckar";"2012";"24.09.2012";"17,1";"°C"
"CYY137";"510.766";"5.427.724";"2.345";"Temperatur";"Besigheim (CYY137)";"Neckar";"2012";"25.09.2012";"16,8";"°C"
"CYY137";"510.766";"5.427.724";"2.345";"Temperatur";"Besigheim (CYY137)";"Neckar";"2012";"26.09.2012";"16,6";"°C"
"CYY137";"510.766";"5.427.724";"2.345";"Temperatur";"Besigheim (CYY137)";"Neckar";"2012";"27.09.2012";"16,4";"°C"
"CYY137";"510.766";"5.427.724";"2.345";"Temperatur";"Besigheim (CYY137)";"Neckar";"2012";"28.09.2012";"16,3";"°C"
"CYY137";"510.766";"5.427.724";"2.345";"Temperatur";"Besigheim (CYY137)";"Neckar";"2012";"29.09.2012";"16,1";"°C"
"CYY137";"510.766";"5.427.724";"2.345";"Temperatur";"Besigheim (CYY137)";"Neckar";"2012";"30.09.2012";"16";"°C"
"CYY137";"510.766";"5.427.724";"2.345";"Temperatur";"Besigheim (CYY137)";"Neckar";"2012";"01.10.2012";"15,8";"°C"
"CYY137";"510.766";"5.427.724";"2.345";"Temperatur";"Besigheim (CYY137)";"Neckar";"2012";"02.10.2012";"15,6";"°C"
"CYY137";"510.766";"5.427.724";"2.345";"Temperatur";"Besigheim (CYY137)";"Neckar";"2012";"03.10.2012";"15,4";"°C"
"CYY137";"510.766";"5.427.724";"2.345";"Temperatur";"Besigheim (CYY137)";"Neckar";"2012";"04.10.2012";"15,3";"°C"
"CYY137";"510.766";"5.427.724";"2.345";"Temperatur";"Besigheim (CYY137)";"Neckar";"2012";"05.10.2012";"15,1";"°C"
"CYY137";"510.766";"5.427.724";"2.345";"Temperatur";"Besigheim (CYY137)";"Neckar";"2012";"06.10.2012";"15,1";"°C"
"CYY137";"510.766";"5.427.724";"2.345";"Temperatur";"Besigheim (CYY137)";"Neckar";"2012";"07.10.2012";"15,3";"°C"
"CYY137";"510.766";"5.427.724";"2.345";"Temperatur";"Besigheim (CYY137)";"Neckar";"2012";"08.10.2012";"15,1";"°C"
"CYY137";"510.766";"5.427.724";"2.345";"Temperatur";"Besigheim (CYY137)";"Neckar";"2012";"09.10.2012";"14,8";"°C"
"CYY137";"510.766";"5.427.724";"2.345";"Temperatur";"Besigheim (CYY137)";"Neckar";"2012";"10.10.2012";"14,6";"°C"
"CYY137";"510.766";"5.427.724";"2.345";"Temperatur";"Besigheim (CYY137)";"Neckar";"2012";"11.10.2012";"14,1";"°C"
"CYY137";"510.766";"5.427.724";"2.345";"Temperatur";"Besigheim (CYY137)";"Neckar";"2012";"12.10.2012";"14";"°C"
"CYY137";"510.766";"5.427.724";"2.345";"Temperatur";"Besigheim (CYY137)";"Neckar";"2012";"13.10.2012";"13,8";"°C"
"CYY137";"510.766";"5.427.724";"2.345";"Temperatur";"Besigheim (CYY137)";"Neckar";"2012";"14.10.2012";"13,5";"°C"
"CYY137";"510.766";"5.427.724";"2.345";"Temperatur";"Besigheim (CYY137)";"Neckar";"2012";"15.10.2012";"13,5";"°C"
"CYY137";"510.766";"5.427.724";"2.345";"Temperatur";"Besigheim (CYY137)";"Neckar";"2012";"16.10.2012";"12,9";"°C"
"CYY137";"510.766";"5.427.724";"2.345";"Temperatur";"Besigheim (CYY137)";"Neckar";"2012";"17.10.2012";"12,7";"°C"
"CYY137";"510.766";"5.427.724";"2.345";"Temperatur";"Besigheim (CYY137)";"Neckar";"2012";"18.10.2012";"12,8";"°C"
"CYY137";"510.766";"5.427.724";"2.345";"Temperatur";"Besigheim (CYY137)";"Neckar";"2012";"19.10.2012";"12,8";"°C"
"CYY137";"510.766";"5.427.724";"2.345";"Temperatur";"Besigheim (CYY137)";"Neckar";"2012";"20.10.2012";"12,9";"°C"
"CYY137";"510.766";"5.427.724";"2.345";"Temperatur";"Besigheim (CYY137)";"Neckar";"2012";"21.10.2012";"13,1";"°C"
"CYY137";"510.766";"5.427.724";"2.345";"Temperatur";"Besigheim (CYY137)";"Neckar";"2012";"22.10.2012";"13";"°C"
"CYY137";"510.766";"5.427.724";"2.345";"Temperatur";"Besigheim (CYY137)";"Neckar";"2012";"23.10.2012";"12,9";"°C"
"CYY137";"510.766";"5.427.724";"2.345";"Temperatur";"Besigheim (CYY137)";"Neckar";"2012";"24.10.2012";"12,9";"°C"
"CYY137";"510.766";"5.427.724";"2.345";"Temperatur";"Besigheim (CYY137)";"Neckar";"2012";"25.10.2012";"12,7";"°C"
"CYY137";"510.766";"5.427.724";"2.345";"Temperatur";"Besigheim (CYY137)";"Neckar";"2012";"26.10.2012";"12,5";"°C"
"CYY137";"510.766";"5.427.724";"2.345";"Temperatur";"Besigheim (CYY137)";"Neckar";"2012";"27.10.2012";"11,9";"°C"
"CYY137";"510.766";"5.427.724";"2.345";"Temperatur";"Besigheim (CYY137)";"Neckar";"2012";"28.10.2012";"11,3";"°C"
"CYY137";"510.766";"5.427.724";"2.345";"Temperatur";"Besigheim (CYY137)";"Neckar";"2012";"29.10.2012";"10,7";"°C"
"CYY137";"510.766";"5.427.724";"2.345";"Temperatur";"Besigheim (CYY137)";"Neckar";"2012";"30.10.2012";"10,3";"°C"
"CYY137";"510.766";"5.427.724";"2.345";"Temperatur";"Besigheim (CYY137)";"Neckar";"2012";"31.10.2012";"9,7";"°C"
"CYY137";"510.766";"5.427.724";"2.345";"Temperatur";"Besigheim (CYY137)";"Neckar";"2012";"01.11.2012";"9,4";"°C"
"CYY137";"510.766";"5.427.724";"2.345";"Temperatur";"Besigheim (CYY137)";"Neckar";"2012";"02.11.2012";"9,5";"°C"
"CYY137";"510.766";"5.427.724";"2.345";"Temperatur";"Besigheim (CYY137)";"Neckar";"2012";"03.11.2012";"9,3";"°C"
"CYY137";"510.766";"5.427.724";"2.345";"Temperatur";"Besigheim (CYY137)";"Neckar";"2012";"04.11.2012";"9,5";"°C"
"CYY137";"510.766";"5.427.724";"2.345";"Temperatur";"Besigheim (CYY137)";"Neckar";"2012";"05.11.2012";"9,9";"°C"
"CYY137";"510.766";"5.427.724";"2.345";"Temperatur";"Besigheim (CYY137)";"Neckar";"2012";"06.11.2012";"10,1";"°C"
"CYY137";"510.766";"5.427.724";"2.345";"Temperatur";"Besigheim (CYY137)";"Neckar";"2012";"07.11.2012";"9,6";"°C"
"CYY137";"510.766";"5.427.724";"2.345";"Temperatur";"Besigheim (CYY137)";"Neckar";"2012";"08.11.2012";"9,4";"°C"
"CYY137";"510.766";"5.427.724";"2.345";"Temperatur";"Besigheim (CYY137)";"Neckar";"2012";"09.11.2012";"9,2";"°C"
"CYY137";"510.766";"5.427.724";"2.345";"Temperatur";"Besigheim (CYY137)";"Neckar";"2012";"10.11.2012";"9";"°C"
"CYY137";"510.766";"5.427.724";"2.345";"Temperatur";"Besigheim (CYY137)";"Neckar";"2012";"11.11.2012";"9,3";"°C"
"CYY137";"510.766";"5.427.724";"2.345";"Temperatur";"Besigheim (CYY137)";"Neckar";"2012";"12.11.2012";"9,6";"°C"
"CYY137";"510.766";"5.427.724";"2.345";"Temperatur";"Besigheim (CYY137)";"Neckar";"2012";"13.11.2012";"9,6";"°C"
"CYY137";"510.766";"5.427.724";"2.345";"Temperatur";"Besigheim (CYY137)";"Neckar";"2012";"14.11.2012";"9,4";"°C"
"CYY137";"510.766";"5.427.724";"2.345";"Temperatur";"Besigheim (CYY137)";"Neckar";"2012";"15.11.2012";"9,3";"°C"
"CYY137";"510.766";"5.427.724";"2.345";"Temperatur";"Besigheim (CYY137)";"Neckar";"2012";"16.11.2012";"9,1";"°C"
"CYY137";"510.766";"5.427.724";"2.345";"Temperatur";"Besigheim (CYY137)";"Neckar";"2012";"17.11.2012";"8,8";"°C"
"CYY137";"510.766";"5.427.724";"2.345";"Temperatur";"Besigheim (CYY137)";"Neckar";"2012";"18.11.2012";"8,6";"°C"
"CYY137";"510.766";"5.427.724";"2.345";"Temperatur";"Besigheim (CYY137)";"Neckar";"2012";"19.11.2012";"8,5";"°C"
"CYY137";"510.766";"5.427.724";"2.345";"Temperatur";"Besigheim (CYY137)";"Neckar";"2012";"20.11.2012";"8,3";"°C"
"CYY137";"510.766";"5.427.724";"2.345";"Temperatur";"Besigheim (CYY137)";"Neckar";"2012";"21.11.2012";"8,1";"°C"
"CYY137";"510.766";"5.427.724";"2.345";"Temperatur";"Besigheim (CYY137)";"Neckar";"2012";"22.11.2012";"8";"°C"
"CYY137";"510.766";"5.427.724";"2.345";"Temperatur";"Besigheim (CYY137)";"Neckar";"2012";"23.11.2012";"7,8";"°C"
"CYY137";"510.766";"5.427.724";"2.345";"Temperatur";"Besigheim (CYY137)";"Neckar";"2012";"24.11.2012";"7,9";"°C"
"CYY137";"510.766";"5.427.724";"2.345";"Temperatur";"Besigheim (CYY137)";"Neckar";"2012";"25.11.2012";"8,1";"°C"
"CYY137";"510.766";"5.427.724";"2.345";"Temperatur";"Besigheim (CYY137)";"Neckar";"2012";"26.11.2012";"8,1";"°C"
"CYY137";"510.766";"5.427.724";"2.345";"Temperatur";"Besigheim (CYY137)";"Neckar";"2012";"27.11.2012";"8,2";"°C"
"CYY137";"510.766";"5.427.724";"2.345";"Temperatur";"Besigheim (CYY137)";"Neckar";"2012";"28.11.2012";"8,5";"°C"
"CYY137";"510.766";"5.427.724";"2.345";"Temperatur";"Besigheim (CYY137)";"Neckar";"2012";"29.11.2012";"8,4";"°C"
"CYY137";"510.766";"5.427.724";"2.345";"Temperatur";"Besigheim (CYY137)";"Neckar";"2012";"30.11.2012";"7";"°C"
"CYY137";"510.766";"5.427.724";"2.345";"Temperatur";"Besigheim (CYY137)";"Neckar";"2012";"01.12.2012";"6,4";"°C"
"CYY137";"510.766";"5.427.724";"2.345";"Temperatur";"Besigheim (CYY137)";"Neckar";"2012";"02.12.2012";"6,1";"°C"
"CYY137";"510.766";"5.427.724";"2.345";"Temperatur";"Besigheim (CYY137)";"Neckar";"2012";"03.12.2012";"5,8";"°C"
"CYY137";"510.766";"5.427.724";"2.345";"Temperatur";"Besigheim (CYY137)";"Neckar";"2012";"04.12.2012";"5,5";"°C"
"CYY137";"510.766";"5.427.724";"2.345";"Temperatur";"Besigheim (CYY137)";"Neckar";"2012";"05.12.2012";"5,6";"°C"
"CYY137";"510.766";"5.427.724";"2.345";"Temperatur";"Besigheim (CYY137)";"Neckar";"2012";"06.12.2012";"5,7";"°C"
"CYY137";"510.766";"5.427.724";"2.345";"Temperatur";"Besigheim (CYY137)";"Neckar";"2012";"07.12.2012";"5,4";"°C"
"CYY137";"510.766";"5.427.724";"2.345";"Temperatur";"Besigheim (CYY137)";"Neckar";"2012";"08.12.2012";"5";"°C"
"CYY137";"510.766";"5.427.724";"2.345";"Temperatur";"Besigheim (CYY137)";"Neckar";"2012";"09.12.2012";"4,4";"°C"
"CYY137";"510.766";"5.427.724";"2.345";"Temperatur";"Besigheim (CYY137)";"Neckar";"2012";"10.12.2012";"4,1";"°C"
"CYY137";"510.766";"5.427.724";"2.345";"Temperatur";"Besigheim (CYY137)";"Neckar";"2012";"11.12.2012";"3,9";"°C"
"CYY137";"510.766";"5.427.724";"2.345";"Temperatur";"Besigheim (CYY137)";"Neckar";"2012";"12.12.2012";"3,6";"°C"
"CYY137";"510.766";"5.427.724";"2.345";"Temperatur";"Besigheim (CYY137)";"Neckar";"2012";"13.12.2012";"3";"°C"
"CYY137";"510.766";"5.427.724";"2.345";"Temperatur";"Besigheim (CYY137)";"Neckar";"2012";"14.12.2012";"3,1";"°C"
"CYY137";"510.766";"5.427.724";"2.345";"Temperatur";"Besigheim (CYY137)";"Neckar";"2012";"15.12.2012";"3,8";"°C"
"CYY137";"510.766";"5.427.724";"2.345";"Temperatur";"Besigheim (CYY137)";"Neckar";"2012";"16.12.2012";"5,1";"°C"
"CYY137";"510.766";"5.427.724";"2.345";"Temperatur";"Besigheim (CYY137)";"Neckar";"2012";"17.12.2012";"6";"°C"
"CYY137";"510.766";"5.427.724";"2.345";"Temperatur";"Besigheim (CYY137)";"Neckar";"2012";"18.12.2012";"6,3";"°C"
"CYY137";"510.766";"5.427.724";"2.345";"Temperatur";"Besigheim (CYY137)";"Neckar";"2012";"19.12.2012";"6,5";"°C"
"CYY137";"510.766";"5.427.724";"2.345";"Temperatur";"Besigheim (CYY137)";"Neckar";"2012";"20.12.2012";"6,2";"°C"
"CYY137";"510.766";"5.427.724";"2.345";"Temperatur";"Besigheim (CYY137)";"Neckar";"2012";"21.12.2012";"6,3";"°C"
"CYY137";"510.766";"5.427.724";"2.345";"Temperatur";"Besigheim (CYY137)";"Neckar";"2012";"22.12.2012";"6,4";"°C"
"CYY137";"510.766";"5.427.724";"2.345";"Temperatur";"Besigheim (CYY137)";"Neckar";"2012";"23.12.2012";"7,2";"°C"
"CYY137";"510.766";"5.427.724";"2.345";"Temperatur";"Besigheim (CYY137)";"Neckar";"2012";"24.12.2012";"7,9";"°C"
"CYY137";"510.766";"5.427.724";"2.345";"Temperatur";"Besigheim (CYY137)";"Neckar";"2012";"25.12.2012";"7,9";"°C"
"CYY137";"510.766";"5.427.724";"2.345";"Temperatur";"Besigheim (CYY137)";"Neckar";"2012";"26.12.2012";"7,9";"°C"
"CYY137";"510.766";"5.427.724";"2.345";"Temperatur";"Besigheim (CYY137)";"Neckar";"2012";"27.12.2012";"8";"°C"
"CYY137";"510.766";"5.427.724";"2.345";"Temperatur";"Besigheim (CYY137)";"Neckar";"2012";"28.12.2012";"7,9";"°C"
"CYY137";"510.766";"5.427.724";"2.345";"Temperatur";"Besigheim (CYY137)";"Neckar";"2012";"29.12.2012";"7,4";"°C"
"CYY137";"510.766";"5.427.724";"2.345";"Temperatur";"Besigheim (CYY137)";"Neckar";"2012";"30.12.2012";"7,3";"°C"
"CYY137";"510.766";"5.427.724";"2.345";"Temperatur";"Besigheim (CYY137)";"Neckar";"2012";"31.12.2012";"7,3";"°C"
"CYY137";"510.766";"5.427.724";"2.345";"Temperatur";"Besigheim (CYY137)";"Neckar";"2013";"01.01.2013";"7,2";"°C"
"CYY137";"510.766";"5.427.724";"2.345";"Temperatur";"Besigheim (CYY137)";"Neckar";"2013";"02.01.2013";"7,1";"°C"
"CYY137";"510.766";"5.427.724";"2.345";"Temperatur";"Besigheim (CYY137)";"Neckar";"2013";"03.01.2013";"6,7";"°C"
"CYY137";"510.766";"5.427.724";"2.345";"Temperatur";"Besigheim (CYY137)";"Neckar";"2013";"04.01.2013";"7,1";"°C"
"CYY137";"510.766";"5.427.724";"2.345";"Temperatur";"Besigheim (CYY137)";"Neckar";"2013";"05.01.2013";"7,3";"°C"
"CYY137";"510.766";"5.427.724";"2.345";"Temperatur";"Besigheim (CYY137)";"Neckar";"2013";"06.01.2013";"7,6";"°C"
"CYY137";"510.766";"5.427.724";"2.345";"Temperatur";"Besigheim (CYY137)";"Neckar";"2013";"07.01.2013";"8";"°C"
"CYY137";"510.766";"5.427.724";"2.345";"Temperatur";"Besigheim (CYY137)";"Neckar";"2013";"08.01.2013";"7,9";"°C"
"CYY137";"510.766";"5.427.724";"2.345";"Temperatur";"Besigheim (CYY137)";"Neckar";"2013";"09.01.2013";"7,8";"°C"
"CYY137";"510.766";"5.427.724";"2.345";"Temperatur";"Besigheim (CYY137)";"Neckar";"2013";"10.01.2013";"7,7";"°C"
"CYY137";"510.766";"5.427.724";"2.345";"Temperatur";"Besigheim (CYY137)";"Neckar";"2013";"11.01.2013";"7,3";"°C"
"CYY137";"510.766";"5.427.724";"2.345";"Temperatur";"Besigheim (CYY137)";"Neckar";"2013";"12.01.2013";"6,9";"°C"
"CYY137";"510.766";"5.427.724";"2.345";"Temperatur";"Besigheim (CYY137)";"Neckar";"2013";"13.01.2013";"6,3";"°C"
"CYY137";"510.766";"5.427.724";"2.345";"Temperatur";"Besigheim (CYY137)";"Neckar";"2013";"14.01.2013";"5,9";"°C"
"CYY137";"510.766";"5.427.724";"2.345";"Temperatur";"Besigheim (CYY137)";"Neckar";"2013";"15.01.2013";"5,4";"°C"
"CYY137";"510.766";"5.427.724";"2.345";"Temperatur";"Besigheim (CYY137)";"Neckar";"2013";"16.01.2013";"5";"°C"
"CYY137";"510.766";"5.427.724";"2.345";"Temperatur";"Besigheim (CYY137)";"Neckar";"2013";"17.01.2013";"4,7";"°C"
"CYY137";"510.766";"5.427.724";"2.345";"Temperatur";"Besigheim (CYY137)";"Neckar";"2013";"18.01.2013";"4,6";"°C"
"CYY137";"510.766";"5.427.724";"2.345";"Temperatur";"Besigheim (CYY137)";"Neckar";"2013";"19.01.2013";"4,4";"°C"
"CYY137";"510.766";"5.427.724";"2.345";"Temperatur";"Besigheim (CYY137)";"Neckar";"2013";"20.01.2013";"4,2";"°C"
"CYY137";"510.766";"5.427.724";"2.345";"Temperatur";"Besigheim (CYY137)";"Neckar";"2013";"21.01.2013";"4,1";"°C"
"CYY137";"510.766";"5.427.724";"2.345";"Temperatur";"Besigheim (CYY137)";"Neckar";"2013";"22.01.2013";"4,2";"°C"
"CYY137";"510.766";"5.427.724";"2.345";"Temperatur";"Besigheim (CYY137)";"Neckar";"2013";"23.01.2013";"4,3";"°C"
"CYY137";"510.766";"5.427.724";"2.345";"Temperatur";"Besigheim (CYY137)";"Neckar";"2013";"24.01.2013";"4,3";"°C"
"CYY137";"510.766";"5.427.724";"2.345";"Temperatur";"Besigheim (CYY137)";"Neckar";"2013";"25.01.2013";"4,3";"°C"
"CYY137";"510.766";"5.427.724";"2.345";"Temperatur";"Besigheim (CYY137)";"Neckar";"2013";"26.01.2013";"4,3";"°C"
"CYY137";"510.766";"5.427.724";"2.345";"Temperatur";"Besigheim (CYY137)";"Neckar";"2013";"27.01.2013";"4,3";"°C"
"CYY137";"510.766";"5.427.724";"2.345";"Temperatur";"Besigheim (CYY137)";"Neckar";"2013";"28.01.2013";"4,6";"°C"
"CYY137";"510.766";"5.427.724";"2.345";"Temperatur";"Besigheim (CYY137)";"Neckar";"2013";"29.01.2013";"5";"°C"
"CYY137";"510.766";"5.427.724";"2.345";"Temperatur";"Besigheim (CYY137)";"Neckar";"2013";"30.01.2013";"5,6";"°C"
"CYY137";"510.766";"5.427.724";"2.345";"Temperatur";"Besigheim (CYY137)";"Neckar";"2013";"31.01.2013";"6,7";"°C"
"CYY137";"510.766";"5.427.724";"2.345";"Temperatur";"Besigheim (CYY137)";"Neckar";"2013";"01.02.2013";"7,4";"°C"
"CYY137";"510.766";"5.427.724";"2.345";"Temperatur";"Besigheim (CYY137)";"Neckar";"2013";"02.02.2013";"7,1";"°C"
"CYY137";"510.766";"5.427.724";"2.345";"Temperatur";"Besigheim (CYY137)";"Neckar";"2013";"03.02.2013";"6,1";"°C"
"CYY137";"510.766";"5.427.724";"2.345";"Temperatur";"Besigheim (CYY137)";"Neckar";"2013";"04.02.2013";"5,9";"°C"
"CYY137";"510.766";"5.427.724";"2.345";"Temperatur";"Besigheim (CYY137)";"Neckar";"2013";"05.02.2013";"5,9";"°C"
"CYY137";"510.766";"5.427.724";"2.345";"Temperatur";"Besigheim (CYY137)";"Neckar";"2013";"06.02.2013";"6";"°C"
"CYY137";"510.766";"5.427.724";"2.345";"Temperatur";"Besigheim (CYY137)";"Neckar";"2013";"07.02.2013";"5,6";"°C"
"CYY137";"510.766";"5.427.724";"2.345";"Temperatur";"Besigheim (CYY137)";"Neckar";"2013";"08.02.2013";"5,5";"°C"
"CYY137";"510.766";"5.427.724";"2.345";"Temperatur";"Besigheim (CYY137)";"Neckar";"2013";"09.02.2013";"5,3";"°C"
"CYY137";"510.766";"5.427.724";"2.345";"Temperatur";"Besigheim (CYY137)";"Neckar";"2013";"10.02.2013";"5,1";"°C"
"CYY137";"510.766";"5.427.724";"2.345";"Temperatur";"Besigheim (CYY137)";"Neckar";"2013";"11.02.2013";"4,5";"°C"
"CYY137";"510.766";"5.427.724";"2.345";"Temperatur";"Besigheim (CYY137)";"Neckar";"2013";"12.02.2013";"4";"°C"
"CYY137";"510.766";"5.427.724";"2.345";"Temperatur";"Besigheim (CYY137)";"Neckar";"2013";"13.02.2013";"3,7";"°C"
"CYY137";"510.766";"5.427.724";"2.345";"Temperatur";"Besigheim (CYY137)";"Neckar";"2013";"14.02.2013";"3,7";"°C"
"CYY137";"510.766";"5.427.724";"2.345";"Temperatur";"Besigheim (CYY137)";"Neckar";"2013";"15.02.2013";"3,9";"°C"
"CYY137";"510.766";"5.427.724";"2.345";"Temperatur";"Besigheim (CYY137)";"Neckar";"2013";"16.02.2013";"4,4";"°C"
"CYY137";"510.766";"5.427.724";"2.345";"Temperatur";"Besigheim (CYY137)";"Neckar";"2013";"17.02.2013";"4,8";"°C"
"CYY137";"510.766";"5.427.724";"2.345";"Temperatur";"Besigheim (CYY137)";"Neckar";"2013";"18.02.2013";"5,1";"°C"
"CYY137";"510.766";"5.427.724";"2.345";"Temperatur";"Besigheim (CYY137)";"Neckar";"2013";"19.02.2013";"5,4";"°C"
"CYY137";"510.766";"5.427.724";"2.345";"Temperatur";"Besigheim (CYY137)";"Neckar";"2013";"20.02.2013";"5,6";"°C"
"CYY137";"510.766";"5.427.724";"2.345";"Temperatur";"Besigheim (CYY137)";"Neckar";"2013";"21.02.2013";"5,3";"°C"
"CYY137";"510.766";"5.427.724";"2.345";"Temperatur";"Besigheim (CYY137)";"Neckar";"2013";"22.02.2013";"4,6";"°C"
"CYY137";"510.766";"5.427.724";"2.345";"Temperatur";"Besigheim (CYY137)";"Neckar";"2013";"23.02.2013";"4,2";"°C"
"CYY137";"510.766";"5.427.724";"2.345";"Temperatur";"Besigheim (CYY137)";"Neckar";"2013";"24.02.2013";"4";"°C"
"CYY137";"510.766";"5.427.724";"2.345";"Temperatur";"Besigheim (CYY137)";"Neckar";"2013";"25.02.2013";"3,9";"°C"
"CYY137";"510.766";"5.427.724";"2.345";"Temperatur";"Besigheim (CYY137)";"Neckar";"2013";"26.02.2013";"3,7";"°C"
"CYY137";"510.766";"5.427.724";"2.345";"Temperatur";"Besigheim (CYY137)";"Neckar";"2013";"27.02.2013";"3,7";"°C"
"CYY137";"510.766";"5.427.724";"2.345";"Temperatur";"Besigheim (CYY137)";"Neckar";"2013";"28.02.2013";"4";"°C"
"CYY137";"510.766";"5.427.724";"2.345";"Temperatur";"Besigheim (CYY137)";"Neckar";"2013";"01.03.2013";"4,4";"°C"
"CYY137";"510.766";"5.427.724";"2.345";"Temperatur";"Besigheim (CYY137)";"Neckar";"2013";"02.03.2013";"4,6";"°C"
"CYY137";"510.766";"5.427.724";"2.345";"Temperatur";"Besigheim (CYY137)";"Neckar";"2013";"03.03.2013";"4,9";"°C"
"CYY137";"510.766";"5.427.724";"2.345";"Temperatur";"Besigheim (CYY137)";"Neckar";"2013";"04.03.2013";"5,3";"°C"
"CYY137";"510.766";"5.427.724";"2.345";"Temperatur";"Besigheim (CYY137)";"Neckar";"2013";"05.03.2013";"5,6";"°C"
"CYY137";"510.766";"5.427.724";"2.345";"Temperatur";"Besigheim (CYY137)";"Neckar";"2013";"06.03.2013";"6";"°C"
"CYY137";"510.766";"5.427.724";"2.345";"Temperatur";"Besigheim (CYY137)";"Neckar";"2013";"07.03.2013";"6,4";"°C"
"CYY137";"510.766";"5.427.724";"2.345";"Temperatur";"Besigheim (CYY137)";"Neckar";"2013";"08.03.2013";"7,1";"°C"
"CYY137";"510.766";"5.427.724";"2.345";"Temperatur";"Besigheim (CYY137)";"Neckar";"2013";"09.03.2013";"8,1";"°C"
"CYY137";"510.766";"5.427.724";"2.345";"Temperatur";"Besigheim (CYY137)";"Neckar";"2013";"10.03.2013";"8,7";"°C"
"CYY137";"510.766";"5.427.724";"2.345";"Temperatur";"Besigheim (CYY137)";"Neckar";"2013";"11.03.2013";"8,5";"°C"
"CYY137";"510.766";"5.427.724";"2.345";"Temperatur";"Besigheim (CYY137)";"Neckar";"2013";"12.03.2013";"8";"°C"
"CYY137";"510.766";"5.427.724";"2.345";"Temperatur";"Besigheim (CYY137)";"Neckar";"2013";"13.03.2013";"7,3";"°C"
"CYY137";"510.766";"5.427.724";"2.345";"Temperatur";"Besigheim (CYY137)";"Neckar";"2013";"14.03.2013";"6,6";"°C"
"CYY137";"510.766";"5.427.724";"2.345";"Temperatur";"Besigheim (CYY137)";"Neckar";"2013";"15.03.2013";"6,3";"°C"
"CYY137";"510.766";"5.427.724";"2.345";"Temperatur";"Besigheim (CYY137)";"Neckar";"2013";"16.03.2013";"5,8";"°C"
"CYY137";"510.766";"5.427.724";"2.345";"Temperatur";"Besigheim (CYY137)";"Neckar";"2013";"17.03.2013";"5,6";"°C"
"CYY137";"510.766";"5.427.724";"2.345";"Temperatur";"Besigheim (CYY137)";"Neckar";"2013";"18.03.2013";"5,7";"°C"
"CYY137";"510.766";"5.427.724";"2.345";"Temperatur";"Besigheim (CYY137)";"Neckar";"2013";"19.03.2013";"6,1";"°C"
"CYY137";"510.766";"5.427.724";"2.345";"Temperatur";"Besigheim (CYY137)";"Neckar";"2013";"20.03.2013";"6,5";"°C"
"CYY137";"510.766";"5.427.724";"2.345";"Temperatur";"Besigheim (CYY137)";"Neckar";"2013";"21.03.2013";"6,8";"°C"
"CYY137";"510.766";"5.427.724";"2.345";"Temperatur";"Besigheim (CYY137)";"Neckar";"2013";"22.03.2013";"7";"°C"
"CYY137";"510.766";"5.427.724";"2.345";"Temperatur";"Besigheim (CYY137)";"Neckar";"2013";"23.03.2013";"7";"°C"
"CYY137";"510.766";"5.427.724";"2.345";"Temperatur";"Besigheim (CYY137)";"Neckar";"2013";"24.03.2013";"6,9";"°C"
"CYY137";"510.766";"5.427.724";"2.345";"Temperatur";"Besigheim (CYY137)";"Neckar";"2013";"25.03.2013";"6,7";"°C"
"CYY137";"510.766";"5.427.724";"2.345";"Temperatur";"Besigheim (CYY137)";"Neckar";"2013";"26.03.2013";"6,3";"°C"
"CYY137";"510.766";"5.427.724";"2.345";"Temperatur";"Besigheim (CYY137)";"Neckar";"2013";"27.03.2013";"5,9";"°C"
"CYY137";"510.766";"5.427.724";"2.345";"Temperatur";"Besigheim (CYY137)";"Neckar";"2013";"28.03.2013";"5,9";"°C"
"CYY137";"510.766";"5.427.724";"2.345";"Temperatur";"Besigheim (CYY137)";"Neckar";"2013";"29.03.2013";"5,9";"°C"
"CYY137";"510.766";"5.427.724";"2.345";"Temperatur";"Besigheim (CYY137)";"Neckar";"2013";"30.03.2013";"5,9";"°C"
"CYY137";"510.766";"5.427.724";"2.345";"Temperatur";"Besigheim (CYY137)";"Neckar";"2013";"31.03.2013";"6";"°C"
"CYY137";"510.766";"5.427.724";"2.345";"Temperatur";"Besigheim (CYY137)";"Neckar";"2013";"01.04.2013";"6,3";"°C"
"CYY137";"510.766";"5.427.724";"2.345";"Temperatur";"Besigheim (CYY137)";"Neckar";"2013";"02.04.2013";"6,4";"°C"
"CYY137";"510.766";"5.427.724";"2.345";"Temperatur";"Besigheim (CYY137)";"Neckar";"2013";"03.04.2013";"6,3";"°C"
"CYY137";"510.766";"5.427.724";"2.345";"Temperatur";"Besigheim (CYY137)";"Neckar";"2013";"04.04.2013";"6,4";"°C"
"CYY137";"510.766";"5.427.724";"2.345";"Temperatur";"Besigheim (CYY137)";"Neckar";"2013";"05.04.2013";"6,6";"°C"
"CYY137";"510.766";"5.427.724";"2.345";"Temperatur";"Besigheim (CYY137)";"Neckar";"2013";"06.04.2013";"6,5";"°C"
"CYY137";"510.766";"5.427.724";"2.345";"Temperatur";"Besigheim (CYY137)";"Neckar";"2013";"07.04.2013";"6,9";"°C"
"CYY137";"510.766";"5.427.724";"2.345";"Temperatur";"Besigheim (CYY137)";"Neckar";"2013";"08.04.2013";"7,2";"°C"
"CYY137";"510.766";"5.427.724";"2.345";"Temperatur";"Besigheim (CYY137)";"Neckar";"2013";"09.04.2013";"7,6";"°C"
"CYY137";"510.766";"5.427.724";"2.345";"Temperatur";"Besigheim (CYY137)";"Neckar";"2013";"10.04.2013";"8";"°C"
"CYY137";"510.766";"5.427.724";"2.345";"Temperatur";"Besigheim (CYY137)";"Neckar";"2013";"11.04.2013";"8,6";"°C"
"CYY137";"510.766";"5.427.724";"2.345";"Temperatur";"Besigheim (CYY137)";"Neckar";"2013";"12.04.2013";"9,5";"°C"
"CYY137";"510.766";"5.427.724";"2.345";"Temperatur";"Besigheim (CYY137)";"Neckar";"2013";"13.04.2013";"10,5";"°C"
"CYY137";"510.766";"5.427.724";"2.345";"Temperatur";"Besigheim (CYY137)";"Neckar";"2013";"14.04.2013";"11";"°C"
"CYY137";"510.766";"5.427.724";"2.345";"Temperatur";"Besigheim (CYY137)";"Neckar";"2013";"15.04.2013";"11,5";"°C"
"CYY137";"510.766";"5.427.724";"2.345";"Temperatur";"Besigheim (CYY137)";"Neckar";"2013";"16.04.2013";"12,3";"°C"
"CYY137";"510.766";"5.427.724";"2.345";"Temperatur";"Besigheim (CYY137)";"Neckar";"2013";"17.04.2013";"13,2";"°C"
"CYY137";"510.766";"5.427.724";"2.345";"Temperatur";"Besigheim (CYY137)";"Neckar";"2013";"18.04.2013";"14,1";"°C"
"CYY137";"510.766";"5.427.724";"2.345";"Temperatur";"Besigheim (CYY137)";"Neckar";"2013";"19.04.2013";"14,3";"°C"
"CYY137";"510.766";"5.427.724";"2.345";"Temperatur";"Besigheim (CYY137)";"Neckar";"2013";"20.04.2013";"14";"°C"
"CYY137";"510.766";"5.427.724";"2.345";"Temperatur";"Besigheim (CYY137)";"Neckar";"2013";"21.04.2013";"13,4";"°C"
"CYY137";"510.766";"5.427.724";"2.345";"Temperatur";"Besigheim (CYY137)";"Neckar";"2013";"22.04.2013";"13,1";"°C"
"CYY137";"510.766";"5.427.724";"2.345";"Temperatur";"Besigheim (CYY137)";"Neckar";"2013";"23.04.2013";"12,7";"°C"
"CYY137";"510.766";"5.427.724";"2.345";"Temperatur";"Besigheim (CYY137)";"Neckar";"2013";"24.04.2013";"12,8";"°C"
"CYY137";"510.766";"5.427.724";"2.345";"Temperatur";"Besigheim (CYY137)";"Neckar";"2013";"25.04.2013";"13,1";"°C"
"CYY137";"510.766";"5.427.724";"2.345";"Temperatur";"Besigheim (CYY137)";"Neckar";"2013";"26.04.2013";"13,5";"°C"
"CYY137";"510.766";"5.427.724";"2.345";"Temperatur";"Besigheim (CYY137)";"Neckar";"2013";"27.04.2013";"13,8";"°C"
"CYY137";"510.766";"5.427.724";"2.345";"Temperatur";"Besigheim (CYY137)";"Neckar";"2013";"28.04.2013";"13,3";"°C"
"CYY137";"510.766";"5.427.724";"2.345";"Temperatur";"Besigheim (CYY137)";"Neckar";"2013";"29.04.2013";"12,4";"°C"
"CYY137";"510.766";"5.427.724";"2.345";"Temperatur";"Besigheim (CYY137)";"Neckar";"2013";"30.04.2013";"11,8";"°C"
"CYY137";"510.766";"5.427.724";"2.345";"Temperatur";"Besigheim (CYY137)";"Neckar";"2013";"01.05.2013";"11,8";"°C"
"CYY137";"510.766";"5.427.724";"2.345";"Temperatur";"Besigheim (CYY137)";"Neckar";"2013";"02.05.2013";"12,3";"°C"
"CYY137";"510.766";"5.427.724";"2.345";"Temperatur";"Besigheim (CYY137)";"Neckar";"2013";"03.05.2013";"12,8";"°C"
"CYY137";"510.766";"5.427.724";"2.345";"Temperatur";"Besigheim (CYY137)";"Neckar";"2013";"04.05.2013";"13,1";"°C"
"CYY137";"510.766";"5.427.724";"2.345";"Temperatur";"Besigheim (CYY137)";"Neckar";"2013";"05.05.2013";"13,6";"°C"
"CYY137";"510.766";"5.427.724";"2.345";"Temperatur";"Besigheim (CYY137)";"Neckar";"2013";"06.05.2013";"14,1";"°C"
"CYY137";"510.766";"5.427.724";"2.345";"Temperatur";"Besigheim (CYY137)";"Neckar";"2013";"07.05.2013";"14,3";"°C"
"CYY137";"510.766";"5.427.724";"2.345";"Temperatur";"Besigheim (CYY137)";"Neckar";"2013";"08.05.2013";"14,5";"°C"
"CYY137";"510.766";"5.427.724";"2.345";"Temperatur";"Besigheim (CYY137)";"Neckar";"2013";"09.05.2013";"14,9";"°C"
"CYY137";"510.766";"5.427.724";"2.345";"Temperatur";"Besigheim (CYY137)";"Neckar";"2013";"10.05.2013";"15,2";"°C"
"CYY137";"510.766";"5.427.724";"2.345";"Temperatur";"Besigheim (CYY137)";"Neckar";"2013";"11.05.2013";"15,2";"°C"
"CYY137";"510.766";"5.427.724";"2.345";"Temperatur";"Besigheim (CYY137)";"Neckar";"2013";"12.05.2013";"14,7";"°C"
"CYY137";"510.766";"5.427.724";"2.345";"Temperatur";"Besigheim (CYY137)";"Neckar";"2013";"13.05.2013";"14,1";"°C"
"CYY137";"510.766";"5.427.724";"2.345";"Temperatur";"Besigheim (CYY137)";"Neckar";"2013";"14.05.2013";"13,7";"°C"
"CYY137";"510.766";"5.427.724";"2.345";"Temperatur";"Besigheim (CYY137)";"Neckar";"2013";"15.05.2013";"13,9";"°C"
"CYY137";"510.766";"5.427.724";"2.345";"Temperatur";"Besigheim (CYY137)";"Neckar";"2013";"16.05.2013";"13,8";"°C"
"CYY137";"510.766";"5.427.724";"2.345";"Temperatur";"Besigheim (CYY137)";"Neckar";"2013";"17.05.2013";"13,9";"°C"
"CYY137";"510.766";"5.427.724";"2.345";"Temperatur";"Besigheim (CYY137)";"Neckar";"2013";"18.05.2013";"14,3";"°C"
"CYY137";"510.766";"5.427.724";"2.345";"Temperatur";"Besigheim (CYY137)";"Neckar";"2013";"19.05.2013";"14,7";"°C"
"CYY137";"510.766";"5.427.724";"2.345";"Temperatur";"Besigheim (CYY137)";"Neckar";"2013";"20.05.2013";"14,5";"°C"
"CYY137";"510.766";"5.427.724";"2.345";"Temperatur";"Besigheim (CYY137)";"Neckar";"2013";"21.05.2013";"14,6";"°C"
"CYY137";"510.766";"5.427.724";"2.345";"Temperatur";"Besigheim (CYY137)";"Neckar";"2013";"22.05.2013";"14,4";"°C"
"CYY137";"510.766";"5.427.724";"2.345";"Temperatur";"Besigheim (CYY137)";"Neckar";"2013";"23.05.2013";"14,1";"°C"
"CYY137";"510.766";"5.427.724";"2.345";"Temperatur";"Besigheim (CYY137)";"Neckar";"2013";"24.05.2013";"13,7";"°C"
"CYY137";"510.766";"5.427.724";"2.345";"Temperatur";"Besigheim (CYY137)";"Neckar";"2013";"25.05.2013";"13,5";"°C"
"CYY137";"510.766";"5.427.724";"2.345";"Temperatur";"Besigheim (CYY137)";"Neckar";"2013";"26.05.2013";"13";"°C"
"CYY137";"510.766";"5.427.724";"2.345";"Temperatur";"Besigheim (CYY137)";"Neckar";"2013";"27.05.2013";"12,2";"°C"
"CYY137";"510.766";"5.427.724";"2.345";"Temperatur";"Besigheim (CYY137)";"Neckar";"2013";"28.05.2013";"12,2";"°C"
"CYY137";"510.766";"5.427.724";"2.345";"Temperatur";"Besigheim (CYY137)";"Neckar";"2013";"29.05.2013";"12,7";"°C"
"CYY137";"510.766";"5.427.724";"2.345";"Temperatur";"Besigheim (CYY137)";"Neckar";"2013";"30.05.2013";"12,8";"°C"
"CYY137";"510.766";"5.427.724";"2.345";"Temperatur";"Besigheim (CYY137)";"Neckar";"2013";"31.05.2013";"12,1";"°C"
"CYY137";"510.766";"5.427.724";"2.345";"Temperatur";"Besigheim (CYY137)";"Neckar";"2013";"01.06.2013";"11,3";"°C"
"CYY137";"510.766";"5.427.724";"2.345";"Temperatur";"Besigheim (CYY137)";"Neckar";"2013";"02.06.2013";"11,5";"°C"
"CYY137";"510.766";"5.427.724";"2.345";"Temperatur";"Besigheim (CYY137)";"Neckar";"2013";"03.06.2013";"11,5";"°C"
"CYY137";"510.766";"5.427.724";"2.345";"Temperatur";"Besigheim (CYY137)";"Neckar";"2013";"04.06.2013";"11,5";"°C"
"CYY137";"510.766";"5.427.724";"2.345";"Temperatur";"Besigheim (CYY137)";"Neckar";"2013";"05.06.2013";"12,5";"°C"
"CYY137";"510.766";"5.427.724";"2.345";"Temperatur";"Besigheim (CYY137)";"Neckar";"2013";"06.06.2013";"13,5";"°C"
"CYY137";"510.766";"5.427.724";"2.345";"Temperatur";"Besigheim (CYY137)";"Neckar";"2013";"07.06.2013";"14,5";"°C"
"CYY137";"510.766";"5.427.724";"2.345";"Temperatur";"Besigheim (CYY137)";"Neckar";"2013";"08.06.2013";"15,2";"°C"
"CYY137";"510.766";"5.427.724";"2.345";"Temperatur";"Besigheim (CYY137)";"Neckar";"2013";"09.06.2013";"15,7";"°C"
"CYY137";"510.766";"5.427.724";"2.345";"Temperatur";"Besigheim (CYY137)";"Neckar";"2013";"10.06.2013";"15,8";"°C"
"CYY137";"510.766";"5.427.724";"2.345";"Temperatur";"Besigheim (CYY137)";"Neckar";"2013";"11.06.2013";"15,5";"°C"
"CYY137";"510.766";"5.427.724";"2.345";"Temperatur";"Besigheim (CYY137)";"Neckar";"2013";"12.06.2013";"15,4";"°C"
"CYY137";"510.766";"5.427.724";"2.345";"Temperatur";"Besigheim (CYY137)";"Neckar";"2013";"13.06.2013";"15,7";"°C"
"CYY137";"510.766";"5.427.724";"2.345";"Temperatur";"Besigheim (CYY137)";"Neckar";"2013";"14.06.2013";"16,3";"°C"
"CYY137";"510.766";"5.427.724";"2.345";"Temperatur";"Besigheim (CYY137)";"Neckar";"2013";"15.06.2013";"16,7";"°C"
"CYY137";"510.766";"5.427.724";"2.345";"Temperatur";"Besigheim (CYY137)";"Neckar";"2013";"16.06.2013";"17,3";"°C"
"CYY137";"510.766";"5.427.724";"2.345";"Temperatur";"Besigheim (CYY137)";"Neckar";"2013";"17.06.2013";"18,1";"°C"
"CYY137";"510.766";"5.427.724";"2.345";"Temperatur";"Besigheim (CYY137)";"Neckar";"2013";"18.06.2013";"19,1";"°C"
"CYY137";"510.766";"5.427.724";"2.345";"Temperatur";"Besigheim (CYY137)";"Neckar";"2013";"19.06.2013";"20,5";"°C"
"CYY137";"510.766";"5.427.724";"2.345";"Temperatur";"Besigheim (CYY137)";"Neckar";"2013";"20.06.2013";"21";"°C"
"CYY137";"510.766";"5.427.724";"2.345";"Temperatur";"Besigheim (CYY137)";"Neckar";"2013";"21.06.2013";"21";"°C"
"CYY137";"510.766";"5.427.724";"2.345";"Temperatur";"Besigheim (CYY137)";"Neckar";"2013";"22.06.2013";"21";"°C"
"CYY137";"510.766";"5.427.724";"2.345";"Temperatur";"Besigheim (CYY137)";"Neckar";"2013";"23.06.2013";"20,9";"°C"
"CYY137";"510.766";"5.427.724";"2.345";"Temperatur";"Besigheim (CYY137)";"Neckar";"2013";"24.06.2013";"20,4";"°C"
"CYY137";"510.766";"5.427.724";"2.345";"Temperatur";"Besigheim (CYY137)";"Neckar";"2013";"25.06.2013";"19,4";"°C"
"CYY137";"510.766";"5.427.724";"2.345";"Temperatur";"Besigheim (CYY137)";"Neckar";"2013";"26.06.2013";"18,7";"°C"
"CYY137";"510.766";"5.427.724";"2.345";"Temperatur";"Besigheim (CYY137)";"Neckar";"2013";"27.06.2013";"18,3";"°C"
"CYY137";"510.766";"5.427.724";"2.345";"Temperatur";"Besigheim (CYY137)";"Neckar";"2013";"28.06.2013";"17,7";"°C"
"CYY137";"510.766";"5.427.724";"2.345";"Temperatur";"Besigheim (CYY137)";"Neckar";"2013";"29.06.2013";"17,2";"°C"
"CYY137";"510.766";"5.427.724";"2.345";"Temperatur";"Besigheim (CYY137)";"Neckar";"2013";"30.06.2013";"16,9";"°C"
"CYY137";"510.766";"5.427.724";"2.345";"Temperatur";"Besigheim (CYY137)";"Neckar";"2013";"01.07.2013";"17,4";"°C"
"CYY137";"510.766";"5.427.724";"2.345";"Temperatur";"Besigheim (CYY137)";"Neckar";"2013";"02.07.2013";"17,8";"°C"
"CYY137";"510.766";"5.427.724";"2.345";"Temperatur";"Besigheim (CYY137)";"Neckar";"2013";"03.07.2013";"18";"°C"
"CYY137";"510.766";"5.427.724";"2.345";"Temperatur";"Besigheim (CYY137)";"Neckar";"2013";"04.07.2013";"17,8";"°C"
"CYY137";"510.766";"5.427.724";"2.345";"Temperatur";"Besigheim (CYY137)";"Neckar";"2013";"05.07.2013";"18,5";"°C"
"CYY137";"510.766";"5.427.724";"2.345";"Temperatur";"Besigheim (CYY137)";"Neckar";"2013";"06.07.2013";"19,1";"°C"
"CYY137";"510.766";"5.427.724";"2.345";"Temperatur";"Besigheim (CYY137)";"Neckar";"2013";"07.07.2013";"20";"°C"
"CYY137";"510.766";"5.427.724";"2.345";"Temperatur";"Besigheim (CYY137)";"Neckar";"2013";"08.07.2013";"20,6";"°C"
"CYY137";"510.766";"5.427.724";"2.345";"Temperatur";"Besigheim (CYY137)";"Neckar";"2013";"09.07.2013";"21,1";"°C"
"CYY137";"510.766";"5.427.724";"2.345";"Temperatur";"Besigheim (CYY137)";"Neckar";"2013";"10.07.2013";"21,6";"°C"
"CYY137";"510.766";"5.427.724";"2.345";"Temperatur";"Besigheim (CYY137)";"Neckar";"2013";"11.07.2013";"21,5";"°C"
"CYY137";"510.766";"5.427.724";"2.345";"Temperatur";"Besigheim (CYY137)";"Neckar";"2013";"12.07.2013";"21,6";"°C"
"CYY137";"510.766";"5.427.724";"2.345";"Temperatur";"Besigheim (CYY137)";"Neckar";"2013";"13.07.2013";"21,8";"°C"
"CYY137";"510.766";"5.427.724";"2.345";"Temperatur";"Besigheim (CYY137)";"Neckar";"2013";"14.07.2013";"22,1";"°C"
"CYY137";"510.766";"5.427.724";"2.345";"Temperatur";"Besigheim (CYY137)";"Neckar";"2013";"15.07.2013";"22,2";"°C"
"CYY137";"510.766";"5.427.724";"2.345";"Temperatur";"Besigheim (CYY137)";"Neckar";"2013";"16.07.2013";"22,4";"°C"
"CYY137";"510.766";"5.427.724";"2.345";"Temperatur";"Besigheim (CYY137)";"Neckar";"2013";"17.07.2013";"22,6";"°C"
"CYY137";"510.766";"5.427.724";"2.345";"Temperatur";"Besigheim (CYY137)";"Neckar";"2013";"18.07.2013";"22,8";"°C"
"CYY137";"510.766";"5.427.724";"2.345";"Temperatur";"Besigheim (CYY137)";"Neckar";"2013";"19.07.2013";"23,1";"°C"
"CYY137";"510.766";"5.427.724";"2.345";"Temperatur";"Besigheim (CYY137)";"Neckar";"2013";"20.07.2013";"23,3";"°C"
"CYY137";"510.766";"5.427.724";"2.345";"Temperatur";"Besigheim (CYY137)";"Neckar";"2013";"21.07.2013";"23,7";"°C"
"CYY137";"510.766";"5.427.724";"2.345";"Temperatur";"Besigheim (CYY137)";"Neckar";"2013";"22.07.2013";"24,2";"°C"
"CYY137";"510.766";"5.427.724";"2.345";"Temperatur";"Besigheim (CYY137)";"Neckar";"2013";"23.07.2013";"24,2";"°C"
"CYY137";"510.766";"5.427.724";"2.345";"Temperatur";"Besigheim (CYY137)";"Neckar";"2013";"24.07.2013";"23,9";"°C"
"CYY137";"510.766";"5.427.724";"2.345";"Temperatur";"Besigheim (CYY137)";"Neckar";"2013";"25.07.2013";"23,7";"°C"
"CYY137";"510.766";"5.427.724";"2.345";"Temperatur";"Besigheim (CYY137)";"Neckar";"2013";"26.07.2013";"23,5";"°C"
"CYY137";"510.766";"5.427.724";"2.345";"Temperatur";"Besigheim (CYY137)";"Neckar";"2013";"27.07.2013";"23,3";"°C"
"CYY137";"510.766";"5.427.724";"2.345";"Temperatur";"Besigheim (CYY137)";"Neckar";"2013";"28.07.2013";"23,6";"°C"
"CYY137";"510.766";"5.427.724";"2.345";"Temperatur";"Besigheim (CYY137)";"Neckar";"2013";"29.07.2013";"22,4";"°C"
"CYY137";"510.766";"5.427.724";"2.345";"Temperatur";"Besigheim (CYY137)";"Neckar";"2013";"30.07.2013";"20,2";"°C"
"CYY137";"510.766";"5.427.724";"2.345";"Temperatur";"Besigheim (CYY137)";"Neckar";"2013";"31.07.2013";"19,9";"°C"
"CYY137";"510.766";"5.427.724";"2.345";"Temperatur";"Besigheim (CYY137)";"Neckar";"2013";"01.08.2013";"20,6";"°C"
"CYY137";"510.766";"5.427.724";"2.345";"Temperatur";"Besigheim (CYY137)";"Neckar";"2013";"02.08.2013";"21,3";"°C"
"CYY137";"510.766";"5.427.724";"2.345";"Temperatur";"Besigheim (CYY137)";"Neckar";"2013";"03.08.2013";"21,9";"°C"
"CYY137";"510.766";"5.427.724";"2.345";"Temperatur";"Besigheim (CYY137)";"Neckar";"2013";"04.08.2013";"22,5";"°C"
"CYY137";"510.766";"5.427.724";"2.345";"Temperatur";"Besigheim (CYY137)";"Neckar";"2013";"05.08.2013";"22,7";"°C"
"CYY137";"510.766";"5.427.724";"2.345";"Temperatur";"Besigheim (CYY137)";"Neckar";"2013";"06.08.2013";"23";"°C"
"CYY137";"510.766";"5.427.724";"2.345";"Temperatur";"Besigheim (CYY137)";"Neckar";"2013";"07.08.2013";"22,7";"°C"
"CYY137";"510.766";"5.427.724";"2.345";"Temperatur";"Besigheim (CYY137)";"Neckar";"2013";"08.08.2013";"22,6";"°C"
"CYY137";"510.766";"5.427.724";"2.345";"Temperatur";"Besigheim (CYY137)";"Neckar";"2013";"09.08.2013";"22,1";"°C"
"CYY137";"510.766";"5.427.724";"2.345";"Temperatur";"Besigheim (CYY137)";"Neckar";"2013";"10.08.2013";"21,8";"°C"
"CYY137";"510.766";"5.427.724";"2.345";"Temperatur";"Besigheim (CYY137)";"Neckar";"2013";"11.08.2013";"21,5";"°C"
"CYY137";"510.766";"5.427.724";"2.345";"Temperatur";"Besigheim (CYY137)";"Neckar";"2013";"12.08.2013";"21,5";"°C"
"CYY137";"510.766";"5.427.724";"2.345";"Temperatur";"Besigheim (CYY137)";"Neckar";"2013";"13.08.2013";"20,9";"°C"
"CYY137";"510.766";"5.427.724";"2.345";"Temperatur";"Besigheim (CYY137)";"Neckar";"2013";"14.08.2013";"20,5";"°C"
"CYY137";"510.766";"5.427.724";"2.345";"Temperatur";"Besigheim (CYY137)";"Neckar";"2013";"15.08.2013";"20,6";"°C"
"CYY137";"510.766";"5.427.724";"2.345";"Temperatur";"Besigheim (CYY137)";"Neckar";"2013";"16.08.2013";"20,6";"°C"
"CYY137";"510.766";"5.427.724";"2.345";"Temperatur";"Besigheim (CYY137)";"Neckar";"2013";"17.08.2013";"20,7";"°C"
"CYY137";"510.766";"5.427.724";"2.345";"Temperatur";"Besigheim (CYY137)";"Neckar";"2013";"18.08.2013";"20,9";"°C"
"CYY137";"510.766";"5.427.724";"2.345";"Temperatur";"Besigheim (CYY137)";"Neckar";"2013";"19.08.2013";"20,7";"°C"
"CYY137";"510.766";"5.427.724";"2.345";"Temperatur";"Besigheim (CYY137)";"Neckar";"2013";"20.08.2013";"20,5";"°C"
"CYY137";"510.766";"5.427.724";"2.345";"Temperatur";"Besigheim (CYY137)";"Neckar";"2013";"21.08.2013";"20,3";"°C"
"CYY137";"510.766";"5.427.724";"2.345";"Temperatur";"Besigheim (CYY137)";"Neckar";"2013";"22.08.2013";"20,3";"°C"
"CYY137";"510.766";"5.427.724";"2.345";"Temperatur";"Besigheim (CYY137)";"Neckar";"2013";"23.08.2013";"20,3";"°C"
"CYY137";"510.766";"5.427.724";"2.345";"Temperatur";"Besigheim (CYY137)";"Neckar";"2013";"24.08.2013";"20,1";"°C"
"CYY137";"510.766";"5.427.724";"2.345";"Temperatur";"Besigheim (CYY137)";"Neckar";"2013";"25.08.2013";"19,6";"°C"
"CYY137";"510.766";"5.427.724";"2.345";"Temperatur";"Besigheim (CYY137)";"Neckar";"2013";"26.08.2013";"18,4";"°C"
"CYY137";"510.766";"5.427.724";"2.345";"Temperatur";"Besigheim (CYY137)";"Neckar";"2013";"27.08.2013";"18,1";"°C"
"CYY137";"510.766";"5.427.724";"2.345";"Temperatur";"Besigheim (CYY137)";"Neckar";"2013";"28.08.2013";"18";"°C"
"CYY137";"510.766";"5.427.724";"2.345";"Temperatur";"Besigheim (CYY137)";"Neckar";"2013";"29.08.2013";"18,3";"°C"
"CYY137";"510.766";"5.427.724";"2.345";"Temperatur";"Besigheim (CYY137)";"Neckar";"2013";"30.08.2013";"18,6";"°C"
"CYY137";"510.766";"5.427.724";"2.345";"Temperatur";"Besigheim (CYY137)";"Neckar";"2013";"31.08.2013";"18,8";"°C"
"CYY137";"510.766";"5.427.724";"2.345";"Temperatur";"Besigheim (CYY137)";"Neckar";"2013";"01.09.2013";"18,8";"°C"
"CYY137";"510.766";"5.427.724";"2.345";"Temperatur";"Besigheim (CYY137)";"Neckar";"2013";"02.09.2013";"18,7";"°C"
"CYY137";"510.766";"5.427.724";"2.345";"Temperatur";"Besigheim (CYY137)";"Neckar";"2013";"03.09.2013";"18,9";"°C"
"CYY137";"510.766";"5.427.724";"2.345";"Temperatur";"Besigheim (CYY137)";"Neckar";"2013";"04.09.2013";"19,4";"°C"
"CYY137";"510.766";"5.427.724";"2.345";"Temperatur";"Besigheim (CYY137)";"Neckar";"2013";"05.09.2013";"19,8";"°C"
"CYY137";"510.766";"5.427.724";"2.345";"Temperatur";"Besigheim (CYY137)";"Neckar";"2013";"06.09.2013";"20";"°C"
"CYY137";"510.766";"5.427.724";"2.345";"Temperatur";"Besigheim (CYY137)";"Neckar";"2013";"07.09.2013";"20,3";"°C"
"CYY137";"510.766";"5.427.724";"2.345";"Temperatur";"Besigheim (CYY137)";"Neckar";"2013";"08.09.2013";"20,3";"°C"
"CYY137";"510.766";"5.427.724";"2.345";"Temperatur";"Besigheim (CYY137)";"Neckar";"2013";"09.09.2013";"20";"°C"
"CYY137";"510.766";"5.427.724";"2.345";"Temperatur";"Besigheim (CYY137)";"Neckar";"2013";"10.09.2013";"19,3";"°C"
"CYY137";"510.766";"5.427.724";"2.345";"Temperatur";"Besigheim (CYY137)";"Neckar";"2013";"11.09.2013";"18,1";"°C"
"CYY137";"510.766";"5.427.724";"2.345";"Temperatur";"Besigheim (CYY137)";"Neckar";"2013";"12.09.2013";"17";"°C"
"CYY137";"510.766";"5.427.724";"2.345";"Temperatur";"Besigheim (CYY137)";"Neckar";"2013";"13.09.2013";"15,4";"°C"
"CYY137";"510.766";"5.427.724";"2.345";"Temperatur";"Besigheim (CYY137)";"Neckar";"2013";"14.09.2013";"14,9";"°C"
"CYY137";"510.766";"5.427.724";"2.345";"Temperatur";"Besigheim (CYY137)";"Neckar";"2013";"15.09.2013";"14,9";"°C"
"CYY137";"510.766";"5.427.724";"2.345";"Temperatur";"Besigheim (CYY137)";"Neckar";"2013";"16.09.2013";"14,9";"°C"
"CYY137";"510.766";"5.427.724";"2.345";"Temperatur";"Besigheim (CYY137)";"Neckar";"2013";"17.09.2013";"14,6";"°C"
"CYY137";"510.766";"5.427.724";"2.345";"Temperatur";"Besigheim (CYY137)";"Neckar";"2013";"18.09.2013";"14,5";"°C"
"CYY137";"510.766";"5.427.724";"2.345";"Temperatur";"Besigheim (CYY137)";"Neckar";"2013";"19.09.2013";"14,2";"°C"
"CYY137";"510.766";"5.427.724";"2.345";"Temperatur";"Besigheim (CYY137)";"Neckar";"2013";"20.09.2013";"13,9";"°C"
"CYY137";"510.766";"5.427.724";"2.345";"Temperatur";"Besigheim (CYY137)";"Neckar";"2013";"21.09.2013";"14,1";"°C"
"CYY137";"510.766";"5.427.724";"2.345";"Temperatur";"Besigheim (CYY137)";"Neckar";"2013";"22.09.2013";"14,1";"°C"
"CYY137";"510.766";"5.427.724";"2.345";"Temperatur";"Besigheim (CYY137)";"Neckar";"2013";"23.09.2013";"14,3";"°C"
"CYY137";"510.766";"5.427.724";"2.345";"Temperatur";"Besigheim (CYY137)";"Neckar";"2013";"24.09.2013";"14,6";"°C"
"CYY137";"510.766";"5.427.724";"2.345";"Temperatur";"Besigheim (CYY137)";"Neckar";"2013";"25.09.2013";"14,9";"°C"
"CYY137";"510.766";"5.427.724";"2.345";"Temperatur";"Besigheim (CYY137)";"Neckar";"2013";"26.09.2013";"15,1";"°C"
"CYY137";"510.766";"5.427.724";"2.345";"Temperatur";"Besigheim (CYY137)";"Neckar";"2013";"27.09.2013";"15,2";"°C"
"CYY137";"510.766";"5.427.724";"2.345";"Temperatur";"Besigheim (CYY137)";"Neckar";"2013";"28.09.2013";"15,5";"°C"
"CYY137";"510.766";"5.427.724";"2.345";"Temperatur";"Besigheim (CYY137)";"Neckar";"2013";"29.09.2013";"15,6";"°C"
"CYY137";"510.766";"5.427.724";"2.345";"Temperatur";"Besigheim (CYY137)";"Neckar";"2013";"30.09.2013";"15,3";"°C"
"CYY137";"510.766";"5.427.724";"2.345";"Temperatur";"Besigheim (CYY137)";"Neckar";"2013";"01.10.2013";"15,1";"°C"
"CYY137";"510.766";"5.427.724";"2.345";"Temperatur";"Besigheim (CYY137)";"Neckar";"2013";"02.10.2013";"14,8";"°C"
"CYY137";"510.766";"5.427.724";"2.345";"Temperatur";"Besigheim (CYY137)";"Neckar";"2013";"03.10.2013";"14,5";"°C"
"CYY137";"510.766";"5.427.724";"2.345";"Temperatur";"Besigheim (CYY137)";"Neckar";"2013";"04.10.2013";"14,4";"°C"
"CYY137";"510.766";"5.427.724";"2.345";"Temperatur";"Besigheim (CYY137)";"Neckar";"2013";"05.10.2013";"14,3";"°C"
"CYY137";"510.766";"5.427.724";"2.345";"Temperatur";"Besigheim (CYY137)";"Neckar";"2013";"06.10.2013";"14,3";"°C"
"CYY137";"510.766";"5.427.724";"2.345";"Temperatur";"Besigheim (CYY137)";"Neckar";"2013";"07.10.2013";"13,8";"°C"
"CYY137";"510.766";"5.427.724";"2.345";"Temperatur";"Besigheim (CYY137)";"Neckar";"2013";"08.10.2013";"13,9";"°C"
"CYY137";"510.766";"5.427.724";"2.345";"Temperatur";"Besigheim (CYY137)";"Neckar";"2013";"09.10.2013";"14,1";"°C"
"CYY137";"510.766";"5.427.724";"2.345";"Temperatur";"Besigheim (CYY137)";"Neckar";"2013";"10.10.2013";"14,1";"°C"
"CYY137";"510.766";"5.427.724";"2.345";"Temperatur";"Besigheim (CYY137)";"Neckar";"2013";"11.10.2013";"13,5";"°C"
"CYY137";"510.766";"5.427.724";"2.345";"Temperatur";"Besigheim (CYY137)";"Neckar";"2013";"12.10.2013";"12,6";"°C"
"CYY137";"510.766";"5.427.724";"2.345";"Temperatur";"Besigheim (CYY137)";"Neckar";"2013";"13.10.2013";"12,1";"°C"
"CYY137";"510.766";"5.427.724";"2.345";"Temperatur";"Besigheim (CYY137)";"Neckar";"2013";"14.10.2013";"11,8";"°C"
"CYY137";"510.766";"5.427.724";"2.345";"Temperatur";"Besigheim (CYY137)";"Neckar";"2013";"15.10.2013";"11,7";"°C"
"CYY137";"510.766";"5.427.724";"2.345";"Temperatur";"Besigheim (CYY137)";"Neckar";"2013";"16.10.2013";"11,6";"°C"
"CYY137";"510.766";"5.427.724";"2.345";"Temperatur";"Besigheim (CYY137)";"Neckar";"2013";"17.10.2013";"12";"°C"
"CYY137";"510.766";"5.427.724";"2.345";"Temperatur";"Besigheim (CYY137)";"Neckar";"2013";"18.10.2013";"12,2";"°C"
"CYY137";"510.766";"5.427.724";"2.345";"Temperatur";"Besigheim (CYY137)";"Neckar";"2013";"19.10.2013";"12,2";"°C"
"CYY137";"510.766";"5.427.724";"2.345";"Temperatur";"Besigheim (CYY137)";"Neckar";"2013";"20.10.2013";"12,4";"°C"
"CYY137";"510.766";"5.427.724";"2.345";"Temperatur";"Besigheim (CYY137)";"Neckar";"2013";"21.10.2013";"12,7";"°C"
"CYY137";"510.766";"5.427.724";"2.345";"Temperatur";"Besigheim (CYY137)";"Neckar";"2013";"22.10.2013";"13";"°C"
"CYY137";"510.766";"5.427.724";"2.345";"Temperatur";"Besigheim (CYY137)";"Neckar";"2013";"23.10.2013";"12,9";"°C"
"CYY137";"510.766";"5.427.724";"2.345";"Temperatur";"Besigheim (CYY137)";"Neckar";"2013";"24.10.2013";"13,1";"°C"
"CYY137";"510.766";"5.427.724";"2.345";"Temperatur";"Besigheim (CYY137)";"Neckar";"2013";"25.10.2013";"13,3";"°C"
"CYY137";"510.766";"5.427.724";"2.345";"Temperatur";"Besigheim (CYY137)";"Neckar";"2013";"26.10.2013";"13,4";"°C"
"CYY137";"510.766";"5.427.724";"2.345";"Temperatur";"Besigheim (CYY137)";"Neckar";"2013";"27.10.2013";"13,6";"°C"
"CYY137";"510.766";"5.427.724";"2.345";"Temperatur";"Besigheim (CYY137)";"Neckar";"2013";"28.10.2013";"13,7";"°C"
"CYY137";"510.766";"5.427.724";"2.345";"Temperatur";"Besigheim (CYY137)";"Neckar";"2013";"29.10.2013";"13,8";"°C"
"CYY137";"510.766";"5.427.724";"2.345";"Temperatur";"Besigheim (CYY137)";"Neckar";"2013";"30.10.2013";"13,4";"°C"
"CYY137";"510.766";"5.427.724";"2.345";"Temperatur";"Besigheim (CYY137)";"Neckar";"2013";"31.10.2013";"12,7";"°C"
"CYY137";"510.766";"5.427.724";"2.345";"Temperatur";"Besigheim (CYY137)";"Neckar";"2013";"01.11.2013";"12,2";"°C"
"CYY137";"510.766";"5.427.724";"2.345";"Temperatur";"Besigheim (CYY137)";"Neckar";"2013";"02.11.2013";"12";"°C"
"CYY137";"510.766";"5.427.724";"2.345";"Temperatur";"Besigheim (CYY137)";"Neckar";"2013";"03.11.2013";"11,9";"°C"
"CYY137";"510.766";"5.427.724";"2.345";"Temperatur";"Besigheim (CYY137)";"Neckar";"2013";"04.11.2013";"11,2";"°C"
"CYY137";"510.766";"5.427.724";"2.345";"Temperatur";"Besigheim (CYY137)";"Neckar";"2013";"05.11.2013";"10,3";"°C"
"CYY137";"510.766";"5.427.724";"2.345";"Temperatur";"Besigheim (CYY137)";"Neckar";"2013";"06.11.2013";"10,2";"°C"
"CYY137";"510.766";"5.427.724";"2.345";"Temperatur";"Besigheim (CYY137)";"Neckar";"2013";"07.11.2013";"10,5";"°C"
"CYY137";"510.766";"5.427.724";"2.345";"Temperatur";"Besigheim (CYY137)";"Neckar";"2013";"08.11.2013";"10,6";"°C"
"CYY137";"510.766";"5.427.724";"2.345";"Temperatur";"Besigheim (CYY137)";"Neckar";"2013";"09.11.2013";"11,1";"°C"
"CYY137";"510.766";"5.427.724";"2.345";"Temperatur";"Besigheim (CYY137)";"Neckar";"2013";"10.11.2013";"11,1";"°C"
"CYY137";"510.766";"5.427.724";"2.345";"Temperatur";"Besigheim (CYY137)";"Neckar";"2013";"11.11.2013";"10,1";"°C"
"CYY137";"510.766";"5.427.724";"2.345";"Temperatur";"Besigheim (CYY137)";"Neckar";"2013";"12.11.2013";"9,1";"°C"
"CYY137";"510.766";"5.427.724";"2.345";"Temperatur";"Besigheim (CYY137)";"Neckar";"2013";"13.11.2013";"8,7";"°C"
"CYY137";"510.766";"5.427.724";"2.345";"Temperatur";"Besigheim (CYY137)";"Neckar";"2013";"14.11.2013";"8,4";"°C"
"CYY137";"510.766";"5.427.724";"2.345";"Temperatur";"Besigheim (CYY137)";"Neckar";"2013";"15.11.2013";"8,4";"°C"
"CYY137";"510.766";"5.427.724";"2.345";"Temperatur";"Besigheim (CYY137)";"Neckar";"2013";"16.11.2013";"8,3";"°C"
"CYY137";"510.766";"5.427.724";"2.345";"Temperatur";"Besigheim (CYY137)";"Neckar";"2013";"17.11.2013";"8,4";"°C"
"CYY137";"510.766";"5.427.724";"2.345";"Temperatur";"Besigheim (CYY137)";"Neckar";"2013";"18.11.2013";"8,4";"°C"
"CYY137";"510.766";"5.427.724";"2.345";"Temperatur";"Besigheim (CYY137)";"Neckar";"2013";"19.11.2013";"8,2";"°C"
"CYY137";"510.766";"5.427.724";"2.345";"Temperatur";"Besigheim (CYY137)";"Neckar";"2013";"20.11.2013";"8,2";"°C"
"CYY137";"510.766";"5.427.724";"2.345";"Temperatur";"Besigheim (CYY137)";"Neckar";"2013";"21.11.2013";"8,2";"°C"
"CYY137";"510.766";"5.427.724";"2.345";"Temperatur";"Besigheim (CYY137)";"Neckar";"2013";"22.11.2013";"7,7";"°C"
"CYY137";"510.766";"5.427.724";"2.345";"Temperatur";"Besigheim (CYY137)";"Neckar";"2013";"23.11.2013";"7,8";"°C"
"CYY137";"510.766";"5.427.724";"2.345";"Temperatur";"Besigheim (CYY137)";"Neckar";"2013";"24.11.2013";"7,8";"°C"
"CYY137";"510.766";"5.427.724";"2.345";"Temperatur";"Besigheim (CYY137)";"Neckar";"2013";"25.11.2013";"7,5";"°C"
"CYY137";"510.766";"5.427.724";"2.345";"Temperatur";"Besigheim (CYY137)";"Neckar";"2013";"26.11.2013";"7,2";"°C"
"CYY137";"510.766";"5.427.724";"2.345";"Temperatur";"Besigheim (CYY137)";"Neckar";"2013";"27.11.2013";"6,7";"°C"
"CYY137";"510.766";"5.427.724";"2.345";"Temperatur";"Besigheim (CYY137)";"Neckar";"2013";"28.11.2013";"6,3";"°C"
"CYY137";"510.766";"5.427.724";"2.345";"Temperatur";"Besigheim (CYY137)";"Neckar";"2013";"29.11.2013";"6,3";"°C"
"CYY137";"510.766";"5.427.724";"2.345";"Temperatur";"Besigheim (CYY137)";"Neckar";"2013";"30.11.2013";"6,1";"°C"
"CYY137";"510.766";"5.427.724";"2.345";"Temperatur";"Besigheim (CYY137)";"Neckar";"2013";"01.12.2013";"6,1";"°C"
"CYY137";"510.766";"5.427.724";"2.345";"Temperatur";"Besigheim (CYY137)";"Neckar";"2013";"02.12.2013";"6,1";"°C"
"CYY137";"510.766";"5.427.724";"2.345";"Temperatur";"Besigheim (CYY137)";"Neckar";"2013";"03.12.2013";"5,9";"°C"
"CYY137";"510.766";"5.427.724";"2.345";"Temperatur";"Besigheim (CYY137)";"Neckar";"2013";"04.12.2013";"5,8";"°C"
"CYY137";"510.766";"5.427.724";"2.345";"Temperatur";"Besigheim (CYY137)";"Neckar";"2013";"05.12.2013";"6";"°C"
"CYY137";"510.766";"5.427.724";"2.345";"Temperatur";"Besigheim (CYY137)";"Neckar";"2013";"06.12.2013";"6,1";"°C"
"CYY137";"510.766";"5.427.724";"2.345";"Temperatur";"Besigheim (CYY137)";"Neckar";"2013";"07.12.2013";"5,9";"°C"
"CYY137";"510.766";"5.427.724";"2.345";"Temperatur";"Besigheim (CYY137)";"Neckar";"2013";"08.12.2013";"5,8";"°C"
"CYY137";"510.766";"5.427.724";"2.345";"Temperatur";"Besigheim (CYY137)";"Neckar";"2013";"09.12.2013";"5,9";"°C"
"CYY137";"510.766";"5.427.724";"2.345";"Temperatur";"Besigheim (CYY137)";"Neckar";"2013";"10.12.2013";"5,9";"°C"
"CYY137";"510.766";"5.427.724";"2.345";"Temperatur";"Besigheim (CYY137)";"Neckar";"2013";"11.12.2013";"5,9";"°C"
"CYY137";"510.766";"5.427.724";"2.345";"Temperatur";"Besigheim (CYY137)";"Neckar";"2013";"12.12.2013";"5,7";"°C"
"CYY137";"510.766";"5.427.724";"2.345";"Temperatur";"Besigheim (CYY137)";"Neckar";"2013";"13.12.2013";"5,7";"°C"
"CYY137";"510.766";"5.427.724";"2.345";"Temperatur";"Besigheim (CYY137)";"Neckar";"2013";"14.12.2013";"5,7";"°C"
"CYY137";"510.766";"5.427.724";"2.345";"Temperatur";"Besigheim (CYY137)";"Neckar";"2013";"15.12.2013";"5,7";"°C"
"CYY137";"510.766";"5.427.724";"2.345";"Temperatur";"Besigheim (CYY137)";"Neckar";"2013";"16.12.2013";"5,5";"°C"
"CYY137";"510.766";"5.427.724";"2.345";"Temperatur";"Besigheim (CYY137)";"Neckar";"2013";"17.12.2013";"5,2";"°C"
"CYY137";"510.766";"5.427.724";"2.345";"Temperatur";"Besigheim (CYY137)";"Neckar";"2013";"18.12.2013";"4,7";"°C"
"CYY137";"510.766";"5.427.724";"2.345";"Temperatur";"Besigheim (CYY137)";"Neckar";"2013";"19.12.2013";"4,6";"°C"
"CYY137";"510.766";"5.427.724";"2.345";"Temperatur";"Besigheim (CYY137)";"Neckar";"2013";"20.12.2013";"4,7";"°C"
"CYY137";"510.766";"5.427.724";"2.345";"Temperatur";"Besigheim (CYY137)";"Neckar";"2013";"21.12.2013";"4,8";"°C"
"CYY137";"510.766";"5.427.724";"2.345";"Temperatur";"Besigheim (CYY137)";"Neckar";"2013";"22.12.2013";"4,9";"°C"
"CYY137";"510.766";"5.427.724";"2.345";"Temperatur";"Besigheim (CYY137)";"Neckar";"2013";"23.12.2013";"5,2";"°C"
"CYY137";"510.766";"5.427.724";"2.345";"Temperatur";"Besigheim (CYY137)";"Neckar";"2013";"24.12.2013";"5,4";"°C"
"CYY137";"510.766";"5.427.724";"2.345";"Temperatur";"Besigheim (CYY137)";"Neckar";"2013";"25.12.2013";"5,9";"°C"
"CYY137";"510.766";"5.427.724";"2.345";"Temperatur";"Besigheim (CYY137)";"Neckar";"2013";"26.12.2013";"6,7";"°C"
"CYY137";"510.766";"5.427.724";"2.345";"Temperatur";"Besigheim (CYY137)";"Neckar";"2013";"27.12.2013";"7";"°C"
"CYY137";"510.766";"5.427.724";"2.345";"Temperatur";"Besigheim (CYY137)";"Neckar";"2013";"28.12.2013";"6,5";"°C"
"CYY137";"510.766";"5.427.724";"2.345";"Temperatur";"Besigheim (CYY137)";"Neckar";"2013";"29.12.2013";"6,5";"°C"
"CYY137";"510.766";"5.427.724";"2.345";"Temperatur";"Besigheim (CYY137)";"Neckar";"2013";"30.12.2013";"6,3";"°C"
"CYY137";"510.766";"5.427.724";"2.345";"Temperatur";"Besigheim (CYY137)";"Neckar";"2013";"31.12.2013";"6,3";"°C"
"CYY137";"510.766";"5.427.724";"2.345";"Temperatur";"Besigheim (CYY137)";"Neckar";"2014";"01.01.2014";"6,1";"°C"
"CYY137";"510.766";"5.427.724";"2.345";"Temperatur";"Besigheim (CYY137)";"Neckar";"2014";"02.01.2014";"6,1";"°C"
"CYY137";"510.766";"5.427.724";"2.345";"Temperatur";"Besigheim (CYY137)";"Neckar";"2014";"03.01.2014";"5,9";"°C"
"CYY137";"510.766";"5.427.724";"2.345";"Temperatur";"Besigheim (CYY137)";"Neckar";"2014";"04.01.2014";"5,8";"°C"
"CYY137";"510.766";"5.427.724";"2.345";"Temperatur";"Besigheim (CYY137)";"Neckar";"2014";"05.01.2014";"6,1";"°C"
"CYY137";"510.766";"5.427.724";"2.345";"Temperatur";"Besigheim (CYY137)";"Neckar";"2014";"06.01.2014";"6,2";"°C"
"CYY137";"510.766";"5.427.724";"2.345";"Temperatur";"Besigheim (CYY137)";"Neckar";"2014";"07.01.2014";"6,5";"°C"
"CYY137";"510.766";"5.427.724";"2.345";"Temperatur";"Besigheim (CYY137)";"Neckar";"2014";"08.01.2014";"6,8";"°C"
"CYY137";"510.766";"5.427.724";"2.345";"Temperatur";"Besigheim (CYY137)";"Neckar";"2014";"09.01.2014";"7,1";"°C"
"CYY137";"510.766";"5.427.724";"2.345";"Temperatur";"Besigheim (CYY137)";"Neckar";"2014";"10.01.2014";"7,2";"°C"
"CYY137";"510.766";"5.427.724";"2.345";"Temperatur";"Besigheim (CYY137)";"Neckar";"2014";"11.01.2014";"7,3";"°C"
"CYY137";"510.766";"5.427.724";"2.345";"Temperatur";"Besigheim (CYY137)";"Neckar";"2014";"12.01.2014";"7";"°C"
"CYY137";"510.766";"5.427.724";"2.345";"Temperatur";"Besigheim (CYY137)";"Neckar";"2014";"13.01.2014";"6,9";"°C"
"CYY137";"510.766";"5.427.724";"2.345";"Temperatur";"Besigheim (CYY137)";"Neckar";"2014";"14.01.2014";"6,6";"°C"
"CYY137";"510.766";"5.427.724";"2.345";"Temperatur";"Besigheim (CYY137)";"Neckar";"2014";"15.01.2014";"6,7";"°C"
"CYY137";"510.766";"5.427.724";"2.345";"Temperatur";"Besigheim (CYY137)";"Neckar";"2014";"16.01.2014";"6,7";"°C"
"CYY137";"510.766";"5.427.724";"2.345";"Temperatur";"Besigheim (CYY137)";"Neckar";"2014";"17.01.2014";"7,1";"°C"
"CYY137";"510.766";"5.427.724";"2.345";"Temperatur";"Besigheim (CYY137)";"Neckar";"2014";"18.01.2014";"6,7";"°C"
"CYY137";"510.766";"5.427.724";"2.345";"Temperatur";"Besigheim (CYY137)";"Neckar";"2014";"19.01.2014";"6,5";"°C"
"CYY137";"510.766";"5.427.724";"2.345";"Temperatur";"Besigheim (CYY137)";"Neckar";"2014";"20.01.2014";"6,5";"°C"
"CYY137";"510.766";"5.427.724";"2.345";"Temperatur";"Besigheim (CYY137)";"Neckar";"2014";"21.01.2014";"6,4";"°C"
"CYY137";"510.766";"5.427.724";"2.345";"Temperatur";"Besigheim (CYY137)";"Neckar";"2014";"22.01.2014";"6,5";"°C"
"CYY137";"510.766";"5.427.724";"2.345";"Temperatur";"Besigheim (CYY137)";"Neckar";"2014";"23.01.2014";"6,6";"°C"
"CYY137";"510.766";"5.427.724";"2.345";"Temperatur";"Besigheim (CYY137)";"Neckar";"2014";"24.01.2014";"6,6";"°C"
"CYY137";"510.766";"5.427.724";"2.345";"Temperatur";"Besigheim (CYY137)";"Neckar";"2014";"25.01.2014";"6,9";"°C"
"CYY137";"510.766";"5.427.724";"2.345";"Temperatur";"Besigheim (CYY137)";"Neckar";"2014";"26.01.2014";"6,7";"°C"
"CYY137";"510.766";"5.427.724";"2.345";"Temperatur";"Besigheim (CYY137)";"Neckar";"2014";"27.01.2014";"6,4";"°C"
"CYY137";"510.766";"5.427.724";"2.345";"Temperatur";"Besigheim (CYY137)";"Neckar";"2014";"28.01.2014";"6";"°C"
"CYY137";"510.766";"5.427.724";"2.345";"Temperatur";"Besigheim (CYY137)";"Neckar";"2014";"29.01.2014";"5,7";"°C"
"CYY137";"510.766";"5.427.724";"2.345";"Temperatur";"Besigheim (CYY137)";"Neckar";"2014";"30.01.2014";"5,4";"°C"
"CYY137";"510.766";"5.427.724";"2.345";"Temperatur";"Besigheim (CYY137)";"Neckar";"2014";"31.01.2014";"5,2";"°C"
"CYY137";"510.766";"5.427.724";"2.345";"Temperatur";"Besigheim (CYY137)";"Neckar";"2014";"01.02.2014";"5";"°C"
"CYY137";"510.766";"5.427.724";"2.345";"Temperatur";"Besigheim (CYY137)";"Neckar";"2014";"02.02.2014";"5,2";"°C"
"CYY137";"510.766";"5.427.724";"2.345";"Temperatur";"Besigheim (CYY137)";"Neckar";"2014";"03.02.2014";"5,5";"°C"
"CYY137";"510.766";"5.427.724";"2.345";"Temperatur";"Besigheim (CYY137)";"Neckar";"2014";"04.02.2014";"5,5";"°C"
"CYY137";"510.766";"5.427.724";"2.345";"Temperatur";"Besigheim (CYY137)";"Neckar";"2014";"05.02.2014";"5,5";"°C"
"CYY137";"510.766";"5.427.724";"2.345";"Temperatur";"Besigheim (CYY137)";"Neckar";"2014";"06.02.2014";"5,9";"°C"
"CYY137";"510.766";"5.427.724";"2.345";"Temperatur";"Besigheim (CYY137)";"Neckar";"2014";"07.02.2014";"6,1";"°C"
"CYY137";"510.766";"5.427.724";"2.345";"Temperatur";"Besigheim (CYY137)";"Neckar";"2014";"08.02.2014";"6,2";"°C"
"CYY137";"510.766";"5.427.724";"2.345";"Temperatur";"Besigheim (CYY137)";"Neckar";"2014";"09.02.2014";"6,3";"°C"
"CYY137";"510.766";"5.427.724";"2.345";"Temperatur";"Besigheim (CYY137)";"Neckar";"2014";"10.02.2014";"6,2";"°C"
"CYY137";"510.766";"5.427.724";"2.345";"Temperatur";"Besigheim (CYY137)";"Neckar";"2014";"11.02.2014";"6,3";"°C"
"CYY137";"510.766";"5.427.724";"2.345";"Temperatur";"Besigheim (CYY137)";"Neckar";"2014";"12.02.2014";"6,4";"°C"
"CYY137";"510.766";"5.427.724";"2.345";"Temperatur";"Besigheim (CYY137)";"Neckar";"2014";"13.02.2014";"6,5";"°C"
"CYY137";"510.766";"5.427.724";"2.345";"Temperatur";"Besigheim (CYY137)";"Neckar";"2014";"14.02.2014";"6,6";"°C"
"CYY137";"510.766";"5.427.724";"2.345";"Temperatur";"Besigheim (CYY137)";"Neckar";"2014";"15.02.2014";"6,8";"°C"
"CYY137";"510.766";"5.427.724";"2.345";"Temperatur";"Besigheim (CYY137)";"Neckar";"2014";"16.02.2014";"6,9";"°C"
"CYY137";"510.766";"5.427.724";"2.345";"Temperatur";"Besigheim (CYY137)";"Neckar";"2014";"17.02.2014";"6,8";"°C"
"CYY137";"510.766";"5.427.724";"2.345";"Temperatur";"Besigheim (CYY137)";"Neckar";"2014";"18.02.2014";"6,8";"°C"
"CYY137";"510.766";"5.427.724";"2.345";"Temperatur";"Besigheim (CYY137)";"Neckar";"2014";"19.02.2014";"7";"°C"
"CYY137";"510.766";"5.427.724";"2.345";"Temperatur";"Besigheim (CYY137)";"Neckar";"2014";"20.02.2014";"7,2";"°C"
"CYY137";"510.766";"5.427.724";"2.345";"Temperatur";"Besigheim (CYY137)";"Neckar";"2014";"21.02.2014";"7,3";"°C"
"CYY137";"510.766";"5.427.724";"2.345";"Temperatur";"Besigheim (CYY137)";"Neckar";"2014";"22.02.2014";"7,3";"°C"
"CYY137";"510.766";"5.427.724";"2.345";"Temperatur";"Besigheim (CYY137)";"Neckar";"2014";"23.02.2014";"7,6";"°C"
"CYY137";"510.766";"5.427.724";"2.345";"Temperatur";"Besigheim (CYY137)";"Neckar";"2014";"24.02.2014";"7,7";"°C"
"CYY137";"510.766";"5.427.724";"2.345";"Temperatur";"Besigheim (CYY137)";"Neckar";"2014";"25.02.2014";"7,7";"°C"
"CYY137";"510.766";"5.427.724";"2.345";"Temperatur";"Besigheim (CYY137)";"Neckar";"2014";"26.02.2014";"7,9";"°C"
"CYY137";"510.766";"5.427.724";"2.345";"Temperatur";"Besigheim (CYY137)";"Neckar";"2014";"27.02.2014";"8,2";"°C"
"CYY137";"510.766";"5.427.724";"2.345";"Temperatur";"Besigheim (CYY137)";"Neckar";"2014";"28.02.2014";"8,3";"°C"
"CYY137";"510.766";"5.427.724";"2.345";"Temperatur";"Besigheim (CYY137)";"Neckar";"2014";"01.03.2014";"8,3";"°C"
"CYY137";"510.766";"5.427.724";"2.345";"Temperatur";"Besigheim (CYY137)";"Neckar";"2014";"02.03.2014";"8,5";"°C"
"CYY137";"510.766";"5.427.724";"2.345";"Temperatur";"Besigheim (CYY137)";"Neckar";"2014";"03.03.2014";"8,3";"°C"
"CYY137";"510.766";"5.427.724";"2.345";"Temperatur";"Besigheim (CYY137)";"Neckar";"2014";"04.03.2014";"8,3";"°C"
"CYY137";"510.766";"5.427.724";"2.345";"Temperatur";"Besigheim (CYY137)";"Neckar";"2014";"05.03.2014";"8,2";"°C"
"CYY137";"510.766";"5.427.724";"2.345";"Temperatur";"Besigheim (CYY137)";"Neckar";"2014";"06.03.2014";"8,2";"°C"
"CYY137";"510.766";"5.427.724";"2.345";"Temperatur";"Besigheim (CYY137)";"Neckar";"2014";"07.03.2014";"8,2";"°C"
"CYY137";"510.766";"5.427.724";"2.345";"Temperatur";"Besigheim (CYY137)";"Neckar";"2014";"08.03.2014";"8,4";"°C"
"CYY137";"510.766";"5.427.724";"2.345";"Temperatur";"Besigheim (CYY137)";"Neckar";"2014";"09.03.2014";"8,6";"°C"
"CYY137";"510.766";"5.427.724";"2.345";"Temperatur";"Besigheim (CYY137)";"Neckar";"2014";"10.03.2014";"8,9";"°C"
"CYY137";"510.766";"5.427.724";"2.345";"Temperatur";"Besigheim (CYY137)";"Neckar";"2014";"11.03.2014";"9";"°C"
"CYY137";"510.766";"5.427.724";"2.345";"Temperatur";"Besigheim (CYY137)";"Neckar";"2014";"12.03.2014";"9,1";"°C"
"CYY137";"510.766";"5.427.724";"2.345";"Temperatur";"Besigheim (CYY137)";"Neckar";"2014";"13.03.2014";"9,3";"°C"
"CYY137";"510.766";"5.427.724";"2.345";"Temperatur";"Besigheim (CYY137)";"Neckar";"2014";"14.03.2014";"9,5";"°C"
"CYY137";"510.766";"5.427.724";"2.345";"Temperatur";"Besigheim (CYY137)";"Neckar";"2014";"15.03.2014";"9,5";"°C"
"CYY137";"510.766";"5.427.724";"2.345";"Temperatur";"Besigheim (CYY137)";"Neckar";"2014";"16.03.2014";"9,6";"°C"
"CYY137";"510.766";"5.427.724";"2.345";"Temperatur";"Besigheim (CYY137)";"Neckar";"2014";"17.03.2014";"9,7";"°C"
"CYY137";"510.766";"5.427.724";"2.345";"Temperatur";"Besigheim (CYY137)";"Neckar";"2014";"18.03.2014";"10,1";"°C"
"CYY137";"510.766";"5.427.724";"2.345";"Temperatur";"Besigheim (CYY137)";"Neckar";"2014";"19.03.2014";"10,2";"°C"
"CYY137";"510.766";"5.427.724";"2.345";"Temperatur";"Besigheim (CYY137)";"Neckar";"2014";"20.03.2014";"10,5";"°C"
"CYY137";"510.766";"5.427.724";"2.345";"Temperatur";"Besigheim (CYY137)";"Neckar";"2014";"21.03.2014";"10,9";"°C"
"CYY137";"510.766";"5.427.724";"2.345";"Temperatur";"Besigheim (CYY137)";"Neckar";"2014";"22.03.2014";"11,1";"°C"
"CYY137";"510.766";"5.427.724";"2.345";"Temperatur";"Besigheim (CYY137)";"Neckar";"2014";"23.03.2014";"11,1";"°C"
"CYY137";"510.766";"5.427.724";"2.345";"Temperatur";"Besigheim (CYY137)";"Neckar";"2014";"24.03.2014";"10,9";"°C"
"CYY137";"510.766";"5.427.724";"2.345";"Temperatur";"Besigheim (CYY137)";"Neckar";"2014";"25.03.2014";"10,9";"°C"
"CYY137";"510.766";"5.427.724";"2.345";"Temperatur";"Besigheim (CYY137)";"Neckar";"2014";"26.03.2014";"10,6";"°C"
"CYY137";"510.766";"5.427.724";"2.345";"Temperatur";"Besigheim (CYY137)";"Neckar";"2014";"27.03.2014";"10,7";"°C"
"CYY137";"510.766";"5.427.724";"2.345";"Temperatur";"Besigheim (CYY137)";"Neckar";"2014";"28.03.2014";"10,8";"°C"
"CYY137";"510.766";"5.427.724";"2.345";"Temperatur";"Besigheim (CYY137)";"Neckar";"2014";"29.03.2014";"10,9";"°C"
"CYY137";"510.766";"5.427.724";"2.345";"Temperatur";"Besigheim (CYY137)";"Neckar";"2014";"30.03.2014";"11,2";"°C"
"CYY137";"510.766";"5.427.724";"2.345";"Temperatur";"Besigheim (CYY137)";"Neckar";"2014";"31.03.2014";"11,5";"°C"
"CYY137";"510.766";"5.427.724";"2.345";"Temperatur";"Besigheim (CYY137)";"Neckar";"2014";"01.04.2014";"11,9";"°C"
"CYY137";"510.766";"5.427.724";"2.345";"Temperatur";"Besigheim (CYY137)";"Neckar";"2014";"02.04.2014";"12,5";"°C"
"CYY137";"510.766";"5.427.724";"2.345";"Temperatur";"Besigheim (CYY137)";"Neckar";"2014";"03.04.2014";"12,9";"°C"
"CYY137";"510.766";"5.427.724";"2.345";"Temperatur";"Besigheim (CYY137)";"Neckar";"2014";"04.04.2014";"13,3";"°C"
"CYY137";"510.766";"5.427.724";"2.345";"Temperatur";"Besigheim (CYY137)";"Neckar";"2014";"05.04.2014";"13,6";"°C"
"CYY137";"510.766";"5.427.724";"2.345";"Temperatur";"Besigheim (CYY137)";"Neckar";"2014";"06.04.2014";"14,1";"°C"
"CYY137";"510.766";"5.427.724";"2.345";"Temperatur";"Besigheim (CYY137)";"Neckar";"2014";"07.04.2014";"14,6";"°C"
"CYY137";"510.766";"5.427.724";"2.345";"Temperatur";"Besigheim (CYY137)";"Neckar";"2014";"08.04.2014";"14,8";"°C"
"CYY137";"510.766";"5.427.724";"2.345";"Temperatur";"Besigheim (CYY137)";"Neckar";"2014";"09.04.2014";"14,6";"°C"
"CYY137";"510.766";"5.427.724";"2.345";"Temperatur";"Besigheim (CYY137)";"Neckar";"2014";"10.04.2014";"14,6";"°C"
"CYY137";"510.766";"5.427.724";"2.345";"Temperatur";"Besigheim (CYY137)";"Neckar";"2014";"11.04.2014";"15,1";"°C"
"CYY137";"510.766";"5.427.724";"2.345";"Temperatur";"Besigheim (CYY137)";"Neckar";"2014";"12.04.2014";"15,3";"°C"
"CYY137";"510.766";"5.427.724";"2.345";"Temperatur";"Besigheim (CYY137)";"Neckar";"2014";"13.04.2014";"15,5";"°C"
"CYY137";"510.766";"5.427.724";"2.345";"Temperatur";"Besigheim (CYY137)";"Neckar";"2014";"14.04.2014";"15,4";"°C"
"CYY137";"510.766";"5.427.724";"2.345";"Temperatur";"Besigheim (CYY137)";"Neckar";"2014";"15.04.2014";"14,9";"°C"
"CYY137";"510.766";"5.427.724";"2.345";"Temperatur";"Besigheim (CYY137)";"Neckar";"2014";"16.04.2014";"14,5";"°C"
"CYY137";"510.766";"5.427.724";"2.345";"Temperatur";"Besigheim (CYY137)";"Neckar";"2014";"17.04.2014";"14,7";"°C"
"CYY137";"510.766";"5.427.724";"2.345";"Temperatur";"Besigheim (CYY137)";"Neckar";"2014";"18.04.2014";"14,5";"°C"
"CYY137";"510.766";"5.427.724";"2.345";"Temperatur";"Besigheim (CYY137)";"Neckar";"2014";"19.04.2014";"14,2";"°C"
"CYY137";"510.766";"5.427.724";"2.345";"Temperatur";"Besigheim (CYY137)";"Neckar";"2014";"20.04.2014";"14,3";"°C"
"CYY137";"510.766";"5.427.724";"2.345";"Temperatur";"Besigheim (CYY137)";"Neckar";"2014";"21.04.2014";"14,3";"°C"
"CYY137";"510.766";"5.427.724";"2.345";"Temperatur";"Besigheim (CYY137)";"Neckar";"2014";"22.04.2014";"14,6";"°C"
"CYY137";"510.766";"5.427.724";"2.345";"Temperatur";"Besigheim (CYY137)";"Neckar";"2014";"23.04.2014";"15";"°C"
"CYY137";"510.766";"5.427.724";"2.345";"Temperatur";"Besigheim (CYY137)";"Neckar";"2014";"24.04.2014";"15,2";"°C"
"CYY137";"510.766";"5.427.724";"2.345";"Temperatur";"Besigheim (CYY137)";"Neckar";"2014";"25.04.2014";"15,7";"°C"
"CYY137";"510.766";"5.427.724";"2.345";"Temperatur";"Besigheim (CYY137)";"Neckar";"2014";"26.04.2014";"16,1";"°C"
"CYY137";"510.766";"5.427.724";"2.345";"Temperatur";"Besigheim (CYY137)";"Neckar";"2014";"27.04.2014";"16";"°C"
"CYY137";"510.766";"5.427.724";"2.345";"Temperatur";"Besigheim (CYY137)";"Neckar";"2014";"28.04.2014";"15,7";"°C"
"CYY137";"510.766";"5.427.724";"2.345";"Temperatur";"Besigheim (CYY137)";"Neckar";"2014";"29.04.2014";"15,7";"°C"
"CYY137";"510.766";"5.427.724";"2.345";"Temperatur";"Besigheim (CYY137)";"Neckar";"2014";"30.04.2014";"15,9";"°C"
"CYY137";"510.766";"5.427.724";"2.345";"Temperatur";"Besigheim (CYY137)";"Neckar";"2014";"01.05.2014";"15,8";"°C"
"CYY137";"510.766";"5.427.724";"2.345";"Temperatur";"Besigheim (CYY137)";"Neckar";"2014";"02.05.2014";"15,3";"°C"
"CYY137";"510.766";"5.427.724";"2.345";"Temperatur";"Besigheim (CYY137)";"Neckar";"2014";"03.05.2014";"14,8";"°C"
"CYY137";"510.766";"5.427.724";"2.345";"Temperatur";"Besigheim (CYY137)";"Neckar";"2014";"04.05.2014";"14,6";"°C"
"CYY137";"510.766";"5.427.724";"2.345";"Temperatur";"Besigheim (CYY137)";"Neckar";"2014";"05.05.2014";"14,7";"°C"
"CYY137";"510.766";"5.427.724";"2.345";"Temperatur";"Besigheim (CYY137)";"Neckar";"2014";"06.05.2014";"14,9";"°C"
"CYY137";"510.766";"5.427.724";"2.345";"Temperatur";"Besigheim (CYY137)";"Neckar";"2014";"07.05.2014";"15,2";"°C"
"CYY137";"510.766";"5.427.724";"2.345";"Temperatur";"Besigheim (CYY137)";"Neckar";"2014";"08.05.2014";"15,4";"°C"
"CYY137";"510.766";"5.427.724";"2.345";"Temperatur";"Besigheim (CYY137)";"Neckar";"2014";"09.05.2014";"15,7";"°C"
"CYY137";"510.766";"5.427.724";"2.345";"Temperatur";"Besigheim (CYY137)";"Neckar";"2014";"10.05.2014";"15,9";"°C"
"CYY137";"510.766";"5.427.724";"2.345";"Temperatur";"Besigheim (CYY137)";"Neckar";"2014";"11.05.2014";"16,1";"°C"
"CYY137";"510.766";"5.427.724";"2.345";"Temperatur";"Besigheim (CYY137)";"Neckar";"2014";"12.05.2014";"15,8";"°C"
"CYY137";"510.766";"5.427.724";"2.345";"Temperatur";"Besigheim (CYY137)";"Neckar";"2014";"13.05.2014";"15,6";"°C"
"CYY137";"510.766";"5.427.724";"2.345";"Temperatur";"Besigheim (CYY137)";"Neckar";"2014";"14.05.2014";"15,5";"°C"
"CYY137";"510.766";"5.427.724";"2.345";"Temperatur";"Besigheim (CYY137)";"Neckar";"2014";"15.05.2014";"15,6";"°C"
"CYY137";"510.766";"5.427.724";"2.345";"Temperatur";"Besigheim (CYY137)";"Neckar";"2014";"16.05.2014";"15,7";"°C"
"CYY137";"510.766";"5.427.724";"2.345";"Temperatur";"Besigheim (CYY137)";"Neckar";"2014";"17.05.2014";"15,9";"°C"
"CYY137";"510.766";"5.427.724";"2.345";"Temperatur";"Besigheim (CYY137)";"Neckar";"2014";"18.05.2014";"16,3";"°C"
"CYY137";"510.766";"5.427.724";"2.345";"Temperatur";"Besigheim (CYY137)";"Neckar";"2014";"19.05.2014";"16,6";"°C"
"CYY137";"510.766";"5.427.724";"2.345";"Temperatur";"Besigheim (CYY137)";"Neckar";"2014";"20.05.2014";"17,1";"°C"
"CYY137";"510.766";"5.427.724";"2.345";"Temperatur";"Besigheim (CYY137)";"Neckar";"2014";"21.05.2014";"17,9";"°C"
"CYY137";"510.766";"5.427.724";"2.345";"Temperatur";"Besigheim (CYY137)";"Neckar";"2014";"22.05.2014";"18,3";"°C"
"CYY137";"510.766";"5.427.724";"2.345";"Temperatur";"Besigheim (CYY137)";"Neckar";"2014";"23.05.2014";"18,6";"°C"
"CYY137";"510.766";"5.427.724";"2.345";"Temperatur";"Besigheim (CYY137)";"Neckar";"2014";"24.05.2014";"18,6";"°C"
"CYY137";"510.766";"5.427.724";"2.345";"Temperatur";"Besigheim (CYY137)";"Neckar";"2014";"25.05.2014";"18,8";"°C"
"CYY137";"510.766";"5.427.724";"2.345";"Temperatur";"Besigheim (CYY137)";"Neckar";"2014";"26.05.2014";"18,8";"°C"
"CYY137";"510.766";"5.427.724";"2.345";"Temperatur";"Besigheim (CYY137)";"Neckar";"2014";"27.05.2014";"18,6";"°C"
"CYY137";"510.766";"5.427.724";"2.345";"Temperatur";"Besigheim (CYY137)";"Neckar";"2014";"28.05.2014";"18,4";"°C"
"CYY137";"510.766";"5.427.724";"2.345";"Temperatur";"Besigheim (CYY137)";"Neckar";"2014";"29.05.2014";"18,6";"°C"
"CYY137";"510.766";"5.427.724";"2.345";"Temperatur";"Besigheim (CYY137)";"Neckar";"2014";"30.05.2014";"18,5";"°C"
"CYY137";"510.766";"5.427.724";"2.345";"Temperatur";"Besigheim (CYY137)";"Neckar";"2014";"31.05.2014";"18,4";"°C"
"CYY137";"510.766";"5.427.724";"2.345";"Temperatur";"Besigheim (CYY137)";"Neckar";"2014";"01.06.2014";"18,3";"°C"
"CYY137";"510.766";"5.427.724";"2.345";"Temperatur";"Besigheim (CYY137)";"Neckar";"2014";"02.06.2014";"18,5";"°C"
"CYY137";"510.766";"5.427.724";"2.345";"Temperatur";"Besigheim (CYY137)";"Neckar";"2014";"03.06.2014";"18,7";"°C"
"CYY137";"510.766";"5.427.724";"2.345";"Temperatur";"Besigheim (CYY137)";"Neckar";"2014";"04.06.2014";"18,7";"°C"
"CYY137";"510.766";"5.427.724";"2.345";"Temperatur";"Besigheim (CYY137)";"Neckar";"2014";"05.06.2014";"18,7";"°C"
"CYY137";"510.766";"5.427.724";"2.345";"Temperatur";"Besigheim (CYY137)";"Neckar";"2014";"06.06.2014";"19,1";"°C"
"CYY137";"510.766";"5.427.724";"2.345";"Temperatur";"Besigheim (CYY137)";"Neckar";"2014";"07.06.2014";"20,2";"°C"
"CYY137";"510.766";"5.427.724";"2.345";"Temperatur";"Besigheim (CYY137)";"Neckar";"2014";"08.06.2014";"20,8";"°C"
"CYY137";"510.766";"5.427.724";"2.345";"Temperatur";"Besigheim (CYY137)";"Neckar";"2014";"09.06.2014";"22";"°C"
"CYY137";"510.766";"5.427.724";"2.345";"Temperatur";"Besigheim (CYY137)";"Neckar";"2014";"10.06.2014";"22,1";"°C"
"CYY137";"510.766";"5.427.724";"2.345";"Temperatur";"Besigheim (CYY137)";"Neckar";"2014";"11.06.2014";"22,4";"°C"
"CYY137";"510.766";"5.427.724";"2.345";"Temperatur";"Besigheim (CYY137)";"Neckar";"2014";"12.06.2014";"23,2";"°C"
"CYY137";"510.766";"5.427.724";"2.345";"Temperatur";"Besigheim (CYY137)";"Neckar";"2014";"13.06.2014";"23,6";"°C"
"CYY137";"510.766";"5.427.724";"2.345";"Temperatur";"Besigheim (CYY137)";"Neckar";"2014";"14.06.2014";"23,4";"°C"
"CYY137";"510.766";"5.427.724";"2.345";"Temperatur";"Besigheim (CYY137)";"Neckar";"2014";"15.06.2014";"23,2";"°C"
"CYY137";"510.766";"5.427.724";"2.345";"Temperatur";"Besigheim (CYY137)";"Neckar";"2014";"16.06.2014";"23,1";"°C"
"CYY137";"510.766";"5.427.724";"2.345";"Temperatur";"Besigheim (CYY137)";"Neckar";"2014";"17.06.2014";"22,7";"°C"
"CYY137";"510.766";"5.427.724";"2.345";"Temperatur";"Besigheim (CYY137)";"Neckar";"2014";"18.06.2014";"22,6";"°C"
"CYY137";"510.766";"5.427.724";"2.345";"Temperatur";"Besigheim (CYY137)";"Neckar";"2014";"19.06.2014";"22,7";"°C"
"CYY137";"510.766";"5.427.724";"2.345";"Temperatur";"Besigheim (CYY137)";"Neckar";"2014";"20.06.2014";"22,5";"°C"
"CYY137";"510.766";"5.427.724";"2.345";"Temperatur";"Besigheim (CYY137)";"Neckar";"2014";"21.06.2014";"22,4";"°C"
"CYY137";"510.766";"5.427.724";"2.345";"Temperatur";"Besigheim (CYY137)";"Neckar";"2014";"22.06.2014";"22,7";"°C"
"CYY137";"510.766";"5.427.724";"2.345";"Temperatur";"Besigheim (CYY137)";"Neckar";"2014";"23.06.2014";"22,8";"°C"
"CYY137";"510.766";"5.427.724";"2.345";"Temperatur";"Besigheim (CYY137)";"Neckar";"2014";"24.06.2014";"22,9";"°C"
"CYY137";"510.766";"5.427.724";"2.345";"Temperatur";"Besigheim (CYY137)";"Neckar";"2014";"25.06.2014";"23";"°C"
"CYY137";"510.766";"5.427.724";"2.345";"Temperatur";"Besigheim (CYY137)";"Neckar";"2014";"26.06.2014";"23,1";"°C"
"CYY137";"510.766";"5.427.724";"2.345";"Temperatur";"Besigheim (CYY137)";"Neckar";"2014";"27.06.2014";"23,1";"°C"
"CYY137";"510.766";"5.427.724";"2.345";"Temperatur";"Besigheim (CYY137)";"Neckar";"2014";"28.06.2014";"23";"°C"
"CYY137";"510.766";"5.427.724";"2.345";"Temperatur";"Besigheim (CYY137)";"Neckar";"2014";"29.06.2014";"22,6";"°C"
"CYY137";"510.766";"5.427.724";"2.345";"Temperatur";"Besigheim (CYY137)";"Neckar";"2014";"30.06.2014";"22,2";"°C"
"CYY137";"510.766";"5.427.724";"2.345";"Temperatur";"Besigheim (CYY137)";"Neckar";"2014";"01.07.2014";"22,1";"°C"
"CYY137";"510.766";"5.427.724";"2.345";"Temperatur";"Besigheim (CYY137)";"Neckar";"2014";"02.07.2014";"22,2";"°C"
"CYY137";"510.766";"5.427.724";"2.345";"Temperatur";"Besigheim (CYY137)";"Neckar";"2014";"03.07.2014";"22";"°C"
"CYY137";"510.766";"5.427.724";"2.345";"Temperatur";"Besigheim (CYY137)";"Neckar";"2014";"04.07.2014";"22,4";"°C"
"CYY137";"510.766";"5.427.724";"2.345";"Temperatur";"Besigheim (CYY137)";"Neckar";"2014";"05.07.2014";"22,3";"°C"
"CYY137";"510.766";"5.427.724";"2.345";"Temperatur";"Besigheim (CYY137)";"Neckar";"2014";"06.07.2014";"22,7";"°C"
"CYY137";"510.766";"5.427.724";"2.345";"Temperatur";"Besigheim (CYY137)";"Neckar";"2014";"07.07.2014";"22,7";"°C"
"CYY137";"510.766";"5.427.724";"2.345";"Temperatur";"Besigheim (CYY137)";"Neckar";"2014";"08.07.2014";"21,7";"°C"
"CYY137";"510.766";"5.427.724";"2.345";"Temperatur";"Besigheim (CYY137)";"Neckar";"2014";"09.07.2014";"20,2";"°C"
"CYY137";"510.766";"5.427.724";"2.345";"Temperatur";"Besigheim (CYY137)";"Neckar";"2014";"10.07.2014";"19,1";"°C"
"CYY137";"510.766";"5.427.724";"2.345";"Temperatur";"Besigheim (CYY137)";"Neckar";"2014";"11.07.2014";"18,9";"°C"
"CYY137";"510.766";"5.427.724";"2.345";"Temperatur";"Besigheim (CYY137)";"Neckar";"2014";"12.07.2014";"19";"°C"
"CYY137";"510.766";"5.427.724";"2.345";"Temperatur";"Besigheim (CYY137)";"Neckar";"2014";"13.07.2014";"19,1";"°C"
"CYY137";"510.766";"5.427.724";"2.345";"Temperatur";"Besigheim (CYY137)";"Neckar";"2014";"14.07.2014";"19,4";"°C"
"CYY137";"510.766";"5.427.724";"2.345";"Temperatur";"Besigheim (CYY137)";"Neckar";"2014";"15.07.2014";"-";"°C"
"CYY137";"510.766";"5.427.724";"2.345";"Temperatur";"Besigheim (CYY137)";"Neckar";"2014";"16.07.2014";"20,8";"°C"
"CYY137";"510.766";"5.427.724";"2.345";"Temperatur";"Besigheim (CYY137)";"Neckar";"2014";"17.07.2014";"21,4";"°C"
"CYY137";"510.766";"5.427.724";"2.345";"Temperatur";"Besigheim (CYY137)";"Neckar";"2014";"18.07.2014";"21,9";"°C"
"CYY137";"510.766";"5.427.724";"2.345";"Temperatur";"Besigheim (CYY137)";"Neckar";"2014";"19.07.2014";"22,6";"°C"
"CYY137";"510.766";"5.427.724";"2.345";"Temperatur";"Besigheim (CYY137)";"Neckar";"2014";"20.07.2014";"22,7";"°C"
"CYY137";"510.766";"5.427.724";"2.345";"Temperatur";"Besigheim (CYY137)";"Neckar";"2014";"21.07.2014";"22,4";"°C"
"CYY137";"510.766";"5.427.724";"2.345";"Temperatur";"Besigheim (CYY137)";"Neckar";"2014";"22.07.2014";"21,4";"°C"
"CYY137";"510.766";"5.427.724";"2.345";"Temperatur";"Besigheim (CYY137)";"Neckar";"2014";"23.07.2014";"19,9";"°C"
"CYY137";"510.766";"5.427.724";"2.345";"Temperatur";"Besigheim (CYY137)";"Neckar";"2014";"24.07.2014";"20";"°C"
"CYY137";"510.766";"5.427.724";"2.345";"Temperatur";"Besigheim (CYY137)";"Neckar";"2014";"25.07.2014";"20,2";"°C"
"CYY137";"510.766";"5.427.724";"2.345";"Temperatur";"Besigheim (CYY137)";"Neckar";"2014";"26.07.2014";"20,2";"°C"
"CYY137";"510.766";"5.427.724";"2.345";"Temperatur";"Besigheim (CYY137)";"Neckar";"2014";"27.07.2014";"20,3";"°C"
"CYY137";"510.766";"5.427.724";"2.345";"Temperatur";"Besigheim (CYY137)";"Neckar";"2014";"28.07.2014";"20,8";"°C"
"CYY137";"510.766";"5.427.724";"2.345";"Temperatur";"Besigheim (CYY137)";"Neckar";"2014";"29.07.2014";"20,3";"°C"
"CYY137";"510.766";"5.427.724";"2.345";"Temperatur";"Besigheim (CYY137)";"Neckar";"2014";"30.07.2014";"18,9";"°C"
"CYY137";"510.766";"5.427.724";"2.345";"Temperatur";"Besigheim (CYY137)";"Neckar";"2014";"31.07.2014";"18,7";"°C"
"CYY137";"510.766";"5.427.724";"2.345";"Temperatur";"Besigheim (CYY137)";"Neckar";"2014";"01.08.2014";"18,9";"°C"
"CYY137";"510.766";"5.427.724";"2.345";"Temperatur";"Besigheim (CYY137)";"Neckar";"2014";"02.08.2014";"19,2";"°C"
"CYY137";"510.766";"5.427.724";"2.345";"Temperatur";"Besigheim (CYY137)";"Neckar";"2014";"03.08.2014";"19,4";"°C"
"CYY137";"510.766";"5.427.724";"2.345";"Temperatur";"Besigheim (CYY137)";"Neckar";"2014";"04.08.2014";"19,7";"°C"
"CYY137";"510.766";"5.427.724";"2.345";"Temperatur";"Besigheim (CYY137)";"Neckar";"2014";"05.08.2014";"19,7";"°C"
"CYY137";"510.766";"5.427.724";"2.345";"Temperatur";"Besigheim (CYY137)";"Neckar";"2014";"06.08.2014";"20";"°C"
"CYY137";"510.766";"5.427.724";"2.345";"Temperatur";"Besigheim (CYY137)";"Neckar";"2014";"07.08.2014";"20,3";"°C"
"CYY137";"510.766";"5.427.724";"2.345";"Temperatur";"Besigheim (CYY137)";"Neckar";"2014";"08.08.2014";"20,6";"°C"
"CYY137";"510.766";"5.427.724";"2.345";"Temperatur";"Besigheim (CYY137)";"Neckar";"2014";"09.08.2014";"20,8";"°C"
"CYY137";"510.766";"5.427.724";"2.345";"Temperatur";"Besigheim (CYY137)";"Neckar";"2014";"10.08.2014";"20,8";"°C"
"CYY137";"510.766";"5.427.724";"2.345";"Temperatur";"Besigheim (CYY137)";"Neckar";"2014";"11.08.2014";"20,9";"°C"
"CYY137";"510.766";"5.427.724";"2.345";"Temperatur";"Besigheim (CYY137)";"Neckar";"2014";"12.08.2014";"20,8";"°C"
"CYY137";"510.766";"5.427.724";"2.345";"Temperatur";"Besigheim (CYY137)";"Neckar";"2014";"13.08.2014";"20,4";"°C"
"CYY137";"510.766";"5.427.724";"2.345";"Temperatur";"Besigheim (CYY137)";"Neckar";"2014";"14.08.2014";"19,9";"°C"
"CYY137";"510.766";"5.427.724";"2.345";"Temperatur";"Besigheim (CYY137)";"Neckar";"2014";"15.08.2014";"19,2";"°C"
"CYY137";"510.766";"5.427.724";"2.345";"Temperatur";"Besigheim (CYY137)";"Neckar";"2014";"16.08.2014";"18,7";"°C"
"CYY137";"510.766";"5.427.724";"2.345";"Temperatur";"Besigheim (CYY137)";"Neckar";"2014";"17.08.2014";"18,6";"°C"
"CYY137";"510.766";"5.427.724";"2.345";"Temperatur";"Besigheim (CYY137)";"Neckar";"2014";"18.08.2014";"18,3";"°C"
"CYY137";"510.766";"5.427.724";"2.345";"Temperatur";"Besigheim (CYY137)";"Neckar";"2014";"19.08.2014";"18,1";"°C"
"CYY137";"510.766";"5.427.724";"2.345";"Temperatur";"Besigheim (CYY137)";"Neckar";"2014";"20.08.2014";"17,9";"°C"
"CYY137";"510.766";"5.427.724";"2.345";"Temperatur";"Besigheim (CYY137)";"Neckar";"2014";"21.08.2014";"17,9";"°C"
"CYY137";"510.766";"5.427.724";"2.345";"Temperatur";"Besigheim (CYY137)";"Neckar";"2014";"22.08.2014";"17,9";"°C"
"CYY137";"510.766";"5.427.724";"2.345";"Temperatur";"Besigheim (CYY137)";"Neckar";"2014";"23.08.2014";"18";"°C"
"CYY137";"510.766";"5.427.724";"2.345";"Temperatur";"Besigheim (CYY137)";"Neckar";"2014";"24.08.2014";"17,8";"°C"
"CYY137";"510.766";"5.427.724";"2.345";"Temperatur";"Besigheim (CYY137)";"Neckar";"2014";"25.08.2014";"17,8";"°C"
"CYY137";"510.766";"5.427.724";"2.345";"Temperatur";"Besigheim (CYY137)";"Neckar";"2014";"26.08.2014";"17,7";"°C"
"CYY137";"510.766";"5.427.724";"2.345";"Temperatur";"Besigheim (CYY137)";"Neckar";"2014";"27.08.2014";"17,2";"°C"
"CYY137";"510.766";"5.427.724";"2.345";"Temperatur";"Besigheim (CYY137)";"Neckar";"2014";"28.08.2014";"16,9";"°C"
"CYY137";"510.766";"5.427.724";"2.345";"Temperatur";"Besigheim (CYY137)";"Neckar";"2014";"29.08.2014";"17,6";"°C"
"CYY137";"510.766";"5.427.724";"2.345";"Temperatur";"Besigheim (CYY137)";"Neckar";"2014";"30.08.2014";"18";"°C"
"CYY137";"510.766";"5.427.724";"2.345";"Temperatur";"Besigheim (CYY137)";"Neckar";"2014";"31.08.2014";"17,9";"°C"
"CYY137";"510.766";"5.427.724";"2.345";"Temperatur";"Besigheim (CYY137)";"Neckar";"2014";"01.09.2014";"16,8";"°C"
"CYY137";"510.766";"5.427.724";"2.345";"Temperatur";"Besigheim (CYY137)";"Neckar";"2014";"02.09.2014";"16,4";"°C"
"CYY137";"510.766";"5.427.724";"2.345";"Temperatur";"Besigheim (CYY137)";"Neckar";"2014";"03.09.2014";"16,2";"°C"
"CYY137";"510.766";"5.427.724";"2.345";"Temperatur";"Besigheim (CYY137)";"Neckar";"2014";"04.09.2014";"16,1";"°C"
"CYY137";"510.766";"5.427.724";"2.345";"Temperatur";"Besigheim (CYY137)";"Neckar";"2014";"05.09.2014";"16,2";"°C"
"CYY137";"510.766";"5.427.724";"2.345";"Temperatur";"Besigheim (CYY137)";"Neckar";"2014";"06.09.2014";"16,6";"°C"
"CYY137";"510.766";"5.427.724";"2.345";"Temperatur";"Besigheim (CYY137)";"Neckar";"2014";"07.09.2014";"17,1";"°C"
"CYY137";"510.766";"5.427.724";"2.345";"Temperatur";"Besigheim (CYY137)";"Neckar";"2014";"08.09.2014";"17,7";"°C"
"CYY137";"510.766";"5.427.724";"2.345";"Temperatur";"Besigheim (CYY137)";"Neckar";"2014";"09.09.2014";"18,3";"°C"
"CYY137";"510.766";"5.427.724";"2.345";"Temperatur";"Besigheim (CYY137)";"Neckar";"2014";"10.09.2014";"18,4";"°C"
"CYY137";"510.766";"5.427.724";"2.345";"Temperatur";"Besigheim (CYY137)";"Neckar";"2014";"11.09.2014";"18,2";"°C"
"CYY137";"510.766";"5.427.724";"2.345";"Temperatur";"Besigheim (CYY137)";"Neckar";"2014";"12.09.2014";"17,8";"°C"
"CYY137";"510.766";"5.427.724";"2.345";"Temperatur";"Besigheim (CYY137)";"Neckar";"2014";"13.09.2014";"16,9";"°C"
"CYY137";"510.766";"5.427.724";"2.345";"Temperatur";"Besigheim (CYY137)";"Neckar";"2014";"14.09.2014";"16,1";"°C"
"CYY137";"510.766";"5.427.724";"2.345";"Temperatur";"Besigheim (CYY137)";"Neckar";"2014";"15.09.2014";"16";"°C"
"CYY137";"510.766";"5.427.724";"2.345";"Temperatur";"Besigheim (CYY137)";"Neckar";"2014";"16.09.2014";"16,3";"°C"
"CYY137";"510.766";"5.427.724";"2.345";"Temperatur";"Besigheim (CYY137)";"Neckar";"2014";"17.09.2014";"16,6";"°C"
"CYY137";"510.766";"5.427.724";"2.345";"Temperatur";"Besigheim (CYY137)";"Neckar";"2014";"18.09.2014";"17";"°C"
"CYY137";"510.766";"5.427.724";"2.345";"Temperatur";"Besigheim (CYY137)";"Neckar";"2014";"19.09.2014";"17,3";"°C"
"CYY137";"510.766";"5.427.724";"2.345";"Temperatur";"Besigheim (CYY137)";"Neckar";"2014";"20.09.2014";"17,6";"°C"
"CYY137";"510.766";"5.427.724";"2.345";"Temperatur";"Besigheim (CYY137)";"Neckar";"2014";"21.09.2014";"17,8";"°C"
"CYY137";"510.766";"5.427.724";"2.345";"Temperatur";"Besigheim (CYY137)";"Neckar";"2014";"22.09.2014";"17,2";"°C"
"CYY137";"510.766";"5.427.724";"2.345";"Temperatur";"Besigheim (CYY137)";"Neckar";"2014";"23.09.2014";"15,9";"°C"
"CYY137";"510.766";"5.427.724";"2.345";"Temperatur";"Besigheim (CYY137)";"Neckar";"2014";"24.09.2014";"15,2";"°C"
"CYY137";"510.766";"5.427.724";"2.345";"Temperatur";"Besigheim (CYY137)";"Neckar";"2014";"25.09.2014";"14,8";"°C"
"CYY137";"510.766";"5.427.724";"2.345";"Temperatur";"Besigheim (CYY137)";"Neckar";"2014";"26.09.2014";"14,6";"°C"
"CYY137";"510.766";"5.427.724";"2.345";"Temperatur";"Besigheim (CYY137)";"Neckar";"2014";"27.09.2014";"14,7";"°C"
"CYY137";"510.766";"5.427.724";"2.345";"Temperatur";"Besigheim (CYY137)";"Neckar";"2014";"28.09.2014";"14,7";"°C"
"CYY137";"510.766";"5.427.724";"2.345";"Temperatur";"Besigheim (CYY137)";"Neckar";"2014";"29.09.2014";"15,1";"°C"
"CYY137";"510.766";"5.427.724";"2.345";"Temperatur";"Besigheim (CYY137)";"Neckar";"2014";"30.09.2014";"15,4";"°C"
"CYY137";"510.766";"5.427.724";"2.345";"Temperatur";"Besigheim (CYY137)";"Neckar";"2014";"01.10.2014";"15,6";"°C"
"CYY137";"510.766";"5.427.724";"2.345";"Temperatur";"Besigheim (CYY137)";"Neckar";"2014";"02.10.2014";"15,9";"°C"
"CYY137";"510.766";"5.427.724";"2.345";"Temperatur";"Besigheim (CYY137)";"Neckar";"2014";"03.10.2014";"16";"°C"
"CYY137";"510.766";"5.427.724";"2.345";"Temperatur";"Besigheim (CYY137)";"Neckar";"2014";"04.10.2014";"16";"°C"
"CYY137";"510.766";"5.427.724";"2.345";"Temperatur";"Besigheim (CYY137)";"Neckar";"2014";"05.10.2014";"15,7";"°C"
"CYY137";"510.766";"5.427.724";"2.345";"Temperatur";"Besigheim (CYY137)";"Neckar";"2014";"06.10.2014";"-";"°C"
"CYY137";"510.766";"5.427.724";"2.345";"Temperatur";"Besigheim (CYY137)";"Neckar";"2014";"07.10.2014";"-";"°C"
"CYY137";"510.766";"5.427.724";"2.345";"Temperatur";"Besigheim (CYY137)";"Neckar";"2014";"08.10.2014";"-";"°C"
"CYY137";"510.766";"5.427.724";"2.345";"Temperatur";"Besigheim (CYY137)";"Neckar";"2014";"09.10.2014";"-";"°C"
"CYY137";"510.766";"5.427.724";"2.345";"Temperatur";"Besigheim (CYY137)";"Neckar";"2014";"10.10.2014";"-";"°C"
"CYY137";"510.766";"5.427.724";"2.345";"Temperatur";"Besigheim (CYY137)";"Neckar";"2014";"11.10.2014";"-";"°C"
"CYY137";"510.766";"5.427.724";"2.345";"Temperatur";"Besigheim (CYY137)";"Neckar";"2014";"12.10.2014";"-";"°C"
"CYY137";"510.766";"5.427.724";"2.345";"Temperatur";"Besigheim (CYY137)";"Neckar";"2014";"13.10.2014";"-";"°C"
"CYY137";"510.766";"5.427.724";"2.345";"Temperatur";"Besigheim (CYY137)";"Neckar";"2014";"14.10.2014";"15,5";"°C"
"CYY137";"510.766";"5.427.724";"2.345";"Temperatur";"Besigheim (CYY137)";"Neckar";"2014";"15.10.2014";"15,6";"°C"
"CYY137";"510.766";"5.427.724";"2.345";"Temperatur";"Besigheim (CYY137)";"Neckar";"2014";"16.10.2014";"15,6";"°C"
"CYY137";"510.766";"5.427.724";"2.345";"Temperatur";"Besigheim (CYY137)";"Neckar";"2014";"17.10.2014";"15,5";"°C"
"CYY137";"510.766";"5.427.724";"2.345";"Temperatur";"Besigheim (CYY137)";"Neckar";"2014";"18.10.2014";"14,6";"°C"
"CYY137";"510.766";"5.427.724";"2.345";"Temperatur";"Besigheim (CYY137)";"Neckar";"2014";"19.10.2014";"14,5";"°C"
"CYY137";"510.766";"5.427.724";"2.345";"Temperatur";"Besigheim (CYY137)";"Neckar";"2014";"20.10.2014";"14,5";"°C"
"CYY137";"510.766";"5.427.724";"2.345";"Temperatur";"Besigheim (CYY137)";"Neckar";"2014";"21.10.2014";"14,3";"°C"
"CYY137";"510.766";"5.427.724";"2.345";"Temperatur";"Besigheim (CYY137)";"Neckar";"2014";"22.10.2014";"13,7";"°C"
"CYY137";"510.766";"5.427.724";"2.345";"Temperatur";"Besigheim (CYY137)";"Neckar";"2014";"23.10.2014";"13";"°C"
"CYY137";"510.766";"5.427.724";"2.345";"Temperatur";"Besigheim (CYY137)";"Neckar";"2014";"24.10.2014";"12,3";"°C"
"CYY137";"510.766";"5.427.724";"2.345";"Temperatur";"Besigheim (CYY137)";"Neckar";"2014";"25.10.2014";"11,9";"°C"
"CYY137";"510.766";"5.427.724";"2.345";"Temperatur";"Besigheim (CYY137)";"Neckar";"2014";"26.10.2014";"11,8";"°C"
"CYY137";"510.766";"5.427.724";"2.345";"Temperatur";"Besigheim (CYY137)";"Neckar";"2014";"27.10.2014";"11,7";"°C"
"CYY137";"510.766";"5.427.724";"2.345";"Temperatur";"Besigheim (CYY137)";"Neckar";"2014";"28.10.2014";"11,5";"°C"
"CYY137";"510.766";"5.427.724";"2.345";"Temperatur";"Besigheim (CYY137)";"Neckar";"2014";"29.10.2014";"11,3";"°C"
"CYY137";"510.766";"5.427.724";"2.345";"Temperatur";"Besigheim (CYY137)";"Neckar";"2014";"30.10.2014";"11,5";"°C"
"CYY137";"510.766";"5.427.724";"2.345";"Temperatur";"Besigheim (CYY137)";"Neckar";"2014";"31.10.2014";"11,7";"°C"
"CYY137";"510.766";"5.427.724";"2.345";"Temperatur";"Besigheim (CYY137)";"Neckar";"2014";"01.11.2014";"11,7";"°C"
"CYY137";"510.766";"5.427.724";"2.345";"Temperatur";"Besigheim (CYY137)";"Neckar";"2014";"02.11.2014";"11,6";"°C"
"CYY137";"510.766";"5.427.724";"2.345";"Temperatur";"Besigheim (CYY137)";"Neckar";"2014";"03.11.2014";"11,6";"°C"
"CYY137";"510.766";"5.427.724";"2.345";"Temperatur";"Besigheim (CYY137)";"Neckar";"2014";"04.11.2014";"11,6";"°C"
"CYY137";"510.766";"5.427.724";"2.345";"Temperatur";"Besigheim (CYY137)";"Neckar";"2014";"05.11.2014";"11,6";"°C"
"CYY137";"510.766";"5.427.724";"2.345";"Temperatur";"Besigheim (CYY137)";"Neckar";"2014";"06.11.2014";"11,6";"°C"
"CYY137";"510.766";"5.427.724";"2.345";"Temperatur";"Besigheim (CYY137)";"Neckar";"2014";"07.11.2014";"10,8";"°C"
"CYY137";"510.766";"5.427.724";"2.345";"Temperatur";"Besigheim (CYY137)";"Neckar";"2014";"08.11.2014";"10,5";"°C"
"CYY137";"510.766";"5.427.724";"2.345";"Temperatur";"Besigheim (CYY137)";"Neckar";"2014";"09.11.2014";"10,1";"°C"
"CYY137";"510.766";"5.427.724";"2.345";"Temperatur";"Besigheim (CYY137)";"Neckar";"2014";"10.11.2014";"9,9";"°C"
"CYY137";"510.766";"5.427.724";"2.345";"Temperatur";"Besigheim (CYY137)";"Neckar";"2014";"11.11.2014";"9,6";"°C"
"CYY137";"510.766";"5.427.724";"2.345";"Temperatur";"Besigheim (CYY137)";"Neckar";"2014";"12.11.2014";"9,4";"°C"
"CYY137";"510.766";"5.427.724";"2.345";"Temperatur";"Besigheim (CYY137)";"Neckar";"2014";"13.11.2014";"9,5";"°C"
"CYY137";"510.766";"5.427.724";"2.345";"Temperatur";"Besigheim (CYY137)";"Neckar";"2014";"14.11.2014";"9,7";"°C"
"CYY137";"510.766";"5.427.724";"2.345";"Temperatur";"Besigheim (CYY137)";"Neckar";"2014";"15.11.2014";"9,8";"°C"
"CYY137";"510.766";"5.427.724";"2.345";"Temperatur";"Besigheim (CYY137)";"Neckar";"2014";"16.11.2014";"10";"°C"
"CYY137";"510.766";"5.427.724";"2.345";"Temperatur";"Besigheim (CYY137)";"Neckar";"2014";"17.11.2014";"10";"°C"
"CYY137";"510.766";"5.427.724";"2.345";"Temperatur";"Besigheim (CYY137)";"Neckar";"2014";"18.11.2014";"9,8";"°C"
"CYY137";"510.766";"5.427.724";"2.345";"Temperatur";"Besigheim (CYY137)";"Neckar";"2014";"19.11.2014";"9,6";"°C"
"CYY137";"510.766";"5.427.724";"2.345";"Temperatur";"Besigheim (CYY137)";"Neckar";"2014";"20.11.2014";"9,4";"°C"
"CYY137";"510.766";"5.427.724";"2.345";"Temperatur";"Besigheim (CYY137)";"Neckar";"2014";"21.11.2014";"9,2";"°C"
"CYY137";"510.766";"5.427.724";"2.345";"Temperatur";"Besigheim (CYY137)";"Neckar";"2014";"22.11.2014";"9,1";"°C"
"CYY137";"510.766";"5.427.724";"2.345";"Temperatur";"Besigheim (CYY137)";"Neckar";"2014";"23.11.2014";"8,9";"°C"
"CYY137";"510.766";"5.427.724";"2.345";"Temperatur";"Besigheim (CYY137)";"Neckar";"2014";"24.11.2014";"8,8";"°C"
"CYY137";"510.766";"5.427.724";"2.345";"Temperatur";"Besigheim (CYY137)";"Neckar";"2014";"25.11.2014";"8,8";"°C"
"CYY137";"510.766";"5.427.724";"2.345";"Temperatur";"Besigheim (CYY137)";"Neckar";"2014";"26.11.2014";"8,9";"°C"
"CYY137";"510.766";"5.427.724";"2.345";"Temperatur";"Besigheim (CYY137)";"Neckar";"2014";"27.11.2014";"8,9";"°C"
"CYY137";"510.766";"5.427.724";"2.345";"Temperatur";"Besigheim (CYY137)";"Neckar";"2014";"28.11.2014";"8,8";"°C"
"CYY137";"510.766";"5.427.724";"2.345";"Temperatur";"Besigheim (CYY137)";"Neckar";"2014";"29.11.2014";"8,6";"°C"
"CYY137";"510.766";"5.427.724";"2.345";"Temperatur";"Besigheim (CYY137)";"Neckar";"2014";"30.11.2014";"8,4";"°C"
"CYY137";"510.766";"5.427.724";"2.345";"Temperatur";"Besigheim (CYY137)";"Neckar";"2014";"01.12.2014";"8,1";"°C"
"CYY137";"510.766";"5.427.724";"2.345";"Temperatur";"Besigheim (CYY137)";"Neckar";"2014";"02.12.2014";"7,8";"°C"
"CYY137";"510.766";"5.427.724";"2.345";"Temperatur";"Besigheim (CYY137)";"Neckar";"2014";"03.12.2014";"7,4";"°C"
"CYY137";"510.766";"5.427.724";"2.345";"Temperatur";"Besigheim (CYY137)";"Neckar";"2014";"04.12.2014";"7,2";"°C"
"CYY137";"510.766";"5.427.724";"2.345";"Temperatur";"Besigheim (CYY137)";"Neckar";"2014";"05.12.2014";"7,3";"°C"
"CYY137";"510.766";"5.427.724";"2.345";"Temperatur";"Besigheim (CYY137)";"Neckar";"2014";"06.12.2014";"7,3";"°C"
"CYY137";"510.766";"5.427.724";"2.345";"Temperatur";"Besigheim (CYY137)";"Neckar";"2014";"07.12.2014";"7,2";"°C"
"CYY137";"510.766";"5.427.724";"2.345";"Temperatur";"Besigheim (CYY137)";"Neckar";"2014";"08.12.2014";"7,2";"°C"
"CYY137";"510.766";"5.427.724";"2.345";"Temperatur";"Besigheim (CYY137)";"Neckar";"2014";"09.12.2014";"7";"°C"
"CYY137";"510.766";"5.427.724";"2.345";"Temperatur";"Besigheim (CYY137)";"Neckar";"2014";"10.12.2014";"6,7";"°C"
"CYY137";"510.766";"5.427.724";"2.345";"Temperatur";"Besigheim (CYY137)";"Neckar";"2014";"11.12.2014";"6,7";"°C"
"CYY137";"510.766";"5.427.724";"2.345";"Temperatur";"Besigheim (CYY137)";"Neckar";"2014";"12.12.2014";"6,8";"°C"
"CYY137";"510.766";"5.427.724";"2.345";"Temperatur";"Besigheim (CYY137)";"Neckar";"2014";"13.12.2014";"7,2";"°C"
"CYY137";"510.766";"5.427.724";"2.345";"Temperatur";"Besigheim (CYY137)";"Neckar";"2014";"14.12.2014";"7,2";"°C"
"CYY137";"510.766";"5.427.724";"2.345";"Temperatur";"Besigheim (CYY137)";"Neckar";"2014";"15.12.2014";"7,3";"°C"
"CYY137";"510.766";"5.427.724";"2.345";"Temperatur";"Besigheim (CYY137)";"Neckar";"2014";"16.12.2014";"7,5";"°C"
"CYY137";"510.766";"5.427.724";"2.345";"Temperatur";"Besigheim (CYY137)";"Neckar";"2014";"17.12.2014";"7,5";"°C"
"CYY137";"510.766";"5.427.724";"2.345";"Temperatur";"Besigheim (CYY137)";"Neckar";"2014";"18.12.2014";"7,9";"°C"
"CYY137";"510.766";"5.427.724";"2.345";"Temperatur";"Besigheim (CYY137)";"Neckar";"2014";"19.12.2014";"8,5";"°C"
"CYY137";"510.766";"5.427.724";"2.345";"Temperatur";"Besigheim (CYY137)";"Neckar";"2014";"20.12.2014";"8,5";"°C"
"CYY137";"510.766";"5.427.724";"2.345";"Temperatur";"Besigheim (CYY137)";"Neckar";"2014";"21.12.2014";"8,4";"°C"
"CYY137";"510.766";"5.427.724";"2.345";"Temperatur";"Besigheim (CYY137)";"Neckar";"2014";"22.12.2014";"8,2";"°C"
"CYY137";"510.766";"5.427.724";"2.345";"Temperatur";"Besigheim (CYY137)";"Neckar";"2014";"23.12.2014";"8,3";"°C"
"CYY137";"510.766";"5.427.724";"2.345";"Temperatur";"Besigheim (CYY137)";"Neckar";"2014";"24.12.2014";"7,9";"°C"
"CYY137";"510.766";"5.427.724";"2.345";"Temperatur";"Besigheim (CYY137)";"Neckar";"2014";"25.12.2014";"7,7";"°C"
"CYY137";"510.766";"5.427.724";"2.345";"Temperatur";"Besigheim (CYY137)";"Neckar";"2014";"26.12.2014";"7,4";"°C"
"CYY137";"510.766";"5.427.724";"2.345";"Temperatur";"Besigheim (CYY137)";"Neckar";"2014";"27.12.2014";"6,9";"°C"
"CYY137";"510.766";"5.427.724";"2.345";"Temperatur";"Besigheim (CYY137)";"Neckar";"2014";"28.12.2014";"6,1";"°C"
"CYY137";"510.766";"5.427.724";"2.345";"Temperatur";"Besigheim (CYY137)";"Neckar";"2014";"29.12.2014";"5,3";"°C"
"CYY137";"510.766";"5.427.724";"2.345";"Temperatur";"Besigheim (CYY137)";"Neckar";"2014";"30.12.2014";"4,8";"°C"
"CYY137";"510.766";"5.427.724";"2.345";"Temperatur";"Besigheim (CYY137)";"Neckar";"2014";"31.12.2014";"4,4";"°C"
"CYY137";"510.766";"5.427.724";"2.345";"Temperatur";"Besigheim (CYY137)";"Neckar";"2015";"01.01.2015";"4,5";"°C"
"CYY137";"510.766";"5.427.724";"2.345";"Temperatur";"Besigheim (CYY137)";"Neckar";"2015";"02.01.2015";"4,3";"°C"
"CYY137";"510.766";"5.427.724";"2.345";"Temperatur";"Besigheim (CYY137)";"Neckar";"2015";"03.01.2015";"4,3";"°C"
"CYY137";"510.766";"5.427.724";"2.345";"Temperatur";"Besigheim (CYY137)";"Neckar";"2015";"04.01.2015";"5";"°C"
"CYY137";"510.766";"5.427.724";"2.345";"Temperatur";"Besigheim (CYY137)";"Neckar";"2015";"05.01.2015";"5,2";"°C"
"CYY137";"510.766";"5.427.724";"2.345";"Temperatur";"Besigheim (CYY137)";"Neckar";"2015";"06.01.2015";"5,1";"°C"
"CYY137";"510.766";"5.427.724";"2.345";"Temperatur";"Besigheim (CYY137)";"Neckar";"2015";"07.01.2015";"5,1";"°C"
"CYY137";"510.766";"5.427.724";"2.345";"Temperatur";"Besigheim (CYY137)";"Neckar";"2015";"08.01.2015";"5,1";"°C"
"CYY137";"510.766";"5.427.724";"2.345";"Temperatur";"Besigheim (CYY137)";"Neckar";"2015";"09.01.2015";"5,8";"°C"
"CYY137";"510.766";"5.427.724";"2.345";"Temperatur";"Besigheim (CYY137)";"Neckar";"2015";"10.01.2015";"7,1";"°C"
"CYY137";"510.766";"5.427.724";"2.345";"Temperatur";"Besigheim (CYY137)";"Neckar";"2015";"11.01.2015";"8,1";"°C"
"CYY137";"510.766";"5.427.724";"2.345";"Temperatur";"Besigheim (CYY137)";"Neckar";"2015";"12.01.2015";"7,4";"°C"
"CYY137";"510.766";"5.427.724";"2.345";"Temperatur";"Besigheim (CYY137)";"Neckar";"2015";"13.01.2015";"6,8";"°C"
"CYY137";"510.766";"5.427.724";"2.345";"Temperatur";"Besigheim (CYY137)";"Neckar";"2015";"14.01.2015";"6,7";"°C"
"CYY137";"510.766";"5.427.724";"2.345";"Temperatur";"Besigheim (CYY137)";"Neckar";"2015";"15.01.2015";"6,7";"°C"
"CYY137";"510.766";"5.427.724";"2.345";"Temperatur";"Besigheim (CYY137)";"Neckar";"2015";"16.01.2015";"7";"°C"
"CYY137";"510.766";"5.427.724";"2.345";"Temperatur";"Besigheim (CYY137)";"Neckar";"2015";"17.01.2015";"7,1";"°C"
"CYY137";"510.766";"5.427.724";"2.345";"Temperatur";"Besigheim (CYY137)";"Neckar";"2015";"18.01.2015";"7,1";"°C"
"CYY137";"510.766";"5.427.724";"2.345";"Temperatur";"Besigheim (CYY137)";"Neckar";"2015";"19.01.2015";"6,6";"°C"
"CYY137";"510.766";"5.427.724";"2.345";"Temperatur";"Besigheim (CYY137)";"Neckar";"2015";"20.01.2015";"6,3";"°C"
"CYY137";"510.766";"5.427.724";"2.345";"Temperatur";"Besigheim (CYY137)";"Neckar";"2015";"21.01.2015";"5,9";"°C"
"CYY137";"510.766";"5.427.724";"2.345";"Temperatur";"Besigheim (CYY137)";"Neckar";"2015";"22.01.2015";"5,9";"°C"
"CYY137";"510.766";"5.427.724";"2.345";"Temperatur";"Besigheim (CYY137)";"Neckar";"2015";"23.01.2015";"5,9";"°C"
"CYY137";"510.766";"5.427.724";"2.345";"Temperatur";"Besigheim (CYY137)";"Neckar";"2015";"24.01.2015";"5,8";"°C"
"CYY137";"510.766";"5.427.724";"2.345";"Temperatur";"Besigheim (CYY137)";"Neckar";"2015";"25.01.2015";"5,7";"°C"
"CYY137";"510.766";"5.427.724";"2.345";"Temperatur";"Besigheim (CYY137)";"Neckar";"2015";"26.01.2015";"5,7";"°C"
"CYY137";"510.766";"5.427.724";"2.345";"Temperatur";"Besigheim (CYY137)";"Neckar";"2015";"27.01.2015";"5,7";"°C"
"CYY137";"510.766";"5.427.724";"2.345";"Temperatur";"Besigheim (CYY137)";"Neckar";"2015";"28.01.2015";"5,8";"°C"
"CYY137";"510.766";"5.427.724";"2.345";"Temperatur";"Besigheim (CYY137)";"Neckar";"2015";"29.01.2015";"5,8";"°C"
"CYY137";"510.766";"5.427.724";"2.345";"Temperatur";"Besigheim (CYY137)";"Neckar";"2015";"30.01.2015";"5,7";"°C"
"CYY137";"510.766";"5.427.724";"2.345";"Temperatur";"Besigheim (CYY137)";"Neckar";"2015";"31.01.2015";"5,6";"°C"
"CYY137";"510.766";"5.427.724";"2.345";"Temperatur";"Besigheim (CYY137)";"Neckar";"2015";"01.02.2015";"5,5";"°C"
"CYY137";"510.766";"5.427.724";"2.345";"Temperatur";"Besigheim (CYY137)";"Neckar";"2015";"02.02.2015";"5,3";"°C"
"CYY137";"510.766";"5.427.724";"2.345";"Temperatur";"Besigheim (CYY137)";"Neckar";"2015";"03.02.2015";"5";"°C"
"CYY137";"510.766";"5.427.724";"2.345";"Temperatur";"Besigheim (CYY137)";"Neckar";"2015";"04.02.2015";"4,5";"°C"
"CYY137";"510.766";"5.427.724";"2.345";"Temperatur";"Besigheim (CYY137)";"Neckar";"2015";"05.02.2015";"4,3";"°C"
"CYY137";"510.766";"5.427.724";"2.345";"Temperatur";"Besigheim (CYY137)";"Neckar";"2015";"06.02.2015";"3,9";"°C"
"CYY137";"510.766";"5.427.724";"2.345";"Temperatur";"Besigheim (CYY137)";"Neckar";"2015";"07.02.2015";"3,4";"°C"
"CYY137";"510.766";"5.427.724";"2.345";"Temperatur";"Besigheim (CYY137)";"Neckar";"2015";"08.02.2015";"3,3";"°C"
"CYY137";"510.766";"5.427.724";"2.345";"Temperatur";"Besigheim (CYY137)";"Neckar";"2015";"09.02.2015";"3,4";"°C"
"CYY137";"510.766";"5.427.724";"2.345";"Temperatur";"Besigheim (CYY137)";"Neckar";"2015";"10.02.2015";"3,7";"°C"
"CYY137";"510.766";"5.427.724";"2.345";"Temperatur";"Besigheim (CYY137)";"Neckar";"2015";"11.02.2015";"4";"°C"
"CYY137";"510.766";"5.427.724";"2.345";"Temperatur";"Besigheim (CYY137)";"Neckar";"2015";"12.02.2015";"4,1";"°C"
"CYY137";"510.766";"5.427.724";"2.345";"Temperatur";"Besigheim (CYY137)";"Neckar";"2015";"13.02.2015";"4,1";"°C"
"CYY137";"510.766";"5.427.724";"2.345";"Temperatur";"Besigheim (CYY137)";"Neckar";"2015";"14.02.2015";"4,4";"°C"
"CYY137";"510.766";"5.427.724";"2.345";"Temperatur";"Besigheim (CYY137)";"Neckar";"2015";"15.02.2015";"4,7";"°C"
"CYY137";"510.766";"5.427.724";"2.345";"Temperatur";"Besigheim (CYY137)";"Neckar";"2015";"16.02.2015";"4,7";"°C"
"CYY137";"510.766";"5.427.724";"2.345";"Temperatur";"Besigheim (CYY137)";"Neckar";"2015";"17.02.2015";"4,6";"°C"
"CYY137";"510.766";"5.427.724";"2.345";"Temperatur";"Besigheim (CYY137)";"Neckar";"2015";"18.02.2015";"4,6";"°C"
"CYY137";"510.766";"5.427.724";"2.345";"Temperatur";"Besigheim (CYY137)";"Neckar";"2015";"19.02.2015";"4,7";"°C"
"CYY137";"510.766";"5.427.724";"2.345";"Temperatur";"Besigheim (CYY137)";"Neckar";"2015";"20.02.2015";"4,7";"°C"
"CYY137";"510.766";"5.427.724";"2.345";"Temperatur";"Besigheim (CYY137)";"Neckar";"2015";"21.02.2015";"5";"°C"
"CYY137";"510.766";"5.427.724";"2.345";"Temperatur";"Besigheim (CYY137)";"Neckar";"2015";"22.02.2015";"5,3";"°C"
"CYY137";"510.766";"5.427.724";"2.345";"Temperatur";"Besigheim (CYY137)";"Neckar";"2015";"23.02.2015";"5,3";"°C"
"CYY137";"510.766";"5.427.724";"2.345";"Temperatur";"Besigheim (CYY137)";"Neckar";"2015";"24.02.2015";"5,3";"°C"
"CYY137";"510.766";"5.427.724";"2.345";"Temperatur";"Besigheim (CYY137)";"Neckar";"2015";"25.02.2015";"5,8";"°C"
"CYY137";"510.766";"5.427.724";"2.345";"Temperatur";"Besigheim (CYY137)";"Neckar";"2015";"26.02.2015";"5,9";"°C"
"CYY137";"510.766";"5.427.724";"2.345";"Temperatur";"Besigheim (CYY137)";"Neckar";"2015";"27.02.2015";"6,1";"°C"
"CYY137";"510.766";"5.427.724";"2.345";"Temperatur";"Besigheim (CYY137)";"Neckar";"2015";"28.02.2015";"6,2";"°C"
"CYY137";"510.766";"5.427.724";"2.345";"Temperatur";"Besigheim (CYY137)";"Neckar";"2015";"01.03.2015";"6,1";"°C"
"CYY137";"510.766";"5.427.724";"2.345";"Temperatur";"Besigheim (CYY137)";"Neckar";"2015";"02.03.2015";"6,4";"°C"
"CYY137";"510.766";"5.427.724";"2.345";"Temperatur";"Besigheim (CYY137)";"Neckar";"2015";"03.03.2015";"6,7";"°C"
"CYY137";"510.766";"5.427.724";"2.345";"Temperatur";"Besigheim (CYY137)";"Neckar";"2015";"04.03.2015";"6,5";"°C"
"CYY137";"510.766";"5.427.724";"2.345";"Temperatur";"Besigheim (CYY137)";"Neckar";"2015";"05.03.2015";"6,4";"°C"
"CYY137";"510.766";"5.427.724";"2.345";"Temperatur";"Besigheim (CYY137)";"Neckar";"2015";"06.03.2015";"6,7";"°C"
"CYY137";"510.766";"5.427.724";"2.345";"Temperatur";"Besigheim (CYY137)";"Neckar";"2015";"07.03.2015";"6,9";"°C"
"CYY137";"510.766";"5.427.724";"2.345";"Temperatur";"Besigheim (CYY137)";"Neckar";"2015";"08.03.2015";"7";"°C"
"CYY137";"510.766";"5.427.724";"2.345";"Temperatur";"Besigheim (CYY137)";"Neckar";"2015";"09.03.2015";"7,3";"°C"
"CYY137";"510.766";"5.427.724";"2.345";"Temperatur";"Besigheim (CYY137)";"Neckar";"2015";"10.03.2015";"7,4";"°C"
"CYY137";"510.766";"5.427.724";"2.345";"Temperatur";"Besigheim (CYY137)";"Neckar";"2015";"11.03.2015";"8";"°C"
"CYY137";"510.766";"5.427.724";"2.345";"Temperatur";"Besigheim (CYY137)";"Neckar";"2015";"12.03.2015";"8,2";"°C"
"CYY137";"510.766";"5.427.724";"2.345";"Temperatur";"Besigheim (CYY137)";"Neckar";"2015";"13.03.2015";"8";"°C"
"CYY137";"510.766";"5.427.724";"2.345";"Temperatur";"Besigheim (CYY137)";"Neckar";"2015";"14.03.2015";"8";"°C"
"CYY137";"510.766";"5.427.724";"2.345";"Temperatur";"Besigheim (CYY137)";"Neckar";"2015";"15.03.2015";"7,7";"°C"
"CYY137";"510.766";"5.427.724";"2.345";"Temperatur";"Besigheim (CYY137)";"Neckar";"2015";"16.03.2015";"7,7";"°C"
"CYY137";"510.766";"5.427.724";"2.345";"Temperatur";"Besigheim (CYY137)";"Neckar";"2015";"17.03.2015";"7,9";"°C"
"CYY137";"510.766";"5.427.724";"2.345";"Temperatur";"Besigheim (CYY137)";"Neckar";"2015";"18.03.2015";"8,4";"°C"
"CYY137";"510.766";"5.427.724";"2.345";"Temperatur";"Besigheim (CYY137)";"Neckar";"2015";"19.03.2015";"8,9";"°C"
"CYY137";"510.766";"5.427.724";"2.345";"Temperatur";"Besigheim (CYY137)";"Neckar";"2015";"20.03.2015";"9,2";"°C"
"CYY137";"510.766";"5.427.724";"2.345";"Temperatur";"Besigheim (CYY137)";"Neckar";"2015";"21.03.2015";"9,4";"°C"
"CYY137";"510.766";"5.427.724";"2.345";"Temperatur";"Besigheim (CYY137)";"Neckar";"2015";"22.03.2015";"9,5";"°C"
"CYY137";"510.766";"5.427.724";"2.345";"Temperatur";"Besigheim (CYY137)";"Neckar";"2015";"23.03.2015";"9,5";"°C"
"CYY137";"510.766";"5.427.724";"2.345";"Temperatur";"Besigheim (CYY137)";"Neckar";"2015";"24.03.2015";"9,5";"°C"
"CYY137";"510.766";"5.427.724";"2.345";"Temperatur";"Besigheim (CYY137)";"Neckar";"2015";"25.03.2015";"9,6";"°C"
"CYY137";"510.766";"5.427.724";"2.345";"Temperatur";"Besigheim (CYY137)";"Neckar";"2015";"26.03.2015";"9,6";"°C"
"CYY137";"510.766";"5.427.724";"2.345";"Temperatur";"Besigheim (CYY137)";"Neckar";"2015";"27.03.2015";"9,6";"°C"
"CYY137";"510.766";"5.427.724";"2.345";"Temperatur";"Besigheim (CYY137)";"Neckar";"2015";"28.03.2015";"9,9";"°C"
"CYY137";"510.766";"5.427.724";"2.345";"Temperatur";"Besigheim (CYY137)";"Neckar";"2015";"29.03.2015";"10,1";"°C"
"CYY137";"510.766";"5.427.724";"2.345";"Temperatur";"Besigheim (CYY137)";"Neckar";"2015";"30.03.2015";"10,3";"°C"
"CYY137";"510.766";"5.427.724";"2.345";"Temperatur";"Besigheim (CYY137)";"Neckar";"2015";"31.03.2015";"10,3";"°C"
"CYY137";"510.766";"5.427.724";"2.345";"Temperatur";"Besigheim (CYY137)";"Neckar";"2015";"01.04.2015";"9,7";"°C"
"CYY137";"510.766";"5.427.724";"2.345";"Temperatur";"Besigheim (CYY137)";"Neckar";"2015";"02.04.2015";"9,3";"°C"
"CYY137";"510.766";"5.427.724";"2.345";"Temperatur";"Besigheim (CYY137)";"Neckar";"2015";"03.04.2015";"8,4";"°C"
"CYY137";"510.766";"5.427.724";"2.345";"Temperatur";"Besigheim (CYY137)";"Neckar";"2015";"04.04.2015";"8,1";"°C"
"CYY137";"510.766";"5.427.724";"2.345";"Temperatur";"Besigheim (CYY137)";"Neckar";"2015";"05.04.2015";"8,1";"°C"
"CYY137";"510.766";"5.427.724";"2.345";"Temperatur";"Besigheim (CYY137)";"Neckar";"2015";"06.04.2015";"8,1";"°C"
"CYY137";"510.766";"5.427.724";"2.345";"Temperatur";"Besigheim (CYY137)";"Neckar";"2015";"07.04.2015";"7,9";"°C"
"CYY137";"510.766";"5.427.724";"2.345";"Temperatur";"Besigheim (CYY137)";"Neckar";"2015";"08.04.2015";"8,2";"°C"
"CYY137";"510.766";"5.427.724";"2.345";"Temperatur";"Besigheim (CYY137)";"Neckar";"2015";"09.04.2015";"8,7";"°C"
"CYY137";"510.766";"5.427.724";"2.345";"Temperatur";"Besigheim (CYY137)";"Neckar";"2015";"10.04.2015";"9,4";"°C"
"CYY137";"510.766";"5.427.724";"2.345";"Temperatur";"Besigheim (CYY137)";"Neckar";"2015";"11.04.2015";"10,2";"°C"
"CYY137";"510.766";"5.427.724";"2.345";"Temperatur";"Besigheim (CYY137)";"Neckar";"2015";"12.04.2015";"11";"°C"
"CYY137";"510.766";"5.427.724";"2.345";"Temperatur";"Besigheim (CYY137)";"Neckar";"2015";"13.04.2015";"11,7";"°C"
"CYY137";"510.766";"5.427.724";"2.345";"Temperatur";"Besigheim (CYY137)";"Neckar";"2015";"14.04.2015";"12,5";"°C"
"CYY137";"510.766";"5.427.724";"2.345";"Temperatur";"Besigheim (CYY137)";"Neckar";"2015";"15.04.2015";"13,4";"°C"
"CYY137";"510.766";"5.427.724";"2.345";"Temperatur";"Besigheim (CYY137)";"Neckar";"2015";"16.04.2015";"13,9";"°C"
"CYY137";"510.766";"5.427.724";"2.345";"Temperatur";"Besigheim (CYY137)";"Neckar";"2015";"17.04.2015";"14,3";"°C"
"CYY137";"510.766";"5.427.724";"2.345";"Temperatur";"Besigheim (CYY137)";"Neckar";"2015";"18.04.2015";"14,3";"°C"
"CYY137";"510.766";"5.427.724";"2.345";"Temperatur";"Besigheim (CYY137)";"Neckar";"2015";"19.04.2015";"14,3";"°C"
"CYY137";"510.766";"5.427.724";"2.345";"Temperatur";"Besigheim (CYY137)";"Neckar";"2015";"20.04.2015";"14,2";"°C"
"CYY137";"510.766";"5.427.724";"2.345";"Temperatur";"Besigheim (CYY137)";"Neckar";"2015";"21.04.2015";"14,3";"°C"
"CYY137";"510.766";"5.427.724";"2.345";"Temperatur";"Besigheim (CYY137)";"Neckar";"2015";"22.04.2015";"14,5";"°C"
"CYY137";"510.766";"5.427.724";"2.345";"Temperatur";"Besigheim (CYY137)";"Neckar";"2015";"23.04.2015";"14,5";"°C"
"CYY137";"510.766";"5.427.724";"2.345";"Temperatur";"Besigheim (CYY137)";"Neckar";"2015";"24.04.2015";"14,5";"°C"
"CYY137";"510.766";"5.427.724";"2.345";"Temperatur";"Besigheim (CYY137)";"Neckar";"2015";"25.04.2015";"14,4";"°C"
"CYY137";"510.766";"5.427.724";"2.345";"Temperatur";"Besigheim (CYY137)";"Neckar";"2015";"26.04.2015";"14,8";"°C"
"CYY137";"510.766";"5.427.724";"2.345";"Temperatur";"Besigheim (CYY137)";"Neckar";"2015";"27.04.2015";"15,2";"°C"
"CYY137";"510.766";"5.427.724";"2.345";"Temperatur";"Besigheim (CYY137)";"Neckar";"2015";"28.04.2015";"14,9";"°C"
"CYY137";"510.766";"5.427.724";"2.345";"Temperatur";"Besigheim (CYY137)";"Neckar";"2015";"29.04.2015";"14,5";"°C"
"CYY137";"510.766";"5.427.724";"2.345";"Temperatur";"Besigheim (CYY137)";"Neckar";"2015";"30.04.2015";"14,7";"°C"
"CYY137";"510.766";"5.427.724";"2.345";"Temperatur";"Besigheim (CYY137)";"Neckar";"2015";"01.05.2015";"14,3";"°C"
"CYY137";"510.766";"5.427.724";"2.345";"Temperatur";"Besigheim (CYY137)";"Neckar";"2015";"02.05.2015";"13";"°C"
"CYY137";"510.766";"5.427.724";"2.345";"Temperatur";"Besigheim (CYY137)";"Neckar";"2015";"03.05.2015";"11,8";"°C"
"CYY137";"510.766";"5.427.724";"2.345";"Temperatur";"Besigheim (CYY137)";"Neckar";"2015";"04.05.2015";"12,4";"°C"
"CYY137";"510.766";"5.427.724";"2.345";"Temperatur";"Besigheim (CYY137)";"Neckar";"2015";"05.05.2015";"13,4";"°C"
"CYY137";"510.766";"5.427.724";"2.345";"Temperatur";"Besigheim (CYY137)";"Neckar";"2015";"06.05.2015";"-";"°C"
"CYY137";"510.766";"5.427.724";"2.345";"Temperatur";"Besigheim (CYY137)";"Neckar";"2015";"07.05.2015";"14,2";"°C"
"CYY137";"510.766";"5.427.724";"2.345";"Temperatur";"Besigheim (CYY137)";"Neckar";"2015";"08.05.2015";"14,7";"°C"
"CYY137";"510.766";"5.427.724";"2.345";"Temperatur";"Besigheim (CYY137)";"Neckar";"2015";"09.05.2015";"15,2";"°C"
"CYY137";"510.766";"5.427.724";"2.345";"Temperatur";"Besigheim (CYY137)";"Neckar";"2015";"10.05.2015";"15,5";"°C"
"CYY137";"510.766";"5.427.724";"2.345";"Temperatur";"Besigheim (CYY137)";"Neckar";"2015";"11.05.2015";"16";"°C"
"CYY137";"510.766";"5.427.724";"2.345";"Temperatur";"Besigheim (CYY137)";"Neckar";"2015";"12.05.2015";"16,4";"°C"
"CYY137";"510.766";"5.427.724";"2.345";"Temperatur";"Besigheim (CYY137)";"Neckar";"2015";"13.05.2015";"17,2";"°C"
"CYY137";"510.766";"5.427.724";"2.345";"Temperatur";"Besigheim (CYY137)";"Neckar";"2015";"14.05.2015";"17,6";"°C"
"CYY137";"510.766";"5.427.724";"2.345";"Temperatur";"Besigheim (CYY137)";"Neckar";"2015";"15.05.2015";"17,3";"°C"
"CYY137";"510.766";"5.427.724";"2.345";"Temperatur";"Besigheim (CYY137)";"Neckar";"2015";"16.05.2015";"17,2";"°C"
"CYY137";"510.766";"5.427.724";"2.345";"Temperatur";"Besigheim (CYY137)";"Neckar";"2015";"17.05.2015";"17,1";"°C"
"CYY137";"510.766";"5.427.724";"2.345";"Temperatur";"Besigheim (CYY137)";"Neckar";"2015";"18.05.2015";"16,7";"°C"
"CYY137";"510.766";"5.427.724";"2.345";"Temperatur";"Besigheim (CYY137)";"Neckar";"2015";"19.05.2015";"16,5";"°C"
"CYY137";"510.766";"5.427.724";"2.345";"Temperatur";"Besigheim (CYY137)";"Neckar";"2015";"20.05.2015";"16,1";"°C"
"CYY137";"510.766";"5.427.724";"2.345";"Temperatur";"Besigheim (CYY137)";"Neckar";"2015";"21.05.2015";"15,9";"°C"
"CYY137";"510.766";"5.427.724";"2.345";"Temperatur";"Besigheim (CYY137)";"Neckar";"2015";"22.05.2015";"16,1";"°C"
"CYY137";"510.766";"5.427.724";"2.345";"Temperatur";"Besigheim (CYY137)";"Neckar";"2015";"23.05.2015";"16,3";"°C"
"CYY137";"510.766";"5.427.724";"2.345";"Temperatur";"Besigheim (CYY137)";"Neckar";"2015";"24.05.2015";"16,2";"°C"
"CYY137";"510.766";"5.427.724";"2.345";"Temperatur";"Besigheim (CYY137)";"Neckar";"2015";"25.05.2015";"16,2";"°C"
"CYY137";"510.766";"5.427.724";"2.345";"Temperatur";"Besigheim (CYY137)";"Neckar";"2015";"26.05.2015";"16,2";"°C"
"CYY137";"510.766";"5.427.724";"2.345";"Temperatur";"Besigheim (CYY137)";"Neckar";"2015";"27.05.2015";"15,8";"°C"
"CYY137";"510.766";"5.427.724";"2.345";"Temperatur";"Besigheim (CYY137)";"Neckar";"2015";"28.05.2015";"15,9";"°C"
"CYY137";"510.766";"5.427.724";"2.345";"Temperatur";"Besigheim (CYY137)";"Neckar";"2015";"29.05.2015";"16,1";"°C"
"CYY137";"510.766";"5.427.724";"2.345";"Temperatur";"Besigheim (CYY137)";"Neckar";"2015";"30.05.2015";"16,1";"°C"
"CYY137";"510.766";"5.427.724";"2.345";"Temperatur";"Besigheim (CYY137)";"Neckar";"2015";"31.05.2015";"16,4";"°C"
"CYY137";"510.766";"5.427.724";"2.345";"Temperatur";"Besigheim (CYY137)";"Neckar";"2015";"01.06.2015";"16,7";"°C"
"CYY137";"510.766";"5.427.724";"2.345";"Temperatur";"Besigheim (CYY137)";"Neckar";"2015";"02.06.2015";"17,1";"°C"
"CYY137";"510.766";"5.427.724";"2.345";"Temperatur";"Besigheim (CYY137)";"Neckar";"2015";"03.06.2015";"17,7";"°C"
"CYY137";"510.766";"5.427.724";"2.345";"Temperatur";"Besigheim (CYY137)";"Neckar";"2015";"04.06.2015";"18,6";"°C"
"CYY137";"510.766";"5.427.724";"2.345";"Temperatur";"Besigheim (CYY137)";"Neckar";"2015";"05.06.2015";"19,7";"°C"
"CYY137";"510.766";"5.427.724";"2.345";"Temperatur";"Besigheim (CYY137)";"Neckar";"2015";"06.06.2015";"20,3";"°C"
"CYY137";"510.766";"5.427.724";"2.345";"Temperatur";"Besigheim (CYY137)";"Neckar";"2015";"07.06.2015";"21,2";"°C"
"CYY137";"510.766";"5.427.724";"2.345";"Temperatur";"Besigheim (CYY137)";"Neckar";"2015";"08.06.2015";"21,2";"°C"
"CYY137";"510.766";"5.427.724";"2.345";"Temperatur";"Besigheim (CYY137)";"Neckar";"2015";"09.06.2015";"20";"°C"
"CYY137";"510.766";"5.427.724";"2.345";"Temperatur";"Besigheim (CYY137)";"Neckar";"2015";"10.06.2015";"19,3";"°C"
"CYY137";"510.766";"5.427.724";"2.345";"Temperatur";"Besigheim (CYY137)";"Neckar";"2015";"11.06.2015";"19,4";"°C"
"CYY137";"510.766";"5.427.724";"2.345";"Temperatur";"Besigheim (CYY137)";"Neckar";"2015";"12.06.2015";"19,6";"°C"
"CYY137";"510.766";"5.427.724";"2.345";"Temperatur";"Besigheim (CYY137)";"Neckar";"2015";"13.06.2015";"19,8";"°C"
"CYY137";"510.766";"5.427.724";"2.345";"Temperatur";"Besigheim (CYY137)";"Neckar";"2015";"14.06.2015";"20,3";"°C"
"CYY137";"510.766";"5.427.724";"2.345";"Temperatur";"Besigheim (CYY137)";"Neckar";"2015";"15.06.2015";"20,5";"°C"
"CYY137";"510.766";"5.427.724";"2.345";"Temperatur";"Besigheim (CYY137)";"Neckar";"2015";"16.06.2015";"20,4";"°C"
"CYY137";"510.766";"5.427.724";"2.345";"Temperatur";"Besigheim (CYY137)";"Neckar";"2015";"17.06.2015";"20,6";"°C"
"CYY137";"510.766";"5.427.724";"2.345";"Temperatur";"Besigheim (CYY137)";"Neckar";"2015";"18.06.2015";"20,6";"°C"
"CYY137";"510.766";"5.427.724";"2.345";"Temperatur";"Besigheim (CYY137)";"Neckar";"2015";"19.06.2015";"20,1";"°C"
"CYY137";"510.766";"5.427.724";"2.345";"Temperatur";"Besigheim (CYY137)";"Neckar";"2015";"20.06.2015";"19,6";"°C"
"CYY137";"510.766";"5.427.724";"2.345";"Temperatur";"Besigheim (CYY137)";"Neckar";"2015";"21.06.2015";"19,2";"°C"
"CYY137";"510.766";"5.427.724";"2.345";"Temperatur";"Besigheim (CYY137)";"Neckar";"2015";"22.06.2015";"18,8";"°C"
"CYY137";"510.766";"5.427.724";"2.345";"Temperatur";"Besigheim (CYY137)";"Neckar";"2015";"23.06.2015";"18,1";"°C"
"CYY137";"510.766";"5.427.724";"2.345";"Temperatur";"Besigheim (CYY137)";"Neckar";"2015";"24.06.2015";"18";"°C"
"CYY137";"510.766";"5.427.724";"2.345";"Temperatur";"Besigheim (CYY137)";"Neckar";"2015";"25.06.2015";"18,3";"°C"
"CYY137";"510.766";"5.427.724";"2.345";"Temperatur";"Besigheim (CYY137)";"Neckar";"2015";"26.06.2015";"18,8";"°C"
"CYY137";"510.766";"5.427.724";"2.345";"Temperatur";"Besigheim (CYY137)";"Neckar";"2015";"27.06.2015";"19,2";"°C"
"CYY137";"510.766";"5.427.724";"2.345";"Temperatur";"Besigheim (CYY137)";"Neckar";"2015";"28.06.2015";"19,8";"°C"
"CYY137";"510.766";"5.427.724";"2.345";"Temperatur";"Besigheim (CYY137)";"Neckar";"2015";"29.06.2015";"20,3";"°C"
"CYY137";"510.766";"5.427.724";"2.345";"Temperatur";"Besigheim (CYY137)";"Neckar";"2015";"30.06.2015";"21,1";"°C"
"CYY137";"510.766";"5.427.724";"2.345";"Temperatur";"Besigheim (CYY137)";"Neckar";"2015";"01.07.2015";"22";"°C"
"CYY137";"510.766";"5.427.724";"2.345";"Temperatur";"Besigheim (CYY137)";"Neckar";"2015";"02.07.2015";"22,6";"°C"
"CYY137";"510.766";"5.427.724";"2.345";"Temperatur";"Besigheim (CYY137)";"Neckar";"2015";"03.07.2015";"23,3";"°C"
"CYY137";"510.766";"5.427.724";"2.345";"Temperatur";"Besigheim (CYY137)";"Neckar";"2015";"04.07.2015";"24";"°C"
"CYY137";"510.766";"5.427.724";"2.345";"Temperatur";"Besigheim (CYY137)";"Neckar";"2015";"05.07.2015";"24,8";"°C"
"CYY137";"510.766";"5.427.724";"2.345";"Temperatur";"Besigheim (CYY137)";"Neckar";"2015";"06.07.2015";"25,2";"°C"
"CYY137";"510.766";"5.427.724";"2.345";"Temperatur";"Besigheim (CYY137)";"Neckar";"2015";"07.07.2015";"25,5";"°C"
"CYY137";"510.766";"5.427.724";"2.345";"Temperatur";"Besigheim (CYY137)";"Neckar";"2015";"08.07.2015";"25,3";"°C"
"CYY137";"510.766";"5.427.724";"2.345";"Temperatur";"Besigheim (CYY137)";"Neckar";"2015";"09.07.2015";"24,3";"°C"
"CYY137";"510.766";"5.427.724";"2.345";"Temperatur";"Besigheim (CYY137)";"Neckar";"2015";"10.07.2015";"23,9";"°C"
"CYY137";"510.766";"5.427.724";"2.345";"Temperatur";"Besigheim (CYY137)";"Neckar";"2015";"11.07.2015";"23,8";"°C"
"CYY137";"510.766";"5.427.724";"2.345";"Temperatur";"Besigheim (CYY137)";"Neckar";"2015";"12.07.2015";"23,8";"°C"
"CYY137";"510.766";"5.427.724";"2.345";"Temperatur";"Besigheim (CYY137)";"Neckar";"2015";"13.07.2015";"23,4";"°C"
"CYY137";"510.766";"5.427.724";"2.345";"Temperatur";"Besigheim (CYY137)";"Neckar";"2015";"14.07.2015";"23,2";"°C"
"CYY137";"510.766";"5.427.724";"2.345";"Temperatur";"Besigheim (CYY137)";"Neckar";"2015";"15.07.2015";"23,4";"°C"
"CYY137";"510.766";"5.427.724";"2.345";"Temperatur";"Besigheim (CYY137)";"Neckar";"2015";"16.07.2015";"23,9";"°C"
"CYY137";"510.766";"5.427.724";"2.345";"Temperatur";"Besigheim (CYY137)";"Neckar";"2015";"17.07.2015";"24,4";"°C"
"CYY137";"510.766";"5.427.724";"2.345";"Temperatur";"Besigheim (CYY137)";"Neckar";"2015";"18.07.2015";"24,5";"°C"
"CYY137";"510.766";"5.427.724";"2.345";"Temperatur";"Besigheim (CYY137)";"Neckar";"2015";"19.07.2015";"24,4";"°C"
"CYY137";"510.766";"5.427.724";"2.345";"Temperatur";"Besigheim (CYY137)";"Neckar";"2015";"20.07.2015";"24,2";"°C"
"CYY137";"510.766";"5.427.724";"2.345";"Temperatur";"Besigheim (CYY137)";"Neckar";"2015";"21.07.2015";"24,5";"°C"
"CYY137";"510.766";"5.427.724";"2.345";"Temperatur";"Besigheim (CYY137)";"Neckar";"2015";"22.07.2015";"24,7";"°C"
"CYY137";"510.766";"5.427.724";"2.345";"Temperatur";"Besigheim (CYY137)";"Neckar";"2015";"23.07.2015";"24,7";"°C"
"CYY137";"510.766";"5.427.724";"2.345";"Temperatur";"Besigheim (CYY137)";"Neckar";"2015";"24.07.2015";"25";"°C"
"CYY137";"510.766";"5.427.724";"2.345";"Temperatur";"Besigheim (CYY137)";"Neckar";"2015";"25.07.2015";"24,8";"°C"
"CYY137";"510.766";"5.427.724";"2.345";"Temperatur";"Besigheim (CYY137)";"Neckar";"2015";"26.07.2015";"24,2";"°C"
"CYY137";"510.766";"5.427.724";"2.345";"Temperatur";"Besigheim (CYY137)";"Neckar";"2015";"27.07.2015";"23,5";"°C"
"CYY137";"510.766";"5.427.724";"2.345";"Temperatur";"Besigheim (CYY137)";"Neckar";"2015";"28.07.2015";"22,9";"°C"
"CYY137";"510.766";"5.427.724";"2.345";"Temperatur";"Besigheim (CYY137)";"Neckar";"2015";"29.07.2015";"22,2";"°C"
"CYY137";"510.766";"5.427.724";"2.345";"Temperatur";"Besigheim (CYY137)";"Neckar";"2015";"30.07.2015";"21,5";"°C"
"CYY137";"510.766";"5.427.724";"2.345";"Temperatur";"Besigheim (CYY137)";"Neckar";"2015";"31.07.2015";"21,6";"°C"
"CYY137";"510.766";"5.427.724";"2.345";"Temperatur";"Besigheim (CYY137)";"Neckar";"2015";"01.08.2015";"21,3";"°C"
"CYY137";"510.766";"5.427.724";"2.345";"Temperatur";"Besigheim (CYY137)";"Neckar";"2015";"02.08.2015";"21,6";"°C"
"CYY137";"510.766";"5.427.724";"2.345";"Temperatur";"Besigheim (CYY137)";"Neckar";"2015";"03.08.2015";"22,1";"°C"
"CYY137";"510.766";"5.427.724";"2.345";"Temperatur";"Besigheim (CYY137)";"Neckar";"2015";"04.08.2015";"22,1";"°C"
"CYY137";"510.766";"5.427.724";"2.345";"Temperatur";"Besigheim (CYY137)";"Neckar";"2015";"05.08.2015";"22,5";"°C"
"CYY137";"510.766";"5.427.724";"2.345";"Temperatur";"Besigheim (CYY137)";"Neckar";"2015";"06.08.2015";"23";"°C"
"CYY137";"510.766";"5.427.724";"2.345";"Temperatur";"Besigheim (CYY137)";"Neckar";"2015";"07.08.2015";"23,8";"°C"
"CYY137";"510.766";"5.427.724";"2.345";"Temperatur";"Besigheim (CYY137)";"Neckar";"2015";"08.08.2015";"24,1";"°C"
"CYY137";"510.766";"5.427.724";"2.345";"Temperatur";"Besigheim (CYY137)";"Neckar";"2015";"09.08.2015";"24,6";"°C"
"CYY137";"510.766";"5.427.724";"2.345";"Temperatur";"Besigheim (CYY137)";"Neckar";"2015";"10.08.2015";"24,1";"°C"
"CYY137";"510.766";"5.427.724";"2.345";"Temperatur";"Besigheim (CYY137)";"Neckar";"2015";"11.08.2015";"24,4";"°C"
"CYY137";"510.766";"5.427.724";"2.345";"Temperatur";"Besigheim (CYY137)";"Neckar";"2015";"12.08.2015";"24,9";"°C"
"CYY137";"510.766";"5.427.724";"2.345";"Temperatur";"Besigheim (CYY137)";"Neckar";"2015";"13.08.2015";"25,2";"°C"
"CYY137";"510.766";"5.427.724";"2.345";"Temperatur";"Besigheim (CYY137)";"Neckar";"2015";"14.08.2015";"25,2";"°C"
"CYY137";"510.766";"5.427.724";"2.345";"Temperatur";"Besigheim (CYY137)";"Neckar";"2015";"15.08.2015";"24,6";"°C"
"CYY137";"510.766";"5.427.724";"2.345";"Temperatur";"Besigheim (CYY137)";"Neckar";"2015";"16.08.2015";"23,9";"°C"
"CYY137";"510.766";"5.427.724";"2.345";"Temperatur";"Besigheim (CYY137)";"Neckar";"2015";"17.08.2015";"22,9";"°C"
"CYY137";"510.766";"5.427.724";"2.345";"Temperatur";"Besigheim (CYY137)";"Neckar";"2015";"18.08.2015";"22";"°C"
"CYY137";"510.766";"5.427.724";"2.345";"Temperatur";"Besigheim (CYY137)";"Neckar";"2015";"19.08.2015";"21,6";"°C"
"CYY137";"510.766";"5.427.724";"2.345";"Temperatur";"Besigheim (CYY137)";"Neckar";"2015";"20.08.2015";"21,3";"°C"
"CYY137";"510.766";"5.427.724";"2.345";"Temperatur";"Besigheim (CYY137)";"Neckar";"2015";"21.08.2015";"21,4";"°C"
"CYY137";"510.766";"5.427.724";"2.345";"Temperatur";"Besigheim (CYY137)";"Neckar";"2015";"22.08.2015";"21,7";"°C"
"CYY137";"510.766";"5.427.724";"2.345";"Temperatur";"Besigheim (CYY137)";"Neckar";"2015";"23.08.2015";"21,8";"°C"
"CYY137";"510.766";"5.427.724";"2.345";"Temperatur";"Besigheim (CYY137)";"Neckar";"2015";"24.08.2015";"21,5";"°C"
"CYY137";"510.766";"5.427.724";"2.345";"Temperatur";"Besigheim (CYY137)";"Neckar";"2015";"25.08.2015";"21";"°C"
"CYY137";"510.766";"5.427.724";"2.345";"Temperatur";"Besigheim (CYY137)";"Neckar";"2015";"26.08.2015";"20,9";"°C"
"CYY137";"510.766";"5.427.724";"2.345";"Temperatur";"Besigheim (CYY137)";"Neckar";"2015";"27.08.2015";"21,1";"°C"
"CYY137";"510.766";"5.427.724";"2.345";"Temperatur";"Besigheim (CYY137)";"Neckar";"2015";"28.08.2015";"21,3";"°C"
"CYY137";"510.766";"5.427.724";"2.345";"Temperatur";"Besigheim (CYY137)";"Neckar";"2015";"29.08.2015";"21,7";"°C"
"CYY137";"510.766";"5.427.724";"2.345";"Temperatur";"Besigheim (CYY137)";"Neckar";"2015";"30.08.2015";"22,5";"°C"
"CYY137";"510.766";"5.427.724";"2.345";"Temperatur";"Besigheim (CYY137)";"Neckar";"2015";"31.08.2015";"22,5";"°C"
"CYY137";"510.766";"5.427.724";"2.345";"Temperatur";"Besigheim (CYY137)";"Neckar";"2015";"01.09.2015";"22,4";"°C"
"CYY137";"510.766";"5.427.724";"2.345";"Temperatur";"Besigheim (CYY137)";"Neckar";"2015";"02.09.2015";"22,1";"°C"
"CYY137";"510.766";"5.427.724";"2.345";"Temperatur";"Besigheim (CYY137)";"Neckar";"2015";"03.09.2015";"21,8";"°C"
"CYY137";"510.766";"5.427.724";"2.345";"Temperatur";"Besigheim (CYY137)";"Neckar";"2015";"04.09.2015";"21,1";"°C"
"CYY137";"510.766";"5.427.724";"2.345";"Temperatur";"Besigheim (CYY137)";"Neckar";"2015";"05.09.2015";"20,7";"°C"
"CYY137";"510.766";"5.427.724";"2.345";"Temperatur";"Besigheim (CYY137)";"Neckar";"2015";"06.09.2015";"20";"°C"
"CYY137";"510.766";"5.427.724";"2.345";"Temperatur";"Besigheim (CYY137)";"Neckar";"2015";"07.09.2015";"19,4";"°C"
"CYY137";"510.766";"5.427.724";"2.345";"Temperatur";"Besigheim (CYY137)";"Neckar";"2015";"08.09.2015";"19,1";"°C"
"CYY137";"510.766";"5.427.724";"2.345";"Temperatur";"Besigheim (CYY137)";"Neckar";"2015";"09.09.2015";"18,8";"°C"
"CYY137";"510.766";"5.427.724";"2.345";"Temperatur";"Besigheim (CYY137)";"Neckar";"2015";"10.09.2015";"18,6";"°C"
"CYY137";"510.766";"5.427.724";"2.345";"Temperatur";"Besigheim (CYY137)";"Neckar";"2015";"11.09.2015";"18,4";"°C"
"CYY137";"510.766";"5.427.724";"2.345";"Temperatur";"Besigheim (CYY137)";"Neckar";"2015";"12.09.2015";"18,5";"°C"
"CYY137";"510.766";"5.427.724";"2.345";"Temperatur";"Besigheim (CYY137)";"Neckar";"2015";"13.09.2015";"18,6";"°C"
"CYY137";"510.766";"5.427.724";"2.345";"Temperatur";"Besigheim (CYY137)";"Neckar";"2015";"14.09.2015";"18,7";"°C"
"CYY137";"510.766";"5.427.724";"2.345";"Temperatur";"Besigheim (CYY137)";"Neckar";"2015";"15.09.2015";"18,4";"°C"
"CYY137";"510.766";"5.427.724";"2.345";"Temperatur";"Besigheim (CYY137)";"Neckar";"2015";"16.09.2015";"18,2";"°C"
"CYY137";"510.766";"5.427.724";"2.345";"Temperatur";"Besigheim (CYY137)";"Neckar";"2015";"17.09.2015";"18";"°C"
"CYY137";"510.766";"5.427.724";"2.345";"Temperatur";"Besigheim (CYY137)";"Neckar";"2015";"18.09.2015";"17,8";"°C"
"CYY137";"510.766";"5.427.724";"2.345";"Temperatur";"Besigheim (CYY137)";"Neckar";"2015";"19.09.2015";"17,7";"°C"
"CYY137";"510.766";"5.427.724";"2.345";"Temperatur";"Besigheim (CYY137)";"Neckar";"2015";"20.09.2015";"17,6";"°C"
"CYY137";"510.766";"5.427.724";"2.345";"Temperatur";"Besigheim (CYY137)";"Neckar";"2015";"21.09.2015";"17,4";"°C"
"CYY137";"510.766";"5.427.724";"2.345";"Temperatur";"Besigheim (CYY137)";"Neckar";"2015";"22.09.2015";"16,9";"°C"
"CYY137";"510.766";"5.427.724";"2.345";"Temperatur";"Besigheim (CYY137)";"Neckar";"2015";"23.09.2015";"16,5";"°C"
"CYY137";"510.766";"5.427.724";"2.345";"Temperatur";"Besigheim (CYY137)";"Neckar";"2015";"24.09.2015";"16,3";"°C"
"CYY137";"510.766";"5.427.724";"2.345";"Temperatur";"Besigheim (CYY137)";"Neckar";"2015";"25.09.2015";"16,3";"°C"
"CYY137";"510.766";"5.427.724";"2.345";"Temperatur";"Besigheim (CYY137)";"Neckar";"2015";"26.09.2015";"16,4";"°C"
"CYY137";"510.766";"5.427.724";"2.345";"Temperatur";"Besigheim (CYY137)";"Neckar";"2015";"27.09.2015";"16,4";"°C"
"CYY137";"510.766";"5.427.724";"2.345";"Temperatur";"Besigheim (CYY137)";"Neckar";"2015";"28.09.2015";"16,1";"°C"
"CYY137";"510.766";"5.427.724";"2.345";"Temperatur";"Besigheim (CYY137)";"Neckar";"2015";"29.09.2015";"15,9";"°C"
"CYY137";"510.766";"5.427.724";"2.345";"Temperatur";"Besigheim (CYY137)";"Neckar";"2015";"30.09.2015";"15,5";"°C"
"CYY137";"510.766";"5.427.724";"2.345";"Temperatur";"Besigheim (CYY137)";"Neckar";"2015";"01.10.2015";"15,2";"°C"
"CYY137";"510.766";"5.427.724";"2.345";"Temperatur";"Besigheim (CYY137)";"Neckar";"2015";"02.10.2015";"15,2";"°C"
"CYY137";"510.766";"5.427.724";"2.345";"Temperatur";"Besigheim (CYY137)";"Neckar";"2015";"03.10.2015";"15,1";"°C"
"CYY137";"510.766";"5.427.724";"2.345";"Temperatur";"Besigheim (CYY137)";"Neckar";"2015";"04.10.2015";"14,8";"°C"
"CYY137";"510.766";"5.427.724";"2.345";"Temperatur";"Besigheim (CYY137)";"Neckar";"2015";"05.10.2015";"14,7";"°C"
"CYY137";"510.766";"5.427.724";"2.345";"Temperatur";"Besigheim (CYY137)";"Neckar";"2015";"06.10.2015";"14,8";"°C"
"CYY137";"510.766";"5.427.724";"2.345";"Temperatur";"Besigheim (CYY137)";"Neckar";"2015";"07.10.2015";"15";"°C"
"CYY137";"510.766";"5.427.724";"2.345";"Temperatur";"Besigheim (CYY137)";"Neckar";"2015";"08.10.2015";"15,2";"°C"
"CYY137";"510.766";"5.427.724";"2.345";"Temperatur";"Besigheim (CYY137)";"Neckar";"2015";"09.10.2015";"15,3";"°C"
"CYY137";"510.766";"5.427.724";"2.345";"Temperatur";"Besigheim (CYY137)";"Neckar";"2015";"10.10.2015";"15";"°C"
"CYY137";"510.766";"5.427.724";"2.345";"Temperatur";"Besigheim (CYY137)";"Neckar";"2015";"11.10.2015";"14,7";"°C"
"CYY137";"510.766";"5.427.724";"2.345";"Temperatur";"Besigheim (CYY137)";"Neckar";"2015";"12.10.2015";"14,4";"°C"
"CYY137";"510.766";"5.427.724";"2.345";"Temperatur";"Besigheim (CYY137)";"Neckar";"2015";"13.10.2015";"14";"°C"
"CYY137";"510.766";"5.427.724";"2.345";"Temperatur";"Besigheim (CYY137)";"Neckar";"2015";"14.10.2015";"13,5";"°C"
"CYY137";"510.766";"5.427.724";"2.345";"Temperatur";"Besigheim (CYY137)";"Neckar";"2015";"15.10.2015";"12,9";"°C"
"CYY137";"510.766";"5.427.724";"2.345";"Temperatur";"Besigheim (CYY137)";"Neckar";"2015";"16.10.2015";"12,4";"°C"
"CYY137";"510.766";"5.427.724";"2.345";"Temperatur";"Besigheim (CYY137)";"Neckar";"2015";"17.10.2015";"12,1";"°C"
"CYY137";"510.766";"5.427.724";"2.345";"Temperatur";"Besigheim (CYY137)";"Neckar";"2015";"18.10.2015";"11,9";"°C"
"CYY137";"510.766";"5.427.724";"2.345";"Temperatur";"Besigheim (CYY137)";"Neckar";"2015";"19.10.2015";"11,7";"°C"
"CYY137";"510.766";"5.427.724";"2.345";"Temperatur";"Besigheim (CYY137)";"Neckar";"2015";"20.10.2015";"11,6";"°C"
"CYY137";"510.766";"5.427.724";"2.345";"Temperatur";"Besigheim (CYY137)";"Neckar";"2015";"21.10.2015";"11,7";"°C"
"CYY137";"510.766";"5.427.724";"2.345";"Temperatur";"Besigheim (CYY137)";"Neckar";"2015";"22.10.2015";"11,6";"°C"
"CYY137";"510.766";"5.427.724";"2.345";"Temperatur";"Besigheim (CYY137)";"Neckar";"2015";"23.10.2015";"11,8";"°C"
"CYY137";"510.766";"5.427.724";"2.345";"Temperatur";"Besigheim (CYY137)";"Neckar";"2015";"24.10.2015";"11,9";"°C"
"CYY137";"510.766";"5.427.724";"2.345";"Temperatur";"Besigheim (CYY137)";"Neckar";"2015";"25.10.2015";"11,9";"°C"
"CYY137";"510.766";"5.427.724";"2.345";"Temperatur";"Besigheim (CYY137)";"Neckar";"2015";"26.10.2015";"12";"°C"
"CYY137";"510.766";"5.427.724";"2.345";"Temperatur";"Besigheim (CYY137)";"Neckar";"2015";"27.10.2015";"11,8";"°C"
"CYY137";"510.766";"5.427.724";"2.345";"Temperatur";"Besigheim (CYY137)";"Neckar";"2015";"28.10.2015";"11,6";"°C"
"CYY137";"510.766";"5.427.724";"2.345";"Temperatur";"Besigheim (CYY137)";"Neckar";"2015";"29.10.2015";"11,6";"°C"
"CYY137";"510.766";"5.427.724";"2.345";"Temperatur";"Besigheim (CYY137)";"Neckar";"2015";"30.10.2015";"11,7";"°C"
"CYY137";"510.766";"5.427.724";"2.345";"Temperatur";"Besigheim (CYY137)";"Neckar";"2015";"31.10.2015";"11,6";"°C"
"CYY137";"510.766";"5.427.724";"2.345";"Temperatur";"Besigheim (CYY137)";"Neckar";"2015";"01.11.2015";"11,4";"°C"
"CYY137";"510.766";"5.427.724";"2.345";"Temperatur";"Besigheim (CYY137)";"Neckar";"2015";"02.11.2015";"11,2";"°C"
"CYY137";"510.766";"5.427.724";"2.345";"Temperatur";"Besigheim (CYY137)";"Neckar";"2015";"03.11.2015";"10,9";"°C"
"CYY137";"510.766";"5.427.724";"2.345";"Temperatur";"Besigheim (CYY137)";"Neckar";"2015";"04.11.2015";"10,9";"°C"
"CYY137";"510.766";"5.427.724";"2.345";"Temperatur";"Besigheim (CYY137)";"Neckar";"2015";"05.11.2015";"11";"°C"
"CYY137";"510.766";"5.427.724";"2.345";"Temperatur";"Besigheim (CYY137)";"Neckar";"2015";"06.11.2015";"11";"°C"
"CYY137";"510.766";"5.427.724";"2.345";"Temperatur";"Besigheim (CYY137)";"Neckar";"2015";"07.11.2015";"11,3";"°C"
"CYY137";"510.766";"5.427.724";"2.345";"Temperatur";"Besigheim (CYY137)";"Neckar";"2015";"08.11.2015";"11,6";"°C"
"CYY137";"510.766";"5.427.724";"2.345";"Temperatur";"Besigheim (CYY137)";"Neckar";"2015";"09.11.2015";"11,6";"°C"
"CYY137";"510.766";"5.427.724";"2.345";"Temperatur";"Besigheim (CYY137)";"Neckar";"2015";"10.11.2015";"11,8";"°C"
"CYY137";"510.766";"5.427.724";"2.345";"Temperatur";"Besigheim (CYY137)";"Neckar";"2015";"11.11.2015";"11,9";"°C"
"CYY137";"510.766";"5.427.724";"2.345";"Temperatur";"Besigheim (CYY137)";"Neckar";"2015";"12.11.2015";"11,7";"°C"
"CYY137";"510.766";"5.427.724";"2.345";"Temperatur";"Besigheim (CYY137)";"Neckar";"2015";"13.11.2015";"11,5";"°C"
"CYY137";"510.766";"5.427.724";"2.345";"Temperatur";"Besigheim (CYY137)";"Neckar";"2015";"14.11.2015";"11,5";"°C"
"CYY137";"510.766";"5.427.724";"2.345";"Temperatur";"Besigheim (CYY137)";"Neckar";"2015";"15.11.2015";"11,4";"°C"
"CYY137";"510.766";"5.427.724";"2.345";"Temperatur";"Besigheim (CYY137)";"Neckar";"2015";"16.11.2015";"11,1";"°C"
"CYY137";"510.766";"5.427.724";"2.345";"Temperatur";"Besigheim (CYY137)";"Neckar";"2015";"17.11.2015";"11";"°C"
"CYY137";"510.766";"5.427.724";"2.345";"Temperatur";"Besigheim (CYY137)";"Neckar";"2015";"18.11.2015";"11,2";"°C"
"CYY137";"510.766";"5.427.724";"2.345";"Temperatur";"Besigheim (CYY137)";"Neckar";"2015";"19.11.2015";"11,2";"°C"
"CYY137";"510.766";"5.427.724";"2.345";"Temperatur";"Besigheim (CYY137)";"Neckar";"2015";"20.11.2015";"11,5";"°C"
"CYY137";"510.766";"5.427.724";"2.345";"Temperatur";"Besigheim (CYY137)";"Neckar";"2015";"21.11.2015";"10,7";"°C"
"CYY137";"510.766";"5.427.724";"2.345";"Temperatur";"Besigheim (CYY137)";"Neckar";"2015";"22.11.2015";"10";"°C"
"CYY137";"510.766";"5.427.724";"2.345";"Temperatur";"Besigheim (CYY137)";"Neckar";"2015";"23.11.2015";"9,4";"°C"
"CYY137";"510.766";"5.427.724";"2.345";"Temperatur";"Besigheim (CYY137)";"Neckar";"2015";"24.11.2015";"8,8";"°C"
"CYY137";"510.766";"5.427.724";"2.345";"Temperatur";"Besigheim (CYY137)";"Neckar";"2015";"25.11.2015";"8,4";"°C"
"CYY137";"510.766";"5.427.724";"2.345";"Temperatur";"Besigheim (CYY137)";"Neckar";"2015";"26.11.2015";"8,1";"°C"
"CYY137";"510.766";"5.427.724";"2.345";"Temperatur";"Besigheim (CYY137)";"Neckar";"2015";"27.11.2015";"7,8";"°C"
"CYY137";"510.766";"5.427.724";"2.345";"Temperatur";"Besigheim (CYY137)";"Neckar";"2015";"28.11.2015";"7,6";"°C"
"CYY137";"510.766";"5.427.724";"2.345";"Temperatur";"Besigheim (CYY137)";"Neckar";"2015";"29.11.2015";"-";"°C"
"CYY137";"510.766";"5.427.724";"2.345";"Temperatur";"Besigheim (CYY137)";"Neckar";"2015";"30.11.2015";"-";"°C"
"CYY137";"510.766";"5.427.724";"2.345";"Temperatur";"Besigheim (CYY137)";"Neckar";"2015";"01.12.2015";"7,8";"°C"
"CYY137";"510.766";"5.427.724";"2.345";"Temperatur";"Besigheim (CYY137)";"Neckar";"2015";"02.12.2015";"8,3";"°C"
"CYY137";"510.766";"5.427.724";"2.345";"Temperatur";"Besigheim (CYY137)";"Neckar";"2015";"03.12.2015";"8,2";"°C"
"CYY137";"510.766";"5.427.724";"2.345";"Temperatur";"Besigheim (CYY137)";"Neckar";"2015";"04.12.2015";"8,1";"°C"
"CYY137";"510.766";"5.427.724";"2.345";"Temperatur";"Besigheim (CYY137)";"Neckar";"2015";"05.12.2015";"8,2";"°C"
"CYY137";"510.766";"5.427.724";"2.345";"Temperatur";"Besigheim (CYY137)";"Neckar";"2015";"06.12.2015";"8,1";"°C"
"CYY137";"510.766";"5.427.724";"2.345";"Temperatur";"Besigheim (CYY137)";"Neckar";"2015";"07.12.2015";"8";"°C"
"CYY137";"510.766";"5.427.724";"2.345";"Temperatur";"Besigheim (CYY137)";"Neckar";"2015";"08.12.2015";"7,9";"°C"
"CYY137";"510.766";"5.427.724";"2.345";"Temperatur";"Besigheim (CYY137)";"Neckar";"2015";"09.12.2015";"7,8";"°C"
"CYY137";"510.766";"5.427.724";"2.345";"Temperatur";"Besigheim (CYY137)";"Neckar";"2015";"10.12.2015";"7,6";"°C"
"CYY137";"510.766";"5.427.724";"2.345";"Temperatur";"Besigheim (CYY137)";"Neckar";"2015";"11.12.2015";"7,3";"°C"
"CYY137";"510.766";"5.427.724";"2.345";"Temperatur";"Besigheim (CYY137)";"Neckar";"2015";"12.12.2015";"7,2";"°C"
"CYY137";"510.766";"5.427.724";"2.345";"Temperatur";"Besigheim (CYY137)";"Neckar";"2015";"13.12.2015";"7,5";"°C"
"CYY137";"510.766";"5.427.724";"2.345";"Temperatur";"Besigheim (CYY137)";"Neckar";"2015";"14.12.2015";"7,2";"°C"
"CYY137";"510.766";"5.427.724";"2.345";"Temperatur";"Besigheim (CYY137)";"Neckar";"2015";"15.12.2015";"7";"°C"
"CYY137";"510.766";"5.427.724";"2.345";"Temperatur";"Besigheim (CYY137)";"Neckar";"2015";"16.12.2015";"7";"°C"
"CYY137";"510.766";"5.427.724";"2.345";"Temperatur";"Besigheim (CYY137)";"Neckar";"2015";"17.12.2015";"7,2";"°C"
"CYY137";"510.766";"5.427.724";"2.345";"Temperatur";"Besigheim (CYY137)";"Neckar";"2015";"18.12.2015";"7,5";"°C"
"CYY137";"510.766";"5.427.724";"2.345";"Temperatur";"Besigheim (CYY137)";"Neckar";"2015";"19.12.2015";"7,8";"°C"
"CYY137";"510.766";"5.427.724";"2.345";"Temperatur";"Besigheim (CYY137)";"Neckar";"2015";"20.12.2015";"7,9";"°C"
"CYY137";"510.766";"5.427.724";"2.345";"Temperatur";"Besigheim (CYY137)";"Neckar";"2015";"21.12.2015";"7,6";"°C"
"CYY137";"510.766";"5.427.724";"2.345";"Temperatur";"Besigheim (CYY137)";"Neckar";"2015";"22.12.2015";"7,5";"°C"
"CYY137";"510.766";"5.427.724";"2.345";"Temperatur";"Besigheim (CYY137)";"Neckar";"2015";"23.12.2015";"7,5";"°C"
"CYY137";"510.766";"5.427.724";"2.345";"Temperatur";"Besigheim (CYY137)";"Neckar";"2015";"24.12.2015";"7,7";"°C"
"CYY137";"510.766";"5.427.724";"2.345";"Temperatur";"Besigheim (CYY137)";"Neckar";"2015";"25.12.2015";"7,9";"°C"
"CYY137";"510.766";"5.427.724";"2.345";"Temperatur";"Besigheim (CYY137)";"Neckar";"2015";"26.12.2015";"8";"°C"
"CYY137";"510.766";"5.427.724";"2.345";"Temperatur";"Besigheim (CYY137)";"Neckar";"2015";"27.12.2015";"7,9";"°C"
"CYY137";"510.766";"5.427.724";"2.345";"Temperatur";"Besigheim (CYY137)";"Neckar";"2015";"28.12.2015";"7,6";"°C"
"CYY137";"510.766";"5.427.724";"2.345";"Temperatur";"Besigheim (CYY137)";"Neckar";"2015";"29.12.2015";"7,3";"°C"
"CYY137";"510.766";"5.427.724";"2.345";"Temperatur";"Besigheim (CYY137)";"Neckar";"2015";"30.12.2015";"7";"°C"
"CYY137";"510.766";"5.427.724";"2.345";"Temperatur";"Besigheim (CYY137)";"Neckar";"2015";"31.12.2015";"6,7";"°C"
"CYY137";"510.766";"5.427.724";"2.345";"Temperatur";"Besigheim (CYY137)";"Neckar";"2016";"01.01.2016";"6,5";"°C"
"CYY137";"510.766";"5.427.724";"2.345";"Temperatur";"Besigheim (CYY137)";"Neckar";"2016";"02.01.2016";"6,5";"°C"
"CYY137";"510.766";"5.427.724";"2.345";"Temperatur";"Besigheim (CYY137)";"Neckar";"2016";"03.01.2016";"6,5";"°C"
"CYY137";"510.766";"5.427.724";"2.345";"Temperatur";"Besigheim (CYY137)";"Neckar";"2016";"04.01.2016";"6,6";"°C"
"CYY137";"510.766";"5.427.724";"2.345";"Temperatur";"Besigheim (CYY137)";"Neckar";"2016";"05.01.2016";"6,4";"°C"
"CYY137";"510.766";"5.427.724";"2.345";"Temperatur";"Besigheim (CYY137)";"Neckar";"2016";"06.01.2016";"6,1";"°C"
"CYY137";"510.766";"5.427.724";"2.345";"Temperatur";"Besigheim (CYY137)";"Neckar";"2016";"07.01.2016";"6,3";"°C"
"CYY137";"510.766";"5.427.724";"2.345";"Temperatur";"Besigheim (CYY137)";"Neckar";"2016";"08.01.2016";"6,2";"°C"
"CYY137";"510.766";"5.427.724";"2.345";"Temperatur";"Besigheim (CYY137)";"Neckar";"2016";"09.01.2016";"6,3";"°C"
"CYY137";"510.766";"5.427.724";"2.345";"Temperatur";"Besigheim (CYY137)";"Neckar";"2016";"10.01.2016";"6,2";"°C"
"CYY137";"510.766";"5.427.724";"2.345";"Temperatur";"Besigheim (CYY137)";"Neckar";"2016";"11.01.2016";"6,2";"°C"
"CYY137";"510.766";"5.427.724";"2.345";"Temperatur";"Besigheim (CYY137)";"Neckar";"2016";"12.01.2016";"6,6";"°C"
"CYY137";"510.766";"5.427.724";"2.345";"Temperatur";"Besigheim (CYY137)";"Neckar";"2016";"13.01.2016";"6,6";"°C"
"CYY137";"510.766";"5.427.724";"2.345";"Temperatur";"Besigheim (CYY137)";"Neckar";"2016";"14.01.2016";"6,2";"°C"
"CYY137";"510.766";"5.427.724";"2.345";"Temperatur";"Besigheim (CYY137)";"Neckar";"2016";"15.01.2016";"5,8";"°C"
"CYY137";"510.766";"5.427.724";"2.345";"Temperatur";"Besigheim (CYY137)";"Neckar";"2016";"16.01.2016";"5,4";"°C"
"CYY137";"510.766";"5.427.724";"2.345";"Temperatur";"Besigheim (CYY137)";"Neckar";"2016";"17.01.2016";"5,1";"°C"
"CYY137";"510.766";"5.427.724";"2.345";"Temperatur";"Besigheim (CYY137)";"Neckar";"2016";"18.01.2016";"4,5";"°C"
"CYY137";"510.766";"5.427.724";"2.345";"Temperatur";"Besigheim (CYY137)";"Neckar";"2016";"19.01.2016";"4";"°C"
"CYY137";"510.766";"5.427.724";"2.345";"Temperatur";"Besigheim (CYY137)";"Neckar";"2016";"20.01.2016";"3,6";"°C"
"CYY137";"510.766";"5.427.724";"2.345";"Temperatur";"Besigheim (CYY137)";"Neckar";"2016";"21.01.2016";"3,5";"°C"
"CYY137";"510.766";"5.427.724";"2.345";"Temperatur";"Besigheim (CYY137)";"Neckar";"2016";"22.01.2016";"3,3";"°C"
"CYY137";"510.766";"5.427.724";"2.345";"Temperatur";"Besigheim (CYY137)";"Neckar";"2016";"23.01.2016";"3,2";"°C"
"CYY137";"510.766";"5.427.724";"2.345";"Temperatur";"Besigheim (CYY137)";"Neckar";"2016";"24.01.2016";"3,4";"°C"
"CYY137";"510.766";"5.427.724";"2.345";"Temperatur";"Besigheim (CYY137)";"Neckar";"2016";"25.01.2016";"3,8";"°C"
"CYY137";"510.766";"5.427.724";"2.345";"Temperatur";"Besigheim (CYY137)";"Neckar";"2016";"26.01.2016";"4,1";"°C"
"CYY137";"510.766";"5.427.724";"2.345";"Temperatur";"Besigheim (CYY137)";"Neckar";"2016";"27.01.2016";"4,3";"°C"
"CYY137";"510.766";"5.427.724";"2.345";"Temperatur";"Besigheim (CYY137)";"Neckar";"2016";"28.01.2016";"5,2";"°C"
"CYY137";"510.766";"5.427.724";"2.345";"Temperatur";"Besigheim (CYY137)";"Neckar";"2016";"29.01.2016";"5,9";"°C"
"CYY137";"510.766";"5.427.724";"2.345";"Temperatur";"Besigheim (CYY137)";"Neckar";"2016";"30.01.2016";"6,3";"°C"
"CYY137";"510.766";"5.427.724";"2.345";"Temperatur";"Besigheim (CYY137)";"Neckar";"2016";"31.01.2016";"6,8";"°C"
"CYY137";"510.766";"5.427.724";"2.345";"Temperatur";"Besigheim (CYY137)";"Neckar";"2016";"01.02.2016";"7,2";"°C"
"CYY137";"510.766";"5.427.724";"2.345";"Temperatur";"Besigheim (CYY137)";"Neckar";"2016";"02.02.2016";"7,7";"°C"
"CYY137";"510.766";"5.427.724";"2.345";"Temperatur";"Besigheim (CYY137)";"Neckar";"2016";"03.02.2016";"8";"°C"
"CYY137";"510.766";"5.427.724";"2.345";"Temperatur";"Besigheim (CYY137)";"Neckar";"2016";"04.02.2016";"7,7";"°C"
"CYY137";"510.766";"5.427.724";"2.345";"Temperatur";"Besigheim (CYY137)";"Neckar";"2016";"05.02.2016";"7,6";"°C"
"CYY137";"510.766";"5.427.724";"2.345";"Temperatur";"Besigheim (CYY137)";"Neckar";"2016";"06.02.2016";"7,2";"°C"
"CYY137";"510.766";"5.427.724";"2.345";"Temperatur";"Besigheim (CYY137)";"Neckar";"2016";"07.02.2016";"7";"°C"
"CYY137";"510.766";"5.427.724";"2.345";"Temperatur";"Besigheim (CYY137)";"Neckar";"2016";"08.02.2016";"6,9";"°C"
"CYY137";"510.766";"5.427.724";"2.345";"Temperatur";"Besigheim (CYY137)";"Neckar";"2016";"09.02.2016";"7,1";"°C"
"CYY137";"510.766";"5.427.724";"2.345";"Temperatur";"Besigheim (CYY137)";"Neckar";"2016";"10.02.2016";"7,4";"°C"
"CYY137";"510.766";"5.427.724";"2.345";"Temperatur";"Besigheim (CYY137)";"Neckar";"2016";"11.02.2016";"7,2";"°C"
"CYY137";"510.766";"5.427.724";"2.345";"Temperatur";"Besigheim (CYY137)";"Neckar";"2016";"12.02.2016";"6,8";"°C"
"CYY137";"510.766";"5.427.724";"2.345";"Temperatur";"Besigheim (CYY137)";"Neckar";"2016";"13.02.2016";"6,6";"°C"
"CYY137";"510.766";"5.427.724";"2.345";"Temperatur";"Besigheim (CYY137)";"Neckar";"2016";"14.02.2016";"6,8";"°C"
"CYY137";"510.766";"5.427.724";"2.345";"Temperatur";"Besigheim (CYY137)";"Neckar";"2016";"15.02.2016";"7,1";"°C"
"CYY137";"510.766";"5.427.724";"2.345";"Temperatur";"Besigheim (CYY137)";"Neckar";"2016";"16.02.2016";"6,9";"°C"
"CYY137";"510.766";"5.427.724";"2.345";"Temperatur";"Besigheim (CYY137)";"Neckar";"2016";"17.02.2016";"6,4";"°C"
"CYY137";"510.766";"5.427.724";"2.345";"Temperatur";"Besigheim (CYY137)";"Neckar";"2016";"18.02.2016";"6,4";"°C"
"CYY137";"510.766";"5.427.724";"2.345";"Temperatur";"Besigheim (CYY137)";"Neckar";"2016";"19.02.2016";"6,3";"°C"
"CYY137";"510.766";"5.427.724";"2.345";"Temperatur";"Besigheim (CYY137)";"Neckar";"2016";"20.02.2016";"6";"°C"
"CYY137";"510.766";"5.427.724";"2.345";"Temperatur";"Besigheim (CYY137)";"Neckar";"2016";"21.02.2016";"6,5";"°C"
"CYY137";"510.766";"5.427.724";"2.345";"Temperatur";"Besigheim (CYY137)";"Neckar";"2016";"22.02.2016";"7";"°C"
"CYY137";"510.766";"5.427.724";"2.345";"Temperatur";"Besigheim (CYY137)";"Neckar";"2016";"23.02.2016";"7,5";"°C"
"CYY137";"510.766";"5.427.724";"2.345";"Temperatur";"Besigheim (CYY137)";"Neckar";"2016";"24.02.2016";"7,8";"°C"
"CYY137";"510.766";"5.427.724";"2.345";"Temperatur";"Besigheim (CYY137)";"Neckar";"2016";"25.02.2016";"7,7";"°C"
"CYY137";"510.766";"5.427.724";"2.345";"Temperatur";"Besigheim (CYY137)";"Neckar";"2016";"26.02.2016";"7,1";"°C"
"CYY137";"510.766";"5.427.724";"2.345";"Temperatur";"Besigheim (CYY137)";"Neckar";"2016";"27.02.2016";"6,6";"°C"
"CYY137";"510.766";"5.427.724";"2.345";"Temperatur";"Besigheim (CYY137)";"Neckar";"2016";"28.02.2016";"6,1";"°C"
"CYY137";"510.766";"5.427.724";"2.345";"Temperatur";"Besigheim (CYY137)";"Neckar";"2016";"29.02.2016";"5,9";"°C"
"CYY137";"510.766";"5.427.724";"2.345";"Temperatur";"Besigheim (CYY137)";"Neckar";"2016";"01.03.2016";"5,7";"°C"
"CYY137";"510.766";"5.427.724";"2.345";"Temperatur";"Besigheim (CYY137)";"Neckar";"2016";"02.03.2016";"6";"°C"
"CYY137";"510.766";"5.427.724";"2.345";"Temperatur";"Besigheim (CYY137)";"Neckar";"2016";"03.03.2016";"6,2";"°C"
"CYY137";"510.766";"5.427.724";"2.345";"Temperatur";"Besigheim (CYY137)";"Neckar";"2016";"04.03.2016";"6,3";"°C"
"CYY137";"510.766";"5.427.724";"2.345";"Temperatur";"Besigheim (CYY137)";"Neckar";"2016";"05.03.2016";"6,4";"°C"
"CYY137";"510.766";"5.427.724";"2.345";"Temperatur";"Besigheim (CYY137)";"Neckar";"2016";"06.03.2016";"6,3";"°C"
"CYY137";"510.766";"5.427.724";"2.345";"Temperatur";"Besigheim (CYY137)";"Neckar";"2016";"07.03.2016";"6,5";"°C"
"CYY137";"510.766";"5.427.724";"2.345";"Temperatur";"Besigheim (CYY137)";"Neckar";"2016";"08.03.2016";"6,4";"°C"
"CYY137";"510.766";"5.427.724";"2.345";"Temperatur";"Besigheim (CYY137)";"Neckar";"2016";"09.03.2016";"6,3";"°C"
"CYY137";"510.766";"5.427.724";"2.345";"Temperatur";"Besigheim (CYY137)";"Neckar";"2016";"10.03.2016";"6,3";"°C"
"CYY137";"510.766";"5.427.724";"2.345";"Temperatur";"Besigheim (CYY137)";"Neckar";"2016";"11.03.2016";"6,3";"°C"
"CYY137";"510.766";"5.427.724";"2.345";"Temperatur";"Besigheim (CYY137)";"Neckar";"2016";"12.03.2016";"6,4";"°C"
"CYY137";"510.766";"5.427.724";"2.345";"Temperatur";"Besigheim (CYY137)";"Neckar";"2016";"13.03.2016";"6,7";"°C"
"CYY137";"510.766";"5.427.724";"2.345";"Temperatur";"Besigheim (CYY137)";"Neckar";"2016";"14.03.2016";"6,9";"°C"
"CYY137";"510.766";"5.427.724";"2.345";"Temperatur";"Besigheim (CYY137)";"Neckar";"2016";"15.03.2016";"7,1";"°C"
"CYY137";"510.766";"5.427.724";"2.345";"Temperatur";"Besigheim (CYY137)";"Neckar";"2016";"16.03.2016";"7,1";"°C"
"CYY137";"510.766";"5.427.724";"2.345";"Temperatur";"Besigheim (CYY137)";"Neckar";"2016";"17.03.2016";"7,3";"°C"
"CYY137";"510.766";"5.427.724";"2.345";"Temperatur";"Besigheim (CYY137)";"Neckar";"2016";"18.03.2016";"7,6";"°C"
"CYY137";"510.766";"5.427.724";"2.345";"Temperatur";"Besigheim (CYY137)";"Neckar";"2016";"19.03.2016";"7,5";"°C"
"CYY137";"510.766";"5.427.724";"2.345";"Temperatur";"Besigheim (CYY137)";"Neckar";"2016";"20.03.2016";"7,5";"°C"
"CYY137";"510.766";"5.427.724";"2.345";"Temperatur";"Besigheim (CYY137)";"Neckar";"2016";"21.03.2016";"7,9";"°C"
"CYY137";"510.766";"5.427.724";"2.345";"Temperatur";"Besigheim (CYY137)";"Neckar";"2016";"22.03.2016";"8,3";"°C"
"CYY137";"510.766";"5.427.724";"2.345";"Temperatur";"Besigheim (CYY137)";"Neckar";"2016";"23.03.2016";"8,6";"°C"
"CYY137";"510.766";"5.427.724";"2.345";"Temperatur";"Besigheim (CYY137)";"Neckar";"2016";"24.03.2016";"8,6";"°C"
"CYY137";"510.766";"5.427.724";"2.345";"Temperatur";"Besigheim (CYY137)";"Neckar";"2016";"25.03.2016";"8,7";"°C"
"CYY137";"510.766";"5.427.724";"2.345";"Temperatur";"Besigheim (CYY137)";"Neckar";"2016";"26.03.2016";"9,2";"°C"
"CYY137";"510.766";"5.427.724";"2.345";"Temperatur";"Besigheim (CYY137)";"Neckar";"2016";"27.03.2016";"9,5";"°C"
"CYY137";"510.766";"5.427.724";"2.345";"Temperatur";"Besigheim (CYY137)";"Neckar";"2016";"28.03.2016";"9,3";"°C"
"CYY137";"510.766";"5.427.724";"2.345";"Temperatur";"Besigheim (CYY137)";"Neckar";"2016";"29.03.2016";"9,3";"°C"
"CYY137";"510.766";"5.427.724";"2.345";"Temperatur";"Besigheim (CYY137)";"Neckar";"2016";"30.03.2016";"9,6";"°C"
"CYY137";"510.766";"5.427.724";"2.345";"Temperatur";"Besigheim (CYY137)";"Neckar";"2016";"31.03.2016";"10";"°C"
"CYY137";"510.766";"5.427.724";"2.345";"Temperatur";"Besigheim (CYY137)";"Neckar";"2016";"01.04.2016";"10,4";"°C"
"CYY137";"510.766";"5.427.724";"2.345";"Temperatur";"Besigheim (CYY137)";"Neckar";"2016";"02.04.2016";"10,6";"°C"
"CYY137";"510.766";"5.427.724";"2.345";"Temperatur";"Besigheim (CYY137)";"Neckar";"2016";"03.04.2016";"11";"°C"
"CYY137";"510.766";"5.427.724";"2.345";"Temperatur";"Besigheim (CYY137)";"Neckar";"2016";"04.04.2016";"11,5";"°C"
"CYY137";"510.766";"5.427.724";"2.345";"Temperatur";"Besigheim (CYY137)";"Neckar";"2016";"05.04.2016";"12,2";"°C"
"CYY137";"510.766";"5.427.724";"2.345";"Temperatur";"Besigheim (CYY137)";"Neckar";"2016";"06.04.2016";"12,7";"°C"
"CYY137";"510.766";"5.427.724";"2.345";"Temperatur";"Besigheim (CYY137)";"Neckar";"2016";"07.04.2016";"12,8";"°C"
"CYY137";"510.766";"5.427.724";"2.345";"Temperatur";"Besigheim (CYY137)";"Neckar";"2016";"08.04.2016";"12,7";"°C"
"CYY137";"510.766";"5.427.724";"2.345";"Temperatur";"Besigheim (CYY137)";"Neckar";"2016";"09.04.2016";"12,5";"°C"
"CYY137";"510.766";"5.427.724";"2.345";"Temperatur";"Besigheim (CYY137)";"Neckar";"2016";"10.04.2016";"12,6";"°C"
"CYY137";"510.766";"5.427.724";"2.345";"Temperatur";"Besigheim (CYY137)";"Neckar";"2016";"11.04.2016";"12,9";"°C"
"CYY137";"510.766";"5.427.724";"2.345";"Temperatur";"Besigheim (CYY137)";"Neckar";"2016";"12.04.2016";"13,2";"°C"
"CYY137";"510.766";"5.427.724";"2.345";"Temperatur";"Besigheim (CYY137)";"Neckar";"2016";"13.04.2016";"13,2";"°C"
"CYY137";"510.766";"5.427.724";"2.345";"Temperatur";"Besigheim (CYY137)";"Neckar";"2016";"14.04.2016";"13";"°C"
"CYY137";"510.766";"5.427.724";"2.345";"Temperatur";"Besigheim (CYY137)";"Neckar";"2016";"15.04.2016";"13";"°C"
"CYY137";"510.766";"5.427.724";"2.345";"Temperatur";"Besigheim (CYY137)";"Neckar";"2016";"16.04.2016";"13,1";"°C"
"CYY137";"510.766";"5.427.724";"2.345";"Temperatur";"Besigheim (CYY137)";"Neckar";"2016";"17.04.2016";"12,5";"°C"
"CYY137";"510.766";"5.427.724";"2.345";"Temperatur";"Besigheim (CYY137)";"Neckar";"2016";"18.04.2016";"11";"°C"
"CYY137";"510.766";"5.427.724";"2.345";"Temperatur";"Besigheim (CYY137)";"Neckar";"2016";"19.04.2016";"10,4";"°C"
"CYY137";"510.766";"5.427.724";"2.345";"Temperatur";"Besigheim (CYY137)";"Neckar";"2016";"20.04.2016";"10,6";"°C"
"CYY137";"510.766";"5.427.724";"2.345";"Temperatur";"Besigheim (CYY137)";"Neckar";"2016";"21.04.2016";"11";"°C"
"CYY137";"510.766";"5.427.724";"2.345";"Temperatur";"Besigheim (CYY137)";"Neckar";"2016";"22.04.2016";"11,8";"°C"
"CYY137";"510.766";"5.427.724";"2.345";"Temperatur";"Besigheim (CYY137)";"Neckar";"2016";"23.04.2016";"12,2";"°C"
"CYY137";"510.766";"5.427.724";"2.345";"Temperatur";"Besigheim (CYY137)";"Neckar";"2016";"24.04.2016";"11,8";"°C"
"CYY137";"510.766";"5.427.724";"2.345";"Temperatur";"Besigheim (CYY137)";"Neckar";"2016";"25.04.2016";"11,5";"°C"
"CYY137";"510.766";"5.427.724";"2.345";"Temperatur";"Besigheim (CYY137)";"Neckar";"2016";"26.04.2016";"11";"°C"
"CYY137";"510.766";"5.427.724";"2.345";"Temperatur";"Besigheim (CYY137)";"Neckar";"2016";"27.04.2016";"10,3";"°C"
"CYY137";"510.766";"5.427.724";"2.345";"Temperatur";"Besigheim (CYY137)";"Neckar";"2016";"28.04.2016";"9,8";"°C"
"CYY137";"510.766";"5.427.724";"2.345";"Temperatur";"Besigheim (CYY137)";"Neckar";"2016";"29.04.2016";"9,8";"°C"
"CYY137";"510.766";"5.427.724";"2.345";"Temperatur";"Besigheim (CYY137)";"Neckar";"2016";"30.04.2016";"10,2";"°C"
"CYY137";"510.766";"5.427.724";"2.345";"Temperatur";"Besigheim (CYY137)";"Neckar";"2016";"01.05.2016";"10,6";"°C"
"CYY137";"510.766";"5.427.724";"2.345";"Temperatur";"Besigheim (CYY137)";"Neckar";"2016";"02.05.2016";"11,2";"°C"
"CYY137";"510.766";"5.427.724";"2.345";"Temperatur";"Besigheim (CYY137)";"Neckar";"2016";"03.05.2016";"12";"°C"
"CYY137";"510.766";"5.427.724";"2.345";"Temperatur";"Besigheim (CYY137)";"Neckar";"2016";"04.05.2016";"12,5";"°C"
"CYY137";"510.766";"5.427.724";"2.345";"Temperatur";"Besigheim (CYY137)";"Neckar";"2016";"05.05.2016";"12,9";"°C"
"CYY137";"510.766";"5.427.724";"2.345";"Temperatur";"Besigheim (CYY137)";"Neckar";"2016";"06.05.2016";"13,6";"°C"
"CYY137";"510.766";"5.427.724";"2.345";"Temperatur";"Besigheim (CYY137)";"Neckar";"2016";"07.05.2016";"14,5";"°C"
"CYY137";"510.766";"5.427.724";"2.345";"Temperatur";"Besigheim (CYY137)";"Neckar";"2016";"08.05.2016";"15,3";"°C"
"CYY137";"510.766";"5.427.724";"2.345";"Temperatur";"Besigheim (CYY137)";"Neckar";"2016";"09.05.2016";"15,9";"°C"
"CYY137";"510.766";"5.427.724";"2.345";"Temperatur";"Besigheim (CYY137)";"Neckar";"2016";"10.05.2016";"16,2";"°C"
"CYY137";"510.766";"5.427.724";"2.345";"Temperatur";"Besigheim (CYY137)";"Neckar";"2016";"11.05.2016";"16,7";"°C"
"CYY137";"510.766";"5.427.724";"2.345";"Temperatur";"Besigheim (CYY137)";"Neckar";"2016";"12.05.2016";"16,9";"°C"
"CYY137";"510.766";"5.427.724";"2.345";"Temperatur";"Besigheim (CYY137)";"Neckar";"2016";"13.05.2016";"16,8";"°C"
"CYY137";"510.766";"5.427.724";"2.345";"Temperatur";"Besigheim (CYY137)";"Neckar";"2016";"14.05.2016";"16,4";"°C"
"CYY137";"510.766";"5.427.724";"2.345";"Temperatur";"Besigheim (CYY137)";"Neckar";"2016";"15.05.2016";"15,3";"°C"
"CYY137";"510.766";"5.427.724";"2.345";"Temperatur";"Besigheim (CYY137)";"Neckar";"2016";"16.05.2016";"14,4";"°C"
"CYY137";"510.766";"5.427.724";"2.345";"Temperatur";"Besigheim (CYY137)";"Neckar";"2016";"17.05.2016";"13,6";"°C"
"CYY137";"510.766";"5.427.724";"2.345";"Temperatur";"Besigheim (CYY137)";"Neckar";"2016";"18.05.2016";"13,7";"°C"
"CYY137";"510.766";"5.427.724";"2.345";"Temperatur";"Besigheim (CYY137)";"Neckar";"2016";"19.05.2016";"13,9";"°C"
"CYY137";"510.766";"5.427.724";"2.345";"Temperatur";"Besigheim (CYY137)";"Neckar";"2016";"20.05.2016";"14";"°C"
"CYY137";"510.766";"5.427.724";"2.345";"Temperatur";"Besigheim (CYY137)";"Neckar";"2016";"21.05.2016";"14,5";"°C"
"CYY137";"510.766";"5.427.724";"2.345";"Temperatur";"Besigheim (CYY137)";"Neckar";"2016";"22.05.2016";"15,2";"°C"
"CYY137";"510.766";"5.427.724";"2.345";"Temperatur";"Besigheim (CYY137)";"Neckar";"2016";"23.05.2016";"15,6";"°C"
"CYY137";"510.766";"5.427.724";"2.345";"Temperatur";"Besigheim (CYY137)";"Neckar";"2016";"24.05.2016";"15,6";"°C"
"CYY137";"510.766";"5.427.724";"2.345";"Temperatur";"Besigheim (CYY137)";"Neckar";"2016";"25.05.2016";"15,6";"°C"
"CYY137";"510.766";"5.427.724";"2.345";"Temperatur";"Besigheim (CYY137)";"Neckar";"2016";"26.05.2016";"16,3";"°C"
"CYY137";"510.766";"5.427.724";"2.345";"Temperatur";"Besigheim (CYY137)";"Neckar";"2016";"27.05.2016";"17";"°C"
"CYY137";"510.766";"5.427.724";"2.345";"Temperatur";"Besigheim (CYY137)";"Neckar";"2016";"28.05.2016";"17,4";"°C"
"CYY137";"510.766";"5.427.724";"2.345";"Temperatur";"Besigheim (CYY137)";"Neckar";"2016";"29.05.2016";"17,4";"°C"
"CYY137";"510.766";"5.427.724";"2.345";"Temperatur";"Besigheim (CYY137)";"Neckar";"2016";"30.05.2016";"16,5";"°C"
"CYY137";"510.766";"5.427.724";"2.345";"Temperatur";"Besigheim (CYY137)";"Neckar";"2016";"31.05.2016";"15,5";"°C"
"CYY137";"510.766";"5.427.724";"2.345";"Temperatur";"Besigheim (CYY137)";"Neckar";"2016";"01.06.2016";"15,5";"°C"
"CYY137";"510.766";"5.427.724";"2.345";"Temperatur";"Besigheim (CYY137)";"Neckar";"2016";"02.06.2016";"15,5";"°C"
"CYY137";"510.766";"5.427.724";"2.345";"Temperatur";"Besigheim (CYY137)";"Neckar";"2016";"03.06.2016";"15,8";"°C"
"CYY137";"510.766";"5.427.724";"2.345";"Temperatur";"Besigheim (CYY137)";"Neckar";"2016";"04.06.2016";"16,2";"°C"
"CYY137";"510.766";"5.427.724";"2.345";"Temperatur";"Besigheim (CYY137)";"Neckar";"2016";"05.06.2016";"16,3";"°C"
"CYY137";"510.766";"5.427.724";"2.345";"Temperatur";"Besigheim (CYY137)";"Neckar";"2016";"06.06.2016";"16,7";"°C"
"CYY137";"510.766";"5.427.724";"2.345";"Temperatur";"Besigheim (CYY137)";"Neckar";"2016";"07.06.2016";"17,4";"°C"
"CYY137";"510.766";"5.427.724";"2.345";"Temperatur";"Besigheim (CYY137)";"Neckar";"2016";"08.06.2016";"17,8";"°C"
"CYY137";"510.766";"5.427.724";"2.345";"Temperatur";"Besigheim (CYY137)";"Neckar";"2016";"09.06.2016";"16,9";"°C"
"CYY137";"510.766";"5.427.724";"2.345";"Temperatur";"Besigheim (CYY137)";"Neckar";"2016";"10.06.2016";"16,5";"°C"
"CYY137";"510.766";"5.427.724";"2.345";"Temperatur";"Besigheim (CYY137)";"Neckar";"2016";"11.06.2016";"16,6";"°C"
"CYY137";"510.766";"5.427.724";"2.345";"Temperatur";"Besigheim (CYY137)";"Neckar";"2016";"12.06.2016";"16,5";"°C"
"CYY137";"510.766";"5.427.724";"2.345";"Temperatur";"Besigheim (CYY137)";"Neckar";"2016";"13.06.2016";"16,4";"°C"
"CYY137";"510.766";"5.427.724";"2.345";"Temperatur";"Besigheim (CYY137)";"Neckar";"2016";"14.06.2016";"16,1";"°C"
"CYY137";"510.766";"5.427.724";"2.345";"Temperatur";"Besigheim (CYY137)";"Neckar";"2016";"15.06.2016";"15,8";"°C"
"CYY137";"510.766";"5.427.724";"2.345";"Temperatur";"Besigheim (CYY137)";"Neckar";"2016";"16.06.2016";"15,3";"°C"
"CYY137";"510.766";"5.427.724";"2.345";"Temperatur";"Besigheim (CYY137)";"Neckar";"2016";"17.06.2016";"15,1";"°C"
"CYY137";"510.766";"5.427.724";"2.345";"Temperatur";"Besigheim (CYY137)";"Neckar";"2016";"18.06.2016";"15,1";"°C"
"CYY137";"510.766";"5.427.724";"2.345";"Temperatur";"Besigheim (CYY137)";"Neckar";"2016";"19.06.2016";"15,4";"°C"
"CYY137";"510.766";"5.427.724";"2.345";"Temperatur";"Besigheim (CYY137)";"Neckar";"2016";"20.06.2016";"15,9";"°C"
"CYY137";"510.766";"5.427.724";"2.345";"Temperatur";"Besigheim (CYY137)";"Neckar";"2016";"21.06.2016";"16,3";"°C"
"CYY137";"510.766";"5.427.724";"2.345";"Temperatur";"Besigheim (CYY137)";"Neckar";"2016";"22.06.2016";"17,2";"°C"
"CYY137";"510.766";"5.427.724";"2.345";"Temperatur";"Besigheim (CYY137)";"Neckar";"2016";"23.06.2016";"18,2";"°C"
"CYY137";"510.766";"5.427.724";"2.345";"Temperatur";"Besigheim (CYY137)";"Neckar";"2016";"24.06.2016";"19,2";"°C"
"CYY137";"510.766";"5.427.724";"2.345";"Temperatur";"Besigheim (CYY137)";"Neckar";"2016";"25.06.2016";"19,7";"°C"
"CYY137";"510.766";"5.427.724";"2.345";"Temperatur";"Besigheim (CYY137)";"Neckar";"2016";"26.06.2016";"19,3";"°C"
"CYY137";"510.766";"5.427.724";"2.345";"Temperatur";"Besigheim (CYY137)";"Neckar";"2016";"27.06.2016";"18,8";"°C"
"CYY137";"510.766";"5.427.724";"2.345";"Temperatur";"Besigheim (CYY137)";"Neckar";"2016";"28.06.2016";"18,7";"°C"
"CYY137";"510.766";"5.427.724";"2.345";"Temperatur";"Besigheim (CYY137)";"Neckar";"2016";"29.06.2016";"18,8";"°C"
"CYY137";"510.766";"5.427.724";"2.345";"Temperatur";"Besigheim (CYY137)";"Neckar";"2016";"30.06.2016";"19";"°C"
"CYY137";"510.766";"5.427.724";"2.345";"Temperatur";"Besigheim (CYY137)";"Neckar";"2016";"01.07.2016";"19,2";"°C"
"CYY137";"510.766";"5.427.724";"2.345";"Temperatur";"Besigheim (CYY137)";"Neckar";"2016";"02.07.2016";"19,2";"°C"
"CYY137";"510.766";"5.427.724";"2.345";"Temperatur";"Besigheim (CYY137)";"Neckar";"2016";"03.07.2016";"18,9";"°C"
"CYY137";"510.766";"5.427.724";"2.345";"Temperatur";"Besigheim (CYY137)";"Neckar";"2016";"04.07.2016";"19";"°C"
"CYY137";"510.766";"5.427.724";"2.345";"Temperatur";"Besigheim (CYY137)";"Neckar";"2016";"05.07.2016";"19,4";"°C"
"CYY137";"510.766";"5.427.724";"2.345";"Temperatur";"Besigheim (CYY137)";"Neckar";"2016";"06.07.2016";"19,9";"°C"
"CYY137";"510.766";"5.427.724";"2.345";"Temperatur";"Besigheim (CYY137)";"Neckar";"2016";"07.07.2016";"20,2";"°C"
"CYY137";"510.766";"5.427.724";"2.345";"Temperatur";"Besigheim (CYY137)";"Neckar";"2016";"08.07.2016";"20,4";"°C"
"CYY137";"510.766";"5.427.724";"2.345";"Temperatur";"Besigheim (CYY137)";"Neckar";"2016";"09.07.2016";"20,9";"°C"
"CYY137";"510.766";"5.427.724";"2.345";"Temperatur";"Besigheim (CYY137)";"Neckar";"2016";"10.07.2016";"21,6";"°C"
"CYY137";"510.766";"5.427.724";"2.345";"Temperatur";"Besigheim (CYY137)";"Neckar";"2016";"11.07.2016";"22";"°C"
"CYY137";"510.766";"5.427.724";"2.345";"Temperatur";"Besigheim (CYY137)";"Neckar";"2016";"12.07.2016";"22";"°C"
"CYY137";"510.766";"5.427.724";"2.345";"Temperatur";"Besigheim (CYY137)";"Neckar";"2016";"13.07.2016";"21,3";"°C"
"CYY137";"510.766";"5.427.724";"2.345";"Temperatur";"Besigheim (CYY137)";"Neckar";"2016";"14.07.2016";"20,7";"°C"
"CYY137";"510.766";"5.427.724";"2.345";"Temperatur";"Besigheim (CYY137)";"Neckar";"2016";"15.07.2016";"20,2";"°C"
"CYY137";"510.766";"5.427.724";"2.345";"Temperatur";"Besigheim (CYY137)";"Neckar";"2016";"16.07.2016";"20";"°C"
"CYY137";"510.766";"5.427.724";"2.345";"Temperatur";"Besigheim (CYY137)";"Neckar";"2016";"17.07.2016";"20,2";"°C"
"CYY137";"510.766";"5.427.724";"2.345";"Temperatur";"Besigheim (CYY137)";"Neckar";"2016";"18.07.2016";"20,7";"°C"
"CYY137";"510.766";"5.427.724";"2.345";"Temperatur";"Besigheim (CYY137)";"Neckar";"2016";"19.07.2016";"21,2";"°C"
"CYY137";"510.766";"5.427.724";"2.345";"Temperatur";"Besigheim (CYY137)";"Neckar";"2016";"20.07.2016";"22";"°C"
"CYY137";"510.766";"5.427.724";"2.345";"Temperatur";"Besigheim (CYY137)";"Neckar";"2016";"21.07.2016";"22,1";"°C"
"CYY137";"510.766";"5.427.724";"2.345";"Temperatur";"Besigheim (CYY137)";"Neckar";"2016";"22.07.2016";"22,1";"°C"
"CYY137";"510.766";"5.427.724";"2.345";"Temperatur";"Besigheim (CYY137)";"Neckar";"2016";"23.07.2016";"22,1";"°C"
"CYY137";"510.766";"5.427.724";"2.345";"Temperatur";"Besigheim (CYY137)";"Neckar";"2016";"24.07.2016";"22,3";"°C"
"CYY137";"510.766";"5.427.724";"2.345";"Temperatur";"Besigheim (CYY137)";"Neckar";"2016";"25.07.2016";"22,9";"°C"
"CYY137";"510.766";"5.427.724";"2.345";"Temperatur";"Besigheim (CYY137)";"Neckar";"2016";"26.07.2016";"23,2";"°C"
"CYY137";"510.766";"5.427.724";"2.345";"Temperatur";"Besigheim (CYY137)";"Neckar";"2016";"27.07.2016";"23,3";"°C"
"CYY137";"510.766";"5.427.724";"2.345";"Temperatur";"Besigheim (CYY137)";"Neckar";"2016";"28.07.2016";"23,2";"°C"
"CYY137";"510.766";"5.427.724";"2.345";"Temperatur";"Besigheim (CYY137)";"Neckar";"2016";"29.07.2016";"23,1";"°C"
"CYY137";"510.766";"5.427.724";"2.345";"Temperatur";"Besigheim (CYY137)";"Neckar";"2016";"30.07.2016";"23,1";"°C"
"CYY137";"510.766";"5.427.724";"2.345";"Temperatur";"Besigheim (CYY137)";"Neckar";"2016";"31.07.2016";"23";"°C"
"CYY137";"510.766";"5.427.724";"2.345";"Temperatur";"Besigheim (CYY137)";"Neckar";"2016";"01.08.2016";"22,5";"°C"
"CYY137";"510.766";"5.427.724";"2.345";"Temperatur";"Besigheim (CYY137)";"Neckar";"2016";"02.08.2016";"22,1";"°C"
"CYY137";"510.766";"5.427.724";"2.345";"Temperatur";"Besigheim (CYY137)";"Neckar";"2016";"03.08.2016";"21,9";"°C"
"CYY137";"510.766";"5.427.724";"2.345";"Temperatur";"Besigheim (CYY137)";"Neckar";"2016";"04.08.2016";"21,6";"°C"
"CYY137";"510.766";"5.427.724";"2.345";"Temperatur";"Besigheim (CYY137)";"Neckar";"2016";"05.08.2016";"20,9";"°C"
"CYY137";"510.766";"5.427.724";"2.345";"Temperatur";"Besigheim (CYY137)";"Neckar";"2016";"06.08.2016";"20,4";"°C"
"CYY137";"510.766";"5.427.724";"2.345";"Temperatur";"Besigheim (CYY137)";"Neckar";"2016";"07.08.2016";"20,5";"°C"
"CYY137";"510.766";"5.427.724";"2.345";"Temperatur";"Besigheim (CYY137)";"Neckar";"2016";"08.08.2016";"20,8";"°C"
"CYY137";"510.766";"5.427.724";"2.345";"Temperatur";"Besigheim (CYY137)";"Neckar";"2016";"09.08.2016";"20,8";"°C"
"CYY137";"510.766";"5.427.724";"2.345";"Temperatur";"Besigheim (CYY137)";"Neckar";"2016";"10.08.2016";"20,5";"°C"
"CYY137";"510.766";"5.427.724";"2.345";"Temperatur";"Besigheim (CYY137)";"Neckar";"2016";"11.08.2016";"20,2";"°C"
"CYY137";"510.766";"5.427.724";"2.345";"Temperatur";"Besigheim (CYY137)";"Neckar";"2016";"12.08.2016";"19,9";"°C"
"CYY137";"510.766";"5.427.724";"2.345";"Temperatur";"Besigheim (CYY137)";"Neckar";"2016";"13.08.2016";"19,9";"°C"
"CYY137";"510.766";"5.427.724";"2.345";"Temperatur";"Besigheim (CYY137)";"Neckar";"2016";"14.08.2016";"20,3";"°C"
"CYY137";"510.766";"5.427.724";"2.345";"Temperatur";"Besigheim (CYY137)";"Neckar";"2016";"15.08.2016";"20,8";"°C"
"CYY137";"510.766";"5.427.724";"2.345";"Temperatur";"Besigheim (CYY137)";"Neckar";"2016";"16.08.2016";"21,2";"°C"
"CYY137";"510.766";"5.427.724";"2.345";"Temperatur";"Besigheim (CYY137)";"Neckar";"2016";"17.08.2016";"21,4";"°C"
"CYY137";"510.766";"5.427.724";"2.345";"Temperatur";"Besigheim (CYY137)";"Neckar";"2016";"18.08.2016";"21,4";"°C"
"CYY137";"510.766";"5.427.724";"2.345";"Temperatur";"Besigheim (CYY137)";"Neckar";"2016";"19.08.2016";"21,6";"°C"
"CYY137";"510.766";"5.427.724";"2.345";"Temperatur";"Besigheim (CYY137)";"Neckar";"2016";"20.08.2016";"21,4";"°C"
"CYY137";"510.766";"5.427.724";"2.345";"Temperatur";"Besigheim (CYY137)";"Neckar";"2016";"21.08.2016";"21";"°C"
"CYY137";"510.766";"5.427.724";"2.345";"Temperatur";"Besigheim (CYY137)";"Neckar";"2016";"22.08.2016";"20,8";"°C"
"CYY137";"510.766";"5.427.724";"2.345";"Temperatur";"Besigheim (CYY137)";"Neckar";"2016";"23.08.2016";"21,2";"°C"
"CYY137";"510.766";"5.427.724";"2.345";"Temperatur";"Besigheim (CYY137)";"Neckar";"2016";"24.08.2016";"21,7";"°C"
"CYY137";"510.766";"5.427.724";"2.345";"Temperatur";"Besigheim (CYY137)";"Neckar";"2016";"25.08.2016";"22";"°C"
"CYY137";"510.766";"5.427.724";"2.345";"Temperatur";"Besigheim (CYY137)";"Neckar";"2016";"26.08.2016";"22,4";"°C"
"CYY137";"510.766";"5.427.724";"2.345";"Temperatur";"Besigheim (CYY137)";"Neckar";"2016";"27.08.2016";"22,7";"°C"
"CYY137";"510.766";"5.427.724";"2.345";"Temperatur";"Besigheim (CYY137)";"Neckar";"2016";"28.08.2016";"22,9";"°C"
"CYY137";"510.766";"5.427.724";"2.345";"Temperatur";"Besigheim (CYY137)";"Neckar";"2016";"29.08.2016";"22,9";"°C"
"CYY137";"510.766";"5.427.724";"2.345";"Temperatur";"Besigheim (CYY137)";"Neckar";"2016";"30.08.2016";"22,9";"°C"
"CYY137";"510.766";"5.427.724";"2.345";"Temperatur";"Besigheim (CYY137)";"Neckar";"2016";"31.08.2016";"22,8";"°C"
"CYY137";"510.766";"5.427.724";"2.345";"Temperatur";"Besigheim (CYY137)";"Neckar";"2016";"01.09.2016";"22,9";"°C"
"CYY137";"510.766";"5.427.724";"2.345";"Temperatur";"Besigheim (CYY137)";"Neckar";"2016";"02.09.2016";"22,7";"°C"
"CYY137";"510.766";"5.427.724";"2.345";"Temperatur";"Besigheim (CYY137)";"Neckar";"2016";"03.09.2016";"22,6";"°C"
"CYY137";"510.766";"5.427.724";"2.345";"Temperatur";"Besigheim (CYY137)";"Neckar";"2016";"04.09.2016";"22,2";"°C"
"CYY137";"510.766";"5.427.724";"2.345";"Temperatur";"Besigheim (CYY137)";"Neckar";"2016";"05.09.2016";"21,6";"°C"
"CYY137";"510.766";"5.427.724";"2.345";"Temperatur";"Besigheim (CYY137)";"Neckar";"2016";"06.09.2016";"21,4";"°C"
"CYY137";"510.766";"5.427.724";"2.345";"Temperatur";"Besigheim (CYY137)";"Neckar";"2016";"07.09.2016";"21,3";"°C"
"CYY137";"510.766";"5.427.724";"2.345";"Temperatur";"Besigheim (CYY137)";"Neckar";"2016";"08.09.2016";"21,3";"°C"
"CYY137";"510.766";"5.427.724";"2.345";"Temperatur";"Besigheim (CYY137)";"Neckar";"2016";"09.09.2016";"21,5";"°C"
"CYY137";"510.766";"5.427.724";"2.345";"Temperatur";"Besigheim (CYY137)";"Neckar";"2016";"10.09.2016";"21,5";"°C"
"CYY137";"510.766";"5.427.724";"2.345";"Temperatur";"Besigheim (CYY137)";"Neckar";"2016";"11.09.2016";"21,8";"°C"
"CYY137";"510.766";"5.427.724";"2.345";"Temperatur";"Besigheim (CYY137)";"Neckar";"2016";"12.09.2016";"22";"°C"
"CYY137";"510.766";"5.427.724";"2.345";"Temperatur";"Besigheim (CYY137)";"Neckar";"2016";"13.09.2016";"22";"°C"
"CYY137";"510.766";"5.427.724";"2.345";"Temperatur";"Besigheim (CYY137)";"Neckar";"2016";"14.09.2016";"22,1";"°C"
"CYY137";"510.766";"5.427.724";"2.345";"Temperatur";"Besigheim (CYY137)";"Neckar";"2016";"15.09.2016";"21,9";"°C"
"CYY137";"510.766";"5.427.724";"2.345";"Temperatur";"Besigheim (CYY137)";"Neckar";"2016";"16.09.2016";"21,6";"°C"
"CYY137";"510.766";"5.427.724";"2.345";"Temperatur";"Besigheim (CYY137)";"Neckar";"2016";"17.09.2016";"21,3";"°C"
"CYY137";"510.766";"5.427.724";"2.345";"Temperatur";"Besigheim (CYY137)";"Neckar";"2016";"18.09.2016";"20,5";"°C"
"CYY137";"510.766";"5.427.724";"2.345";"Temperatur";"Besigheim (CYY137)";"Neckar";"2016";"19.09.2016";"19,8";"°C"
"CYY137";"510.766";"5.427.724";"2.345";"Temperatur";"Besigheim (CYY137)";"Neckar";"2016";"20.09.2016";"19,4";"°C"
"CYY137";"510.766";"5.427.724";"2.345";"Temperatur";"Besigheim (CYY137)";"Neckar";"2016";"21.09.2016";"19";"°C"
"CYY137";"510.766";"5.427.724";"2.345";"Temperatur";"Besigheim (CYY137)";"Neckar";"2016";"22.09.2016";"18,7";"°C"
"CYY137";"510.766";"5.427.724";"2.345";"Temperatur";"Besigheim (CYY137)";"Neckar";"2016";"23.09.2016";"18,4";"°C"
"CYY137";"510.766";"5.427.724";"2.345";"Temperatur";"Besigheim (CYY137)";"Neckar";"2016";"24.09.2016";"18,3";"°C"
"CYY137";"510.766";"5.427.724";"2.345";"Temperatur";"Besigheim (CYY137)";"Neckar";"2016";"25.09.2016";"18,3";"°C"
"CYY137";"510.766";"5.427.724";"2.345";"Temperatur";"Besigheim (CYY137)";"Neckar";"2016";"26.09.2016";"17,9";"°C"
"CYY137";"510.766";"5.427.724";"2.345";"Temperatur";"Besigheim (CYY137)";"Neckar";"2016";"27.09.2016";"17,6";"°C"
"CYY137";"510.766";"5.427.724";"2.345";"Temperatur";"Besigheim (CYY137)";"Neckar";"2016";"28.09.2016";"17,4";"°C"
"CYY137";"510.766";"5.427.724";"2.345";"Temperatur";"Besigheim (CYY137)";"Neckar";"2016";"29.09.2016";"17,4";"°C"
"CYY137";"510.766";"5.427.724";"2.345";"Temperatur";"Besigheim (CYY137)";"Neckar";"2016";"30.09.2016";"17,3";"°C"
"CYY137";"510.766";"5.427.724";"2.345";"Temperatur";"Besigheim (CYY137)";"Neckar";"2016";"01.10.2016";"17,4";"°C"
"CYY137";"510.766";"5.427.724";"2.345";"Temperatur";"Besigheim (CYY137)";"Neckar";"2016";"02.10.2016";"17,2";"°C"
"CYY137";"510.766";"5.427.724";"2.345";"Temperatur";"Besigheim (CYY137)";"Neckar";"2016";"03.10.2016";"16,8";"°C"
"CYY137";"510.766";"5.427.724";"2.345";"Temperatur";"Besigheim (CYY137)";"Neckar";"2016";"04.10.2016";"16,4";"°C"
"CYY137";"510.766";"5.427.724";"2.345";"Temperatur";"Besigheim (CYY137)";"Neckar";"2016";"05.10.2016";"15,9";"°C"
"CYY137";"510.766";"5.427.724";"2.345";"Temperatur";"Besigheim (CYY137)";"Neckar";"2016";"06.10.2016";"15,3";"°C"
"CYY137";"510.766";"5.427.724";"2.345";"Temperatur";"Besigheim (CYY137)";"Neckar";"2016";"07.10.2016";"15,1";"°C"
"CYY137";"510.766";"5.427.724";"2.345";"Temperatur";"Besigheim (CYY137)";"Neckar";"2016";"08.10.2016";"14,7";"°C"
"CYY137";"510.766";"5.427.724";"2.345";"Temperatur";"Besigheim (CYY137)";"Neckar";"2016";"09.10.2016";"14,4";"°C"
"CYY137";"510.766";"5.427.724";"2.345";"Temperatur";"Besigheim (CYY137)";"Neckar";"2016";"10.10.2016";"14,1";"°C"
"CYY137";"510.766";"5.427.724";"2.345";"Temperatur";"Besigheim (CYY137)";"Neckar";"2016";"11.10.2016";"13,8";"°C"
"CYY137";"510.766";"5.427.724";"2.345";"Temperatur";"Besigheim (CYY137)";"Neckar";"2016";"12.10.2016";"13,7";"°C"
"CYY137";"510.766";"5.427.724";"2.345";"Temperatur";"Besigheim (CYY137)";"Neckar";"2016";"13.10.2016";"13,3";"°C"
"CYY137";"510.766";"5.427.724";"2.345";"Temperatur";"Besigheim (CYY137)";"Neckar";"2016";"14.10.2016";"13";"°C"
"CYY137";"510.766";"5.427.724";"2.345";"Temperatur";"Besigheim (CYY137)";"Neckar";"2016";"15.10.2016";"12,9";"°C"
"CYY137";"510.766";"5.427.724";"2.345";"Temperatur";"Besigheim (CYY137)";"Neckar";"2016";"16.10.2016";"12,8";"°C"
"CYY137";"510.766";"5.427.724";"2.345";"Temperatur";"Besigheim (CYY137)";"Neckar";"2016";"17.10.2016";"12,7";"°C"
"CYY137";"510.766";"5.427.724";"2.345";"Temperatur";"Besigheim (CYY137)";"Neckar";"2016";"18.10.2016";"12,8";"°C"
"CYY137";"510.766";"5.427.724";"2.345";"Temperatur";"Besigheim (CYY137)";"Neckar";"2016";"19.10.2016";"12,8";"°C"
"CYY137";"510.766";"5.427.724";"2.345";"Temperatur";"Besigheim (CYY137)";"Neckar";"2016";"20.10.2016";"12,7";"°C"
"CYY137";"510.766";"5.427.724";"2.345";"Temperatur";"Besigheim (CYY137)";"Neckar";"2016";"21.10.2016";"12,6";"°C"
"CYY137";"510.766";"5.427.724";"2.345";"Temperatur";"Besigheim (CYY137)";"Neckar";"2016";"22.10.2016";"12,1";"°C"
"CYY137";"510.766";"5.427.724";"2.345";"Temperatur";"Besigheim (CYY137)";"Neckar";"2016";"23.10.2016";"11,7";"°C"
"CYY137";"510.766";"5.427.724";"2.345";"Temperatur";"Besigheim (CYY137)";"Neckar";"2016";"24.10.2016";"11,6";"°C"
"CYY137";"510.766";"5.427.724";"2.345";"Temperatur";"Besigheim (CYY137)";"Neckar";"2016";"25.10.2016";"12,1";"°C"
"CYY137";"510.766";"5.427.724";"2.345";"Temperatur";"Besigheim (CYY137)";"Neckar";"2016";"26.10.2016";"12,8";"°C"
"CYY137";"510.766";"5.427.724";"2.345";"Temperatur";"Besigheim (CYY137)";"Neckar";"2016";"27.10.2016";"12,5";"°C"
"CYY137";"510.766";"5.427.724";"2.345";"Temperatur";"Besigheim (CYY137)";"Neckar";"2016";"28.10.2016";"12,1";"°C"
"CYY137";"510.766";"5.427.724";"2.345";"Temperatur";"Besigheim (CYY137)";"Neckar";"2016";"29.10.2016";"11,9";"°C"
"CYY137";"510.766";"5.427.724";"2.345";"Temperatur";"Besigheim (CYY137)";"Neckar";"2016";"30.10.2016";"11,7";"°C"
"CYY137";"510.766";"5.427.724";"2.345";"Temperatur";"Besigheim (CYY137)";"Neckar";"2016";"31.10.2016";"11,7";"°C"
"CYY137";"510.766";"5.427.724";"2.345";"Temperatur";"Besigheim (CYY137)";"Neckar";"2016";"01.11.2016";"11,6";"°C"
"CYY137";"510.766";"5.427.724";"2.345";"Temperatur";"Besigheim (CYY137)";"Neckar";"2016";"02.11.2016";"11,5";"°C"
"CYY137";"510.766";"5.427.724";"2.345";"Temperatur";"Besigheim (CYY137)";"Neckar";"2016";"03.11.2016";"11,3";"°C"
"CYY137";"510.766";"5.427.724";"2.345";"Temperatur";"Besigheim (CYY137)";"Neckar";"2016";"04.11.2016";"11";"°C"
"CYY137";"510.766";"5.427.724";"2.345";"Temperatur";"Besigheim (CYY137)";"Neckar";"2016";"05.11.2016";"10,8";"°C"
"CYY137";"510.766";"5.427.724";"2.345";"Temperatur";"Besigheim (CYY137)";"Neckar";"2016";"06.11.2016";"10,5";"°C"
"CYY137";"510.766";"5.427.724";"2.345";"Temperatur";"Besigheim (CYY137)";"Neckar";"2016";"07.11.2016";"10,2";"°C"
"CYY137";"510.766";"5.427.724";"2.345";"Temperatur";"Besigheim (CYY137)";"Neckar";"2016";"08.11.2016";"9,7";"°C"
"CYY137";"510.766";"5.427.724";"2.345";"Temperatur";"Besigheim (CYY137)";"Neckar";"2016";"09.11.2016";"9,3";"°C"
"CYY137";"510.766";"5.427.724";"2.345";"Temperatur";"Besigheim (CYY137)";"Neckar";"2016";"10.11.2016";"9";"°C"
"CYY137";"510.766";"5.427.724";"2.345";"Temperatur";"Besigheim (CYY137)";"Neckar";"2016";"11.11.2016";"8,7";"°C"
"CYY137";"510.766";"5.427.724";"2.345";"Temperatur";"Besigheim (CYY137)";"Neckar";"2016";"12.11.2016";"8,5";"°C"
"CYY137";"510.766";"5.427.724";"2.345";"Temperatur";"Besigheim (CYY137)";"Neckar";"2016";"13.11.2016";"7,8";"°C"
"CYY137";"510.766";"5.427.724";"2.345";"Temperatur";"Besigheim (CYY137)";"Neckar";"2016";"14.11.2016";"7";"°C"
"CYY137";"510.766";"5.427.724";"2.345";"Temperatur";"Besigheim (CYY137)";"Neckar";"2016";"15.11.2016";"6,9";"°C"
"CYY137";"510.766";"5.427.724";"2.345";"Temperatur";"Besigheim (CYY137)";"Neckar";"2016";"16.11.2016";"7,1";"°C"
"CYY137";"510.766";"5.427.724";"2.345";"Temperatur";"Besigheim (CYY137)";"Neckar";"2016";"17.11.2016";"7,6";"°C"
"CYY137";"510.766";"5.427.724";"2.345";"Temperatur";"Besigheim (CYY137)";"Neckar";"2016";"18.11.2016";"8,2";"°C"
"CYY137";"510.766";"5.427.724";"2.345";"Temperatur";"Besigheim (CYY137)";"Neckar";"2016";"19.11.2016";"8";"°C"
"CYY137";"510.766";"5.427.724";"2.345";"Temperatur";"Besigheim (CYY137)";"Neckar";"2016";"20.11.2016";"8,6";"°C"
"CYY137";"510.766";"5.427.724";"2.345";"Temperatur";"Besigheim (CYY137)";"Neckar";"2016";"21.11.2016";"8,7";"°C"
"CYY137";"510.766";"5.427.724";"2.345";"Temperatur";"Besigheim (CYY137)";"Neckar";"2016";"22.11.2016";"8,7";"°C"
"CYY137";"510.766";"5.427.724";"2.345";"Temperatur";"Besigheim (CYY137)";"Neckar";"2016";"23.11.2016";"8,7";"°C"
"CYY137";"510.766";"5.427.724";"2.345";"Temperatur";"Besigheim (CYY137)";"Neckar";"2016";"24.11.2016";"8,6";"°C"
"CYY137";"510.766";"5.427.724";"2.345";"Temperatur";"Besigheim (CYY137)";"Neckar";"2016";"25.11.2016";"8,6";"°C"
"CYY137";"510.766";"5.427.724";"2.345";"Temperatur";"Besigheim (CYY137)";"Neckar";"2016";"26.11.2016";"8,6";"°C"
"CYY137";"510.766";"5.427.724";"2.345";"Temperatur";"Besigheim (CYY137)";"Neckar";"2016";"27.11.2016";"8,7";"°C"
"CYY137";"510.766";"5.427.724";"2.345";"Temperatur";"Besigheim (CYY137)";"Neckar";"2016";"28.11.2016";"8,4";"°C"
"CYY137";"510.766";"5.427.724";"2.345";"Temperatur";"Besigheim (CYY137)";"Neckar";"2016";"29.11.2016";"7,8";"°C"
"CYY137";"510.766";"5.427.724";"2.345";"Temperatur";"Besigheim (CYY137)";"Neckar";"2016";"30.11.2016";"7,2";"°C"
"CYY137";"510.766";"5.427.724";"2.345";"Temperatur";"Besigheim (CYY137)";"Neckar";"2016";"01.12.2016";"6,8";"°C"
"CYY137";"510.766";"5.427.724";"2.345";"Temperatur";"Besigheim (CYY137)";"Neckar";"2016";"02.12.2016";"6,6";"°C"
"CYY137";"510.766";"5.427.724";"2.345";"Temperatur";"Besigheim (CYY137)";"Neckar";"2016";"03.12.2016";"6,3";"°C"
"CYY137";"510.766";"5.427.724";"2.345";"Temperatur";"Besigheim (CYY137)";"Neckar";"2016";"04.12.2016";"5,9";"°C"
"CYY137";"510.766";"5.427.724";"2.345";"Temperatur";"Besigheim (CYY137)";"Neckar";"2016";"05.12.2016";"5,7";"°C"
"CYY137";"510.766";"5.427.724";"2.345";"Temperatur";"Besigheim (CYY137)";"Neckar";"2016";"06.12.2016";"5,4";"°C"
"CYY137";"510.766";"5.427.724";"2.345";"Temperatur";"Besigheim (CYY137)";"Neckar";"2016";"07.12.2016";"5,3";"°C"
"CYY137";"510.766";"5.427.724";"2.345";"Temperatur";"Besigheim (CYY137)";"Neckar";"2016";"08.12.2016";"5,1";"°C"
"CYY137";"510.766";"5.427.724";"2.345";"Temperatur";"Besigheim (CYY137)";"Neckar";"2016";"09.12.2016";"4,9";"°C"
"CYY137";"510.766";"5.427.724";"2.345";"Temperatur";"Besigheim (CYY137)";"Neckar";"2016";"10.12.2016";"4,8";"°C"
"CYY137";"510.766";"5.427.724";"2.345";"Temperatur";"Besigheim (CYY137)";"Neckar";"2016";"11.12.2016";"4,7";"°C"
"CYY137";"510.766";"5.427.724";"2.345";"Temperatur";"Besigheim (CYY137)";"Neckar";"2016";"12.12.2016";"4,9";"°C"
"CYY137";"510.766";"5.427.724";"2.345";"Temperatur";"Besigheim (CYY137)";"Neckar";"2016";"13.12.2016";"4,9";"°C"
"CYY137";"510.766";"5.427.724";"2.345";"Temperatur";"Besigheim (CYY137)";"Neckar";"2016";"14.12.2016";"5,2";"°C"
"CYY137";"510.766";"5.427.724";"2.345";"Temperatur";"Besigheim (CYY137)";"Neckar";"2016";"15.12.2016";"5,2";"°C"
"CYY137";"510.766";"5.427.724";"2.345";"Temperatur";"Besigheim (CYY137)";"Neckar";"2016";"16.12.2016";"5,2";"°C"
"CYY137";"510.766";"5.427.724";"2.345";"Temperatur";"Besigheim (CYY137)";"Neckar";"2016";"17.12.2016";"5,1";"°C"
"CYY137";"510.766";"5.427.724";"2.345";"Temperatur";"Besigheim (CYY137)";"Neckar";"2016";"18.12.2016";"5,1";"°C"
"CYY137";"510.766";"5.427.724";"2.345";"Temperatur";"Besigheim (CYY137)";"Neckar";"2016";"19.12.2016";"5,1";"°C"
"CYY137";"510.766";"5.427.724";"2.345";"Temperatur";"Besigheim (CYY137)";"Neckar";"2016";"20.12.2016";"5,2";"°C"
"CYY137";"510.766";"5.427.724";"2.345";"Temperatur";"Besigheim (CYY137)";"Neckar";"2016";"21.12.2016";"5";"°C"
"CYY137";"510.766";"5.427.724";"2.345";"Temperatur";"Besigheim (CYY137)";"Neckar";"2016";"22.12.2016";"4,9";"°C"
"CYY137";"510.766";"5.427.724";"2.345";"Temperatur";"Besigheim (CYY137)";"Neckar";"2016";"23.12.2016";"4,8";"°C"
"CYY137";"510.766";"5.427.724";"2.345";"Temperatur";"Besigheim (CYY137)";"Neckar";"2016";"24.12.2016";"4,9";"°C"
"CYY137";"510.766";"5.427.724";"2.345";"Temperatur";"Besigheim (CYY137)";"Neckar";"2016";"25.12.2016";"5,1";"°C"
"CYY137";"510.766";"5.427.724";"2.345";"Temperatur";"Besigheim (CYY137)";"Neckar";"2016";"26.12.2016";"5,5";"°C"
"CYY137";"510.766";"5.427.724";"2.345";"Temperatur";"Besigheim (CYY137)";"Neckar";"2016";"27.12.2016";"5,6";"°C"
"CYY137";"510.766";"5.427.724";"2.345";"Temperatur";"Besigheim (CYY137)";"Neckar";"2016";"28.12.2016";"5,6";"°C"
"CYY137";"510.766";"5.427.724";"2.345";"Temperatur";"Besigheim (CYY137)";"Neckar";"2016";"29.12.2016";"5,5";"°C"
"CYY137";"510.766";"5.427.724";"2.345";"Temperatur";"Besigheim (CYY137)";"Neckar";"2016";"30.12.2016";"5";"°C"
"CYY137";"510.766";"5.427.724";"2.345";"Temperatur";"Besigheim (CYY137)";"Neckar";"2016";"31.12.2016";"4,5";"°C"
