Quelle:;"Bayerisches Landesamt für Umwelt, www.gkd.bayern.de"
Datenbankabfrage:;"03.08.2026 00:00"
Zeitbezug:;MEZ
Messstellen-Name:;Donauwörth
Messstellen-Nr.:;10039802
Gewässer:;Donau
Ostwert:;632526;Nordwert:;5396883;"ETRS89 / UTM Zone 32N"
Pegelnullpunktshöhe:;"394,78 m NN (DHHN12)"

"Tageswerte Wasserstand [cm]"
Datum;Mittelwert;Maximum;Minimum;Prüfstatus
1979-11-01;113,00;114,00;112,00;Geprueft
1979-11-02;122,00;126,00;114,00;Geprueft
1979-11-03;116,00;119,00;111,00;Geprueft
1979-11-04;114,00;116,00;111,00;Geprueft
1979-11-05;120,00;124,00;116,00;Geprueft
1979-11-06;138,00;172,00;122,00;Geprueft
1979-11-07;294,00;407,00;172,00;Geprueft
1979-11-08;445,00;464,00;407,00;Geprueft
1979-11-09;401,00;441,00;348,00;Geprueft
1979-11-10;347,00;363,00;320,00;Geprueft
1979-11-11;290,00;320,00;262,00;Geprueft
1979-11-12;246,00;265,00;233,00;Geprueft
1979-11-13;225,00;241,00;217,00;Geprueft
1979-11-14;230,00;237,00;224,00;Geprueft
1979-11-15;228,00;240,00;218,00;Geprueft
1979-11-16;253,00;261,00;232,00;Geprueft
1979-11-17;248,00;260,00;236,00;Geprueft
1979-11-18;221,00;236,00;212,00;Geprueft
1979-11-19;205,00;212,00;196,00;Geprueft
1979-11-20;197,00;197,00;196,00;Geprueft
1979-11-21;199,00;201,00;196,00;Geprueft
1979-11-22;199,00;201,00;197,00;Geprueft
1979-11-23;190,00;197,00;185,00;Geprueft
1979-11-24;184,00;185,00;182,00;Geprueft
1979-11-25;176,00;182,00;172,00;Geprueft
1979-11-26;167,00;172,00;163,00;Geprueft
1979-11-27;176,00;217,00;168,00;Geprueft
1979-11-28;301,00;342,00;217,00;Geprueft
1979-11-29;278,00;316,00;255,00;Geprueft
1979-11-30;239,00;255,00;229,00;Geprueft
1979-12-01;219,00;229,00;207,00;Geprueft
1979-12-02;196,00;207,00;186,00;Geprueft
1979-12-03;187,00;190,00;181,00;Geprueft
1979-12-04;178,00;181,00;177,00;Geprueft
1979-12-05;177,00;180,00;175,00;Geprueft
1979-12-06;175,00;176,00;174,00;Geprueft
1979-12-07;168,00;174,00;163,00;Geprueft
1979-12-08;167,00;168,00;163,00;Geprueft
1979-12-09;162,00;167,00;160,00;Geprueft
1979-12-10;163,00;165,00;160,00;Geprueft
1979-12-11;185,00;209,00;160,00;Geprueft
1979-12-12;244,00;267,00;209,00;Geprueft
1979-12-13;250,00;253,00;245,00;Geprueft
1979-12-14;238,00;246,00;226,00;Geprueft
1979-12-15;230,00;238,00;223,00;Geprueft
1979-12-16;249,00;266,00;238,00;Geprueft
1979-12-17;247,00;252,00;243,00;Geprueft
1979-12-18;268,00;292,00;250,00;Geprueft
1979-12-19;282,00;294,00;273,00;Geprueft
1979-12-20;267,00;277,00;259,00;Geprueft
1979-12-21;247,00;266,00;232,00;Geprueft
1979-12-22;225,00;232,00;220,00;Geprueft
1979-12-23;218,00;221,00;214,00;Geprueft
1979-12-24;210,00;216,00;204,00;Geprueft
1979-12-25;200,00;204,00;195,00;Geprueft
1979-12-26;192,00;195,00;189,00;Geprueft
1979-12-27;186,00;189,00;182,00;Geprueft
1979-12-28;179,00;182,00;174,00;Geprueft
1979-12-29;176,00;180,00;174,00;Geprueft
1979-12-30;176,00;178,00;174,00;Geprueft
1979-12-31;173,00;178,00;171,00;Geprueft
1980-01-01;172,00;178,00;168,00;Geprueft
1980-01-02;167,00;168,00;165,00;Geprueft
1980-01-03;163,00;166,00;161,00;Geprueft
1980-01-04;160,00;161,00;160,00;Geprueft
1980-01-05;162,00;169,00;160,00;Geprueft
1980-01-06;185,00;193,00;169,00;Geprueft
1980-01-07;190,00;192,00;188,00;Geprueft
1980-01-08;190,00;192,00;188,00;Geprueft
1980-01-09;183,00;188,00;180,00;Geprueft
1980-01-10;178,00;180,00;175,00;Geprueft
1980-01-11;173,00;178,00;171,00;Geprueft
1980-01-12;164,00;171,00;160,00;Geprueft
1980-01-13;161,00;168,00;155,00;Geprueft
1980-01-14;153,00;155,00;151,00;Geprueft
1980-01-15;152,00;153,00;149,00;Geprueft
1980-01-16;150,00;155,00;147,00;Geprueft
1980-01-17;146,00;149,00;144,00;Geprueft
1980-01-18;143,00;144,00;143,00;Geprueft
1980-01-19;143,00;143,00;142,00;Geprueft
1980-01-20;139,00;143,00;137,00;Geprueft
1980-01-21;137,00;140,00;135,00;Geprueft
1980-01-22;142,00;145,00;139,00;Geprueft
1980-01-23;150,00;158,00;143,00;Geprueft
1980-01-24;171,00;186,00;157,00;Geprueft
1980-01-25;233,00;262,00;186,00;Geprueft
1980-01-26;215,00;232,00;201,00;Geprueft
1980-01-27;190,00;201,00;179,00;Geprueft
1980-01-28;177,00;179,00;173,00;Geprueft
1980-01-29;167,00;173,00;163,00;Geprueft
1980-01-30;166,00;178,00;163,00;Geprueft
1980-01-31;211,00;251,00;178,00;Geprueft
1980-02-01;296,00;314,00;251,00;Geprueft
1980-02-02;307,00;315,00;297,00;Geprueft
1980-02-03;296,00;300,00;287,00;Geprueft
1980-02-04;328,00;373,00;300,00;Geprueft
1980-02-05;448,00;513,00;373,00;Geprueft
1980-02-06;528,00;534,00;513,00;Geprueft
1980-02-07;510,00;523,00;501,00;Geprueft
1980-02-08;499,00;501,00;491,00;Geprueft
1980-02-09;456,00;491,00;414,00;Geprueft
1980-02-10;378,00;414,00;350,00;Geprueft
1980-02-11;334,00;350,00;323,00;Geprueft
1980-02-12;326,00;330,00;323,00;Geprueft
1980-02-13;309,00;324,00;296,00;Geprueft
1980-02-14;287,00;298,00;276,00;Geprueft
1980-02-15;266,00;276,00;256,00;Geprueft
1980-02-16;253,00;263,00;240,00;Geprueft
1980-02-17;247,00;254,00;241,00;Geprueft
1980-02-18;245,00;254,00;243,00;Geprueft
1980-02-19;234,00;246,00;227,00;Geprueft
1980-02-20;220,00;227,00;216,00;Geprueft
1980-02-21;217,00;221,00;213,00;Geprueft
1980-02-22;211,00;213,00;209,00;Geprueft
1980-02-23;205,00;209,00;201,00;Geprueft
1980-02-24;197,00;201,00;190,00;Geprueft
1980-02-25;189,00;191,00;189,00;Geprueft
1980-02-26;191,00;192,00;191,00;Geprueft
1980-02-27;190,00;191,00;187,00;Geprueft
1980-02-28;183,00;188,00;179,00;Geprueft
1980-02-29;185,00;193,00;179,00;Geprueft
1980-03-01;175,00;179,00;172,00;Geprueft
1980-03-02;175,00;177,00;173,00;Geprueft
1980-03-03;173,00;173,00;172,00;Geprueft
1980-03-04;172,00;172,00;171,00;Geprueft
1980-03-05;171,00;173,00;169,00;Geprueft
1980-03-06;168,00;169,00;168,00;Geprueft
1980-03-07;170,00;174,00;168,00;Geprueft
1980-03-08;174,00;180,00;168,00;Geprueft
1980-03-09;170,00;171,00;168,00;Geprueft
1980-03-10;169,00;170,00;166,00;Geprueft
1980-03-11;172,00;176,00;169,00;Geprueft
1980-03-12;175,00;177,00;171,00;Geprueft
1980-03-13;166,00;171,00;164,00;Geprueft
1980-03-14;168,00;173,00;165,00;Geprueft
1980-03-15;168,00;175,00;160,00;Geprueft
1980-03-16;160,00;162,00;158,00;Geprueft
1980-03-17;160,00;161,00;160,00;Geprueft
1980-03-18;158,00;160,00;156,00;Geprueft
1980-03-19;155,00;157,00;153,00;Geprueft
1980-03-20;158,00;160,00;157,00;Geprueft
1980-03-21;160,00;160,00;160,00;Geprueft
1980-03-22;160,00;161,00;160,00;Geprueft
1980-03-23;163,00;164,00;161,00;Geprueft
1980-03-24;158,00;161,00;156,00;Geprueft
1980-03-25;159,00;160,00;158,00;Geprueft
1980-03-26;157,00;163,00;157,00;Geprueft
1980-03-27;166,00;168,00;163,00;Geprueft
1980-03-28;176,00;192,00;167,00;Geprueft
1980-03-29;200,00;207,00;192,00;Geprueft
1980-03-30;206,00;209,00;204,00;Geprueft
1980-03-31;195,00;206,00;190,00;Geprueft
1980-04-01;209,00;277,00;187,00;Geprueft
1980-04-02;319,00;334,00;277,00;Geprueft
1980-04-03;290,00;309,00;271,00;Geprueft
1980-04-04;268,00;277,00;263,00;Geprueft
1980-04-05;257,00;267,00;249,00;Geprueft
1980-04-06;242,00;257,00;233,00;Geprueft
1980-04-07;225,00;234,00;222,00;Geprueft
1980-04-08;220,00;224,00;217,00;Geprueft
1980-04-09;227,00;233,00;223,00;Geprueft
1980-04-10;228,00;234,00;226,00;Geprueft
1980-04-11;222,00;227,00;218,00;Geprueft
1980-04-12;215,00;219,00;207,00;Geprueft
1980-04-13;217,00;225,00;212,00;Geprueft
1980-04-14;209,00;213,00;204,00;Geprueft
1980-04-15;213,00;215,00;210,00;Geprueft
1980-04-16;212,00;214,00;212,00;Geprueft
1980-04-17;214,00;215,00;214,00;Geprueft
1980-04-18;214,00;214,00;214,00;Geprueft
1980-04-19;218,00;232,00;211,00;Geprueft
1980-04-20;235,00;256,00;229,00;Geprueft
1980-04-21;225,00;240,00;217,00;Geprueft
1980-04-22;216,00;222,00;209,00;Geprueft
1980-04-23;210,00;214,00;208,00;Geprueft
1980-04-24;251,00;290,00;214,00;Geprueft
1980-04-25;333,00;361,00;290,00;Geprueft
1980-04-26;355,00;383,00;348,00;Geprueft
1980-04-27;411,00;423,00;383,00;Geprueft
1980-04-28;371,00;404,00;336,00;Geprueft
1980-04-29;320,00;339,00;299,00;Geprueft
1980-04-30;285,00;299,00;277,00;Geprueft
1980-05-01;271,00;281,00;266,00;Geprueft
1980-05-02;263,00;270,00;255,00;Geprueft
1980-05-03;267,00;276,00;259,00;Geprueft
1980-05-04;263,00;275,00;255,00;Geprueft
1980-05-05;300,00;311,00;275,00;Geprueft
1980-05-06;272,00;290,00;256,00;Geprueft
1980-05-07;255,00;258,00;250,00;Geprueft
1980-05-08;252,00;257,00;243,00;Geprueft
1980-05-09;254,00;260,00;246,00;Geprueft
1980-05-10;259,00;266,00;247,00;Geprueft
1980-05-11;249,00;263,00;237,00;Geprueft
1980-05-12;233,00;238,00;226,00;Geprueft
1980-05-13;232,00;236,00;226,00;Geprueft
1980-05-14;234,00;253,00;226,00;Geprueft
1980-05-15;229,00;241,00;223,00;Geprueft
1980-05-16;217,00;223,00;212,00;Geprueft
1980-05-17;201,00;212,00;194,00;Geprueft
1980-05-18;195,00;200,00;193,00;Geprueft
1980-05-19;189,00;193,00;188,00;Geprueft
1980-05-20;190,00;191,00;189,00;Geprueft
1980-05-21;191,00;203,00;185,00;Geprueft
1980-05-22;198,00;203,00;193,00;Geprueft
1980-05-23;194,00;195,00;193,00;Geprueft
1980-05-24;188,00;194,00;183,00;Geprueft
1980-05-25;183,00;186,00;179,00;Geprueft
1980-05-26;182,00;186,00;178,00;Geprueft
1980-05-27;181,00;190,00;176,00;Geprueft
1980-05-28;191,00;196,00;188,00;Geprueft
1980-05-29;201,00;203,00;196,00;Geprueft
1980-05-30;206,00;210,00;199,00;Geprueft
1980-05-31;204,00;212,00;190,00;Geprueft
1980-06-01;188,00;190,00;185,00;Geprueft
1980-06-02;192,00;196,00;186,00;Geprueft
1980-06-03;192,00;194,00;190,00;Geprueft
1980-06-04;199,00;250,00;188,00;Geprueft
1980-06-05;265,00;300,00;231,00;Geprueft
1980-06-06;222,00;233,00;215,00;Geprueft
1980-06-07;217,00;224,00;211,00;Geprueft
1980-06-08;232,00;248,00;213,00;Geprueft
1980-06-09;221,00;224,00;218,00;Geprueft
1980-06-10;253,00;291,00;218,00;Geprueft
1980-06-11;247,00;264,00;235,00;Geprueft
1980-06-12;224,00;235,00;216,00;Geprueft
1980-06-13;215,00;220,00;210,00;Geprueft
1980-06-14;208,00;210,00;207,00;Geprueft
1980-06-15;208,00;215,00;206,00;Geprueft
1980-06-16;206,00;216,00;198,00;Geprueft
1980-06-17;198,00;203,00;195,00;Geprueft
1980-06-18;196,00;198,00;194,00;Geprueft
1980-06-19;200,00;201,00;198,00;Geprueft
1980-06-20;199,00;205,00;192,00;Geprueft
1980-06-21;202,00;213,00;193,00;Geprueft
1980-06-22;202,00;219,00;194,00;Geprueft
1980-06-23;221,00;243,00;209,00;Geprueft
1980-06-24;205,00;209,00;198,00;Geprueft
1980-06-25;200,00;201,00;197,00;Geprueft
1980-06-26;195,00;201,00;190,00;Geprueft
1980-06-27;190,00;197,00;187,00;Geprueft
1980-06-28;243,00;272,00;197,00;Geprueft
1980-06-29;246,00;279,00;232,00;Geprueft
1980-06-30;327,00;347,00;279,00;Geprueft
1980-07-01;276,00;316,00;248,00;Geprueft
1980-07-02;243,00;248,00;237,00;Geprueft
1980-07-03;289,00;336,00;241,00;Geprueft
1980-07-04;365,00;380,00;336,00;Geprueft
1980-07-05;314,00;350,00;276,00;Geprueft
1980-07-06;261,00;276,00;247,00;Geprueft
1980-07-07;235,00;249,00;229,00;Geprueft
1980-07-08;225,00;247,00;215,00;Geprueft
1980-07-09;257,00;299,00;229,00;Geprueft
1980-07-10;353,00;373,00;299,00;Geprueft
1980-07-11;306,00;342,00;292,00;Geprueft
1980-07-12;288,00;298,00;278,00;Geprueft
1980-07-13;269,00;279,00;257,00;Geprueft
1980-07-14;267,00;299,00;256,00;Geprueft
1980-07-15;282,00;297,00;273,00;Geprueft
1980-07-16;295,00;314,00;282,00;Geprueft
1980-07-17;327,00;345,00;302,00;Geprueft
1980-07-18;280,00;302,00;259,00;Geprueft
1980-07-19;250,00;266,00;235,00;Geprueft
1980-07-20;230,00;235,00;225,00;Geprueft
1980-07-21;255,00;317,00;226,00;Geprueft
1980-07-22;329,00;340,00;309,00;Geprueft
1980-07-23;288,00;322,00;260,00;Geprueft
1980-07-24;248,00;260,00;236,00;Geprueft
1980-07-25;224,00;236,00;218,00;Geprueft
1980-07-26;214,00;218,00;207,00;Geprueft
1980-07-27;200,00;207,00;194,00;Geprueft
1980-07-28;210,00;225,00;198,00;Geprueft
1980-07-29;205,00;216,00;198,00;Geprueft
1980-07-30;209,00;220,00;199,00;Geprueft
1980-07-31;211,00;219,00;205,00;Geprueft
1980-08-01;199,00;217,00;189,00;Geprueft
1980-08-02;184,00;189,00;183,00;Geprueft
1980-08-03;180,00;183,00;176,00;Geprueft
1980-08-04;173,00;180,00;171,00;Geprueft
1980-08-05;178,00;182,00;173,00;Geprueft
1980-08-06;169,00;177,00;161,00;Geprueft
1980-08-07;158,00;161,00;156,00;Geprueft
1980-08-08;158,00;164,00;157,00;Geprueft
1980-08-09;186,00;190,00;164,00;Geprueft
1980-08-10;167,00;188,00;155,00;Geprueft
1980-08-11;156,00;160,00;155,00;Geprueft
1980-08-12;159,00;162,00;157,00;Geprueft
1980-08-13;175,00;184,00;162,00;Geprueft
1980-08-14;171,00;179,00;162,00;Geprueft
1980-08-15;153,00;162,00;149,00;Geprueft
1980-08-16;152,00;169,00;148,00;Geprueft
1980-08-17;189,00;222,00;168,00;Geprueft
1980-08-18;208,00;222,00;188,00;Geprueft
1980-08-19;178,00;188,00;170,00;Geprueft
1980-08-20;167,00;173,00;162,00;Geprueft
1980-08-21;165,00;172,00;159,00;Geprueft
1980-08-22;156,00;159,00;147,00;Geprueft
1980-08-23;145,00;147,00;144,00;Geprueft
1980-08-24;145,00;146,00;143,00;Geprueft
1980-08-25;139,00;143,00;135,00;Geprueft
1980-08-26;137,00;138,00;135,00;Geprueft
1980-08-27;135,00;136,00;134,00;Geprueft
1980-08-28;146,00;167,00;134,00;Geprueft
1980-08-29;151,00;158,00;146,00;Geprueft
1980-08-30;150,00;159,00;146,00;Geprueft
1980-08-31;145,00;155,00;139,00;Geprueft
1980-09-01;193,00;265,00;153,00;Geprueft
1980-09-02;234,00;268,00;193,00;Geprueft
1980-09-03;186,00;193,00;177,00;Geprueft
1980-09-04;162,00;177,00;152,00;Geprueft
1980-09-05;148,00;152,00;147,00;Geprueft
1980-09-06;148,00;151,00;146,00;Geprueft
1980-09-07;144,00;149,00;143,00;Geprueft
1980-09-08;141,00;144,00;138,00;Geprueft
1980-09-09;136,00;143,00;132,00;Geprueft
1980-09-10;143,00;144,00;141,00;Geprueft
1980-09-11;140,00;143,00;137,00;Geprueft
1980-09-12;148,00;151,00;140,00;Geprueft
1980-09-13;147,00;151,00;144,00;Geprueft
1980-09-14;153,00;159,00;147,00;Geprueft
1980-09-15;145,00;149,00;139,00;Geprueft
1980-09-16;136,00;141,00;130,00;Geprueft
1980-09-17;130,00;132,00;128,00;Geprueft
1980-09-18;131,00;132,00;131,00;Geprueft
1980-09-19;130,00;133,00;128,00;Geprueft
1980-09-20;125,00;128,00;124,00;Geprueft
1980-09-21;126,00;127,00;124,00;Geprueft
1980-09-22;125,00;127,00;123,00;Geprueft
1980-09-23;147,00;191,00;125,00;Geprueft
1980-09-24;184,00;196,00;166,00;Geprueft
1980-09-25;153,00;166,00;148,00;Geprueft
1980-09-26;143,00;150,00;140,00;Geprueft
1980-09-27;142,00;146,00;132,00;Geprueft
1980-09-28;128,00;132,00;127,00;Geprueft
1980-09-29;130,00;132,00;129,00;Geprueft
1980-09-30;129,00;130,00;128,00;Geprueft
1980-10-01;128,00;130,00;126,00;Geprueft
1980-10-02;128,00;130,00;126,00;Geprueft
1980-10-03;130,00;130,00;128,00;Geprueft
1980-10-04;124,00;128,00;120,00;Geprueft
1980-10-05;120,00;121,00;117,00;Geprueft
1980-10-06;117,00;120,00;116,00;Geprueft
1980-10-07;120,00;122,00;118,00;Geprueft
1980-10-08;129,00;143,00;119,00;Geprueft
1980-10-09;146,00;151,00;143,00;Geprueft
1980-10-10;140,00;151,00;132,00;Geprueft
1980-10-11;138,00;141,00;132,00;Geprueft
1980-10-12;134,00;143,00;127,00;Geprueft
1980-10-13;161,00;185,00;142,00;Geprueft
1980-10-14;197,00;203,00;185,00;Geprueft
1980-10-15;178,00;194,00;170,00;Geprueft
1980-10-16;160,00;174,00;153,00;Geprueft
1980-10-17;153,00;160,00;150,00;Geprueft
1980-10-18;182,00;197,00;160,00;Geprueft
1980-10-19;218,00;226,00;197,00;Geprueft
1980-10-20;216,00;222,00;209,00;Geprueft
1980-10-21;202,00;218,00;184,00;Geprueft
1980-10-22;173,00;184,00;170,00;Geprueft
1980-10-23;175,00;179,00;168,00;Geprueft
1980-10-24;164,00;172,00;158,00;Geprueft
1980-10-25;178,00;194,00;172,00;Geprueft
1980-10-26;203,00;205,00;194,00;Geprueft
1980-10-27;190,00;198,00;179,00;Geprueft
1980-10-28;174,00;182,00;166,00;Geprueft
1980-10-29;167,00;169,00;165,00;Geprueft
1980-10-30;164,00;167,00;159,00;Geprueft
1980-10-31;163,00;167,00;156,00;Geprueft
1980-11-01;150,00;156,00;148,00;Geprueft
1980-11-02;148,00;149,00;147,00;Geprueft
1980-11-03;144,00;147,00;138,00;Geprueft
1980-11-04;142,00;146,00;139,00;Geprueft
1980-11-05;141,00;145,00;137,00;Geprueft
1980-11-06;133,00;137,00;131,00;Geprueft
1980-11-07;134,00;137,00;132,00;Geprueft
1980-11-08;132,00;135,00;131,00;Geprueft
1980-11-09;132,00;134,00;130,00;Geprueft
1980-11-10;131,00;133,00;129,00;Geprueft
1980-11-11;129,00;133,00;126,00;Geprueft
1980-11-12;128,00;130,00;124,00;Geprueft
1980-11-13;131,00;135,00;126,00;Geprueft
1980-11-14;126,00;128,00;125,00;Geprueft
1980-11-15;125,00;126,00;124,00;Geprueft
1980-11-16;131,00;144,00;123,00;Geprueft
1980-11-17;148,00;151,00;143,00;Geprueft
1980-11-18;145,00;147,00;143,00;Geprueft
1980-11-19;141,00;146,00;139,00;Geprueft
1980-11-20;151,00;155,00;146,00;Geprueft
1980-11-21;149,00;152,00;145,00;Geprueft
1980-11-22;140,00;145,00;136,00;Geprueft
1980-11-23;133,00;136,00;132,00;Geprueft
1980-11-24;131,00;134,00;125,00;Geprueft
1980-11-25;128,00;133,00;124,00;Geprueft
1980-11-26;125,00;128,00;123,00;Geprueft
1980-11-27;130,00;134,00;124,00;Geprueft
1980-11-28;134,00;136,00;131,00;Geprueft
1980-11-29;133,00;135,00;131,00;Geprueft
1980-11-30;130,00;131,00;129,00;Geprueft
1980-12-01;124,00;129,00;121,00;Geprueft
1980-12-02;122,00;126,00;119,00;Geprueft
1980-12-03;119,00;123,00;114,00;Geprueft
1980-12-04;113,00;115,00;111,00;Geprueft
1980-12-05;122,00;125,00;115,00;Geprueft
1980-12-06;128,00;134,00;123,00;Geprueft
1980-12-07;132,00;134,00;126,00;Geprueft
1980-12-08;128,00;130,00;126,00;Geprueft
1980-12-09;127,00;130,00;123,00;Geprueft
1980-12-10;129,00;143,00;120,00;Geprueft
1980-12-11;119,00;120,00;118,00;Geprueft
1980-12-12;124,00;126,00;119,00;Geprueft
1980-12-13;121,00;124,00;120,00;Geprueft
1980-12-14;125,00;146,00;120,00;Geprueft
1980-12-15;220,00;283,00;146,00;Geprueft
1980-12-16;309,00;322,00;283,00;Geprueft
1980-12-17;288,00;298,00;277,00;Geprueft
1980-12-18;255,00;280,00;226,00;Geprueft
1980-12-19;203,00;226,00;196,00;Geprueft
1980-12-20;188,00;196,00;184,00;Geprueft
1980-12-21;174,00;185,00;166,00;Geprueft
1980-12-22;168,00;176,00;162,00;Geprueft
1980-12-23;170,00;176,00;165,00;Geprueft
1980-12-24;181,00;203,00;169,00;Geprueft
1980-12-25;204,00;209,00;195,00;Geprueft
1980-12-26;189,00;195,00;186,00;Geprueft
1980-12-27;194,00;201,00;186,00;Geprueft
1980-12-28;188,00;195,00;177,00;Geprueft
1980-12-29;171,00;177,00;167,00;Geprueft
1980-12-30;165,00;167,00;163,00;Geprueft
1980-12-31;161,00;163,00;160,00;Geprueft
1981-01-01;161,00;161,00;161,00;Geprueft
1981-01-02;163,00;166,00;161,00;Geprueft
1981-01-03;186,00;242,00;166,00;Geprueft
1981-01-04;321,00;350,00;242,00;Geprueft
1981-01-05;336,00;352,00;317,00;Geprueft
1981-01-06;297,00;320,00;272,00;Geprueft
1981-01-07;246,00;272,00;228,00;Geprueft
1981-01-08;214,00;228,00;203,00;Geprueft
1981-01-09;200,00;204,00;197,00;Geprueft
1981-01-10;195,00;198,00;193,00;Geprueft
1981-01-11;193,00;197,00;184,00;Geprueft
1981-01-12;181,00;184,00;177,00;Geprueft
1981-01-13;173,00;177,00;172,00;Geprueft
1981-01-14;171,00;172,00;171,00;Geprueft
1981-01-15;171,00;181,00;169,00;Geprueft
1981-01-16;178,00;182,00;173,00;Geprueft
1981-01-17;176,00;184,00;173,00;Geprueft
1981-01-18;188,00;193,00;184,00;Geprueft
1981-01-19;192,00;195,00;190,00;Geprueft
1981-01-20;205,00;214,00;193,00;Geprueft
1981-01-21;204,00;212,00;194,00;Geprueft
1981-01-22;189,00;194,00;182,00;Geprueft
1981-01-23;176,00;182,00;174,00;Geprueft
1981-01-24;168,00;175,00;160,00;Geprueft
1981-01-25;160,00;164,00;157,00;Geprueft
1981-01-26;159,00;159,00;158,00;Geprueft
1981-01-27;158,00;159,00;157,00;Geprueft
1981-01-28;153,00;159,00;151,00;Geprueft
1981-01-29;148,00;151,00;145,00;Geprueft
1981-01-30;142,00;146,00;140,00;Geprueft
1981-01-31;143,00;147,00;138,00;Geprueft
1981-02-01;138,00;142,00;136,00;Geprueft
1981-02-02;144,00;147,00;140,00;Geprueft
1981-02-03;139,00;142,00;138,00;Geprueft
1981-02-04;174,00;210,00;142,00;Geprueft
1981-02-05;224,00;237,00;209,00;Geprueft
1981-02-06;202,00;209,00;198,00;Geprueft
1981-02-07;207,00;244,00;197,00;Geprueft
1981-02-08;306,00;348,00;244,00;Geprueft
1981-02-09;374,00;395,00;346,00;Geprueft
1981-02-10;350,00;373,00;335,00;Geprueft
1981-02-11;314,00;335,00;291,00;Geprueft
1981-02-12;277,00;302,00;253,00;Geprueft
1981-02-13;239,00;253,00;223,00;Geprueft
1981-02-14;218,00;223,00;214,00;Geprueft
1981-02-15;203,00;214,00;193,00;Geprueft
1981-02-16;193,00;195,00;190,00;Geprueft
1981-02-17;181,00;190,00;175,00;Geprueft
1981-02-18;180,00;181,00;179,00;Geprueft
1981-02-19;178,00;181,00;172,00;Geprueft
1981-02-20;171,00;173,00;169,00;Geprueft
1981-02-21;168,00;171,00;163,00;Geprueft
1981-02-22;162,00;163,00;161,00;Geprueft
1981-02-23;156,00;161,00;154,00;Geprueft
1981-02-24;159,00;161,00;155,00;Geprueft
1981-02-25;158,00;161,00;152,00;Geprueft
1981-02-26;149,00;152,00;146,00;Geprueft
1981-02-27;152,00;154,00;147,00;Geprueft
1981-02-28;157,00;157,00;154,00;Geprueft
1981-03-01;157,00;158,00;156,00;Geprueft
1981-03-02;159,00;161,00;156,00;Geprueft
1981-03-03;156,00;162,00;154,00;Geprueft
1981-03-04;173,00;180,00;162,00;Geprueft
1981-03-05;179,00;181,00;176,00;Geprueft
1981-03-06;166,00;176,00;163,00;Geprueft
1981-03-07;171,00;182,00;164,00;Geprueft
1981-03-08;206,00;226,00;182,00;Geprueft
1981-03-09;253,00;295,00;226,00;Geprueft
1981-03-10;337,00;369,00;295,00;Geprueft
1981-03-11;406,00;418,00;369,00;Geprueft
1981-03-12;439,00;471,00;415,00;Geprueft
1981-03-13;483,00;494,00;471,00;Geprueft
1981-03-14;496,00;501,00;486,00;Geprueft
1981-03-15;445,00;486,00;406,00;Geprueft
1981-03-16;374,00;406,00;351,00;Geprueft
1981-03-17;333,00;351,00;320,00;Geprueft
1981-03-18;306,00;323,00;294,00;Geprueft
1981-03-19;281,00;294,00;270,00;Geprueft
1981-03-20;258,00;270,00;248,00;Geprueft
1981-03-21;243,00;253,00;237,00;Geprueft
1981-03-22;235,00;248,00;229,00;Geprueft
1981-03-23;226,00;229,00;224,00;Geprueft
1981-03-24;235,00;240,00;226,00;Geprueft
1981-03-25;258,00;286,00;235,00;Geprueft
1981-03-26;321,00;334,00;286,00;Geprueft
1981-03-27;327,00;340,00;313,00;Geprueft
1981-03-28;304,00;322,00;291,00;Geprueft
1981-03-29;279,00;291,00;268,00;Geprueft
1981-03-30;268,00;275,00;259,00;Geprueft
1981-03-31;260,00;270,00;254,00;Geprueft
1981-04-01;259,00;267,00;253,00;Geprueft
1981-04-02;257,00;269,00;247,00;Geprueft
1981-04-03;245,00;251,00;240,00;Geprueft
1981-04-04;244,00;254,00;238,00;Geprueft
1981-04-05;239,00;247,00;233,00;Geprueft
1981-04-06;235,00;240,00;230,00;Geprueft
1981-04-07;227,00;238,00;224,00;Geprueft
1981-04-08;219,00;224,00;217,00;Geprueft
1981-04-09;225,00;240,00;214,00;Geprueft
1981-04-10;219,00;226,00;214,00;Geprueft
1981-04-11;217,00;220,00;213,00;Geprueft
1981-04-12;212,00;215,00;207,00;Geprueft
1981-04-13;204,00;207,00;199,00;Geprueft
1981-04-14;210,00;217,00;205,00;Geprueft
1981-04-15;202,00;206,00;197,00;Geprueft
1981-04-16;205,00;207,00;203,00;Geprueft
1981-04-17;201,00;203,00;197,00;Geprueft
1981-04-18;194,00;200,00;185,00;Geprueft
1981-04-19;175,00;185,00;167,00;Geprueft
1981-04-20;166,00;167,00;164,00;Geprueft
1981-04-21;164,00;168,00;161,00;Geprueft
1981-04-22;162,00;166,00;155,00;Geprueft
1981-04-23;157,00;159,00;156,00;Geprueft
1981-04-24;151,00;156,00;145,00;Geprueft
1981-04-25;148,00;150,00;145,00;Geprueft
1981-04-26;149,00;151,00;148,00;Geprueft
1981-04-27;160,00;170,00;149,00;Geprueft
1981-04-28;162,00;170,00;157,00;Geprueft
1981-04-29;156,00;159,00;153,00;Geprueft
1981-04-30;155,00;158,00;153,00;Geprueft
1981-05-01;160,00;171,00;156,00;Geprueft
1981-05-02;189,00;196,00;171,00;Geprueft
1981-05-03;202,00;211,00;186,00;Geprueft
1981-05-04;181,00;186,00;168,00;Geprueft
1981-05-05;167,00;171,00;165,00;Geprueft
1981-05-06;177,00;184,00;171,00;Geprueft
1981-05-07;177,00;184,00;173,00;Geprueft
1981-05-08;176,00;176,00;174,00;Geprueft
1981-05-09;172,00;176,00;169,00;Geprueft
1981-05-10;173,00;175,00;170,00;Geprueft
1981-05-11;175,00;177,00;174,00;Geprueft
1981-05-12;176,00;181,00;174,00;Geprueft
1981-05-13;176,00;183,00;172,00;Geprueft
1981-05-14;173,00;175,00;170,00;Geprueft
1981-05-15;171,00;173,00;166,00;Geprueft
1981-05-16;159,00;166,00;157,00;Geprueft
1981-05-17;170,00;178,00;161,00;Geprueft
1981-05-18;166,00;177,00;157,00;Geprueft
1981-05-19;156,00;160,00;153,00;Geprueft
1981-05-20;157,00;160,00;155,00;Geprueft
1981-05-21;157,00;162,00;154,00;Geprueft
1981-05-22;168,00;176,00;162,00;Geprueft
1981-05-23;180,00;184,00;175,00;Geprueft
1981-05-24;171,00;176,00;169,00;Geprueft
1981-05-25;167,00;176,00;163,00;Geprueft
1981-05-26;176,00;197,00;166,00;Geprueft
1981-05-27;259,00;356,00;197,00;Geprueft
1981-05-28;344,00;377,00;303,00;Geprueft
1981-05-29;280,00;303,00;264,00;Geprueft
1981-05-30;250,00;266,00;238,00;Geprueft
1981-05-31;222,00;238,00;214,00;Geprueft
1981-06-01;208,00;214,00;203,00;Geprueft
1981-06-02;201,00;204,00;198,00;Geprueft
1981-06-03;194,00;199,00;192,00;Geprueft
1981-06-04;192,00;195,00;189,00;Geprueft
1981-06-05;186,00;193,00;182,00;Geprueft
1981-06-06;180,00;185,00;173,00;Geprueft
1981-06-07;170,00;173,00;167,00;Geprueft
1981-06-08;167,00;171,00;164,00;Geprueft
1981-06-09;165,00;169,00;162,00;Geprueft
1981-06-10;165,00;173,00;161,00;Geprueft
1981-06-11;177,00;179,00;173,00;Geprueft
1981-06-12;168,00;179,00;159,00;Geprueft
1981-06-13;156,00;159,00;153,00;Geprueft
1981-06-14;154,00;158,00;152,00;Geprueft
1981-06-15;150,00;152,00;148,00;Geprueft
1981-06-16;145,00;149,00;141,00;Geprueft
1981-06-17;147,00;149,00;142,00;Geprueft
1981-06-18;145,00;148,00;143,00;Geprueft
1981-06-19;143,00;152,00;141,00;Geprueft
1981-06-20;153,00;155,00;147,00;Geprueft
1981-06-21;142,00;147,00;141,00;Geprueft
1981-06-22;148,00;161,00;142,00;Geprueft
1981-06-23;160,00;164,00;154,00;Geprueft
1981-06-24;151,00;154,00;149,00;Geprueft
1981-06-25;144,00;149,00;143,00;Geprueft
1981-06-26;140,00;143,00;137,00;Geprueft
1981-06-27;135,00;143,00;134,00;Geprueft
1981-06-28;142,00;143,00;138,00;Geprueft
1981-06-29;135,00;139,00;132,00;Geprueft
1981-06-30;135,00;137,00;133,00;Geprueft
1981-07-01;128,00;133,00;125,00;Geprueft
1981-07-02;125,00;127,00;122,00;Geprueft
1981-07-03;123,00;130,00;120,00;Geprueft
1981-07-04;148,00;160,00;130,00;Geprueft
1981-07-05;152,00;160,00;148,00;Geprueft
1981-07-06;140,00;148,00;131,00;Geprueft
1981-07-07;132,00;134,00;130,00;Geprueft
1981-07-08;136,00;139,00;134,00;Geprueft
1981-07-09;131,00;139,00;121,00;Geprueft
1981-07-10;121,00;121,00;119,00;Geprueft
1981-07-11;121,00;123,00;119,00;Geprueft
1981-07-12;137,00;171,00;118,00;Geprueft
1981-07-13;152,00;160,00;151,00;Geprueft
1981-07-14;143,00;152,00;138,00;Geprueft
1981-07-15;141,00;144,00;138,00;Geprueft
1981-07-16;133,00;141,00;128,00;Geprueft
1981-07-17;135,00;140,00;132,00;Geprueft
1981-07-18;153,00;188,00;130,00;Geprueft
1981-07-19;274,00;373,00;188,00;Geprueft
1981-07-20;412,00;424,00;373,00;Geprueft
1981-07-21;373,00;424,00;336,00;Geprueft
1981-07-22;318,00;340,00;268,00;Geprueft
1981-07-23;244,00;268,00;223,00;Geprueft
1981-07-24;214,00;229,00;202,00;Geprueft
1981-07-25;300,00;348,00;221,00;Geprueft
1981-07-26;271,00;311,00;242,00;Geprueft
1981-07-27;242,00;253,00;229,00;Geprueft
1981-07-28;224,00;229,00;220,00;Geprueft
1981-07-29;212,00;226,00;196,00;Geprueft
1981-07-30;193,00;196,00;184,00;Geprueft
1981-07-31;174,00;184,00;163,00;Geprueft
1981-08-01;163,00;163,00;162,00;Geprueft
1981-08-02;161,00;163,00;157,00;Geprueft
1981-08-03;155,00;163,00;153,00;Geprueft
1981-08-04;163,00;173,00;154,00;Geprueft
1981-08-05;154,00;164,00;145,00;Geprueft
1981-08-06;142,00;145,00;139,00;Geprueft
1981-08-07;139,00;141,00;137,00;Geprueft
1981-08-08;136,00;138,00;134,00;Geprueft
1981-08-09;157,00;168,00;135,00;Geprueft
1981-08-10;180,00;185,00;168,00;Geprueft
1981-08-11;179,00;186,00;170,00;Geprueft
1981-08-12;157,00;170,00;148,00;Geprueft
1981-08-13;148,00;149,00;147,00;Geprueft
1981-08-14;144,00;147,00;139,00;Geprueft
1981-08-15;140,00;143,00;129,00;Geprueft
1981-08-16;128,00;130,00;126,00;Geprueft
1981-08-17;130,00;141,00;126,00;Geprueft
1981-08-18;143,00;147,00;139,00;Geprueft
1981-08-19;131,00;143,00;126,00;Geprueft
1981-08-20;127,00;128,00;127,00;Geprueft
1981-08-21;132,00;140,00;127,00;Geprueft
1981-08-22;137,00;143,00;130,00;Geprueft
1981-08-23;139,00;152,00;134,00;Geprueft
1981-08-24;177,00;184,00;152,00;Geprueft
1981-08-25;164,00;183,00;149,00;Geprueft
1981-08-26;141,00;149,00;137,00;Geprueft
1981-08-27;135,00;140,00;132,00;Geprueft
1981-08-28;133,00;137,00;130,00;Geprueft
1981-08-29;131,00;133,00;127,00;Geprueft
1981-08-30;125,00;128,00;123,00;Geprueft
1981-08-31;122,00;124,00;118,00;Geprueft
1981-09-01;122,00;127,00;118,00;Geprueft
1981-09-02;145,00;155,00;127,00;Geprueft
1981-09-03;153,00;156,00;147,00;Geprueft
1981-09-04;139,00;153,00;123,00;Geprueft
1981-09-05;128,00;132,00;124,00;Geprueft
1981-09-06;121,00;126,00;116,00;Geprueft
1981-09-07;120,00;125,00;113,00;Geprueft
1981-09-08;119,00;121,00;113,00;Geprueft
1981-09-09;143,00;164,00;119,00;Geprueft
1981-09-10;140,00;143,00;134,00;Geprueft
1981-09-11;130,00;134,00;126,00;Geprueft
1981-09-12;160,00;177,00;129,00;Geprueft
1981-09-13;144,00;163,00;138,00;Geprueft
1981-09-14;147,00;164,00;139,00;Geprueft
1981-09-15;169,00;172,00;164,00;Geprueft
1981-09-16;164,00;168,00;161,00;Geprueft
1981-09-17;162,00;165,00;161,00;Geprueft
1981-09-18;160,00;163,00;153,00;Geprueft
1981-09-19;148,00;153,00;146,00;Geprueft
1981-09-20;145,00;147,00;142,00;Geprueft
1981-09-21;147,00;153,00;141,00;Geprueft
1981-09-22;138,00;142,00;132,00;Geprueft
1981-09-23;138,00;162,00;132,00;Geprueft
1981-09-24;181,00;195,00;162,00;Geprueft
1981-09-25;173,00;183,00;164,00;Geprueft
1981-09-26;164,00;176,00;147,00;Geprueft
1981-09-27;145,00;147,00;144,00;Geprueft
1981-09-28;142,00;159,00;136,00;Geprueft
1981-09-29;268,00;422,00;159,00;Geprueft
1981-09-30;476,00;496,00;422,00;Geprueft
1981-10-01;369,00;474,00;297,00;Geprueft
1981-10-02;264,00;304,00;237,00;Geprueft
1981-10-03;238,00;256,00;222,00;Geprueft
1981-10-04;227,00;245,00;207,00;Geprueft
1981-10-05;206,00;207,00;203,00;Geprueft
1981-10-06;196,00;203,00;193,00;Geprueft
1981-10-07;204,00;216,00;194,00;Geprueft
1981-10-08;197,00;205,00;186,00;Geprueft
1981-10-09;181,00;186,00;175,00;Geprueft
1981-10-10;174,00;178,00;171,00;Geprueft
1981-10-11;210,00;300,00;173,00;Geprueft
1981-10-12;316,00;356,00;276,00;Geprueft
1981-10-13;338,00;410,00;277,00;Geprueft
1981-10-14;346,00;410,00;290,00;Geprueft
1981-10-15;339,00;439,00;288,00;Geprueft
1981-10-16;462,00;474,00;439,00;Geprueft
1981-10-17;426,00;453,00;382,00;Geprueft
1981-10-18;360,00;382,00;347,00;Geprueft
1981-10-19;323,00;353,00;303,00;Geprueft
1981-10-20;288,00;303,00;272,00;Geprueft
1981-10-21;281,00;319,00;266,00;Geprueft
1981-10-22;335,00;349,00;319,00;Geprueft
1981-10-23;360,00;370,00;349,00;Geprueft
1981-10-24;330,00;350,00;312,00;Geprueft
1981-10-25;292,00;312,00;264,00;Geprueft
1981-10-26;266,00;285,00;256,00;Geprueft
1981-10-27;265,00;301,00;254,00;Geprueft
1981-10-28;318,00;325,00;301,00;Geprueft
1981-10-29;322,00;331,00;305,00;Geprueft
1981-10-30;308,00;342,00;298,00;Geprueft
1981-10-31;416,00;466,00;342,00;Geprueft
1981-11-01;450,00;467,00;421,00;Geprueft
1981-11-02;387,00;421,00;356,00;Geprueft
1981-11-03;334,00;356,00;317,00;Geprueft
1981-11-04;297,00;317,00;283,00;Geprueft
1981-11-05;275,00;286,00;263,00;Geprueft
1981-11-06;255,00;267,00;244,00;Geprueft
1981-11-07;243,00;246,00;237,00;Geprueft
1981-11-08;229,00;237,00;217,00;Geprueft
1981-11-09;215,00;217,00;214,00;Geprueft
1981-11-10;212,00;216,00;208,00;Geprueft
1981-11-11;206,00;209,00;201,00;Geprueft
1981-11-12;200,00;204,00;198,00;Geprueft
1981-11-13;200,00;202,00;199,00;Geprueft
1981-11-14;207,00;209,00;201,00;Geprueft
1981-11-15;206,00;208,00;204,00;Geprueft
1981-11-16;199,00;204,00;192,00;Geprueft
1981-11-17;189,00;192,00;187,00;Geprueft
1981-11-18;188,00;192,00;186,00;Geprueft
1981-11-19;194,00;198,00;191,00;Geprueft
1981-11-20;200,00;205,00;192,00;Geprueft
1981-11-21;199,00;204,00;194,00;Geprueft
1981-11-22;192,00;204,00;185,00;Geprueft
1981-11-23;184,00;187,00;182,00;Geprueft
1981-11-24;180,00;183,00;179,00;Geprueft
1981-11-25;190,00;197,00;183,00;Geprueft
1981-11-26;186,00;193,00;183,00;Geprueft
1981-11-27;181,00;185,00;177,00;Geprueft
1981-11-28;197,00;218,00;179,00;Geprueft
1981-11-29;227,00;236,00;218,00;Geprueft
1981-11-30;228,00;240,00;221,00;Geprueft
1981-12-01;294,00;338,00;240,00;Geprueft
1981-12-02;335,00;343,00;321,00;Geprueft
1981-12-03;303,00;321,00;290,00;Geprueft
1981-12-04;271,00;290,00;258,00;Geprueft
1981-12-05;271,00;279,00;262,00;Geprueft
1981-12-06;268,00;279,00;264,00;Geprueft
1981-12-07;254,00;268,00;249,00;Geprueft
1981-12-08;293,00;368,00;249,00;Geprueft
1981-12-09;430,00;462,00;368,00;Geprueft
1981-12-10;447,00;459,00;432,00;Geprueft
1981-12-11;410,00;432,00;392,00;Geprueft
1981-12-12;425,00;446,00;394,00;Geprueft
1981-12-13;442,00;452,00;423,00;Geprueft
1981-12-14;410,00;423,00;398,00;Geprueft
1981-12-15;390,00;398,00;384,00;Geprueft
1981-12-16;385,00;389,00;381,00;Geprueft
1981-12-17;406,00;416,00;384,00;Geprueft
1981-12-18;378,00;391,00;366,00;Geprueft
1981-12-19;342,00;366,00;326,00;Geprueft
1981-12-20;309,00;326,00;295,00;Geprueft
1981-12-21;285,00;297,00;277,00;Geprueft
1981-12-22;276,00;283,00;269,00;Geprueft
1981-12-23;266,00;273,00;257,00;Geprueft
1981-12-24;254,00;264,00;245,00;Geprueft
1981-12-25;250,00;255,00;244,00;Geprueft
1981-12-26;241,00;251,00;236,00;Geprueft
1981-12-27;235,00;237,00;232,00;Geprueft
1981-12-28;228,00;233,00;225,00;Geprueft
1981-12-29;226,00;233,00;222,00;Geprueft
1981-12-30;221,00;223,00;220,00;Geprueft
1981-12-31;222,00;224,00;220,00;Geprueft
1982-01-01;244,00;274,00;224,00;Geprueft
1982-01-02;308,00;329,00;274,00;Geprueft
1982-01-03;335,00;352,00;326,00;Geprueft
1982-01-04;355,00;367,00;351,00;Geprueft
1982-01-05;414,00;458,00;367,00;Geprueft
1982-01-06;488,00;511,00;458,00;Geprueft
1982-01-07;508,00;516,00;491,00;Geprueft
1982-01-08;477,00;491,00;467,00;Geprueft
1982-01-09;443,00;467,00;418,00;Geprueft
1982-01-10;450,00;475,00;416,00;Geprueft
1982-01-11;445,00;472,00;425,00;Geprueft
1982-01-12;416,00;426,00;408,00;Geprueft
1982-01-13;402,00;418,00;379,00;Geprueft
1982-01-14;361,00;379,00;346,00;Geprueft
1982-01-15;332,00;347,00;319,00;Geprueft
1982-01-16;307,00;321,00;296,00;Geprueft
1982-01-17;297,00;318,00;283,00;Geprueft
1982-01-18;276,00;288,00;263,00;Geprueft
1982-01-19;266,00;275,00;259,00;Geprueft
1982-01-20;253,00;260,00;247,00;Geprueft
1982-01-21;245,00;251,00;241,00;Geprueft
1982-01-22;241,00;244,00;238,00;Geprueft
1982-01-23;239,00;243,00;237,00;Geprueft
1982-01-24;232,00;237,00;226,00;Geprueft
1982-01-25;223,00;228,00;217,00;Geprueft
1982-01-26;221,00;225,00;214,00;Geprueft
1982-01-27;219,00;225,00;215,00;Geprueft
1982-01-28;220,00;225,00;215,00;Geprueft
1982-01-29;218,00;222,00;214,00;Geprueft
1982-01-30;258,00;337,00;222,00;Geprueft
1982-01-31;442,00;525,00;337,00;Geprueft
1982-02-01;535,00;543,00;516,00;Geprueft
1982-02-02;475,00;516,00;430,00;Geprueft
1982-02-03;387,00;430,00;358,00;Geprueft
1982-02-04;327,00;358,00;308,00;Geprueft
1982-02-05;297,00;308,00;285,00;Geprueft
1982-02-06;280,00;288,00;274,00;Geprueft
1982-02-07;274,00;278,00;269,00;Geprueft
1982-02-08;286,00;299,00;275,00;Geprueft
1982-02-09;296,00;299,00;286,00;Geprueft
1982-02-10;295,00;299,00;285,00;Geprueft
1982-02-11;282,00;287,00;277,00;Geprueft
1982-02-12;275,00;282,00;271,00;Geprueft
1982-02-13;271,00;279,00;266,00;Geprueft
1982-02-14;264,00;269,00;260,00;Geprueft
1982-02-15;260,00;265,00;254,00;Geprueft
1982-02-16;256,00;263,00;250,00;Geprueft
1982-02-17;250,00;258,00;247,00;Geprueft
1982-02-18;246,00;247,00;245,00;Geprueft
1982-02-19;240,00;245,00;237,00;Geprueft
1982-02-20;235,00;238,00;226,00;Geprueft
1982-02-21;227,00;230,00;223,00;Geprueft
1982-02-22;219,00;223,00;216,00;Geprueft
1982-02-23;215,00;221,00;211,00;Geprueft
1982-02-24;213,00;221,00;209,00;Geprueft
1982-02-25;208,00;214,00;205,00;Geprueft
1982-02-26;209,00;210,00;207,00;Geprueft
1982-02-27;202,00;208,00;194,00;Geprueft
1982-02-28;199,00;204,00;193,00;Geprueft
1982-03-01;198,00;208,00;193,00;Geprueft
1982-03-02;233,00;247,00;206,00;Geprueft
1982-03-03;246,00;255,00;240,00;Geprueft
1982-03-04;241,00;244,00;239,00;Geprueft
1982-03-05;241,00;247,00;236,00;Geprueft
1982-03-06;241,00;244,00;236,00;Geprueft
1982-03-07;227,00;236,00;224,00;Geprueft
1982-03-08;220,00;225,00;214,00;Geprueft
1982-03-09;214,00;217,00;212,00;Geprueft
1982-03-10;213,00;214,00;212,00;Geprueft
1982-03-11;225,00;239,00;214,00;Geprueft
1982-03-12;242,00;246,00;238,00;Geprueft
1982-03-13;239,00;245,00;232,00;Geprueft
1982-03-14;235,00;240,00;229,00;Geprueft
1982-03-15;233,00;240,00;226,00;Geprueft
1982-03-16;222,00;226,00;217,00;Geprueft
1982-03-17;222,00;226,00;217,00;Geprueft
1982-03-18;223,00;233,00;216,00;Geprueft
1982-03-19;235,00;236,00;233,00;Geprueft
1982-03-20;230,00;235,00;226,00;Geprueft
1982-03-21;228,00;231,00;227,00;Geprueft
1982-03-22;228,00;230,00;227,00;Geprueft
1982-03-23;225,00;228,00;221,00;Geprueft
1982-03-24;227,00;228,00;225,00;Geprueft
1982-03-25;222,00;225,00;220,00;Geprueft
1982-03-26;223,00;225,00;221,00;Geprueft
1982-03-27;223,00;226,00;218,00;Geprueft
1982-03-28;227,00;230,00;222,00;Geprueft
1982-03-29;236,00;252,00;229,00;Geprueft
1982-03-30;249,00;264,00;241,00;Geprueft
1982-03-31;271,00;284,00;253,00;Geprueft
1982-04-01;283,00;293,00;269,00;Geprueft
1982-04-02;277,00;284,00;268,00;Geprueft
1982-04-03;273,00;283,00;268,00;Geprueft
1982-04-04;279,00;285,00;272,00;Geprueft
1982-04-05;268,00;275,00;265,00;Geprueft
1982-04-06;267,00;272,00;264,00;Geprueft
1982-04-07;273,00;286,00;266,00;Geprueft
1982-04-08;285,00;291,00;278,00;Geprueft
1982-04-09;298,00;323,00;279,00;Geprueft
1982-04-10;288,00;310,00;279,00;Geprueft
1982-04-11;268,00;281,00;253,00;Geprueft
1982-04-12;249,00;258,00;241,00;Geprueft
1982-04-13;234,00;241,00;227,00;Geprueft
1982-04-14;225,00;227,00;218,00;Geprueft
1982-04-15;215,00;218,00;211,00;Geprueft
1982-04-16;205,00;211,00;202,00;Geprueft
1982-04-17;200,00;202,00;199,00;Geprueft
1982-04-18;200,00;203,00;196,00;Geprueft
1982-04-19;197,00;203,00;193,00;Geprueft
1982-04-20;202,00;204,00;198,00;Geprueft
1982-04-21;202,00;204,00;199,00;Geprueft
1982-04-22;194,00;201,00;189,00;Geprueft
1982-04-23;186,00;189,00;184,00;Geprueft
1982-04-24;188,00;191,00;184,00;Geprueft
1982-04-25;188,00;191,00;184,00;Geprueft
1982-04-26;181,00;184,00;178,00;Geprueft
1982-04-27;176,00;178,00;175,00;Geprueft
1982-04-28;181,00;184,00;177,00;Geprueft
1982-04-29;181,00;184,00;177,00;Geprueft
1982-04-30;190,00;196,00;181,00;Geprueft
1982-05-01;190,00;196,00;186,00;Geprueft
1982-05-02;185,00;187,00;182,00;Geprueft
1982-05-03;179,00;185,00;172,00;Geprueft
1982-05-04;184,00;187,00;180,00;Geprueft
1982-05-05;191,00;202,00;183,00;Geprueft
1982-05-06;205,00;212,00;199,00;Geprueft
1982-05-07;218,00;222,00;212,00;Geprueft
1982-05-08;212,00;217,00;208,00;Geprueft
1982-05-09;199,00;211,00;192,00;Geprueft
1982-05-10;192,00;199,00;188,00;Geprueft
1982-05-11;196,00;201,00;189,00;Geprueft
1982-05-12;201,00;204,00;197,00;Geprueft
1982-05-13;199,00;201,00;198,00;Geprueft
1982-05-14;201,00;206,00;199,00;Geprueft
1982-05-15;208,00;210,00;206,00;Geprueft
1982-05-16;208,00;211,00;206,00;Geprueft
1982-05-17;214,00;222,00;206,00;Geprueft
1982-05-18;224,00;230,00;221,00;Geprueft
1982-05-19;234,00;245,00;217,00;Geprueft
1982-05-20;227,00;242,00;212,00;Geprueft
1982-05-21;233,00;259,00;222,00;Geprueft
1982-05-22;249,00;260,00;235,00;Geprueft
1982-05-23;229,00;239,00;223,00;Geprueft
1982-05-24;249,00;290,00;229,00;Geprueft
1982-05-25;263,00;287,00;229,00;Geprueft
1982-05-26;226,00;240,00;214,00;Geprueft
1982-05-27;215,00;222,00;209,00;Geprueft
1982-05-28;218,00;229,00;210,00;Geprueft
1982-05-29;219,00;234,00;214,00;Geprueft
1982-05-30;217,00;234,00;206,00;Geprueft
1982-05-31;203,00;208,00;201,00;Geprueft
1982-06-01;203,00;207,00;199,00;Geprueft
1982-06-02;205,00;210,00;201,00;Geprueft
1982-06-03;216,00;225,00;206,00;Geprueft
1982-06-04;210,00;217,00;205,00;Geprueft
1982-06-05;202,00;211,00;194,00;Geprueft
1982-06-06;206,00;231,00;198,00;Geprueft
1982-06-07;198,00;215,00;189,00;Geprueft
1982-06-08;210,00;220,00;195,00;Geprueft
1982-06-09;203,00;209,00;198,00;Geprueft
1982-06-10;186,00;201,00;176,00;Geprueft
1982-06-11;182,00;187,00;178,00;Geprueft
1982-06-12;188,00;196,00;184,00;Geprueft
1982-06-13;205,00;208,00;196,00;Geprueft
1982-06-14;201,00;205,00;197,00;Geprueft
1982-06-15;219,00;227,00;205,00;Geprueft
1982-06-16;197,00;214,00;189,00;Geprueft
1982-06-17;233,00;315,00;190,00;Geprueft
1982-06-18;258,00;306,00;233,00;Geprueft
1982-06-19;249,00;271,00;233,00;Geprueft
1982-06-20;221,00;239,00;207,00;Geprueft
1982-06-21;200,00;208,00;182,00;Geprueft
1982-06-22;182,00;189,00;179,00;Geprueft
1982-06-23;194,00;222,00;178,00;Geprueft
1982-06-24;228,00;230,00;222,00;Geprueft
1982-06-25;207,00;224,00;196,00;Geprueft
1982-06-26;193,00;198,00;189,00;Geprueft
1982-06-27;230,00;282,00;196,00;Geprueft
1982-06-28;265,00;284,00;237,00;Geprueft
1982-06-29;232,00;272,00;218,00;Geprueft
1982-06-30;253,00;280,00;222,00;Geprueft
1982-07-01;211,00;224,00;205,00;Geprueft
1982-07-02;195,00;207,00;185,00;Geprueft
1982-07-03;180,00;185,00;175,00;Geprueft
1982-07-04;175,00;186,00;166,00;Geprueft
1982-07-05;193,00;202,00;186,00;Geprueft
1982-07-06;179,00;202,00;166,00;Geprueft
1982-07-07;169,00;174,00;164,00;Geprueft
1982-07-08;160,00;168,00;153,00;Geprueft
1982-07-09;155,00;158,00;153,00;Geprueft
1982-07-10;148,00;153,00;144,00;Geprueft
1982-07-11;143,00;146,00;140,00;Geprueft
1982-07-12;141,00;142,00;140,00;Geprueft
1982-07-13;137,00;141,00;131,00;Geprueft
1982-07-14;137,00;141,00;132,00;Geprueft
1982-07-15;136,00;151,00;129,00;Geprueft
1982-07-16;147,00;152,00;141,00;Geprueft
1982-07-17;148,00;154,00;141,00;Geprueft
1982-07-18;152,00;159,00;146,00;Geprueft
1982-07-19;144,00;154,00;138,00;Geprueft
1982-07-20;141,00;146,00;131,00;Geprueft
1982-07-21;132,00;134,00;129,00;Geprueft
1982-07-22;131,00;135,00;128,00;Geprueft
1982-07-23;133,00;136,00;129,00;Geprueft
1982-07-24;141,00;190,00;132,00;Geprueft
1982-07-25;219,00;236,00;190,00;Geprueft
1982-07-26;238,00;291,00;205,00;Geprueft
1982-07-27;300,00;313,00;284,00;Geprueft
1982-07-28;311,00;340,00;280,00;Geprueft
1982-07-29;250,00;280,00;222,00;Geprueft
1982-07-30;200,00;222,00;191,00;Geprueft
1982-07-31;188,00;194,00;182,00;Geprueft
1982-08-01;209,00;215,00;192,00;Geprueft
1982-08-02;192,00;202,00;179,00;Geprueft
1982-08-03;172,00;179,00;168,00;Geprueft
1982-08-04;174,00;180,00;170,00;Geprueft
1982-08-05;178,00;182,00;174,00;Geprueft
1982-08-06;204,00;248,00;180,00;Geprueft
1982-08-07;271,00;296,00;235,00;Geprueft
1982-08-08;261,00;286,00;228,00;Geprueft
1982-08-09;216,00;228,00;204,00;Geprueft
1982-08-10;194,00;206,00;186,00;Geprueft
1982-08-11;189,00;193,00;182,00;Geprueft
1982-08-12;171,00;182,00;164,00;Geprueft
1982-08-13;162,00;165,00;159,00;Geprueft
1982-08-14;156,00;159,00;150,00;Geprueft
1982-08-15;152,00;159,00;149,00;Geprueft
1982-08-16;171,00;189,00;158,00;Geprueft
1982-08-17;192,00;199,00;180,00;Geprueft
1982-08-18;192,00;198,00;182,00;Geprueft
1982-08-19;176,00;187,00;170,00;Geprueft
1982-08-20;163,00;175,00;159,00;Geprueft
1982-08-21;178,00;193,00;162,00;Geprueft
1982-08-22;182,00;196,00;169,00;Geprueft
1982-08-23;162,00;172,00;154,00;Geprueft
1982-08-24;151,00;158,00;145,00;Geprueft
1982-08-25;165,00;172,00;158,00;Geprueft
1982-08-26;161,00;166,00;156,00;Geprueft
1982-08-27;155,00;157,00;150,00;Geprueft
1982-08-28;155,00;164,00;149,00;Geprueft
1982-08-29;177,00;189,00;164,00;Geprueft
1982-08-30;186,00;194,00;172,00;Geprueft
1982-08-31;168,00;172,00;164,00;Geprueft
1982-09-01;218,00;273,00;165,00;Geprueft
1982-09-02;217,00;243,00;202,00;Geprueft
1982-09-03;185,00;202,00;168,00;Geprueft
1982-09-04;162,00;168,00;157,00;Geprueft
1982-09-05;163,00;168,00;152,00;Geprueft
1982-09-06;150,00;157,00;147,00;Geprueft
1982-09-07;155,00;161,00;147,00;Geprueft
1982-09-08;155,00;160,00;153,00;Geprueft
1982-09-09;152,00;156,00;146,00;Geprueft
1982-09-10;151,00;156,00;147,00;Geprueft
1982-09-11;142,00;148,00;138,00;Geprueft
1982-09-12;135,00;139,00;132,00;Geprueft
1982-09-13;131,00;133,00;129,00;Geprueft
1982-09-14;133,00;137,00;130,00;Geprueft
1982-09-15;132,00;136,00;130,00;Geprueft
1982-09-16;125,00;130,00;119,00;Geprueft
1982-09-17;125,00;129,00;119,00;Geprueft
1982-09-18;128,00;130,00;124,00;Geprueft
1982-09-19;127,00;131,00;123,00;Geprueft
1982-09-20;128,00;131,00;124,00;Geprueft
1982-09-21;124,00;131,00;115,00;Geprueft
1982-09-22;125,00;129,00;119,00;Geprueft
1982-09-23;132,00;146,00;125,00;Geprueft
1982-09-24;136,00;148,00;130,00;Geprueft
1982-09-25;129,00;133,00;123,00;Geprueft
1982-09-26;122,00;125,00;118,00;Geprueft
1982-09-27;136,00;162,00;120,00;Geprueft
1982-09-28;160,00;169,00;147,00;Geprueft
1982-09-29;133,00;147,00;124,00;Geprueft
1982-09-30;134,00;154,00;120,00;Geprueft
1982-10-01;163,00;208,00;137,00;Geprueft
1982-10-02;201,00;218,00;181,00;Geprueft
1982-10-03;168,00;184,00;153,00;Geprueft
1982-10-04;151,00;155,00;148,00;Geprueft
1982-10-05;144,00;152,00;136,00;Geprueft
1982-10-06;147,00;152,00;139,00;Geprueft
1982-10-07;286,00;373,00;150,00;Geprueft
1982-10-08;294,00;369,00;235,00;Geprueft
1982-10-09;224,00;235,00;210,00;Geprueft
1982-10-10;199,00;210,00;193,00;Geprueft
1982-10-11;193,00;198,00;188,00;Geprueft
1982-10-12;201,00;208,00;191,00;Geprueft
1982-10-13;200,00;213,00;190,00;Geprueft
1982-10-14;246,00;267,00;213,00;Geprueft
1982-10-15;247,00;253,00;240,00;Geprueft
1982-10-16;252,00;259,00;247,00;Geprueft
1982-10-17;238,00;257,00;227,00;Geprueft
1982-10-18;225,00;234,00;222,00;Geprueft
1982-10-19;212,00;223,00;204,00;Geprueft
1982-10-20;197,00;204,00;192,00;Geprueft
1982-10-21;195,00;202,00;191,00;Geprueft
1982-10-22;181,00;192,00;175,00;Geprueft
1982-10-23;175,00;181,00;172,00;Geprueft
1982-10-24;172,00;173,00;169,00;Geprueft
1982-10-25;174,00;186,00;169,00;Geprueft
1982-10-26;177,00;187,00;172,00;Geprueft
1982-10-27;173,00;177,00;166,00;Geprueft
1982-10-28;168,00;169,00;166,00;Geprueft
1982-10-29;162,00;169,00;157,00;Geprueft
1982-10-30;152,00;159,00;147,00;Geprueft
1982-10-31;151,00;153,00;148,00;Geprueft
1982-11-01;148,00;149,00;147,00;Geprueft
1982-11-02;149,00;153,00;146,00;Geprueft
1982-11-03;150,00;154,00;146,00;Geprueft
1982-11-04;147,00;150,00;145,00;Geprueft
1982-11-05;143,00;145,00;138,00;Geprueft
1982-11-06;139,00;140,00;137,00;Geprueft
1982-11-07;139,00;140,00;137,00;Geprueft
1982-11-08;136,00;139,00;134,00;Geprueft
1982-11-09;135,00;137,00;133,00;Geprueft
1982-11-10;136,00;138,00;135,00;Geprueft
1982-11-11;134,00;138,00;128,00;Geprueft
1982-11-12;136,00;140,00;132,00;Geprueft
1982-11-13;144,00;166,00;136,00;Geprueft
1982-11-14;168,00;173,00;162,00;Geprueft
1982-11-15;167,00;173,00;162,00;Geprueft
1982-11-16;157,00;162,00;152,00;Geprueft
1982-11-17;160,00;165,00;154,00;Geprueft
1982-11-18;173,00;184,00;165,00;Geprueft
1982-11-19;218,00;231,00;184,00;Geprueft
1982-11-20;213,00;220,00;201,00;Geprueft
1982-11-21;196,00;201,00;186,00;Geprueft
1982-11-22;179,00;186,00;174,00;Geprueft
1982-11-23;169,00;178,00;155,00;Geprueft
1982-11-24;173,00;176,00;167,00;Geprueft
1982-11-25;165,00;169,00;160,00;Geprueft
1982-11-26;163,00;168,00;157,00;Geprueft
1982-11-27;156,00;157,00;155,00;Geprueft
1982-11-28;155,00;156,00;150,00;Geprueft
1982-11-29;159,00;165,00;150,00;Geprueft
1982-11-30;165,00;175,00;158,00;Geprueft
1982-12-01;158,00;166,00;152,00;Geprueft
1982-12-02;153,00;155,00;149,00;Geprueft
1982-12-03;149,00;152,00;144,00;Geprueft
1982-12-04;147,00;150,00;144,00;Geprueft
1982-12-05;143,00;145,00;142,00;Geprueft
1982-12-06;145,00;147,00;143,00;Geprueft
1982-12-07;150,00;158,00;143,00;Geprueft
1982-12-08;164,00;179,00;150,00;Geprueft
1982-12-09;212,00;253,00;179,00;Geprueft
1982-12-10;247,00;263,00;234,00;Geprueft
1982-12-11;270,00;292,00;240,00;Geprueft
1982-12-12;243,00;263,00;237,00;Geprueft
1982-12-13;233,00;240,00;229,00;Geprueft
1982-12-14;234,00;238,00;225,00;Geprueft
1982-12-15;223,00;225,00;217,00;Geprueft
1982-12-16;222,00;243,00;210,00;Geprueft
1982-12-17;317,00;414,00;243,00;Geprueft
1982-12-18;467,00;486,00;414,00;Geprueft
1982-12-19;462,00;482,00;436,00;Geprueft
1982-12-20;399,00;436,00;374,00;Geprueft
1982-12-21;416,00;465,00;370,00;Geprueft
1982-12-22;424,00;464,00;390,00;Geprueft
1982-12-23;374,00;392,00;354,00;Geprueft
1982-12-24;322,00;354,00;295,00;Geprueft
1982-12-25;281,00;300,00;261,00;Geprueft
1982-12-26;255,00;265,00;249,00;Geprueft
1982-12-27;244,00;252,00;235,00;Geprueft
1982-12-28;244,00;267,00;235,00;Geprueft
1982-12-29;262,00;267,00;257,00;Geprueft
1982-12-30;237,00;262,00;230,00;Geprueft
1982-12-31;225,00;232,00;220,00;Geprueft
1983-01-01;213,00;220,00;210,00;Geprueft
1983-01-02;208,00;213,00;204,00;Geprueft
1983-01-03;204,00;216,00;201,00;Geprueft
1983-01-04;240,00;254,00;216,00;Geprueft
1983-01-05;276,00;325,00;253,00;Geprueft
1983-01-06;363,00;387,00;324,00;Geprueft
1983-01-07;319,00;345,00;299,00;Geprueft
1983-01-08;291,00;305,00;273,00;Geprueft
1983-01-09;264,00;284,00;251,00;Geprueft
1983-01-10;246,00;259,00;236,00;Geprueft
1983-01-11;234,00;238,00;231,00;Geprueft
1983-01-12;223,00;231,00;217,00;Geprueft
1983-01-13;214,00;221,00;207,00;Geprueft
1983-01-14;207,00;215,00;201,00;Geprueft
1983-01-15;211,00;218,00;204,00;Geprueft
1983-01-16;256,00;290,00;218,00;Geprueft
1983-01-17;310,00;328,00;290,00;Geprueft
1983-01-18;311,00;331,00;296,00;Geprueft
1983-01-19;280,00;299,00;261,00;Geprueft
1983-01-20;256,00;276,00;246,00;Geprueft
1983-01-21;236,00;246,00;228,00;Geprueft
1983-01-22;228,00;239,00;221,00;Geprueft
1983-01-23;217,00;222,00;212,00;Geprueft
1983-01-24;212,00;214,00;208,00;Geprueft
1983-01-25;209,00;213,00;202,00;Geprueft
1983-01-26;205,00;214,00;202,00;Geprueft
1983-01-27;244,00;263,00;214,00;Geprueft
1983-01-28;256,00;264,00;247,00;Geprueft
1983-01-29;251,00;261,00;239,00;Geprueft
1983-01-30;252,00;273,00;240,00;Geprueft
1983-01-31;300,00;319,00;271,00;Geprueft
1983-02-01;324,00;360,00;305,00;Geprueft
1983-02-02;365,00;375,00;350,00;Geprueft
1983-02-03;342,00;350,00;331,00;Geprueft
1983-02-04;307,00;331,00;286,00;Geprueft
1983-02-05;274,00;292,00;262,00;Geprueft
1983-02-06;264,00;272,00;255,00;Geprueft
1983-02-07;258,00;270,00;250,00;Geprueft
1983-02-08;242,00;254,00;238,00;Geprueft
1983-02-09;235,00;242,00;230,00;Geprueft
1983-02-10;229,00;233,00;223,00;Geprueft
1983-02-11;224,00;229,00;217,00;Geprueft
1983-02-12;216,00;217,00;214,00;Geprueft
1983-02-13;206,00;214,00;201,00;Geprueft
1983-02-14;202,00;210,00;198,00;Geprueft
1983-02-15;198,00;202,00;196,00;Geprueft
1983-02-16;195,00;197,00;190,00;Geprueft
1983-02-17;186,00;190,00;184,00;Geprueft
1983-02-18;183,00;184,00;182,00;Geprueft
1983-02-19;180,00;183,00;176,00;Geprueft
1983-02-20;179,00;181,00;177,00;Geprueft
1983-02-21;179,00;181,00;177,00;Geprueft
1983-02-22;171,00;178,00;167,00;Geprueft
1983-02-23;171,00;171,00;170,00;Geprueft
1983-02-24;169,00;171,00;166,00;Geprueft
1983-02-25;165,00;167,00;162,00;Geprueft
1983-02-26;172,00;182,00;167,00;Geprueft
1983-02-27;243,00;316,00;182,00;Geprueft
1983-02-28;322,00;333,00;314,00;Geprueft
1983-03-01;329,00;338,00;316,00;Geprueft
1983-03-02;307,00;316,00;299,00;Geprueft
1983-03-03;277,00;299,00;264,00;Geprueft
1983-03-04;248,00;264,00;240,00;Geprueft
1983-03-05;234,00;243,00;229,00;Geprueft
1983-03-06;222,00;230,00;217,00;Geprueft
1983-03-07;218,00;221,00;216,00;Geprueft
1983-03-08;216,00;221,00;212,00;Geprueft
1983-03-09;218,00;220,00;216,00;Geprueft
1983-03-10;220,00;223,00;216,00;Geprueft
1983-03-11;224,00;228,00;221,00;Geprueft
1983-03-12;220,00;225,00;214,00;Geprueft
1983-03-13;210,00;214,00;207,00;Geprueft
1983-03-14;210,00;211,00;208,00;Geprueft
1983-03-15;209,00;214,00;206,00;Geprueft
1983-03-16;214,00;218,00;212,00;Geprueft
1983-03-17;215,00;221,00;212,00;Geprueft
1983-03-18;220,00;224,00;215,00;Geprueft
1983-03-19;221,00;243,00;213,00;Geprueft
1983-03-20;274,00;317,00;243,00;Geprueft
1983-03-21;295,00;317,00;280,00;Geprueft
1983-03-22;271,00;290,00;257,00;Geprueft
1983-03-23;252,00;261,00;246,00;Geprueft
1983-03-24;241,00;250,00;233,00;Geprueft
1983-03-25;236,00;248,00;231,00;Geprueft
1983-03-26;266,00;277,00;248,00;Geprueft
1983-03-27;253,00;271,00;243,00;Geprueft
1983-03-28;242,00;244,00;240,00;Geprueft
1983-03-29;240,00;242,00;239,00;Geprueft
1983-03-30;238,00;243,00;233,00;Geprueft
1983-03-31;228,00;233,00;225,00;Geprueft
1983-04-01;225,00;229,00;220,00;Geprueft
1983-04-02;225,00;228,00;222,00;Geprueft
1983-04-03;237,00;249,00;228,00;Geprueft
1983-04-04;250,00;253,00;247,00;Geprueft
1983-04-05;247,00;252,00;243,00;Geprueft
1983-04-06;251,00;265,00;241,00;Geprueft
1983-04-07;295,00;307,00;256,00;Geprueft
1983-04-08;335,00;365,00;296,00;Geprueft
1983-04-09;353,00;404,00;330,00;Geprueft
1983-04-10;446,00;478,00;404,00;Geprueft
1983-04-11;485,00;488,00;478,00;Geprueft
1983-04-12;477,00;482,00;475,00;Geprueft
1983-04-13;455,00;475,00;421,00;Geprueft
1983-04-14;390,00;421,00;365,00;Geprueft
1983-04-15;352,00;365,00;347,00;Geprueft
1983-04-16;359,00;365,00;351,00;Geprueft
1983-04-17;341,00;354,00;330,00;Geprueft
1983-04-18;320,00;332,00;308,00;Geprueft
1983-04-19;303,00;308,00;296,00;Geprueft
1983-04-20;306,00;313,00;298,00;Geprueft
1983-04-21;292,00;305,00;274,00;Geprueft
1983-04-22;284,00;292,00;280,00;Geprueft
1983-04-23;283,00;299,00;275,00;Geprueft
1983-04-24;269,00;287,00;258,00;Geprueft
1983-04-25;261,00;264,00;252,00;Geprueft
1983-04-26;247,00;255,00;239,00;Geprueft
1983-04-27;238,00;246,00;231,00;Geprueft
1983-04-28;234,00;239,00;231,00;Geprueft
1983-04-29;229,00;231,00;226,00;Geprueft
1983-04-30;226,00;230,00;216,00;Geprueft
1983-05-01;219,00;228,00;215,00;Geprueft
1983-05-02;229,00;236,00;223,00;Geprueft
1983-05-03;219,00;225,00;215,00;Geprueft
1983-05-04;210,00;224,00;206,00;Geprueft
1983-05-05;227,00;230,00;224,00;Geprueft
1983-05-06;224,00;233,00;215,00;Geprueft
1983-05-07;214,00;217,00;211,00;Geprueft
1983-05-08;222,00;237,00;211,00;Geprueft
1983-05-09;256,00;275,00;237,00;Geprueft
1983-05-10;258,00;275,00;247,00;Geprueft
1983-05-11;242,00;257,00;233,00;Geprueft
1983-05-12;234,00;255,00;225,00;Geprueft
1983-05-13;225,00;226,00;223,00;Geprueft
1983-05-14;223,00;225,00;217,00;Geprueft
1983-05-15;214,00;217,00;210,00;Geprueft
1983-05-16;216,00;218,00;213,00;Geprueft
1983-05-17;212,00;218,00;206,00;Geprueft
1983-05-18;209,00;221,00;202,00;Geprueft
1983-05-19;200,00;203,00;198,00;Geprueft
1983-05-20;199,00;200,00;197,00;Geprueft
1983-05-21;190,00;198,00;180,00;Geprueft
1983-05-22;192,00;202,00;180,00;Geprueft
1983-05-23;204,00;231,00;185,00;Geprueft
1983-05-24;240,00;263,00;219,00;Geprueft
1983-05-25;293,00;324,00;257,00;Geprueft
1983-05-26;307,00;322,00;301,00;Geprueft
1983-05-27;338,00;351,00;322,00;Geprueft
1983-05-28;340,00;351,00;327,00;Geprueft
1983-05-29;309,00;327,00;294,00;Geprueft
1983-05-30;281,00;295,00;267,00;Geprueft
1983-05-31;252,00;270,00;209,00;Geprueft
1983-06-01;243,00;274,00;232,00;Geprueft
1983-06-02;233,00;240,00;227,00;Geprueft
1983-06-03;226,00;231,00;219,00;Geprueft
1983-06-04;218,00;224,00;212,00;Geprueft
1983-06-05;212,00;223,00;207,00;Geprueft
1983-06-06;217,00;226,00;209,00;Geprueft
1983-06-07;218,00;225,00;208,00;Geprueft
1983-06-08;204,00;210,00;196,00;Geprueft
1983-06-09;198,00;207,00;190,00;Geprueft
1983-06-10;212,00;217,00;205,00;Geprueft
1983-06-11;215,00;223,00;206,00;Geprueft
1983-06-12;203,00;208,00;196,00;Geprueft
1983-06-13;192,00;198,00;186,00;Geprueft
1983-06-14;235,00;354,00;192,00;Geprueft
1983-06-15;363,00;396,00;318,00;Geprueft
1983-06-16;291,00;318,00;274,00;Geprueft
1983-06-17;255,00;280,00;235,00;Geprueft
1983-06-18;226,00;244,00;213,00;Geprueft
1983-06-19;201,00;213,00;193,00;Geprueft
1983-06-20;192,00;199,00;185,00;Geprueft
1983-06-21;187,00;197,00;184,00;Geprueft
1983-06-22;198,00;205,00;185,00;Geprueft
1983-06-23;200,00;208,00;191,00;Geprueft
1983-06-24;185,00;191,00;176,00;Geprueft
1983-06-25;187,00;196,00;176,00;Geprueft
1983-06-26;190,00;194,00;185,00;Geprueft
1983-06-27;187,00;192,00;184,00;Geprueft
1983-06-28;194,00;206,00;190,00;Geprueft
1983-06-29;214,00;232,00;203,00;Geprueft
1983-06-30;201,00;209,00;187,00;Geprueft
1983-07-01;179,00;187,00;175,00;Geprueft
1983-07-02;182,00;185,00;175,00;Geprueft
1983-07-03;178,00;185,00;166,00;Geprueft
1983-07-04;166,00;179,00;158,00;Geprueft
1983-07-05;161,00;168,00;155,00;Geprueft
1983-07-06;165,00;178,00;147,00;Geprueft
1983-07-07;175,00;191,00;156,00;Geprueft
1983-07-08;186,00;192,00;179,00;Geprueft
1983-07-09;185,00;193,00;181,00;Geprueft
1983-07-10;173,00;183,00;161,00;Geprueft
1983-07-11;159,00;163,00;153,00;Geprueft
1983-07-12;151,00;154,00;147,00;Geprueft
1983-07-13;151,00;154,00;147,00;Geprueft
1983-07-14;148,00;158,00;140,00;Geprueft
1983-07-15;146,00;151,00;142,00;Geprueft
1983-07-16;141,00;144,00;136,00;Geprueft
1983-07-17;138,00;143,00;132,00;Geprueft
1983-07-18;131,00;135,00;128,00;Geprueft
1983-07-19;133,00;137,00;130,00;Geprueft
1983-07-20;132,00;137,00;129,00;Geprueft
1983-07-21;134,00;139,00;131,00;Geprueft
1983-07-22;127,00;133,00;120,00;Geprueft
1983-07-23;129,00;136,00;119,00;Geprueft
1983-07-24;123,00;132,00;119,00;Geprueft
1983-07-25;127,00;130,00;121,00;Geprueft
1983-07-26;126,00;134,00;119,00;Geprueft
1983-07-27;124,00;134,00;119,00;Geprueft
1983-07-28;120,00;125,00;111,00;Geprueft
1983-07-29;118,00;124,00;112,00;Geprueft
1983-07-30;116,00;118,00;114,00;Geprueft
1983-07-31;118,00;121,00;115,00;Geprueft
1983-08-01;118,00;123,00;114,00;Geprueft
1983-08-02;126,00;138,00;118,00;Geprueft
1983-08-03;161,00;183,00;131,00;Geprueft
1983-08-04;214,00;239,00;183,00;Geprueft
1983-08-05;194,00;215,00;174,00;Geprueft
1983-08-06;177,00;193,00;166,00;Geprueft
1983-08-07;199,00;212,00;192,00;Geprueft
1983-08-08;189,00;207,00;169,00;Geprueft
1983-08-09;164,00;172,00;153,00;Geprueft
1983-08-10;146,00;153,00;137,00;Geprueft
1983-08-11;150,00;161,00;143,00;Geprueft
1983-08-12;153,00;159,00;148,00;Geprueft
1983-08-13;151,00;160,00;140,00;Geprueft
1983-08-14;134,00;140,00;131,00;Geprueft
1983-08-15;131,00;132,00;130,00;Geprueft
1983-08-16;133,00;134,00;130,00;Geprueft
1983-08-17;139,00;150,00;134,00;Geprueft
1983-08-18;137,00;148,00;134,00;Geprueft
1983-08-19;136,00;146,00;126,00;Geprueft
1983-08-20;123,00;126,00;120,00;Geprueft
1983-08-21;124,00;126,00;121,00;Geprueft
1983-08-22;130,00;148,00;122,00;Geprueft
1983-08-23;134,00;138,00;131,00;Geprueft
1983-08-24;134,00;140,00;130,00;Geprueft
1983-08-25;136,00;140,00;129,00;Geprueft
1983-08-26;123,00;129,00;114,00;Geprueft
1983-08-27;127,00;129,00;125,00;Geprueft
1983-08-28;119,00;125,00;115,00;Geprueft
1983-08-29;121,00;127,00;115,00;Geprueft
1983-08-30;132,00;139,00;125,00;Geprueft
1983-08-31;131,00;137,00;122,00;Geprueft
1983-09-01;124,00;132,00;122,00;Geprueft
1983-09-02;133,00;151,00;129,00;Geprueft
1983-09-03;152,00;158,00;143,00;Geprueft
1983-09-04;146,00;154,00;141,00;Geprueft
1983-09-05;138,00;143,00;135,00;Geprueft
1983-09-06;137,00;139,00;133,00;Geprueft
1983-09-07;138,00;148,00;132,00;Geprueft
1983-09-08;142,00;146,00;134,00;Geprueft
1983-09-09;127,00;135,00;120,00;Geprueft
1983-09-10;124,00;134,00;113,00;Geprueft
1983-09-11;167,00;216,00;115,00;Geprueft
1983-09-12;212,00;264,00;188,00;Geprueft
1983-09-13;174,00;197,00;161,00;Geprueft
1983-09-14;156,00;162,00;150,00;Geprueft
1983-09-15;145,00;155,00;137,00;Geprueft
1983-09-16;148,00;177,00;137,00;Geprueft
1983-09-17;202,00;233,00;177,00;Geprueft
1983-09-18;189,00;203,00;175,00;Geprueft
1983-09-19;180,00;188,00;161,00;Geprueft
1983-09-20;158,00;167,00;151,00;Geprueft
1983-09-21;153,00;162,00;142,00;Geprueft
1983-09-22;148,00;152,00;137,00;Geprueft
1983-09-23;136,00;152,00;128,00;Geprueft
1983-09-24;127,00;133,00;121,00;Geprueft
1983-09-25;129,00;139,00;121,00;Geprueft
1983-09-26;129,00;135,00;124,00;Geprueft
1983-09-27;134,00;141,00;125,00;Geprueft
1983-09-28;124,00;130,00;121,00;Geprueft
1983-09-29;123,00;140,00;113,00;Geprueft
1983-09-30;117,00;121,00;115,00;Geprueft
1983-10-01;116,00;118,00;113,00;Geprueft
1983-10-02;118,00;120,00;115,00;Geprueft
1983-10-03;115,00;117,00;114,00;Geprueft
1983-10-04;119,00;122,00;115,00;Geprueft
1983-10-05;117,00;120,00;112,00;Geprueft
1983-10-06;118,00;126,00;111,00;Geprueft
1983-10-07;123,00;126,00;122,00;Geprueft
1983-10-08;122,00;123,00;119,00;Geprueft
1983-10-09;117,00;131,00;115,00;Geprueft
1983-10-10;157,00;178,00;131,00;Geprueft
1983-10-11;149,00;164,00;139,00;Geprueft
1983-10-12;143,00;152,00;136,00;Geprueft
1983-10-13;145,00;146,00;141,00;Geprueft
1983-10-14;139,00;143,00;131,00;Geprueft
1983-10-15;129,00;133,00;126,00;Geprueft
1983-10-16;123,00;127,00;122,00;Geprueft
1983-10-17;131,00;149,00;126,00;Geprueft
1983-10-18;150,00;156,00;138,00;Geprueft
1983-10-19;140,00;142,00;138,00;Geprueft
1983-10-20;141,00;149,00;138,00;Geprueft
1983-10-21;134,00;139,00;130,00;Geprueft
1983-10-22;129,00;135,00;120,00;Geprueft
1983-10-23;121,00;121,00;119,00;Geprueft
1983-10-24;121,00;126,00;115,00;Geprueft
1983-10-25;126,00;129,00;123,00;Geprueft
1983-10-26;116,00;123,00;110,00;Geprueft
1983-10-27;119,00;127,00;110,00;Geprueft
1983-10-28;114,00;118,00;107,00;Geprueft
1983-10-29;113,00;117,00;107,00;Geprueft
1983-10-30;112,00;117,00;110,00;Geprueft
1983-10-31;106,00;110,00;103,00;Geprueft
1983-11-01;108,00;112,00;101,00;Geprueft
1983-11-02;111,00;111,00;110,00;Geprueft
1983-11-03;110,00;111,00;105,00;Geprueft
1983-11-04;111,00;117,00;106,00;Geprueft
1983-11-05;114,00;120,00;106,00;Geprueft
1983-11-06;113,00;115,00;112,00;Geprueft
1983-11-07;109,00;112,00;106,00;Geprueft
1983-11-08;108,00;112,00;102,00;Geprueft
1983-11-09;109,00;112,00;104,00;Geprueft
1983-11-10;108,00;113,00;104,00;Geprueft
1983-11-11;109,00;111,00;108,00;Geprueft
1983-11-12;106,00;109,00;104,00;Geprueft
1983-11-13;106,00;110,00;103,00;Geprueft
1983-11-14;109,00;111,00;103,00;Geprueft
1983-11-15;103,00;105,00;100,00;Geprueft
1983-11-16;105,00;109,00;100,00;Geprueft
1983-11-17;102,00;104,00;100,00;Geprueft
1983-11-18;102,00;104,00;100,00;Geprueft
1983-11-19;103,00;107,00;101,00;Geprueft
1983-11-20;102,00;106,00;100,00;Geprueft
1983-11-21;101,00;103,00;100,00;Geprueft
1983-11-22;103,00;104,00;102,00;Geprueft
1983-11-23;101,00;102,00;100,00;Geprueft
1983-11-24;100,00;101,00;100,00;Geprueft
1983-11-25;100,00;102,00;100,00;Geprueft
1983-11-26;105,00;110,00;100,00;Geprueft
1983-11-27;134,00;186,00;110,00;Geprueft
1983-11-28;225,00;249,00;186,00;Geprueft
1983-11-29;287,00;299,00;249,00;Geprueft
1983-11-30;248,00;295,00;228,00;Geprueft
1983-12-01;199,00;231,00;188,00;Geprueft
1983-12-02;170,00;188,00;155,00;Geprueft
1983-12-03;152,00;155,00;148,00;Geprueft
1983-12-04;150,00;155,00;140,00;Geprueft
1983-12-05;135,00;140,00;131,00;Geprueft
1983-12-06;133,00;141,00;127,00;Geprueft
1983-12-07;133,00;140,00;129,00;Geprueft
1983-12-08;126,00;129,00;124,00;Geprueft
1983-12-09;128,00;144,00;100,00;Geprueft
1983-12-10;116,00;123,00;100,00;Geprueft
1983-12-11;124,00;127,00;121,00;Geprueft
1983-12-12;120,00;133,00;117,00;Geprueft
1983-12-13;115,00;118,00;112,00;Geprueft
1983-12-14;115,00;117,00;112,00;Geprueft
1983-12-15;117,00;118,00;114,00;Geprueft
1983-12-16;115,00;120,00;111,00;Geprueft
1983-12-17;110,00;111,00;107,00;Geprueft
1983-12-18;108,00;109,00;107,00;Geprueft
1983-12-19;112,00;118,00;106,00;Geprueft
1983-12-20;117,00;120,00;110,00;Geprueft
1983-12-21;110,00;111,00;109,00;Geprueft
1983-12-22;111,00;119,00;109,00;Geprueft
1983-12-23;135,00;141,00;119,00;Geprueft
1983-12-24;226,00;353,00;141,00;Geprueft
1983-12-25;304,00;368,00;251,00;Geprueft
1983-12-26;229,00;251,00;214,00;Geprueft
1983-12-27;213,00;221,00;199,00;Geprueft
1983-12-28;210,00;221,00;199,00;Geprueft
1983-12-29;183,00;202,00;175,00;Geprueft
1983-12-30;177,00;179,00;171,00;Geprueft
1983-12-31;165,00;172,00;161,00;Geprueft
1984-01-01;157,00;165,00;151,00;Geprueft
1984-01-02;150,00;155,00;148,00;Geprueft
1984-01-03;144,00;151,00;140,00;Geprueft
1984-01-04;147,00;150,00;142,00;Geprueft
1984-01-05;146,00;148,00;142,00;Geprueft
1984-01-06;138,00;143,00;135,00;Geprueft
1984-01-07;135,00;139,00;131,00;Geprueft
1984-01-08;141,00;158,00;132,00;Geprueft
1984-01-09;151,00;159,00;142,00;Geprueft
1984-01-10;139,00;143,00;136,00;Geprueft
1984-01-11;139,00;144,00;135,00;Geprueft
1984-01-12;132,00;137,00;127,00;Geprueft
1984-01-13;126,00;130,00;123,00;Geprueft
1984-01-14;144,00;184,00;126,00;Geprueft
1984-01-15;247,00;281,00;184,00;Geprueft
1984-01-16;265,00;278,00;250,00;Geprueft
1984-01-17;245,00;251,00;235,00;Geprueft
1984-01-18;267,00;288,00;243,00;Geprueft
1984-01-19;266,00;286,00;255,00;Geprueft
1984-01-20;235,00;257,00;207,00;Geprueft
1984-01-21;200,00;215,00;190,00;Geprueft
1984-01-22;183,00;190,00;173,00;Geprueft
1984-01-23;182,00;187,00;170,00;Geprueft
1984-01-24;182,00;188,00;177,00;Geprueft
1984-01-25;182,00;188,00;168,00;Geprueft
1984-01-26;165,00;176,00;157,00;Geprueft
1984-01-27;157,00;161,00;150,00;Geprueft
1984-01-28;156,00;162,00;148,00;Geprueft
1984-01-29;153,00;158,00;148,00;Geprueft
1984-01-30;150,00;158,00;145,00;Geprueft
1984-01-31;148,00;154,00;143,00;Geprueft
1984-02-01;151,00;158,00;144,00;Geprueft
1984-02-02;146,00;149,00;142,00;Geprueft
1984-02-03;158,00;171,00;148,00;Geprueft
1984-02-04;194,00;212,00;171,00;Geprueft
1984-02-05;226,00;255,00;212,00;Geprueft
1984-02-06;291,00;309,00;255,00;Geprueft
1984-02-07;337,00;401,00;306,00;Geprueft
1984-02-08;441,00;452,00;401,00;Geprueft
1984-02-09;404,00;434,00;380,00;Geprueft
1984-02-10;347,00;382,00;313,00;Geprueft
1984-02-11;289,00;317,00;274,00;Geprueft
1984-02-12;252,00;274,00;240,00;Geprueft
1984-02-13;221,00;240,00;208,00;Geprueft
1984-02-14;203,00;214,00;193,00;Geprueft
1984-02-15;198,00;205,00;188,00;Geprueft
1984-02-16;181,00;190,00;174,00;Geprueft
1984-02-17;179,00;183,00;172,00;Geprueft
1984-02-18;169,00;174,00;161,00;Geprueft
1984-02-19;163,00;165,00;157,00;Geprueft
1984-02-20;164,00;167,00;159,00;Geprueft
1984-02-21;155,00;161,00;151,00;Geprueft
1984-02-22;158,00;164,00;151,00;Geprueft
1984-02-23;161,00;169,00;156,00;Geprueft
1984-02-24;153,00;158,00;149,00;Geprueft
1984-02-25;150,00;151,00;145,00;Geprueft
1984-02-26;149,00;162,00;145,00;Geprueft
1984-02-27;153,00;160,00;144,00;Geprueft
1984-02-28;141,00;147,00;124,00;Geprueft
1984-02-29;149,00;153,00;141,00;Geprueft
1984-03-01;146,00;151,00;140,00;Geprueft
1984-03-02;141,00;145,00;139,00;Geprueft
1984-03-03;142,00;146,00;137,00;Geprueft
1984-03-04;142,00;146,00;140,00;Geprueft
1984-03-05;141,00;142,00;140,00;Geprueft
1984-03-06;136,00;142,00;130,00;Geprueft
1984-03-07;141,00;144,00;138,00;Geprueft
1984-03-08;141,00;145,00;137,00;Geprueft
1984-03-09;144,00;149,00;141,00;Geprueft
1984-03-10;143,00;144,00;142,00;Geprueft
1984-03-11;140,00;143,00;137,00;Geprueft
1984-03-12;136,00;139,00;130,00;Geprueft
1984-03-13;134,00;141,00;128,00;Geprueft
1984-03-14;138,00;139,00;138,00;Geprueft
1984-03-15;139,00;139,00;138,00;Geprueft
1984-03-16;141,00;142,00;138,00;Geprueft
1984-03-17;146,00;155,00;142,00;Geprueft
1984-03-18;150,00;153,00;147,00;Geprueft
1984-03-19;163,00;169,00;153,00;Geprueft
1984-03-20;160,00;166,00;157,00;Geprueft
1984-03-21;167,00;170,00;163,00;Geprueft
1984-03-22;169,00;183,00;160,00;Geprueft
1984-03-23;183,00;185,00;180,00;Geprueft
1984-03-24;184,00;189,00;180,00;Geprueft
1984-03-25;184,00;186,00;182,00;Geprueft
1984-03-26;191,00;210,00;182,00;Geprueft
1984-03-27;200,00;211,00;189,00;Geprueft
1984-03-28;212,00;217,00;204,00;Geprueft
1984-03-29;229,00;240,00;215,00;Geprueft
1984-03-30;239,00;241,00;235,00;Geprueft
1984-03-31;225,00;240,00;213,00;Geprueft
1984-04-01;219,00;237,00;215,00;Geprueft
1984-04-02;244,00;253,00;235,00;Geprueft
1984-04-03;263,00;269,00;253,00;Geprueft
1984-04-04;257,00;263,00;251,00;Geprueft
1984-04-05;240,00;254,00;228,00;Geprueft
1984-04-06;228,00;237,00;216,00;Geprueft
1984-04-07;218,00;222,00;211,00;Geprueft
1984-04-08;207,00;211,00;203,00;Geprueft
1984-04-09;204,00;208,00;201,00;Geprueft
1984-04-10;198,00;202,00;194,00;Geprueft
1984-04-11;197,00;201,00;193,00;Geprueft
1984-04-12;200,00;203,00;198,00;Geprueft
1984-04-13;197,00;200,00;194,00;Geprueft
1984-04-14;193,00;197,00;188,00;Geprueft
1984-04-15;194,00;199,00;188,00;Geprueft
1984-04-16;203,00;206,00;198,00;Geprueft
1984-04-17;211,00;217,00;206,00;Geprueft
1984-04-18;210,00;216,00;204,00;Geprueft
1984-04-19;197,00;204,00;192,00;Geprueft
1984-04-20;186,00;194,00;182,00;Geprueft
1984-04-21;186,00;189,00;184,00;Geprueft
1984-04-22;186,00;193,00;184,00;Geprueft
1984-04-23;200,00;203,00;193,00;Geprueft
1984-04-24;200,00;206,00;196,00;Geprueft
1984-04-25;211,00;214,00;206,00;Geprueft
1984-04-26;201,00;206,00;191,00;Geprueft
1984-04-27;194,00;200,00;187,00;Geprueft
1984-04-28;192,00;202,00;181,00;Geprueft
1984-04-29;175,00;181,00;170,00;Geprueft
1984-04-30;166,00;170,00;163,00;Geprueft
1984-05-01;165,00;167,00;164,00;Geprueft
1984-05-02;151,00;164,00;141,00;Geprueft
1984-05-03;163,00;176,00;152,00;Geprueft
1984-05-04;171,00;184,00;164,00;Geprueft
1984-05-05;179,00;184,00;169,00;Geprueft
1984-05-06;187,00;208,00;175,00;Geprueft
1984-05-07;208,00;224,00;204,00;Geprueft
1984-05-08;213,00;226,00;205,00;Geprueft
1984-05-09;195,00;206,00;176,00;Geprueft
1984-05-10;169,00;180,00;154,00;Geprueft
1984-05-11;165,00;171,00;160,00;Geprueft
1984-05-12;156,00;160,00;151,00;Geprueft
1984-05-13;145,00;154,00;137,00;Geprueft
1984-05-14;166,00;182,00;143,00;Geprueft
1984-05-15;168,00;179,00;161,00;Geprueft
1984-05-16;165,00;175,00;161,00;Geprueft
1984-05-17;186,00;207,00;164,00;Geprueft
1984-05-18;187,00;198,00;180,00;Geprueft
1984-05-19;177,00;183,00;172,00;Geprueft
1984-05-20;178,00;186,00;170,00;Geprueft
1984-05-21;186,00;204,00;171,00;Geprueft
1984-05-22;202,00;209,00;194,00;Geprueft
1984-05-23;198,00;207,00;176,00;Geprueft
1984-05-24;208,00;235,00;187,00;Geprueft
1984-05-25;221,00;229,00;209,00;Geprueft
1984-05-26;215,00;220,00;207,00;Geprueft
1984-05-27;208,00;216,00;201,00;Geprueft
1984-05-28;203,00;215,00;187,00;Geprueft
1984-05-29;195,00;207,00;174,00;Geprueft
1984-05-30;185,00;192,00;177,00;Geprueft
1984-05-31;236,00;296,00;191,00;Geprueft
1984-06-01;266,00;282,00;245,00;Geprueft
1984-06-02;234,00;250,00;229,00;Geprueft
1984-06-03;224,00;236,00;218,00;Geprueft
1984-06-04;213,00;218,00;206,00;Geprueft
1984-06-05;215,00;227,00;208,00;Geprueft
1984-06-06;320,00;402,00;227,00;Geprueft
1984-06-07;383,00;405,00;350,00;Geprueft
1984-06-08;339,00;351,00;326,00;Geprueft
1984-06-09;324,00;348,00;294,00;Geprueft
1984-06-10;290,00;302,00;279,00;Geprueft
1984-06-11;260,00;280,00;241,00;Geprueft
1984-06-12;227,00;246,00;211,00;Geprueft
1984-06-13;213,00;218,00;207,00;Geprueft
1984-06-14;203,00;209,00;194,00;Geprueft
1984-06-15;205,00;213,00;192,00;Geprueft
1984-06-16;213,00;229,00;203,00;Geprueft
1984-06-17;195,00;212,00;184,00;Geprueft
1984-06-18;185,00;194,00;167,00;Geprueft
1984-06-19;179,00;189,00;174,00;Geprueft
1984-06-20;170,00;182,00;149,00;Geprueft
1984-06-21;172,00;179,00;166,00;Geprueft
1984-06-22;196,00;206,00;167,00;Geprueft
1984-06-23;206,00;226,00;191,00;Geprueft
1984-06-24;214,00;276,00;196,00;Geprueft
1984-06-25;292,00;317,00;246,00;Geprueft
1984-06-26;227,00;246,00;206,00;Geprueft
1984-06-27;214,00;222,00;206,00;Geprueft
1984-06-28;196,00;210,00;181,00;Geprueft
1984-06-29;215,00;250,00;191,00;Geprueft
1984-06-30;230,00;255,00;198,00;Geprueft
1984-07-01;194,00;210,00;181,00;Geprueft
1984-07-02;183,00;196,00;175,00;Geprueft
1984-07-03;233,00;280,00;196,00;Geprueft
1984-07-04;260,00;299,00;221,00;Geprueft
1984-07-05;217,00;231,00;202,00;Geprueft
1984-07-06;193,00;202,00;184,00;Geprueft
1984-07-07;171,00;187,00;157,00;Geprueft
1984-07-08;164,00;170,00;160,00;Geprueft
1984-07-09;157,00;163,00;151,00;Geprueft
1984-07-10;151,00;161,00;145,00;Geprueft
1984-07-11;149,00;160,00;133,00;Geprueft
1984-07-12;147,00;153,00;141,00;Geprueft
1984-07-13;152,00;158,00;146,00;Geprueft
1984-07-14;149,00;157,00;135,00;Geprueft
1984-07-15;139,00;151,00;131,00;Geprueft
1984-07-16;164,00;182,00;151,00;Geprueft
1984-07-17;164,00;175,00;149,00;Geprueft
1984-07-18;151,00;159,00;146,00;Geprueft
1984-07-19;142,00;150,00;137,00;Geprueft
1984-07-20;146,00;151,00;139,00;Geprueft
1984-07-21;135,00;139,00;130,00;Geprueft
1984-07-22;130,00;136,00;129,00;Geprueft
1984-07-23;128,00;131,00;126,00;Geprueft
1984-07-24;126,00;137,00;116,00;Geprueft
1984-07-25;127,00;131,00;121,00;Geprueft
1984-07-26;143,00;151,00;127,00;Geprueft
1984-07-27;172,00;194,00;150,00;Geprueft
1984-07-28;154,00;159,00;147,00;Geprueft
1984-07-29;147,00;150,00;143,00;Geprueft
1984-07-30;142,00;148,00;134,00;Geprueft
1984-07-31;135,00;140,00;120,00;Geprueft
1984-08-01;128,00;140,00;116,00;Geprueft
1984-08-02;125,00;132,00;118,00;Geprueft
1984-08-03;119,00;126,00;108,00;Geprueft
1984-08-04;118,00;123,00;114,00;Geprueft
1984-08-05;124,00;130,00;117,00;Geprueft
1984-08-06;126,00;131,00;124,00;Geprueft
1984-08-07;127,00;136,00;121,00;Geprueft
1984-08-08;124,00;131,00;120,00;Geprueft
1984-08-09;121,00;123,00;121,00;Geprueft
1984-08-10;144,00;167,00;123,00;Geprueft
1984-08-11;232,00;297,00;167,00;Geprueft
1984-08-12;303,00;311,00;282,00;Geprueft
1984-08-13;242,00;282,00;212,00;Geprueft
1984-08-14;197,00;212,00;186,00;Geprueft
1984-08-15;183,00;192,00;177,00;Geprueft
1984-08-16;165,00;177,00;154,00;Geprueft
1984-08-17;158,00;163,00;151,00;Geprueft
1984-08-18;145,00;151,00;143,00;Geprueft
1984-08-19;133,00;144,00;129,00;Geprueft
1984-08-20;135,00;139,00;128,00;Geprueft
1984-08-21;130,00;135,00;124,00;Geprueft
1984-08-22;125,00;125,00;124,00;Geprueft
1984-08-23;124,00;125,00;122,00;Geprueft
1984-08-24;119,00;122,00;116,00;Geprueft
1984-08-25;122,00;127,00;118,00;Geprueft
1984-08-26;149,00;163,00;127,00;Geprueft
1984-08-27;177,00;187,00;154,00;Geprueft
1984-08-28;160,00;182,00;138,00;Geprueft
1984-08-29;140,00;144,00;133,00;Geprueft
1984-08-30;128,00;133,00;126,00;Geprueft
1984-08-31;127,00;131,00;125,00;Geprueft
1984-09-01;119,00;127,00;112,00;Geprueft
1984-09-02;117,00;119,00;115,00;Geprueft
1984-09-03;116,00;117,00;114,00;Geprueft
1984-09-04;112,00;115,00;110,00;Geprueft
1984-09-05;132,00;165,00;113,00;Geprueft
1984-09-06;280,00;362,00;165,00;Geprueft
1984-09-07;296,00;360,00;241,00;Geprueft
1984-09-08;210,00;251,00;193,00;Geprueft
1984-09-09;179,00;194,00;169,00;Geprueft
1984-09-10;183,00;207,00;169,00;Geprueft
1984-09-11;224,00;235,00;207,00;Geprueft
1984-09-12;199,00;210,00;188,00;Geprueft
1984-09-13;173,00;191,00;166,00;Geprueft
1984-09-14;163,00;169,00;156,00;Geprueft
1984-09-15;165,00;206,00;147,00;Geprueft
1984-09-16;250,00;302,00;206,00;Geprueft
1984-09-17;389,00;435,00;302,00;Geprueft
1984-09-18;374,00;435,00;307,00;Geprueft
1984-09-19;266,00;307,00;236,00;Geprueft
1984-09-20;220,00;236,00;196,00;Geprueft
1984-09-21;198,00;205,00;180,00;Geprueft
1984-09-22;209,00;255,00;180,00;Geprueft
1984-09-23;253,00;279,00;237,00;Geprueft
1984-09-24;287,00;306,00;279,00;Geprueft
1984-09-25;267,00;304,00;243,00;Geprueft
1984-09-26;250,00;265,00;244,00;Geprueft
1984-09-27;268,00;288,00;257,00;Geprueft
1984-09-28;283,00;297,00;250,00;Geprueft
1984-09-29;237,00;254,00;224,00;Geprueft
1984-09-30;213,00;228,00;205,00;Geprueft
1984-10-01;197,00;208,00;191,00;Geprueft
1984-10-02;205,00;219,00;191,00;Geprueft
1984-10-03;208,00;215,00;202,00;Geprueft
1984-10-04;200,00;209,00;191,00;Geprueft
1984-10-05;186,00;191,00;183,00;Geprueft
1984-10-06;185,00;189,00;177,00;Geprueft
1984-10-07;177,00;178,00;170,00;Geprueft
1984-10-08;173,00;176,00;169,00;Geprueft
1984-10-09;169,00;175,00;162,00;Geprueft
1984-10-10;163,00;164,00;161,00;Geprueft
1984-10-11;156,00;164,00;152,00;Geprueft
1984-10-12;151,00;153,00;149,00;Geprueft
1984-10-13;151,00;154,00;149,00;Geprueft
1984-10-14;147,00;150,00;145,00;Geprueft
1984-10-15;146,00;151,00;143,00;Geprueft
1984-10-16;141,00;143,00;138,00;Geprueft
1984-10-17;141,00;145,00;135,00;Geprueft
1984-10-18;140,00;144,00;137,00;Geprueft
1984-10-19;135,00;140,00;130,00;Geprueft
1984-10-20;132,00;134,00;129,00;Geprueft
1984-10-21;133,00;134,00;133,00;Geprueft
1984-10-22;131,00;133,00;122,00;Geprueft
1984-10-23;127,00;131,00;124,00;Geprueft
1984-10-24;130,00;132,00;128,00;Geprueft
1984-10-25;125,00;128,00;121,00;Geprueft
1984-10-26;122,00;127,00;121,00;Geprueft
1984-10-27;127,00;129,00;125,00;Geprueft
1984-10-28;125,00;130,00;122,00;Geprueft
1984-10-29;121,00;123,00;120,00;Geprueft
1984-10-30;123,00;127,00;118,00;Geprueft
1984-10-31;120,00;122,00;118,00;Geprueft
1984-11-01;118,00;121,00;112,00;Geprueft
1984-11-02;115,00;123,00;111,00;Geprueft
1984-11-03;121,00;123,00;118,00;Geprueft
1984-11-04;122,00;123,00;122,00;Geprueft
1984-11-05;119,00;123,00;117,00;Geprueft
1984-11-06;114,00;119,00;111,00;Geprueft
1984-11-07;119,00;121,00;117,00;Geprueft
1984-11-08;112,00;117,00;109,00;Geprueft
1984-11-09;110,00;111,00;109,00;Geprueft
1984-11-10;109,00;110,00;108,00;Geprueft
1984-11-11;113,00;115,00;109,00;Geprueft
1984-11-12;110,00;114,00;108,00;Geprueft
1984-11-13;114,00;114,00;112,00;Geprueft
1984-11-14;109,00;113,00;104,00;Geprueft
1984-11-15;108,00;112,00;104,00;Geprueft
1984-11-16;108,00;111,00;106,00;Geprueft
1984-11-17;113,00;117,00;110,00;Geprueft
1984-11-18;109,00;112,00;109,00;Geprueft
1984-11-19;113,00;113,00;112,00;Geprueft
1984-11-20;112,00;120,00;110,00;Geprueft
1984-11-21;110,00;112,00;110,00;Geprueft
1984-11-22;118,00;133,00;110,00;Geprueft
1984-11-23;147,00;157,00;133,00;Geprueft
1984-11-24;159,00;161,00;157,00;Geprueft
1984-11-25;161,00;170,00;156,00;Geprueft
1984-11-26;154,00;157,00;149,00;Geprueft
1984-11-27;180,00;198,00;156,00;Geprueft
1984-11-28;171,00;195,00;158,00;Geprueft
1984-11-29;162,00;165,00;156,00;Geprueft
1984-11-30;146,00;156,00;141,00;Geprueft
1984-12-01;140,00;141,00;138,00;Geprueft
1984-12-02;139,00;141,00;137,00;Geprueft
1984-12-03;137,00;141,00;134,00;Geprueft
1984-12-04;130,00;134,00;127,00;Geprueft
1984-12-05;129,00;131,00;126,00;Geprueft
1984-12-06;126,00;127,00;123,00;Geprueft
1984-12-07;121,00;123,00;120,00;Geprueft
1984-12-08;119,00;122,00;117,00;Geprueft
1984-12-09;118,00;121,00;117,00;Geprueft
1984-12-10;123,00;124,00;121,00;Geprueft
1984-12-11;119,00;121,00;119,00;Geprueft
1984-12-12;117,00;125,00;116,00;Geprueft
1984-12-13;116,00;119,00;114,00;Geprueft
1984-12-14;120,00;128,00;114,00;Geprueft
1984-12-15;139,00;143,00;128,00;Geprueft
1984-12-16;139,00;143,00;138,00;Geprueft
1984-12-17;178,00;232,00;143,00;Geprueft
1984-12-18;204,00;230,00;177,00;Geprueft
1984-12-19;183,00;188,00;177,00;Geprueft
1984-12-20;178,00;183,00;165,00;Geprueft
1984-12-21;163,00;165,00;160,00;Geprueft
1984-12-22;180,00;190,00;165,00;Geprueft
1984-12-23;171,00;190,00;159,00;Geprueft
1984-12-24;153,00;159,00;151,00;Geprueft
1984-12-25;151,00;152,00;148,00;Geprueft
1984-12-26;143,00;148,00;142,00;Geprueft
1984-12-27;140,00;142,00;136,00;Geprueft
1984-12-28;135,00;136,00;134,00;Geprueft
1984-12-29;133,00;134,00;130,00;Geprueft
1984-12-30;129,00;130,00;126,00;Geprueft
1984-12-31;126,00;126,00;125,00;Geprueft
1985-01-01;125,00;125,00;125,00;Geprueft
1985-01-02;126,00;127,00;125,00;Geprueft
1985-01-03;125,00;127,00;122,00;Geprueft
1985-01-04;118,00;122,00;115,00;Geprueft
1985-01-05;124,00;127,00;119,00;Geprueft
1985-01-06;118,00;125,00;111,00;Geprueft
1985-01-07;117,00;122,00;108,00;Geprueft
1985-01-08;109,00;121,00;100,00;Geprueft
1985-01-09;117,00;127,00;110,00;Geprueft
1985-01-10;126,00;130,00;118,00;Geprueft
1985-01-11;113,00;122,00;106,00;Geprueft
1985-01-12;111,00;118,00;106,00;Geprueft
1985-01-13;116,00;134,00;106,00;Geprueft
1985-01-14;131,00;139,00;125,00;Geprueft
1985-01-15;123,00;131,00;112,00;Geprueft
1985-01-16;120,00;129,00;109,00;Geprueft
1985-01-17;110,00;115,00;108,00;Geprueft
1985-01-18;119,00;130,00;105,00;Geprueft
1985-01-19;111,00;114,00;107,00;Geprueft
1985-01-20;110,00;115,00;105,00;Geprueft
1985-01-21;113,00;117,00;109,00;Geprueft
1985-01-22;117,00;132,00;107,00;Geprueft
1985-01-23;157,00;192,00;132,00;Geprueft
1985-01-24;224,00;236,00;192,00;Geprueft
1985-01-25;199,00;223,00;178,00;Geprueft
1985-01-26;175,00;193,00;169,00;Geprueft
1985-01-27;192,00;197,00;189,00;Geprueft
1985-01-28;195,00;198,00;185,00;Geprueft
1985-01-29;174,00;185,00;168,00;Geprueft
1985-01-30;166,00;172,00;160,00;Geprueft
1985-01-31;207,00;234,00;172,00;Geprueft
1985-02-01;338,00;435,00;234,00;Geprueft
1985-02-02;437,00;444,00;431,00;Geprueft
1985-02-03;464,00;478,00;433,00;Geprueft
1985-02-04;398,00;466,00;347,00;Geprueft
1985-02-05;310,00;347,00;289,00;Geprueft
1985-02-06;265,00;290,00;244,00;Geprueft
1985-02-07;256,00;265,00;246,00;Geprueft
1985-02-08;247,00;253,00;239,00;Geprueft
1985-02-09;257,00;286,00;236,00;Geprueft
1985-02-10;327,00;349,00;285,00;Geprueft
1985-02-11;279,00;312,00;252,00;Geprueft
1985-02-12;235,00;252,00;218,00;Geprueft
1985-02-13;215,00;225,00;206,00;Geprueft
1985-02-14;207,00;218,00;198,00;Geprueft
1985-02-15;199,00;205,00;196,00;Geprueft
1985-02-16;185,00;196,00;180,00;Geprueft
1985-02-17;177,00;180,00;176,00;Geprueft
1985-02-18;171,00;176,00;166,00;Geprueft
1985-02-19;163,00;166,00;160,00;Geprueft
1985-02-20;158,00;160,00;155,00;Geprueft
1985-02-21;159,00;161,00;157,00;Geprueft
1985-02-22;156,00;158,00;154,00;Geprueft
1985-02-23;153,00;155,00;150,00;Geprueft
1985-02-24;150,00;151,00;150,00;Geprueft
1985-02-25;153,00;156,00;150,00;Geprueft
1985-02-26;158,00;166,00;154,00;Geprueft
1985-02-27;163,00;166,00;161,00;Geprueft
1985-02-28;167,00;169,00;162,00;Geprueft
1985-03-01;165,00;169,00;161,00;Geprueft
1985-03-02;174,00;200,00;160,00;Geprueft
1985-03-03;207,00;214,00;200,00;Geprueft
1985-03-04;191,00;201,00;182,00;Geprueft
1985-03-05;179,00;182,00;177,00;Geprueft
1985-03-06;173,00;177,00;172,00;Geprueft
1985-03-07;169,00;173,00;164,00;Geprueft
1985-03-08;163,00;165,00;162,00;Geprueft
1985-03-09;159,00;165,00;153,00;Geprueft
1985-03-10;151,00;153,00;150,00;Geprueft
1985-03-11;150,00;150,00;149,00;Geprueft
1985-03-12;149,00;151,00;147,00;Geprueft
1985-03-13;151,00;154,00;148,00;Geprueft
1985-03-14;143,00;149,00;140,00;Geprueft
1985-03-15;144,00;148,00;140,00;Geprueft
1985-03-16;142,00;144,00;140,00;Geprueft
1985-03-17;143,00;144,00;140,00;Geprueft
1985-03-18;141,00;142,00;140,00;Geprueft
1985-03-19;141,00;142,00;140,00;Geprueft
1985-03-20;141,00;143,00;141,00;Geprueft
1985-03-21;142,00;143,00;140,00;Geprueft
1985-03-22;140,00;140,00;140,00;Geprueft
1985-03-23;148,00;158,00;140,00;Geprueft
1985-03-24;180,00;188,00;158,00;Geprueft
1985-03-25;194,00;200,00;188,00;Geprueft
1985-03-26;188,00;190,00;186,00;Geprueft
1985-03-27;182,00;187,00;180,00;Geprueft
1985-03-28;181,00;182,00;180,00;Geprueft
1985-03-29;180,00;180,00;178,00;Geprueft
1985-03-30;169,00;178,00;162,00;Geprueft
1985-03-31;158,00;162,00;155,00;Geprueft
1985-04-01;163,00;167,00;161,00;Geprueft
1985-04-02;168,00;172,00;161,00;Geprueft
1985-04-03;166,00;168,00;161,00;Geprueft
1985-04-04;165,00;169,00;160,00;Geprueft
1985-04-05;166,00;169,00;162,00;Geprueft
1985-04-06;163,00;168,00;160,00;Geprueft
1985-04-07;168,00;173,00;162,00;Geprueft
1985-04-08;164,00;169,00;160,00;Geprueft
1985-04-09;172,00;184,00;166,00;Geprueft
1985-04-10;195,00;225,00;183,00;Geprueft
1985-04-11;234,00;247,00;216,00;Geprueft
1985-04-12;206,00;216,00;202,00;Geprueft
1985-04-13;195,00;204,00;188,00;Geprueft
1985-04-14;197,00;202,00;188,00;Geprueft
1985-04-15;195,00;204,00;194,00;Geprueft
1985-04-16;203,00;206,00;201,00;Geprueft
1985-04-17;205,00;210,00;198,00;Geprueft
1985-04-18;198,00;202,00;195,00;Geprueft
1985-04-19;189,00;197,00;179,00;Geprueft
1985-04-20;178,00;182,00;173,00;Geprueft
1985-04-21;180,00;183,00;175,00;Geprueft
1985-04-22;181,00;183,00;180,00;Geprueft
1985-04-23;173,00;180,00;168,00;Geprueft
1985-04-24;179,00;193,00;168,00;Geprueft
1985-04-25;180,00;193,00;169,00;Geprueft
1985-04-26;165,00;169,00;161,00;Geprueft
1985-04-27;159,00;162,00;153,00;Geprueft
1985-04-28;155,00;156,00;153,00;Geprueft
1985-04-29;160,00;163,00;156,00;Geprueft
1985-04-30;161,00;182,00;155,00;Geprueft
1985-05-01;240,00;291,00;182,00;Geprueft
1985-05-02;271,00;312,00;249,00;Geprueft
1985-05-03;323,00;346,00;296,00;Geprueft
1985-05-04;281,00;296,00;258,00;Geprueft
1985-05-05;248,00;258,00;236,00;Geprueft
1985-05-06;236,00;241,00;229,00;Geprueft
1985-05-07;225,00;232,00;216,00;Geprueft
1985-05-08;257,00;330,00;227,00;Geprueft
1985-05-09;321,00;335,00;307,00;Geprueft
1985-05-10;307,00;315,00;300,00;Geprueft
1985-05-11;276,00;300,00;266,00;Geprueft
1985-05-12;253,00;269,00;243,00;Geprueft
1985-05-13;234,00;245,00;226,00;Geprueft
1985-05-14;227,00;235,00;220,00;Geprueft
1985-05-15;228,00;231,00;225,00;Geprueft
1985-05-16;216,00;225,00;202,00;Geprueft
1985-05-17;211,00;220,00;202,00;Geprueft
1985-05-18;220,00;233,00;215,00;Geprueft
1985-05-19;251,00;268,00;233,00;Geprueft
1985-05-20;234,00;238,00;230,00;Geprueft
1985-05-21;289,00;370,00;230,00;Geprueft
1985-05-22;350,00;371,00;331,00;Geprueft
1985-05-23;339,00;365,00;297,00;Geprueft
1985-05-24;272,00;297,00;249,00;Geprueft
1985-05-25;238,00;250,00;228,00;Geprueft
1985-05-26;227,00;231,00;225,00;Geprueft
1985-05-27;223,00;248,00;218,00;Geprueft
1985-05-28;269,00;304,00;246,00;Geprueft
1985-05-29;319,00;331,00;304,00;Geprueft
1985-05-30;304,00;321,00;299,00;Geprueft
1985-05-31;286,00;299,00;273,00;Geprueft
1985-06-01;261,00;273,00;250,00;Geprueft
1985-06-02;241,00;251,00;227,00;Geprueft
1985-06-03;209,00;227,00;196,00;Geprueft
1985-06-04;202,00;206,00;196,00;Geprueft
1985-06-05;194,00;199,00;188,00;Geprueft
1985-06-06;193,00;195,00;189,00;Geprueft
1985-06-07;206,00;215,00;190,00;Geprueft
1985-06-08;226,00;236,00;215,00;Geprueft
1985-06-09;217,00;234,00;193,00;Geprueft
1985-06-10;198,00;201,00;192,00;Geprueft
1985-06-11;206,00;214,00;198,00;Geprueft
1985-06-12;211,00;219,00;200,00;Geprueft
1985-06-13;199,00;203,00;197,00;Geprueft
1985-06-14;202,00;205,00;189,00;Geprueft
1985-06-15;228,00;287,00;189,00;Geprueft
1985-06-16;267,00;292,00;236,00;Geprueft
1985-06-17;216,00;236,00;199,00;Geprueft
1985-06-18;200,00;205,00;187,00;Geprueft
1985-06-19;182,00;187,00;178,00;Geprueft
1985-06-20;180,00;181,00;179,00;Geprueft
1985-06-21;192,00;194,00;181,00;Geprueft
1985-06-22;192,00;196,00;189,00;Geprueft
1985-06-23;217,00;233,00;196,00;Geprueft
1985-06-24;219,00;232,00;211,00;Geprueft
1985-06-25;205,00;218,00;200,00;Geprueft
1985-06-26;206,00;213,00;190,00;Geprueft
1985-06-27;211,00;242,00;190,00;Geprueft
1985-06-28;221,00;242,00;204,00;Geprueft
1985-06-29;190,00;205,00;178,00;Geprueft
1985-06-30;177,00;178,00;172,00;Geprueft
1985-07-01;171,00;185,00;167,00;Geprueft
1985-07-02;198,00;215,00;181,00;Geprueft
1985-07-03;178,00;181,00;169,00;Geprueft
1985-07-04;163,00;169,00;156,00;Geprueft
1985-07-05;155,00;161,00;151,00;Geprueft
1985-07-06;186,00;200,00;161,00;Geprueft
1985-07-07;194,00;200,00;185,00;Geprueft
1985-07-08;194,00;206,00;173,00;Geprueft
1985-07-09;165,00;173,00;154,00;Geprueft
1985-07-10;159,00;164,00;155,00;Geprueft
1985-07-11;150,00;157,00;143,00;Geprueft
1985-07-12;146,00;148,00;145,00;Geprueft
1985-07-13;141,00;147,00;137,00;Geprueft
1985-07-14;140,00;141,00;138,00;Geprueft
1985-07-15;143,00;156,00;135,00;Geprueft
1985-07-16;147,00;161,00;138,00;Geprueft
1985-07-17;152,00;163,00;139,00;Geprueft
1985-07-18;137,00;139,00;136,00;Geprueft
1985-07-19;133,00;136,00;131,00;Geprueft
1985-07-20;137,00;138,00;136,00;Geprueft
1985-07-21;133,00;140,00;129,00;Geprueft
1985-07-22;143,00;147,00;137,00;Geprueft
1985-07-23;131,00;137,00;128,00;Geprueft
1985-07-24;126,00;128,00;125,00;Geprueft
1985-07-25;126,00;127,00;124,00;Geprueft
1985-07-26;124,00;126,00;122,00;Geprueft
1985-07-27;123,00;125,00;121,00;Geprueft
1985-07-28;116,00;121,00;113,00;Geprueft
1985-07-29;122,00;126,00;114,00;Geprueft
1985-07-30;127,00;131,00;124,00;Geprueft
1985-07-31;136,00;147,00;124,00;Geprueft
1985-08-01;148,00;152,00;139,00;Geprueft
1985-08-02;137,00;139,00;135,00;Geprueft
1985-08-03;140,00;144,00;131,00;Geprueft
1985-08-04;130,00;134,00;127,00;Geprueft
1985-08-05;132,00;136,00;129,00;Geprueft
1985-08-06;161,00;228,00;123,00;Geprueft
1985-08-07;294,00;310,00;228,00;Geprueft
1985-08-08;255,00;300,00;203,00;Geprueft
1985-08-09;195,00;203,00;180,00;Geprueft
1985-08-10;167,00;180,00;164,00;Geprueft
1985-08-11;152,00;165,00;146,00;Geprueft
1985-08-12;143,00;148,00;134,00;Geprueft
1985-08-13;140,00;144,00;134,00;Geprueft
1985-08-14;139,00;144,00;131,00;Geprueft
1985-08-15;125,00;131,00;123,00;Geprueft
1985-08-16;133,00;139,00;124,00;Geprueft
1985-08-17;149,00;152,00;137,00;Geprueft
1985-08-18;152,00;157,00;142,00;Geprueft
1985-08-19;134,00;142,00;128,00;Geprueft
1985-08-20;130,00;132,00;127,00;Geprueft
1985-08-21;133,00;140,00;127,00;Geprueft
1985-08-22;125,00;127,00;121,00;Geprueft
1985-08-23;119,00;121,00;116,00;Geprueft
1985-08-24;121,00;124,00;119,00;Geprueft
1985-08-25;124,00;137,00;122,00;Geprueft
1985-08-26;235,00;327,00;137,00;Geprueft
1985-08-27;334,00;352,00;300,00;Geprueft
1985-08-28;241,00;300,00;200,00;Geprueft
1985-08-29;191,00;204,00;175,00;Geprueft
1985-08-30;168,00;175,00;161,00;Geprueft
1985-08-31;153,00;161,00;138,00;Geprueft
1985-09-01;147,00;150,00;137,00;Geprueft
1985-09-02;140,00;149,00;131,00;Geprueft
1985-09-03;138,00;147,00;132,00;Geprueft
1985-09-04;168,00;182,00;147,00;Geprueft
1985-09-05;183,00;187,00;175,00;Geprueft
1985-09-06;175,00;184,00;171,00;Geprueft
1985-09-07;185,00;191,00;171,00;Geprueft
1985-09-08;162,00;171,00;151,00;Geprueft
1985-09-09;147,00;152,00;139,00;Geprueft
1985-09-10;137,00;139,00;137,00;Geprueft
1985-09-11;136,00;140,00;132,00;Geprueft
1985-09-12;130,00;138,00;124,00;Geprueft
1985-09-13;123,00;125,00;119,00;Geprueft
1985-09-14;125,00;127,00;120,00;Geprueft
1985-09-15;120,00;125,00;118,00;Geprueft
1985-09-16;124,00;131,00;119,00;Geprueft
1985-09-17;121,00;122,00;119,00;Geprueft
1985-09-18;119,00;121,00;115,00;Geprueft
1985-09-19;114,00;118,00;111,00;Geprueft
1985-09-20;116,00;118,00;111,00;Geprueft
1985-09-21;111,00;113,00;109,00;Geprueft
1985-09-22;109,00;109,00;108,00;Geprueft
1985-09-23;107,00;110,00;105,00;Geprueft
1985-09-24;105,00;107,00;104,00;Geprueft
1985-09-25;108,00;109,00;106,00;Geprueft
1985-09-26;106,00;109,00;105,00;Geprueft
1985-09-27;103,00;105,00;101,00;Geprueft
1985-09-28;106,00;107,00;103,00;Geprueft
1985-09-29;101,00;103,00;99,00;Geprueft
1985-09-30;103,00;105,00;101,00;Geprueft
1985-10-01;102,00;104,00;100,00;Geprueft
1985-10-02;100,00;101,00;100,00;Geprueft
1985-10-03;104,00;108,00;101,00;Geprueft
1985-10-04;102,00;105,00;100,00;Geprueft
1985-10-05;98,00;100,00;96,00;Geprueft
1985-10-06;100,00;109,00;98,00;Geprueft
1985-10-07;107,00;111,00;103,00;Geprueft
1985-10-08;103,00;105,00;101,00;Geprueft
1985-10-09;102,00;105,00;100,00;Geprueft
1985-10-10;99,00;100,00;98,00;Geprueft
1985-10-11;101,00;103,00;98,00;Geprueft
1985-10-12;103,00;106,00;99,00;Geprueft
1985-10-13;101,00;104,00;100,00;Geprueft
1985-10-14;101,00;103,00;100,00;Geprueft
1985-10-15;107,00;111,00;102,00;Geprueft
1985-10-16;101,00;103,00;99,00;Geprueft
1985-10-17;105,00;106,00;102,00;Geprueft
1985-10-18;101,00;104,00;99,00;Geprueft
1985-10-19;101,00;103,00;99,00;Geprueft
1985-10-20;103,00;104,00;102,00;Geprueft
1985-10-21;102,00;103,00;98,00;Geprueft
1985-10-22;98,00;99,00;98,00;Geprueft
1985-10-23;98,00;99,00;95,00;Geprueft
1985-10-24;101,00;103,00;99,00;Geprueft
1985-10-25;99,00;100,00;98,00;Geprueft
1985-10-26;93,00;99,00;89,00;Geprueft
1985-10-27;95,00;99,00;91,00;Geprueft
1985-10-28;101,00;102,00;99,00;Geprueft
1985-10-29;101,00;103,00;99,00;Geprueft
1985-10-30;100,00;103,00;100,00;Geprueft
1985-10-31;102,00;103,00;101,00;Geprueft
1985-11-01;102,00;103,00;101,00;Geprueft
1985-11-02;105,00;108,00;101,00;Geprueft
1985-11-03;106,00;107,00;105,00;Geprueft
1985-11-04;103,00;105,00;98,00;Geprueft
1985-11-05;99,00;106,00;96,00;Geprueft
1985-11-06;125,00;144,00;106,00;Geprueft
1985-11-07;132,00;145,00;124,00;Geprueft
1985-11-08;117,00;126,00;110,00;Geprueft
1985-11-09;132,00;154,00;122,00;Geprueft
1985-11-10;144,00;161,00;130,00;Geprueft
1985-11-11;207,00;232,00;161,00;Geprueft
1985-11-12;170,00;200,00;157,00;Geprueft
1985-11-13;146,00;157,00;135,00;Geprueft
1985-11-14;137,00;139,00;136,00;Geprueft
1985-11-15;132,00;139,00;127,00;Geprueft
1985-11-16;127,00;128,00;127,00;Geprueft
1985-11-17;125,00;128,00;121,00;Geprueft
1985-11-18;118,00;121,00;117,00;Geprueft
1985-11-19;116,00;118,00;114,00;Geprueft
1985-11-20;110,00;114,00;107,00;Geprueft
1985-11-21;110,00;112,00;107,00;Geprueft
1985-11-22;113,00;118,00;110,00;Geprueft
1985-11-23;109,00;111,00;107,00;Geprueft
1985-11-24;109,00;111,00;107,00;Geprueft
1985-11-25;109,00;111,00;107,00;Geprueft
1985-11-26;108,00;110,00;106,00;Geprueft
1985-11-27;104,00;106,00;101,00;Geprueft
1985-11-28;104,00;106,00;101,00;Geprueft
1985-11-29;103,00;105,00;101,00;Geprueft
1985-11-30;104,00;113,00;101,00;Geprueft
1985-12-01;157,00;183,00;113,00;Geprueft
1985-12-02;184,00;190,00;169,00;Geprueft
1985-12-03;167,00;170,00;164,00;Geprueft
1985-12-04;161,00;169,00;155,00;Geprueft
1985-12-05;161,00;164,00;158,00;Geprueft
1985-12-06;146,00;159,00;140,00;Geprueft
1985-12-07;139,00;142,00;136,00;Geprueft
1985-12-08;136,00;136,00;135,00;Geprueft
1985-12-09;135,00;136,00;132,00;Geprueft
1985-12-10;131,00;133,00;127,00;Geprueft
1985-12-11;134,00;140,00;131,00;Geprueft
1985-12-12;135,00;140,00;129,00;Geprueft
1985-12-13;125,00;129,00;123,00;Geprueft
1985-12-14;127,00;128,00;125,00;Geprueft
1985-12-15;125,00;125,00;125,00;Geprueft
1985-12-16;125,00;126,00;125,00;Geprueft
1985-12-17;128,00;130,00;126,00;Geprueft
1985-12-18;126,00;128,00;124,00;Geprueft
1985-12-19;127,00;128,00;125,00;Geprueft
1985-12-20;133,00;136,00;127,00;Geprueft
1985-12-21;125,00;129,00;124,00;Geprueft
1985-12-22;121,00;124,00;116,00;Geprueft
1985-12-23;113,00;116,00;109,00;Geprueft
1985-12-24;110,00;114,00;107,00;Geprueft
1985-12-25;112,00;113,00;109,00;Geprueft
1985-12-26;113,00;113,00;112,00;Geprueft
1985-12-27;115,00;117,00;113,00;Geprueft
1985-12-28;121,00;131,00;115,00;Geprueft
1985-12-29;163,00;190,00;131,00;Geprueft
1985-12-30;177,00;190,00;170,00;Geprueft
1985-12-31;155,00;170,00;147,00;Geprueft
1986-01-01;144,00;148,00;138,00;Geprueft
1986-01-02;134,00;138,00;130,00;Geprueft
1986-01-03;128,00;130,00;126,00;Geprueft
1986-01-04;128,00;130,00;126,00;Geprueft
1986-01-05;122,00;126,00;120,00;Geprueft
1986-01-06;120,00;120,00;115,00;Geprueft
1986-01-07;118,00;120,00;115,00;Geprueft
1986-01-08;117,00;120,00;113,00;Geprueft
1986-01-09;113,00;115,00;113,00;Geprueft
1986-01-10;113,00;115,00;113,00;Geprueft
1986-01-11;132,00;192,00;115,00;Geprueft
1986-01-12;246,00;281,00;192,00;Geprueft
1986-01-13;206,00;217,00;197,00;Geprueft
1986-01-14;254,00;323,00;202,00;Geprueft
1986-01-15;378,00;408,00;323,00;Geprueft
1986-01-16;375,00;398,00;354,00;Geprueft
1986-01-17;317,00;354,00;289,00;Geprueft
1986-01-18;272,00;290,00;258,00;Geprueft
1986-01-19;271,00;320,00;251,00;Geprueft
1986-01-20;340,00;348,00;320,00;Geprueft
1986-01-21;330,00;343,00;316,00;Geprueft
1986-01-22;292,00;319,00;265,00;Geprueft
1986-01-23;252,00;265,00;242,00;Geprueft
1986-01-24;341,00;421,00;248,00;Geprueft
1986-01-25;376,00;421,00;352,00;Geprueft
1986-01-26;352,00;358,00;330,00;Geprueft
1986-01-27;304,00;330,00;276,00;Geprueft
1986-01-28;250,00;276,00;235,00;Geprueft
1986-01-29;232,00;248,00;214,00;Geprueft
1986-01-30;220,00;227,00;212,00;Geprueft
1986-01-31;208,00;215,00;200,00;Geprueft
1986-02-01;201,00;204,00;196,00;Geprueft
1986-02-02;195,00;200,00;190,00;Geprueft
1986-02-03;185,00;190,00;179,00;Geprueft
1986-02-04;177,00;179,00;175,00;Geprueft
1986-02-05;177,00;180,00;171,00;Geprueft
1986-02-06;165,00;171,00;161,00;Geprueft
1986-02-07;167,00;169,00;159,00;Geprueft
1986-02-08;155,00;159,00;152,00;Geprueft
1986-02-09;156,00;157,00;153,00;Geprueft
1986-02-10;149,00;153,00;147,00;Geprueft
1986-02-11;145,00;148,00;141,00;Geprueft
1986-02-12;142,00;144,00;141,00;Geprueft
1986-02-13;143,00;144,00;142,00;Geprueft
1986-02-14;143,00;145,00;135,00;Geprueft
1986-02-15;136,00;139,00;131,00;Geprueft
1986-02-16;141,00;142,00;139,00;Geprueft
1986-02-17;143,00;144,00;142,00;Geprueft
1986-02-18;136,00;143,00;133,00;Geprueft
1986-02-19;139,00;142,00;134,00;Geprueft
1986-02-20;137,00;139,00;134,00;Geprueft
1986-02-21;132,00;134,00;130,00;Geprueft
1986-02-22;131,00;132,00;129,00;Geprueft
1986-02-23;129,00;130,00;128,00;Geprueft
1986-02-24;133,00;136,00;129,00;Geprueft
1986-02-25;128,00;130,00;126,00;Geprueft
1986-02-26;126,00;127,00;124,00;Geprueft
1986-02-27;126,00;134,00;122,00;Geprueft
1986-02-28;122,00;123,00;120,00;Geprueft
1986-03-01;127,00;130,00;123,00;Geprueft
1986-03-02;127,00;128,00;125,00;Geprueft
1986-03-03;128,00;131,00;127,00;Geprueft
1986-03-04;127,00;129,00;126,00;Geprueft
1986-03-05;133,00;137,00;127,00;Geprueft
1986-03-06;141,00;150,00;136,00;Geprueft
1986-03-07;165,00;172,00;150,00;Geprueft
1986-03-08;175,00;177,00;171,00;Geprueft
1986-03-09;164,00;172,00;158,00;Geprueft
1986-03-10;158,00;160,00;154,00;Geprueft
1986-03-11;161,00;163,00;158,00;Geprueft
1986-03-12;172,00;179,00;161,00;Geprueft
1986-03-13;164,00;174,00;162,00;Geprueft
1986-03-14;162,00;164,00;160,00;Geprueft
1986-03-15;179,00;187,00;162,00;Geprueft
1986-03-16;192,00;197,00;184,00;Geprueft
1986-03-17;190,00;197,00;184,00;Geprueft
1986-03-18;196,00;197,00;195,00;Geprueft
1986-03-19;191,00;198,00;184,00;Geprueft
1986-03-20;198,00;204,00;191,00;Geprueft
1986-03-21;206,00;208,00;204,00;Geprueft
1986-03-22;210,00;218,00;203,00;Geprueft
1986-03-23;198,00;203,00;195,00;Geprueft
1986-03-24;244,00;298,00;200,00;Geprueft
1986-03-25;350,00;384,00;298,00;Geprueft
1986-03-26;322,00;378,00;303,00;Geprueft
1986-03-27;283,00;305,00;264,00;Geprueft
1986-03-28;249,00;264,00;237,00;Geprueft
1986-03-29;247,00;255,00;237,00;Geprueft
1986-03-30;245,00;248,00;235,00;Geprueft
1986-03-31;231,00;236,00;226,00;Geprueft
1986-04-01;250,00;266,00;236,00;Geprueft
1986-04-02;266,00;271,00;261,00;Geprueft
1986-04-03;269,00;279,00;260,00;Geprueft
1986-04-04;273,00;277,00;262,00;Geprueft
1986-04-05;294,00;308,00;277,00;Geprueft
1986-04-06;288,00;309,00;274,00;Geprueft
1986-04-07;259,00;274,00;249,00;Geprueft
1986-04-08;251,00;256,00;247,00;Geprueft
1986-04-09;246,00;258,00;241,00;Geprueft
1986-04-10;326,00;375,00;258,00;Geprueft
1986-04-11;350,00;374,00;335,00;Geprueft
1986-04-12;321,00;340,00;299,00;Geprueft
1986-04-13;283,00;299,00;272,00;Geprueft
1986-04-14;264,00;272,00;258,00;Geprueft
1986-04-15;252,00;258,00;243,00;Geprueft
1986-04-16;248,00;249,00;243,00;Geprueft
1986-04-17;237,00;246,00;226,00;Geprueft
1986-04-18;237,00;238,00;234,00;Geprueft
1986-04-19;239,00;243,00;236,00;Geprueft
1986-04-20;237,00;242,00;233,00;Geprueft
1986-04-21;258,00;269,00;237,00;Geprueft
1986-04-22;270,00;277,00;265,00;Geprueft
1986-04-23;260,00;271,00;251,00;Geprueft
1986-04-24;252,00;256,00;249,00;Geprueft
1986-04-25;248,00;254,00;241,00;Geprueft
1986-04-26;251,00;259,00;245,00;Geprueft
1986-04-27;260,00;263,00;255,00;Geprueft
1986-04-28;255,00;261,00;251,00;Geprueft
1986-04-29;254,00;269,00;244,00;Geprueft
1986-04-30;305,00;315,00;269,00;Geprueft
1986-05-01;358,00;392,00;312,00;Geprueft
1986-05-02;343,00;368,00;326,00;Geprueft
1986-05-03;310,00;326,00;304,00;Geprueft
1986-05-04;290,00;304,00;283,00;Geprueft
1986-05-05;271,00;286,00;263,00;Geprueft
1986-05-06;266,00;270,00;260,00;Geprueft
1986-05-07;267,00;272,00;260,00;Geprueft
1986-05-08;283,00;297,00;272,00;Geprueft
1986-05-09;281,00;300,00;258,00;Geprueft
1986-05-10;247,00;258,00;234,00;Geprueft
1986-05-11;227,00;234,00;221,00;Geprueft
1986-05-12;233,00;239,00;229,00;Geprueft
1986-05-13;238,00;241,00;236,00;Geprueft
1986-05-14;241,00;249,00;236,00;Geprueft
1986-05-15;236,00;246,00;225,00;Geprueft
1986-05-16;226,00;231,00;221,00;Geprueft
1986-05-17;249,00;256,00;227,00;Geprueft
1986-05-18;248,00;251,00;244,00;Geprueft
1986-05-19;239,00;248,00;233,00;Geprueft
1986-05-20;253,00;263,00;237,00;Geprueft
1986-05-21;244,00;256,00;231,00;Geprueft
1986-05-22;244,00;257,00;233,00;Geprueft
1986-05-23;235,00;255,00;225,00;Geprueft
1986-05-24;241,00;267,00;225,00;Geprueft
1986-05-25;250,00;266,00;238,00;Geprueft
1986-05-26;223,00;238,00;217,00;Geprueft
1986-05-27;209,00;218,00;204,00;Geprueft
1986-05-28;223,00;232,00;212,00;Geprueft
1986-05-29;238,00;245,00;232,00;Geprueft
1986-05-30;263,00;281,00;241,00;Geprueft
1986-05-31;299,00;308,00;281,00;Geprueft
1986-06-01;284,00;298,00;267,00;Geprueft
1986-06-02;254,00;267,00;247,00;Geprueft
1986-06-03;281,00;294,00;251,00;Geprueft
1986-06-04;283,00;315,00;275,00;Geprueft
1986-06-05;361,00;379,00;315,00;Geprueft
1986-06-06;315,00;343,00;290,00;Geprueft
1986-06-07;281,00;294,00;269,00;Geprueft
1986-06-08;268,00;282,00;254,00;Geprueft
1986-06-09;267,00;282,00;253,00;Geprueft
1986-06-10;243,00;253,00;231,00;Geprueft
1986-06-11;232,00;238,00;224,00;Geprueft
1986-06-12;296,00;354,00;238,00;Geprueft
1986-06-13;327,00;354,00;290,00;Geprueft
1986-06-14;274,00;290,00;250,00;Geprueft
1986-06-15;246,00;250,00;240,00;Geprueft
1986-06-16;232,00;240,00;222,00;Geprueft
1986-06-17;221,00;226,00;218,00;Geprueft
1986-06-18;227,00;247,00;217,00;Geprueft
1986-06-19;230,00;247,00;223,00;Geprueft
1986-06-20;234,00;244,00;228,00;Geprueft
1986-06-21;245,00;253,00;236,00;Geprueft
1986-06-22;244,00;254,00;235,00;Geprueft
1986-06-23;231,00;238,00;221,00;Geprueft
1986-06-24;263,00;284,00;234,00;Geprueft
1986-06-25;249,00;284,00;226,00;Geprueft
1986-06-26;218,00;227,00;203,00;Geprueft
1986-06-27;201,00;203,00;199,00;Geprueft
1986-06-28;194,00;203,00;184,00;Geprueft
1986-06-29;184,00;187,00;179,00;Geprueft
1986-06-30;177,00;180,00;170,00;Geprueft
1986-07-01;172,00;172,00;168,00;Geprueft
1986-07-02;166,00;168,00;165,00;Geprueft
1986-07-03;163,00;167,00;158,00;Geprueft
1986-07-04;168,00;174,00;158,00;Geprueft
1986-07-05;161,00;165,00;155,00;Geprueft
1986-07-06;174,00;204,00;155,00;Geprueft
1986-07-07;227,00;242,00;204,00;Geprueft
1986-07-08;260,00;298,00;231,00;Geprueft
1986-07-09;228,00;233,00;225,00;Geprueft
1986-07-10;209,00;228,00;198,00;Geprueft
1986-07-11;191,00;204,00;182,00;Geprueft
1986-07-12;200,00;212,00;185,00;Geprueft
1986-07-13;198,00;212,00;188,00;Geprueft
1986-07-14;182,00;188,00;170,00;Geprueft
1986-07-15;170,00;170,00;169,00;Geprueft
1986-07-16;158,00;169,00;150,00;Geprueft
1986-07-17;159,00;162,00;153,00;Geprueft
1986-07-18;148,00;162,00;144,00;Geprueft
1986-07-19;199,00;222,00;162,00;Geprueft
1986-07-20;220,00;234,00;201,00;Geprueft
1986-07-21;190,00;201,00;180,00;Geprueft
1986-07-22;168,00;180,00;164,00;Geprueft
1986-07-23;159,00;165,00;154,00;Geprueft
1986-07-24;177,00;209,00;154,00;Geprueft
1986-07-25;223,00;237,00;203,00;Geprueft
1986-07-26;188,00;203,00;174,00;Geprueft
1986-07-27;167,00;174,00;162,00;Geprueft
1986-07-28;156,00;162,00;150,00;Geprueft
1986-07-29;150,00;157,00;147,00;Geprueft
1986-07-30;144,00;149,00;140,00;Geprueft
1986-07-31;140,00;142,00;139,00;Geprueft
1986-08-01;160,00;183,00;140,00;Geprueft
1986-08-02;148,00;150,00;141,00;Geprueft
1986-08-03;135,00;141,00;133,00;Geprueft
1986-08-04;135,00;138,00;133,00;Geprueft
1986-08-05;165,00;181,00;134,00;Geprueft
1986-08-06;164,00;180,00;155,00;Geprueft
1986-08-07;148,00;155,00;138,00;Geprueft
1986-08-08;138,00;146,00;132,00;Geprueft
1986-08-09;141,00;146,00;133,00;Geprueft
1986-08-10;134,00;137,00;132,00;Geprueft
1986-08-11;138,00;140,00;132,00;Geprueft
1986-08-12;154,00;178,00;139,00;Geprueft
1986-08-13;180,00;187,00;175,00;Geprueft
1986-08-14;173,00;177,00;161,00;Geprueft
1986-08-15;152,00;161,00;145,00;Geprueft
1986-08-16;142,00;145,00;140,00;Geprueft
1986-08-17;140,00;141,00;139,00;Geprueft
1986-08-18;168,00;199,00;139,00;Geprueft
1986-08-19;187,00;201,00;175,00;Geprueft
1986-08-20;183,00;187,00;178,00;Geprueft
1986-08-21;178,00;190,00;165,00;Geprueft
1986-08-22;159,00;167,00;151,00;Geprueft
1986-08-23;170,00;196,00;149,00;Geprueft
1986-08-24;220,00;231,00;196,00;Geprueft
1986-08-25;215,00;238,00;208,00;Geprueft
1986-08-26;217,00;240,00;191,00;Geprueft
1986-08-27;188,00;193,00;176,00;Geprueft
1986-08-28;176,00;182,00;174,00;Geprueft
1986-08-29;181,00;192,00;177,00;Geprueft
1986-08-30;186,00;195,00;170,00;Geprueft
1986-08-31;163,00;170,00;161,00;Geprueft
1986-09-01;155,00;162,00;150,00;Geprueft
1986-09-02;151,00;152,00;148,00;Geprueft
1986-09-03;143,00;148,00;141,00;Geprueft
1986-09-04;141,00;147,00;135,00;Geprueft
1986-09-05;139,00;140,00;137,00;Geprueft
1986-09-06;134,00;138,00;129,00;Geprueft
1986-09-07;131,00;135,00;128,00;Geprueft
1986-09-08;131,00;134,00;125,00;Geprueft
1986-09-09;126,00;128,00;124,00;Geprueft
1986-09-10;127,00;128,00;127,00;Geprueft
1986-09-11;126,00;128,00;119,00;Geprueft
1986-09-12;121,00;123,00;118,00;Geprueft
1986-09-13;124,00;125,00;123,00;Geprueft
1986-09-14;133,00;142,00;125,00;Geprueft
1986-09-15;143,00;145,00;141,00;Geprueft
1986-09-16;133,00;141,00;124,00;Geprueft
1986-09-17;150,00;166,00;124,00;Geprueft
1986-09-18;170,00;177,00;166,00;Geprueft
1986-09-19;158,00;175,00;146,00;Geprueft
1986-09-20;148,00;150,00;146,00;Geprueft
1986-09-21;134,00;146,00;124,00;Geprueft
1986-09-22;132,00;138,00;125,00;Geprueft
1986-09-23;131,00;137,00;126,00;Geprueft
1986-09-24;127,00;129,00;125,00;Geprueft
1986-09-25;125,00;129,00;118,00;Geprueft
1986-09-26;119,00;120,00;117,00;Geprueft
1986-09-27;123,00;125,00;119,00;Geprueft
1986-09-28;119,00;122,00;112,00;Geprueft
1986-09-29;113,00;116,00;110,00;Geprueft
1986-09-30;116,00;117,00;115,00;Geprueft
1986-10-01;117,00;119,00;116,00;Geprueft
1986-10-02;118,00;119,00;116,00;Geprueft
1986-10-03;115,00;118,00;111,00;Geprueft
1986-10-04;114,00;116,00;111,00;Geprueft
1986-10-05;115,00;115,00;114,00;Geprueft
1986-10-06;112,00;115,00;110,00;Geprueft
1986-10-07;108,00;112,00;104,00;Geprueft
1986-10-08;113,00;116,00;106,00;Geprueft
1986-10-09;113,00;116,00;109,00;Geprueft
1986-10-10;108,00;110,00;107,00;Geprueft
1986-10-11;109,00;109,00;108,00;Geprueft
1986-10-12;109,00;111,00;108,00;Geprueft
1986-10-13;111,00;112,00;110,00;Geprueft
1986-10-14;109,00;112,00;107,00;Geprueft
1986-10-15;109,00;114,00;103,00;Geprueft
1986-10-16;107,00;108,00;105,00;Geprueft
1986-10-17;105,00;106,00;104,00;Geprueft
1986-10-18;106,00;107,00;105,00;Geprueft
1986-10-19;107,00;110,00;105,00;Geprueft
1986-10-20;117,00;139,00;109,00;Geprueft
1986-10-21;148,00;152,00;139,00;Geprueft
1986-10-22;151,00;164,00;146,00;Geprueft
1986-10-23;235,00;324,00;164,00;Geprueft
1986-10-24;284,00;331,00;244,00;Geprueft
1986-10-25;242,00;244,00;239,00;Geprueft
1986-10-26;216,00;239,00;200,00;Geprueft
1986-10-27;185,00;200,00;179,00;Geprueft
1986-10-28;178,00;181,00;173,00;Geprueft
1986-10-29;170,00;177,00;165,00;Geprueft
1986-10-30;192,00;203,00;177,00;Geprueft
1986-10-31;189,00;203,00;181,00;Geprueft
1986-11-01;175,00;181,00;164,00;Geprueft
1986-11-02;166,00;173,00;164,00;Geprueft
1986-11-03;194,00;207,00;173,00;Geprueft
1986-11-04;190,00;204,00;186,00;Geprueft
1986-11-05;177,00;186,00;166,00;Geprueft
1986-11-06;164,00;167,00;158,00;Geprueft
1986-11-07;155,00;158,00;152,00;Geprueft
1986-11-08;153,00;154,00;150,00;Geprueft
1986-11-09;146,00;150,00;143,00;Geprueft
1986-11-10;148,00;150,00;145,00;Geprueft
1986-11-11;139,00;145,00;135,00;Geprueft
1986-11-12;135,00;136,00;132,00;Geprueft
1986-11-13;133,00;136,00;132,00;Geprueft
1986-11-14;132,00;134,00;129,00;Geprueft
1986-11-15;130,00;130,00;129,00;Geprueft
1986-11-16;126,00;130,00;123,00;Geprueft
1986-11-17;125,00;129,00;123,00;Geprueft
1986-11-18;128,00;129,00;126,00;Geprueft
1986-11-19;124,00;126,00;123,00;Geprueft
1986-11-20;121,00;123,00;121,00;Geprueft
1986-11-21;126,00;137,00;119,00;Geprueft
1986-11-22;150,00;154,00;137,00;Geprueft
1986-11-23;151,00;162,00;149,00;Geprueft
1986-11-24;168,00;173,00;162,00;Geprueft
1986-11-25;155,00;166,00;150,00;Geprueft
1986-11-26;148,00;163,00;141,00;Geprueft
1986-11-27;140,00;155,00;134,00;Geprueft
1986-11-28;136,00;140,00;134,00;Geprueft
1986-11-29;133,00;139,00;128,00;Geprueft
1986-11-30;132,00;132,00;131,00;Geprueft
1986-12-01;128,00;132,00;125,00;Geprueft
1986-12-02;126,00;130,00;120,00;Geprueft
1986-12-03;123,00;124,00;121,00;Geprueft
1986-12-04;124,00;132,00;123,00;Geprueft
1986-12-05;120,00;124,00;118,00;Geprueft
1986-12-06;118,00;118,00;117,00;Geprueft
1986-12-07;119,00;121,00;117,00;Geprueft
1986-12-08;121,00;127,00;117,00;Geprueft
1986-12-09;118,00;123,00;115,00;Geprueft
1986-12-10;115,00;117,00;114,00;Geprueft
1986-12-11;115,00;115,00;114,00;Geprueft
1986-12-12;114,00;116,00;113,00;Geprueft
1986-12-13;113,00;114,00;112,00;Geprueft
1986-12-14;113,00;114,00;112,00;Geprueft
1986-12-15;115,00;116,00;113,00;Geprueft
1986-12-16;119,00;124,00;115,00;Geprueft
1986-12-17;125,00;126,00;124,00;Geprueft
1986-12-18;126,00;133,00;124,00;Geprueft
1986-12-19;225,00;353,00;133,00;Geprueft
1986-12-20;302,00;354,00;270,00;Geprueft
1986-12-21;267,00;280,00;260,00;Geprueft
1986-12-22;234,00;263,00;209,00;Geprueft
1986-12-23;199,00;209,00;187,00;Geprueft
1986-12-24;177,00;188,00;169,00;Geprueft
1986-12-25;169,00;180,00;161,00;Geprueft
1986-12-26;163,00;164,00;161,00;Geprueft
1986-12-27;160,00;163,00;157,00;Geprueft
1986-12-28;159,00;161,00;158,00;Geprueft
1986-12-29;187,00;248,00;159,00;Geprueft
1986-12-30;291,00;304,00;248,00;Geprueft
1986-12-31;299,00;305,00;289,00;Geprueft
1987-01-01;302,00;325,00;292,00;Geprueft
1987-01-02;386,00;436,00;325,00;Geprueft
1987-01-03;405,00;436,00;379,00;Geprueft
1987-01-04;363,00;379,00;344,00;Geprueft
1987-01-05;312,00;344,00;284,00;Geprueft
1987-01-06;281,00;288,00;274,00;Geprueft
1987-01-07;276,00;288,00;264,00;Geprueft
1987-01-08;246,00;264,00;235,00;Geprueft
1987-01-09;219,00;235,00;203,00;Geprueft
1987-01-10;206,00;211,00;203,00;Geprueft
1987-01-11;198,00;210,00;183,00;Geprueft
1987-01-12;181,00;185,00;176,00;Geprueft
1987-01-13;176,00;189,00;170,00;Geprueft
1987-01-14;201,00;210,00;188,00;Geprueft
1987-01-15;210,00;214,00;207,00;Geprueft
1987-01-16;204,00;210,00;194,00;Geprueft
1987-01-17;171,00;194,00;159,00;Geprueft
1987-01-18;159,00;161,00;154,00;Geprueft
1987-01-19;156,00;158,00;154,00;Geprueft
1987-01-20;154,00;158,00;151,00;Geprueft
1987-01-21;155,00;157,00;152,00;Geprueft
1987-01-22;152,00;156,00;149,00;Geprueft
1987-01-23;148,00;150,00;143,00;Geprueft
1987-01-24;144,00;145,00;143,00;Geprueft
1987-01-25;145,00;146,00;144,00;Geprueft
1987-01-26;145,00;147,00;144,00;Geprueft
1987-01-27;143,00;146,00;137,00;Geprueft
1987-01-28;140,00;142,00;138,00;Geprueft
1987-01-29;139,00;144,00;133,00;Geprueft
1987-01-30;137,00;142,00;133,00;Geprueft
1987-01-31;128,00;139,00;122,00;Geprueft
1987-02-01;129,00;133,00;124,00;Geprueft
1987-02-02;128,00;131,00;125,00;Geprueft
1987-02-03;125,00;128,00;121,00;Geprueft
1987-02-04;126,00;130,00;121,00;Geprueft
1987-02-05;129,00;130,00;126,00;Geprueft
1987-02-06;126,00;127,00;126,00;Geprueft
1987-02-07;136,00;170,00;127,00;Geprueft
1987-02-08;197,00;211,00;170,00;Geprueft
1987-02-09;200,00;234,00;178,00;Geprueft
1987-02-10;233,00;247,00;214,00;Geprueft
1987-02-11;223,00;231,00;211,00;Geprueft
1987-02-12;207,00;211,00;201,00;Geprueft
1987-02-13;191,00;201,00;188,00;Geprueft
1987-02-14;191,00;193,00;186,00;Geprueft
1987-02-15;182,00;187,00;178,00;Geprueft
1987-02-16;194,00;197,00;187,00;Geprueft
1987-02-17;187,00;190,00;182,00;Geprueft
1987-02-18;178,00;182,00;173,00;Geprueft
1987-02-19;169,00;173,00;166,00;Geprueft
1987-02-20;165,00;168,00;159,00;Geprueft
1987-02-21;162,00;165,00;160,00;Geprueft
1987-02-22;163,00;165,00;158,00;Geprueft
1987-02-23;156,00;158,00;149,00;Geprueft
1987-02-24;150,00;152,00;148,00;Geprueft
1987-02-25;151,00;152,00;150,00;Geprueft
1987-02-26;152,00;156,00;150,00;Geprueft
1987-02-27;184,00;259,00;151,00;Geprueft
1987-02-28;370,00;454,00;259,00;Geprueft
1987-03-01;455,00;470,00;443,00;Geprueft
1987-03-02;463,00;493,00;444,00;Geprueft
1987-03-03;518,00;527,00;493,00;Geprueft
1987-03-04;485,00;520,00;452,00;Geprueft
1987-03-05;415,00;452,00;381,00;Geprueft
1987-03-06;348,00;381,00;308,00;Geprueft
1987-03-07;293,00;308,00;278,00;Geprueft
1987-03-08;265,00;278,00;253,00;Geprueft
1987-03-09;248,00;259,00;237,00;Geprueft
1987-03-10;231,00;237,00;226,00;Geprueft
1987-03-11;221,00;227,00;213,00;Geprueft
1987-03-12;214,00;217,00;212,00;Geprueft
1987-03-13;204,00;212,00;195,00;Geprueft
1987-03-14;201,00;205,00;194,00;Geprueft
1987-03-15;194,00;195,00;193,00;Geprueft
1987-03-16;192,00;194,00;191,00;Geprueft
1987-03-17;191,00;195,00;187,00;Geprueft
1987-03-18;189,00;190,00;187,00;Geprueft
1987-03-19;191,00;196,00;186,00;Geprueft
1987-03-20;197,00;199,00;196,00;Geprueft
1987-03-21;192,00;196,00;183,00;Geprueft
1987-03-22;183,00;183,00;183,00;Geprueft
1987-03-23;185,00;189,00;183,00;Geprueft
1987-03-24;193,00;199,00;189,00;Geprueft
1987-03-25;215,00;224,00;199,00;Geprueft
1987-03-26;221,00;238,00;214,00;Geprueft
1987-03-27;243,00;254,00;238,00;Geprueft
1987-03-28;244,00;257,00;236,00;Geprueft
1987-03-29;276,00;286,00;257,00;Geprueft
1987-03-30;258,00;266,00;245,00;Geprueft
1987-03-31;231,00;245,00;226,00;Geprueft
1987-04-01;213,00;226,00;208,00;Geprueft
1987-04-02;207,00;214,00;200,00;Geprueft
1987-04-03;200,00;201,00;198,00;Geprueft
1987-04-04;194,00;198,00;192,00;Geprueft
1987-04-05;206,00;213,00;197,00;Geprueft
1987-04-06;205,00;213,00;198,00;Geprueft
1987-04-07;203,00;207,00;199,00;Geprueft
1987-04-08;202,00;206,00;200,00;Geprueft
1987-04-09;211,00;214,00;206,00;Geprueft
1987-04-10;281,00;352,00;211,00;Geprueft
1987-04-11;339,00;358,00;300,00;Geprueft
1987-04-12;277,00;300,00;261,00;Geprueft
1987-04-13;255,00;263,00;243,00;Geprueft
1987-04-14;234,00;243,00;225,00;Geprueft
1987-04-15;217,00;225,00;209,00;Geprueft
1987-04-16;205,00;209,00;203,00;Geprueft
1987-04-17;198,00;204,00;194,00;Geprueft
1987-04-18;200,00;205,00;195,00;Geprueft
1987-04-19;212,00;217,00;204,00;Geprueft
1987-04-20;223,00;252,00;211,00;Geprueft
1987-04-21;277,00;300,00;250,00;Geprueft
1987-04-22;257,00;293,00;232,00;Geprueft
1987-04-23;223,00;232,00;214,00;Geprueft
1987-04-24;207,00;214,00;200,00;Geprueft
1987-04-25;207,00;210,00;205,00;Geprueft
1987-04-26;210,00;216,00;205,00;Geprueft
1987-04-27;208,00;216,00;201,00;Geprueft
1987-04-28;203,00;204,00;201,00;Geprueft
1987-04-29;198,00;203,00;192,00;Geprueft
1987-04-30;198,00;202,00;194,00;Geprueft
1987-05-01;201,00;203,00;195,00;Geprueft
1987-05-02;196,00;202,00;194,00;Geprueft
1987-05-03;218,00;244,00;202,00;Geprueft
1987-05-04;257,00;266,00;244,00;Geprueft
1987-05-05;260,00;273,00;252,00;Geprueft
1987-05-06;299,00;321,00;273,00;Geprueft
1987-05-07;315,00;327,00;296,00;Geprueft
1987-05-08;272,00;296,00;250,00;Geprueft
1987-05-09;240,00;251,00;232,00;Geprueft
1987-05-10;225,00;232,00;220,00;Geprueft
1987-05-11;233,00;245,00;227,00;Geprueft
1987-05-12;240,00;255,00;229,00;Geprueft
1987-05-13;232,00;243,00;225,00;Geprueft
1987-05-14;244,00;253,00;237,00;Geprueft
1987-05-15;225,00;243,00;220,00;Geprueft
1987-05-16;208,00;220,00;200,00;Geprueft
1987-05-17;207,00;211,00;202,00;Geprueft
1987-05-18;200,00;207,00;196,00;Geprueft
1987-05-19;209,00;225,00;201,00;Geprueft
1987-05-20;246,00;262,00;225,00;Geprueft
1987-05-21;266,00;276,00;254,00;Geprueft
1987-05-22;257,00;264,00;251,00;Geprueft
1987-05-23;244,00;253,00;239,00;Geprueft
1987-05-24;231,00;244,00;223,00;Geprueft
1987-05-25;218,00;224,00;212,00;Geprueft
1987-05-26;214,00;219,00;209,00;Geprueft
1987-05-27;212,00;219,00;208,00;Geprueft
1987-05-28;222,00;229,00;219,00;Geprueft
1987-05-29;232,00;239,00;221,00;Geprueft
1987-05-30;231,00;243,00;222,00;Geprueft
1987-05-31;222,00;231,00;216,00;Geprueft
1987-06-01;227,00;235,00;217,00;Geprueft
1987-06-02;231,00;233,00;227,00;Geprueft
1987-06-03;216,00;230,00;209,00;Geprueft
1987-06-04;214,00;225,00;209,00;Geprueft
1987-06-05;241,00;262,00;225,00;Geprueft
1987-06-06;262,00;270,00;248,00;Geprueft
1987-06-07;232,00;248,00;225,00;Geprueft
1987-06-08;243,00;256,00;233,00;Geprueft
1987-06-09;269,00;279,00;250,00;Geprueft
1987-06-10;264,00;282,00;254,00;Geprueft
1987-06-11;247,00;261,00;233,00;Geprueft
1987-06-12;226,00;233,00;218,00;Geprueft
1987-06-13;218,00;220,00;216,00;Geprueft
1987-06-14;233,00;243,00;220,00;Geprueft
1987-06-15;238,00;252,00;225,00;Geprueft
1987-06-16;301,00;369,00;251,00;Geprueft
1987-06-17;378,00;388,00;369,00;Geprueft
1987-06-18;398,00;409,00;388,00;Geprueft
1987-06-19;417,00;437,00;378,00;Geprueft
1987-06-20;356,00;378,00;349,00;Geprueft
1987-06-21;329,00;349,00;309,00;Geprueft
1987-06-22;295,00;309,00;282,00;Geprueft
1987-06-23;269,00;282,00;261,00;Geprueft
1987-06-24;289,00;318,00;262,00;Geprueft
1987-06-25;339,00;380,00;318,00;Geprueft
1987-06-26;343,00;382,00;303,00;Geprueft
1987-06-27;300,00;303,00;295,00;Geprueft
1987-06-28;278,00;302,00;261,00;Geprueft
1987-06-29;249,00;261,00;238,00;Geprueft
1987-06-30;240,00;243,00;236,00;Geprueft
1987-07-01;234,00;255,00;228,00;Geprueft
1987-07-02;333,00;350,00;255,00;Geprueft
1987-07-03;291,00;332,00;263,00;Geprueft
1987-07-04;255,00;263,00;248,00;Geprueft
1987-07-05;236,00;248,00;230,00;Geprueft
1987-07-06;225,00;231,00;220,00;Geprueft
1987-07-07;218,00;222,00;212,00;Geprueft
1987-07-08;235,00;271,00;212,00;Geprueft
1987-07-09;310,00;348,00;271,00;Geprueft
1987-07-10;315,00;351,00;279,00;Geprueft
1987-07-11;256,00;279,00;236,00;Geprueft
1987-07-12;232,00;238,00;225,00;Geprueft
1987-07-13;226,00;234,00;205,00;Geprueft
1987-07-14;212,00;216,00;205,00;Geprueft
1987-07-15;201,00;208,00;197,00;Geprueft
1987-07-16;207,00;213,00;203,00;Geprueft
1987-07-17;209,00;213,00;205,00;Geprueft
1987-07-18;208,00;237,00;198,00;Geprueft
1987-07-19;269,00;293,00;237,00;Geprueft
1987-07-20;259,00;289,00;242,00;Geprueft
1987-07-21;232,00;242,00;221,00;Geprueft
1987-07-22;229,00;238,00;222,00;Geprueft
1987-07-23;234,00;247,00;222,00;Geprueft
1987-07-24;216,00;224,00;207,00;Geprueft
1987-07-25;215,00;230,00;206,00;Geprueft
1987-07-26;248,00;311,00;229,00;Geprueft
1987-07-27;276,00;312,00;247,00;Geprueft
1987-07-28;278,00;327,00;247,00;Geprueft
1987-07-29;275,00;328,00;250,00;Geprueft
1987-07-30;247,00;251,00;238,00;Geprueft
1987-07-31;266,00;273,00;250,00;Geprueft
1987-08-01;257,00;270,00;245,00;Geprueft
1987-08-02;234,00;254,00;221,00;Geprueft
1987-08-03;294,00;378,00;254,00;Geprueft
1987-08-04;364,00;395,00;337,00;Geprueft
1987-08-05;349,00;369,00;325,00;Geprueft
1987-08-06;301,00;325,00;276,00;Geprueft
1987-08-07;259,00;276,00;240,00;Geprueft
1987-08-08;238,00;240,00;235,00;Geprueft
1987-08-09;218,00;235,00;210,00;Geprueft
1987-08-10;219,00;230,00;210,00;Geprueft
1987-08-11;223,00;229,00;221,00;Geprueft
1987-08-12;207,00;221,00;200,00;Geprueft
1987-08-13;195,00;202,00;190,00;Geprueft
1987-08-14;190,00;192,00;182,00;Geprueft
1987-08-15;185,00;190,00;181,00;Geprueft
1987-08-16;195,00;199,00;190,00;Geprueft
1987-08-17;179,00;190,00;170,00;Geprueft
1987-08-18;183,00;203,00;166,00;Geprueft
1987-08-19;205,00;211,00;201,00;Geprueft
1987-08-20;199,00;208,00;192,00;Geprueft
1987-08-21;191,00;192,00;190,00;Geprueft
1987-08-22;178,00;191,00;165,00;Geprueft
1987-08-23;167,00;169,00;164,00;Geprueft
1987-08-24;171,00;179,00;168,00;Geprueft
1987-08-25;179,00;184,00;175,00;Geprueft
1987-08-26;174,00;177,00;171,00;Geprueft
1987-08-27;169,00;174,00;163,00;Geprueft
1987-08-28;163,00;164,00;159,00;Geprueft
1987-08-29;161,00;166,00;156,00;Geprueft
1987-08-30;153,00;166,00;147,00;Geprueft
1987-08-31;155,00;158,00;153,00;Geprueft
1987-09-01;149,00;153,00;147,00;Geprueft
1987-09-02;227,00;265,00;149,00;Geprueft
1987-09-03;206,00;239,00;183,00;Geprueft
1987-09-04;175,00;183,00;171,00;Geprueft
1987-09-05;176,00;187,00;172,00;Geprueft
1987-09-06;194,00;199,00;187,00;Geprueft
1987-09-07;192,00;194,00;185,00;Geprueft
1987-09-08;183,00;194,00;177,00;Geprueft
1987-09-09;202,00;208,00;193,00;Geprueft
1987-09-10;189,00;199,00;176,00;Geprueft
1987-09-11;177,00;179,00;172,00;Geprueft
1987-09-12;163,00;172,00;158,00;Geprueft
1987-09-13;155,00;159,00;154,00;Geprueft
1987-09-14;156,00;158,00;154,00;Geprueft
1987-09-15;149,00;154,00;145,00;Geprueft
1987-09-16;150,00;152,00;148,00;Geprueft
1987-09-17;144,00;148,00;140,00;Geprueft
1987-09-18;142,00;146,00;136,00;Geprueft
1987-09-19;138,00;139,00;136,00;Geprueft
1987-09-20;140,00;141,00;139,00;Geprueft
1987-09-21;139,00;139,00;138,00;Geprueft
1987-09-22;141,00;143,00;138,00;Geprueft
1987-09-23;139,00;143,00;133,00;Geprueft
1987-09-24;138,00;146,00;134,00;Geprueft
1987-09-25;140,00;145,00;137,00;Geprueft
1987-09-26;167,00;225,00;138,00;Geprueft
1987-09-27;296,00;350,00;225,00;Geprueft
1987-09-28;294,00;353,00;242,00;Geprueft
1987-09-29;218,00;242,00;202,00;Geprueft
1987-09-30;189,00;202,00;176,00;Geprueft
1987-10-01;173,00;177,00;165,00;Geprueft
1987-10-02;166,00;168,00;164,00;Geprueft
1987-10-03;159,00;167,00;152,00;Geprueft
1987-10-04;155,00;157,00;153,00;Geprueft
1987-10-05;155,00;159,00;153,00;Geprueft
1987-10-06;148,00;153,00;144,00;Geprueft
1987-10-07;146,00;147,00;145,00;Geprueft
1987-10-08;143,00;146,00;141,00;Geprueft
1987-10-09;145,00;147,00;143,00;Geprueft
1987-10-10;139,00;144,00;134,00;Geprueft
1987-10-11;135,00;136,00;134,00;Geprueft
1987-10-12;141,00;142,00;136,00;Geprueft
1987-10-13;134,00;142,00;131,00;Geprueft
1987-10-14;141,00;147,00;132,00;Geprueft
1987-10-15;140,00;143,00;139,00;Geprueft
1987-10-16;139,00;141,00;137,00;Geprueft
1987-10-17;137,00;139,00;136,00;Geprueft
1987-10-18;136,00;139,00;135,00;Geprueft
1987-10-19;138,00;140,00;137,00;Geprueft
1987-10-20;137,00;146,00;134,00;Geprueft
1987-10-21;134,00;135,00;132,00;Geprueft
1987-10-22;137,00;144,00;132,00;Geprueft
1987-10-23;141,00;145,00;136,00;Geprueft
1987-10-24;139,00;141,00;135,00;Geprueft
1987-10-25;135,00;139,00;133,00;Geprueft
1987-10-26;142,00;147,00;139,00;Geprueft
1987-10-27;147,00;149,00;141,00;Geprueft
1987-10-28;140,00;144,00;138,00;Geprueft
1987-10-29;139,00;143,00;135,00;Geprueft
1987-10-30;131,00;135,00;128,00;Geprueft
1987-10-31;130,00;131,00;129,00;Geprueft
1987-11-01;132,00;136,00;130,00;Geprueft
1987-11-02;139,00;147,00;136,00;Geprueft
1987-11-03;142,00;148,00;137,00;Geprueft
1987-11-04;138,00;140,00;135,00;Geprueft
1987-11-05;132,00;135,00;129,00;Geprueft
1987-11-06;126,00;130,00;123,00;Geprueft
1987-11-07;123,00;123,00;122,00;Geprueft
1987-11-08;129,00;131,00;123,00;Geprueft
1987-11-09;132,00;133,00;130,00;Geprueft
1987-11-10;127,00;132,00;125,00;Geprueft
1987-11-11;135,00;137,00;130,00;Geprueft
1987-11-12;132,00;134,00;129,00;Geprueft
1987-11-13;147,00;162,00;134,00;Geprueft
1987-11-14;170,00;181,00;162,00;Geprueft
1987-11-15;171,00;183,00;159,00;Geprueft
1987-11-16;162,00;165,00;159,00;Geprueft
1987-11-17;181,00;201,00;163,00;Geprueft
1987-11-18;203,00;208,00;193,00;Geprueft
1987-11-19;188,00;193,00;186,00;Geprueft
1987-11-20;197,00;216,00;190,00;Geprueft
1987-11-21;234,00;249,00;216,00;Geprueft
1987-11-22;243,00;252,00;231,00;Geprueft
1987-11-23;225,00;231,00;221,00;Geprueft
1987-11-24;208,00;221,00;200,00;Geprueft
1987-11-25;192,00;200,00;184,00;Geprueft
1987-11-26;183,00;187,00;177,00;Geprueft
1987-11-27;178,00;178,00;177,00;Geprueft
1987-11-28;170,00;177,00;164,00;Geprueft
1987-11-29;164,00;166,00;163,00;Geprueft
1987-11-30;164,00;166,00;160,00;Geprueft
1987-12-01;161,00;162,00;159,00;Geprueft
1987-12-02;158,00;161,00;156,00;Geprueft
1987-12-03;153,00;156,00;150,00;Geprueft
1987-12-04;150,00;152,00;148,00;Geprueft
1987-12-05;143,00;149,00;140,00;Geprueft
1987-12-06;151,00;171,00;143,00;Geprueft
1987-12-07;214,00;255,00;171,00;Geprueft
1987-12-08;236,00;258,00;208,00;Geprueft
1987-12-09;195,00;208,00;187,00;Geprueft
1987-12-10;177,00;187,00;169,00;Geprueft
1987-12-11;163,00;169,00;157,00;Geprueft
1987-12-12;156,00;159,00;154,00;Geprueft
1987-12-13;159,00;159,00;158,00;Geprueft
1987-12-14;154,00;158,00;151,00;Geprueft
1987-12-15;148,00;152,00;145,00;Geprueft
1987-12-16;149,00;163,00;145,00;Geprueft
1987-12-17;182,00;201,00;163,00;Geprueft
1987-12-18;225,00;295,00;201,00;Geprueft
1987-12-19;393,00;476,00;295,00;Geprueft
1987-12-20;451,00;482,00;389,00;Geprueft
1987-12-21;357,00;389,00;329,00;Geprueft
1987-12-22;302,00;329,00;278,00;Geprueft
1987-12-23;259,00;278,00;239,00;Geprueft
1987-12-24;230,00;239,00;222,00;Geprueft
1987-12-25;213,00;222,00;207,00;Geprueft
1987-12-26;203,00;207,00;198,00;Geprueft
1987-12-27;191,00;198,00;190,00;Geprueft
1987-12-28;190,00;192,00;183,00;Geprueft
1987-12-29;178,00;183,00;175,00;Geprueft
1987-12-30;176,00;177,00;174,00;Geprueft
1987-12-31;175,00;177,00;172,00;Geprueft
1988-01-01;167,00;172,00;164,00;Geprueft
1988-01-02;170,00;174,00;165,00;Geprueft
1988-01-03;168,00;172,00;164,00;Geprueft
1988-01-04;174,00;176,00;170,00;Geprueft
1988-01-05;190,00;218,00;175,00;Geprueft
1988-01-06;223,00;232,00;217,00;Geprueft
1988-01-07;225,00;227,00;216,00;Geprueft
1988-01-08;206,00;216,00;200,00;Geprueft
1988-01-09;193,00;201,00;185,00;Geprueft
1988-01-10;179,00;185,00;170,00;Geprueft
1988-01-11;176,00;182,00;168,00;Geprueft
1988-01-12;177,00;178,00;177,00;Geprueft
1988-01-13;174,00;178,00;168,00;Geprueft
1988-01-14;167,00;170,00;162,00;Geprueft
1988-01-15;162,00;163,00;161,00;Geprueft
1988-01-16;159,00;163,00;155,00;Geprueft
1988-01-17;154,00;155,00;154,00;Geprueft
1988-01-18;157,00;158,00;155,00;Geprueft
1988-01-19;156,00;158,00;154,00;Geprueft
1988-01-20;156,00;158,00;153,00;Geprueft
1988-01-21;151,00;155,00;149,00;Geprueft
1988-01-22;152,00;153,00;150,00;Geprueft
1988-01-23;156,00;160,00;153,00;Geprueft
1988-01-24;162,00;167,00;160,00;Geprueft
1988-01-25;184,00;213,00;167,00;Geprueft
1988-01-26;231,00;245,00;213,00;Geprueft
1988-01-27;234,00;245,00;223,00;Geprueft
1988-01-28;236,00;247,00;225,00;Geprueft
1988-01-29;214,00;225,00;210,00;Geprueft
1988-01-30;206,00;211,00;203,00;Geprueft
1988-01-31;206,00;207,00;204,00;Geprueft
1988-02-01;196,00;206,00;192,00;Geprueft
1988-02-02;190,00;192,00;185,00;Geprueft
1988-02-03;189,00;198,00;185,00;Geprueft
1988-02-04;201,00;204,00;197,00;Geprueft
1988-02-05;196,00;197,00;195,00;Geprueft
1988-02-06;189,00;196,00;184,00;Geprueft
1988-02-07;202,00;223,00;184,00;Geprueft
1988-02-08;225,00;232,00;217,00;Geprueft
1988-02-09;230,00;240,00;217,00;Geprueft
1988-02-10;235,00;256,00;218,00;Geprueft
1988-02-11;248,00;255,00;246,00;Geprueft
1988-02-12;237,00;248,00;231,00;Geprueft
1988-02-13;231,00;235,00;225,00;Geprueft
1988-02-14;220,00;225,00;211,00;Geprueft
1988-02-15;204,00;211,00;194,00;Geprueft
1988-02-16;193,00;194,00;192,00;Geprueft
1988-02-17;190,00;193,00;185,00;Geprueft
1988-02-18;185,00;186,00;183,00;Geprueft
1988-02-19;182,00;183,00;178,00;Geprueft
1988-02-20;180,00;182,00;178,00;Geprueft
1988-02-21;181,00;184,00;177,00;Geprueft
1988-02-22;174,00;177,00;170,00;Geprueft
1988-02-23;168,00;170,00;164,00;Geprueft
1988-02-24;171,00;172,00;169,00;Geprueft
1988-02-25;169,00;170,00;167,00;Geprueft
1988-02-26;167,00;168,00;164,00;Geprueft
1988-02-27;165,00;166,00;164,00;Geprueft
1988-02-28;163,00;165,00;162,00;Geprueft
1988-02-29;163,00;163,00;162,00;Geprueft
1988-03-01;160,00;165,00;154,00;Geprueft
1988-03-02;157,00;159,00;154,00;Geprueft
1988-03-03;159,00;160,00;159,00;Geprueft
1988-03-04;159,00;159,00;159,00;Geprueft
1988-03-05;159,00;160,00;158,00;Geprueft
1988-03-06;157,00;159,00;154,00;Geprueft
1988-03-07;155,00;158,00;154,00;Geprueft
1988-03-08;159,00;161,00;157,00;Geprueft
1988-03-09;157,00;161,00;152,00;Geprueft
1988-03-10;154,00;156,00;152,00;Geprueft
1988-03-11;155,00;157,00;153,00;Geprueft
1988-03-12;189,00;258,00;157,00;Geprueft
1988-03-13;291,00;305,00;258,00;Geprueft
1988-03-14;329,00;379,00;305,00;Geprueft
1988-03-15;424,00;467,00;379,00;Geprueft
1988-03-16;492,00;506,00;467,00;Geprueft
1988-03-17;525,00;536,00;506,00;Geprueft
1988-03-18;517,00;533,00;492,00;Geprueft
1988-03-19;466,00;492,00;435,00;Geprueft
1988-03-20;407,00;435,00;391,00;Geprueft
1988-03-21;411,00;423,00;393,00;Geprueft
1988-03-22;468,00;494,00;423,00;Geprueft
1988-03-23;489,00;497,00;476,00;Geprueft
1988-03-24;487,00;499,00;475,00;Geprueft
1988-03-25;496,00;506,00;491,00;Geprueft
1988-03-26;524,00;538,00;506,00;Geprueft
1988-03-27;541,00;544,00;538,00;Geprueft
1988-03-28;529,00;538,00;522,00;Geprueft
1988-03-29;508,00;522,00;490,00;Geprueft
1988-03-30;469,00;490,00;446,00;Geprueft
1988-03-31;424,00;446,00;409,00;Geprueft
1988-04-01;422,00;429,00;415,00;Geprueft
1988-04-02;408,00;419,00;392,00;Geprueft
1988-04-03;384,00;392,00;379,00;Geprueft
1988-04-04;370,00;379,00;360,00;Geprueft
1988-04-05;345,00;360,00;334,00;Geprueft
1988-04-06;331,00;334,00;327,00;Geprueft
1988-04-07;335,00;344,00;331,00;Geprueft
1988-04-08;336,00;344,00;332,00;Geprueft
1988-04-09;356,00;361,00;344,00;Geprueft
1988-04-10;389,00;413,00;359,00;Geprueft
1988-04-11;376,00;412,00;350,00;Geprueft
1988-04-12;337,00;350,00;327,00;Geprueft
1988-04-13;341,00;390,00;324,00;Geprueft
1988-04-14;432,00;455,00;390,00;Geprueft
1988-04-15;371,00;401,00;350,00;Geprueft
1988-04-16;340,00;350,00;330,00;Geprueft
1988-04-17;331,00;337,00;326,00;Geprueft
1988-04-18;322,00;335,00;317,00;Geprueft
1988-04-19;318,00;324,00;314,00;Geprueft
1988-04-20;317,00;323,00;313,00;Geprueft
1988-04-21;312,00;323,00;304,00;Geprueft
1988-04-22;300,00;310,00;293,00;Geprueft
1988-04-23;287,00;295,00;282,00;Geprueft
1988-04-24;278,00;283,00;272,00;Geprueft
1988-04-25;265,00;272,00;260,00;Geprueft
1988-04-26;259,00;262,00;252,00;Geprueft
1988-04-27;245,00;252,00;238,00;Geprueft
1988-04-28;245,00;249,00;239,00;Geprueft
1988-04-29;238,00;243,00;231,00;Geprueft
1988-04-30;232,00;239,00;231,00;Geprueft
1988-05-01;235,00;241,00;230,00;Geprueft
1988-05-02;237,00;242,00;233,00;Geprueft
1988-05-03;244,00;254,00;237,00;Geprueft
1988-05-04;248,00;253,00;243,00;Geprueft
1988-05-05;234,00;243,00;224,00;Geprueft
1988-05-06;230,00;235,00;224,00;Geprueft
1988-05-07;233,00;241,00;228,00;Geprueft
1988-05-08;238,00;243,00;235,00;Geprueft
1988-05-09;242,00;243,00;239,00;Geprueft
1988-05-10;245,00;258,00;235,00;Geprueft
1988-05-11;238,00;247,00;234,00;Geprueft
1988-05-12;226,00;235,00;217,00;Geprueft
1988-05-13;225,00;229,00;217,00;Geprueft
1988-05-14;226,00;228,00;220,00;Geprueft
1988-05-15;217,00;227,00;210,00;Geprueft
1988-05-16;224,00;232,00;212,00;Geprueft
1988-05-17;223,00;228,00;218,00;Geprueft
1988-05-18;230,00;234,00;226,00;Geprueft
1988-05-19;238,00;247,00;230,00;Geprueft
1988-05-20;230,00;240,00;223,00;Geprueft
1988-05-21;246,00;252,00;240,00;Geprueft
1988-05-22;225,00;246,00;212,00;Geprueft
1988-05-23;205,00;214,00;199,00;Geprueft
1988-05-24;198,00;199,00;196,00;Geprueft
1988-05-25;196,00;198,00;192,00;Geprueft
1988-05-26;196,00;201,00;191,00;Geprueft
1988-05-27;198,00;201,00;194,00;Geprueft
1988-05-28;203,00;206,00;194,00;Geprueft
1988-05-29;191,00;198,00;181,00;Geprueft
1988-05-30;182,00;187,00;180,00;Geprueft
1988-05-31;184,00;193,00;177,00;Geprueft
1988-06-01;192,00;195,00;188,00;Geprueft
1988-06-02;199,00;201,00;195,00;Geprueft
1988-06-03;199,00;204,00;192,00;Geprueft
1988-06-04;198,00;213,00;189,00;Geprueft
1988-06-05;215,00;249,00;207,00;Geprueft
1988-06-06;333,00;414,00;249,00;Geprueft
1988-06-07;401,00;436,00;335,00;Geprueft
1988-06-08;285,00;335,00;250,00;Geprueft
1988-06-09;246,00;252,00;237,00;Geprueft
1988-06-10;230,00;242,00;221,00;Geprueft
1988-06-11;223,00;242,00;212,00;Geprueft
1988-06-12;259,00;279,00;213,00;Geprueft
1988-06-13;271,00;279,00;262,00;Geprueft
1988-06-14;260,00;270,00;246,00;Geprueft
1988-06-15;235,00;248,00;231,00;Geprueft
1988-06-16;220,00;233,00;212,00;Geprueft
1988-06-17;215,00;225,00;203,00;Geprueft
1988-06-18;202,00;208,00;194,00;Geprueft
1988-06-19;190,00;197,00;184,00;Geprueft
1988-06-20;185,00;186,00;183,00;Geprueft
1988-06-21;180,00;185,00;177,00;Geprueft
1988-06-22;179,00;180,00;177,00;Geprueft
1988-06-23;180,00;181,00;179,00;Geprueft
1988-06-24;177,00;179,00;175,00;Geprueft
1988-06-25;167,00;175,00;162,00;Geprueft
1988-06-26;168,00;172,00;164,00;Geprueft
1988-06-27;173,00;176,00;168,00;Geprueft
1988-06-28;169,00;172,00;166,00;Geprueft
1988-06-29;180,00;193,00;167,00;Geprueft
1988-06-30;178,00;190,00;173,00;Geprueft
1988-07-01;169,00;173,00;166,00;Geprueft
1988-07-02;170,00;182,00;164,00;Geprueft
1988-07-03;186,00;189,00;176,00;Geprueft
1988-07-04;181,00;196,00;176,00;Geprueft
1988-07-05;177,00;195,00;165,00;Geprueft
1988-07-06;176,00;185,00;168,00;Geprueft
1988-07-07;182,00;185,00;179,00;Geprueft
1988-07-08;171,00;179,00;166,00;Geprueft
1988-07-09;173,00;180,00;166,00;Geprueft
1988-07-10;168,00;176,00;158,00;Geprueft
1988-07-11;156,00;159,00;152,00;Geprueft
1988-07-12;161,00;179,00;152,00;Geprueft
1988-07-13;171,00;179,00;165,00;Geprueft
1988-07-14;178,00;214,00;167,00;Geprueft
1988-07-15;220,00;245,00;197,00;Geprueft
1988-07-16;190,00;197,00;188,00;Geprueft
1988-07-17;183,00;188,00;179,00;Geprueft
1988-07-18;181,00;187,00;174,00;Geprueft
1988-07-19;174,00;179,00;166,00;Geprueft
1988-07-20;160,00;166,00;156,00;Geprueft
1988-07-21;150,00;157,00;148,00;Geprueft
1988-07-22;147,00;150,00;139,00;Geprueft
1988-07-23;137,00;139,00;136,00;Geprueft
1988-07-24;140,00;142,00;136,00;Geprueft
1988-07-25;150,00;152,00;142,00;Geprueft
1988-07-26;142,00;147,00;140,00;Geprueft
1988-07-27;140,00;152,00;136,00;Geprueft
1988-07-28;160,00;162,00;152,00;Geprueft
1988-07-29;155,00;165,00;145,00;Geprueft
1988-07-30;158,00;165,00;149,00;Geprueft
1988-07-31;154,00;160,00;147,00;Geprueft
1988-08-01;145,00;153,00;139,00;Geprueft
1988-08-02;146,00;150,00;140,00;Geprueft
1988-08-03;157,00;189,00;139,00;Geprueft
1988-08-04;188,00;191,00;179,00;Geprueft
1988-08-05;169,00;179,00;158,00;Geprueft
1988-08-06;154,00;158,00;148,00;Geprueft
1988-08-07;136,00;148,00;131,00;Geprueft
1988-08-08;136,00;142,00;131,00;Geprueft
1988-08-09;134,00;136,00;129,00;Geprueft
1988-08-10;136,00;141,00;128,00;Geprueft
1988-08-11;125,00;128,00;123,00;Geprueft
1988-08-12;129,00;132,00;126,00;Geprueft
1988-08-13;130,00;134,00;125,00;Geprueft
1988-08-14;124,00;126,00;122,00;Geprueft
1988-08-15;125,00;126,00;125,00;Geprueft
1988-08-16;122,00;125,00;120,00;Geprueft
1988-08-17;137,00;149,00;120,00;Geprueft
1988-08-18;129,00;132,00;123,00;Geprueft
1988-08-19;119,00;123,00;118,00;Geprueft
1988-08-20;133,00;176,00;118,00;Geprueft
1988-08-21;221,00;264,00;176,00;Geprueft
1988-08-22;182,00;220,00;168,00;Geprueft
1988-08-23;173,00;174,00;171,00;Geprueft
1988-08-24;164,00;174,00;156,00;Geprueft
1988-08-25;159,00;168,00;149,00;Geprueft
1988-08-26;167,00;169,00;164,00;Geprueft
1988-08-27;163,00;170,00;155,00;Geprueft
1988-08-28;178,00;182,00;164,00;Geprueft
1988-08-29;176,00;193,00;166,00;Geprueft
1988-08-30;230,00;248,00;193,00;Geprueft
1988-08-31;200,00;236,00;180,00;Geprueft
1988-09-01;171,00;180,00;156,00;Geprueft
1988-09-02;184,00;222,00;156,00;Geprueft
1988-09-03;262,00;279,00;222,00;Geprueft
1988-09-04;221,00;238,00;213,00;Geprueft
1988-09-05;221,00;226,00;209,00;Geprueft
1988-09-06;202,00;209,00;192,00;Geprueft
1988-09-07;178,00;192,00;174,00;Geprueft
1988-09-08;164,00;174,00;156,00;Geprueft
1988-09-09;151,00;156,00;149,00;Geprueft
1988-09-10;147,00;153,00;145,00;Geprueft
1988-09-11;141,00;145,00;140,00;Geprueft
1988-09-12;138,00;142,00;134,00;Geprueft
1988-09-13;138,00;144,00;134,00;Geprueft
1988-09-14;142,00;144,00;140,00;Geprueft
1988-09-15;147,00;157,00;138,00;Geprueft
1988-09-16;140,00;146,00;137,00;Geprueft
1988-09-17;150,00;152,00;146,00;Geprueft
1988-09-18;141,00;146,00;134,00;Geprueft
1988-09-19;135,00;137,00;132,00;Geprueft
1988-09-20;129,00;132,00;127,00;Geprueft
1988-09-21;125,00;127,00;124,00;Geprueft
1988-09-22;128,00;130,00;125,00;Geprueft
1988-09-23;127,00;131,00;125,00;Geprueft
1988-09-24;130,00;133,00;122,00;Geprueft
1988-09-25;121,00;123,00;120,00;Geprueft
1988-09-26;123,00;127,00;119,00;Geprueft
1988-09-27;118,00;121,00;116,00;Geprueft
1988-09-28;116,00;117,00;116,00;Geprueft
1988-09-29;116,00;118,00;113,00;Geprueft
1988-09-30;122,00;125,00;115,00;Geprueft
1988-10-01;122,00;125,00;118,00;Geprueft
1988-10-02;118,00;120,00;117,00;Geprueft
1988-10-03;117,00;118,00;116,00;Geprueft
1988-10-04;114,00;116,00;112,00;Geprueft
1988-10-05;120,00;127,00;114,00;Geprueft
1988-10-06;128,00;134,00;125,00;Geprueft
1988-10-07;141,00;165,00;133,00;Geprueft
1988-10-08;169,00;172,00;164,00;Geprueft
1988-10-09;171,00;179,00;161,00;Geprueft
1988-10-10;170,00;185,00;160,00;Geprueft
1988-10-11;185,00;190,00;179,00;Geprueft
1988-10-12;176,00;179,00;170,00;Geprueft
1988-10-13;168,00;170,00;166,00;Geprueft
1988-10-14;165,00;169,00;158,00;Geprueft
1988-10-15;157,00;163,00;150,00;Geprueft
1988-10-16;149,00;150,00;148,00;Geprueft
1988-10-17;148,00;152,00;140,00;Geprueft
1988-10-18;137,00;140,00;136,00;Geprueft
1988-10-19;139,00;140,00;133,00;Geprueft
1988-10-20;130,00;133,00;128,00;Geprueft
1988-10-21;132,00;135,00;129,00;Geprueft
1988-10-22;127,00;134,00;122,00;Geprueft
1988-10-23;124,00;126,00;122,00;Geprueft
1988-10-24;129,00;131,00;126,00;Geprueft
1988-10-25;121,00;126,00;119,00;Geprueft
1988-10-26;123,00;129,00;118,00;Geprueft
1988-10-27;120,00;123,00;117,00;Geprueft
1988-10-28;118,00;120,00;117,00;Geprueft
1988-10-29;125,00;131,00;120,00;Geprueft
1988-10-30;150,00;161,00;131,00;Geprueft
1988-10-31;139,00;144,00;132,00;Geprueft
1988-11-01;130,00;132,00;123,00;Geprueft
1988-11-02;127,00;129,00;121,00;Geprueft
1988-11-03;124,00;125,00;121,00;Geprueft
1988-11-04;125,00;128,00;119,00;Geprueft
1988-11-05;120,00;120,00;119,00;Geprueft
1988-11-06;120,00;121,00;120,00;Geprueft
1988-11-07;121,00;122,00;120,00;Geprueft
1988-11-08;119,00;121,00;117,00;Geprueft
1988-11-09;118,00;119,00;117,00;Geprueft
1988-11-10;115,00;117,00;114,00;Geprueft
1988-11-11;113,00;115,00;110,00;Geprueft
1988-11-12;116,00;117,00;114,00;Geprueft
1988-11-13;117,00;121,00;115,00;Geprueft
1988-11-14;139,00;147,00;121,00;Geprueft
1988-11-15;134,00;147,00;128,00;Geprueft
1988-11-16;126,00;129,00;124,00;Geprueft
1988-11-17;127,00;129,00;125,00;Geprueft
1988-11-18;126,00;126,00;125,00;Geprueft
1988-11-19;136,00;152,00;126,00;Geprueft
1988-11-20;158,00;163,00;150,00;Geprueft
1988-11-21;142,00;150,00;140,00;Geprueft
1988-11-22;142,00;146,00;129,00;Geprueft
1988-11-23;125,00;129,00;124,00;Geprueft
1988-11-24;133,00;137,00;126,00;Geprueft
1988-11-25;130,00;136,00;125,00;Geprueft
1988-11-26;136,00;138,00;132,00;Geprueft
1988-11-27;139,00;144,00;132,00;Geprueft
1988-11-28;144,00;146,00;140,00;Geprueft
1988-11-29;137,00;141,00;134,00;Geprueft
1988-11-30;173,00;211,00;140,00;Geprueft
1988-12-01;239,00;274,00;208,00;Geprueft
1988-12-02;205,00;223,00;195,00;Geprueft
1988-12-03;188,00;195,00;185,00;Geprueft
1988-12-04;195,00;214,00;185,00;Geprueft
1988-12-05;332,00;431,00;214,00;Geprueft
1988-12-06;472,00;502,00;431,00;Geprueft
1988-12-07;468,00;502,00;434,00;Geprueft
1988-12-08;402,00;434,00;356,00;Geprueft
1988-12-09;325,00;356,00;300,00;Geprueft
1988-12-10;309,00;363,00;289,00;Geprueft
1988-12-11;414,00;432,00;363,00;Geprueft
1988-12-12;411,00;427,00;388,00;Geprueft
1988-12-13;374,00;388,00;351,00;Geprueft
1988-12-14;321,00;351,00;303,00;Geprueft
1988-12-15;290,00;303,00;282,00;Geprueft
1988-12-16;268,00;282,00;257,00;Geprueft
1988-12-17;246,00;257,00;234,00;Geprueft
1988-12-18;225,00;234,00;221,00;Geprueft
1988-12-19;220,00;222,00;217,00;Geprueft
1988-12-20;254,00;271,00;221,00;Geprueft
1988-12-21;257,00;271,00;245,00;Geprueft
1988-12-22;236,00;245,00;231,00;Geprueft
1988-12-23;229,00;240,00;224,00;Geprueft
1988-12-24;255,00;274,00;240,00;Geprueft
1988-12-25;272,00;283,00;264,00;Geprueft
1988-12-26;271,00;282,00;257,00;Geprueft
1988-12-27;251,00;257,00;241,00;Geprueft
1988-12-28;231,00;241,00;223,00;Geprueft
1988-12-29;218,00;223,00;209,00;Geprueft
1988-12-30;208,00;216,00;201,00;Geprueft
1988-12-31;200,00;203,00;197,00;Geprueft
1989-01-01;191,00;197,00;186,00;Geprueft
1989-01-02;191,00;195,00;186,00;Geprueft
1989-01-03;182,00;187,00;178,00;Geprueft
1989-01-04;181,00;185,00;177,00;Geprueft
1989-01-05;176,00;181,00;171,00;Geprueft
1989-01-06;173,00;179,00;169,00;Geprueft
1989-01-07;185,00;204,00;179,00;Geprueft
1989-01-08;208,00;212,00;204,00;Geprueft
1989-01-09;217,00;221,00;212,00;Geprueft
1989-01-10;202,00;212,00;195,00;Geprueft
1989-01-11;191,00;196,00;188,00;Geprueft
1989-01-12;184,00;188,00;178,00;Geprueft
1989-01-13;180,00;181,00;177,00;Geprueft
1989-01-14;180,00;184,00;174,00;Geprueft
1989-01-15;173,00;174,00;170,00;Geprueft
1989-01-16;171,00;172,00;170,00;Geprueft
1989-01-17;169,00;174,00;163,00;Geprueft
1989-01-18;162,00;163,00;161,00;Geprueft
1989-01-19;158,00;162,00;157,00;Geprueft
1989-01-20;158,00;160,00;154,00;Geprueft
1989-01-21;157,00;158,00;154,00;Geprueft
1989-01-22;155,00;158,00;152,00;Geprueft
1989-01-23;155,00;161,00;150,00;Geprueft
1989-01-24;146,00;154,00;144,00;Geprueft
1989-01-25;143,00;144,00;141,00;Geprueft
1989-01-26;143,00;145,00;136,00;Geprueft
1989-01-27;138,00;139,00;134,00;Geprueft
1989-01-28;140,00;140,00;139,00;Geprueft
1989-01-29;138,00;139,00;136,00;Geprueft
1989-01-30;137,00;139,00;134,00;Geprueft
1989-01-31;137,00;140,00;134,00;Geprueft
1989-02-01;132,00;134,00;132,00;Geprueft
1989-02-02;135,00;136,00;134,00;Geprueft
1989-02-03;133,00;135,00;132,00;Geprueft
1989-02-04;131,00;132,00;129,00;Geprueft
1989-02-05;130,00;132,00;127,00;Geprueft
1989-02-06;132,00;133,00;130,00;Geprueft
1989-02-07;129,00;130,00;128,00;Geprueft
1989-02-08;128,00;129,00;125,00;Geprueft
1989-02-09;125,00;126,00;124,00;Geprueft
1989-02-10;130,00;132,00;125,00;Geprueft
1989-02-11;129,00;130,00;128,00;Geprueft
1989-02-12;128,00;129,00;127,00;Geprueft
1989-02-13;134,00;140,00;129,00;Geprueft
1989-02-14;131,00;138,00;125,00;Geprueft
1989-02-15;138,00;141,00;133,00;Geprueft
1989-02-16;131,00;133,00;130,00;Geprueft
1989-02-17;136,00;137,00;132,00;Geprueft
1989-02-18;135,00;138,00;134,00;Geprueft
1989-02-19;161,00;182,00;135,00;Geprueft
1989-02-20;174,00;179,00;170,00;Geprueft
1989-02-21;195,00;234,00;170,00;Geprueft
1989-02-22;276,00;297,00;234,00;Geprueft
1989-02-23;250,00;273,00;231,00;Geprueft
1989-02-24;213,00;231,00;200,00;Geprueft
1989-02-25;193,00;200,00;188,00;Geprueft
1989-02-26;186,00;192,00;180,00;Geprueft
1989-02-27;178,00;180,00;177,00;Geprueft
1989-02-28;171,00;179,00;165,00;Geprueft
1989-03-01;172,00;178,00;166,00;Geprueft
1989-03-02;168,00;178,00;162,00;Geprueft
1989-03-03;170,00;176,00;163,00;Geprueft
1989-03-04;188,00;203,00;172,00;Geprueft
1989-03-05;200,00;205,00;186,00;Geprueft
1989-03-06;186,00;192,00;183,00;Geprueft
1989-03-07;180,00;189,00;174,00;Geprueft
1989-03-08;178,00;180,00;176,00;Geprueft
1989-03-09;175,00;176,00;174,00;Geprueft
1989-03-10;168,00;175,00;160,00;Geprueft
1989-03-11;154,00;160,00;151,00;Geprueft
1989-03-12;158,00;160,00;155,00;Geprueft
1989-03-13;163,00;166,00;158,00;Geprueft
1989-03-14;168,00;173,00;162,00;Geprueft
1989-03-15;160,00;171,00;158,00;Geprueft
1989-03-16;164,00;177,00;158,00;Geprueft
1989-03-17;175,00;177,00;173,00;Geprueft
1989-03-18;173,00;178,00;172,00;Geprueft
1989-03-19;183,00;186,00;178,00;Geprueft
1989-03-20;171,00;181,00;166,00;Geprueft
1989-03-21;165,00;168,00;160,00;Geprueft
1989-03-22;156,00;160,00;155,00;Geprueft
1989-03-23;150,00;155,00;149,00;Geprueft
1989-03-24;151,00;153,00;149,00;Geprueft
1989-03-25;150,00;152,00;147,00;Geprueft
1989-03-26;141,00;147,00;138,00;Geprueft
1989-03-27;147,00;149,00;139,00;Geprueft
1989-03-28;146,00;149,00;143,00;Geprueft
1989-03-29;147,00;148,00;145,00;Geprueft
1989-03-30;148,00;149,00;147,00;Geprueft
1989-03-31;149,00;150,00;147,00;Geprueft
1989-04-01;150,00;162,00;147,00;Geprueft
1989-04-02;192,00;270,00;162,00;Geprueft
1989-04-03;297,00;322,00;264,00;Geprueft
1989-04-04;248,00;264,00;226,00;Geprueft
1989-04-05;219,00;226,00;206,00;Geprueft
1989-04-06;196,00;206,00;194,00;Geprueft
1989-04-07;185,00;194,00;177,00;Geprueft
1989-04-08;173,00;178,00;161,00;Geprueft
1989-04-09;169,00;174,00;161,00;Geprueft
1989-04-10;168,00;173,00;164,00;Geprueft
1989-04-11;161,00;165,00;155,00;Geprueft
1989-04-12;155,00;160,00;152,00;Geprueft
1989-04-13;159,00;162,00;155,00;Geprueft
1989-04-14;169,00;175,00;158,00;Geprueft
1989-04-15;185,00;189,00;175,00;Geprueft
1989-04-16;177,00;178,00;170,00;Geprueft
1989-04-17;175,00;213,00;168,00;Geprueft
1989-04-18;292,00;325,00;213,00;Geprueft
1989-04-19;259,00;290,00;237,00;Geprueft
1989-04-20;225,00;237,00;212,00;Geprueft
1989-04-21;208,00;217,00;203,00;Geprueft
1989-04-22;275,00;307,00;217,00;Geprueft
1989-04-23;257,00;283,00;246,00;Geprueft
1989-04-24;240,00;251,00;230,00;Geprueft
1989-04-25;220,00;230,00;209,00;Geprueft
1989-04-26;203,00;209,00;199,00;Geprueft
1989-04-27;203,00;208,00;198,00;Geprueft
1989-04-28;204,00;207,00;202,00;Geprueft
1989-04-29;200,00;206,00;196,00;Geprueft
1989-04-30;194,00;198,00;188,00;Geprueft
1989-05-01;182,00;188,00;176,00;Geprueft
1989-05-02;175,00;177,00;173,00;Geprueft
1989-05-03;169,00;173,00;167,00;Geprueft
1989-05-04;166,00;169,00;164,00;Geprueft
1989-05-05;163,00;165,00;159,00;Geprueft
1989-05-06;164,00;167,00;159,00;Geprueft
1989-05-07;164,00;166,00;160,00;Geprueft
1989-05-08;161,00;163,00;160,00;Geprueft
1989-05-09;154,00;162,00;151,00;Geprueft
1989-05-10;157,00;161,00;152,00;Geprueft
1989-05-11;166,00;176,00;161,00;Geprueft
1989-05-12;174,00;186,00;169,00;Geprueft
1989-05-13;181,00;186,00;175,00;Geprueft
1989-05-14;177,00;182,00;171,00;Geprueft
1989-05-15;184,00;189,00;168,00;Geprueft
1989-05-16;161,00;168,00;155,00;Geprueft
1989-05-17;153,00;158,00;148,00;Geprueft
1989-05-18;149,00;150,00;148,00;Geprueft
1989-05-19;154,00;156,00;148,00;Geprueft
1989-05-20;156,00;159,00;154,00;Geprueft
1989-05-21;153,00;158,00;151,00;Geprueft
1989-05-22;148,00;154,00;142,00;Geprueft
1989-05-23;147,00;153,00;142,00;Geprueft
1989-05-24;146,00;148,00;143,00;Geprueft
1989-05-25;142,00;145,00;139,00;Geprueft
1989-05-26;142,00;144,00;139,00;Geprueft
1989-05-27;138,00;142,00;135,00;Geprueft
1989-05-28;136,00;137,00;136,00;Geprueft
1989-05-29;135,00;136,00;134,00;Geprueft
1989-05-30;138,00;140,00;135,00;Geprueft
1989-05-31;149,00;155,00;140,00;Geprueft
1989-06-01;149,00;156,00;143,00;Geprueft
1989-06-02;163,00;171,00;145,00;Geprueft
1989-06-03;168,00;171,00;164,00;Geprueft
1989-06-04;169,00;171,00;165,00;Geprueft
1989-06-05;160,00;167,00;150,00;Geprueft
1989-06-06;151,00;154,00;149,00;Geprueft
1989-06-07;147,00;150,00;142,00;Geprueft
1989-06-08;141,00;145,00;136,00;Geprueft
1989-06-09;136,00;138,00;133,00;Geprueft
1989-06-10;126,00;133,00;122,00;Geprueft
1989-06-11;130,00;131,00;127,00;Geprueft
1989-06-12;131,00;133,00;126,00;Geprueft
1989-06-13;131,00;136,00;126,00;Geprueft
1989-06-14;126,00;129,00;120,00;Geprueft
1989-06-15;122,00;127,00;120,00;Geprueft
1989-06-16;123,00;128,00;118,00;Geprueft
1989-06-17;119,00;121,00;117,00;Geprueft
1989-06-18;115,00;117,00;113,00;Geprueft
1989-06-19;114,00;116,00;111,00;Geprueft
1989-06-20;114,00;118,00;111,00;Geprueft
1989-06-21;113,00;116,00;108,00;Geprueft
1989-06-22;123,00;127,00;116,00;Geprueft
1989-06-23;156,00;186,00;127,00;Geprueft
1989-06-24;168,00;180,00;154,00;Geprueft
1989-06-25;152,00;156,00;144,00;Geprueft
1989-06-26;136,00;144,00;126,00;Geprueft
1989-06-27;132,00;134,00;127,00;Geprueft
1989-06-28;142,00;159,00;133,00;Geprueft
1989-06-29;159,00;167,00;145,00;Geprueft
1989-06-30;135,00;145,00;131,00;Geprueft
1989-07-01;128,00;131,00;124,00;Geprueft
1989-07-02;144,00;154,00;127,00;Geprueft
1989-07-03;187,00;209,00;154,00;Geprueft
1989-07-04;208,00;226,00;194,00;Geprueft
1989-07-05;196,00;216,00;175,00;Geprueft
1989-07-06;160,00;175,00;147,00;Geprueft
1989-07-07;145,00;151,00;137,00;Geprueft
1989-07-08;145,00;148,00;140,00;Geprueft
1989-07-09;174,00;191,00;141,00;Geprueft
1989-07-10;171,00;189,00;162,00;Geprueft
1989-07-11;203,00;275,00;162,00;Geprueft
1989-07-12;314,00;322,00;275,00;Geprueft
1989-07-13;258,00;317,00;224,00;Geprueft
1989-07-14;207,00;224,00;194,00;Geprueft
1989-07-15;189,00;194,00;177,00;Geprueft
1989-07-16;166,00;177,00;156,00;Geprueft
1989-07-17;155,00;157,00;148,00;Geprueft
1989-07-18;144,00;148,00;142,00;Geprueft
1989-07-19;142,00;144,00;141,00;Geprueft
1989-07-20;136,00;145,00;130,00;Geprueft
1989-07-21;130,00;137,00;123,00;Geprueft
1989-07-22;121,00;123,00;116,00;Geprueft
1989-07-23;119,00;126,00;115,00;Geprueft
1989-07-24;132,00;153,00;122,00;Geprueft
1989-07-25;140,00;151,00;137,00;Geprueft
1989-07-26;148,00;150,00;141,00;Geprueft
1989-07-27;140,00;149,00;135,00;Geprueft
1989-07-28;162,00;181,00;149,00;Geprueft
1989-07-29;149,00;154,00;140,00;Geprueft
1989-07-30;133,00;141,00;123,00;Geprueft
1989-07-31;143,00;152,00;123,00;Geprueft
1989-08-01;179,00;243,00;150,00;Geprueft
1989-08-02;273,00;298,00;243,00;Geprueft
1989-08-03;230,00;274,00;197,00;Geprueft
1989-08-04;186,00;197,00;175,00;Geprueft
1989-08-05;160,00;175,00;145,00;Geprueft
1989-08-06;144,00;146,00;138,00;Geprueft
1989-08-07;136,00;143,00;133,00;Geprueft
1989-08-08;140,00;154,00;134,00;Geprueft
1989-08-09;170,00;184,00;154,00;Geprueft
1989-08-10;185,00;205,00;161,00;Geprueft
1989-08-11;154,00;161,00;150,00;Geprueft
1989-08-12;151,00;164,00;140,00;Geprueft
1989-08-13;135,00;140,00;127,00;Geprueft
1989-08-14;128,00;130,00;125,00;Geprueft
1989-08-15;127,00;129,00;124,00;Geprueft
1989-08-16;125,00;128,00;120,00;Geprueft
1989-08-17;115,00;120,00;111,00;Geprueft
1989-08-18;140,00;164,00;111,00;Geprueft
1989-08-19;143,00;150,00;127,00;Geprueft
1989-08-20;119,00;127,00;112,00;Geprueft
1989-08-21;114,00;117,00;113,00;Geprueft
1989-08-22;107,00;117,00;102,00;Geprueft
1989-08-23;117,00;120,00;112,00;Geprueft
1989-08-24;119,00;123,00;115,00;Geprueft
1989-08-25;120,00;124,00;116,00;Geprueft
1989-08-26;112,00;116,00;110,00;Geprueft
1989-08-27;118,00;133,00;110,00;Geprueft
1989-08-28;146,00;169,00;129,00;Geprueft
1989-08-29;173,00;178,00;165,00;Geprueft
1989-08-30;150,00;174,00;142,00;Geprueft
1989-08-31;132,00;147,00;122,00;Geprueft
1989-09-01;125,00;128,00;120,00;Geprueft
1989-09-02;120,00;123,00;114,00;Geprueft
1989-09-03;126,00;153,00;111,00;Geprueft
1989-09-04;163,00;175,00;153,00;Geprueft
1989-09-05;181,00;184,00;170,00;Geprueft
1989-09-06;157,00;183,00;144,00;Geprueft
1989-09-07;140,00;147,00;129,00;Geprueft
1989-09-08;130,00;134,00;120,00;Geprueft
1989-09-09;120,00;130,00;115,00;Geprueft
1989-09-10;116,00;117,00;114,00;Geprueft
1989-09-11;109,00;114,00;107,00;Geprueft
1989-09-12;112,00;123,00;104,00;Geprueft
1989-09-13;116,00;123,00;109,00;Geprueft
1989-09-14;123,00;133,00;114,00;Geprueft
1989-09-15;126,00;134,00;120,00;Geprueft
1989-09-16;128,00;134,00;123,00;Geprueft
1989-09-17;130,00;135,00;123,00;Geprueft
1989-09-18;115,00;123,00;111,00;Geprueft
1989-09-19;109,00;112,00;106,00;Geprueft
1989-09-20;109,00;114,00;101,00;Geprueft
1989-09-21;100,00;103,00;98,00;Geprueft
1989-09-22;100,00;103,00;98,00;Geprueft
1989-09-23;99,00;101,00;97,00;Geprueft
1989-09-24;110,00;123,00;97,00;Geprueft
1989-09-25;109,00;122,00;105,00;Geprueft
1989-09-26;146,00;169,00;110,00;Geprueft
1989-09-27;150,00;170,00;134,00;Geprueft
1989-09-28;163,00;173,00;140,00;Geprueft
1989-09-29;154,00;166,00;144,00;Geprueft
1989-09-30;145,00;149,00;135,00;Geprueft
1989-10-01;130,00;135,00;125,00;Geprueft
1989-10-02;124,00;128,00;117,00;Geprueft
1989-10-03;116,00;118,00;112,00;Geprueft
1989-10-04;111,00;115,00;108,00;Geprueft
1989-10-05;109,00;114,00;106,00;Geprueft
1989-10-06;103,00;106,00;100,00;Geprueft
1989-10-07;117,00;148,00;106,00;Geprueft
1989-10-08;166,00;195,00;148,00;Geprueft
1989-10-09;200,00;220,00;187,00;Geprueft
1989-10-10;178,00;188,00;167,00;Geprueft
1989-10-11;169,00;173,00;161,00;Geprueft
1989-10-12;153,00;161,00;146,00;Geprueft
1989-10-13;142,00;148,00;137,00;Geprueft
1989-10-14;135,00;139,00;130,00;Geprueft
1989-10-15;150,00;175,00;130,00;Geprueft
1989-10-16;178,00;192,00;168,00;Geprueft
1989-10-17;152,00;168,00;142,00;Geprueft
1989-10-18;141,00;144,00;137,00;Geprueft
1989-10-19;133,00;138,00;126,00;Geprueft
1989-10-20;125,00;127,00;122,00;Geprueft
1989-10-21;126,00;130,00;122,00;Geprueft
1989-10-22;124,00;126,00;123,00;Geprueft
1989-10-23;119,00;130,00;116,00;Geprueft
1989-10-24;122,00;131,00;116,00;Geprueft
1989-10-25;111,00;116,00;108,00;Geprueft
1989-10-26;109,00;110,00;109,00;Geprueft
1989-10-27;109,00;110,00;108,00;Geprueft
1989-10-28;108,00;109,00;106,00;Geprueft
1989-10-29;112,00;125,00;101,00;Geprueft
1989-10-30;123,00;125,00;122,00;Geprueft
1989-10-31;130,00;139,00;124,00;Geprueft
1989-11-01;126,00;135,00;121,00;Geprueft
1989-11-02;128,00;139,00;118,00;Geprueft
1989-11-03;124,00;129,00;117,00;Geprueft
1989-11-04;125,00;138,00;113,00;Geprueft
1989-11-05;147,00;156,00;130,00;Geprueft
1989-11-06;152,00;175,00;137,00;Geprueft
1989-11-07;218,00;237,00;175,00;Geprueft
1989-11-08;205,00;228,00;178,00;Geprueft
1989-11-09;177,00;179,00;172,00;Geprueft
1989-11-10;175,00;181,00;162,00;Geprueft
1989-11-11;146,00;162,00;138,00;Geprueft
1989-11-12;140,00;144,00;137,00;Geprueft
1989-11-13;135,00;144,00;130,00;Geprueft
1989-11-14;132,00;135,00;129,00;Geprueft
1989-11-15;128,00;134,00;125,00;Geprueft
1989-11-16;125,00;125,00;125,00;Geprueft
1989-11-17;122,00;130,00;117,00;Geprueft
1989-11-18;117,00;118,00;115,00;Geprueft
1989-11-19;114,00;116,00;112,00;Geprueft
1989-11-20;112,00;113,00;111,00;Geprueft
1989-11-21;109,00;112,00;108,00;Geprueft
1989-11-22;111,00;113,00;109,00;Geprueft
1989-11-23;112,00;114,00;109,00;Geprueft
1989-11-24;109,00;110,00;109,00;Geprueft
1989-11-25;108,00;109,00;104,00;Geprueft
1989-11-26;102,00;104,00;101,00;Geprueft
1989-11-27;102,00;103,00;101,00;Geprueft
1989-11-28;101,00;104,00;97,00;Geprueft
1989-11-29;97,00;98,00;95,00;Geprueft
1989-11-30;99,00;103,00;94,00;Geprueft
1989-12-01;97,00;99,00;94,00;Geprueft
1989-12-02;94,00;97,00;93,00;Geprueft
1989-12-03;94,00;96,00;93,00;Geprueft
1989-12-04;96,00;97,00;93,00;Geprueft
1989-12-05;91,00;94,00;91,00;Geprueft
1989-12-06;93,00;93,00;92,00;Geprueft
1989-12-07;97,00;102,00;93,00;Geprueft
1989-12-08;98,00;100,00;97,00;Geprueft
1989-12-09;96,00;98,00;95,00;Geprueft
1989-12-10;95,00;98,00;93,00;Geprueft
1989-12-11;99,00;111,00;98,00;Geprueft
1989-12-12;99,00;101,00;98,00;Geprueft
1989-12-13;112,00;126,00;101,00;Geprueft
1989-12-14;136,00;142,00;123,00;Geprueft
1989-12-15;148,00;213,00;126,00;Geprueft
1989-12-16;261,00;282,00;213,00;Geprueft
1989-12-17;239,00;245,00;226,00;Geprueft
1989-12-18;257,00;272,00;240,00;Geprueft
1989-12-19;245,00;272,00;230,00;Geprueft
1989-12-20;271,00;286,00;245,00;Geprueft
1989-12-21;227,00;245,00;217,00;Geprueft
1989-12-22;211,00;218,00;207,00;Geprueft
1989-12-23;197,00;210,00;191,00;Geprueft
1989-12-24;204,00;212,00;200,00;Geprueft
1989-12-25;216,00;220,00;211,00;Geprueft
1989-12-26;197,00;211,00;190,00;Geprueft
1989-12-27;177,00;190,00;169,00;Geprueft
1989-12-28;169,00;173,00;163,00;Geprueft
1989-12-29;161,00;165,00;156,00;Geprueft
1989-12-30;152,00;156,00;147,00;Geprueft
1989-12-31;147,00;150,00;141,00;Geprueft
1990-01-01;140,00;141,00;137,00;Geprueft
1990-01-02;136,00;137,00;132,00;Geprueft
1990-01-03;127,00;132,00;123,00;Geprueft
1990-01-04;128,00;133,00;126,00;Geprueft
1990-01-05;125,00;128,00;122,00;Geprueft
1990-01-06;123,00;124,00;122,00;Geprueft
1990-01-07;124,00;124,00;124,00;Geprueft
1990-01-08;122,00;125,00;117,00;Geprueft
1990-01-09;117,00;119,00;114,00;Geprueft
1990-01-10;118,00;120,00;114,00;Geprueft
1990-01-11;112,00;116,00;108,00;Geprueft
1990-01-12;111,00;116,00;108,00;Geprueft
1990-01-13;107,00;108,00;105,00;Geprueft
1990-01-14;111,00;113,00;106,00;Geprueft
1990-01-15;109,00;110,00;108,00;Geprueft
1990-01-16;111,00;114,00;110,00;Geprueft
1990-01-17;115,00;116,00;113,00;Geprueft
1990-01-18;122,00;129,00;116,00;Geprueft
1990-01-19;125,00;129,00;116,00;Geprueft
1990-01-20;116,00;118,00;115,00;Geprueft
1990-01-21;115,00;118,00;113,00;Geprueft
1990-01-22;125,00;132,00;113,00;Geprueft
1990-01-23;116,00;123,00;114,00;Geprueft
1990-01-24;115,00;125,00;109,00;Geprueft
1990-01-25;152,00;163,00;125,00;Geprueft
1990-01-26;175,00;200,00;158,00;Geprueft
1990-01-27;186,00;202,00;161,00;Geprueft
1990-01-28;155,00;161,00;147,00;Geprueft
1990-01-29;148,00;155,00;144,00;Geprueft
1990-01-30;144,00;149,00;141,00;Geprueft
1990-01-31;132,00;141,00;123,00;Geprueft
1990-02-01;130,00;136,00;126,00;Geprueft
1990-02-02;129,00;132,00;126,00;Geprueft
1990-02-03;126,00;130,00;122,00;Geprueft
1990-02-04;127,00;128,00;126,00;Geprueft
1990-02-05;127,00;130,00;124,00;Geprueft
1990-02-06;123,00;127,00;119,00;Geprueft
1990-02-07;118,00;121,00;115,00;Geprueft
1990-02-08;116,00;120,00;114,00;Geprueft
1990-02-09;118,00;123,00;114,00;Geprueft
1990-02-10;126,00;129,00;122,00;Geprueft
1990-02-11;128,00;131,00;126,00;Geprueft
1990-02-12;129,00;132,00;123,00;Geprueft
1990-02-13;132,00;137,00;126,00;Geprueft
1990-02-14;203,00;349,00;137,00;Geprueft
1990-02-15;472,00;524,00;349,00;Geprueft
1990-02-16;541,00;553,00;524,00;Geprueft
1990-02-17;523,00;551,00;496,00;Geprueft
1990-02-18;485,00;496,00;439,00;Geprueft
1990-02-19;373,00;440,00;320,00;Geprueft
1990-02-20;297,00;320,00;274,00;Geprueft
1990-02-21;258,00;274,00;251,00;Geprueft
1990-02-22;239,00;254,00;230,00;Geprueft
1990-02-23;220,00;230,00;205,00;Geprueft
1990-02-24;208,00;211,00;204,00;Geprueft
1990-02-25;197,00;207,00;196,00;Geprueft
1990-02-26;191,00;200,00;188,00;Geprueft
1990-02-27;241,00;319,00;200,00;Geprueft
1990-02-28;326,00;342,00;307,00;Geprueft
1990-03-01;340,00;364,00;307,00;Geprueft
1990-03-02;346,00;363,00;336,00;Geprueft
1990-03-03;325,00;338,00;296,00;Geprueft
1990-03-04;271,00;296,00;254,00;Geprueft
1990-03-05;242,00;257,00;227,00;Geprueft
1990-03-06;225,00;229,00;214,00;Geprueft
1990-03-07;212,00;214,00;210,00;Geprueft
1990-03-08;205,00;210,00;201,00;Geprueft
1990-03-09;197,00;202,00;187,00;Geprueft
1990-03-10;184,00;188,00;178,00;Geprueft
1990-03-11;183,00;188,00;174,00;Geprueft
1990-03-12;179,00;183,00;174,00;Geprueft
1990-03-13;176,00;178,00;172,00;Geprueft
1990-03-14;170,00;175,00;163,00;Geprueft
1990-03-15;172,00;182,00;163,00;Geprueft
1990-03-16;165,00;172,00;160,00;Geprueft
1990-03-17;162,00;163,00;158,00;Geprueft
1990-03-18;156,00;159,00;154,00;Geprueft
1990-03-19;155,00;157,00;150,00;Geprueft
1990-03-20;156,00;160,00;153,00;Geprueft
1990-03-21;152,00;155,00;146,00;Geprueft
1990-03-22;147,00;151,00;141,00;Geprueft
1990-03-23;165,00;190,00;150,00;Geprueft
1990-03-24;185,00;192,00;170,00;Geprueft
1990-03-25;161,00;170,00;159,00;Geprueft
1990-03-26;158,00;164,00;149,00;Geprueft
1990-03-27;151,00;157,00;148,00;Geprueft
1990-03-28;159,00;171,00;151,00;Geprueft
1990-03-29;171,00;175,00;164,00;Geprueft
1990-03-30;167,00;175,00;161,00;Geprueft
1990-03-31;170,00;177,00;162,00;Geprueft
1990-04-01;160,00;164,00;151,00;Geprueft
1990-04-02;158,00;164,00;152,00;Geprueft
1990-04-03;151,00;156,00;143,00;Geprueft
1990-04-04;153,00;160,00;145,00;Geprueft
1990-04-05;144,00;155,00;134,00;Geprueft
1990-04-06;145,00;152,00;135,00;Geprueft
1990-04-07;134,00;146,00;131,00;Geprueft
1990-04-08;139,00;141,00;133,00;Geprueft
1990-04-09;148,00;154,00;141,00;Geprueft
1990-04-10;138,00;144,00;131,00;Geprueft
1990-04-11;138,00;147,00;131,00;Geprueft
1990-04-12;150,00;156,00;143,00;Geprueft
1990-04-13;158,00;162,00;153,00;Geprueft
1990-04-14;149,00;155,00;143,00;Geprueft
1990-04-15;153,00;159,00;145,00;Geprueft
1990-04-16;160,00;168,00;155,00;Geprueft
1990-04-17;160,00;170,00;151,00;Geprueft
1990-04-18;157,00;163,00;150,00;Geprueft
1990-04-19;167,00;171,00;162,00;Geprueft
1990-04-20;170,00;174,00;165,00;Geprueft
1990-04-21;161,00;169,00;154,00;Geprueft
1990-04-22;156,00;160,00;152,00;Geprueft
1990-04-23;162,00;174,00;152,00;Geprueft
1990-04-24;179,00;189,00;173,00;Geprueft
1990-04-25;191,00;198,00;182,00;Geprueft
1990-04-26;189,00;195,00;182,00;Geprueft
1990-04-27;188,00;192,00;182,00;Geprueft
1990-04-28;179,00;183,00;177,00;Geprueft
1990-04-29;180,00;183,00;172,00;Geprueft
1990-04-30;167,00;172,00;163,00;Geprueft
1990-05-01;161,00;167,00;156,00;Geprueft
1990-05-02;156,00;160,00;154,00;Geprueft
1990-05-03;158,00;165,00;154,00;Geprueft
1990-05-04;160,00;166,00;154,00;Geprueft
1990-05-05;157,00;161,00;153,00;Geprueft
1990-05-06;154,00;161,00;150,00;Geprueft
1990-05-07;153,00;156,00;146,00;Geprueft
1990-05-08;147,00;154,00;144,00;Geprueft
1990-05-09;157,00;166,00;152,00;Geprueft
1990-05-10;161,00;173,00;154,00;Geprueft
1990-05-11;164,00;173,00;157,00;Geprueft
1990-05-12;162,00;170,00;154,00;Geprueft
1990-05-13;154,00;158,00;149,00;Geprueft
1990-05-14;153,00;158,00;147,00;Geprueft
1990-05-15;153,00;160,00;147,00;Geprueft
1990-05-16;148,00;155,00;143,00;Geprueft
1990-05-17;148,00;152,00;143,00;Geprueft
1990-05-18;147,00;155,00;139,00;Geprueft
1990-05-19;141,00;148,00;133,00;Geprueft
1990-05-20;132,00;138,00;123,00;Geprueft
1990-05-21;128,00;134,00;121,00;Geprueft
1990-05-22;131,00;140,00;113,00;Geprueft
1990-05-23;130,00;135,00;122,00;Geprueft
1990-05-24;126,00;130,00;115,00;Geprueft
1990-05-25;135,00;160,00;115,00;Geprueft
1990-05-26;169,00;185,00;153,00;Geprueft
1990-05-27;147,00;157,00;135,00;Geprueft
1990-05-28;132,00;139,00;121,00;Geprueft
1990-05-29;122,00;129,00;114,00;Geprueft
1990-05-30;125,00;132,00;116,00;Geprueft
1990-05-31;114,00;118,00;104,00;Geprueft
1990-06-01;113,00;118,00;106,00;Geprueft
1990-06-02;115,00;134,00;107,00;Geprueft
1990-06-03;134,00;137,00;129,00;Geprueft
1990-06-04;132,00;140,00;125,00;Geprueft
1990-06-05;134,00;144,00;126,00;Geprueft
1990-06-06;156,00;190,00;137,00;Geprueft
1990-06-07;202,00;224,00;176,00;Geprueft
1990-06-08;175,00;186,00;168,00;Geprueft
1990-06-09;207,00;231,00;184,00;Geprueft
1990-06-10;187,00;203,00;175,00;Geprueft
1990-06-11;187,00;200,00;178,00;Geprueft
1990-06-12;187,00;202,00;175,00;Geprueft
1990-06-13;205,00;286,00;171,00;Geprueft
1990-06-14;257,00;289,00;216,00;Geprueft
1990-06-15;210,00;218,00;206,00;Geprueft
1990-06-16;195,00;217,00;174,00;Geprueft
1990-06-17;168,00;175,00;155,00;Geprueft
1990-06-18;147,00;155,00;142,00;Geprueft
1990-06-19;144,00;147,00;140,00;Geprueft
1990-06-20;136,00;145,00;131,00;Geprueft
1990-06-21;151,00;165,00;134,00;Geprueft
1990-06-22;152,00;157,00;143,00;Geprueft
1990-06-23;143,00;149,00;137,00;Geprueft
1990-06-24;143,00;149,00;138,00;Geprueft
1990-06-25;134,00;140,00;131,00;Geprueft
1990-06-26;122,00;138,00;117,00;Geprueft
1990-06-27;122,00;129,00;116,00;Geprueft
1990-06-28;160,00;173,00;129,00;Geprueft
1990-06-29;149,00;162,00;133,00;Geprueft
1990-06-30;161,00;175,00;145,00;Geprueft
1990-07-01;210,00;234,00;145,00;Geprueft
1990-07-02;209,00;230,00;185,00;Geprueft
1990-07-03;172,00;190,00;161,00;Geprueft
1990-07-04;203,00;238,00;181,00;Geprueft
1990-07-05;218,00;237,00;192,00;Geprueft
1990-07-06;205,00;214,00;191,00;Geprueft
1990-07-07;205,00;214,00;194,00;Geprueft
1990-07-08;215,00;307,00;194,00;Geprueft
1990-07-09;305,00;336,00;256,00;Geprueft
1990-07-10;241,00;275,00;223,00;Geprueft
1990-07-11;245,00;286,00;211,00;Geprueft
1990-07-12;201,00;211,00;190,00;Geprueft
1990-07-13;179,00;190,00;168,00;Geprueft
1990-07-14;158,00;175,00;151,00;Geprueft
1990-07-15;151,00;155,00;147,00;Geprueft
1990-07-16;144,00;151,00;131,00;Geprueft
1990-07-17;134,00;139,00;130,00;Geprueft
1990-07-18;137,00;148,00;126,00;Geprueft
1990-07-19;132,00;141,00;125,00;Geprueft
1990-07-20;125,00;132,00;119,00;Geprueft
1990-07-21;120,00;124,00;117,00;Geprueft
1990-07-22;116,00;120,00;113,00;Geprueft
1990-07-23;114,00;116,00;111,00;Geprueft
1990-07-24;114,00;119,00;109,00;Geprueft
1990-07-25;110,00;116,00;102,00;Geprueft
1990-07-26;106,00;111,00;105,00;Geprueft
1990-07-27;105,00;107,00;103,00;Geprueft
1990-07-28;102,00;103,00;102,00;Geprueft
1990-07-29;100,00;102,00;99,00;Geprueft
1990-07-30;112,00;117,00;99,00;Geprueft
1990-07-31;141,00;152,00;116,00;Geprueft
1990-08-01;137,00;152,00;128,00;Geprueft
1990-08-02;125,00;142,00;111,00;Geprueft
1990-08-03;111,00;116,00;106,00;Geprueft
1990-08-04;102,00;108,00;99,00;Geprueft
1990-08-05;96,00;101,00;89,00;Geprueft
1990-08-06;107,00;114,00;101,00;Geprueft
1990-08-07;126,00;137,00;112,00;Geprueft
1990-08-08;120,00;134,00;97,00;Geprueft
1990-08-09;104,00;109,00;99,00;Geprueft
1990-08-10;101,00;104,00;94,00;Geprueft
1990-08-11;94,00;101,00;90,00;Geprueft
1990-08-12;92,00;99,00;87,00;Geprueft
1990-08-13;93,00;100,00;87,00;Geprueft
1990-08-14;93,00;105,00;88,00;Geprueft
1990-08-15;116,00;121,00;105,00;Geprueft
1990-08-16;111,00;113,00;106,00;Geprueft
1990-08-17;113,00;136,00;101,00;Geprueft
1990-08-18;131,00;135,00;126,00;Geprueft
1990-08-19;114,00;126,00;109,00;Geprueft
1990-08-20;104,00;110,00;100,00;Geprueft
1990-08-21;103,00;105,00;99,00;Geprueft
1990-08-22;94,00;100,00;86,00;Geprueft
1990-08-23;94,00;98,00;86,00;Geprueft
1990-08-24;96,00;105,00;93,00;Geprueft
1990-08-25;93,00;94,00;91,00;Geprueft
1990-08-26;110,00;131,00;91,00;Geprueft
1990-08-27;111,00;130,00;94,00;Geprueft
1990-08-28;100,00;102,00;98,00;Geprueft
1990-08-29;100,00;101,00;97,00;Geprueft
1990-08-30;97,00;99,00;95,00;Geprueft
1990-08-31;98,00;102,00;93,00;Geprueft
1990-09-01;103,00;106,00;98,00;Geprueft
1990-09-02;95,00;99,00;92,00;Geprueft
1990-09-03;99,00;100,00;96,00;Geprueft
1990-09-04;102,00;106,00;96,00;Geprueft
1990-09-05;132,00;153,00;106,00;Geprueft
1990-09-06;145,00;157,00;130,00;Geprueft
1990-09-07;126,00;145,00;120,00;Geprueft
1990-09-08;157,00;166,00;145,00;Geprueft
1990-09-09;154,00;166,00;144,00;Geprueft
1990-09-10;136,00;144,00;129,00;Geprueft
1990-09-11;132,00;143,00;126,00;Geprueft
1990-09-12;134,00;148,00;126,00;Geprueft
1990-09-13;121,00;127,00;115,00;Geprueft
1990-09-14;115,00;119,00;110,00;Geprueft
1990-09-15;106,00;110,00;100,00;Geprueft
1990-09-16;100,00;102,00;99,00;Geprueft
1990-09-17;102,00;104,00;99,00;Geprueft
1990-09-18;100,00;105,00;97,00;Geprueft
1990-09-19;103,00;105,00;101,00;Geprueft
1990-09-20;94,00;102,00;91,00;Geprueft
1990-09-21;93,00;101,00;89,00;Geprueft
1990-09-22;109,00;116,00;100,00;Geprueft
1990-09-23;170,00;214,00;116,00;Geprueft
1990-09-24;231,00;256,00;214,00;Geprueft
1990-09-25;228,00;277,00;197,00;Geprueft
1990-09-26;168,00;197,00;149,00;Geprueft
1990-09-27;140,00;149,00;138,00;Geprueft
1990-09-28;134,00;141,00;126,00;Geprueft
1990-09-29;124,00;126,00;121,00;Geprueft
1990-09-30;115,00;121,00;110,00;Geprueft
1990-10-01;125,00;142,00;111,00;Geprueft
1990-10-02;142,00;153,00;134,00;Geprueft
1990-10-03;157,00;164,00;148,00;Geprueft
1990-10-04;138,00;148,00;131,00;Geprueft
1990-10-05;164,00;188,00;140,00;Geprueft
1990-10-06;164,00;179,00;157,00;Geprueft
1990-10-07;152,00;157,00;137,00;Geprueft
1990-10-08;140,00;159,00;127,00;Geprueft
1990-10-09;152,00;157,00;148,00;Geprueft
1990-10-10;138,00;148,00;136,00;Geprueft
1990-10-11;124,00;136,00;116,00;Geprueft
1990-10-12;113,00;116,00;110,00;Geprueft
1990-10-13;111,00;114,00;107,00;Geprueft
1990-10-14;111,00;114,00;107,00;Geprueft
1990-10-15;109,00;113,00;102,00;Geprueft
1990-10-16;108,00;111,00;103,00;Geprueft
1990-10-17;106,00;112,00;103,00;Geprueft
1990-10-18;104,00;108,00;101,00;Geprueft
1990-10-19;101,00;104,00;99,00;Geprueft
1990-10-20;104,00;106,00;101,00;Geprueft
1990-10-21;100,00;102,00;98,00;Geprueft
1990-10-22;97,00;99,00;95,00;Geprueft
1990-10-23;97,00;99,00;95,00;Geprueft
1990-10-24;93,00;95,00;91,00;Geprueft
1990-10-25;93,00;95,00;90,00;Geprueft
1990-10-26;90,00;92,00;88,00;Geprueft
1990-10-27;92,00;98,00;89,00;Geprueft
1990-10-28;97,00;99,00;94,00;Geprueft
1990-10-29;112,00;132,00;94,00;Geprueft
1990-10-30;166,00;225,00;132,00;Geprueft
1990-10-31;203,00;240,00;180,00;Geprueft
1990-11-01;210,00;219,00;189,00;Geprueft
1990-11-02;189,00;209,00;168,00;Geprueft
1990-11-03;167,00;172,00;157,00;Geprueft
1990-11-04;157,00;158,00;155,00;Geprueft
1990-11-05;164,00;169,00;156,00;Geprueft
1990-11-06;160,00;167,00;152,00;Geprueft
1990-11-07;148,00;152,00;145,00;Geprueft
1990-11-08;144,00;146,00;141,00;Geprueft
1990-11-09;132,00;142,00;126,00;Geprueft
1990-11-10;124,00;126,00;120,00;Geprueft
1990-11-11;123,00;140,00;118,00;Geprueft
1990-11-12;160,00;170,00;140,00;Geprueft
1990-11-13;166,00;169,00;164,00;Geprueft
1990-11-14;156,00;165,00;148,00;Geprueft
1990-11-15;171,00;195,00;154,00;Geprueft
1990-11-16;213,00;232,00;195,00;Geprueft
1990-11-17;189,00;201,00;179,00;Geprueft
1990-11-18;178,00;182,00;174,00;Geprueft
1990-11-19;192,00;205,00;178,00;Geprueft
1990-11-20;209,00;213,00;205,00;Geprueft
1990-11-21;214,00;230,00;207,00;Geprueft
1990-11-22;245,00;258,00;230,00;Geprueft
1990-11-23;252,00;260,00;244,00;Geprueft
1990-11-24;234,00;246,00;217,00;Geprueft
1990-11-25;205,00;217,00;199,00;Geprueft
1990-11-26;188,00;199,00;180,00;Geprueft
1990-11-27;179,00;184,00;174,00;Geprueft
1990-11-28;172,00;174,00;168,00;Geprueft
1990-11-29;172,00;174,00;165,00;Geprueft
1990-11-30;161,00;166,00;153,00;Geprueft
1990-12-01;158,00;166,00;153,00;Geprueft
1990-12-02;151,00;154,00;148,00;Geprueft
1990-12-03;148,00;150,00;145,00;Geprueft
1990-12-04;146,00;148,00;144,00;Geprueft
1990-12-05;143,00;147,00;140,00;Geprueft
1990-12-06;144,00;146,00;141,00;Geprueft
1990-12-07;140,00;145,00;135,00;Geprueft
1990-12-08;127,00;135,00;123,00;Geprueft
1990-12-09;125,00;130,00;120,00;Geprueft
1990-12-10;128,00;133,00;125,00;Geprueft
1990-12-11;130,00;133,00;126,00;Geprueft
1990-12-12;126,00;129,00;124,00;Geprueft
1990-12-13;121,00;126,00;117,00;Geprueft
1990-12-14;119,00;122,00;117,00;Geprueft
1990-12-15;120,00;122,00;117,00;Geprueft
1990-12-16;116,00;120,00;114,00;Geprueft
1990-12-17;116,00;119,00;113,00;Geprueft
1990-12-18;114,00;116,00;112,00;Geprueft
1990-12-19;117,00;121,00;113,00;Geprueft
1990-12-20;112,00;117,00;110,00;Geprueft
1990-12-21;114,00;115,00;111,00;Geprueft
1990-12-22;115,00;123,00;114,00;Geprueft
1990-12-23;134,00;143,00;123,00;Geprueft
1990-12-24;154,00;158,00;143,00;Geprueft
1990-12-25;151,00;154,00;147,00;Geprueft
1990-12-26;147,00;151,00;144,00;Geprueft
1990-12-27;159,00;196,00;145,00;Geprueft
1990-12-28;206,00;223,00;187,00;Geprueft
1990-12-29;184,00;189,00;177,00;Geprueft
1990-12-30;211,00;242,00;174,00;Geprueft
1990-12-31;295,00;338,00;242,00;Geprueft
1991-01-01;353,00;371,00;338,00;Geprueft
1991-01-02;336,00;360,00;319,00;Geprueft
1991-01-03;335,00;357,00;315,00;Geprueft
1991-01-04;335,00;359,00;311,00;Geprueft
1991-01-05;293,00;311,00;274,00;Geprueft
1991-01-06;267,00;277,00;250,00;Geprueft
1991-01-07;255,00;261,00;251,00;Geprueft
1991-01-08;276,00;287,00;261,00;Geprueft
1991-01-09;268,00;280,00;259,00;Geprueft
1991-01-10;243,00;259,00;233,00;Geprueft
1991-01-11;225,00;233,00;219,00;Geprueft
1991-01-12;235,00;239,00;227,00;Geprueft
1991-01-13;232,00;238,00;225,00;Geprueft
1991-01-14;227,00;237,00;218,00;Geprueft
1991-01-15;211,00;219,00;204,00;Geprueft
1991-01-16;198,00;204,00;188,00;Geprueft
1991-01-17;183,00;188,00;177,00;Geprueft
1991-01-18;176,00;183,00;172,00;Geprueft
1991-01-19;171,00;177,00;168,00;Geprueft
1991-01-20;166,00;176,00;163,00;Geprueft
1991-01-21;161,00;167,00;156,00;Geprueft
1991-01-22;163,00;167,00;158,00;Geprueft
1991-01-23;156,00;162,00;154,00;Geprueft
1991-01-24;149,00;154,00;148,00;Geprueft
1991-01-25;144,00;148,00;141,00;Geprueft
1991-01-26;145,00;149,00;142,00;Geprueft
1991-01-27;144,00;146,00;141,00;Geprueft
1991-01-28;140,00;141,00;138,00;Geprueft
1991-01-29;137,00;140,00;136,00;Geprueft
1991-01-30;136,00;138,00;134,00;Geprueft
1991-01-31;133,00;134,00;131,00;Geprueft
1991-02-01;126,00;131,00;124,00;Geprueft
1991-02-02;124,00;126,00;121,00;Geprueft
1991-02-03;124,00;130,00;121,00;Geprueft
1991-02-04;126,00;130,00;124,00;Geprueft
1991-02-05;122,00;125,00;121,00;Geprueft
1991-02-06;122,00;123,00;119,00;Geprueft
1991-02-07;119,00;120,00;118,00;Geprueft
1991-02-08;117,00;121,00;112,00;Geprueft
1991-02-09;118,00;121,00;116,00;Geprueft
1991-02-10;121,00;125,00;118,00;Geprueft
1991-02-11;119,00;124,00;116,00;Geprueft
1991-02-12;118,00;121,00;115,00;Geprueft
1991-02-13;116,00;117,00;114,00;Geprueft
1991-02-14;117,00;119,00;115,00;Geprueft
1991-02-15;114,00;118,00;112,00;Geprueft
1991-02-16;115,00;116,00;114,00;Geprueft
1991-02-17;112,00;114,00;111,00;Geprueft
1991-02-18;112,00;114,00;109,00;Geprueft
1991-02-19;110,00;116,00;107,00;Geprueft
1991-02-20;115,00;116,00;113,00;Geprueft
1991-02-21;114,00;117,00;111,00;Geprueft
1991-02-22;112,00;115,00;111,00;Geprueft
1991-02-23;117,00;120,00;115,00;Geprueft
1991-02-24;122,00;123,00;120,00;Geprueft
1991-02-25;132,00;137,00;121,00;Geprueft
1991-02-26;144,00;156,00;134,00;Geprueft
1991-02-27;154,00;162,00;151,00;Geprueft
1991-02-28;150,00;169,00;140,00;Geprueft
1991-03-01;156,00;163,00;149,00;Geprueft
1991-03-02;146,00;149,00;144,00;Geprueft
1991-03-03;156,00;168,00;147,00;Geprueft
1991-03-04;175,00;185,00;167,00;Geprueft
1991-03-05;174,00;180,00;171,00;Geprueft
1991-03-06;173,00;175,00;169,00;Geprueft
1991-03-07;170,00;174,00;168,00;Geprueft
1991-03-08;166,00;169,00;164,00;Geprueft
1991-03-09;169,00;173,00;165,00;Geprueft
1991-03-10;172,00;174,00;168,00;Geprueft
1991-03-11;169,00;173,00;163,00;Geprueft
1991-03-12;162,00;165,00;155,00;Geprueft
1991-03-13;151,00;155,00;146,00;Geprueft
1991-03-14;148,00;151,00;147,00;Geprueft
1991-03-15;146,00;150,00;143,00;Geprueft
1991-03-16;139,00;146,00;135,00;Geprueft
1991-03-17;137,00;138,00;135,00;Geprueft
1991-03-18;133,00;136,00;128,00;Geprueft
1991-03-19;139,00;148,00;128,00;Geprueft
1991-03-20;167,00;202,00;142,00;Geprueft
1991-03-21;209,00;221,00;190,00;Geprueft
1991-03-22;191,00;200,00;186,00;Geprueft
1991-03-23;210,00;227,00;200,00;Geprueft
1991-03-24;202,00;213,00;188,00;Geprueft
1991-03-25;185,00;190,00;177,00;Geprueft
1991-03-26;173,00;178,00;170,00;Geprueft
1991-03-27;172,00;175,00;171,00;Geprueft
1991-03-28;171,00;175,00;163,00;Geprueft
1991-03-29;161,00;164,00;156,00;Geprueft
1991-03-30;151,00;156,00;149,00;Geprueft
1991-03-31;148,00;149,00;145,00;Geprueft
1991-04-01;144,00;148,00;140,00;Geprueft
1991-04-02;140,00;142,00;138,00;Geprueft
1991-04-03;140,00;141,00;139,00;Geprueft
1991-04-04;146,00;154,00;140,00;Geprueft
1991-04-05;156,00;163,00;154,00;Geprueft
1991-04-06;185,00;194,00;163,00;Geprueft
1991-04-07;180,00;193,00;170,00;Geprueft
1991-04-08;160,00;170,00;153,00;Geprueft
1991-04-09;153,00;155,00;148,00;Geprueft
1991-04-10;144,00;148,00;140,00;Geprueft
1991-04-11;140,00;142,00;137,00;Geprueft
1991-04-12;140,00;144,00;133,00;Geprueft
1991-04-13;133,00;134,00;132,00;Geprueft
1991-04-14;130,00;134,00;126,00;Geprueft
1991-04-15;125,00;130,00;120,00;Geprueft
1991-04-16;127,00;130,00;124,00;Geprueft
1991-04-17;125,00;133,00;121,00;Geprueft
1991-04-18;125,00;132,00;123,00;Geprueft
1991-04-19;124,00;126,00;123,00;Geprueft
1991-04-20;126,00;127,00;125,00;Geprueft
1991-04-21;124,00;127,00;121,00;Geprueft
1991-04-22;120,00;121,00;117,00;Geprueft
1991-04-23;121,00;123,00;117,00;Geprueft
1991-04-24;120,00;123,00;117,00;Geprueft
1991-04-25;126,00;131,00;120,00;Geprueft
1991-04-26;119,00;120,00;113,00;Geprueft
1991-04-27;114,00;115,00;113,00;Geprueft
1991-04-28;116,00;120,00;113,00;Geprueft
1991-04-29;129,00;139,00;119,00;Geprueft
1991-04-30;138,00;140,00;135,00;Geprueft
1991-05-01;135,00;138,00;132,00;Geprueft
1991-05-02;145,00;157,00;132,00;Geprueft
1991-05-03;148,00;157,00;142,00;Geprueft
1991-05-04;146,00;150,00;143,00;Geprueft
1991-05-05;142,00;146,00;140,00;Geprueft
1991-05-06;142,00;146,00;139,00;Geprueft
1991-05-07;147,00;152,00;139,00;Geprueft
1991-05-08;149,00;154,00;138,00;Geprueft
1991-05-09;138,00;140,00;137,00;Geprueft
1991-05-10;136,00;138,00;133,00;Geprueft
1991-05-11;148,00;199,00;136,00;Geprueft
1991-05-12;336,00;462,00;199,00;Geprueft
1991-05-13;413,00;472,00;318,00;Geprueft
1991-05-14;274,00;318,00;244,00;Geprueft
1991-05-15;239,00;253,00;229,00;Geprueft
1991-05-16;229,00;242,00;224,00;Geprueft
1991-05-17;220,00;227,00;208,00;Geprueft
1991-05-18;209,00;217,00;206,00;Geprueft
1991-05-19;211,00;218,00;194,00;Geprueft
1991-05-20;189,00;196,00;183,00;Geprueft
1991-05-21;178,00;186,00;169,00;Geprueft
1991-05-22;177,00;186,00;169,00;Geprueft
1991-05-23;184,00;189,00;180,00;Geprueft
1991-05-24;179,00;187,00;175,00;Geprueft
1991-05-25;164,00;175,00;154,00;Geprueft
1991-05-26;155,00;160,00;153,00;Geprueft
1991-05-27;167,00;172,00;158,00;Geprueft
1991-05-28;158,00;169,00;148,00;Geprueft
1991-05-29;149,00;151,00;148,00;Geprueft
1991-05-30;144,00;149,00;137,00;Geprueft
1991-05-31;143,00;145,00;142,00;Geprueft
1991-06-01;143,00;146,00;142,00;Geprueft
1991-06-02;143,00;148,00;140,00;Geprueft
1991-06-03;153,00;167,00;141,00;Geprueft
1991-06-04;161,00;170,00;154,00;Geprueft
1991-06-05;150,00;157,00;137,00;Geprueft
1991-06-06;146,00;153,00;137,00;Geprueft
1991-06-07;150,00;153,00;146,00;Geprueft
1991-06-08;151,00;157,00;146,00;Geprueft
1991-06-09;176,00;192,00;153,00;Geprueft
1991-06-10;174,00;187,00;167,00;Geprueft
1991-06-11;177,00;183,00;164,00;Geprueft
1991-06-12;157,00;166,00;152,00;Geprueft
1991-06-13;150,00;153,00;148,00;Geprueft
1991-06-14;159,00;167,00;152,00;Geprueft
1991-06-15;164,00;172,00;151,00;Geprueft
1991-06-16;161,00;187,00;145,00;Geprueft
1991-06-17;316,00;458,00;187,00;Geprueft
1991-06-18;501,00;525,00;458,00;Geprueft
1991-06-19;520,00;529,00;484,00;Geprueft
1991-06-20;389,00;484,00;322,00;Geprueft
1991-06-21;313,00;322,00;295,00;Geprueft
1991-06-22;275,00;295,00;246,00;Geprueft
1991-06-23;238,00;247,00;222,00;Geprueft
1991-06-24;223,00;228,00;218,00;Geprueft
1991-06-25;211,00;218,00;206,00;Geprueft
1991-06-26;200,00;218,00;192,00;Geprueft
1991-06-27;202,00;218,00;194,00;Geprueft
1991-06-28;239,00;268,00;206,00;Geprueft
1991-06-29;241,00;254,00;230,00;Geprueft
1991-06-30;233,00;254,00;210,00;Geprueft
1991-07-01;200,00;210,00;186,00;Geprueft
1991-07-02;179,00;186,00;168,00;Geprueft
1991-07-03;167,00;171,00;161,00;Geprueft
1991-07-04;164,00;167,00;161,00;Geprueft
1991-07-05;157,00;162,00;154,00;Geprueft
1991-07-06;153,00;157,00;152,00;Geprueft
1991-07-07;147,00;153,00;143,00;Geprueft
1991-07-08;144,00;148,00;141,00;Geprueft
1991-07-09;154,00;160,00;148,00;Geprueft
1991-07-10;164,00;169,00;159,00;Geprueft
1991-07-11;147,00;164,00;142,00;Geprueft
1991-07-12;143,00;146,00;138,00;Geprueft
1991-07-13;162,00;187,00;133,00;Geprueft
1991-07-14;175,00;190,00;166,00;Geprueft
1991-07-15;225,00;258,00;178,00;Geprueft
1991-07-16;200,00;234,00;171,00;Geprueft
1991-07-17;163,00;171,00;157,00;Geprueft
1991-07-18;174,00;185,00;162,00;Geprueft
1991-07-19;161,00;164,00;154,00;Geprueft
1991-07-20;149,00;156,00;143,00;Geprueft
1991-07-21;143,00;144,00;135,00;Geprueft
1991-07-22;133,00;135,00;129,00;Geprueft
1991-07-23;128,00;133,00;126,00;Geprueft
1991-07-24;131,00;138,00;124,00;Geprueft
1991-07-25;141,00;151,00;134,00;Geprueft
1991-07-26;164,00;180,00;150,00;Geprueft
1991-07-27;224,00;251,00;179,00;Geprueft
1991-07-28;234,00;254,00;212,00;Geprueft
1991-07-29;185,00;212,00;167,00;Geprueft
1991-07-30;158,00;167,00;143,00;Geprueft
1991-07-31;144,00;149,00;140,00;Geprueft
1991-08-01;164,00;208,00;138,00;Geprueft
1991-08-02;264,00;279,00;208,00;Geprueft
1991-08-03;235,00;272,00;197,00;Geprueft
1991-08-04;188,00;197,00;173,00;Geprueft
1991-08-05;165,00;173,00;153,00;Geprueft
1991-08-06;152,00;154,00;145,00;Geprueft
1991-08-07;137,00;145,00;132,00;Geprueft
1991-08-08;136,00;142,00;132,00;Geprueft
1991-08-09;138,00;146,00;131,00;Geprueft
1991-08-10;127,00;132,00;123,00;Geprueft
1991-08-11;130,00;132,00;123,00;Geprueft
1991-08-12;120,00;123,00;115,00;Geprueft
1991-08-13;141,00;153,00;118,00;Geprueft
1991-08-14;124,00;138,00;116,00;Geprueft
1991-08-15;123,00;124,00;122,00;Geprueft
1991-08-16;120,00;124,00;118,00;Geprueft
1991-08-17;118,00;123,00;116,00;Geprueft
1991-08-18;110,00;118,00;106,00;Geprueft
1991-08-19;109,00;112,00;107,00;Geprueft
1991-08-20;112,00;113,00;111,00;Geprueft
1991-08-21;109,00;112,00;106,00;Geprueft
1991-08-22;106,00;111,00;102,00;Geprueft
1991-08-23;103,00;108,00;100,00;Geprueft
1991-08-24;111,00;114,00;106,00;Geprueft
1991-08-25;109,00;113,00;107,00;Geprueft
1991-08-26;107,00;109,00;105,00;Geprueft
1991-08-27;100,00;105,00;96,00;Geprueft
1991-08-28;97,00;99,00;96,00;Geprueft
1991-08-29;98,00;98,00;97,00;Geprueft
1991-08-30;97,00;99,00;96,00;Geprueft
1991-08-31;96,00;102,00;92,00;Geprueft
1991-09-01;93,00;96,00;88,00;Geprueft
1991-09-02;91,00;93,00;88,00;Geprueft
1991-09-03;94,00;96,00;92,00;Geprueft
1991-09-04;91,00;95,00;87,00;Geprueft
1991-09-05;93,00;96,00;87,00;Geprueft
1991-09-06;92,00;95,00;90,00;Geprueft
1991-09-07;92,00;95,00;85,00;Geprueft
1991-09-08;86,00;88,00;84,00;Geprueft
1991-09-09;88,00;89,00;86,00;Geprueft
1991-09-10;90,00;92,00;87,00;Geprueft
1991-09-11;91,00;96,00;90,00;Geprueft
1991-09-12;113,00;123,00;96,00;Geprueft
1991-09-13;113,00;123,00;102,00;Geprueft
1991-09-14;97,00;104,00;90,00;Geprueft
1991-09-15;92,00;98,00;86,00;Geprueft
1991-09-16;96,00;97,00;93,00;Geprueft
1991-09-17;95,00;97,00;93,00;Geprueft
1991-09-18;97,00;100,00;95,00;Geprueft
1991-09-19;99,00;103,00;95,00;Geprueft
1991-09-20;93,00;97,00;90,00;Geprueft
1991-09-21;92,00;93,00;88,00;Geprueft
1991-09-22;94,00;110,00;88,00;Geprueft
1991-09-23;122,00;125,00;110,00;Geprueft
1991-09-24;125,00;134,00;107,00;Geprueft
1991-09-25;104,00;108,00;98,00;Geprueft
1991-09-26;103,00;106,00;98,00;Geprueft
1991-09-27;125,00;157,00;104,00;Geprueft
1991-09-28;149,00;157,00;141,00;Geprueft
1991-09-29;130,00;141,00;125,00;Geprueft
1991-09-30;123,00;135,00;111,00;Geprueft
1991-10-01;124,00;134,00;116,00;Geprueft
1991-10-02;115,00;121,00;107,00;Geprueft
1991-10-03;114,00;117,00;112,00;Geprueft
1991-10-04;111,00;116,00;106,00;Geprueft
1991-10-05;108,00;113,00;102,00;Geprueft
1991-10-06;99,00;102,00;96,00;Geprueft
1991-10-07;104,00;109,00;99,00;Geprueft
1991-10-08;105,00;109,00;100,00;Geprueft
1991-10-09;103,00;109,00;100,00;Geprueft
1991-10-10;101,00;107,00;96,00;Geprueft
1991-10-11;100,00;104,00;94,00;Geprueft
1991-10-12;96,00;100,00;92,00;Geprueft
1991-10-13;87,00;92,00;83,00;Geprueft
1991-10-14;94,00;101,00;82,00;Geprueft
1991-10-15;100,00;104,00;98,00;Geprueft
1991-10-16;97,00;100,00;90,00;Geprueft
1991-10-17;101,00;106,00;96,00;Geprueft
1991-10-18;103,00;108,00;100,00;Geprueft
1991-10-19;113,00;123,00;101,00;Geprueft
1991-10-20;113,00;121,00;103,00;Geprueft
1991-10-21;115,00;119,00;107,00;Geprueft
1991-10-22;114,00;132,00;102,00;Geprueft
1991-10-23;101,00;103,00;99,00;Geprueft
1991-10-24;100,00;103,00;99,00;Geprueft
1991-10-25;100,00;103,00;97,00;Geprueft
1991-10-26;98,00;100,00;96,00;Geprueft
1991-10-27;97,00;100,00;93,00;Geprueft
1991-10-28;95,00;97,00;93,00;Geprueft
1991-10-29;96,00;102,00;93,00;Geprueft
1991-10-30;99,00;102,00;95,00;Geprueft
1991-10-31;97,00;98,00;94,00;Geprueft
1991-11-01;88,00;96,00;85,00;Geprueft
1991-11-02;92,00;95,00;86,00;Geprueft
1991-11-03;93,00;97,00;91,00;Geprueft
1991-11-04;111,00;128,00;97,00;Geprueft
1991-11-05;121,00;128,00;115,00;Geprueft
1991-11-06;110,00;116,00;106,00;Geprueft
1991-11-07;109,00;113,00;106,00;Geprueft
1991-11-08;111,00;113,00;108,00;Geprueft
1991-11-09;118,00;130,00;112,00;Geprueft
1991-11-10;138,00;146,00;128,00;Geprueft
1991-11-11;131,00;143,00;123,00;Geprueft
1991-11-12;118,00;123,00;114,00;Geprueft
1991-11-13;119,00;125,00;114,00;Geprueft
1991-11-14;132,00;144,00;116,00;Geprueft
1991-11-15;146,00;151,00;139,00;Geprueft
1991-11-16;139,00;148,00;136,00;Geprueft
1991-11-17;150,00;160,00;139,00;Geprueft
1991-11-18;151,00;161,00;142,00;Geprueft
1991-11-19;149,00;168,00;140,00;Geprueft
1991-11-20;175,00;181,00;167,00;Geprueft
1991-11-21;171,00;179,00;168,00;Geprueft
1991-11-22;166,00;179,00;155,00;Geprueft
1991-11-23;151,00;156,00;146,00;Geprueft
1991-11-24;138,00;146,00;134,00;Geprueft
1991-11-25;136,00;141,00;128,00;Geprueft
1991-11-26;127,00;128,00;125,00;Geprueft
1991-11-27;124,00;127,00;122,00;Geprueft
1991-11-28;121,00;126,00;117,00;Geprueft
1991-11-29;114,00;123,00;23,00;Geprueft
1991-11-30;112,00;116,00;111,00;Geprueft
1991-12-01;112,00;114,00;111,00;Geprueft
1991-12-02;116,00;120,00;111,00;Geprueft
1991-12-03;110,00;118,00;102,00;Geprueft
1991-12-04;107,00;113,00;100,00;Geprueft
1991-12-05;103,00;109,00;101,00;Geprueft
1991-12-06;103,00;108,00;100,00;Geprueft
1991-12-07;105,00;110,00;101,00;Geprueft
1991-12-08;108,00;111,00;104,00;Geprueft
1991-12-09;105,00;106,00;101,00;Geprueft
1991-12-10;102,00;104,00;100,00;Geprueft
1991-12-11;96,00;100,00;93,00;Geprueft
1991-12-12;100,00;108,00;94,00;Geprueft
1991-12-13;92,00;100,00;88,00;Geprueft
1991-12-14;91,00;94,00;88,00;Geprueft
1991-12-15;91,00;97,00;89,00;Geprueft
1991-12-16;93,00;94,00;90,00;Geprueft
1991-12-17;92,00;94,00;89,00;Geprueft
1991-12-18;109,00;129,00;89,00;Geprueft
1991-12-19;149,00;160,00;129,00;Geprueft
1991-12-20;177,00;207,00;136,00;Geprueft
1991-12-21;180,00;197,00;170,00;Geprueft
1991-12-22;243,00;351,00;178,00;Geprueft
1991-12-23;429,00;457,00;351,00;Geprueft
1991-12-24;377,00;440,00;349,00;Geprueft
1991-12-25;310,00;349,00;273,00;Geprueft
1991-12-26;245,00;273,00;220,00;Geprueft
1991-12-27;216,00;222,00;206,00;Geprueft
1991-12-28;197,00;206,00;187,00;Geprueft
1991-12-29;181,00;187,00;172,00;Geprueft
1991-12-30;165,00;172,00;158,00;Geprueft
1991-12-31;155,00;158,00;153,00;Geprueft
1992-01-01;147,00;153,00;143,00;Geprueft
1992-01-02;142,00;144,00;139,00;Geprueft
1992-01-03;135,00;139,00;134,00;Geprueft
1992-01-04;132,00;134,00;129,00;Geprueft
1992-01-05;133,00;135,00;130,00;Geprueft
1992-01-06;128,00;130,00;126,00;Geprueft
1992-01-07;133,00;138,00;130,00;Geprueft
1992-01-08;131,00;133,00;126,00;Geprueft
1992-01-09;127,00;130,00;124,00;Geprueft
1992-01-10;127,00;135,00;125,00;Geprueft
1992-01-11;146,00;150,00;135,00;Geprueft
1992-01-12;144,00;150,00;136,00;Geprueft
1992-01-13;134,00;136,00;133,00;Geprueft
1992-01-14;132,00;133,00;130,00;Geprueft
1992-01-15;131,00;132,00;129,00;Geprueft
1992-01-16;125,00;129,00;118,00;Geprueft
1992-01-17;122,00;123,00;118,00;Geprueft
1992-01-18;120,00;122,00;119,00;Geprueft
1992-01-19;119,00;120,00;117,00;Geprueft
1992-01-20;119,00;121,00;116,00;Geprueft
1992-01-21;115,00;116,00;114,00;Geprueft
1992-01-22;111,00;115,00;109,00;Geprueft
1992-01-23;108,00;110,00;107,00;Geprueft
1992-01-24;107,00;108,00;105,00;Geprueft
1992-01-25;105,00;105,00;104,00;Geprueft
1992-01-26;105,00;107,00;105,00;Geprueft
1992-01-27;110,00;112,00;107,00;Geprueft
1992-01-28;105,00;110,00;101,00;Geprueft
1992-01-29;101,00;104,00;99,00;Geprueft
1992-01-30;98,00;99,00;97,00;Geprueft
1992-01-31;100,00;101,00;98,00;Geprueft
1992-02-01;101,00;104,00;100,00;Geprueft
1992-02-02;104,00;104,00;103,00;Geprueft
1992-02-03;102,00;107,00;101,00;Geprueft
1992-02-04;102,00;103,00;101,00;Geprueft
1992-02-05;116,00;137,00;103,00;Geprueft
1992-02-06;186,00;215,00;137,00;Geprueft
1992-02-07;199,00;214,00;178,00;Geprueft
1992-02-08;168,00;178,00;160,00;Geprueft
1992-02-09;150,00;160,00;143,00;Geprueft
1992-02-10;143,00;144,00;141,00;Geprueft
1992-02-11;144,00;151,00;140,00;Geprueft
1992-02-12;175,00;224,00;142,00;Geprueft
1992-02-13;223,00;228,00;216,00;Geprueft
1992-02-14;209,00;220,00;202,00;Geprueft
1992-02-15;193,00;202,00;181,00;Geprueft
1992-02-16;203,00;222,00;181,00;Geprueft
1992-02-17;212,00;222,00;196,00;Geprueft
1992-02-18;181,00;196,00;174,00;Geprueft
1992-02-19;171,00;178,00;161,00;Geprueft
1992-02-20;156,00;161,00;149,00;Geprueft
1992-02-21;147,00;149,00;146,00;Geprueft
1992-02-22;147,00;150,00;141,00;Geprueft
1992-02-23;139,00;141,00;137,00;Geprueft
1992-02-24;143,00;147,00;139,00;Geprueft
1992-02-25;149,00;158,00;140,00;Geprueft
1992-02-26;146,00;157,00;138,00;Geprueft
1992-02-27;140,00;142,00;138,00;Geprueft
1992-02-28;135,00;140,00;131,00;Geprueft
1992-02-29;137,00;139,00;131,00;Geprueft
1992-03-01;135,00;138,00;133,00;Geprueft
1992-03-02;136,00;139,00;133,00;Geprueft
1992-03-03;144,00;150,00;139,00;Geprueft
1992-03-04;142,00;145,00;139,00;Geprueft
1992-03-05;148,00;150,00;142,00;Geprueft
1992-03-06;140,00;146,00;138,00;Geprueft
1992-03-07;146,00;149,00;143,00;Geprueft
1992-03-08;145,00;146,00;142,00;Geprueft
1992-03-09;138,00;142,00;134,00;Geprueft
1992-03-10;134,00;136,00;132,00;Geprueft
1992-03-11;137,00;139,00;133,00;Geprueft
1992-03-12;138,00;144,00;133,00;Geprueft
1992-03-13;135,00;136,00;133,00;Geprueft
1992-03-14;166,00;207,00;135,00;Geprueft
1992-03-15;238,00;313,00;207,00;Geprueft
1992-03-16;341,00;364,00;298,00;Geprueft
1992-03-17;277,00;298,00;258,00;Geprueft
1992-03-18;242,00;258,00;225,00;Geprueft
1992-03-19;211,00;225,00;200,00;Geprueft
1992-03-20;199,00;203,00;195,00;Geprueft
1992-03-21;200,00;205,00;192,00;Geprueft
1992-03-22;205,00;220,00;191,00;Geprueft
1992-03-23;289,00;363,00;220,00;Geprueft
1992-03-24;381,00;393,00;363,00;Geprueft
1992-03-25;356,00;378,00;330,00;Geprueft
1992-03-26;309,00;330,00;294,00;Geprueft
1992-03-27;275,00;294,00;257,00;Geprueft
1992-03-28;243,00;257,00;229,00;Geprueft
1992-03-29;223,00;229,00;217,00;Geprueft
1992-03-30;218,00;223,00;210,00;Geprueft
1992-03-31;207,00;210,00;199,00;Geprueft
1992-04-01;211,00;213,00;207,00;Geprueft
1992-04-02;206,00;212,00;203,00;Geprueft
1992-04-03;200,00;219,00;190,00;Geprueft
1992-04-04;265,00;294,00;219,00;Geprueft
1992-04-05;297,00;317,00;288,00;Geprueft
1992-04-06;322,00;329,00;305,00;Geprueft
1992-04-07;285,00;305,00;267,00;Geprueft
1992-04-08;252,00;267,00;244,00;Geprueft
1992-04-09;230,00;244,00;218,00;Geprueft
1992-04-10;220,00;226,00;210,00;Geprueft
1992-04-11;209,00;211,00;205,00;Geprueft
1992-04-12;202,00;208,00;195,00;Geprueft
1992-04-13;199,00;203,00;194,00;Geprueft
1992-04-14;198,00;204,00;192,00;Geprueft
1992-04-15;191,00;194,00;188,00;Geprueft
1992-04-16;188,00;191,00;185,00;Geprueft
1992-04-17;180,00;188,00;176,00;Geprueft
1992-04-18;170,00;177,00;165,00;Geprueft
1992-04-19;171,00;175,00;165,00;Geprueft
1992-04-20;187,00;200,00;175,00;Geprueft
1992-04-21;192,00;202,00;182,00;Geprueft
1992-04-22;179,00;182,00;178,00;Geprueft
1992-04-23;190,00;202,00;178,00;Geprueft
1992-04-24;221,00;235,00;202,00;Geprueft
1992-04-25;206,00;211,00;204,00;Geprueft
1992-04-26;207,00;212,00;203,00;Geprueft
1992-04-27;213,00;214,00;211,00;Geprueft
1992-04-28;222,00;245,00;214,00;Geprueft
1992-04-29;248,00;272,00;222,00;Geprueft
1992-04-30;226,00;257,00;209,00;Geprueft
1992-05-01;196,00;209,00;184,00;Geprueft
1992-05-02;188,00;190,00;185,00;Geprueft
1992-05-03;180,00;185,00;178,00;Geprueft
1992-05-04;175,00;178,00;172,00;Geprueft
1992-05-05;166,00;173,00;162,00;Geprueft
1992-05-06;169,00;171,00;164,00;Geprueft
1992-05-07;167,00;172,00;164,00;Geprueft
1992-05-08;168,00;172,00;165,00;Geprueft
1992-05-09;175,00;184,00;166,00;Geprueft
1992-05-10;179,00;181,00;176,00;Geprueft
1992-05-11;178,00;183,00;176,00;Geprueft
1992-05-12;187,00;191,00;179,00;Geprueft
1992-05-13;171,00;179,00;165,00;Geprueft
1992-05-14;168,00;174,00;164,00;Geprueft
1992-05-15;178,00;183,00;174,00;Geprueft
1992-05-16;182,00;185,00;178,00;Geprueft
1992-05-17;176,00;183,00;173,00;Geprueft
1992-05-18;173,00;179,00;164,00;Geprueft
1992-05-19;163,00;164,00;160,00;Geprueft
1992-05-20;158,00;164,00;144,00;Geprueft
1992-05-21;146,00;148,00;144,00;Geprueft
1992-05-22;142,00;148,00;136,00;Geprueft
1992-05-23;134,00;142,00;126,00;Geprueft
1992-05-24;139,00;150,00;128,00;Geprueft
1992-05-25;143,00;152,00;132,00;Geprueft
1992-05-26;140,00;144,00;136,00;Geprueft
1992-05-27;138,00;141,00;136,00;Geprueft
1992-05-28;139,00;144,00;133,00;Geprueft
1992-05-29;131,00;134,00;129,00;Geprueft
1992-05-30;133,00;135,00;130,00;Geprueft
1992-05-31;126,00;130,00;125,00;Geprueft
1992-06-01;129,00;137,00;124,00;Geprueft
1992-06-02;132,00;138,00;124,00;Geprueft
1992-06-03;140,00;166,00;134,00;Geprueft
1992-06-04;207,00;232,00;166,00;Geprueft
1992-06-05;165,00;187,00;157,00;Geprueft
1992-06-06;180,00;188,00;165,00;Geprueft
1992-06-07;157,00;177,00;147,00;Geprueft
1992-06-08;174,00;211,00;147,00;Geprueft
1992-06-09;203,00;218,00;193,00;Geprueft
1992-06-10;211,00;222,00;194,00;Geprueft
1992-06-11;199,00;228,00;181,00;Geprueft
1992-06-12;182,00;199,00;169,00;Geprueft
1992-06-13;160,00;172,00;154,00;Geprueft
1992-06-14;154,00;155,00;153,00;Geprueft
1992-06-15;144,00;153,00;138,00;Geprueft
1992-06-16;139,00;141,00;134,00;Geprueft
1992-06-17;132,00;134,00;129,00;Geprueft
1992-06-18;135,00;138,00;128,00;Geprueft
1992-06-19;135,00;157,00;131,00;Geprueft
1992-06-20;173,00;178,00;156,00;Geprueft
1992-06-21;154,00;172,00;145,00;Geprueft
1992-06-22;141,00;148,00;133,00;Geprueft
1992-06-23;129,00;135,00;125,00;Geprueft
1992-06-24;150,00;161,00;135,00;Geprueft
1992-06-25;197,00;295,00;139,00;Geprueft
1992-06-26;292,00;323,00;244,00;Geprueft
1992-06-27;220,00;244,00;203,00;Geprueft
1992-06-28;181,00;203,00;168,00;Geprueft
1992-06-29;164,00;169,00;157,00;Geprueft
1992-06-30;149,00;158,00;137,00;Geprueft
1992-07-01;136,00;139,00;133,00;Geprueft
1992-07-02;138,00;142,00;134,00;Geprueft
1992-07-03;155,00;162,00;140,00;Geprueft
1992-07-04;143,00;153,00;140,00;Geprueft
1992-07-05;151,00;170,00;140,00;Geprueft
1992-07-06;175,00;186,00;158,00;Geprueft
1992-07-07;157,00;162,00;154,00;Geprueft
1992-07-08;157,00;161,00;151,00;Geprueft
1992-07-09;144,00;151,00;140,00;Geprueft
1992-07-10;140,00;153,00;134,00;Geprueft
1992-07-11;173,00;188,00;153,00;Geprueft
1992-07-12;208,00;223,00;188,00;Geprueft
1992-07-13;193,00;196,00;186,00;Geprueft
1992-07-14;171,00;186,00;156,00;Geprueft
1992-07-15;153,00;156,00;149,00;Geprueft
1992-07-16;140,00;149,00;137,00;Geprueft
1992-07-17;132,00;139,00;124,00;Geprueft
1992-07-18;127,00;130,00;123,00;Geprueft
1992-07-19;124,00;130,00;122,00;Geprueft
1992-07-20;119,00;123,00;113,00;Geprueft
1992-07-21;114,00;125,00;112,00;Geprueft
1992-07-22;149,00;158,00;125,00;Geprueft
1992-07-23;170,00;186,00;154,00;Geprueft
1992-07-24;147,00;182,00;136,00;Geprueft
1992-07-25;146,00;171,00;136,00;Geprueft
1992-07-26;149,00;175,00;138,00;Geprueft
1992-07-27;133,00;144,00;122,00;Geprueft
1992-07-28;118,00;122,00;114,00;Geprueft
1992-07-29;111,00;115,00;106,00;Geprueft
1992-07-30;111,00;114,00;106,00;Geprueft
1992-07-31;106,00;109,00;103,00;Geprueft
1992-08-01;114,00;130,00;106,00;Geprueft
1992-08-02;122,00;126,00;118,00;Geprueft
1992-08-03;117,00;124,00;106,00;Geprueft
1992-08-04;122,00;148,00;106,00;Geprueft
1992-08-05;141,00;149,00;121,00;Geprueft
1992-08-06;121,00;124,00;110,00;Geprueft
1992-08-07;108,00;112,00;100,00;Geprueft
1992-08-08;101,00;107,00;99,00;Geprueft
1992-08-09;103,00;107,00;99,00;Geprueft
1992-08-10;100,00;104,00;97,00;Geprueft
1992-08-11;102,00;106,00;97,00;Geprueft
1992-08-12;103,00;110,00;96,00;Geprueft
1992-08-13;100,00;106,00;89,00;Geprueft
1992-08-14;100,00;102,00;99,00;Geprueft
1992-08-15;98,00;101,00;95,00;Geprueft
1992-08-16;95,00;96,00;94,00;Geprueft
1992-08-17;93,00;96,00;90,00;Geprueft
1992-08-18;93,00;94,00;90,00;Geprueft
1992-08-19;89,00;92,00;84,00;Geprueft
1992-08-20;84,00;86,00;83,00;Geprueft
1992-08-21;89,00;93,00;86,00;Geprueft
1992-08-22;103,00;114,00;90,00;Geprueft
1992-08-23;96,00;104,00;93,00;Geprueft
1992-08-24;103,00;106,00;98,00;Geprueft
1992-08-25;96,00;98,00;91,00;Geprueft
1992-08-26;91,00;96,00;87,00;Geprueft
1992-08-27;99,00;108,00;86,00;Geprueft
1992-08-28;86,00;92,00;83,00;Geprueft
1992-08-29;87,00;88,00;83,00;Geprueft
1992-08-30;94,00;102,00;84,00;Geprueft
1992-08-31;100,00;101,00;100,00;Geprueft
1992-09-01;136,00;173,00;101,00;Geprueft
1992-09-02;169,00;206,00;142,00;Geprueft
1992-09-03;130,00;142,00;123,00;Geprueft
1992-09-04;130,00;149,00;122,00;Geprueft
1992-09-05;169,00;177,00;149,00;Geprueft
1992-09-06;162,00;173,00;144,00;Geprueft
1992-09-07;132,00;144,00;120,00;Geprueft
1992-09-08;123,00;131,00;118,00;Geprueft
1992-09-09;120,00;124,00;116,00;Geprueft
1992-09-10;110,00;116,00;107,00;Geprueft
1992-09-11;109,00;110,00;108,00;Geprueft
1992-09-12;105,00;108,00;102,00;Geprueft
1992-09-13;97,00;102,00;91,00;Geprueft
1992-09-14;103,00;116,00;91,00;Geprueft
1992-09-15;122,00;136,00;113,00;Geprueft
1992-09-16;118,00;134,00;111,00;Geprueft
1992-09-17;106,00;114,00;99,00;Geprueft
1992-09-18;100,00;103,00;94,00;Geprueft
1992-09-19;97,00;100,00;92,00;Geprueft
1992-09-20;91,00;96,00;88,00;Geprueft
1992-09-21;89,00;91,00;88,00;Geprueft
1992-09-22;92,00;97,00;89,00;Geprueft
1992-09-23;90,00;94,00;87,00;Geprueft
1992-09-24;95,00;99,00;88,00;Geprueft
1992-09-25;93,00;97,00;89,00;Geprueft
1992-09-26;88,00;89,00;88,00;Geprueft
1992-09-27;86,00;89,00;81,00;Geprueft
1992-09-28;83,00;91,00;80,00;Geprueft
1992-09-29;103,00;120,00;91,00;Geprueft
1992-09-30;125,00;130,00;120,00;Geprueft
1992-10-01;122,00;128,00;113,00;Geprueft
1992-10-02;100,00;113,00;95,00;Geprueft
1992-10-03;117,00;120,00;106,00;Geprueft
1992-10-04;118,00;124,00;113,00;Geprueft
1992-10-05;105,00;116,00;98,00;Geprueft
1992-10-06;101,00;104,00;98,00;Geprueft
1992-10-07;113,00;122,00;99,00;Geprueft
1992-10-08;116,00;126,00;107,00;Geprueft
1992-10-09;107,00;113,00;98,00;Geprueft
1992-10-10;107,00;108,00;101,00;Geprueft
1992-10-11;100,00;105,00;98,00;Geprueft
1992-10-12;101,00;104,00;94,00;Geprueft
1992-10-13;99,00;104,00;94,00;Geprueft
1992-10-14;96,00;102,00;87,00;Geprueft
1992-10-15;85,00;90,00;83,00;Geprueft
1992-10-16;89,00;91,00;88,00;Geprueft
1992-10-17;100,00;118,00;90,00;Geprueft
1992-10-18;119,00;121,00;116,00;Geprueft
1992-10-19;115,00;116,00;113,00;Geprueft
1992-10-20;112,00;118,00;106,00;Geprueft
1992-10-21;108,00;117,00;105,00;Geprueft
1992-10-22;127,00;133,00;117,00;Geprueft
1992-10-23;131,00;137,00;123,00;Geprueft
1992-10-24;136,00;167,00;120,00;Geprueft
1992-10-25;177,00;199,00;167,00;Geprueft
1992-10-26;246,00;279,00;199,00;Geprueft
1992-10-27;242,00;269,00;224,00;Geprueft
1992-10-28;236,00;249,00;224,00;Geprueft
1992-10-29;315,00;356,00;248,00;Geprueft
1992-10-30;290,00;348,00;251,00;Geprueft
1992-10-31;234,00;251,00;212,00;Geprueft
1992-11-01;205,00;214,00;191,00;Geprueft
1992-11-02;185,00;193,00;174,00;Geprueft
1992-11-03;176,00;187,00;167,00;Geprueft
1992-11-04;207,00;217,00;187,00;Geprueft
1992-11-05;224,00;236,00;213,00;Geprueft
1992-11-06;208,00;231,00;189,00;Geprueft
1992-11-07;182,00;189,00;168,00;Geprueft
1992-11-08;165,00;169,00;162,00;Geprueft
1992-11-09;160,00;166,00;157,00;Geprueft
1992-11-10;157,00;164,00;150,00;Geprueft
1992-11-11;170,00;201,00;150,00;Geprueft
1992-11-12;233,00;258,00;199,00;Geprueft
1992-11-13;246,00;259,00;237,00;Geprueft
1992-11-14;230,00;238,00;223,00;Geprueft
1992-11-15;217,00;244,00;208,00;Geprueft
1992-11-16;314,00;360,00;244,00;Geprueft
1992-11-17;339,00;363,00;308,00;Geprueft
1992-11-18;278,00;308,00;261,00;Geprueft
1992-11-19;249,00;263,00;239,00;Geprueft
1992-11-20;267,00;281,00;250,00;Geprueft
1992-11-21;249,00;260,00;237,00;Geprueft
1992-11-22;346,00;451,00;244,00;Geprueft
1992-11-23;478,00;490,00;451,00;Geprueft
1992-11-24;421,00;487,00;358,00;Geprueft
1992-11-25;325,00;358,00;296,00;Geprueft
1992-11-26;283,00;301,00;268,00;Geprueft
1992-11-27;336,00;362,00;288,00;Geprueft
1992-11-28;295,00;321,00;287,00;Geprueft
1992-11-29;331,00;431,00;287,00;Geprueft
1992-11-30;467,00;483,00;431,00;Geprueft
1992-12-01;380,00;444,00;339,00;Geprueft
1992-12-02;312,00;339,00;292,00;Geprueft
1992-12-03;285,00;292,00;277,00;Geprueft
1992-12-04;294,00;301,00;284,00;Geprueft
1992-12-05;321,00;346,00;296,00;Geprueft
1992-12-06;338,00;347,00;318,00;Geprueft
1992-12-07;306,00;318,00;293,00;Geprueft
1992-12-08;297,00;303,00;290,00;Geprueft
1992-12-09;301,00;306,00;291,00;Geprueft
1992-12-10;277,00;293,00;265,00;Geprueft
1992-12-11;252,00;265,00;243,00;Geprueft
1992-12-12;258,00;308,00;238,00;Geprueft
1992-12-13;318,00;329,00;300,00;Geprueft
1992-12-14;277,00;300,00;252,00;Geprueft
1992-12-15;248,00;254,00;238,00;Geprueft
1992-12-16;229,00;238,00;221,00;Geprueft
1992-12-17;218,00;226,00;198,00;Geprueft
1992-12-18;204,00;207,00;198,00;Geprueft
1992-12-19;197,00;204,00;189,00;Geprueft
1992-12-20;191,00;193,00;188,00;Geprueft
1992-12-21;191,00;205,00;183,00;Geprueft
1992-12-22;207,00;209,00;205,00;Geprueft
1992-12-23;201,00;208,00;194,00;Geprueft
1992-12-24;193,00;196,00;192,00;Geprueft
1992-12-25;182,00;192,00;176,00;Geprueft
1992-12-26;174,00;178,00;167,00;Geprueft
1992-12-27;171,00;173,00;168,00;Geprueft
1992-12-28;165,00;173,00;159,00;Geprueft
1992-12-29;158,00;159,00;156,00;Geprueft
1992-12-30;154,00;158,00;152,00;Geprueft
1992-12-31;151,00;155,00;148,00;Geprueft
1993-01-01;147,00;150,00;145,00;Geprueft
1993-01-02;144,00;147,00;141,00;Geprueft
1993-01-03;153,00;164,00;140,00;Geprueft
1993-01-04;157,00;167,00;138,00;Geprueft
1993-01-05;148,00;163,00;135,00;Geprueft
1993-01-06;133,00;136,00;130,00;Geprueft
1993-01-07;147,00;161,00;136,00;Geprueft
1993-01-08;192,00;216,00;161,00;Geprueft
1993-01-09;212,00;217,00;208,00;Geprueft
1993-01-10;178,00;208,00;171,00;Geprueft
1993-01-11;166,00;171,00;158,00;Geprueft
1993-01-12;165,00;175,00;155,00;Geprueft
1993-01-13;195,00;206,00;175,00;Geprueft
1993-01-14;186,00;203,00;179,00;Geprueft
1993-01-15;213,00;221,00;201,00;Geprueft
1993-01-16;186,00;204,00;168,00;Geprueft
1993-01-17;175,00;178,00;168,00;Geprueft
1993-01-18;167,00;171,00;160,00;Geprueft
1993-01-19;161,00;164,00;160,00;Geprueft
1993-01-20;154,00;163,00;144,00;Geprueft
1993-01-21;152,00;156,00;144,00;Geprueft
1993-01-22;150,00;152,00;148,00;Geprueft
1993-01-23;146,00;158,00;141,00;Geprueft
1993-01-24;160,00;161,00;158,00;Geprueft
1993-01-25;184,00;208,00;161,00;Geprueft
1993-01-26;208,00;223,00;198,00;Geprueft
1993-01-27;189,00;201,00;179,00;Geprueft
1993-01-28;181,00;184,00;178,00;Geprueft
1993-01-29;196,00;218,00;179,00;Geprueft
1993-01-30;223,00;224,00;217,00;Geprueft
1993-01-31;205,00;217,00;194,00;Geprueft
1993-02-01;187,00;194,00;183,00;Geprueft
1993-02-02;177,00;183,00;170,00;Geprueft
1993-02-03;168,00;172,00;166,00;Geprueft
1993-02-04;163,00;167,00;160,00;Geprueft
1993-02-05;156,00;160,00;154,00;Geprueft
1993-02-06;153,00;155,00;151,00;Geprueft
1993-02-07;149,00;154,00;144,00;Geprueft
1993-02-08;147,00;150,00;144,00;Geprueft
1993-02-09;148,00;151,00;145,00;Geprueft
1993-02-10;146,00;148,00;142,00;Geprueft
1993-02-11;143,00;146,00;141,00;Geprueft
1993-02-12;142,00;146,00;139,00;Geprueft
1993-02-13;138,00;139,00;136,00;Geprueft
1993-02-14;132,00;136,00;131,00;Geprueft
1993-02-15;133,00;136,00;131,00;Geprueft
1993-02-16;133,00;135,00;132,00;Geprueft
1993-02-17;132,00;134,00;130,00;Geprueft
1993-02-18;133,00;134,00;131,00;Geprueft
1993-02-19;137,00;139,00;134,00;Geprueft
1993-02-20;140,00;145,00;137,00;Geprueft
1993-02-21;145,00;147,00;143,00;Geprueft
1993-02-22;144,00;146,00;141,00;Geprueft
1993-02-23;137,00;141,00;132,00;Geprueft
1993-02-24;132,00;134,00;131,00;Geprueft
1993-02-25;125,00;131,00;124,00;Geprueft
1993-02-26;127,00;128,00;121,00;Geprueft
1993-02-27;119,00;121,00;115,00;Geprueft
1993-02-28;119,00;121,00;115,00;Geprueft
1993-03-01;120,00;122,00;119,00;Geprueft
1993-03-02;119,00;122,00;116,00;Geprueft
1993-03-03;121,00;128,00;116,00;Geprueft
1993-03-04;117,00;123,00;114,00;Geprueft
1993-03-05;119,00;122,00;115,00;Geprueft
1993-03-06;114,00;115,00;113,00;Geprueft
1993-03-07;119,00;124,00;115,00;Geprueft
1993-03-08;126,00;131,00;122,00;Geprueft
1993-03-09;126,00;130,00;124,00;Geprueft
1993-03-10;125,00;128,00;122,00;Geprueft
1993-03-11;123,00;125,00;121,00;Geprueft
1993-03-12;131,00;135,00;124,00;Geprueft
1993-03-13;136,00;140,00;132,00;Geprueft
1993-03-14;144,00;147,00;140,00;Geprueft
1993-03-15;143,00;151,00;142,00;Geprueft
1993-03-16;151,00;154,00;149,00;Geprueft
1993-03-17;168,00;189,00;154,00;Geprueft
1993-03-18;215,00;223,00;189,00;Geprueft
1993-03-19;208,00;212,00;206,00;Geprueft
1993-03-20;196,00;207,00;182,00;Geprueft
1993-03-21;175,00;182,00;170,00;Geprueft
1993-03-22;169,00;173,00;166,00;Geprueft
1993-03-23;178,00;186,00;173,00;Geprueft
1993-03-24;191,00;196,00;179,00;Geprueft
1993-03-25;176,00;180,00;172,00;Geprueft
1993-03-26;168,00;180,00;161,00;Geprueft
1993-03-27;158,00;162,00;155,00;Geprueft
1993-03-28;152,00;157,00;150,00;Geprueft
1993-03-29;147,00;150,00;142,00;Geprueft
1993-03-30;139,00;142,00;133,00;Geprueft
1993-03-31;133,00;139,00;129,00;Geprueft
1993-04-01;136,00;139,00;134,00;Geprueft
1993-04-02;140,00;143,00;134,00;Geprueft
1993-04-03;139,00;145,00;134,00;Geprueft
1993-04-04;136,00;146,00;132,00;Geprueft
1993-04-05;131,00;134,00;128,00;Geprueft
1993-04-06;136,00;142,00;133,00;Geprueft
1993-04-07;161,00;175,00;142,00;Geprueft
1993-04-08;162,00;176,00;152,00;Geprueft
1993-04-09;147,00;152,00;138,00;Geprueft
1993-04-10;140,00;149,00;138,00;Geprueft
1993-04-11;157,00;161,00;149,00;Geprueft
1993-04-12;162,00;166,00;156,00;Geprueft
1993-04-13;154,00;158,00;151,00;Geprueft
1993-04-14;152,00;158,00;143,00;Geprueft
1993-04-15;143,00;145,00;140,00;Geprueft
1993-04-16;143,00;145,00;140,00;Geprueft
1993-04-17;141,00;144,00;138,00;Geprueft
1993-04-18;149,00;152,00;142,00;Geprueft
1993-04-19;151,00;153,00;148,00;Geprueft
1993-04-20;145,00;148,00;144,00;Geprueft
1993-04-21;147,00;151,00;143,00;Geprueft
1993-04-22;142,00;146,00;138,00;Geprueft
1993-04-23;146,00;147,00;144,00;Geprueft
1993-04-24;143,00;146,00;140,00;Geprueft
1993-04-25;136,00;140,00;131,00;Geprueft
1993-04-26;136,00;143,00;131,00;Geprueft
1993-04-27;141,00;145,00;139,00;Geprueft
1993-04-28;143,00;145,00;140,00;Geprueft
1993-04-29;144,00;145,00;143,00;Geprueft
1993-04-30;138,00;144,00;134,00;Geprueft
1993-05-01;133,00;136,00;131,00;Geprueft
1993-05-02;138,00;148,00;131,00;Geprueft
1993-05-03;143,00;148,00;138,00;Geprueft
1993-05-04;148,00;150,00;143,00;Geprueft
1993-05-05;137,00;146,00;132,00;Geprueft
1993-05-06;132,00;135,00;128,00;Geprueft
1993-05-07;135,00;139,00;128,00;Geprueft
1993-05-08;133,00;137,00;128,00;Geprueft
1993-05-09;124,00;128,00;120,00;Geprueft
1993-05-10;130,00;134,00;127,00;Geprueft
1993-05-11;130,00;135,00;126,00;Geprueft
1993-05-12;129,00;138,00;126,00;Geprueft
1993-05-13;146,00;148,00;138,00;Geprueft
1993-05-14;142,00;146,00;134,00;Geprueft
1993-05-15;139,00;143,00;133,00;Geprueft
1993-05-16;139,00;145,00;133,00;Geprueft
1993-05-17;135,00;138,00;128,00;Geprueft
1993-05-18;127,00;130,00;122,00;Geprueft
1993-05-19;126,00;128,00;124,00;Geprueft
1993-05-20;127,00;133,00;122,00;Geprueft
1993-05-21;139,00;146,00;129,00;Geprueft
1993-05-22;144,00;146,00;140,00;Geprueft
1993-05-23;126,00;140,00;117,00;Geprueft
1993-05-24;117,00;121,00;115,00;Geprueft
1993-05-25;120,00;128,00;116,00;Geprueft
1993-05-26;129,00;130,00;122,00;Geprueft
1993-05-27;129,00;142,00;117,00;Geprueft
1993-05-28;160,00;184,00;140,00;Geprueft
1993-05-29;140,00;149,00;134,00;Geprueft
1993-05-30;128,00;134,00;122,00;Geprueft
1993-05-31;123,00;125,00;122,00;Geprueft
1993-06-01;124,00;128,00;119,00;Geprueft
1993-06-02;125,00;159,00;115,00;Geprueft
1993-06-03;167,00;182,00;158,00;Geprueft
1993-06-04;196,00;212,00;172,00;Geprueft
1993-06-05;155,00;172,00;141,00;Geprueft
1993-06-06;137,00;141,00;135,00;Geprueft
1993-06-07;130,00;136,00;128,00;Geprueft
1993-06-08;125,00;129,00;122,00;Geprueft
1993-06-09;115,00;122,00;110,00;Geprueft
1993-06-10;128,00;134,00;113,00;Geprueft
1993-06-11;124,00;134,00;118,00;Geprueft
1993-06-12;126,00;133,00;123,00;Geprueft
1993-06-13;134,00;137,00;126,00;Geprueft
1993-06-14;117,00;126,00;111,00;Geprueft
1993-06-15;113,00;117,00;109,00;Geprueft
1993-06-16;139,00;160,00;115,00;Geprueft
1993-06-17;154,00;172,00;142,00;Geprueft
1993-06-18;230,00;271,00;172,00;Geprueft
1993-06-19;175,00;210,00;149,00;Geprueft
1993-06-20;148,00;155,00;141,00;Geprueft
1993-06-21;156,00;165,00;151,00;Geprueft
1993-06-22;156,00;165,00;144,00;Geprueft
1993-06-23;213,00;249,00;144,00;Geprueft
1993-06-24;253,00;265,00;236,00;Geprueft
1993-06-25;217,00;261,00;181,00;Geprueft
1993-06-26;166,00;181,00;153,00;Geprueft
1993-06-27;148,00;153,00;147,00;Geprueft
1993-06-28;139,00;147,00;134,00;Geprueft
1993-06-29;135,00;144,00;128,00;Geprueft
1993-06-30;122,00;128,00;119,00;Geprueft
1993-07-01;116,00;120,00;114,00;Geprueft
1993-07-02;109,00;114,00;106,00;Geprueft
1993-07-03;110,00;118,00;108,00;Geprueft
1993-07-04;108,00;119,00;100,00;Geprueft
1993-07-05;105,00;109,00;101,00;Geprueft
1993-07-06;175,00;273,00;101,00;Geprueft
1993-07-07;204,00;270,00;163,00;Geprueft
1993-07-08;146,00;163,00;133,00;Geprueft
1993-07-09;128,00;136,00;114,00;Geprueft
1993-07-10;121,00;126,00;114,00;Geprueft
1993-07-11;194,00;344,00;120,00;Geprueft
1993-07-12;297,00;352,00;237,00;Geprueft
1993-07-13;244,00;261,00;227,00;Geprueft
1993-07-14;215,00;240,00;194,00;Geprueft
1993-07-15;220,00;301,00;194,00;Geprueft
1993-07-16;279,00;310,00;240,00;Geprueft
1993-07-17;262,00;294,00;236,00;Geprueft
1993-07-18;321,00;388,00;277,00;Geprueft
1993-07-19;376,00;398,00;348,00;Geprueft
1993-07-20;316,00;348,00;307,00;Geprueft
1993-07-21;274,00;311,00;239,00;Geprueft
1993-07-22;242,00;249,00;233,00;Geprueft
1993-07-23;242,00;257,00;226,00;Geprueft
1993-07-24;208,00;226,00;199,00;Geprueft
1993-07-25;182,00;199,00;173,00;Geprueft
1993-07-26;185,00;191,00;180,00;Geprueft
1993-07-27;173,00;191,00;161,00;Geprueft
1993-07-28;184,00;274,00;161,00;Geprueft
1993-07-29;280,00;310,00;250,00;Geprueft
1993-07-30;218,00;253,00;193,00;Geprueft
1993-07-31;191,00;208,00;184,00;Geprueft
1993-08-01;209,00;228,00;185,00;Geprueft
1993-08-02;171,00;185,00;163,00;Geprueft
1993-08-03;156,00;166,00;149,00;Geprueft
1993-08-04;148,00;156,00;137,00;Geprueft
1993-08-05;188,00;194,00;156,00;Geprueft
1993-08-06;189,00;195,00;182,00;Geprueft
1993-08-07;176,00;193,00;162,00;Geprueft
1993-08-08;149,00;162,00;143,00;Geprueft
1993-08-09;151,00;155,00;146,00;Geprueft
1993-08-10;166,00;195,00;153,00;Geprueft
1993-08-11;253,00;294,00;195,00;Geprueft
1993-08-12;206,00;236,00;175,00;Geprueft
1993-08-13;169,00;175,00;155,00;Geprueft
1993-08-14;152,00;155,00;145,00;Geprueft
1993-08-15;138,00;145,00;133,00;Geprueft
1993-08-16;138,00;145,00;132,00;Geprueft
1993-08-17;136,00;140,00;131,00;Geprueft
1993-08-18;124,00;131,00;118,00;Geprueft
1993-08-19;119,00;128,00;112,00;Geprueft
1993-08-20;114,00;119,00;110,00;Geprueft
1993-08-21;106,00;110,00;105,00;Geprueft
1993-08-22;106,00;110,00;101,00;Geprueft
1993-08-23;126,00;139,00;106,00;Geprueft
1993-08-24;163,00;186,00;137,00;Geprueft
1993-08-25;199,00;216,00;186,00;Geprueft
1993-08-26;175,00;188,00;170,00;Geprueft
1993-08-27;151,00;171,00;136,00;Geprueft
1993-08-28;195,00;262,00;146,00;Geprueft
1993-08-29;228,00;264,00;190,00;Geprueft
1993-08-30;183,00;190,00;167,00;Geprueft
1993-08-31;166,00;181,00;159,00;Geprueft
1993-09-01;168,00;181,00;149,00;Geprueft
1993-09-02;141,00;149,00;138,00;Geprueft
1993-09-03;139,00;153,00;134,00;Geprueft
1993-09-04;182,00;238,00;153,00;Geprueft
1993-09-05;250,00;266,00;227,00;Geprueft
1993-09-06;220,00;230,00;196,00;Geprueft
1993-09-07;187,00;196,00;178,00;Geprueft
1993-09-08;165,00;180,00;160,00;Geprueft
1993-09-09;160,00;163,00;148,00;Geprueft
1993-09-10;150,00;153,00;147,00;Geprueft
1993-09-11;155,00;157,00;152,00;Geprueft
1993-09-12;156,00;166,00;151,00;Geprueft
1993-09-13;166,00;175,00;150,00;Geprueft
1993-09-14;152,00;155,00;149,00;Geprueft
1993-09-15;146,00;155,00;141,00;Geprueft
1993-09-16;136,00;141,00;131,00;Geprueft
1993-09-17;131,00;133,00;129,00;Geprueft
1993-09-18;123,00;129,00;119,00;Geprueft
1993-09-19;122,00;126,00;118,00;Geprueft
1993-09-20;113,00;120,00;109,00;Geprueft
1993-09-21;117,00;117,00;116,00;Geprueft
1993-09-22;116,00;118,00;112,00;Geprueft
1993-09-23;110,00;113,00;109,00;Geprueft
1993-09-24;107,00;111,00;104,00;Geprueft
1993-09-25;109,00;115,00;108,00;Geprueft
1993-09-26;127,00;148,00;113,00;Geprueft
1993-09-27;144,00;152,00;134,00;Geprueft
1993-09-28;129,00;134,00;119,00;Geprueft
1993-09-29;132,00;140,00;119,00;Geprueft
1993-09-30;124,00;130,00;122,00;Geprueft
1993-10-01;119,00;123,00;118,00;Geprueft
1993-10-02;121,00;126,00;118,00;Geprueft
1993-10-03;134,00;150,00;118,00;Geprueft
1993-10-04;145,00;151,00;130,00;Geprueft
1993-10-05;134,00;141,00;128,00;Geprueft
1993-10-06;124,00;132,00;120,00;Geprueft
1993-10-07;131,00;142,00;120,00;Geprueft
1993-10-08;121,00;123,00;117,00;Geprueft
1993-10-09;133,00;140,00;120,00;Geprueft
1993-10-10;142,00;146,00;133,00;Geprueft
1993-10-11;133,00;138,00;131,00;Geprueft
1993-10-12;132,00;134,00;129,00;Geprueft
1993-10-13;156,00;196,00;129,00;Geprueft
1993-10-14;171,00;196,00;139,00;Geprueft
1993-10-15;153,00;160,00;139,00;Geprueft
1993-10-16;144,00;159,00;134,00;Geprueft
1993-10-17;144,00;146,00;137,00;Geprueft
1993-10-18;145,00;151,00;142,00;Geprueft
1993-10-19;137,00;146,00;129,00;Geprueft
1993-10-20;123,00;130,00;118,00;Geprueft
1993-10-21;126,00;129,00;122,00;Geprueft
1993-10-22;138,00;158,00;122,00;Geprueft
1993-10-23;165,00;189,00;151,00;Geprueft
1993-10-24;242,00;304,00;189,00;Geprueft
1993-10-25;261,00;303,00;223,00;Geprueft
1993-10-26;209,00;223,00;194,00;Geprueft
1993-10-27;186,00;194,00;178,00;Geprueft
1993-10-28;173,00;178,00;166,00;Geprueft
1993-10-29;161,00;166,00;157,00;Geprueft
1993-10-30;153,00;157,00;149,00;Geprueft
1993-10-31;152,00;157,00;146,00;Geprueft
1993-11-01;142,00;146,00;138,00;Geprueft
1993-11-02;145,00;148,00;139,00;Geprueft
1993-11-03;133,00;139,00;130,00;Geprueft
1993-11-04;136,00;138,00;129,00;Geprueft
1993-11-05;126,00;129,00;125,00;Geprueft
1993-11-06;129,00;138,00;125,00;Geprueft
1993-11-07;142,00;148,00;138,00;Geprueft
1993-11-08;155,00;163,00;140,00;Geprueft
1993-11-09;142,00;148,00;139,00;Geprueft
1993-11-10;134,00;144,00;129,00;Geprueft
1993-11-11;131,00;137,00;127,00;Geprueft
1993-11-12;144,00;152,00;137,00;Geprueft
1993-11-13;141,00;150,00;134,00;Geprueft
1993-11-14;136,00;138,00;133,00;Geprueft
1993-11-15;140,00;149,00;134,00;Geprueft
1993-11-16;152,00;161,00;141,00;Geprueft
1993-11-17;160,00;165,00;153,00;Geprueft
1993-11-18;149,00;153,00;145,00;Geprueft
1993-11-19;142,00;145,00;139,00;Geprueft
1993-11-20;134,00;139,00;130,00;Geprueft
1993-11-21;129,00;132,00;126,00;Geprueft
1993-11-22;129,00;131,00;126,00;Geprueft
1993-11-23;127,00;131,00;124,00;Geprueft
1993-11-24;127,00;128,00;124,00;Geprueft
1993-11-25;121,00;125,00;119,00;Geprueft
1993-11-26;118,00;120,00;116,00;Geprueft
1993-11-27;114,00;117,00;111,00;Geprueft
1993-11-28;115,00;116,00;114,00;Geprueft
1993-11-29;114,00;116,00;111,00;Geprueft
1993-11-30;113,00;115,00;110,00;Geprueft
1993-12-01;112,00;113,00;110,00;Geprueft
1993-12-02;107,00;111,00;105,00;Geprueft
1993-12-03;107,00;110,00;105,00;Geprueft
1993-12-04;109,00;112,00;105,00;Geprueft
1993-12-05;116,00;119,00;111,00;Geprueft
1993-12-06;124,00;129,00;116,00;Geprueft
1993-12-07;119,00;127,00;113,00;Geprueft
1993-12-08;124,00;149,00;114,00;Geprueft
1993-12-09;181,00;197,00;149,00;Geprueft
1993-12-10;182,00;195,00;175,00;Geprueft
1993-12-11;195,00;219,00;180,00;Geprueft
1993-12-12;209,00;223,00;202,00;Geprueft
1993-12-13;199,00;204,00;196,00;Geprueft
1993-12-14;219,00;239,00;204,00;Geprueft
1993-12-15;238,00;243,00;232,00;Geprueft
1993-12-16;226,00;232,00;221,00;Geprueft
1993-12-17;224,00;244,00;218,00;Geprueft
1993-12-18;280,00;300,00;244,00;Geprueft
1993-12-19;287,00;295,00;281,00;Geprueft
1993-12-20;332,00;429,00;288,00;Geprueft
1993-12-21;476,00;518,00;429,00;Geprueft
1993-12-22;516,00;530,00;484,00;Geprueft
1993-12-23;441,00;484,00;402,00;Geprueft
1993-12-24;375,00;402,00;346,00;Geprueft
1993-12-25;333,00;346,00;315,00;Geprueft
1993-12-26;300,00;315,00;281,00;Geprueft
1993-12-27;260,00;283,00;243,00;Geprueft
1993-12-28;231,00;243,00;219,00;Geprueft
1993-12-29;216,00;220,00;209,00;Geprueft
1993-12-30;207,00;216,00;202,00;Geprueft
1993-12-31;236,00;247,00;216,00;Geprueft
1994-01-01;287,00;329,00;238,00;Geprueft
1994-01-02;314,00;330,00;300,00;Geprueft
1994-01-03;312,00;325,00;297,00;Geprueft
1994-01-04;317,00;325,00;308,00;Geprueft
1994-01-05;317,00;325,00;307,00;Geprueft
1994-01-06;296,00;310,00;282,00;Geprueft
1994-01-07;272,00;282,00;266,00;Geprueft
1994-01-08;261,00;267,00;257,00;Geprueft
1994-01-09;244,00;259,00;228,00;Geprueft
1994-01-10;228,00;232,00;222,00;Geprueft
1994-01-11;219,00;225,00;210,00;Geprueft
1994-01-12;203,00;210,00;199,00;Geprueft
1994-01-13;201,00;204,00;198,00;Geprueft
1994-01-14;212,00;247,00;200,00;Geprueft
1994-01-15;247,00;256,00;229,00;Geprueft
1994-01-16;230,00;237,00;226,00;Geprueft
1994-01-17;211,00;226,00;203,00;Geprueft
1994-01-18;199,00;203,00;189,00;Geprueft
1994-01-19;186,00;189,00;182,00;Geprueft
1994-01-20;180,00;187,00;170,00;Geprueft
1994-01-21;171,00;174,00;168,00;Geprueft
1994-01-22;170,00;174,00;162,00;Geprueft
1994-01-23;164,00;166,00;162,00;Geprueft
1994-01-24;190,00;212,00;166,00;Geprueft
1994-01-25;251,00;290,00;212,00;Geprueft
1994-01-26;334,00;377,00;290,00;Geprueft
1994-01-27;342,00;370,00;304,00;Geprueft
1994-01-28;302,00;307,00;297,00;Geprueft
1994-01-29;289,00;302,00;269,00;Geprueft
1994-01-30;258,00;269,00;247,00;Geprueft
1994-01-31;245,00;248,00;244,00;Geprueft
1994-02-01;239,00;246,00;233,00;Geprueft
1994-02-02;224,00;233,00;218,00;Geprueft
1994-02-03;247,00;255,00;233,00;Geprueft
1994-02-04;239,00;250,00;233,00;Geprueft
1994-02-05;225,00;234,00;217,00;Geprueft
1994-02-06;210,00;217,00;205,00;Geprueft
1994-02-07;201,00;205,00;199,00;Geprueft
1994-02-08;211,00;217,00;200,00;Geprueft
1994-02-09;213,00;216,00;207,00;Geprueft
1994-02-10;208,00;212,00;205,00;Geprueft
1994-02-11;211,00;214,00;205,00;Geprueft
1994-02-12;203,00;206,00;200,00;Geprueft
1994-02-13;194,00;200,00;187,00;Geprueft
1994-02-14;184,00;189,00;178,00;Geprueft
1994-02-15;177,00;182,00;170,00;Geprueft
1994-02-16;173,00;183,00;167,00;Geprueft
1994-02-17;167,00;172,00;163,00;Geprueft
1994-02-18;160,00;167,00;156,00;Geprueft
1994-02-19;160,00;163,00;156,00;Geprueft
1994-02-20;159,00;163,00;156,00;Geprueft
1994-02-21;155,00;159,00;153,00;Geprueft
1994-02-22;161,00;162,00;159,00;Geprueft
1994-02-23;167,00;172,00;162,00;Geprueft
1994-02-24;168,00;173,00;163,00;Geprueft
1994-02-25;187,00;203,00;173,00;Geprueft
1994-02-26;208,00;216,00;197,00;Geprueft
1994-02-27;196,00;202,00;192,00;Geprueft
1994-02-28;193,00;202,00;188,00;Geprueft
1994-03-01;198,00;199,00;193,00;Geprueft
1994-03-02;206,00;226,00;191,00;Geprueft
1994-03-03;229,00;234,00;224,00;Geprueft
1994-03-04;235,00;250,00;228,00;Geprueft
1994-03-05;231,00;248,00;217,00;Geprueft
1994-03-06;213,00;217,00;212,00;Geprueft
1994-03-07;219,00;228,00;210,00;Geprueft
1994-03-08;205,00;218,00;196,00;Geprueft
1994-03-09;196,00;199,00;193,00;Geprueft
1994-03-10;203,00;207,00;198,00;Geprueft
1994-03-11;199,00;204,00;194,00;Geprueft
1994-03-12;195,00;202,00;190,00;Geprueft
1994-03-13;199,00;202,00;190,00;Geprueft
1994-03-14;197,00;201,00;191,00;Geprueft
1994-03-15;195,00;199,00;188,00;Geprueft
1994-03-16;186,00;195,00;181,00;Geprueft
1994-03-17;200,00;205,00;189,00;Geprueft
1994-03-18;190,00;192,00;188,00;Geprueft
1994-03-19;191,00;193,00;188,00;Geprueft
1994-03-20;205,00;256,00;186,00;Geprueft
1994-03-21;261,00;268,00;252,00;Geprueft
1994-03-22;252,00;258,00;241,00;Geprueft
1994-03-23;230,00;241,00;219,00;Geprueft
1994-03-24;215,00;222,00;205,00;Geprueft
1994-03-25;216,00;230,00;205,00;Geprueft
1994-03-26;260,00;334,00;230,00;Geprueft
1994-03-27;294,00;344,00;242,00;Geprueft
1994-03-28;235,00;247,00;216,00;Geprueft
1994-03-29;213,00;219,00;203,00;Geprueft
1994-03-30;199,00;203,00;192,00;Geprueft
1994-03-31;198,00;203,00;192,00;Geprueft
1994-04-01;183,00;199,00;171,00;Geprueft
1994-04-02;219,00;231,00;197,00;Geprueft
1994-04-03;204,00;219,00;194,00;Geprueft
1994-04-04;197,00;199,00;193,00;Geprueft
1994-04-05;205,00;211,00;198,00;Geprueft
1994-04-06;206,00;210,00;203,00;Geprueft
1994-04-07;194,00;203,00;187,00;Geprueft
1994-04-08;186,00;190,00;181,00;Geprueft
1994-04-09;187,00;194,00;182,00;Geprueft
1994-04-10;192,00;196,00;186,00;Geprueft
1994-04-11;187,00;190,00;184,00;Geprueft
1994-04-12;195,00;239,00;185,00;Geprueft
1994-04-13;400,00;522,00;239,00;Geprueft
1994-04-14;562,00;577,00;522,00;Geprueft
1994-04-15;534,00;572,00;486,00;Geprueft
1994-04-16;443,00;486,00;407,00;Geprueft
1994-04-17;385,00;407,00;369,00;Geprueft
1994-04-18;366,00;371,00;358,00;Geprueft
1994-04-19;348,00;370,00;319,00;Geprueft
1994-04-20;306,00;320,00;286,00;Geprueft
1994-04-21;286,00;293,00;277,00;Geprueft
1994-04-22;290,00;298,00;281,00;Geprueft
1994-04-23;276,00;282,00;261,00;Geprueft
1994-04-24;269,00;272,00;261,00;Geprueft
1994-04-25;262,00;282,00;251,00;Geprueft
1994-04-26;304,00;349,00;277,00;Geprueft
1994-04-27;317,00;352,00;296,00;Geprueft
1994-04-28;280,00;296,00;260,00;Geprueft
1994-04-29;255,00;261,00;249,00;Geprueft
1994-04-30;244,00;256,00;238,00;Geprueft
1994-05-01;243,00;248,00;236,00;Geprueft
1994-05-02;246,00;258,00;237,00;Geprueft
1994-05-03;228,00;237,00;215,00;Geprueft
1994-05-04;215,00;220,00;207,00;Geprueft
1994-05-05;224,00;233,00;216,00;Geprueft
1994-05-06;220,00;223,00;205,00;Geprueft
1994-05-07;200,00;205,00;191,00;Geprueft
1994-05-08;193,00;200,00;187,00;Geprueft
1994-05-09;204,00;213,00;197,00;Geprueft
1994-05-10;199,00;207,00;191,00;Geprueft
1994-05-11;200,00;203,00;192,00;Geprueft
1994-05-12;189,00;192,00;186,00;Geprueft
1994-05-13;188,00;195,00;183,00;Geprueft
1994-05-14;192,00;198,00;186,00;Geprueft
1994-05-15;188,00;190,00;185,00;Geprueft
1994-05-16;184,00;189,00;182,00;Geprueft
1994-05-17;189,00;193,00;185,00;Geprueft
1994-05-18;199,00;220,00;184,00;Geprueft
1994-05-19;246,00;296,00;194,00;Geprueft
1994-05-20;296,00;302,00;280,00;Geprueft
1994-05-21;293,00;310,00;279,00;Geprueft
1994-05-22;285,00;298,00;275,00;Geprueft
1994-05-23;276,00;278,00;271,00;Geprueft
1994-05-24;272,00;278,00;261,00;Geprueft
1994-05-25;310,00;340,00;278,00;Geprueft
1994-05-26;299,00;338,00;273,00;Geprueft
1994-05-27;285,00;306,00;275,00;Geprueft
1994-05-28;315,00;331,00;276,00;Geprueft
1994-05-29;273,00;320,00;260,00;Geprueft
1994-05-30;318,00;344,00;280,00;Geprueft
1994-05-31;261,00;280,00;245,00;Geprueft
1994-06-01;234,00;245,00;225,00;Geprueft
1994-06-02;221,00;225,00;219,00;Geprueft
1994-06-03;230,00;240,00;219,00;Geprueft
1994-06-04;234,00;241,00;228,00;Geprueft
1994-06-05;245,00;277,00;235,00;Geprueft
1994-06-06;282,00;304,00;253,00;Geprueft
1994-06-07;243,00;253,00;232,00;Geprueft
1994-06-08;227,00;232,00;220,00;Geprueft
1994-06-09;228,00;270,00;214,00;Geprueft
1994-06-10;285,00;310,00;253,00;Geprueft
1994-06-11;238,00;253,00;230,00;Geprueft
1994-06-12;230,00;239,00;218,00;Geprueft
1994-06-13;208,00;218,00;202,00;Geprueft
1994-06-14;194,00;202,00;190,00;Geprueft
1994-06-15;186,00;190,00;171,00;Geprueft
1994-06-16;174,00;179,00;168,00;Geprueft
1994-06-17;177,00;180,00;175,00;Geprueft
1994-06-18;170,00;175,00;166,00;Geprueft
1994-06-19;167,00;169,00;165,00;Geprueft
1994-06-20;178,00;188,00;165,00;Geprueft
1994-06-21;177,00;185,00;171,00;Geprueft
1994-06-22;164,00;182,00;158,00;Geprueft
1994-06-23;160,00;164,00;153,00;Geprueft
1994-06-24;154,00;155,00;153,00;Geprueft
1994-06-25;151,00;154,00;148,00;Geprueft
1994-06-26;149,00;149,00;148,00;Geprueft
1994-06-27;152,00;153,00;148,00;Geprueft
1994-06-28;147,00;152,00;145,00;Geprueft
1994-06-29;161,00;170,00;144,00;Geprueft
1994-06-30;168,00;180,00;153,00;Geprueft
1994-07-01;153,00;164,00;146,00;Geprueft
1994-07-02;145,00;146,00;143,00;Geprueft
1994-07-03;139,00;143,00;135,00;Geprueft
1994-07-04;133,00;136,00;129,00;Geprueft
1994-07-05;194,00;259,00;129,00;Geprueft
1994-07-06;210,00;259,00;166,00;Geprueft
1994-07-07;243,00;281,00;166,00;Geprueft
1994-07-08;224,00;264,00;196,00;Geprueft
1994-07-09;181,00;196,00;175,00;Geprueft
1994-07-10;177,00;184,00;170,00;Geprueft
1994-07-11;156,00;170,00;150,00;Geprueft
1994-07-12;146,00;152,00;143,00;Geprueft
1994-07-13;140,00;143,00;137,00;Geprueft
1994-07-14;137,00;146,00;131,00;Geprueft
1994-07-15;141,00;145,00;139,00;Geprueft
1994-07-16;141,00;143,00;138,00;Geprueft
1994-07-17;135,00;138,00;129,00;Geprueft
1994-07-18;131,00;132,00;129,00;Geprueft
1994-07-19;151,00;167,00;132,00;Geprueft
1994-07-20;156,00;172,00;151,00;Geprueft
1994-07-21;186,00;192,00;172,00;Geprueft
1994-07-22;176,00;191,00;150,00;Geprueft
1994-07-23;147,00;152,00;144,00;Geprueft
1994-07-24;137,00;144,00;133,00;Geprueft
1994-07-25;134,00;136,00;130,00;Geprueft
1994-07-26;132,00;137,00;126,00;Geprueft
1994-07-27;133,00;137,00;130,00;Geprueft
1994-07-28;128,00;134,00;120,00;Geprueft
1994-07-29;121,00;124,00;119,00;Geprueft
1994-07-30;122,00;124,00;120,00;Geprueft
1994-07-31;126,00;127,00;123,00;Geprueft
1994-08-01;139,00;144,00;127,00;Geprueft
1994-08-02;151,00;164,00;129,00;Geprueft
1994-08-03;133,00;139,00;124,00;Geprueft
1994-08-04;121,00;124,00;119,00;Geprueft
1994-08-05;116,00;121,00;111,00;Geprueft
1994-08-06;111,00;113,00;110,00;Geprueft
1994-08-07;121,00;126,00;113,00;Geprueft
1994-08-08;124,00;127,00;122,00;Geprueft
1994-08-09;124,00;127,00;120,00;Geprueft
1994-08-10;120,00;134,00;116,00;Geprueft
1994-08-11;140,00;148,00;132,00;Geprueft
1994-08-12;145,00;149,00;135,00;Geprueft
1994-08-13;142,00;147,00;134,00;Geprueft
1994-08-14;138,00;146,00;132,00;Geprueft
1994-08-15;132,00;134,00;127,00;Geprueft
1994-08-16;122,00;127,00;115,00;Geprueft
1994-08-17;117,00;123,00;114,00;Geprueft
1994-08-18;145,00;173,00;123,00;Geprueft
1994-08-19;164,00;174,00;154,00;Geprueft
1994-08-20;163,00;173,00;153,00;Geprueft
1994-08-21;142,00;153,00;132,00;Geprueft
1994-08-22;129,00;132,00;127,00;Geprueft
1994-08-23;124,00;128,00;117,00;Geprueft
1994-08-24;122,00;136,00;119,00;Geprueft
1994-08-25;176,00;231,00;136,00;Geprueft
1994-08-26;218,00;255,00;187,00;Geprueft
1994-08-27;169,00;187,00;151,00;Geprueft
1994-08-28;145,00;151,00;141,00;Geprueft
1994-08-29;135,00;142,00;128,00;Geprueft
1994-08-30;134,00;142,00;130,00;Geprueft
1994-08-31;127,00;136,00;120,00;Geprueft
1994-09-01;134,00;144,00;121,00;Geprueft
1994-09-02;144,00;158,00;128,00;Geprueft
1994-09-03;169,00;182,00;158,00;Geprueft
1994-09-04;173,00;181,00;149,00;Geprueft
1994-09-05;141,00;149,00;133,00;Geprueft
1994-09-06;130,00;133,00;128,00;Geprueft
1994-09-07;140,00;166,00;128,00;Geprueft
1994-09-08;157,00;170,00;141,00;Geprueft
1994-09-09;194,00;234,00;148,00;Geprueft
1994-09-10;187,00;209,00;158,00;Geprueft
1994-09-11;167,00;175,00;158,00;Geprueft
1994-09-12;159,00;167,00;153,00;Geprueft
1994-09-13;150,00;156,00;142,00;Geprueft
1994-09-14;158,00;168,00;142,00;Geprueft
1994-09-15;187,00;211,00;168,00;Geprueft
1994-09-16;200,00;212,00;188,00;Geprueft
1994-09-17;184,00;199,00;177,00;Geprueft
1994-09-18;198,00;209,00;179,00;Geprueft
1994-09-19;170,00;179,00;165,00;Geprueft
1994-09-20;158,00;165,00;150,00;Geprueft
1994-09-21;146,00;151,00;143,00;Geprueft
1994-09-22;143,00;149,00;136,00;Geprueft
1994-09-23;133,00;136,00;127,00;Geprueft
1994-09-24;125,00;127,00;120,00;Geprueft
1994-09-25;120,00;125,00;119,00;Geprueft
1994-09-26;121,00;127,00;119,00;Geprueft
1994-09-27;139,00;148,00;127,00;Geprueft
1994-09-28;139,00;149,00;128,00;Geprueft
1994-09-29;126,00;128,00;124,00;Geprueft
1994-09-30;117,00;124,00;115,00;Geprueft
1994-10-01;117,00;120,00;115,00;Geprueft
1994-10-02;117,00;119,00;115,00;Geprueft
1994-10-03;126,00;129,00;119,00;Geprueft
1994-10-04;140,00;169,00;125,00;Geprueft
1994-10-05;160,00;173,00;150,00;Geprueft
1994-10-06;142,00;150,00;134,00;Geprueft
1994-10-07;128,00;134,00;124,00;Geprueft
1994-10-08;122,00;125,00;121,00;Geprueft
1994-10-09;120,00;122,00;116,00;Geprueft
1994-10-10;117,00;121,00;114,00;Geprueft
1994-10-11;113,00;115,00;112,00;Geprueft
1994-10-12;112,00;113,00;110,00;Geprueft
1994-10-13;110,00;113,00;109,00;Geprueft
1994-10-14;107,00;110,00;104,00;Geprueft
1994-10-15;104,00;105,00;103,00;Geprueft
1994-10-16;105,00;106,00;105,00;Geprueft
1994-10-17;107,00;109,00;102,00;Geprueft
1994-10-18;104,00;109,00;100,00;Geprueft
1994-10-19;103,00;106,00;99,00;Geprueft
1994-10-20;102,00;106,00;92,00;Geprueft
1994-10-21;100,00;108,00;96,00;Geprueft
1994-10-22;101,00;109,00;94,00;Geprueft
1994-10-23;100,00;104,00;93,00;Geprueft
1994-10-24;104,00;110,00;97,00;Geprueft
1994-10-25;103,00;111,00;96,00;Geprueft
1994-10-26;111,00;134,00;100,00;Geprueft
1994-10-27;132,00;137,00;121,00;Geprueft
1994-10-28;115,00;123,00;103,00;Geprueft
1994-10-29;109,00;125,00;102,00;Geprueft
1994-10-30;116,00;119,00;112,00;Geprueft
1994-10-31;115,00;119,00;112,00;Geprueft
1994-11-01;113,00;118,00;107,00;Geprueft
1994-11-02;108,00;116,00;103,00;Geprueft
1994-11-03;108,00;113,00;98,00;Geprueft
1994-11-04;104,00;110,00;98,00;Geprueft
1994-11-05;103,00;109,00;95,00;Geprueft
1994-11-06;101,00;105,00;95,00;Geprueft
1994-11-07;99,00;104,00;94,00;Geprueft
1994-11-08;100,00;104,00;95,00;Geprueft
1994-11-09;99,00;104,00;92,00;Geprueft
1994-11-10;100,00;132,00;91,00;Geprueft
1994-11-11;169,00;224,00;132,00;Geprueft
1994-11-12;223,00;242,00;185,00;Geprueft
1994-11-13;170,00;185,00;153,00;Geprueft
1994-11-14;156,00;163,00;148,00;Geprueft
1994-11-15;146,00;159,00;140,00;Geprueft
1994-11-16;145,00;161,00;127,00;Geprueft
1994-11-17;150,00;159,00;143,00;Geprueft
1994-11-18;141,00;157,00;134,00;Geprueft
1994-11-19;159,00;174,00;148,00;Geprueft
1994-11-20;185,00;225,00;164,00;Geprueft
1994-11-21;197,00;225,00;181,00;Geprueft
1994-11-22;163,00;181,00;151,00;Geprueft
1994-11-23;145,00;159,00;136,00;Geprueft
1994-11-24;139,00;142,00;128,00;Geprueft
1994-11-25;128,00;132,00;125,00;Geprueft
1994-11-26;121,00;126,00;118,00;Geprueft
1994-11-27;123,00;128,00;117,00;Geprueft
1994-11-28;121,00;128,00;114,00;Geprueft
1994-11-29;116,00;122,00;109,00;Geprueft
1994-11-30;114,00;120,00;110,00;Geprueft
1994-12-01;111,00;119,00;106,00;Geprueft
1994-12-02;111,00;116,00;104,00;Geprueft
1994-12-03;107,00;111,00;102,00;Geprueft
1994-12-04;111,00;117,00;103,00;Geprueft
1994-12-05;130,00;149,00;114,00;Geprueft
1994-12-06;161,00;179,00;139,00;Geprueft
1994-12-07;159,00;169,00;147,00;Geprueft
1994-12-08;141,00;148,00;134,00;Geprueft
1994-12-09;131,00;140,00;123,00;Geprueft
1994-12-10;192,00;263,00;138,00;Geprueft
1994-12-11;235,00;263,00;211,00;Geprueft
1994-12-12;196,00;227,00;176,00;Geprueft
1994-12-13;172,00;178,00;166,00;Geprueft
1994-12-14;159,00;168,00;155,00;Geprueft
1994-12-15;155,00;157,00;152,00;Geprueft
1994-12-16;148,00;156,00;132,00;Geprueft
1994-12-17;134,00;138,00;129,00;Geprueft
1994-12-18;138,00;141,00;128,00;Geprueft
1994-12-19;133,00;138,00;128,00;Geprueft
1994-12-20;131,00;144,00;122,00;Geprueft
1994-12-21;145,00;153,00;141,00;Geprueft
1994-12-22;133,00;142,00;130,00;Geprueft
1994-12-23;133,00;137,00;129,00;Geprueft
1994-12-24;124,00;135,00;118,00;Geprueft
1994-12-25;123,00;127,00;118,00;Geprueft
1994-12-26;119,00;124,00;112,00;Geprueft
1994-12-27;118,00;123,00;113,00;Geprueft
1994-12-28;161,00;221,00;119,00;Geprueft
1994-12-29;249,00;274,00;220,00;Geprueft
1994-12-30;220,00;249,00;211,00;Geprueft
1994-12-31;272,00;282,00;249,00;Geprueft
1995-01-01;247,00;257,00;235,00;Geprueft
1995-01-02;225,00;247,00;206,00;Geprueft
1995-01-03;200,00;211,00;178,00;Geprueft
1995-01-04;181,00;187,00;175,00;Geprueft
1995-01-05;168,00;190,00;154,00;Geprueft
1995-01-06;156,00;167,00;148,00;Geprueft
1995-01-07;148,00;155,00;142,00;Geprueft
1995-01-08;150,00;151,00;147,00;Geprueft
1995-01-09;147,00;150,00;144,00;Geprueft
1995-01-10;146,00;152,00;139,00;Geprueft
1995-01-11;156,00;172,00;142,00;Geprueft
1995-01-12;168,00;175,00;157,00;Geprueft
1995-01-13;160,00;167,00;153,00;Geprueft
1995-01-14;144,00;163,00;137,00;Geprueft
1995-01-15;141,00;145,00;137,00;Geprueft
1995-01-16;143,00;146,00;139,00;Geprueft
1995-01-17;137,00;140,00;134,00;Geprueft
1995-01-18;130,00;138,00;124,00;Geprueft
1995-01-19;129,00;136,00;125,00;Geprueft
1995-01-20;130,00;135,00;126,00;Geprueft
1995-01-21;126,00;130,00;123,00;Geprueft
1995-01-22;140,00;191,00;128,00;Geprueft
1995-01-23;303,00;361,00;191,00;Geprueft
1995-01-24;391,00;416,00;361,00;Geprueft
1995-01-25;364,00;411,00;350,00;Geprueft
1995-01-26;470,00;493,00;411,00;Geprueft
1995-01-27;452,00;487,00;429,00;Geprueft
1995-01-28;438,00;449,00;425,00;Geprueft
1995-01-29;410,00;449,00;367,00;Geprueft
1995-01-30;356,00;367,00;352,00;Geprueft
1995-01-31;368,00;384,00;352,00;Geprueft
1995-02-01;331,00;359,00;313,00;Geprueft
1995-02-02;292,00;313,00;277,00;Geprueft
1995-02-03;264,00;277,00;255,00;Geprueft
1995-02-04;244,00;255,00;236,00;Geprueft
1995-02-05;229,00;236,00;197,00;Geprueft
1995-02-06;221,00;225,00;217,00;Geprueft
1995-02-07;211,00;219,00;201,00;Geprueft
1995-02-08;211,00;219,00;206,00;Geprueft
1995-02-09;216,00;240,00;202,00;Geprueft
1995-02-10;250,00;261,00;233,00;Geprueft
1995-02-11;237,00;249,00;216,00;Geprueft
1995-02-12;216,00;220,00;211,00;Geprueft
1995-02-13;207,00;213,00;199,00;Geprueft
1995-02-14;201,00;211,00;188,00;Geprueft
1995-02-15;200,00;205,00;194,00;Geprueft
1995-02-16;211,00;237,00;195,00;Geprueft
1995-02-17;262,00;281,00;237,00;Geprueft
1995-02-18;263,00;287,00;238,00;Geprueft
1995-02-19;270,00;288,00;253,00;Geprueft
1995-02-20;244,00;254,00;237,00;Geprueft
1995-02-21;229,00;240,00;227,00;Geprueft
1995-02-22;219,00;227,00;213,00;Geprueft
1995-02-23;210,00;217,00;198,00;Geprueft
1995-02-24;199,00;208,00;192,00;Geprueft
1995-02-25;228,00;251,00;208,00;Geprueft
1995-02-26;274,00;288,00;251,00;Geprueft
1995-02-27;259,00;266,00;248,00;Geprueft
1995-02-28;233,00;249,00;219,00;Geprueft
1995-03-01;220,00;225,00;212,00;Geprueft
1995-03-02;210,00;212,00;206,00;Geprueft
1995-03-03;198,00;206,00;192,00;Geprueft
1995-03-04;196,00;201,00;189,00;Geprueft
1995-03-05;193,00;199,00;187,00;Geprueft
1995-03-06;186,00;190,00;183,00;Geprueft
1995-03-07;189,00;195,00;182,00;Geprueft
1995-03-08;184,00;193,00;175,00;Geprueft
1995-03-09;175,00;184,00;170,00;Geprueft
1995-03-10;171,00;177,00;162,00;Geprueft
1995-03-11;168,00;169,00;166,00;Geprueft
1995-03-12;165,00;167,00;160,00;Geprueft
1995-03-13;163,00;167,00;160,00;Geprueft
1995-03-14;165,00;169,00;160,00;Geprueft
1995-03-15;157,00;164,00;150,00;Geprueft
1995-03-16;158,00;162,00;155,00;Geprueft
1995-03-17;155,00;161,00;150,00;Geprueft
1995-03-18;172,00;207,00;153,00;Geprueft
1995-03-19;241,00;298,00;207,00;Geprueft
1995-03-20;349,00;364,00;298,00;Geprueft
1995-03-21;335,00;360,00;325,00;Geprueft
1995-03-22;314,00;332,00;300,00;Geprueft
1995-03-23;279,00;307,00;262,00;Geprueft
1995-03-24;248,00;262,00;241,00;Geprueft
1995-03-25;242,00;249,00;235,00;Geprueft
1995-03-26;243,00;248,00;236,00;Geprueft
1995-03-27;245,00;271,00;229,00;Geprueft
1995-03-28;297,00;310,00;271,00;Geprueft
1995-03-29;288,00;297,00;279,00;Geprueft
1995-03-30;278,00;286,00;261,00;Geprueft
1995-03-31;253,00;261,00;247,00;Geprueft
1995-04-01;252,00;271,00;241,00;Geprueft
1995-04-02;315,00;344,00;271,00;Geprueft
1995-04-03;337,00;347,00;313,00;Geprueft
1995-04-04;306,00;313,00;291,00;Geprueft
1995-04-05;285,00;291,00;279,00;Geprueft
1995-04-06;276,00;288,00;264,00;Geprueft
1995-04-07;269,00;282,00;250,00;Geprueft
1995-04-08;254,00;267,00;246,00;Geprueft
1995-04-09;252,00;258,00;237,00;Geprueft
1995-04-10;221,00;238,00;213,00;Geprueft
1995-04-11;208,00;219,00;197,00;Geprueft
1995-04-12;196,00;201,00;185,00;Geprueft
1995-04-13;198,00;206,00;183,00;Geprueft
1995-04-14;191,00;201,00;186,00;Geprueft
1995-04-15;185,00;194,00;178,00;Geprueft
1995-04-16;188,00;195,00;182,00;Geprueft
1995-04-17;182,00;189,00;178,00;Geprueft
1995-04-18;184,00;192,00;179,00;Geprueft
1995-04-19;185,00;189,00;180,00;Geprueft
1995-04-20;191,00;205,00;181,00;Geprueft
1995-04-21;186,00;200,00;178,00;Geprueft
1995-04-22;182,00;190,00;169,00;Geprueft
1995-04-23;195,00;203,00;173,00;Geprueft
1995-04-24;194,00;203,00;186,00;Geprueft
1995-04-25;196,00;201,00;188,00;Geprueft
1995-04-26;248,00;333,00;194,00;Geprueft
1995-04-27;311,00;338,00;288,00;Geprueft
1995-04-28;283,00;292,00;271,00;Geprueft
1995-04-29;256,00;271,00;243,00;Geprueft
1995-04-30;231,00;243,00;223,00;Geprueft
1995-05-01;231,00;235,00;224,00;Geprueft
1995-05-02;217,00;225,00;209,00;Geprueft
1995-05-03;211,00;218,00;209,00;Geprueft
1995-05-04;201,00;209,00;195,00;Geprueft
1995-05-05;196,00;204,00;183,00;Geprueft
1995-05-06;191,00;199,00;187,00;Geprueft
1995-05-07;190,00;193,00;185,00;Geprueft
1995-05-08;197,00;203,00;185,00;Geprueft
1995-05-09;208,00;223,00;188,00;Geprueft
1995-05-10;219,00;250,00;194,00;Geprueft
1995-05-11;191,00;201,00;175,00;Geprueft
1995-05-12;172,00;176,00;167,00;Geprueft
1995-05-13;239,00;338,00;175,00;Geprueft
1995-05-14;395,00;417,00;338,00;Geprueft
1995-05-15;331,00;390,00;281,00;Geprueft
1995-05-16;249,00;281,00;229,00;Geprueft
1995-05-17;215,00;229,00;205,00;Geprueft
1995-05-18;213,00;223,00;205,00;Geprueft
1995-05-19;225,00;233,00;217,00;Geprueft
1995-05-20;235,00;244,00;224,00;Geprueft
1995-05-21;216,00;224,00;200,00;Geprueft
1995-05-22;201,00;206,00;191,00;Geprueft
1995-05-23;189,00;193,00;185,00;Geprueft
1995-05-24;188,00;196,00;182,00;Geprueft
1995-05-25;188,00;196,00;185,00;Geprueft
1995-05-26;194,00;206,00;184,00;Geprueft
1995-05-27;226,00;247,00;203,00;Geprueft
1995-05-28;215,00;236,00;198,00;Geprueft
1995-05-29;198,00;204,00;191,00;Geprueft
1995-05-30;223,00;263,00;201,00;Geprueft
1995-05-31;237,00;262,00;223,00;Geprueft
1995-06-01;272,00;332,00;239,00;Geprueft
1995-06-02;416,00;477,00;332,00;Geprueft
1995-06-03;420,00;480,00;340,00;Geprueft
1995-06-04;310,00;340,00;290,00;Geprueft
1995-06-05;284,00;294,00;272,00;Geprueft
1995-06-06;321,00;386,00;292,00;Geprueft
1995-06-07;438,00;458,00;386,00;Geprueft
1995-06-08;365,00;434,00;321,00;Geprueft
1995-06-09;310,00;337,00;299,00;Geprueft
1995-06-10;318,00;339,00;283,00;Geprueft
1995-06-11;313,00;404,00;276,00;Geprueft
1995-06-12;402,00;432,00;358,00;Geprueft
1995-06-13;325,00;358,00;307,00;Geprueft
1995-06-14;373,00;456,00;311,00;Geprueft
1995-06-15;474,00;489,00;450,00;Geprueft
1995-06-16;399,00;450,00;351,00;Geprueft
1995-06-17;323,00;351,00;300,00;Geprueft
1995-06-18;288,00;300,00;282,00;Geprueft
1995-06-19;273,00;284,00;263,00;Geprueft
1995-06-20;259,00;271,00;245,00;Geprueft
1995-06-21;248,00;257,00;238,00;Geprueft
1995-06-22;251,00;260,00;243,00;Geprueft
1995-06-23;266,00;283,00;254,00;Geprueft
1995-06-24;234,00;254,00;222,00;Geprueft
1995-06-25;220,00;229,00;217,00;Geprueft
1995-06-26;210,00;218,00;206,00;Geprueft
1995-06-27;202,00;213,00;197,00;Geprueft
1995-06-28;198,00;206,00;191,00;Geprueft
1995-06-29;194,00;206,00;188,00;Geprueft
1995-06-30;186,00;191,00;179,00;Geprueft
1995-07-01;183,00;185,00;179,00;Geprueft
1995-07-02;184,00;192,00;174,00;Geprueft
1995-07-03;205,00;224,00;190,00;Geprueft
1995-07-04;198,00;208,00;188,00;Geprueft
1995-07-05;186,00;191,00;177,00;Geprueft
1995-07-06;174,00;178,00;164,00;Geprueft
1995-07-07;165,00;167,00;162,00;Geprueft
1995-07-08;163,00;165,00;161,00;Geprueft
1995-07-09;160,00;163,00;157,00;Geprueft
1995-07-10;154,00;159,00;150,00;Geprueft
1995-07-11;158,00;163,00;153,00;Geprueft
1995-07-12;188,00;213,00;158,00;Geprueft
1995-07-13;176,00;198,00;166,00;Geprueft
1995-07-14;173,00;177,00;164,00;Geprueft
1995-07-15;203,00;221,00;165,00;Geprueft
1995-07-16;190,00;205,00;181,00;Geprueft
1995-07-17;190,00;194,00;180,00;Geprueft
1995-07-18;170,00;180,00;155,00;Geprueft
1995-07-19;158,00;162,00;155,00;Geprueft
1995-07-20;152,00;155,00;148,00;Geprueft
1995-07-21;142,00;148,00;139,00;Geprueft
1995-07-22;142,00;145,00;137,00;Geprueft
1995-07-23;152,00;164,00;142,00;Geprueft
1995-07-24;157,00;164,00;148,00;Geprueft
1995-07-25;145,00;149,00;135,00;Geprueft
1995-07-26;135,00;138,00;132,00;Geprueft
1995-07-27;136,00;142,00;135,00;Geprueft
1995-07-28;165,00;177,00;141,00;Geprueft
1995-07-29;145,00;150,00;140,00;Geprueft
1995-07-30;139,00;142,00;133,00;Geprueft
1995-07-31;130,00;133,00;127,00;Geprueft
1995-08-01;129,00;131,00;124,00;Geprueft
1995-08-02;123,00;128,00;118,00;Geprueft
1995-08-03;123,00;132,00;116,00;Geprueft
1995-08-04;119,00;123,00;116,00;Geprueft
1995-08-05;117,00;122,00;112,00;Geprueft
1995-08-06;116,00;117,00;113,00;Geprueft
1995-08-07;120,00;130,00;113,00;Geprueft
1995-08-08;149,00;180,00;118,00;Geprueft
1995-08-09;151,00;176,00;136,00;Geprueft
1995-08-10;146,00;154,00;141,00;Geprueft
1995-08-11;133,00;141,00;120,00;Geprueft
1995-08-12;127,00;136,00;119,00;Geprueft
1995-08-13;165,00;182,00;136,00;Geprueft
1995-08-14;192,00;229,00;175,00;Geprueft
1995-08-15;210,00;236,00;185,00;Geprueft
1995-08-16;176,00;185,00;158,00;Geprueft
1995-08-17;148,00;158,00;147,00;Geprueft
1995-08-18;143,00;147,00;139,00;Geprueft
1995-08-19;129,00;139,00;126,00;Geprueft
1995-08-20;150,00;170,00;130,00;Geprueft
1995-08-21;162,00;170,00;157,00;Geprueft
1995-08-22;151,00;165,00;142,00;Geprueft
1995-08-23;139,00;143,00;136,00;Geprueft
1995-08-24;144,00;147,00;142,00;Geprueft
1995-08-25;150,00;156,00;146,00;Geprueft
1995-08-26;165,00;175,00;146,00;Geprueft
1995-08-27;167,00;171,00;160,00;Geprueft
1995-08-28;212,00;310,00;161,00;Geprueft
1995-08-29;297,00;317,00;282,00;Geprueft
1995-08-30;372,00;397,00;317,00;Geprueft
1995-08-31;334,00;397,00;277,00;Geprueft
1995-09-01;259,00;278,00;233,00;Geprueft
1995-09-02;218,00;233,00;207,00;Geprueft
1995-09-03;197,00;207,00;189,00;Geprueft
1995-09-04;193,00;206,00;184,00;Geprueft
1995-09-05;198,00;207,00;193,00;Geprueft
1995-09-06;174,00;193,00;165,00;Geprueft
1995-09-07;161,00;165,00;158,00;Geprueft
1995-09-08;168,00;180,00;158,00;Geprueft
1995-09-09;175,00;194,00;164,00;Geprueft
1995-09-10;166,00;189,00;159,00;Geprueft
1995-09-11;155,00;166,00;144,00;Geprueft
1995-09-12;148,00;156,00;143,00;Geprueft
1995-09-13;162,00;166,00;153,00;Geprueft
1995-09-14;159,00;165,00;153,00;Geprueft
1995-09-15;167,00;172,00;162,00;Geprueft
1995-09-16;159,00;168,00;151,00;Geprueft
1995-09-17;148,00;152,00;144,00;Geprueft
1995-09-18;146,00;150,00;139,00;Geprueft
1995-09-19;139,00;143,00;136,00;Geprueft
1995-09-20;137,00;139,00;135,00;Geprueft
1995-09-21;149,00;166,00;139,00;Geprueft
1995-09-22;173,00;189,00;156,00;Geprueft
1995-09-23;155,00;158,00;153,00;Geprueft
1995-09-24;147,00;156,00;138,00;Geprueft
1995-09-25;138,00;139,00;135,00;Geprueft
1995-09-26;135,00;137,00;132,00;Geprueft
1995-09-27;130,00;133,00;128,00;Geprueft
1995-09-28;158,00;195,00;133,00;Geprueft
1995-09-29;178,00;200,00;154,00;Geprueft
1995-09-30;156,00;158,00;148,00;Geprueft
1995-10-01;142,00;148,00;138,00;Geprueft
1995-10-02;149,00;154,00;146,00;Geprueft
1995-10-03;144,00;153,00;139,00;Geprueft
1995-10-04;132,00;141,00;126,00;Geprueft
1995-10-05;128,00;132,00;124,00;Geprueft
1995-10-06;123,00;128,00;119,00;Geprueft
1995-10-07;121,00;126,00;117,00;Geprueft
1995-10-08;117,00;120,00;114,00;Geprueft
1995-10-09;112,00;121,00;105,00;Geprueft
1995-10-10;114,00;122,00;106,00;Geprueft
1995-10-11;113,00;119,00;107,00;Geprueft
1995-10-12;113,00;115,00;108,00;Geprueft
1995-10-13;106,00;116,00;98,00;Geprueft
1995-10-14;107,00;109,00;101,00;Geprueft
1995-10-15;107,00;110,00;101,00;Geprueft
1995-10-16;109,00;114,00;104,00;Geprueft
1995-10-17;104,00;113,00;98,00;Geprueft
1995-10-18;108,00;115,00;98,00;Geprueft
1995-10-19;107,00;115,00;101,00;Geprueft
1995-10-20;103,00;107,00;99,00;Geprueft
1995-10-21;102,00;104,00;99,00;Geprueft
1995-10-22;98,00;102,00;90,00;Geprueft
1995-10-23;100,00;108,00;90,00;Geprueft
1995-10-24;100,00;107,00;96,00;Geprueft
1995-10-25;102,00;107,00;99,00;Geprueft
1995-10-26;98,00;101,00;93,00;Geprueft
1995-10-27;97,00;101,00;91,00;Geprueft
1995-10-28;97,00;104,00;92,00;Geprueft
1995-10-29;99,00;105,00;92,00;Geprueft
1995-10-30;104,00;111,00;96,00;Geprueft
1995-10-31;107,00;114,00;99,00;Geprueft
1995-11-01;101,00;107,00;93,00;Geprueft
1995-11-02;122,00;140,00;100,00;Geprueft
1995-11-03;140,00;154,00;116,00;Geprueft
1995-11-04;136,00;151,00;122,00;Geprueft
1995-11-05;139,00;147,00;128,00;Geprueft
1995-11-06;125,00;132,00;118,00;Geprueft
1995-11-07;117,00;122,00;112,00;Geprueft
1995-11-08;117,00;121,00;113,00;Geprueft
1995-11-09;112,00;117,00;105,00;Geprueft
1995-11-10;113,00;117,00;109,00;Geprueft
1995-11-11;107,00;112,00;101,00;Geprueft
1995-11-12;110,00;120,00;101,00;Geprueft
1995-11-13;108,00;118,00;103,00;Geprueft
1995-11-14;115,00;123,00;109,00;Geprueft
1995-11-15;115,00;118,00;111,00;Geprueft
1995-11-16;136,00;185,00;106,00;Geprueft
1995-11-17;276,00;347,00;182,00;Geprueft
1995-11-18;324,00;343,00;281,00;Geprueft
1995-11-19;255,00;281,00;233,00;Geprueft
1995-11-20;223,00;234,00;205,00;Geprueft
1995-11-21;195,00;212,00;181,00;Geprueft
1995-11-22;174,00;186,00;164,00;Geprueft
1995-11-23;166,00;170,00;161,00;Geprueft
1995-11-24;160,00;162,00;156,00;Geprueft
1995-11-25;165,00;170,00;159,00;Geprueft
1995-11-26;159,00;170,00;154,00;Geprueft
1995-11-27;152,00;158,00;144,00;Geprueft
1995-11-28;148,00;153,00;139,00;Geprueft
1995-11-29;155,00;162,00;148,00;Geprueft
1995-11-30;162,00;165,00;158,00;Geprueft
1995-12-01;153,00;165,00;143,00;Geprueft
1995-12-02;145,00;151,00;139,00;Geprueft
1995-12-03;139,00;147,00;134,00;Geprueft
1995-12-04;141,00;145,00;137,00;Geprueft
1995-12-05;142,00;153,00;130,00;Geprueft
1995-12-06;135,00;143,00;130,00;Geprueft
1995-12-07;126,00;132,00;119,00;Geprueft
1995-12-08;119,00;134,00;111,00;Geprueft
1995-12-09;120,00;130,00;111,00;Geprueft
1995-12-10;115,00;117,00;113,00;Geprueft
1995-12-11;117,00;119,00;116,00;Geprueft
1995-12-12;116,00;124,00;106,00;Geprueft
1995-12-13;113,00;119,00;109,00;Geprueft
1995-12-14;112,00;115,00;108,00;Geprueft
1995-12-15;108,00;111,00;105,00;Geprueft
1995-12-16;110,00;116,00;99,00;Geprueft
1995-12-17;105,00;108,00;99,00;Geprueft
1995-12-18;111,00;128,00;105,00;Geprueft
1995-12-19;124,00;132,00;117,00;Geprueft
1995-12-20;123,00;132,00;114,00;Geprueft
1995-12-21;182,00;213,00;127,00;Geprueft
1995-12-22;231,00;260,00;210,00;Geprueft
1995-12-23;244,00;252,00;236,00;Geprueft
1995-12-24;256,00;284,00;237,00;Geprueft
1995-12-25;377,00;450,00;284,00;Geprueft
1995-12-26;448,00;456,00;420,00;Geprueft
1995-12-27;376,00;420,00;329,00;Geprueft
1995-12-28;295,00;329,00;275,00;Geprueft
1995-12-29;247,00;275,00;227,00;Geprueft
1995-12-30;217,00;227,00;209,00;Geprueft
1995-12-31;203,00;211,00;196,00;Geprueft
1996-01-01;188,00;207,00;169,00;Geprueft
1996-01-02;181,00;187,00;169,00;Geprueft
1996-01-03;174,00;180,00;170,00;Geprueft
1996-01-04;166,00;177,00;159,00;Geprueft
1996-01-05;157,00;164,00;150,00;Geprueft
1996-01-06;154,00;158,00;149,00;Geprueft
1996-01-07;152,00;157,00;143,00;Geprueft
1996-01-08;154,00;159,00;150,00;Geprueft
1996-01-09;168,00;178,00;154,00;Geprueft
1996-01-10;157,00;175,00;151,00;Geprueft
1996-01-11;153,00;155,00;149,00;Geprueft
1996-01-12;152,00;157,00;148,00;Geprueft
1996-01-13;147,00;152,00;142,00;Geprueft
1996-01-14;146,00;149,00;144,00;Geprueft
1996-01-15;145,00;149,00;138,00;Geprueft
1996-01-16;139,00;143,00;134,00;Geprueft
1996-01-17;133,00;140,00;125,00;Geprueft
1996-01-18;133,00;139,00;124,00;Geprueft
1996-01-19;130,00;136,00;126,00;Geprueft
1996-01-20;128,00;135,00;121,00;Geprueft
1996-01-21;127,00;130,00;125,00;Geprueft
1996-01-22;124,00;128,00;119,00;Geprueft
1996-01-23;123,00;142,00;116,00;Geprueft
1996-01-24;120,00;124,00;115,00;Geprueft
1996-01-25;116,00;121,00;111,00;Geprueft
1996-01-26;114,00;119,00;109,00;Geprueft
1996-01-27;113,00;116,00;110,00;Geprueft
1996-01-28;112,00;116,00;107,00;Geprueft
1996-01-29;110,00;118,00;106,00;Geprueft
1996-01-30;110,00;119,00;106,00;Geprueft
1996-01-31;108,00;114,00;101,00;Geprueft
1996-02-01;105,00;109,00;101,00;Geprueft
1996-02-02;104,00;109,00;99,00;Geprueft
1996-02-03;105,00;109,00;99,00;Geprueft
1996-02-04;110,00;114,00;105,00;Geprueft
1996-02-05;108,00;115,00;102,00;Geprueft
1996-02-06;104,00;108,00;99,00;Geprueft
1996-02-07;103,00;109,00;98,00;Geprueft
1996-02-08;100,00;108,00;90,00;Geprueft
1996-02-09;99,00;108,00;96,00;Geprueft
1996-02-10;100,00;105,00;96,00;Geprueft
1996-02-11;102,00;108,00;96,00;Geprueft
1996-02-12;100,00;108,00;92,00;Geprueft
1996-02-13;104,00;107,00;96,00;Geprueft
1996-02-14;106,00;106,00;106,00;Geprueft
1996-02-15;109,00;121,00;106,00;Geprueft
1996-02-16;101,00;109,00;98,00;Geprueft
1996-02-17;107,00;126,00;97,00;Geprueft
1996-02-18;135,00;145,00;120,00;Geprueft
1996-02-19;157,00;171,00;136,00;Geprueft
1996-02-20;158,00;164,00;139,00;Geprueft
1996-02-21;128,00;139,00;120,00;Geprueft
1996-02-22;114,00;120,00;104,00;Geprueft
1996-02-23;103,00;109,00;97,00;Geprueft
1996-02-24;102,00;106,00;99,00;Geprueft
1996-02-25;104,00;108,00;101,00;Geprueft
1996-02-26;104,00;110,00;100,00;Geprueft
1996-02-27;111,00;112,00;108,00;Geprueft
1996-02-28;116,00;122,00;109,00;Geprueft
1996-02-29;114,00;124,00;108,00;Geprueft
1996-03-01;110,00;114,00;106,00;Geprueft
1996-03-02;109,00;117,00;102,00;Geprueft
1996-03-03;104,00;109,00;98,00;Geprueft
1996-03-04;105,00;112,00;97,00;Geprueft
1996-03-05;98,00;106,00;90,00;Geprueft
1996-03-06;95,00;102,00;85,00;Geprueft
1996-03-07;97,00;101,00;92,00;Geprueft
1996-03-08;99,00;104,00;91,00;Geprueft
1996-03-09;98,00;101,00;93,00;Geprueft
1996-03-10;101,00;105,00;95,00;Geprueft
1996-03-11;99,00;105,00;95,00;Geprueft
1996-03-12;96,00;99,00;92,00;Geprueft
1996-03-13;90,00;96,00;81,00;Geprueft
1996-03-14;92,00;96,00;87,00;Geprueft
1996-03-15;90,00;95,00;85,00;Geprueft
1996-03-16;87,00;90,00;83,00;Geprueft
1996-03-17;93,00;98,00;87,00;Geprueft
1996-03-18;100,00;107,00;95,00;Geprueft
1996-03-19;115,00;123,00;106,00;Geprueft
1996-03-20;120,00;129,00;114,00;Geprueft
1996-03-21;132,00;142,00;122,00;Geprueft
1996-03-22;184,00;214,00;135,00;Geprueft
1996-03-23;231,00;310,00;204,00;Geprueft
1996-03-24;295,00;333,00;246,00;Geprueft
1996-03-25;243,00;249,00;228,00;Geprueft
1996-03-26;228,00;239,00;219,00;Geprueft
1996-03-27;257,00;279,00;237,00;Geprueft
1996-03-28;243,00;274,00;219,00;Geprueft
1996-03-29;199,00;219,00;185,00;Geprueft
1996-03-30;178,00;185,00;174,00;Geprueft
1996-03-31;167,00;174,00;164,00;Geprueft
1996-04-01;160,00;166,00;155,00;Geprueft
1996-04-02;152,00;156,00;148,00;Geprueft
1996-04-03;147,00;150,00;144,00;Geprueft
1996-04-04;143,00;147,00;137,00;Geprueft
1996-04-05;142,00;147,00;137,00;Geprueft
1996-04-06;136,00;142,00;129,00;Geprueft
1996-04-07;144,00;148,00;139,00;Geprueft
1996-04-08;146,00;152,00;141,00;Geprueft
1996-04-09;149,00;151,00;142,00;Geprueft
1996-04-10;145,00;148,00;139,00;Geprueft
1996-04-11;142,00;145,00;134,00;Geprueft
1996-04-12;164,00;180,00;136,00;Geprueft
1996-04-13;176,00;180,00;172,00;Geprueft
1996-04-14;173,00;176,00;168,00;Geprueft
1996-04-15;156,00;168,00;149,00;Geprueft
1996-04-16;146,00;149,00;137,00;Geprueft
1996-04-17;136,00;141,00;132,00;Geprueft
1996-04-18;135,00;140,00;132,00;Geprueft
1996-04-19;129,00;133,00;125,00;Geprueft
1996-04-20;133,00;138,00;127,00;Geprueft
1996-04-21;134,00;138,00;125,00;Geprueft
1996-04-22;136,00;141,00;134,00;Geprueft
1996-04-23;138,00;142,00;134,00;Geprueft
1996-04-24;146,00;161,00;138,00;Geprueft
1996-04-25;143,00;155,00;138,00;Geprueft
1996-04-26;126,00;141,00;116,00;Geprueft
1996-04-27;123,00;132,00;113,00;Geprueft
1996-04-28;130,00;141,00;126,00;Geprueft
1996-04-29;143,00;146,00;141,00;Geprueft
1996-04-30;141,00;148,00;137,00;Geprueft
1996-05-01;135,00;141,00;129,00;Geprueft
1996-05-02;134,00;138,00;128,00;Geprueft
1996-05-03;135,00;138,00;132,00;Geprueft
1996-05-04;133,00;138,00;122,00;Geprueft
1996-05-05;123,00;129,00;116,00;Geprueft
1996-05-06;122,00;126,00;118,00;Geprueft
1996-05-07;120,00;123,00;114,00;Geprueft
1996-05-08;124,00;137,00;112,00;Geprueft
1996-05-09;127,00;133,00;123,00;Geprueft
1996-05-10;131,00;135,00;129,00;Geprueft
1996-05-11;126,00;129,00;117,00;Geprueft
1996-05-12;115,00;120,00;111,00;Geprueft
1996-05-13;139,00;173,00;114,00;Geprueft
1996-05-14;184,00;187,00;173,00;Geprueft
1996-05-15;159,00;177,00;148,00;Geprueft
1996-05-16;149,00;156,00;143,00;Geprueft
1996-05-17;148,00;155,00;137,00;Geprueft
1996-05-18;147,00;153,00;136,00;Geprueft
1996-05-19;140,00;146,00;134,00;Geprueft
1996-05-20;149,00;158,00;145,00;Geprueft
1996-05-21;167,00;182,00;154,00;Geprueft
1996-05-22;153,00;166,00;140,00;Geprueft
1996-05-23;151,00;156,00;144,00;Geprueft
1996-05-24;146,00;150,00;142,00;Geprueft
1996-05-25;142,00;148,00;138,00;Geprueft
1996-05-26;175,00;216,00;144,00;Geprueft
1996-05-27;232,00;245,00;216,00;Geprueft
1996-05-28;305,00;337,00;238,00;Geprueft
1996-05-29;292,00;339,00;237,00;Geprueft
1996-05-30;219,00;237,00;197,00;Geprueft
1996-05-31;188,00;197,00;179,00;Geprueft
1996-06-01;164,00;179,00;154,00;Geprueft
1996-06-02;158,00;167,00;152,00;Geprueft
1996-06-03;152,00;155,00;147,00;Geprueft
1996-06-04;147,00;153,00;142,00;Geprueft
1996-06-05;140,00;148,00;135,00;Geprueft
1996-06-06;133,00;136,00;128,00;Geprueft
1996-06-07;125,00;131,00;120,00;Geprueft
1996-06-08;123,00;126,00;120,00;Geprueft
1996-06-09;133,00;141,00;121,00;Geprueft
1996-06-10;144,00;146,00;137,00;Geprueft
1996-06-11;131,00;141,00;122,00;Geprueft
1996-06-12;139,00;153,00;130,00;Geprueft
1996-06-13;141,00;168,00;128,00;Geprueft
1996-06-14;148,00;166,00;133,00;Geprueft
1996-06-15;126,00;133,00;121,00;Geprueft
1996-06-16;115,00;122,00;104,00;Geprueft
1996-06-17;111,00;117,00;104,00;Geprueft
1996-06-18;107,00;110,00;98,00;Geprueft
1996-06-19;99,00;105,00;92,00;Geprueft
1996-06-20;101,00;104,00;96,00;Geprueft
1996-06-21;104,00;109,00;98,00;Geprueft
1996-06-22;148,00;173,00;99,00;Geprueft
1996-06-23;182,00;188,00;170,00;Geprueft
1996-06-24;167,00;171,00;160,00;Geprueft
1996-06-25;144,00;170,00;133,00;Geprueft
1996-06-26;128,00;140,00;119,00;Geprueft
1996-06-27;118,00;128,00;106,00;Geprueft
1996-06-28;110,00;119,00;100,00;Geprueft
1996-06-29;108,00;113,00;104,00;Geprueft
1996-06-30;108,00;115,00;105,00;Geprueft
1996-07-01;129,00;139,00;114,00;Geprueft
1996-07-02;139,00;143,00;132,00;Geprueft
1996-07-03;139,00;153,00;126,00;Geprueft
1996-07-04;131,00;146,00;122,00;Geprueft
1996-07-05;114,00;124,00;107,00;Geprueft
1996-07-06;133,00;156,00;114,00;Geprueft
1996-07-07;141,00;152,00;132,00;Geprueft
1996-07-08;154,00;211,00;131,00;Geprueft
1996-07-09;332,00;373,00;211,00;Geprueft
1996-07-10;318,00;344,00;303,00;Geprueft
1996-07-11;384,00;413,00;327,00;Geprueft
1996-07-12;318,00;371,00;267,00;Geprueft
1996-07-13;245,00;267,00;217,00;Geprueft
1996-07-14;197,00;217,00;180,00;Geprueft
1996-07-15;173,00;180,00;155,00;Geprueft
1996-07-16;157,00;168,00;151,00;Geprueft
1996-07-17;148,00;151,00;144,00;Geprueft
1996-07-18;134,00;144,00;129,00;Geprueft
1996-07-19;126,00;134,00;119,00;Geprueft
1996-07-20;119,00;124,00;113,00;Geprueft
1996-07-21;113,00;122,00;107,00;Geprueft
1996-07-22;112,00;115,00;106,00;Geprueft
1996-07-23;108,00;114,00;105,00;Geprueft
1996-07-24;118,00;124,00;107,00;Geprueft
1996-07-25;117,00;129,00;104,00;Geprueft
1996-07-26;104,00;110,00;99,00;Geprueft
1996-07-27;100,00;108,00;93,00;Geprueft
1996-07-28;103,00;114,00;100,00;Geprueft
1996-07-29;117,00;124,00;109,00;Geprueft
1996-07-30;119,00;129,00;109,00;Geprueft
1996-07-31;119,00;126,00;109,00;Geprueft
1996-08-01;106,00;114,00;97,00;Geprueft
1996-08-02;100,00;126,00;94,00;Geprueft
1996-08-03;154,00;208,00;112,00;Geprueft
1996-08-04;190,00;212,00;164,00;Geprueft
1996-08-05;142,00;166,00;131,00;Geprueft
1996-08-06;123,00;134,00;110,00;Geprueft
1996-08-07;118,00;128,00;112,00;Geprueft
1996-08-08;135,00;142,00;126,00;Geprueft
1996-08-09;119,00;136,00;104,00;Geprueft
1996-08-10;109,00;114,00;106,00;Geprueft
1996-08-11;126,00;136,00;104,00;Geprueft
1996-08-12;169,00;209,00;131,00;Geprueft
1996-08-13;218,00;239,00;197,00;Geprueft
1996-08-14;173,00;197,00;157,00;Geprueft
1996-08-15;165,00;174,00;153,00;Geprueft
1996-08-16;174,00;185,00;159,00;Geprueft
1996-08-17;146,00;159,00;139,00;Geprueft
1996-08-18;128,00;141,00;123,00;Geprueft
1996-08-19;123,00;130,00;116,00;Geprueft
1996-08-20;115,00;120,00;109,00;Geprueft
1996-08-21;110,00;116,00;105,00;Geprueft
1996-08-22;117,00;124,00;109,00;Geprueft
1996-08-23;166,00;211,00;110,00;Geprueft
1996-08-24;156,00;200,00;132,00;Geprueft
1996-08-25;133,00;135,00;125,00;Geprueft
1996-08-26;125,00;129,00;119,00;Geprueft
1996-08-27;124,00;130,00;117,00;Geprueft
1996-08-28;161,00;205,00;121,00;Geprueft
1996-08-29;205,00;230,00;171,00;Geprueft
1996-08-30;151,00;171,00;134,00;Geprueft
1996-08-31;132,00;137,00;128,00;Geprueft
1996-09-01;124,00;141,00;118,00;Geprueft
1996-09-02;155,00;167,00;141,00;Geprueft
1996-09-03;149,00;164,00;137,00;Geprueft
1996-09-04;129,00;137,00;116,00;Geprueft
1996-09-05;115,00;121,00;110,00;Geprueft
1996-09-06;112,00;116,00;109,00;Geprueft
1996-09-07;111,00;116,00;102,00;Geprueft
1996-09-08;104,00;110,00;98,00;Geprueft
1996-09-09;102,00;106,00;96,00;Geprueft
1996-09-10;102,00;106,00;98,00;Geprueft
1996-09-11;104,00;113,00;94,00;Geprueft
1996-09-12;93,00;104,00;88,00;Geprueft
1996-09-13;100,00;136,00;89,00;Geprueft
1996-09-14;162,00;234,00;122,00;Geprueft
1996-09-15;223,00;246,00;185,00;Geprueft
1996-09-16;179,00;195,00;163,00;Geprueft
1996-09-17;155,00;165,00;141,00;Geprueft
1996-09-18;129,00;141,00;124,00;Geprueft
1996-09-19;126,00;131,00;122,00;Geprueft
1996-09-20;124,00;129,00;115,00;Geprueft
1996-09-21;120,00;125,00;113,00;Geprueft
1996-09-22;119,00;125,00;110,00;Geprueft
1996-09-23;113,00;118,00;108,00;Geprueft
1996-09-24;143,00;171,00;108,00;Geprueft
1996-09-25;157,00;169,00;136,00;Geprueft
1996-09-26;128,00;138,00;113,00;Geprueft
1996-09-27;116,00;122,00;110,00;Geprueft
1996-09-28;113,00;126,00;103,00;Geprueft
1996-09-29;135,00;146,00;119,00;Geprueft
1996-09-30;114,00;121,00;108,00;Geprueft
1996-10-01;112,00;116,00;107,00;Geprueft
1996-10-02;102,00;118,00;94,00;Geprueft
1996-10-03;129,00;134,00;117,00;Geprueft
1996-10-04;117,00;132,00;106,00;Geprueft
1996-10-05;109,00;115,00;106,00;Geprueft
1996-10-06;109,00;113,00;102,00;Geprueft
1996-10-07;105,00;110,00;100,00;Geprueft
1996-10-08;99,00;104,00;94,00;Geprueft
1996-10-09;100,00;109,00;94,00;Geprueft
1996-10-10;96,00;102,00;90,00;Geprueft
1996-10-11;94,00;96,00;92,00;Geprueft
1996-10-12;94,00;100,00;90,00;Geprueft
1996-10-13;96,00;101,00;92,00;Geprueft
1996-10-14;96,00;100,00;91,00;Geprueft
1996-10-15;92,00;96,00;89,00;Geprueft
1996-10-16;96,00;106,00;88,00;Geprueft
1996-10-17;110,00;133,00;97,00;Geprueft
1996-10-18;148,00;158,00;131,00;Geprueft
1996-10-19;136,00;154,00;128,00;Geprueft
1996-10-20;184,00;216,00;143,00;Geprueft
1996-10-21;192,00;234,00;184,00;Geprueft
1996-10-22;293,00;328,00;233,00;Geprueft
1996-10-23;225,00;268,00;204,00;Geprueft
1996-10-24;178,00;204,00;160,00;Geprueft
1996-10-25;151,00;160,00;140,00;Geprueft
1996-10-26;145,00;173,00;138,00;Geprueft
1996-10-27;177,00;200,00;160,00;Geprueft
1996-10-28;148,00;160,00;133,00;Geprueft
1996-10-29;141,00;145,00;138,00;Geprueft
1996-10-30;155,00;187,00;136,00;Geprueft
1996-10-31;160,00;185,00;142,00;Geprueft
1996-11-01;144,00;160,00;139,00;Geprueft
1996-11-02;181,00;196,00;160,00;Geprueft
1996-11-03;159,00;178,00;146,00;Geprueft
1996-11-04;138,00;154,00;131,00;Geprueft
1996-11-05;133,00;139,00;130,00;Geprueft
1996-11-06;129,00;133,00;128,00;Geprueft
1996-11-07;125,00;133,00;120,00;Geprueft
1996-11-08;173,00;201,00;133,00;Geprueft
1996-11-09;188,00;198,00;179,00;Geprueft
1996-11-10;165,00;179,00;156,00;Geprueft
1996-11-11;150,00;160,00;144,00;Geprueft
1996-11-12;145,00;154,00;122,00;Geprueft
1996-11-13;133,00;152,00;123,00;Geprueft
1996-11-14;159,00;184,00;147,00;Geprueft
1996-11-15;186,00;202,00;167,00;Geprueft
1996-11-16;172,00;183,00;146,00;Geprueft
1996-11-17;161,00;167,00;146,00;Geprueft
1996-11-18;155,00;167,00;148,00;Geprueft
1996-11-19;153,00;159,00;148,00;Geprueft
1996-11-20;144,00;148,00;140,00;Geprueft
1996-11-21;145,00;154,00;140,00;Geprueft
1996-11-22;152,00;156,00;146,00;Geprueft
1996-11-23;141,00;151,00;137,00;Geprueft
1996-11-24;132,00;138,00;125,00;Geprueft
1996-11-25;132,00;137,00;124,00;Geprueft
1996-11-26;141,00;167,00;126,00;Geprueft
1996-11-27;171,00;188,00;155,00;Geprueft
1996-11-28;169,00;175,00;152,00;Geprueft
1996-11-29;153,00;159,00;148,00;Geprueft
1996-11-30;165,00;195,00;150,00;Geprueft
1996-12-01;188,00;203,00;172,00;Geprueft
1996-12-02;184,00;196,00;173,00;Geprueft
1996-12-03;213,00;225,00;196,00;Geprueft
1996-12-04;200,00;209,00;193,00;Geprueft
1996-12-05;186,00;193,00;177,00;Geprueft
1996-12-06;168,00;180,00;159,00;Geprueft
1996-12-07;159,00;168,00;151,00;Geprueft
1996-12-08;150,00;158,00;142,00;Geprueft
1996-12-09;145,00;151,00;140,00;Geprueft
1996-12-10;141,00;145,00;132,00;Geprueft
1996-12-11;136,00;139,00;131,00;Geprueft
1996-12-12;135,00;139,00;129,00;Geprueft
1996-12-13;134,00;139,00;127,00;Geprueft
1996-12-14;143,00;164,00;126,00;Geprueft
1996-12-15;165,00;170,00;155,00;Geprueft
1996-12-16;155,00;164,00;147,00;Geprueft
1996-12-17;150,00;158,00;144,00;Geprueft
1996-12-18;157,00;193,00;142,00;Geprueft
1996-12-19;207,00;219,00;190,00;Geprueft
1996-12-20;191,00;205,00;181,00;Geprueft
1996-12-21;235,00;258,00;199,00;Geprueft
1996-12-22;236,00;244,00;231,00;Geprueft
1996-12-23;228,00;239,00;216,00;Geprueft
1996-12-24;250,00;262,00;235,00;Geprueft
1996-12-25;246,00;261,00;234,00;Geprueft
1996-12-26;223,00;234,00;213,00;Geprueft
1996-12-27;192,00;213,00;178,00;Geprueft
1996-12-28;200,00;208,00;180,00;Geprueft
1996-12-29;199,00;214,00;186,00;Geprueft
1996-12-30;190,00;211,00;173,00;Geprueft
1996-12-31;176,00;187,00;169,00;Geprueft
1997-01-01;188,00;195,00;178,00;Geprueft
1997-01-02;182,00;186,00;177,00;Geprueft
1997-01-03;163,00;178,00;139,00;Geprueft
1997-01-04;138,00;144,00;132,00;Geprueft
1997-01-05;136,00;138,00;132,00;Geprueft
1997-01-06;129,00;138,00;122,00;Geprueft
1997-01-07;125,00;131,00;120,00;Geprueft
1997-01-08;123,00;129,00;116,00;Geprueft
1997-01-09;122,00;129,00;114,00;Geprueft
1997-01-10;117,00;123,00;112,00;Geprueft
1997-01-11;119,00;124,00;114,00;Geprueft
1997-01-12;117,00;122,00;113,00;Geprueft
1997-01-13;113,00;119,00;106,00;Geprueft
1997-01-14;109,00;114,00;104,00;Geprueft
1997-01-15;103,00;107,00;98,00;Geprueft
1997-01-16;106,00;114,00;103,00;Geprueft
1997-01-17;106,00;114,00;94,00;Geprueft
1997-01-18;100,00;106,00;92,00;Geprueft
1997-01-19;102,00;109,00;92,00;Geprueft
1997-01-20;104,00;109,00;98,00;Geprueft
1997-01-21;107,00;115,00;100,00;Geprueft
1997-01-22;107,00;114,00;102,00;Geprueft
1997-01-23;105,00;112,00;98,00;Geprueft
1997-01-24;112,00;119,00;103,00;Geprueft
1997-01-25;122,00;131,00;105,00;Geprueft
1997-01-26;125,00;130,00;121,00;Geprueft
1997-01-27;131,00;139,00;125,00;Geprueft
1997-01-28;123,00;129,00;112,00;Geprueft
1997-01-29;125,00;134,00;118,00;Geprueft
1997-01-30;119,00;134,00;112,00;Geprueft
1997-01-31;111,00;118,00;103,00;Geprueft
1997-02-01;111,00;119,00;105,00;Geprueft
1997-02-02;106,00;110,00;101,00;Geprueft
1997-02-03;108,00;115,00;101,00;Geprueft
1997-02-04;104,00;108,00;96,00;Geprueft
1997-02-05;101,00;108,00;95,00;Geprueft
1997-02-06;113,00;121,00;105,00;Geprueft
1997-02-07;115,00;122,00;109,00;Geprueft
1997-02-08;113,00;115,00;107,00;Geprueft
1997-02-09;107,00;110,00;104,00;Geprueft
1997-02-10;105,00;107,00;103,00;Geprueft
1997-02-11;107,00;111,00;102,00;Geprueft
1997-02-12;139,00;175,00;110,00;Geprueft
1997-02-13;194,00;203,00;175,00;Geprueft
1997-02-14;195,00;203,00;187,00;Geprueft
1997-02-15;239,00;309,00;189,00;Geprueft
1997-02-16;280,00;310,00;243,00;Geprueft
1997-02-17;227,00;243,00;210,00;Geprueft
1997-02-18;199,00;213,00;192,00;Geprueft
1997-02-19;215,00;231,00;196,00;Geprueft
1997-02-20;217,00;229,00;210,00;Geprueft
1997-02-21;207,00;218,00;199,00;Geprueft
1997-02-22;193,00;200,00;187,00;Geprueft
1997-02-23;182,00;190,00;175,00;Geprueft
1997-02-24;174,00;176,00;167,00;Geprueft
1997-02-25;170,00;175,00;161,00;Geprueft
1997-02-26;205,00;265,00;164,00;Geprueft
1997-02-27;313,00;362,00;265,00;Geprueft
1997-02-28;339,00;366,00;312,00;Geprueft
1997-03-01;282,00;312,00;266,00;Geprueft
1997-03-02;242,00;266,00;223,00;Geprueft
1997-03-03;210,00;223,00;202,00;Geprueft
1997-03-04;200,00;207,00;194,00;Geprueft
1997-03-05;198,00;206,00;190,00;Geprueft
1997-03-06;214,00;236,00;196,00;Geprueft
1997-03-07;201,00;214,00;189,00;Geprueft
1997-03-08;183,00;191,00;176,00;Geprueft
1997-03-09;172,00;180,00;165,00;Geprueft
1997-03-10;161,00;167,00;157,00;Geprueft
1997-03-11;156,00;160,00;153,00;Geprueft
1997-03-12;152,00;157,00;148,00;Geprueft
1997-03-13;149,00;153,00;147,00;Geprueft
1997-03-14;146,00;150,00;140,00;Geprueft
1997-03-15;139,00;144,00;135,00;Geprueft
1997-03-16;139,00;143,00;137,00;Geprueft
1997-03-17;141,00;147,00;136,00;Geprueft
1997-03-18;138,00;147,00;134,00;Geprueft
1997-03-19;143,00;148,00;140,00;Geprueft
1997-03-20;147,00;149,00;143,00;Geprueft
1997-03-21;149,00;152,00;147,00;Geprueft
1997-03-22;149,00;152,00;143,00;Geprueft
1997-03-23;149,00;155,00;143,00;Geprueft
1997-03-24;151,00;156,00;144,00;Geprueft
1997-03-25;160,00;164,00;156,00;Geprueft
1997-03-26;160,00;163,00;154,00;Geprueft
1997-03-27;154,00;163,00;146,00;Geprueft
1997-03-28;155,00;185,00;146,00;Geprueft
1997-03-29;204,00;214,00;185,00;Geprueft
1997-03-30;186,00;203,00;176,00;Geprueft
1997-03-31;172,00;181,00;166,00;Geprueft
1997-04-01;164,00;169,00;160,00;Geprueft
1997-04-02;158,00;166,00;153,00;Geprueft
1997-04-03;153,00;157,00;151,00;Geprueft
1997-04-04;155,00;160,00;151,00;Geprueft
1997-04-05;156,00;162,00;148,00;Geprueft
1997-04-06;164,00;202,00;147,00;Geprueft
1997-04-07;198,00;216,00;183,00;Geprueft
1997-04-08;163,00;185,00;154,00;Geprueft
1997-04-09;148,00;154,00;143,00;Geprueft
1997-04-10;140,00;145,00;135,00;Geprueft
1997-04-11;138,00;143,00;135,00;Geprueft
1997-04-12;145,00;150,00;142,00;Geprueft
1997-04-13;139,00;150,00;132,00;Geprueft
1997-04-14;128,00;136,00;117,00;Geprueft
1997-04-15;128,00;131,00;126,00;Geprueft
1997-04-16;123,00;128,00;117,00;Geprueft
1997-04-17;120,00;123,00;114,00;Geprueft
1997-04-18;113,00;121,00;107,00;Geprueft
1997-04-19;111,00;122,00;108,00;Geprueft
1997-04-20;119,00;120,00;117,00;Geprueft
1997-04-21;117,00;121,00;111,00;Geprueft
1997-04-22;112,00;114,00;110,00;Geprueft
1997-04-23;110,00;116,00;104,00;Geprueft
1997-04-24;108,00;111,00;104,00;Geprueft
1997-04-25;105,00;110,00;103,00;Geprueft
1997-04-26;112,00;126,00;106,00;Geprueft
1997-04-27;131,00;154,00;115,00;Geprueft
1997-04-28;156,00;164,00;147,00;Geprueft
1997-04-29;154,00;165,00;146,00;Geprueft
1997-04-30;184,00;200,00;165,00;Geprueft
1997-05-01;191,00;198,00;184,00;Geprueft
1997-05-02;167,00;191,00;153,00;Geprueft
1997-05-03;145,00;153,00;141,00;Geprueft
1997-05-04;145,00;151,00;140,00;Geprueft
1997-05-05;148,00;155,00;144,00;Geprueft
1997-05-06;152,00;157,00;145,00;Geprueft
1997-05-07;162,00;169,00;152,00;Geprueft
1997-05-08;148,00;164,00;133,00;Geprueft
1997-05-09;133,00;137,00;126,00;Geprueft
1997-05-10;132,00;134,00;129,00;Geprueft
1997-05-11;128,00;131,00;122,00;Geprueft
1997-05-12;127,00;130,00;123,00;Geprueft
1997-05-13;127,00;128,00;126,00;Geprueft
1997-05-14;131,00;137,00;125,00;Geprueft
1997-05-15;132,00;136,00;126,00;Geprueft
1997-05-16;147,00;159,00;132,00;Geprueft
1997-05-17;147,00;159,00;142,00;Geprueft
1997-05-18;137,00;142,00;131,00;Geprueft
1997-05-19;142,00;148,00;136,00;Geprueft
1997-05-20;133,00;138,00;128,00;Geprueft
1997-05-21;135,00;143,00;126,00;Geprueft
1997-05-22;138,00;143,00;134,00;Geprueft
1997-05-23;142,00;158,00;133,00;Geprueft
1997-05-24;125,00;135,00;112,00;Geprueft
1997-05-25;116,00;118,00;111,00;Geprueft
1997-05-26;120,00;128,00;114,00;Geprueft
1997-05-27;115,00;122,00;109,00;Geprueft
1997-05-28;113,00;118,00;109,00;Geprueft
1997-05-29;109,00;114,00;100,00;Geprueft
1997-05-30;101,00;108,00;94,00;Geprueft
1997-05-31;98,00;103,00;93,00;Geprueft
1997-06-01;103,00;106,00;101,00;Geprueft
1997-06-02;101,00;107,00;89,00;Geprueft
1997-06-03;99,00;113,00;93,00;Geprueft
1997-06-04;113,00;117,00;108,00;Geprueft
1997-06-05;110,00;118,00;99,00;Geprueft
1997-06-06;97,00;109,00;90,00;Geprueft
1997-06-07;102,00;105,00;96,00;Geprueft
1997-06-08;96,00;109,00;92,00;Geprueft
1997-06-09;117,00;128,00;102,00;Geprueft
1997-06-10;106,00;118,00;100,00;Geprueft
1997-06-11;99,00;106,00;96,00;Geprueft
1997-06-12;94,00;103,00;86,00;Geprueft
1997-06-13;103,00;110,00;95,00;Geprueft
1997-06-14;113,00;129,00;104,00;Geprueft
1997-06-15;113,00;129,00;102,00;Geprueft
1997-06-16;104,00;109,00;100,00;Geprueft
1997-06-17;99,00;102,00;95,00;Geprueft
1997-06-18;104,00;114,00;96,00;Geprueft
1997-06-19;108,00;115,00;103,00;Geprueft
1997-06-20;133,00;151,00;108,00;Geprueft
1997-06-21;147,00;152,00;139,00;Geprueft
1997-06-22;141,00;150,00;135,00;Geprueft
1997-06-23;169,00;184,00;143,00;Geprueft
1997-06-24;160,00;168,00;154,00;Geprueft
1997-06-25;166,00;173,00;156,00;Geprueft
1997-06-26;152,00;164,00;142,00;Geprueft
1997-06-27;143,00;148,00;138,00;Geprueft
1997-06-28;159,00;175,00;138,00;Geprueft
1997-06-29;169,00;179,00;157,00;Geprueft
1997-06-30;169,00;181,00;157,00;Geprueft
1997-07-01;173,00;195,00;151,00;Geprueft
1997-07-02;142,00;158,00;135,00;Geprueft
1997-07-03;136,00;147,00;119,00;Geprueft
1997-07-04;154,00;169,00;128,00;Geprueft
1997-07-05;193,00;238,00;167,00;Geprueft
1997-07-06;338,00;376,00;238,00;Geprueft
1997-07-07;369,00;379,00;331,00;Geprueft
1997-07-08;269,00;331,00;241,00;Geprueft
1997-07-09;212,00;241,00;187,00;Geprueft
1997-07-10;175,00;193,00;163,00;Geprueft
1997-07-11;165,00;172,00;159,00;Geprueft
1997-07-12;162,00;165,00;157,00;Geprueft
1997-07-13;147,00;162,00;141,00;Geprueft
1997-07-14;146,00;159,00;133,00;Geprueft
1997-07-15;152,00;168,00;136,00;Geprueft
1997-07-16;157,00;162,00;152,00;Geprueft
1997-07-17;143,00;156,00;132,00;Geprueft
1997-07-18;170,00;271,00;132,00;Geprueft
1997-07-19;305,00;346,00;265,00;Geprueft
1997-07-20;339,00;360,00;316,00;Geprueft
1997-07-21;281,00;316,00;244,00;Geprueft
1997-07-22;215,00;244,00;186,00;Geprueft
1997-07-23;178,00;198,00;166,00;Geprueft
1997-07-24;160,00;166,00;152,00;Geprueft
1997-07-25;159,00;175,00;144,00;Geprueft
1997-07-26;205,00;251,00;175,00;Geprueft
1997-07-27;212,00;250,00;185,00;Geprueft
1997-07-28;171,00;185,00;157,00;Geprueft
1997-07-29;148,00;159,00;138,00;Geprueft
1997-07-30;134,00;138,00;130,00;Geprueft
1997-07-31;122,00;130,00;117,00;Geprueft
1997-08-01;129,00;150,00;122,00;Geprueft
1997-08-02;149,00;155,00;140,00;Geprueft
1997-08-03;134,00;142,00;122,00;Geprueft
1997-08-04;121,00;124,00;116,00;Geprueft
1997-08-05;111,00;121,00;103,00;Geprueft
1997-08-06;108,00;113,00;102,00;Geprueft
1997-08-07;117,00;127,00;103,00;Geprueft
1997-08-08;111,00;116,00;108,00;Geprueft
1997-08-09;131,00;142,00;113,00;Geprueft
1997-08-10;119,00;128,00;110,00;Geprueft
1997-08-11;108,00;114,00;102,00;Geprueft
1997-08-12;98,00;104,00;93,00;Geprueft
1997-08-13;95,00;99,00;88,00;Geprueft
1997-08-14;89,00;98,00;83,00;Geprueft
1997-08-15;93,00;100,00;85,00;Geprueft
1997-08-16;87,00;94,00;76,00;Geprueft
1997-08-17;84,00;92,00;76,00;Geprueft
1997-08-18;88,00;94,00;82,00;Geprueft
1997-08-19;91,00;97,00;86,00;Geprueft
1997-08-20;87,00;95,00;79,00;Geprueft
1997-08-21;81,00;88,00;75,00;Geprueft
1997-08-22;84,00;92,00;76,00;Geprueft
1997-08-23;80,00;90,00;73,00;Geprueft
1997-08-24;74,00;77,00;72,00;Geprueft
1997-08-25;75,00;82,00;70,00;Geprueft
1997-08-26;78,00;84,00;74,00;Geprueft
1997-08-27;78,00;89,00;70,00;Geprueft
1997-08-28;79,00;97,00;73,00;Geprueft
1997-08-29;125,00;142,00;96,00;Geprueft
1997-08-30;147,00;159,00;118,00;Geprueft
1997-08-31;122,00;128,00;118,00;Geprueft
1997-09-01;115,00;125,00;106,00;Geprueft
1997-09-02;95,00;107,00;84,00;Geprueft
1997-09-03;89,00;94,00;86,00;Geprueft
1997-09-04;88,00;92,00;82,00;Geprueft
1997-09-05;83,00;87,00;81,00;Geprueft
1997-09-06;86,00;100,00;78,00;Geprueft
1997-09-07;92,00;102,00;84,00;Geprueft
1997-09-08;101,00;103,00;96,00;Geprueft
1997-09-09;87,00;101,00;76,00;Geprueft
1997-09-10;79,00;83,00;72,00;Geprueft
1997-09-11;78,00;82,00;73,00;Geprueft
1997-09-12;77,00;79,00;72,00;Geprueft
1997-09-13;80,00;100,00;68,00;Geprueft
1997-09-14;103,00;119,00;91,00;Geprueft
1997-09-15;96,00;109,00;83,00;Geprueft
1997-09-16;83,00;86,00;81,00;Geprueft
1997-09-17;82,00;87,00;74,00;Geprueft
1997-09-18;75,00;86,00;52,00;Geprueft
1997-09-19;69,00;77,00;61,00;Geprueft
1997-09-20;75,00;86,00;63,00;Geprueft
1997-09-21;76,00;86,00;69,00;Geprueft
1997-09-22;70,00;78,00;65,00;Geprueft
1997-09-23;67,00;76,00;60,00;Geprueft
1997-09-24;66,00;72,00;61,00;Geprueft
1997-09-25;72,00;87,00;61,00;Geprueft
1997-09-26;64,00;74,00;60,00;Geprueft
1997-09-27;66,00;71,00;61,00;Geprueft
1997-09-28;65,00;71,00;55,00;Geprueft
1997-09-29;65,00;73,00;55,00;Geprueft
1997-09-30;65,00;69,00;61,00;Geprueft
1997-10-01;69,00;76,00;64,00;Geprueft
1997-10-02;67,00;74,00;62,00;Geprueft
1997-10-03;63,00;69,00;60,00;Geprueft
1997-10-04;65,00;75,00;60,00;Geprueft
1997-10-05;65,00;70,00;59,00;Geprueft
1997-10-06;67,00;74,00;58,00;Geprueft
1997-10-07;66,00;77,00;56,00;Geprueft
1997-10-08;62,00;72,00;54,00;Geprueft
1997-10-09;67,00;76,00;54,00;Geprueft
1997-10-10;72,00;112,00;61,00;Geprueft
1997-10-11;97,00;107,00;86,00;Geprueft
1997-10-12;122,00;196,00;105,00;Geprueft
1997-10-13;212,00;244,00;178,00;Geprueft
1997-10-14;161,00;178,00;153,00;Geprueft
1997-10-15;155,00;166,00;148,00;Geprueft
1997-10-16;137,00;151,00;125,00;Geprueft
1997-10-17;152,00;159,00;144,00;Geprueft
1997-10-18;140,00;150,00;126,00;Geprueft
1997-10-19;120,00;126,00;115,00;Geprueft
1997-10-20;117,00;125,00;112,00;Geprueft
1997-10-21;109,00;116,00;99,00;Geprueft
1997-10-22;101,00;109,00;89,00;Geprueft
1997-10-23;96,00;98,00;92,00;Geprueft
1997-10-24;94,00;100,00;81,00;Geprueft
1997-10-25;81,00;88,00;73,00;Geprueft
1997-10-26;81,00;85,00;75,00;Geprueft
1997-10-27;82,00;86,00;74,00;Geprueft
1997-10-28;79,00;83,00;74,00;Geprueft
1997-10-29;76,00;82,00;73,00;Geprueft
1997-10-30;71,00;76,00;66,00;Geprueft
1997-10-31;74,00;77,00;72,00;Geprueft
1997-11-01;77,00;78,00;76,00;Geprueft
1997-11-02;76,00;79,00;75,00;Geprueft
1997-11-03;75,00;79,00;68,00;Geprueft
1997-11-04;69,00;70,00;68,00;Geprueft
1997-11-05;70,00;73,00;66,00;Geprueft
1997-11-06;73,00;76,00;72,00;Geprueft
1997-11-07;66,00;74,00;62,00;Geprueft
1997-11-08;65,00;75,00;62,00;Geprueft
1997-11-09;71,00;75,00;68,00;Geprueft
1997-11-10;74,00;77,00;71,00;Geprueft
1997-11-11;69,00;72,00;64,00;Geprueft
1997-11-12;72,00;75,00;67,00;Geprueft
1997-11-13;80,00;84,00;75,00;Geprueft
1997-11-14;71,00;81,00;64,00;Geprueft
1997-11-15;72,00;74,00;68,00;Geprueft
1997-11-16;70,00;73,00;67,00;Geprueft
1997-11-17;77,00;79,00;71,00;Geprueft
1997-11-18;69,00;78,00;66,00;Geprueft
1997-11-19;72,00;78,00;69,00;Geprueft
1997-11-20;64,00;69,00;61,00;Geprueft
1997-11-21;73,00;75,00;69,00;Geprueft
1997-11-22;71,00;74,00;64,00;Geprueft
1997-11-23;71,00;78,00;63,00;Geprueft
1997-11-24;68,00;72,00;66,00;Geprueft
1997-11-25;70,00;72,00;68,00;Geprueft
1997-11-26;68,00;68,00;67,00;Geprueft
1997-11-27;70,00;71,00;68,00;Geprueft
1997-11-28;67,00;70,00;63,00;Geprueft
1997-11-29;72,00;76,00;67,00;Geprueft
1997-11-30;68,00;72,00;64,00;Geprueft
1997-12-01;69,00;74,00;66,00;Geprueft
1997-12-02;70,00;74,00;66,00;Geprueft
1997-12-03;81,00;89,00;67,00;Geprueft
1997-12-04;78,00;87,00;76,00;Geprueft
1997-12-05;71,00;76,00;66,00;Geprueft
1997-12-06;68,00;72,00;67,00;Geprueft
1997-12-07;76,00;79,00;72,00;Geprueft
1997-12-08;69,00;72,00;66,00;Geprueft
1997-12-09;71,00;73,00;69,00;Geprueft
1997-12-10;81,00;90,00;73,00;Geprueft
1997-12-11;90,00;106,00;83,00;Geprueft
1997-12-12;220,00;303,00;106,00;Geprueft
1997-12-13;249,00;293,00;230,00;Geprueft
1997-12-14;228,00;250,00;214,00;Geprueft
1997-12-15;195,00;214,00;172,00;Geprueft
1997-12-16;160,00;179,00;152,00;Geprueft
1997-12-17;140,00;152,00;132,00;Geprueft
1997-12-18;128,00;136,00;121,00;Geprueft
1997-12-19;125,00;135,00;117,00;Geprueft
1997-12-20;131,00;140,00;125,00;Geprueft
1997-12-21;203,00;289,00;136,00;Geprueft
1997-12-22;329,00;349,00;289,00;Geprueft
1997-12-23;260,00;300,00;239,00;Geprueft
1997-12-24;209,00;241,00;198,00;Geprueft
1997-12-25;202,00;205,00;198,00;Geprueft
1997-12-26;210,00;232,00;199,00;Geprueft
1997-12-27;235,00;248,00;202,00;Geprueft
1997-12-28;207,00;215,00;201,00;Geprueft
1997-12-29;193,00;203,00;186,00;Geprueft
1997-12-30;180,00;193,00;166,00;Geprueft
1997-12-31;164,00;169,00;159,00;Geprueft
1998-01-01;152,00;159,00;140,00;Geprueft
1998-01-02;145,00;150,00;138,00;Geprueft
1998-01-03;145,00;148,00;142,00;Geprueft
1998-01-04;162,00;176,00;148,00;Geprueft
1998-01-05;176,00;191,00;171,00;Geprueft
1998-01-06;190,00;204,00;182,00;Geprueft
1998-01-07;203,00;218,00;198,00;Geprueft
1998-01-08;194,00;213,00;177,00;Geprueft
1998-01-09;173,00;179,00;167,00;Geprueft
1998-01-10;158,00;167,00;152,00;Geprueft
1998-01-11;146,00;152,00;143,00;Geprueft
1998-01-12;141,00;145,00;136,00;Geprueft
1998-01-13;138,00;140,00;134,00;Geprueft
1998-01-14;130,00;134,00;126,00;Geprueft
1998-01-15;125,00;128,00;121,00;Geprueft
1998-01-16;121,00;132,00;116,00;Geprueft
1998-01-17;129,00;133,00;125,00;Geprueft
1998-01-18;131,00;135,00;126,00;Geprueft
1998-01-19;143,00;170,00;134,00;Geprueft
1998-01-20;185,00;193,00;170,00;Geprueft
1998-01-21;181,00;192,00;171,00;Geprueft
1998-01-22;161,00;171,00;148,00;Geprueft
1998-01-23;147,00;150,00;140,00;Geprueft
1998-01-24;136,00;142,00;129,00;Geprueft
1998-01-25;134,00;144,00;128,00;Geprueft
1998-01-26;128,00;134,00;124,00;Geprueft
1998-01-27;123,00;127,00;121,00;Geprueft
1998-01-28;116,00;125,00;107,00;Geprueft
1998-01-29;113,00;119,00;107,00;Geprueft
1998-01-30;111,00;118,00;106,00;Geprueft
1998-01-31;109,00;117,00;103,00;Geprueft
1998-02-01;106,00;113,00;98,00;Geprueft
1998-02-02;104,00;109,00;95,00;Geprueft
1998-02-03;103,00;108,00;96,00;Geprueft
1998-02-04;100,00;110,00;95,00;Geprueft
1998-02-05;99,00;106,00;90,00;Geprueft
1998-02-06;91,00;96,00;86,00;Geprueft
1998-02-07;95,00;105,00;87,00;Geprueft
1998-02-08;91,00;103,00;76,00;Geprueft
1998-02-09;96,00;98,00;88,00;Geprueft
1998-02-10;87,00;96,00;82,00;Geprueft
1998-02-11;94,00;96,00;90,00;Geprueft
1998-02-12;92,00;96,00;88,00;Geprueft
1998-02-13;95,00;106,00;82,00;Geprueft
1998-02-14;100,00;107,00;95,00;Geprueft
1998-02-15;102,00;107,00;96,00;Geprueft
1998-02-16;103,00;108,00;98,00;Geprueft
1998-02-17;106,00;109,00;101,00;Geprueft
1998-02-18;111,00;114,00;109,00;Geprueft
1998-02-19;108,00;114,00;104,00;Geprueft
1998-02-20;98,00;107,00;90,00;Geprueft
1998-02-21;100,00;109,00;94,00;Geprueft
1998-02-22;99,00;107,00;93,00;Geprueft
1998-02-23;111,00;123,00;99,00;Geprueft
1998-02-24;125,00;126,00;123,00;Geprueft
1998-02-25;123,00;126,00;117,00;Geprueft
1998-02-26;115,00;117,00;111,00;Geprueft
1998-02-27;113,00;116,00;109,00;Geprueft
1998-02-28;110,00;115,00;106,00;Geprueft
1998-03-01;111,00;115,00;106,00;Geprueft
1998-03-02;112,00;116,00;106,00;Geprueft
1998-03-03;109,00;112,00;104,00;Geprueft
1998-03-04;115,00;122,00;108,00;Geprueft
1998-03-05;121,00;134,00;115,00;Geprueft
1998-03-06;137,00;144,00;131,00;Geprueft
1998-03-07;143,00;163,00;125,00;Geprueft
1998-03-08;180,00;236,00;156,00;Geprueft
1998-03-09;229,00;245,00;210,00;Geprueft
1998-03-10;205,00;232,00;180,00;Geprueft
1998-03-11;177,00;188,00;157,00;Geprueft
1998-03-12;157,00;165,00;149,00;Geprueft
1998-03-13;146,00;154,00;139,00;Geprueft
1998-03-14;140,00;144,00;130,00;Geprueft
1998-03-15;134,00;139,00;129,00;Geprueft
1998-03-16;163,00;199,00;134,00;Geprueft
1998-03-17;200,00;209,00;188,00;Geprueft
1998-03-18;182,00;188,00;171,00;Geprueft
1998-03-19;169,00;175,00;161,00;Geprueft
1998-03-20;163,00;165,00;161,00;Geprueft
1998-03-21;157,00;161,00;146,00;Geprueft
1998-03-22;147,00;152,00;139,00;Geprueft
1998-03-23;142,00;147,00;135,00;Geprueft
1998-03-24;143,00;146,00;140,00;Geprueft
1998-03-25;140,00;144,00;135,00;Geprueft
1998-03-26;134,00;137,00;130,00;Geprueft
1998-03-27;131,00;140,00;124,00;Geprueft
1998-03-28;148,00;161,00;134,00;Geprueft
1998-03-29;158,00;166,00;150,00;Geprueft
1998-03-30;165,00;169,00;156,00;Geprueft
1998-03-31;164,00;168,00;158,00;Geprueft
1998-04-01;158,00;166,00;151,00;Geprueft
1998-04-02;152,00;158,00;146,00;Geprueft
1998-04-03;151,00;161,00;144,00;Geprueft
1998-04-04;156,00;161,00;152,00;Geprueft
1998-04-05;147,00;152,00;144,00;Geprueft
1998-04-06;138,00;146,00;131,00;Geprueft
1998-04-07;142,00;148,00;136,00;Geprueft
1998-04-08;134,00;140,00;129,00;Geprueft
1998-04-09;132,00;137,00;124,00;Geprueft
1998-04-10;124,00;128,00;119,00;Geprueft
1998-04-11;119,00;125,00;113,00;Geprueft
1998-04-12;132,00;137,00;125,00;Geprueft
1998-04-13;126,00;140,00;120,00;Geprueft
1998-04-14;139,00;144,00;134,00;Geprueft
1998-04-15;138,00;142,00;132,00;Geprueft
1998-04-16;134,00;140,00;128,00;Geprueft
1998-04-17;130,00;134,00;123,00;Geprueft
1998-04-18;128,00;135,00;121,00;Geprueft
1998-04-19;128,00;133,00;123,00;Geprueft
1998-04-20;119,00;123,00;114,00;Geprueft
1998-04-21;125,00;134,00;117,00;Geprueft
1998-04-22;124,00;131,00;121,00;Geprueft
1998-04-23;123,00;129,00;118,00;Geprueft
1998-04-24;127,00;132,00;122,00;Geprueft
1998-04-25;130,00;135,00;122,00;Geprueft
1998-04-26;127,00;132,00;121,00;Geprueft
1998-04-27;136,00;141,00;127,00;Geprueft
1998-04-28;146,00;155,00;141,00;Geprueft
1998-04-29;146,00;158,00;129,00;Geprueft
1998-04-30;124,00;130,00;112,00;Geprueft
1998-05-01;120,00;130,00;114,00;Geprueft
1998-05-02;188,00;237,00;130,00;Geprueft
1998-05-03;224,00;245,00;201,00;Geprueft
1998-05-04;177,00;203,00;166,00;Geprueft
1998-05-05;167,00;176,00;160,00;Geprueft
1998-05-06;147,00;162,00;140,00;Geprueft
1998-05-07;136,00;146,00;125,00;Geprueft
1998-05-08;130,00;135,00;124,00;Geprueft
1998-05-09;134,00;144,00;124,00;Geprueft
1998-05-10;132,00;138,00;126,00;Geprueft
1998-05-11;138,00;148,00;133,00;Geprueft
1998-05-12;134,00;141,00;129,00;Geprueft
1998-05-13;129,00;135,00;125,00;Geprueft
1998-05-14;128,00;134,00;116,00;Geprueft
1998-05-15;121,00;126,00;115,00;Geprueft
1998-05-16;115,00;121,00;106,00;Geprueft
1998-05-17;106,00;120,00;96,00;Geprueft
1998-05-18;104,00;111,00;96,00;Geprueft
1998-05-19;101,00;111,00;92,00;Geprueft
1998-05-20;97,00;105,00;88,00;Geprueft
1998-05-21;92,00;99,00;82,00;Geprueft
1998-05-22;100,00;112,00;92,00;Geprueft
1998-05-23;98,00;101,00;97,00;Geprueft
1998-05-24;97,00;98,00;95,00;Geprueft
1998-05-25;91,00;95,00;87,00;Geprueft
1998-05-26;90,00;94,00;84,00;Geprueft
1998-05-27;90,00;94,00;84,00;Geprueft
1998-05-28;91,00;96,00;81,00;Geprueft
1998-05-29;90,00;95,00;84,00;Geprueft
1998-05-30;89,00;94,00;85,00;Geprueft
1998-05-31;88,00;100,00;83,00;Geprueft
1998-06-01;102,00;108,00;97,00;Geprueft
1998-06-02;102,00;109,00;94,00;Geprueft
1998-06-03;97,00;108,00;91,00;Geprueft
1998-06-04;93,00;96,00;87,00;Geprueft
1998-06-05;88,00;95,00;79,00;Geprueft
1998-06-06;80,00;83,00;74,00;Geprueft
1998-06-07;84,00;108,00;72,00;Geprueft
1998-06-08;112,00;138,00;101,00;Geprueft
1998-06-09;116,00;144,00;90,00;Geprueft
1998-06-10;92,00;99,00;81,00;Geprueft
1998-06-11;118,00;144,00;83,00;Geprueft
1998-06-12;162,00;209,00;139,00;Geprueft
1998-06-13;221,00;236,00;202,00;Geprueft
1998-06-14;173,00;202,00;148,00;Geprueft
1998-06-15;141,00;150,00;133,00;Geprueft
1998-06-16;140,00;145,00;135,00;Geprueft
1998-06-17;135,00;141,00;127,00;Geprueft
1998-06-18;119,00;127,00;110,00;Geprueft
1998-06-19;107,00;117,00;101,00;Geprueft
1998-06-20;100,00;108,00;95,00;Geprueft
1998-06-21;96,00;104,00;92,00;Geprueft
1998-06-22;89,00;98,00;81,00;Geprueft
1998-06-23;87,00;93,00;78,00;Geprueft
1998-06-24;84,00;91,00;72,00;Geprueft
1998-06-25;80,00;90,00;72,00;Geprueft
1998-06-26;79,00;83,00;78,00;Geprueft
1998-06-27;98,00;106,00;83,00;Geprueft
1998-06-28;97,00;114,00;89,00;Geprueft
1998-06-29;101,00;107,00;92,00;Geprueft
1998-06-30;87,00;104,00;74,00;Geprueft
1998-07-01;82,00;86,00;71,00;Geprueft
1998-07-02;91,00;95,00;86,00;Geprueft
1998-07-03;100,00;107,00;95,00;Geprueft
1998-07-04;118,00;128,00;96,00;Geprueft
1998-07-05;113,00;121,00;98,00;Geprueft
1998-07-06;94,00;103,00;88,00;Geprueft
1998-07-07;84,00;88,00;80,00;Geprueft
1998-07-08;99,00;117,00;79,00;Geprueft
1998-07-09;132,00;145,00;107,00;Geprueft
1998-07-10;122,00;139,00;101,00;Geprueft
1998-07-11;112,00;119,00;101,00;Geprueft
1998-07-12;101,00;117,00;90,00;Geprueft
1998-07-13;94,00;99,00;86,00;Geprueft
1998-07-14;100,00;114,00;91,00;Geprueft
1998-07-15;109,00;125,00;94,00;Geprueft
1998-07-16;88,00;98,00;79,00;Geprueft
1998-07-17;97,00;121,00;83,00;Geprueft
1998-07-18;99,00;109,00;91,00;Geprueft
1998-07-19;90,00;99,00;81,00;Geprueft
1998-07-20;81,00;90,00;69,00;Geprueft
1998-07-21;78,00;96,00;70,00;Geprueft
1998-07-22;80,00;96,00;70,00;Geprueft
1998-07-23;75,00;84,00;70,00;Geprueft
1998-07-24;74,00;84,00;67,00;Geprueft
1998-07-25;76,00;103,00;60,00;Geprueft
1998-07-26;80,00;91,00;60,00;Geprueft
1998-07-27;76,00;85,00;70,00;Geprueft
1998-07-28;93,00;109,00;84,00;Geprueft
1998-07-29;98,00;110,00;85,00;Geprueft
1998-07-30;84,00;91,00;77,00;Geprueft
1998-07-31;81,00;92,00;74,00;Geprueft
1998-08-01;78,00;93,00;73,00;Geprueft
1998-08-02;109,00;120,00;92,00;Geprueft
1998-08-03;96,00;108,00;84,00;Geprueft
1998-08-04;83,00;95,00;79,00;Geprueft
1998-08-05;79,00;85,00;71,00;Geprueft
1998-08-06;73,00;74,00;71,00;Geprueft
1998-08-07;72,00;76,00;62,00;Geprueft
1998-08-08;68,00;69,00;64,00;Geprueft
1998-08-09;66,00;68,00;64,00;Geprueft
1998-08-10;63,00;71,00;56,00;Geprueft
1998-08-11;61,00;70,00;55,00;Geprueft
1998-08-12;60,00;73,00;50,00;Geprueft
1998-08-13;61,00;74,00;51,00;Geprueft
1998-08-14;67,00;70,00;64,00;Geprueft
1998-08-15;63,00;67,00;57,00;Geprueft
1998-08-16;52,00;57,00;52,00;Geprueft
1998-08-17;56,00;62,00;52,00;Geprueft
1998-08-18;57,00;70,00;52,00;Geprueft
1998-08-19;69,00;92,00;61,00;Geprueft
1998-08-20;59,00;64,00;50,00;Geprueft
1998-08-21;60,00;70,00;53,00;Geprueft
1998-08-22;69,00;79,00;63,00;Geprueft
1998-08-23;133,00;181,00;79,00;Geprueft
1998-08-24;123,00;175,00;94,00;Geprueft
1998-08-25;129,00;142,00;107,00;Geprueft
1998-08-26;120,00;137,00;100,00;Geprueft
1998-08-27;94,00;109,00;76,00;Geprueft
1998-08-28;87,00;94,00;80,00;Geprueft
1998-08-29;77,00;87,00;60,00;Geprueft
1998-08-30;74,00;86,00;64,00;Geprueft
1998-08-31;68,00;73,00;65,00;Geprueft
1998-09-01;65,00;73,00;54,00;Geprueft
1998-09-02;67,00;69,00;62,00;Geprueft
1998-09-03;67,00;77,00;64,00;Geprueft
1998-09-04;78,00;87,00;75,00;Geprueft
1998-09-05;91,00;132,00;63,00;Geprueft
1998-09-06;153,00;164,00;132,00;Geprueft
1998-09-07;140,00;153,00;117,00;Geprueft
1998-09-08;108,00;125,00;90,00;Geprueft
1998-09-09;92,00;107,00;82,00;Geprueft
1998-09-10;82,00;90,00;69,00;Geprueft
1998-09-11;116,00;136,00;86,00;Geprueft
1998-09-12;183,00;244,00;136,00;Geprueft
1998-09-13;243,00;260,00;200,00;Geprueft
1998-09-14;177,00;200,00;164,00;Geprueft
1998-09-15;155,00;164,00;152,00;Geprueft
1998-09-16;186,00;201,00;161,00;Geprueft
1998-09-17;188,00;207,00;172,00;Geprueft
1998-09-18;241,00;269,00;207,00;Geprueft
1998-09-19;211,00;256,00;164,00;Geprueft
1998-09-20;161,00;178,00;141,00;Geprueft
1998-09-21;135,00;144,00;123,00;Geprueft
1998-09-22;119,00;134,00;111,00;Geprueft
1998-09-23;112,00;120,00;100,00;Geprueft
1998-09-24;101,00;108,00;95,00;Geprueft
1998-09-25;98,00;108,00;83,00;Geprueft
1998-09-26;93,00;99,00;85,00;Geprueft
1998-09-27;94,00;100,00;87,00;Geprueft
1998-09-28;99,00;104,00;93,00;Geprueft
1998-09-29;98,00;103,00;94,00;Geprueft
1998-09-30;95,00;98,00;94,00;Geprueft
1998-10-01;114,00;134,00;96,00;Geprueft
1998-10-02;136,00;163,00;121,00;Geprueft
1998-10-03;132,00;158,00;122,00;Geprueft
1998-10-04;128,00;140,00;121,00;Geprueft
1998-10-05;140,00;146,00;130,00;Geprueft
1998-10-06;127,00;141,00;118,00;Geprueft
1998-10-07;124,00;164,00;108,00;Geprueft
1998-10-08;226,00;254,00;164,00;Geprueft
1998-10-09;201,00;244,00;177,00;Geprueft
1998-10-10;161,00;177,00;150,00;Geprueft
1998-10-11;139,00;155,00;131,00;Geprueft
1998-10-12;137,00;146,00;132,00;Geprueft
1998-10-13;146,00;151,00;134,00;Geprueft
1998-10-14;136,00;143,00;124,00;Geprueft
1998-10-15;130,00;135,00;124,00;Geprueft
1998-10-16;128,00;132,00;123,00;Geprueft
1998-10-17;123,00;129,00;120,00;Geprueft
1998-10-18;125,00;129,00;123,00;Geprueft
1998-10-19;141,00;148,00;128,00;Geprueft
1998-10-20;127,00;134,00;118,00;Geprueft
1998-10-21;120,00;124,00;116,00;Geprueft
1998-10-22;115,00;120,00;101,00;Geprueft
1998-10-23;103,00;115,00;94,00;Geprueft
1998-10-24;108,00;117,00;101,00;Geprueft
1998-10-25;159,00;200,00;117,00;Geprueft
1998-10-26;221,00;241,00;200,00;Geprueft
1998-10-27;218,00;236,00;204,00;Geprueft
1998-10-28;223,00;234,00;213,00;Geprueft
1998-10-29;311,00;390,00;215,00;Geprueft
1998-10-30;447,00;478,00;390,00;Geprueft
1998-10-31;451,00;478,00;427,00;Geprueft
1998-11-01;412,00;427,00;403,00;Geprueft
1998-11-02;440,00;456,00;412,00;Geprueft
1998-11-03;376,00;412,00;360,00;Geprueft
1998-11-04;386,00;430,00;357,00;Geprueft
1998-11-05;408,00;432,00;371,00;Geprueft
1998-11-06;337,00;371,00;311,00;Geprueft
1998-11-07;286,00;311,00;263,00;Geprueft
1998-11-08;247,00;263,00;229,00;Geprueft
1998-11-09;247,00;280,00;228,00;Geprueft
1998-11-10;306,00;333,00;280,00;Geprueft
1998-11-11;413,00;436,00;333,00;Geprueft
1998-11-12;354,00;413,00;310,00;Geprueft
1998-11-13;286,00;310,00;264,00;Geprueft
1998-11-14;249,00;264,00;241,00;Geprueft
1998-11-15;253,00;271,00;244,00;Geprueft
1998-11-16;287,00;316,00;271,00;Geprueft
1998-11-17;302,00;318,00;281,00;Geprueft
1998-11-18;263,00;281,00;244,00;Geprueft
1998-11-19;232,00;244,00;216,00;Geprueft
1998-11-20;213,00;221,00;204,00;Geprueft
1998-11-21;199,00;205,00;189,00;Geprueft
1998-11-22;186,00;191,00;182,00;Geprueft
1998-11-23;180,00;183,00;175,00;Geprueft
1998-11-24;177,00;180,00;170,00;Geprueft
1998-11-25;165,00;170,00;162,00;Geprueft
1998-11-26;161,00;168,00;154,00;Geprueft
1998-11-27;159,00;165,00;155,00;Geprueft
1998-11-28;162,00;168,00;156,00;Geprueft
1998-11-29;159,00;164,00;154,00;Geprueft
1998-11-30;161,00;167,00;154,00;Geprueft
1998-12-01;152,00;162,00;145,00;Geprueft
1998-12-02;144,00;147,00;139,00;Geprueft
1998-12-03;143,00;147,00;138,00;Geprueft
1998-12-04;139,00;143,00;135,00;Geprueft
1998-12-05;137,00;140,00;133,00;Geprueft
1998-12-06;137,00;140,00;133,00;Geprueft
1998-12-07;134,00;135,00;132,00;Geprueft
1998-12-08;133,00;142,00;126,00;Geprueft
1998-12-09;129,00;136,00;121,00;Geprueft
1998-12-10;125,00;135,00;113,00;Geprueft
1998-12-11;138,00;147,00;128,00;Geprueft
1998-12-12;165,00;198,00;127,00;Geprueft
1998-12-13;252,00;377,00;178,00;Geprueft
1998-12-14;395,00;424,00;355,00;Geprueft
1998-12-15;331,00;355,00;317,00;Geprueft
1998-12-16;301,00;317,00;285,00;Geprueft
1998-12-17;265,00;285,00;249,00;Geprueft
1998-12-18;230,00;252,00;216,00;Geprueft
1998-12-19;212,00;219,00;205,00;Geprueft
1998-12-20;206,00;214,00;202,00;Geprueft
1998-12-21;203,00;213,00;195,00;Geprueft
1998-12-22;196,00;205,00;185,00;Geprueft
1998-12-23;179,00;186,00;170,00;Geprueft
1998-12-24;170,00;173,00;166,00;Geprueft
1998-12-25;166,00;174,00;160,00;Geprueft
1998-12-26;159,00;164,00;154,00;Geprueft
1998-12-27;158,00;164,00;154,00;Geprueft
1998-12-28;160,00;167,00;154,00;Geprueft
1998-12-29;161,00;171,00;155,00;Geprueft
1998-12-30;156,00;167,00;151,00;Geprueft
1998-12-31;151,00;155,00;147,00;Geprueft
1999-01-01;148,00;154,00;143,00;Geprueft
1999-01-02;144,00;151,00;136,00;Geprueft
1999-01-03;143,00;148,00;136,00;Geprueft
1999-01-04;147,00;157,00;141,00;Geprueft
1999-01-05;160,00;171,00;146,00;Geprueft
1999-01-06;163,00;169,00;158,00;Geprueft
1999-01-07;160,00;163,00;158,00;Geprueft
1999-01-08;187,00;237,00;160,00;Geprueft
1999-01-09;253,00;260,00;237,00;Geprueft
1999-01-10;232,00;255,00;214,00;Geprueft
1999-01-11;205,00;216,00;195,00;Geprueft
1999-01-12;186,00;201,00;175,00;Geprueft
1999-01-13;172,00;180,00;164,00;Geprueft
1999-01-14;165,00;168,00;160,00;Geprueft
1999-01-15;166,00;171,00;161,00;Geprueft
1999-01-16;167,00;171,00;162,00;Geprueft
1999-01-17;165,00;173,00;156,00;Geprueft
1999-01-18;155,00;164,00;143,00;Geprueft
1999-01-19;146,00;155,00;135,00;Geprueft
1999-01-20;143,00;146,00;140,00;Geprueft
1999-01-21;138,00;148,00;130,00;Geprueft
1999-01-22;129,00;137,00;122,00;Geprueft
1999-01-23;133,00;140,00;124,00;Geprueft
1999-01-24;132,00;139,00;127,00;Geprueft
1999-01-25;127,00;133,00;123,00;Geprueft
1999-01-26;125,00;138,00;116,00;Geprueft
1999-01-27;161,00;184,00;135,00;Geprueft
1999-01-28;176,00;187,00;168,00;Geprueft
1999-01-29;181,00;191,00;174,00;Geprueft
1999-01-30;166,00;174,00;154,00;Geprueft
1999-01-31;155,00;161,00;144,00;Geprueft
1999-02-01;144,00;152,00;132,00;Geprueft
1999-02-02;137,00;146,00;128,00;Geprueft
1999-02-03;142,00;148,00;135,00;Geprueft
1999-02-04;135,00;144,00;130,00;Geprueft
1999-02-05;176,00;217,00;138,00;Geprueft
1999-02-06;234,00;251,00;212,00;Geprueft
1999-02-07;220,00;228,00;209,00;Geprueft
1999-02-08;204,00;213,00;192,00;Geprueft
1999-02-09;183,00;193,00;173,00;Geprueft
1999-02-10;171,00;184,00;157,00;Geprueft
1999-02-11;162,00;172,00;154,00;Geprueft
1999-02-12;148,00;164,00;141,00;Geprueft
1999-02-13;144,00;154,00;139,00;Geprueft
1999-02-14;145,00;150,00;140,00;Geprueft
1999-02-15;140,00;148,00;133,00;Geprueft
1999-02-16;139,00;143,00;132,00;Geprueft
1999-02-17;138,00;144,00;132,00;Geprueft
1999-02-18;138,00;148,00;131,00;Geprueft
1999-02-19;145,00;176,00;136,00;Geprueft
1999-02-20;335,00;478,00;172,00;Geprueft
1999-02-21;513,00;535,00;478,00;Geprueft
1999-02-22;534,00;538,00;531,00;Geprueft
1999-02-23;509,00;532,00;476,00;Geprueft
1999-02-24;453,00;476,00;430,00;Geprueft
1999-02-25;392,00;430,00;356,00;Geprueft
1999-02-26;321,00;356,00;300,00;Geprueft
1999-02-27;290,00;303,00;275,00;Geprueft
1999-02-28;280,00;290,00;275,00;Geprueft
1999-03-01;275,00;279,00;270,00;Geprueft
1999-03-02;296,00;335,00;271,00;Geprueft
1999-03-03;367,00;380,00;335,00;Geprueft
1999-03-04;359,00;367,00;352,00;Geprueft
1999-03-05;362,00;366,00;358,00;Geprueft
1999-03-06;351,00;362,00;330,00;Geprueft
1999-03-07;309,00;330,00;292,00;Geprueft
1999-03-08;279,00;296,00;261,00;Geprueft
1999-03-09;285,00;326,00;263,00;Geprueft
1999-03-10;335,00;343,00;325,00;Geprueft
1999-03-11;341,00;368,00;327,00;Geprueft
1999-03-12;366,00;376,00;346,00;Geprueft
1999-03-13;341,00;347,00;329,00;Geprueft
1999-03-14;322,00;332,00;315,00;Geprueft
1999-03-15;309,00;317,00;299,00;Geprueft
1999-03-16;298,00;303,00;292,00;Geprueft
1999-03-17;292,00;296,00;285,00;Geprueft
1999-03-18;274,00;288,00;263,00;Geprueft
1999-03-19;256,00;264,00;249,00;Geprueft
1999-03-20;245,00;254,00;238,00;Geprueft
1999-03-21;230,00;240,00;219,00;Geprueft
1999-03-22;224,00;232,00;218,00;Geprueft
1999-03-23;229,00;236,00;222,00;Geprueft
1999-03-24;239,00;243,00;234,00;Geprueft
1999-03-25;235,00;244,00;219,00;Geprueft
1999-03-26;229,00;235,00;221,00;Geprueft
1999-03-27;225,00;230,00;216,00;Geprueft
1999-03-28;224,00;230,00;219,00;Geprueft
1999-03-29;220,00;223,00;214,00;Geprueft
1999-03-30;219,00;225,00;211,00;Geprueft
1999-03-31;213,00;218,00;208,00;Geprueft
1999-04-01;205,00;211,00;201,00;Geprueft
1999-04-02;206,00;209,00;204,00;Geprueft
1999-04-03;200,00;206,00;196,00;Geprueft
1999-04-04;205,00;219,00;200,00;Geprueft
1999-04-05;228,00;244,00;219,00;Geprueft
1999-04-06;241,00;261,00;231,00;Geprueft
1999-04-07;258,00;313,00;224,00;Geprueft
1999-04-08;325,00;332,00;310,00;Geprueft
1999-04-09;292,00;310,00;274,00;Geprueft
1999-04-10;260,00;275,00;242,00;Geprueft
1999-04-11;237,00;244,00;226,00;Geprueft
1999-04-12;232,00;241,00;226,00;Geprueft
1999-04-13;226,00;234,00;219,00;Geprueft
1999-04-14;222,00;231,00;214,00;Geprueft
1999-04-15;213,00;226,00;201,00;Geprueft
1999-04-16;206,00;212,00;200,00;Geprueft
1999-04-17;218,00;226,00;211,00;Geprueft
1999-04-18;226,00;238,00;213,00;Geprueft
1999-04-19;239,00;252,00;222,00;Geprueft
1999-04-20;236,00;245,00;225,00;Geprueft
1999-04-21;227,00;234,00;221,00;Geprueft
1999-04-22;230,00;235,00;223,00;Geprueft
1999-04-23;225,00;232,00;212,00;Geprueft
1999-04-24;221,00;226,00;210,00;Geprueft
1999-04-25;220,00;228,00;213,00;Geprueft
1999-04-26;217,00;225,00;211,00;Geprueft
1999-04-27;211,00;217,00;205,00;Geprueft
1999-04-28;212,00;217,00;205,00;Geprueft
1999-04-29;213,00;218,00;206,00;Geprueft
1999-04-30;223,00;248,00;207,00;Geprueft
1999-05-01;238,00;252,00;223,00;Geprueft
1999-05-02;214,00;225,00;207,00;Geprueft
1999-05-03;214,00;220,00;209,00;Geprueft
1999-05-04;216,00;231,00;206,00;Geprueft
1999-05-05;209,00;226,00;200,00;Geprueft
1999-05-06;207,00;224,00;192,00;Geprueft
1999-05-07;216,00;224,00;207,00;Geprueft
1999-05-08;217,00;233,00;205,00;Geprueft
1999-05-09;235,00;256,00;218,00;Geprueft
1999-05-10;230,00;240,00;220,00;Geprueft
1999-05-11;240,00;302,00;213,00;Geprueft
1999-05-12;351,00;438,00;301,00;Geprueft
1999-05-13;475,00;495,00;438,00;Geprueft
1999-05-14;500,00;505,00;495,00;Geprueft
1999-05-15;492,00;505,00;459,00;Geprueft
1999-05-16;401,00;459,00;352,00;Geprueft
1999-05-17;315,00;352,00;289,00;Geprueft
1999-05-18;276,00;289,00;269,00;Geprueft
1999-05-19;267,00;278,00;262,00;Geprueft
1999-05-20;257,00;265,00;251,00;Geprueft
1999-05-21;291,00;433,00;247,00;Geprueft
1999-05-22;503,00;530,00;433,00;Geprueft
1999-05-23;541,00;550,00;528,00;Geprueft
1999-05-24;548,00;552,00;527,00;Geprueft
1999-05-25;488,00;527,00;453,00;Geprueft
1999-05-26;429,00;453,00;395,00;Geprueft
1999-05-27;355,00;395,00;320,00;Geprueft
1999-05-28;306,00;320,00;285,00;Geprueft
1999-05-29;280,00;288,00;262,00;Geprueft
1999-05-30;259,00;263,00;252,00;Geprueft
1999-05-31;244,00;252,00;236,00;Geprueft
1999-06-01;241,00;257,00;231,00;Geprueft
1999-06-02;234,00;240,00;229,00;Geprueft
1999-06-03;265,00;287,00;230,00;Geprueft
1999-06-04;268,00;297,00;254,00;Geprueft
1999-06-05;269,00;300,00;235,00;Geprueft
1999-06-06;224,00;235,00;215,00;Geprueft
1999-06-07;220,00;227,00;216,00;Geprueft
1999-06-08;225,00;237,00;218,00;Geprueft
1999-06-09;268,00;293,00;237,00;Geprueft
1999-06-10;226,00;238,00;216,00;Geprueft
1999-06-11;264,00;313,00;219,00;Geprueft
1999-06-12;278,00;311,00;264,00;Geprueft
1999-06-13;239,00;264,00;227,00;Geprueft
1999-06-14;225,00;228,00;212,00;Geprueft
1999-06-15;225,00;251,00;205,00;Geprueft
1999-06-16;227,00;242,00;218,00;Geprueft
1999-06-17;211,00;222,00;198,00;Geprueft
1999-06-18;204,00;210,00;198,00;Geprueft
1999-06-19;210,00;219,00;203,00;Geprueft
1999-06-20;197,00;217,00;189,00;Geprueft
1999-06-21;200,00;219,00;188,00;Geprueft
1999-06-22;261,00;281,00;219,00;Geprueft
1999-06-23;260,00;281,00;233,00;Geprueft
1999-06-24;219,00;233,00;198,00;Geprueft
1999-06-25;191,00;199,00;181,00;Geprueft
1999-06-26;175,00;184,00;158,00;Geprueft
1999-06-27;172,00;180,00;160,00;Geprueft
1999-06-28;174,00;180,00;165,00;Geprueft
1999-06-29;171,00;181,00;164,00;Geprueft
1999-06-30;164,00;174,00;155,00;Geprueft
1999-07-01;162,00;170,00;154,00;Geprueft
1999-07-02;154,00;161,00;146,00;Geprueft
1999-07-03;149,00;155,00;142,00;Geprueft
1999-07-04;141,00;148,00;135,00;Geprueft
1999-07-05;140,00;149,00;132,00;Geprueft
1999-07-06;162,00;172,00;148,00;Geprueft
1999-07-07;154,00;160,00;147,00;Geprueft
1999-07-08;152,00;165,00;144,00;Geprueft
1999-07-09;165,00;172,00;151,00;Geprueft
1999-07-10;157,00;174,00;150,00;Geprueft
1999-07-11;195,00;214,00;172,00;Geprueft
1999-07-12;218,00;240,00;192,00;Geprueft
1999-07-13;233,00;252,00;211,00;Geprueft
1999-07-14;227,00;256,00;206,00;Geprueft
1999-07-15;272,00;297,00;253,00;Geprueft
1999-07-16;254,00;268,00;236,00;Geprueft
1999-07-17;210,00;236,00;194,00;Geprueft
1999-07-18;183,00;200,00;172,00;Geprueft
1999-07-19;166,00;173,00;157,00;Geprueft
1999-07-20;180,00;188,00;163,00;Geprueft
1999-07-21;171,00;188,00;156,00;Geprueft
1999-07-22;155,00;161,00;148,00;Geprueft
1999-07-23;162,00;180,00;148,00;Geprueft
1999-07-24;219,00;242,00;180,00;Geprueft
1999-07-25;183,00;210,00;159,00;Geprueft
1999-07-26;159,00;168,00;149,00;Geprueft
1999-07-27;145,00;150,00;139,00;Geprueft
1999-07-28;137,00;141,00;128,00;Geprueft
1999-07-29;134,00;140,00;128,00;Geprueft
1999-07-30;130,00;138,00;125,00;Geprueft
1999-07-31;124,00;131,00;118,00;Geprueft
1999-08-01;117,00;120,00;112,00;Geprueft
1999-08-02;115,00;119,00;112,00;Geprueft
1999-08-03;115,00;118,00;111,00;Geprueft
1999-08-04;111,00;126,00;86,00;Geprueft
1999-08-05;114,00;116,00;111,00;Geprueft
1999-08-06;114,00;117,00;110,00;Geprueft
1999-08-07;117,00;120,00;113,00;Geprueft
1999-08-08;115,00;120,00;108,00;Geprueft
1999-08-09;118,00;122,00;115,00;Geprueft
1999-08-10;125,00;165,00;111,00;Geprueft
1999-08-11;163,00;170,00;155,00;Geprueft
1999-08-12;158,00;174,00;139,00;Geprueft
1999-08-13;132,00;146,00;123,00;Geprueft
1999-08-14;121,00;128,00;114,00;Geprueft
1999-08-15;119,00;126,00;115,00;Geprueft
1999-08-16;128,00;143,00;115,00;Geprueft
1999-08-17;139,00;150,00;129,00;Geprueft
1999-08-18;142,00;151,00;130,00;Geprueft
1999-08-19;134,00;138,00;132,00;Geprueft
1999-08-20;137,00;161,00;132,00;Geprueft
1999-08-21;152,00;170,00;125,00;Geprueft
1999-08-22;129,00;134,00;118,00;Geprueft
1999-08-23;118,00;122,00;110,00;Geprueft
1999-08-24;115,00;121,00;110,00;Geprueft
1999-08-25;112,00;116,00;108,00;Geprueft
1999-08-26;111,00;114,00;105,00;Geprueft
1999-08-27;105,00;119,00;93,00;Geprueft
1999-08-28;114,00;126,00;107,00;Geprueft
1999-08-29;120,00;126,00;113,00;Geprueft
1999-08-30;115,00;123,00;108,00;Geprueft
1999-08-31;107,00;111,00;102,00;Geprueft
1999-09-01;103,00;108,00;96,00;Geprueft
1999-09-02;97,00;105,00;91,00;Geprueft
1999-09-03;95,00;100,00;92,00;Geprueft
1999-09-04;96,00;104,00;87,00;Geprueft
1999-09-05;92,00;98,00;83,00;Geprueft
1999-09-06;97,00;101,00;93,00;Geprueft
1999-09-07;97,00;101,00;93,00;Geprueft
1999-09-08;111,00;126,00;101,00;Geprueft
1999-09-09;101,00;106,00;91,00;Geprueft
1999-09-10;91,00;97,00;80,00;Geprueft
1999-09-11;91,00;96,00;87,00;Geprueft
1999-09-12;88,00;94,00;84,00;Geprueft
1999-09-13;84,00;88,00;80,00;Geprueft
1999-09-14;89,00;92,00;83,00;Geprueft
1999-09-15;84,00;88,00;79,00;Geprueft
1999-09-16;83,00;90,00;78,00;Geprueft
1999-09-17;85,00;95,00;77,00;Geprueft
1999-09-18;107,00;129,00;78,00;Geprueft
1999-09-19;95,00;101,00;82,00;Geprueft
1999-09-20;86,00;91,00;80,00;Geprueft
1999-09-21;95,00;102,00;91,00;Geprueft
1999-09-22;94,00;103,00;78,00;Geprueft
1999-09-23;88,00;99,00;78,00;Geprueft
1999-09-24;90,00;96,00;84,00;Geprueft
1999-09-25;92,00;99,00;84,00;Geprueft
1999-09-26;105,00;148,00;83,00;Geprueft
1999-09-27;180,00;196,00;147,00;Geprueft
1999-09-28;142,00;162,00;126,00;Geprueft
1999-09-29;153,00;167,00;137,00;Geprueft
1999-09-30;152,00;157,00;149,00;Geprueft
1999-10-01;161,00;168,00;150,00;Geprueft
1999-10-02;146,00;166,00;129,00;Geprueft
1999-10-03;134,00;157,00;128,00;Geprueft
1999-10-04;165,00;188,00;150,00;Geprueft
1999-10-05;181,00;198,00;162,00;Geprueft
1999-10-06;168,00;178,00;149,00;Geprueft
1999-10-07;147,00;156,00;131,00;Geprueft
1999-10-08;129,00;137,00;124,00;Geprueft
1999-10-09;125,00;129,00;122,00;Geprueft
1999-10-10;120,00;124,00;115,00;Geprueft
1999-10-11;117,00;122,00;110,00;Geprueft
1999-10-12;111,00;116,00;106,00;Geprueft
1999-10-13;109,00;112,00;107,00;Geprueft
1999-10-14;107,00;112,00;102,00;Geprueft
1999-10-15;99,00;105,00;93,00;Geprueft
1999-10-16;94,00;99,00;91,00;Geprueft
1999-10-17;95,00;100,00;91,00;Geprueft
1999-10-18;95,00;102,00;89,00;Geprueft
1999-10-19;93,00;100,00;87,00;Geprueft
1999-10-20;93,00;96,00;91,00;Geprueft
1999-10-21;97,00;104,00;87,00;Geprueft
1999-10-22;89,00;94,00;84,00;Geprueft
1999-10-23;89,00;94,00;84,00;Geprueft
1999-10-24;87,00;93,00;82,00;Geprueft
1999-10-25;88,00;92,00;80,00;Geprueft
1999-10-26;85,00;91,00;78,00;Geprueft
1999-10-27;94,00;104,00;86,00;Geprueft
1999-10-28;85,00;93,00;77,00;Geprueft
1999-10-29;96,00;106,00;87,00;Geprueft
1999-10-30;99,00;108,00;80,00;Geprueft
1999-10-31;90,00;98,00;86,00;Geprueft
1999-11-01;90,00;99,00;84,00;Geprueft
1999-11-02;95,00;100,00;90,00;Geprueft
1999-11-03;93,00;109,00;86,00;Geprueft
1999-11-04;109,00;114,00;104,00;Geprueft
1999-11-05;107,00;117,00;98,00;Geprueft
1999-11-06;99,00;107,00;94,00;Geprueft
1999-11-07;109,00;118,00;99,00;Geprueft
1999-11-08;105,00;114,00;98,00;Geprueft
1999-11-09;100,00;115,00;88,00;Geprueft
1999-11-10;198,00;254,00;115,00;Geprueft
1999-11-11;237,00;262,00;208,00;Geprueft
1999-11-12;194,00;213,00;170,00;Geprueft
1999-11-13;165,00;172,00;153,00;Geprueft
1999-11-14;150,00;154,00;146,00;Geprueft
1999-11-15;142,00;149,00;137,00;Geprueft
1999-11-16;134,00;137,00;126,00;Geprueft
1999-11-17;122,00;126,00;119,00;Geprueft
1999-11-18;123,00;129,00;119,00;Geprueft
1999-11-19;121,00;123,00;117,00;Geprueft
1999-11-20;119,00;122,00;117,00;Geprueft
1999-11-21;114,00;119,00;110,00;Geprueft
1999-11-22;110,00;114,00;107,00;Geprueft
1999-11-23;114,00;118,00;105,00;Geprueft
1999-11-24;111,00;117,00;101,00;Geprueft
1999-11-25;110,00;117,00;104,00;Geprueft
1999-11-26;112,00;116,00;107,00;Geprueft
1999-11-27;110,00;114,00;106,00;Geprueft
1999-11-28;110,00;114,00;107,00;Geprueft
1999-11-29;109,00;112,00;105,00;Geprueft
1999-11-30;104,00;107,00;100,00;Geprueft
1999-12-01;102,00;111,00;97,00;Geprueft
1999-12-02;118,00;171,00;101,00;Geprueft
1999-12-03;193,00;202,00;171,00;Geprueft
1999-12-04;171,00;185,00;160,00;Geprueft
1999-12-05;210,00;240,00;176,00;Geprueft
1999-12-06;198,00;217,00;181,00;Geprueft
1999-12-07;173,00;181,00;165,00;Geprueft
1999-12-08;164,00;180,00;159,00;Geprueft
1999-12-09;181,00;190,00;172,00;Geprueft
1999-12-10;165,00;174,00;159,00;Geprueft
1999-12-11;156,00;161,00;149,00;Geprueft
1999-12-12;155,00;162,00;149,00;Geprueft
1999-12-13;172,00;190,00;159,00;Geprueft
1999-12-14;184,00;197,00;169,00;Geprueft
1999-12-15;215,00;240,00;197,00;Geprueft
1999-12-16;201,00;210,00;182,00;Geprueft
1999-12-17;173,00;182,00;162,00;Geprueft
1999-12-18;163,00;187,00;156,00;Geprueft
1999-12-19;312,00;417,00;187,00;Geprueft
1999-12-20;380,00;423,00;322,00;Geprueft
1999-12-21;306,00;322,00;300,00;Geprueft
1999-12-22;272,00;301,00;243,00;Geprueft
1999-12-23;219,00;243,00;198,00;Geprueft
1999-12-24;198,00;202,00;191,00;Geprueft
1999-12-25;193,00;224,00;183,00;Geprueft
1999-12-26;307,00;346,00;224,00;Geprueft
1999-12-27;364,00;392,00;331,00;Geprueft
1999-12-28;391,00;406,00;361,00;Geprueft
1999-12-29;327,00;361,00;298,00;Geprueft
1999-12-30;273,00;298,00;249,00;Geprueft
1999-12-31;236,00;251,00;223,00;Geprueft
2000-01-01;215,00;223,00;202,00;Geprueft
2000-01-02;209,00;214,00;205,00;Geprueft
2000-01-03;216,00;224,00;210,00;Geprueft
2000-01-04;201,00;211,00;195,00;Geprueft
2000-01-05;194,00;211,00;187,00;Geprueft
2000-01-06;220,00;229,00;204,00;Geprueft
2000-01-07;203,00;207,00;195,00;Geprueft
2000-01-08;192,00;198,00;181,00;Geprueft
2000-01-09;184,00;188,00;180,00;Geprueft
2000-01-10;189,00;193,00;184,00;Geprueft
2000-01-11;185,00;187,00;179,00;Geprueft
2000-01-12;179,00;187,00;171,00;Geprueft
2000-01-13;174,00;176,00;170,00;Geprueft
2000-01-14;167,00;171,00;161,00;Geprueft
2000-01-15;159,00;168,00;152,00;Geprueft
2000-01-16;152,00;156,00;148,00;Geprueft
2000-01-17;149,00;153,00;146,00;Geprueft
2000-01-18;148,00;155,00;146,00;Geprueft
2000-01-19;157,00;162,00;152,00;Geprueft
2000-01-20;151,00;158,00;140,00;Geprueft
2000-01-21;141,00;147,00;136,00;Geprueft
2000-01-22;143,00;147,00;138,00;Geprueft
2000-01-23;144,00;147,00;140,00;Geprueft
2000-01-24;141,00;148,00;128,00;Geprueft
2000-01-25;131,00;139,00;123,00;Geprueft
2000-01-26;122,00;132,00;114,00;Geprueft
2000-01-27;121,00;132,00;110,00;Geprueft
2000-01-28;121,00;125,00;117,00;Geprueft
2000-01-29;124,00;128,00;119,00;Geprueft
2000-01-30;196,00;295,00;126,00;Geprueft
2000-01-31;350,00;376,00;295,00;Geprueft
2000-02-01;327,00;344,00;308,00;Geprueft
2000-02-02;291,00;309,00;271,00;Geprueft
2000-02-03;256,00;271,00;244,00;Geprueft
2000-02-04;238,00;263,00;220,00;Geprueft
2000-02-05;218,00;223,00;211,00;Geprueft
2000-02-06;209,00;214,00;201,00;Geprueft
2000-02-07;198,00;207,00;190,00;Geprueft
2000-02-08;194,00;203,00;187,00;Geprueft
2000-02-09;266,00;338,00;200,00;Geprueft
2000-02-10;288,00;331,00;268,00;Geprueft
2000-02-11;262,00;271,00;250,00;Geprueft
2000-02-12;258,00;272,00;235,00;Geprueft
2000-02-13;226,00;235,00;216,00;Geprueft
2000-02-14;238,00;250,00;226,00;Geprueft
2000-02-15;241,00;258,00;234,00;Geprueft
2000-02-16;269,00;276,00;258,00;Geprueft
2000-02-17;274,00;292,00;253,00;Geprueft
2000-02-18;251,00;268,00;241,00;Geprueft
2000-02-19;255,00;293,00;237,00;Geprueft
2000-02-20;301,00;306,00;293,00;Geprueft
2000-02-21;285,00;299,00;273,00;Geprueft
2000-02-22;259,00;273,00;244,00;Geprueft
2000-02-23;233,00;244,00;220,00;Geprueft
2000-02-24;216,00;231,00;205,00;Geprueft
2000-02-25;217,00;229,00;210,00;Geprueft
2000-02-26;248,00;261,00;226,00;Geprueft
2000-02-27;242,00;259,00;234,00;Geprueft
2000-02-28;225,00;237,00;218,00;Geprueft
2000-02-29;217,00;221,00;210,00;Geprueft
2000-03-01;232,00;263,00;219,00;Geprueft
2000-03-02;270,00;275,00;263,00;Geprueft
2000-03-03;264,00;274,00;254,00;Geprueft
2000-03-04;258,00;271,00;248,00;Geprueft
2000-03-05;267,00;278,00;256,00;Geprueft
2000-03-06;248,00;259,00;242,00;Geprueft
2000-03-07;228,00;243,00;222,00;Geprueft
2000-03-08;214,00;222,00;208,00;Geprueft
2000-03-09;222,00;247,00;203,00;Geprueft
2000-03-10;256,00;265,00;246,00;Geprueft
2000-03-11;258,00;269,00;244,00;Geprueft
2000-03-12;235,00;245,00;226,00;Geprueft
2000-03-13;220,00;230,00;211,00;Geprueft
2000-03-14;206,00;213,00;201,00;Geprueft
2000-03-15;226,00;248,00;204,00;Geprueft
2000-03-16;234,00;249,00;222,00;Geprueft
2000-03-17;230,00;245,00;215,00;Geprueft
2000-03-18;330,00;399,00;245,00;Geprueft
2000-03-19;390,00;410,00;354,00;Geprueft
2000-03-20;320,00;354,00;291,00;Geprueft
2000-03-21;274,00;291,00;251,00;Geprueft
2000-03-22;244,00;253,00;230,00;Geprueft
2000-03-23;229,00;236,00;222,00;Geprueft
2000-03-24;215,00;222,00;208,00;Geprueft
2000-03-25;219,00;226,00;213,00;Geprueft
2000-03-26;214,00;218,00;208,00;Geprueft
2000-03-27;217,00;236,00;208,00;Geprueft
2000-03-28;245,00;254,00;234,00;Geprueft
2000-03-29;229,00;234,00;220,00;Geprueft
2000-03-30;263,00;330,00;220,00;Geprueft
2000-03-31;339,00;351,00;317,00;Geprueft
2000-04-01;297,00;317,00;287,00;Geprueft
2000-04-02;286,00;296,00;269,00;Geprueft
2000-04-03;260,00;272,00;248,00;Geprueft
2000-04-04;233,00;248,00;212,00;Geprueft
2000-04-05;218,00;227,00;210,00;Geprueft
2000-04-06;236,00;249,00;217,00;Geprueft
2000-04-07;227,00;245,00;209,00;Geprueft
2000-04-08;204,00;209,00;197,00;Geprueft
2000-04-09;195,00;200,00;190,00;Geprueft
2000-04-10;188,00;195,00;185,00;Geprueft
2000-04-11;185,00;189,00;181,00;Geprueft
2000-04-12;190,00;199,00;184,00;Geprueft
2000-04-13;205,00;209,00;197,00;Geprueft
2000-04-14;199,00;207,00;194,00;Geprueft
2000-04-15;189,00;197,00;186,00;Geprueft
2000-04-16;185,00;194,00;180,00;Geprueft
2000-04-17;179,00;185,00;175,00;Geprueft
2000-04-18;185,00;194,00;177,00;Geprueft
2000-04-19;176,00;193,00;169,00;Geprueft
2000-04-20;167,00;177,00;163,00;Geprueft
2000-04-21;173,00;178,00;165,00;Geprueft
2000-04-22;184,00;196,00;173,00;Geprueft
2000-04-23;190,00;199,00;184,00;Geprueft
2000-04-24;196,00;199,00;189,00;Geprueft
2000-04-25;193,00;200,00;183,00;Geprueft
2000-04-26;182,00;192,00;171,00;Geprueft
2000-04-27;180,00;182,00;175,00;Geprueft
2000-04-28;184,00;188,00;176,00;Geprueft
2000-04-29;186,00;192,00;180,00;Geprueft
2000-04-30;189,00;194,00;182,00;Geprueft
2000-05-01;185,00;191,00;182,00;Geprueft
2000-05-02;204,00;219,00;189,00;Geprueft
2000-05-03;194,00;198,00;190,00;Geprueft
2000-05-04;201,00;209,00;193,00;Geprueft
2000-05-05;200,00;210,00;191,00;Geprueft
2000-05-06;190,00;199,00;184,00;Geprueft
2000-05-07;190,00;196,00;184,00;Geprueft
2000-05-08;179,00;189,00;173,00;Geprueft
2000-05-09;189,00;197,00;178,00;Geprueft
2000-05-10;183,00;189,00;178,00;Geprueft
2000-05-11;181,00;186,00;176,00;Geprueft
2000-05-12;197,00;230,00;178,00;Geprueft
2000-05-13;241,00;252,00;218,00;Geprueft
2000-05-14;205,00;218,00;186,00;Geprueft
2000-05-15;178,00;186,00;173,00;Geprueft
2000-05-16;180,00;185,00;176,00;Geprueft
2000-05-17;171,00;176,00;166,00;Geprueft
2000-05-18;187,00;198,00;175,00;Geprueft
2000-05-19;185,00;201,00;178,00;Geprueft
2000-05-20;182,00;204,00;163,00;Geprueft
2000-05-21;159,00;165,00;147,00;Geprueft
2000-05-22;157,00;171,00;146,00;Geprueft
2000-05-23;164,00;175,00;151,00;Geprueft
2000-05-24;144,00;152,00;137,00;Geprueft
2000-05-25;144,00;151,00;139,00;Geprueft
2000-05-26;142,00;148,00;136,00;Geprueft
2000-05-27;146,00;153,00;140,00;Geprueft
2000-05-28;141,00;152,00;137,00;Geprueft
2000-05-29;140,00;155,00;128,00;Geprueft
2000-05-30;151,00;155,00;144,00;Geprueft
2000-05-31;230,00;349,00;154,00;Geprueft
2000-06-01;354,00;383,00;284,00;Geprueft
2000-06-02;259,00;284,00;233,00;Geprueft
2000-06-03;222,00;234,00;210,00;Geprueft
2000-06-04;191,00;210,00;178,00;Geprueft
2000-06-05;187,00;194,00;178,00;Geprueft
2000-06-06;191,00;208,00;178,00;Geprueft
2000-06-07;202,00;213,00;185,00;Geprueft
2000-06-08;177,00;188,00;159,00;Geprueft
2000-06-09;156,00;161,00;147,00;Geprueft
2000-06-10;149,00;154,00;146,00;Geprueft
2000-06-11;146,00;153,00;137,00;Geprueft
2000-06-12;150,00;161,00;136,00;Geprueft
2000-06-13;150,00;157,00;134,00;Geprueft
2000-06-14;166,00;191,00;132,00;Geprueft
2000-06-15;189,00;226,00;159,00;Geprueft
2000-06-16;184,00;210,00;167,00;Geprueft
2000-06-17;151,00;167,00;139,00;Geprueft
2000-06-18;135,00;139,00;127,00;Geprueft
2000-06-19;125,00;131,00;115,00;Geprueft
2000-06-20;118,00;124,00;112,00;Geprueft
2000-06-21;118,00;123,00;113,00;Geprueft
2000-06-22;113,00;117,00;110,00;Geprueft
2000-06-23;119,00;126,00;112,00;Geprueft
2000-06-24;120,00;124,00;117,00;Geprueft
2000-06-25;115,00;120,00;112,00;Geprueft
2000-06-26;118,00;123,00;107,00;Geprueft
2000-06-27;106,00;119,00;93,00;Geprueft
2000-06-28;99,00;105,00;91,00;Geprueft
2000-06-29;97,00;102,00;92,00;Geprueft
2000-06-30;99,00;102,00;94,00;Geprueft
2000-07-01;93,00;100,00;87,00;Geprueft
2000-07-02;97,00;105,00;86,00;Geprueft
2000-07-03;117,00;133,00;97,00;Geprueft
2000-07-04;143,00;153,00;126,00;Geprueft
2000-07-05;138,00;142,00;130,00;Geprueft
2000-07-06;122,00;139,00;112,00;Geprueft
2000-07-07;111,00;132,00;102,00;Geprueft
2000-07-08;150,00;165,00;132,00;Geprueft
2000-07-09;178,00;189,00;161,00;Geprueft
2000-07-10;170,00;186,00;154,00;Geprueft
2000-07-11;156,00;177,00;145,00;Geprueft
2000-07-12;213,00;250,00;177,00;Geprueft
2000-07-13;213,00;248,00;196,00;Geprueft
2000-07-14;192,00;223,00;174,00;Geprueft
2000-07-15;258,00;318,00;223,00;Geprueft
2000-07-16;312,00;351,00;260,00;Geprueft
2000-07-17;248,00;266,00;221,00;Geprueft
2000-07-18;205,00;221,00;196,00;Geprueft
2000-07-19;174,00;196,00;161,00;Geprueft
2000-07-20;152,00;161,00;140,00;Geprueft
2000-07-21;137,00;141,00;131,00;Geprueft
2000-07-22;125,00;131,00;116,00;Geprueft
2000-07-23;118,00;123,00;114,00;Geprueft
2000-07-24;116,00;122,00;114,00;Geprueft
2000-07-25;137,00;160,00;112,00;Geprueft
2000-07-26;141,00;147,00;132,00;Geprueft
2000-07-27;142,00;149,00;132,00;Geprueft
2000-07-28;143,00;167,00;128,00;Geprueft
2000-07-29;223,00;251,00;167,00;Geprueft
2000-07-30;238,00;253,00;213,00;Geprueft
2000-07-31;213,00;224,00;187,00;Geprueft
2000-08-01;169,00;187,00;152,00;Geprueft
2000-08-02;144,00;152,00;139,00;Geprueft
2000-08-03;135,00;155,00;127,00;Geprueft
2000-08-04;173,00;192,00;155,00;Geprueft
2000-08-05;161,00;176,00;146,00;Geprueft
2000-08-06;225,00;393,00;159,00;Geprueft
2000-08-07;454,00;485,00;393,00;Geprueft
2000-08-08;401,00;488,00;297,00;Geprueft
2000-08-09;265,00;297,00;232,00;Geprueft
2000-08-10;212,00;235,00;183,00;Geprueft
2000-08-11;174,00;184,00;159,00;Geprueft
2000-08-12;155,00;161,00;140,00;Geprueft
2000-08-13;142,00;145,00;137,00;Geprueft
2000-08-14;131,00;137,00;118,00;Geprueft
2000-08-15;117,00;123,00;110,00;Geprueft
2000-08-16;119,00;122,00;110,00;Geprueft
2000-08-17;114,00;122,00;107,00;Geprueft
2000-08-18;128,00;145,00;118,00;Geprueft
2000-08-19;128,00;137,00;118,00;Geprueft
2000-08-20;113,00;121,00;106,00;Geprueft
2000-08-21;112,00;128,00;102,00;Geprueft
2000-08-22;162,00;180,00;128,00;Geprueft
2000-08-23;149,00;167,00;132,00;Geprueft
2000-08-24;122,00;132,00;117,00;Geprueft
2000-08-25;114,00;119,00;111,00;Geprueft
2000-08-26;105,00;112,00;102,00;Geprueft
2000-08-27;104,00;107,00;100,00;Geprueft
2000-08-28;109,00;119,00;103,00;Geprueft
2000-08-29;116,00;130,00;102,00;Geprueft
2000-08-30;101,00;105,00;94,00;Geprueft
2000-08-31;112,00;125,00;94,00;Geprueft
2000-09-01;135,00;151,00;110,00;Geprueft
2000-09-02;141,00;159,00;119,00;Geprueft
2000-09-03;125,00;133,00;114,00;Geprueft
2000-09-04;170,00;199,00;133,00;Geprueft
2000-09-05;188,00;210,00;169,00;Geprueft
2000-09-06;153,00;169,00;141,00;Geprueft
2000-09-07;161,00;205,00;142,00;Geprueft
2000-09-08;184,00;206,00;153,00;Geprueft
2000-09-09;144,00;157,00;132,00;Geprueft
2000-09-10;127,00;132,00;123,00;Geprueft
2000-09-11;114,00;125,00;108,00;Geprueft
2000-09-12;113,00;117,00;108,00;Geprueft
2000-09-13;112,00;115,00;109,00;Geprueft
2000-09-14;119,00;128,00;108,00;Geprueft
2000-09-15;107,00;110,00;102,00;Geprueft
2000-09-16;102,00;106,00;98,00;Geprueft
2000-09-17;118,00;124,00;101,00;Geprueft
2000-09-18;120,00;122,00;117,00;Geprueft
2000-09-19;109,00;120,00;102,00;Geprueft
2000-09-20;104,00;110,00;96,00;Geprueft
2000-09-21;193,00;397,00;96,00;Geprueft
2000-09-22;469,00;491,00;397,00;Geprueft
2000-09-23;389,00;479,00;285,00;Geprueft
2000-09-24;251,00;285,00;200,00;Geprueft
2000-09-25;195,00;208,00;180,00;Geprueft
2000-09-26;165,00;181,00;155,00;Geprueft
2000-09-27;154,00;160,00;142,00;Geprueft
2000-09-28;142,00;152,00;130,00;Geprueft
2000-09-29;134,00;144,00;128,00;Geprueft
2000-09-30;130,00;136,00;126,00;Geprueft
2000-10-01;120,00;126,00;110,00;Geprueft
2000-10-02;124,00;139,00;114,00;Geprueft
2000-10-03;154,00;163,00;139,00;Geprueft
2000-10-04;139,00;148,00;129,00;Geprueft
2000-10-05;128,00;132,00;123,00;Geprueft
2000-10-06;132,00;168,00;115,00;Geprueft
2000-10-07;182,00;191,00;168,00;Geprueft
2000-10-08;171,00;177,00;160,00;Geprueft
2000-10-09;154,00;160,00;151,00;Geprueft
2000-10-10;149,00;154,00;146,00;Geprueft
2000-10-11;142,00;146,00;137,00;Geprueft
2000-10-12;195,00;233,00;144,00;Geprueft
2000-10-13;206,00;230,00;188,00;Geprueft
2000-10-14;171,00;188,00;153,00;Geprueft
2000-10-15;151,00;161,00;142,00;Geprueft
2000-10-16;141,00;147,00;136,00;Geprueft
2000-10-17;133,00;141,00;119,00;Geprueft
2000-10-18;127,00;133,00;119,00;Geprueft
2000-10-19;124,00;129,00;120,00;Geprueft
2000-10-20;124,00;131,00;118,00;Geprueft
2000-10-21;117,00;124,00;112,00;Geprueft
2000-10-22;115,00;118,00;112,00;Geprueft
2000-10-23;111,00;117,00;103,00;Geprueft
2000-10-24;110,00;115,00;105,00;Geprueft
2000-10-25;109,00;112,00;106,00;Geprueft
2000-10-26;105,00;109,00;103,00;Geprueft
2000-10-27;117,00;127,00;103,00;Geprueft
2000-10-28;130,00;135,00;117,00;Geprueft
2000-10-29;113,00;118,00;103,00;Geprueft
2000-10-30;105,00;110,00;102,00;Geprueft
2000-10-31;116,00;130,00;103,00;Geprueft
2000-11-01;131,00;138,00;116,00;Geprueft
2000-11-02;120,00;125,00;114,00;Geprueft
2000-11-03;111,00;119,00;107,00;Geprueft
2000-11-04;112,00;120,00;107,00;Geprueft
2000-11-05;115,00;120,00;112,00;Geprueft
2000-11-06;112,00;121,00;108,00;Geprueft
2000-11-07;125,00;132,00;117,00;Geprueft
2000-11-08;124,00;132,00;111,00;Geprueft
2000-11-09;114,00;118,00;109,00;Geprueft
2000-11-10;110,00;114,00;101,00;Geprueft
2000-11-11;109,00;114,00;102,00;Geprueft
2000-11-12;105,00;107,00;102,00;Geprueft
2000-11-13;102,00;114,00;93,00;Geprueft
2000-11-14;108,00;125,00;101,00;Geprueft
2000-11-15;148,00;165,00;120,00;Geprueft
2000-11-16;141,00;156,00;130,00;Geprueft
2000-11-17;146,00;163,00;130,00;Geprueft
2000-11-18;176,00;181,00;163,00;Geprueft
2000-11-19;159,00;174,00;142,00;Geprueft
2000-11-20;146,00;148,00;138,00;Geprueft
2000-11-21;149,00;157,00;143,00;Geprueft
2000-11-22;150,00;157,00;138,00;Geprueft
2000-11-23;142,00;152,00;133,00;Geprueft
2000-11-24;135,00;139,00;130,00;Geprueft
2000-11-25;143,00;154,00;130,00;Geprueft
2000-11-26;154,00;160,00;148,00;Geprueft
2000-11-27;148,00;152,00;143,00;Geprueft
2000-11-28;148,00;153,00;143,00;Geprueft
2000-11-29;160,00;166,00;152,00;Geprueft
2000-11-30;146,00;152,00;142,00;Geprueft
2000-12-01;140,00;146,00;135,00;Geprueft
2000-12-02;133,00;136,00;126,00;Geprueft
2000-12-03;128,00;131,00;125,00;Geprueft
2000-12-04;124,00;128,00;119,00;Geprueft
2000-12-05;121,00;126,00;116,00;Geprueft
2000-12-06;113,00;118,00;106,00;Geprueft
2000-12-07;107,00;115,00;99,00;Geprueft
2000-12-08;110,00;113,00;106,00;Geprueft
2000-12-09;110,00;114,00;106,00;Geprueft
2000-12-10;113,00;119,00;105,00;Geprueft
2000-12-11;112,00;114,00;109,00;Geprueft
2000-12-12;113,00;118,00;108,00;Geprueft
2000-12-13;113,00;116,00;110,00;Geprueft
2000-12-14;109,00;117,00;101,00;Geprueft
2000-12-15;107,00;131,00;101,00;Geprueft
2000-12-16;125,00;131,00;123,00;Geprueft
2000-12-17;118,00;123,00;112,00;Geprueft
2000-12-18;114,00;118,00;109,00;Geprueft
2000-12-19;125,00;138,00;111,00;Geprueft
2000-12-20;135,00;142,00;126,00;Geprueft
2000-12-21;128,00;132,00;120,00;Geprueft
2000-12-22;120,00;126,00;113,00;Geprueft
2000-12-23;111,00;122,00;103,00;Geprueft
2000-12-24;108,00;113,00;105,00;Geprueft
2000-12-25;106,00;113,00;104,00;Geprueft
2000-12-26;107,00;112,00;105,00;Geprueft
2000-12-27;109,00;113,00;101,00;Geprueft
2000-12-28;104,00;109,00;97,00;Geprueft
2000-12-29;105,00;110,00;97,00;Geprueft
2000-12-30;104,00;110,00;101,00;Geprueft
2000-12-31;101,00;104,00;95,00;Geprueft
2001-01-01;96,00;104,00;91,00;Geprueft
2001-01-02;114,00;146,00;88,00;Geprueft
2001-01-03;146,00;153,00;140,00;Geprueft
2001-01-04;154,00;162,00;140,00;Geprueft
2001-01-05;143,00;158,00;137,00;Geprueft
2001-01-06;205,00;241,00;152,00;Geprueft
2001-01-07;284,00;310,00;241,00;Geprueft
2001-01-08;308,00;317,00;292,00;Geprueft
2001-01-09;276,00;293,00;244,00;Geprueft
2001-01-10;227,00;244,00;205,00;Geprueft
2001-01-11;208,00;212,00;199,00;Geprueft
2001-01-12;211,00;221,00;199,00;Geprueft
2001-01-13;199,00;211,00;184,00;Geprueft
2001-01-14;178,00;186,00;167,00;Geprueft
2001-01-15;163,00;169,00;155,00;Geprueft
2001-01-16;150,00;155,00;144,00;Geprueft
2001-01-17;147,00;153,00;138,00;Geprueft
2001-01-18;137,00;143,00;131,00;Geprueft
2001-01-19;136,00;139,00;131,00;Geprueft
2001-01-20;131,00;134,00;125,00;Geprueft
2001-01-21;127,00;133,00;123,00;Geprueft
2001-01-22;128,00;131,00;124,00;Geprueft
2001-01-23;135,00;140,00;130,00;Geprueft
2001-01-24;135,00;146,00;128,00;Geprueft
2001-01-25;176,00;209,00;145,00;Geprueft
2001-01-26;193,00;208,00;183,00;Geprueft
2001-01-27;186,00;201,00;174,00;Geprueft
2001-01-28;168,00;176,00;159,00;Geprueft
2001-01-29;153,00;159,00;149,00;Geprueft
2001-01-30;144,00;151,00;136,00;Geprueft
2001-01-31;141,00;144,00;138,00;Geprueft
2001-02-01;135,00;145,00;130,00;Geprueft
2001-02-02;130,00;133,00;127,00;Geprueft
2001-02-03;135,00;148,00;129,00;Geprueft
2001-02-04;200,00;294,00;143,00;Geprueft
2001-02-05;303,00;326,00;276,00;Geprueft
2001-02-06;281,00;289,00;269,00;Geprueft
2001-02-07;257,00;269,00;244,00;Geprueft
2001-02-08;233,00;247,00;218,00;Geprueft
2001-02-09;210,00;233,00;203,00;Geprueft
2001-02-10;196,00;205,00;180,00;Geprueft
2001-02-11;177,00;181,00;165,00;Geprueft
2001-02-12;165,00;175,00;157,00;Geprueft
2001-02-13;160,00;167,00;154,00;Geprueft
2001-02-14;155,00;163,00;152,00;Geprueft
2001-02-15;153,00;159,00;146,00;Geprueft
2001-02-16;143,00;147,00;139,00;Geprueft
2001-02-17;140,00;144,00;136,00;Geprueft
2001-02-18;137,00;142,00;130,00;Geprueft
2001-02-19;135,00;138,00;131,00;Geprueft
2001-02-20;133,00;136,00;130,00;Geprueft
2001-02-21;130,00;135,00;125,00;Geprueft
2001-02-22;128,00;141,00;122,00;Geprueft
2001-02-23;149,00;178,00;135,00;Geprueft
2001-02-24;183,00;198,00;167,00;Geprueft
2001-02-25;160,00;170,00;151,00;Geprueft
2001-02-26;150,00;155,00;137,00;Geprueft
2001-02-27;137,00;142,00;134,00;Geprueft
2001-02-28;135,00;138,00;132,00;Geprueft
2001-03-01;130,00;136,00;124,00;Geprueft
2001-03-02;129,00;134,00;124,00;Geprueft
2001-03-03;134,00;156,00;126,00;Geprueft
2001-03-04;207,00;268,00;156,00;Geprueft
2001-03-05;338,00;371,00;268,00;Geprueft
2001-03-06;308,00;345,00;268,00;Geprueft
2001-03-07;243,00;268,00;224,00;Geprueft
2001-03-08;230,00;235,00;221,00;Geprueft
2001-03-09;279,00;348,00;233,00;Geprueft
2001-03-10;331,00;354,00;299,00;Geprueft
2001-03-11;297,00;313,00;289,00;Geprueft
2001-03-12;339,00;363,00;313,00;Geprueft
2001-03-13;403,00;436,00;363,00;Geprueft
2001-03-14;418,00;435,00;409,00;Geprueft
2001-03-15;414,00;419,00;404,00;Geprueft
2001-03-16;388,00;404,00;369,00;Geprueft
2001-03-17;355,00;369,00;347,00;Geprueft
2001-03-18;342,00;348,00;337,00;Geprueft
2001-03-19;323,00;340,00;308,00;Geprueft
2001-03-20;288,00;308,00;275,00;Geprueft
2001-03-21;325,00;395,00;279,00;Geprueft
2001-03-22;441,00;458,00;395,00;Geprueft
2001-03-23;463,00;470,00;452,00;Geprueft
2001-03-24;459,00;468,00;452,00;Geprueft
2001-03-25;473,00;489,00;464,00;Geprueft
2001-03-26;479,00;489,00;462,00;Geprueft
2001-03-27;429,00;462,00;392,00;Geprueft
2001-03-28;360,00;392,00;337,00;Geprueft
2001-03-29;316,00;337,00;297,00;Geprueft
2001-03-30;295,00;302,00;288,00;Geprueft
2001-03-31;285,00;294,00;266,00;Geprueft
2001-04-01;259,00;269,00;242,00;Geprueft
2001-04-02;240,00;247,00;235,00;Geprueft
2001-04-03;230,00;238,00;225,00;Geprueft
2001-04-04;222,00;229,00;210,00;Geprueft
2001-04-05;227,00;230,00;224,00;Geprueft
2001-04-06;218,00;230,00;209,00;Geprueft
2001-04-07;224,00;253,00;209,00;Geprueft
2001-04-08;264,00;282,00;244,00;Geprueft
2001-04-09;243,00;254,00;235,00;Geprueft
2001-04-10;242,00;256,00;236,00;Geprueft
2001-04-11;275,00;294,00;256,00;Geprueft
2001-04-12;269,00;276,00;262,00;Geprueft
2001-04-13;254,00;271,00;241,00;Geprueft
2001-04-14;226,00;241,00;216,00;Geprueft
2001-04-15;214,00;231,00;207,00;Geprueft
2001-04-16;247,00;269,00;231,00;Geprueft
2001-04-17;271,00;278,00;263,00;Geprueft
2001-04-18;252,00;264,00;235,00;Geprueft
2001-04-19;235,00;245,00;224,00;Geprueft
2001-04-20;233,00;243,00;223,00;Geprueft
2001-04-21;226,00;241,00;220,00;Geprueft
2001-04-22;246,00;263,00;236,00;Geprueft
2001-04-23;268,00;274,00;256,00;Geprueft
2001-04-24;270,00;286,00;251,00;Geprueft
2001-04-25;249,00;254,00;240,00;Geprueft
2001-04-26;252,00;265,00;240,00;Geprueft
2001-04-27;243,00;252,00;239,00;Geprueft
2001-04-28;229,00;241,00;222,00;Geprueft
2001-04-29;225,00;234,00;220,00;Geprueft
2001-04-30;223,00;228,00;218,00;Geprueft
2001-05-01;222,00;228,00;216,00;Geprueft
2001-05-02;218,00;226,00;212,00;Geprueft
2001-05-03;216,00;221,00;211,00;Geprueft
2001-05-04;209,00;217,00;197,00;Geprueft
2001-05-05;200,00;203,00;197,00;Geprueft
2001-05-06;218,00;232,00;199,00;Geprueft
2001-05-07;212,00;225,00;193,00;Geprueft
2001-05-08;201,00;207,00;195,00;Geprueft
2001-05-09;187,00;197,00;181,00;Geprueft
2001-05-10;191,00;198,00;186,00;Geprueft
2001-05-11;191,00;197,00;183,00;Geprueft
2001-05-12;182,00;187,00;174,00;Geprueft
2001-05-13;175,00;179,00;169,00;Geprueft
2001-05-14;172,00;178,00;165,00;Geprueft
2001-05-15;186,00;196,00;178,00;Geprueft
2001-05-16;182,00;188,00;174,00;Geprueft
2001-05-17;184,00;188,00;180,00;Geprueft
2001-05-18;215,00;253,00;185,00;Geprueft
2001-05-19;245,00;257,00;215,00;Geprueft
2001-05-20;208,00;220,00;195,00;Geprueft
2001-05-21;188,00;196,00;181,00;Geprueft
2001-05-22;180,00;192,00;172,00;Geprueft
2001-05-23;171,00;175,00;162,00;Geprueft
2001-05-24;168,00;172,00;163,00;Geprueft
2001-05-25;168,00;175,00;163,00;Geprueft
2001-05-26;169,00;180,00;157,00;Geprueft
2001-05-27;159,00;164,00;154,00;Geprueft
2001-05-28;150,00;160,00;141,00;Geprueft
2001-05-29;151,00;159,00;144,00;Geprueft
2001-05-30;150,00;158,00;144,00;Geprueft
2001-05-31;152,00;165,00;143,00;Geprueft
2001-06-01;167,00;183,00;152,00;Geprueft
2001-06-02;145,00;155,00;138,00;Geprueft
2001-06-03;170,00;235,00;139,00;Geprueft
2001-06-04;207,00;236,00;180,00;Geprueft
2001-06-05;172,00;185,00;160,00;Geprueft
2001-06-06;159,00;183,00;152,00;Geprueft
2001-06-07;195,00;215,00;170,00;Geprueft
2001-06-08;165,00;173,00;153,00;Geprueft
2001-06-09;186,00;201,00;168,00;Geprueft
2001-06-10;260,00;335,00;197,00;Geprueft
2001-06-11;368,00;382,00;335,00;Geprueft
2001-06-12;297,00;362,00;240,00;Geprueft
2001-06-13;218,00;240,00;203,00;Geprueft
2001-06-14;193,00;207,00;176,00;Geprueft
2001-06-15;171,00;177,00;158,00;Geprueft
2001-06-16;172,00;188,00;158,00;Geprueft
2001-06-17;200,00;215,00;182,00;Geprueft
2001-06-18;227,00;264,00;210,00;Geprueft
2001-06-19;326,00;358,00;264,00;Geprueft
2001-06-20;292,00;357,00;235,00;Geprueft
2001-06-21;216,00;235,00;192,00;Geprueft
2001-06-22;184,00;196,00;173,00;Geprueft
2001-06-23;166,00;175,00;151,00;Geprueft
2001-06-24;157,00;166,00;146,00;Geprueft
2001-06-25;146,00;152,00;142,00;Geprueft
2001-06-26;135,00;146,00;128,00;Geprueft
2001-06-27;135,00;144,00;130,00;Geprueft
2001-06-28;161,00;177,00;133,00;Geprueft
2001-06-29;160,00;178,00;152,00;Geprueft
2001-06-30;145,00;155,00;127,00;Geprueft
2001-07-01;137,00;153,00;125,00;Geprueft
2001-07-02;144,00;157,00;128,00;Geprueft
2001-07-03;125,00;148,00;112,00;Geprueft
2001-07-04;119,00;122,00;115,00;Geprueft
2001-07-05;117,00;122,00;114,00;Geprueft
2001-07-06;109,00;117,00;98,00;Geprueft
2001-07-07;113,00;124,00;102,00;Geprueft
2001-07-08;126,00;136,00;113,00;Geprueft
2001-07-09;116,00;127,00;109,00;Geprueft
2001-07-10;113,00;118,00;104,00;Geprueft
2001-07-11;105,00;108,00;101,00;Geprueft
2001-07-12;104,00;111,00;91,00;Geprueft
2001-07-13;114,00;135,00;94,00;Geprueft
2001-07-14;109,00;119,00;102,00;Geprueft
2001-07-15;105,00;142,00;99,00;Geprueft
2001-07-16;164,00;181,00;142,00;Geprueft
2001-07-17;154,00;163,00;140,00;Geprueft
2001-07-18;129,00;140,00;122,00;Geprueft
2001-07-19;128,00;143,00;118,00;Geprueft
2001-07-20;131,00;165,00;118,00;Geprueft
2001-07-21;203,00;236,00;161,00;Geprueft
2001-07-22;164,00;203,00;132,00;Geprueft
2001-07-23;129,00;141,00;112,00;Geprueft
2001-07-24;116,00;126,00;108,00;Geprueft
2001-07-25;108,00;115,00;101,00;Geprueft
2001-07-26;107,00;111,00;95,00;Geprueft
2001-07-27;99,00;108,00;89,00;Geprueft
2001-07-28;94,00;103,00;88,00;Geprueft
2001-07-29;91,00;98,00;88,00;Geprueft
2001-07-30;92,00;97,00;84,00;Geprueft
2001-07-31;93,00;101,00;84,00;Geprueft
2001-08-01;89,00;95,00;85,00;Geprueft
2001-08-02;85,00;90,00;79,00;Geprueft
2001-08-03;101,00;124,00;84,00;Geprueft
2001-08-04;133,00;147,00;111,00;Geprueft
2001-08-05;142,00;155,00;133,00;Geprueft
2001-08-06;128,00;152,00;109,00;Geprueft
2001-08-07;109,00;115,00;100,00;Geprueft
2001-08-08;101,00;108,00;95,00;Geprueft
2001-08-09;99,00;105,00;91,00;Geprueft
2001-08-10;122,00;159,00;96,00;Geprueft
2001-08-11;144,00;172,00;120,00;Geprueft
2001-08-12;113,00;123,00;102,00;Geprueft
2001-08-13;103,00;110,00;96,00;Geprueft
2001-08-14;93,00;98,00;85,00;Geprueft
2001-08-15;92,00;96,00;86,00;Geprueft
2001-08-16;84,00;93,00;81,00;Geprueft
2001-08-17;96,00;117,00;81,00;Geprueft
2001-08-18;96,00;104,00;85,00;Geprueft
2001-08-19;91,00;98,00;84,00;Geprueft
2001-08-20;92,00;100,00;85,00;Geprueft
2001-08-21;92,00;96,00;90,00;Geprueft
2001-08-22;88,00;94,00;74,00;Geprueft
2001-08-23;83,00;86,00;79,00;Geprueft
2001-08-24;81,00;85,00;73,00;Geprueft
2001-08-25;80,00;84,00;74,00;Geprueft
2001-08-26;76,00;83,00;68,00;Geprueft
2001-08-27;77,00;82,00;72,00;Geprueft
2001-08-28;93,00;106,00;79,00;Geprueft
2001-08-29;77,00;83,00;68,00;Geprueft
2001-08-30;75,00;84,00;66,00;Geprueft
2001-08-31;81,00;95,00;74,00;Geprueft
2001-09-01;99,00;106,00;87,00;Geprueft
2001-09-02;101,00;105,00;97,00;Geprueft
2001-09-03;100,00;106,00;87,00;Geprueft
2001-09-04;93,00;116,00;79,00;Geprueft
2001-09-05;132,00;158,00;109,00;Geprueft
2001-09-06;203,00;233,00;158,00;Geprueft
2001-09-07;163,00;194,00;137,00;Geprueft
2001-09-08;157,00;192,00;148,00;Geprueft
2001-09-09;277,00;349,00;192,00;Geprueft
2001-09-10;250,00;347,00;196,00;Geprueft
2001-09-11;184,00;199,00;167,00;Geprueft
2001-09-12;169,00;182,00;152,00;Geprueft
2001-09-13;153,00;163,00;142,00;Geprueft
2001-09-14;157,00;178,00;143,00;Geprueft
2001-09-15;200,00;223,00;178,00;Geprueft
2001-09-16;178,00;195,00;165,00;Geprueft
2001-09-17;231,00;252,00;194,00;Geprueft
2001-09-18;234,00;257,00;198,00;Geprueft
2001-09-19;191,00;201,00;177,00;Geprueft
2001-09-20;165,00;177,00;156,00;Geprueft
2001-09-21;162,00;187,00;155,00;Geprueft
2001-09-22;188,00;193,00;185,00;Geprueft
2001-09-23;186,00;201,00;177,00;Geprueft
2001-09-24;177,00;193,00;170,00;Geprueft
2001-09-25;163,00;177,00;152,00;Geprueft
2001-09-26;156,00;166,00;149,00;Geprueft
2001-09-27;156,00;167,00;142,00;Geprueft
2001-09-28;139,00;145,00;132,00;Geprueft
2001-09-29;123,00;132,00;119,00;Geprueft
2001-09-30;123,00;127,00;120,00;Geprueft
2001-10-01;123,00;126,00;119,00;Geprueft
2001-10-02;113,00;123,00;103,00;Geprueft
2001-10-03;113,00;117,00;100,00;Geprueft
2001-10-04;110,00;118,00;101,00;Geprueft
2001-10-05;119,00;122,00;112,00;Geprueft
2001-10-06;109,00;116,00;102,00;Geprueft
2001-10-07;107,00;112,00;103,00;Geprueft
2001-10-08;112,00;117,00;107,00;Geprueft
2001-10-09;110,00;115,00;104,00;Geprueft
2001-10-10;108,00;113,00;102,00;Geprueft
2001-10-11;103,00;112,00;99,00;Geprueft
2001-10-12;102,00;106,00;98,00;Geprueft
2001-10-13;95,00;100,00;93,00;Geprueft
2001-10-14;95,00;100,00;89,00;Geprueft
2001-10-15;94,00;101,00;87,00;Geprueft
2001-10-16;90,00;99,00;84,00;Geprueft
2001-10-17;91,00;99,00;85,00;Geprueft
2001-10-18;89,00;94,00;84,00;Geprueft
2001-10-19;85,00;90,00;80,00;Geprueft
2001-10-20;85,00;89,00;80,00;Geprueft
2001-10-21;97,00;108,00;80,00;Geprueft
2001-10-22;103,00;114,00;94,00;Geprueft
2001-10-23;96,00;102,00;88,00;Geprueft
2001-10-24;100,00;109,00;88,00;Geprueft
2001-10-25;127,00;142,00;105,00;Geprueft
2001-10-26;131,00;142,00;126,00;Geprueft
2001-10-27;115,00;130,00;101,00;Geprueft
2001-10-28;105,00;111,00;95,00;Geprueft
2001-10-29;98,00;102,00;88,00;Geprueft
2001-10-30;96,00;101,00;90,00;Geprueft
2001-10-31;92,00;99,00;84,00;Geprueft
2001-11-01;100,00;111,00;85,00;Geprueft
2001-11-02;104,00;112,00;90,00;Geprueft
2001-11-03;96,00;102,00;90,00;Geprueft
2001-11-04;91,00;98,00;85,00;Geprueft
2001-11-05;92,00;99,00;86,00;Geprueft
2001-11-06;91,00;97,00;80,00;Geprueft
2001-11-07;101,00;130,00;85,00;Geprueft
2001-11-08;189,00;230,00;130,00;Geprueft
2001-11-09;204,00;224,00;194,00;Geprueft
2001-11-10;172,00;199,00;165,00;Geprueft
2001-11-11;155,00;170,00;144,00;Geprueft
2001-11-12;138,00;149,00;132,00;Geprueft
2001-11-13;136,00;140,00;129,00;Geprueft
2001-11-14;135,00;141,00;129,00;Geprueft
2001-11-15;128,00;138,00;113,00;Geprueft
2001-11-16;122,00;130,00;115,00;Geprueft
2001-11-17;113,00;119,00;105,00;Geprueft
2001-11-18;110,00;116,00;102,00;Geprueft
2001-11-19;112,00;117,00;105,00;Geprueft
2001-11-20;112,00;122,00;103,00;Geprueft
2001-11-21;105,00;111,00;98,00;Geprueft
2001-11-22;106,00;111,00;98,00;Geprueft
2001-11-23;130,00;155,00;110,00;Geprueft
2001-11-24;136,00;143,00;126,00;Geprueft
2001-11-25;129,00;137,00;126,00;Geprueft
2001-11-26;196,00;242,00;137,00;Geprueft
2001-11-27;226,00;242,00;206,00;Geprueft
2001-11-28;213,00;227,00;198,00;Geprueft
2001-11-29;203,00;219,00;193,00;Geprueft
2001-11-30;213,00;254,00;193,00;Geprueft
2001-12-01;281,00;327,00;254,00;Geprueft
2001-12-02;352,00;374,00;327,00;Geprueft
2001-12-03;317,00;364,00;277,00;Geprueft
2001-12-04;257,00;277,00;239,00;Geprueft
2001-12-05;229,00;239,00;222,00;Geprueft
2001-12-06;240,00;253,00;228,00;Geprueft
2001-12-07;232,00;243,00;219,00;Geprueft
2001-12-08;203,00;219,00;189,00;Geprueft
2001-12-09;183,00;189,00;173,00;Geprueft
2001-12-10;170,00;178,00;161,00;Geprueft
2001-12-11;160,00;168,00;152,00;Geprueft
2001-12-12;154,00;161,00;147,00;Geprueft
2001-12-13;148,00;151,00;143,00;Geprueft
2001-12-14;141,00;150,00;135,00;Geprueft
2001-12-15;131,00;142,00;118,00;Geprueft
2001-12-16;126,00;132,00;120,00;Geprueft
2001-12-17;126,00;131,00;122,00;Geprueft
2001-12-18;122,00;128,00;117,00;Geprueft
2001-12-19;121,00;126,00;117,00;Geprueft
2001-12-20;119,00;132,00;109,00;Geprueft
2001-12-21;117,00;121,00;114,00;Geprueft
2001-12-22;115,00;121,00;109,00;Geprueft
2001-12-23;111,00;115,00;107,00;Geprueft
2001-12-24;109,00;116,00;103,00;Geprueft
2001-12-25;106,00;109,00;102,00;Geprueft
2001-12-26;112,00;129,00;100,00;Geprueft
2001-12-27;111,00;115,00;104,00;Geprueft
2001-12-28;112,00;118,00;107,00;Geprueft
2001-12-29;181,00;273,00;110,00;Geprueft
2001-12-30;373,00;420,00;273,00;Geprueft
2001-12-31;331,00;387,00;288,00;Geprueft
2002-01-01;283,00;296,00;247,00;Geprueft
2002-01-02;218,00;247,00;193,00;Geprueft
2002-01-03;188,00;195,00;176,00;Geprueft
2002-01-04;165,00;189,00;154,00;Geprueft
2002-01-05;153,00;166,00;144,00;Geprueft
2002-01-06;145,00;155,00;139,00;Geprueft
2002-01-07;138,00;143,00;131,00;Geprueft
2002-01-08;135,00;142,00;131,00;Geprueft
2002-01-09;132,00;135,00;124,00;Geprueft
2002-01-10;123,00;131,00;118,00;Geprueft
2002-01-11;120,00;126,00;112,00;Geprueft
2002-01-12;118,00;123,00;111,00;Geprueft
2002-01-13;116,00;119,00;112,00;Geprueft
2002-01-14;114,00;118,00;107,00;Geprueft
2002-01-15;113,00;121,00;107,00;Geprueft
2002-01-16;112,00;117,00;107,00;Geprueft
2002-01-17;106,00;112,00;100,00;Geprueft
2002-01-18;106,00;110,00;97,00;Geprueft
2002-01-19;106,00;109,00;102,00;Geprueft
2002-01-20;107,00;113,00;104,00;Geprueft
2002-01-21;132,00;161,00;110,00;Geprueft
2002-01-22;173,00;181,00;161,00;Geprueft
2002-01-23;170,00;178,00;162,00;Geprueft
2002-01-24;173,00;178,00;168,00;Geprueft
2002-01-25;187,00;208,00;174,00;Geprueft
2002-01-26;211,00;216,00;203,00;Geprueft
2002-01-27;208,00;218,00;198,00;Geprueft
2002-01-28;272,00;314,00;218,00;Geprueft
2002-01-29;265,00;284,00;260,00;Geprueft
2002-01-30;239,00;260,00;221,00;Geprueft
2002-01-31;207,00;223,00;192,00;Geprueft
2002-02-01;187,00;200,00;179,00;Geprueft
2002-02-02;168,00;180,00;164,00;Geprueft
2002-02-03;162,00;167,00;156,00;Geprueft
2002-02-04;152,00;159,00;147,00;Geprueft
2002-02-05;150,00;158,00;145,00;Geprueft
2002-02-06;150,00;157,00;144,00;Geprueft
2002-02-07;161,00;166,00;152,00;Geprueft
2002-02-08;164,00;174,00;152,00;Geprueft
2002-02-09;167,00;173,00;157,00;Geprueft
2002-02-10;183,00;192,00;172,00;Geprueft
2002-02-11;188,00;195,00;184,00;Geprueft
2002-02-12;179,00;189,00;171,00;Geprueft
2002-02-13;164,00;175,00;159,00;Geprueft
2002-02-14;183,00;193,00;162,00;Geprueft
2002-02-15;184,00;190,00;179,00;Geprueft
2002-02-16;178,00;183,00;171,00;Geprueft
2002-02-17;157,00;171,00;141,00;Geprueft
2002-02-18;142,00;148,00;138,00;Geprueft
2002-02-19;137,00;142,00;131,00;Geprueft
2002-02-20;145,00;176,00;137,00;Geprueft
2002-02-21;202,00;217,00;176,00;Geprueft
2002-02-22;204,00;216,00;196,00;Geprueft
2002-02-23;207,00;230,00;192,00;Geprueft
2002-02-24;233,00;239,00;228,00;Geprueft
2002-02-25;241,00;264,00;231,00;Geprueft
2002-02-26;296,00;320,00;264,00;Geprueft
2002-02-27;304,00;334,00;295,00;Geprueft
2002-02-28;374,00;406,00;334,00;Geprueft
2002-03-01;361,00;406,00;331,00;Geprueft
2002-03-02;324,00;331,00;317,00;Geprueft
2002-03-03;316,00;330,00;291,00;Geprueft
2002-03-04;269,00;291,00;253,00;Geprueft
2002-03-05;239,00;258,00;226,00;Geprueft
2002-03-06;216,00;232,00;207,00;Geprueft
2002-03-07;203,00;214,00;192,00;Geprueft
2002-03-08;192,00;200,00;182,00;Geprueft
2002-03-09;188,00;194,00;182,00;Geprueft
2002-03-10;181,00;185,00;173,00;Geprueft
2002-03-11;172,00;176,00;167,00;Geprueft
2002-03-12;166,00;175,00;160,00;Geprueft
2002-03-13;160,00;167,00;153,00;Geprueft
2002-03-14;156,00;161,00;149,00;Geprueft
2002-03-15;153,00;161,00;145,00;Geprueft
2002-03-16;150,00;156,00;140,00;Geprueft
2002-03-17;144,00;149,00;138,00;Geprueft
2002-03-18;142,00;160,00;134,00;Geprueft
2002-03-19;153,00;182,00;136,00;Geprueft
2002-03-20;338,00;469,00;182,00;Geprueft
2002-03-21;490,00;503,00;467,00;Geprueft
2002-03-22;484,00;509,00;463,00;Geprueft
2002-03-23;499,00;508,00;476,00;Geprueft
2002-03-24;432,00;476,00;387,00;Geprueft
2002-03-25;365,00;387,00;337,00;Geprueft
2002-03-26;303,00;337,00;273,00;Geprueft
2002-03-27;261,00;273,00;244,00;Geprueft
2002-03-28;233,00;244,00;218,00;Geprueft
2002-03-29;219,00;224,00;201,00;Geprueft
2002-03-30;206,00;210,00;199,00;Geprueft
2002-03-31;194,00;206,00;183,00;Geprueft
2002-04-01;189,00;199,00;181,00;Geprueft
2002-04-02;179,00;186,00;165,00;Geprueft
2002-04-03;178,00;182,00;171,00;Geprueft
2002-04-04;170,00;175,00;162,00;Geprueft
2002-04-05;164,00;168,00;161,00;Geprueft
2002-04-06;161,00;165,00;154,00;Geprueft
2002-04-07;151,00;156,00;142,00;Geprueft
2002-04-08;147,00;153,00;140,00;Geprueft
2002-04-09;141,00;146,00;136,00;Geprueft
2002-04-10;135,00;142,00;129,00;Geprueft
2002-04-11;137,00;141,00;131,00;Geprueft
2002-04-12;132,00;140,00;128,00;Geprueft
2002-04-13;136,00;141,00;129,00;Geprueft
2002-04-14;147,00;155,00;137,00;Geprueft
2002-04-15;148,00;155,00;142,00;Geprueft
2002-04-16;146,00;153,00;139,00;Geprueft
2002-04-17;133,00;142,00;120,00;Geprueft
2002-04-18;130,00;135,00;122,00;Geprueft
2002-04-19;123,00;132,00;116,00;Geprueft
2002-04-20;127,00;133,00;123,00;Geprueft
2002-04-21;120,00;130,00;113,00;Geprueft
2002-04-22;118,00;120,00;114,00;Geprueft
2002-04-23;120,00;124,00;114,00;Geprueft
2002-04-24;128,00;166,00;111,00;Geprueft
2002-04-25;198,00;226,00;166,00;Geprueft
2002-04-26;180,00;192,00;174,00;Geprueft
2002-04-27;205,00;243,00;179,00;Geprueft
2002-04-28;199,00;237,00;171,00;Geprueft
2002-04-29;162,00;173,00;151,00;Geprueft
2002-04-30;152,00;163,00;139,00;Geprueft
2002-05-01;142,00;162,00;126,00;Geprueft
2002-05-02;141,00;149,00;128,00;Geprueft
2002-05-03;140,00;148,00;127,00;Geprueft
2002-05-04;160,00;194,00;142,00;Geprueft
2002-05-05;205,00;211,00;193,00;Geprueft
2002-05-06;195,00;203,00;187,00;Geprueft
2002-05-07;184,00;197,00;173,00;Geprueft
2002-05-08;167,00;173,00;154,00;Geprueft
2002-05-09;161,00;167,00;154,00;Geprueft
2002-05-10;165,00;176,00;150,00;Geprueft
2002-05-11;169,00;179,00;161,00;Geprueft
2002-05-12;195,00;225,00;168,00;Geprueft
2002-05-13;210,00;226,00;199,00;Geprueft
2002-05-14;193,00;203,00;175,00;Geprueft
2002-05-15;175,00;188,00;156,00;Geprueft
2002-05-16;157,00;160,00;153,00;Geprueft
2002-05-17;152,00;162,00;142,00;Geprueft
2002-05-18;149,00;162,00;144,00;Geprueft
2002-05-19;321,00;397,00;162,00;Geprueft
2002-05-20;280,00;339,00;239,00;Geprueft
2002-05-21;211,00;239,00;186,00;Geprueft
2002-05-22;177,00;196,00;165,00;Geprueft
2002-05-23;167,00;172,00;160,00;Geprueft
2002-05-24;175,00;183,00;162,00;Geprueft
2002-05-25;166,00;182,00;150,00;Geprueft
2002-05-26;170,00;189,00;163,00;Geprueft
2002-05-27;171,00;187,00;155,00;Geprueft
2002-05-28;240,00;270,00;179,00;Geprueft
2002-05-29;235,00;252,00;214,00;Geprueft
2002-05-30;189,00;223,00;165,00;Geprueft
2002-05-31;166,00;180,00;154,00;Geprueft
2002-06-01;154,00;171,00;143,00;Geprueft
2002-06-02;144,00;159,00;136,00;Geprueft
2002-06-03;138,00;143,00;131,00;Geprueft
2002-06-04;135,00;146,00;128,00;Geprueft
2002-06-05;138,00;173,00;113,00;Geprueft
2002-06-06;197,00;221,00;173,00;Geprueft
2002-06-07;218,00;305,00;157,00;Geprueft
2002-06-08;310,00;346,00;272,00;Geprueft
2002-06-09;251,00;274,00;225,00;Geprueft
2002-06-10;260,00;311,00;230,00;Geprueft
2002-06-11;284,00;333,00;230,00;Geprueft
2002-06-12;211,00;233,00;166,00;Geprueft
2002-06-13;177,00;196,00;147,00;Geprueft
2002-06-14;158,00;173,00;148,00;Geprueft
2002-06-15;150,00;173,00;143,00;Geprueft
2002-06-16;142,00;166,00;122,00;Geprueft
2002-06-17;139,00;149,00;130,00;Geprueft
2002-06-18;130,00;142,00;124,00;Geprueft
2002-06-19;123,00;134,00;112,00;Geprueft
2002-06-20;123,00;134,00;108,00;Geprueft
2002-06-21;118,00;134,00;92,00;Geprueft
2002-06-22;127,00;160,00;106,00;Geprueft
2002-06-23;115,00;131,00;106,00;Geprueft
2002-06-24;160,00;207,00;115,00;Geprueft
2002-06-25;172,00;190,00;137,00;Geprueft
2002-06-26;138,00;155,00;129,00;Geprueft
2002-06-27;120,00;130,00;113,00;Geprueft
2002-06-28;119,00;147,00;110,00;Geprueft
2002-06-29;144,00;155,00;126,00;Geprueft
2002-06-30;121,00;145,00;116,00;Geprueft
2002-07-01;111,00;123,00;96,00;Geprueft
2002-07-02;108,00;115,00;90,00;Geprueft
2002-07-03;109,00;121,00;96,00;Geprueft
2002-07-04;132,00;192,00;98,00;Geprueft
2002-07-05;156,00;200,00;119,00;Geprueft
2002-07-06;129,00;137,00;116,00;Geprueft
2002-07-07;147,00;163,00;136,00;Geprueft
2002-07-08;127,00;143,00;103,00;Geprueft
2002-07-09;110,00;131,00;80,00;Geprueft
2002-07-10;120,00;133,00;100,00;Geprueft
2002-07-11;110,00;122,00;97,00;Geprueft
2002-07-12;100,00;111,00;93,00;Geprueft
2002-07-13;111,00;142,00;98,00;Geprueft
2002-07-14;136,00;154,00;126,00;Geprueft
2002-07-15;124,00;142,00;114,00;Geprueft
2002-07-16;140,00;164,00;113,00;Geprueft
2002-07-17;177,00;197,00;141,00;Geprueft
2002-07-18;234,00;295,00;183,00;Geprueft
2002-07-19;228,00;288,00;196,00;Geprueft
2002-07-20;165,00;198,00;148,00;Geprueft
2002-07-21;145,00;162,00;132,00;Geprueft
2002-07-22;136,00;147,00;128,00;Geprueft
2002-07-23;125,00;133,00;107,00;Geprueft
2002-07-24;109,00;114,00;103,00;Geprueft
2002-07-25;116,00;143,00;107,00;Geprueft
2002-07-26;162,00;170,00;143,00;Geprueft
2002-07-27;138,00;158,00;122,00;Geprueft
2002-07-28;118,00;130,00;110,00;Geprueft
2002-07-29;106,00;115,00;98,00;Geprueft
2002-07-30;100,00;111,00;92,00;Geprueft
2002-07-31;101,00;128,00;92,00;Geprueft
2002-08-01;210,00;238,00;128,00;Geprueft
2002-08-02;225,00;242,00;198,00;Geprueft
2002-08-03;173,00;203,00;153,00;Geprueft
2002-08-04;143,00;168,00;127,00;Geprueft
2002-08-05;194,00;229,00;155,00;Geprueft
2002-08-06;160,00;181,00;129,00;Geprueft
2002-08-07;183,00;230,00;147,00;Geprueft
2002-08-08;225,00;251,00;193,00;Geprueft
2002-08-09;171,00;193,00;138,00;Geprueft
2002-08-10;227,00;283,00;136,00;Geprueft
2002-08-11;389,00;481,00;246,00;Geprueft
2002-08-12;507,00;520,00;481,00;Geprueft
2002-08-13;529,00;534,00;520,00;Geprueft
2002-08-14;481,00;533,00;406,00;Geprueft
2002-08-15;337,00;406,00;282,00;Geprueft
2002-08-16;268,00;293,00;233,00;Geprueft
2002-08-17;225,00;246,00;178,00;Geprueft
2002-08-18;189,00;209,00;175,00;Geprueft
2002-08-19;174,00;187,00;156,00;Geprueft
2002-08-20;161,00;170,00;151,00;Geprueft
2002-08-21;225,00;261,00;151,00;Geprueft
2002-08-22;237,00;265,00;191,00;Geprueft
2002-08-23;181,00;202,00;151,00;Geprueft
2002-08-24;176,00;185,00;165,00;Geprueft
2002-08-25;153,00;166,00;145,00;Geprueft
2002-08-26;186,00;225,00;152,00;Geprueft
2002-08-27;223,00;262,00;191,00;Geprueft
2002-08-28;222,00;257,00;185,00;Geprueft
2002-08-29;175,00;194,00;152,00;Geprueft
2002-08-30;162,00;171,00;150,00;Geprueft
2002-08-31;146,00;158,00;135,00;Geprueft
2002-09-01;182,00;225,00;137,00;Geprueft
2002-09-02;234,00;260,00;200,00;Geprueft
2002-09-03;181,00;204,00;161,00;Geprueft
2002-09-04;170,00;190,00;145,00;Geprueft
2002-09-05;206,00;240,00;150,00;Geprueft
2002-09-06;180,00;213,00;134,00;Geprueft
2002-09-07;156,00;169,00;136,00;Geprueft
2002-09-08;150,00;158,00;139,00;Geprueft
2002-09-09;151,00;175,00;119,00;Geprueft
2002-09-10;174,00;218,00;144,00;Geprueft
2002-09-11;192,00;210,00;168,00;Geprueft
2002-09-12;161,00;180,00;145,00;Geprueft
2002-09-13;142,00;152,00;132,00;Geprueft
2002-09-14;134,00;142,00;128,00;Geprueft
2002-09-15;127,00;141,00;112,00;Geprueft
2002-09-16;122,00;130,00;114,00;Geprueft
2002-09-17;121,00;139,00;111,00;Geprueft
2002-09-18;119,00;136,00;101,00;Geprueft
2002-09-19;116,00;127,00;101,00;Geprueft
2002-09-20;145,00;171,00;120,00;Geprueft
2002-09-21;220,00;255,00;169,00;Geprueft
2002-09-22;187,00;204,00;171,00;Geprueft
2002-09-23;243,00;284,00;198,00;Geprueft
2002-09-24;320,00;425,00;266,00;Geprueft
2002-09-25;462,00;476,00;425,00;Geprueft
2002-09-26;411,00;451,00;374,00;Geprueft
2002-09-27;366,00;392,00;332,00;Geprueft
2002-09-28;324,00;334,00;306,00;Geprueft
2002-09-29;273,00;306,00;247,00;Geprueft
2002-09-30;233,00;247,00;216,00;Geprueft
2002-10-01;210,00;224,00;183,00;Geprueft
2002-10-02;192,00;208,00;181,00;Geprueft
2002-10-03;183,00;195,00;170,00;Geprueft
2002-10-04;176,00;181,00;172,00;Geprueft
2002-10-05;185,00;194,00;176,00;Geprueft
2002-10-06;222,00;304,00;177,00;Geprueft
2002-10-07;329,00;347,00;304,00;Geprueft
2002-10-08;271,00;322,00;228,00;Geprueft
2002-10-09;219,00;243,00;189,00;Geprueft
2002-10-10;196,00;209,00;182,00;Geprueft
2002-10-11;184,00;204,00;171,00;Geprueft
2002-10-12;170,00;180,00;162,00;Geprueft
2002-10-13;169,00;185,00;158,00;Geprueft
2002-10-14;170,00;183,00;156,00;Geprueft
2002-10-15;192,00;219,00;162,00;Geprueft
2002-10-16;211,00;219,00;193,00;Geprueft
2002-10-17;233,00;286,00;196,00;Geprueft
2002-10-18;325,00;360,00;282,00;Geprueft
2002-10-19;319,00;330,00;311,00;Geprueft
2002-10-20;296,00;317,00;268,00;Geprueft
2002-10-21;259,00;282,00;239,00;Geprueft
2002-10-22;238,00;247,00;216,00;Geprueft
2002-10-23;229,00;240,00;218,00;Geprueft
2002-10-24;228,00;243,00;215,00;Geprueft
2002-10-25;236,00;268,00;209,00;Geprueft
2002-10-26;289,00;300,00;268,00;Geprueft
2002-10-27;278,00;301,00;249,00;Geprueft
2002-10-28;258,00;268,00;247,00;Geprueft
2002-10-29;237,00;250,00;215,00;Geprueft
2002-10-30;214,00;232,00;206,00;Geprueft
2002-10-31;210,00;222,00;201,00;Geprueft
2002-11-01;216,00;228,00;200,00;Geprueft
2002-11-02;215,00;252,00;196,00;Geprueft
2002-11-03;326,00;400,00;252,00;Geprueft
2002-11-04;446,00;462,00;400,00;Geprueft
2002-11-05;459,00;465,00;453,00;Geprueft
2002-11-06;430,00;462,00;387,00;Geprueft
2002-11-07;365,00;387,00;343,00;Geprueft
2002-11-08;338,00;349,00;327,00;Geprueft
2002-11-09;318,00;333,00;308,00;Geprueft
2002-11-10;380,00;414,00;323,00;Geprueft
2002-11-11;374,00;437,00;350,00;Geprueft
2002-11-12;457,00;467,00;437,00;Geprueft
2002-11-13;415,00;443,00;393,00;Geprueft
2002-11-14;372,00;393,00;350,00;Geprueft
2002-11-15;344,00;359,00;327,00;Geprueft
2002-11-16;315,00;327,00;302,00;Geprueft
2002-11-17;320,00;336,00;308,00;Geprueft
2002-11-18;306,00;332,00;278,00;Geprueft
2002-11-19;301,00;350,00;277,00;Geprueft
2002-11-20;353,00;372,00;302,00;Geprueft
2002-11-21;306,00;331,00;281,00;Geprueft
2002-11-22;281,00;287,00;275,00;Geprueft
2002-11-23;281,00;288,00;276,00;Geprueft
2002-11-24;259,00;276,00;242,00;Geprueft
2002-11-25;237,00;245,00;227,00;Geprueft
2002-11-26;245,00;256,00;238,00;Geprueft
2002-11-27;287,00;303,00;256,00;Geprueft
2002-11-28;282,00;291,00;264,00;Geprueft
2002-11-29;284,00;337,00;265,00;Geprueft
2002-11-30;367,00;387,00;326,00;Geprueft
2002-12-01;308,00;332,00;288,00;Geprueft
2002-12-02;281,00;289,00;267,00;Geprueft
2002-12-03;269,00;280,00;260,00;Geprueft
2002-12-04;257,00;268,00;241,00;Geprueft
2002-12-05;240,00;252,00;227,00;Geprueft
2002-12-06;231,00;244,00;223,00;Geprueft
2002-12-07;220,00;229,00;198,00;Geprueft
2002-12-08;212,00;229,00;204,00;Geprueft
2002-12-09;202,00;210,00;157,00;Geprueft
2002-12-10;189,00;200,00;165,00;Geprueft
2002-12-11;184,00;193,00;161,00;Geprueft
2002-12-12;176,00;186,00;164,00;Geprueft
2002-12-13;172,00;184,00;163,00;Geprueft
2002-12-14;165,00;169,00;155,00;Geprueft
2002-12-15;163,00;174,00;153,00;Geprueft
2002-12-16;164,00;175,00;156,00;Geprueft
2002-12-17;222,00;274,00;162,00;Geprueft
2002-12-18;233,00;265,00;207,00;Geprueft
2002-12-19;203,00;222,00;190,00;Geprueft
2002-12-20;187,00;204,00;166,00;Geprueft
2002-12-21;211,00;248,00;185,00;Geprueft
2002-12-22;259,00;298,00;235,00;Geprueft
2002-12-23;346,00;379,00;298,00;Geprueft
2002-12-24;325,00;368,00;295,00;Geprueft
2002-12-25;280,00;295,00;254,00;Geprueft
2002-12-26;252,00;265,00;236,00;Geprueft
2002-12-27;230,00;236,00;208,00;Geprueft
2002-12-28;219,00;227,00;209,00;Geprueft
2002-12-29;245,00;277,00;219,00;Geprueft
2002-12-30;280,00;296,00;262,00;Geprueft
2002-12-31;282,00;293,00;268,00;Geprueft
2003-01-01;280,00;287,00;264,00;Geprueft
2003-01-02;281,00;302,00;275,00;Geprueft
2003-01-03;375,00;412,00;302,00;Geprueft
2003-01-04;382,00;439,00;362,00;Geprueft
2003-01-05;451,00;457,00;430,00;Geprueft
2003-01-06;390,00;430,00;354,00;Geprueft
2003-01-07;334,00;354,00;317,00;Geprueft
2003-01-08;291,00;319,00;258,00;Geprueft
2003-01-09;248,00;260,00;237,00;Geprueft
2003-01-10;234,00;247,00;224,00;Geprueft
2003-01-11;213,00;225,00;209,00;Geprueft
2003-01-12;203,00;217,00;165,00;Geprueft
2003-01-13;197,00;207,00;185,00;Geprueft
2003-01-14;191,00;203,00;184,00;Geprueft
2003-01-15;190,00;204,00;176,00;Geprueft
2003-01-16;189,00;203,00;177,00;Geprueft
2003-01-17;189,00;197,00;161,00;Geprueft
2003-01-18;183,00;199,00;160,00;Geprueft
2003-01-19;175,00;189,00;162,00;Geprueft
2003-01-20;170,00;180,00;158,00;Geprueft
2003-01-21;169,00;182,00;157,00;Geprueft
2003-01-22;166,00;175,00;159,00;Geprueft
2003-01-23;175,00;196,00;164,00;Geprueft
2003-01-24;201,00;217,00;179,00;Geprueft
2003-01-25;206,00;214,00;198,00;Geprueft
2003-01-26;188,00;199,00;180,00;Geprueft
2003-01-27;182,00;190,00;168,00;Geprueft
2003-01-28;224,00;277,00;179,00;Geprueft
2003-01-29;280,00;296,00;241,00;Geprueft
2003-01-30;239,00;259,00;232,00;Geprueft
2003-01-31;219,00;236,00;209,00;Geprueft
2003-02-01;198,00;209,00;169,00;Geprueft
2003-02-02;186,00;199,00;170,00;Geprueft
2003-02-03;188,00;201,00;177,00;Geprueft
2003-02-04;225,00;247,00;198,00;Geprueft
2003-02-05;226,00;240,00;206,00;Geprueft
2003-02-06;208,00;216,00;193,00;Geprueft
2003-02-07;189,00;201,00;171,00;Geprueft
2003-02-08;180,00;188,00;168,00;Geprueft
2003-02-09;176,00;184,00;172,00;Geprueft
2003-02-10;171,00;184,00;162,00;Geprueft
2003-02-11;168,00;177,00;153,00;Geprueft
2003-02-12;161,00;171,00;148,00;Geprueft
2003-02-13;157,00;171,00;141,00;Geprueft
2003-02-14;152,00;158,00;143,00;Geprueft
2003-02-15;146,00;164,00;134,00;Geprueft
2003-02-16;145,00;158,00;128,00;Geprueft
2003-02-17;140,00;155,00;133,00;Geprueft
2003-02-18;140,00;145,00;126,00;Geprueft
2003-02-19;137,00;141,00;129,00;Geprueft
2003-02-20;134,00;146,00;117,00;Geprueft
2003-02-21;132,00;140,00;128,00;Geprueft
2003-02-22;128,00;140,00;115,00;Geprueft
2003-02-23;127,00;137,00;123,00;Geprueft
2003-02-24;129,00;134,00;124,00;Geprueft
2003-02-25;127,00;138,00;119,00;Geprueft
2003-02-26;129,00;133,00;127,00;Geprueft
2003-02-27;126,00;138,00;116,00;Geprueft
2003-02-28;131,00;144,00;117,00;Geprueft
2003-03-01;137,00;144,00;124,00;Geprueft
2003-03-02;157,00;202,00;137,00;Geprueft
2003-03-03;250,00;280,00;202,00;Geprueft
2003-03-04;241,00;254,00;223,00;Geprueft
2003-03-05;210,00;223,00;195,00;Geprueft
2003-03-06;206,00;228,00;196,00;Geprueft
2003-03-07;223,00;242,00;208,00;Geprueft
2003-03-08;228,00;240,00;213,00;Geprueft
2003-03-09;203,00;217,00;182,00;Geprueft
2003-03-10;199,00;214,00;177,00;Geprueft
2003-03-11;193,00;201,00;176,00;Geprueft
2003-03-12;203,00;231,00;177,00;Geprueft
2003-03-13;225,00;235,00;208,00;Geprueft
2003-03-14;214,00;230,00;191,00;Geprueft
2003-03-15;190,00;209,00;182,00;Geprueft
2003-03-16;179,00;187,00;170,00;Geprueft
2003-03-17;164,00;173,00;140,00;Geprueft
2003-03-18;161,00;179,00;136,00;Geprueft
2003-03-19;155,00;169,00;139,00;Geprueft
2003-03-20;155,00;162,00;147,00;Geprueft
2003-03-21;147,00;160,00;126,00;Geprueft
2003-03-22;143,00;156,00;131,00;Geprueft
2003-03-23;140,00;145,00;134,00;Geprueft
2003-03-24;140,00;155,00;115,00;Geprueft
2003-03-25;139,00;153,00;129,00;Geprueft
2003-03-26;141,00;153,00;134,00;Geprueft
2003-03-27;138,00;153,00;126,00;Geprueft
2003-03-28;138,00;158,00;130,00;Geprueft
2003-03-29;139,00;145,00;136,00;Geprueft
2003-03-30;148,00;159,00;143,00;Geprueft
2003-03-31;150,00;174,00;136,00;Geprueft
2003-04-01;165,00;175,00;158,00;Geprueft
2003-04-02;154,00;176,00;144,00;Geprueft
2003-04-03;168,00;182,00;147,00;Geprueft
2003-04-04;147,00;156,00;134,00;Geprueft
2003-04-05;137,00;144,00;132,00;Geprueft
2003-04-06;134,00;142,00;127,00;Geprueft
2003-04-07;132,00;138,00;127,00;Geprueft
2003-04-08;123,00;132,00;113,00;Geprueft
2003-04-09;122,00;134,00;115,00;Geprueft
2003-04-10;122,00;137,00;106,00;Geprueft
2003-04-11;128,00;133,00;121,00;Geprueft
2003-04-12;122,00;134,00;103,00;Geprueft
2003-04-13;116,00;123,00;112,00;Geprueft
2003-04-14;117,00;132,00;104,00;Geprueft
2003-04-15;120,00;136,00;79,00;Geprueft
2003-04-16;122,00;136,00;112,00;Geprueft
2003-04-17;124,00;138,00;113,00;Geprueft
2003-04-18;125,00;147,00;99,00;Geprueft
2003-04-19;120,00;126,00;110,00;Geprueft
2003-04-20;114,00;140,00;89,00;Geprueft
2003-04-21;116,00;123,00;110,00;Geprueft
2003-04-22;120,00;139,00;112,00;Geprueft
2003-04-23;133,00;147,00;124,00;Geprueft
2003-04-24;120,00;137,00;106,00;Geprueft
2003-04-25;117,00;130,00;101,00;Geprueft
2003-04-26;118,00;135,00;97,00;Geprueft
2003-04-27;129,00;150,00;118,00;Geprueft
2003-04-28;134,00;153,00;122,00;Geprueft
2003-04-29;120,00;132,00;111,00;Geprueft
2003-04-30;122,00;163,00;99,00;Geprueft
2003-05-01;141,00;149,00;110,00;Geprueft
2003-05-02;127,00;146,00;104,00;Geprueft
2003-05-03;133,00;156,00;110,00;Geprueft
2003-05-04;128,00;140,00;108,00;Geprueft
2003-05-05;114,00;125,00;96,00;Geprueft
2003-05-06;117,00;130,00;108,00;Geprueft
2003-05-07;121,00;125,00;114,00;Geprueft
2003-05-08;117,00;132,00;97,00;Geprueft
2003-05-09;132,00;151,00;110,00;Geprueft
2003-05-10;125,00;142,00;107,00;Geprueft
2003-05-11;127,00;153,00;108,00;Geprueft
2003-05-12;132,00;150,00;116,00;Geprueft
2003-05-13;127,00;134,00;117,00;Geprueft
2003-05-14;139,00;148,00;130,00;Geprueft
2003-05-15;130,00;143,00;119,00;Geprueft
2003-05-16;113,00;124,00;104,00;Geprueft
2003-05-17;104,00;113,00;98,00;Geprueft
2003-05-18;102,00;110,00;97,00;Geprueft
2003-05-19;105,00;112,00;94,00;Geprueft
2003-05-20;123,00;148,00;101,00;Geprueft
2003-05-21;133,00;147,00;127,00;Geprueft
2003-05-22;129,00;138,00;119,00;Geprueft
2003-05-23;136,00;163,00;122,00;Geprueft
2003-05-24;142,00;160,00;117,00;Geprueft
2003-05-25;120,00;129,00;107,00;Geprueft
2003-05-26;117,00;127,00;112,00;Geprueft
2003-05-27;112,00;116,00;107,00;Geprueft
2003-05-28;115,00;140,00;99,00;Geprueft
2003-05-29;145,00;179,00;108,00;Geprueft
2003-05-30;137,00;154,00;117,00;Geprueft
2003-05-31;132,00;152,00;117,00;Geprueft
2003-06-01;135,00;146,00;117,00;Geprueft
2003-06-02;120,00;136,00;104,00;Geprueft
2003-06-03;111,00;122,00;103,00;Geprueft
2003-06-04;106,00;118,00;90,00;Geprueft
2003-06-05;103,00;116,00;89,00;Geprueft
2003-06-06;122,00;142,00;91,00;Geprueft
2003-06-07;113,00;122,00;93,00;Geprueft
2003-06-08;131,00;148,00;99,00;Geprueft
2003-06-09;111,00;127,00;104,00;Geprueft
2003-06-10;114,00;126,00;97,00;Geprueft
2003-06-11;98,00;104,00;84,00;Geprueft
2003-06-12;92,00;108,00;64,00;Geprueft
2003-06-13;103,00;146,00;84,00;Geprueft
2003-06-14;103,00;118,00;90,00;Geprueft
2003-06-15;113,00;124,00;106,00;Geprueft
2003-06-16;100,00;113,00;83,00;Geprueft
2003-06-17;94,00;102,00;84,00;Geprueft
2003-06-18;93,00;116,00;69,00;Geprueft
2003-06-19;101,00;110,00;82,00;Geprueft
2003-06-20;87,00;94,00;66,00;Geprueft
2003-06-21;81,00;89,00;71,00;Geprueft
2003-06-22;80,00;93,00;66,00;Geprueft
2003-06-23;81,00;97,00;75,00;Geprueft
2003-06-24;80,00;110,00;51,00;Geprueft
2003-06-25;78,00;93,00;65,00;Geprueft
2003-06-26;73,00;88,00;52,00;Geprueft
2003-06-27;79,00;98,00;68,00;Geprueft
2003-06-28;79,00;88,00;70,00;Geprueft
2003-06-29;73,00;86,00;62,00;Geprueft
2003-06-30;72,00;86,00;52,00;Geprueft
2003-07-01;89,00;126,00;54,00;Geprueft
2003-07-02;99,00;113,00;78,00;Geprueft
2003-07-03;96,00;111,00;72,00;Geprueft
2003-07-04;92,00;110,00;72,00;Geprueft
2003-07-05;92,00;99,00;87,00;Geprueft
2003-07-06;94,00;101,00;85,00;Geprueft
2003-07-07;83,00;101,00;61,00;Geprueft
2003-07-08;75,00;87,00;60,00;Geprueft
2003-07-09;73,00;83,00;59,00;Geprueft
2003-07-10;63,00;84,00;54,00;Geprueft
2003-07-11;69,00;87,00;63,00;Geprueft
2003-07-12;63,00;70,00;56,00;Geprueft
2003-07-13;60,00;63,00;57,00;Geprueft
2003-07-14;59,00;66,00;51,00;Geprueft
2003-07-15;61,00;67,00;54,00;Geprueft
2003-07-16;58,00;68,00;39,00;Geprueft
2003-07-17;97,00;145,00;58,00;Geprueft
2003-07-18;116,00;145,00;76,00;Geprueft
2003-07-19;80,00;98,00;68,00;Geprueft
2003-07-20;70,00;79,00;56,00;Geprueft
2003-07-21;64,00;81,00;57,00;Geprueft
2003-07-22;71,00;114,00;42,00;Geprueft
2003-07-23;72,00;87,00;43,00;Geprueft
2003-07-24;89,00;116,00;72,00;Geprueft
2003-07-25;102,00;133,00;81,00;Geprueft
2003-07-26;90,00;109,00;63,00;Geprueft
2003-07-27;73,00;96,00;60,00;Geprueft
2003-07-28;96,00;121,00;81,00;Geprueft
2003-07-29;94,00;105,00;66,00;Geprueft
2003-07-30;76,00;98,00;48,00;Geprueft
2003-07-31;72,00;80,00;66,00;Geprueft
2003-08-01;67,00;72,00;52,00;Geprueft
2003-08-02;66,00;75,00;52,00;Geprueft
2003-08-03;58,00;75,00;45,00;Geprueft
2003-08-04;57,00;79,00;39,00;Geprueft
2003-08-05;57,00;65,00;39,00;Geprueft
2003-08-06;52,00;83,00;39,00;Geprueft
2003-08-07;55,00;65,00;42,00;Geprueft
2003-08-08;50,00;55,00;40,00;Geprueft
2003-08-09;48,00;50,00;45,00;Geprueft
2003-08-10;53,00;57,00;43,00;Geprueft
2003-08-11;50,00;57,00;43,00;Geprueft
2003-08-12;47,00;57,00;39,00;Geprueft
2003-08-13;44,00;54,00;40,00;Geprueft
2003-08-14;50,00;64,00;39,00;Geprueft
2003-08-15;57,00;59,00;54,00;Geprueft
2003-08-16;60,00;72,00;55,00;Geprueft
2003-08-17;51,00;63,00;41,00;Geprueft
2003-08-18;51,00;58,00;41,00;Geprueft
2003-08-19;48,00;53,00;45,00;Geprueft
2003-08-20;50,00;54,00;42,00;Geprueft
2003-08-21;51,00;53,00;42,00;Geprueft
2003-08-22;50,00;54,00;44,00;Geprueft
2003-08-23;44,00;46,00;39,00;Geprueft
2003-08-24;43,00;47,00;39,00;Geprueft
2003-08-25;44,00;49,00;38,00;Geprueft
2003-08-26;42,00;47,00;39,00;Geprueft
2003-08-27;44,00;46,00;39,00;Geprueft
2003-08-28;44,00;47,00;38,00;Geprueft
2003-08-29;46,00;54,00;45,00;Geprueft
2003-08-30;65,00;91,00;38,00;Geprueft
2003-08-31;79,00;104,00;74,00;Geprueft
2003-09-01;98,00;110,00;80,00;Geprueft
2003-09-02;69,00;86,00;57,00;Geprueft
2003-09-03;60,00;67,00;53,00;Geprueft
2003-09-04;54,00;63,00;39,00;Geprueft
2003-09-05;50,00;57,00;43,00;Geprueft
2003-09-06;50,00;55,00;45,00;Geprueft
2003-09-07;48,00;57,00;45,00;Geprueft
2003-09-08;56,00;61,00;47,00;Geprueft
2003-09-09;52,00;62,00;38,00;Geprueft
2003-09-10;52,00;65,00;39,00;Geprueft
2003-09-11;53,00;67,00;40,00;Geprueft
2003-09-12;90,00;117,00;67,00;Geprueft
2003-09-13;79,00;108,00;66,00;Geprueft
2003-09-14;66,00;68,00;65,00;Geprueft
2003-09-15;68,00;75,00;62,00;Geprueft
2003-09-16;57,00;68,00;49,00;Geprueft
2003-09-17;51,00;53,00;46,00;Geprueft
2003-09-18;51,00;56,00;47,00;Geprueft
2003-09-19;47,00;58,00;44,00;Geprueft
2003-09-20;48,00;59,00;38,00;Geprueft
2003-09-21;42,00;53,00;38,00;Geprueft
2003-09-22;46,00;54,00;39,00;Geprueft
2003-09-23;42,00;47,00;38,00;Geprueft
2003-09-24;53,00;68,00;41,00;Geprueft
2003-09-25;53,00;58,00;46,00;Geprueft
2003-09-26;48,00;54,00;42,00;Geprueft
2003-09-27;46,00;48,00;43,00;Geprueft
2003-09-28;45,00;62,00;43,00;Geprueft
2003-09-29;50,00;63,00;43,00;Geprueft
2003-09-30;57,00;60,00;52,00;Geprueft
2003-10-01;48,00;59,00;41,00;Geprueft
2003-10-02;51,00;56,00;47,00;Geprueft
2003-10-03;50,00;66,00;44,00;Geprueft
2003-10-04;72,00;101,00;66,00;Geprueft
2003-10-05;140,00;209,00;101,00;Geprueft
2003-10-06;215,00;239,00;159,00;Geprueft
2003-10-07;167,00;178,00;156,00;Geprueft
2003-10-08;249,00;275,00;175,00;Geprueft
2003-10-09;240,00;309,00;204,00;Geprueft
2003-10-10;290,00;317,00;242,00;Geprueft
2003-10-11;206,00;242,00;168,00;Geprueft
2003-10-12;159,00;179,00;148,00;Geprueft
2003-10-13;131,00;153,00;102,00;Geprueft
2003-10-14;110,00;122,00;95,00;Geprueft
2003-10-15;104,00;116,00;88,00;Geprueft
2003-10-16;92,00;102,00;81,00;Geprueft
2003-10-17;85,00;110,00;66,00;Geprueft
2003-10-18;83,00;93,00;73,00;Geprueft
2003-10-19;73,00;80,00;60,00;Geprueft
2003-10-20;76,00;95,00;52,00;Geprueft
2003-10-21;78,00;91,00;68,00;Geprueft
2003-10-22;83,00;97,00;66,00;Geprueft
2003-10-23;74,00;92,00;50,00;Geprueft
2003-10-24;71,00;84,00;58,00;Geprueft
2003-10-25;69,00;79,00;52,00;Geprueft
2003-10-26;63,00;77,00;56,00;Geprueft
2003-10-27;69,00;75,00;60,00;Geprueft
2003-10-28;61,00;65,00;57,00;Geprueft
2003-10-29;64,00;67,00;59,00;Geprueft
2003-10-30;70,00;71,00;67,00;Geprueft
2003-10-31;71,00;82,00;63,00;Geprueft
2003-11-01;76,00;90,00;68,00;Geprueft
2003-11-02;84,00;100,00;77,00;Geprueft
2003-11-03;75,00;85,00;49,00;Geprueft
2003-11-04;74,00;79,00;65,00;Geprueft
2003-11-05;66,00;72,00;61,00;Geprueft
2003-11-06;68,00;75,00;61,00;Geprueft
2003-11-07;64,00;68,00;53,00;Geprueft
2003-11-08;60,00;65,00;53,00;Geprueft
2003-11-09;58,00;65,00;50,00;Geprueft
2003-11-10;60,00;68,00;55,00;Geprueft
2003-11-11;57,00;66,00;50,00;Geprueft
2003-11-12;56,00;63,00;47,00;Geprueft
2003-11-13;57,00;87,00;48,00;Geprueft
2003-11-14;102,00;117,00;84,00;Geprueft
2003-11-15;80,00;97,00;71,00;Geprueft
2003-11-16;74,00;88,00;68,00;Geprueft
2003-11-17;70,00;72,00;68,00;Geprueft
2003-11-18;79,00;88,00;71,00;Geprueft
2003-11-19;73,00;86,00;63,00;Geprueft
2003-11-20;67,00;71,00;61,00;Geprueft
2003-11-21;66,00;78,00;60,00;Geprueft
2003-11-22;55,00;61,00;44,00;Geprueft
2003-11-23;52,00;60,00;44,00;Geprueft
2003-11-24;61,00;69,00;54,00;Geprueft
2003-11-25;58,00;63,00;52,00;Geprueft
2003-11-26;59,00;63,00;52,00;Geprueft
2003-11-27;56,00;61,00;53,00;Geprueft
2003-11-28;71,00;90,00;59,00;Geprueft
2003-11-29;109,00;128,00;85,00;Geprueft
2003-11-30;111,00;128,00;88,00;Geprueft
2003-12-01;101,00;113,00;95,00;Geprueft
2003-12-02;96,00;115,00;86,00;Geprueft
2003-12-03;100,00;114,00;85,00;Geprueft
2003-12-04;88,00;102,00;60,00;Geprueft
2003-12-05;80,00;87,00;73,00;Geprueft
2003-12-06;73,00;79,00;65,00;Geprueft
2003-12-07;75,00;85,00;71,00;Geprueft
2003-12-08;74,00;88,00;41,00;Geprueft
2003-12-09;68,00;81,00;61,00;Geprueft
2003-12-10;54,00;67,00;46,00;Geprueft
2003-12-11;63,00;70,00;57,00;Geprueft
2003-12-12;56,00;63,00;51,00;Geprueft
2003-12-13;57,00;65,00;48,00;Geprueft
2003-12-14;78,00;106,00;65,00;Geprueft
2003-12-15;112,00;119,00;106,00;Geprueft
2003-12-16;100,00;113,00;76,00;Geprueft
2003-12-17;81,00;94,00;78,00;Geprueft
2003-12-18;80,00;90,00;70,00;Geprueft
2003-12-19;70,00;78,00;63,00;Geprueft
2003-12-20;67,00;75,00;60,00;Geprueft
2003-12-21;80,00;96,00;73,00;Geprueft
2003-12-22;113,00;124,00;96,00;Geprueft
2003-12-23;112,00;120,00;107,00;Geprueft
2003-12-24;94,00;107,00;83,00;Geprueft
2003-12-25;83,00;95,00;75,00;Geprueft
2003-12-26;76,00;83,00;71,00;Geprueft
2003-12-27;79,00;87,00;70,00;Geprueft
2003-12-28;75,00;84,00;69,00;Geprueft
2003-12-29;78,00;85,00;70,00;Geprueft
2003-12-30;74,00;84,00;68,00;Geprueft
2003-12-31;76,00;86,00;56,00;Geprueft
2004-01-01;80,00;83,00;66,00;Geprueft
2004-01-02;69,00;77,00;56,00;Geprueft
2004-01-03;69,00;74,00;62,00;Geprueft
2004-01-04;66,00;78,00;59,00;Geprueft
2004-01-05;65,00;71,00;56,00;Geprueft
2004-01-06;64,00;68,00;61,00;Geprueft
2004-01-07;74,00;85,00;64,00;Geprueft
2004-01-08;95,00;106,00;85,00;Geprueft
2004-01-09;112,00;143,00;93,00;Geprueft
2004-01-10;188,00;210,00;142,00;Geprueft
2004-01-11;176,00;200,00;160,00;Geprueft
2004-01-12;244,00;329,00;170,00;Geprueft
2004-01-13;355,00;406,00;328,00;Geprueft
2004-01-14;473,00;502,00;406,00;Geprueft
2004-01-15;465,00;495,00;440,00;Geprueft
2004-01-16;417,00;440,00;403,00;Geprueft
2004-01-17;383,00;403,00;365,00;Geprueft
2004-01-18;359,00;392,00;318,00;Geprueft
2004-01-19;293,00;318,00;263,00;Geprueft
2004-01-20;251,00;263,00;242,00;Geprueft
2004-01-21;236,00;250,00;216,00;Geprueft
2004-01-22;208,00;218,00;196,00;Geprueft
2004-01-23;185,00;201,00;173,00;Geprueft
2004-01-24;172,00;185,00;162,00;Geprueft
2004-01-25;160,00;170,00;147,00;Geprueft
2004-01-26;153,00;164,00;143,00;Geprueft
2004-01-27;147,00;156,00;131,00;Geprueft
2004-01-28;143,00;152,00;133,00;Geprueft
2004-01-29;137,00;143,00;130,00;Geprueft
2004-01-30;128,00;137,00;113,00;Geprueft
2004-01-31;124,00;130,00;116,00;Geprueft
2004-02-01;130,00;163,00;117,00;Geprueft
2004-02-02;194,00;207,00;163,00;Geprueft
2004-02-03;221,00;235,00;192,00;Geprueft
2004-02-04;206,00;224,00;190,00;Geprueft
2004-02-05;184,00;193,00;173,00;Geprueft
2004-02-06;172,00;179,00;163,00;Geprueft
2004-02-07;175,00;188,00;166,00;Geprueft
2004-02-08;207,00;228,00;175,00;Geprueft
2004-02-09;192,00;203,00;182,00;Geprueft
2004-02-10;178,00;186,00;165,00;Geprueft
2004-02-11;167,00;175,00;156,00;Geprueft
2004-02-12;166,00;171,00;156,00;Geprueft
2004-02-13;157,00;165,00;147,00;Geprueft
2004-02-14;151,00;155,00;144,00;Geprueft
2004-02-15;155,00;165,00;146,00;Geprueft
2004-02-16;156,00;161,00;152,00;Geprueft
2004-02-17;151,00;160,00;137,00;Geprueft
2004-02-18;142,00;152,00;135,00;Geprueft
2004-02-19;137,00;144,00;128,00;Geprueft
2004-02-20;127,00;134,00;118,00;Geprueft
2004-02-21;124,00;134,00;116,00;Geprueft
2004-02-22;121,00;130,00;115,00;Geprueft
2004-02-23;137,00;155,00;127,00;Geprueft
2004-02-24;135,00;141,00;126,00;Geprueft
2004-02-25;123,00;132,00;105,00;Geprueft
2004-02-26;120,00;130,00;109,00;Geprueft
2004-02-27;122,00;130,00;110,00;Geprueft
2004-02-28;115,00;132,00;92,00;Geprueft
2004-02-29;110,00;120,00;101,00;Geprueft
2004-03-01;109,00;121,00;98,00;Geprueft
2004-03-02;106,00;121,00;96,00;Geprueft
2004-03-03;102,00;109,00;96,00;Geprueft
2004-03-04;97,00;107,00;86,00;Geprueft
2004-03-05;97,00;101,00;92,00;Geprueft
2004-03-06;97,00;107,00;93,00;Geprueft
2004-03-07;98,00;111,00;81,00;Geprueft
2004-03-08;105,00;112,00;95,00;Geprueft
2004-03-09;106,00;113,00;85,00;Geprueft
2004-03-10;103,00;107,00;97,00;Geprueft
2004-03-11;100,00;103,00;96,00;Geprueft
2004-03-12;94,00;101,00;82,00;Geprueft
2004-03-13;95,00;108,00;80,00;Geprueft
2004-03-14;106,00;134,00;95,00;Geprueft
2004-03-15;123,00;133,00;112,00;Geprueft
2004-03-16;131,00;141,00;117,00;Geprueft
2004-03-17;135,00;147,00;119,00;Geprueft
2004-03-18;137,00;142,00;132,00;Geprueft
2004-03-19;141,00;159,00;130,00;Geprueft
2004-03-20;146,00;159,00;134,00;Geprueft
2004-03-21;155,00;158,00;150,00;Geprueft
2004-03-22;162,00;173,00;155,00;Geprueft
2004-03-23;144,00;164,00;128,00;Geprueft
2004-03-24;153,00;168,00;136,00;Geprueft
2004-03-25;182,00;196,00;164,00;Geprueft
2004-03-26;165,00;192,00;148,00;Geprueft
2004-03-27;147,00;154,00;141,00;Geprueft
2004-03-28;136,00;143,00;126,00;Geprueft
2004-03-29;132,00;139,00;128,00;Geprueft
2004-03-30;137,00;147,00;118,00;Geprueft
2004-03-31;144,00;157,00;135,00;Geprueft
2004-04-01;147,00;155,00;140,00;Geprueft
2004-04-02;146,00;150,00;139,00;Geprueft
2004-04-03;144,00;156,00;127,00;Geprueft
2004-04-04;131,00;141,00;115,00;Geprueft
2004-04-05;138,00;169,00;120,00;Geprueft
2004-04-06;158,00;169,00;141,00;Geprueft
2004-04-07;166,00;179,00;136,00;Geprueft
2004-04-08;165,00;181,00;148,00;Geprueft
2004-04-09;156,00;168,00;144,00;Geprueft
2004-04-10;141,00;153,00;130,00;Geprueft
2004-04-11;135,00;145,00;124,00;Geprueft
2004-04-12;143,00;148,00;132,00;Geprueft
2004-04-13;131,00;141,00;124,00;Geprueft
2004-04-14;120,00;126,00;117,00;Geprueft
2004-04-15;115,00;122,00;99,00;Geprueft
2004-04-16;113,00;119,00;107,00;Geprueft
2004-04-17;119,00;126,00;112,00;Geprueft
2004-04-18;117,00;123,00;112,00;Geprueft
2004-04-19;131,00;143,00;106,00;Geprueft
2004-04-20;128,00;142,00;118,00;Geprueft
2004-04-21;113,00;132,00;97,00;Geprueft
2004-04-22;111,00;121,00;104,00;Geprueft
2004-04-23;118,00;142,00;104,00;Geprueft
2004-04-24;145,00;169,00;122,00;Geprueft
2004-04-25;135,00;167,00;117,00;Geprueft
2004-04-26;118,00;137,00;111,00;Geprueft
2004-04-27;111,00;124,00;105,00;Geprueft
2004-04-28;113,00;121,00;103,00;Geprueft
2004-04-29;120,00;135,00;107,00;Geprueft
2004-04-30;114,00;124,00;100,00;Geprueft
2004-05-01;121,00;137,00;94,00;Geprueft
2004-05-02;115,00;128,00;94,00;Geprueft
2004-05-03;125,00;138,00;109,00;Geprueft
2004-05-04;117,00;127,00;100,00;Geprueft
2004-05-05;121,00;138,00;108,00;Geprueft
2004-05-06;149,00;166,00;138,00;Geprueft
2004-05-07;180,00;190,00;166,00;Geprueft
2004-05-08;171,00;192,00;148,00;Geprueft
2004-05-09;146,00;164,00;133,00;Geprueft
2004-05-10;157,00;171,00;145,00;Geprueft
2004-05-11;138,00;149,00;124,00;Geprueft
2004-05-12;123,00;133,00;116,00;Geprueft
2004-05-13;128,00;142,00;117,00;Geprueft
2004-05-14;130,00;143,00;118,00;Geprueft
2004-05-15;117,00;139,00;92,00;Geprueft
2004-05-16;113,00;121,00;102,00;Geprueft
2004-05-17;118,00;126,00;112,00;Geprueft
2004-05-18;112,00;124,00;106,00;Geprueft
2004-05-19;111,00;118,00;104,00;Geprueft
2004-05-20;117,00;133,00;105,00;Geprueft
2004-05-21;126,00;140,00;118,00;Geprueft
2004-05-22;154,00;170,00;127,00;Geprueft
2004-05-23;144,00;161,00;126,00;Geprueft
2004-05-24;116,00;126,00;109,00;Geprueft
2004-05-25;100,00;109,00;90,00;Geprueft
2004-05-26;98,00;103,00;94,00;Geprueft
2004-05-27;99,00;104,00;92,00;Geprueft
2004-05-28;107,00;120,00;93,00;Geprueft
2004-05-29;111,00;120,00;100,00;Geprueft
2004-05-30;97,00;100,00;90,00;Geprueft
2004-05-31;97,00;112,00;89,00;Geprueft
2004-06-01;109,00;115,00;106,00;Geprueft
2004-06-02;117,00;127,00;111,00;Geprueft
2004-06-03;142,00;214,00;111,00;Geprueft
2004-06-04;253,00;289,00;194,00;Geprueft
2004-06-05;210,00;253,00;188,00;Geprueft
2004-06-06;238,00;261,00;205,00;Geprueft
2004-06-07;178,00;205,00;157,00;Geprueft
2004-06-08;148,00;158,00;141,00;Geprueft
2004-06-09;130,00;141,00;121,00;Geprueft
2004-06-10;125,00;128,00;123,00;Geprueft
2004-06-11;125,00;141,00;112,00;Geprueft
2004-06-12;138,00;143,00;135,00;Geprueft
2004-06-13;150,00;161,00;138,00;Geprueft
2004-06-14;133,00;142,00;122,00;Geprueft
2004-06-15;110,00;122,00;102,00;Geprueft
2004-06-16;106,00;110,00;102,00;Geprueft
2004-06-17;106,00;109,00;100,00;Geprueft
2004-06-18;99,00;108,00;90,00;Geprueft
2004-06-19;98,00;105,00;90,00;Geprueft
2004-06-20;106,00;113,00;99,00;Geprueft
2004-06-21;113,00;117,00;100,00;Geprueft
2004-06-22;102,00;109,00;94,00;Geprueft
2004-06-23;94,00;95,00;91,00;Geprueft
2004-06-24;102,00;108,00;88,00;Geprueft
2004-06-25;105,00;111,00;93,00;Geprueft
2004-06-26;93,00;96,00;91,00;Geprueft
2004-06-27;82,00;96,00;71,00;Geprueft
2004-06-28;90,00;95,00;82,00;Geprueft
2004-06-29;89,00;89,00;89,00;Geprueft
2004-06-30;81,00;89,00;73,00;Geprueft
2004-07-01;76,00;82,00;73,00;Geprueft
2004-07-02;77,00;89,00;69,00;Geprueft
2004-07-03;82,00;87,00;77,00;Geprueft
2004-07-04;72,00;77,00;66,00;Geprueft
2004-07-05;69,00;74,00;67,00;Geprueft
2004-07-06;78,00;92,00;67,00;Geprueft
2004-07-07;94,00;98,00;85,00;Geprueft
2004-07-08;86,00;95,00;82,00;Geprueft
2004-07-09;145,00;208,00;89,00;Geprueft
2004-07-10;151,00;198,00;122,00;Geprueft
2004-07-11;124,00;128,00;115,00;Geprueft
2004-07-12;111,00;115,00;106,00;Geprueft
2004-07-13;117,00;140,00;103,00;Geprueft
2004-07-14;168,00;191,00;140,00;Geprueft
2004-07-15;123,00;147,00;117,00;Geprueft
2004-07-16;106,00;117,00;98,00;Geprueft
2004-07-17;92,00;98,00;86,00;Geprueft
2004-07-18;88,00;94,00;85,00;Geprueft
2004-07-19;90,00;95,00;82,00;Geprueft
2004-07-20;83,00;98,00;72,00;Geprueft
2004-07-21;76,00;92,00;67,00;Geprueft
2004-07-22;79,00;87,00;67,00;Geprueft
2004-07-23;84,00;88,00;78,00;Geprueft
2004-07-24;118,00;155,00;87,00;Geprueft
2004-07-25;179,00;200,00;146,00;Geprueft
2004-07-26;128,00;146,00;115,00;Geprueft
2004-07-27;109,00;115,00;104,00;Geprueft
2004-07-28;101,00;106,00;89,00;Geprueft
2004-07-29;83,00;89,00;78,00;Geprueft
2004-07-30;77,00;81,00;74,00;Geprueft
2004-07-31;74,00;77,00;70,00;Geprueft
2004-08-01;70,00;74,00;65,00;Geprueft
2004-08-02;67,00;68,00;65,00;Geprueft
2004-08-03;63,00;68,00;60,00;Geprueft
2004-08-04;57,00;61,00;56,00;Geprueft
2004-08-05;57,00;66,00;49,00;Geprueft
2004-08-06;58,00;64,00;51,00;Geprueft
2004-08-07;65,00;67,00;62,00;Geprueft
2004-08-08;74,00;82,00;66,00;Geprueft
2004-08-09;63,00;68,00;51,00;Geprueft
2004-08-10;58,00;66,00;56,00;Geprueft
2004-08-11;54,00;60,00;49,00;Geprueft
2004-08-12;61,00;85,00;55,00;Geprueft
2004-08-13;87,00;93,00;81,00;Geprueft
2004-08-14;74,00;81,00;70,00;Geprueft
2004-08-15;100,00;113,00;77,00;Geprueft
2004-08-16;102,00;119,00;92,00;Geprueft
2004-08-17;85,00;95,00;78,00;Geprueft
2004-08-18;73,00;82,00;61,00;Geprueft
2004-08-19;64,00;67,00;60,00;Geprueft
2004-08-20;80,00;92,00;66,00;Geprueft
2004-08-21;85,00;91,00;80,00;Geprueft
2004-08-22;99,00;108,00;91,00;Geprueft
2004-08-23;87,00;105,00;81,00;Geprueft
2004-08-24;78,00;83,00;73,00;Geprueft
2004-08-25;76,00;83,00;66,00;Geprueft
2004-08-26;80,00;96,00;66,00;Geprueft
2004-08-27;153,00;168,00;96,00;Geprueft
2004-08-28;129,00;168,00;109,00;Geprueft
2004-08-29;102,00;109,00;96,00;Geprueft
2004-08-30;93,00;98,00;89,00;Geprueft
2004-08-31;91,00;92,00;90,00;Geprueft
2004-09-01;93,00;101,00;82,00;Geprueft
2004-09-02;81,00;86,00;76,00;Geprueft
2004-09-03;73,00;78,00;72,00;Geprueft
2004-09-04;65,00;72,00;63,00;Geprueft
2004-09-05;61,00;65,00;58,00;Geprueft
2004-09-06;67,00;69,00;65,00;Geprueft
2004-09-07;59,00;67,00;56,00;Geprueft
2004-09-08;55,00;59,00;52,00;Geprueft
2004-09-09;53,00;56,00;49,00;Geprueft
2004-09-10;50,00;51,00;48,00;Geprueft
2004-09-11;50,00;53,00;42,00;Geprueft
2004-09-12;50,00;61,00;40,00;Geprueft
2004-09-13;62,00;72,00;58,00;Geprueft
2004-09-14;60,00;65,00;51,00;Geprueft
2004-09-15;53,00;61,00;48,00;Geprueft
2004-09-16;58,00;63,00;55,00;Geprueft
2004-09-17;54,00;64,00;48,00;Geprueft
2004-09-18;54,00;63,00;40,00;Geprueft
2004-09-19;51,00;53,00;41,00;Geprueft
2004-09-20;46,00;53,00;40,00;Geprueft
2004-09-21;48,00;60,00;40,00;Geprueft
2004-09-22;49,00;59,00;44,00;Geprueft
2004-09-23;52,00;65,00;44,00;Geprueft
2004-09-24;136,00;216,00;65,00;Geprueft
2004-09-25;153,00;193,00;137,00;Geprueft
2004-09-26;152,00;167,00;146,00;Geprueft
2004-09-27;122,00;150,00;110,00;Geprueft
2004-09-28;104,00;123,00;95,00;Geprueft
2004-09-29;93,00;97,00;90,00;Geprueft
2004-09-30;102,00;113,00;91,00;Geprueft
2004-10-01;103,00;111,00;97,00;Geprueft
2004-10-02;89,00;97,00;81,00;Geprueft
2004-10-03;76,00;81,00;73,00;Geprueft
2004-10-04;73,00;75,00;72,00;Geprueft
2004-10-05;68,00;72,00;64,00;Geprueft
2004-10-06;64,00;67,00;62,00;Geprueft
2004-10-07;64,00;66,00;55,00;Geprueft
2004-10-08;62,00;67,00;57,00;Geprueft
2004-10-09;78,00;109,00;57,00;Geprueft
2004-10-10;136,00;155,00;109,00;Geprueft
2004-10-11;145,00;154,00;135,00;Geprueft
2004-10-12;121,00;148,00;109,00;Geprueft
2004-10-13;100,00;110,00;85,00;Geprueft
2004-10-14;86,00;92,00;82,00;Geprueft
2004-10-15;84,00;86,00;80,00;Geprueft
2004-10-16;99,00;111,00;86,00;Geprueft
2004-10-17;108,00;114,00;99,00;Geprueft
2004-10-18;105,00;110,00;100,00;Geprueft
2004-10-19;102,00;105,00;99,00;Geprueft
2004-10-20;106,00;115,00;98,00;Geprueft
2004-10-21;116,00;124,00;108,00;Geprueft
2004-10-22;121,00;127,00;110,00;Geprueft
2004-10-23;104,00;110,00;99,00;Geprueft
2004-10-24;93,00;99,00;89,00;Geprueft
2004-10-25;85,00;94,00;80,00;Geprueft
2004-10-26;90,00;96,00;80,00;Geprueft
2004-10-27;110,00;119,00;96,00;Geprueft
2004-10-28;130,00;137,00;119,00;Geprueft
2004-10-29;127,00;136,00;121,00;Geprueft
2004-10-30;111,00;121,00;104,00;Geprueft
2004-10-31;107,00;114,00;100,00;Geprueft
2004-11-01;97,00;100,00;95,00;Geprueft
2004-11-02;94,00;103,00;84,00;Geprueft
2004-11-03;90,00;93,00;83,00;Geprueft
2004-11-04;85,00;91,00;77,00;Geprueft
2004-11-05;81,00;88,00;75,00;Geprueft
2004-11-06;78,00;88,00;75,00;Geprueft
2004-11-07;86,00;90,00;75,00;Geprueft
2004-11-08;91,00;95,00;89,00;Geprueft
2004-11-09;89,00;92,00;86,00;Geprueft
2004-11-10;90,00;94,00;83,00;Geprueft
2004-11-11;76,00;83,00;72,00;Geprueft
2004-11-12;75,00;78,00;72,00;Geprueft
2004-11-13;78,00;81,00;75,00;Geprueft
2004-11-14;83,00;87,00;80,00;Geprueft
2004-11-15;84,00;86,00;76,00;Geprueft
2004-11-16;74,00;79,00;68,00;Geprueft
2004-11-17;75,00;79,00;67,00;Geprueft
2004-11-18;65,00;68,00;60,00;Geprueft
2004-11-19;71,00;77,00;68,00;Geprueft
2004-11-20;81,00;81,00;77,00;Geprueft
2004-11-21;77,00;81,00;75,00;Geprueft
2004-11-22;78,00;83,00;75,00;Geprueft
2004-11-23;96,00;103,00;83,00;Geprueft
2004-11-24;118,00;125,00;103,00;Geprueft
2004-11-25;113,00;125,00;104,00;Geprueft
2004-11-26;103,00;107,00;96,00;Geprueft
2004-11-27;92,00;97,00;87,00;Geprueft
2004-11-28;86,00;88,00;82,00;Geprueft
2004-11-29;89,00;99,00;81,00;Geprueft
2004-11-30;82,00;83,00;81,00;Geprueft
2004-12-01;81,00;83,00;78,00;Geprueft
2004-12-02;75,00;80,00;72,00;Geprueft
2004-12-03;83,00;88,00;80,00;Geprueft
2004-12-04;73,00;81,00;65,00;Geprueft
2004-12-05;78,00;79,00;77,00;Geprueft
2004-12-06;73,00;78,00;71,00;Geprueft
2004-12-07;71,00;72,00;70,00;Geprueft
2004-12-08;75,00;80,00;72,00;Geprueft
2004-12-09;71,00;74,00;69,00;Geprueft
2004-12-10;66,00;69,00;64,00;Geprueft
2004-12-11;64,00;68,00;63,00;Geprueft
2004-12-12;66,00;68,00;64,00;Geprueft
2004-12-13;62,00;67,00;59,00;Geprueft
2004-12-14;64,00;65,00;61,00;Geprueft
2004-12-15;58,00;63,00;54,00;Geprueft
2004-12-16;60,00;64,00;53,00;Geprueft
2004-12-17;54,00;69,00;42,00;Geprueft
2004-12-18;71,00;78,00;48,00;Geprueft
2004-12-19;74,00;78,00;72,00;Geprueft
2004-12-20;75,00;77,00;68,00;Geprueft
2004-12-21;68,00;71,00;65,00;Geprueft
2004-12-22;61,00;65,00;57,00;Geprueft
2004-12-23;58,00;65,00;52,00;Geprueft
2004-12-24;84,00;116,00;65,00;Geprueft
2004-12-25;130,00;141,00;116,00;Geprueft
2004-12-26;140,00;146,00;137,00;Geprueft
2004-12-27;142,00;148,00;133,00;Geprueft
2004-12-28;131,00;133,00;128,00;Geprueft
2004-12-29;118,00;128,00;115,00;Geprueft
2004-12-30;111,00;119,00;107,00;Geprueft
2004-12-31;101,00;107,00;95,00;Geprueft
2005-01-01;102,00;115,00;99,00;Geprueft
2005-01-02;135,00;169,00;115,00;Geprueft
2005-01-03;179,00;184,00;164,00;Geprueft
2005-01-04;152,00;164,00;142,00;Geprueft
2005-01-05;134,00;142,00;131,00;Geprueft
2005-01-06;131,00;148,00;125,00;Geprueft
2005-01-07;167,00;176,00;148,00;Geprueft
2005-01-08;161,00;168,00;154,00;Geprueft
2005-01-09;150,00;155,00;137,00;Geprueft
2005-01-10;140,00;142,00;137,00;Geprueft
2005-01-11;142,00;144,00;139,00;Geprueft
2005-01-12;129,00;140,00;122,00;Geprueft
2005-01-13;127,00;130,00;124,00;Geprueft
2005-01-14;128,00;130,00;125,00;Geprueft
2005-01-15;119,00;125,00;111,00;Geprueft
2005-01-16;111,00;112,00;110,00;Geprueft
2005-01-17;103,00;111,00;98,00;Geprueft
2005-01-18;101,00;102,00;99,00;Geprueft
2005-01-19;107,00;111,00;101,00;Geprueft
2005-01-20;102,00;104,00;99,00;Geprueft
2005-01-21;160,00;242,00;104,00;Geprueft
2005-01-22;237,00;262,00;200,00;Geprueft
2005-01-23;201,00;204,00;194,00;Geprueft
2005-01-24;180,00;194,00;163,00;Geprueft
2005-01-25;149,00;163,00;142,00;Geprueft
2005-01-26;133,00;142,00;119,00;Geprueft
2005-01-27;122,00;127,00;118,00;Geprueft
2005-01-28;116,00;120,00;109,00;Geprueft
2005-01-29;108,00;112,00;102,00;Geprueft
2005-01-30;104,00;106,00;102,00;Geprueft
2005-01-31;99,00;104,00;96,00;Geprueft
2005-02-01;100,00;105,00;96,00;Geprueft
2005-02-02;100,00;105,00;96,00;Geprueft
2005-02-03;99,00;101,00;96,00;Geprueft
2005-02-04;98,00;100,00;96,00;Geprueft
2005-02-05;99,00;101,00;91,00;Geprueft
2005-02-06;92,00;93,00;90,00;Geprueft
2005-02-07;87,00;93,00;81,00;Geprueft
2005-02-08;82,00;86,00;79,00;Geprueft
2005-02-09;86,00;88,00;83,00;Geprueft
2005-02-10;79,00;86,00;77,00;Geprueft
2005-02-11;94,00;120,00;78,00;Geprueft
2005-02-12;208,00;321,00;120,00;Geprueft
2005-02-13;407,00;447,00;321,00;Geprueft
2005-02-14;359,00;419,00;328,00;Geprueft
2005-02-15;313,00;330,00;284,00;Geprueft
2005-02-16;255,00;284,00;240,00;Geprueft
2005-02-17;204,00;241,00;187,00;Geprueft
2005-02-18;179,00;199,00;168,00;Geprueft
2005-02-19;168,00;174,00;165,00;Geprueft
2005-02-20;158,00;165,00;155,00;Geprueft
2005-02-21;148,00;156,00;144,00;Geprueft
2005-02-22;146,00;148,00;140,00;Geprueft
2005-02-23;135,00;140,00;130,00;Geprueft
2005-02-24;131,00;133,00;125,00;Geprueft
2005-02-25;122,00;125,00;118,00;Geprueft
2005-02-26;117,00;123,00;116,00;Geprueft
2005-02-27;119,00;123,00;115,00;Geprueft
2005-02-28;110,00;116,00;101,00;Geprueft
2005-03-01;107,00;113,00;101,00;Geprueft
2005-03-02;101,00;104,00;98,00;Geprueft
2005-03-03;103,00;105,00;101,00;Geprueft
2005-03-04;102,00;107,00;97,00;Geprueft
2005-03-05;98,00;101,00;96,00;Geprueft
2005-03-06;96,00;99,00;94,00;Geprueft
2005-03-07;93,00;96,00;89,00;Geprueft
2005-03-08;95,00;104,00;88,00;Geprueft
2005-03-09;93,00;97,00;89,00;Geprueft
2005-03-10;94,00;97,00;92,00;Geprueft
2005-03-11;95,00;100,00;90,00;Geprueft
2005-03-12;95,00;103,00;90,00;Geprueft
2005-03-13;101,00;104,00;97,00;Geprueft
2005-03-14;98,00;100,00;95,00;Geprueft
2005-03-15;105,00;116,00;98,00;Geprueft
2005-03-16;154,00;184,00;116,00;Geprueft
2005-03-17;235,00;290,00;184,00;Geprueft
2005-03-18;322,00;339,00;290,00;Geprueft
2005-03-19;382,00;412,00;314,00;Geprueft
2005-03-20;356,00;380,00;339,00;Geprueft
2005-03-21;310,00;339,00;293,00;Geprueft
2005-03-22;278,00;294,00;266,00;Geprueft
2005-03-23;247,00;267,00;238,00;Geprueft
2005-03-24;248,00;261,00;237,00;Geprueft
2005-03-25;250,00;268,00;237,00;Geprueft
2005-03-26;272,00;283,00;260,00;Geprueft
2005-03-27;250,00;260,00;245,00;Geprueft
2005-03-28;317,00;373,00;245,00;Geprueft
2005-03-29;313,00;351,00;287,00;Geprueft
2005-03-30;306,00;325,00;298,00;Geprueft
2005-03-31;343,00;355,00;325,00;Geprueft
2005-04-01;323,00;349,00;291,00;Geprueft
2005-04-02;266,00;291,00;252,00;Geprueft
2005-04-03;232,00;252,00;217,00;Geprueft
2005-04-04;212,00;221,00;204,00;Geprueft
2005-04-05;196,00;204,00;189,00;Geprueft
2005-04-06;186,00;189,00;182,00;Geprueft
2005-04-07;183,00;188,00;176,00;Geprueft
2005-04-08;190,00;197,00;183,00;Geprueft
2005-04-09;203,00;205,00;197,00;Geprueft
2005-04-10;204,00;213,00;194,00;Geprueft
2005-04-11;185,00;194,00;178,00;Geprueft
2005-04-12;172,00;182,00;165,00;Geprueft
2005-04-13;158,00;165,00;154,00;Geprueft
2005-04-14;160,00;164,00;156,00;Geprueft
2005-04-15;153,00;160,00;149,00;Geprueft
2005-04-16;157,00;158,00;155,00;Geprueft
2005-04-17;151,00;156,00;148,00;Geprueft
2005-04-18;159,00;162,00;151,00;Geprueft
2005-04-19;189,00;233,00;160,00;Geprueft
2005-04-20;298,00;357,00;233,00;Geprueft
2005-04-21;356,00;367,00;332,00;Geprueft
2005-04-22;293,00;332,00;268,00;Geprueft
2005-04-23;250,00;268,00;235,00;Geprueft
2005-04-24;225,00;237,00;208,00;Geprueft
2005-04-25;212,00;247,00;204,00;Geprueft
2005-04-26;260,00;270,00;247,00;Geprueft
2005-04-27;238,00;249,00;227,00;Geprueft
2005-04-28;238,00;249,00;229,00;Geprueft
2005-04-29;214,00;230,00;198,00;Geprueft
2005-04-30;195,00;198,00;190,00;Geprueft
2005-05-01;191,00;194,00;185,00;Geprueft
2005-05-02;188,00;196,00;180,00;Geprueft
2005-05-03;185,00;194,00;181,00;Geprueft
2005-05-04;199,00;229,00;184,00;Geprueft
2005-05-05;201,00;221,00;193,00;Geprueft
2005-05-06;197,00;211,00;191,00;Geprueft
2005-05-07;221,00;237,00;210,00;Geprueft
2005-05-08;274,00;312,00;237,00;Geprueft
2005-05-09;248,00;286,00;231,00;Geprueft
2005-05-10;218,00;231,00;202,00;Geprueft
2005-05-11;197,00;202,00;190,00;Geprueft
2005-05-12;177,00;190,00;171,00;Geprueft
2005-05-13;164,00;173,00;159,00;Geprueft
2005-05-14;163,00;171,00;157,00;Geprueft
2005-05-15;163,00;169,00;157,00;Geprueft
2005-05-16;159,00;161,00;155,00;Geprueft
2005-05-17;173,00;184,00;160,00;Geprueft
2005-05-18;170,00;178,00;165,00;Geprueft
2005-05-19;167,00;170,00;162,00;Geprueft
2005-05-20;151,00;168,00;144,00;Geprueft
2005-05-21;145,00;150,00;142,00;Geprueft
2005-05-22;168,00;177,00;148,00;Geprueft
2005-05-23;168,00;185,00;153,00;Geprueft
2005-05-24;202,00;213,00;185,00;Geprueft
2005-05-25;181,00;203,00;174,00;Geprueft
2005-05-26;163,00;177,00;150,00;Geprueft
2005-05-27;157,00;164,00;151,00;Geprueft
2005-05-28;149,00;155,00;145,00;Geprueft
2005-05-29;146,00;150,00;142,00;Geprueft
2005-05-30;147,00;153,00;140,00;Geprueft
2005-05-31;149,00;154,00;141,00;Geprueft
2005-06-01;135,00;141,00;133,00;Geprueft
2005-06-02;120,00;134,00;113,00;Geprueft
2005-06-03;121,00;123,00;119,00;Geprueft
2005-06-04;125,00;138,00;115,00;Geprueft
2005-06-05;128,00;137,00;124,00;Geprueft
2005-06-06;119,00;124,00;112,00;Geprueft
2005-06-07;125,00;148,00;112,00;Geprueft
2005-06-08;131,00;144,00;119,00;Geprueft
2005-06-09;108,00;119,00;105,00;Geprueft
2005-06-10;108,00;109,00;106,00;Geprueft
2005-06-11;98,00;106,00;91,00;Geprueft
2005-06-12;96,00;102,00;91,00;Geprueft
2005-06-13;97,00;111,00;88,00;Geprueft
2005-06-14;104,00;123,00;95,00;Geprueft
2005-06-15;213,00;266,00;123,00;Geprueft
2005-06-16;191,00;249,00;154,00;Geprueft
2005-06-17;137,00;154,00;130,00;Geprueft
2005-06-18;120,00;130,00;111,00;Geprueft
2005-06-19;106,00;111,00;101,00;Geprueft
2005-06-20;104,00;109,00;98,00;Geprueft
2005-06-21;98,00;100,00;96,00;Geprueft
2005-06-22;92,00;99,00;87,00;Geprueft
2005-06-23;92,00;98,00;89,00;Geprueft
2005-06-24;86,00;93,00;77,00;Geprueft
2005-06-25;91,00;100,00;81,00;Geprueft
2005-06-26;100,00;119,00;83,00;Geprueft
2005-06-27;91,00;104,00;87,00;Geprueft
2005-06-28;86,00;88,00;82,00;Geprueft
2005-06-29;88,00;115,00;81,00;Geprueft
2005-06-30;111,00;128,00;93,00;Geprueft
2005-07-01;113,00;145,00;92,00;Geprueft
2005-07-02;144,00;155,00;127,00;Geprueft
2005-07-03;114,00;132,00;98,00;Geprueft
2005-07-04;100,00;111,00;90,00;Geprueft
2005-07-05;120,00;146,00;109,00;Geprueft
2005-07-06;142,00;156,00;127,00;Geprueft
2005-07-07;122,00;128,00;114,00;Geprueft
2005-07-08;121,00;125,00;114,00;Geprueft
2005-07-09;112,00;123,00;103,00;Geprueft
2005-07-10;100,00;119,00;93,00;Geprueft
2005-07-11;167,00;209,00;119,00;Geprueft
2005-07-12;228,00;252,00;195,00;Geprueft
2005-07-13;168,00;195,00;143,00;Geprueft
2005-07-14;131,00;143,00;121,00;Geprueft
2005-07-15;111,00;121,00;103,00;Geprueft
2005-07-16;106,00;115,00;102,00;Geprueft
2005-07-17;108,00;123,00;100,00;Geprueft
2005-07-18;93,00;100,00;86,00;Geprueft
2005-07-19;112,00;120,00;88,00;Geprueft
2005-07-20;116,00;123,00;99,00;Geprueft
2005-07-21;102,00;112,00;96,00;Geprueft
2005-07-22;108,00;116,00;101,00;Geprueft
2005-07-23;93,00;101,00;77,00;Geprueft
2005-07-24;87,00;96,00;78,00;Geprueft
2005-07-25;99,00;120,00;83,00;Geprueft
2005-07-26;130,00;144,00;118,00;Geprueft
2005-07-27;116,00;137,00;96,00;Geprueft
2005-07-28;95,00;99,00;89,00;Geprueft
2005-07-29;84,00;89,00;81,00;Geprueft
2005-07-30;85,00;89,00;81,00;Geprueft
2005-07-31;83,00;88,00;75,00;Geprueft
2005-08-01;80,00;88,00;73,00;Geprueft
2005-08-02;77,00;90,00;69,00;Geprueft
2005-08-03;94,00;99,00;90,00;Geprueft
2005-08-04;105,00;110,00;99,00;Geprueft
2005-08-05;100,00;107,00;94,00;Geprueft
2005-08-06;100,00;110,00;94,00;Geprueft
2005-08-07;115,00;133,00;99,00;Geprueft
2005-08-08;138,00;152,00;123,00;Geprueft
2005-08-09;110,00;123,00;105,00;Geprueft
2005-08-10;94,00;106,00;89,00;Geprueft
2005-08-11;87,00;94,00;81,00;Geprueft
2005-08-12;75,00;85,00;68,00;Geprueft
2005-08-13;77,00;81,00;68,00;Geprueft
2005-08-14;73,00;81,00;69,00;Geprueft
2005-08-15;94,00;138,00;80,00;Geprueft
2005-08-16;138,00;156,00;117,00;Geprueft
2005-08-17;140,00;160,00;121,00;Geprueft
2005-08-18;103,00;122,00;88,00;Geprueft
2005-08-19;92,00;97,00;88,00;Geprueft
2005-08-20;128,00;160,00;83,00;Geprueft
2005-08-21;145,00;167,00;126,00;Geprueft
2005-08-22;202,00;287,00;155,00;Geprueft
2005-08-23;426,00;502,00;287,00;Geprueft
2005-08-24;518,00;531,00;502,00;Geprueft
2005-08-25;474,00;532,00;376,00;Geprueft
2005-08-26;304,00;376,00;250,00;Geprueft
2005-08-27;222,00;250,00;197,00;Geprueft
2005-08-28;179,00;197,00;159,00;Geprueft
2005-08-29;157,00;176,00;143,00;Geprueft
2005-08-30;138,00;151,00;121,00;Geprueft
2005-08-31;123,00;127,00;118,00;Geprueft
2005-09-01;117,00;125,00;113,00;Geprueft
2005-09-02;121,00;131,00;109,00;Geprueft
2005-09-03;114,00;126,00;108,00;Geprueft
2005-09-04;105,00;111,00;100,00;Geprueft
2005-09-05;101,00;111,00;94,00;Geprueft
2005-09-06;98,00;101,00;94,00;Geprueft
2005-09-07;90,00;99,00;79,00;Geprueft
2005-09-08;83,00;88,00;72,00;Geprueft
2005-09-09;81,00;92,00;70,00;Geprueft
2005-09-10;141,00;178,00;86,00;Geprueft
2005-09-11;163,00;177,00;143,00;Geprueft
2005-09-12;134,00;144,00;123,00;Geprueft
2005-09-13;157,00;167,00;140,00;Geprueft
2005-09-14;133,00;151,00;124,00;Geprueft
2005-09-15;116,00;130,00;110,00;Geprueft
2005-09-16;106,00;115,00;98,00;Geprueft
2005-09-17;142,00;160,00;112,00;Geprueft
2005-09-18;142,00;147,00;127,00;Geprueft
2005-09-19;120,00;127,00;114,00;Geprueft
2005-09-20;111,00;121,00;105,00;Geprueft
2005-09-21;104,00;112,00;92,00;Geprueft
2005-09-22;90,00;94,00;83,00;Geprueft
2005-09-23;97,00;104,00;88,00;Geprueft
2005-09-24;91,00;105,00;79,00;Geprueft
2005-09-25;88,00;98,00;79,00;Geprueft
2005-09-26;86,00;90,00;83,00;Geprueft
2005-09-27;83,00;89,00;80,00;Geprueft
2005-09-28;82,00;91,00;74,00;Geprueft
2005-09-29;77,00;90,00;68,00;Geprueft
2005-09-30;104,00;117,00;90,00;Geprueft
2005-10-01;108,00;118,00;98,00;Geprueft
2005-10-02;142,00;187,00;118,00;Geprueft
2005-10-03;246,00;293,00;187,00;Geprueft
2005-10-04;210,00;245,00;194,00;Geprueft
2005-10-05;182,00;194,00;173,00;Geprueft
2005-10-06;170,00;181,00;153,00;Geprueft
2005-10-07;143,00;153,00;132,00;Geprueft
2005-10-08;127,00;139,00;116,00;Geprueft
2005-10-09;123,00;128,00;119,00;Geprueft
2005-10-10;110,00;119,00;97,00;Geprueft
2005-10-11;108,00;114,00;97,00;Geprueft
2005-10-12;101,00;110,00;93,00;Geprueft
2005-10-13;99,00;102,00;94,00;Geprueft
2005-10-14;92,00;96,00;87,00;Geprueft
2005-10-15;89,00;93,00;84,00;Geprueft
2005-10-16;86,00;89,00;83,00;Geprueft
2005-10-17;82,00;85,00;76,00;Geprueft
2005-10-18;80,00;83,00;78,00;Geprueft
2005-10-19;80,00;85,00;74,00;Geprueft
2005-10-20;79,00;85,00;73,00;Geprueft
2005-10-21;79,00;84,00;71,00;Geprueft
2005-10-22;75,00;85,00;68,00;Geprueft
2005-10-23;81,00;89,00;71,00;Geprueft
2005-10-24;78,00;82,00;74,00;Geprueft
2005-10-25;76,00;80,00;72,00;Geprueft
2005-10-26;76,00;82,00;69,00;Geprueft
2005-10-27;71,00;82,00;65,00;Geprueft
2005-10-28;68,00;72,00;65,00;Geprueft
2005-10-29;69,00;72,00;66,00;Geprueft
2005-10-30;68,00;72,00;66,00;Geprueft
2005-10-31;65,00;69,00;60,00;Geprueft
2005-11-01;68,00;70,00;68,00;Geprueft
2005-11-02;67,00;70,00;64,00;Geprueft
2005-11-03;71,00;80,00;64,00;Geprueft
2005-11-04;73,00;80,00;63,00;Geprueft
2005-11-05;73,00;83,00;69,00;Geprueft
2005-11-06;80,00;91,00;66,00;Geprueft
2005-11-07;78,00;80,00;73,00;Geprueft
2005-11-08;70,00;73,00;65,00;Geprueft
2005-11-09;67,00;70,00;66,00;Geprueft
2005-11-10;67,00;70,00;64,00;Geprueft
2005-11-11;64,00;69,00;60,00;Geprueft
2005-11-12;62,00;64,00;62,00;Geprueft
2005-11-13;65,00;67,00;62,00;Geprueft
2005-11-14;64,00;68,00;62,00;Geprueft
2005-11-15;65,00;73,00;59,00;Geprueft
2005-11-16;59,00;67,00;55,00;Geprueft
2005-11-17;64,00;67,00;60,00;Geprueft
2005-11-18;67,00;72,00;63,00;Geprueft
2005-11-19;64,00;66,00;63,00;Geprueft
2005-11-20;63,00;66,00;62,00;Geprueft
2005-11-21;66,00;75,00;61,00;Geprueft
2005-11-22;68,00;75,00;60,00;Geprueft
2005-11-23;64,00;72,00;58,00;Geprueft
2005-11-24;64,00;67,00;62,00;Geprueft
2005-11-25;58,00;62,00;55,00;Geprueft
2005-11-26;57,00;60,00;54,00;Geprueft
2005-11-27;62,00;63,00;60,00;Geprueft
2005-11-28;61,00;62,00;59,00;Geprueft
2005-11-29;61,00;62,00;61,00;Geprueft
2005-11-30;64,00;65,00;62,00;Geprueft
2005-12-01;61,00;64,00;59,00;Geprueft
2005-12-02;58,00;60,00;57,00;Geprueft
2005-12-03;58,00;59,00;56,00;Geprueft
2005-12-04;75,00;87,00;59,00;Geprueft
2005-12-05;99,00;107,00;87,00;Geprueft
2005-12-06;104,00;108,00;103,00;Geprueft
2005-12-07;102,00;108,00;92,00;Geprueft
2005-12-08;87,00;100,00;74,00;Geprueft
2005-12-09;81,00;85,00;76,00;Geprueft
2005-12-10;76,00;78,00;75,00;Geprueft
2005-12-11;72,00;76,00;67,00;Geprueft
2005-12-12;73,00;77,00;68,00;Geprueft
2005-12-13;65,00;69,00;60,00;Geprueft
2005-12-14;67,00;70,00;64,00;Geprueft
2005-12-15;66,00;69,00;63,00;Geprueft
2005-12-16;65,00;81,00;58,00;Geprueft
2005-12-17;104,00;118,00;81,00;Geprueft
2005-12-18;106,00;116,00;90,00;Geprueft
2005-12-19;91,00;93,00;88,00;Geprueft
2005-12-20;80,00;90,00;78,00;Geprueft
2005-12-21;76,00;81,00;72,00;Geprueft
2005-12-22;71,00;82,00;67,00;Geprueft
2005-12-23;78,00;83,00;76,00;Geprueft
2005-12-24;82,00;89,00;78,00;Geprueft
2005-12-25;94,00;98,00;89,00;Geprueft
2005-12-26;99,00;100,00;97,00;Geprueft
2005-12-27;96,00;99,00;89,00;Geprueft
2005-12-28;88,00;90,00;86,00;Geprueft
2005-12-29;83,00;86,00;78,00;Geprueft
2005-12-30;73,00;78,00;66,00;Geprueft
2005-12-31;77,00;98,00;65,00;Geprueft
2006-01-01;136,00;160,00;98,00;Geprueft
2006-01-02;137,00;161,00;121,00;Geprueft
2006-01-03;119,00;126,00;109,00;Geprueft
2006-01-04;106,00;109,00;99,00;Geprueft
2006-01-05;102,00;105,00;97,00;Geprueft
2006-01-06;94,00;97,00;87,00;Geprueft
2006-01-07;87,00;88,00;84,00;Geprueft
2006-01-08;84,00;87,00;76,00;Geprueft
2006-01-09;80,00;84,00;76,00;Geprueft
2006-01-10;76,00;83,00;74,00;Geprueft
2006-01-11;75,00;83,00;71,00;Geprueft
2006-01-12;71,00;76,00;66,00;Geprueft
2006-01-13;69,00;73,00;66,00;Geprueft
2006-01-14;63,00;67,00;61,00;Geprueft
2006-01-15;62,00;65,00;61,00;Geprueft
2006-01-16;59,00;62,00;56,00;Geprueft
2006-01-17;61,00;74,00;51,00;Geprueft
2006-01-18;92,00;115,00;74,00;Geprueft
2006-01-19;113,00;117,00;105,00;Geprueft
2006-01-20;92,00;105,00;83,00;Geprueft
2006-01-21;89,00;95,00;83,00;Geprueft
2006-01-22;102,00;111,00;86,00;Geprueft
2006-01-23;95,00;112,00;85,00;Geprueft
2006-01-24;81,00;85,00;77,00;Geprueft
2006-01-25;77,00;79,00;73,00;Geprueft
2006-01-26;72,00;74,00;69,00;Geprueft
2006-01-27;74,00;77,00;68,00;Geprueft
2006-01-28;73,00;77,00;68,00;Geprueft
2006-01-29;68,00;70,00;66,00;Geprueft
2006-01-30;68,00;75,00;65,00;Geprueft
2006-01-31;64,00;66,00;62,00;Geprueft
2006-02-01;62,00;63,00;62,00;Geprueft
2006-02-02;62,00;64,00;61,00;Geprueft
2006-02-03;60,00;64,00;58,00;Geprueft
2006-02-04;59,00;60,00;58,00;Geprueft
2006-02-05;58,00;60,00;56,00;Geprueft
2006-02-06;59,00;62,00;57,00;Geprueft
2006-02-07;62,00;63,00;59,00;Geprueft
2006-02-08;60,00;64,00;57,00;Geprueft
2006-02-09;65,00;70,00;62,00;Geprueft
2006-02-10;69,00;71,00;67,00;Geprueft
2006-02-11;61,00;67,00;58,00;Geprueft
2006-02-12;61,00;63,00;60,00;Geprueft
2006-02-13;58,00;61,00;56,00;Geprueft
2006-02-14;55,00;57,00;53,00;Geprueft
2006-02-15;61,00;72,00;54,00;Geprueft
2006-02-16;173,00;306,00;72,00;Geprueft
2006-02-17;311,00;325,00;303,00;Geprueft
2006-02-18;284,00;307,00;264,00;Geprueft
2006-02-19;253,00;273,00;234,00;Geprueft
2006-02-20;217,00;234,00;186,00;Geprueft
2006-02-21;178,00;186,00;174,00;Geprueft
2006-02-22;167,00;178,00;159,00;Geprueft
2006-02-23;149,00;160,00;144,00;Geprueft
2006-02-24;131,00;144,00;123,00;Geprueft
2006-02-25;125,00;133,00;116,00;Geprueft
2006-02-26;119,00;121,00;115,00;Geprueft
2006-02-27;109,00;116,00;101,00;Geprueft
2006-02-28;107,00;112,00;101,00;Geprueft
2006-03-01;102,00;108,00;97,00;Geprueft
2006-03-02;96,00;101,00;93,00;Geprueft
2006-03-03;99,00;110,00;97,00;Geprueft
2006-03-04;164,00;186,00;110,00;Geprueft
2006-03-05;157,00;185,00;133,00;Geprueft
2006-03-06;130,00;139,00;120,00;Geprueft
2006-03-07;115,00;120,00;113,00;Geprueft
2006-03-08;113,00;118,00;106,00;Geprueft
2006-03-09;230,00;449,00;107,00;Geprueft
2006-03-10;496,00;509,00;449,00;Geprueft
2006-03-11;493,00;514,00;460,00;Geprueft
2006-03-12;407,00;460,00;351,00;Geprueft
2006-03-13;301,00;351,00;260,00;Geprueft
2006-03-14;235,00;260,00;214,00;Geprueft
2006-03-15;201,00;214,00;195,00;Geprueft
2006-03-16;183,00;197,00;172,00;Geprueft
2006-03-17;165,00;172,00;157,00;Geprueft
2006-03-18;152,00;157,00;148,00;Geprueft
2006-03-19;154,00;158,00;146,00;Geprueft
2006-03-20;150,00;153,00;146,00;Geprueft
2006-03-21;164,00;170,00;151,00;Geprueft
2006-03-22;205,00;231,00;169,00;Geprueft
2006-03-23;246,00;261,00;224,00;Geprueft
2006-03-24;225,00;242,00;209,00;Geprueft
2006-03-25;215,00;240,00;208,00;Geprueft
2006-03-26;298,00;351,00;240,00;Geprueft
2006-03-27;378,00;393,00;351,00;Geprueft
2006-03-28;420,00;460,00;373,00;Geprueft
2006-03-29;469,00;478,00;453,00;Geprueft
2006-03-30;432,00;453,00;405,00;Geprueft
2006-03-31;399,00;429,00;388,00;Geprueft
2006-04-01;416,00;435,00;383,00;Geprueft
2006-04-02;380,00;391,00;371,00;Geprueft
2006-04-03;386,00;392,00;376,00;Geprueft
2006-04-04;355,00;376,00;332,00;Geprueft
2006-04-05;316,00;333,00;304,00;Geprueft
2006-04-06;322,00;326,00;315,00;Geprueft
2006-04-07;310,00;320,00;294,00;Geprueft
2006-04-08;279,00;294,00;261,00;Geprueft
2006-04-09;261,00;268,00;257,00;Geprueft
2006-04-10;322,00;357,00;266,00;Geprueft
2006-04-11;386,00;398,00;357,00;Geprueft
2006-04-12;376,00;394,00;341,00;Geprueft
2006-04-13;323,00;341,00;309,00;Geprueft
2006-04-14;322,00;326,00;314,00;Geprueft
2006-04-15;325,00;328,00;316,00;Geprueft
2006-04-16;317,00;325,00;315,00;Geprueft
2006-04-17;336,00;341,00;325,00;Geprueft
2006-04-18;320,00;336,00;309,00;Geprueft
2006-04-19;297,00;309,00;289,00;Geprueft
2006-04-20;275,00;289,00;262,00;Geprueft
2006-04-21;253,00;262,00;246,00;Geprueft
2006-04-22;246,00;252,00;241,00;Geprueft
2006-04-23;242,00;247,00;241,00;Geprueft
2006-04-24;243,00;253,00;233,00;Geprueft
2006-04-25;230,00;240,00;223,00;Geprueft
2006-04-26;226,00;232,00;221,00;Geprueft
2006-04-27;228,00;233,00;225,00;Geprueft
2006-04-28;240,00;292,00;222,00;Geprueft
2006-04-29;344,00;371,00;292,00;Geprueft
2006-04-30;279,00;311,00;251,00;Geprueft
2006-05-01;231,00;252,00;211,00;Geprueft
2006-05-02;203,00;211,00;196,00;Geprueft
2006-05-03;190,00;208,00;172,00;Geprueft
2006-05-04;191,00;196,00;187,00;Geprueft
2006-05-05;189,00;192,00;182,00;Geprueft
2006-05-06;187,00;191,00;184,00;Geprueft
2006-05-07;181,00;184,00;180,00;Geprueft
2006-05-08;167,00;181,00;160,00;Geprueft
2006-05-09;167,00;181,00;164,00;Geprueft
2006-05-10;173,00;181,00;162,00;Geprueft
2006-05-11;159,00;162,00;154,00;Geprueft
2006-05-12;152,00;154,00;149,00;Geprueft
2006-05-13;153,00;159,00;149,00;Geprueft
2006-05-14;175,00;208,00;159,00;Geprueft
2006-05-15;200,00;211,00;179,00;Geprueft
2006-05-16;176,00;208,00;165,00;Geprueft
2006-05-17;208,00;214,00;200,00;Geprueft
2006-05-18;213,00;227,00;199,00;Geprueft
2006-05-19;224,00;238,00;202,00;Geprueft
2006-05-20;201,00;235,00;186,00;Geprueft
2006-05-21;174,00;186,00;168,00;Geprueft
2006-05-22;166,00;173,00;160,00;Geprueft
2006-05-23;161,00;163,00;156,00;Geprueft
2006-05-24;152,00;157,00;144,00;Geprueft
2006-05-25;138,00;144,00;133,00;Geprueft
2006-05-26;139,00;141,00;137,00;Geprueft
2006-05-27;151,00;164,00;140,00;Geprueft
2006-05-28;207,00;225,00;164,00;Geprueft
2006-05-29;283,00;330,00;210,00;Geprueft
2006-05-30;320,00;352,00;298,00;Geprueft
2006-05-31;320,00;351,00;287,00;Geprueft
2006-06-01;262,00;287,00;245,00;Geprueft
2006-06-02;251,00;261,00;243,00;Geprueft
2006-06-03;223,00;243,00;218,00;Geprueft
2006-06-04;205,00;219,00;198,00;Geprueft
2006-06-05;192,00;198,00;189,00;Geprueft
2006-06-06;186,00;196,00;173,00;Geprueft
2006-06-07;172,00;175,00;167,00;Geprueft
2006-06-08;158,00;167,00;148,00;Geprueft
2006-06-09;149,00;152,00;143,00;Geprueft
2006-06-10;139,00;143,00;134,00;Geprueft
2006-06-11;135,00;136,00;133,00;Geprueft
2006-06-12;131,00;136,00;128,00;Geprueft
2006-06-13;127,00;130,00;126,00;Geprueft
2006-06-14;126,00;126,00;125,00;Geprueft
2006-06-15;123,00;125,00;117,00;Geprueft
2006-06-16;117,00;119,00;112,00;Geprueft
2006-06-17;120,00;130,00;113,00;Geprueft
2006-06-18;124,00;131,00;119,00;Geprueft
2006-06-19;131,00;145,00;119,00;Geprueft
2006-06-20;116,00;119,00;114,00;Geprueft
2006-06-21;116,00;144,00;103,00;Geprueft
2006-06-22;133,00;146,00;121,00;Geprueft
2006-06-23;117,00;122,00;112,00;Geprueft
2006-06-24;105,00;115,00;95,00;Geprueft
2006-06-25;94,00;96,00;93,00;Geprueft
2006-06-26;110,00;116,00;96,00;Geprueft
2006-06-27;99,00;104,00;85,00;Geprueft
2006-06-28;98,00;111,00;84,00;Geprueft
2006-06-29;99,00;102,00;94,00;Geprueft
2006-06-30;103,00;108,00;95,00;Geprueft
2006-07-01;93,00;99,00;85,00;Geprueft
2006-07-02;82,00;86,00;78,00;Geprueft
2006-07-03;84,00;87,00;81,00;Geprueft
2006-07-04;80,00;82,00;77,00;Geprueft
2006-07-05;78,00;83,00;76,00;Geprueft
2006-07-06;82,00;100,00;78,00;Geprueft
2006-07-07;107,00;121,00;93,00;Geprueft
2006-07-08;122,00;132,00;116,00;Geprueft
2006-07-09;127,00;142,00;101,00;Geprueft
2006-07-10;94,00;101,00;91,00;Geprueft
2006-07-11;88,00;94,00;78,00;Geprueft
2006-07-12;78,00;80,00;74,00;Geprueft
2006-07-13;90,00;102,00;76,00;Geprueft
2006-07-14;86,00;102,00;77,00;Geprueft
2006-07-15;81,00;84,00;79,00;Geprueft
2006-07-16;75,00;84,00;73,00;Geprueft
2006-07-17;72,00;75,00;65,00;Geprueft
2006-07-18;65,00;68,00;63,00;Geprueft
2006-07-19;69,00;74,00;63,00;Geprueft
2006-07-20;65,00;71,00;58,00;Geprueft
2006-07-21;60,00;69,00;58,00;Geprueft
2006-07-22;65,00;76,00;58,00;Geprueft
2006-07-23;67,00;78,00;59,00;Geprueft
2006-07-24;67,00;73,00;60,00;Geprueft
2006-07-25;61,00;64,00;59,00;Geprueft
2006-07-26;61,00;63,00;57,00;Geprueft
2006-07-27;52,00;57,00;50,00;Geprueft
2006-07-28;59,00;65,00;55,00;Geprueft
2006-07-29;92,00;103,00;65,00;Geprueft
2006-07-30;85,00;93,00;76,00;Geprueft
2006-07-31;71,00;90,00;62,00;Geprueft
2006-08-01;84,00;99,00;77,00;Geprueft
2006-08-02;100,00;109,00;91,00;Geprueft
2006-08-03;106,00;114,00;97,00;Geprueft
2006-08-04;121,00;132,00;114,00;Geprueft
2006-08-05;127,00;133,00;118,00;Geprueft
2006-08-06;107,00;123,00;100,00;Geprueft
2006-08-07;186,00;277,00;123,00;Geprueft
2006-08-08;208,00;281,00;150,00;Geprueft
2006-08-09;157,00;166,00;150,00;Geprueft
2006-08-10;141,00;165,00;127,00;Geprueft
2006-08-11;123,00;128,00;117,00;Geprueft
2006-08-12;131,00;139,00;121,00;Geprueft
2006-08-13;128,00;139,00;119,00;Geprueft
2006-08-14;118,00;122,00;115,00;Geprueft
2006-08-15;116,00;121,00;108,00;Geprueft
2006-08-16;97,00;108,00;94,00;Geprueft
2006-08-17;91,00;95,00;87,00;Geprueft
2006-08-18;90,00;95,00;86,00;Geprueft
2006-08-19;85,00;95,00;80,00;Geprueft
2006-08-20;85,00;105,00;77,00;Geprueft
2006-08-21;99,00;106,00;89,00;Geprueft
2006-08-22;106,00;115,00;102,00;Geprueft
2006-08-23;121,00;129,00;110,00;Geprueft
2006-08-24;102,00;113,00;92,00;Geprueft
2006-08-25;113,00;117,00;110,00;Geprueft
2006-08-26;105,00;116,00;94,00;Geprueft
2006-08-27;90,00;117,00;81,00;Geprueft
2006-08-28;154,00;176,00;117,00;Geprueft
2006-08-29;199,00;254,00;156,00;Geprueft
2006-08-30;216,00;260,00;199,00;Geprueft
2006-08-31;251,00;273,00;211,00;Geprueft
2006-09-01;184,00;211,00;167,00;Geprueft
2006-09-02;145,00;167,00;132,00;Geprueft
2006-09-03;125,00;132,00;115,00;Geprueft
2006-09-04;111,00;117,00;102,00;Geprueft
2006-09-05;99,00;102,00;97,00;Geprueft
2006-09-06;90,00;98,00;85,00;Geprueft
2006-09-07;84,00;86,00;81,00;Geprueft
2006-09-08;121,00;172,00;83,00;Geprueft
2006-09-09;125,00;171,00;100,00;Geprueft
2006-09-10;97,00;100,00;90,00;Geprueft
2006-09-11;85,00;93,00;76,00;Geprueft
2006-09-12;84,00;86,00;76,00;Geprueft
2006-09-13;84,00;99,00;71,00;Geprueft
2006-09-14;79,00;85,00;73,00;Geprueft
2006-09-15;73,00;76,00;71,00;Geprueft
2006-09-16;70,00;73,00;68,00;Geprueft
2006-09-17;86,00;135,00;66,00;Geprueft
2006-09-18;118,00;134,00;103,00;Geprueft
2006-09-19;136,00;163,00;104,00;Geprueft
2006-09-20;148,00;163,00;117,00;Geprueft
2006-09-21;109,00;117,00;98,00;Geprueft
2006-09-22;90,00;99,00;82,00;Geprueft
2006-09-23;80,00;91,00;69,00;Geprueft
2006-09-24;78,00;80,00;72,00;Geprueft
2006-09-25;75,00;79,00;73,00;Geprueft
2006-09-26;98,00;120,00;72,00;Geprueft
2006-09-27;110,00;120,00;97,00;Geprueft
2006-09-28;99,00;103,00;95,00;Geprueft
2006-09-29;84,00;96,00;78,00;Geprueft
2006-09-30;78,00;80,00;75,00;Geprueft
2006-10-01;77,00;84,00;75,00;Geprueft
2006-10-02;88,00;91,00;84,00;Geprueft
2006-10-03;99,00;112,00;90,00;Geprueft
2006-10-04;162,00;226,00;111,00;Geprueft
2006-10-05;155,00;186,00;139,00;Geprueft
2006-10-06;128,00;140,00;118,00;Geprueft
2006-10-07;112,00;118,00;108,00;Geprueft
2006-10-08;105,00;112,00;96,00;Geprueft
2006-10-09;97,00;103,00;89,00;Geprueft
2006-10-10;89,00;91,00;84,00;Geprueft
2006-10-11;82,00;84,00;80,00;Geprueft
2006-10-12;77,00;82,00;71,00;Geprueft
2006-10-13;79,00;82,00;77,00;Geprueft
2006-10-14;74,00;79,00;71,00;Geprueft
2006-10-15;68,00;75,00;65,00;Geprueft
2006-10-16;71,00;73,00;65,00;Geprueft
2006-10-17;68,00;69,00;68,00;Geprueft
2006-10-18;65,00;68,00;57,00;Geprueft
2006-10-19;64,00;66,00;63,00;Geprueft
2006-10-20;62,00;65,00;61,00;Geprueft
2006-10-21;58,00;62,00;53,00;Geprueft
2006-10-22;59,00;61,00;57,00;Geprueft
2006-10-23;57,00;59,00;53,00;Geprueft
2006-10-24;60,00;63,00;57,00;Geprueft
2006-10-25;60,00;63,00;57,00;Geprueft
2006-10-26;63,00;69,00;59,00;Geprueft
2006-10-27;59,00;62,00;54,00;Geprueft
2006-10-28;52,00;55,00;44,00;Geprueft
2006-10-29;57,00;61,00;53,00;Geprueft
2006-10-30;61,00;63,00;60,00;Geprueft
2006-10-31;68,00;70,00;63,00;Geprueft
2006-11-01;62,00;66,00;60,00;Geprueft
2006-11-02;58,00;69,00;52,00;Geprueft
2006-11-03;68,00;70,00;63,00;Geprueft
2006-11-04;59,00;64,00;54,00;Geprueft
2006-11-05;64,00;70,00;58,00;Geprueft
2006-11-06;59,00;62,00;58,00;Geprueft
2006-11-07;59,00;62,00;56,00;Geprueft
2006-11-08;54,00;57,00;50,00;Geprueft
2006-11-09;57,00;62,00;50,00;Geprueft
2006-11-10;72,00;93,00;54,00;Geprueft
2006-11-11;77,00;92,00;64,00;Geprueft
2006-11-12;86,00;120,00;64,00;Geprueft
2006-11-13;133,00;150,00;109,00;Geprueft
2006-11-14;102,00;109,00;97,00;Geprueft
2006-11-15;123,00;141,00;105,00;Geprueft
2006-11-16;96,00;112,00;85,00;Geprueft
2006-11-17;75,00;85,00;72,00;Geprueft
2006-11-18;75,00;78,00;72,00;Geprueft
2006-11-19;70,00;73,00;66,00;Geprueft
2006-11-20;71,00;76,00;66,00;Geprueft
2006-11-21;67,00;76,00;61,00;Geprueft
2006-11-22;73,00;80,00;69,00;Geprueft
2006-11-23;81,00;90,00;78,00;Geprueft
2006-11-24;70,00;91,00;64,00;Geprueft
2006-11-25;68,00;71,00;65,00;Geprueft
2006-11-26;63,00;67,00;59,00;Geprueft
2006-11-27;68,00;70,00;63,00;Geprueft
2006-11-28;61,00;68,00;54,00;Geprueft
2006-11-29;56,00;63,00;44,00;Geprueft
2006-11-30;58,00;59,00;57,00;Geprueft
2006-12-01;55,00;58,00;50,00;Geprueft
2006-12-02;48,00;52,00;46,00;Geprueft
2006-12-03;58,00;61,00;52,00;Geprueft
2006-12-04;61,00;65,00;58,00;Geprueft
2006-12-05;78,00;94,00;65,00;Geprueft
2006-12-06;87,00;94,00;78,00;Geprueft
2006-12-07;98,00;124,00;78,00;Geprueft
2006-12-08;115,00;124,00;98,00;Geprueft
2006-12-09;102,00;129,00;94,00;Geprueft
2006-12-10;136,00;141,00;129,00;Geprueft
2006-12-11;129,00;135,00;112,00;Geprueft
2006-12-12;108,00;112,00;103,00;Geprueft
2006-12-13;96,00;103,00;92,00;Geprueft
2006-12-14;88,00;98,00;78,00;Geprueft
2006-12-15;84,00;89,00;82,00;Geprueft
2006-12-16;81,00;87,00;71,00;Geprueft
2006-12-17;78,00;84,00;72,00;Geprueft
2006-12-18;100,00;104,00;84,00;Geprueft
2006-12-19;90,00;100,00;84,00;Geprueft
2006-12-20;80,00;84,00;76,00;Geprueft
2006-12-21;69,00;77,00;59,00;Geprueft
2006-12-22;68,00;71,00;65,00;Geprueft
2006-12-23;67,00;72,00;63,00;Geprueft
2006-12-24;61,00;63,00;59,00;Geprueft
2006-12-25;60,00;69,00;53,00;Geprueft
2006-12-26;58,00;65,00;52,00;Geprueft
2006-12-27;58,00;64,00;56,00;Geprueft
2006-12-28;58,00;60,00;57,00;Geprueft
2006-12-29;56,00;60,00;48,00;Geprueft
2006-12-30;54,00;58,00;48,00;Geprueft
2006-12-31;57,00;60,00;56,00;Geprueft
2007-01-01;67,00;119,00;51,00;Geprueft
2007-01-02;145,00;165,00;119,00;Geprueft
2007-01-03;124,00;126,00;117,00;Geprueft
2007-01-04;111,00;118,00;108,00;Geprueft
2007-01-05;111,00;124,00;104,00;Geprueft
2007-01-06;119,00;127,00;115,00;Geprueft
2007-01-07;114,00;126,00;107,00;Geprueft
2007-01-08;133,00;139,00;126,00;Geprueft
2007-01-09;130,00;139,00;125,00;Geprueft
2007-01-10;141,00;150,00;124,00;Geprueft
2007-01-11;130,00;142,00;124,00;Geprueft
2007-01-12;129,00;142,00;124,00;Geprueft
2007-01-13;135,00;143,00;122,00;Geprueft
2007-01-14;117,00;123,00;110,00;Geprueft
2007-01-15;110,00;112,00;101,00;Geprueft
2007-01-16;94,00;102,00;86,00;Geprueft
2007-01-17;95,00;102,00;86,00;Geprueft
2007-01-18;95,00;99,00;91,00;Geprueft
2007-01-19;122,00;225,00;85,00;Geprueft
2007-01-20;239,00;257,00;210,00;Geprueft
2007-01-21;190,00;210,00;170,00;Geprueft
2007-01-22;170,00;177,00;155,00;Geprueft
2007-01-23;146,00;155,00;141,00;Geprueft
2007-01-24;133,00;143,00;120,00;Geprueft
2007-01-25;119,00;124,00;108,00;Geprueft
2007-01-26;108,00;108,00;106,00;Geprueft
2007-01-27;101,00;106,00;96,00;Geprueft
2007-01-28;98,00;99,00;96,00;Geprueft
2007-01-29;100,00;106,00;95,00;Geprueft
2007-01-30;117,00;128,00;98,00;Geprueft
2007-01-31;122,00;125,00;112,00;Geprueft
2007-02-01;112,00;116,00;109,00;Geprueft
2007-02-02;108,00;115,00;103,00;Geprueft
2007-02-03;105,00;106,00;104,00;Geprueft
2007-02-04;107,00;108,00;106,00;Geprueft
2007-02-05;104,00;109,00;101,00;Geprueft
2007-02-06;108,00;137,00;101,00;Geprueft
2007-02-07;134,00;141,00;123,00;Geprueft
2007-02-08;129,00;139,00;124,00;Geprueft
2007-02-09;148,00;159,00;137,00;Geprueft
2007-02-10;151,00;159,00;144,00;Geprueft
2007-02-11;139,00;146,00;135,00;Geprueft
2007-02-12;193,00;236,00;143,00;Geprueft
2007-02-13;238,00;244,00;234,00;Geprueft
2007-02-14;220,00;234,00;208,00;Geprueft
2007-02-15;225,00;242,00;210,00;Geprueft
2007-02-16;239,00;247,00;216,00;Geprueft
2007-02-17;205,00;216,00;193,00;Geprueft
2007-02-18;177,00;193,00;160,00;Geprueft
2007-02-19;163,00;167,00;155,00;Geprueft
2007-02-20;149,00;156,00;143,00;Geprueft
2007-02-21;135,00;143,00;128,00;Geprueft
2007-02-22;123,00;128,00;119,00;Geprueft
2007-02-23;121,00;125,00;114,00;Geprueft
2007-02-24;114,00;114,00;112,00;Geprueft
2007-02-25;112,00;113,00;110,00;Geprueft
2007-02-26;108,00;117,00;103,00;Geprueft
2007-02-27;142,00;157,00;117,00;Geprueft
2007-02-28;159,00;171,00;154,00;Geprueft
2007-03-01;209,00;229,00;171,00;Geprueft
2007-03-02;242,00;280,00;215,00;Geprueft
2007-03-03;264,00;282,00;251,00;Geprueft
2007-03-04;272,00;287,00;248,00;Geprueft
2007-03-05;232,00;248,00;206,00;Geprueft
2007-03-06;195,00;206,00;178,00;Geprueft
2007-03-07;175,00;178,00;172,00;Geprueft
2007-03-08;162,00;172,00;156,00;Geprueft
2007-03-09;151,00;156,00;146,00;Geprueft
2007-03-10;136,00;148,00;128,00;Geprueft
2007-03-11;134,00;137,00;128,00;Geprueft
2007-03-12;126,00;132,00;119,00;Geprueft
2007-03-13;118,00;121,00;117,00;Geprueft
2007-03-14;115,00;125,00;103,00;Geprueft
2007-03-15;109,00;115,00;104,00;Geprueft
2007-03-16;107,00;115,00;103,00;Geprueft
2007-03-17;105,00;107,00;103,00;Geprueft
2007-03-18;105,00;109,00;103,00;Geprueft
2007-03-19;106,00;113,00;104,00;Geprueft
2007-03-20;117,00;122,00;112,00;Geprueft
2007-03-21;110,00;113,00;109,00;Geprueft
2007-03-22;106,00;111,00;104,00;Geprueft
2007-03-23;111,00;122,00;107,00;Geprueft
2007-03-24;130,00;139,00;122,00;Geprueft
2007-03-25;140,00;144,00;136,00;Geprueft
2007-03-26;161,00;174,00;144,00;Geprueft
2007-03-27;161,00;169,00;153,00;Geprueft
2007-03-28;151,00;167,00;138,00;Geprueft
2007-03-29;137,00;145,00;128,00;Geprueft
2007-03-30;123,00;131,00;107,00;Geprueft
2007-03-31;125,00;133,00;120,00;Geprueft
2007-04-01;120,00;127,00;112,00;Geprueft
2007-04-02;116,00;123,00;112,00;Geprueft
2007-04-03;111,00;114,00;106,00;Geprueft
2007-04-04;118,00;129,00;107,00;Geprueft
2007-04-05;123,00;128,00;111,00;Geprueft
2007-04-06;111,00;114,00;105,00;Geprueft
2007-04-07;100,00;106,00;98,00;Geprueft
2007-04-08;99,00;106,00;97,00;Geprueft
2007-04-09;98,00;103,00;96,00;Geprueft
2007-04-10;94,00;103,00;85,00;Geprueft
2007-04-11;96,00;100,00;93,00;Geprueft
2007-04-12;93,00;98,00;91,00;Geprueft
2007-04-13;90,00;95,00;88,00;Geprueft
2007-04-14;95,00;99,00;93,00;Geprueft
2007-04-15;90,00;95,00;87,00;Geprueft
2007-04-16;91,00;95,00;87,00;Geprueft
2007-04-17;93,00;99,00;76,00;Geprueft
2007-04-18;86,00;89,00;80,00;Geprueft
2007-04-19;82,00;84,00;78,00;Geprueft
2007-04-20;75,00;84,00;57,00;Geprueft
2007-04-21;77,00;81,00;71,00;Geprueft
2007-04-22;75,00;80,00;72,00;Geprueft
2007-04-23;72,00;76,00;69,00;Geprueft
2007-04-24;72,00;76,00;70,00;Geprueft
2007-04-25;70,00;78,00;63,00;Geprueft
2007-04-26;69,00;70,00;64,00;Geprueft
2007-04-27;68,00;69,00;66,00;Geprueft
2007-04-28;69,00;71,00;66,00;Geprueft
2007-04-29;68,00;71,00;66,00;Geprueft
2007-04-30;60,00;66,00;57,00;Geprueft
2007-05-01;63,00;66,00;62,00;Geprueft
2007-05-02;62,00;64,00;52,00;Geprueft
2007-05-03;55,00;60,00;50,00;Geprueft
2007-05-04;56,00;57,00;52,00;Geprueft
2007-05-05;67,00;98,00;52,00;Geprueft
2007-05-06;92,00;100,00;87,00;Geprueft
2007-05-07;79,00;87,00;73,00;Geprueft
2007-05-08;78,00;90,00;69,00;Geprueft
2007-05-09;155,00;229,00;90,00;Geprueft
2007-05-10;177,00;234,00;133,00;Geprueft
2007-05-11;114,00;133,00;95,00;Geprueft
2007-05-12;90,00;95,00;86,00;Geprueft
2007-05-13;79,00;86,00;76,00;Geprueft
2007-05-14;77,00;86,00;69,00;Geprueft
2007-05-15;80,00;89,00;74,00;Geprueft
2007-05-16;79,00;90,00;65,00;Geprueft
2007-05-17;90,00;133,00;72,00;Geprueft
2007-05-18;170,00;213,00;133,00;Geprueft
2007-05-19;130,00;157,00;108,00;Geprueft
2007-05-20;101,00;109,00;94,00;Geprueft
2007-05-21;89,00;104,00;79,00;Geprueft
2007-05-22;90,00;115,00;78,00;Geprueft
2007-05-23;102,00;122,00;78,00;Geprueft
2007-05-24;81,00;98,00;78,00;Geprueft
2007-05-25;78,00;81,00;74,00;Geprueft
2007-05-26;68,00;76,00;61,00;Geprueft
2007-05-27;63,00;65,00;61,00;Geprueft
2007-05-28;102,00;139,00;64,00;Geprueft
2007-05-29;207,00;382,00;129,00;Geprueft
2007-05-30;429,00;450,00;380,00;Geprueft
2007-05-31;305,00;380,00;254,00;Geprueft
2007-06-01;218,00;254,00;199,00;Geprueft
2007-06-02;199,00;209,00;189,00;Geprueft
2007-06-03;173,00;189,00;152,00;Geprueft
2007-06-04;145,00;152,00;133,00;Geprueft
2007-06-05;134,00;136,00;127,00;Geprueft
2007-06-06;121,00;128,00;116,00;Geprueft
2007-06-07;111,00;122,00;98,00;Geprueft
2007-06-08;97,00;105,00;94,00;Geprueft
2007-06-09;96,00;97,00;94,00;Geprueft
2007-06-10;103,00;111,00;93,00;Geprueft
2007-06-11;99,00;110,00;94,00;Geprueft
2007-06-12;114,00;146,00;95,00;Geprueft
2007-06-13;149,00;151,00;146,00;Geprueft
2007-06-14;144,00;150,00;118,00;Geprueft
2007-06-15;125,00;150,00;112,00;Geprueft
2007-06-16;155,00;170,00;143,00;Geprueft
2007-06-17;153,00;164,00;139,00;Geprueft
2007-06-18;133,00;139,00;127,00;Geprueft
2007-06-19;131,00;138,00;122,00;Geprueft
2007-06-20;105,00;122,00;93,00;Geprueft
2007-06-21;151,00;178,00;92,00;Geprueft
2007-06-22;174,00;183,00;168,00;Geprueft
2007-06-23;179,00;194,00;164,00;Geprueft
2007-06-24;161,00;164,00;155,00;Geprueft
2007-06-25;139,00;155,00;126,00;Geprueft
2007-06-26;144,00;153,00;127,00;Geprueft
2007-06-27;150,00;161,00;141,00;Geprueft
2007-06-28;148,00;152,00;128,00;Geprueft
2007-06-29;124,00;129,00;113,00;Geprueft
2007-06-30;111,00;114,00;107,00;Geprueft
2007-07-01;99,00;108,00;94,00;Geprueft
2007-07-02;109,00;135,00;99,00;Geprueft
2007-07-03;138,00;145,00;118,00;Geprueft
2007-07-04;144,00;199,00;117,00;Geprueft
2007-07-05;206,00;221,00;188,00;Geprueft
2007-07-06;200,00;215,00;181,00;Geprueft
2007-07-07;163,00;181,00;145,00;Geprueft
2007-07-08;137,00;145,00;130,00;Geprueft
2007-07-09;133,00;149,00;125,00;Geprueft
2007-07-10;224,00;261,00;149,00;Geprueft
2007-07-11;238,00;268,00;208,00;Geprueft
2007-07-12;188,00;209,00;175,00;Geprueft
2007-07-13;158,00;176,00;136,00;Geprueft
2007-07-14;130,00;136,00;117,00;Geprueft
2007-07-15;113,00;117,00;107,00;Geprueft
2007-07-16;101,00;109,00;94,00;Geprueft
2007-07-17;92,00;97,00;86,00;Geprueft
2007-07-18;88,00;93,00;84,00;Geprueft
2007-07-19;87,00;94,00;81,00;Geprueft
2007-07-20;83,00;86,00;80,00;Geprueft
2007-07-21;177,00;246,00;84,00;Geprueft
2007-07-22;209,00;241,00;185,00;Geprueft
2007-07-23;184,00;241,00;145,00;Geprueft
2007-07-24;154,00;168,00;144,00;Geprueft
2007-07-25;164,00;169,00;156,00;Geprueft
2007-07-26;140,00;170,00;120,00;Geprueft
2007-07-27;115,00;122,00;105,00;Geprueft
2007-07-28;97,00;105,00;89,00;Geprueft
2007-07-29;94,00;102,00;91,00;Geprueft
2007-07-30;135,00;223,00;102,00;Geprueft
2007-07-31;154,00;223,00;119,00;Geprueft
2007-08-01;113,00;119,00;101,00;Geprueft
2007-08-02;99,00;101,00;94,00;Geprueft
2007-08-03;108,00;137,00;94,00;Geprueft
2007-08-04;125,00;137,00;102,00;Geprueft
2007-08-05;97,00;102,00;90,00;Geprueft
2007-08-06;87,00;95,00;84,00;Geprueft
2007-08-07;77,00;85,00;71,00;Geprueft
2007-08-08;171,00;258,00;84,00;Geprueft
2007-08-09;277,00;333,00;237,00;Geprueft
2007-08-10;269,00;333,00;228,00;Geprueft
2007-08-11;242,00;251,00;229,00;Geprueft
2007-08-12;215,00;242,00;202,00;Geprueft
2007-08-13;175,00;202,00;151,00;Geprueft
2007-08-14;146,00;151,00;142,00;Geprueft
2007-08-15;131,00;142,00;116,00;Geprueft
2007-08-16;121,00;123,00;117,00;Geprueft
2007-08-17;121,00;135,00;118,00;Geprueft
2007-08-18;127,00;138,00;113,00;Geprueft
2007-08-19;107,00;113,00;101,00;Geprueft
2007-08-20;109,00;116,00;107,00;Geprueft
2007-08-21;122,00;133,00;116,00;Geprueft
2007-08-22;118,00;130,00;116,00;Geprueft
2007-08-23;131,00;153,00;108,00;Geprueft
2007-08-24;123,00;138,00;111,00;Geprueft
2007-08-25;109,00;112,00;100,00;Geprueft
2007-08-26;97,00;101,00;93,00;Geprueft
2007-08-27;88,00;96,00;83,00;Geprueft
2007-08-28;84,00;86,00;82,00;Geprueft
2007-08-29;115,00;157,00;84,00;Geprueft
2007-08-30;183,00;223,00;156,00;Geprueft
2007-08-31;179,00;191,00;162,00;Geprueft
2007-09-01;135,00;162,00;118,00;Geprueft
2007-09-02;123,00;132,00;116,00;Geprueft
2007-09-03;108,00;116,00;102,00;Geprueft
2007-09-04;191,00;271,00;114,00;Geprueft
2007-09-05;209,00;247,00;189,00;Geprueft
2007-09-06;180,00;189,00;155,00;Geprueft
2007-09-07;150,00;157,00;139,00;Geprueft
2007-09-08;139,00;141,00;132,00;Geprueft
2007-09-09;123,00;132,00;119,00;Geprueft
2007-09-10;119,00;128,00;103,00;Geprueft
2007-09-11;115,00;150,00;98,00;Geprueft
2007-09-12;144,00;169,00;112,00;Geprueft
2007-09-13;117,00;121,00;110,00;Geprueft
2007-09-14;101,00;110,00;96,00;Geprueft
2007-09-15;94,00;102,00;91,00;Geprueft
2007-09-16;88,00;94,00;82,00;Geprueft
2007-09-17;85,00;91,00;81,00;Geprueft
2007-09-18;100,00;135,00;86,00;Geprueft
2007-09-19;176,00;200,00;135,00;Geprueft
2007-09-20;128,00;152,00;113,00;Geprueft
2007-09-21;110,00;115,00;103,00;Geprueft
2007-09-22;98,00;105,00;90,00;Geprueft
2007-09-23;86,00;90,00;83,00;Geprueft
2007-09-24;85,00;94,00;79,00;Geprueft
2007-09-25;91,00;98,00;79,00;Geprueft
2007-09-26;108,00;125,00;89,00;Geprueft
2007-09-27;151,00;165,00;125,00;Geprueft
2007-09-28;143,00;150,00;138,00;Geprueft
2007-09-29;150,00;152,00;145,00;Geprueft
2007-09-30;131,00;146,00;116,00;Geprueft
2007-10-01;111,00;116,00;108,00;Geprueft
2007-10-02;103,00;111,00;97,00;Geprueft
2007-10-03;95,00;98,00;93,00;Geprueft
2007-10-04;99,00;101,00;98,00;Geprueft
2007-10-05;93,00;98,00;87,00;Geprueft
2007-10-06;87,00;95,00;82,00;Geprueft
2007-10-07;84,00;86,00;81,00;Geprueft
2007-10-08;79,00;85,00;77,00;Geprueft
2007-10-09;75,00;77,00;73,00;Geprueft
2007-10-10;73,00;77,00;70,00;Geprueft
2007-10-11;71,00;74,00;67,00;Geprueft
2007-10-12;71,00;77,00;68,00;Geprueft
2007-10-13;69,00;77,00;58,00;Geprueft
2007-10-14;67,00;71,00;63,00;Geprueft
2007-10-15;65,00;67,00;63,00;Geprueft
2007-10-16;67,00;68,00;66,00;Geprueft
2007-10-17;64,00;67,00;62,00;Geprueft
2007-10-18;64,00;69,00;58,00;Geprueft
2007-10-19;70,00;75,00;63,00;Geprueft
2007-10-20;69,00;76,00;63,00;Geprueft
2007-10-21;73,00;75,00;67,00;Geprueft
2007-10-22;66,00;69,00;62,00;Geprueft
2007-10-23;67,00;69,00;66,00;Geprueft
2007-10-24;68,00;69,00;67,00;Geprueft
2007-10-25;63,00;68,00;60,00;Geprueft
2007-10-26;59,00;61,00;56,00;Geprueft
2007-10-27;60,00;63,00;57,00;Geprueft
2007-10-28;60,00;63,00;58,00;Geprueft
2007-10-29;63,00;66,00;60,00;Geprueft
2007-10-30;66,00;68,00;63,00;Geprueft
2007-10-31;58,00;65,00;56,00;Geprueft
2007-11-01;62,00;63,00;59,00;Geprueft
2007-11-02;59,00;60,00;56,00;Geprueft
2007-11-03;57,00;61,00;55,00;Geprueft
2007-11-04;61,00;64,00;58,00;Geprueft
2007-11-05;55,00;58,00;51,00;Geprueft
2007-11-06;59,00;63,00;56,00;Geprueft
2007-11-07;66,00;73,00;57,00;Geprueft
2007-11-08;73,00;76,00;70,00;Geprueft
2007-11-09;84,00;88,00;74,00;Geprueft
2007-11-10;96,00;105,00;83,00;Geprueft
2007-11-11;172,00;249,00;105,00;Geprueft
2007-11-12;296,00;318,00;249,00;Geprueft
2007-11-13;238,00;270,00;202,00;Geprueft
2007-11-14;198,00;207,00;187,00;Geprueft
2007-11-15;173,00;191,00;154,00;Geprueft
2007-11-16;147,00;159,00;136,00;Geprueft
2007-11-17;131,00;138,00;124,00;Geprueft
2007-11-18;123,00;127,00;119,00;Geprueft
2007-11-19;117,00;121,00;112,00;Geprueft
2007-11-20;111,00;114,00;106,00;Geprueft
2007-11-21;107,00;111,00;105,00;Geprueft
2007-11-22;114,00;124,00;104,00;Geprueft
2007-11-23;128,00;135,00;120,00;Geprueft
2007-11-24;143,00;158,00;134,00;Geprueft
2007-11-25;162,00;171,00;150,00;Geprueft
2007-11-26;155,00;160,00;148,00;Geprueft
2007-11-27;147,00;152,00;144,00;Geprueft
2007-11-28;136,00;145,00;128,00;Geprueft
2007-11-29;124,00;128,00;114,00;Geprueft
2007-11-30;115,00;118,00;111,00;Geprueft
2007-12-01;120,00;129,00;117,00;Geprueft
2007-12-02;122,00;126,00;113,00;Geprueft
2007-12-03;150,00;206,00;118,00;Geprueft
2007-12-04;223,00;234,00;206,00;Geprueft
2007-12-05;209,00;220,00;205,00;Geprueft
2007-12-06;194,00;208,00;184,00;Geprueft
2007-12-07;203,00;236,00;183,00;Geprueft
2007-12-08;262,00;270,00;236,00;Geprueft
2007-12-09;256,00;267,00;246,00;Geprueft
2007-12-10;256,00;260,00;249,00;Geprueft
2007-12-11;252,00;278,00;241,00;Geprueft
2007-12-12;302,00;320,00;278,00;Geprueft
2007-12-13;274,00;284,00;257,00;Geprueft
2007-12-14;236,00;257,00;214,00;Geprueft
2007-12-15;199,00;214,00;194,00;Geprueft
2007-12-16;180,00;194,00;173,00;Geprueft
2007-12-17;163,00;173,00;157,00;Geprueft
2007-12-18;150,00;163,00;147,00;Geprueft
2007-12-19;140,00;151,00;135,00;Geprueft
2007-12-20;134,00;136,00;128,00;Geprueft
2007-12-21;124,00;128,00;119,00;Geprueft
2007-12-22;123,00;127,00;119,00;Geprueft
2007-12-23;116,00;124,00;113,00;Geprueft
2007-12-24;112,00;114,00;109,00;Geprueft
2007-12-25;109,00;114,00;106,00;Geprueft
2007-12-26;101,00;106,00;96,00;Geprueft
2007-12-27;103,00;111,00;97,00;Geprueft
2007-12-28;99,00;104,00;96,00;Geprueft
2007-12-29;99,00;107,00;94,00;Geprueft
2007-12-30;99,00;108,00;94,00;Geprueft
2007-12-31;104,00;108,00;99,00;Geprueft
2008-01-01;95,00;101,00;92,00;Geprueft
2008-01-02;93,00;96,00;90,00;Geprueft
2008-01-03;90,00;90,00;89,00;Geprueft
2008-01-04;88,00;90,00;87,00;Geprueft
2008-01-05;89,00;90,00;88,00;Geprueft
2008-01-06;187,00;243,00;90,00;Geprueft
2008-01-07;234,00;283,00;212,00;Geprueft
2008-01-08;278,00;308,00;233,00;Geprueft
2008-01-09;211,00;233,00;184,00;Geprueft
2008-01-10;171,00;184,00;165,00;Geprueft
2008-01-11;166,00;169,00;164,00;Geprueft
2008-01-12;152,00;167,00;142,00;Geprueft
2008-01-13;148,00;154,00;143,00;Geprueft
2008-01-14;137,00;146,00;134,00;Geprueft
2008-01-15;134,00;140,00;125,00;Geprueft
2008-01-16;127,00;131,00;124,00;Geprueft
2008-01-17;131,00;134,00;129,00;Geprueft
2008-01-18;160,00;183,00;134,00;Geprueft
2008-01-19;198,00;203,00;183,00;Geprueft
2008-01-20;186,00;194,00;173,00;Geprueft
2008-01-21;163,00;173,00;158,00;Geprueft
2008-01-22;164,00;176,00;156,00;Geprueft
2008-01-23;190,00;205,00;172,00;Geprueft
2008-01-24;168,00;172,00;157,00;Geprueft
2008-01-25;154,00;157,00;150,00;Geprueft
2008-01-26;150,00;155,00;145,00;Geprueft
2008-01-27;136,00;145,00;129,00;Geprueft
2008-01-28;129,00;131,00;126,00;Geprueft
2008-01-29;125,00;129,00;118,00;Geprueft
2008-01-30;119,00;121,00;118,00;Geprueft
2008-01-31;119,00;123,00;116,00;Geprueft
2008-02-01;116,00;124,00;112,00;Geprueft
2008-02-02;122,00;129,00;116,00;Geprueft
2008-02-03;131,00;133,00;124,00;Geprueft
2008-02-04;122,00;124,00;114,00;Geprueft
2008-02-05;113,00;121,00;109,00;Geprueft
2008-02-06;116,00;128,00;111,00;Geprueft
2008-02-07;143,00;149,00;128,00;Geprueft
2008-02-08;137,00;145,00;130,00;Geprueft
2008-02-09;123,00;130,00;117,00;Geprueft
2008-02-10;112,00;118,00;108,00;Geprueft
2008-02-11;109,00;111,00;103,00;Geprueft
2008-02-12;102,00;103,00;101,00;Geprueft
2008-02-13;104,00;105,00;101,00;Geprueft
2008-02-14;98,00;102,00;94,00;Geprueft
2008-02-15;93,00;98,00;91,00;Geprueft
2008-02-16;91,00;95,00;87,00;Geprueft
2008-02-17;87,00;90,00;85,00;Geprueft
2008-02-18;84,00;89,00;78,00;Geprueft
2008-02-19;87,00;88,00;86,00;Geprueft
2008-02-20;84,00;87,00;81,00;Geprueft
2008-02-21;82,00;88,00;79,00;Geprueft
2008-02-22;86,00;88,00;85,00;Geprueft
2008-02-23;83,00;86,00;82,00;Geprueft
2008-02-24;90,00;95,00;85,00;Geprueft
2008-02-25;90,00;95,00;88,00;Geprueft
2008-02-26;86,00;90,00;83,00;Geprueft
2008-02-27;91,00;111,00;83,00;Geprueft
2008-02-28;117,00;124,00;100,00;Geprueft
2008-02-29;100,00;115,00;92,00;Geprueft
2008-03-01;152,00;211,00;115,00;Geprueft
2008-03-02;239,00;270,00;211,00;Geprueft
2008-03-03;217,00;225,00;210,00;Geprueft
2008-03-04;198,00;222,00;185,00;Geprueft
2008-03-05;171,00;185,00;154,00;Geprueft
2008-03-06;143,00;154,00;130,00;Geprueft
2008-03-07;123,00;130,00;118,00;Geprueft
2008-03-08;115,00;119,00;110,00;Geprueft
2008-03-09;111,00;115,00;104,00;Geprueft
2008-03-10;108,00;119,00;103,00;Geprueft
2008-03-11;113,00;120,00;107,00;Geprueft
2008-03-12;147,00;196,00;119,00;Geprueft
2008-03-13;229,00;262,00;195,00;Geprueft
2008-03-14;199,00;226,00;187,00;Geprueft
2008-03-15;229,00;245,00;205,00;Geprueft
2008-03-16;211,00;223,00;203,00;Geprueft
2008-03-17;204,00;204,00;203,00;Geprueft
2008-03-18;224,00;232,00;204,00;Geprueft
2008-03-19;188,00;214,00;180,00;Geprueft
2008-03-20;162,00;184,00;151,00;Geprueft
2008-03-21;151,00;164,00;146,00;Geprueft
2008-03-22;178,00;185,00;164,00;Geprueft
2008-03-23;179,00;182,00;176,00;Geprueft
2008-03-24;171,00;182,00;162,00;Geprueft
2008-03-25;156,00;162,00;148,00;Geprueft
2008-03-26;146,00;149,00;141,00;Geprueft
2008-03-27;144,00;147,00;142,00;Geprueft
2008-03-28;144,00;148,00;140,00;Geprueft
2008-03-29;148,00;156,00;140,00;Geprueft
2008-03-30;163,00;166,00;147,00;Geprueft
2008-03-31;163,00;172,00;157,00;Geprueft
2008-04-01;154,00;171,00;146,00;Geprueft
2008-04-02;153,00;161,00;146,00;Geprueft
2008-04-03;176,00;186,00;161,00;Geprueft
2008-04-04;187,00;190,00;185,00;Geprueft
2008-04-05;176,00;190,00;169,00;Geprueft
2008-04-06;176,00;202,00;164,00;Geprueft
2008-04-07;199,00;220,00;183,00;Geprueft
2008-04-08;179,00;184,00;164,00;Geprueft
2008-04-09;154,00;164,00;149,00;Geprueft
2008-04-10;152,00;164,00;145,00;Geprueft
2008-04-11;173,00;191,00;160,00;Geprueft
2008-04-12;229,00;247,00;191,00;Geprueft
2008-04-13;232,00;247,00;222,00;Geprueft
2008-04-14;207,00;222,00;195,00;Geprueft
2008-04-15;183,00;198,00;176,00;Geprueft
2008-04-16;190,00;203,00;174,00;Geprueft
2008-04-17;205,00;213,00;195,00;Geprueft
2008-04-18;196,00;199,00;191,00;Geprueft
2008-04-19;188,00;201,00;180,00;Geprueft
2008-04-20;189,00;201,00;183,00;Geprueft
2008-04-21;177,00;184,00;171,00;Geprueft
2008-04-22;279,00;423,00;181,00;Geprueft
2008-04-23;418,00;431,00;376,00;Geprueft
2008-04-24;321,00;376,00;278,00;Geprueft
2008-04-25;267,00;278,00;259,00;Geprueft
2008-04-26;256,00;269,00;232,00;Geprueft
2008-04-27;217,00;232,00;204,00;Geprueft
2008-04-28;203,00;210,00;198,00;Geprueft
2008-04-29;215,00;237,00;199,00;Geprueft
2008-04-30;223,00;241,00;207,00;Geprueft
2008-05-01;211,00;227,00;195,00;Geprueft
2008-05-02;186,00;198,00;168,00;Geprueft
2008-05-03;167,00;173,00;162,00;Geprueft
2008-05-04;165,00;168,00;162,00;Geprueft
2008-05-05;161,00;168,00;156,00;Geprueft
2008-05-06;158,00;163,00;151,00;Geprueft
2008-05-07;153,00;157,00;148,00;Geprueft
2008-05-08;150,00;155,00;145,00;Geprueft
2008-05-09;148,00;154,00;144,00;Geprueft
2008-05-10;148,00;153,00;143,00;Geprueft
2008-05-11;152,00;155,00;148,00;Geprueft
2008-05-12;146,00;150,00;138,00;Geprueft
2008-05-13;138,00;143,00;129,00;Geprueft
2008-05-14;137,00;141,00;129,00;Geprueft
2008-05-15;133,00;136,00;129,00;Geprueft
2008-05-16;136,00;138,00;133,00;Geprueft
2008-05-17;143,00;144,00;136,00;Geprueft
2008-05-18;152,00;170,00;143,00;Geprueft
2008-05-19;186,00;198,00;170,00;Geprueft
2008-05-20;149,00;172,00;130,00;Geprueft
2008-05-21;130,00;133,00;127,00;Geprueft
2008-05-22;121,00;127,00;117,00;Geprueft
2008-05-23;113,00;117,00;111,00;Geprueft
2008-05-24;115,00;117,00;111,00;Geprueft
2008-05-25;118,00;123,00;115,00;Geprueft
2008-05-26;124,00;125,00;123,00;Geprueft
2008-05-27;124,00;126,00;123,00;Geprueft
2008-05-28;132,00;137,00;123,00;Geprueft
2008-05-29;124,00;132,00;120,00;Geprueft
2008-05-30;127,00;135,00;120,00;Geprueft
2008-05-31;131,00;139,00;118,00;Geprueft
2008-06-01;119,00;120,00;118,00;Geprueft
2008-06-02;115,00;118,00;110,00;Geprueft
2008-06-03;123,00;136,00;110,00;Geprueft
2008-06-04;120,00;124,00;116,00;Geprueft
2008-06-05;134,00;142,00;122,00;Geprueft
2008-06-06;130,00;139,00;118,00;Geprueft
2008-06-07;115,00;119,00;113,00;Geprueft
2008-06-08;124,00;128,00;118,00;Geprueft
2008-06-09;117,00;123,00;107,00;Geprueft
2008-06-10;104,00;113,00;98,00;Geprueft
2008-06-11;126,00;142,00;113,00;Geprueft
2008-06-12;132,00;135,00;129,00;Geprueft
2008-06-13;121,00;129,00;110,00;Geprueft
2008-06-14;127,00;134,00;114,00;Geprueft
2008-06-15;106,00;115,00;96,00;Geprueft
2008-06-16;95,00;99,00;91,00;Geprueft
2008-06-17;99,00;102,00;93,00;Geprueft
2008-06-18;100,00;110,00;90,00;Geprueft
2008-06-19;107,00;119,00;100,00;Geprueft
2008-06-20;102,00;120,00;91,00;Geprueft
2008-06-21;91,00;91,00;90,00;Geprueft
2008-06-22;87,00;92,00;81,00;Geprueft
2008-06-23;97,00;104,00;92,00;Geprueft
2008-06-24;99,00;104,00;96,00;Geprueft
2008-06-25;95,00;104,00;82,00;Geprueft
2008-06-26;83,00;85,00;80,00;Geprueft
2008-06-27;89,00;91,00;84,00;Geprueft
2008-06-28;75,00;84,00;68,00;Geprueft
2008-06-29;69,00;73,00;65,00;Geprueft
2008-06-30;84,00;93,00;72,00;Geprueft
2008-07-01;76,00;78,00;72,00;Geprueft
2008-07-02;67,00;76,00;61,00;Geprueft
2008-07-03;77,00;93,00;67,00;Geprueft
2008-07-04;105,00;120,00;93,00;Geprueft
2008-07-05;90,00;114,00;69,00;Geprueft
2008-07-06;73,00;75,00;69,00;Geprueft
2008-07-07;89,00;103,00;72,00;Geprueft
2008-07-08;92,00;94,00;87,00;Geprueft
2008-07-09;78,00;89,00;71,00;Geprueft
2008-07-10;76,00;77,00;65,00;Geprueft
2008-07-11;60,00;70,00;55,00;Geprueft
2008-07-12;78,00;84,00;70,00;Geprueft
2008-07-13;127,00;191,00;75,00;Geprueft
2008-07-14;223,00;276,00;191,00;Geprueft
2008-07-15;253,00;301,00;185,00;Geprueft
2008-07-16;149,00;185,00;127,00;Geprueft
2008-07-17;122,00;146,00;113,00;Geprueft
2008-07-18;179,00;205,00;146,00;Geprueft
2008-07-19;131,00;151,00;110,00;Geprueft
2008-07-20;121,00;151,00;110,00;Geprueft
2008-07-21;198,00;254,00;151,00;Geprueft
2008-07-22;163,00;205,00;138,00;Geprueft
2008-07-23;136,00;138,00;132,00;Geprueft
2008-07-24;112,00;132,00;102,00;Geprueft
2008-07-25;99,00;103,00;90,00;Geprueft
2008-07-26;84,00;90,00;81,00;Geprueft
2008-07-27;87,00;90,00;83,00;Geprueft
2008-07-28;80,00;84,00;76,00;Geprueft
2008-07-29;85,00;96,00;76,00;Geprueft
2008-07-30;92,00;102,00;77,00;Geprueft
2008-07-31;87,00;96,00;77,00;Geprueft
2008-08-01;80,00;92,00;73,00;Geprueft
2008-08-02;88,00;98,00;75,00;Geprueft
2008-08-03;89,00;106,00;73,00;Geprueft
2008-08-04;73,00;80,00;64,00;Geprueft
2008-08-05;71,00;86,00;64,00;Geprueft
2008-08-06;80,00;87,00;70,00;Geprueft
2008-08-07;68,00;70,00;66,00;Geprueft
2008-08-08;72,00;80,00;66,00;Geprueft
2008-08-09;78,00;100,00;63,00;Geprueft
2008-08-10;100,00;111,00;73,00;Geprueft
2008-08-11;75,00;86,00;72,00;Geprueft
2008-08-12;95,00;102,00;86,00;Geprueft
2008-08-13;118,00;127,00;102,00;Geprueft
2008-08-14;109,00;125,00;95,00;Geprueft
2008-08-15;115,00;187,00;89,00;Geprueft
2008-08-16;220,00;231,00;187,00;Geprueft
2008-08-17;155,00;211,00;128,00;Geprueft
2008-08-18;114,00;128,00;104,00;Geprueft
2008-08-19;97,00;104,00;91,00;Geprueft
2008-08-20;90,00;97,00;81,00;Geprueft
2008-08-21;80,00;86,00;74,00;Geprueft
2008-08-22;77,00;82,00;74,00;Geprueft
2008-08-23;79,00;88,00;74,00;Geprueft
2008-08-24;106,00;124,00;88,00;Geprueft
2008-08-25;94,00;121,00;84,00;Geprueft
2008-08-26;77,00;84,00;73,00;Geprueft
2008-08-27;69,00;79,00;61,00;Geprueft
2008-08-28;67,00;75,00;58,00;Geprueft
2008-08-29;57,00;59,00;56,00;Geprueft
2008-08-30;60,00;63,00;59,00;Geprueft
2008-08-31;52,00;59,00;47,00;Geprueft
2008-09-01;57,00;67,00;47,00;Geprueft
2008-09-02;66,00;78,00;60,00;Geprueft
2008-09-03;62,00;66,00;56,00;Geprueft
2008-09-04;70,00;73,00;59,00;Geprueft
2008-09-05;68,00;72,00;67,00;Geprueft
2008-09-06;60,00;67,00;57,00;Geprueft
2008-09-07;81,00;108,00;57,00;Geprueft
2008-09-08;99,00;110,00;84,00;Geprueft
2008-09-09;71,00;84,00;64,00;Geprueft
2008-09-10;66,00;70,00;62,00;Geprueft
2008-09-11;58,00;62,00;55,00;Geprueft
2008-09-12;60,00;64,00;58,00;Geprueft
2008-09-13;62,00;69,00;54,00;Geprueft
2008-09-14;57,00;60,00;56,00;Geprueft
2008-09-15;73,00;80,00;60,00;Geprueft
2008-09-16;76,00;83,00;70,00;Geprueft
2008-09-17;64,00;76,00;58,00;Geprueft
2008-09-18;56,00;61,00;54,00;Geprueft
2008-09-19;54,00;58,00;47,00;Geprueft
2008-09-20;53,00;57,00;49,00;Geprueft
2008-09-21;51,00;57,00;45,00;Geprueft
2008-09-22;49,00;53,00;45,00;Geprueft
2008-09-23;52,00;52,00;48,00;Geprueft
2008-09-24;51,00;53,00;49,00;Geprueft
2008-09-25;51,00;52,00;50,00;Geprueft
2008-09-26;51,00;55,00;49,00;Geprueft
2008-09-27;48,00;51,00;44,00;Geprueft
2008-09-28;44,00;45,00;43,00;Geprueft
2008-09-29;48,00;55,00;43,00;Geprueft
2008-09-30;47,00;56,00;42,00;Geprueft
2008-10-01;47,00;52,00;41,00;Geprueft
2008-10-02;41,00;42,00;40,00;Geprueft
2008-10-03;49,00;59,00;41,00;Geprueft
2008-10-04;57,00;62,00;54,00;Geprueft
2008-10-05;57,00;61,00;55,00;Geprueft
2008-10-06;58,00;62,00;55,00;Geprueft
2008-10-07;61,00;86,00;48,00;Geprueft
2008-10-08;79,00;95,00;66,00;Geprueft
2008-10-09;64,00;66,00;59,00;Geprueft
2008-10-10;50,00;59,00;44,00;Geprueft
2008-10-11;52,00;57,00;46,00;Geprueft
2008-10-12;49,00;52,00;46,00;Geprueft
2008-10-13;46,00;50,00;43,00;Geprueft
2008-10-14;42,00;45,00;41,00;Geprueft
2008-10-15;52,00;60,00;44,00;Geprueft
2008-10-16;53,00;76,00;41,00;Geprueft
2008-10-17;119,00;154,00;74,00;Geprueft
2008-10-18;103,00;148,00;83,00;Geprueft
2008-10-19;74,00;83,00;65,00;Geprueft
2008-10-20;65,00;67,00;64,00;Geprueft
2008-10-21;59,00;65,00;54,00;Geprueft
2008-10-22;58,00;66,00;52,00;Geprueft
2008-10-23;57,00;62,00;52,00;Geprueft
2008-10-24;57,00;69,00;50,00;Geprueft
2008-10-25;57,00;60,00;54,00;Geprueft
2008-10-26;55,00;57,00;53,00;Geprueft
2008-10-27;50,00;53,00;48,00;Geprueft
2008-10-28;60,00;72,00;50,00;Geprueft
2008-10-29;86,00;104,00;68,00;Geprueft
2008-10-30;108,00;112,00;98,00;Geprueft
2008-10-31;104,00;110,00;97,00;Geprueft
2008-11-01;91,00;97,00;84,00;Geprueft
2008-11-02;84,00;90,00;77,00;Geprueft
2008-11-03;77,00;80,00;72,00;Geprueft
2008-11-04;78,00;81,00;77,00;Geprueft
2008-11-05;79,00;81,00;76,00;Geprueft
2008-11-06;73,00;76,00;70,00;Geprueft
2008-11-07;72,00;75,00;70,00;Geprueft
2008-11-08;65,00;71,00;59,00;Geprueft
2008-11-09;62,00;68,00;53,00;Geprueft
2008-11-10;62,00;69,00;55,00;Geprueft
2008-11-11;57,00;61,00;53,00;Geprueft
2008-11-12;52,00;53,00;51,00;Geprueft
2008-11-13;62,00;68,00;52,00;Geprueft
2008-11-14;64,00;66,00;61,00;Geprueft
2008-11-15;59,00;61,00;55,00;Geprueft
2008-11-16;55,00;60,00;50,00;Geprueft
2008-11-17;52,00;55,00;50,00;Geprueft
2008-11-18;64,00;70,00;55,00;Geprueft
2008-11-19;57,00;62,00;54,00;Geprueft
2008-11-20;59,00;62,00;55,00;Geprueft
2008-11-21;73,00;122,00;58,00;Geprueft
2008-11-22;157,00;183,00;122,00;Geprueft
2008-11-23;109,00;132,00;99,00;Geprueft
2008-11-24;99,00;108,00;90,00;Geprueft
2008-11-25;93,00;96,00;84,00;Geprueft
2008-11-26;84,00;84,00;82,00;Geprueft
2008-11-27;80,00;83,00;79,00;Geprueft
2008-11-28;66,00;79,00;59,00;Geprueft
2008-11-29;66,00;69,00;62,00;Geprueft
2008-11-30;68,00;68,00;67,00;Geprueft
2008-12-01;67,00;68,00;63,00;Geprueft
2008-12-02;72,00;88,00;63,00;Geprueft
2008-12-03;69,00;72,00;65,00;Geprueft
2008-12-04;66,00;68,00;62,00;Geprueft
2008-12-05;79,00;89,00;62,00;Geprueft
2008-12-06;99,00;112,00;89,00;Geprueft
2008-12-07;117,00;126,00;109,00;Geprueft
2008-12-08;122,00;126,00;115,00;Geprueft
2008-12-09;103,00;118,00;97,00;Geprueft
2008-12-10;99,00;102,00;96,00;Geprueft
2008-12-11;94,00;96,00;92,00;Geprueft
2008-12-12;90,00;94,00;82,00;Geprueft
2008-12-13;85,00;87,00;82,00;Geprueft
2008-12-14;84,00;85,00;84,00;Geprueft
2008-12-15;79,00;85,00;77,00;Geprueft
2008-12-16;79,00;82,00;75,00;Geprueft
2008-12-17;78,00;82,00;72,00;Geprueft
2008-12-18;78,00;83,00;77,00;Geprueft
2008-12-19;76,00;85,00;70,00;Geprueft
2008-12-20;97,00;126,00;84,00;Geprueft
2008-12-21;200,00;288,00;126,00;Geprueft
2008-12-22;280,00;304,00;241,00;Geprueft
2008-12-23;226,00;241,00;208,00;Geprueft
2008-12-24;190,00;208,00;171,00;Geprueft
2008-12-25;160,00;171,00;148,00;Geprueft
2008-12-26;142,00;148,00;133,00;Geprueft
2008-12-27;126,00;133,00;114,00;Geprueft
2008-12-28;114,00;118,00;111,00;Geprueft
2008-12-29;106,00;118,00;96,00;Geprueft
2008-12-30;99,00;106,00;89,00;Geprueft
2008-12-31;89,00;96,00;84,00;Geprueft
2009-01-01;88,00;92,00;84,00;Geprueft
2009-01-02;87,00;89,00;86,00;Geprueft
2009-01-03;80,00;87,00;75,00;Geprueft
2009-01-04;77,00;79,00;74,00;Geprueft
2009-01-05;77,00;77,00;74,00;Geprueft
2009-01-06;71,00;74,00;70,00;Geprueft
2009-01-07;70,00;72,00;66,00;Geprueft
2009-01-08;67,00;70,00;60,00;Geprueft
2009-01-09;60,00;62,00;57,00;Geprueft
2009-01-10;57,00;60,00;55,00;Geprueft
2009-01-11;58,00;62,00;56,00;Geprueft
2009-01-12;57,00;60,00;55,00;Geprueft
2009-01-13;57,00;63,00;55,00;Geprueft
2009-01-14;56,00;61,00;52,00;Geprueft
2009-01-15;56,00;60,00;52,00;Geprueft
2009-01-16;55,00;58,00;52,00;Geprueft
2009-01-17;57,00;60,00;55,00;Geprueft
2009-01-18;56,00;60,00;53,00;Geprueft
2009-01-19;61,00;68,00;57,00;Geprueft
2009-01-20;91,00;116,00;68,00;Geprueft
2009-01-21;114,00;120,00;104,00;Geprueft
2009-01-22;90,00;104,00;77,00;Geprueft
2009-01-23;76,00;88,00;72,00;Geprueft
2009-01-24;153,00;190,00;88,00;Geprueft
2009-01-25;130,00;142,00;113,00;Geprueft
2009-01-26;102,00;120,00;88,00;Geprueft
2009-01-27;86,00;90,00;79,00;Geprueft
2009-01-28;78,00;82,00;72,00;Geprueft
2009-01-29;69,00;72,00;67,00;Geprueft
2009-01-30;67,00;70,00;65,00;Geprueft
2009-01-31;59,00;65,00;56,00;Geprueft
2009-02-01;60,00;63,00;59,00;Geprueft
2009-02-02;59,00;63,00;56,00;Geprueft
2009-02-03;55,00;63,00;49,00;Geprueft
2009-02-04;62,00;66,00;57,00;Geprueft
2009-02-05;61,00;65,00;54,00;Geprueft
2009-02-06;54,00;55,00;52,00;Geprueft
2009-02-07;57,00;59,00;54,00;Geprueft
2009-02-08;59,00;62,00;58,00;Geprueft
2009-02-09;57,00;58,00;55,00;Geprueft
2009-02-10;76,00;141,00;57,00;Geprueft
2009-02-11;160,00;201,00;114,00;Geprueft
2009-02-12;119,00;127,00;97,00;Geprueft
2009-02-13;90,00;97,00;85,00;Geprueft
2009-02-14;79,00;85,00;76,00;Geprueft
2009-02-15;74,00;80,00;68,00;Geprueft
2009-02-16;65,00;68,00;62,00;Geprueft
2009-02-17;69,00;73,00;67,00;Geprueft
2009-02-18;74,00;80,00;66,00;Geprueft
2009-02-19;61,00;66,00;58,00;Geprueft
2009-02-20;59,00;63,00;56,00;Geprueft
2009-02-21;60,00;60,00;58,00;Geprueft
2009-02-22;63,00;71,00;57,00;Geprueft
2009-02-23;76,00;92,00;71,00;Geprueft
2009-02-24;111,00;121,00;92,00;Geprueft
2009-02-25;120,00;127,00;107,00;Geprueft
2009-02-26;112,00;120,00;103,00;Geprueft
2009-02-27;112,00;158,00;100,00;Geprueft
2009-02-28;164,00;178,00;154,00;Geprueft
2009-03-01;179,00;193,00;159,00;Geprueft
2009-03-02;177,00;186,00;158,00;Geprueft
2009-03-03;209,00;228,00;174,00;Geprueft
2009-03-04;217,00;225,00;197,00;Geprueft
2009-03-05;189,00;197,00;180,00;Geprueft
2009-03-06;199,00;217,00;181,00;Geprueft
2009-03-07;207,00;214,00;197,00;Geprueft
2009-03-08;188,00;205,00;172,00;Geprueft
2009-03-09;201,00;241,00;170,00;Geprueft
2009-03-10;236,00;248,00;210,00;Geprueft
2009-03-11;235,00;249,00;210,00;Geprueft
2009-03-12;243,00;250,00;228,00;Geprueft
2009-03-13;233,00;277,00;221,00;Geprueft
2009-03-14;284,00;301,00;258,00;Geprueft
2009-03-15;258,00;266,00;250,00;Geprueft
2009-03-16;247,00;255,00;237,00;Geprueft
2009-03-17;230,00;237,00;224,00;Geprueft
2009-03-18;212,00;224,00;203,00;Geprueft
2009-03-19;195,00;203,00;190,00;Geprueft
2009-03-20;185,00;194,00;179,00;Geprueft
2009-03-21;172,00;180,00;161,00;Geprueft
2009-03-22;157,00;164,00;151,00;Geprueft
2009-03-23;144,00;151,00;126,00;Geprueft
2009-03-24;163,00;182,00;144,00;Geprueft
2009-03-25;177,00;183,00;170,00;Geprueft
2009-03-26;181,00;183,00;176,00;Geprueft
2009-03-27;205,00;246,00;173,00;Geprueft
2009-03-28;253,00;261,00;241,00;Geprueft
2009-03-29;270,00;278,00;255,00;Geprueft
2009-03-30;271,00;288,00;261,00;Geprueft
2009-03-31;257,00;276,00;231,00;Geprueft
2009-04-01;219,00;231,00;212,00;Geprueft
2009-04-02;216,00;223,00;210,00;Geprueft
2009-04-03;226,00;234,00;216,00;Geprueft
2009-04-04;237,00;245,00;228,00;Geprueft
2009-04-05;264,00;283,00;242,00;Geprueft
2009-04-06;258,00;279,00;246,00;Geprueft
2009-04-07;238,00;249,00;233,00;Geprueft
2009-04-08;227,00;240,00;210,00;Geprueft
2009-04-09;215,00;229,00;208,00;Geprueft
2009-04-10;202,00;211,00;190,00;Geprueft
2009-04-11;204,00;211,00;200,00;Geprueft
2009-04-12;191,00;201,00;186,00;Geprueft
2009-04-13;181,00;187,00;174,00;Geprueft
2009-04-14;172,00;177,00;169,00;Geprueft
2009-04-15;172,00;176,00;166,00;Geprueft
2009-04-16;163,00;172,00;151,00;Geprueft
2009-04-17;168,00;174,00;162,00;Geprueft
2009-04-18;161,00;165,00;153,00;Geprueft
2009-04-19;147,00;153,00;141,00;Geprueft
2009-04-20;139,00;143,00;132,00;Geprueft
2009-04-21;144,00;149,00;133,00;Geprueft
2009-04-22;144,00;146,00;142,00;Geprueft
2009-04-23;136,00;143,00;131,00;Geprueft
2009-04-24;129,00;131,00;126,00;Geprueft
2009-04-25;118,00;128,00;113,00;Geprueft
2009-04-26;113,00;116,00;111,00;Geprueft
2009-04-27;113,00;117,00;109,00;Geprueft
2009-04-28;118,00;121,00;110,00;Geprueft
2009-04-29;114,00;119,00;112,00;Geprueft
2009-04-30;114,00;119,00;105,00;Geprueft
2009-05-01;99,00;105,00;97,00;Geprueft
2009-05-02;111,00;128,00;99,00;Geprueft
2009-05-03;130,00;131,00;128,00;Geprueft
2009-05-04;131,00;143,00;128,00;Geprueft
2009-05-05;150,00;153,00;131,00;Geprueft
2009-05-06;117,00;131,00;112,00;Geprueft
2009-05-07;112,00;114,00;110,00;Geprueft
2009-05-08;111,00;115,00;110,00;Geprueft
2009-05-09;131,00;138,00;115,00;Geprueft
2009-05-10;147,00;151,00;138,00;Geprueft
2009-05-11;146,00;147,00;143,00;Geprueft
2009-05-12;166,00;181,00;146,00;Geprueft
2009-05-13;177,00;187,00;170,00;Geprueft
2009-05-14;186,00;224,00;168,00;Geprueft
2009-05-15;202,00;225,00;191,00;Geprueft
2009-05-16;220,00;235,00;193,00;Geprueft
2009-05-17;186,00;217,00;169,00;Geprueft
2009-05-18;162,00;170,00;158,00;Geprueft
2009-05-19;160,00;173,00;147,00;Geprueft
2009-05-20;133,00;147,00;128,00;Geprueft
2009-05-21;128,00;131,00;126,00;Geprueft
2009-05-22;151,00;163,00;131,00;Geprueft
2009-05-23;156,00;163,00;143,00;Geprueft
2009-05-24;136,00;143,00;122,00;Geprueft
2009-05-25;133,00;135,00;127,00;Geprueft
2009-05-26;124,00;150,00;115,00;Geprueft
2009-05-27;200,00;240,00;150,00;Geprueft
2009-05-28;195,00;237,00;161,00;Geprueft
2009-05-29;148,00;161,00;136,00;Geprueft
2009-05-30;129,00;137,00;120,00;Geprueft
2009-05-31;119,00;122,00;113,00;Geprueft
2009-06-01;107,00;113,00;103,00;Geprueft
2009-06-02;104,00;109,00;100,00;Geprueft
2009-06-03;95,00;100,00;91,00;Geprueft
2009-06-04;91,00;92,00;89,00;Geprueft
2009-06-05;89,00;94,00;86,00;Geprueft
2009-06-06;89,00;106,00;84,00;Geprueft
2009-06-07;138,00;160,00;106,00;Geprueft
2009-06-08;122,00;134,00;114,00;Geprueft
2009-06-09;119,00;127,00;108,00;Geprueft
2009-06-10;99,00;113,00;86,00;Geprueft
2009-06-11;93,00;98,00;86,00;Geprueft
2009-06-12;97,00;101,00;89,00;Geprueft
2009-06-13;87,00;90,00;79,00;Geprueft
2009-06-14;80,00;83,00;78,00;Geprueft
2009-06-15;83,00;87,00;81,00;Geprueft
2009-06-16;118,00;181,00;84,00;Geprueft
2009-06-17;147,00;179,00;101,00;Geprueft
2009-06-18;109,00;121,00;95,00;Geprueft
2009-06-19;102,00;144,00;91,00;Geprueft
2009-06-20;166,00;177,00;144,00;Geprueft
2009-06-21;138,00;152,00;120,00;Geprueft
2009-06-22;136,00;180,00;119,00;Geprueft
2009-06-23;228,00;333,00;180,00;Geprueft
2009-06-24;332,00;364,00;284,00;Geprueft
2009-06-25;225,00;284,00;187,00;Geprueft
2009-06-26;173,00;188,00;160,00;Geprueft
2009-06-27;184,00;234,00;149,00;Geprueft
2009-06-28;227,00;240,00;198,00;Geprueft
2009-06-29;173,00;198,00;152,00;Geprueft
2009-06-30;143,00;155,00;126,00;Geprueft
2009-07-01;124,00;135,00;110,00;Geprueft
2009-07-02;118,00;120,00;110,00;Geprueft
2009-07-03;122,00;139,00;111,00;Geprueft
2009-07-04;131,00;141,00;122,00;Geprueft
2009-07-05;122,00;126,00;118,00;Geprueft
2009-07-06;121,00;130,00;118,00;Geprueft
2009-07-07;141,00;146,00;121,00;Geprueft
2009-07-08;152,00;159,00;146,00;Geprueft
2009-07-09;144,00;159,00;129,00;Geprueft
2009-07-10;133,00;143,00;122,00;Geprueft
2009-07-11;116,00;123,00;108,00;Geprueft
2009-07-12;104,00;108,00;101,00;Geprueft
2009-07-13;97,00;103,00;90,00;Geprueft
2009-07-14;90,00;92,00;85,00;Geprueft
2009-07-15;124,00;146,00;85,00;Geprueft
2009-07-16;140,00;145,00;136,00;Geprueft
2009-07-17;125,00;138,00;118,00;Geprueft
2009-07-18;213,00;260,00;138,00;Geprueft
2009-07-19;287,00;322,00;260,00;Geprueft
2009-07-20;231,00;262,00;209,00;Geprueft
2009-07-21;191,00;209,00;166,00;Geprueft
2009-07-22;153,00;166,00;142,00;Geprueft
2009-07-23;137,00;142,00;128,00;Geprueft
2009-07-24;138,00;147,00;128,00;Geprueft
2009-07-25;157,00;180,00;132,00;Geprueft
2009-07-26;158,00;180,00;139,00;Geprueft
2009-07-27;124,00;139,00;116,00;Geprueft
2009-07-28;145,00;169,00;116,00;Geprueft
2009-07-29;155,00;171,00;128,00;Geprueft
2009-07-30;117,00;128,00;111,00;Geprueft
2009-07-31;101,00;112,00;97,00;Geprueft
2009-08-01;93,00;97,00;90,00;Geprueft
2009-08-02;89,00;94,00;85,00;Geprueft
2009-08-03;86,00;93,00;82,00;Geprueft
2009-08-04;122,00;139,00;93,00;Geprueft
2009-08-05;120,00;139,00;103,00;Geprueft
2009-08-06;95,00;103,00;87,00;Geprueft
2009-08-07;86,00;91,00;83,00;Geprueft
2009-08-08;74,00;86,00;71,00;Geprueft
2009-08-09;77,00;80,00;71,00;Geprueft
2009-08-10;84,00;104,00;72,00;Geprueft
2009-08-11;97,00;104,00;91,00;Geprueft
2009-08-12;95,00;103,00;82,00;Geprueft
2009-08-13;80,00;84,00;76,00;Geprueft
2009-08-14;107,00;120,00;83,00;Geprueft
2009-08-15;94,00;115,00;86,00;Geprueft
2009-08-16;74,00;86,00;70,00;Geprueft
2009-08-17;69,00;82,00;66,00;Geprueft
2009-08-18;74,00;82,00;71,00;Geprueft
2009-08-19;68,00;72,00;66,00;Geprueft
2009-08-20;64,00;66,00;61,00;Geprueft
2009-08-21;61,00;65,00;58,00;Geprueft
2009-08-22;63,00;67,00;59,00;Geprueft
2009-08-23;64,00;67,00;60,00;Geprueft
2009-08-24;60,00;64,00;60,00;Geprueft
2009-08-25;58,00;64,00;41,00;Geprueft
2009-08-26;59,00;66,00;41,00;Geprueft
2009-08-27;62,00;63,00;62,00;Geprueft
2009-08-28;58,00;62,00;53,00;Geprueft
2009-08-29;55,00;59,00;44,00;Geprueft
2009-08-30;46,00;50,00;45,00;Geprueft
2009-08-31;50,00;51,00;50,00;Geprueft
2009-09-01;51,00;52,00;50,00;Geprueft
2009-09-02;52,00;64,00;49,00;Geprueft
2009-09-03;90,00;116,00;64,00;Geprueft
2009-09-04;105,00;118,00;98,00;Geprueft
2009-09-05;132,00;148,00;118,00;Geprueft
2009-09-06;111,00;148,00;89,00;Geprueft
2009-09-07;81,00;89,00;72,00;Geprueft
2009-09-08;68,00;72,00;60,00;Geprueft
2009-09-09;63,00;67,00;57,00;Geprueft
2009-09-10;57,00;66,00;51,00;Geprueft
2009-09-11;52,00;57,00;50,00;Geprueft
2009-09-12;48,00;52,00;45,00;Geprueft
2009-09-13;51,00;57,00;45,00;Geprueft
2009-09-14;54,00;60,00;51,00;Geprueft
2009-09-15;62,00;64,00;60,00;Geprueft
2009-09-16;57,00;61,00;55,00;Geprueft
2009-09-17;54,00;56,00;51,00;Geprueft
2009-09-18;64,00;69,00;52,00;Geprueft
2009-09-19;55,00;59,00;51,00;Geprueft
2009-09-20;49,00;52,00;46,00;Geprueft
2009-09-21;55,00;58,00;52,00;Geprueft
2009-09-22;53,00;57,00;49,00;Geprueft
2009-09-23;48,00;56,00;44,00;Geprueft
2009-09-24;47,00;57,00;42,00;Geprueft
2009-09-25;43,00;45,00;39,00;Geprueft
2009-09-26;40,00;43,00;39,00;Geprueft
2009-09-27;40,00;45,00;39,00;Geprueft
2009-09-28;42,00;45,00;39,00;Geprueft
2009-09-29;48,00;50,00;41,00;Geprueft
2009-09-30;41,00;43,00;40,00;Geprueft
2009-10-01;40,00;44,00;39,00;Geprueft
2009-10-02;43,00;45,00;39,00;Geprueft
2009-10-03;40,00;46,00;39,00;Geprueft
2009-10-04;42,00;48,00;39,00;Geprueft
2009-10-05;40,00;46,00;39,00;Geprueft
2009-10-06;46,00;49,00;44,00;Geprueft
2009-10-07;45,00;46,00;45,00;Geprueft
2009-10-08;42,00;46,00;40,00;Geprueft
2009-10-09;54,00;62,00;44,00;Geprueft
2009-10-10;60,00;63,00;56,00;Geprueft
2009-10-11;74,00;81,00;61,00;Geprueft
2009-10-12;92,00;126,00;68,00;Geprueft
2009-10-13;126,00;139,00;111,00;Geprueft
2009-10-14;94,00;111,00;79,00;Geprueft
2009-10-15;89,00;95,00;73,00;Geprueft
2009-10-16;73,00;75,00;71,00;Geprueft
2009-10-17;72,00;81,00;68,00;Geprueft
2009-10-18;103,00;109,00;81,00;Geprueft
2009-10-19;106,00;109,00;98,00;Geprueft
2009-10-20;82,00;98,00;73,00;Geprueft
2009-10-21;82,00;88,00;75,00;Geprueft
2009-10-22;79,00;90,00;74,00;Geprueft
2009-10-23;95,00;98,00;90,00;Geprueft
2009-10-24;83,00;93,00;75,00;Geprueft
2009-10-25;83,00;85,00;76,00;Geprueft
2009-10-26;82,00;86,00;78,00;Geprueft
2009-10-27;79,00;81,00;77,00;Geprueft
2009-10-28;77,00;81,00;70,00;Geprueft
2009-10-29;67,00;74,00;63,00;Geprueft
2009-10-30;62,00;65,00;59,00;Geprueft
2009-10-31;60,00;61,00;58,00;Geprueft
2009-11-01;58,00;66,00;55,00;Geprueft
2009-11-02;63,00;87,00;58,00;Geprueft
2009-11-03;112,00;126,00;87,00;Geprueft
2009-11-04;112,00;125,00;108,00;Geprueft
2009-11-05;133,00;156,00;105,00;Geprueft
2009-11-06;101,00;116,00;90,00;Geprueft
2009-11-07;86,00;90,00;78,00;Geprueft
2009-11-08;79,00;82,00;77,00;Geprueft
2009-11-09;87,00;97,00;82,00;Geprueft
2009-11-10;98,00;102,00;92,00;Geprueft
2009-11-11;85,00;92,00;79,00;Geprueft
2009-11-12;77,00;84,00;74,00;Geprueft
2009-11-13;78,00;82,00;71,00;Geprueft
2009-11-14;77,00;83,00;70,00;Geprueft
2009-11-15;76,00;82,00;71,00;Geprueft
2009-11-16;91,00;108,00;78,00;Geprueft
2009-11-17;114,00;122,00;107,00;Geprueft
2009-11-18;119,00;154,00;109,00;Geprueft
2009-11-19;148,00;161,00;121,00;Geprueft
2009-11-20;117,00;121,00;103,00;Geprueft
2009-11-21;94,00;103,00;84,00;Geprueft
2009-11-22;87,00;89,00;84,00;Geprueft
2009-11-23;85,00;87,00;83,00;Geprueft
2009-11-24;82,00;89,00;79,00;Geprueft
2009-11-25;118,00;130,00;89,00;Geprueft
2009-11-26;95,00;115,00;86,00;Geprueft
2009-11-27;96,00;101,00;85,00;Geprueft
2009-11-28;83,00;87,00;77,00;Geprueft
2009-11-29;79,00;81,00;76,00;Geprueft
2009-11-30;79,00;91,00;77,00;Geprueft
2009-12-01;97,00;103,00;91,00;Geprueft
2009-12-02;111,00;114,00;103,00;Geprueft
2009-12-03;114,00;118,00;108,00;Geprueft
2009-12-04;100,00;108,00;91,00;Geprueft
2009-12-05;106,00;110,00;102,00;Geprueft
2009-12-06;102,00;110,00;98,00;Geprueft
2009-12-07;101,00;121,00;98,00;Geprueft
2009-12-08;151,00;197,00;121,00;Geprueft
2009-12-09;188,00;207,00;165,00;Geprueft
2009-12-10;159,00;165,00;150,00;Geprueft
2009-12-11;171,00;203,00;150,00;Geprueft
2009-12-12;223,00;237,00;203,00;Geprueft
2009-12-13;188,00;208,00;177,00;Geprueft
2009-12-14;160,00;177,00;146,00;Geprueft
2009-12-15;139,00;146,00;130,00;Geprueft
2009-12-16;127,00;133,00;117,00;Geprueft
2009-12-17;117,00;121,00;114,00;Geprueft
2009-12-18;106,00;114,00;99,00;Geprueft
2009-12-19;101,00;103,00;95,00;Geprueft
2009-12-20;87,00;95,00;79,00;Geprueft
2009-12-21;90,00;94,00;87,00;Geprueft
2009-12-22;91,00;94,00;89,00;Geprueft
2009-12-23;121,00;139,00;94,00;Geprueft
2009-12-24;149,00;154,00;139,00;Geprueft
2009-12-25;133,00;148,00;127,00;Geprueft
2009-12-26;174,00;183,00;148,00;Geprueft
2009-12-27;152,00;160,00;142,00;Geprueft
2009-12-28;131,00;142,00;122,00;Geprueft
2009-12-29;124,00;129,00;122,00;Geprueft
2009-12-30;159,00;221,00;129,00;Geprueft
2009-12-31;244,00;253,00;221,00;Geprueft
2010-01-01;242,00;249,00;229,00;Geprueft
2010-01-02;221,00;229,00;218,00;Geprueft
2010-01-03;205,00;222,00;191,00;Geprueft
2010-01-04;176,00;191,00;163,00;Geprueft
2010-01-05;154,00;163,00;148,00;Geprueft
2010-01-06;142,00;150,00;129,00;Geprueft
2010-01-07;130,00;133,00;124,00;Geprueft
2010-01-08;119,00;124,00;117,00;Geprueft
2010-01-09;115,00;117,00;111,00;Geprueft
2010-01-10;110,00;111,00;108,00;Geprueft
2010-01-11;109,00;111,00;104,00;Geprueft
2010-01-12;98,00;109,00;94,00;Geprueft
2010-01-13;98,00;100,00;97,00;Geprueft
2010-01-14;96,00;103,00;92,00;Geprueft
2010-01-15;93,00;96,00;92,00;Geprueft
2010-01-16;88,00;95,00;85,00;Geprueft
2010-01-17;99,00;132,00;86,00;Geprueft
2010-01-18;152,00;164,00;132,00;Geprueft
2010-01-19;151,00;163,00;140,00;Geprueft
2010-01-20;134,00;144,00;124,00;Geprueft
2010-01-21;118,00;125,00;113,00;Geprueft
2010-01-22;109,00;113,00;107,00;Geprueft
2010-01-23;101,00;107,00;99,00;Geprueft
2010-01-24;97,00;105,00;88,00;Geprueft
2010-01-25;91,00;94,00;90,00;Geprueft
2010-01-26;89,00;91,00;87,00;Geprueft
2010-01-27;86,00;89,00;82,00;Geprueft
2010-01-28;86,00;101,00;78,00;Geprueft
2010-01-29;81,00;84,00;80,00;Geprueft
2010-01-30;81,00;87,00;78,00;Geprueft
2010-01-31;83,00;88,00;78,00;Geprueft
2010-02-01;76,00;85,00;55,00;Geprueft
2010-02-02;75,00;77,00;72,00;Geprueft
2010-02-03;80,00;83,00;76,00;Geprueft
2010-02-04;96,00;110,00;81,00;Geprueft
2010-02-05;109,00;113,00;106,00;Geprueft
2010-02-06;109,00;113,00;108,00;Geprueft
2010-02-07;128,00;135,00;112,00;Geprueft
2010-02-08;125,00;134,00;120,00;Geprueft
2010-02-09;117,00;121,00;110,00;Geprueft
2010-02-10;104,00;110,00;99,00;Geprueft
2010-02-11;98,00;99,00;97,00;Geprueft
2010-02-12;92,00;97,00;89,00;Geprueft
2010-02-13;89,00;90,00;85,00;Geprueft
2010-02-14;84,00;85,00;80,00;Geprueft
2010-02-15;80,00;84,00;79,00;Geprueft
2010-02-16;83,00;84,00;80,00;Geprueft
2010-02-17;76,00;80,00;73,00;Geprueft
2010-02-18;76,00;82,00;73,00;Geprueft
2010-02-19;85,00;87,00;82,00;Geprueft
2010-02-20;92,00;97,00;86,00;Geprueft
2010-02-21;98,00;100,00;95,00;Geprueft
2010-02-22;97,00;106,00;93,00;Geprueft
2010-02-23;111,00;128,00;102,00;Geprueft
2010-02-24;164,00;182,00;128,00;Geprueft
2010-02-25;208,00;222,00;182,00;Geprueft
2010-02-26;229,00;254,00;208,00;Geprueft
2010-02-27;288,00;297,00;254,00;Geprueft
2010-02-28;288,00;292,00;280,00;Geprueft
2010-03-01;296,00;303,00;286,00;Geprueft
2010-03-02;279,00;292,00;268,00;Geprueft
2010-03-03;250,00;268,00;239,00;Geprueft
2010-03-04;214,00;239,00;189,00;Geprueft
2010-03-05;182,00;191,00;169,00;Geprueft
2010-03-06;169,00;175,00;161,00;Geprueft
2010-03-07;153,00;161,00;146,00;Geprueft
2010-03-08;141,00;146,00;131,00;Geprueft
2010-03-09;130,00;131,00;126,00;Geprueft
2010-03-10;125,00;130,00;117,00;Geprueft
2010-03-11;119,00;125,00;116,00;Geprueft
2010-03-12;118,00;125,00;113,00;Geprueft
2010-03-13;115,00;120,00;112,00;Geprueft
2010-03-14;111,00;114,00;109,00;Geprueft
2010-03-15;109,00;113,00;106,00;Geprueft
2010-03-16;132,00;146,00;112,00;Geprueft
2010-03-17;150,00;155,00;144,00;Geprueft
2010-03-18;140,00;149,00;138,00;Geprueft
2010-03-19;139,00;146,00;133,00;Geprueft
2010-03-20;145,00;156,00;137,00;Geprueft
2010-03-21;171,00;213,00;144,00;Geprueft
2010-03-22;232,00;251,00;207,00;Geprueft
2010-03-23;220,00;238,00;209,00;Geprueft
2010-03-24;201,00;212,00;193,00;Geprueft
2010-03-25;193,00;199,00;190,00;Geprueft
2010-03-26;178,00;191,00;167,00;Geprueft
2010-03-27;186,00;196,00;177,00;Geprueft
2010-03-28;176,00;187,00;163,00;Geprueft
2010-03-29;183,00;187,00;179,00;Geprueft
2010-03-30;187,00;199,00;175,00;Geprueft
2010-03-31;172,00;184,00;162,00;Geprueft
2010-04-01;158,00;162,00;150,00;Geprueft
2010-04-02;143,00;150,00;137,00;Geprueft
2010-04-03;133,00;137,00;131,00;Geprueft
2010-04-04;127,00;131,00;123,00;Geprueft
2010-04-05;122,00;125,00;115,00;Geprueft
2010-04-06;120,00;121,00;120,00;Geprueft
2010-04-07;118,00;121,00;113,00;Geprueft
2010-04-08;108,00;113,00;106,00;Geprueft
2010-04-09;115,00;123,00;108,00;Geprueft
2010-04-10;114,00;116,00;111,00;Geprueft
2010-04-11;108,00;116,00;106,00;Geprueft
2010-04-12;105,00;108,00;100,00;Geprueft
2010-04-13;103,00;106,00;98,00;Geprueft
2010-04-14;101,00;117,00;98,00;Geprueft
2010-04-15;120,00;125,00;107,00;Geprueft
2010-04-16;103,00;108,00;96,00;Geprueft
2010-04-17;91,00;96,00;88,00;Geprueft
2010-04-18;93,00;96,00;91,00;Geprueft
2010-04-19;99,00;101,00;95,00;Geprueft
2010-04-20;98,00;101,00;95,00;Geprueft
2010-04-21;94,00;100,00;91,00;Geprueft
2010-04-22;91,00;93,00;87,00;Geprueft
2010-04-23;90,00;97,00;86,00;Geprueft
2010-04-24;95,00;97,00;93,00;Geprueft
2010-04-25;94,00;102,00;89,00;Geprueft
2010-04-26;101,00;103,00;99,00;Geprueft
2010-04-27;101,00;103,00;99,00;Geprueft
2010-04-28;97,00;101,00;89,00;Geprueft
2010-04-29;83,00;89,00;81,00;Geprueft
2010-04-30;94,00;103,00;87,00;Geprueft
2010-05-01;106,00;120,00;96,00;Geprueft
2010-05-02;122,00;125,00;119,00;Geprueft
2010-05-03;149,00;167,00;119,00;Geprueft
2010-05-04;142,00;167,00;119,00;Geprueft
2010-05-05;121,00;123,00;118,00;Geprueft
2010-05-06;120,00;126,00;116,00;Geprueft
2010-05-07;145,00;155,00;126,00;Geprueft
2010-05-08;154,00;159,00;140,00;Geprueft
2010-05-09;128,00;140,00;125,00;Geprueft
2010-05-10;130,00;139,00;127,00;Geprueft
2010-05-11;140,00;151,00;136,00;Geprueft
2010-05-12;157,00;161,00;151,00;Geprueft
2010-05-13;148,00;155,00;143,00;Geprueft
2010-05-14;153,00;162,00;149,00;Geprueft
2010-05-15;167,00;181,00;156,00;Geprueft
2010-05-16;152,00;156,00;148,00;Geprueft
2010-05-17;150,00;153,00;141,00;Geprueft
2010-05-18;134,00;141,00;126,00;Geprueft
2010-05-19;131,00;137,00;126,00;Geprueft
2010-05-20;137,00;140,00;135,00;Geprueft
2010-05-21;143,00;145,00;137,00;Geprueft
2010-05-22;132,00;137,00;127,00;Geprueft
2010-05-23;125,00;130,00;119,00;Geprueft
2010-05-24;115,00;119,00;109,00;Geprueft
2010-05-25;107,00;110,00;104,00;Geprueft
2010-05-26;117,00;125,00;109,00;Geprueft
2010-05-27;127,00;139,00;116,00;Geprueft
2010-05-28;135,00;139,00;127,00;Geprueft
2010-05-29;118,00;127,00;114,00;Geprueft
2010-05-30;126,00;151,00;113,00;Geprueft
2010-05-31;226,00;289,00;151,00;Geprueft
2010-06-01;216,00;281,00;188,00;Geprueft
2010-06-02;196,00;201,00;190,00;Geprueft
2010-06-03;304,00;441,00;190,00;Geprueft
2010-06-04;403,00;461,00;305,00;Geprueft
2010-06-05;254,00;305,00;215,00;Geprueft
2010-06-06;197,00;219,00;183,00;Geprueft
2010-06-07;174,00;187,00;163,00;Geprueft
2010-06-08;169,00;187,00;154,00;Geprueft
2010-06-09;148,00;154,00;145,00;Geprueft
2010-06-10;140,00;146,00;129,00;Geprueft
2010-06-11;126,00;129,00;120,00;Geprueft
2010-06-12;115,00;120,00;107,00;Geprueft
2010-06-13;107,00;113,00;105,00;Geprueft
2010-06-14;120,00;127,00;112,00;Geprueft
2010-06-15;121,00;123,00;111,00;Geprueft
2010-06-16;107,00;111,00;105,00;Geprueft
2010-06-17;113,00;133,00;102,00;Geprueft
2010-06-18;215,00;283,00;133,00;Geprueft
2010-06-19;378,00;412,00;283,00;Geprueft
2010-06-20;384,00;412,00;334,00;Geprueft
2010-06-21;289,00;334,00;263,00;Geprueft
2010-06-22;233,00;263,00;202,00;Geprueft
2010-06-23;195,00;206,00;183,00;Geprueft
2010-06-24;166,00;183,00;151,00;Geprueft
2010-06-25;147,00;155,00;132,00;Geprueft
2010-06-26;134,00;136,00;132,00;Geprueft
2010-06-27;127,00;134,00;119,00;Geprueft
2010-06-28;118,00;120,00;111,00;Geprueft
2010-06-29;106,00;111,00;101,00;Geprueft
2010-06-30;104,00;106,00;101,00;Geprueft
2010-07-01;102,00;106,00;97,00;Geprueft
2010-07-02;92,00;99,00;87,00;Geprueft
2010-07-03;90,00;96,00;85,00;Geprueft
2010-07-04;88,00;92,00;85,00;Geprueft
2010-07-05;98,00;100,00;92,00;Geprueft
2010-07-06;97,00;99,00;95,00;Geprueft
2010-07-07;96,00;98,00;94,00;Geprueft
2010-07-08;86,00;94,00;82,00;Geprueft
2010-07-09;78,00;85,00;75,00;Geprueft
2010-07-10;79,00;81,00;75,00;Geprueft
2010-07-11;71,00;75,00;65,00;Geprueft
2010-07-12;99,00;126,00;72,00;Geprueft
2010-07-13;90,00;111,00;79,00;Geprueft
2010-07-14;80,00;83,00;77,00;Geprueft
2010-07-15;86,00;98,00;74,00;Geprueft
2010-07-16;81,00;93,00;68,00;Geprueft
2010-07-17;85,00;99,00;68,00;Geprueft
2010-07-18;149,00;181,00;99,00;Geprueft
2010-07-19;116,00;164,00;102,00;Geprueft
2010-07-20;92,00;102,00;79,00;Geprueft
2010-07-21;76,00;79,00;71,00;Geprueft
2010-07-22;77,00;86,00;73,00;Geprueft
2010-07-23;123,00;166,00;73,00;Geprueft
2010-07-24;224,00;266,00;166,00;Geprueft
2010-07-25;268,00;318,00;202,00;Geprueft
2010-07-26;178,00;202,00;159,00;Geprueft
2010-07-27;188,00;288,00;159,00;Geprueft
2010-07-28;229,00;289,00;175,00;Geprueft
2010-07-29;178,00;234,00;166,00;Geprueft
2010-07-30;250,00;266,00;234,00;Geprueft
2010-07-31;199,00;235,00;171,00;Geprueft
2010-08-01;153,00;177,00;136,00;Geprueft
2010-08-02;154,00;183,00;137,00;Geprueft
2010-08-03;192,00;219,00;178,00;Geprueft
2010-08-04;203,00;222,00;180,00;Geprueft
2010-08-05;166,00;202,00;151,00;Geprueft
2010-08-06;356,00;476,00;202,00;Geprueft
2010-08-07;469,00;495,00;400,00;Geprueft
2010-08-08;311,00;400,00;255,00;Geprueft
2010-08-09;241,00;255,00;226,00;Geprueft
2010-08-10;196,00;226,00;175,00;Geprueft
2010-08-11;159,00;176,00;150,00;Geprueft
2010-08-12;157,00;168,00;150,00;Geprueft
2010-08-13;176,00;185,00;156,00;Geprueft
2010-08-14;165,00;178,00;153,00;Geprueft
2010-08-15;145,00;153,00;135,00;Geprueft
2010-08-16;137,00;146,00;133,00;Geprueft
2010-08-17;149,00;154,00;146,00;Geprueft
2010-08-18;150,00;154,00;142,00;Geprueft
2010-08-19;130,00;142,00;124,00;Geprueft
2010-08-20;121,00;124,00;115,00;Geprueft
2010-08-21;112,00;115,00;111,00;Geprueft
2010-08-22;113,00;117,00;105,00;Geprueft
2010-08-23;103,00;106,00;99,00;Geprueft
2010-08-24;102,00;113,00;97,00;Geprueft
2010-08-25;115,00;117,00;111,00;Geprueft
2010-08-26;105,00;111,00;99,00;Geprueft
2010-08-27;92,00;107,00;82,00;Geprueft
2010-08-28;160,00;258,00;107,00;Geprueft
2010-08-29;233,00;280,00;185,00;Geprueft
2010-08-30;187,00;252,00;174,00;Geprueft
2010-08-31;314,00;379,00;252,00;Geprueft
2010-09-01;325,00;380,00;242,00;Geprueft
2010-09-02;222,00;242,00;186,00;Geprueft
2010-09-03;178,00;186,00;170,00;Geprueft
2010-09-04;153,00;170,00;148,00;Geprueft
2010-09-05;140,00;150,00;130,00;Geprueft
2010-09-06;131,00;139,00;111,00;Geprueft
2010-09-07;115,00;119,00;113,00;Geprueft
2010-09-08;115,00;118,00;113,00;Geprueft
2010-09-09;125,00;131,00;114,00;Geprueft
2010-09-10;117,00;119,00;115,00;Geprueft
2010-09-11;106,00;116,00;97,00;Geprueft
2010-09-12;92,00;97,00;88,00;Geprueft
2010-09-13;128,00;140,00;89,00;Geprueft
2010-09-14;141,00;148,00;134,00;Geprueft
2010-09-15;113,00;134,00;106,00;Geprueft
2010-09-16;107,00;111,00;89,00;Geprueft
2010-09-17;95,00;99,00;88,00;Geprueft
2010-09-18;91,00;98,00;89,00;Geprueft
2010-09-19;89,00;90,00;88,00;Geprueft
2010-09-20;88,00;89,00;88,00;Geprueft
2010-09-21;82,00;88,00;78,00;Geprueft
2010-09-22;77,00;83,00;70,00;Geprueft
2010-09-23;79,00;81,00;73,00;Geprueft
2010-09-24;71,00;73,00;69,00;Geprueft
2010-09-25;94,00;134,00;73,00;Geprueft
2010-09-26;161,00;170,00;134,00;Geprueft
2010-09-27;138,00;155,00;125,00;Geprueft
2010-09-28;112,00;125,00;99,00;Geprueft
2010-09-29;102,00;114,00;99,00;Geprueft
2010-09-30;90,00;100,00;85,00;Geprueft
2010-10-01;92,00;96,00;89,00;Geprueft
2010-10-02;95,00;98,00;90,00;Geprueft
2010-10-03;92,00;95,00;90,00;Geprueft
2010-10-04;83,00;90,00;78,00;Geprueft
2010-10-05;86,00;87,00;85,00;Geprueft
2010-10-06;84,00;85,00;83,00;Geprueft
2010-10-07;84,00;85,00;83,00;Geprueft
2010-10-08;77,00;83,00;67,00;Geprueft
2010-10-09;75,00;86,00;67,00;Geprueft
2010-10-10;75,00;80,00;72,00;Geprueft
2010-10-11;70,00;72,00;67,00;Geprueft
2010-10-12;71,00;74,00;69,00;Geprueft
2010-10-13;73,00;78,00;71,00;Geprueft
2010-10-14;65,00;72,00;60,00;Geprueft
2010-10-15;67,00;72,00;64,00;Geprueft
2010-10-16;72,00;74,00;71,00;Geprueft
2010-10-17;73,00;75,00;70,00;Geprueft
2010-10-18;74,00;85,00;70,00;Geprueft
2010-10-19;79,00;90,00;61,00;Geprueft
2010-10-20;77,00;103,00;61,00;Geprueft
2010-10-21;119,00;139,00;103,00;Geprueft
2010-10-22;103,00;107,00;100,00;Geprueft
2010-10-23;87,00;100,00;83,00;Geprueft
2010-10-24;91,00;98,00;85,00;Geprueft
2010-10-25;109,00;122,00;98,00;Geprueft
2010-10-26;117,00;122,00;108,00;Geprueft
2010-10-27;101,00;108,00;92,00;Geprueft
2010-10-28;94,00;108,00;89,00;Geprueft
2010-10-29;89,00;91,00;85,00;Geprueft
2010-10-30;93,00;96,00;86,00;Geprueft
2010-10-31;94,00;96,00;91,00;Geprueft
2010-11-01;91,00;93,00;88,00;Geprueft
2010-11-02;86,00;88,00;83,00;Geprueft
2010-11-03;80,00;84,00;76,00;Geprueft
2010-11-04;80,00;84,00;75,00;Geprueft
2010-11-05;78,00;82,00;74,00;Geprueft
2010-11-06;74,00;75,00;72,00;Geprueft
2010-11-07;74,00;80,00;69,00;Geprueft
2010-11-08;84,00;89,00;79,00;Geprueft
2010-11-09;88,00;92,00;84,00;Geprueft
2010-11-10;80,00;84,00;79,00;Geprueft
2010-11-11;74,00;86,00;69,00;Geprueft
2010-11-12;102,00;128,00;86,00;Geprueft
2010-11-13;177,00;212,00;128,00;Geprueft
2010-11-14;127,00;146,00;114,00;Geprueft
2010-11-15;104,00;114,00;98,00;Geprueft
2010-11-16;111,00;139,00;97,00;Geprueft
2010-11-17;161,00;173,00;139,00;Geprueft
2010-11-18;144,00;160,00;138,00;Geprueft
2010-11-19;126,00;138,00;117,00;Geprueft
2010-11-20;114,00;118,00;111,00;Geprueft
2010-11-21;106,00;111,00;101,00;Geprueft
2010-11-22;114,00;137,00;101,00;Geprueft
2010-11-23;159,00;171,00;137,00;Geprueft
2010-11-24;163,00;171,00;149,00;Geprueft
2010-11-25;143,00;150,00;125,00;Geprueft
2010-11-26;124,00;125,00;122,00;Geprueft
2010-11-27;113,00;123,00;110,00;Geprueft
2010-11-28;107,00;111,00;99,00;Geprueft
2010-11-29;101,00;104,00;95,00;Geprueft
2010-11-30;98,00;102,00;90,00;Geprueft
2010-12-01;95,00;101,00;90,00;Geprueft
2010-12-02;98,00;101,00;95,00;Geprueft
2010-12-03;92,00;97,00;88,00;Geprueft
2010-12-04;89,00;91,00;87,00;Geprueft
2010-12-05;88,00;96,00;77,00;Geprueft
2010-12-06;108,00;199,00;84,00;Geprueft
2010-12-07;345,00;434,00;199,00;Geprueft
2010-12-08;451,00;459,00;434,00;Geprueft
2010-12-09;457,00;472,00;449,00;Geprueft
2010-12-10;438,00;471,00;404,00;Geprueft
2010-12-11;377,00;404,00;359,00;Geprueft
2010-12-12;338,00;360,00;321,00;Geprueft
2010-12-13;297,00;321,00;266,00;Geprueft
2010-12-14;253,00;266,00;234,00;Geprueft
2010-12-15;221,00;234,00;209,00;Geprueft
2010-12-16;191,00;209,00;184,00;Geprueft
2010-12-17;178,00;184,00;174,00;Geprueft
2010-12-18;168,00;175,00;159,00;Geprueft
2010-12-19;157,00;164,00;153,00;Geprueft
2010-12-20;159,00;174,00;152,00;Geprueft
2010-12-21;203,00;219,00;174,00;Geprueft
2010-12-22;199,00;212,00;188,00;Geprueft
2010-12-23;221,00;226,00;212,00;Geprueft
2010-12-24;222,00;234,00;216,00;Geprueft
2010-12-25;226,00;235,00;216,00;Geprueft
2010-12-26;204,00;216,00;188,00;Geprueft
2010-12-27;184,00;188,00;180,00;Geprueft
2010-12-28;175,00;183,00;166,00;Geprueft
2010-12-29;166,00;173,00;159,00;Geprueft
2010-12-30;159,00;161,00;156,00;Geprueft
2010-12-31;154,00;156,00;149,00;Geprueft
2011-01-01;149,00;152,00;146,00;Geprueft
2011-01-02;147,00;152,00;145,00;Geprueft
2011-01-03;142,00;145,00;139,00;Geprueft
2011-01-04;135,00;139,00;132,00;Geprueft
2011-01-05;132,00;135,00;131,00;Geprueft
2011-01-06;130,00;132,00;128,00;Geprueft
2011-01-07;180,00;244,00;131,00;Geprueft
2011-01-08;266,00;290,00;244,00;Geprueft
2011-01-09;351,00;384,00;290,00;Geprueft
2011-01-10;379,00;388,00;373,00;Geprueft
2011-01-11;358,00;384,00;337,00;Geprueft
2011-01-12;326,00;337,00;317,00;Geprueft
2011-01-13;370,00;464,00;317,00;Geprueft
2011-01-14;492,00;501,00;464,00;Geprueft
2011-01-15;466,00;488,00;432,00;Geprueft
2011-01-16;402,00;432,00;368,00;Geprueft
2011-01-17;341,00;368,00;317,00;Geprueft
2011-01-18;291,00;317,00;269,00;Geprueft
2011-01-19;255,00;269,00;246,00;Geprueft
2011-01-20;243,00;250,00;236,00;Geprueft
2011-01-21;222,00;236,00;215,00;Geprueft
2011-01-22;207,00;218,00;197,00;Geprueft
2011-01-23;193,00;197,00;185,00;Geprueft
2011-01-24;184,00;188,00;182,00;Geprueft
2011-01-25;178,00;186,00;172,00;Geprueft
2011-01-26;173,00;177,00;170,00;Geprueft
2011-01-27;169,00;172,00;164,00;Geprueft
2011-01-28;163,00;166,00;160,00;Geprueft
2011-01-29;154,00;160,00;151,00;Geprueft
2011-01-30;151,00;152,00;149,00;Geprueft
2011-01-31;142,00;149,00;138,00;Geprueft
2011-02-01;143,00;145,00;141,00;Geprueft
2011-02-02;131,00;141,00;127,00;Geprueft
2011-02-03;132,00;133,00;132,00;Geprueft
2011-02-04;131,00;133,00;130,00;Geprueft
2011-02-05;141,00;153,00;131,00;Geprueft
2011-02-06;157,00;165,00;147,00;Geprueft
2011-02-07;150,00;153,00;146,00;Geprueft
2011-02-08;144,00;150,00;130,00;Geprueft
2011-02-09;131,00;133,00;129,00;Geprueft
2011-02-10;132,00;134,00;127,00;Geprueft
2011-02-11;128,00;132,00;126,00;Geprueft
2011-02-12;129,00;133,00;124,00;Geprueft
2011-02-13;131,00;133,00;128,00;Geprueft
2011-02-14;129,00;132,00;127,00;Geprueft
2011-02-15;126,00;131,00;122,00;Geprueft
2011-02-16;121,00;122,00;119,00;Geprueft
2011-02-17;117,00;119,00;114,00;Geprueft
2011-02-18;114,00;118,00;111,00;Geprueft
2011-02-19;112,00;114,00;112,00;Geprueft
2011-02-20;110,00;114,00;108,00;Geprueft
2011-02-21;111,00;113,00;108,00;Geprueft
2011-02-22;110,00;112,00;105,00;Geprueft
2011-02-23;106,00;108,00;105,00;Geprueft
2011-02-24;101,00;106,00;99,00;Geprueft
2011-02-25;104,00;106,00;102,00;Geprueft
2011-02-26;103,00;107,00;100,00;Geprueft
2011-02-27;108,00;112,00;106,00;Geprueft
2011-02-28;126,00;130,00;112,00;Geprueft
2011-03-01;119,00;128,00;109,00;Geprueft
2011-03-02;105,00;109,00;103,00;Geprueft
2011-03-03;108,00;113,00;105,00;Geprueft
2011-03-04;97,00;106,00;93,00;Geprueft
2011-03-05;98,00;101,00;94,00;Geprueft
2011-03-06;97,00;101,00;92,00;Geprueft
2011-03-07;93,00;95,00;92,00;Geprueft
2011-03-08;92,00;95,00;90,00;Geprueft
2011-03-09;92,00;92,00;90,00;Geprueft
2011-03-10;89,00;92,00;86,00;Geprueft
2011-03-11;91,00;93,00;88,00;Geprueft
2011-03-12;90,00;92,00;87,00;Geprueft
2011-03-13;87,00;89,00;85,00;Geprueft
2011-03-14;92,00;95,00;88,00;Geprueft
2011-03-15;90,00;95,00;88,00;Geprueft
2011-03-16;96,00;101,00;89,00;Geprueft
2011-03-17;97,00;101,00;94,00;Geprueft
2011-03-18;165,00;210,00;99,00;Geprueft
2011-03-19;149,00;174,00;132,00;Geprueft
2011-03-20;134,00;144,00;122,00;Geprueft
2011-03-21;111,00;122,00;103,00;Geprueft
2011-03-22;107,00;110,00;104,00;Geprueft
2011-03-23;99,00;104,00;97,00;Geprueft
2011-03-24;96,00;97,00;96,00;Geprueft
2011-03-25;95,00;98,00;94,00;Geprueft
2011-03-26;94,00;97,00;91,00;Geprueft
2011-03-27;98,00;105,00;93,00;Geprueft
2011-03-28;101,00;106,00;97,00;Geprueft
2011-03-29;100,00;104,00;96,00;Geprueft
2011-03-30;96,00;97,00;96,00;Geprueft
2011-03-31;91,00;96,00;89,00;Geprueft
2011-04-01;97,00;105,00;89,00;Geprueft
2011-04-02;105,00;110,00;98,00;Geprueft
2011-04-03;100,00;108,00;94,00;Geprueft
2011-04-04;116,00;141,00;94,00;Geprueft
2011-04-05;142,00;149,00;125,00;Geprueft
2011-04-06;116,00;125,00;111,00;Geprueft
2011-04-07;106,00;111,00;101,00;Geprueft
2011-04-08;101,00;102,00;100,00;Geprueft
2011-04-09;107,00;108,00;102,00;Geprueft
2011-04-10;104,00;108,00;95,00;Geprueft
2011-04-11;93,00;96,00;92,00;Geprueft
2011-04-12;92,00;96,00;87,00;Geprueft
2011-04-13;94,00;104,00;87,00;Geprueft
2011-04-14;96,00;104,00;90,00;Geprueft
2011-04-15;86,00;91,00;84,00;Geprueft
2011-04-16;80,00;85,00;76,00;Geprueft
2011-04-17;76,00;77,00;74,00;Geprueft
2011-04-18;75,00;76,00;74,00;Geprueft
2011-04-19;78,00;80,00;76,00;Geprueft
2011-04-20;73,00;77,00;71,00;Geprueft
2011-04-21;76,00;78,00;72,00;Geprueft
2011-04-22;74,00;77,00;69,00;Geprueft
2011-04-23;78,00;82,00;73,00;Geprueft
2011-04-24;74,00;81,00;70,00;Geprueft
2011-04-25;74,00;75,00;71,00;Geprueft
2011-04-26;75,00;78,00;74,00;Geprueft
2011-04-27;82,00;86,00;76,00;Geprueft
2011-04-28;79,00;82,00;76,00;Geprueft
2011-04-29;75,00;83,00;64,00;Geprueft
2011-04-30;73,00;82,00;64,00;Geprueft
2011-05-01;83,00;91,00;74,00;Geprueft
2011-05-02;76,00;83,00;69,00;Geprueft
2011-05-03;83,00;95,00;69,00;Geprueft
2011-05-04;90,00;95,00;83,00;Geprueft
2011-05-05;75,00;83,00;71,00;Geprueft
2011-05-06;65,00;72,00;62,00;Geprueft
2011-05-07;66,00;68,00;62,00;Geprueft
2011-05-08;63,00;65,00;61,00;Geprueft
2011-05-09;65,00;70,00;62,00;Geprueft
2011-05-10;68,00;73,00;64,00;Geprueft
2011-05-11;60,00;64,00;59,00;Geprueft
2011-05-12;61,00;66,00;60,00;Geprueft
2011-05-13;70,00;72,00;66,00;Geprueft
2011-05-14;65,00;68,00;64,00;Geprueft
2011-05-15;103,00;124,00;64,00;Geprueft
2011-05-16;115,00;125,00;99,00;Geprueft
2011-05-17;96,00;101,00;83,00;Geprueft
2011-05-18;73,00;85,00;66,00;Geprueft
2011-05-19;79,00;87,00;73,00;Geprueft
2011-05-20;72,00;73,00;69,00;Geprueft
2011-05-21;68,00;70,00;64,00;Geprueft
2011-05-22;72,00;79,00;69,00;Geprueft
2011-05-23;85,00;90,00;79,00;Geprueft
2011-05-24;71,00;81,00;67,00;Geprueft
2011-05-25;65,00;67,00;63,00;Geprueft
2011-05-26;60,00;66,00;56,00;Geprueft
2011-05-27;55,00;65,00;52,00;Geprueft
2011-05-28;93,00;103,00;65,00;Geprueft
2011-05-29;82,00;99,00;70,00;Geprueft
2011-05-30;69,00;71,00;66,00;Geprueft
2011-05-31;63,00;66,00;61,00;Geprueft
2011-06-01;114,00;138,00;64,00;Geprueft
2011-06-02;116,00;140,00;92,00;Geprueft
2011-06-03;83,00;94,00;70,00;Geprueft
2011-06-04;72,00;74,00;69,00;Geprueft
2011-06-05;72,00;82,00;65,00;Geprueft
2011-06-06;79,00;85,00;75,00;Geprueft
2011-06-07;91,00;108,00;78,00;Geprueft
2011-06-08;76,00;79,00;72,00;Geprueft
2011-06-09;79,00;94,00;71,00;Geprueft
2011-06-10;93,00;99,00;89,00;Geprueft
2011-06-11;83,00;90,00;80,00;Geprueft
2011-06-12;76,00;80,00;71,00;Geprueft
2011-06-13;68,00;72,00;60,00;Geprueft
2011-06-14;65,00;67,00;60,00;Geprueft
2011-06-15;68,00;70,00;64,00;Geprueft
2011-06-16;67,00;70,00;64,00;Geprueft
2011-06-17;74,00;86,00;68,00;Geprueft
2011-06-18;107,00;148,00;86,00;Geprueft
2011-06-19;195,00;235,00;148,00;Geprueft
2011-06-20;135,00;151,00;120,00;Geprueft
2011-06-21;99,00;120,00;87,00;Geprueft
2011-06-22;84,00;88,00;77,00;Geprueft
2011-06-23;95,00;108,00;77,00;Geprueft
2011-06-24;106,00;115,00;95,00;Geprueft
2011-06-25;95,00;109,00;87,00;Geprueft
2011-06-26;79,00;87,00;72,00;Geprueft
2011-06-27;69,00;72,00;65,00;Geprueft
2011-06-28;64,00;66,00;61,00;Geprueft
2011-06-29;57,00;62,00;54,00;Geprueft
2011-06-30;126,00;259,00;59,00;Geprueft
2011-07-01;169,00;263,00;126,00;Geprueft
2011-07-02;116,00;133,00;100,00;Geprueft
2011-07-03;92,00;100,00;81,00;Geprueft
2011-07-04;78,00;82,00;74,00;Geprueft
2011-07-05;72,00;74,00;69,00;Geprueft
2011-07-06;63,00;69,00;58,00;Geprueft
2011-07-07;67,00;75,00;63,00;Geprueft
2011-07-08;89,00;96,00;75,00;Geprueft
2011-07-09;81,00;89,00;77,00;Geprueft
2011-07-10;95,00;125,00;86,00;Geprueft
2011-07-11;116,00;132,00;88,00;Geprueft
2011-07-12;81,00;88,00;72,00;Geprueft
2011-07-13;92,00;132,00;69,00;Geprueft
2011-07-14;188,00;219,00;132,00;Geprueft
2011-07-15;154,00;184,00;122,00;Geprueft
2011-07-16;111,00;122,00;101,00;Geprueft
2011-07-17;94,00;101,00;87,00;Geprueft
2011-07-18;102,00;111,00;93,00;Geprueft
2011-07-19;99,00;112,00;95,00;Geprueft
2011-07-20;233,00;313,00;112,00;Geprueft
2011-07-21;309,00;336,00;257,00;Geprueft
2011-07-22;203,00;257,00;186,00;Geprueft
2011-07-23;208,00;225,00;184,00;Geprueft
2011-07-24;205,00;222,00;194,00;Geprueft
2011-07-25;181,00;194,00;154,00;Geprueft
2011-07-26;139,00;154,00;123,00;Geprueft
2011-07-27;118,00;124,00;108,00;Geprueft
2011-07-28;119,00;139,00;105,00;Geprueft
2011-07-29;148,00;158,00;136,00;Geprueft
2011-07-30;144,00;159,00;130,00;Geprueft
2011-07-31;120,00;130,00;111,00;Geprueft
2011-08-01;103,00;111,00;92,00;Geprueft
2011-08-02;85,00;92,00;81,00;Geprueft
2011-08-03;86,00;89,00;82,00;Geprueft
2011-08-04;101,00;129,00;82,00;Geprueft
2011-08-05;119,00;129,00;100,00;Geprueft
2011-08-06;124,00;143,00;100,00;Geprueft
2011-08-07;130,00;149,00;117,00;Geprueft
2011-08-08;196,00;219,00;149,00;Geprueft
2011-08-09;165,00;174,00;157,00;Geprueft
2011-08-10;151,00;159,00;147,00;Geprueft
2011-08-11;130,00;147,00;104,00;Geprueft
2011-08-12;112,00;118,00;100,00;Geprueft
2011-08-13;93,00;100,00;85,00;Geprueft
2011-08-14;89,00;91,00;85,00;Geprueft
2011-08-15;104,00;128,00;83,00;Geprueft
2011-08-16;143,00;153,00;121,00;Geprueft
2011-08-17;110,00;121,00;103,00;Geprueft
2011-08-18;89,00;103,00;83,00;Geprueft
2011-08-19;82,00;83,00;78,00;Geprueft
2011-08-20;81,00;86,00;74,00;Geprueft
2011-08-21;74,00;76,00;72,00;Geprueft
2011-08-22;69,00;76,00;64,00;Geprueft
2011-08-23;62,00;64,00;61,00;Geprueft
2011-08-24;64,00;67,00;60,00;Geprueft
2011-08-25;62,00;66,00;60,00;Geprueft
2011-08-26;63,00;67,00;59,00;Geprueft
2011-08-27;66,00;72,00;58,00;Geprueft
2011-08-28;78,00;84,00;70,00;Geprueft
2011-08-29;70,00;74,00;64,00;Geprueft
2011-08-30;59,00;64,00;55,00;Geprueft
2011-08-31;57,00;61,00;55,00;Geprueft
2011-09-01;53,00;61,00;46,00;Geprueft
2011-09-02;57,00;66,00;49,00;Geprueft
2011-09-03;58,00;61,00;52,00;Geprueft
2011-09-04;54,00;78,00;51,00;Geprueft
2011-09-05;172,00;242,00;78,00;Geprueft
2011-09-06;205,00;259,00;139,00;Geprueft
2011-09-07;116,00;139,00;100,00;Geprueft
2011-09-08;92,00;100,00;78,00;Geprueft
2011-09-09;80,00;83,00;77,00;Geprueft
2011-09-10;75,00;79,00;68,00;Geprueft
2011-09-11;67,00;71,00;60,00;Geprueft
2011-09-12;70,00;83,00;60,00;Geprueft
2011-09-13;69,00;76,00;61,00;Geprueft
2011-09-14;71,00;85,00;56,00;Geprueft
2011-09-15;83,00;93,00;69,00;Geprueft
2011-09-16;66,00;69,00;63,00;Geprueft
2011-09-17;65,00;69,00;62,00;Geprueft
2011-09-18;83,00;107,00;66,00;Geprueft
2011-09-19;129,00;141,00;107,00;Geprueft
2011-09-20;111,00;121,00;97,00;Geprueft
2011-09-21;94,00;97,00;90,00;Geprueft
2011-09-22;83,00;90,00;81,00;Geprueft
2011-09-23;76,00;81,00;73,00;Geprueft
2011-09-24;70,00;73,00;63,00;Geprueft
2011-09-25;64,00;66,00;63,00;Geprueft
2011-09-26;61,00;66,00;54,00;Geprueft
2011-09-27;59,00;62,00;54,00;Geprueft
2011-09-28;60,00;62,00;56,00;Geprueft
2011-09-29;56,00;57,00;56,00;Geprueft
2011-09-30;54,00;58,00;52,00;Geprueft
2011-10-01;54,00;57,00;52,00;Geprueft
2011-10-02;55,00;56,00;54,00;Geprueft
2011-10-03;53,00;56,00;50,00;Geprueft
2011-10-04;55,00;60,00;51,00;Geprueft
2011-10-05;49,00;51,00;48,00;Geprueft
2011-10-06;52,00;56,00;41,00;Geprueft
2011-10-07;62,00;87,00;42,00;Geprueft
2011-10-08;89,00;96,00;87,00;Geprueft
2011-10-09;110,00;116,00;96,00;Geprueft
2011-10-10;122,00;145,00;111,00;Geprueft
2011-10-11;215,00;263,00;145,00;Geprueft
2011-10-12;141,00;175,00;114,00;Geprueft
2011-10-13;109,00;115,00;100,00;Geprueft
2011-10-14;108,00;114,00;103,00;Geprueft
2011-10-15;93,00;105,00;82,00;Geprueft
2011-10-16;80,00;83,00;76,00;Geprueft
2011-10-17;71,00;82,00;65,00;Geprueft
2011-10-18;67,00;72,00;63,00;Geprueft
2011-10-19;69,00;78,00;63,00;Geprueft
2011-10-20;81,00;84,00;76,00;Geprueft
2011-10-21;76,00;79,00;73,00;Geprueft
2011-10-22;70,00;73,00;66,00;Geprueft
2011-10-23;66,00;67,00;65,00;Geprueft
2011-10-24;66,00;67,00;61,00;Geprueft
2011-10-25;60,00;66,00;54,00;Geprueft
2011-10-26;60,00;66,00;56,00;Geprueft
2011-10-27;57,00;60,00;56,00;Geprueft
2011-10-28;59,00;60,00;59,00;Geprueft
2011-10-29;57,00;59,00;55,00;Geprueft
2011-10-30;52,00;56,00;50,00;Geprueft
2011-10-31;49,00;52,00;49,00;Geprueft
2011-11-01;52,00;53,00;50,00;Geprueft
2011-11-02;50,00;55,00;50,00;Geprueft
2011-11-03;53,00;56,00;45,00;Geprueft
2011-11-04;48,00;49,00;46,00;Geprueft
2011-11-05;50,00;51,00;48,00;Geprueft
2011-11-06;49,00;51,00;47,00;Geprueft
2011-11-07;45,00;47,00;44,00;Geprueft
2011-11-08;48,00;51,00;44,00;Geprueft
2011-11-09;44,00;46,00;44,00;Geprueft
2011-11-10;48,00;50,00;45,00;Geprueft
2011-11-11;48,00;50,00;43,00;Geprueft
2011-11-12;44,00;46,00;43,00;Geprueft
2011-11-13;46,00;48,00;43,00;Geprueft
2011-11-14;48,00;51,00;44,00;Geprueft
2011-11-15;46,00;51,00;43,00;Geprueft
2011-11-16;45,00;46,00;43,00;Geprueft
2011-11-17;42,00;46,00;37,00;Geprueft
2011-11-18;44,00;45,00;44,00;Geprueft
2011-11-19;45,00;47,00;44,00;Geprueft
2011-11-20;46,00;47,00;44,00;Geprueft
2011-11-21;40,00;45,00;37,00;Geprueft
2011-11-22;44,00;48,00;41,00;Geprueft
2011-11-23;43,00;43,00;42,00;Geprueft
2011-11-24;42,00;43,00;40,00;Geprueft
2011-11-25;39,00;44,00;37,00;Geprueft
2011-11-26;44,00;45,00;44,00;Geprueft
2011-11-27;41,00;44,00;38,00;Geprueft
2011-11-28;38,00;39,00;38,00;Geprueft
2011-11-29;41,00;47,00;39,00;Geprueft
2011-11-30;43,00;47,00;37,00;Geprueft
2011-12-01;39,00;42,00;37,00;Geprueft
2011-12-02;44,00;45,00;42,00;Geprueft
2011-12-03;53,00;58,00;45,00;Geprueft
2011-12-04;47,00;50,00;45,00;Geprueft
2011-12-05;58,00;88,00;45,00;Geprueft
2011-12-06;88,00;95,00;83,00;Geprueft
2011-12-07;99,00;125,00;84,00;Geprueft
2011-12-08;163,00;180,00;125,00;Geprueft
2011-12-09;141,00;164,00;133,00;Geprueft
2011-12-10;170,00;244,00;134,00;Geprueft
2011-12-11;256,00;271,00;221,00;Geprueft
2011-12-12;202,00;221,00;185,00;Geprueft
2011-12-13;173,00;185,00;156,00;Geprueft
2011-12-14;153,00;158,00;147,00;Geprueft
2011-12-15;149,00;158,00;145,00;Geprueft
2011-12-16;164,00;197,00;150,00;Geprueft
2011-12-17;262,00;296,00;197,00;Geprueft
2011-12-18;228,00;244,00;218,00;Geprueft
2011-12-19;208,00;220,00;188,00;Geprueft
2011-12-20;170,00;188,00;155,00;Geprueft
2011-12-21;150,00;155,00;146,00;Geprueft
2011-12-22;141,00;157,00;136,00;Geprueft
2011-12-23;226,00;281,00;157,00;Geprueft
2011-12-24;259,00;281,00;243,00;Geprueft
2011-12-25;233,00;249,00;216,00;Geprueft
2011-12-26;193,00;217,00;178,00;Geprueft
2011-12-27;168,00;185,00;155,00;Geprueft
2011-12-28;154,00;160,00;145,00;Geprueft
2011-12-29;143,00;150,00;138,00;Geprueft
2011-12-30;138,00;141,00;136,00;Geprueft
2011-12-31;136,00;142,00;133,00;Geprueft
2012-01-01;235,00;315,00;142,00;Geprueft
2012-01-02;273,00;315,00;246,00;Geprueft
2012-01-03;241,00;247,00;232,00;Geprueft
2012-01-04;225,00;240,00;217,00;Geprueft
2012-01-05;250,00;258,00;240,00;Geprueft
2012-01-06;295,00;305,00;258,00;Geprueft
2012-01-07;286,00;296,00;279,00;Geprueft
2012-01-08;288,00;297,00;280,00;Geprueft
2012-01-09;275,00;294,00;250,00;Geprueft
2012-01-10;247,00;251,00;241,00;Geprueft
2012-01-11;236,00;248,00;217,00;Geprueft
2012-01-12;208,00;217,00;189,00;Geprueft
2012-01-13;187,00;193,00;178,00;Geprueft
2012-01-14;178,00;183,00;171,00;Geprueft
2012-01-15;163,00;171,00;158,00;Geprueft
2012-01-16;151,00;159,00;146,00;Geprueft
2012-01-17;141,00;147,00;136,00;Geprueft
2012-01-18;131,00;136,00;128,00;Geprueft
2012-01-19;133,00;139,00;130,00;Geprueft
2012-01-20;233,00;338,00;139,00;Geprueft
2012-01-21;299,00;337,00;275,00;Geprueft
2012-01-22;376,00;441,00;288,00;Geprueft
2012-01-23;397,00;441,00;355,00;Geprueft
2012-01-24;363,00;374,00;345,00;Geprueft
2012-01-25;325,00;345,00;297,00;Geprueft
2012-01-26;266,00;297,00;240,00;Geprueft
2012-01-27;228,00;240,00;216,00;Geprueft
2012-01-28;213,00;216,00;209,00;Geprueft
2012-01-29;200,00;209,00;193,00;Geprueft
2012-01-30;186,00;195,00;178,00;Geprueft
2012-01-31;174,00;183,00;169,00;Geprueft
2012-02-01;164,00;174,00;155,00;Geprueft
2012-02-02;152,00;158,00;145,00;Geprueft
2012-02-03;138,00;150,00;131,00;Geprueft
2012-02-04;132,00;139,00;122,00;Geprueft
2012-02-05;120,00;129,00;114,00;Geprueft
2012-02-06;123,00;134,00;113,00;Geprueft
2012-02-07;120,00;131,00;109,00;Geprueft
2012-02-08;119,00;128,00;107,00;Geprueft
2012-02-09;118,00;129,00;107,00;Geprueft
2012-02-10;104,00;110,00;98,00;Geprueft
2012-02-11;109,00;119,00;99,00;Geprueft
2012-02-12;105,00;114,00;95,00;Geprueft
2012-02-13;103,00;112,00;95,00;Geprueft
2012-02-14;97,00;100,00;93,00;Geprueft
2012-02-15;100,00;104,00;96,00;Geprueft
2012-02-16;97,00;99,00;96,00;Geprueft
2012-02-17;102,00;106,00;95,00;Geprueft
2012-02-18;97,00;101,00;93,00;Geprueft
2012-02-19;112,00;119,00;101,00;Geprueft
2012-02-20;127,00;137,00;119,00;Geprueft
2012-02-21;112,00;119,00;100,00;Geprueft
2012-02-22;99,00;100,00;96,00;Geprueft
2012-02-23;92,00;97,00;90,00;Geprueft
2012-02-24;100,00;118,00;94,00;Geprueft
2012-02-25;143,00;154,00;118,00;Geprueft
2012-02-26;171,00;187,00;154,00;Geprueft
2012-02-27;170,00;186,00;154,00;Geprueft
2012-02-28;153,00;156,00;149,00;Geprueft
2012-02-29;146,00;150,00;143,00;Geprueft
2012-03-01;157,00;167,00;147,00;Geprueft
2012-03-02;169,00;177,00;167,00;Geprueft
2012-03-03;169,00;178,00;161,00;Geprueft
2012-03-04;177,00;180,00;172,00;Geprueft
2012-03-05;170,00;179,00;149,00;Geprueft
2012-03-06;168,00;177,00;151,00;Geprueft
2012-03-07;151,00;155,00;145,00;Geprueft
2012-03-08;137,00;146,00;132,00;Geprueft
2012-03-09;132,00;140,00;126,00;Geprueft
2012-03-10;126,00;136,00;119,00;Geprueft
2012-03-11;125,00;126,00;122,00;Geprueft
2012-03-12;123,00;127,00;114,00;Geprueft
2012-03-13;115,00;120,00;114,00;Geprueft
2012-03-14;118,00;122,00;114,00;Geprueft
2012-03-15;118,00;120,00;116,00;Geprueft
2012-03-16;123,00;125,00;118,00;Geprueft
2012-03-17;117,00;124,00;114,00;Geprueft
2012-03-18;123,00;126,00;118,00;Geprueft
2012-03-19;141,00;148,00;126,00;Geprueft
2012-03-20;139,00;146,00;129,00;Geprueft
2012-03-21;125,00;132,00;91,00;Geprueft
2012-03-22;116,00;120,00;112,00;Geprueft
2012-03-23;118,00;122,00;114,00;Geprueft
2012-03-24;121,00;123,00;118,00;Geprueft
2012-03-25;119,00;123,00;117,00;Geprueft
2012-03-26;119,00;120,00;117,00;Geprueft
2012-03-27;118,00;120,00;116,00;Geprueft
2012-03-28;115,00;118,00;112,00;Geprueft
2012-03-29;115,00;118,00;114,00;Geprueft
2012-03-30;115,00;120,00;114,00;Geprueft
2012-03-31;123,00;125,00;120,00;Geprueft
2012-04-01;117,00;121,00;114,00;Geprueft
2012-04-02;114,00;118,00;108,00;Geprueft
2012-04-03;102,00;108,00;98,00;Geprueft
2012-04-04;108,00;116,00;101,00;Geprueft
2012-04-05;116,00;117,00;113,00;Geprueft
2012-04-06;125,00;129,00;115,00;Geprueft
2012-04-07;122,00;128,00;115,00;Geprueft
2012-04-08;118,00;127,00;110,00;Geprueft
2012-04-09;111,00;120,00;104,00;Geprueft
2012-04-10;102,00;104,00;98,00;Geprueft
2012-04-11;101,00;117,00;97,00;Geprueft
2012-04-12;122,00;128,00;117,00;Geprueft
2012-04-13;106,00;122,00;103,00;Geprueft
2012-04-14;104,00;105,00;102,00;Geprueft
2012-04-15;95,00;102,00;90,00;Geprueft
2012-04-16;119,00;150,00;94,00;Geprueft
2012-04-17;140,00;153,00;127,00;Geprueft
2012-04-18;116,00;128,00;113,00;Geprueft
2012-04-19;108,00;114,00;106,00;Geprueft
2012-04-20;101,00;108,00;97,00;Geprueft
2012-04-21;110,00;113,00;107,00;Geprueft
2012-04-22;109,00;119,00;107,00;Geprueft
2012-04-23;118,00;124,00;108,00;Geprueft
2012-04-24;113,00;116,00;108,00;Geprueft
2012-04-25;124,00;128,00;116,00;Geprueft
2012-04-26;114,00;128,00;106,00;Geprueft
2012-04-27;114,00;125,00;106,00;Geprueft
2012-04-28;126,00;138,00;117,00;Geprueft
2012-04-29;139,00;147,00;129,00;Geprueft
2012-04-30;152,00;164,00;142,00;Geprueft
2012-05-01;135,00;156,00;126,00;Geprueft
2012-05-02;120,00;126,00;115,00;Geprueft
2012-05-03;131,00;138,00;118,00;Geprueft
2012-05-04;124,00;134,00;112,00;Geprueft
2012-05-05;111,00;114,00;106,00;Geprueft
2012-05-06;114,00;121,00;110,00;Geprueft
2012-05-07;122,00;125,00;117,00;Geprueft
2012-05-08;108,00;117,00;97,00;Geprueft
2012-05-09;99,00;101,00;96,00;Geprueft
2012-05-10;111,00;118,00;99,00;Geprueft
2012-05-11;115,00;121,00;112,00;Geprueft
2012-05-12;130,00;147,00;119,00;Geprueft
2012-05-13;150,00;156,00;129,00;Geprueft
2012-05-14;107,00;129,00;96,00;Geprueft
2012-05-15;96,00;98,00;93,00;Geprueft
2012-05-16;101,00;113,00;91,00;Geprueft
2012-05-17;105,00;112,00;99,00;Geprueft
2012-05-18;96,00;109,00;88,00;Geprueft
2012-05-19;93,00;101,00;91,00;Geprueft
2012-05-20;97,00;100,00;94,00;Geprueft
2012-05-21;99,00;107,00;96,00;Geprueft
2012-05-22;102,00;109,00;96,00;Geprueft
2012-05-23;103,00;105,00;99,00;Geprueft
2012-05-24;129,00;161,00;105,00;Geprueft
2012-05-25;123,00;161,00;112,00;Geprueft
2012-05-26;117,00;122,00;109,00;Geprueft
2012-05-27;99,00;109,00;93,00;Geprueft
2012-05-28;88,00;93,00;82,00;Geprueft
2012-05-29;82,00;85,00;80,00;Geprueft
2012-05-30;86,00;89,00;82,00;Geprueft
2012-05-31;87,00;99,00;78,00;Geprueft
2012-06-01;93,00;112,00;86,00;Geprueft
2012-06-02;107,00;114,00;91,00;Geprueft
2012-06-03;96,00;106,00;90,00;Geprueft
2012-06-04;163,00;222,00;106,00;Geprueft
2012-06-05;174,00;220,00;146,00;Geprueft
2012-06-06;139,00;155,00;117,00;Geprueft
2012-06-07;111,00;117,00;107,00;Geprueft
2012-06-08;136,00;173,00;108,00;Geprueft
2012-06-09;182,00;187,00;173,00;Geprueft
2012-06-10;181,00;211,00;156,00;Geprueft
2012-06-11;176,00;208,00;159,00;Geprueft
2012-06-12;155,00;165,00;146,00;Geprueft
2012-06-13;221,00;265,00;150,00;Geprueft
2012-06-14;197,00;247,00;162,00;Geprueft
2012-06-15;150,00;162,00;133,00;Geprueft
2012-06-16;122,00;133,00;114,00;Geprueft
2012-06-17;110,00;114,00;106,00;Geprueft
2012-06-18;101,00;110,00;97,00;Geprueft
2012-06-19;101,00;109,00;96,00;Geprueft
2012-06-20;115,00;118,00;109,00;Geprueft
2012-06-21;103,00;113,00;97,00;Geprueft
2012-06-22;111,00;119,00;104,00;Geprueft
2012-06-23;95,00;105,00;89,00;Geprueft
2012-06-24;78,00;89,00;72,00;Geprueft
2012-06-25;91,00;117,00;78,00;Geprueft
2012-06-26;132,00;146,00;98,00;Geprueft
2012-06-27;94,00;98,00;92,00;Geprueft
2012-06-28;80,00;93,00;75,00;Geprueft
2012-06-29;81,00;105,00;71,00;Geprueft
2012-06-30;92,00;106,00;81,00;Geprueft
2012-07-01;102,00;109,00;85,00;Geprueft
2012-07-02;112,00;123,00;98,00;Geprueft
2012-07-03;116,00;122,00;107,00;Geprueft
2012-07-04;123,00;132,00;115,00;Geprueft
2012-07-05;123,00;131,00;108,00;Geprueft
2012-07-06;145,00;162,00;118,00;Geprueft
2012-07-07;142,00;158,00;127,00;Geprueft
2012-07-08;133,00;158,00;111,00;Geprueft
2012-07-09;106,00;112,00;99,00;Geprueft
2012-07-10;106,00;108,00;101,00;Geprueft
2012-07-11;99,00;104,00;97,00;Geprueft
2012-07-12;92,00;101,00;87,00;Geprueft
2012-07-13;82,00;87,00;82,00;Geprueft
2012-07-14;85,00;93,00;79,00;Geprueft
2012-07-15;80,00;90,00;76,00;Geprueft
2012-07-16;104,00;112,00;90,00;Geprueft
2012-07-17;90,00;99,00;84,00;Geprueft
2012-07-18;73,00;84,00;67,00;Geprueft
2012-07-19;71,00;76,00;65,00;Geprueft
2012-07-20;64,00;65,00;61,00;Geprueft
2012-07-21;71,00;87,00;61,00;Geprueft
2012-07-22;83,00;86,00;80,00;Geprueft
2012-07-23;68,00;81,00;63,00;Geprueft
2012-07-24;66,00;68,00;64,00;Geprueft
2012-07-25;60,00;72,00;47,00;Geprueft
2012-07-26;62,00;70,00;59,00;Geprueft
2012-07-27;61,00;63,00;59,00;Geprueft
2012-07-28;57,00;60,00;56,00;Geprueft
2012-07-29;65,00;70,00;56,00;Geprueft
2012-07-30;70,00;77,00;61,00;Geprueft
2012-07-31;65,00;67,00;57,00;Geprueft
2012-08-01;56,00;57,00;55,00;Geprueft
2012-08-02;53,00;56,00;50,00;Geprueft
2012-08-03;77,00;95,00;50,00;Geprueft
2012-08-04;69,00;72,00;64,00;Geprueft
2012-08-05;62,00;64,00;60,00;Geprueft
2012-08-06;64,00;96,00;56,00;Geprueft
2012-08-07;113,00;127,00;96,00;Geprueft
2012-08-08;87,00;102,00;69,00;Geprueft
2012-08-09;64,00;69,00;59,00;Geprueft
2012-08-10;56,00;59,00;54,00;Geprueft
2012-08-11;53,00;56,00;51,00;Geprueft
2012-08-12;49,00;52,00;45,00;Geprueft
2012-08-13;46,00;48,00;45,00;Geprueft
2012-08-14;47,00;48,00;45,00;Geprueft
2012-08-15;44,00;45,00;43,00;Geprueft
2012-08-16;59,00;76,00;41,00;Geprueft
2012-08-17;76,00;82,00;67,00;Geprueft
2012-08-18;61,00;67,00;59,00;Geprueft
2012-08-19;59,00;64,00;54,00;Geprueft
2012-08-20;49,00;57,00;41,00;Geprueft
2012-08-21;56,00;60,00;45,00;Geprueft
2012-08-22;54,00;60,00;46,00;Geprueft
2012-08-23;54,00;58,00;45,00;Geprueft
2012-08-24;63,00;72,00;57,00;Geprueft
2012-08-25;100,00;117,00;72,00;Geprueft
2012-08-26;173,00;242,00;117,00;Geprueft
2012-08-27;136,00;185,00;115,00;Geprueft
2012-08-28;95,00;115,00;88,00;Geprueft
2012-08-29;80,00;90,00;67,00;Geprueft
2012-08-30;70,00;90,00;61,00;Geprueft
2012-08-31;126,00;185,00;90,00;Geprueft
2012-09-01;193,00;205,00;185,00;Geprueft
2012-09-02;152,00;191,00;116,00;Geprueft
2012-09-03;112,00;116,00;104,00;Geprueft
2012-09-04;94,00;104,00;86,00;Geprueft
2012-09-05;77,00;87,00;64,00;Geprueft
2012-09-06;69,00;76,00;63,00;Geprueft
2012-09-07;63,00;69,00;58,00;Geprueft
2012-09-08;52,00;58,00;47,00;Geprueft
2012-09-09;44,00;50,00;41,00;Geprueft
2012-09-10;53,00;59,00;49,00;Geprueft
2012-09-11;51,00;56,00;49,00;Geprueft
2012-09-12;66,00;100,00;56,00;Geprueft
2012-09-13;105,00;108,00;100,00;Geprueft
2012-09-14;85,00;109,00;62,00;Geprueft
2012-09-15;67,00;72,00;62,00;Geprueft
2012-09-16;62,00;73,00;57,00;Geprueft
2012-09-17;56,00;57,00;55,00;Geprueft
2012-09-18;52,00;55,00;49,00;Geprueft
2012-09-19;65,00;98,00;49,00;Geprueft
2012-09-20;99,00;104,00;84,00;Geprueft
2012-09-21;76,00;84,00;66,00;Geprueft
2012-09-22;83,00;121,00;67,00;Geprueft
2012-09-23;151,00;177,00;121,00;Geprueft
2012-09-24;112,00;129,00;91,00;Geprueft
2012-09-25;101,00;113,00;91,00;Geprueft
2012-09-26;91,00;112,00;81,00;Geprueft
2012-09-27;98,00;125,00;79,00;Geprueft
2012-09-28;116,00;127,00;106,00;Geprueft
2012-09-29;92,00;106,00;83,00;Geprueft
2012-09-30;91,00;99,00;85,00;Geprueft
2012-10-01;89,00;98,00;85,00;Geprueft
2012-10-02;81,00;85,00;73,00;Geprueft
2012-10-03;68,00;73,00;66,00;Geprueft
2012-10-04;64,00;67,00;60,00;Geprueft
2012-10-05;70,00;73,00;64,00;Geprueft
2012-10-06;63,00;68,00;60,00;Geprueft
2012-10-07;68,00;84,00;62,00;Geprueft
2012-10-08;111,00;132,00;84,00;Geprueft
2012-10-09;114,00;188,00;94,00;Geprueft
2012-10-10;263,00;296,00;188,00;Geprueft
2012-10-11;248,00;261,00;220,00;Geprueft
2012-10-12;183,00;221,00;166,00;Geprueft
2012-10-13;153,00;166,00;146,00;Geprueft
2012-10-14;131,00;146,00;116,00;Geprueft
2012-10-15;115,00;120,00;111,00;Geprueft
2012-10-16;121,00;131,00;107,00;Geprueft
2012-10-17;110,00;120,00;104,00;Geprueft
2012-10-18;95,00;104,00;84,00;Geprueft
2012-10-19;76,00;84,00;70,00;Geprueft
2012-10-20;74,00;77,00;68,00;Geprueft
2012-10-21;73,00;76,00;68,00;Geprueft
2012-10-22;64,00;69,00;57,00;Geprueft
2012-10-23;64,00;68,00;59,00;Geprueft
2012-10-24;64,00;68,00;59,00;Geprueft
2012-10-25;58,00;67,00;54,00;Geprueft
2012-10-26;58,00;61,00;55,00;Geprueft
2012-10-27;63,00;75,00;55,00;Geprueft
2012-10-28;81,00;83,00;75,00;Geprueft
2012-10-29;80,00;81,00;78,00;Geprueft
2012-10-30;79,00;81,00;76,00;Geprueft
2012-10-31;78,00;81,00;74,00;Geprueft
2012-11-01;82,00;83,00;80,00;Geprueft
2012-11-02;96,00;102,00;83,00;Geprueft
2012-11-03;113,00;126,00;102,00;Geprueft
2012-11-04;109,00;113,00;107,00;Geprueft
2012-11-05;191,00;274,00;112,00;Geprueft
2012-11-06;215,00;262,00;198,00;Geprueft
2012-11-07;189,00;202,00;162,00;Geprueft
2012-11-08;155,00;162,00;142,00;Geprueft
2012-11-09;132,00;142,00;121,00;Geprueft
2012-11-10;120,00;123,00;117,00;Geprueft
2012-11-11;135,00;177,00;112,00;Geprueft
2012-11-12;212,00;223,00;177,00;Geprueft
2012-11-13;187,00;209,00;170,00;Geprueft
2012-11-14;156,00;170,00;140,00;Geprueft
2012-11-15;143,00;153,00;130,00;Geprueft
2012-11-16;124,00;130,00;119,00;Geprueft
2012-11-17;116,00;119,00;113,00;Geprueft
2012-11-18;105,00;113,00;102,00;Geprueft
2012-11-19;102,00;104,00;96,00;Geprueft
2012-11-20;95,00;100,00;91,00;Geprueft
2012-11-21;88,00;94,00;83,00;Geprueft
2012-11-22;87,00;90,00;85,00;Geprueft
2012-11-23;82,00;87,00;80,00;Geprueft
2012-11-24;80,00;87,00;76,00;Geprueft
2012-11-25;76,00;79,00;73,00;Geprueft
2012-11-26;71,00;77,00;67,00;Geprueft
2012-11-27;76,00;77,00;74,00;Geprueft
2012-11-28;75,00;81,00;74,00;Geprueft
2012-11-29;110,00;139,00;81,00;Geprueft
2012-11-30;146,00;152,00;139,00;Geprueft
2012-12-01;142,00;145,00;136,00;Geprueft
2012-12-02;122,00;136,00;110,00;Geprueft
2012-12-03;109,00;115,00;107,00;Geprueft
2012-12-04;124,00;158,00;114,00;Geprueft
2012-12-05;176,00;185,00;158,00;Geprueft
2012-12-06;152,00;168,00;142,00;Geprueft
2012-12-07;130,00;142,00;124,00;Geprueft
2012-12-08;124,00;126,00;119,00;Geprueft
2012-12-09;111,00;119,00;109,00;Geprueft
2012-12-10;112,00;115,00;109,00;Geprueft
2012-12-11;102,00;109,00;101,00;Geprueft
2012-12-12;105,00;110,00;99,00;Geprueft
2012-12-13;97,00;101,00;92,00;Geprueft
2012-12-14;97,00;102,00;90,00;Geprueft
2012-12-15;108,00;139,00;90,00;Geprueft
2012-12-16;195,00;241,00;139,00;Geprueft
2012-12-17;293,00;321,00;241,00;Geprueft
2012-12-18;322,00;324,00;318,00;Geprueft
2012-12-19;313,00;321,00;300,00;Geprueft
2012-12-20;278,00;300,00;254,00;Geprueft
2012-12-21;253,00;272,00;241,00;Geprueft
2012-12-22;272,00;282,00;257,00;Geprueft
2012-12-23;323,00;414,00;260,00;Geprueft
2012-12-24;394,00;419,00;358,00;Geprueft
2012-12-25;343,00;358,00;335,00;Geprueft
2012-12-26;331,00;335,00;322,00;Geprueft
2012-12-27;302,00;322,00;284,00;Geprueft
2012-12-28;325,00;359,00;284,00;Geprueft
2012-12-29;345,00;362,00;323,00;Geprueft
2012-12-30;314,00;323,00;303,00;Geprueft
2012-12-31;273,00;305,00;248,00;Geprueft
2013-01-01;235,00;248,00;217,00;Geprueft
2013-01-02;213,00;221,00;204,00;Geprueft
2013-01-03;199,00;204,00;190,00;Geprueft
2013-01-04;186,00;190,00;183,00;Geprueft
2013-01-05;203,00;247,00;187,00;Geprueft
2013-01-06;316,00;348,00;247,00;Geprueft
2013-01-07;278,00;302,00;253,00;Geprueft
2013-01-08;232,00;255,00;212,00;Geprueft
2013-01-09;201,00;212,00;185,00;Geprueft
2013-01-10;183,00;187,00;180,00;Geprueft
2013-01-11;180,00;186,00;175,00;Geprueft
2013-01-12;169,00;175,00;167,00;Geprueft
2013-01-13;161,00;167,00;156,00;Geprueft
2013-01-14;153,00;156,00;144,00;Geprueft
2013-01-15;142,00;145,00;139,00;Geprueft
2013-01-16;141,00;142,00;138,00;Geprueft
2013-01-17;133,00;138,00;132,00;Geprueft
2013-01-18;129,00;132,00;126,00;Geprueft
2013-01-19;122,00;127,00;117,00;Geprueft
2013-01-20;120,00;121,00;119,00;Geprueft
2013-01-21;121,00;121,00;120,00;Geprueft
2013-01-22;119,00;121,00;114,00;Geprueft
2013-01-23;109,00;114,00;104,00;Geprueft
2013-01-24;111,00;113,00;107,00;Geprueft
2013-01-25;108,00;109,00;107,00;Geprueft
2013-01-26;105,00;108,00;102,00;Geprueft
2013-01-27;100,00;102,00;98,00;Geprueft
2013-01-28;103,00;110,00;97,00;Geprueft
2013-01-29;116,00;150,00;107,00;Geprueft
2013-01-30;218,00;253,00;150,00;Geprueft
2013-01-31;289,00;330,00;249,00;Geprueft
2013-02-01;263,00;290,00;250,00;Geprueft
2013-02-02;385,00;459,00;284,00;Geprueft
2013-02-03;415,00;459,00;378,00;Geprueft
2013-02-04;365,00;378,00;359,00;Geprueft
2013-02-05;367,00;386,00;360,00;Geprueft
2013-02-06;362,00;386,00;331,00;Geprueft
2013-02-07;308,00;331,00;288,00;Geprueft
2013-02-08;271,00;288,00;253,00;Geprueft
2013-02-09;240,00;253,00;229,00;Geprueft
2013-02-10;220,00;229,00;209,00;Geprueft
2013-02-11;200,00;209,00;193,00;Geprueft
2013-02-12;191,00;195,00;187,00;Geprueft
2013-02-13;177,00;187,00;165,00;Geprueft
2013-02-14;165,00;169,00;162,00;Geprueft
2013-02-15;162,00;165,00;158,00;Geprueft
2013-02-16;157,00;159,00;152,00;Geprueft
2013-02-17;153,00;154,00;151,00;Geprueft
2013-02-18;151,00;153,00;149,00;Geprueft
2013-02-19;152,00;155,00;149,00;Geprueft
2013-02-20;146,00;151,00;144,00;Geprueft
2013-02-21;142,00;145,00;139,00;Geprueft
2013-02-22;137,00;141,00;133,00;Geprueft
2013-02-23;133,00;133,00;132,00;Geprueft
2013-02-24;128,00;132,00;121,00;Geprueft
2013-02-25;122,00;126,00;120,00;Geprueft
2013-02-26;120,00;124,00;117,00;Geprueft
2013-02-27;121,00;123,00;120,00;Geprueft
2013-02-28;120,00;122,00;115,00;Geprueft
2013-03-01;118,00;122,00;112,00;Geprueft
2013-03-02;116,00;122,00;112,00;Geprueft
2013-03-03;119,00;122,00;118,00;Geprueft
2013-03-04;120,00;121,00;118,00;Geprueft
2013-03-05;127,00;132,00;120,00;Geprueft
2013-03-06;130,00;133,00;128,00;Geprueft
2013-03-07;139,00;147,00;133,00;Geprueft
2013-03-08;166,00;175,00;147,00;Geprueft
2013-03-09;183,00;217,00;165,00;Geprueft
2013-03-10;206,00;217,00;197,00;Geprueft
2013-03-11;193,00;198,00;191,00;Geprueft
2013-03-12;184,00;192,00;180,00;Geprueft
2013-03-13;178,00;181,00;172,00;Geprueft
2013-03-14;172,00;176,00;170,00;Geprueft
2013-03-15;156,00;170,00;149,00;Geprueft
2013-03-16;149,00;152,00;142,00;Geprueft
2013-03-17;140,00;142,00;139,00;Geprueft
2013-03-18;142,00;148,00;139,00;Geprueft
2013-03-19;161,00;166,00;148,00;Geprueft
2013-03-20;161,00;163,00;159,00;Geprueft
2013-03-21;152,00;159,00;149,00;Geprueft
2013-03-22;144,00;151,00;133,00;Geprueft
2013-03-23;136,00;140,00;132,00;Geprueft
2013-03-24;132,00;137,00;127,00;Geprueft
2013-03-25;126,00;128,00;125,00;Geprueft
2013-03-26;124,00;126,00;123,00;Geprueft
2013-03-27;123,00;125,00;121,00;Geprueft
2013-03-28;115,00;122,00;112,00;Geprueft
2013-03-29;138,00;157,00;119,00;Geprueft
2013-03-30;162,00;172,00;155,00;Geprueft
2013-03-31;167,00;175,00;155,00;Geprueft
2013-04-01;164,00;174,00;153,00;Geprueft
2013-04-02;147,00;153,00;142,00;Geprueft
2013-04-03;135,00;142,00;127,00;Geprueft
2013-04-04;130,00;135,00;127,00;Geprueft
2013-04-05;128,00;133,00;124,00;Geprueft
2013-04-06;125,00;133,00;121,00;Geprueft
2013-04-07;120,00;121,00;118,00;Geprueft
2013-04-08;115,00;119,00;112,00;Geprueft
2013-04-09;115,00;125,00;112,00;Geprueft
2013-04-10;126,00;129,00;125,00;Geprueft
2013-04-11;137,00;152,00;126,00;Geprueft
2013-04-12;168,00;190,00;152,00;Geprueft
2013-04-13;198,00;207,00;190,00;Geprueft
2013-04-14;201,00;205,00;193,00;Geprueft
2013-04-15;196,00;201,00;190,00;Geprueft
2013-04-16;197,00;202,00;195,00;Geprueft
2013-04-17;192,00;201,00;187,00;Geprueft
2013-04-18;192,00;202,00;187,00;Geprueft
2013-04-19;202,00;224,00;184,00;Geprueft
2013-04-20;293,00;330,00;224,00;Geprueft
2013-04-21;283,00;327,00;247,00;Geprueft
2013-04-22;226,00;247,00;212,00;Geprueft
2013-04-23;202,00;215,00;194,00;Geprueft
2013-04-24;182,00;198,00;174,00;Geprueft
2013-04-25;185,00;195,00;179,00;Geprueft
2013-04-26;175,00;179,00;173,00;Geprueft
2013-04-27;177,00;181,00;174,00;Geprueft
2013-04-28;178,00;180,00;175,00;Geprueft
2013-04-29;168,00;179,00;161,00;Geprueft
2013-04-30;158,00;162,00;156,00;Geprueft
2013-05-01;153,00;158,00;150,00;Geprueft
2013-05-02;165,00;173,00;155,00;Geprueft
2013-05-03;161,00;173,00;153,00;Geprueft
2013-05-04;185,00;194,00;166,00;Geprueft
2013-05-05;158,00;183,00;150,00;Geprueft
2013-05-06;144,00;150,00;140,00;Geprueft
2013-05-07;152,00;162,00;141,00;Geprueft
2013-05-08;154,00;160,00;144,00;Geprueft
2013-05-09;144,00;154,00;138,00;Geprueft
2013-05-10;163,00;189,00;138,00;Geprueft
2013-05-11;207,00;218,00;189,00;Geprueft
2013-05-12;189,00;203,00;168,00;Geprueft
2013-05-13;176,00;184,00;165,00;Geprueft
2013-05-14;161,00;184,00;145,00;Geprueft
2013-05-15;147,00;152,00;143,00;Geprueft
2013-05-16;138,00;144,00;133,00;Geprueft
2013-05-17;133,00;136,00;131,00;Geprueft
2013-05-18;123,00;132,00;117,00;Geprueft
2013-05-19;120,00;128,00;116,00;Geprueft
2013-05-20;126,00;128,00;123,00;Geprueft
2013-05-21;115,00;123,00;109,00;Geprueft
2013-05-22;114,00;116,00;111,00;Geprueft
2013-05-23;123,00;137,00;113,00;Geprueft
2013-05-24;123,00;135,00;117,00;Geprueft
2013-05-25;121,00;125,00;117,00;Geprueft
2013-05-26;122,00;129,00;116,00;Geprueft
2013-05-27;164,00;192,00;129,00;Geprueft
2013-05-28;155,00;185,00;146,00;Geprueft
2013-05-29;144,00;155,00;140,00;Geprueft
2013-05-30;160,00;163,00;155,00;Geprueft
2013-05-31;236,00;371,00;152,00;Geprueft
2013-06-01;449,00;501,00;371,00;Geprueft
2013-06-02;515,00;526,00;501,00;Geprueft
2013-06-03;531,00;534,00;526,00;Geprueft
2013-06-04;494,00;530,00;455,00;Geprueft
2013-06-05;417,00;455,00;375,00;Geprueft
2013-06-06;328,00;375,00;287,00;Geprueft
2013-06-07;273,00;287,00;257,00;Geprueft
2013-06-08;234,00;257,00;218,00;Geprueft
2013-06-09;215,00;218,00;209,00;Geprueft
2013-06-10;324,00;450,00;210,00;Geprueft
2013-06-11;489,00;504,00;450,00;Geprueft
2013-06-12;487,00;506,00;420,00;Geprueft
2013-06-13;350,00;420,00;301,00;Geprueft
2013-06-14;282,00;301,00;264,00;Geprueft
2013-06-15;252,00;264,00;234,00;Geprueft
2013-06-16;219,00;234,00;210,00;Geprueft
2013-06-17;204,00;211,00;189,00;Geprueft
2013-06-18;187,00;199,00;174,00;Geprueft
2013-06-19;179,00;187,00;172,00;Geprueft
2013-06-20;173,00;185,00;167,00;Geprueft
2013-06-21;181,00;195,00;169,00;Geprueft
2013-06-22;159,00;173,00;155,00;Geprueft
2013-06-23;154,00;156,00;150,00;Geprueft
2013-06-24;145,00;150,00;142,00;Geprueft
2013-06-25;166,00;189,00;148,00;Geprueft
2013-06-26;183,00;188,00;175,00;Geprueft
2013-06-27;163,00;175,00;143,00;Geprueft
2013-06-28;148,00;154,00;141,00;Geprueft
2013-06-29;139,00;151,00;134,00;Geprueft
2013-06-30;176,00;205,00;149,00;Geprueft
2013-07-01;164,00;189,00;138,00;Geprueft
2013-07-02;142,00;151,00;131,00;Geprueft
2013-07-03;136,00;142,00;130,00;Geprueft
2013-07-04;152,00;164,00;142,00;Geprueft
2013-07-05;146,00;164,00;136,00;Geprueft
2013-07-06;136,00;138,00;129,00;Geprueft
2013-07-07;123,00;129,00;121,00;Geprueft
2013-07-08;114,00;121,00;112,00;Geprueft
2013-07-09;110,00;113,00;106,00;Geprueft
2013-07-10;108,00;113,00;102,00;Geprueft
2013-07-11;105,00;108,00;101,00;Geprueft
2013-07-12;104,00;108,00;102,00;Geprueft
2013-07-13;96,00;102,00;88,00;Geprueft
2013-07-14;89,00;91,00;87,00;Geprueft
2013-07-15;91,00;94,00;85,00;Geprueft
2013-07-16;87,00;89,00;85,00;Geprueft
2013-07-17;84,00;87,00;79,00;Geprueft
2013-07-18;81,00;84,00;79,00;Geprueft
2013-07-19;81,00;84,00;78,00;Geprueft
2013-07-20;77,00;79,00;76,00;Geprueft
2013-07-21;77,00;79,00;70,00;Geprueft
2013-07-22;77,00;79,00;75,00;Geprueft
2013-07-23;72,00;75,00;71,00;Geprueft
2013-07-24;76,00;81,00;72,00;Geprueft
2013-07-25;83,00;86,00;80,00;Geprueft
2013-07-26;84,00;87,00;78,00;Geprueft
2013-07-27;75,00;78,00;69,00;Geprueft
2013-07-28;69,00;76,00;67,00;Geprueft
2013-07-29;74,00;91,00;65,00;Geprueft
2013-07-30;104,00;111,00;91,00;Geprueft
2013-07-31;98,00;113,00;86,00;Geprueft
2013-08-01;79,00;86,00;71,00;Geprueft
2013-08-02;73,00;74,00;71,00;Geprueft
2013-08-03;70,00;75,00;65,00;Geprueft
2013-08-04;75,00;105,00;64,00;Geprueft
2013-08-05;97,00;114,00;80,00;Geprueft
2013-08-06;78,00;105,00;73,00;Geprueft
2013-08-07;100,00;121,00;82,00;Geprueft
2013-08-08;82,00;85,00;80,00;Geprueft
2013-08-09;98,00;118,00;79,00;Geprueft
2013-08-10;121,00;135,00;105,00;Geprueft
2013-08-11;93,00;105,00;82,00;Geprueft
2013-08-12;81,00;83,00;75,00;Geprueft
2013-08-13;81,00;84,00;75,00;Geprueft
2013-08-14;73,00;78,00;71,00;Geprueft
2013-08-15;73,00;74,00;70,00;Geprueft
2013-08-16;69,00;70,00;66,00;Geprueft
2013-08-17;64,00;66,00;63,00;Geprueft
2013-08-18;63,00;66,00;60,00;Geprueft
2013-08-19;64,00;76,00;60,00;Geprueft
2013-08-20;85,00;98,00;76,00;Geprueft
2013-08-21;87,00;97,00;78,00;Geprueft
2013-08-22;68,00;78,00;65,00;Geprueft
2013-08-23;66,00;67,00;65,00;Geprueft
2013-08-24;65,00;71,00;62,00;Geprueft
2013-08-25;100,00;129,00;71,00;Geprueft
2013-08-26;116,00;129,00;104,00;Geprueft
2013-08-27;92,00;104,00;77,00;Geprueft
2013-08-28;95,00;111,00;75,00;Geprueft
2013-08-29;104,00;107,00;91,00;Geprueft
2013-08-30;82,00;91,00;77,00;Geprueft
2013-08-31;72,00;77,00;67,00;Geprueft
2013-09-01;67,00;70,00;66,00;Geprueft
2013-09-02;73,00;76,00;70,00;Geprueft
2013-09-03;69,00;71,00;68,00;Geprueft
2013-09-04;66,00;70,00;63,00;Geprueft
2013-09-05;64,00;67,00;57,00;Geprueft
2013-09-06;60,00;71,00;54,00;Geprueft
2013-09-07;57,00;71,00;51,00;Geprueft
2013-09-08;54,00;68,00;50,00;Geprueft
2013-09-09;103,00;117,00;68,00;Geprueft
2013-09-10;110,00;113,00;105,00;Geprueft
2013-09-11;107,00;108,00;104,00;Geprueft
2013-09-12;118,00;154,00;102,00;Geprueft
2013-09-13;234,00;275,00;154,00;Geprueft
2013-09-14;207,00;266,00;158,00;Geprueft
2013-09-15;143,00;158,00;136,00;Geprueft
2013-09-16;136,00;140,00;131,00;Geprueft
2013-09-17;178,00;245,00;131,00;Geprueft
2013-09-18;215,00;264,00;197,00;Geprueft
2013-09-19;301,00;336,00;264,00;Geprueft
2013-09-20;270,00;336,00;223,00;Geprueft
2013-09-21;189,00;223,00;163,00;Geprueft
2013-09-22;149,00;163,00;132,00;Geprueft
2013-09-23;126,00;132,00;115,00;Geprueft
2013-09-24;112,00;115,00;104,00;Geprueft
2013-09-25;101,00;104,00;98,00;Geprueft
2013-09-26;97,00;102,00;92,00;Geprueft
2013-09-27;98,00;107,00;93,00;Geprueft
2013-09-28;97,00;107,00;87,00;Geprueft
2013-09-29;85,00;89,00;81,00;Geprueft
2013-09-30;83,00;85,00;80,00;Geprueft
2013-10-01;84,00;89,00;81,00;Geprueft
2013-10-02;76,00;83,00;71,00;Geprueft
2013-10-03;71,00;73,00;69,00;Geprueft
2013-10-04;71,00;73,00;70,00;Geprueft
2013-10-05;77,00;100,00;66,00;Geprueft
2013-10-06;99,00;105,00;94,00;Geprueft
2013-10-07;92,00;95,00;91,00;Geprueft
2013-10-08;78,00;92,00;70,00;Geprueft
2013-10-09;73,00;75,00;70,00;Geprueft
2013-10-10;79,00;94,00;72,00;Geprueft
2013-10-11;109,00;134,00;88,00;Geprueft
2013-10-12;134,00;139,00;123,00;Geprueft
2013-10-13;116,00;123,00;112,00;Geprueft
2013-10-14;114,00;121,00;109,00;Geprueft
2013-10-15;107,00;120,00;99,00;Geprueft
2013-10-16;212,00;287,00;119,00;Geprueft
2013-10-17;213,00;281,00;193,00;Geprueft
2013-10-18;182,00;205,00;160,00;Geprueft
2013-10-19;138,00;160,00;128,00;Geprueft
2013-10-20;130,00;139,00;122,00;Geprueft
2013-10-21;119,00;124,00;112,00;Geprueft
2013-10-22;107,00;113,00;102,00;Geprueft
2013-10-23;102,00;108,00;100,00;Geprueft
2013-10-24;109,00;119,00;95,00;Geprueft
2013-10-25;97,00;99,00;94,00;Geprueft
2013-10-26;93,00;95,00;90,00;Geprueft
2013-10-27;87,00;91,00;83,00;Geprueft
2013-10-28;85,00;92,00;76,00;Geprueft
2013-10-29;90,00;94,00;89,00;Geprueft
2013-10-30;95,00;99,00;85,00;Geprueft
2013-10-31;85,00;86,00;85,00;Geprueft
2013-11-01;87,00;89,00;83,00;Geprueft
2013-11-02;87,00;94,00;80,00;Geprueft
2013-11-03;96,00;115,00;90,00;Geprueft
2013-11-04;142,00;157,00;115,00;Geprueft
2013-11-05;132,00;141,00;122,00;Geprueft
2013-11-06;143,00;157,00;136,00;Geprueft
2013-11-07;215,00;260,00;157,00;Geprueft
2013-11-08;171,00;189,00;157,00;Geprueft
2013-11-09;164,00;186,00;157,00;Geprueft
2013-11-10;209,00;243,00;186,00;Geprueft
2013-11-11;264,00;289,00;243,00;Geprueft
2013-11-12;231,00;248,00;216,00;Geprueft
2013-11-13;198,00;216,00;183,00;Geprueft
2013-11-14;167,00;183,00;157,00;Geprueft
2013-11-15;153,00;157,00;151,00;Geprueft
2013-11-16;146,00;153,00;140,00;Geprueft
2013-11-17;135,00;140,00;129,00;Geprueft
2013-11-18;128,00;131,00;127,00;Geprueft
2013-11-19;125,00;128,00;122,00;Geprueft
2013-11-20;134,00;140,00;122,00;Geprueft
2013-11-21;137,00;144,00;134,00;Geprueft
2013-11-22;132,00;139,00;128,00;Geprueft
2013-11-23;120,00;128,00;114,00;Geprueft
2013-11-24;132,00;153,00;116,00;Geprueft
2013-11-25;146,00;153,00;138,00;Geprueft
2013-11-26;129,00;138,00;117,00;Geprueft
2013-11-27;117,00;120,00;115,00;Geprueft
2013-11-28;110,00;120,00;107,00;Geprueft
2013-11-29;106,00;109,00;101,00;Geprueft
2013-11-30;103,00;107,00;101,00;Geprueft
2013-12-01;107,00;108,00;105,00;Geprueft
2013-12-02;97,00;105,00;90,00;Geprueft
2013-12-03;97,00;99,00;91,00;Geprueft
2013-12-04;98,00;106,00;87,00;Geprueft
2013-12-05;88,00;96,00;83,00;Geprueft
2013-12-06;87,00;95,00;79,00;Geprueft
2013-12-07;87,00;96,00;81,00;Geprueft
2013-12-08;86,00;86,00;84,00;Geprueft
2013-12-09;85,00;87,00;82,00;Geprueft
2013-12-10;86,00;88,00;85,00;Geprueft
2013-12-11;82,00;86,00;80,00;Geprueft
2013-12-12;81,00;84,00;79,00;Geprueft
2013-12-13;72,00;79,00;69,00;Geprueft
2013-12-14;78,00;80,00;75,00;Geprueft
2013-12-15;78,00;79,00;77,00;Geprueft
2013-12-16;73,00;78,00;70,00;Geprueft
2013-12-17;72,00;75,00;70,00;Geprueft
2013-12-18;75,00;77,00;70,00;Geprueft
2013-12-19;68,00;74,00;66,00;Geprueft
2013-12-20;75,00;78,00;66,00;Geprueft
2013-12-21;70,00;72,00;69,00;Geprueft
2013-12-22;72,00;75,00;71,00;Geprueft
2013-12-23;73,00;74,00;71,00;Geprueft
2013-12-24;77,00;78,00;73,00;Geprueft
2013-12-25;78,00;78,00;76,00;Geprueft
2013-12-26;87,00;102,00;77,00;Geprueft
2013-12-27;117,00;129,00;102,00;Geprueft
2013-12-28;122,00;127,00;116,00;Geprueft
2013-12-29;110,00;118,00;106,00;Geprueft
2013-12-30;113,00;115,00;107,00;Geprueft
2013-12-31;102,00;109,00;97,00;Geprueft
2014-01-01;98,00;104,00;95,00;Geprueft
2014-01-02;92,00;95,00;90,00;Geprueft
2014-01-03;95,00;97,00;92,00;Geprueft
2014-01-04;94,00;101,00;93,00;Geprueft
2014-01-05;113,00;123,00;101,00;Geprueft
2014-01-06;126,00;131,00;120,00;Geprueft
2014-01-07;112,00;120,00;108,00;Geprueft
2014-01-08;104,00;108,00;102,00;Geprueft
2014-01-09;100,00;104,00;96,00;Geprueft
2014-01-10;103,00;116,00;99,00;Geprueft
2014-01-11;126,00;131,00;115,00;Geprueft
2014-01-12;114,00;115,00;111,00;Geprueft
2014-01-13;109,00;113,00;105,00;Geprueft
2014-01-14;110,00;138,00;103,00;Geprueft
2014-01-15;154,00;159,00;138,00;Geprueft
2014-01-16;138,00;151,00;126,00;Geprueft
2014-01-17;125,00;129,00;121,00;Geprueft
2014-01-18;131,00;139,00;121,00;Geprueft
2014-01-19;125,00;139,00;114,00;Geprueft
2014-01-20;113,00;115,00;111,00;Geprueft
2014-01-21;114,00;123,00;111,00;Geprueft
2014-01-22;127,00;132,00;123,00;Geprueft
2014-01-23;114,00;125,00;108,00;Geprueft
2014-01-24;110,00;114,00;108,00;Geprueft
2014-01-25;105,00;109,00;103,00;Geprueft
2014-01-26;107,00;111,00;103,00;Geprueft
2014-01-27;112,00;121,00;109,00;Geprueft
2014-01-28;125,00;127,00;121,00;Geprueft
2014-01-29;120,00;126,00;112,00;Geprueft
2014-01-30;109,00;112,00;102,00;Geprueft
2014-01-31;97,00;102,00;92,00;Geprueft
2014-02-01;95,00;99,00;86,00;Geprueft
2014-02-02;90,00;96,00;86,00;Geprueft
2014-02-03;98,00;103,00;96,00;Geprueft
2014-02-04;100,00;106,00;98,00;Geprueft
2014-02-05;99,00;105,00;98,00;Geprueft
2014-02-06;97,00;99,00;95,00;Geprueft
2014-02-07;95,00;97,00;93,00;Geprueft
2014-02-08;92,00;93,00;90,00;Geprueft
2014-02-09;93,00;96,00;90,00;Geprueft
2014-02-10;91,00;93,00;88,00;Geprueft
2014-02-11;90,00;93,00;85,00;Geprueft
2014-02-12;84,00;87,00;81,00;Geprueft
2014-02-13;88,00;89,00;87,00;Geprueft
2014-02-14;91,00;98,00;87,00;Geprueft
2014-02-15;105,00;112,00;98,00;Geprueft
2014-02-16;112,00;114,00;109,00;Geprueft
2014-02-17;117,00;125,00;109,00;Geprueft
2014-02-18;116,00;124,00;108,00;Geprueft
2014-02-19;105,00;109,00;102,00;Geprueft
2014-02-20;101,00;105,00;99,00;Geprueft
2014-02-21;102,00;108,00;96,00;Geprueft
2014-02-22;104,00;108,00;102,00;Geprueft
2014-02-23;98,00;102,00;96,00;Geprueft
2014-02-24;97,00;102,00;91,00;Geprueft
2014-02-25;93,00;100,00;84,00;Geprueft
2014-02-26;87,00;93,00;84,00;Geprueft
2014-02-27;85,00;91,00;83,00;Geprueft
2014-02-28;95,00;103,00;90,00;Geprueft
2014-03-01;99,00;103,00;95,00;Geprueft
2014-03-02;95,00;98,00;94,00;Geprueft
2014-03-03;95,00;100,00;92,00;Geprueft
2014-03-04;91,00;95,00;87,00;Geprueft
2014-03-05;96,00;98,00;91,00;Geprueft
2014-03-06;91,00;91,00;89,00;Geprueft
2014-03-07;86,00;89,00;85,00;Geprueft
2014-03-08;84,00;86,00;82,00;Geprueft
2014-03-09;79,00;85,00;73,00;Geprueft
2014-03-10;78,00;82,00;73,00;Geprueft
2014-03-11;82,00;85,00;76,00;Geprueft
2014-03-12;76,00;77,00;74,00;Geprueft
2014-03-13;74,00;77,00;70,00;Geprueft
2014-03-14;73,00;76,00;72,00;Geprueft
2014-03-15;77,00;80,00;74,00;Geprueft
2014-03-16;75,00;80,00;74,00;Geprueft
2014-03-17;78,00;81,00;77,00;Geprueft
2014-03-18;76,00;77,00;74,00;Geprueft
2014-03-19;75,00;79,00;68,00;Geprueft
2014-03-20;69,00;71,00;68,00;Geprueft
2014-03-21;73,00;76,00;71,00;Geprueft
2014-03-22;69,00;74,00;67,00;Geprueft
2014-03-23;84,00;92,00;72,00;Geprueft
2014-03-24;94,00;98,00;90,00;Geprueft
2014-03-25;88,00;98,00;83,00;Geprueft
2014-03-26;84,00;87,00;76,00;Geprueft
2014-03-27;80,00;84,00;76,00;Geprueft
2014-03-28;74,00;77,00;73,00;Geprueft
2014-03-29;74,00;78,00;70,00;Geprueft
2014-03-30;70,00;72,00;68,00;Geprueft
2014-03-31;72,00;72,00;71,00;Geprueft
2014-04-01;71,00;76,00;68,00;Geprueft
2014-04-02;70,00;77,00;66,00;Geprueft
2014-04-03;68,00;77,00;62,00;Geprueft
2014-04-04;68,00;73,00;63,00;Geprueft
2014-04-05;65,00;72,00;56,00;Geprueft
2014-04-06;64,00;67,00;56,00;Geprueft
2014-04-07;66,00;69,00;64,00;Geprueft
2014-04-08;73,00;75,00;69,00;Geprueft
2014-04-09;80,00;91,00;72,00;Geprueft
2014-04-10;67,00;76,00;62,00;Geprueft
2014-04-11;63,00;65,00;61,00;Geprueft
2014-04-12;58,00;61,00;49,00;Geprueft
2014-04-13;59,00;65,00;49,00;Geprueft
2014-04-14;65,00;68,00;62,00;Geprueft
2014-04-15;63,00;66,00;60,00;Geprueft
2014-04-16;61,00;63,00;59,00;Geprueft
2014-04-17;52,00;59,00;48,00;Geprueft
2014-04-18;53,00;60,00;48,00;Geprueft
2014-04-19;62,00;63,00;60,00;Geprueft
2014-04-20;59,00;63,00;53,00;Geprueft
2014-04-21;55,00;59,00;53,00;Geprueft
2014-04-22;61,00;70,00;58,00;Geprueft
2014-04-23;66,00;72,00;63,00;Geprueft
2014-04-24;62,00;70,00;56,00;Geprueft
2014-04-25;55,00;57,00;54,00;Geprueft
2014-04-26;62,00;65,00;55,00;Geprueft
2014-04-27;93,00;104,00;60,00;Geprueft
2014-04-28;109,00;116,00;95,00;Geprueft
2014-04-29;98,00;104,00;97,00;Geprueft
2014-04-30;89,00;97,00;82,00;Geprueft
2014-05-01;94,00;104,00;82,00;Geprueft
2014-05-02;124,00;152,00;104,00;Geprueft
2014-05-03;155,00;170,00;140,00;Geprueft
2014-05-04;137,00;168,00;116,00;Geprueft
2014-05-05;101,00;116,00;94,00;Geprueft
2014-05-06;88,00;98,00;75,00;Geprueft
2014-05-07;82,00;95,00;75,00;Geprueft
2014-05-08;111,00;117,00;95,00;Geprueft
2014-05-09;112,00;117,00;104,00;Geprueft
2014-05-10;114,00;121,00;104,00;Geprueft
2014-05-11;107,00;122,00;99,00;Geprueft
2014-05-12;117,00;122,00;104,00;Geprueft
2014-05-13;106,00;120,00;100,00;Geprueft
2014-05-14;119,00;147,00;100,00;Geprueft
2014-05-15;141,00;146,00;127,00;Geprueft
2014-05-16;126,00;127,00;118,00;Geprueft
2014-05-17;107,00;118,00;98,00;Geprueft
2014-05-18;90,00;98,00;83,00;Geprueft
2014-05-19;89,00;94,00;83,00;Geprueft
2014-05-20;90,00;96,00;85,00;Geprueft
2014-05-21;80,00;85,00;70,00;Geprueft
2014-05-22;68,00;82,00;65,00;Geprueft
2014-05-23;76,00;86,00;69,00;Geprueft
2014-05-24;72,00;86,00;66,00;Geprueft
2014-05-25;63,00;67,00;58,00;Geprueft
2014-05-26;80,00;101,00;58,00;Geprueft
2014-05-27;90,00;97,00;85,00;Geprueft
2014-05-28;127,00;137,00;97,00;Geprueft
2014-05-29;103,00;134,00;80,00;Geprueft
2014-05-30;83,00;86,00;79,00;Geprueft
2014-05-31;80,00;85,00;77,00;Geprueft
2014-06-01;77,00;80,00;68,00;Geprueft
2014-06-02;66,00;68,00;63,00;Geprueft
2014-06-03;63,00;64,00;63,00;Geprueft
2014-06-04;61,00;63,00;59,00;Geprueft
2014-06-05;67,00;71,00;63,00;Geprueft
2014-06-06;59,00;63,00;56,00;Geprueft
2014-06-07;52,00;56,00;50,00;Geprueft
2014-06-08;50,00;52,00;49,00;Geprueft
2014-06-09;50,00;52,00;48,00;Geprueft
2014-06-10;48,00;51,00;46,00;Geprueft
2014-06-11;55,00;66,00;41,00;Geprueft
2014-06-12;50,00;59,00;45,00;Geprueft
2014-06-13;47,00;50,00;44,00;Geprueft
2014-06-14;58,00;62,00;49,00;Geprueft
2014-06-15;48,00;54,00;41,00;Geprueft
2014-06-16;39,00;41,00;37,00;Geprueft
2014-06-17;38,00;41,00;35,00;Geprueft
2014-06-18;41,00;44,00;38,00;Geprueft
2014-06-19;35,00;39,00;32,00;Geprueft
2014-06-20;33,00;38,00;32,00;Geprueft
2014-06-21;39,00;41,00;35,00;Geprueft
2014-06-22;30,00;35,00;27,00;Geprueft
2014-06-23;32,00;34,00;29,00;Geprueft
2014-06-24;41,00;56,00;29,00;Geprueft
2014-06-25;59,00;62,00;51,00;Geprueft
2014-06-26;43,00;51,00;35,00;Geprueft
2014-06-27;40,00;45,00;35,00;Geprueft
2014-06-28;36,00;36,00;36,00;Geprueft
2014-06-29;61,00;85,00;36,00;Geprueft
2014-06-30;113,00;136,00;85,00;Geprueft
2014-07-01;107,00;134,00;85,00;Geprueft
2014-07-02;73,00;85,00;65,00;Geprueft
2014-07-03;79,00;89,00;65,00;Geprueft
2014-07-04;70,00;89,00;54,00;Geprueft
2014-07-05;51,00;54,00;46,00;Geprueft
2014-07-06;45,00;46,00;43,00;Geprueft
2014-07-07;51,00;53,00;44,00;Geprueft
2014-07-08;64,00;106,00;50,00;Geprueft
2014-07-09;171,00;230,00;106,00;Geprueft
2014-07-10;189,00;227,00;141,00;Geprueft
2014-07-11;161,00;242,00;135,00;Geprueft
2014-07-12;199,00;244,00;175,00;Geprueft
2014-07-13;187,00;192,00;179,00;Geprueft
2014-07-14;156,00;190,00;131,00;Geprueft
2014-07-15;127,00;132,00;114,00;Geprueft
2014-07-16;106,00;114,00;92,00;Geprueft
2014-07-17;83,00;92,00;70,00;Geprueft
2014-07-18;70,00;75,00;65,00;Geprueft
2014-07-19;60,00;65,00;54,00;Geprueft
2014-07-20;60,00;65,00;56,00;Geprueft
2014-07-21;59,00;83,00;54,00;Geprueft
2014-07-22;171,00;280,00;83,00;Geprueft
2014-07-23;257,00;287,00;208,00;Geprueft
2014-07-24;169,00;208,00;146,00;Geprueft
2014-07-25;131,00;151,00;113,00;Geprueft
2014-07-26;105,00;113,00;97,00;Geprueft
2014-07-27;192,00;274,00;102,00;Geprueft
2014-07-28;218,00;275,00;179,00;Geprueft
2014-07-29;230,00;258,00;179,00;Geprueft
2014-07-30;211,00;218,00;204,00;Geprueft
2014-07-31;245,00;314,00;209,00;Geprueft
2014-08-01;245,00;315,00;201,00;Geprueft
2014-08-02;180,00;201,00;161,00;Geprueft
2014-08-03;150,00;161,00;142,00;Geprueft
2014-08-04;199,00;250,00;155,00;Geprueft
2014-08-05;170,00;195,00;137,00;Geprueft
2014-08-06;142,00;145,00;132,00;Geprueft
2014-08-07;120,00;132,00;117,00;Geprueft
2014-08-08;113,00;117,00;100,00;Geprueft
2014-08-09;95,00;100,00;93,00;Geprueft
2014-08-10;91,00;95,00;85,00;Geprueft
2014-08-11;123,00;147,00;90,00;Geprueft
2014-08-12;143,00;154,00;122,00;Geprueft
2014-08-13;114,00;122,00;111,00;Geprueft
2014-08-14;129,00;131,00;121,00;Geprueft
2014-08-15;121,00;138,00;110,00;Geprueft
2014-08-16;118,00;129,00;110,00;Geprueft
2014-08-17;137,00;152,00;119,00;Geprueft
2014-08-18;111,00;121,00;103,00;Geprueft
2014-08-19;97,00;103,00;88,00;Geprueft
2014-08-20;84,00;88,00;81,00;Geprueft
2014-08-21;80,00;81,00;77,00;Geprueft
2014-08-22;75,00;77,00;70,00;Geprueft
2014-08-23;68,00;70,00;67,00;Geprueft
2014-08-24;71,00;74,00;69,00;Geprueft
2014-08-25;72,00;74,00;70,00;Geprueft
2014-08-26;81,00;97,00;71,00;Geprueft
2014-08-27;115,00;139,00;89,00;Geprueft
2014-08-28;142,00;157,00;115,00;Geprueft
2014-08-29;108,00;115,00;101,00;Geprueft
2014-08-30;104,00;116,00;99,00;Geprueft
2014-08-31;130,00;185,00;113,00;Geprueft
2014-09-01;227,00;258,00;185,00;Geprueft
2014-09-02;199,00;253,00;162,00;Geprueft
2014-09-03;148,00;163,00;121,00;Geprueft
2014-09-04;114,00;121,00;107,00;Geprueft
2014-09-05;97,00;107,00;91,00;Geprueft
2014-09-06;99,00;105,00;92,00;Geprueft
2014-09-07;87,00;92,00;83,00;Geprueft
2014-09-08;83,00;84,00;81,00;Geprueft
2014-09-09;76,00;83,00;73,00;Geprueft
2014-09-10;81,00;99,00;70,00;Geprueft
2014-09-11;109,00;120,00;99,00;Geprueft
2014-09-12;106,00;136,00;97,00;Geprueft
2014-09-13;152,00;167,00;136,00;Geprueft
2014-09-14;156,00;167,00;141,00;Geprueft
2014-09-15;130,00;141,00;114,00;Geprueft
2014-09-16;107,00;114,00;96,00;Geprueft
2014-09-17;93,00;100,00;89,00;Geprueft
2014-09-18;83,00;91,00;81,00;Geprueft
2014-09-19;83,00;85,00;77,00;Geprueft
2014-09-20;80,00;86,00;74,00;Geprueft
2014-09-21;87,00;122,00;75,00;Geprueft
2014-09-22;173,00;220,00;122,00;Geprueft
2014-09-23;175,00;225,00;139,00;Geprueft
2014-09-24;126,00;139,00;119,00;Geprueft
2014-09-25;120,00;133,00;115,00;Geprueft
2014-09-26;125,00;133,00;113,00;Geprueft
2014-09-27;103,00;113,00;85,00;Geprueft
2014-09-28;90,00;93,00;84,00;Geprueft
2014-09-29;85,00;91,00;81,00;Geprueft
2014-09-30;78,00;87,00;71,00;Geprueft
2014-10-01;88,00;92,00;78,00;Geprueft
2014-10-02;89,00;91,00;86,00;Geprueft
2014-10-03;84,00;87,00;77,00;Geprueft
2014-10-04;75,00;77,00;71,00;Geprueft
2014-10-05;73,00;77,00;68,00;Geprueft
2014-10-06;67,00;69,00;63,00;Geprueft
2014-10-07;68,00;70,00;64,00;Geprueft
2014-10-08;75,00;85,00;64,00;Geprueft
2014-10-09;70,00;74,00;66,00;Geprueft
2014-10-10;66,00;70,00;63,00;Geprueft
2014-10-11;60,00;65,00;58,00;Geprueft
2014-10-12;58,00;65,00;53,00;Geprueft
2014-10-13;63,00;71,00;58,00;Geprueft
2014-10-14;67,00;76,00;57,00;Geprueft
2014-10-15;70,00;73,00;65,00;Geprueft
2014-10-16;66,00;71,00;65,00;Geprueft
2014-10-17;101,00;125,00;71,00;Geprueft
2014-10-18;115,00;126,00;104,00;Geprueft
2014-10-19;105,00;110,00;98,00;Geprueft
2014-10-20;86,00;98,00;79,00;Geprueft
2014-10-21;146,00;175,00;81,00;Geprueft
2014-10-22;207,00;231,00;174,00;Geprueft
2014-10-23;279,00;332,00;228,00;Geprueft
2014-10-24;269,00;329,00;227,00;Geprueft
2014-10-25;204,00;227,00;187,00;Geprueft
2014-10-26;172,00;188,00;164,00;Geprueft
2014-10-27;165,00;169,00;156,00;Geprueft
2014-10-28;151,00;156,00;142,00;Geprueft
2014-10-29;134,00;142,00;125,00;Geprueft
2014-10-30;125,00;128,00;122,00;Geprueft
2014-10-31;115,00;127,00;108,00;Geprueft
2014-11-01;107,00;109,00;105,00;Geprueft
2014-11-02;105,00;108,00;103,00;Geprueft
2014-11-03;105,00;107,00;98,00;Geprueft
2014-11-04;94,00;102,00;88,00;Geprueft
2014-11-05;92,00;101,00;88,00;Geprueft
2014-11-06;120,00;133,00;101,00;Geprueft
2014-11-07;129,00;137,00;121,00;Geprueft
2014-11-08;120,00;133,00;109,00;Geprueft
2014-11-09;104,00;109,00;97,00;Geprueft
2014-11-10;98,00;100,00;95,00;Geprueft
2014-11-11;93,00;96,00;89,00;Geprueft
2014-11-12;88,00;92,00;85,00;Geprueft
2014-11-13;89,00;92,00;87,00;Geprueft
2014-11-14;84,00;87,00;83,00;Geprueft
2014-11-15;86,00;89,00;84,00;Geprueft
2014-11-16;83,00;90,00;76,00;Geprueft
2014-11-17;104,00;114,00;90,00;Geprueft
2014-11-18;125,00;137,00;114,00;Geprueft
2014-11-19;158,00;166,00;137,00;Geprueft
2014-11-20;152,00;162,00;136,00;Geprueft
2014-11-21;124,00;136,00;117,00;Geprueft
2014-11-22;112,00;117,00;109,00;Geprueft
2014-11-23;106,00;109,00;103,00;Geprueft
2014-11-24;100,00;103,00;96,00;Geprueft
2014-11-25;93,00;97,00;84,00;Geprueft
2014-11-26;94,00;102,00;85,00;Geprueft
2014-11-27;90,00;96,00;84,00;Geprueft
2014-11-28;83,00;85,00;81,00;Geprueft
2014-11-29;79,00;82,00;77,00;Geprueft
2014-11-30;75,00;77,00;73,00;Geprueft
2014-12-01;74,00;80,00;73,00;Geprueft
2014-12-02;80,00;85,00;72,00;Geprueft
2014-12-03;76,00;76,00;73,00;Geprueft
2014-12-04;76,00;77,00;76,00;Geprueft
2014-12-05;70,00;77,00;65,00;Geprueft
2014-12-06;68,00;70,00;67,00;Geprueft
2014-12-07;72,00;76,00;68,00;Geprueft
2014-12-08;68,00;71,00;67,00;Geprueft
2014-12-09;71,00;73,00;66,00;Geprueft
2014-12-10;66,00;68,00;64,00;Geprueft
2014-12-11;64,00;66,00;62,00;Geprueft
2014-12-12;66,00;69,00;63,00;Geprueft
2014-12-13;62,00;64,00;61,00;Geprueft
2014-12-14;67,00;70,00;61,00;Geprueft
2014-12-15;65,00;75,00;57,00;Geprueft
2014-12-16;60,00;64,00;56,00;Geprueft
2014-12-17;65,00;70,00;62,00;Geprueft
2014-12-18;85,00;96,00;65,00;Geprueft
2014-12-19;127,00;159,00;96,00;Geprueft
2014-12-20;138,00;168,00;119,00;Geprueft
2014-12-21;151,00;170,00;125,00;Geprueft
2014-12-22;119,00;125,00;115,00;Geprueft
2014-12-23;102,00;115,00;97,00;Geprueft
2014-12-24;91,00;97,00;87,00;Geprueft
2014-12-25;84,00;88,00;80,00;Geprueft
2014-12-26;87,00;88,00;83,00;Geprueft
2014-12-27;92,00;93,00;88,00;Geprueft
2014-12-28;89,00;91,00;85,00;Geprueft
2014-12-29;79,00;85,00;72,00;Geprueft
2014-12-30;78,00;84,00;72,00;Geprueft
2014-12-31;82,00;85,00;79,00;Geprueft
2015-01-01;81,00;84,00;79,00;Geprueft
2015-01-02;86,00;97,00;81,00;Geprueft
2015-01-03;159,00;197,00;97,00;Geprueft
2015-01-04;380,00;465,00;197,00;Geprueft
2015-01-05;387,00;461,00;327,00;Geprueft
2015-01-06;293,00;327,00;269,00;Geprueft
2015-01-07;236,00;269,00;208,00;Geprueft
2015-01-08;186,00;208,00;176,00;Geprueft
2015-01-09;215,00;247,00;184,00;Geprueft
2015-01-10;291,00;338,00;247,00;Geprueft
2015-01-11;342,00;365,00;334,00;Geprueft
2015-01-12;344,00;374,00;305,00;Geprueft
2015-01-13;282,00;308,00;253,00;Geprueft
2015-01-14;241,00;253,00;215,00;Geprueft
2015-01-15;218,00;222,00;215,00;Geprueft
2015-01-16;199,00;219,00;189,00;Geprueft
2015-01-17;195,00;208,00;186,00;Geprueft
2015-01-18;211,00;215,00;206,00;Geprueft
2015-01-19;199,00;210,00;182,00;Geprueft
2015-01-20;177,00;182,00;173,00;Geprueft
2015-01-21;166,00;173,00;160,00;Geprueft
2015-01-22;159,00;160,00;154,00;Geprueft
2015-01-23;147,00;154,00;144,00;Geprueft
2015-01-24;138,00;144,00;136,00;Geprueft
2015-01-25;134,00;139,00;129,00;Geprueft
2015-01-26;127,00;129,00;124,00;Geprueft
2015-01-27;129,00;131,00;126,00;Geprueft
2015-01-28;124,00;131,00;123,00;Geprueft
2015-01-29;133,00;140,00;125,00;Geprueft
2015-01-30;159,00;174,00;140,00;Geprueft
2015-01-31;162,00;174,00;154,00;Geprueft
2015-02-01;146,00;154,00;137,00;Geprueft
2015-02-02;136,00;142,00;131,00;Geprueft
2015-02-03;129,00;131,00;126,00;Geprueft
2015-02-04;126,00;131,00;119,00;Geprueft
2015-02-05;116,00;119,00;112,00;Geprueft
2015-02-06;111,00;113,00;107,00;Geprueft
2015-02-07;101,00;107,00;95,00;Geprueft
2015-02-08;101,00;102,00;97,00;Geprueft
2015-02-09;102,00;104,00;100,00;Geprueft
2015-02-10;95,00;101,00;90,00;Geprueft
2015-02-11;99,00;104,00;93,00;Geprueft
2015-02-12;94,00;96,00;89,00;Geprueft
2015-02-13;91,00;95,00;89,00;Geprueft
2015-02-14;95,00;96,00;90,00;Geprueft
2015-02-15;89,00;90,00;88,00;Geprueft
2015-02-16;92,00;93,00;90,00;Geprueft
2015-02-17;88,00;91,00;84,00;Geprueft
2015-02-18;88,00;89,00;85,00;Geprueft
2015-02-19;84,00;88,00;82,00;Geprueft
2015-02-20;87,00;92,00;82,00;Geprueft
2015-02-21;89,00;92,00;84,00;Geprueft
2015-02-22;99,00;105,00;92,00;Geprueft
2015-02-23;100,00;104,00;97,00;Geprueft
2015-02-24;114,00;130,00;103,00;Geprueft
2015-02-25;126,00;133,00;122,00;Geprueft
2015-02-26;119,00;122,00;115,00;Geprueft
2015-02-27;113,00;118,00;109,00;Geprueft
2015-02-28;117,00;117,00;114,00;Geprueft
2015-03-01;118,00;119,00;117,00;Geprueft
2015-03-02;201,00;333,00;118,00;Geprueft
2015-03-03;308,00;346,00;261,00;Geprueft
2015-03-04;246,00;261,00;230,00;Geprueft
2015-03-05;215,00;230,00;192,00;Geprueft
2015-03-06;181,00;192,00;165,00;Geprueft
2015-03-07;159,00;166,00;146,00;Geprueft
2015-03-08;151,00;154,00;145,00;Geprueft
2015-03-09;148,00;154,00;144,00;Geprueft
2015-03-10;146,00;154,00;139,00;Geprueft
2015-03-11;148,00;153,00;143,00;Geprueft
2015-03-12;157,00;159,00;152,00;Geprueft
2015-03-13;146,00;153,00;144,00;Geprueft
2015-03-14;139,00;146,00;132,00;Geprueft
2015-03-15;132,00;132,00;130,00;Geprueft
2015-03-16;126,00;130,00;124,00;Geprueft
2015-03-17;126,00;131,00;124,00;Geprueft
2015-03-18;123,00;129,00;120,00;Geprueft
2015-03-19;129,00;131,00;127,00;Geprueft
2015-03-20;132,00;140,00;129,00;Geprueft
2015-03-21;126,00;130,00;121,00;Geprueft
2015-03-22;128,00;138,00;121,00;Geprueft
2015-03-23;130,00;138,00;125,00;Geprueft
2015-03-24;127,00;138,00;105,00;Geprueft
2015-03-25;112,00;124,00;105,00;Geprueft
2015-03-26;117,00;125,00;112,00;Geprueft
2015-03-27;117,00;118,00;112,00;Geprueft
2015-03-28;110,00;113,00;105,00;Geprueft
2015-03-29;104,00;110,00;102,00;Geprueft
2015-03-30;181,00;289,00;109,00;Geprueft
2015-03-31;267,00;305,00;229,00;Geprueft
2015-04-01;241,00;256,00;231,00;Geprueft
2015-04-02;219,00;231,00;213,00;Geprueft
2015-04-03;243,00;257,00;219,00;Geprueft
2015-04-04;224,00;233,00;214,00;Geprueft
2015-04-05;240,00;247,00;225,00;Geprueft
2015-04-06;203,00;225,00;191,00;Geprueft
2015-04-07;178,00;191,00;171,00;Geprueft
2015-04-08;160,00;171,00;156,00;Geprueft
2015-04-09;152,00;160,00;147,00;Geprueft
2015-04-10;144,00;147,00;141,00;Geprueft
2015-04-11;143,00;148,00;138,00;Geprueft
2015-04-12;142,00;149,00;132,00;Geprueft
2015-04-13;139,00;148,00;132,00;Geprueft
2015-04-14;135,00;140,00;125,00;Geprueft
2015-04-15;133,00;139,00;125,00;Geprueft
2015-04-16;127,00;131,00;122,00;Geprueft
2015-04-17;130,00;158,00;118,00;Geprueft
2015-04-18;190,00;212,00;158,00;Geprueft
2015-04-19;155,00;193,00;132,00;Geprueft
2015-04-20;127,00;132,00;124,00;Geprueft
2015-04-21;119,00;125,00;113,00;Geprueft
2015-04-22;112,00;114,00;110,00;Geprueft
2015-04-23;109,00;110,00;108,00;Geprueft
2015-04-24;106,00;112,00;102,00;Geprueft
2015-04-25;103,00;107,00;99,00;Geprueft
2015-04-26;103,00;106,00;99,00;Geprueft
2015-04-27;108,00;124,00;101,00;Geprueft
2015-04-28;182,00;240,00;124,00;Geprueft
2015-04-29;198,00;244,00;144,00;Geprueft
2015-04-30;143,00;151,00;127,00;Geprueft
2015-05-01;152,00;251,00;127,00;Geprueft
2015-05-02;375,00;429,00;251,00;Geprueft
2015-05-03;411,00;433,00;394,00;Geprueft
2015-05-04;399,00;425,00;363,00;Geprueft
2015-05-05;324,00;363,00;297,00;Geprueft
2015-05-06;347,00;395,00;292,00;Geprueft
2015-05-07;356,00;393,00;312,00;Geprueft
2015-05-08;271,00;312,00;240,00;Geprueft
2015-05-09;223,00;240,00;216,00;Geprueft
2015-05-10;206,00;220,00;196,00;Geprueft
2015-05-11;186,00;196,00;179,00;Geprueft
2015-05-12;171,00;179,00;164,00;Geprueft
2015-05-13;160,00;166,00;158,00;Geprueft
2015-05-14;163,00;168,00;159,00;Geprueft
2015-05-15;209,00;274,00;168,00;Geprueft
2015-05-16;272,00;302,00;233,00;Geprueft
2015-05-17;211,00;233,00;186,00;Geprueft
2015-05-18;175,00;186,00;169,00;Geprueft
2015-05-19;160,00;171,00;156,00;Geprueft
2015-05-20;203,00;271,00;159,00;Geprueft
2015-05-21;267,00;279,00;253,00;Geprueft
2015-05-22;220,00;253,00;201,00;Geprueft
2015-05-23;185,00;201,00;167,00;Geprueft
2015-05-24;156,00;167,00;148,00;Geprueft
2015-05-25;147,00;156,00;143,00;Geprueft
2015-05-26;154,00;177,00;143,00;Geprueft
2015-05-27;182,00;187,00;167,00;Geprueft
2015-05-28;151,00;167,00;146,00;Geprueft
2015-05-29;133,00;146,00;130,00;Geprueft
2015-05-30;125,00;133,00;118,00;Geprueft
2015-05-31;124,00;129,00;115,00;Geprueft
2015-06-01;115,00;117,00;108,00;Geprueft
2015-06-02;111,00;116,00;106,00;Geprueft
2015-06-03;109,00;111,00;107,00;Geprueft
2015-06-04;106,00;109,00;102,00;Geprueft
2015-06-05;97,00;104,00;95,00;Geprueft
2015-06-06;96,00;99,00;94,00;Geprueft
2015-06-07;121,00;138,00;99,00;Geprueft
2015-06-08;150,00;195,00;103,00;Geprueft
2015-06-09;152,00;183,00;138,00;Geprueft
2015-06-10;122,00;139,00;112,00;Geprueft
2015-06-11;109,00;116,00;100,00;Geprueft
2015-06-12;102,00;106,00;95,00;Geprueft
2015-06-13;101,00;107,00;95,00;Geprueft
2015-06-14;94,00;107,00;83,00;Geprueft
2015-06-15;165,00;191,00;107,00;Geprueft
2015-06-16;195,00;209,00;184,00;Geprueft
2015-06-17;153,00;191,00;130,00;Geprueft
2015-06-18;126,00;130,00;121,00;Geprueft
2015-06-19;145,00;182,00;124,00;Geprueft
2015-06-20;158,00;183,00;143,00;Geprueft
2015-06-21;199,00;213,00;166,00;Geprueft
2015-06-22;178,00;186,00;169,00;Geprueft
2015-06-23;215,00;293,00;165,00;Geprueft
2015-06-24;226,00;293,00;173,00;Geprueft
2015-06-25;150,00;173,00;139,00;Geprueft
2015-06-26;126,00;139,00;114,00;Geprueft
2015-06-27;110,00;117,00;104,00;Geprueft
2015-06-28;126,00;132,00;111,00;Geprueft
2015-06-29;107,00;117,00;98,00;Geprueft
2015-06-30;96,00;98,00;88,00;Geprueft
2015-07-01;85,00;88,00;83,00;Geprueft
2015-07-02;80,00;87,00;75,00;Geprueft
2015-07-03;81,00;85,00;76,00;Geprueft
2015-07-04;77,00;80,00;74,00;Geprueft
2015-07-05;70,00;75,00;66,00;Geprueft
2015-07-06;74,00;82,00;70,00;Geprueft
2015-07-07;81,00;84,00;69,00;Geprueft
2015-07-08;70,00;74,00;65,00;Geprueft
2015-07-09;73,00;74,00;69,00;Geprueft
2015-07-10;64,00;69,00;63,00;Geprueft
2015-07-11;67,00;69,00;65,00;Geprueft
2015-07-12;58,00;66,00;51,00;Geprueft
2015-07-13;59,00;62,00;51,00;Geprueft
2015-07-14;56,00;59,00;55,00;Geprueft
2015-07-15;56,00;62,00;54,00;Geprueft
2015-07-16;54,00;57,00;53,00;Geprueft
2015-07-17;51,00;55,00;47,00;Geprueft
2015-07-18;51,00;61,00;46,00;Geprueft
2015-07-19;51,00;56,00;50,00;Geprueft
2015-07-20;50,00;50,00;49,00;Geprueft
2015-07-21;51,00;55,00;47,00;Geprueft
2015-07-22;47,00;50,00;44,00;Geprueft
2015-07-23;60,00;74,00;46,00;Geprueft
2015-07-24;67,00;72,00;63,00;Geprueft
2015-07-25;59,00;63,00;54,00;Geprueft
2015-07-26;52,00;55,00;50,00;Geprueft
2015-07-27;52,00;55,00;49,00;Geprueft
2015-07-28;52,00;56,00;51,00;Geprueft
2015-07-29;58,00;63,00;52,00;Geprueft
2015-07-30;51,00;52,00;51,00;Geprueft
2015-07-31;53,00;55,00;51,00;Geprueft
2015-08-01;50,00;53,00;47,00;Geprueft
2015-08-02;47,00;50,00;45,00;Geprueft
2015-08-03;45,00;46,00;45,00;Geprueft
2015-08-04;45,00;46,00;45,00;Geprueft
2015-08-05;42,00;45,00;36,00;Geprueft
2015-08-06;38,00;40,00;35,00;Geprueft
2015-08-07;38,00;40,00;36,00;Geprueft
2015-08-08;34,00;36,00;33,00;Geprueft
2015-08-09;32,00;37,00;30,00;Geprueft
2015-08-10;49,00;85,00;37,00;Geprueft
2015-08-11;74,00;87,00;62,00;Geprueft
2015-08-12;65,00;86,00;46,00;Geprueft
2015-08-13;40,00;46,00;36,00;Geprueft
2015-08-14;43,00;48,00;38,00;Geprueft
2015-08-15;52,00;67,00;47,00;Geprueft
2015-08-16;94,00;112,00;67,00;Geprueft
2015-08-17;106,00;113,00;99,00;Geprueft
2015-08-18;82,00;100,00;69,00;Geprueft
2015-08-19;73,00;101,00;61,00;Geprueft
2015-08-20;91,00;98,00;81,00;Geprueft
2015-08-21;71,00;81,00;68,00;Geprueft
2015-08-22;68,00;71,00;57,00;Geprueft
2015-08-23;52,00;57,00;47,00;Geprueft
2015-08-24;59,00;64,00;48,00;Geprueft
2015-08-25;51,00;60,00;47,00;Geprueft
2015-08-26;49,00;52,00;47,00;Geprueft
2015-08-27;50,00;53,00;48,00;Geprueft
2015-08-28;47,00;49,00;39,00;Geprueft
2015-08-29;37,00;39,00;36,00;Geprueft
2015-08-30;39,00;41,00;34,00;Geprueft
2015-08-31;32,00;36,00;29,00;Geprueft
2015-09-01;38,00;45,00;32,00;Geprueft
2015-09-02;40,00;49,00;31,00;Geprueft
2015-09-03;40,00;43,00;39,00;Geprueft
2015-09-04;62,00;73,00;43,00;Geprueft
2015-09-05;56,00;68,00;52,00;Geprueft
2015-09-06;53,00;71,00;45,00;Geprueft
2015-09-07;75,00;75,00;71,00;Geprueft
2015-09-08;64,00;75,00;52,00;Geprueft
2015-09-09;51,00;55,00;47,00;Geprueft
2015-09-10;44,00;47,00;40,00;Geprueft
2015-09-11;45,00;50,00;41,00;Geprueft
2015-09-12;41,00;47,00;32,00;Geprueft
2015-09-13;34,00;44,00;30,00;Geprueft
2015-09-14;43,00;55,00;35,00;Geprueft
2015-09-15;68,00;76,00;55,00;Geprueft
2015-09-16;54,00;73,00;47,00;Geprueft
2015-09-17;47,00;53,00;44,00;Geprueft
2015-09-18;44,00;46,00;42,00;Geprueft
2015-09-19;49,00;58,00;40,00;Geprueft
2015-09-20;40,00;45,00;36,00;Geprueft
2015-09-21;41,00;42,00;39,00;Geprueft
2015-09-22;39,00;40,00;39,00;Geprueft
2015-09-23;47,00;54,00;35,00;Geprueft
2015-09-24;70,00;79,00;41,00;Geprueft
2015-09-25;55,00;59,00;52,00;Geprueft
2015-09-26;48,00;58,00;42,00;Geprueft
2015-09-27;42,00;44,00;41,00;Geprueft
2015-09-28;42,00;45,00;40,00;Geprueft
2015-09-29;36,00;40,00;26,00;Geprueft
2015-09-30;38,00;41,00;32,00;Geprueft
2015-10-01;29,00;36,00;25,00;Geprueft
2015-10-02;34,00;37,00;33,00;Geprueft
2015-10-03;33,00;38,00;28,00;Geprueft
2015-10-04;30,00;39,00;27,00;Geprueft
2015-10-05;35,00;42,00;27,00;Geprueft
2015-10-06;38,00;59,00;32,00;Geprueft
2015-10-07;54,00;65,00;45,00;Geprueft
2015-10-08;57,00;62,00;52,00;Geprueft
2015-10-09;45,00;61,00;39,00;Geprueft
2015-10-10;36,00;42,00;33,00;Geprueft
2015-10-11;38,00;42,00;32,00;Geprueft
2015-10-12;32,00;33,00;31,00;Geprueft
2015-10-13;36,00;43,00;32,00;Geprueft
2015-10-14;57,00;65,00;43,00;Geprueft
2015-10-15;72,00;90,00;59,00;Geprueft
2015-10-16;60,00;62,00;59,00;Geprueft
2015-10-17;58,00;60,00;55,00;Geprueft
2015-10-18;54,00;55,00;45,00;Geprueft
2015-10-19;64,00;82,00;44,00;Geprueft
2015-10-20;65,00;74,00;58,00;Geprueft
2015-10-21;58,00;60,00;52,00;Geprueft
2015-10-22;49,00;52,00;48,00;Geprueft
2015-10-23;44,00;49,00;38,00;Geprueft
2015-10-24;42,00;45,00;38,00;Geprueft
2015-10-25;38,00;41,00;37,00;Geprueft
2015-10-26;41,00;45,00;37,00;Geprueft
2015-10-27;42,00;45,00;38,00;Geprueft
2015-10-28;35,00;40,00;27,00;Geprueft
2015-10-29;34,00;38,00;27,00;Geprueft
2015-10-30;39,00;42,00;37,00;Geprueft
2015-10-31;39,00;42,00;37,00;Geprueft
2015-11-01;38,00;38,00;37,00;Geprueft
2015-11-02;35,00;38,00;30,00;Geprueft
2015-11-03;32,00;36,00;28,00;Geprueft
2015-11-04;31,00;35,00;30,00;Geprueft
2015-11-05;31,00;32,00;30,00;Geprueft
2015-11-06;28,00;31,00;27,00;Geprueft
2015-11-07;34,00;37,00;26,00;Geprueft
2015-11-08;27,00;29,00;24,00;Geprueft
2015-11-09;30,00;33,00;28,00;Geprueft
2015-11-10;28,00;29,00;27,00;Geprueft
2015-11-11;29,00;32,00;23,00;Geprueft
2015-11-12;29,00;31,00;27,00;Geprueft
2015-11-13;29,00;32,00;25,00;Geprueft
2015-11-14;27,00;30,00;25,00;Geprueft
2015-11-15;28,00;30,00;23,00;Geprueft
2015-11-16;27,00;30,00;23,00;Geprueft
2015-11-17;26,00;27,00;25,00;Geprueft
2015-11-18;27,00;34,00;22,00;Geprueft
2015-11-19;26,00;32,00;20,00;Geprueft
2015-11-20;56,00;128,00;24,00;Geprueft
2015-11-21;267,00;349,00;128,00;Geprueft
2015-11-22;194,00;244,00;141,00;Geprueft
2015-11-23;126,00;141,00;103,00;Geprueft
2015-11-24;96,00;103,00;87,00;Geprueft
2015-11-25;77,00;87,00;71,00;Geprueft
2015-11-26;76,00;81,00;70,00;Geprueft
2015-11-27;73,00;79,00;60,00;Geprueft
2015-11-28;65,00;67,00;59,00;Geprueft
2015-11-29;64,00;65,00;61,00;Geprueft
2015-11-30;74,00;103,00;60,00;Geprueft
2015-12-01;116,00;121,00;103,00;Geprueft
2015-12-02;130,00;141,00;121,00;Geprueft
2015-12-03;110,00;121,00;100,00;Geprueft
2015-12-04;91,00;100,00;80,00;Geprueft
2015-12-05;81,00;86,00;70,00;Geprueft
2015-12-06;69,00;72,00;66,00;Geprueft
2015-12-07;65,00;67,00;62,00;Geprueft
2015-12-08;61,00;62,00;60,00;Geprueft
2015-12-09;59,00;74,00;53,00;Geprueft
2015-12-10;67,00;77,00;60,00;Geprueft
2015-12-11;61,00;65,00;57,00;Geprueft
2015-12-12;55,00;58,00;52,00;Geprueft
2015-12-13;48,00;52,00;43,00;Geprueft
2015-12-14;47,00;51,00;44,00;Geprueft
2015-12-15;47,00;49,00;44,00;Geprueft
2015-12-16;42,00;45,00;38,00;Geprueft
2015-12-17;83,00;118,00;45,00;Geprueft
2015-12-18;95,00;118,00;81,00;Geprueft
2015-12-19;72,00;81,00;64,00;Geprueft
2015-12-20;62,00;64,00;55,00;Geprueft
2015-12-21;55,00;59,00;53,00;Geprueft
2015-12-22;54,00;57,00;49,00;Geprueft
2015-12-23;48,00;49,00;46,00;Geprueft
2015-12-24;49,00;52,00;46,00;Geprueft
2015-12-25;45,00;51,00;38,00;Geprueft
2015-12-26;41,00;43,00;38,00;Geprueft
2015-12-27;37,00;39,00;35,00;Geprueft
2015-12-28;38,00;38,00;37,00;Geprueft
2015-12-29;38,00;38,00;37,00;Geprueft
2015-12-30;36,00;38,00;34,00;Geprueft
2015-12-31;36,00;43,00;34,00;Geprueft
2016-01-01;42,00;43,00;41,00;Geprueft
2016-01-02;42,00;44,00;39,00;Geprueft
2016-01-03;62,00;70,00;44,00;Geprueft
2016-01-04;84,00;92,00;70,00;Geprueft
2016-01-05;94,00;96,00;91,00;Geprueft
2016-01-06;86,00;92,00;78,00;Geprueft
2016-01-07;92,00;101,00;89,00;Geprueft
2016-01-08;113,00;123,00;101,00;Geprueft
2016-01-09;140,00;177,00;119,00;Geprueft
2016-01-10;171,00;179,00;156,00;Geprueft
2016-01-11;202,00;252,00;157,00;Geprueft
2016-01-12;238,00;255,00;222,00;Geprueft
2016-01-13;241,00;248,00;227,00;Geprueft
2016-01-14;208,00;232,00;187,00;Geprueft
2016-01-15;181,00;194,00;159,00;Geprueft
2016-01-16;150,00;159,00;140,00;Geprueft
2016-01-17;130,00;141,00;123,00;Geprueft
2016-01-18;120,00;125,00;116,00;Geprueft
2016-01-19;105,00;117,00;101,00;Geprueft
2016-01-20;102,00;104,00;100,00;Geprueft
2016-01-21;94,00;102,00;90,00;Geprueft
2016-01-22;84,00;90,00;81,00;Geprueft
2016-01-23;82,00;84,00;79,00;Geprueft
2016-01-24;87,00;90,00;81,00;Geprueft
2016-01-25;90,00;93,00;87,00;Geprueft
2016-01-26;98,00;107,00;92,00;Geprueft
2016-01-27;107,00;109,00;103,00;Geprueft
2016-01-28;115,00;124,00;105,00;Geprueft
2016-01-29;131,00;146,00;118,00;Geprueft
2016-01-30;155,00;161,00;146,00;Geprueft
2016-01-31;185,00;262,00;160,00;Geprueft
2016-02-01;353,00;408,00;262,00;Geprueft
2016-02-02;350,00;409,00;290,00;Geprueft
2016-02-03;277,00;290,00;265,00;Geprueft
2016-02-04;273,00;286,00;242,00;Geprueft
2016-02-05;241,00;248,00;236,00;Geprueft
2016-02-06;229,00;236,00;215,00;Geprueft
2016-02-07;196,00;215,00;175,00;Geprueft
2016-02-08;180,00;187,00;172,00;Geprueft
2016-02-09;187,00;191,00;182,00;Geprueft
2016-02-10;199,00;214,00;184,00;Geprueft
2016-02-11;210,00;214,00;198,00;Geprueft
2016-02-12;195,00;199,00;184,00;Geprueft
2016-02-13;179,00;184,00;174,00;Geprueft
2016-02-14;170,00;184,00;164,00;Geprueft
2016-02-15;193,00;199,00;184,00;Geprueft
2016-02-16;186,00;199,00;171,00;Geprueft
2016-02-17;161,00;171,00;151,00;Geprueft
2016-02-18;145,00;151,00;143,00;Geprueft
2016-02-19;135,00;143,00;129,00;Geprueft
2016-02-20;127,00;130,00;125,00;Geprueft
2016-02-21;169,00;213,00;130,00;Geprueft
2016-02-22;204,00;214,00;193,00;Geprueft
2016-02-23;177,00;193,00;169,00;Geprueft
2016-02-24;186,00;197,00;180,00;Geprueft
2016-02-25;183,00;197,00;179,00;Geprueft
2016-02-26;172,00;182,00;165,00;Geprueft
2016-02-27;158,00;166,00;148,00;Geprueft
2016-02-28;142,00;148,00;140,00;Geprueft
2016-02-29;139,00;146,00;136,00;Geprueft
2016-03-01;149,00;158,00;143,00;Geprueft
2016-03-02;155,00;177,00;145,00;Geprueft
2016-03-03;247,00;273,00;177,00;Geprueft
2016-03-04;218,00;232,00;205,00;Geprueft
2016-03-05;190,00;205,00;184,00;Geprueft
2016-03-06;188,00;193,00;186,00;Geprueft
2016-03-07;177,00;193,00;161,00;Geprueft
2016-03-08;162,00;167,00;155,00;Geprueft
2016-03-09;147,00;156,00;142,00;Geprueft
2016-03-10;137,00;142,00;134,00;Geprueft
2016-03-11;129,00;134,00;126,00;Geprueft
2016-03-12;123,00;126,00;121,00;Geprueft
2016-03-13;118,00;123,00;116,00;Geprueft
2016-03-14;121,00;122,00;119,00;Geprueft
2016-03-15;120,00;124,00;115,00;Geprueft
2016-03-16;116,00;121,00;113,00;Geprueft
2016-03-17;109,00;113,00;105,00;Geprueft
2016-03-18;105,00;106,00;104,00;Geprueft
2016-03-19;104,00;105,00;102,00;Geprueft
2016-03-20;102,00;103,00;97,00;Geprueft
2016-03-21;101,00;107,00;96,00;Geprueft
2016-03-22;102,00;105,00;95,00;Geprueft
2016-03-23;97,00;98,00;95,00;Geprueft
2016-03-24;97,00;98,00;96,00;Geprueft
2016-03-25;90,00;96,00;87,00;Geprueft
2016-03-26;109,00;116,00;93,00;Geprueft
2016-03-27;113,00;118,00;108,00;Geprueft
2016-03-28;109,00;110,00;105,00;Geprueft
2016-03-29;105,00;109,00;101,00;Geprueft
2016-03-30;106,00;113,00;100,00;Geprueft
2016-03-31;104,00;112,00;101,00;Geprueft
2016-04-01;115,00;122,00;111,00;Geprueft
2016-04-02;118,00;122,00;116,00;Geprueft
2016-04-03;116,00;121,00;109,00;Geprueft
2016-04-04;114,00;121,00;108,00;Geprueft
2016-04-05;120,00;127,00;117,00;Geprueft
2016-04-06;119,00;124,00;112,00;Geprueft
2016-04-07;115,00;118,00;104,00;Geprueft
2016-04-08;103,00;104,00;100,00;Geprueft
2016-04-09;95,00;100,00;91,00;Geprueft
2016-04-10;89,00;91,00;81,00;Geprueft
2016-04-11;83,00;90,00;78,00;Geprueft
2016-04-12;87,00;93,00;78,00;Geprueft
2016-04-13;96,00;106,00;85,00;Geprueft
2016-04-14;106,00;108,00;102,00;Geprueft
2016-04-15;112,00;118,00;103,00;Geprueft
2016-04-16;117,00;123,00;113,00;Geprueft
2016-04-17;139,00;179,00;116,00;Geprueft
2016-04-18;236,00;257,00;179,00;Geprueft
2016-04-19;240,00;258,00;235,00;Geprueft
2016-04-20;215,00;235,00;190,00;Geprueft
2016-04-21;177,00;190,00;167,00;Geprueft
2016-04-22;156,00;167,00;145,00;Geprueft
2016-04-23;143,00;147,00;139,00;Geprueft
2016-04-24;153,00;160,00;147,00;Geprueft
2016-04-25;145,00;160,00;126,00;Geprueft
2016-04-26;132,00;136,00;126,00;Geprueft
2016-04-27;140,00;152,00;128,00;Geprueft
2016-04-28;160,00;171,00;149,00;Geprueft
2016-04-29;141,00;151,00;133,00;Geprueft
2016-04-30;130,00;134,00;118,00;Geprueft
2016-05-01;122,00;139,00;116,00;Geprueft
2016-05-02;143,00;155,00;138,00;Geprueft
2016-05-03;146,00;156,00;136,00;Geprueft
2016-05-04;142,00;148,00;137,00;Geprueft
2016-05-05;135,00;148,00;121,00;Geprueft
2016-05-06;124,00;128,00;115,00;Geprueft
2016-05-07;114,00;118,00;111,00;Geprueft
2016-05-08;107,00;112,00;97,00;Geprueft
2016-05-09;112,00;116,00;105,00;Geprueft
2016-05-10;103,00;110,00;97,00;Geprueft
2016-05-11;101,00;106,00;93,00;Geprueft
2016-05-12;108,00;114,00;102,00;Geprueft
2016-05-13;169,00;220,00;114,00;Geprueft
2016-05-14;239,00;251,00;220,00;Geprueft
2016-05-15;275,00;304,00;222,00;Geprueft
2016-05-16;199,00;225,00;174,00;Geprueft
2016-05-17;171,00;176,00;160,00;Geprueft
2016-05-18;150,00;164,00;141,00;Geprueft
2016-05-19;142,00;155,00;134,00;Geprueft
2016-05-20;167,00;176,00;155,00;Geprueft
2016-05-21;141,00;160,00;133,00;Geprueft
2016-05-22;125,00;133,00;117,00;Geprueft
2016-05-23;136,00;147,00;126,00;Geprueft
2016-05-24;173,00;209,00;147,00;Geprueft
2016-05-25;183,00;197,00;158,00;Geprueft
2016-05-26;144,00;159,00;135,00;Geprueft
2016-05-27;135,00;141,00;129,00;Geprueft
2016-05-28;143,00;148,00;131,00;Geprueft
2016-05-29;156,00;241,00;141,00;Geprueft
2016-05-30;328,00;366,00;241,00;Geprueft
2016-05-31;298,00;361,00;253,00;Geprueft
2016-06-01;285,00;319,00;248,00;Geprueft
2016-06-02;284,00;319,00;269,00;Geprueft
2016-06-03;252,00;288,00;229,00;Geprueft
2016-06-04;253,00;269,00;226,00;Geprueft
2016-06-05;264,00;294,00;253,00;Geprueft
2016-06-06;282,00;306,00;240,00;Geprueft
2016-06-07;216,00;240,00;190,00;Geprueft
2016-06-08;227,00;273,00;194,00;Geprueft
2016-06-09;305,00;338,00;273,00;Geprueft
2016-06-10;327,00;349,00;276,00;Geprueft
2016-06-11;250,00;276,00;233,00;Geprueft
2016-06-12;241,00;252,00;230,00;Geprueft
2016-06-13;235,00;239,00;228,00;Geprueft
2016-06-14;283,00;314,00;239,00;Geprueft
2016-06-15;291,00;314,00;275,00;Geprueft
2016-06-16;250,00;276,00;230,00;Geprueft
2016-06-17;348,00;433,00;253,00;Geprueft
2016-06-18;378,00;433,00;320,00;Geprueft
2016-06-19;310,00;328,00;295,00;Geprueft
2016-06-20;317,00;340,00;266,00;Geprueft
2016-06-21;248,00;266,00;233,00;Geprueft
2016-06-22;217,00;233,00;206,00;Geprueft
2016-06-23;189,00;206,00;175,00;Geprueft
2016-06-24;172,00;176,00;165,00;Geprueft
2016-06-25;220,00;242,00;167,00;Geprueft
2016-06-26;209,00;227,00;195,00;Geprueft
2016-06-27;200,00;207,00;190,00;Geprueft
2016-06-28;182,00;196,00;166,00;Geprueft
2016-06-29;159,00;166,00;148,00;Geprueft
2016-06-30;157,00;177,00;148,00;Geprueft
2016-07-01;177,00;189,00;165,00;Geprueft
2016-07-02;152,00;165,00;144,00;Geprueft
2016-07-03;150,00;153,00;147,00;Geprueft
2016-07-04;143,00;148,00;130,00;Geprueft
2016-07-05;130,00;137,00;127,00;Geprueft
2016-07-06;118,00;128,00;112,00;Geprueft
2016-07-07;109,00;112,00;107,00;Geprueft
2016-07-08;106,00;107,00;104,00;Geprueft
2016-07-09;103,00;105,00;97,00;Geprueft
2016-07-10;95,00;98,00;93,00;Geprueft
2016-07-11;95,00;96,00;93,00;Geprueft
2016-07-12;119,00;144,00;95,00;Geprueft
2016-07-13;188,00;220,00;144,00;Geprueft
2016-07-14;247,00;268,00;219,00;Geprueft
2016-07-15;238,00;270,00;200,00;Geprueft
2016-07-16;175,00;200,00;153,00;Geprueft
2016-07-17;144,00;154,00;128,00;Geprueft
2016-07-18;126,00;131,00;119,00;Geprueft
2016-07-19;110,00;119,00;103,00;Geprueft
2016-07-20;103,00;107,00;100,00;Geprueft
2016-07-21;99,00;113,00;93,00;Geprueft
2016-07-22;105,00;115,00;96,00;Geprueft
2016-07-23;104,00;116,00;98,00;Geprueft
2016-07-24;143,00;151,00;116,00;Geprueft
2016-07-25;131,00;150,00;120,00;Geprueft
2016-07-26;148,00;162,00;137,00;Geprueft
2016-07-27;154,00;192,00;118,00;Geprueft
2016-07-28;150,00;171,00;144,00;Geprueft
2016-07-29;133,00;144,00;119,00;Geprueft
2016-07-30;113,00;119,00;106,00;Geprueft
2016-07-31;110,00;123,00;100,00;Geprueft
2016-08-01;124,00;136,00;118,00;Geprueft
2016-08-02;123,00;136,00;100,00;Geprueft
2016-08-03;104,00;108,00;95,00;Geprueft
2016-08-04;91,00;95,00;87,00;Geprueft
2016-08-05;190,00;346,00;95,00;Geprueft
2016-08-06;328,00;377,00;242,00;Geprueft
2016-08-07;197,00;242,00;171,00;Geprueft
2016-08-08;150,00;171,00;138,00;Geprueft
2016-08-09;132,00;146,00;126,00;Geprueft
2016-08-10;145,00;153,00;137,00;Geprueft
2016-08-11;149,00;160,00;135,00;Geprueft
2016-08-12;133,00;144,00;111,00;Geprueft
2016-08-13;111,00;113,00;107,00;Geprueft
2016-08-14;105,00;110,00;97,00;Geprueft
2016-08-15;93,00;97,00;88,00;Geprueft
2016-08-16;89,00;96,00;85,00;Geprueft
2016-08-17;88,00;95,00;83,00;Geprueft
2016-08-18;89,00;110,00;81,00;Geprueft
2016-08-19;101,00;116,00;96,00;Geprueft
2016-08-20;99,00;107,00;81,00;Geprueft
2016-08-21;89,00;101,00;81,00;Geprueft
2016-08-22;97,00;101,00;90,00;Geprueft
2016-08-23;79,00;90,00;77,00;Geprueft
2016-08-24;76,00;82,00;67,00;Geprueft
2016-08-25;67,00;72,00;60,00;Geprueft
2016-08-26;67,00;71,00;60,00;Geprueft
2016-08-27;62,00;69,00;59,00;Geprueft
2016-08-28;64,00;65,00;62,00;Geprueft
2016-08-29;61,00;74,00;57,00;Geprueft
2016-08-30;90,00;96,00;74,00;Geprueft
2016-08-31;73,00;81,00;66,00;Geprueft
2016-09-01;66,00;70,00;58,00;Geprueft
2016-09-02;82,00;99,00;70,00;Geprueft
2016-09-03;62,00;72,00;55,00;Geprueft
2016-09-04;62,00;66,00;59,00;Geprueft
2016-09-05;92,00;167,00;59,00;Geprueft
2016-09-06;123,00;171,00;91,00;Geprueft
2016-09-07;88,00;93,00;80,00;Geprueft
2016-09-08;65,00;80,00;58,00;Geprueft
2016-09-09;66,00;72,00;58,00;Geprueft
2016-09-10;59,00;64,00;52,00;Geprueft
2016-09-11;53,00;58,00;48,00;Geprueft
2016-09-12;57,00;63,00;51,00;Geprueft
2016-09-13;61,00;70,00;57,00;Geprueft
2016-09-14;52,00;57,00;49,00;Geprueft
2016-09-15;50,00;53,00;49,00;Geprueft
2016-09-16;48,00;57,00;42,00;Geprueft
2016-09-17;94,00;117,00;57,00;Geprueft
2016-09-18;111,00;117,00;106,00;Geprueft
2016-09-19;124,00;147,00;106,00;Geprueft
2016-09-20;142,00;156,00;120,00;Geprueft
2016-09-21;98,00;120,00;91,00;Geprueft
2016-09-22;85,00;94,00;74,00;Geprueft
2016-09-23;70,00;74,00;66,00;Geprueft
2016-09-24;63,00;66,00;61,00;Geprueft
2016-09-25;64,00;65,00;62,00;Geprueft
2016-09-26;58,00;63,00;51,00;Geprueft
2016-09-27;65,00;72,00;54,00;Geprueft
2016-09-28;69,00;70,00;68,00;Geprueft
2016-09-29;64,00;69,00;62,00;Geprueft
2016-09-30;57,00;62,00;55,00;Geprueft
2016-10-01;54,00;56,00;54,00;Geprueft
2016-10-02;52,00;56,00;50,00;Geprueft
2016-10-03;57,00;58,00;51,00;Geprueft
2016-10-04;57,00;58,00;54,00;Geprueft
2016-10-05;49,00;54,00;42,00;Geprueft
2016-10-06;55,00;58,00;53,00;Geprueft
2016-10-07;52,00;54,00;50,00;Geprueft
2016-10-08;51,00;60,00;49,00;Geprueft
2016-10-09;45,00;51,00;42,00;Geprueft
2016-10-10;48,00;52,00;43,00;Geprueft
2016-10-11;50,00;51,00;49,00;Geprueft
2016-10-12;45,00;49,00;42,00;Geprueft
2016-10-13;46,00;47,00;43,00;Geprueft
2016-10-14;46,00;47,00;46,00;Geprueft
2016-10-15;46,00;51,00;36,00;Geprueft
2016-10-16;42,00;54,00;35,00;Geprueft
2016-10-17;44,00;52,00;36,00;Geprueft
2016-10-18;56,00;63,00;49,00;Geprueft
2016-10-19;69,00;76,00;58,00;Geprueft
2016-10-20;58,00;62,00;54,00;Geprueft
2016-10-21;54,00;55,00;52,00;Geprueft
2016-10-22;56,00;59,00;54,00;Geprueft
2016-10-23;52,00;58,00;50,00;Geprueft
2016-10-24;63,00;67,00;58,00;Geprueft
2016-10-25;64,00;72,00;58,00;Geprueft
2016-10-26;83,00;102,00;72,00;Geprueft
2016-10-27;91,00;102,00;84,00;Geprueft
2016-10-28;72,00;84,00;67,00;Geprueft
2016-10-29;62,00;72,00;57,00;Geprueft
2016-10-30;53,00;59,00;46,00;Geprueft
2016-10-31;53,00;57,00;49,00;Geprueft
2016-11-01;55,00;56,00;54,00;Geprueft
2016-11-02;47,00;54,00;45,00;Geprueft
2016-11-03;51,00;54,00;46,00;Geprueft
2016-11-04;50,00;53,00;47,00;Geprueft
2016-11-05;48,00;59,00;43,00;Geprueft
2016-11-06;76,00;104,00;59,00;Geprueft
2016-11-07;113,00;129,00;97,00;Geprueft
2016-11-08;94,00;97,00;82,00;Geprueft
2016-11-09;71,00;82,00;66,00;Geprueft
2016-11-10;78,00;89,00;67,00;Geprueft
2016-11-11;119,00;142,00;89,00;Geprueft
2016-11-12;148,00;160,00;133,00;Geprueft
2016-11-13;116,00;133,00;107,00;Geprueft
2016-11-14;96,00;107,00;81,00;Geprueft
2016-11-15;80,00;83,00;77,00;Geprueft
2016-11-16;89,00;109,00;83,00;Geprueft
2016-11-17;133,00;151,00;109,00;Geprueft
2016-11-18;140,00;151,00;133,00;Geprueft
2016-11-19;156,00;218,00;130,00;Geprueft
2016-11-20;207,00;227,00;176,00;Geprueft
2016-11-21;153,00;176,00;133,00;Geprueft
2016-11-22;128,00;133,00;115,00;Geprueft
2016-11-23;118,00;125,00;110,00;Geprueft
2016-11-24;104,00;116,00;99,00;Geprueft
2016-11-25;98,00;102,00;88,00;Geprueft
2016-11-26;85,00;88,00;82,00;Geprueft
2016-11-27;82,00;83,00;77,00;Geprueft
2016-11-28;74,00;77,00;72,00;Geprueft
2016-11-29;73,00;79,00;65,00;Geprueft
2016-11-30;66,00;69,00;64,00;Geprueft
2016-12-01;64,00;69,00;61,00;Geprueft
2016-12-02;65,00;75,00;52,00;Geprueft
2016-12-03;54,00;56,00;51,00;Geprueft
2016-12-04;50,00;51,00;49,00;Geprueft
2016-12-05;54,00;57,00;49,00;Geprueft
2016-12-06;52,00;54,00;50,00;Geprueft
2016-12-07;50,00;58,00;47,00;Geprueft
2016-12-08;47,00;57,00;44,00;Geprueft
2016-12-09;51,00;52,00;48,00;Geprueft
2016-12-10;44,00;51,00;43,00;Geprueft
2016-12-11;48,00;49,00;45,00;Geprueft
2016-12-12;44,00;48,00;42,00;Geprueft
2016-12-13;50,00;53,00;45,00;Geprueft
2016-12-14;44,00;46,00;43,00;Geprueft
2016-12-15;46,00;47,00;43,00;Geprueft
2016-12-16;42,00;47,00;40,00;Geprueft
2016-12-17;44,00;44,00;43,00;Geprueft
2016-12-18;42,00;44,00;38,00;Geprueft
2016-12-19;39,00;41,00;38,00;Geprueft
2016-12-20;42,00;44,00;41,00;Geprueft
2016-12-21;41,00;41,00;38,00;Geprueft
2016-12-22;41,00;45,00;38,00;Geprueft
2016-12-23;39,00;43,00;33,00;Geprueft
2016-12-24;37,00;39,00;34,00;Geprueft
2016-12-25;42,00;49,00;33,00;Geprueft
2016-12-26;39,00;43,00;28,00;Geprueft
2016-12-27;36,00;39,00;29,00;Geprueft
2016-12-28;38,00;42,00;27,00;Geprueft
2016-12-29;42,00;44,00;34,00;Geprueft
2016-12-30;38,00;39,00;33,00;Geprueft
2016-12-31;33,00;36,00;31,00;Geprueft
2017-01-01;36,00;37,00;33,00;Geprueft
2017-01-02;36,00;38,00;33,00;Geprueft
2017-01-03;35,00;36,00;34,00;Geprueft
2017-01-04;37,00;40,00;35,00;Geprueft
2017-01-05;35,00;36,00;35,00;Geprueft
2017-01-06;34,00;35,00;29,00;Geprueft
2017-01-07;27,00;31,00;25,00;Geprueft
2017-01-08;29,00;33,00;26,00;Geprueft
2017-01-09;32,00;34,00;31,00;Geprueft
2017-01-10;33,00;39,00;32,00;Geprueft
2017-01-11;35,00;39,00;29,00;Geprueft
2017-01-12;39,00;50,00;32,00;Geprueft
2017-01-13;68,00;91,00;49,00;Geprueft
2017-01-14;76,00;91,00;55,00;Geprueft
2017-01-15;56,00;59,00;54,00;Geprueft
2017-01-16;50,00;54,00;46,00;Geprueft
2017-01-17;43,00;48,00;36,00;Geprueft
2017-01-18;38,00;48,00;29,00;Geprueft
2017-01-19;35,00;37,00;31,00;Geprueft
2017-01-20;34,00;40,00;30,00;Geprueft
2017-01-21;31,00;38,00;25,00;Geprueft
2017-01-22;29,00;34,00;26,00;Geprueft
2017-01-23;28,00;40,00;16,00;Geprueft
2017-01-24;25,00;32,00;12,00;Geprueft
2017-01-25;28,00;35,00;24,00;Geprueft
2017-01-26;27,00;29,00;25,00;Geprueft
2017-01-27;27,00;32,00;25,00;Geprueft
2017-01-28;24,00;26,00;18,00;Geprueft
2017-01-29;24,00;30,00;18,00;Geprueft
2017-01-30;29,00;30,00;24,00;Geprueft
2017-01-31;55,00;122,00;24,00;Geprueft
2017-02-01;179,00;204,00;122,00;Geprueft
2017-02-02;135,00;161,00;121,00;Geprueft
2017-02-03;125,00;131,00;120,00;Geprueft
2017-02-04;115,00;122,00;109,00;Geprueft
2017-02-05;107,00;115,00;101,00;Geprueft
2017-02-06;96,00;102,00;87,00;Geprueft
2017-02-07;91,00;97,00;78,00;Geprueft
2017-02-08;78,00;80,00;76,00;Geprueft
2017-02-09;80,00;84,00;70,00;Geprueft
2017-02-10;67,00;74,00;65,00;Geprueft
2017-02-11;60,00;67,00;55,00;Geprueft
2017-02-12;61,00;63,00;57,00;Geprueft
2017-02-13;54,00;59,00;50,00;Geprueft
2017-02-14;54,00;58,00;49,00;Geprueft
2017-02-15;48,00;49,00;47,00;Geprueft
2017-02-16;49,00;51,00;47,00;Geprueft
2017-02-17;57,00;87,00;44,00;Geprueft
2017-02-18;97,00;110,00;81,00;Geprueft
2017-02-19;87,00;93,00;78,00;Geprueft
2017-02-20;75,00;86,00;61,00;Geprueft
2017-02-21;82,00;108,00;72,00;Geprueft
2017-02-22;143,00;177,00;108,00;Geprueft
2017-02-23;156,00;179,00;145,00;Geprueft
2017-02-24;120,00;148,00;109,00;Geprueft
2017-02-25;111,00;118,00;104,00;Geprueft
2017-02-26;89,00;104,00;81,00;Geprueft
2017-02-27;85,00;86,00;82,00;Geprueft
2017-02-28;81,00;92,00;75,00;Geprueft
2017-03-01;98,00;106,00;91,00;Geprueft
2017-03-02;114,00;142,00;104,00;Geprueft
2017-03-03;147,00;156,00;140,00;Geprueft
2017-03-04;137,00;145,00;130,00;Geprueft
2017-03-05;124,00;130,00;113,00;Geprueft
2017-03-06;112,00;113,00;110,00;Geprueft
2017-03-07;121,00;138,00;111,00;Geprueft
2017-03-08;142,00;151,00;137,00;Geprueft
2017-03-09;186,00;323,00;137,00;Geprueft
2017-03-10;352,00;370,00;309,00;Geprueft
2017-03-11;255,00;309,00;219,00;Geprueft
2017-03-12;202,00;221,00;178,00;Geprueft
2017-03-13;171,00;178,00;163,00;Geprueft
2017-03-14;142,00;163,00;126,00;Geprueft
2017-03-15;122,00;130,00;112,00;Geprueft
2017-03-16;113,00;114,00;111,00;Geprueft
2017-03-17;116,00;120,00;110,00;Geprueft
2017-03-18;106,00;124,00;100,00;Geprueft
2017-03-19;201,00;256,00;124,00;Geprueft
2017-03-20;204,00;261,00;159,00;Geprueft
2017-03-21;148,00;164,00;140,00;Geprueft
2017-03-22;130,00;144,00;119,00;Geprueft
2017-03-23;124,00;131,00;115,00;Geprueft
2017-03-24;110,00;119,00;103,00;Geprueft
2017-03-25;99,00;103,00;89,00;Geprueft
2017-03-26;97,00;100,00;91,00;Geprueft
2017-03-27;90,00;91,00;87,00;Geprueft
2017-03-28;83,00;90,00;77,00;Geprueft
2017-03-29;77,00;80,00;72,00;Geprueft
2017-03-30;70,00;77,00;68,00;Geprueft
2017-03-31;75,00;81,00;67,00;Geprueft
2017-04-01;71,00;74,00;62,00;Geprueft
2017-04-02;73,00;79,00;65,00;Geprueft
2017-04-03;68,00;75,00;65,00;Geprueft
2017-04-04;82,00;86,00;75,00;Geprueft
2017-04-05;82,00;87,00;75,00;Geprueft
2017-04-06;67,00;78,00;52,00;Geprueft
2017-04-07;61,00;66,00;53,00;Geprueft
2017-04-08;59,00;61,00;53,00;Geprueft
2017-04-09;53,00;54,00;52,00;Geprueft
2017-04-10;58,00;68,00;44,00;Geprueft
2017-04-11;61,00;67,00;52,00;Geprueft
2017-04-12;61,00;68,00;55,00;Geprueft
2017-04-13;53,00;63,00;46,00;Geprueft
2017-04-14;49,00;51,00;48,00;Geprueft
2017-04-15;48,00;52,00;40,00;Geprueft
2017-04-16;54,00;77,00;37,00;Geprueft
2017-04-17;87,00;94,00;77,00;Geprueft
2017-04-18;104,00;119,00;88,00;Geprueft
2017-04-19;92,00;112,00;88,00;Geprueft
2017-04-20;89,00;105,00;70,00;Geprueft
2017-04-21;73,00;82,00;68,00;Geprueft
2017-04-22;68,00;74,00;62,00;Geprueft
2017-04-23;69,00;81,00;59,00;Geprueft
2017-04-24;71,00;82,00;52,00;Geprueft
2017-04-25;76,00;101,00;69,00;Geprueft
2017-04-26;153,00;186,00;101,00;Geprueft
2017-04-27;180,00;192,00;169,00;Geprueft
2017-04-28;230,00;244,00;192,00;Geprueft
2017-04-29;219,00;239,00;186,00;Geprueft
2017-04-30;196,00;215,00;172,00;Geprueft
2017-05-01;163,00;173,00;153,00;Geprueft
2017-05-02;226,00;271,00;154,00;Geprueft
2017-05-03;233,00;269,00;212,00;Geprueft
2017-05-04;191,00;212,00;178,00;Geprueft
2017-05-05;192,00;196,00;184,00;Geprueft
2017-05-06;165,00;184,00;152,00;Geprueft
2017-05-07;165,00;186,00;152,00;Geprueft
2017-05-08;228,00;300,00;186,00;Geprueft
2017-05-09;324,00;343,00;269,00;Geprueft
2017-05-10;240,00;269,00;208,00;Geprueft
2017-05-11;194,00;208,00;177,00;Geprueft
2017-05-12;167,00;177,00;158,00;Geprueft
2017-05-13;163,00;172,00;157,00;Geprueft
2017-05-14;168,00;199,00;150,00;Geprueft
2017-05-15;181,00;199,00;166,00;Geprueft
2017-05-16;156,00;177,00;143,00;Geprueft
2017-05-17;131,00;144,00;118,00;Geprueft
2017-05-18;130,00;154,00;116,00;Geprueft
2017-05-19;118,00;124,00;109,00;Geprueft
2017-05-20;135,00;150,00;120,00;Geprueft
2017-05-21;110,00;129,00;97,00;Geprueft
2017-05-22;100,00;101,00;99,00;Geprueft
2017-05-23;95,00;99,00;93,00;Geprueft
2017-05-24;97,00;100,00;93,00;Geprueft
2017-05-25;88,00;93,00;82,00;Geprueft
2017-05-26;90,00;92,00;87,00;Geprueft
2017-05-27;84,00;89,00;74,00;Geprueft
2017-05-28;82,00;89,00;74,00;Geprueft
2017-05-29;74,00;80,00;71,00;Geprueft
2017-05-30;81,00;85,00;74,00;Geprueft
2017-05-31;78,00;80,00;75,00;Geprueft
2017-06-01;82,00;86,00;77,00;Geprueft
2017-06-02;81,00;83,00;76,00;Geprueft
2017-06-03;80,00;84,00;75,00;Geprueft
2017-06-04;104,00;116,00;76,00;Geprueft
2017-06-05;105,00;111,00;101,00;Geprueft
2017-06-06;100,00;115,00;97,00;Geprueft
2017-06-07;127,00;136,00;111,00;Geprueft
2017-06-08;98,00;133,00;86,00;Geprueft
2017-06-09;82,00;86,00;71,00;Geprueft
2017-06-10;78,00;84,00;71,00;Geprueft
2017-06-11;73,00;75,00;69,00;Geprueft
2017-06-12;61,00;69,00;53,00;Geprueft
2017-06-13;61,00;63,00;57,00;Geprueft
2017-06-14;56,00;61,00;50,00;Geprueft
2017-06-15;54,00;58,00;50,00;Geprueft
2017-06-16;64,00;85,00;54,00;Geprueft
2017-06-17;76,00;86,00;58,00;Geprueft
2017-06-18;49,00;58,00;44,00;Geprueft
2017-06-19;52,00;57,00;48,00;Geprueft
2017-06-20;47,00;52,00;44,00;Geprueft
2017-06-21;47,00;57,00;44,00;Geprueft
2017-06-22;52,00;60,00;47,00;Geprueft
2017-06-23;42,00;48,00;30,00;Geprueft
2017-06-24;39,00;48,00;29,00;Geprueft
2017-06-25;39,00;40,00;38,00;Geprueft
2017-06-26;52,00;57,00;38,00;Geprueft
2017-06-27;46,00;54,00;43,00;Geprueft
2017-06-28;51,00;64,00;45,00;Geprueft
2017-06-29;115,00;146,00;61,00;Geprueft
2017-06-30;103,00;108,00;97,00;Geprueft
2017-07-01;79,00;100,00;68,00;Geprueft
2017-07-02;69,00;72,00;60,00;Geprueft
2017-07-03;80,00;98,00;69,00;Geprueft
2017-07-04;90,00;105,00;63,00;Geprueft
2017-07-05;61,00;64,00;57,00;Geprueft
2017-07-06;52,00;57,00;44,00;Geprueft
2017-07-07;42,00;52,00;37,00;Geprueft
2017-07-08;55,00;58,00;49,00;Geprueft
2017-07-09;56,00;87,00;46,00;Geprueft
2017-07-10;77,00;87,00;69,00;Geprueft
2017-07-11;92,00;106,00;77,00;Geprueft
2017-07-12;81,00;106,00;65,00;Geprueft
2017-07-13;66,00;77,00;56,00;Geprueft
2017-07-14;76,00;81,00;57,00;Geprueft
2017-07-15;84,00;100,00;68,00;Geprueft
2017-07-16;76,00;90,00;61,00;Geprueft
2017-07-17;56,00;61,00;49,00;Geprueft
2017-07-18;52,00;54,00;46,00;Geprueft
2017-07-19;53,00;68,00;41,00;Geprueft
2017-07-20;57,00;66,00;49,00;Geprueft
2017-07-21;62,00;66,00;49,00;Geprueft
2017-07-22;66,00;74,00;58,00;Geprueft
2017-07-23;80,00;87,00;74,00;Geprueft
2017-07-24;74,00;81,00;68,00;Geprueft
2017-07-25;116,00;178,00;76,00;Geprueft
2017-07-26;232,00;304,00;178,00;Geprueft
2017-07-27;329,00;362,00;259,00;Geprueft
2017-07-28;214,00;259,00;179,00;Geprueft
2017-07-29;174,00;191,00;153,00;Geprueft
2017-07-30;130,00;153,00;117,00;Geprueft
2017-07-31;129,00;137,00;117,00;Geprueft
2017-08-01;100,00;119,00;82,00;Geprueft
2017-08-02;99,00;113,00;82,00;Geprueft
2017-08-03;95,00;102,00;89,00;Geprueft
2017-08-04;85,00;92,00;77,00;Geprueft
2017-08-05;76,00;84,00;68,00;Geprueft
2017-08-06;63,00;70,00;58,00;Geprueft
2017-08-07;63,00;69,00;54,00;Geprueft
2017-08-08;57,00;63,00;53,00;Geprueft
2017-08-09;91,00;121,00;63,00;Geprueft
2017-08-10;115,00;134,00;100,00;Geprueft
2017-08-11;104,00;117,00;93,00;Geprueft
2017-08-12;118,00;128,00;114,00;Geprueft
2017-08-13;123,00;130,00;110,00;Geprueft
2017-08-14;89,00;110,00;82,00;Geprueft
2017-08-15;73,00;82,00;68,00;Geprueft
2017-08-16;104,00;119,00;72,00;Geprueft
2017-08-17;94,00;113,00;76,00;Geprueft
2017-08-18;74,00;78,00;69,00;Geprueft
2017-08-19;111,00;130,00;72,00;Geprueft
2017-08-20;115,00;127,00;109,00;Geprueft
2017-08-21;90,00;111,00;83,00;Geprueft
2017-08-22;74,00;85,00;65,00;Geprueft
2017-08-23;62,00;67,00;57,00;Geprueft
2017-08-24;57,00;59,00;54,00;Geprueft
2017-08-25;54,00;57,00;50,00;Geprueft
2017-08-26;52,00;59,00;46,00;Geprueft
2017-08-27;43,00;52,00;40,00;Geprueft
2017-08-28;56,00;67,00;50,00;Geprueft
2017-08-29;46,00;52,00;36,00;Geprueft
2017-08-30;38,00;46,00;33,00;Geprueft
2017-08-31;55,00;89,00;38,00;Geprueft
2017-09-01;207,00;346,00;89,00;Geprueft
2017-09-02;313,00;359,00;260,00;Geprueft
2017-09-03;304,00;355,00;242,00;Geprueft
2017-09-04;203,00;244,00;163,00;Geprueft
2017-09-05;149,00;166,00;140,00;Geprueft
2017-09-06;132,00;141,00;121,00;Geprueft
2017-09-07;124,00;129,00;118,00;Geprueft
2017-09-08;106,00;123,00;89,00;Geprueft
2017-09-09;91,00;96,00;83,00;Geprueft
2017-09-10;100,00;111,00;83,00;Geprueft
2017-09-11;111,00;117,00;93,00;Geprueft
2017-09-12;90,00;96,00;83,00;Geprueft
2017-09-13;99,00;107,00;89,00;Geprueft
2017-09-14;97,00;106,00;88,00;Geprueft
2017-09-15;128,00;142,00;106,00;Geprueft
2017-09-16;102,00;121,00;89,00;Geprueft
2017-09-17;103,00;107,00;92,00;Geprueft
2017-09-18;93,00;96,00;91,00;Geprueft
2017-09-19;87,00;92,00;81,00;Geprueft
2017-09-20;82,00;93,00;68,00;Geprueft
2017-09-21;90,00;95,00;86,00;Geprueft
2017-09-22;79,00;89,00;69,00;Geprueft
2017-09-23;67,00;69,00;66,00;Geprueft
2017-09-24;64,00;68,00;62,00;Geprueft
2017-09-25;71,00;83,00;63,00;Geprueft
2017-09-26;64,00;68,00;62,00;Geprueft
2017-09-27;63,00;66,00;61,00;Geprueft
2017-09-28;61,00;69,00;58,00;Geprueft
2017-09-29;55,00;58,00;54,00;Geprueft
2017-09-30;52,00;75,00;48,00;Geprueft
2017-10-01;81,00;104,00;71,00;Geprueft
2017-10-02;95,00;111,00;76,00;Geprueft
2017-10-03;102,00;136,00;75,00;Geprueft
2017-10-04;177,00;226,00;136,00;Geprueft
2017-10-05;125,00;146,00;111,00;Geprueft
2017-10-06;118,00;167,00;101,00;Geprueft
2017-10-07;142,00;168,00;129,00;Geprueft
2017-10-08;126,00;137,00;118,00;Geprueft
2017-10-09;123,00;129,00;114,00;Geprueft
2017-10-10;117,00;128,00;108,00;Geprueft
2017-10-11;96,00;108,00;90,00;Geprueft
2017-10-12;84,00;90,00;68,00;Geprueft
2017-10-13;75,00;78,00;69,00;Geprueft
2017-10-14;70,00;79,00;64,00;Geprueft
2017-10-15;67,00;71,00;58,00;Geprueft
2017-10-16;59,00;63,00;57,00;Geprueft
2017-10-17;57,00;59,00;55,00;Geprueft
2017-10-18;57,00;59,00;54,00;Geprueft
2017-10-19;51,00;54,00;47,00;Geprueft
2017-10-20;51,00;55,00;48,00;Geprueft
2017-10-21;47,00;49,00;45,00;Geprueft
2017-10-22;61,00;69,00;47,00;Geprueft
2017-10-23;59,00;67,00;56,00;Geprueft
2017-10-24;67,00;70,00;65,00;Geprueft
2017-10-25;74,00;76,00;65,00;Geprueft
2017-10-26;64,00;66,00;61,00;Geprueft
2017-10-27;62,00;71,00;59,00;Geprueft
2017-10-28;87,00;99,00;68,00;Geprueft
2017-10-29;78,00;99,00;71,00;Geprueft
2017-10-30;121,00;149,00;88,00;Geprueft
2017-10-31;97,00;124,00;86,00;Geprueft
2017-11-01;73,00;86,00;71,00;Geprueft
2017-11-02;68,00;71,00;62,00;Geprueft
2017-11-03;61,00;66,00;57,00;Geprueft
2017-11-04;56,00;63,00;52,00;Geprueft
2017-11-05;55,00;66,00;48,00;Geprueft
2017-11-06;94,00;114,00;66,00;Geprueft
2017-11-07;92,00;107,00;85,00;Geprueft
2017-11-08;83,00;85,00;81,00;Geprueft
2017-11-09;82,00;86,00;74,00;Geprueft
2017-11-10;71,00;74,00;69,00;Geprueft
2017-11-11;78,00;107,00;65,00;Geprueft
2017-11-12;202,00;366,00;107,00;Geprueft
2017-11-13;370,00;407,00;292,00;Geprueft
2017-11-14;250,00;292,00;215,00;Geprueft
2017-11-15;202,00;218,00;172,00;Geprueft
2017-11-16;162,00;175,00;148,00;Geprueft
2017-11-17;136,00;149,00;125,00;Geprueft
2017-11-18;119,00;126,00;115,00;Geprueft
2017-11-19;111,00;116,00;103,00;Geprueft
2017-11-20;112,00;118,00;107,00;Geprueft
2017-11-21;106,00;117,00;105,00;Geprueft
2017-11-22;131,00;138,00;117,00;Geprueft
2017-11-23;110,00;122,00;100,00;Geprueft
2017-11-24;106,00;107,00;102,00;Geprueft
2017-11-25;105,00;135,00;98,00;Geprueft
2017-11-26;151,00;157,00;135,00;Geprueft
2017-11-27;141,00;156,00;130,00;Geprueft
2017-11-28;126,00;134,00;122,00;Geprueft
2017-11-29;124,00;126,00;123,00;Geprueft
2017-11-30;123,00;125,00;119,00;Geprueft
2017-12-01;113,00;119,00;109,00;Geprueft
2017-12-02;104,00;109,00;98,00;Geprueft
2017-12-03;91,00;98,00;54,00;Geprueft
2017-12-04;94,00;100,00;86,00;Geprueft
2017-12-05;89,00;92,00;87,00;Geprueft
2017-12-06;92,00;99,00;87,00;Geprueft
2017-12-07;90,00;95,00;87,00;Geprueft
2017-12-08;92,00;103,00;87,00;Geprueft
2017-12-09;114,00;116,00;103,00;Geprueft
2017-12-10;100,00;111,00;94,00;Geprueft
2017-12-11;134,00;181,00;109,00;Geprueft
2017-12-12;208,00;247,00;181,00;Geprueft
2017-12-13;212,00;246,00;187,00;Geprueft
2017-12-14;190,00;201,00;186,00;Geprueft
2017-12-15;206,00;222,00;198,00;Geprueft
2017-12-16;198,00;219,00;173,00;Geprueft
2017-12-17;168,00;175,00;157,00;Geprueft
2017-12-18;144,00;157,00;139,00;Geprueft
2017-12-19;136,00;140,00;128,00;Geprueft
2017-12-20;126,00;128,00;123,00;Geprueft
2017-12-21;119,00;124,00;115,00;Geprueft
2017-12-22;135,00;158,00;122,00;Geprueft
2017-12-23;171,00;182,00;158,00;Geprueft
2017-12-24;176,00;183,00;169,00;Geprueft
2017-12-25;156,00;172,00;143,00;Geprueft
2017-12-26;144,00;147,00;139,00;Geprueft
2017-12-27;134,00;139,00;131,00;Geprueft
2017-12-28;140,00;144,00;134,00;Geprueft
2017-12-29;139,00;145,00;129,00;Geprueft
2017-12-30;133,00;141,00;128,00;Geprueft
2017-12-31;228,00;297,00;141,00;Geprueft
2018-01-01;258,00;295,00;239,00;Geprueft
2018-01-02;234,00;242,00;227,00;Geprueft
2018-01-03;232,00;272,00;226,00;Geprueft
2018-01-04;327,00;350,00;272,00;Geprueft
2018-01-05;445,00;489,00;343,00;Geprueft
2018-01-06;475,00;489,00;455,00;Geprueft
2018-01-07;431,00;455,00;411,00;Geprueft
2018-01-08;382,00;411,00;354,00;Geprueft
2018-01-09;314,00;354,00;278,00;Geprueft
2018-01-10;257,00;278,00;243,00;Geprueft
2018-01-11;224,00;243,00;210,00;Geprueft
2018-01-12;197,00;210,00;190,00;Geprueft
2018-01-13;181,00;191,00;174,00;Geprueft
2018-01-14;167,00;175,00;161,00;Geprueft
2018-01-15;157,00;162,00;151,00;Geprueft
2018-01-16;161,00;179,00;151,00;Geprueft
2018-01-17;235,00;269,00;179,00;Geprueft
2018-01-18;247,00;267,00;239,00;Geprueft
2018-01-19;346,00;407,00;261,00;Geprueft
2018-01-20;355,00;403,00;330,00;Geprueft
2018-01-21;333,00;340,00;328,00;Geprueft
2018-01-22;341,00;406,00;326,00;Geprueft
2018-01-23;471,00;491,00;406,00;Geprueft
2018-01-24;451,00;488,00;428,00;Geprueft
2018-01-25;399,00;429,00;379,00;Geprueft
2018-01-26;349,00;379,00;327,00;Geprueft
2018-01-27;302,00;327,00;281,00;Geprueft
2018-01-28;263,00;281,00;251,00;Geprueft
2018-01-29;240,00;251,00;232,00;Geprueft
2018-01-30;228,00;235,00;222,00;Geprueft
2018-01-31;219,00;225,00;210,00;Geprueft
2018-02-01;218,00;229,00;209,00;Geprueft
2018-02-02;227,00;231,00;220,00;Geprueft
2018-02-03;213,00;220,00;200,00;Geprueft
2018-02-04;194,00;200,00;190,00;Geprueft
2018-02-05;182,00;190,00;176,00;Geprueft
2018-02-06;171,00;176,00;167,00;Geprueft
2018-02-07;165,00;170,00;156,00;Geprueft
2018-02-08;154,00;156,00;151,00;Geprueft
2018-02-09;151,00;154,00;149,00;Geprueft
2018-02-10;143,00;149,00;140,00;Geprueft
2018-02-11;140,00;145,00;133,00;Geprueft
2018-02-12;138,00;141,00;135,00;Geprueft
2018-02-13;137,00;139,00;133,00;Geprueft
2018-02-14;128,00;133,00;124,00;Geprueft
2018-02-15;124,00;128,00;121,00;Geprueft
2018-02-16;186,00;269,00;126,00;Geprueft
2018-02-17;237,00;267,00;215,00;Geprueft
2018-02-18;216,00;221,00;209,00;Geprueft
2018-02-19;188,00;209,00;178,00;Geprueft
2018-02-20;165,00;178,00;156,00;Geprueft
2018-02-21;152,00;160,00;146,00;Geprueft
2018-02-22;144,00;147,00;137,00;Geprueft
2018-02-23;137,00;140,00;127,00;Geprueft
2018-02-24;125,00;129,00;121,00;Geprueft
2018-02-25;123,00;128,00;119,00;Geprueft
2018-02-26;118,00;128,00;112,00;Geprueft
2018-02-27;105,00;115,00;94,00;Geprueft
2018-02-28;97,00;113,00;77,00;Geprueft
2018-03-01;95,00;114,00;82,00;Geprueft
2018-03-02;98,00;105,00;95,00;Geprueft
2018-03-03;99,00;105,00;91,00;Geprueft
2018-03-04;101,00;104,00;95,00;Geprueft
2018-03-05;114,00;123,00;101,00;Geprueft
2018-03-06;127,00;133,00;109,00;Geprueft
2018-03-07;121,00;125,00;115,00;Geprueft
2018-03-08;128,00;131,00;122,00;Geprueft
2018-03-09;122,00;127,00;116,00;Geprueft
2018-03-10;118,00;120,00;115,00;Geprueft
2018-03-11;119,00;124,00;115,00;Geprueft
2018-03-12;132,00;145,00;124,00;Geprueft
2018-03-13;138,00;147,00;134,00;Geprueft
2018-03-14;139,00;141,00;134,00;Geprueft
2018-03-15;136,00;140,00;131,00;Geprueft
2018-03-16;131,00;140,00;122,00;Geprueft
2018-03-17;122,00;124,00;119,00;Geprueft
2018-03-18;118,00;122,00;113,00;Geprueft
2018-03-19;115,00;117,00;113,00;Geprueft
2018-03-20;107,00;115,00;104,00;Geprueft
2018-03-21;106,00;109,00;104,00;Geprueft
2018-03-22;104,00;107,00;103,00;Geprueft
2018-03-23;103,00;109,00;99,00;Geprueft
2018-03-24;106,00;113,00;98,00;Geprueft
2018-03-25;106,00;110,00;101,00;Geprueft
2018-03-26;100,00;102,00;99,00;Geprueft
2018-03-27;101,00;102,00;96,00;Geprueft
2018-03-28;98,00;110,00;90,00;Geprueft
2018-03-29;140,00;175,00;110,00;Geprueft
2018-03-30;155,00;176,00;138,00;Geprueft
2018-03-31;141,00;146,00;134,00;Geprueft
2018-04-01;135,00;140,00;127,00;Geprueft
2018-04-02;128,00;131,00;126,00;Geprueft
2018-04-03;118,00;126,00;112,00;Geprueft
2018-04-04;122,00;127,00;115,00;Geprueft
2018-04-05;129,00;136,00;122,00;Geprueft
2018-04-06;116,00;131,00;105,00;Geprueft
2018-04-07;114,00;116,00;109,00;Geprueft
2018-04-08;112,00;113,00;110,00;Geprueft
2018-04-09;117,00;123,00;111,00;Geprueft
2018-04-10;112,00;123,00;105,00;Geprueft
2018-04-11;116,00;118,00;113,00;Geprueft
2018-04-12;113,00;116,00;109,00;Geprueft
2018-04-13;105,00;109,00;100,00;Geprueft
2018-04-14;101,00;105,00;99,00;Geprueft
2018-04-15;102,00;103,00;100,00;Geprueft
2018-04-16;102,00;114,00;97,00;Geprueft
2018-04-17;112,00;119,00;106,00;Geprueft
2018-04-18;114,00;118,00;107,00;Geprueft
2018-04-19;106,00;117,00;95,00;Geprueft
2018-04-20;111,00;122,00;108,00;Geprueft
2018-04-21;117,00;123,00;113,00;Geprueft
2018-04-22;119,00;120,00;118,00;Geprueft
2018-04-23;118,00;124,00;114,00;Geprueft
2018-04-24;130,00;141,00;113,00;Geprueft
2018-04-25;131,00;138,00;118,00;Geprueft
2018-04-26;116,00;137,00;105,00;Geprueft
2018-04-27;127,00;137,00;108,00;Geprueft
2018-04-28;99,00;108,00;93,00;Geprueft
2018-04-29;104,00;110,00;93,00;Geprueft
2018-04-30;97,00;110,00;93,00;Geprueft
2018-05-01;101,00;118,00;92,00;Geprueft
2018-05-02;83,00;93,00;70,00;Geprueft
2018-05-03;81,00;85,00;78,00;Geprueft
2018-05-04;78,00;82,00;75,00;Geprueft
2018-05-05;78,00;85,00;73,00;Geprueft
2018-05-06;87,00;92,00;84,00;Geprueft
2018-05-07;89,00;94,00;85,00;Geprueft
2018-05-08;89,00;94,00;80,00;Geprueft
2018-05-09;85,00;90,00;80,00;Geprueft
2018-05-10;78,00;81,00;77,00;Geprueft
2018-05-11;81,00;83,00;77,00;Geprueft
2018-05-12;85,00;87,00;82,00;Geprueft
2018-05-13;92,00;110,00;82,00;Geprueft
2018-05-14;117,00;124,00;110,00;Geprueft
2018-05-15;146,00;188,00;110,00;Geprueft
2018-05-16;148,00;180,00;133,00;Geprueft
2018-05-17;158,00;181,00;132,00;Geprueft
2018-05-18;157,00;178,00;135,00;Geprueft
2018-05-19;119,00;135,00;107,00;Geprueft
2018-05-20;125,00;133,00;107,00;Geprueft
2018-05-21;101,00;115,00;94,00;Geprueft
2018-05-22;96,00;101,00;92,00;Geprueft
2018-05-23;102,00;105,00;93,00;Geprueft
2018-05-24;116,00;130,00;105,00;Geprueft
2018-05-25;120,00;128,00;113,00;Geprueft
2018-05-26;100,00;114,00;93,00;Geprueft
2018-05-27;88,00;95,00;76,00;Geprueft
2018-05-28;83,00;87,00;74,00;Geprueft
2018-05-29;80,00;86,00;78,00;Geprueft
2018-05-30;79,00;85,00;67,00;Geprueft
2018-05-31;86,00;97,00;67,00;Geprueft
2018-06-01;117,00;135,00;97,00;Geprueft
2018-06-02;93,00;105,00;79,00;Geprueft
2018-06-03;80,00;83,00;76,00;Geprueft
2018-06-04;70,00;76,00;68,00;Geprueft
2018-06-05;79,00;93,00;67,00;Geprueft
2018-06-06;67,00;83,00;60,00;Geprueft
2018-06-07;76,00;81,00;67,00;Geprueft
2018-06-08;67,00;76,00;61,00;Geprueft
2018-06-09;94,00;107,00;67,00;Geprueft
2018-06-10;81,00;96,00;72,00;Geprueft
2018-06-11;89,00;106,00;82,00;Geprueft
2018-06-12;120,00;144,00;106,00;Geprueft
2018-06-13;225,00;259,00;144,00;Geprueft
2018-06-14;220,00;251,00;169,00;Geprueft
2018-06-15;141,00;169,00;120,00;Geprueft
2018-06-16;102,00;120,00;87,00;Geprueft
2018-06-17;86,00;89,00;82,00;Geprueft
2018-06-18;87,00;99,00;83,00;Geprueft
2018-06-19;86,00;100,00;48,00;Geprueft
2018-06-20;66,00;75,00;58,00;Geprueft
2018-06-21;62,00;67,00;53,00;Geprueft
2018-06-22;62,00;66,00;57,00;Geprueft
2018-06-23;60,00;66,00;55,00;Geprueft
2018-06-24;52,00;55,00;50,00;Geprueft
2018-06-25;48,00;51,00;45,00;Geprueft
2018-06-26;49,00;52,00;48,00;Geprueft
2018-06-27;48,00;50,00;44,00;Geprueft
2018-06-28;44,00;50,00;42,00;Geprueft
2018-06-29;58,00;64,00;50,00;Geprueft
2018-06-30;48,00;52,00;39,00;Geprueft
2018-07-01;43,00;44,00;41,00;Geprueft
2018-07-02;38,00;44,00;34,00;Geprueft
2018-07-03;41,00;47,00;35,00;Geprueft
2018-07-04;39,00;45,00;35,00;Geprueft
2018-07-05;53,00;65,00;43,00;Geprueft
2018-07-06;71,00;85,00;64,00;Geprueft
2018-07-07;104,00;113,00;85,00;Geprueft
2018-07-08;74,00;100,00;64,00;Geprueft
2018-07-09;55,00;66,00;50,00;Geprueft
2018-07-10;47,00;50,00;44,00;Geprueft
2018-07-11;47,00;49,00;45,00;Geprueft
2018-07-12;41,00;48,00;34,00;Geprueft
2018-07-13;42,00;48,00;36,00;Geprueft
2018-07-14;35,00;36,00;33,00;Geprueft
2018-07-15;35,00;36,00;33,00;Geprueft
2018-07-16;41,00;48,00;28,00;Geprueft
2018-07-17;47,00;52,00;39,00;Geprueft
2018-07-18;40,00;42,00;37,00;Geprueft
2018-07-19;29,00;37,00;25,00;Geprueft
2018-07-20;25,00;32,00;19,00;Geprueft
2018-07-21;39,00;47,00;29,00;Geprueft
2018-07-22;62,00;69,00;45,00;Geprueft
2018-07-23;65,00;73,00;54,00;Geprueft
2018-07-24;49,00;54,00;45,00;Geprueft
2018-07-25;42,00;45,00;35,00;Geprueft
2018-07-26;35,00;39,00;30,00;Geprueft
2018-07-27;29,00;30,00;28,00;Geprueft
2018-07-28;30,00;31,00;29,00;Geprueft
2018-07-29;28,00;30,00;22,00;Geprueft
2018-07-30;25,00;28,00;24,00;Geprueft
2018-07-31;23,00;24,00;22,00;Geprueft
2018-08-01;22,00;23,00;21,00;Geprueft
2018-08-02;24,00;34,00;23,00;Geprueft
2018-08-03;42,00;48,00;29,00;Geprueft
2018-08-04;22,00;29,00;18,00;Geprueft
2018-08-05;24,00;25,00;22,00;Geprueft
2018-08-06;21,00;23,00;20,00;Geprueft
2018-08-07;19,00;21,00;14,00;Geprueft
2018-08-08;28,00;32,00;18,00;Geprueft
2018-08-09;30,00;33,00;27,00;Geprueft
2018-08-10;28,00;31,00;18,00;Geprueft
2018-08-11;22,00;26,00;12,00;Geprueft
2018-08-12;25,00;32,00;22,00;Geprueft
2018-08-13;20,00;23,00;19,00;Geprueft
2018-08-14;19,00;20,00;16,00;Geprueft
2018-08-15;21,00;25,00;19,00;Geprueft
2018-08-16;21,00;25,00;18,00;Geprueft
2018-08-17;19,00;23,00;14,00;Geprueft
2018-08-18;18,00;26,00;12,00;Geprueft
2018-08-19;22,00;26,00;13,00;Geprueft
2018-08-20;23,00;24,00;21,00;Geprueft
2018-08-21;20,00;21,00;17,00;Geprueft
2018-08-22;17,00;21,00;16,00;Geprueft
2018-08-23;21,00;29,00;17,00;Geprueft
2018-08-24;35,00;44,00;29,00;Geprueft
2018-08-25;39,00;44,00;33,00;Geprueft
2018-08-26;41,00;47,00;34,00;Geprueft
2018-08-27;34,00;41,00;29,00;Geprueft
2018-08-28;30,00;41,00;21,00;Geprueft
2018-08-29;26,00;45,00;14,00;Geprueft
2018-08-30;33,00;42,00;29,00;Geprueft
2018-08-31;44,00;56,00;33,00;Geprueft
2018-09-01;69,00;101,00;56,00;Geprueft
2018-09-02;100,00;113,00;83,00;Geprueft
2018-09-03;59,00;83,00;49,00;Geprueft
2018-09-04;50,00;62,00;44,00;Geprueft
2018-09-05;40,00;47,00;37,00;Geprueft
2018-09-06;37,00;40,00;32,00;Geprueft
2018-09-07;37,00;56,00;30,00;Geprueft
2018-09-08;57,00;60,00;41,00;Geprueft
2018-09-09;31,00;41,00;25,00;Geprueft
2018-09-10;33,00;37,00;25,00;Geprueft
2018-09-11;29,00;33,00;24,00;Geprueft
2018-09-12;26,00;33,00;18,00;Geprueft
2018-09-13;26,00;35,00;18,00;Geprueft
2018-09-14;42,00;55,00;34,00;Geprueft
2018-09-15;43,00;55,00;36,00;Geprueft
2018-09-16;29,00;36,00;22,00;Geprueft
2018-09-17;35,00;38,00;32,00;Geprueft
2018-09-18;25,00;33,00;19,00;Geprueft
2018-09-19;27,00;37,00;21,00;Geprueft
2018-09-20;24,00;33,00;18,00;Geprueft
2018-09-21;22,00;24,00;20,00;Geprueft
2018-09-22;21,00;24,00;14,00;Geprueft
2018-09-23;28,00;38,00;16,00;Geprueft
2018-09-24;71,00;108,00;32,00;Geprueft
2018-09-25;80,00;108,00;54,00;Geprueft
2018-09-26;45,00;54,00;42,00;Geprueft
2018-09-27;37,00;43,00;30,00;Geprueft
2018-09-28;28,00;34,00;26,00;Geprueft
2018-09-29;26,00;30,00;23,00;Geprueft
2018-09-30;25,00;30,00;18,00;Geprueft
2018-10-01;39,00;90,00;18,00;Geprueft
2018-10-02;90,00;110,00;62,00;Geprueft
2018-10-03;52,00;62,00;48,00;Geprueft
2018-10-04;47,00;51,00;42,00;Geprueft
2018-10-05;34,00;42,00;29,00;Geprueft
2018-10-06;33,00;37,00;29,00;Geprueft
2018-10-07;33,00;38,00;23,00;Geprueft
2018-10-08;27,00;29,00;26,00;Geprueft
2018-10-09;25,00;28,00;21,00;Geprueft
2018-10-10;25,00;34,00;20,00;Geprueft
2018-10-11;24,00;28,00;23,00;Geprueft
2018-10-12;24,00;26,00;23,00;Geprueft
2018-10-13;23,00;24,00;19,00;Geprueft
2018-10-14;23,00;25,00;18,00;Geprueft
2018-10-15;22,00;24,00;20,00;Geprueft
2018-10-16;20,00;21,00;19,00;Geprueft
2018-10-17;23,00;25,00;20,00;Geprueft
2018-10-18;19,00;21,00;16,00;Geprueft
2018-10-19;18,00;21,00;16,00;Geprueft
2018-10-20;20,00;22,00;17,00;Geprueft
2018-10-21;18,00;20,00;16,00;Geprueft
2018-10-22;17,00;18,00;14,00;Geprueft
2018-10-23;18,00;20,00;16,00;Geprueft
2018-10-24;19,00;21,00;16,00;Geprueft
2018-10-25;20,00;21,00;19,00;Geprueft
2018-10-26;25,00;26,00;20,00;Geprueft
2018-10-27;28,00;43,00;20,00;Geprueft
2018-10-28;58,00;69,00;43,00;Geprueft
2018-10-29;59,00;70,00;49,00;Geprueft
2018-10-30;59,00;76,00;49,00;Geprueft
2018-10-31;53,00;77,00;41,00;Geprueft
2018-11-01;40,00;44,00;37,00;Geprueft
2018-11-02;29,00;40,00;24,00;Geprueft
2018-11-03;28,00;33,00;22,00;Geprueft
2018-11-04;24,00;26,00;21,00;Geprueft
2018-11-05;21,00;22,00;20,00;Geprueft
2018-11-06;25,00;26,00;21,00;Geprueft
2018-11-07;25,00;27,00;24,00;Geprueft
2018-11-08;24,00;25,00;23,00;Geprueft
2018-11-09;23,00;25,00;22,00;Geprueft
2018-11-10;25,00;26,00;24,00;Geprueft
2018-11-11;23,00;26,00;21,00;Geprueft
2018-11-12;24,00;27,00;21,00;Geprueft
2018-11-13;21,00;24,00;17,00;Geprueft
2018-11-14;19,00;21,00;17,00;Geprueft
2018-11-15;18,00;19,00;17,00;Geprueft
2018-11-16;20,00;23,00;18,00;Geprueft
2018-11-17;26,00;28,00;23,00;Geprueft
2018-11-18;21,00;26,00;20,00;Geprueft
2018-11-19;19,00;22,00;14,00;Geprueft
2018-11-20;18,00;26,00;13,00;Geprueft
2018-11-21;16,00;21,00;12,00;Geprueft
2018-11-22;15,00;18,00;11,00;Geprueft
2018-11-23;15,00;17,00;14,00;Geprueft
2018-11-24;18,00;18,00;17,00;Geprueft
2018-11-25;16,00;18,00;14,00;Geprueft
2018-11-26;16,00;17,00;14,00;Geprueft
2018-11-27;25,00;32,00;17,00;Geprueft
2018-11-28;18,00;22,00;13,00;Geprueft
2018-11-29;19,00;23,00;12,00;Geprueft
2018-11-30;14,00;15,00;12,00;Geprueft
2018-12-01;17,00;19,00;14,00;Geprueft
2018-12-02;25,00;31,00;19,00;Geprueft
2018-12-03;45,00;91,00;30,00;Geprueft
2018-12-04;97,00;103,00;90,00;Geprueft
2018-12-05;117,00;126,00;94,00;Geprueft
2018-12-06;78,00;94,00;70,00;Geprueft
2018-12-07;67,00;73,00;61,00;Geprueft
2018-12-08;65,00;72,00;61,00;Geprueft
2018-12-09;84,00;102,00;70,00;Geprueft
2018-12-10;135,00;148,00;102,00;Geprueft
2018-12-11;125,00;144,00;117,00;Geprueft
2018-12-12;99,00;117,00;84,00;Geprueft
2018-12-13;78,00;84,00;68,00;Geprueft
2018-12-14;63,00;68,00;61,00;Geprueft
2018-12-15;58,00;65,00;52,00;Geprueft
2018-12-16;49,00;52,00;43,00;Geprueft
2018-12-17;45,00;47,00;43,00;Geprueft
2018-12-18;45,00;47,00;43,00;Geprueft
2018-12-19;43,00;44,00;39,00;Geprueft
2018-12-20;45,00;50,00;40,00;Geprueft
2018-12-21;52,00;68,00;41,00;Geprueft
2018-12-22;102,00;152,00;68,00;Geprueft
2018-12-23;190,00;213,00;152,00;Geprueft
2018-12-24;282,00;383,00;210,00;Geprueft
2018-12-25;323,00;390,00;249,00;Geprueft
2018-12-26;247,00;262,00;224,00;Geprueft
2018-12-27;205,00;224,00;183,00;Geprueft
2018-12-28;150,00;183,00;128,00;Geprueft
2018-12-29;114,00;128,00;106,00;Geprueft
2018-12-30;98,00;106,00;94,00;Geprueft
2018-12-31;91,00;94,00;89,00;Geprueft
2019-01-01;93,00;99,00;90,00;Geprueft
2019-01-02;94,00;98,00;82,00;Geprueft
2019-01-03;90,00;93,00;83,00;Geprueft
2019-01-04;77,00;83,00;74,00;Geprueft
2019-01-05;71,00;75,00;69,00;Geprueft
2019-01-06;86,00;100,00;75,00;Geprueft
2019-01-07;116,00;125,00;100,00;Geprueft
2019-01-08;124,00;131,00;122,00;Geprueft
2019-01-09;143,00;148,00;131,00;Geprueft
2019-01-10;141,00;146,00;134,00;Geprueft
2019-01-11;121,00;134,00;112,00;Geprueft
2019-01-12;103,00;112,00;97,00;Geprueft
2019-01-13;123,00;178,00;93,00;Geprueft
2019-01-14;264,00;324,00;178,00;Geprueft
2019-01-15;322,00;333,00;315,00;Geprueft
2019-01-16;273,00;315,00;234,00;Geprueft
2019-01-17;213,00;234,00;192,00;Geprueft
2019-01-18;186,00;193,00;170,00;Geprueft
2019-01-19;152,00;170,00;140,00;Geprueft
2019-01-20;130,00;140,00;122,00;Geprueft
2019-01-21;116,00;122,00;111,00;Geprueft
2019-01-22;108,00;116,00;101,00;Geprueft
2019-01-23;96,00;101,00;89,00;Geprueft
2019-01-24;87,00;91,00;84,00;Geprueft
2019-01-25;85,00;87,00;82,00;Geprueft
2019-01-26;78,00;85,00;69,00;Geprueft
2019-01-27;77,00;81,00;74,00;Geprueft
2019-01-28;80,00;85,00;75,00;Geprueft
2019-01-29;84,00;86,00;81,00;Geprueft
2019-01-30;80,00;82,00;78,00;Geprueft
2019-01-31;75,00;79,00;73,00;Geprueft
2019-02-01;73,00;76,00;71,00;Geprueft
2019-02-02;72,00;74,00;71,00;Geprueft
2019-02-03;80,00;96,00;71,00;Geprueft
2019-02-04;91,00;97,00;83,00;Geprueft
2019-02-05;82,00;86,00;78,00;Geprueft
2019-02-06;72,00;78,00;67,00;Geprueft
2019-02-07;73,00;77,00;70,00;Geprueft
2019-02-08;81,00;91,00;74,00;Geprueft
2019-02-09;94,00;99,00;84,00;Geprueft
2019-02-10;116,00;139,00;86,00;Geprueft
2019-02-11;168,00;199,00;137,00;Geprueft
2019-02-12;159,00;171,00;151,00;Geprueft
2019-02-13;139,00;151,00;130,00;Geprueft
2019-02-14;116,00;130,00;112,00;Geprueft
2019-02-15;107,00;112,00;102,00;Geprueft
2019-02-16;101,00;104,00;99,00;Geprueft
2019-02-17;97,00;99,00;95,00;Geprueft
2019-02-18;97,00;99,00;94,00;Geprueft
2019-02-19;99,00;101,00;94,00;Geprueft
2019-02-20;97,00;101,00;92,00;Geprueft
2019-02-21;106,00;111,00;98,00;Geprueft
2019-02-22;109,00;122,00;103,00;Geprueft
2019-02-23;128,00;136,00;122,00;Geprueft
2019-02-24;119,00;132,00;116,00;Geprueft
2019-02-25;110,00;117,00;107,00;Geprueft
2019-02-26;106,00;108,00;103,00;Geprueft
2019-02-27;115,00;120,00;106,00;Geprueft
2019-02-28;117,00;122,00;113,00;Geprueft
2019-03-01;144,00;162,00;121,00;Geprueft
2019-03-02;191,00;206,00;162,00;Geprueft
2019-03-03;172,00;186,00;163,00;Geprueft
2019-03-04;157,00;169,00;154,00;Geprueft
2019-03-05;157,00;163,00;150,00;Geprueft
2019-03-06;146,00;151,00;139,00;Geprueft
2019-03-07;134,00;144,00;125,00;Geprueft
2019-03-08;147,00;154,00;124,00;Geprueft
2019-03-09;134,00;155,00;124,00;Geprueft
2019-03-10;140,00;168,00;122,00;Geprueft
2019-03-11;205,00;229,00;168,00;Geprueft
2019-03-12;176,00;186,00;158,00;Geprueft
2019-03-13;152,00;159,00;141,00;Geprueft
2019-03-14;143,00;150,00;140,00;Geprueft
2019-03-15;193,00;255,00;150,00;Geprueft
2019-03-16;327,00;352,00;255,00;Geprueft
2019-03-17;300,00;324,00;276,00;Geprueft
2019-03-18;287,00;297,00;276,00;Geprueft
2019-03-19;255,00;286,00;227,00;Geprueft
2019-03-20;204,00;227,00;189,00;Geprueft
2019-03-21;172,00;189,00;164,00;Geprueft
2019-03-22;154,00;164,00;147,00;Geprueft
2019-03-23;141,00;156,00;133,00;Geprueft
2019-03-24;134,00;136,00;132,00;Geprueft
2019-03-25;133,00;136,00;131,00;Geprueft
2019-03-26;130,00;135,00;122,00;Geprueft
2019-03-27;116,00;122,00;107,00;Geprueft
2019-03-28;108,00;112,00;102,00;Geprueft
2019-03-29;97,00;102,00;95,00;Geprueft
2019-03-30;97,00;99,00;94,00;Geprueft
2019-03-31;102,00;109,00;96,00;Geprueft
2019-04-01;95,00;102,00;91,00;Geprueft
2019-04-02;100,00;104,00;98,00;Geprueft
2019-04-03;96,00;100,00;93,00;Geprueft
2019-04-04;101,00;108,00;93,00;Geprueft
2019-04-05;92,00;98,00;85,00;Geprueft
2019-04-06;84,00;86,00;83,00;Geprueft
2019-04-07;82,00;86,00;78,00;Geprueft
2019-04-08;95,00;106,00;84,00;Geprueft
2019-04-09;98,00;106,00;91,00;Geprueft
2019-04-10;110,00;120,00;93,00;Geprueft
2019-04-11;120,00;124,00;116,00;Geprueft
2019-04-12;111,00;123,00;98,00;Geprueft
2019-04-13;96,00;98,00;92,00;Geprueft
2019-04-14;86,00;92,00;81,00;Geprueft
2019-04-15;83,00;87,00;81,00;Geprueft
2019-04-16;76,00;83,00;74,00;Geprueft
2019-04-17;78,00;85,00;75,00;Geprueft
2019-04-18;87,00;89,00;85,00;Geprueft
2019-04-19;87,00;88,00;83,00;Geprueft
2019-04-20;91,00;93,00;87,00;Geprueft
2019-04-21;90,00;91,00;90,00;Geprueft
2019-04-22;93,00;101,00;83,00;Geprueft
2019-04-23;90,00;98,00;77,00;Geprueft
2019-04-24;90,00;95,00;86,00;Geprueft
2019-04-25;92,00;96,00;89,00;Geprueft
2019-04-26;92,00;98,00;87,00;Geprueft
2019-04-27;86,00;92,00;74,00;Geprueft
2019-04-28;79,00;81,00;73,00;Geprueft
2019-04-29;79,00;84,00;74,00;Geprueft
2019-04-30;72,00;82,00;68,00;Geprueft
2019-05-01;72,00;82,00;62,00;Geprueft
2019-05-02;63,00;66,00;61,00;Geprueft
2019-05-03;82,00;102,00;64,00;Geprueft
2019-05-04;94,00;102,00;90,00;Geprueft
2019-05-05;89,00;91,00;85,00;Geprueft
2019-05-06;85,00;90,00;79,00;Geprueft
2019-05-07;76,00;79,00;72,00;Geprueft
2019-05-08;67,00;78,00;61,00;Geprueft
2019-05-09;76,00;79,00;71,00;Geprueft
2019-05-10;73,00;80,00;64,00;Geprueft
2019-05-11;91,00;103,00;80,00;Geprueft
2019-05-12;113,00;141,00;99,00;Geprueft
2019-05-13;141,00;162,00;109,00;Geprueft
2019-05-14;98,00;109,00;91,00;Geprueft
2019-05-15;80,00;91,00;76,00;Geprueft
2019-05-16;78,00;86,00;72,00;Geprueft
2019-05-17;65,00;72,00;63,00;Geprueft
2019-05-18;73,00;80,00;67,00;Geprueft
2019-05-19;77,00;82,00;74,00;Geprueft
2019-05-20;115,00;150,00;82,00;Geprueft
2019-05-21;322,00;442,00;150,00;Geprueft
2019-05-22;470,00;484,00;442,00;Geprueft
2019-05-23;430,00;484,00;350,00;Geprueft
2019-05-24;293,00;350,00;242,00;Geprueft
2019-05-25;224,00;242,00;211,00;Geprueft
2019-05-26;204,00;236,00;180,00;Geprueft
2019-05-27;178,00;193,00;172,00;Geprueft
2019-05-28;180,00;233,00;170,00;Geprueft
2019-05-29;254,00;276,00;219,00;Geprueft
2019-05-30;208,00;221,00;179,00;Geprueft
2019-05-31;164,00;179,00;151,00;Geprueft
2019-06-01;141,00;151,00;135,00;Geprueft
2019-06-02;135,00;140,00;131,00;Geprueft
2019-06-03;133,00;135,00;130,00;Geprueft
2019-06-04;139,00;157,00;129,00;Geprueft
2019-06-05;133,00;152,00;124,00;Geprueft
2019-06-06;119,00;129,00;111,00;Geprueft
2019-06-07;113,00;119,00;95,00;Geprueft
2019-06-08;94,00;101,00;85,00;Geprueft
2019-06-09;96,00;99,00;93,00;Geprueft
2019-06-10;91,00;112,00;79,00;Geprueft
2019-06-11;129,00;141,00;112,00;Geprueft
2019-06-12;121,00;125,00;116,00;Geprueft
2019-06-13;114,00;118,00;109,00;Geprueft
2019-06-14;94,00;109,00;89,00;Geprueft
2019-06-15;89,00;94,00;87,00;Geprueft
2019-06-16;118,00;138,00;88,00;Geprueft
2019-06-17;100,00;114,00;88,00;Geprueft
2019-06-18;85,00;88,00;79,00;Geprueft
2019-06-19;93,00;100,00;85,00;Geprueft
2019-06-20;91,00;99,00;88,00;Geprueft
2019-06-21;98,00;101,00;95,00;Geprueft
2019-06-22;104,00;124,00;96,00;Geprueft
2019-06-23;128,00;130,00;124,00;Geprueft
2019-06-24;110,00;124,00;94,00;Geprueft
2019-06-25;86,00;94,00;80,00;Geprueft
2019-06-26;76,00;80,00;73,00;Geprueft
2019-06-27;71,00;80,00;62,00;Geprueft
2019-06-28;66,00;70,00;59,00;Geprueft
2019-06-29;65,00;67,00;59,00;Geprueft
2019-06-30;56,00;63,00;47,00;Geprueft
2019-07-01;57,00;87,00;51,00;Geprueft
2019-07-02;75,00;90,00;66,00;Geprueft
2019-07-03;67,00;75,00;54,00;Geprueft
2019-07-04;51,00;55,00;47,00;Geprueft
2019-07-05;46,00;48,00;42,00;Geprueft
2019-07-06;45,00;48,00;42,00;Geprueft
2019-07-07;49,00;55,00;38,00;Geprueft
2019-07-08;60,00;65,00;55,00;Geprueft
2019-07-09;55,00;61,00;50,00;Geprueft
2019-07-10;45,00;50,00;37,00;Geprueft
2019-07-11;44,00;51,00;36,00;Geprueft
2019-07-12;49,00;51,00;48,00;Geprueft
2019-07-13;83,00;107,00;48,00;Geprueft
2019-07-14;79,00;106,00;59,00;Geprueft
2019-07-15;60,00;67,00;52,00;Geprueft
2019-07-16;49,00;56,00;43,00;Geprueft
2019-07-17;46,00;48,00;41,00;Geprueft
2019-07-18;38,00;42,00;37,00;Geprueft
2019-07-19;36,00;39,00;32,00;Geprueft
2019-07-20;33,00;34,00;31,00;Geprueft
2019-07-21;34,00;37,00;32,00;Geprueft
2019-07-22;42,00;49,00;34,00;Geprueft
2019-07-23;37,00;42,00;32,00;Geprueft
2019-07-24;30,00;33,00;26,00;Geprueft
2019-07-25;26,00;27,00;25,00;Geprueft
2019-07-26;26,00;28,00;23,00;Geprueft
2019-07-27;41,00;53,00;28,00;Geprueft
2019-07-28;72,00;98,00;52,00;Geprueft
2019-07-29;136,00;188,00;76,00;Geprueft
2019-07-30;99,00;144,00;59,00;Geprueft
2019-07-31;79,00;96,00;56,00;Geprueft
2019-08-01;68,00;80,00;59,00;Geprueft
2019-08-02;55,00;59,00;53,00;Geprueft
2019-08-03;84,00;105,00;54,00;Geprueft
2019-08-04;57,00;70,00;54,00;Geprueft
2019-08-05;47,00;55,00;44,00;Geprueft
2019-08-06;55,00;88,00;44,00;Geprueft
2019-08-07;104,00;116,00;88,00;Geprueft
2019-08-08;120,00;136,00;110,00;Geprueft
2019-08-09;98,00;136,00;72,00;Geprueft
2019-08-10;78,00;89,00;66,00;Geprueft
2019-08-11;78,00;86,00;58,00;Geprueft
2019-08-12;85,00;113,00;61,00;Geprueft
2019-08-13;177,00;213,00;113,00;Geprueft
2019-08-14;132,00;163,00;105,00;Geprueft
2019-08-15;89,00;105,00;79,00;Geprueft
2019-08-16;83,00;90,00;76,00;Geprueft
2019-08-17;78,00;87,00;68,00;Geprueft
2019-08-18;67,00;70,00;59,00;Geprueft
2019-08-19;104,00;120,00;61,00;Geprueft
2019-08-20;123,00;155,00;106,00;Geprueft
2019-08-21;214,00;249,00;155,00;Geprueft
2019-08-22;158,00;218,00;125,00;Geprueft
2019-08-23;102,00;125,00;95,00;Geprueft
2019-08-24;83,00;95,00;77,00;Geprueft
2019-08-25;72,00;78,00;70,00;Geprueft
2019-08-26;67,00;71,00;59,00;Geprueft
2019-08-27;59,00;69,00;53,00;Geprueft
2019-08-28;51,00;56,00;46,00;Geprueft
2019-08-29;54,00;82,00;46,00;Geprueft
2019-08-30;79,00;89,00;67,00;Geprueft
2019-08-31;55,00;67,00;50,00;Geprueft
2019-09-01;49,00;50,00;47,00;Geprueft
2019-09-02;68,00;93,00;39,00;Geprueft
2019-09-03;83,00;99,00;62,00;Geprueft
2019-09-04;60,00;63,00;55,00;Geprueft
2019-09-05;51,00;61,00;47,00;Geprueft
2019-09-06;64,00;74,00;56,00;Geprueft
2019-09-07;71,00;80,00;65,00;Geprueft
2019-09-08;88,00;93,00;80,00;Geprueft
2019-09-09;100,00;115,00;86,00;Geprueft
2019-09-10;124,00;138,00;93,00;Geprueft
2019-09-11;84,00;93,00;79,00;Geprueft
2019-09-12;67,00;79,00;61,00;Geprueft
2019-09-13;51,00;61,00;46,00;Geprueft
2019-09-14;51,00;62,00;33,00;Geprueft
2019-09-15;42,00;58,00;25,00;Geprueft
2019-09-16;40,00;52,00;37,00;Geprueft
2019-09-17;36,00;38,00;30,00;Geprueft
2019-09-18;35,00;37,00;33,00;Geprueft
2019-09-19;38,00;41,00;33,00;Geprueft
2019-09-20;31,00;35,00;29,00;Geprueft
2019-09-21;28,00;30,00;26,00;Geprueft
2019-09-22;29,00;31,00;28,00;Geprueft
2019-09-23;38,00;61,00;20,00;Geprueft
2019-09-24;58,00;67,00;51,00;Geprueft
2019-09-25;44,00;51,00;39,00;Geprueft
2019-09-26;38,00;45,00;32,00;Geprueft
2019-09-27;49,00;52,00;45,00;Geprueft
2019-09-28;62,00;74,00;44,00;Geprueft
2019-09-29;73,00;90,00;55,00;Geprueft
2019-09-30;50,00;69,00;36,00;Geprueft
2019-10-01;43,00;47,00;35,00;Geprueft
2019-10-02;44,00;52,00;36,00;Geprueft
2019-10-03;91,00;110,00;52,00;Geprueft
2019-10-04;74,00;109,00;58,00;Geprueft
2019-10-05;80,00;119,00;62,00;Geprueft
2019-10-06;154,00;174,00;119,00;Geprueft
2019-10-07;157,00;207,00;132,00;Geprueft
2019-10-08;152,00;206,00;117,00;Geprueft
2019-10-09;126,00;185,00;111,00;Geprueft
2019-10-10;212,00;227,00;185,00;Geprueft
2019-10-11;162,00;198,00;141,00;Geprueft
2019-10-12;122,00;143,00;102,00;Geprueft
2019-10-13;96,00;102,00;87,00;Geprueft
2019-10-14;80,00;87,00;78,00;Geprueft
2019-10-15;71,00;78,00;66,00;Geprueft
2019-10-16;70,00;73,00;65,00;Geprueft
2019-10-17;61,00;70,00;48,00;Geprueft
2019-10-18;56,00;61,00;51,00;Geprueft
2019-10-19;54,00;58,00;48,00;Geprueft
2019-10-20;62,00;65,00;57,00;Geprueft
2019-10-21;58,00;60,00;55,00;Geprueft
2019-10-22;57,00;65,00;52,00;Geprueft
2019-10-23;51,00;57,00;48,00;Geprueft
2019-10-24;47,00;49,00;44,00;Geprueft
2019-10-25;45,00;48,00;42,00;Geprueft
2019-10-26;43,00;46,00;34,00;Geprueft
2019-10-27;42,00;49,00;29,00;Geprueft
2019-10-28;42,00;45,00;30,00;Geprueft
2019-10-29;44,00;48,00;42,00;Geprueft
2019-10-30;60,00;78,00;48,00;Geprueft
2019-10-31;103,00;149,00;78,00;Geprueft
2019-11-01;122,00;160,00;88,00;Geprueft
2019-11-02;84,00;90,00;71,00;Geprueft
2019-11-03;73,00;84,00;68,00;Geprueft
2019-11-04;88,00;102,00;79,00;Geprueft
2019-11-05;100,00;103,00;95,00;Geprueft
2019-11-06;110,00;112,00;101,00;Geprueft
2019-11-07;93,00;109,00;87,00;Geprueft
2019-11-08;86,00;89,00;84,00;Geprueft
2019-11-09;86,00;89,00;83,00;Geprueft
2019-11-10;80,00;83,00;75,00;Geprueft
2019-11-11;75,00;77,00;73,00;Geprueft
2019-11-12;70,00;76,00;64,00;Geprueft
2019-11-13;70,00;73,00;63,00;Geprueft
2019-11-14;69,00;70,00;66,00;Geprueft
2019-11-15;63,00;68,00;60,00;Geprueft
2019-11-16;69,00;72,00;62,00;Geprueft
2019-11-17;67,00;72,00;61,00;Geprueft
2019-11-18;67,00;69,00;62,00;Geprueft
2019-11-19;61,00;67,00;56,00;Geprueft
2019-11-20;55,00;60,00;53,00;Geprueft
2019-11-21;54,00;60,00;49,00;Geprueft
2019-11-22;50,00;51,00;50,00;Geprueft
2019-11-23;46,00;51,00;43,00;Geprueft
2019-11-24;45,00;49,00;43,00;Geprueft
2019-11-25;44,00;49,00;42,00;Geprueft
2019-11-26;45,00;49,00;43,00;Geprueft
2019-11-27;43,00;46,00;42,00;Geprueft
2019-11-28;48,00;50,00;44,00;Geprueft
2019-11-29;41,00;56,00;34,00;Geprueft
2019-11-30;80,00;90,00;56,00;Geprueft
2019-12-01;72,00;88,00;67,00;Geprueft
2019-12-02;67,00;69,00;66,00;Geprueft
2019-12-03;60,00;66,00;56,00;Geprueft
2019-12-04;56,00;59,00;54,00;Geprueft
2019-12-05;52,00;55,00;47,00;Geprueft
2019-12-06;51,00;52,00;48,00;Geprueft
2019-12-07;49,00;49,00;48,00;Geprueft
2019-12-08;46,00;49,00;41,00;Geprueft
2019-12-09;53,00;56,00;45,00;Geprueft
2019-12-10;56,00;62,00;51,00;Geprueft
2019-12-11;61,00;64,00;55,00;Geprueft
2019-12-12;61,00;64,00;56,00;Geprueft
2019-12-13;60,00;68,00;57,00;Geprueft
2019-12-14;72,00;77,00;63,00;Geprueft
2019-12-15;94,00;103,00;77,00;Geprueft
2019-12-16;94,00;98,00;90,00;Geprueft
2019-12-17;103,00;107,00;95,00;Geprueft
2019-12-18;107,00;110,00;98,00;Geprueft
2019-12-19;97,00;101,00;91,00;Geprueft
2019-12-20;84,00;91,00;79,00;Geprueft
2019-12-21;84,00;96,00;66,00;Geprueft
2019-12-22;101,00;109,00;91,00;Geprueft
2019-12-23;96,00;111,00;83,00;Geprueft
2019-12-24;125,00;134,00;111,00;Geprueft
2019-12-25;144,00;168,00;132,00;Geprueft
2019-12-26;185,00;192,00;168,00;Geprueft
2019-12-27;154,00;168,00;143,00;Geprueft
2019-12-28;145,00;153,00;134,00;Geprueft
2019-12-29;126,00;140,00;114,00;Geprueft
2019-12-30;106,00;116,00;102,00;Geprueft
2019-12-31;101,00;107,00;94,00;Geprueft
2020-01-01;88,00;94,00;83,00;Geprueft
2020-01-02;82,00;87,00;75,00;Geprueft
2020-01-03;75,00;80,00;70,00;Geprueft
2020-01-04;74,00;84,00;67,00;Geprueft
2020-01-05;87,00;93,00;80,00;Geprueft
2020-01-06;76,00;80,00;70,00;Geprueft
2020-01-07;70,00;78,00;68,00;Geprueft
2020-01-08;70,00;73,00;66,00;Geprueft
2020-01-09;62,00;66,00;59,00;Geprueft
2020-01-10;61,00;63,00;58,00;Geprueft
2020-01-11;59,00;60,00;57,00;Geprueft
2020-01-12;54,00;57,00;48,00;Geprueft
2020-01-13;57,00;61,00;52,00;Geprueft
2020-01-14;51,00;56,00;50,00;Geprueft
2020-01-15;51,00;57,00;43,00;Geprueft
2020-01-16;48,00;57,00;40,00;Geprueft
2020-01-17;46,00;48,00;41,00;Geprueft
2020-01-18;49,00;51,00;45,00;Geprueft
2020-01-19;56,00;59,00;50,00;Geprueft
2020-01-20;49,00;57,00;44,00;Geprueft
2020-01-21;46,00;50,00;41,00;Geprueft
2020-01-22;47,00;49,00;43,00;Geprueft
2020-01-23;41,00;47,00;37,00;Geprueft
2020-01-24;40,00;43,00;37,00;Geprueft
2020-01-25;41,00;44,00;39,00;Geprueft
2020-01-26;42,00;45,00;35,00;Geprueft
2020-01-27;35,00;44,00;32,00;Geprueft
2020-01-28;50,00;62,00;44,00;Geprueft
2020-01-29;66,00;68,00;62,00;Geprueft
2020-01-30;67,00;72,00;64,00;Geprueft
2020-01-31;73,00;95,00;66,00;Geprueft
2020-02-01;109,00;116,00;95,00;Geprueft
2020-02-02;122,00;163,00;114,00;Geprueft
2020-02-03;274,00;421,00;163,00;Geprueft
2020-02-04;459,00;475,00;421,00;Geprueft
2020-02-05;404,00;469,00;346,00;Geprueft
2020-02-06;325,00;346,00;306,00;Geprueft
2020-02-07;269,00;306,00;229,00;Geprueft
2020-02-08;202,00;229,00;179,00;Geprueft
2020-02-09;166,00;179,00;157,00;Geprueft
2020-02-10;159,00;170,00;147,00;Geprueft
2020-02-11;196,00;224,00;169,00;Geprueft
2020-02-12;228,00;242,00;215,00;Geprueft
2020-02-13;203,00;215,00;194,00;Geprueft
2020-02-14;206,00;238,00;197,00;Geprueft
2020-02-15;224,00;241,00;206,00;Geprueft
2020-02-16;193,00;206,00;182,00;Geprueft
2020-02-17;173,00;182,00;168,00;Geprueft
2020-02-18;180,00;186,00;175,00;Geprueft
2020-02-19;177,00;180,00;171,00;Geprueft
2020-02-20;165,00;171,00;162,00;Geprueft
2020-02-21;154,00;164,00;146,00;Geprueft
2020-02-22;142,00;148,00;134,00;Geprueft
2020-02-23;132,00;139,00;124,00;Geprueft
2020-02-24;149,00;166,00;135,00;Geprueft
2020-02-25;183,00;202,00;157,00;Geprueft
2020-02-26;164,00;168,00;160,00;Geprueft
2020-02-27;158,00;166,00;155,00;Geprueft
2020-02-28;158,00;164,00;151,00;Geprueft
2020-02-29;169,00;176,00;158,00;Geprueft
2020-03-01;194,00;217,00;164,00;Geprueft
2020-03-02;213,00;218,00;207,00;Geprueft
2020-03-03;204,00;209,00;199,00;Geprueft
2020-03-04;194,00;206,00;171,00;Geprueft
2020-03-05;166,00;177,00;159,00;Geprueft
2020-03-06;194,00;204,00;177,00;Geprueft
2020-03-07;199,00;201,00;196,00;Geprueft
2020-03-08;193,00;201,00;179,00;Geprueft
2020-03-09;169,00;179,00;157,00;Geprueft
2020-03-10;172,00;183,00;163,00;Geprueft
2020-03-11;207,00;219,00;170,00;Geprueft
2020-03-12;220,00;225,00;206,00;Geprueft
2020-03-13;202,00;211,00;192,00;Geprueft
2020-03-14;192,00;201,00;169,00;Geprueft
2020-03-15;157,00;169,00;150,00;Geprueft
2020-03-16;144,00;150,00;136,00;Geprueft
2020-03-17;129,00;136,00;119,00;Geprueft
2020-03-18;123,00;127,00;112,00;Geprueft
2020-03-19;122,00;126,00;113,00;Geprueft
2020-03-20;118,00;125,00;112,00;Geprueft
2020-03-21;120,00;133,00;111,00;Geprueft
2020-03-22;139,00;152,00;104,00;Geprueft
2020-03-23;117,00;135,00;101,00;Geprueft
2020-03-24;108,00;114,00;104,00;Geprueft
2020-03-25;100,00;106,00;89,00;Geprueft
2020-03-26;92,00;96,00;89,00;Geprueft
2020-03-27;89,00;96,00;84,00;Geprueft
2020-03-28;83,00;86,00;73,00;Geprueft
2020-03-29;81,00;83,00;78,00;Geprueft
2020-03-30;86,00;88,00;79,00;Geprueft
2020-03-31;80,00;89,00;73,00;Geprueft
2020-04-01;74,00;79,00;69,00;Geprueft
2020-04-02;72,00;77,00;67,00;Geprueft
2020-04-03;68,00;71,00;66,00;Geprueft
2020-04-04;66,00;68,00;61,00;Geprueft
2020-04-05;66,00;68,00;61,00;Geprueft
2020-04-06;65,00;66,00;62,00;Geprueft
2020-04-07;66,00;69,00;61,00;Geprueft
2020-04-08;66,00;69,00;65,00;Geprueft
2020-04-09;68,00;71,00;65,00;Geprueft
2020-04-10;69,00;72,00;65,00;Geprueft
2020-04-11;67,00;71,00;63,00;Geprueft
2020-04-12;72,00;73,00;71,00;Geprueft
2020-04-13;67,00;73,00;63,00;Geprueft
2020-04-14;72,00;79,00;63,00;Geprueft
2020-04-15;64,00;67,00;62,00;Geprueft
2020-04-16;63,00;66,00;59,00;Geprueft
2020-04-17;62,00;67,00;59,00;Geprueft
2020-04-18;62,00;68,00;59,00;Geprueft
2020-04-19;72,00;79,00;66,00;Geprueft
2020-04-20;74,00;79,00;67,00;Geprueft
2020-04-21;73,00;79,00;67,00;Geprueft
2020-04-22;64,00;72,00;56,00;Geprueft
2020-04-23;64,00;68,00;51,00;Geprueft
2020-04-24;58,00;66,00;55,00;Geprueft
2020-04-25;56,00;58,00;55,00;Geprueft
2020-04-26;57,00;59,00;54,00;Geprueft
2020-04-27;55,00;57,00;53,00;Geprueft
2020-04-28;58,00;62,00;53,00;Geprueft
2020-04-29;87,00;103,00;61,00;Geprueft
2020-04-30;88,00;103,00;71,00;Geprueft
2020-05-01;69,00;73,00;61,00;Geprueft
2020-05-02;78,00;102,00;61,00;Geprueft
2020-05-03;93,00;102,00;75,00;Geprueft
2020-05-04;74,00;76,00;70,00;Geprueft
2020-05-05;70,00;73,00;66,00;Geprueft
2020-05-06;72,00;79,00;63,00;Geprueft
2020-05-07;76,00;79,00;67,00;Geprueft
2020-05-08;63,00;67,00;56,00;Geprueft
2020-05-09;57,00;59,00;55,00;Geprueft
2020-05-10;58,00;61,00;56,00;Geprueft
2020-05-11;70,00;75,00;61,00;Geprueft
2020-05-12;77,00;85,00;71,00;Geprueft
2020-05-13;67,00;74,00;64,00;Geprueft
2020-05-14;80,00;83,00;72,00;Geprueft
2020-05-15;64,00;73,00;60,00;Geprueft
2020-05-16;67,00;68,00;59,00;Geprueft
2020-05-17;61,00;64,00;54,00;Geprueft
2020-05-18;52,00;54,00;48,00;Geprueft
2020-05-19;48,00;52,00;45,00;Geprueft
2020-05-20;49,00;53,00;44,00;Geprueft
2020-05-21;44,00;47,00;42,00;Geprueft
2020-05-22;45,00;47,00;42,00;Geprueft
2020-05-23;50,00;72,00;39,00;Geprueft
2020-05-24;71,00;75,00;66,00;Geprueft
2020-05-25;57,00;70,00;41,00;Geprueft
2020-05-26;47,00;48,00;46,00;Geprueft
2020-05-27;40,00;46,00;38,00;Geprueft
2020-05-28;38,00;41,00;31,00;Geprueft
2020-05-29;36,00;45,00;26,00;Geprueft
2020-05-30;32,00;41,00;24,00;Geprueft
2020-05-31;36,00;46,00;30,00;Geprueft
2020-06-01;29,00;31,00;26,00;Geprueft
2020-06-02;27,00;27,00;25,00;Geprueft
2020-06-03;28,00;30,00;26,00;Geprueft
2020-06-04;32,00;43,00;29,00;Geprueft
2020-06-05;44,00;45,00;43,00;Geprueft
2020-06-06;47,00;50,00;44,00;Geprueft
2020-06-07;57,00;91,00;41,00;Geprueft
2020-06-08;105,00;116,00;88,00;Geprueft
2020-06-09;70,00;88,00;64,00;Geprueft
2020-06-10;62,00;76,00;55,00;Geprueft
2020-06-11;131,00;205,00;76,00;Geprueft
2020-06-12;137,00;203,00;102,00;Geprueft
2020-06-13;83,00;103,00;71,00;Geprueft
2020-06-14;164,00;240,00;80,00;Geprueft
2020-06-15;191,00;235,00;169,00;Geprueft
2020-06-16;171,00;174,00;167,00;Geprueft
2020-06-17;159,00;167,00;147,00;Geprueft
2020-06-18;154,00;167,00;140,00;Geprueft
2020-06-19;178,00;257,00;139,00;Geprueft
2020-06-20;224,00;259,00;188,00;Geprueft
2020-06-21;158,00;188,00;134,00;Geprueft
2020-06-22;114,00;134,00;98,00;Geprueft
2020-06-23;94,00;100,00;80,00;Geprueft
2020-06-24;79,00;86,00;72,00;Geprueft
2020-06-25;67,00;73,00;65,00;Geprueft
2020-06-26;62,00;70,00;58,00;Geprueft
2020-06-27;86,00;99,00;70,00;Geprueft
2020-06-28;71,00;86,00;60,00;Geprueft
2020-06-29;97,00;146,00;60,00;Geprueft
2020-06-30;140,00;162,00;101,00;Geprueft
2020-07-01;83,00;101,00;76,00;Geprueft
2020-07-02;109,00;115,00;92,00;Geprueft
2020-07-03;122,00;140,00;106,00;Geprueft
2020-07-04;99,00;108,00;90,00;Geprueft
2020-07-05;75,00;90,00;61,00;Geprueft
2020-07-06;65,00;69,00;52,00;Geprueft
2020-07-07;52,00;58,00;46,00;Geprueft
2020-07-08;53,00;58,00;47,00;Geprueft
2020-07-09;42,00;47,00;39,00;Geprueft
2020-07-10;38,00;44,00;36,00;Geprueft
2020-07-11;66,00;103,00;42,00;Geprueft
2020-07-12;98,00;108,00;68,00;Geprueft
2020-07-13;58,00;68,00;45,00;Geprueft
2020-07-14;51,00;59,00;47,00;Geprueft
2020-07-15;43,00;47,00;41,00;Geprueft
2020-07-16;52,00;63,00;46,00;Geprueft
2020-07-17;103,00;154,00;62,00;Geprueft
2020-07-18;126,00;155,00;100,00;Geprueft
2020-07-19;80,00;100,00;65,00;Geprueft
2020-07-20;60,00;65,00;55,00;Geprueft
2020-07-21;53,00;56,00;45,00;Geprueft
2020-07-22;44,00;47,00;40,00;Geprueft
2020-07-23;43,00;48,00;37,00;Geprueft
2020-07-24;42,00;50,00;35,00;Geprueft
2020-07-25;40,00;42,00;35,00;Geprueft
2020-07-26;37,00;43,00;33,00;Geprueft
2020-07-27;41,00;43,00;38,00;Geprueft
2020-07-28;36,00;41,00;32,00;Geprueft
2020-07-29;36,00;38,00;33,00;Geprueft
2020-07-30;33,00;35,00;33,00;Geprueft
2020-07-31;33,00;33,00;27,00;Geprueft
2020-08-01;27,00;27,00;26,00;Geprueft
2020-08-02;55,00;94,00;26,00;Geprueft
2020-08-03;84,00;95,00;74,00;Geprueft
2020-08-04;208,00;311,00;91,00;Geprueft
2020-08-05;215,00;311,00;144,00;Geprueft
2020-08-06;117,00;144,00;91,00;Geprueft
2020-08-07;81,00;91,00;69,00;Geprueft
2020-08-08;64,00;69,00;52,00;Geprueft
2020-08-09;49,00;52,00;42,00;Geprueft
2020-08-10;49,00;53,00;46,00;Geprueft
2020-08-11;41,00;47,00;36,00;Geprueft
2020-08-12;34,00;36,00;32,00;Geprueft
2020-08-13;40,00;52,00;32,00;Geprueft
2020-08-14;49,00;51,00;45,00;Geprueft
2020-08-15;47,00;52,00;37,00;Geprueft
2020-08-16;36,00;37,00;34,00;Geprueft
2020-08-17;48,00;58,00;35,00;Geprueft
2020-08-18;46,00;50,00;39,00;Geprueft
2020-08-19;51,00;57,00;39,00;Geprueft
2020-08-20;41,00;44,00;38,00;Geprueft
2020-08-21;31,00;38,00;29,00;Geprueft
2020-08-22;30,00;34,00;26,00;Geprueft
2020-08-23;38,00;42,00;33,00;Geprueft
2020-08-24;30,00;33,00;25,00;Geprueft
2020-08-25;27,00;32,00;25,00;Geprueft
2020-08-26;27,00;31,00;20,00;Geprueft
2020-08-27;19,00;25,00;16,00;Geprueft
2020-08-28;24,00;32,00;17,00;Geprueft
2020-08-29;48,00;80,00;31,00;Geprueft
2020-08-30;120,00;145,00;80,00;Geprueft
2020-08-31;169,00;199,00;129,00;Geprueft
2020-09-01;126,00;151,00;111,00;Geprueft
2020-09-02;145,00;156,00;111,00;Geprueft
2020-09-03;92,00;111,00;80,00;Geprueft
2020-09-04;72,00;80,00;66,00;Geprueft
2020-09-05;61,00;70,00;50,00;Geprueft
2020-09-06;48,00;52,00;45,00;Geprueft
2020-09-07;56,00;71,00;45,00;Geprueft
2020-09-08;61,00;71,00;47,00;Geprueft
2020-09-09;45,00;47,00;41,00;Geprueft
2020-09-10;40,00;43,00;36,00;Geprueft
2020-09-11;35,00;36,00;33,00;Geprueft
2020-09-12;34,00;37,00;31,00;Geprueft
2020-09-13;31,00;32,00;30,00;Geprueft
2020-09-14;28,00;30,00;28,00;Geprueft
2020-09-15;32,00;36,00;28,00;Geprueft
2020-09-16;30,00;32,00;24,00;Geprueft
2020-09-17;26,00;29,00;23,00;Geprueft
2020-09-18;27,00;29,00;24,00;Geprueft
2020-09-19;23,00;24,00;22,00;Geprueft
2020-09-20;23,00;24,00;19,00;Geprueft
2020-09-21;25,00;28,00;24,00;Geprueft
2020-09-22;28,00;32,00;25,00;Geprueft
2020-09-23;38,00;45,00;27,00;Geprueft
2020-09-24;41,00;45,00;40,00;Geprueft
2020-09-25;73,00;85,00;44,00;Geprueft
2020-09-26;114,00;127,00;84,00;Geprueft
2020-09-27;129,00;139,00;109,00;Geprueft
2020-09-28;89,00;109,00;82,00;Geprueft
2020-09-29;72,00;83,00;64,00;Geprueft
2020-09-30;80,00;86,00;70,00;Geprueft
2020-10-01;76,00;86,00;69,00;Geprueft
2020-10-02;58,00;69,00;53,00;Geprueft
2020-10-03;54,00;73,00;49,00;Geprueft
2020-10-04;65,00;77,00;59,00;Geprueft
2020-10-05;53,00;60,00;47,00;Geprueft
2020-10-06;52,00;57,00;48,00;Geprueft
2020-10-07;64,00;81,00;52,00;Geprueft
2020-10-08;90,00;96,00;81,00;Geprueft
2020-10-09;75,00;87,00;61,00;Geprueft
2020-10-10;66,00;70,00;61,00;Geprueft
2020-10-11;73,00;85,00;63,00;Geprueft
2020-10-12;74,00;85,00;68,00;Geprueft
2020-10-13;67,00;71,00;57,00;Geprueft
2020-10-14;59,00;64,00;52,00;Geprueft
2020-10-15;53,00;56,00;48,00;Geprueft
2020-10-16;53,00;61,00;47,00;Geprueft
2020-10-17;81,00;93,00;61,00;Geprueft
2020-10-18;72,00;93,00;62,00;Geprueft
2020-10-19;56,00;68,00;49,00;Geprueft
2020-10-20;55,00;61,00;52,00;Geprueft
2020-10-21;46,00;52,00;43,00;Geprueft
2020-10-22;44,00;48,00;40,00;Geprueft
2020-10-23;44,00;53,00;37,00;Geprueft
2020-10-24;59,00;65,00;47,00;Geprueft
2020-10-25;61,00;71,00;55,00;Geprueft
2020-10-26;59,00;70,00;54,00;Geprueft
2020-10-27;115,00;135,00;70,00;Geprueft
2020-10-28;106,00;124,00;84,00;Geprueft
2020-10-29;92,00;116,00;79,00;Geprueft
2020-10-30;177,00;206,00;107,00;Geprueft
2020-10-31;144,00;181,00;113,00;Geprueft
2020-11-01;108,00;113,00;101,00;Geprueft
2020-11-02;93,00;101,00;82,00;Geprueft
2020-11-03;83,00;91,00;78,00;Geprueft
2020-11-04;83,00;90,00;78,00;Geprueft
2020-11-05;82,00;88,00;73,00;Geprueft
2020-11-06;72,00;74,00;67,00;Geprueft
2020-11-07;64,00;67,00;57,00;Geprueft
2020-11-08;60,00;62,00;57,00;Geprueft
2020-11-09;54,00;60,00;51,00;Geprueft
2020-11-10;51,00;55,00;48,00;Geprueft
2020-11-11;50,00;58,00;42,00;Geprueft
2020-11-12;44,00;47,00;41,00;Geprueft
2020-11-13;43,00;43,00;42,00;Geprueft
2020-11-14;39,00;44,00;33,00;Geprueft
2020-11-15;38,00;41,00;37,00;Geprueft
2020-11-16;42,00;45,00;37,00;Geprueft
2020-11-17;38,00;42,00;36,00;Geprueft
2020-11-18;35,00;37,00;35,00;Geprueft
2020-11-19;35,00;40,00;33,00;Geprueft
2020-11-20;38,00;43,00;36,00;Geprueft
2020-11-21;43,00;47,00;40,00;Geprueft
2020-11-22;41,00;45,00;35,00;Geprueft
2020-11-23;34,00;38,00;32,00;Geprueft
2020-11-24;32,00;33,00;31,00;Geprueft
2020-11-25;35,00;40,00;30,00;Geprueft
2020-11-26;28,00;30,00;26,00;Geprueft
2020-11-27;29,00;34,00;24,00;Geprueft
2020-11-28;27,00;32,00;24,00;Geprueft
2020-11-29;28,00;30,00;25,00;Geprueft
2020-11-30;28,00;29,00;26,00;Geprueft
2020-12-01;31,00;35,00;28,00;Geprueft
2020-12-02;34,00;41,00;27,00;Geprueft
2020-12-03;30,00;32,00;26,00;Geprueft
2020-12-04;29,00;32,00;26,00;Geprueft
2020-12-05;26,00;28,00;24,00;Geprueft
2020-12-06;33,00;38,00;27,00;Geprueft
2020-12-07;40,00;44,00;37,00;Geprueft
2020-12-08;46,00;52,00;43,00;Geprueft
2020-12-09;42,00;48,00;40,00;Geprueft
2020-12-10;42,00;52,00;38,00;Geprueft
2020-12-11;40,00;42,00;40,00;Geprueft
2020-12-12;41,00;42,00;40,00;Geprueft
2020-12-13;61,00;90,00;40,00;Geprueft
2020-12-14;86,00;90,00;76,00;Geprueft
2020-12-15;64,00;76,00;59,00;Geprueft
2020-12-16;55,00;63,00;52,00;Geprueft
2020-12-17;53,00;55,00;51,00;Geprueft
2020-12-18;53,00;56,00;48,00;Geprueft
2020-12-19;46,00;48,00;38,00;Geprueft
2020-12-20;43,00;45,00;39,00;Geprueft
2020-12-21;43,00;45,00;36,00;Geprueft
2020-12-22;47,00;60,00;30,00;Geprueft
2020-12-23;58,00;62,00;51,00;Geprueft
2020-12-24;93,00;138,00;62,00;Geprueft
2020-12-25;149,00;156,00;138,00;Geprueft
2020-12-26;120,00;148,00;108,00;Geprueft
2020-12-27;96,00;108,00;88,00;Geprueft
2020-12-28;83,00;88,00;81,00;Geprueft
2020-12-29;75,00;81,00;70,00;Geprueft
2020-12-30;68,00;70,00;61,00;Geprueft
2020-12-31;62,00;64,00;61,00;Geprueft
2021-01-01;60,00;61,00;55,00;Geprueft
2021-01-02;51,00;55,00;50,00;Geprueft
2021-01-03;52,00;55,00;50,00;Geprueft
2021-01-04;49,00;51,00;45,00;Geprueft
2021-01-05;46,00;48,00;42,00;Geprueft
2021-01-06;46,00;50,00;42,00;Geprueft
2021-01-07;46,00;50,00;42,00;Geprueft
2021-01-08;45,00;47,00;42,00;Geprueft
2021-01-09;40,00;42,00;37,00;Geprueft
2021-01-10;41,00;44,00;36,00;Geprueft
2021-01-11;34,00;40,00;26,00;Geprueft
2021-01-12;41,00;44,00;38,00;Geprueft
2021-01-13;38,00;39,00;37,00;Geprueft
2021-01-14;42,00;51,00;34,00;Geprueft
2021-01-15;51,00;59,00;48,00;Geprueft
2021-01-16;42,00;52,00;38,00;Geprueft
2021-01-17;43,00;44,00;40,00;Geprueft
2021-01-18;44,00;45,00;43,00;Geprueft
2021-01-19;41,00;44,00;37,00;Geprueft
2021-01-20;41,00;42,00;40,00;Geprueft
2021-01-21;44,00;45,00;42,00;Geprueft
2021-01-22;51,00;64,00;43,00;Geprueft
2021-01-23;102,00;123,00;64,00;Geprueft
2021-01-24;118,00;123,00;112,00;Geprueft
2021-01-25;102,00;112,00;95,00;Geprueft
2021-01-26;89,00;97,00;80,00;Geprueft
2021-01-27;79,00;84,00;72,00;Geprueft
2021-01-28;93,00;153,00;74,00;Geprueft
2021-01-29;317,00;428,00;153,00;Geprueft
2021-01-30;440,00;454,00;415,00;Geprueft
2021-01-31;407,00;415,00;401,00;Geprueft
2021-02-01;393,00;414,00;359,00;Geprueft
2021-02-02;348,00;359,00;344,00;Geprueft
2021-02-03;355,00;386,00;338,00;Geprueft
2021-02-04;419,00;434,00;386,00;Geprueft
2021-02-05;374,00;405,00;359,00;Geprueft
2021-02-06;343,00;361,00;326,00;Geprueft
2021-02-07;302,00;326,00;288,00;Geprueft
2021-02-08;350,00;378,00;292,00;Geprueft
2021-02-09;306,00;341,00;274,00;Geprueft
2021-02-10;251,00;274,00;230,00;Geprueft
2021-02-11;210,00;230,00;195,00;Geprueft
2021-02-12;183,00;196,00;166,00;Geprueft
2021-02-13;158,00;166,00;150,00;Geprueft
2021-02-14;144,00;150,00;140,00;Geprueft
2021-02-15;137,00;140,00;129,00;Geprueft
2021-02-16;129,00;141,00;126,00;Geprueft
2021-02-17;162,00;172,00;141,00;Geprueft
2021-02-18;174,00;184,00;166,00;Geprueft
2021-02-19;159,00;167,00;152,00;Geprueft
2021-02-20;150,00;155,00;144,00;Geprueft
2021-02-21;141,00;145,00;129,00;Geprueft
2021-02-22;132,00;136,00;130,00;Geprueft
2021-02-23;127,00;130,00;123,00;Geprueft
2021-02-24;118,00;123,00;113,00;Geprueft
2021-02-25;119,00;125,00;115,00;Geprueft
2021-02-26;113,00;121,00;108,00;Geprueft
2021-02-27;110,00;112,00;109,00;Geprueft
2021-02-28;106,00;109,00;104,00;Geprueft
2021-03-01;96,00;106,00;87,00;Geprueft
2021-03-02;96,00;99,00;92,00;Geprueft
2021-03-03;91,00;98,00;88,00;Geprueft
2021-03-04;88,00;91,00;87,00;Geprueft
2021-03-05;88,00;96,00;87,00;Geprueft
2021-03-06;99,00;103,00;82,00;Geprueft
2021-03-07;85,00;88,00;81,00;Geprueft
2021-03-08;81,00;82,00;79,00;Geprueft
2021-03-09;79,00;80,00;78,00;Geprueft
2021-03-10;75,00;78,00;74,00;Geprueft
2021-03-11;74,00;84,00;65,00;Geprueft
2021-03-12;101,00;121,00;84,00;Geprueft
2021-03-13;107,00;124,00;88,00;Geprueft
2021-03-14;103,00;108,00;96,00;Geprueft
2021-03-15;118,00;129,00;103,00;Geprueft
2021-03-16;122,00;124,00;116,00;Geprueft
2021-03-17;121,00;124,00;118,00;Geprueft
2021-03-18;118,00;124,00;114,00;Geprueft
2021-03-19;112,00;116,00;110,00;Geprueft
2021-03-20;103,00;114,00;97,00;Geprueft
2021-03-21;101,00;107,00;95,00;Geprueft
2021-03-22;94,00;98,00;90,00;Geprueft
2021-03-23;89,00;90,00;87,00;Geprueft
2021-03-24;84,00;90,00;80,00;Geprueft
2021-03-25;87,00;91,00;83,00;Geprueft
2021-03-26;91,00;96,00;83,00;Geprueft
2021-03-27;100,00;109,00;95,00;Geprueft
2021-03-28;108,00;112,00;94,00;Geprueft
2021-03-29;93,00;99,00;88,00;Geprueft
2021-03-30;95,00;99,00;91,00;Geprueft
2021-03-31;96,00;104,00;91,00;Geprueft
2021-04-01;100,00;104,00;97,00;Geprueft
2021-04-02;102,00;112,00;98,00;Geprueft
2021-04-03;104,00;106,00;99,00;Geprueft
2021-04-04;87,00;99,00;77,00;Geprueft
2021-04-05;79,00;88,00;66,00;Geprueft
2021-04-06;78,00;84,00;66,00;Geprueft
2021-04-07;79,00;81,00;74,00;Geprueft
2021-04-08;72,00;74,00;69,00;Geprueft
2021-04-09;70,00;72,00;68,00;Geprueft
2021-04-10;72,00;75,00;68,00;Geprueft
2021-04-11;73,00;76,00;69,00;Geprueft
2021-04-12;78,00;88,00;72,00;Geprueft
2021-04-13;90,00;94,00;82,00;Geprueft
2021-04-14;78,00;85,00;73,00;Geprueft
2021-04-15;73,00;82,00;68,00;Geprueft
2021-04-16;66,00;68,00;64,00;Geprueft
2021-04-17;63,00;66,00;56,00;Geprueft
2021-04-18;60,00;63,00;56,00;Geprueft
2021-04-19;58,00;62,00;56,00;Geprueft
2021-04-20;58,00;60,00;56,00;Geprueft
2021-04-21;54,00;57,00;53,00;Geprueft
2021-04-22;57,00;61,00;53,00;Geprueft
2021-04-23;59,00;63,00;54,00;Geprueft
2021-04-24;57,00;63,00;50,00;Geprueft
2021-04-25;58,00;67,00;50,00;Geprueft
2021-04-26;62,00;63,00;59,00;Geprueft
2021-04-27;67,00;70,00;61,00;Geprueft
2021-04-28;63,00;70,00;55,00;Geprueft
2021-04-29;68,00;73,00;54,00;Geprueft
2021-04-30;72,00;74,00;70,00;Geprueft
2021-05-01;78,00;98,00;72,00;Geprueft
2021-05-02;130,00;149,00;98,00;Geprueft
2021-05-03;118,00;144,00;93,00;Geprueft
2021-05-04;93,00;99,00;86,00;Geprueft
2021-05-05;90,00;108,00;75,00;Geprueft
2021-05-06;110,00;120,00;101,00;Geprueft
2021-05-07;149,00;194,00;111,00;Geprueft
2021-05-08;172,00;193,00;146,00;Geprueft
2021-05-09;141,00;153,00;129,00;Geprueft
2021-05-10;135,00;141,00;129,00;Geprueft
2021-05-11;136,00;138,00;135,00;Geprueft
2021-05-12;172,00;217,00;138,00;Geprueft
2021-05-13;197,00;221,00;171,00;Geprueft
2021-05-14;158,00;174,00;146,00;Geprueft
2021-05-15;134,00;149,00;122,00;Geprueft
2021-05-16;125,00;130,00;119,00;Geprueft
2021-05-17;139,00;154,00;130,00;Geprueft
2021-05-18;158,00;174,00;154,00;Geprueft
2021-05-19;180,00;188,00;170,00;Geprueft
2021-05-20;194,00;210,00;169,00;Geprueft
2021-05-21;168,00;180,00;161,00;Geprueft
2021-05-22;187,00;208,00;163,00;Geprueft
2021-05-23;190,00;198,00;186,00;Geprueft
2021-05-24;170,00;186,00;161,00;Geprueft
2021-05-25;156,00;163,00;144,00;Geprueft
2021-05-26;143,00;147,00;138,00;Geprueft
2021-05-27;149,00;175,00;138,00;Geprueft
2021-05-28;165,00;173,00;150,00;Geprueft
2021-05-29;130,00;150,00;119,00;Geprueft
2021-05-30;124,00;129,00;115,00;Geprueft
2021-05-31;112,00;115,00;102,00;Geprueft
2021-06-01;103,00;106,00;99,00;Geprueft
2021-06-02;102,00;106,00;98,00;Geprueft
2021-06-03;99,00;102,00;98,00;Geprueft
2021-06-04;104,00;106,00;102,00;Geprueft
2021-06-05;116,00;125,00;106,00;Geprueft
2021-06-06;144,00;189,00;124,00;Geprueft
2021-06-07;249,00;281,00;189,00;Geprueft
2021-06-08;264,00;280,00;239,00;Geprueft
2021-06-09;222,00;273,00;197,00;Geprueft
2021-06-10;186,00;197,00;170,00;Geprueft
2021-06-11;158,00;170,00;148,00;Geprueft
2021-06-12;147,00;154,00;138,00;Geprueft
2021-06-13;120,00;138,00;108,00;Geprueft
2021-06-14;117,00;128,00;105,00;Geprueft
2021-06-15;100,00;105,00;88,00;Geprueft
2021-06-16;95,00;100,00;88,00;Geprueft
2021-06-17;87,00;94,00;79,00;Geprueft
2021-06-18;89,00;96,00;82,00;Geprueft
2021-06-19;81,00;83,00;78,00;Geprueft
2021-06-20;87,00;104,00;75,00;Geprueft
2021-06-21;90,00;107,00;77,00;Geprueft
2021-06-22;139,00;151,00;97,00;Geprueft
2021-06-23;136,00;154,00;129,00;Geprueft
2021-06-24;247,00;273,00;154,00;Geprueft
2021-06-25;210,00;260,00;183,00;Geprueft
2021-06-26;164,00;186,00;147,00;Geprueft
2021-06-27;128,00;147,00;119,00;Geprueft
2021-06-28;111,00;121,00;106,00;Geprueft
2021-06-29;130,00;163,00;106,00;Geprueft
2021-06-30;198,00;220,00;163,00;Geprueft
2021-07-01;232,00;242,00;220,00;Geprueft
2021-07-02;216,00;237,00;183,00;Geprueft
2021-07-03;165,00;183,00;148,00;Geprueft
2021-07-04;139,00;148,00;132,00;Geprueft
2021-07-05;152,00;166,00;142,00;Geprueft
2021-07-06;132,00;143,00;117,00;Geprueft
2021-07-07;123,00;133,00;113,00;Geprueft
2021-07-08;143,00;184,00;125,00;Geprueft
2021-07-09;316,00;437,00;184,00;Geprueft
2021-07-10;425,00;447,00;374,00;Geprueft
2021-07-11;364,00;374,00;344,00;Geprueft
2021-07-12;302,00;344,00;262,00;Geprueft
2021-07-13;248,00;262,00;237,00;Geprueft
2021-07-14;235,00;249,00;222,00;Geprueft
2021-07-15;217,00;229,00;211,00;Geprueft
2021-07-16;312,00;385,00;229,00;Geprueft
2021-07-17;299,00;370,00;268,00;Geprueft
2021-07-18;304,00;357,00;267,00;Geprueft
2021-07-19;310,00;360,00;252,00;Geprueft
2021-07-20;226,00;255,00;198,00;Geprueft
2021-07-21;178,00;198,00;161,00;Geprueft
2021-07-22;156,00;168,00;144,00;Geprueft
2021-07-23;144,00;147,00;138,00;Geprueft
2021-07-24;128,00;138,00;124,00;Geprueft
2021-07-25;152,00;166,00;134,00;Geprueft
2021-07-26;158,00;168,00;147,00;Geprueft
2021-07-27;216,00;271,00;148,00;Geprueft
2021-07-28;170,00;199,00;153,00;Geprueft
2021-07-29;166,00;177,00;140,00;Geprueft
2021-07-30;132,00;143,00;116,00;Geprueft
2021-07-31;127,00;133,00;121,00;Geprueft
2021-08-01;183,00;230,00;126,00;Geprueft
2021-08-02;225,00;248,00;198,00;Geprueft
2021-08-03;177,00;198,00;166,00;Geprueft
2021-08-04;158,00;167,00;151,00;Geprueft
2021-08-05;158,00;179,00;146,00;Geprueft
2021-08-06;186,00;196,00;170,00;Geprueft
2021-08-07;153,00;170,00;145,00;Geprueft
2021-08-08;167,00;191,00;147,00;Geprueft
2021-08-09;160,00;181,00;147,00;Geprueft
2021-08-10;137,00;147,00;115,00;Geprueft
2021-08-11;114,00;117,00;109,00;Geprueft
2021-08-12;103,00;109,00;101,00;Geprueft
2021-08-13;95,00;101,00;89,00;Geprueft
2021-08-14;88,00;92,00;84,00;Geprueft
2021-08-15;88,00;95,00;83,00;Geprueft
2021-08-16;95,00;123,00;82,00;Geprueft
2021-08-17;160,00;173,00;120,00;Geprueft
2021-08-18;137,00;158,00;116,00;Geprueft
2021-08-19;111,00;120,00;102,00;Geprueft
2021-08-20;94,00;102,00;87,00;Geprueft
2021-08-21;86,00;87,00;83,00;Geprueft
2021-08-22;83,00;102,00;79,00;Geprueft
2021-08-23;126,00;153,00;102,00;Geprueft
2021-08-24;121,00;155,00;98,00;Geprueft
2021-08-25;99,00;105,00;88,00;Geprueft
2021-08-26;87,00;88,00;85,00;Geprueft
2021-08-27;86,00;89,00;83,00;Geprueft
2021-08-28;89,00;94,00;86,00;Geprueft
2021-08-29;121,00;140,00;94,00;Geprueft
2021-08-30;186,00;287,00;130,00;Geprueft
2021-08-31;348,00;369,00;287,00;Geprueft
2021-09-01;251,00;335,00;187,00;Geprueft
2021-09-02;174,00;189,00;157,00;Geprueft
2021-09-03;139,00;157,00;128,00;Geprueft
2021-09-04;115,00;128,00;106,00;Geprueft
2021-09-05;100,00;106,00;96,00;Geprueft
2021-09-06;90,00;96,00;87,00;Geprueft
2021-09-07;86,00;90,00;81,00;Geprueft
2021-09-08;80,00;84,00;77,00;Geprueft
2021-09-09;73,00;79,00;68,00;Geprueft
2021-09-10;70,00;75,00;66,00;Geprueft
2021-09-11;72,00;76,00;67,00;Geprueft
2021-09-12;71,00;73,00;66,00;Geprueft
2021-09-13;67,00;69,00;64,00;Geprueft
2021-09-14;64,00;67,00;62,00;Geprueft
2021-09-15;62,00;64,00;59,00;Geprueft
2021-09-16;77,00;97,00;63,00;Geprueft
2021-09-17;91,00;96,00;86,00;Geprueft
2021-09-18;77,00;86,00;70,00;Geprueft
2021-09-19;68,00;70,00;61,00;Geprueft
2021-09-20;67,00;76,00;59,00;Geprueft
2021-09-21;76,00;77,00;70,00;Geprueft
2021-09-22;69,00;71,00;61,00;Geprueft
2021-09-23;59,00;61,00;57,00;Geprueft
2021-09-24;56,00;57,00;51,00;Geprueft
2021-09-25;48,00;51,00;46,00;Geprueft
2021-09-26;50,00;51,00;49,00;Geprueft
2021-09-27;60,00;69,00;51,00;Geprueft
2021-09-28;55,00;68,00;50,00;Geprueft
2021-09-29;52,00;62,00;44,00;Geprueft
2021-09-30;54,00;57,00;54,00;Geprueft
2021-10-01;61,00;65,00;55,00;Geprueft
2021-10-02;49,00;55,00;44,00;Geprueft
2021-10-03;50,00;53,00;45,00;Geprueft
2021-10-04;48,00;51,00;44,00;Geprueft
2021-10-05;45,00;52,00;41,00;Geprueft
2021-10-06;48,00;52,00;46,00;Geprueft
2021-10-07;54,00;57,00;46,00;Geprueft
2021-10-08;58,00;61,00;49,00;Geprueft
2021-10-09;52,00;66,00;46,00;Geprueft
2021-10-10;44,00;51,00;32,00;Geprueft
2021-10-11;46,00;50,00;39,00;Geprueft
2021-10-12;42,00;49,00;35,00;Geprueft
2021-10-13;52,00;56,00;43,00;Geprueft
2021-10-14;54,00;61,00;44,00;Geprueft
2021-10-15;50,00;55,00;47,00;Geprueft
2021-10-16;44,00;49,00;43,00;Geprueft
2021-10-17;45,00;46,00;39,00;Geprueft
2021-10-18;40,00;48,00;31,00;Geprueft
2021-10-19;41,00;48,00;36,00;Geprueft
2021-10-20;42,00;44,00;40,00;Geprueft
2021-10-21;44,00;61,00;29,00;Geprueft
2021-10-22;49,00;60,00;43,00;Geprueft
2021-10-23;51,00;60,00;44,00;Geprueft
2021-10-24;41,00;50,00;33,00;Geprueft
2021-10-25;40,00;44,00;32,00;Geprueft
2021-10-26;39,00;40,00;37,00;Geprueft
2021-10-27;37,00;40,00;35,00;Geprueft
2021-10-28;36,00;38,00;32,00;Geprueft
2021-10-29;36,00;43,00;32,00;Geprueft
2021-10-30;35,00;36,00;34,00;Geprueft
2021-10-31;33,00;36,00;24,00;Geprueft
2021-11-01;36,00;46,00;33,00;Geprueft
2021-11-02;56,00;63,00;46,00;Geprueft
2021-11-03;52,00;63,00;47,00;Geprueft
2021-11-04;64,00;86,00;49,00;Geprueft
2021-11-05;82,00;90,00;69,00;Geprueft
2021-11-06;60,00;69,00;48,00;Geprueft
2021-11-07;53,00;55,00;50,00;Geprueft
2021-11-08;47,00;55,00;44,00;Geprueft
2021-11-09;43,00;49,00;39,00;Geprueft
2021-11-10;41,00;45,00;39,00;Geprueft
2021-11-11;41,00;45,00;36,00;Geprueft
2021-11-12;44,00;46,00;41,00;Geprueft
2021-11-13;41,00;48,00;37,00;Geprueft
2021-11-14;50,00;60,00;43,00;Geprueft
2021-11-15;50,00;57,00;43,00;Geprueft
2021-11-16;45,00;50,00;42,00;Geprueft
2021-11-17;42,00;49,00;39,00;Geprueft
2021-11-18;42,00;45,00;39,00;Geprueft
2021-11-19;37,00;39,00;32,00;Geprueft
2021-11-20;36,00;40,00;34,00;Geprueft
2021-11-21;37,00;40,00;35,00;Geprueft
2021-11-22;37,00;39,00;34,00;Geprueft
2021-11-23;33,00;37,00;26,00;Geprueft
2021-11-24;36,00;40,00;32,00;Geprueft
2021-11-25;34,00;40,00;30,00;Geprueft
2021-11-26;31,00;33,00;26,00;Geprueft
2021-11-27;32,00;33,00;32,00;Geprueft
2021-11-28;34,00;35,00;32,00;Geprueft
2021-11-29;33,00;35,00;30,00;Geprueft
2021-11-30;31,00;34,00;21,00;Geprueft
2021-12-01;46,00;83,00;34,00;Geprueft
2021-12-02;77,00;90,00;69,00;Geprueft
2021-12-03;79,00;93,00;59,00;Geprueft
2021-12-04;66,00;100,00;56,00;Geprueft
2021-12-05;147,00;170,00;100,00;Geprueft
2021-12-06;120,00;136,00;116,00;Geprueft
2021-12-07;101,00;116,00;94,00;Geprueft
2021-12-08;89,00;94,00;85,00;Geprueft
2021-12-09;87,00;89,00;83,00;Geprueft
2021-12-10;85,00;92,00;75,00;Geprueft
2021-12-11;79,00;81,00;75,00;Geprueft
2021-12-12;73,00;76,00;70,00;Geprueft
2021-12-13;82,00;86,00;71,00;Geprueft
2021-12-14;100,00;111,00;86,00;Geprueft
2021-12-15;101,00;104,00;98,00;Geprueft
2021-12-16;103,00;115,00;100,00;Geprueft
2021-12-17;93,00;103,00;89,00;Geprueft
2021-12-18;86,00;90,00;81,00;Geprueft
2021-12-19;78,00;82,00;74,00;Geprueft
2021-12-20;69,00;75,00;63,00;Geprueft
2021-12-21;68,00;74,00;64,00;Geprueft
2021-12-22;59,00;64,00;55,00;Geprueft
2021-12-23;57,00;63,00;52,00;Geprueft
2021-12-24;58,00;68,00;52,00;Geprueft
2021-12-25;97,00;124,00;68,00;Geprueft
2021-12-26;148,00;161,00;124,00;Geprueft
2021-12-27;144,00;146,00;141,00;Geprueft
2021-12-28;131,00;141,00;127,00;Geprueft
2021-12-29;189,00;221,00;140,00;Geprueft
2021-12-30;268,00;329,00;208,00;Geprueft
2021-12-31;275,00;329,00;225,00;Geprueft
2022-01-01;211,00;225,00;195,00;Geprueft
2022-01-02;171,00;196,00;154,00;Geprueft
2022-01-03;137,00;155,00;126,00;Geprueft
2022-01-04;133,00;139,00;126,00;Geprueft
2022-01-05;172,00;206,00;139,00;Geprueft
2022-01-06;195,00;208,00;174,00;Geprueft
2022-01-07;173,00;180,00;168,00;Geprueft
2022-01-08;151,00;169,00;134,00;Geprueft
2022-01-09;130,00;134,00;126,00;Geprueft
2022-01-10;134,00;139,00;123,00;Geprueft
2022-01-11;121,00;123,00;118,00;Geprueft
2022-01-12;111,00;118,00;106,00;Geprueft
2022-01-13;101,00;106,00;91,00;Geprueft
2022-01-14;91,00;94,00;89,00;Geprueft
2022-01-15;87,00;90,00;85,00;Geprueft
2022-01-16;83,00;88,00;78,00;Geprueft
2022-01-17;78,00;82,00;73,00;Geprueft
2022-01-18;78,00;80,00;73,00;Geprueft
2022-01-19;75,00;79,00;71,00;Geprueft
2022-01-20;72,00;73,00;62,00;Geprueft
2022-01-21;74,00;76,00;69,00;Geprueft
2022-01-22;69,00;76,00;64,00;Geprueft
2022-01-23;67,00;68,00;66,00;Geprueft
2022-01-24;68,00;69,00;66,00;Geprueft
2022-01-25;67,00;69,00;61,00;Geprueft
2022-01-26;61,00;63,00;59,00;Geprueft
2022-01-27;60,00;61,00;59,00;Geprueft
2022-01-28;57,00;60,00;53,00;Geprueft
2022-01-29;58,00;62,00;51,00;Geprueft
2022-01-30;58,00;60,00;56,00;Geprueft
2022-01-31;73,00;85,00;56,00;Geprueft
2022-02-01;77,00;81,00;74,00;Geprueft
2022-02-02;91,00;103,00;81,00;Geprueft
2022-02-03;131,00;144,00;103,00;Geprueft
2022-02-04;140,00;144,00;133,00;Geprueft
2022-02-05;125,00;135,00;115,00;Geprueft
2022-02-06;118,00;120,00;113,00;Geprueft
2022-02-07;163,00;205,00;113,00;Geprueft
2022-02-08;203,00;222,00;173,00;Geprueft
2022-02-09;186,00;197,00;175,00;Geprueft
2022-02-10;162,00;177,00;143,00;Geprueft
2022-02-11;138,00;155,00;129,00;Geprueft
2022-02-12;149,00;159,00;133,00;Geprueft
2022-02-13;128,00;135,00;118,00;Geprueft
2022-02-14;116,00;122,00;111,00;Geprueft
2022-02-15;111,00;116,00;107,00;Geprueft
2022-02-16;106,00;113,00;104,00;Geprueft
2022-02-17;118,00;137,00;109,00;Geprueft
2022-02-18;181,00;192,00;136,00;Geprueft
2022-02-19;173,00;193,00;164,00;Geprueft
2022-02-20;168,00;192,00;142,00;Geprueft
2022-02-21;138,00;143,00;133,00;Geprueft
2022-02-22;135,00;139,00;133,00;Geprueft
2022-02-23;134,00;138,00;126,00;Geprueft
2022-02-24;126,00;131,00;122,00;Geprueft
2022-02-25;118,00;126,00;105,00;Geprueft
2022-02-26;106,00;108,00;103,00;Geprueft
2022-02-27;100,00;106,00;90,00;Geprueft
2022-02-28;91,00;95,00;86,00;Geprueft
2022-03-01;85,00;91,00;81,00;Geprueft
2022-03-02;78,00;81,00;75,00;Geprueft
2022-03-03;76,00;78,00;66,00;Geprueft
2022-03-04;77,00;78,00;74,00;Geprueft
2022-03-05;71,00;77,00;65,00;Geprueft
2022-03-06;66,00;72,00;63,00;Geprueft
2022-03-07;62,00;72,00;50,00;Geprueft
2022-03-08;62,00;70,00;50,00;Geprueft
2022-03-09;58,00;64,00;48,00;Geprueft
2022-03-10;58,00;65,00;46,00;Geprueft
2022-03-11;54,00;64,00;42,00;Geprueft
2022-03-12;53,00;58,00;46,00;Geprueft
2022-03-13;52,00;57,00;47,00;Geprueft
2022-03-14;54,00;62,00;50,00;Geprueft
2022-03-15;53,00;59,00;50,00;Geprueft
2022-03-16;58,00;65,00;54,00;Geprueft
2022-03-17;64,00;80,00;52,00;Geprueft
2022-03-18;70,00;80,00;64,00;Geprueft
2022-03-19;60,00;71,00;47,00;Geprueft
2022-03-20;56,00;66,00;51,00;Geprueft
2022-03-21;62,00;67,00;52,00;Geprueft
2022-03-22;57,00;65,00;47,00;Geprueft
2022-03-23;54,00;59,00;50,00;Geprueft
2022-03-24;53,00;59,00;49,00;Geprueft
2022-03-25;55,00;62,00;50,00;Geprueft
2022-03-26;56,00;62,00;46,00;Geprueft
2022-03-27;56,00;58,00;45,00;Geprueft
2022-03-28;55,00;64,00;45,00;Geprueft
2022-03-29;58,00;64,00;52,00;Geprueft
2022-03-30;57,00;60,00;55,00;Geprueft
2022-03-31;62,00;63,00;60,00;Geprueft
2022-04-01;107,00;119,00;63,00;Geprueft
2022-04-02;119,00;129,00;106,00;Geprueft
2022-04-03;94,00;106,00;86,00;Geprueft
2022-04-04;89,00;98,00;75,00;Geprueft
2022-04-05;93,00;99,00;89,00;Geprueft
2022-04-06;99,00;108,00;86,00;Geprueft
2022-04-07;104,00;109,00;98,00;Geprueft
2022-04-08;147,00;218,00;104,00;Geprueft
2022-04-09;221,00;233,00;194,00;Geprueft
2022-04-10;219,00;236,00;190,00;Geprueft
2022-04-11;180,00;190,00;172,00;Geprueft
2022-04-12;159,00;174,00;135,00;Geprueft
2022-04-13;125,00;135,00;117,00;Geprueft
2022-04-14;120,00;128,00;111,00;Geprueft
2022-04-15;123,00;128,00;111,00;Geprueft
2022-04-16;111,00;118,00;91,00;Geprueft
2022-04-17;97,00;108,00;84,00;Geprueft
2022-04-18;88,00;95,00;71,00;Geprueft
2022-04-19;84,00;91,00;82,00;Geprueft
2022-04-20;80,00;86,00;72,00;Geprueft
2022-04-21;76,00;81,00;70,00;Geprueft
2022-04-22;75,00;78,00;71,00;Geprueft
2022-04-23;73,00;77,00;70,00;Geprueft
2022-04-24;75,00;82,00;69,00;Geprueft
2022-04-25;80,00;91,00;76,00;Geprueft
2022-04-26;99,00;106,00;91,00;Geprueft
2022-04-27;98,00;107,00;87,00;Geprueft
2022-04-28;80,00;93,00;72,00;Geprueft
2022-04-29;71,00;78,00;66,00;Geprueft
2022-04-30;70,00;76,00;66,00;Geprueft
2022-05-01;78,00;82,00;74,00;Geprueft
2022-05-02;66,00;82,00;61,00;Geprueft
2022-05-03;66,00;68,00;60,00;Geprueft
2022-05-04;78,00;87,00;68,00;Geprueft
2022-05-05;73,00;77,00;72,00;Geprueft
2022-05-06;124,00;169,00;72,00;Geprueft
2022-05-07;124,00;155,00;107,00;Geprueft
2022-05-08;110,00;114,00;102,00;Geprueft
2022-05-09;87,00;107,00;82,00;Geprueft
2022-05-10;83,00;89,00;76,00;Geprueft
2022-05-11;79,00;82,00;71,00;Geprueft
2022-05-12;77,00;81,00;70,00;Geprueft
2022-05-13;88,00;101,00;80,00;Geprueft
2022-05-14;92,00;101,00;82,00;Geprueft
2022-05-15;73,00;82,00;64,00;Geprueft
2022-05-16;73,00;83,00;62,00;Geprueft
2022-05-17;94,00;103,00;82,00;Geprueft
2022-05-18;83,00;97,00;75,00;Geprueft
2022-05-19;67,00;75,00;62,00;Geprueft
2022-05-20;61,00;64,00;53,00;Geprueft
2022-05-21;65,00;79,00;54,00;Geprueft
2022-05-22;75,00;82,00;59,00;Geprueft
2022-05-23;62,00;78,00;58,00;Geprueft
2022-05-24;105,00;134,00;78,00;Geprueft
2022-05-25;106,00;135,00;85,00;Geprueft
2022-05-26;91,00;99,00;76,00;Geprueft
2022-05-27;68,00;76,00;62,00;Geprueft
2022-05-28;59,00;65,00;52,00;Geprueft
2022-05-29;55,00;65,00;52,00;Geprueft
2022-05-30;54,00;60,00;51,00;Geprueft
2022-05-31;48,00;52,00;44,00;Geprueft
2022-06-01;48,00;50,00;46,00;Geprueft
2022-06-02;45,00;53,00;42,00;Geprueft
2022-06-03;50,00;55,00;47,00;Geprueft
2022-06-04;71,00;89,00;55,00;Geprueft
2022-06-05;60,00;72,00;50,00;Geprueft
2022-06-06;77,00;93,00;63,00;Geprueft
2022-06-07;80,00;121,00;55,00;Geprueft
2022-06-08;132,00;151,00;87,00;Geprueft
2022-06-09;98,00;169,00;73,00;Geprueft
2022-06-10;158,00;216,00;109,00;Geprueft
2022-06-11;89,00;109,00;71,00;Geprueft
2022-06-12;70,00;78,00;54,00;Geprueft
2022-06-13;69,00;75,00;62,00;Geprueft
2022-06-14;66,00;73,00;58,00;Geprueft
2022-06-15;52,00;67,00;46,00;Geprueft
2022-06-16;45,00;48,00;38,00;Geprueft
2022-06-17;44,00;49,00;36,00;Geprueft
2022-06-18;41,00;49,00;32,00;Geprueft
2022-06-19;36,00;40,00;33,00;Geprueft
2022-06-20;33,00;43,00;22,00;Geprueft
2022-06-21;36,00;56,00;27,00;Geprueft
2022-06-22;36,00;45,00;29,00;Geprueft
2022-06-23;39,00;45,00;27,00;Geprueft
2022-06-24;37,00;53,00;30,00;Geprueft
2022-06-25;87,00;104,00;53,00;Geprueft
2022-06-26;58,00;72,00;48,00;Geprueft
2022-06-27;49,00;55,00;41,00;Geprueft
2022-06-28;38,00;52,00;29,00;Geprueft
2022-06-29;48,00;52,00;38,00;Geprueft
2022-06-30;34,00;38,00;29,00;Geprueft
2022-07-01;90,00;115,00;33,00;Geprueft
2022-07-02;84,00;107,00;72,00;Geprueft
2022-07-03;60,00;72,00;46,00;Geprueft
2022-07-04;46,00;52,00;41,00;Geprueft
2022-07-05;62,00;86,00;41,00;Geprueft
2022-07-06;74,00;85,00;59,00;Geprueft
2022-07-07;45,00;62,00;41,00;Geprueft
2022-07-08;36,00;41,00;28,00;Geprueft
2022-07-09;35,00;38,00;33,00;Geprueft
2022-07-10;31,00;33,00;29,00;Geprueft
2022-07-11;26,00;35,00;21,00;Geprueft
2022-07-12;25,00;28,00;22,00;Geprueft
2022-07-13;25,00;30,00;19,00;Geprueft
2022-07-14;21,00;26,00;19,00;Geprueft
2022-07-15;16,00;24,00;1,00;Geprueft
2022-07-16;16,00;23,00;11,00;Geprueft
2022-07-17;16,00;21,00;12,00;Geprueft
2022-07-18;15,00;18,00;10,00;Geprueft
2022-07-19;10,00;20,00;7,00;Geprueft
2022-07-20;6,00;20,00;3,00;Geprueft
2022-07-21;18,00;26,00;12,00;Geprueft
2022-07-22;16,00;22,00;11,00;Geprueft
2022-07-23;18,00;25,00;11,00;Geprueft
2022-07-24;21,00;25,00;15,00;Geprueft
2022-07-25;16,00;21,00;14,00;Geprueft
2022-07-26;20,00;35,00;14,00;Geprueft
2022-07-27;32,00;40,00;19,00;Geprueft
2022-07-28;17,00;19,00;14,00;Geprueft
2022-07-29;34,00;57,00;19,00;Geprueft
2022-07-30;36,00;50,00;22,00;Geprueft
2022-07-31;24,00;26,00;22,00;Geprueft
2022-08-01;21,00;24,00;11,00;Geprueft
2022-08-02;35,00;43,00;23,00;Geprueft
2022-08-03;22,00;35,00;18,00;Geprueft
2022-08-04;15,00;22,00;2,00;Geprueft
2022-08-05;12,00;21,00;8,00;Geprueft
2022-08-06;39,00;51,00;8,00;Geprueft
2022-08-07;32,00;40,00;23,00;Geprueft
2022-08-08;15,00;25,00;11,00;Geprueft
2022-08-09;11,00;13,00;8,00;Geprueft
2022-08-10;11,00;15,00;8,00;Geprueft
2022-08-11;9,00;13,00;8,00;Geprueft
2022-08-12;7,00;13,00;2,00;Geprueft
2022-08-13;7,00;10,00;6,00;Geprueft
2022-08-14;6,00;7,00;6,00;Geprueft
2022-08-15;5,00;10,00;2,00;Geprueft
2022-08-16;7,00;13,00;3,00;Geprueft
2022-08-17;15,00;17,00;8,00;Geprueft
2022-08-18;24,00;34,00;7,00;Geprueft
2022-08-19;126,00;224,00;32,00;Geprueft
2022-08-20;287,00;330,00;224,00;Geprueft
2022-08-21;209,00;306,00;146,00;Geprueft
2022-08-22;111,00;149,00;78,00;Geprueft
2022-08-23;73,00;85,00;60,00;Geprueft
2022-08-24;55,00;60,00;47,00;Geprueft
2022-08-25;41,00;47,00;37,00;Geprueft
2022-08-26;36,00;37,00;32,00;Geprueft
2022-08-27;49,00;66,00;32,00;Geprueft
2022-08-28;60,00;66,00;49,00;Geprueft
2022-08-29;59,00;67,00;49,00;Geprueft
2022-08-30;42,00;50,00;34,00;Geprueft
2022-08-31;32,00;52,00;25,00;Geprueft
2022-09-01;55,00;63,00;43,00;Geprueft
2022-09-02;38,00;44,00;30,00;Geprueft
2022-09-03;29,00;32,00;27,00;Geprueft
2022-09-04;36,00;38,00;32,00;Geprueft
2022-09-05;26,00;34,00;16,00;Geprueft
2022-09-06;28,00;38,00;19,00;Geprueft
2022-09-07;25,00;31,00;21,00;Geprueft
2022-09-08;51,00;61,00;25,00;Geprueft
2022-09-09;42,00;48,00;38,00;Geprueft
2022-09-10;38,00;42,00;34,00;Geprueft
2022-09-11;53,00;58,00;42,00;Geprueft
2022-09-12;51,00;56,00;46,00;Geprueft
2022-09-13;41,00;48,00;31,00;Geprueft
2022-09-14;34,00;40,00;31,00;Geprueft
2022-09-15;46,00;62,00;38,00;Geprueft
2022-09-16;67,00;83,00;62,00;Geprueft
2022-09-17;95,00;117,00;83,00;Geprueft
2022-09-18;135,00;150,00;117,00;Geprueft
2022-09-19;115,00;150,00;100,00;Geprueft
2022-09-20;109,00;130,00;83,00;Geprueft
2022-09-21;72,00;83,00;66,00;Geprueft
2022-09-22;57,00;68,00;53,00;Geprueft
2022-09-23;48,00;58,00;43,00;Geprueft
2022-09-24;47,00;52,00;44,00;Geprueft
2022-09-25;46,00;49,00;44,00;Geprueft
2022-09-26;55,00;71,00;44,00;Geprueft
2022-09-27;72,00;78,00;65,00;Geprueft
2022-09-28;111,00;145,00;72,00;Geprueft
2022-09-29;173,00;198,00;145,00;Geprueft
2022-09-30;134,00;151,00;118,00;Geprueft
2022-10-01;102,00;118,00;98,00;Geprueft
2022-10-02;135,00;207,00;93,00;Geprueft
2022-10-03;256,00;286,00;207,00;Geprueft
2022-10-04;193,00;261,00;151,00;Geprueft
2022-10-05;132,00;151,00;106,00;Geprueft
2022-10-06;97,00;106,00;83,00;Geprueft
2022-10-07;78,00;83,00;73,00;Geprueft
2022-10-08;68,00;75,00;63,00;Geprueft
2022-10-09;62,00;67,00;58,00;Geprueft
2022-10-10;58,00;67,00;54,00;Geprueft
2022-10-11;55,00;59,00;50,00;Geprueft
2022-10-12;52,00;58,00;49,00;Geprueft
2022-10-13;45,00;49,00;41,00;Geprueft
2022-10-14;47,00;53,00;41,00;Geprueft
2022-10-15;81,00;114,00;53,00;Geprueft
2022-10-16;102,00;122,00;73,00;Geprueft
2022-10-17;71,00;76,00;59,00;Geprueft
2022-10-18;60,00;63,00;55,00;Geprueft
2022-10-19;53,00;58,00;46,00;Geprueft
2022-10-20;46,00;54,00;39,00;Geprueft
2022-10-21;45,00;51,00;43,00;Geprueft
2022-10-22;59,00;84,00;48,00;Geprueft
2022-10-23;82,00;93,00;63,00;Geprueft
2022-10-24;73,00;95,00;63,00;Geprueft
2022-10-25;134,00;171,00;95,00;Geprueft
2022-10-26;101,00;125,00;84,00;Geprueft
2022-10-27;81,00;93,00;74,00;Geprueft
2022-10-28;65,00;74,00;56,00;Geprueft
2022-10-29;56,00;59,00;54,00;Geprueft
2022-10-30;54,00;58,00;49,00;Geprueft
2022-10-31;45,00;49,00;40,00;Geprueft
2022-11-01;44,00;47,00;41,00;Geprueft
2022-11-02;41,00;44,00;39,00;Geprueft
2022-11-03;40,00;42,00;38,00;Geprueft
2022-11-04;39,00;43,00;37,00;Geprueft
2022-11-05;41,00;44,00;36,00;Geprueft
2022-11-06;41,00;45,00;40,00;Geprueft
2022-11-07;40,00;44,00;35,00;Geprueft
2022-11-08;36,00;40,00;34,00;Geprueft
2022-11-09;34,00;39,00;31,00;Geprueft
2022-11-10;41,00;46,00;36,00;Geprueft
2022-11-11;41,00;44,00;38,00;Geprueft
2022-11-12;35,00;44,00;29,00;Geprueft
2022-11-13;31,00;36,00;28,00;Geprueft
2022-11-14;31,00;34,00;28,00;Geprueft
2022-11-15;31,00;37,00;27,00;Geprueft
2022-11-16;34,00;39,00;29,00;Geprueft
2022-11-17;41,00;46,00;34,00;Geprueft
2022-11-18;48,00;90,00;33,00;Geprueft
2022-11-19;97,00;104,00;90,00;Geprueft
2022-11-20;79,00;91,00;74,00;Geprueft
2022-11-21;83,00;92,00;76,00;Geprueft
2022-11-22;94,00;106,00;83,00;Geprueft
2022-11-23;81,00;90,00;76,00;Geprueft
2022-11-24;80,00;84,00;77,00;Geprueft
2022-11-25;78,00;82,00;75,00;Geprueft
2022-11-26;76,00;79,00;73,00;Geprueft
2022-11-27;71,00;77,00;67,00;Geprueft
2022-11-28;63,00;67,00;60,00;Geprueft
2022-11-29;61,00;69,00;58,00;Geprueft
2022-11-30;76,00;82,00;69,00;Geprueft
2022-12-01;73,00;81,00;65,00;Geprueft
2022-12-02;62,00;65,00;59,00;Geprueft
2022-12-03;58,00;59,00;55,00;Geprueft
2022-12-04;54,00;58,00;52,00;Geprueft
2022-12-05;50,00;53,00;48,00;Geprueft
2022-12-06;49,00;51,00;47,00;Geprueft
2022-12-07;44,00;48,00;41,00;Geprueft
2022-12-08;44,00;49,00;38,00;Geprueft
2022-12-09;43,00;45,00;39,00;Geprueft
2022-12-10;39,00;44,00;35,00;Geprueft
2022-12-11;40,00;42,00;37,00;Geprueft
2022-12-12;40,00;41,00;37,00;Geprueft
2022-12-13;32,00;38,00;28,00;Geprueft
2022-12-14;30,00;34,00;27,00;Geprueft
2022-12-15;75,00;100,00;32,00;Geprueft
2022-12-16;78,00;96,00;66,00;Geprueft
2022-12-17;64,00;70,00;58,00;Geprueft
2022-12-18;50,00;63,00;46,00;Geprueft
2022-12-19;46,00;53,00;42,00;Geprueft
2022-12-20;47,00;48,00;43,00;Geprueft
2022-12-21;59,00;86,00;44,00;Geprueft
2022-12-22;106,00;114,00;86,00;Geprueft
2022-12-23;129,00;173,00;114,00;Geprueft
2022-12-24;260,00;306,00;173,00;Geprueft
2022-12-25;219,00;243,00;200,00;Geprueft
2022-12-26;188,00;202,00;177,00;Geprueft
2022-12-27;194,00;230,00;174,00;Geprueft
2022-12-28;192,00;223,00;163,00;Geprueft
2022-12-29;149,00;163,00;138,00;Geprueft
2022-12-30;139,00;148,00;131,00;Geprueft
2022-12-31;142,00;148,00;133,00;Geprueft
2023-01-01;132,00;137,00;128,00;Geprueft
2023-01-02;119,00;130,00;112,00;Geprueft
2023-01-03;106,00;112,00;101,00;Geprueft
2023-01-04;101,00;106,00;98,00;Geprueft
2023-01-05;95,00;103,00;87,00;Geprueft
2023-01-06;92,00;96,00;88,00;Geprueft
2023-01-07;90,00;96,00;83,00;Geprueft
2023-01-08;80,00;85,00;75,00;Geprueft
2023-01-09;90,00;97,00;80,00;Geprueft
2023-01-10;97,00;110,00;92,00;Geprueft
2023-01-11;97,00;102,00;91,00;Geprueft
2023-01-12;110,00;126,00;95,00;Geprueft
2023-01-13;108,00;123,00;102,00;Geprueft
2023-01-14;107,00;115,00;101,00;Geprueft
2023-01-15;109,00;115,00;102,00;Geprueft
2023-01-16;125,00;140,00;109,00;Geprueft
2023-01-17;119,00;124,00;115,00;Geprueft
2023-01-18;108,00;118,00;95,00;Geprueft
2023-01-19;98,00;106,00;91,00;Geprueft
2023-01-20;87,00;96,00;80,00;Geprueft
2023-01-21;80,00;87,00;75,00;Geprueft
2023-01-22;74,00;79,00;70,00;Geprueft
2023-01-23;72,00;77,00;63,00;Geprueft
2023-01-24;67,00;76,00;59,00;Geprueft
2023-01-25;67,00;73,00;61,00;Geprueft
2023-01-26;65,00;69,00;60,00;Geprueft
2023-01-27;62,00;67,00;56,00;Geprueft
2023-01-28;60,00;64,00;54,00;Geprueft
2023-01-29;57,00;63,00;47,00;Geprueft
2023-01-30;54,00;59,00;49,00;Geprueft
2023-01-31;51,00;54,00;48,00;Geprueft
2023-02-01;54,00;64,00;50,00;Geprueft
2023-02-02;53,00;61,00;49,00;Geprueft
2023-02-03;61,00;68,00;53,00;Geprueft
2023-02-04;78,00;100,00;63,00;Geprueft
2023-02-05;94,00;102,00;81,00;Geprueft
2023-02-06;80,00;88,00;71,00;Geprueft
2023-02-07;76,00;87,00;64,00;Geprueft
2023-02-08;66,00;81,00;57,00;Geprueft
2023-02-09;62,00;70,00;56,00;Geprueft
2023-02-10;55,00;60,00;49,00;Geprueft
2023-02-11;51,00;59,00;47,00;Geprueft
2023-02-12;51,00;55,00;47,00;Geprueft
2023-02-13;52,00;56,00;48,00;Geprueft
2023-02-14;51,00;55,00;48,00;Geprueft
2023-02-15;51,00;55,00;46,00;Geprueft
2023-02-16;51,00;55,00;46,00;Geprueft
2023-02-17;51,00;55,00;47,00;Geprueft
2023-02-18;54,00;61,00;47,00;Geprueft
2023-02-19;62,00;67,00;57,00;Geprueft
2023-02-20;61,00;65,00;54,00;Geprueft
2023-02-21;55,00;60,00;50,00;Geprueft
2023-02-22;52,00;56,00;43,00;Geprueft
2023-02-23;48,00;56,00;43,00;Geprueft
2023-02-24;51,00;56,00;45,00;Geprueft
2023-02-25;68,00;90,00;49,00;Geprueft
2023-02-26;76,00;87,00;66,00;Geprueft
2023-02-27;62,00;67,00;54,00;Geprueft
2023-02-28;56,00;62,00;49,00;Geprueft
2023-03-01;49,00;57,00;41,00;Geprueft
2023-03-02;47,00;53,00;43,00;Geprueft
2023-03-03;44,00;48,00;39,00;Geprueft
2023-03-04;48,00;54,00;43,00;Geprueft
2023-03-05;46,00;54,00;41,00;Geprueft
2023-03-06;47,00;51,00;42,00;Geprueft
2023-03-07;43,00;49,00;40,00;Geprueft
2023-03-08;41,00;49,00;36,00;Geprueft
2023-03-09;70,00;114,00;35,00;Geprueft
2023-03-10;118,00;142,00;88,00;Geprueft
2023-03-11;103,00;115,00;97,00;Geprueft
2023-03-12;97,00;109,00;84,00;Geprueft
2023-03-13;97,00;108,00;88,00;Geprueft
2023-03-14;136,00;192,00;96,00;Geprueft
2023-03-15;183,00;198,00;167,00;Geprueft
2023-03-16;162,00;176,00;144,00;Geprueft
2023-03-17;135,00;149,00;126,00;Geprueft
2023-03-18;115,00;143,00;96,00;Geprueft
2023-03-19;106,00;112,00;103,00;Geprueft
2023-03-20;99,00;106,00;91,00;Geprueft
2023-03-21;94,00;101,00;91,00;Geprueft
2023-03-22;87,00;93,00;79,00;Geprueft
2023-03-23;80,00;85,00;69,00;Geprueft
2023-03-24;82,00;90,00;78,00;Geprueft
2023-03-25;97,00;110,00;89,00;Geprueft
2023-03-26;105,00;114,00;97,00;Geprueft
2023-03-27;110,00;121,00;97,00;Geprueft
2023-03-28;112,00;124,00;103,00;Geprueft
2023-03-29;96,00;103,00;89,00;Geprueft
2023-03-30;104,00;128,00;92,00;Geprueft
2023-03-31;147,00;177,00;116,00;Geprueft
2023-04-01;155,00;162,00;148,00;Geprueft
2023-04-02;151,00;156,00;137,00;Geprueft
2023-04-03;142,00;150,00;135,00;Geprueft
2023-04-04;128,00;142,00;119,00;Geprueft
2023-04-05;111,00;120,00;102,00;Geprueft
2023-04-06;96,00;106,00;91,00;Geprueft
2023-04-07;90,00;98,00;85,00;Geprueft
2023-04-08;87,00;92,00;78,00;Geprueft
2023-04-09;90,00;95,00;85,00;Geprueft
2023-04-10;82,00;91,00;74,00;Geprueft
2023-04-11;79,00;91,00;73,00;Geprueft
2023-04-12;112,00;128,00;91,00;Geprueft
2023-04-13;146,00;198,00;106,00;Geprueft
2023-04-14;143,00;177,00;127,00;Geprueft
2023-04-15;126,00;138,00;114,00;Geprueft
2023-04-16;138,00;191,00;113,00;Geprueft
2023-04-17;235,00;259,00;191,00;Geprueft
2023-04-18;203,00;228,00;184,00;Geprueft
2023-04-19;174,00;191,00;165,00;Geprueft
2023-04-20;158,00;166,00;151,00;Geprueft
2023-04-21;167,00;171,00;162,00;Geprueft
2023-04-22;148,00;163,00;137,00;Geprueft
2023-04-23;140,00;148,00;132,00;Geprueft
2023-04-24;158,00;183,00;139,00;Geprueft
2023-04-25;167,00;185,00;153,00;Geprueft
2023-04-26;153,00;163,00;147,00;Geprueft
2023-04-27;141,00;155,00;130,00;Geprueft
2023-04-28;139,00;201,00;121,00;Geprueft
2023-04-29;285,00;311,00;201,00;Geprueft
2023-04-30;237,00;286,00;204,00;Geprueft
2023-05-01;184,00;209,00;173,00;Geprueft
2023-05-02;174,00;183,00;164,00;Geprueft
2023-05-03;161,00;171,00;148,00;Geprueft
2023-05-04;138,00;148,00;130,00;Geprueft
2023-05-05;129,00;162,00;117,00;Geprueft
2023-05-06;159,00;175,00;147,00;Geprueft
2023-05-07;149,00;177,00;137,00;Geprueft
2023-05-08;180,00;210,00;151,00;Geprueft
2023-05-09;193,00;204,00;182,00;Geprueft
2023-05-10;242,00;302,00;187,00;Geprueft
2023-05-11;314,00;355,00;295,00;Geprueft
2023-05-12;305,00;356,00;246,00;Geprueft
2023-05-13;220,00;248,00;197,00;Geprueft
2023-05-14;191,00;204,00;180,00;Geprueft
2023-05-15;187,00;207,00;170,00;Geprueft
2023-05-16;199,00;213,00;183,00;Geprueft
2023-05-17;247,00;289,00;187,00;Geprueft
2023-05-18;200,00;246,00;170,00;Geprueft
2023-05-19;156,00;179,00;145,00;Geprueft
2023-05-20;137,00;153,00;128,00;Geprueft
2023-05-21;127,00;132,00;118,00;Geprueft
2023-05-22;120,00;128,00;109,00;Geprueft
2023-05-23;126,00;138,00;117,00;Geprueft
2023-05-24;139,00;153,00;127,00;Geprueft
2023-05-25;128,00;138,00;115,00;Geprueft
2023-05-26;115,00;119,00;110,00;Geprueft
2023-05-27;102,00;116,00;96,00;Geprueft
2023-05-28;96,00;101,00;90,00;Geprueft
2023-05-29;89,00;98,00;80,00;Geprueft
2023-05-30;80,00;89,00;74,00;Geprueft
2023-05-31;80,00;87,00;72,00;Geprueft
2023-06-01;70,00;79,00;61,00;Geprueft
2023-06-02;81,00;87,00;71,00;Geprueft
2023-06-03;69,00;83,00;45,00;Geprueft
2023-06-04;67,00;77,00;57,00;Geprueft
2023-06-05;64,00;71,00;57,00;Geprueft
2023-06-06;60,00;67,00;55,00;Geprueft
2023-06-07;60,00;67,00;56,00;Geprueft
2023-06-08;56,00;65,00;51,00;Geprueft
2023-06-09;55,00;60,00;52,00;Geprueft
2023-06-10;53,00;57,00;45,00;Geprueft
2023-06-11;48,00;51,00;42,00;Geprueft
2023-06-12;49,00;58,00;43,00;Geprueft
2023-06-13;47,00;51,00;44,00;Geprueft
2023-06-14;49,00;55,00;41,00;Geprueft
2023-06-15;40,00;51,00;30,00;Geprueft
2023-06-16;37,00;42,00;34,00;Geprueft
2023-06-17;39,00;43,00;34,00;Geprueft
2023-06-18;37,00;45,00;34,00;Geprueft
2023-06-19;34,00;37,00;32,00;Geprueft
2023-06-20;40,00;50,00;31,00;Geprueft
2023-06-21;51,00;63,00;39,00;Geprueft
2023-06-22;50,00;57,00;44,00;Geprueft
2023-06-23;48,00;55,00;41,00;Geprueft
2023-06-24;44,00;49,00;36,00;Geprueft
2023-06-25;35,00;38,00;31,00;Geprueft
2023-06-26;32,00;36,00;26,00;Geprueft
2023-06-27;31,00;40,00;25,00;Geprueft
2023-06-28;28,00;40,00;23,00;Geprueft
2023-06-29;27,00;31,00;23,00;Geprueft
2023-06-30;34,00;48,00;25,00;Geprueft
2023-07-01;45,00;59,00;33,00;Geprueft
2023-07-02;43,00;49,00;38,00;Geprueft
2023-07-03;42,00;49,00;37,00;Geprueft
2023-07-04;36,00;40,00;30,00;Geprueft
2023-07-05;44,00;58,00;35,00;Geprueft
2023-07-06;38,00;45,00;29,00;Geprueft
2023-07-07;33,00;40,00;26,00;Geprueft
2023-07-08;27,00;31,00;20,00;Geprueft
2023-07-09;25,00;28,00;22,00;Geprueft
2023-07-10;24,00;28,00;21,00;Geprueft
2023-07-11;25,00;42,00;18,00;Geprueft
2023-07-12;53,00;104,00;38,00;Geprueft
2023-07-13;83,00;105,00;60,00;Geprueft
2023-07-14;55,00;64,00;46,00;Geprueft
2023-07-15;38,00;46,00;20,00;Geprueft
2023-07-16;41,00;51,00;33,00;Geprueft
2023-07-17;43,00;48,00;32,00;Geprueft
2023-07-18;35,00;40,00;30,00;Geprueft
2023-07-19;34,00;68,00;28,00;Geprueft
2023-07-20;54,00;73,00;41,00;Geprueft
2023-07-21;40,00;44,00;34,00;Geprueft
2023-07-22;38,00;50,00;30,00;Geprueft
2023-07-23;32,00;39,00;27,00;Geprueft
2023-07-24;36,00;52,00;30,00;Geprueft
2023-07-25;64,00;98,00;42,00;Geprueft
2023-07-26;128,00;224,00;93,00;Geprueft
2023-07-27;139,00;189,00;98,00;Geprueft
2023-07-28;82,00;102,00;66,00;Geprueft
2023-07-29;78,00;86,00;72,00;Geprueft
2023-07-30;95,00;116,00;84,00;Geprueft
2023-07-31;106,00;137,00;84,00;Geprueft
2023-08-01;74,00;86,00;70,00;Geprueft
2023-08-02;86,00;93,00;77,00;Geprueft
2023-08-03;89,00;100,00;74,00;Geprueft
2023-08-04;84,00;116,00;72,00;Geprueft
2023-08-05;115,00;143,00;99,00;Geprueft
2023-08-06;148,00;164,00;130,00;Geprueft
2023-08-07;177,00;204,00;145,00;Geprueft
2023-08-08;155,00;176,00;122,00;Geprueft
2023-08-09;105,00;122,00;84,00;Geprueft
2023-08-10;85,00;94,00;79,00;Geprueft
2023-08-11;66,00;79,00;61,00;Geprueft
2023-08-12;56,00;61,00;47,00;Geprueft
2023-08-13;53,00;59,00;45,00;Geprueft
2023-08-14;56,00;65,00;52,00;Geprueft
2023-08-15;52,00;65,00;44,00;Geprueft
2023-08-16;46,00;55,00;37,00;Geprueft
2023-08-17;47,00;64,00;35,00;Geprueft
2023-08-18;72,00;93,00;58,00;Geprueft
2023-08-19;53,00;70,00;43,00;Geprueft
2023-08-20;39,00;46,00;35,00;Geprueft
2023-08-21;35,00;40,00;24,00;Geprueft
2023-08-22;29,00;39,00;16,00;Geprueft
2023-08-23;30,00;38,00;19,00;Geprueft
2023-08-24;27,00;44,00;22,00;Geprueft
2023-08-25;53,00;58,00;44,00;Geprueft
2023-08-26;55,00;87,00;39,00;Geprueft
2023-08-27;109,00;153,00;87,00;Geprueft
2023-08-28;227,00;309,00;153,00;Geprueft
2023-08-29;353,00;400,00;309,00;Geprueft
2023-08-30;334,00;399,00;271,00;Geprueft
2023-08-31;205,00;271,00;170,00;Geprueft
2023-09-01;152,00;183,00;128,00;Geprueft
2023-09-02;114,00;134,00;103,00;Geprueft
2023-09-03;92,00;107,00;83,00;Geprueft
2023-09-04;77,00;87,00;71,00;Geprueft
2023-09-05;67,00;73,00;60,00;Geprueft
2023-09-06;60,00;67,00;50,00;Geprueft
2023-09-07;53,00;61,00;47,00;Geprueft
2023-09-08;49,00;56,00;44,00;Geprueft
2023-09-09;45,00;53,00;38,00;Geprueft
2023-09-10;44,00;58,00;29,00;Geprueft
2023-09-11;38,00;51,00;13,00;Geprueft
2023-09-12;37,00;44,00;34,00;Geprueft
2023-09-13;36,00;44,00;28,00;Geprueft
2023-09-14;41,00;52,00;30,00;Geprueft
2023-09-15;43,00;54,00;37,00;Geprueft
2023-09-16;35,00;41,00;27,00;Geprueft
2023-09-17;33,00;39,00;24,00;Geprueft
2023-09-18;31,00;41,00;23,00;Geprueft
2023-09-19;35,00;40,00;31,00;Geprueft
2023-09-20;31,00;35,00;24,00;Geprueft
2023-09-21;28,00;35,00;21,00;Geprueft
2023-09-22;42,00;82,00;27,00;Geprueft
2023-09-23;96,00;115,00;77,00;Geprueft
2023-09-24;67,00;90,00;44,00;Geprueft
2023-09-25;47,00;56,00;42,00;Geprueft
2023-09-26;40,00;44,00;32,00;Geprueft
2023-09-27;38,00;42,00;33,00;Geprueft
2023-09-28;32,00;40,00;24,00;Geprueft
2023-09-29;28,00;40,00;19,00;Geprueft
2023-09-30;25,00;30,00;19,00;Geprueft
2023-10-01;25,00;33,00;19,00;Geprueft
2023-10-02;25,00;31,00;20,00;Geprueft
2023-10-03;24,00;27,00;21,00;Geprueft
2023-10-04;23,00;31,00;17,00;Geprueft
2023-10-05;22,00;27,00;16,00;Geprueft
2023-10-06;22,00;28,00;17,00;Geprueft
2023-10-07;20,00;26,00;15,00;Geprueft
2023-10-08;20,00;24,00;14,00;Geprueft
2023-10-09;19,00;26,00;15,00;Geprueft
2023-10-10;20,00;30,00;13,00;Geprueft
2023-10-11;17,00;27,00;13,00;Geprueft
2023-10-12;19,00;27,00;12,00;Geprueft
2023-10-13;14,00;22,00;8,00;Geprueft
2023-10-14;17,00;26,00;8,00;Geprueft
2023-10-15;23,00;30,00;13,00;Geprueft
2023-10-16;27,00;34,00;16,00;Geprueft
2023-10-17;23,00;28,00;18,00;Geprueft
2023-10-18;21,00;32,00;15,00;Geprueft
2023-10-19;22,00;28,00;17,00;Geprueft
2023-10-20;22,00;28,00;17,00;Geprueft
2023-10-21;25,00;34,00;20,00;Geprueft
2023-10-22;31,00;34,00;26,00;Geprueft
2023-10-23;23,00;30,00;17,00;Geprueft
2023-10-24;26,00;40,00;16,00;Geprueft
2023-10-25;37,00;44,00;26,00;Geprueft
2023-10-26;45,00;59,00;35,00;Geprueft
2023-10-27;71,00;92,00;53,00;Geprueft
2023-10-28;94,00;108,00;75,00;Geprueft
2023-10-29;63,00;80,00;44,00;Geprueft
2023-10-30;48,00;55,00;36,00;Geprueft
2023-10-31;55,00;80,00;38,00;Geprueft
2023-11-01;79,00;85,00;72,00;Geprueft
2023-11-02;63,00;72,00;56,00;Geprueft
2023-11-03;85,00;110,00;58,00;Geprueft
2023-11-04;84,00;102,00;74,00;Geprueft
2023-11-05;69,00;80,00;56,00;Geprueft
2023-11-06;80,00;92,00;70,00;Geprueft
2023-11-07;76,00;85,00;66,00;Geprueft
2023-11-08;63,00;76,00;52,00;Geprueft
2023-11-09;60,00;67,00;55,00;Geprueft
2023-11-10;53,00;58,00;47,00;Geprueft
2023-11-11;57,00;62,00;53,00;Geprueft
2023-11-12;61,00;79,00;53,00;Geprueft
2023-11-13;140,00;212,00;79,00;Geprueft
2023-11-14;256,00;365,00;204,00;Geprueft
2023-11-15;401,00;425,00;365,00;Geprueft
2023-11-16;316,00;383,00;282,00;Geprueft
2023-11-17;375,00;447,00;302,00;Geprueft
2023-11-18;404,00;447,00;348,00;Geprueft
2023-11-19;348,00;414,00;325,00;Geprueft
2023-11-20;426,00;441,00;385,00;Geprueft
2023-11-21;324,00;385,00;290,00;Geprueft
2023-11-22;267,00;291,00;245,00;Geprueft
2023-11-23;230,00;254,00;204,00;Geprueft
2023-11-24;197,00;208,00;187,00;Geprueft
2023-11-25;201,00;212,00;184,00;Geprueft
2023-11-26;185,00;195,00;179,00;Geprueft
2023-11-27;174,00;181,00;167,00;Geprueft
2023-11-28;191,00;229,00;167,00;Geprueft
2023-11-29;223,00;240,00;200,00;Geprueft
2023-11-30;187,00;200,00;175,00;Geprueft
2023-12-01;205,00;267,00;176,00;Geprueft
2023-12-02;245,00;267,00;222,00;Geprueft
2023-12-03;200,00;222,00;183,00;Geprueft
2023-12-04;175,00;187,00;163,00;Geprueft
2023-12-05;158,00;163,00;150,00;Geprueft
2023-12-06;164,00;177,00;156,00;Geprueft
2023-12-07;184,00;190,00;176,00;Geprueft
2023-12-08;172,00;181,00;166,00;Geprueft
2023-12-09;198,00;245,00;168,00;Geprueft
2023-12-10;333,00;413,00;245,00;Geprueft
2023-12-11;393,00;414,00;377,00;Geprueft
2023-12-12;426,00;442,00;403,00;Geprueft
2023-12-13;442,00;468,00;404,00;Geprueft
2023-12-14;442,00;465,00;420,00;Geprueft
2023-12-15;410,00;421,00;397,00;Geprueft
2023-12-16;364,00;397,00;327,00;Geprueft
2023-12-17;296,00;329,00;272,00;Geprueft
2023-12-18;252,00;272,00;235,00;Geprueft
2023-12-19;223,00;235,00;214,00;Geprueft
2023-12-20;210,00;219,00;204,00;Geprueft
2023-12-21;208,00;214,00;200,00;Geprueft
2023-12-22;254,00;324,00;201,00;Geprueft
2023-12-23;366,00;406,00;313,00;Geprueft
2023-12-24;374,00;406,00;358,00;Geprueft
2023-12-25;362,00;367,00;355,00;Geprueft
2023-12-26;329,00;356,00;297,00;Geprueft
2023-12-27;273,00;297,00;247,00;Geprueft
2023-12-28;227,00;249,00;210,00;Geprueft
2023-12-29;200,00;213,00;190,00;Geprueft
2023-12-30;188,00;196,00;182,00;Geprueft
2023-12-31;177,00;185,00;170,00;Geprueft
2024-01-01;168,00;173,00;163,00;Geprueft
2024-01-02;162,00;167,00;156,00;Geprueft
2024-01-03;172,00;195,00;160,00;Geprueft
2024-01-04;198,00;205,00;191,00;Geprueft
2024-01-05;203,00;211,00;197,00;Geprueft
2024-01-06;205,00;220,00;197,00;Geprueft
2024-01-07;218,00;224,00;211,00;Geprueft
2024-01-08;200,00;216,00;188,00;Geprueft
2024-01-09;176,00;188,00;167,00;Geprueft
2024-01-10;155,00;169,00;146,00;Geprueft
2024-01-11;145,00;153,00;140,00;Geprueft
2024-01-12;136,00;140,00;131,00;Geprueft
2024-01-13;129,00;136,00;121,00;Geprueft
2024-01-14;122,00;127,00;115,00;Geprueft
2024-01-15;119,00;125,00;114,00;Geprueft
2024-01-16;115,00;120,00;112,00;Geprueft
2024-01-17;121,00;143,00;110,00;Geprueft
2024-01-18;203,00;245,00;143,00;Geprueft
2024-01-19;248,00;269,00;215,00;Geprueft
2024-01-20;206,00;225,00;184,00;Geprueft
2024-01-21;170,00;187,00;155,00;Geprueft
2024-01-22;152,00;160,00;144,00;Geprueft
2024-01-23;201,00;234,00;153,00;Geprueft
2024-01-24;220,00;225,00;212,00;Geprueft
2024-01-25;281,00;367,00;219,00;Geprueft
2024-01-26;326,00;372,00;279,00;Geprueft
2024-01-27;281,00;307,00;265,00;Geprueft
2024-01-28;237,00;265,00;210,00;Geprueft
2024-01-29;203,00;218,00;185,00;Geprueft
2024-01-30;182,00;197,00;170,00;Geprueft
2024-01-31;168,00;175,00;159,00;Geprueft
2024-02-01;159,00;166,00;154,00;Geprueft
2024-02-02;163,00;169,00;158,00;Geprueft
2024-02-03;157,00;169,00;146,00;Geprueft
2024-02-04;147,00;152,00;141,00;Geprueft
2024-02-05;140,00;150,00;130,00;Geprueft
2024-02-06;134,00;141,00;126,00;Geprueft
2024-02-07;129,00;132,00;126,00;Geprueft
2024-02-08;131,00;139,00;122,00;Geprueft
2024-02-09;146,00;160,00;127,00;Geprueft
2024-02-10;161,00;165,00;156,00;Geprueft
2024-02-11;165,00;173,00;159,00;Geprueft
2024-02-12;176,00;181,00;172,00;Geprueft
2024-02-13;165,00;173,00;153,00;Geprueft
2024-02-14;153,00;162,00;144,00;Geprueft
2024-02-15;134,00;147,00;128,00;Geprueft
2024-02-16;127,00;135,00;116,00;Geprueft
2024-02-17;124,00;127,00;121,00;Geprueft
2024-02-18;131,00;143,00;121,00;Geprueft
2024-02-19;140,00;158,00;133,00;Geprueft
2024-02-20;168,00;178,00;152,00;Geprueft
2024-02-21;163,00;173,00;148,00;Geprueft
2024-02-22;152,00;171,00;140,00;Geprueft
2024-02-23;190,00;214,00;170,00;Geprueft
2024-02-24;197,00;205,00;186,00;Geprueft
2024-02-25;180,00;190,00;169,00;Geprueft
2024-02-26;160,00;173,00;149,00;Geprueft
2024-02-27;144,00;153,00;137,00;Geprueft
2024-02-28;134,00;141,00;125,00;Geprueft
2024-02-29;124,00;130,00;119,00;Geprueft
2024-03-01;119,00;124,00;115,00;Geprueft
2024-03-02;119,00;125,00;113,00;Geprueft
2024-03-03;114,00;118,00;110,00;Geprueft
2024-03-04;107,00;122,00;86,00;Geprueft
2024-03-05;105,00;115,00;97,00;Geprueft
2024-03-06;117,00;151,00;101,00;Geprueft
2024-03-07;164,00;176,00;148,00;Geprueft
2024-03-08;140,00;155,00;129,00;Geprueft
2024-03-09;126,00;139,00;114,00;Geprueft
2024-03-10;118,00;123,00;114,00;Geprueft
2024-03-11;114,00;119,00;105,00;Geprueft
2024-03-12;108,00;111,00;104,00;Geprueft
2024-03-13;119,00;141,00;104,00;Geprueft
2024-03-14;141,00;151,00;129,00;Geprueft
2024-03-15;130,00;135,00;122,00;Geprueft
2024-03-16;130,00;144,00;122,00;Geprueft
2024-03-17;153,00;161,00;140,00;Geprueft
2024-03-18;143,00;153,00;133,00;Geprueft
2024-03-19;172,00;186,00;145,00;Geprueft
2024-03-20;158,00;172,00;147,00;Geprueft
2024-03-21;141,00;150,00;134,00;Geprueft
2024-03-22;142,00;148,00;136,00;Geprueft
2024-03-23;134,00;140,00;129,00;Geprueft
2024-03-24;147,00;158,00;133,00;Geprueft
2024-03-25;140,00;144,00;136,00;Geprueft
2024-03-26;131,00;139,00;127,00;Geprueft
2024-03-27;128,00;135,00;120,00;Geprueft
2024-03-28;138,00;144,00;131,00;Geprueft
2024-03-29;129,00;140,00;116,00;Geprueft
2024-03-30;118,00;127,00;113,00;Geprueft
2024-03-31;118,00;123,00;113,00;Geprueft
2024-04-01;116,00;125,00;111,00;Geprueft
2024-04-02;127,00;133,00;118,00;Geprueft
2024-04-03;115,00;124,00;107,00;Geprueft
2024-04-04;112,00;120,00;104,00;Geprueft
2024-04-05;116,00;122,00;111,00;Geprueft
2024-04-06;114,00;122,00;105,00;Geprueft
2024-04-07;115,00;120,00;109,00;Geprueft
2024-04-08;115,00;131,00;107,00;Geprueft
2024-04-09;120,00;124,00;115,00;Geprueft
2024-04-10;114,00;120,00;111,00;Geprueft
2024-04-11;103,00;117,00;90,00;Geprueft
2024-04-12;88,00;98,00;81,00;Geprueft
2024-04-13;89,00;96,00;85,00;Geprueft
2024-04-14;93,00;101,00;87,00;Geprueft
2024-04-15;103,00;119,00;92,00;Geprueft
2024-04-16;124,00;130,00;115,00;Geprueft
2024-04-17;119,00;134,00;110,00;Geprueft
2024-04-18;133,00;140,00;118,00;Geprueft
2024-04-19;131,00;142,00;120,00;Geprueft
2024-04-20;150,00;163,00;133,00;Geprueft
2024-04-21;146,00;153,00;140,00;Geprueft
2024-04-22;144,00;156,00;130,00;Geprueft
2024-04-23;126,00;135,00;117,00;Geprueft
2024-04-24;116,00;124,00;112,00;Geprueft
2024-04-25;111,00;119,00;106,00;Geprueft
2024-04-26;109,00;114,00;103,00;Geprueft
2024-04-27;107,00;116,00;101,00;Geprueft
2024-04-28;115,00;138,00;102,00;Geprueft
2024-04-29;125,00;144,00;112,00;Geprueft
2024-04-30;125,00;136,00;119,00;Geprueft
2024-05-01;124,00;132,00;114,00;Geprueft
2024-05-02;120,00;137,00;112,00;Geprueft
2024-05-03;122,00;126,00;117,00;Geprueft
2024-05-04;111,00;121,00;103,00;Geprueft
2024-05-05;100,00;105,00;94,00;Geprueft
2024-05-06;100,00;108,00;92,00;Geprueft
2024-05-07;112,00;116,00;108,00;Geprueft
2024-05-08;137,00;168,00;113,00;Geprueft
2024-05-09;139,00;166,00;121,00;Geprueft
2024-05-10;114,00;131,00;92,00;Geprueft
2024-05-11;100,00;108,00;92,00;Geprueft
2024-05-12;97,00;107,00;86,00;Geprueft
2024-05-13;95,00;104,00;87,00;Geprueft
2024-05-14;97,00;113,00;87,00;Geprueft
2024-05-15;92,00;97,00;86,00;Geprueft
2024-05-16;93,00;104,00;88,00;Geprueft
2024-05-17;138,00;170,00;102,00;Geprueft
2024-05-18;159,00;174,00;148,00;Geprueft
2024-05-19;154,00;163,00;144,00;Geprueft
2024-05-20;137,00;155,00;126,00;Geprueft
2024-05-21;126,00;139,00;118,00;Geprueft
2024-05-22;147,00;151,00;139,00;Geprueft
2024-05-23;139,00;144,00;135,00;Geprueft
2024-05-24;164,00;180,00;142,00;Geprueft
2024-05-25;216,00;263,00;163,00;Geprueft
2024-05-26;195,00;224,00;168,00;Geprueft
2024-05-27;159,00;171,00;155,00;Geprueft
2024-05-28;185,00;212,00;156,00;Geprueft
2024-05-29;183,00;212,00;164,00;Geprueft
2024-05-30;166,00;193,00;155,00;Geprueft
2024-05-31;256,00;386,00;193,00;Geprueft
2024-06-01;477,00;520,00;386,00;Geprueft
2024-06-02;540,00;555,00;520,00;Geprueft
2024-06-03;563,00;565,00;555,00;Geprueft
2024-06-04;566,00;567,00;563,00;Geprueft
2024-06-05;547,00;563,00;519,00;Geprueft
2024-06-06;487,00;519,00;456,00;Geprueft
2024-06-07;425,00;456,00;387,00;Geprueft
2024-06-08;355,00;387,00;342,00;Geprueft
2024-06-09;343,00;364,00;329,00;Geprueft
2024-06-10;369,00;394,00;348,00;Geprueft
2024-06-11;347,00;387,00;307,00;Geprueft
2024-06-12;283,00;310,00;256,00;Geprueft
2024-06-13;237,00;256,00;221,00;Geprueft
2024-06-14;209,00;225,00;199,00;Geprueft
2024-06-15;197,00;204,00;186,00;Geprueft
2024-06-16;189,00;199,00;181,00;Geprueft
2024-06-17;179,00;186,00;172,00;Geprueft
2024-06-18;174,00;180,00;165,00;Geprueft
2024-06-19;159,00;169,00;152,00;Geprueft
2024-06-20;150,00;157,00;141,00;Geprueft
2024-06-21;149,00;162,00;141,00;Geprueft
2024-06-22;199,00;232,00;162,00;Geprueft
2024-06-23;247,00;289,00;201,00;Geprueft
2024-06-24;204,00;239,00;178,00;Geprueft
2024-06-25;167,00;181,00;156,00;Geprueft
2024-06-26;160,00;171,00;149,00;Geprueft
2024-06-27;182,00;195,00;157,00;Geprueft
2024-06-28;174,00;183,00;167,00;Geprueft
2024-06-29;164,00;177,00;147,00;Geprueft
2024-06-30;144,00;152,00;140,00;Geprueft
2024-07-01;139,00;150,00;132,00;Geprueft
2024-07-02;151,00;158,00;143,00;Geprueft
2024-07-03;154,00;166,00;145,00;Geprueft
2024-07-04;174,00;206,00;154,00;Geprueft
2024-07-05;157,00;183,00;139,00;Geprueft
2024-07-06;135,00;146,00;122,00;Geprueft
2024-07-07;135,00;143,00;130,00;Geprueft
2024-07-08;136,00;149,00;126,00;Geprueft
2024-07-09;118,00;128,00;110,00;Geprueft
2024-07-10;110,00;118,00;102,00;Geprueft
2024-07-11;113,00;122,00;103,00;Geprueft
2024-07-12;120,00;128,00;114,00;Geprueft
2024-07-13;180,00;220,00;119,00;Geprueft
2024-07-14;157,00;193,00;134,00;Geprueft
2024-07-15;122,00;137,00;114,00;Geprueft
2024-07-16;132,00;149,00;116,00;Geprueft
2024-07-17;130,00;143,00;114,00;Geprueft
2024-07-18;107,00;115,00;99,00;Geprueft
2024-07-19;98,00;103,00;87,00;Geprueft
2024-07-20;99,00;113,00;90,00;Geprueft
2024-07-21;93,00;96,00;89,00;Geprueft
2024-07-22;154,00;218,00;92,00;Geprueft
2024-07-23;154,00;178,00;134,00;Geprueft
2024-07-24;140,00;163,00;124,00;Geprueft
2024-07-25;127,00;147,00;99,00;Geprueft
2024-07-26;103,00;117,00;90,00;Geprueft
2024-07-27;96,00;104,00;90,00;Geprueft
2024-07-28;93,00;102,00;84,00;Geprueft
2024-07-29;99,00;108,00;86,00;Geprueft
2024-07-30;84,00;90,00;78,00;Geprueft
2024-07-31;79,00;90,00;71,00;Geprueft
2024-08-01;118,00;167,00;78,00;Geprueft
2024-08-02;108,00;125,00;95,00;Geprueft
2024-08-03;114,00;127,00;102,00;Geprueft
2024-08-04;108,00;116,00;98,00;Geprueft
2024-08-05;92,00;100,00;81,00;Geprueft
2024-08-06;82,00;87,00;73,00;Geprueft
2024-08-07;76,00;83,00;67,00;Geprueft
2024-08-08;81,00;89,00;74,00;Geprueft
2024-08-09;82,00;93,00;72,00;Geprueft
2024-08-10;68,00;74,00;61,00;Geprueft
2024-08-11;64,00;74,00;57,00;Geprueft
2024-08-12;63,00;73,00;51,00;Geprueft
2024-08-13;59,00;67,00;52,00;Geprueft
2024-08-14;63,00;94,00;51,00;Geprueft
2024-08-15;67,00;78,00;56,00;Geprueft
2024-08-16;60,00;72,00;33,00;Geprueft
2024-08-17;84,00;109,00;53,00;Geprueft
2024-08-18;107,00;152,00;72,00;Geprueft
2024-08-19;187,00;219,00;140,00;Geprueft
2024-08-20;150,00;194,00;122,00;Geprueft
2024-08-21;109,00;122,00;94,00;Geprueft
2024-08-22;90,00;99,00;76,00;Geprueft
2024-08-23;78,00;85,00;72,00;Geprueft
2024-08-24;71,00;93,00;57,00;Geprueft
2024-08-25;68,00;84,00;57,00;Geprueft
2024-08-26;72,00;80,00;66,00;Geprueft
2024-08-27;66,00;74,00;61,00;Geprueft
2024-08-28;62,00;69,00;55,00;Geprueft
2024-08-29;63,00;88,00;53,00;Geprueft
2024-08-30;50,00;85,00;29,00;Geprueft
2024-08-31;51,00;56,00;41,00;Geprueft
2024-09-01;49,00;53,00;46,00;Geprueft
2024-09-02;58,00;68,00;46,00;Geprueft
2024-09-03;59,00;67,00;55,00;Geprueft
2024-09-04;57,00;67,00;47,00;Geprueft
2024-09-05;57,00;77,00;43,00;Geprueft
2024-09-06;55,00;61,00;51,00;Geprueft
2024-09-07;56,00;61,00;53,00;Geprueft
2024-09-08;53,00;65,00;48,00;Geprueft
2024-09-09;77,00;92,00;65,00;Geprueft
2024-09-10;78,00;117,00;58,00;Geprueft
2024-09-11;116,00;148,00;97,00;Geprueft
2024-09-12;106,00;118,00;97,00;Geprueft
2024-09-13;105,00;116,00;94,00;Geprueft
2024-09-14;140,00;172,00;110,00;Geprueft
2024-09-15;156,00;174,00;127,00;Geprueft
2024-09-16;130,00;150,00;114,00;Geprueft
2024-09-17;194,00;242,00;149,00;Geprueft
2024-09-18;190,00;236,00;158,00;Geprueft
2024-09-19;136,00;158,00;115,00;Geprueft
2024-09-20;111,00;120,00;96,00;Geprueft
2024-09-21;94,00;101,00;86,00;Geprueft
2024-09-22;85,00;90,00;83,00;Geprueft
2024-09-23;79,00;87,00;74,00;Geprueft
2024-09-24;135,00;162,00;87,00;Geprueft
2024-09-25;116,00;138,00;101,00;Geprueft
2024-09-26;108,00;123,00;100,00;Geprueft
2024-09-27;152,00;174,00;123,00;Geprueft
2024-09-28;181,00;217,00;151,00;Geprueft
2024-09-29;195,00;211,00;171,00;Geprueft
2024-09-30;151,00;183,00;135,00;Geprueft
2024-10-01;124,00;135,00;115,00;Geprueft
2024-10-02;158,00;185,00;120,00;Geprueft
2024-10-03;175,00;185,00;162,00;Geprueft
2024-10-04;154,00;166,00;146,00;Geprueft
2024-10-05;174,00;189,00;161,00;Geprueft
2024-10-06;151,00;163,00;138,00;Geprueft
2024-10-07;132,00;143,00;122,00;Geprueft
2024-10-08;121,00;131,00;115,00;Geprueft
2024-10-09;141,00;155,00;129,00;Geprueft
2024-10-10;140,00;153,00;124,00;Geprueft
2024-10-11;144,00;155,00;129,00;Geprueft
2024-10-12;149,00;161,00;136,00;Geprueft
2024-10-13;131,00;138,00;126,00;Geprueft
2024-10-14;142,00;163,00;133,00;Geprueft
2024-10-15;127,00;138,00;118,00;Geprueft
2024-10-16;119,00;132,00;107,00;Geprueft
2024-10-17;107,00;114,00;99,00;Geprueft
2024-10-18;101,00;106,00;96,00;Geprueft
2024-10-19;94,00;101,00;89,00;Geprueft
2024-10-20;87,00;92,00;79,00;Geprueft
2024-10-21;80,00;85,00;71,00;Geprueft
2024-10-22;77,00;85,00;67,00;Geprueft
2024-10-23;80,00;95,00;59,00;Geprueft
2024-10-24;90,00;99,00;79,00;Geprueft
2024-10-25;76,00;86,00;69,00;Geprueft
2024-10-26;75,00;81,00;68,00;Geprueft
2024-10-27;69,00;77,00;62,00;Geprueft
2024-10-28;66,00;74,00;59,00;Geprueft
2024-10-29;65,00;75,00;58,00;Geprueft
2024-10-30;59,00;69,00;48,00;Geprueft
2024-10-31;60,00;70,00;52,00;Geprueft
2024-11-01;57,00;63,00;52,00;Geprueft
2024-11-02;57,00;65,00;53,00;Geprueft
2024-11-03;54,00;57,00;50,00;Geprueft
2024-11-04;52,00;59,00;47,00;Geprueft
2024-11-05;54,00;62,00;48,00;Geprueft
2024-11-06;52,00;65,00;42,00;Geprueft
2024-11-07;51,00;65,00;31,00;Geprueft
2024-11-08;49,00;57,00;34,00;Geprueft
2024-11-09;48,00;62,00;40,00;Geprueft
2024-11-10;46,00;53,00;40,00;Geprueft
2024-11-11;47,00;56,00;41,00;Geprueft
2024-11-12;52,00;60,00;47,00;Geprueft
2024-11-13;53,00;75,00;40,00;Geprueft
2024-11-14;51,00;57,00;45,00;Geprueft
2024-11-15;48,00;55,00;44,00;Geprueft
2024-11-16;46,00;53,00;41,00;Geprueft
2024-11-17;45,00;49,00;40,00;Geprueft
2024-11-18;47,00;56,00;42,00;Geprueft
2024-11-19;54,00;60,00;48,00;Geprueft
2024-11-20;83,00;132,00;47,00;Geprueft
2024-11-21;116,00;140,00;95,00;Geprueft
2024-11-22;99,00;107,00;86,00;Geprueft
2024-11-23;82,00;89,00;75,00;Geprueft
2024-11-24;77,00;84,00;70,00;Geprueft
2024-11-25;87,00;107,00;74,00;Geprueft
2024-11-26;95,00;106,00;77,00;Geprueft
2024-11-27;110,00;119,00;97,00;Geprueft
2024-11-28;111,00;147,00;94,00;Geprueft
2024-11-29;157,00;179,00;138,00;Geprueft
2024-11-30;123,00;138,00;108,00;Geprueft
2024-12-01;101,00;108,00;97,00;Geprueft
2024-12-02;94,00;100,00;88,00;Geprueft
2024-12-03;112,00;133,00;92,00;Geprueft
2024-12-04;128,00;137,00;116,00;Geprueft
2024-12-05;113,00;119,00;101,00;Geprueft
2024-12-06;118,00;145,00;106,00;Geprueft
2024-12-07;161,00;183,00;145,00;Geprueft
2024-12-08;150,00;155,00;143,00;Geprueft
2024-12-09;141,00;148,00;135,00;Geprueft
2024-12-10;135,00;145,00;125,00;Geprueft
2024-12-11;125,00;133,00;116,00;Geprueft
2024-12-12;104,00;116,00;96,00;Geprueft
2024-12-13;94,00;111,00;79,00;Geprueft
2024-12-14;90,00;94,00;86,00;Geprueft
2024-12-15;89,00;93,00;87,00;Geprueft
2024-12-16;83,00;87,00;79,00;Geprueft
2024-12-17;82,00;92,00;77,00;Geprueft
2024-12-18;77,00;86,00;59,00;Geprueft
2024-12-19;76,00;82,00;71,00;Geprueft
2024-12-20;90,00;99,00;79,00;Geprueft
2024-12-21;88,00;98,00;80,00;Geprueft
2024-12-22;113,00;171,00;84,00;Geprueft
2024-12-23;184,00;202,00;171,00;Geprueft
2024-12-24;163,00;175,00;153,00;Geprueft
2024-12-25;146,00;156,00;133,00;Geprueft
2024-12-26;125,00;133,00;118,00;Geprueft
2024-12-27;113,00;119,00;106,00;Geprueft
2024-12-28;102,00;108,00;98,00;Geprueft
2024-12-29;96,00;103,00;90,00;Geprueft
2024-12-30;91,00;95,00;86,00;Geprueft
2024-12-31;86,00;92,00;83,00;Geprueft
2025-01-01;81,00;86,00;75,00;Geprueft
2025-01-02;82,00;91,00;70,00;Geprueft
2025-01-03;111,00;124,00;88,00;Geprueft
2025-01-04;106,00;114,00;102,00;Geprueft
2025-01-05;119,00;211,00;97,00;Geprueft
2025-01-06;243,00;278,00;211,00;Geprueft
2025-01-07;222,00;238,00;204,00;Geprueft
2025-01-08;234,00;246,00;216,00;Geprueft
2025-01-09;280,00;296,00;245,00;Geprueft
2025-01-10;294,00;305,00;284,00;Geprueft
2025-01-11;264,00;284,00;247,00;Geprueft
2025-01-12;228,00;248,00;205,00;Geprueft
2025-01-13;185,00;207,00;162,00;Geprueft
2025-01-14;157,00;166,00;147,00;Geprueft
2025-01-15;141,00;148,00;135,00;Geprueft
2025-01-16;132,00;140,00;122,00;Geprueft
2025-01-17;122,00;130,00;119,00;Geprueft
2025-01-18;116,00;120,00;109,00;Geprueft
2025-01-19;109,00;114,00;104,00;Geprueft
2025-01-20;104,00;117,00;93,00;Geprueft
2025-01-21;100,00;106,00;92,00;Geprueft
2025-01-22;94,00;101,00;88,00;Geprueft
2025-01-23;94,00;101,00;91,00;Geprueft
2025-01-24;98,00;104,00;93,00;Geprueft
2025-01-25;93,00;101,00;85,00;Geprueft
2025-01-26;91,00;93,00;88,00;Geprueft
2025-01-27;100,00;113,00;91,00;Geprueft
2025-01-28;197,00;307,00;113,00;Geprueft
2025-01-29;267,00;311,00;215,00;Geprueft
2025-01-30;196,00;219,00;180,00;Geprueft
2025-01-31;168,00;188,00;153,00;Geprueft
2025-02-01;150,00;157,00;141,00;Geprueft
2025-02-02;135,00;144,00;127,00;Geprueft
2025-02-03;123,00;129,00;115,00;Geprueft
2025-02-04;115,00;123,00;109,00;Geprueft
2025-02-05;109,00;116,00;102,00;Geprueft
2025-02-06;101,00;106,00;94,00;Geprueft
2025-02-07;98,00;102,00;94,00;Geprueft
2025-02-08;93,00;96,00;89,00;Geprueft
2025-02-09;91,00;97,00;88,00;Geprueft
2025-02-10;86,00;93,00;77,00;Geprueft
2025-02-11;91,00;97,00;84,00;Geprueft
2025-02-12;107,00;118,00;94,00;Geprueft
2025-02-13;144,00;181,00;113,00;Geprueft
2025-02-14;188,00;199,00;171,00;Geprueft
2025-02-15;162,00;176,00;148,00;Geprueft
2025-02-16;142,00;152,00;131,00;Geprueft
2025-02-17;123,00;131,00;115,00;Geprueft
2025-02-18;112,00;119,00;98,00;Geprueft
2025-02-19;102,00;108,00;96,00;Geprueft
2025-02-20;97,00;101,00;95,00;Geprueft
2025-02-21;94,00;98,00;91,00;Geprueft
2025-02-22;94,00;97,00;90,00;Geprueft
2025-02-23;92,00;96,00;89,00;Geprueft
2025-02-24;91,00;97,00;84,00;Geprueft
2025-02-25;90,00;93,00;80,00;Geprueft
2025-02-26;90,00;94,00;86,00;Geprueft
2025-02-27;91,00;95,00;85,00;Geprueft
2025-02-28;93,00;98,00;87,00;Geprueft
2025-03-01;85,00;92,00;81,00;Geprueft
2025-03-02;81,00;85,00;76,00;Geprueft
2025-03-03;80,00;83,00;75,00;Geprueft
2025-03-04;76,00;81,00;70,00;Geprueft
2025-03-05;73,00;76,00;69,00;Geprueft
2025-03-06;72,00;80,00;67,00;Geprueft
2025-03-07;68,00;78,00;64,00;Geprueft
2025-03-08;66,00;70,00;55,00;Geprueft
2025-03-09;65,00;72,00;60,00;Geprueft
2025-03-10;65,00;70,00;60,00;Geprueft
2025-03-11;65,00;70,00;58,00;Geprueft
2025-03-12;65,00;73,00;58,00;Geprueft
2025-03-13;65,00;76,00;54,00;Geprueft
2025-03-14;73,00;81,00;60,00;Geprueft
2025-03-15;67,00;77,00;60,00;Geprueft
2025-03-16;63,00;66,00;58,00;Geprueft
2025-03-17;62,00;67,00;48,00;Geprueft
2025-03-18;60,00;68,00;44,00;Geprueft
2025-03-19;56,00;66,00;45,00;Geprueft
2025-03-20;54,00;63,00;45,00;Geprueft
2025-03-21;56,00;60,00;50,00;Geprueft
2025-03-22;55,00;61,00;49,00;Geprueft
2025-03-23;59,00;80,00;44,00;Geprueft
2025-03-24;64,00;70,00;58,00;Geprueft
2025-03-25;66,00;77,00;60,00;Geprueft
2025-03-26;65,00;70,00;59,00;Geprueft
2025-03-27;69,00;77,00;57,00;Geprueft
2025-03-28;61,00;68,00;56,00;Geprueft
2025-03-29;59,00;68,00;53,00;Geprueft
2025-03-30;78,00;91,00;64,00;Geprueft
2025-03-31;73,00;87,00;64,00;Geprueft
2025-04-01;66,00;72,00;59,00;Geprueft
2025-04-02;61,00;74,00;45,00;Geprueft
2025-04-03;58,00;66,00;51,00;Geprueft
2025-04-04;54,00;64,00;45,00;Geprueft
2025-04-05;56,00;61,00;50,00;Geprueft
2025-04-06;53,00;60,00;45,00;Geprueft
2025-04-07;54,00;62,00;46,00;Geprueft
2025-04-08;47,00;52,00;41,00;Geprueft
2025-04-09;48,00;52,00;43,00;Geprueft
2025-04-10;49,00;54,00;43,00;Geprueft
2025-04-11;41,00;48,00;32,00;Geprueft
2025-04-12;43,00;51,00;34,00;Geprueft
2025-04-13;45,00;52,00;39,00;Geprueft
2025-04-14;45,00;57,00;38,00;Geprueft
2025-04-15;49,00;56,00;43,00;Geprueft
2025-04-16;51,00;58,00;43,00;Geprueft
2025-04-17;50,00;57,00;37,00;Geprueft
2025-04-18;51,00;57,00;45,00;Geprueft
2025-04-19;48,00;52,00;44,00;Geprueft
2025-04-20;44,00;53,00;36,00;Geprueft
2025-04-21;41,00;46,00;35,00;Geprueft
2025-04-22;40,00;47,00;35,00;Geprueft
2025-04-23;46,00;77,00;38,00;Geprueft
2025-04-24;78,00;86,00;72,00;Geprueft
2025-04-25;69,00;84,00;58,00;Geprueft
2025-04-26;57,00;68,00;42,00;Geprueft
2025-04-27;52,00;62,00;42,00;Geprueft
2025-04-28;46,00;52,00;40,00;Geprueft
2025-04-29;43,00;50,00;38,00;Geprueft
2025-04-30;44,00;47,00;40,00;Geprueft
2025-05-01;46,00;52,00;39,00;Geprueft
2025-05-02;41,00;51,00;35,00;Geprueft
2025-05-03;44,00;49,00;35,00;Geprueft
2025-05-04;56,00;74,00;44,00;Geprueft
2025-05-05;91,00;133,00;74,00;Geprueft
2025-05-06;126,00;158,00;86,00;Geprueft
2025-05-07;76,00;94,00;61,00;Geprueft
2025-05-08;61,00;71,00;53,00;Geprueft
2025-05-09;54,00;63,00;41,00;Geprueft
2025-05-10;46,00;56,00;38,00;Geprueft
2025-05-11;43,00;58,00;30,00;Geprueft
2025-05-12;40,00;47,00;35,00;Geprueft
2025-05-13;37,00;42,00;32,00;Geprueft
2025-05-14;35,00;48,00;28,00;Geprueft
2025-05-15;34,00;39,00;29,00;Geprueft
2025-05-16;30,00;37,00;22,00;Geprueft
2025-05-17;30,00;37,00;24,00;Geprueft
2025-05-18;29,00;34,00;26,00;Geprueft
2025-05-19;28,00;31,00;25,00;Geprueft
2025-05-20;26,00;34,00;20,00;Geprueft
2025-05-21;28,00;36,00;21,00;Geprueft
2025-05-22;37,00;44,00;28,00;Geprueft
2025-05-23;46,00;51,00;39,00;Geprueft
2025-05-24;41,00;52,00;36,00;Geprueft
2025-05-25;39,00;45,00;32,00;Geprueft
2025-05-26;52,00;84,00;36,00;Geprueft
2025-05-27;79,00;97,00;61,00;Geprueft
2025-05-28;56,00;62,00;51,00;Geprueft
2025-05-29;107,00;141,00;58,00;Geprueft
2025-05-30;89,00;127,00;67,00;Geprueft
2025-05-31;61,00;69,00;46,00;Geprueft
2025-06-01;52,00;62,00;40,00;Geprueft
2025-06-02;60,00;87,00;46,00;Geprueft
2025-06-03;71,00;80,00;55,00;Geprueft
2025-06-04;81,00;110,00;71,00;Geprueft
2025-06-05;83,00;100,00;73,00;Geprueft
2025-06-06;68,00;84,00;59,00;Geprueft
2025-06-07;64,00;74,00;56,00;Geprueft
2025-06-08;92,00;108,00;68,00;Geprueft
2025-06-09;87,00;99,00;62,00;Geprueft
2025-06-10;64,00;71,00;53,00;Geprueft
2025-06-11;51,00;59,00;44,00;Geprueft
2025-06-12;44,00;50,00;38,00;Geprueft
2025-06-13;36,00;39,00;34,00;Geprueft
2025-06-14;33,00;41,00;30,00;Geprueft
2025-06-15;37,00;84,00;25,00;Geprueft
2025-06-16;86,00;95,00;75,00;Geprueft
2025-06-17;68,00;85,00;48,00;Geprueft
2025-06-18;41,00;62,00;30,00;Geprueft
2025-06-19;35,00;42,00;26,00;Geprueft
2025-06-20;30,00;35,00;26,00;Geprueft
2025-06-21;25,00;31,00;18,00;Geprueft
2025-06-22;26,00;40,00;19,00;Geprueft
2025-06-23;22,00;35,00;13,00;Geprueft
2025-06-24;24,00;37,00;7,00;Geprueft
2025-06-25;24,00;41,00;14,00;Geprueft
2025-06-26;17,00;35,00;-3,00;Geprueft
2025-06-27;28,00;37,00;18,00;Geprueft
2025-06-28;25,00;34,00;10,00;Geprueft
2025-06-29;17,00;23,00;5,00;Geprueft
2025-06-30;17,00;22,00;13,00;Geprueft
2025-07-01;13,00;21,00;7,00;Geprueft
2025-07-02;16,00;27,00;9,00;Geprueft
2025-07-03;16,00;23,00;8,00;Geprueft
2025-07-04;19,00;29,00;11,00;Geprueft
2025-07-05;19,00;25,00;11,00;Geprueft
2025-07-06;14,00;20,00;9,00;Geprueft
2025-07-07;12,00;25,00;6,00;Geprueft
2025-07-08;40,00;89,00;19,00;Geprueft
2025-07-09;112,00;160,00;76,00;Geprueft
2025-07-10;73,00;94,00;43,00;Geprueft
2025-07-11;41,00;55,00;29,00;Geprueft
2025-07-12;33,00;40,00;22,00;Geprueft
2025-07-13;24,00;38,00;-4,00;Geprueft
2025-07-14;31,00;42,00;18,00;Geprueft
2025-07-15;43,00;55,00;28,00;Geprueft
2025-07-16;44,00;52,00;36,00;Geprueft
2025-07-17;65,00;116,00;38,00;Geprueft
2025-07-18;70,00;116,00;45,00;Geprueft
2025-07-19;39,00;51,00;29,00;Geprueft
2025-07-20;46,00;75,00;35,00;Geprueft
2025-07-21;79,00;135,00;57,00;Geprueft
2025-07-22;116,00;154,00;77,00;Geprueft
2025-07-23;64,00;77,00;52,00;Geprueft
2025-07-24;52,00;60,00;46,00;Geprueft
2025-07-25;55,00;84,00;43,00;Geprueft
2025-07-26;89,00;101,00;70,00;Geprueft
2025-07-27;167,00;203,00;101,00;Geprueft
2025-07-28;192,00;213,00;175,00;Geprueft
2025-07-29;205,00;232,00;171,00;Geprueft
2025-07-30;154,00;175,00;128,00;Geprueft
2025-07-31;115,00;129,00;102,00;Geprueft
2025-08-01;100,00;114,00;93,00;Geprueft
2025-08-02;148,00;201,00;107,00;Geprueft
2025-08-03;205,00;231,00;177,00;Geprueft
2025-08-04;156,00;177,00;138,00;Geprueft
2025-08-05;117,00;138,00;105,00;Geprueft
2025-08-06;96,00;107,00;88,00;Geprueft
2025-08-07;79,00;93,00;67,00;Geprueft
2025-08-08;64,00;73,00;54,00;Geprueft
2025-08-09;53,00;56,00;48,00;Geprueft
2025-08-10;46,00;52,00;38,00;Geprueft
2025-08-11;38,00;41,00;34,00;Geprueft
2025-08-12;35,00;41,00;29,00;Geprueft
2025-08-13;33,00;42,00;30,00;Geprueft
2025-08-14;29,00;32,00;24,00;Geprueft
2025-08-15;27,00;32,00;23,00;Geprueft
2025-08-16;37,00;81,00;20,00;Geprueft
2025-08-17;46,00;72,00;31,00;Geprueft
2025-08-18;31,00;38,00;25,00;Geprueft
2025-08-19;30,00;36,00;25,00;Geprueft
2025-08-20;26,00;29,00;22,00;Geprueft
2025-08-21;41,00;75,00;20,00;Geprueft
2025-08-22;77,00;95,00;64,00;Geprueft
2025-08-23;66,00;100,00;52,00;Geprueft
2025-08-24;43,00;57,00;32,00;Geprueft
2025-08-25;33,00;38,00;28,00;Geprueft
2025-08-26;29,00;33,00;20,00;Geprueft
2025-08-27;26,00;33,00;22,00;Geprueft
2025-08-28;34,00;48,00;24,00;Geprueft
2025-08-29;55,00;73,00;38,00;Geprueft
2025-08-30;65,00;85,00;54,00;Geprueft
2025-08-31;47,00;57,00;37,00;Geprueft
2025-09-01;40,00;48,00;35,00;Geprueft
2025-09-02;59,00;77,00;39,00;Geprueft
2025-09-03;45,00;56,00;36,00;Geprueft
2025-09-04;43,00;76,00;30,00;Geprueft
2025-09-05;91,00;117,00;54,00;Geprueft
2025-09-06;99,00;115,00;77,00;Geprueft
2025-09-07;64,00;82,00;47,00;Geprueft
2025-09-08;48,00;54,00;41,00;Geprueft
2025-09-09;45,00;51,00;39,00;Geprueft
2025-09-10;43,00;56,00;38,00;Geprueft
2025-09-11;52,00;67,00;43,00;Geprueft
2025-09-12;46,00;55,00;40,00;Geprueft
2025-09-13;41,00;51,00;35,00;Geprueft
2025-09-14;61,00;83,00;35,00;Geprueft
2025-09-15;69,00;80,00;58,00;Geprueft
2025-09-16;61,00;71,00;48,00;Geprueft
2025-09-17;58,00;70,00;49,00;Geprueft
2025-09-18;45,00;54,00;38,00;Geprueft
2025-09-19;40,00;53,00;23,00;Geprueft
2025-09-20;32,00;38,00;25,00;Geprueft
2025-09-21;30,00;44,00;20,00;Geprueft
2025-09-22;61,00;84,00;44,00;Geprueft
2025-09-23;80,00;95,00;73,00;Geprueft
2025-09-24;90,00;118,00;72,00;Geprueft
2025-09-25;161,00;189,00;113,00;Geprueft
2025-09-26;173,00;200,00;138,00;Geprueft
2025-09-27;151,00;160,00;139,00;Geprueft
2025-09-28;132,00;148,00;121,00;Geprueft
2025-09-29;108,00;125,00;94,00;Geprueft
2025-09-30;91,00;100,00;84,00;Geprueft
2025-10-01;93,00;100,00;83,00;Geprueft
2025-10-02;76,00;88,00;64,00;Geprueft
2025-10-03;65,00;85,00;55,00;Geprueft
2025-10-04;58,00;64,00;51,00;Geprueft
2025-10-05;69,00;90,00;54,00;Geprueft
2025-10-06;86,00;95,00;77,00;Geprueft
2025-10-07;85,00;93,00;79,00;Geprueft
2025-10-08;76,00;82,00;71,00;Geprueft
2025-10-09;67,00;77,00;62,00;Geprueft
2025-10-10;59,00;66,00;52,00;Geprueft
2025-10-11;55,00;58,00;47,00;Geprueft
2025-10-12;47,00;53,00;43,00;Geprueft
2025-10-13;48,00;65,00;33,00;Geprueft
2025-10-14;39,00;54,00;32,00;Geprueft
2025-10-15;38,00;44,00;34,00;Geprueft
2025-10-16;37,00;46,00;30,00;Geprueft
2025-10-17;35,00;46,00;30,00;Geprueft
2025-10-18;32,00;38,00;28,00;Geprueft
2025-10-19;30,00;34,00;27,00;Geprueft
2025-10-20;30,00;34,00;24,00;Geprueft
2025-10-21;30,00;34,00;25,00;Geprueft
2025-10-22;40,00;55,00;28,00;Geprueft
2025-10-23;56,00;75,00;34,00;Geprueft
2025-10-24;86,00;103,00;68,00;Geprueft
2025-10-25;94,00;106,00;77,00;Geprueft
2025-10-26;117,00;130,00;96,00;Geprueft
2025-10-27;127,00;144,00;119,00;Geprueft
2025-10-28;185,00;212,00;144,00;Geprueft
2025-10-29;170,00;189,00;155,00;Geprueft
2025-10-30;147,00;159,00;138,00;Geprueft
2025-10-31;132,00;142,00;119,00;Geprueft
2025-11-01;109,00;125,00;101,00;Geprueft
2025-11-02;113,00;146,00;98,00;Geprueft
2025-11-03;159,00;182,00;142,00;Geprueft
2025-11-04;143,00;166,00;122,00;Geprueft
2025-11-05;120,00;131,00;107,00;Geprueft
2025-11-06;104,00;112,00;95,00;Geprueft
2025-11-07;92,00;97,00;88,00;Geprueft
2025-11-08;83,00;88,00;77,00;Geprueft
2025-11-09;77,00;81,00;73,00;Geprueft
2025-11-10;75,00;80,00;70,00;Geprueft
2025-11-11;71,00;78,00;66,00;Geprueft
2025-11-12;65,00;72,00;57,00;Geprueft
2025-11-13;62,00;69,00;58,00;Geprueft
2025-11-14;57,00;61,00;51,00;Geprueft
2025-11-15;55,00;59,00;49,00;Geprueft
2025-11-16;50,00;52,00;47,00;Geprueft
2025-11-17;53,00;77,00;45,00;Geprueft
2025-11-18;73,00;81,00;60,00;Geprueft
2025-11-19;60,00;70,00;51,00;Geprueft
2025-11-20;59,00;63,00;52,00;Geprueft
2025-11-21;53,00;61,00;49,00;Geprueft
2025-11-22;49,00;54,00;46,00;Geprueft
2025-11-23;45,00;49,00;41,00;Geprueft
2025-11-24;66,00;109,00;42,00;Geprueft
2025-11-25;144,00;158,00;109,00;Geprueft
2025-11-26;144,00;156,00;125,00;Geprueft
2025-11-27;130,00;136,00;119,00;Geprueft
2025-11-28;111,00;120,00;100,00;Geprueft
2025-11-29;98,00;103,00;95,00;Geprueft
2025-11-30;100,00;106,00;93,00;Geprueft
2025-12-01;101,00;107,00;96,00;Geprueft
2025-12-02;101,00;108,00;93,00;Geprueft
2025-12-03;89,00;96,00;84,00;Geprueft
2025-12-04;81,00;95,00;69,00;Geprueft
2025-12-05;76,00;79,00;73,00;Geprueft
2025-12-06;75,00;82,00;68,00;Geprueft
2025-12-07;72,00;83,00;66,00;Geprueft
2025-12-08;124,00;205,00;83,00;Geprueft
2025-12-09;168,00;196,00;134,00;Geprueft
2025-12-10;134,00;163,00;121,00;Geprueft
2025-12-11;111,00;123,00;100,00;Geprueft
2025-12-12;100,00;105,00;93,00;Geprueft
2025-12-13;87,00;94,00;81,00;Geprueft
2025-12-14;79,00;84,00;71,00;Geprueft
2025-12-15;74,00;78,00;68,00;Geprueft
2025-12-16;68,00;74,00;63,00;Geprueft
2025-12-17;65,00;69,00;60,00;Geprueft
2025-12-18;61,00;66,00;57,00;Geprueft
2025-12-19;59,00;62,00;56,00;Geprueft
2025-12-20;57,00;60,00;53,00;Geprueft
2025-12-21;53,00;57,00;50,00;Geprueft
2025-12-22;50,00;52,00;47,00;Geprueft
2025-12-23;49,00;61,00;35,00;Geprueft
2025-12-24;46,00;59,00;40,00;Geprueft
2025-12-25;43,00;46,00;39,00;Geprueft
2025-12-26;42,00;44,00;40,00;Geprueft
2025-12-27;40,00;43,00;37,00;Geprueft
2025-12-28;38,00;41,00;36,00;Geprueft
2025-12-29;37,00;41,00;32,00;Geprueft
2025-12-30;37,00;39,00;33,00;Geprueft
2025-12-31;33,00;36,00;29,00;Geprueft
