"GCODE";"Ost";"Nord";"AWGN ID";"Parameter";"Messstation";"Gewässer";"Jahr";"Datum";"Tagesmittelwert";"Dimension"
"CXX359";"448.686";"5.428.915";"6.187";"Sauerstoff";"Karlsruhe (CXX359)";"Rhein";"2014";"01.01.2014";"-";"mg/l"
"CXX359";"448.686";"5.428.915";"6.187";"Sauerstoff";"Karlsruhe (CXX359)";"Rhein";"2014";"02.01.2014";"-";"mg/l"
"CXX359";"448.686";"5.428.915";"6.187";"Sauerstoff";"Karlsruhe (CXX359)";"Rhein";"2014";"03.01.2014";"-";"mg/l"
"CXX359";"448.686";"5.428.915";"6.187";"Sauerstoff";"Karlsruhe (CXX359)";"Rhein";"2014";"04.01.2014";"-";"mg/l"
"CXX359";"448.686";"5.428.915";"6.187";"Sauerstoff";"Karlsruhe (CXX359)";"Rhein";"2014";"05.01.2014";"-";"mg/l"
"CXX359";"448.686";"5.428.915";"6.187";"Sauerstoff";"Karlsruhe (CXX359)";"Rhein";"2014";"06.01.2014";"-";"mg/l"
"CXX359";"448.686";"5.428.915";"6.187";"Sauerstoff";"Karlsruhe (CXX359)";"Rhein";"2014";"07.01.2014";"-";"mg/l"
"CXX359";"448.686";"5.428.915";"6.187";"Sauerstoff";"Karlsruhe (CXX359)";"Rhein";"2014";"08.01.2014";"-";"mg/l"
"CXX359";"448.686";"5.428.915";"6.187";"Sauerstoff";"Karlsruhe (CXX359)";"Rhein";"2014";"09.01.2014";"-";"mg/l"
"CXX359";"448.686";"5.428.915";"6.187";"Sauerstoff";"Karlsruhe (CXX359)";"Rhein";"2014";"10.01.2014";"-";"mg/l"
"CXX359";"448.686";"5.428.915";"6.187";"Sauerstoff";"Karlsruhe (CXX359)";"Rhein";"2014";"11.01.2014";"-";"mg/l"
"CXX359";"448.686";"5.428.915";"6.187";"Sauerstoff";"Karlsruhe (CXX359)";"Rhein";"2014";"12.01.2014";"-";"mg/l"
"CXX359";"448.686";"5.428.915";"6.187";"Sauerstoff";"Karlsruhe (CXX359)";"Rhein";"2014";"13.01.2014";"-";"mg/l"
"CXX359";"448.686";"5.428.915";"6.187";"Sauerstoff";"Karlsruhe (CXX359)";"Rhein";"2014";"14.01.2014";"-";"mg/l"
"CXX359";"448.686";"5.428.915";"6.187";"Sauerstoff";"Karlsruhe (CXX359)";"Rhein";"2014";"15.01.2014";"-";"mg/l"
"CXX359";"448.686";"5.428.915";"6.187";"Sauerstoff";"Karlsruhe (CXX359)";"Rhein";"2014";"16.01.2014";"-";"mg/l"
"CXX359";"448.686";"5.428.915";"6.187";"Sauerstoff";"Karlsruhe (CXX359)";"Rhein";"2014";"17.01.2014";"11,5";"mg/l"
"CXX359";"448.686";"5.428.915";"6.187";"Sauerstoff";"Karlsruhe (CXX359)";"Rhein";"2014";"18.01.2014";"11,7";"mg/l"
"CXX359";"448.686";"5.428.915";"6.187";"Sauerstoff";"Karlsruhe (CXX359)";"Rhein";"2014";"19.01.2014";"11,6";"mg/l"
"CXX359";"448.686";"5.428.915";"6.187";"Sauerstoff";"Karlsruhe (CXX359)";"Rhein";"2014";"20.01.2014";"11,5";"mg/l"
"CXX359";"448.686";"5.428.915";"6.187";"Sauerstoff";"Karlsruhe (CXX359)";"Rhein";"2014";"21.01.2014";"11,6";"mg/l"
"CXX359";"448.686";"5.428.915";"6.187";"Sauerstoff";"Karlsruhe (CXX359)";"Rhein";"2014";"22.01.2014";"11,6";"mg/l"
"CXX359";"448.686";"5.428.915";"6.187";"Sauerstoff";"Karlsruhe (CXX359)";"Rhein";"2014";"23.01.2014";"11,6";"mg/l"
"CXX359";"448.686";"5.428.915";"6.187";"Sauerstoff";"Karlsruhe (CXX359)";"Rhein";"2014";"24.01.2014";"11,5";"mg/l"
"CXX359";"448.686";"5.428.915";"6.187";"Sauerstoff";"Karlsruhe (CXX359)";"Rhein";"2014";"25.01.2014";"11,5";"mg/l"
"CXX359";"448.686";"5.428.915";"6.187";"Sauerstoff";"Karlsruhe (CXX359)";"Rhein";"2014";"26.01.2014";"11,5";"mg/l"
"CXX359";"448.686";"5.428.915";"6.187";"Sauerstoff";"Karlsruhe (CXX359)";"Rhein";"2014";"27.01.2014";"11,4";"mg/l"
"CXX359";"448.686";"5.428.915";"6.187";"Sauerstoff";"Karlsruhe (CXX359)";"Rhein";"2014";"28.01.2014";"11,3";"mg/l"
"CXX359";"448.686";"5.428.915";"6.187";"Sauerstoff";"Karlsruhe (CXX359)";"Rhein";"2014";"29.01.2014";"11,4";"mg/l"
"CXX359";"448.686";"5.428.915";"6.187";"Sauerstoff";"Karlsruhe (CXX359)";"Rhein";"2014";"30.01.2014";"11,4";"mg/l"
"CXX359";"448.686";"5.428.915";"6.187";"Sauerstoff";"Karlsruhe (CXX359)";"Rhein";"2014";"31.01.2014";"-";"mg/l"
"CXX359";"448.686";"5.428.915";"6.187";"Sauerstoff";"Karlsruhe (CXX359)";"Rhein";"2014";"01.02.2014";"-";"mg/l"
"CXX359";"448.686";"5.428.915";"6.187";"Sauerstoff";"Karlsruhe (CXX359)";"Rhein";"2014";"02.02.2014";"-";"mg/l"
"CXX359";"448.686";"5.428.915";"6.187";"Sauerstoff";"Karlsruhe (CXX359)";"Rhein";"2014";"03.02.2014";"-";"mg/l"
"CXX359";"448.686";"5.428.915";"6.187";"Sauerstoff";"Karlsruhe (CXX359)";"Rhein";"2014";"04.02.2014";"-";"mg/l"
"CXX359";"448.686";"5.428.915";"6.187";"Sauerstoff";"Karlsruhe (CXX359)";"Rhein";"2014";"05.02.2014";"-";"mg/l"
"CXX359";"448.686";"5.428.915";"6.187";"Sauerstoff";"Karlsruhe (CXX359)";"Rhein";"2014";"06.02.2014";"-";"mg/l"
"CXX359";"448.686";"5.428.915";"6.187";"Sauerstoff";"Karlsruhe (CXX359)";"Rhein";"2014";"07.02.2014";"-";"mg/l"
"CXX359";"448.686";"5.428.915";"6.187";"Sauerstoff";"Karlsruhe (CXX359)";"Rhein";"2014";"08.02.2014";"-";"mg/l"
"CXX359";"448.686";"5.428.915";"6.187";"Sauerstoff";"Karlsruhe (CXX359)";"Rhein";"2014";"09.02.2014";"-";"mg/l"
"CXX359";"448.686";"5.428.915";"6.187";"Sauerstoff";"Karlsruhe (CXX359)";"Rhein";"2014";"10.02.2014";"-";"mg/l"
"CXX359";"448.686";"5.428.915";"6.187";"Sauerstoff";"Karlsruhe (CXX359)";"Rhein";"2014";"11.02.2014";"-";"mg/l"
"CXX359";"448.686";"5.428.915";"6.187";"Sauerstoff";"Karlsruhe (CXX359)";"Rhein";"2014";"12.02.2014";"-";"mg/l"
"CXX359";"448.686";"5.428.915";"6.187";"Sauerstoff";"Karlsruhe (CXX359)";"Rhein";"2014";"13.02.2014";"-";"mg/l"
"CXX359";"448.686";"5.428.915";"6.187";"Sauerstoff";"Karlsruhe (CXX359)";"Rhein";"2014";"14.02.2014";"-";"mg/l"
"CXX359";"448.686";"5.428.915";"6.187";"Sauerstoff";"Karlsruhe (CXX359)";"Rhein";"2014";"15.02.2014";"-";"mg/l"
"CXX359";"448.686";"5.428.915";"6.187";"Sauerstoff";"Karlsruhe (CXX359)";"Rhein";"2014";"16.02.2014";"-";"mg/l"
"CXX359";"448.686";"5.428.915";"6.187";"Sauerstoff";"Karlsruhe (CXX359)";"Rhein";"2014";"17.02.2014";"-";"mg/l"
"CXX359";"448.686";"5.428.915";"6.187";"Sauerstoff";"Karlsruhe (CXX359)";"Rhein";"2014";"18.02.2014";"-";"mg/l"
"CXX359";"448.686";"5.428.915";"6.187";"Sauerstoff";"Karlsruhe (CXX359)";"Rhein";"2014";"19.02.2014";"-";"mg/l"
"CXX359";"448.686";"5.428.915";"6.187";"Sauerstoff";"Karlsruhe (CXX359)";"Rhein";"2014";"20.02.2014";"-";"mg/l"
"CXX359";"448.686";"5.428.915";"6.187";"Sauerstoff";"Karlsruhe (CXX359)";"Rhein";"2014";"21.02.2014";"-";"mg/l"
"CXX359";"448.686";"5.428.915";"6.187";"Sauerstoff";"Karlsruhe (CXX359)";"Rhein";"2014";"22.02.2014";"-";"mg/l"
"CXX359";"448.686";"5.428.915";"6.187";"Sauerstoff";"Karlsruhe (CXX359)";"Rhein";"2014";"23.02.2014";"-";"mg/l"
"CXX359";"448.686";"5.428.915";"6.187";"Sauerstoff";"Karlsruhe (CXX359)";"Rhein";"2014";"24.02.2014";"-";"mg/l"
"CXX359";"448.686";"5.428.915";"6.187";"Sauerstoff";"Karlsruhe (CXX359)";"Rhein";"2014";"25.02.2014";"11,4";"mg/l"
"CXX359";"448.686";"5.428.915";"6.187";"Sauerstoff";"Karlsruhe (CXX359)";"Rhein";"2014";"26.02.2014";"11,3";"mg/l"
"CXX359";"448.686";"5.428.915";"6.187";"Sauerstoff";"Karlsruhe (CXX359)";"Rhein";"2014";"27.02.2014";"11,3";"mg/l"
"CXX359";"448.686";"5.428.915";"6.187";"Sauerstoff";"Karlsruhe (CXX359)";"Rhein";"2014";"28.02.2014";"11,3";"mg/l"
"CXX359";"448.686";"5.428.915";"6.187";"Sauerstoff";"Karlsruhe (CXX359)";"Rhein";"2014";"01.03.2014";"11,3";"mg/l"
"CXX359";"448.686";"5.428.915";"6.187";"Sauerstoff";"Karlsruhe (CXX359)";"Rhein";"2014";"02.03.2014";"11,4";"mg/l"
"CXX359";"448.686";"5.428.915";"6.187";"Sauerstoff";"Karlsruhe (CXX359)";"Rhein";"2014";"03.03.2014";"11,3";"mg/l"
"CXX359";"448.686";"5.428.915";"6.187";"Sauerstoff";"Karlsruhe (CXX359)";"Rhein";"2014";"04.03.2014";"11,3";"mg/l"
"CXX359";"448.686";"5.428.915";"6.187";"Sauerstoff";"Karlsruhe (CXX359)";"Rhein";"2014";"05.03.2014";"11,3";"mg/l"
"CXX359";"448.686";"5.428.915";"6.187";"Sauerstoff";"Karlsruhe (CXX359)";"Rhein";"2014";"06.03.2014";"11,5";"mg/l"
"CXX359";"448.686";"5.428.915";"6.187";"Sauerstoff";"Karlsruhe (CXX359)";"Rhein";"2014";"07.03.2014";"11,5";"mg/l"
"CXX359";"448.686";"5.428.915";"6.187";"Sauerstoff";"Karlsruhe (CXX359)";"Rhein";"2014";"08.03.2014";"11,5";"mg/l"
"CXX359";"448.686";"5.428.915";"6.187";"Sauerstoff";"Karlsruhe (CXX359)";"Rhein";"2014";"09.03.2014";"11,5";"mg/l"
"CXX359";"448.686";"5.428.915";"6.187";"Sauerstoff";"Karlsruhe (CXX359)";"Rhein";"2014";"10.03.2014";"11,5";"mg/l"
"CXX359";"448.686";"5.428.915";"6.187";"Sauerstoff";"Karlsruhe (CXX359)";"Rhein";"2014";"11.03.2014";"11,5";"mg/l"
"CXX359";"448.686";"5.428.915";"6.187";"Sauerstoff";"Karlsruhe (CXX359)";"Rhein";"2014";"12.03.2014";"11,5";"mg/l"
"CXX359";"448.686";"5.428.915";"6.187";"Sauerstoff";"Karlsruhe (CXX359)";"Rhein";"2014";"13.03.2014";"11,5";"mg/l"
"CXX359";"448.686";"5.428.915";"6.187";"Sauerstoff";"Karlsruhe (CXX359)";"Rhein";"2014";"14.03.2014";"11,6";"mg/l"
"CXX359";"448.686";"5.428.915";"6.187";"Sauerstoff";"Karlsruhe (CXX359)";"Rhein";"2014";"15.03.2014";"11,2";"mg/l"
"CXX359";"448.686";"5.428.915";"6.187";"Sauerstoff";"Karlsruhe (CXX359)";"Rhein";"2014";"16.03.2014";"11,2";"mg/l"
"CXX359";"448.686";"5.428.915";"6.187";"Sauerstoff";"Karlsruhe (CXX359)";"Rhein";"2014";"17.03.2014";"11,3";"mg/l"
"CXX359";"448.686";"5.428.915";"6.187";"Sauerstoff";"Karlsruhe (CXX359)";"Rhein";"2014";"18.03.2014";"11,2";"mg/l"
"CXX359";"448.686";"5.428.915";"6.187";"Sauerstoff";"Karlsruhe (CXX359)";"Rhein";"2014";"19.03.2014";"11,2";"mg/l"
"CXX359";"448.686";"5.428.915";"6.187";"Sauerstoff";"Karlsruhe (CXX359)";"Rhein";"2014";"20.03.2014";"11,2";"mg/l"
"CXX359";"448.686";"5.428.915";"6.187";"Sauerstoff";"Karlsruhe (CXX359)";"Rhein";"2014";"21.03.2014";"10,9";"mg/l"
"CXX359";"448.686";"5.428.915";"6.187";"Sauerstoff";"Karlsruhe (CXX359)";"Rhein";"2014";"22.03.2014";"10,5";"mg/l"
"CXX359";"448.686";"5.428.915";"6.187";"Sauerstoff";"Karlsruhe (CXX359)";"Rhein";"2014";"23.03.2014";"10,4";"mg/l"
"CXX359";"448.686";"5.428.915";"6.187";"Sauerstoff";"Karlsruhe (CXX359)";"Rhein";"2014";"24.03.2014";"10,4";"mg/l"
"CXX359";"448.686";"5.428.915";"6.187";"Sauerstoff";"Karlsruhe (CXX359)";"Rhein";"2014";"25.03.2014";"10,6";"mg/l"
"CXX359";"448.686";"5.428.915";"6.187";"Sauerstoff";"Karlsruhe (CXX359)";"Rhein";"2014";"26.03.2014";"10,7";"mg/l"
"CXX359";"448.686";"5.428.915";"6.187";"Sauerstoff";"Karlsruhe (CXX359)";"Rhein";"2014";"27.03.2014";"10,7";"mg/l"
"CXX359";"448.686";"5.428.915";"6.187";"Sauerstoff";"Karlsruhe (CXX359)";"Rhein";"2014";"28.03.2014";"10,8";"mg/l"
"CXX359";"448.686";"5.428.915";"6.187";"Sauerstoff";"Karlsruhe (CXX359)";"Rhein";"2014";"29.03.2014";"11";"mg/l"
"CXX359";"448.686";"5.428.915";"6.187";"Sauerstoff";"Karlsruhe (CXX359)";"Rhein";"2014";"30.03.2014";"11,1";"mg/l"
"CXX359";"448.686";"5.428.915";"6.187";"Sauerstoff";"Karlsruhe (CXX359)";"Rhein";"2014";"31.03.2014";"11,1";"mg/l"
"CXX359";"448.686";"5.428.915";"6.187";"Sauerstoff";"Karlsruhe (CXX359)";"Rhein";"2014";"01.04.2014";"11,1";"mg/l"
"CXX359";"448.686";"5.428.915";"6.187";"Sauerstoff";"Karlsruhe (CXX359)";"Rhein";"2014";"02.04.2014";"11";"mg/l"
"CXX359";"448.686";"5.428.915";"6.187";"Sauerstoff";"Karlsruhe (CXX359)";"Rhein";"2014";"03.04.2014";"10,8";"mg/l"
"CXX359";"448.686";"5.428.915";"6.187";"Sauerstoff";"Karlsruhe (CXX359)";"Rhein";"2014";"04.04.2014";"10,5";"mg/l"
"CXX359";"448.686";"5.428.915";"6.187";"Sauerstoff";"Karlsruhe (CXX359)";"Rhein";"2014";"05.04.2014";"10,1";"mg/l"
"CXX359";"448.686";"5.428.915";"6.187";"Sauerstoff";"Karlsruhe (CXX359)";"Rhein";"2014";"06.04.2014";"10,1";"mg/l"
"CXX359";"448.686";"5.428.915";"6.187";"Sauerstoff";"Karlsruhe (CXX359)";"Rhein";"2014";"07.04.2014";"10,1";"mg/l"
"CXX359";"448.686";"5.428.915";"6.187";"Sauerstoff";"Karlsruhe (CXX359)";"Rhein";"2014";"08.04.2014";"9,9";"mg/l"
"CXX359";"448.686";"5.428.915";"6.187";"Sauerstoff";"Karlsruhe (CXX359)";"Rhein";"2014";"09.04.2014";"9,9";"mg/l"
"CXX359";"448.686";"5.428.915";"6.187";"Sauerstoff";"Karlsruhe (CXX359)";"Rhein";"2014";"10.04.2014";"10";"mg/l"
"CXX359";"448.686";"5.428.915";"6.187";"Sauerstoff";"Karlsruhe (CXX359)";"Rhein";"2014";"11.04.2014";"10";"mg/l"
"CXX359";"448.686";"5.428.915";"6.187";"Sauerstoff";"Karlsruhe (CXX359)";"Rhein";"2014";"12.04.2014";"9,9";"mg/l"
"CXX359";"448.686";"5.428.915";"6.187";"Sauerstoff";"Karlsruhe (CXX359)";"Rhein";"2014";"13.04.2014";"10";"mg/l"
"CXX359";"448.686";"5.428.915";"6.187";"Sauerstoff";"Karlsruhe (CXX359)";"Rhein";"2014";"14.04.2014";"9,8";"mg/l"
"CXX359";"448.686";"5.428.915";"6.187";"Sauerstoff";"Karlsruhe (CXX359)";"Rhein";"2014";"15.04.2014";"9,8";"mg/l"
"CXX359";"448.686";"5.428.915";"6.187";"Sauerstoff";"Karlsruhe (CXX359)";"Rhein";"2014";"16.04.2014";"10,1";"mg/l"
"CXX359";"448.686";"5.428.915";"6.187";"Sauerstoff";"Karlsruhe (CXX359)";"Rhein";"2014";"17.04.2014";"10,2";"mg/l"
"CXX359";"448.686";"5.428.915";"6.187";"Sauerstoff";"Karlsruhe (CXX359)";"Rhein";"2014";"18.04.2014";"9,8";"mg/l"
"CXX359";"448.686";"5.428.915";"6.187";"Sauerstoff";"Karlsruhe (CXX359)";"Rhein";"2014";"19.04.2014";"9,8";"mg/l"
"CXX359";"448.686";"5.428.915";"6.187";"Sauerstoff";"Karlsruhe (CXX359)";"Rhein";"2014";"20.04.2014";"9,8";"mg/l"
"CXX359";"448.686";"5.428.915";"6.187";"Sauerstoff";"Karlsruhe (CXX359)";"Rhein";"2014";"21.04.2014";"9,8";"mg/l"
"CXX359";"448.686";"5.428.915";"6.187";"Sauerstoff";"Karlsruhe (CXX359)";"Rhein";"2014";"22.04.2014";"10,1";"mg/l"
"CXX359";"448.686";"5.428.915";"6.187";"Sauerstoff";"Karlsruhe (CXX359)";"Rhein";"2014";"23.04.2014";"10,2";"mg/l"
"CXX359";"448.686";"5.428.915";"6.187";"Sauerstoff";"Karlsruhe (CXX359)";"Rhein";"2014";"24.04.2014";"10,2";"mg/l"
"CXX359";"448.686";"5.428.915";"6.187";"Sauerstoff";"Karlsruhe (CXX359)";"Rhein";"2014";"25.04.2014";"10,1";"mg/l"
"CXX359";"448.686";"5.428.915";"6.187";"Sauerstoff";"Karlsruhe (CXX359)";"Rhein";"2014";"26.04.2014";"10";"mg/l"
"CXX359";"448.686";"5.428.915";"6.187";"Sauerstoff";"Karlsruhe (CXX359)";"Rhein";"2014";"27.04.2014";"9,6";"mg/l"
"CXX359";"448.686";"5.428.915";"6.187";"Sauerstoff";"Karlsruhe (CXX359)";"Rhein";"2014";"28.04.2014";"9,2";"mg/l"
"CXX359";"448.686";"5.428.915";"6.187";"Sauerstoff";"Karlsruhe (CXX359)";"Rhein";"2014";"29.04.2014";"9,1";"mg/l"
"CXX359";"448.686";"5.428.915";"6.187";"Sauerstoff";"Karlsruhe (CXX359)";"Rhein";"2014";"30.04.2014";"9,1";"mg/l"
"CXX359";"448.686";"5.428.915";"6.187";"Sauerstoff";"Karlsruhe (CXX359)";"Rhein";"2014";"01.05.2014";"8,9";"mg/l"
"CXX359";"448.686";"5.428.915";"6.187";"Sauerstoff";"Karlsruhe (CXX359)";"Rhein";"2014";"02.05.2014";"9,2";"mg/l"
"CXX359";"448.686";"5.428.915";"6.187";"Sauerstoff";"Karlsruhe (CXX359)";"Rhein";"2014";"03.05.2014";"9,5";"mg/l"
"CXX359";"448.686";"5.428.915";"6.187";"Sauerstoff";"Karlsruhe (CXX359)";"Rhein";"2014";"04.05.2014";"10,2";"mg/l"
"CXX359";"448.686";"5.428.915";"6.187";"Sauerstoff";"Karlsruhe (CXX359)";"Rhein";"2014";"05.05.2014";"10,3";"mg/l"
"CXX359";"448.686";"5.428.915";"6.187";"Sauerstoff";"Karlsruhe (CXX359)";"Rhein";"2014";"06.05.2014";"10,3";"mg/l"
"CXX359";"448.686";"5.428.915";"6.187";"Sauerstoff";"Karlsruhe (CXX359)";"Rhein";"2014";"07.05.2014";"10";"mg/l"
"CXX359";"448.686";"5.428.915";"6.187";"Sauerstoff";"Karlsruhe (CXX359)";"Rhein";"2014";"08.05.2014";"10,1";"mg/l"
"CXX359";"448.686";"5.428.915";"6.187";"Sauerstoff";"Karlsruhe (CXX359)";"Rhein";"2014";"09.05.2014";"10";"mg/l"
"CXX359";"448.686";"5.428.915";"6.187";"Sauerstoff";"Karlsruhe (CXX359)";"Rhein";"2014";"10.05.2014";"9,4";"mg/l"
"CXX359";"448.686";"5.428.915";"6.187";"Sauerstoff";"Karlsruhe (CXX359)";"Rhein";"2014";"11.05.2014";"9,3";"mg/l"
"CXX359";"448.686";"5.428.915";"6.187";"Sauerstoff";"Karlsruhe (CXX359)";"Rhein";"2014";"12.05.2014";"9,3";"mg/l"
"CXX359";"448.686";"5.428.915";"6.187";"Sauerstoff";"Karlsruhe (CXX359)";"Rhein";"2014";"13.05.2014";"9,3";"mg/l"
"CXX359";"448.686";"5.428.915";"6.187";"Sauerstoff";"Karlsruhe (CXX359)";"Rhein";"2014";"14.05.2014";"9,3";"mg/l"
"CXX359";"448.686";"5.428.915";"6.187";"Sauerstoff";"Karlsruhe (CXX359)";"Rhein";"2014";"15.05.2014";"9,7";"mg/l"
"CXX359";"448.686";"5.428.915";"6.187";"Sauerstoff";"Karlsruhe (CXX359)";"Rhein";"2014";"16.05.2014";"10,1";"mg/l"
"CXX359";"448.686";"5.428.915";"6.187";"Sauerstoff";"Karlsruhe (CXX359)";"Rhein";"2014";"17.05.2014";"10,2";"mg/l"
"CXX359";"448.686";"5.428.915";"6.187";"Sauerstoff";"Karlsruhe (CXX359)";"Rhein";"2014";"18.05.2014";"10";"mg/l"
"CXX359";"448.686";"5.428.915";"6.187";"Sauerstoff";"Karlsruhe (CXX359)";"Rhein";"2014";"19.05.2014";"9,7";"mg/l"
"CXX359";"448.686";"5.428.915";"6.187";"Sauerstoff";"Karlsruhe (CXX359)";"Rhein";"2014";"20.05.2014";"9,6";"mg/l"
"CXX359";"448.686";"5.428.915";"6.187";"Sauerstoff";"Karlsruhe (CXX359)";"Rhein";"2014";"21.05.2014";"9,5";"mg/l"
"CXX359";"448.686";"5.428.915";"6.187";"Sauerstoff";"Karlsruhe (CXX359)";"Rhein";"2014";"22.05.2014";"9,3";"mg/l"
"CXX359";"448.686";"5.428.915";"6.187";"Sauerstoff";"Karlsruhe (CXX359)";"Rhein";"2014";"23.05.2014";"9,1";"mg/l"
"CXX359";"448.686";"5.428.915";"6.187";"Sauerstoff";"Karlsruhe (CXX359)";"Rhein";"2014";"24.05.2014";"8,9";"mg/l"
"CXX359";"448.686";"5.428.915";"6.187";"Sauerstoff";"Karlsruhe (CXX359)";"Rhein";"2014";"25.05.2014";"8,9";"mg/l"
"CXX359";"448.686";"5.428.915";"6.187";"Sauerstoff";"Karlsruhe (CXX359)";"Rhein";"2014";"26.05.2014";"8,7";"mg/l"
"CXX359";"448.686";"5.428.915";"6.187";"Sauerstoff";"Karlsruhe (CXX359)";"Rhein";"2014";"27.05.2014";"8,7";"mg/l"
"CXX359";"448.686";"5.428.915";"6.187";"Sauerstoff";"Karlsruhe (CXX359)";"Rhein";"2014";"28.05.2014";"8,9";"mg/l"
"CXX359";"448.686";"5.428.915";"6.187";"Sauerstoff";"Karlsruhe (CXX359)";"Rhein";"2014";"29.05.2014";"9";"mg/l"
"CXX359";"448.686";"5.428.915";"6.187";"Sauerstoff";"Karlsruhe (CXX359)";"Rhein";"2014";"30.05.2014";"9,1";"mg/l"
"CXX359";"448.686";"5.428.915";"6.187";"Sauerstoff";"Karlsruhe (CXX359)";"Rhein";"2014";"31.05.2014";"9,2";"mg/l"
"CXX359";"448.686";"5.428.915";"6.187";"Sauerstoff";"Karlsruhe (CXX359)";"Rhein";"2014";"01.06.2014";"9,1";"mg/l"
"CXX359";"448.686";"5.428.915";"6.187";"Sauerstoff";"Karlsruhe (CXX359)";"Rhein";"2014";"02.06.2014";"9";"mg/l"
"CXX359";"448.686";"5.428.915";"6.187";"Sauerstoff";"Karlsruhe (CXX359)";"Rhein";"2014";"03.06.2014";"9";"mg/l"
"CXX359";"448.686";"5.428.915";"6.187";"Sauerstoff";"Karlsruhe (CXX359)";"Rhein";"2014";"04.06.2014";"8,9";"mg/l"
"CXX359";"448.686";"5.428.915";"6.187";"Sauerstoff";"Karlsruhe (CXX359)";"Rhein";"2014";"05.06.2014";"8,9";"mg/l"
"CXX359";"448.686";"5.428.915";"6.187";"Sauerstoff";"Karlsruhe (CXX359)";"Rhein";"2014";"06.06.2014";"9";"mg/l"
"CXX359";"448.686";"5.428.915";"6.187";"Sauerstoff";"Karlsruhe (CXX359)";"Rhein";"2014";"07.06.2014";"9";"mg/l"
"CXX359";"448.686";"5.428.915";"6.187";"Sauerstoff";"Karlsruhe (CXX359)";"Rhein";"2014";"08.06.2014";"9";"mg/l"
"CXX359";"448.686";"5.428.915";"6.187";"Sauerstoff";"Karlsruhe (CXX359)";"Rhein";"2014";"09.06.2014";"9";"mg/l"
"CXX359";"448.686";"5.428.915";"6.187";"Sauerstoff";"Karlsruhe (CXX359)";"Rhein";"2014";"10.06.2014";"9";"mg/l"
"CXX359";"448.686";"5.428.915";"6.187";"Sauerstoff";"Karlsruhe (CXX359)";"Rhein";"2014";"11.06.2014";"8,9";"mg/l"
"CXX359";"448.686";"5.428.915";"6.187";"Sauerstoff";"Karlsruhe (CXX359)";"Rhein";"2014";"12.06.2014";"8,7";"mg/l"
"CXX359";"448.686";"5.428.915";"6.187";"Sauerstoff";"Karlsruhe (CXX359)";"Rhein";"2014";"13.06.2014";"8,5";"mg/l"
"CXX359";"448.686";"5.428.915";"6.187";"Sauerstoff";"Karlsruhe (CXX359)";"Rhein";"2014";"14.06.2014";"8,3";"mg/l"
"CXX359";"448.686";"5.428.915";"6.187";"Sauerstoff";"Karlsruhe (CXX359)";"Rhein";"2014";"15.06.2014";"8,3";"mg/l"
"CXX359";"448.686";"5.428.915";"6.187";"Sauerstoff";"Karlsruhe (CXX359)";"Rhein";"2014";"16.06.2014";"8,4";"mg/l"
"CXX359";"448.686";"5.428.915";"6.187";"Sauerstoff";"Karlsruhe (CXX359)";"Rhein";"2014";"17.06.2014";"8,4";"mg/l"
"CXX359";"448.686";"5.428.915";"6.187";"Sauerstoff";"Karlsruhe (CXX359)";"Rhein";"2014";"18.06.2014";"8,5";"mg/l"
"CXX359";"448.686";"5.428.915";"6.187";"Sauerstoff";"Karlsruhe (CXX359)";"Rhein";"2014";"19.06.2014";"8,6";"mg/l"
"CXX359";"448.686";"5.428.915";"6.187";"Sauerstoff";"Karlsruhe (CXX359)";"Rhein";"2014";"20.06.2014";"8,4";"mg/l"
"CXX359";"448.686";"5.428.915";"6.187";"Sauerstoff";"Karlsruhe (CXX359)";"Rhein";"2014";"21.06.2014";"8,5";"mg/l"
"CXX359";"448.686";"5.428.915";"6.187";"Sauerstoff";"Karlsruhe (CXX359)";"Rhein";"2014";"22.06.2014";"8,8";"mg/l"
"CXX359";"448.686";"5.428.915";"6.187";"Sauerstoff";"Karlsruhe (CXX359)";"Rhein";"2014";"23.06.2014";"8,9";"mg/l"
"CXX359";"448.686";"5.428.915";"6.187";"Sauerstoff";"Karlsruhe (CXX359)";"Rhein";"2014";"24.06.2014";"8,9";"mg/l"
"CXX359";"448.686";"5.428.915";"6.187";"Sauerstoff";"Karlsruhe (CXX359)";"Rhein";"2014";"25.06.2014";"8,6";"mg/l"
"CXX359";"448.686";"5.428.915";"6.187";"Sauerstoff";"Karlsruhe (CXX359)";"Rhein";"2014";"26.06.2014";"8,6";"mg/l"
"CXX359";"448.686";"5.428.915";"6.187";"Sauerstoff";"Karlsruhe (CXX359)";"Rhein";"2014";"27.06.2014";"8,4";"mg/l"
"CXX359";"448.686";"5.428.915";"6.187";"Sauerstoff";"Karlsruhe (CXX359)";"Rhein";"2014";"28.06.2014";"8";"mg/l"
"CXX359";"448.686";"5.428.915";"6.187";"Sauerstoff";"Karlsruhe (CXX359)";"Rhein";"2014";"29.06.2014";"7,5";"mg/l"
"CXX359";"448.686";"5.428.915";"6.187";"Sauerstoff";"Karlsruhe (CXX359)";"Rhein";"2014";"30.06.2014";"7,5";"mg/l"
"CXX359";"448.686";"5.428.915";"6.187";"Sauerstoff";"Karlsruhe (CXX359)";"Rhein";"2014";"01.07.2014";"7,8";"mg/l"
"CXX359";"448.686";"5.428.915";"6.187";"Sauerstoff";"Karlsruhe (CXX359)";"Rhein";"2014";"02.07.2014";"8";"mg/l"
"CXX359";"448.686";"5.428.915";"6.187";"Sauerstoff";"Karlsruhe (CXX359)";"Rhein";"2014";"03.07.2014";"8,1";"mg/l"
"CXX359";"448.686";"5.428.915";"6.187";"Sauerstoff";"Karlsruhe (CXX359)";"Rhein";"2014";"04.07.2014";"8,1";"mg/l"
"CXX359";"448.686";"5.428.915";"6.187";"Sauerstoff";"Karlsruhe (CXX359)";"Rhein";"2014";"05.07.2014";"7,9";"mg/l"
"CXX359";"448.686";"5.428.915";"6.187";"Sauerstoff";"Karlsruhe (CXX359)";"Rhein";"2014";"06.07.2014";"7,9";"mg/l"
"CXX359";"448.686";"5.428.915";"6.187";"Sauerstoff";"Karlsruhe (CXX359)";"Rhein";"2014";"07.07.2014";"7,8";"mg/l"
"CXX359";"448.686";"5.428.915";"6.187";"Sauerstoff";"Karlsruhe (CXX359)";"Rhein";"2014";"08.07.2014";"7,6";"mg/l"
"CXX359";"448.686";"5.428.915";"6.187";"Sauerstoff";"Karlsruhe (CXX359)";"Rhein";"2014";"09.07.2014";"8,1";"mg/l"
"CXX359";"448.686";"5.428.915";"6.187";"Sauerstoff";"Karlsruhe (CXX359)";"Rhein";"2014";"10.07.2014";"8,4";"mg/l"
"CXX359";"448.686";"5.428.915";"6.187";"Sauerstoff";"Karlsruhe (CXX359)";"Rhein";"2014";"11.07.2014";"8,7";"mg/l"
"CXX359";"448.686";"5.428.915";"6.187";"Sauerstoff";"Karlsruhe (CXX359)";"Rhein";"2014";"12.07.2014";"9,1";"mg/l"
"CXX359";"448.686";"5.428.915";"6.187";"Sauerstoff";"Karlsruhe (CXX359)";"Rhein";"2014";"13.07.2014";"9,1";"mg/l"
"CXX359";"448.686";"5.428.915";"6.187";"Sauerstoff";"Karlsruhe (CXX359)";"Rhein";"2014";"14.07.2014";"9,1";"mg/l"
"CXX359";"448.686";"5.428.915";"6.187";"Sauerstoff";"Karlsruhe (CXX359)";"Rhein";"2014";"15.07.2014";"9,1";"mg/l"
"CXX359";"448.686";"5.428.915";"6.187";"Sauerstoff";"Karlsruhe (CXX359)";"Rhein";"2014";"16.07.2014";"9,1";"mg/l"
"CXX359";"448.686";"5.428.915";"6.187";"Sauerstoff";"Karlsruhe (CXX359)";"Rhein";"2014";"17.07.2014";"9,1";"mg/l"
"CXX359";"448.686";"5.428.915";"6.187";"Sauerstoff";"Karlsruhe (CXX359)";"Rhein";"2014";"18.07.2014";"9,1";"mg/l"
"CXX359";"448.686";"5.428.915";"6.187";"Sauerstoff";"Karlsruhe (CXX359)";"Rhein";"2014";"19.07.2014";"8,9";"mg/l"
"CXX359";"448.686";"5.428.915";"6.187";"Sauerstoff";"Karlsruhe (CXX359)";"Rhein";"2014";"20.07.2014";"8,7";"mg/l"
"CXX359";"448.686";"5.428.915";"6.187";"Sauerstoff";"Karlsruhe (CXX359)";"Rhein";"2014";"21.07.2014";"8,7";"mg/l"
"CXX359";"448.686";"5.428.915";"6.187";"Sauerstoff";"Karlsruhe (CXX359)";"Rhein";"2014";"22.07.2014";"8,5";"mg/l"
"CXX359";"448.686";"5.428.915";"6.187";"Sauerstoff";"Karlsruhe (CXX359)";"Rhein";"2014";"23.07.2014";"8,4";"mg/l"
"CXX359";"448.686";"5.428.915";"6.187";"Sauerstoff";"Karlsruhe (CXX359)";"Rhein";"2014";"24.07.2014";"8,1";"mg/l"
"CXX359";"448.686";"5.428.915";"6.187";"Sauerstoff";"Karlsruhe (CXX359)";"Rhein";"2014";"25.07.2014";"8,6";"mg/l"
"CXX359";"448.686";"5.428.915";"6.187";"Sauerstoff";"Karlsruhe (CXX359)";"Rhein";"2014";"26.07.2014";"8,7";"mg/l"
"CXX359";"448.686";"5.428.915";"6.187";"Sauerstoff";"Karlsruhe (CXX359)";"Rhein";"2014";"27.07.2014";"9";"mg/l"
"CXX359";"448.686";"5.428.915";"6.187";"Sauerstoff";"Karlsruhe (CXX359)";"Rhein";"2014";"28.07.2014";"9";"mg/l"
"CXX359";"448.686";"5.428.915";"6.187";"Sauerstoff";"Karlsruhe (CXX359)";"Rhein";"2014";"29.07.2014";"8,8";"mg/l"
"CXX359";"448.686";"5.428.915";"6.187";"Sauerstoff";"Karlsruhe (CXX359)";"Rhein";"2014";"30.07.2014";"8,8";"mg/l"
"CXX359";"448.686";"5.428.915";"6.187";"Sauerstoff";"Karlsruhe (CXX359)";"Rhein";"2014";"31.07.2014";"8,7";"mg/l"
"CXX359";"448.686";"5.428.915";"6.187";"Sauerstoff";"Karlsruhe (CXX359)";"Rhein";"2014";"01.08.2014";"8,7";"mg/l"
"CXX359";"448.686";"5.428.915";"6.187";"Sauerstoff";"Karlsruhe (CXX359)";"Rhein";"2014";"02.08.2014";"8,8";"mg/l"
"CXX359";"448.686";"5.428.915";"6.187";"Sauerstoff";"Karlsruhe (CXX359)";"Rhein";"2014";"03.08.2014";"8,9";"mg/l"
"CXX359";"448.686";"5.428.915";"6.187";"Sauerstoff";"Karlsruhe (CXX359)";"Rhein";"2014";"04.08.2014";"9,1";"mg/l"
"CXX359";"448.686";"5.428.915";"6.187";"Sauerstoff";"Karlsruhe (CXX359)";"Rhein";"2014";"05.08.2014";"9";"mg/l"
"CXX359";"448.686";"5.428.915";"6.187";"Sauerstoff";"Karlsruhe (CXX359)";"Rhein";"2014";"06.08.2014";"9,1";"mg/l"
"CXX359";"448.686";"5.428.915";"6.187";"Sauerstoff";"Karlsruhe (CXX359)";"Rhein";"2014";"07.08.2014";"9";"mg/l"
"CXX359";"448.686";"5.428.915";"6.187";"Sauerstoff";"Karlsruhe (CXX359)";"Rhein";"2014";"08.08.2014";"9";"mg/l"
"CXX359";"448.686";"5.428.915";"6.187";"Sauerstoff";"Karlsruhe (CXX359)";"Rhein";"2014";"09.08.2014";"9";"mg/l"
"CXX359";"448.686";"5.428.915";"6.187";"Sauerstoff";"Karlsruhe (CXX359)";"Rhein";"2014";"10.08.2014";"8,8";"mg/l"
"CXX359";"448.686";"5.428.915";"6.187";"Sauerstoff";"Karlsruhe (CXX359)";"Rhein";"2014";"11.08.2014";"8,7";"mg/l"
"CXX359";"448.686";"5.428.915";"6.187";"Sauerstoff";"Karlsruhe (CXX359)";"Rhein";"2014";"12.08.2014";"8,8";"mg/l"
"CXX359";"448.686";"5.428.915";"6.187";"Sauerstoff";"Karlsruhe (CXX359)";"Rhein";"2014";"13.08.2014";"8,8";"mg/l"
"CXX359";"448.686";"5.428.915";"6.187";"Sauerstoff";"Karlsruhe (CXX359)";"Rhein";"2014";"14.08.2014";"8,9";"mg/l"
"CXX359";"448.686";"5.428.915";"6.187";"Sauerstoff";"Karlsruhe (CXX359)";"Rhein";"2014";"15.08.2014";"9";"mg/l"
"CXX359";"448.686";"5.428.915";"6.187";"Sauerstoff";"Karlsruhe (CXX359)";"Rhein";"2014";"16.08.2014";"9,1";"mg/l"
"CXX359";"448.686";"5.428.915";"6.187";"Sauerstoff";"Karlsruhe (CXX359)";"Rhein";"2014";"17.08.2014";"9,3";"mg/l"
"CXX359";"448.686";"5.428.915";"6.187";"Sauerstoff";"Karlsruhe (CXX359)";"Rhein";"2014";"18.08.2014";"9,2";"mg/l"
"CXX359";"448.686";"5.428.915";"6.187";"Sauerstoff";"Karlsruhe (CXX359)";"Rhein";"2014";"19.08.2014";"9,2";"mg/l"
"CXX359";"448.686";"5.428.915";"6.187";"Sauerstoff";"Karlsruhe (CXX359)";"Rhein";"2014";"20.08.2014";"9,1";"mg/l"
"CXX359";"448.686";"5.428.915";"6.187";"Sauerstoff";"Karlsruhe (CXX359)";"Rhein";"2014";"21.08.2014";"8,9";"mg/l"
"CXX359";"448.686";"5.428.915";"6.187";"Sauerstoff";"Karlsruhe (CXX359)";"Rhein";"2014";"22.08.2014";"8,7";"mg/l"
"CXX359";"448.686";"5.428.915";"6.187";"Sauerstoff";"Karlsruhe (CXX359)";"Rhein";"2014";"23.08.2014";"8,7";"mg/l"
"CXX359";"448.686";"5.428.915";"6.187";"Sauerstoff";"Karlsruhe (CXX359)";"Rhein";"2014";"24.08.2014";"8,8";"mg/l"
"CXX359";"448.686";"5.428.915";"6.187";"Sauerstoff";"Karlsruhe (CXX359)";"Rhein";"2014";"25.08.2014";"8,6";"mg/l"
"CXX359";"448.686";"5.428.915";"6.187";"Sauerstoff";"Karlsruhe (CXX359)";"Rhein";"2014";"26.08.2014";"8,6";"mg/l"
"CXX359";"448.686";"5.428.915";"6.187";"Sauerstoff";"Karlsruhe (CXX359)";"Rhein";"2014";"27.08.2014";"8,5";"mg/l"
"CXX359";"448.686";"5.428.915";"6.187";"Sauerstoff";"Karlsruhe (CXX359)";"Rhein";"2014";"28.08.2014";"8,8";"mg/l"
"CXX359";"448.686";"5.428.915";"6.187";"Sauerstoff";"Karlsruhe (CXX359)";"Rhein";"2014";"29.08.2014";"8,8";"mg/l"
"CXX359";"448.686";"5.428.915";"6.187";"Sauerstoff";"Karlsruhe (CXX359)";"Rhein";"2014";"30.08.2014";"8,8";"mg/l"
"CXX359";"448.686";"5.428.915";"6.187";"Sauerstoff";"Karlsruhe (CXX359)";"Rhein";"2014";"31.08.2014";"8,7";"mg/l"
"CXX359";"448.686";"5.428.915";"6.187";"Sauerstoff";"Karlsruhe (CXX359)";"Rhein";"2014";"01.09.2014";"8,7";"mg/l"
"CXX359";"448.686";"5.428.915";"6.187";"Sauerstoff";"Karlsruhe (CXX359)";"Rhein";"2014";"02.09.2014";"9,2";"mg/l"
"CXX359";"448.686";"5.428.915";"6.187";"Sauerstoff";"Karlsruhe (CXX359)";"Rhein";"2014";"03.09.2014";"9,4";"mg/l"
"CXX359";"448.686";"5.428.915";"6.187";"Sauerstoff";"Karlsruhe (CXX359)";"Rhein";"2014";"04.09.2014";"9,3";"mg/l"
"CXX359";"448.686";"5.428.915";"6.187";"Sauerstoff";"Karlsruhe (CXX359)";"Rhein";"2014";"05.09.2014";"9,2";"mg/l"
"CXX359";"448.686";"5.428.915";"6.187";"Sauerstoff";"Karlsruhe (CXX359)";"Rhein";"2014";"06.09.2014";"9";"mg/l"
"CXX359";"448.686";"5.428.915";"6.187";"Sauerstoff";"Karlsruhe (CXX359)";"Rhein";"2014";"07.09.2014";"8,8";"mg/l"
"CXX359";"448.686";"5.428.915";"6.187";"Sauerstoff";"Karlsruhe (CXX359)";"Rhein";"2014";"08.09.2014";"8,7";"mg/l"
"CXX359";"448.686";"5.428.915";"6.187";"Sauerstoff";"Karlsruhe (CXX359)";"Rhein";"2014";"09.09.2014";"8,7";"mg/l"
"CXX359";"448.686";"5.428.915";"6.187";"Sauerstoff";"Karlsruhe (CXX359)";"Rhein";"2014";"10.09.2014";"8,7";"mg/l"
"CXX359";"448.686";"5.428.915";"6.187";"Sauerstoff";"Karlsruhe (CXX359)";"Rhein";"2014";"11.09.2014";"8,5";"mg/l"
"CXX359";"448.686";"5.428.915";"6.187";"Sauerstoff";"Karlsruhe (CXX359)";"Rhein";"2014";"12.09.2014";"8,3";"mg/l"
"CXX359";"448.686";"5.428.915";"6.187";"Sauerstoff";"Karlsruhe (CXX359)";"Rhein";"2014";"13.09.2014";"8,2";"mg/l"
"CXX359";"448.686";"5.428.915";"6.187";"Sauerstoff";"Karlsruhe (CXX359)";"Rhein";"2014";"14.09.2014";"8,2";"mg/l"
"CXX359";"448.686";"5.428.915";"6.187";"Sauerstoff";"Karlsruhe (CXX359)";"Rhein";"2014";"15.09.2014";"8,2";"mg/l"
"CXX359";"448.686";"5.428.915";"6.187";"Sauerstoff";"Karlsruhe (CXX359)";"Rhein";"2014";"16.09.2014";"8,4";"mg/l"
"CXX359";"448.686";"5.428.915";"6.187";"Sauerstoff";"Karlsruhe (CXX359)";"Rhein";"2014";"17.09.2014";"8,9";"mg/l"
"CXX359";"448.686";"5.428.915";"6.187";"Sauerstoff";"Karlsruhe (CXX359)";"Rhein";"2014";"18.09.2014";"8,5";"mg/l"
"CXX359";"448.686";"5.428.915";"6.187";"Sauerstoff";"Karlsruhe (CXX359)";"Rhein";"2014";"19.09.2014";"8,5";"mg/l"
"CXX359";"448.686";"5.428.915";"6.187";"Sauerstoff";"Karlsruhe (CXX359)";"Rhein";"2014";"20.09.2014";"8,5";"mg/l"
"CXX359";"448.686";"5.428.915";"6.187";"Sauerstoff";"Karlsruhe (CXX359)";"Rhein";"2014";"21.09.2014";"8,3";"mg/l"
"CXX359";"448.686";"5.428.915";"6.187";"Sauerstoff";"Karlsruhe (CXX359)";"Rhein";"2014";"22.09.2014";"8,3";"mg/l"
"CXX359";"448.686";"5.428.915";"6.187";"Sauerstoff";"Karlsruhe (CXX359)";"Rhein";"2014";"23.09.2014";"8,7";"mg/l"
"CXX359";"448.686";"5.428.915";"6.187";"Sauerstoff";"Karlsruhe (CXX359)";"Rhein";"2014";"24.09.2014";"8,6";"mg/l"
"CXX359";"448.686";"5.428.915";"6.187";"Sauerstoff";"Karlsruhe (CXX359)";"Rhein";"2014";"25.09.2014";"8,7";"mg/l"
"CXX359";"448.686";"5.428.915";"6.187";"Sauerstoff";"Karlsruhe (CXX359)";"Rhein";"2014";"26.09.2014";"8,6";"mg/l"
"CXX359";"448.686";"5.428.915";"6.187";"Sauerstoff";"Karlsruhe (CXX359)";"Rhein";"2014";"27.09.2014";"8,5";"mg/l"
"CXX359";"448.686";"5.428.915";"6.187";"Sauerstoff";"Karlsruhe (CXX359)";"Rhein";"2014";"28.09.2014";"8,6";"mg/l"
"CXX359";"448.686";"5.428.915";"6.187";"Sauerstoff";"Karlsruhe (CXX359)";"Rhein";"2014";"29.09.2014";"8,7";"mg/l"
"CXX359";"448.686";"5.428.915";"6.187";"Sauerstoff";"Karlsruhe (CXX359)";"Rhein";"2014";"30.09.2014";"8,7";"mg/l"
"CXX359";"448.686";"5.428.915";"6.187";"Sauerstoff";"Karlsruhe (CXX359)";"Rhein";"2014";"01.10.2014";"8,7";"mg/l"
"CXX359";"448.686";"5.428.915";"6.187";"Sauerstoff";"Karlsruhe (CXX359)";"Rhein";"2014";"02.10.2014";"8,8";"mg/l"
"CXX359";"448.686";"5.428.915";"6.187";"Sauerstoff";"Karlsruhe (CXX359)";"Rhein";"2014";"03.10.2014";"8,7";"mg/l"
"CXX359";"448.686";"5.428.915";"6.187";"Sauerstoff";"Karlsruhe (CXX359)";"Rhein";"2014";"04.10.2014";"8,7";"mg/l"
"CXX359";"448.686";"5.428.915";"6.187";"Sauerstoff";"Karlsruhe (CXX359)";"Rhein";"2014";"05.10.2014";"8,7";"mg/l"
"CXX359";"448.686";"5.428.915";"6.187";"Sauerstoff";"Karlsruhe (CXX359)";"Rhein";"2014";"06.10.2014";"8,6";"mg/l"
"CXX359";"448.686";"5.428.915";"6.187";"Sauerstoff";"Karlsruhe (CXX359)";"Rhein";"2014";"07.10.2014";"8,4";"mg/l"
"CXX359";"448.686";"5.428.915";"6.187";"Sauerstoff";"Karlsruhe (CXX359)";"Rhein";"2014";"08.10.2014";"8,5";"mg/l"
"CXX359";"448.686";"5.428.915";"6.187";"Sauerstoff";"Karlsruhe (CXX359)";"Rhein";"2014";"09.10.2014";"8,5";"mg/l"
"CXX359";"448.686";"5.428.915";"6.187";"Sauerstoff";"Karlsruhe (CXX359)";"Rhein";"2014";"10.10.2014";"8,4";"mg/l"
"CXX359";"448.686";"5.428.915";"6.187";"Sauerstoff";"Karlsruhe (CXX359)";"Rhein";"2014";"11.10.2014";"8,3";"mg/l"
"CXX359";"448.686";"5.428.915";"6.187";"Sauerstoff";"Karlsruhe (CXX359)";"Rhein";"2014";"12.10.2014";"8,3";"mg/l"
"CXX359";"448.686";"5.428.915";"6.187";"Sauerstoff";"Karlsruhe (CXX359)";"Rhein";"2014";"13.10.2014";"8,3";"mg/l"
"CXX359";"448.686";"5.428.915";"6.187";"Sauerstoff";"Karlsruhe (CXX359)";"Rhein";"2014";"14.10.2014";"8,3";"mg/l"
"CXX359";"448.686";"5.428.915";"6.187";"Sauerstoff";"Karlsruhe (CXX359)";"Rhein";"2014";"15.10.2014";"8,5";"mg/l"
"CXX359";"448.686";"5.428.915";"6.187";"Sauerstoff";"Karlsruhe (CXX359)";"Rhein";"2014";"16.10.2014";"8,3";"mg/l"
"CXX359";"448.686";"5.428.915";"6.187";"Sauerstoff";"Karlsruhe (CXX359)";"Rhein";"2014";"17.10.2014";"8,2";"mg/l"
"CXX359";"448.686";"5.428.915";"6.187";"Sauerstoff";"Karlsruhe (CXX359)";"Rhein";"2014";"18.10.2014";"8,3";"mg/l"
"CXX359";"448.686";"5.428.915";"6.187";"Sauerstoff";"Karlsruhe (CXX359)";"Rhein";"2014";"19.10.2014";"8,4";"mg/l"
"CXX359";"448.686";"5.428.915";"6.187";"Sauerstoff";"Karlsruhe (CXX359)";"Rhein";"2014";"20.10.2014";"8,4";"mg/l"
"CXX359";"448.686";"5.428.915";"6.187";"Sauerstoff";"Karlsruhe (CXX359)";"Rhein";"2014";"21.10.2014";"8,4";"mg/l"
"CXX359";"448.686";"5.428.915";"6.187";"Sauerstoff";"Karlsruhe (CXX359)";"Rhein";"2014";"22.10.2014";"8,8";"mg/l"
"CXX359";"448.686";"5.428.915";"6.187";"Sauerstoff";"Karlsruhe (CXX359)";"Rhein";"2014";"23.10.2014";"9,4";"mg/l"
"CXX359";"448.686";"5.428.915";"6.187";"Sauerstoff";"Karlsruhe (CXX359)";"Rhein";"2014";"24.10.2014";"9,5";"mg/l"
"CXX359";"448.686";"5.428.915";"6.187";"Sauerstoff";"Karlsruhe (CXX359)";"Rhein";"2014";"25.10.2014";"9,4";"mg/l"
"CXX359";"448.686";"5.428.915";"6.187";"Sauerstoff";"Karlsruhe (CXX359)";"Rhein";"2014";"26.10.2014";"9,2";"mg/l"
"CXX359";"448.686";"5.428.915";"6.187";"Sauerstoff";"Karlsruhe (CXX359)";"Rhein";"2014";"27.10.2014";"9,4";"mg/l"
"CXX359";"448.686";"5.428.915";"6.187";"Sauerstoff";"Karlsruhe (CXX359)";"Rhein";"2014";"28.10.2014";"9,5";"mg/l"
"CXX359";"448.686";"5.428.915";"6.187";"Sauerstoff";"Karlsruhe (CXX359)";"Rhein";"2014";"29.10.2014";"9,4";"mg/l"
"CXX359";"448.686";"5.428.915";"6.187";"Sauerstoff";"Karlsruhe (CXX359)";"Rhein";"2014";"30.10.2014";"9,5";"mg/l"
"CXX359";"448.686";"5.428.915";"6.187";"Sauerstoff";"Karlsruhe (CXX359)";"Rhein";"2014";"31.10.2014";"9,7";"mg/l"
"CXX359";"448.686";"5.428.915";"6.187";"Sauerstoff";"Karlsruhe (CXX359)";"Rhein";"2014";"01.11.2014";"9,7";"mg/l"
"CXX359";"448.686";"5.428.915";"6.187";"Sauerstoff";"Karlsruhe (CXX359)";"Rhein";"2014";"02.11.2014";"9,7";"mg/l"
"CXX359";"448.686";"5.428.915";"6.187";"Sauerstoff";"Karlsruhe (CXX359)";"Rhein";"2014";"03.11.2014";"9,5";"mg/l"
"CXX359";"448.686";"5.428.915";"6.187";"Sauerstoff";"Karlsruhe (CXX359)";"Rhein";"2014";"04.11.2014";"9,5";"mg/l"
"CXX359";"448.686";"5.428.915";"6.187";"Sauerstoff";"Karlsruhe (CXX359)";"Rhein";"2014";"05.11.2014";"9,4";"mg/l"
"CXX359";"448.686";"5.428.915";"6.187";"Sauerstoff";"Karlsruhe (CXX359)";"Rhein";"2014";"06.11.2014";"9,8";"mg/l"
"CXX359";"448.686";"5.428.915";"6.187";"Sauerstoff";"Karlsruhe (CXX359)";"Rhein";"2014";"07.11.2014";"10,3";"mg/l"
"CXX359";"448.686";"5.428.915";"6.187";"Sauerstoff";"Karlsruhe (CXX359)";"Rhein";"2014";"08.11.2014";"10,2";"mg/l"
"CXX359";"448.686";"5.428.915";"6.187";"Sauerstoff";"Karlsruhe (CXX359)";"Rhein";"2014";"09.11.2014";"10,1";"mg/l"
"CXX359";"448.686";"5.428.915";"6.187";"Sauerstoff";"Karlsruhe (CXX359)";"Rhein";"2014";"10.11.2014";"9,9";"mg/l"
"CXX359";"448.686";"5.428.915";"6.187";"Sauerstoff";"Karlsruhe (CXX359)";"Rhein";"2014";"11.11.2014";"9,9";"mg/l"
"CXX359";"448.686";"5.428.915";"6.187";"Sauerstoff";"Karlsruhe (CXX359)";"Rhein";"2014";"12.11.2014";"9,8";"mg/l"
"CXX359";"448.686";"5.428.915";"6.187";"Sauerstoff";"Karlsruhe (CXX359)";"Rhein";"2014";"13.11.2014";"9,8";"mg/l"
"CXX359";"448.686";"5.428.915";"6.187";"Sauerstoff";"Karlsruhe (CXX359)";"Rhein";"2014";"14.11.2014";"10,1";"mg/l"
"CXX359";"448.686";"5.428.915";"6.187";"Sauerstoff";"Karlsruhe (CXX359)";"Rhein";"2014";"15.11.2014";"10";"mg/l"
"CXX359";"448.686";"5.428.915";"6.187";"Sauerstoff";"Karlsruhe (CXX359)";"Rhein";"2014";"16.11.2014";"10,3";"mg/l"
"CXX359";"448.686";"5.428.915";"6.187";"Sauerstoff";"Karlsruhe (CXX359)";"Rhein";"2014";"17.11.2014";"10,6";"mg/l"
"CXX359";"448.686";"5.428.915";"6.187";"Sauerstoff";"Karlsruhe (CXX359)";"Rhein";"2014";"18.11.2014";"11";"mg/l"
"CXX359";"448.686";"5.428.915";"6.187";"Sauerstoff";"Karlsruhe (CXX359)";"Rhein";"2014";"19.11.2014";"11";"mg/l"
"CXX359";"448.686";"5.428.915";"6.187";"Sauerstoff";"Karlsruhe (CXX359)";"Rhein";"2014";"20.11.2014";"11,1";"mg/l"
"CXX359";"448.686";"5.428.915";"6.187";"Sauerstoff";"Karlsruhe (CXX359)";"Rhein";"2014";"21.11.2014";"11,2";"mg/l"
"CXX359";"448.686";"5.428.915";"6.187";"Sauerstoff";"Karlsruhe (CXX359)";"Rhein";"2014";"22.11.2014";"11,2";"mg/l"
"CXX359";"448.686";"5.428.915";"6.187";"Sauerstoff";"Karlsruhe (CXX359)";"Rhein";"2014";"23.11.2014";"10,9";"mg/l"
"CXX359";"448.686";"5.428.915";"6.187";"Sauerstoff";"Karlsruhe (CXX359)";"Rhein";"2014";"24.11.2014";"10,6";"mg/l"
"CXX359";"448.686";"5.428.915";"6.187";"Sauerstoff";"Karlsruhe (CXX359)";"Rhein";"2014";"25.11.2014";"10,2";"mg/l"
"CXX359";"448.686";"5.428.915";"6.187";"Sauerstoff";"Karlsruhe (CXX359)";"Rhein";"2014";"26.11.2014";"10,1";"mg/l"
"CXX359";"448.686";"5.428.915";"6.187";"Sauerstoff";"Karlsruhe (CXX359)";"Rhein";"2014";"27.11.2014";"10,1";"mg/l"
"CXX359";"448.686";"5.428.915";"6.187";"Sauerstoff";"Karlsruhe (CXX359)";"Rhein";"2014";"28.11.2014";"10,1";"mg/l"
"CXX359";"448.686";"5.428.915";"6.187";"Sauerstoff";"Karlsruhe (CXX359)";"Rhein";"2014";"29.11.2014";"10,1";"mg/l"
"CXX359";"448.686";"5.428.915";"6.187";"Sauerstoff";"Karlsruhe (CXX359)";"Rhein";"2014";"30.11.2014";"9,9";"mg/l"
"CXX359";"448.686";"5.428.915";"6.187";"Sauerstoff";"Karlsruhe (CXX359)";"Rhein";"2014";"01.12.2014";"9,9";"mg/l"
"CXX359";"448.686";"5.428.915";"6.187";"Sauerstoff";"Karlsruhe (CXX359)";"Rhein";"2014";"02.12.2014";"10";"mg/l"
"CXX359";"448.686";"5.428.915";"6.187";"Sauerstoff";"Karlsruhe (CXX359)";"Rhein";"2014";"03.12.2014";"10,1";"mg/l"
"CXX359";"448.686";"5.428.915";"6.187";"Sauerstoff";"Karlsruhe (CXX359)";"Rhein";"2014";"04.12.2014";"10,2";"mg/l"
"CXX359";"448.686";"5.428.915";"6.187";"Sauerstoff";"Karlsruhe (CXX359)";"Rhein";"2014";"05.12.2014";"10,1";"mg/l"
"CXX359";"448.686";"5.428.915";"6.187";"Sauerstoff";"Karlsruhe (CXX359)";"Rhein";"2014";"06.12.2014";"10,1";"mg/l"
"CXX359";"448.686";"5.428.915";"6.187";"Sauerstoff";"Karlsruhe (CXX359)";"Rhein";"2014";"07.12.2014";"10,2";"mg/l"
"CXX359";"448.686";"5.428.915";"6.187";"Sauerstoff";"Karlsruhe (CXX359)";"Rhein";"2014";"08.12.2014";"10,3";"mg/l"
"CXX359";"448.686";"5.428.915";"6.187";"Sauerstoff";"Karlsruhe (CXX359)";"Rhein";"2014";"09.12.2014";"10,3";"mg/l"
"CXX359";"448.686";"5.428.915";"6.187";"Sauerstoff";"Karlsruhe (CXX359)";"Rhein";"2014";"10.12.2014";"10,5";"mg/l"
"CXX359";"448.686";"5.428.915";"6.187";"Sauerstoff";"Karlsruhe (CXX359)";"Rhein";"2014";"11.12.2014";"10,5";"mg/l"
"CXX359";"448.686";"5.428.915";"6.187";"Sauerstoff";"Karlsruhe (CXX359)";"Rhein";"2014";"12.12.2014";"10,7";"mg/l"
"CXX359";"448.686";"5.428.915";"6.187";"Sauerstoff";"Karlsruhe (CXX359)";"Rhein";"2014";"13.12.2014";"10,7";"mg/l"
"CXX359";"448.686";"5.428.915";"6.187";"Sauerstoff";"Karlsruhe (CXX359)";"Rhein";"2014";"14.12.2014";"10,5";"mg/l"
"CXX359";"448.686";"5.428.915";"6.187";"Sauerstoff";"Karlsruhe (CXX359)";"Rhein";"2014";"15.12.2014";"10,4";"mg/l"
"CXX359";"448.686";"5.428.915";"6.187";"Sauerstoff";"Karlsruhe (CXX359)";"Rhein";"2014";"16.12.2014";"10,4";"mg/l"
"CXX359";"448.686";"5.428.915";"6.187";"Sauerstoff";"Karlsruhe (CXX359)";"Rhein";"2014";"17.12.2014";"10,5";"mg/l"
"CXX359";"448.686";"5.428.915";"6.187";"Sauerstoff";"Karlsruhe (CXX359)";"Rhein";"2014";"18.12.2014";"10,6";"mg/l"
"CXX359";"448.686";"5.428.915";"6.187";"Sauerstoff";"Karlsruhe (CXX359)";"Rhein";"2014";"19.12.2014";"10,6";"mg/l"
"CXX359";"448.686";"5.428.915";"6.187";"Sauerstoff";"Karlsruhe (CXX359)";"Rhein";"2014";"20.12.2014";"10,6";"mg/l"
"CXX359";"448.686";"5.428.915";"6.187";"Sauerstoff";"Karlsruhe (CXX359)";"Rhein";"2014";"21.12.2014";"10,7";"mg/l"
"CXX359";"448.686";"5.428.915";"6.187";"Sauerstoff";"Karlsruhe (CXX359)";"Rhein";"2014";"22.12.2014";"10,8";"mg/l"
"CXX359";"448.686";"5.428.915";"6.187";"Sauerstoff";"Karlsruhe (CXX359)";"Rhein";"2014";"23.12.2014";"10,8";"mg/l"
"CXX359";"448.686";"5.428.915";"6.187";"Sauerstoff";"Karlsruhe (CXX359)";"Rhein";"2014";"24.12.2014";"10,9";"mg/l"
"CXX359";"448.686";"5.428.915";"6.187";"Sauerstoff";"Karlsruhe (CXX359)";"Rhein";"2014";"25.12.2014";"10,9";"mg/l"
"CXX359";"448.686";"5.428.915";"6.187";"Sauerstoff";"Karlsruhe (CXX359)";"Rhein";"2014";"26.12.2014";"11";"mg/l"
"CXX359";"448.686";"5.428.915";"6.187";"Sauerstoff";"Karlsruhe (CXX359)";"Rhein";"2014";"27.12.2014";"11";"mg/l"
"CXX359";"448.686";"5.428.915";"6.187";"Sauerstoff";"Karlsruhe (CXX359)";"Rhein";"2014";"28.12.2014";"11,2";"mg/l"
"CXX359";"448.686";"5.428.915";"6.187";"Sauerstoff";"Karlsruhe (CXX359)";"Rhein";"2014";"29.12.2014";"11,5";"mg/l"
"CXX359";"448.686";"5.428.915";"6.187";"Sauerstoff";"Karlsruhe (CXX359)";"Rhein";"2014";"30.12.2014";"11,7";"mg/l"
"CXX359";"448.686";"5.428.915";"6.187";"Sauerstoff";"Karlsruhe (CXX359)";"Rhein";"2014";"31.12.2014";"11,7";"mg/l"
"CXX359";"448.686";"5.428.915";"6.187";"Sauerstoff";"Karlsruhe (CXX359)";"Rhein";"2015";"01.01.2015";"11,7";"mg/l"
"CXX359";"448.686";"5.428.915";"6.187";"Sauerstoff";"Karlsruhe (CXX359)";"Rhein";"2015";"02.01.2015";"11,7";"mg/l"
"CXX359";"448.686";"5.428.915";"6.187";"Sauerstoff";"Karlsruhe (CXX359)";"Rhein";"2015";"03.01.2015";"11,8";"mg/l"
"CXX359";"448.686";"5.428.915";"6.187";"Sauerstoff";"Karlsruhe (CXX359)";"Rhein";"2015";"04.01.2015";"12,3";"mg/l"
"CXX359";"448.686";"5.428.915";"6.187";"Sauerstoff";"Karlsruhe (CXX359)";"Rhein";"2015";"05.01.2015";"12,8";"mg/l"
"CXX359";"448.686";"5.428.915";"6.187";"Sauerstoff";"Karlsruhe (CXX359)";"Rhein";"2015";"06.01.2015";"13";"mg/l"
"CXX359";"448.686";"5.428.915";"6.187";"Sauerstoff";"Karlsruhe (CXX359)";"Rhein";"2015";"07.01.2015";"13";"mg/l"
"CXX359";"448.686";"5.428.915";"6.187";"Sauerstoff";"Karlsruhe (CXX359)";"Rhein";"2015";"08.01.2015";"12,5";"mg/l"
"CXX359";"448.686";"5.428.915";"6.187";"Sauerstoff";"Karlsruhe (CXX359)";"Rhein";"2015";"09.01.2015";"11,9";"mg/l"
"CXX359";"448.686";"5.428.915";"6.187";"Sauerstoff";"Karlsruhe (CXX359)";"Rhein";"2015";"10.01.2015";"11,7";"mg/l"
"CXX359";"448.686";"5.428.915";"6.187";"Sauerstoff";"Karlsruhe (CXX359)";"Rhein";"2015";"11.01.2015";"11,8";"mg/l"
"CXX359";"448.686";"5.428.915";"6.187";"Sauerstoff";"Karlsruhe (CXX359)";"Rhein";"2015";"12.01.2015";"12,1";"mg/l"
"CXX359";"448.686";"5.428.915";"6.187";"Sauerstoff";"Karlsruhe (CXX359)";"Rhein";"2015";"13.01.2015";"12";"mg/l"
"CXX359";"448.686";"5.428.915";"6.187";"Sauerstoff";"Karlsruhe (CXX359)";"Rhein";"2015";"14.01.2015";"12";"mg/l"
"CXX359";"448.686";"5.428.915";"6.187";"Sauerstoff";"Karlsruhe (CXX359)";"Rhein";"2015";"15.01.2015";"12";"mg/l"
"CXX359";"448.686";"5.428.915";"6.187";"Sauerstoff";"Karlsruhe (CXX359)";"Rhein";"2015";"16.01.2015";"12";"mg/l"
"CXX359";"448.686";"5.428.915";"6.187";"Sauerstoff";"Karlsruhe (CXX359)";"Rhein";"2015";"17.01.2015";"12,1";"mg/l"
"CXX359";"448.686";"5.428.915";"6.187";"Sauerstoff";"Karlsruhe (CXX359)";"Rhein";"2015";"18.01.2015";"12,2";"mg/l"
"CXX359";"448.686";"5.428.915";"6.187";"Sauerstoff";"Karlsruhe (CXX359)";"Rhein";"2015";"19.01.2015";"12,1";"mg/l"
"CXX359";"448.686";"5.428.915";"6.187";"Sauerstoff";"Karlsruhe (CXX359)";"Rhein";"2015";"20.01.2015";"12,1";"mg/l"
"CXX359";"448.686";"5.428.915";"6.187";"Sauerstoff";"Karlsruhe (CXX359)";"Rhein";"2015";"21.01.2015";"12,1";"mg/l"
"CXX359";"448.686";"5.428.915";"6.187";"Sauerstoff";"Karlsruhe (CXX359)";"Rhein";"2015";"22.01.2015";"11,9";"mg/l"
"CXX359";"448.686";"5.428.915";"6.187";"Sauerstoff";"Karlsruhe (CXX359)";"Rhein";"2015";"23.01.2015";"11,8";"mg/l"
"CXX359";"448.686";"5.428.915";"6.187";"Sauerstoff";"Karlsruhe (CXX359)";"Rhein";"2015";"24.01.2015";"11,9";"mg/l"
"CXX359";"448.686";"5.428.915";"6.187";"Sauerstoff";"Karlsruhe (CXX359)";"Rhein";"2015";"25.01.2015";"11,8";"mg/l"
"CXX359";"448.686";"5.428.915";"6.187";"Sauerstoff";"Karlsruhe (CXX359)";"Rhein";"2015";"26.01.2015";"11,8";"mg/l"
"CXX359";"448.686";"5.428.915";"6.187";"Sauerstoff";"Karlsruhe (CXX359)";"Rhein";"2015";"27.01.2015";"11,8";"mg/l"
"CXX359";"448.686";"5.428.915";"6.187";"Sauerstoff";"Karlsruhe (CXX359)";"Rhein";"2015";"28.01.2015";"11,8";"mg/l"
"CXX359";"448.686";"5.428.915";"6.187";"Sauerstoff";"Karlsruhe (CXX359)";"Rhein";"2015";"29.01.2015";"11,7";"mg/l"
"CXX359";"448.686";"5.428.915";"6.187";"Sauerstoff";"Karlsruhe (CXX359)";"Rhein";"2015";"30.01.2015";"11,6";"mg/l"
"CXX359";"448.686";"5.428.915";"6.187";"Sauerstoff";"Karlsruhe (CXX359)";"Rhein";"2015";"31.01.2015";"11,9";"mg/l"
"CXX359";"448.686";"5.428.915";"6.187";"Sauerstoff";"Karlsruhe (CXX359)";"Rhein";"2015";"01.02.2015";"11,7";"mg/l"
"CXX359";"448.686";"5.428.915";"6.187";"Sauerstoff";"Karlsruhe (CXX359)";"Rhein";"2015";"02.02.2015";"11,6";"mg/l"
"CXX359";"448.686";"5.428.915";"6.187";"Sauerstoff";"Karlsruhe (CXX359)";"Rhein";"2015";"03.02.2015";"11,7";"mg/l"
"CXX359";"448.686";"5.428.915";"6.187";"Sauerstoff";"Karlsruhe (CXX359)";"Rhein";"2015";"04.02.2015";"11,8";"mg/l"
"CXX359";"448.686";"5.428.915";"6.187";"Sauerstoff";"Karlsruhe (CXX359)";"Rhein";"2015";"05.02.2015";"11,9";"mg/l"
"CXX359";"448.686";"5.428.915";"6.187";"Sauerstoff";"Karlsruhe (CXX359)";"Rhein";"2015";"06.02.2015";"12,1";"mg/l"
"CXX359";"448.686";"5.428.915";"6.187";"Sauerstoff";"Karlsruhe (CXX359)";"Rhein";"2015";"07.02.2015";"12,3";"mg/l"
"CXX359";"448.686";"5.428.915";"6.187";"Sauerstoff";"Karlsruhe (CXX359)";"Rhein";"2015";"08.02.2015";"12,2";"mg/l"
"CXX359";"448.686";"5.428.915";"6.187";"Sauerstoff";"Karlsruhe (CXX359)";"Rhein";"2015";"09.02.2015";"12,2";"mg/l"
"CXX359";"448.686";"5.428.915";"6.187";"Sauerstoff";"Karlsruhe (CXX359)";"Rhein";"2015";"10.02.2015";"12,1";"mg/l"
"CXX359";"448.686";"5.428.915";"6.187";"Sauerstoff";"Karlsruhe (CXX359)";"Rhein";"2015";"11.02.2015";"12,1";"mg/l"
"CXX359";"448.686";"5.428.915";"6.187";"Sauerstoff";"Karlsruhe (CXX359)";"Rhein";"2015";"12.02.2015";"12,1";"mg/l"
"CXX359";"448.686";"5.428.915";"6.187";"Sauerstoff";"Karlsruhe (CXX359)";"Rhein";"2015";"13.02.2015";"12,1";"mg/l"
"CXX359";"448.686";"5.428.915";"6.187";"Sauerstoff";"Karlsruhe (CXX359)";"Rhein";"2015";"14.02.2015";"12,1";"mg/l"
"CXX359";"448.686";"5.428.915";"6.187";"Sauerstoff";"Karlsruhe (CXX359)";"Rhein";"2015";"15.02.2015";"12,1";"mg/l"
"CXX359";"448.686";"5.428.915";"6.187";"Sauerstoff";"Karlsruhe (CXX359)";"Rhein";"2015";"16.02.2015";"12";"mg/l"
"CXX359";"448.686";"5.428.915";"6.187";"Sauerstoff";"Karlsruhe (CXX359)";"Rhein";"2015";"17.02.2015";"12";"mg/l"
"CXX359";"448.686";"5.428.915";"6.187";"Sauerstoff";"Karlsruhe (CXX359)";"Rhein";"2015";"18.02.2015";"12,1";"mg/l"
"CXX359";"448.686";"5.428.915";"6.187";"Sauerstoff";"Karlsruhe (CXX359)";"Rhein";"2015";"19.02.2015";"11,9";"mg/l"
"CXX359";"448.686";"5.428.915";"6.187";"Sauerstoff";"Karlsruhe (CXX359)";"Rhein";"2015";"20.02.2015";"11,9";"mg/l"
"CXX359";"448.686";"5.428.915";"6.187";"Sauerstoff";"Karlsruhe (CXX359)";"Rhein";"2015";"21.02.2015";"11,7";"mg/l"
"CXX359";"448.686";"5.428.915";"6.187";"Sauerstoff";"Karlsruhe (CXX359)";"Rhein";"2015";"22.02.2015";"11,7";"mg/l"
"CXX359";"448.686";"5.428.915";"6.187";"Sauerstoff";"Karlsruhe (CXX359)";"Rhein";"2015";"23.02.2015";"11,6";"mg/l"
"CXX359";"448.686";"5.428.915";"6.187";"Sauerstoff";"Karlsruhe (CXX359)";"Rhein";"2015";"24.02.2015";"11,6";"mg/l"
"CXX359";"448.686";"5.428.915";"6.187";"Sauerstoff";"Karlsruhe (CXX359)";"Rhein";"2015";"25.02.2015";"11,9";"mg/l"
"CXX359";"448.686";"5.428.915";"6.187";"Sauerstoff";"Karlsruhe (CXX359)";"Rhein";"2015";"26.02.2015";"11,8";"mg/l"
"CXX359";"448.686";"5.428.915";"6.187";"Sauerstoff";"Karlsruhe (CXX359)";"Rhein";"2015";"27.02.2015";"11,4";"mg/l"
"CXX359";"448.686";"5.428.915";"6.187";"Sauerstoff";"Karlsruhe (CXX359)";"Rhein";"2015";"28.02.2015";"11,4";"mg/l"
"CXX359";"448.686";"5.428.915";"6.187";"Sauerstoff";"Karlsruhe (CXX359)";"Rhein";"2015";"01.03.2015";"11,4";"mg/l"
"CXX359";"448.686";"5.428.915";"6.187";"Sauerstoff";"Karlsruhe (CXX359)";"Rhein";"2015";"02.03.2015";"11,3";"mg/l"
"CXX359";"448.686";"5.428.915";"6.187";"Sauerstoff";"Karlsruhe (CXX359)";"Rhein";"2015";"03.03.2015";"12,4";"mg/l"
"CXX359";"448.686";"5.428.915";"6.187";"Sauerstoff";"Karlsruhe (CXX359)";"Rhein";"2015";"04.03.2015";"12,7";"mg/l"
"CXX359";"448.686";"5.428.915";"6.187";"Sauerstoff";"Karlsruhe (CXX359)";"Rhein";"2015";"05.03.2015";"12,9";"mg/l"
"CXX359";"448.686";"5.428.915";"6.187";"Sauerstoff";"Karlsruhe (CXX359)";"Rhein";"2015";"06.03.2015";"12,8";"mg/l"
"CXX359";"448.686";"5.428.915";"6.187";"Sauerstoff";"Karlsruhe (CXX359)";"Rhein";"2015";"07.03.2015";"12,7";"mg/l"
"CXX359";"448.686";"5.428.915";"6.187";"Sauerstoff";"Karlsruhe (CXX359)";"Rhein";"2015";"08.03.2015";"12,3";"mg/l"
"CXX359";"448.686";"5.428.915";"6.187";"Sauerstoff";"Karlsruhe (CXX359)";"Rhein";"2015";"09.03.2015";"12";"mg/l"
"CXX359";"448.686";"5.428.915";"6.187";"Sauerstoff";"Karlsruhe (CXX359)";"Rhein";"2015";"10.03.2015";"11,8";"mg/l"
"CXX359";"448.686";"5.428.915";"6.187";"Sauerstoff";"Karlsruhe (CXX359)";"Rhein";"2015";"11.03.2015";"-";"mg/l"
"CXX359";"448.686";"5.428.915";"6.187";"Sauerstoff";"Karlsruhe (CXX359)";"Rhein";"2015";"12.03.2015";"-";"mg/l"
"CXX359";"448.686";"5.428.915";"6.187";"Sauerstoff";"Karlsruhe (CXX359)";"Rhein";"2015";"13.03.2015";"-";"mg/l"
"CXX359";"448.686";"5.428.915";"6.187";"Sauerstoff";"Karlsruhe (CXX359)";"Rhein";"2015";"14.03.2015";"11,8";"mg/l"
"CXX359";"448.686";"5.428.915";"6.187";"Sauerstoff";"Karlsruhe (CXX359)";"Rhein";"2015";"15.03.2015";"11,8";"mg/l"
"CXX359";"448.686";"5.428.915";"6.187";"Sauerstoff";"Karlsruhe (CXX359)";"Rhein";"2015";"16.03.2015";"11,9";"mg/l"
"CXX359";"448.686";"5.428.915";"6.187";"Sauerstoff";"Karlsruhe (CXX359)";"Rhein";"2015";"17.03.2015";"-";"mg/l"
"CXX359";"448.686";"5.428.915";"6.187";"Sauerstoff";"Karlsruhe (CXX359)";"Rhein";"2015";"18.03.2015";"-";"mg/l"
"CXX359";"448.686";"5.428.915";"6.187";"Sauerstoff";"Karlsruhe (CXX359)";"Rhein";"2015";"19.03.2015";"12";"mg/l"
"CXX359";"448.686";"5.428.915";"6.187";"Sauerstoff";"Karlsruhe (CXX359)";"Rhein";"2015";"20.03.2015";"11,9";"mg/l"
"CXX359";"448.686";"5.428.915";"6.187";"Sauerstoff";"Karlsruhe (CXX359)";"Rhein";"2015";"21.03.2015";"11,8";"mg/l"
"CXX359";"448.686";"5.428.915";"6.187";"Sauerstoff";"Karlsruhe (CXX359)";"Rhein";"2015";"22.03.2015";"11,7";"mg/l"
"CXX359";"448.686";"5.428.915";"6.187";"Sauerstoff";"Karlsruhe (CXX359)";"Rhein";"2015";"23.03.2015";"-";"mg/l"
"CXX359";"448.686";"5.428.915";"6.187";"Sauerstoff";"Karlsruhe (CXX359)";"Rhein";"2015";"24.03.2015";"-";"mg/l"
"CXX359";"448.686";"5.428.915";"6.187";"Sauerstoff";"Karlsruhe (CXX359)";"Rhein";"2015";"25.03.2015";"-";"mg/l"
"CXX359";"448.686";"5.428.915";"6.187";"Sauerstoff";"Karlsruhe (CXX359)";"Rhein";"2015";"26.03.2015";"-";"mg/l"
"CXX359";"448.686";"5.428.915";"6.187";"Sauerstoff";"Karlsruhe (CXX359)";"Rhein";"2015";"27.03.2015";"11,2";"mg/l"
"CXX359";"448.686";"5.428.915";"6.187";"Sauerstoff";"Karlsruhe (CXX359)";"Rhein";"2015";"28.03.2015";"11,2";"mg/l"
"CXX359";"448.686";"5.428.915";"6.187";"Sauerstoff";"Karlsruhe (CXX359)";"Rhein";"2015";"29.03.2015";"11";"mg/l"
"CXX359";"448.686";"5.428.915";"6.187";"Sauerstoff";"Karlsruhe (CXX359)";"Rhein";"2015";"30.03.2015";"10,8";"mg/l"
"CXX359";"448.686";"5.428.915";"6.187";"Sauerstoff";"Karlsruhe (CXX359)";"Rhein";"2015";"31.03.2015";"11,5";"mg/l"
"CXX359";"448.686";"5.428.915";"6.187";"Sauerstoff";"Karlsruhe (CXX359)";"Rhein";"2015";"01.04.2015";"11,8";"mg/l"
"CXX359";"448.686";"5.428.915";"6.187";"Sauerstoff";"Karlsruhe (CXX359)";"Rhein";"2015";"02.04.2015";"12";"mg/l"
"CXX359";"448.686";"5.428.915";"6.187";"Sauerstoff";"Karlsruhe (CXX359)";"Rhein";"2015";"03.04.2015";"12,4";"mg/l"
"CXX359";"448.686";"5.428.915";"6.187";"Sauerstoff";"Karlsruhe (CXX359)";"Rhein";"2015";"04.04.2015";"12,3";"mg/l"
"CXX359";"448.686";"5.428.915";"6.187";"Sauerstoff";"Karlsruhe (CXX359)";"Rhein";"2015";"05.04.2015";"12,6";"mg/l"
"CXX359";"448.686";"5.428.915";"6.187";"Sauerstoff";"Karlsruhe (CXX359)";"Rhein";"2015";"06.04.2015";"12,6";"mg/l"
"CXX359";"448.686";"5.428.915";"6.187";"Sauerstoff";"Karlsruhe (CXX359)";"Rhein";"2015";"07.04.2015";"12,7";"mg/l"
"CXX359";"448.686";"5.428.915";"6.187";"Sauerstoff";"Karlsruhe (CXX359)";"Rhein";"2015";"08.04.2015";"12,5";"mg/l"
"CXX359";"448.686";"5.428.915";"6.187";"Sauerstoff";"Karlsruhe (CXX359)";"Rhein";"2015";"09.04.2015";"12,3";"mg/l"
"CXX359";"448.686";"5.428.915";"6.187";"Sauerstoff";"Karlsruhe (CXX359)";"Rhein";"2015";"10.04.2015";"11,9";"mg/l"
"CXX359";"448.686";"5.428.915";"6.187";"Sauerstoff";"Karlsruhe (CXX359)";"Rhein";"2015";"11.04.2015";"11,5";"mg/l"
"CXX359";"448.686";"5.428.915";"6.187";"Sauerstoff";"Karlsruhe (CXX359)";"Rhein";"2015";"12.04.2015";"11,2";"mg/l"
"CXX359";"448.686";"5.428.915";"6.187";"Sauerstoff";"Karlsruhe (CXX359)";"Rhein";"2015";"13.04.2015";"11,1";"mg/l"
"CXX359";"448.686";"5.428.915";"6.187";"Sauerstoff";"Karlsruhe (CXX359)";"Rhein";"2015";"14.04.2015";"11";"mg/l"
"CXX359";"448.686";"5.428.915";"6.187";"Sauerstoff";"Karlsruhe (CXX359)";"Rhein";"2015";"15.04.2015";"11";"mg/l"
"CXX359";"448.686";"5.428.915";"6.187";"Sauerstoff";"Karlsruhe (CXX359)";"Rhein";"2015";"16.04.2015";"10,9";"mg/l"
"CXX359";"448.686";"5.428.915";"6.187";"Sauerstoff";"Karlsruhe (CXX359)";"Rhein";"2015";"17.04.2015";"10,6";"mg/l"
"CXX359";"448.686";"5.428.915";"6.187";"Sauerstoff";"Karlsruhe (CXX359)";"Rhein";"2015";"18.04.2015";"10,5";"mg/l"
"CXX359";"448.686";"5.428.915";"6.187";"Sauerstoff";"Karlsruhe (CXX359)";"Rhein";"2015";"19.04.2015";"10,7";"mg/l"
"CXX359";"448.686";"5.428.915";"6.187";"Sauerstoff";"Karlsruhe (CXX359)";"Rhein";"2015";"20.04.2015";"10,6";"mg/l"
"CXX359";"448.686";"5.428.915";"6.187";"Sauerstoff";"Karlsruhe (CXX359)";"Rhein";"2015";"21.04.2015";"10,6";"mg/l"
"CXX359";"448.686";"5.428.915";"6.187";"Sauerstoff";"Karlsruhe (CXX359)";"Rhein";"2015";"22.04.2015";"10,7";"mg/l"
"CXX359";"448.686";"5.428.915";"6.187";"Sauerstoff";"Karlsruhe (CXX359)";"Rhein";"2015";"23.04.2015";"10,6";"mg/l"
"CXX359";"448.686";"5.428.915";"6.187";"Sauerstoff";"Karlsruhe (CXX359)";"Rhein";"2015";"24.04.2015";"10,6";"mg/l"
"CXX359";"448.686";"5.428.915";"6.187";"Sauerstoff";"Karlsruhe (CXX359)";"Rhein";"2015";"25.04.2015";"10,3";"mg/l"
"CXX359";"448.686";"5.428.915";"6.187";"Sauerstoff";"Karlsruhe (CXX359)";"Rhein";"2015";"26.04.2015";"10,1";"mg/l"
"CXX359";"448.686";"5.428.915";"6.187";"Sauerstoff";"Karlsruhe (CXX359)";"Rhein";"2015";"27.04.2015";"9,9";"mg/l"
"CXX359";"448.686";"5.428.915";"6.187";"Sauerstoff";"Karlsruhe (CXX359)";"Rhein";"2015";"28.04.2015";"9,6";"mg/l"
"CXX359";"448.686";"5.428.915";"6.187";"Sauerstoff";"Karlsruhe (CXX359)";"Rhein";"2015";"29.04.2015";"10,2";"mg/l"
"CXX359";"448.686";"5.428.915";"6.187";"Sauerstoff";"Karlsruhe (CXX359)";"Rhein";"2015";"30.04.2015";"10,3";"mg/l"
"CXX359";"448.686";"5.428.915";"6.187";"Sauerstoff";"Karlsruhe (CXX359)";"Rhein";"2015";"01.05.2015";"9,9";"mg/l"
"CXX359";"448.686";"5.428.915";"6.187";"Sauerstoff";"Karlsruhe (CXX359)";"Rhein";"2015";"02.05.2015";"10,5";"mg/l"
"CXX359";"448.686";"5.428.915";"6.187";"Sauerstoff";"Karlsruhe (CXX359)";"Rhein";"2015";"03.05.2015";"10,3";"mg/l"
"CXX359";"448.686";"5.428.915";"6.187";"Sauerstoff";"Karlsruhe (CXX359)";"Rhein";"2015";"04.05.2015";"10,1";"mg/l"
"CXX359";"448.686";"5.428.915";"6.187";"Sauerstoff";"Karlsruhe (CXX359)";"Rhein";"2015";"05.05.2015";"9,9";"mg/l"
"CXX359";"448.686";"5.428.915";"6.187";"Sauerstoff";"Karlsruhe (CXX359)";"Rhein";"2015";"06.05.2015";"10";"mg/l"
"CXX359";"448.686";"5.428.915";"6.187";"Sauerstoff";"Karlsruhe (CXX359)";"Rhein";"2015";"07.05.2015";"10";"mg/l"
"CXX359";"448.686";"5.428.915";"6.187";"Sauerstoff";"Karlsruhe (CXX359)";"Rhein";"2015";"08.05.2015";"10,1";"mg/l"
"CXX359";"448.686";"5.428.915";"6.187";"Sauerstoff";"Karlsruhe (CXX359)";"Rhein";"2015";"09.05.2015";"10,2";"mg/l"
"CXX359";"448.686";"5.428.915";"6.187";"Sauerstoff";"Karlsruhe (CXX359)";"Rhein";"2015";"10.05.2015";"10,3";"mg/l"
"CXX359";"448.686";"5.428.915";"6.187";"Sauerstoff";"Karlsruhe (CXX359)";"Rhein";"2015";"11.05.2015";"10,4";"mg/l"
"CXX359";"448.686";"5.428.915";"6.187";"Sauerstoff";"Karlsruhe (CXX359)";"Rhein";"2015";"12.05.2015";"10,4";"mg/l"
"CXX359";"448.686";"5.428.915";"6.187";"Sauerstoff";"Karlsruhe (CXX359)";"Rhein";"2015";"13.05.2015";"10,3";"mg/l"
"CXX359";"448.686";"5.428.915";"6.187";"Sauerstoff";"Karlsruhe (CXX359)";"Rhein";"2015";"14.05.2015";"10,2";"mg/l"
"CXX359";"448.686";"5.428.915";"6.187";"Sauerstoff";"Karlsruhe (CXX359)";"Rhein";"2015";"15.05.2015";"10,1";"mg/l"
"CXX359";"448.686";"5.428.915";"6.187";"Sauerstoff";"Karlsruhe (CXX359)";"Rhein";"2015";"16.05.2015";"10,2";"mg/l"
"CXX359";"448.686";"5.428.915";"6.187";"Sauerstoff";"Karlsruhe (CXX359)";"Rhein";"2015";"17.05.2015";"10,3";"mg/l"
"CXX359";"448.686";"5.428.915";"6.187";"Sauerstoff";"Karlsruhe (CXX359)";"Rhein";"2015";"18.05.2015";"-";"mg/l"
"CXX359";"448.686";"5.428.915";"6.187";"Sauerstoff";"Karlsruhe (CXX359)";"Rhein";"2015";"19.05.2015";"-";"mg/l"
"CXX359";"448.686";"5.428.915";"6.187";"Sauerstoff";"Karlsruhe (CXX359)";"Rhein";"2015";"20.05.2015";"-";"mg/l"
"CXX359";"448.686";"5.428.915";"6.187";"Sauerstoff";"Karlsruhe (CXX359)";"Rhein";"2015";"21.05.2015";"-";"mg/l"
"CXX359";"448.686";"5.428.915";"6.187";"Sauerstoff";"Karlsruhe (CXX359)";"Rhein";"2015";"22.05.2015";"-";"mg/l"
"CXX359";"448.686";"5.428.915";"6.187";"Sauerstoff";"Karlsruhe (CXX359)";"Rhein";"2015";"23.05.2015";"-";"mg/l"
"CXX359";"448.686";"5.428.915";"6.187";"Sauerstoff";"Karlsruhe (CXX359)";"Rhein";"2015";"24.05.2015";"10,5";"mg/l"
"CXX359";"448.686";"5.428.915";"6.187";"Sauerstoff";"Karlsruhe (CXX359)";"Rhein";"2015";"25.05.2015";"10,5";"mg/l"
"CXX359";"448.686";"5.428.915";"6.187";"Sauerstoff";"Karlsruhe (CXX359)";"Rhein";"2015";"26.05.2015";"10,3";"mg/l"
"CXX359";"448.686";"5.428.915";"6.187";"Sauerstoff";"Karlsruhe (CXX359)";"Rhein";"2015";"27.05.2015";"10,4";"mg/l"
"CXX359";"448.686";"5.428.915";"6.187";"Sauerstoff";"Karlsruhe (CXX359)";"Rhein";"2015";"28.05.2015";"10,5";"mg/l"
"CXX359";"448.686";"5.428.915";"6.187";"Sauerstoff";"Karlsruhe (CXX359)";"Rhein";"2015";"29.05.2015";"10,4";"mg/l"
"CXX359";"448.686";"5.428.915";"6.187";"Sauerstoff";"Karlsruhe (CXX359)";"Rhein";"2015";"30.05.2015";"10,1";"mg/l"
"CXX359";"448.686";"5.428.915";"6.187";"Sauerstoff";"Karlsruhe (CXX359)";"Rhein";"2015";"31.05.2015";"9,9";"mg/l"
"CXX359";"448.686";"5.428.915";"6.187";"Sauerstoff";"Karlsruhe (CXX359)";"Rhein";"2015";"01.06.2015";"9,6";"mg/l"
"CXX359";"448.686";"5.428.915";"6.187";"Sauerstoff";"Karlsruhe (CXX359)";"Rhein";"2015";"02.06.2015";"9,5";"mg/l"
"CXX359";"448.686";"5.428.915";"6.187";"Sauerstoff";"Karlsruhe (CXX359)";"Rhein";"2015";"03.06.2015";"9,5";"mg/l"
"CXX359";"448.686";"5.428.915";"6.187";"Sauerstoff";"Karlsruhe (CXX359)";"Rhein";"2015";"04.06.2015";"9,3";"mg/l"
"CXX359";"448.686";"5.428.915";"6.187";"Sauerstoff";"Karlsruhe (CXX359)";"Rhein";"2015";"05.06.2015";"9,2";"mg/l"
"CXX359";"448.686";"5.428.915";"6.187";"Sauerstoff";"Karlsruhe (CXX359)";"Rhein";"2015";"06.06.2015";"9,2";"mg/l"
"CXX359";"448.686";"5.428.915";"6.187";"Sauerstoff";"Karlsruhe (CXX359)";"Rhein";"2015";"07.06.2015";"9";"mg/l"
"CXX359";"448.686";"5.428.915";"6.187";"Sauerstoff";"Karlsruhe (CXX359)";"Rhein";"2015";"08.06.2015";"8,5";"mg/l"
"CXX359";"448.686";"5.428.915";"6.187";"Sauerstoff";"Karlsruhe (CXX359)";"Rhein";"2015";"09.06.2015";"8,5";"mg/l"
"CXX359";"448.686";"5.428.915";"6.187";"Sauerstoff";"Karlsruhe (CXX359)";"Rhein";"2015";"10.06.2015";"8,5";"mg/l"
"CXX359";"448.686";"5.428.915";"6.187";"Sauerstoff";"Karlsruhe (CXX359)";"Rhein";"2015";"11.06.2015";"8,2";"mg/l"
"CXX359";"448.686";"5.428.915";"6.187";"Sauerstoff";"Karlsruhe (CXX359)";"Rhein";"2015";"12.06.2015";"8,3";"mg/l"
"CXX359";"448.686";"5.428.915";"6.187";"Sauerstoff";"Karlsruhe (CXX359)";"Rhein";"2015";"13.06.2015";"8,4";"mg/l"
"CXX359";"448.686";"5.428.915";"6.187";"Sauerstoff";"Karlsruhe (CXX359)";"Rhein";"2015";"14.06.2015";"-";"mg/l"
"CXX359";"448.686";"5.428.915";"6.187";"Sauerstoff";"Karlsruhe (CXX359)";"Rhein";"2015";"15.06.2015";"-";"mg/l"
"CXX359";"448.686";"5.428.915";"6.187";"Sauerstoff";"Karlsruhe (CXX359)";"Rhein";"2015";"16.06.2015";"-";"mg/l"
"CXX359";"448.686";"5.428.915";"6.187";"Sauerstoff";"Karlsruhe (CXX359)";"Rhein";"2015";"17.06.2015";"-";"mg/l"
"CXX359";"448.686";"5.428.915";"6.187";"Sauerstoff";"Karlsruhe (CXX359)";"Rhein";"2015";"18.06.2015";"-";"mg/l"
"CXX359";"448.686";"5.428.915";"6.187";"Sauerstoff";"Karlsruhe (CXX359)";"Rhein";"2015";"19.06.2015";"8,5";"mg/l"
"CXX359";"448.686";"5.428.915";"6.187";"Sauerstoff";"Karlsruhe (CXX359)";"Rhein";"2015";"20.06.2015";"8,8";"mg/l"
"CXX359";"448.686";"5.428.915";"6.187";"Sauerstoff";"Karlsruhe (CXX359)";"Rhein";"2015";"21.06.2015";"8,9";"mg/l"
"CXX359";"448.686";"5.428.915";"6.187";"Sauerstoff";"Karlsruhe (CXX359)";"Rhein";"2015";"22.06.2015";"9";"mg/l"
"CXX359";"448.686";"5.428.915";"6.187";"Sauerstoff";"Karlsruhe (CXX359)";"Rhein";"2015";"23.06.2015";"9,2";"mg/l"
"CXX359";"448.686";"5.428.915";"6.187";"Sauerstoff";"Karlsruhe (CXX359)";"Rhein";"2015";"24.06.2015";"9,5";"mg/l"
"CXX359";"448.686";"5.428.915";"6.187";"Sauerstoff";"Karlsruhe (CXX359)";"Rhein";"2015";"25.06.2015";"9,5";"mg/l"
"CXX359";"448.686";"5.428.915";"6.187";"Sauerstoff";"Karlsruhe (CXX359)";"Rhein";"2015";"26.06.2015";"9,4";"mg/l"
"CXX359";"448.686";"5.428.915";"6.187";"Sauerstoff";"Karlsruhe (CXX359)";"Rhein";"2015";"27.06.2015";"9,1";"mg/l"
"CXX359";"448.686";"5.428.915";"6.187";"Sauerstoff";"Karlsruhe (CXX359)";"Rhein";"2015";"28.06.2015";"8,8";"mg/l"
"CXX359";"448.686";"5.428.915";"6.187";"Sauerstoff";"Karlsruhe (CXX359)";"Rhein";"2015";"29.06.2015";"8,8";"mg/l"
"CXX359";"448.686";"5.428.915";"6.187";"Sauerstoff";"Karlsruhe (CXX359)";"Rhein";"2015";"30.06.2015";"8,7";"mg/l"
"CXX359";"448.686";"5.428.915";"6.187";"Sauerstoff";"Karlsruhe (CXX359)";"Rhein";"2015";"01.07.2015";"8,7";"mg/l"
"CXX359";"448.686";"5.428.915";"6.187";"Sauerstoff";"Karlsruhe (CXX359)";"Rhein";"2015";"02.07.2015";"8,7";"mg/l"
"CXX359";"448.686";"5.428.915";"6.187";"Sauerstoff";"Karlsruhe (CXX359)";"Rhein";"2015";"03.07.2015";"8,6";"mg/l"
"CXX359";"448.686";"5.428.915";"6.187";"Sauerstoff";"Karlsruhe (CXX359)";"Rhein";"2015";"04.07.2015";"8,5";"mg/l"
"CXX359";"448.686";"5.428.915";"6.187";"Sauerstoff";"Karlsruhe (CXX359)";"Rhein";"2015";"05.07.2015";"8,4";"mg/l"
"CXX359";"448.686";"5.428.915";"6.187";"Sauerstoff";"Karlsruhe (CXX359)";"Rhein";"2015";"06.07.2015";"8,3";"mg/l"
"CXX359";"448.686";"5.428.915";"6.187";"Sauerstoff";"Karlsruhe (CXX359)";"Rhein";"2015";"07.07.2015";"8,2";"mg/l"
"CXX359";"448.686";"5.428.915";"6.187";"Sauerstoff";"Karlsruhe (CXX359)";"Rhein";"2015";"08.07.2015";"8";"mg/l"
"CXX359";"448.686";"5.428.915";"6.187";"Sauerstoff";"Karlsruhe (CXX359)";"Rhein";"2015";"09.07.2015";"7,9";"mg/l"
"CXX359";"448.686";"5.428.915";"6.187";"Sauerstoff";"Karlsruhe (CXX359)";"Rhein";"2015";"10.07.2015";"7,9";"mg/l"
"CXX359";"448.686";"5.428.915";"6.187";"Sauerstoff";"Karlsruhe (CXX359)";"Rhein";"2015";"11.07.2015";"8";"mg/l"
"CXX359";"448.686";"5.428.915";"6.187";"Sauerstoff";"Karlsruhe (CXX359)";"Rhein";"2015";"12.07.2015";"8";"mg/l"
"CXX359";"448.686";"5.428.915";"6.187";"Sauerstoff";"Karlsruhe (CXX359)";"Rhein";"2015";"13.07.2015";"8";"mg/l"
"CXX359";"448.686";"5.428.915";"6.187";"Sauerstoff";"Karlsruhe (CXX359)";"Rhein";"2015";"14.07.2015";"8";"mg/l"
"CXX359";"448.686";"5.428.915";"6.187";"Sauerstoff";"Karlsruhe (CXX359)";"Rhein";"2015";"15.07.2015";"8,1";"mg/l"
"CXX359";"448.686";"5.428.915";"6.187";"Sauerstoff";"Karlsruhe (CXX359)";"Rhein";"2015";"16.07.2015";"7,7";"mg/l"
"CXX359";"448.686";"5.428.915";"6.187";"Sauerstoff";"Karlsruhe (CXX359)";"Rhein";"2015";"17.07.2015";"8,2";"mg/l"
"CXX359";"448.686";"5.428.915";"6.187";"Sauerstoff";"Karlsruhe (CXX359)";"Rhein";"2015";"18.07.2015";"8";"mg/l"
"CXX359";"448.686";"5.428.915";"6.187";"Sauerstoff";"Karlsruhe (CXX359)";"Rhein";"2015";"19.07.2015";"7,9";"mg/l"
"CXX359";"448.686";"5.428.915";"6.187";"Sauerstoff";"Karlsruhe (CXX359)";"Rhein";"2015";"20.07.2015";"7,8";"mg/l"
"CXX359";"448.686";"5.428.915";"6.187";"Sauerstoff";"Karlsruhe (CXX359)";"Rhein";"2015";"21.07.2015";"7,8";"mg/l"
"CXX359";"448.686";"5.428.915";"6.187";"Sauerstoff";"Karlsruhe (CXX359)";"Rhein";"2015";"22.07.2015";"7,7";"mg/l"
"CXX359";"448.686";"5.428.915";"6.187";"Sauerstoff";"Karlsruhe (CXX359)";"Rhein";"2015";"23.07.2015";"7,6";"mg/l"
"CXX359";"448.686";"5.428.915";"6.187";"Sauerstoff";"Karlsruhe (CXX359)";"Rhein";"2015";"24.07.2015";"7,7";"mg/l"
"CXX359";"448.686";"5.428.915";"6.187";"Sauerstoff";"Karlsruhe (CXX359)";"Rhein";"2015";"25.07.2015";"7,6";"mg/l"
"CXX359";"448.686";"5.428.915";"6.187";"Sauerstoff";"Karlsruhe (CXX359)";"Rhein";"2015";"26.07.2015";"7,6";"mg/l"
"CXX359";"448.686";"5.428.915";"6.187";"Sauerstoff";"Karlsruhe (CXX359)";"Rhein";"2015";"27.07.2015";"7,5";"mg/l"
"CXX359";"448.686";"5.428.915";"6.187";"Sauerstoff";"Karlsruhe (CXX359)";"Rhein";"2015";"28.07.2015";"7,5";"mg/l"
"CXX359";"448.686";"5.428.915";"6.187";"Sauerstoff";"Karlsruhe (CXX359)";"Rhein";"2015";"29.07.2015";"7,6";"mg/l"
"CXX359";"448.686";"5.428.915";"6.187";"Sauerstoff";"Karlsruhe (CXX359)";"Rhein";"2015";"30.07.2015";"7,7";"mg/l"
"CXX359";"448.686";"5.428.915";"6.187";"Sauerstoff";"Karlsruhe (CXX359)";"Rhein";"2015";"31.07.2015";"8,1";"mg/l"
"CXX359";"448.686";"5.428.915";"6.187";"Sauerstoff";"Karlsruhe (CXX359)";"Rhein";"2015";"01.08.2015";"8,4";"mg/l"
"CXX359";"448.686";"5.428.915";"6.187";"Sauerstoff";"Karlsruhe (CXX359)";"Rhein";"2015";"02.08.2015";"8,5";"mg/l"
"CXX359";"448.686";"5.428.915";"6.187";"Sauerstoff";"Karlsruhe (CXX359)";"Rhein";"2015";"03.08.2015";"8,8";"mg/l"
"CXX359";"448.686";"5.428.915";"6.187";"Sauerstoff";"Karlsruhe (CXX359)";"Rhein";"2015";"04.08.2015";"8,7";"mg/l"
"CXX359";"448.686";"5.428.915";"6.187";"Sauerstoff";"Karlsruhe (CXX359)";"Rhein";"2015";"05.08.2015";"8,7";"mg/l"
"CXX359";"448.686";"5.428.915";"6.187";"Sauerstoff";"Karlsruhe (CXX359)";"Rhein";"2015";"06.08.2015";"8,7";"mg/l"
"CXX359";"448.686";"5.428.915";"6.187";"Sauerstoff";"Karlsruhe (CXX359)";"Rhein";"2015";"07.08.2015";"8,6";"mg/l"
"CXX359";"448.686";"5.428.915";"6.187";"Sauerstoff";"Karlsruhe (CXX359)";"Rhein";"2015";"08.08.2015";"8,5";"mg/l"
"CXX359";"448.686";"5.428.915";"6.187";"Sauerstoff";"Karlsruhe (CXX359)";"Rhein";"2015";"09.08.2015";"8,4";"mg/l"
"CXX359";"448.686";"5.428.915";"6.187";"Sauerstoff";"Karlsruhe (CXX359)";"Rhein";"2015";"10.08.2015";"8,1";"mg/l"
"CXX359";"448.686";"5.428.915";"6.187";"Sauerstoff";"Karlsruhe (CXX359)";"Rhein";"2015";"11.08.2015";"8,2";"mg/l"
"CXX359";"448.686";"5.428.915";"6.187";"Sauerstoff";"Karlsruhe (CXX359)";"Rhein";"2015";"12.08.2015";"8,1";"mg/l"
"CXX359";"448.686";"5.428.915";"6.187";"Sauerstoff";"Karlsruhe (CXX359)";"Rhein";"2015";"13.08.2015";"8";"mg/l"
"CXX359";"448.686";"5.428.915";"6.187";"Sauerstoff";"Karlsruhe (CXX359)";"Rhein";"2015";"14.08.2015";"7,6";"mg/l"
"CXX359";"448.686";"5.428.915";"6.187";"Sauerstoff";"Karlsruhe (CXX359)";"Rhein";"2015";"15.08.2015";"7,5";"mg/l"
"CXX359";"448.686";"5.428.915";"6.187";"Sauerstoff";"Karlsruhe (CXX359)";"Rhein";"2015";"16.08.2015";"7,3";"mg/l"
"CXX359";"448.686";"5.428.915";"6.187";"Sauerstoff";"Karlsruhe (CXX359)";"Rhein";"2015";"17.08.2015";"7,2";"mg/l"
"CXX359";"448.686";"5.428.915";"6.187";"Sauerstoff";"Karlsruhe (CXX359)";"Rhein";"2015";"18.08.2015";"7,5";"mg/l"
"CXX359";"448.686";"5.428.915";"6.187";"Sauerstoff";"Karlsruhe (CXX359)";"Rhein";"2015";"19.08.2015";"7,6";"mg/l"
"CXX359";"448.686";"5.428.915";"6.187";"Sauerstoff";"Karlsruhe (CXX359)";"Rhein";"2015";"20.08.2015";"7,8";"mg/l"
"CXX359";"448.686";"5.428.915";"6.187";"Sauerstoff";"Karlsruhe (CXX359)";"Rhein";"2015";"21.08.2015";"8";"mg/l"
"CXX359";"448.686";"5.428.915";"6.187";"Sauerstoff";"Karlsruhe (CXX359)";"Rhein";"2015";"22.08.2015";"8,1";"mg/l"
"CXX359";"448.686";"5.428.915";"6.187";"Sauerstoff";"Karlsruhe (CXX359)";"Rhein";"2015";"23.08.2015";"8";"mg/l"
"CXX359";"448.686";"5.428.915";"6.187";"Sauerstoff";"Karlsruhe (CXX359)";"Rhein";"2015";"24.08.2015";"7,8";"mg/l"
"CXX359";"448.686";"5.428.915";"6.187";"Sauerstoff";"Karlsruhe (CXX359)";"Rhein";"2015";"25.08.2015";"7,9";"mg/l"
"CXX359";"448.686";"5.428.915";"6.187";"Sauerstoff";"Karlsruhe (CXX359)";"Rhein";"2015";"26.08.2015";"8,1";"mg/l"
"CXX359";"448.686";"5.428.915";"6.187";"Sauerstoff";"Karlsruhe (CXX359)";"Rhein";"2015";"27.08.2015";"8,1";"mg/l"
"CXX359";"448.686";"5.428.915";"6.187";"Sauerstoff";"Karlsruhe (CXX359)";"Rhein";"2015";"28.08.2015";"7,8";"mg/l"
"CXX359";"448.686";"5.428.915";"6.187";"Sauerstoff";"Karlsruhe (CXX359)";"Rhein";"2015";"29.08.2015";"8";"mg/l"
"CXX359";"448.686";"5.428.915";"6.187";"Sauerstoff";"Karlsruhe (CXX359)";"Rhein";"2015";"30.08.2015";"8,1";"mg/l"
"CXX359";"448.686";"5.428.915";"6.187";"Sauerstoff";"Karlsruhe (CXX359)";"Rhein";"2015";"31.08.2015";"8,3";"mg/l"
"CXX359";"448.686";"5.428.915";"6.187";"Sauerstoff";"Karlsruhe (CXX359)";"Rhein";"2015";"01.09.2015";"8,2";"mg/l"
"CXX359";"448.686";"5.428.915";"6.187";"Sauerstoff";"Karlsruhe (CXX359)";"Rhein";"2015";"02.09.2015";"8,3";"mg/l"
"CXX359";"448.686";"5.428.915";"6.187";"Sauerstoff";"Karlsruhe (CXX359)";"Rhein";"2015";"03.09.2015";"8,2";"mg/l"
"CXX359";"448.686";"5.428.915";"6.187";"Sauerstoff";"Karlsruhe (CXX359)";"Rhein";"2015";"04.09.2015";"8,2";"mg/l"
"CXX359";"448.686";"5.428.915";"6.187";"Sauerstoff";"Karlsruhe (CXX359)";"Rhein";"2015";"05.09.2015";"8,1";"mg/l"
"CXX359";"448.686";"5.428.915";"6.187";"Sauerstoff";"Karlsruhe (CXX359)";"Rhein";"2015";"06.09.2015";"8,2";"mg/l"
"CXX359";"448.686";"5.428.915";"6.187";"Sauerstoff";"Karlsruhe (CXX359)";"Rhein";"2015";"07.09.2015";"8,2";"mg/l"
"CXX359";"448.686";"5.428.915";"6.187";"Sauerstoff";"Karlsruhe (CXX359)";"Rhein";"2015";"08.09.2015";"8,5";"mg/l"
"CXX359";"448.686";"5.428.915";"6.187";"Sauerstoff";"Karlsruhe (CXX359)";"Rhein";"2015";"09.09.2015";"8,7";"mg/l"
"CXX359";"448.686";"5.428.915";"6.187";"Sauerstoff";"Karlsruhe (CXX359)";"Rhein";"2015";"10.09.2015";"8,9";"mg/l"
"CXX359";"448.686";"5.428.915";"6.187";"Sauerstoff";"Karlsruhe (CXX359)";"Rhein";"2015";"11.09.2015";"9";"mg/l"
"CXX359";"448.686";"5.428.915";"6.187";"Sauerstoff";"Karlsruhe (CXX359)";"Rhein";"2015";"12.09.2015";"8,9";"mg/l"
"CXX359";"448.686";"5.428.915";"6.187";"Sauerstoff";"Karlsruhe (CXX359)";"Rhein";"2015";"13.09.2015";"8,9";"mg/l"
"CXX359";"448.686";"5.428.915";"6.187";"Sauerstoff";"Karlsruhe (CXX359)";"Rhein";"2015";"14.09.2015";"8,8";"mg/l"
"CXX359";"448.686";"5.428.915";"6.187";"Sauerstoff";"Karlsruhe (CXX359)";"Rhein";"2015";"15.09.2015";"8,6";"mg/l"
"CXX359";"448.686";"5.428.915";"6.187";"Sauerstoff";"Karlsruhe (CXX359)";"Rhein";"2015";"16.09.2015";"8,4";"mg/l"
"CXX359";"448.686";"5.428.915";"6.187";"Sauerstoff";"Karlsruhe (CXX359)";"Rhein";"2015";"17.09.2015";"8,2";"mg/l"
"CXX359";"448.686";"5.428.915";"6.187";"Sauerstoff";"Karlsruhe (CXX359)";"Rhein";"2015";"18.09.2015";"8,2";"mg/l"
"CXX359";"448.686";"5.428.915";"6.187";"Sauerstoff";"Karlsruhe (CXX359)";"Rhein";"2015";"19.09.2015";"8,2";"mg/l"
"CXX359";"448.686";"5.428.915";"6.187";"Sauerstoff";"Karlsruhe (CXX359)";"Rhein";"2015";"20.09.2015";"8,2";"mg/l"
"CXX359";"448.686";"5.428.915";"6.187";"Sauerstoff";"Karlsruhe (CXX359)";"Rhein";"2015";"21.09.2015";"8,4";"mg/l"
"CXX359";"448.686";"5.428.915";"6.187";"Sauerstoff";"Karlsruhe (CXX359)";"Rhein";"2015";"22.09.2015";"8,3";"mg/l"
"CXX359";"448.686";"5.428.915";"6.187";"Sauerstoff";"Karlsruhe (CXX359)";"Rhein";"2015";"23.09.2015";"8,4";"mg/l"
"CXX359";"448.686";"5.428.915";"6.187";"Sauerstoff";"Karlsruhe (CXX359)";"Rhein";"2015";"24.09.2015";"8,7";"mg/l"
"CXX359";"448.686";"5.428.915";"6.187";"Sauerstoff";"Karlsruhe (CXX359)";"Rhein";"2015";"25.09.2015";"8,8";"mg/l"
"CXX359";"448.686";"5.428.915";"6.187";"Sauerstoff";"Karlsruhe (CXX359)";"Rhein";"2015";"26.09.2015";"8,8";"mg/l"
"CXX359";"448.686";"5.428.915";"6.187";"Sauerstoff";"Karlsruhe (CXX359)";"Rhein";"2015";"27.09.2015";"9";"mg/l"
"CXX359";"448.686";"5.428.915";"6.187";"Sauerstoff";"Karlsruhe (CXX359)";"Rhein";"2015";"28.09.2015";"9,2";"mg/l"
"CXX359";"448.686";"5.428.915";"6.187";"Sauerstoff";"Karlsruhe (CXX359)";"Rhein";"2015";"29.09.2015";"9,5";"mg/l"
"CXX359";"448.686";"5.428.915";"6.187";"Sauerstoff";"Karlsruhe (CXX359)";"Rhein";"2015";"30.09.2015";"9,7";"mg/l"
"CXX359";"448.686";"5.428.915";"6.187";"Sauerstoff";"Karlsruhe (CXX359)";"Rhein";"2015";"01.10.2015";"9,8";"mg/l"
"CXX359";"448.686";"5.428.915";"6.187";"Sauerstoff";"Karlsruhe (CXX359)";"Rhein";"2015";"02.10.2015";"9,8";"mg/l"
"CXX359";"448.686";"5.428.915";"6.187";"Sauerstoff";"Karlsruhe (CXX359)";"Rhein";"2015";"03.10.2015";"9,6";"mg/l"
"CXX359";"448.686";"5.428.915";"6.187";"Sauerstoff";"Karlsruhe (CXX359)";"Rhein";"2015";"04.10.2015";"9,2";"mg/l"
"CXX359";"448.686";"5.428.915";"6.187";"Sauerstoff";"Karlsruhe (CXX359)";"Rhein";"2015";"05.10.2015";"9,4";"mg/l"
"CXX359";"448.686";"5.428.915";"6.187";"Sauerstoff";"Karlsruhe (CXX359)";"Rhein";"2015";"06.10.2015";"9,3";"mg/l"
"CXX359";"448.686";"5.428.915";"6.187";"Sauerstoff";"Karlsruhe (CXX359)";"Rhein";"2015";"07.10.2015";"9,2";"mg/l"
"CXX359";"448.686";"5.428.915";"6.187";"Sauerstoff";"Karlsruhe (CXX359)";"Rhein";"2015";"08.10.2015";"9,2";"mg/l"
"CXX359";"448.686";"5.428.915";"6.187";"Sauerstoff";"Karlsruhe (CXX359)";"Rhein";"2015";"09.10.2015";"9,2";"mg/l"
"CXX359";"448.686";"5.428.915";"6.187";"Sauerstoff";"Karlsruhe (CXX359)";"Rhein";"2015";"10.10.2015";"9";"mg/l"
"CXX359";"448.686";"5.428.915";"6.187";"Sauerstoff";"Karlsruhe (CXX359)";"Rhein";"2015";"11.10.2015";"9,3";"mg/l"
"CXX359";"448.686";"5.428.915";"6.187";"Sauerstoff";"Karlsruhe (CXX359)";"Rhein";"2015";"12.10.2015";"9,5";"mg/l"
"CXX359";"448.686";"5.428.915";"6.187";"Sauerstoff";"Karlsruhe (CXX359)";"Rhein";"2015";"13.10.2015";"9,5";"mg/l"
"CXX359";"448.686";"5.428.915";"6.187";"Sauerstoff";"Karlsruhe (CXX359)";"Rhein";"2015";"14.10.2015";"9,2";"mg/l"
"CXX359";"448.686";"5.428.915";"6.187";"Sauerstoff";"Karlsruhe (CXX359)";"Rhein";"2015";"15.10.2015";"9,2";"mg/l"
"CXX359";"448.686";"5.428.915";"6.187";"Sauerstoff";"Karlsruhe (CXX359)";"Rhein";"2015";"16.10.2015";"9,3";"mg/l"
"CXX359";"448.686";"5.428.915";"6.187";"Sauerstoff";"Karlsruhe (CXX359)";"Rhein";"2015";"17.10.2015";"9,3";"mg/l"
"CXX359";"448.686";"5.428.915";"6.187";"Sauerstoff";"Karlsruhe (CXX359)";"Rhein";"2015";"18.10.2015";"9,5";"mg/l"
"CXX359";"448.686";"5.428.915";"6.187";"Sauerstoff";"Karlsruhe (CXX359)";"Rhein";"2015";"19.10.2015";"9,5";"mg/l"
"CXX359";"448.686";"5.428.915";"6.187";"Sauerstoff";"Karlsruhe (CXX359)";"Rhein";"2015";"20.10.2015";"9,6";"mg/l"
"CXX359";"448.686";"5.428.915";"6.187";"Sauerstoff";"Karlsruhe (CXX359)";"Rhein";"2015";"21.10.2015";"9,7";"mg/l"
"CXX359";"448.686";"5.428.915";"6.187";"Sauerstoff";"Karlsruhe (CXX359)";"Rhein";"2015";"22.10.2015";"9,8";"mg/l"
"CXX359";"448.686";"5.428.915";"6.187";"Sauerstoff";"Karlsruhe (CXX359)";"Rhein";"2015";"23.10.2015";"9,8";"mg/l"
"CXX359";"448.686";"5.428.915";"6.187";"Sauerstoff";"Karlsruhe (CXX359)";"Rhein";"2015";"24.10.2015";"9,8";"mg/l"
"CXX359";"448.686";"5.428.915";"6.187";"Sauerstoff";"Karlsruhe (CXX359)";"Rhein";"2015";"25.10.2015";"9,6";"mg/l"
"CXX359";"448.686";"5.428.915";"6.187";"Sauerstoff";"Karlsruhe (CXX359)";"Rhein";"2015";"26.10.2015";"9,7";"mg/l"
"CXX359";"448.686";"5.428.915";"6.187";"Sauerstoff";"Karlsruhe (CXX359)";"Rhein";"2015";"27.10.2015";"9,5";"mg/l"
"CXX359";"448.686";"5.428.915";"6.187";"Sauerstoff";"Karlsruhe (CXX359)";"Rhein";"2015";"28.10.2015";"9,5";"mg/l"
"CXX359";"448.686";"5.428.915";"6.187";"Sauerstoff";"Karlsruhe (CXX359)";"Rhein";"2015";"29.10.2015";"9,5";"mg/l"
"CXX359";"448.686";"5.428.915";"6.187";"Sauerstoff";"Karlsruhe (CXX359)";"Rhein";"2015";"30.10.2015";"9,6";"mg/l"
"CXX359";"448.686";"5.428.915";"6.187";"Sauerstoff";"Karlsruhe (CXX359)";"Rhein";"2015";"31.10.2015";"9,6";"mg/l"
"CXX359";"448.686";"5.428.915";"6.187";"Sauerstoff";"Karlsruhe (CXX359)";"Rhein";"2015";"01.11.2015";"9,4";"mg/l"
"CXX359";"448.686";"5.428.915";"6.187";"Sauerstoff";"Karlsruhe (CXX359)";"Rhein";"2015";"02.11.2015";"9,4";"mg/l"
"CXX359";"448.686";"5.428.915";"6.187";"Sauerstoff";"Karlsruhe (CXX359)";"Rhein";"2015";"03.11.2015";"9,3";"mg/l"
"CXX359";"448.686";"5.428.915";"6.187";"Sauerstoff";"Karlsruhe (CXX359)";"Rhein";"2015";"04.11.2015";"9,5";"mg/l"
"CXX359";"448.686";"5.428.915";"6.187";"Sauerstoff";"Karlsruhe (CXX359)";"Rhein";"2015";"05.11.2015";"9,5";"mg/l"
"CXX359";"448.686";"5.428.915";"6.187";"Sauerstoff";"Karlsruhe (CXX359)";"Rhein";"2015";"06.11.2015";"9,5";"mg/l"
"CXX359";"448.686";"5.428.915";"6.187";"Sauerstoff";"Karlsruhe (CXX359)";"Rhein";"2015";"07.11.2015";"9,5";"mg/l"
"CXX359";"448.686";"5.428.915";"6.187";"Sauerstoff";"Karlsruhe (CXX359)";"Rhein";"2015";"08.11.2015";"9,5";"mg/l"
"CXX359";"448.686";"5.428.915";"6.187";"Sauerstoff";"Karlsruhe (CXX359)";"Rhein";"2015";"09.11.2015";"9,4";"mg/l"
"CXX359";"448.686";"5.428.915";"6.187";"Sauerstoff";"Karlsruhe (CXX359)";"Rhein";"2015";"10.11.2015";"9,5";"mg/l"
"CXX359";"448.686";"5.428.915";"6.187";"Sauerstoff";"Karlsruhe (CXX359)";"Rhein";"2015";"11.11.2015";"9,6";"mg/l"
"CXX359";"448.686";"5.428.915";"6.187";"Sauerstoff";"Karlsruhe (CXX359)";"Rhein";"2015";"12.11.2015";"9,6";"mg/l"
"CXX359";"448.686";"5.428.915";"6.187";"Sauerstoff";"Karlsruhe (CXX359)";"Rhein";"2015";"13.11.2015";"9,6";"mg/l"
"CXX359";"448.686";"5.428.915";"6.187";"Sauerstoff";"Karlsruhe (CXX359)";"Rhein";"2015";"14.11.2015";"9,8";"mg/l"
"CXX359";"448.686";"5.428.915";"6.187";"Sauerstoff";"Karlsruhe (CXX359)";"Rhein";"2015";"15.11.2015";"9,9";"mg/l"
"CXX359";"448.686";"5.428.915";"6.187";"Sauerstoff";"Karlsruhe (CXX359)";"Rhein";"2015";"16.11.2015";"9,9";"mg/l"
"CXX359";"448.686";"5.428.915";"6.187";"Sauerstoff";"Karlsruhe (CXX359)";"Rhein";"2015";"17.11.2015";"9,8";"mg/l"
"CXX359";"448.686";"5.428.915";"6.187";"Sauerstoff";"Karlsruhe (CXX359)";"Rhein";"2015";"18.11.2015";"9,9";"mg/l"
"CXX359";"448.686";"5.428.915";"6.187";"Sauerstoff";"Karlsruhe (CXX359)";"Rhein";"2015";"19.11.2015";"9,7";"mg/l"
"CXX359";"448.686";"5.428.915";"6.187";"Sauerstoff";"Karlsruhe (CXX359)";"Rhein";"2015";"20.11.2015";"9,6";"mg/l"
"CXX359";"448.686";"5.428.915";"6.187";"Sauerstoff";"Karlsruhe (CXX359)";"Rhein";"2015";"21.11.2015";"9,7";"mg/l"
"CXX359";"448.686";"5.428.915";"6.187";"Sauerstoff";"Karlsruhe (CXX359)";"Rhein";"2015";"22.11.2015";"10,2";"mg/l"
"CXX359";"448.686";"5.428.915";"6.187";"Sauerstoff";"Karlsruhe (CXX359)";"Rhein";"2015";"23.11.2015";"10";"mg/l"
"CXX359";"448.686";"5.428.915";"6.187";"Sauerstoff";"Karlsruhe (CXX359)";"Rhein";"2015";"24.11.2015";"10";"mg/l"
"CXX359";"448.686";"5.428.915";"6.187";"Sauerstoff";"Karlsruhe (CXX359)";"Rhein";"2015";"25.11.2015";"10";"mg/l"
"CXX359";"448.686";"5.428.915";"6.187";"Sauerstoff";"Karlsruhe (CXX359)";"Rhein";"2015";"26.11.2015";"9,9";"mg/l"
"CXX359";"448.686";"5.428.915";"6.187";"Sauerstoff";"Karlsruhe (CXX359)";"Rhein";"2015";"27.11.2015";"10";"mg/l"
"CXX359";"448.686";"5.428.915";"6.187";"Sauerstoff";"Karlsruhe (CXX359)";"Rhein";"2015";"28.11.2015";"10,3";"mg/l"
"CXX359";"448.686";"5.428.915";"6.187";"Sauerstoff";"Karlsruhe (CXX359)";"Rhein";"2015";"29.11.2015";"10,6";"mg/l"
"CXX359";"448.686";"5.428.915";"6.187";"Sauerstoff";"Karlsruhe (CXX359)";"Rhein";"2015";"30.11.2015";"10,8";"mg/l"
"CXX359";"448.686";"5.428.915";"6.187";"Sauerstoff";"Karlsruhe (CXX359)";"Rhein";"2015";"01.12.2015";"10,9";"mg/l"
"CXX359";"448.686";"5.428.915";"6.187";"Sauerstoff";"Karlsruhe (CXX359)";"Rhein";"2015";"02.12.2015";"10,8";"mg/l"
"CXX359";"448.686";"5.428.915";"6.187";"Sauerstoff";"Karlsruhe (CXX359)";"Rhein";"2015";"03.12.2015";"10,6";"mg/l"
"CXX359";"448.686";"5.428.915";"6.187";"Sauerstoff";"Karlsruhe (CXX359)";"Rhein";"2015";"04.12.2015";"10,5";"mg/l"
"CXX359";"448.686";"5.428.915";"6.187";"Sauerstoff";"Karlsruhe (CXX359)";"Rhein";"2015";"05.12.2015";"10,6";"mg/l"
"CXX359";"448.686";"5.428.915";"6.187";"Sauerstoff";"Karlsruhe (CXX359)";"Rhein";"2015";"06.12.2015";"10,5";"mg/l"
"CXX359";"448.686";"5.428.915";"6.187";"Sauerstoff";"Karlsruhe (CXX359)";"Rhein";"2015";"07.12.2015";"10,5";"mg/l"
"CXX359";"448.686";"5.428.915";"6.187";"Sauerstoff";"Karlsruhe (CXX359)";"Rhein";"2015";"08.12.2015";"10,5";"mg/l"
"CXX359";"448.686";"5.428.915";"6.187";"Sauerstoff";"Karlsruhe (CXX359)";"Rhein";"2015";"09.12.2015";"10,6";"mg/l"
"CXX359";"448.686";"5.428.915";"6.187";"Sauerstoff";"Karlsruhe (CXX359)";"Rhein";"2015";"10.12.2015";"10,6";"mg/l"
"CXX359";"448.686";"5.428.915";"6.187";"Sauerstoff";"Karlsruhe (CXX359)";"Rhein";"2015";"11.12.2015";"10,7";"mg/l"
"CXX359";"448.686";"5.428.915";"6.187";"Sauerstoff";"Karlsruhe (CXX359)";"Rhein";"2015";"12.12.2015";"10,9";"mg/l"
"CXX359";"448.686";"5.428.915";"6.187";"Sauerstoff";"Karlsruhe (CXX359)";"Rhein";"2015";"13.12.2015";"10,9";"mg/l"
"CXX359";"448.686";"5.428.915";"6.187";"Sauerstoff";"Karlsruhe (CXX359)";"Rhein";"2015";"14.12.2015";"10,9";"mg/l"
"CXX359";"448.686";"5.428.915";"6.187";"Sauerstoff";"Karlsruhe (CXX359)";"Rhein";"2015";"15.12.2015";"10,8";"mg/l"
"CXX359";"448.686";"5.428.915";"6.187";"Sauerstoff";"Karlsruhe (CXX359)";"Rhein";"2015";"16.12.2015";"10,7";"mg/l"
"CXX359";"448.686";"5.428.915";"6.187";"Sauerstoff";"Karlsruhe (CXX359)";"Rhein";"2015";"17.12.2015";"10,7";"mg/l"
"CXX359";"448.686";"5.428.915";"6.187";"Sauerstoff";"Karlsruhe (CXX359)";"Rhein";"2015";"18.12.2015";"10,6";"mg/l"
"CXX359";"448.686";"5.428.915";"6.187";"Sauerstoff";"Karlsruhe (CXX359)";"Rhein";"2015";"19.12.2015";"10,6";"mg/l"
"CXX359";"448.686";"5.428.915";"6.187";"Sauerstoff";"Karlsruhe (CXX359)";"Rhein";"2015";"20.12.2015";"10,6";"mg/l"
"CXX359";"448.686";"5.428.915";"6.187";"Sauerstoff";"Karlsruhe (CXX359)";"Rhein";"2015";"21.12.2015";"10,6";"mg/l"
"CXX359";"448.686";"5.428.915";"6.187";"Sauerstoff";"Karlsruhe (CXX359)";"Rhein";"2015";"22.12.2015";"10,7";"mg/l"
"CXX359";"448.686";"5.428.915";"6.187";"Sauerstoff";"Karlsruhe (CXX359)";"Rhein";"2015";"23.12.2015";"10,6";"mg/l"
"CXX359";"448.686";"5.428.915";"6.187";"Sauerstoff";"Karlsruhe (CXX359)";"Rhein";"2015";"24.12.2015";"10,6";"mg/l"
"CXX359";"448.686";"5.428.915";"6.187";"Sauerstoff";"Karlsruhe (CXX359)";"Rhein";"2015";"25.12.2015";"10,6";"mg/l"
"CXX359";"448.686";"5.428.915";"6.187";"Sauerstoff";"Karlsruhe (CXX359)";"Rhein";"2015";"26.12.2015";"10,6";"mg/l"
"CXX359";"448.686";"5.428.915";"6.187";"Sauerstoff";"Karlsruhe (CXX359)";"Rhein";"2015";"27.12.2015";"10,6";"mg/l"
"CXX359";"448.686";"5.428.915";"6.187";"Sauerstoff";"Karlsruhe (CXX359)";"Rhein";"2015";"28.12.2015";"10,7";"mg/l"
"CXX359";"448.686";"5.428.915";"6.187";"Sauerstoff";"Karlsruhe (CXX359)";"Rhein";"2015";"29.12.2015";"10,8";"mg/l"
"CXX359";"448.686";"5.428.915";"6.187";"Sauerstoff";"Karlsruhe (CXX359)";"Rhein";"2015";"30.12.2015";"10,9";"mg/l"
"CXX359";"448.686";"5.428.915";"6.187";"Sauerstoff";"Karlsruhe (CXX359)";"Rhein";"2015";"31.12.2015";"10,9";"mg/l"
"CXX359";"448.686";"5.428.915";"6.187";"Sauerstoff";"Karlsruhe (CXX359)";"Rhein";"2016";"01.01.2016";"11";"mg/l"
"CXX359";"448.686";"5.428.915";"6.187";"Sauerstoff";"Karlsruhe (CXX359)";"Rhein";"2016";"02.01.2016";"10,9";"mg/l"
"CXX359";"448.686";"5.428.915";"6.187";"Sauerstoff";"Karlsruhe (CXX359)";"Rhein";"2016";"03.01.2016";"11";"mg/l"
"CXX359";"448.686";"5.428.915";"6.187";"Sauerstoff";"Karlsruhe (CXX359)";"Rhein";"2016";"04.01.2016";"10,9";"mg/l"
"CXX359";"448.686";"5.428.915";"6.187";"Sauerstoff";"Karlsruhe (CXX359)";"Rhein";"2016";"05.01.2016";"10,9";"mg/l"
"CXX359";"448.686";"5.428.915";"6.187";"Sauerstoff";"Karlsruhe (CXX359)";"Rhein";"2016";"06.01.2016";"10,9";"mg/l"
"CXX359";"448.686";"5.428.915";"6.187";"Sauerstoff";"Karlsruhe (CXX359)";"Rhein";"2016";"07.01.2016";"10,9";"mg/l"
"CXX359";"448.686";"5.428.915";"6.187";"Sauerstoff";"Karlsruhe (CXX359)";"Rhein";"2016";"08.01.2016";"11";"mg/l"
"CXX359";"448.686";"5.428.915";"6.187";"Sauerstoff";"Karlsruhe (CXX359)";"Rhein";"2016";"09.01.2016";"10,9";"mg/l"
"CXX359";"448.686";"5.428.915";"6.187";"Sauerstoff";"Karlsruhe (CXX359)";"Rhein";"2016";"10.01.2016";"11,6";"mg/l"
"CXX359";"448.686";"5.428.915";"6.187";"Sauerstoff";"Karlsruhe (CXX359)";"Rhein";"2016";"11.01.2016";"12";"mg/l"
"CXX359";"448.686";"5.428.915";"6.187";"Sauerstoff";"Karlsruhe (CXX359)";"Rhein";"2016";"12.01.2016";"12,3";"mg/l"
"CXX359";"448.686";"5.428.915";"6.187";"Sauerstoff";"Karlsruhe (CXX359)";"Rhein";"2016";"13.01.2016";"12,5";"mg/l"
"CXX359";"448.686";"5.428.915";"6.187";"Sauerstoff";"Karlsruhe (CXX359)";"Rhein";"2016";"14.01.2016";"12,5";"mg/l"
"CXX359";"448.686";"5.428.915";"6.187";"Sauerstoff";"Karlsruhe (CXX359)";"Rhein";"2016";"15.01.2016";"12,5";"mg/l"
"CXX359";"448.686";"5.428.915";"6.187";"Sauerstoff";"Karlsruhe (CXX359)";"Rhein";"2016";"16.01.2016";"12,3";"mg/l"
"CXX359";"448.686";"5.428.915";"6.187";"Sauerstoff";"Karlsruhe (CXX359)";"Rhein";"2016";"17.01.2016";"11,9";"mg/l"
"CXX359";"448.686";"5.428.915";"6.187";"Sauerstoff";"Karlsruhe (CXX359)";"Rhein";"2016";"18.01.2016";"11,7";"mg/l"
"CXX359";"448.686";"5.428.915";"6.187";"Sauerstoff";"Karlsruhe (CXX359)";"Rhein";"2016";"19.01.2016";"11,7";"mg/l"
"CXX359";"448.686";"5.428.915";"6.187";"Sauerstoff";"Karlsruhe (CXX359)";"Rhein";"2016";"20.01.2016";"11,7";"mg/l"
"CXX359";"448.686";"5.428.915";"6.187";"Sauerstoff";"Karlsruhe (CXX359)";"Rhein";"2016";"21.01.2016";"11,9";"mg/l"
"CXX359";"448.686";"5.428.915";"6.187";"Sauerstoff";"Karlsruhe (CXX359)";"Rhein";"2016";"22.01.2016";"12,1";"mg/l"
"CXX359";"448.686";"5.428.915";"6.187";"Sauerstoff";"Karlsruhe (CXX359)";"Rhein";"2016";"23.01.2016";"12,4";"mg/l"
"CXX359";"448.686";"5.428.915";"6.187";"Sauerstoff";"Karlsruhe (CXX359)";"Rhein";"2016";"24.01.2016";"12,4";"mg/l"
"CXX359";"448.686";"5.428.915";"6.187";"Sauerstoff";"Karlsruhe (CXX359)";"Rhein";"2016";"25.01.2016";"11,8";"mg/l"
"CXX359";"448.686";"5.428.915";"6.187";"Sauerstoff";"Karlsruhe (CXX359)";"Rhein";"2016";"26.01.2016";"11,6";"mg/l"
"CXX359";"448.686";"5.428.915";"6.187";"Sauerstoff";"Karlsruhe (CXX359)";"Rhein";"2016";"27.01.2016";"11,6";"mg/l"
"CXX359";"448.686";"5.428.915";"6.187";"Sauerstoff";"Karlsruhe (CXX359)";"Rhein";"2016";"28.01.2016";"11,4";"mg/l"
"CXX359";"448.686";"5.428.915";"6.187";"Sauerstoff";"Karlsruhe (CXX359)";"Rhein";"2016";"29.01.2016";"11,4";"mg/l"
"CXX359";"448.686";"5.428.915";"6.187";"Sauerstoff";"Karlsruhe (CXX359)";"Rhein";"2016";"30.01.2016";"11,4";"mg/l"
"CXX359";"448.686";"5.428.915";"6.187";"Sauerstoff";"Karlsruhe (CXX359)";"Rhein";"2016";"31.01.2016";"11,5";"mg/l"
"CXX359";"448.686";"5.428.915";"6.187";"Sauerstoff";"Karlsruhe (CXX359)";"Rhein";"2016";"01.02.2016";"12,3";"mg/l"
"CXX359";"448.686";"5.428.915";"6.187";"Sauerstoff";"Karlsruhe (CXX359)";"Rhein";"2016";"02.02.2016";"12,3";"mg/l"
"CXX359";"448.686";"5.428.915";"6.187";"Sauerstoff";"Karlsruhe (CXX359)";"Rhein";"2016";"03.02.2016";"12,3";"mg/l"
"CXX359";"448.686";"5.428.915";"6.187";"Sauerstoff";"Karlsruhe (CXX359)";"Rhein";"2016";"04.02.2016";"12,5";"mg/l"
"CXX359";"448.686";"5.428.915";"6.187";"Sauerstoff";"Karlsruhe (CXX359)";"Rhein";"2016";"05.02.2016";"12,7";"mg/l"
"CXX359";"448.686";"5.428.915";"6.187";"Sauerstoff";"Karlsruhe (CXX359)";"Rhein";"2016";"06.02.2016";"12,7";"mg/l"
"CXX359";"448.686";"5.428.915";"6.187";"Sauerstoff";"Karlsruhe (CXX359)";"Rhein";"2016";"07.02.2016";"12,9";"mg/l"
"CXX359";"448.686";"5.428.915";"6.187";"Sauerstoff";"Karlsruhe (CXX359)";"Rhein";"2016";"08.02.2016";"12,6";"mg/l"
"CXX359";"448.686";"5.428.915";"6.187";"Sauerstoff";"Karlsruhe (CXX359)";"Rhein";"2016";"09.02.2016";"12,3";"mg/l"
"CXX359";"448.686";"5.428.915";"6.187";"Sauerstoff";"Karlsruhe (CXX359)";"Rhein";"2016";"10.02.2016";"12,3";"mg/l"
"CXX359";"448.686";"5.428.915";"6.187";"Sauerstoff";"Karlsruhe (CXX359)";"Rhein";"2016";"11.02.2016";"12,4";"mg/l"
"CXX359";"448.686";"5.428.915";"6.187";"Sauerstoff";"Karlsruhe (CXX359)";"Rhein";"2016";"12.02.2016";"12,5";"mg/l"
"CXX359";"448.686";"5.428.915";"6.187";"Sauerstoff";"Karlsruhe (CXX359)";"Rhein";"2016";"13.02.2016";"12,4";"mg/l"
"CXX359";"448.686";"5.428.915";"6.187";"Sauerstoff";"Karlsruhe (CXX359)";"Rhein";"2016";"14.02.2016";"12,3";"mg/l"
"CXX359";"448.686";"5.428.915";"6.187";"Sauerstoff";"Karlsruhe (CXX359)";"Rhein";"2016";"15.02.2016";"12,5";"mg/l"
"CXX359";"448.686";"5.428.915";"6.187";"Sauerstoff";"Karlsruhe (CXX359)";"Rhein";"2016";"16.02.2016";"12,8";"mg/l"
"CXX359";"448.686";"5.428.915";"6.187";"Sauerstoff";"Karlsruhe (CXX359)";"Rhein";"2016";"17.02.2016";"12,9";"mg/l"
"CXX359";"448.686";"5.428.915";"6.187";"Sauerstoff";"Karlsruhe (CXX359)";"Rhein";"2016";"18.02.2016";"12,8";"mg/l"
"CXX359";"448.686";"5.428.915";"6.187";"Sauerstoff";"Karlsruhe (CXX359)";"Rhein";"2016";"19.02.2016";"12,6";"mg/l"
"CXX359";"448.686";"5.428.915";"6.187";"Sauerstoff";"Karlsruhe (CXX359)";"Rhein";"2016";"20.02.2016";"12,3";"mg/l"
"CXX359";"448.686";"5.428.915";"6.187";"Sauerstoff";"Karlsruhe (CXX359)";"Rhein";"2016";"21.02.2016";"12,1";"mg/l"
"CXX359";"448.686";"5.428.915";"6.187";"Sauerstoff";"Karlsruhe (CXX359)";"Rhein";"2016";"22.02.2016";"12,3";"mg/l"
"CXX359";"448.686";"5.428.915";"6.187";"Sauerstoff";"Karlsruhe (CXX359)";"Rhein";"2016";"23.02.2016";"12,2";"mg/l"
"CXX359";"448.686";"5.428.915";"6.187";"Sauerstoff";"Karlsruhe (CXX359)";"Rhein";"2016";"24.02.2016";"12,5";"mg/l"
"CXX359";"448.686";"5.428.915";"6.187";"Sauerstoff";"Karlsruhe (CXX359)";"Rhein";"2016";"25.02.2016";"12,5";"mg/l"
"CXX359";"448.686";"5.428.915";"6.187";"Sauerstoff";"Karlsruhe (CXX359)";"Rhein";"2016";"26.02.2016";"12,6";"mg/l"
"CXX359";"448.686";"5.428.915";"6.187";"Sauerstoff";"Karlsruhe (CXX359)";"Rhein";"2016";"27.02.2016";"12,5";"mg/l"
"CXX359";"448.686";"5.428.915";"6.187";"Sauerstoff";"Karlsruhe (CXX359)";"Rhein";"2016";"28.02.2016";"12,4";"mg/l"
"CXX359";"448.686";"5.428.915";"6.187";"Sauerstoff";"Karlsruhe (CXX359)";"Rhein";"2016";"29.02.2016";"12,4";"mg/l"
"CXX359";"448.686";"5.428.915";"6.187";"Sauerstoff";"Karlsruhe (CXX359)";"Rhein";"2016";"01.03.2016";"12,2";"mg/l"
"CXX359";"448.686";"5.428.915";"6.187";"Sauerstoff";"Karlsruhe (CXX359)";"Rhein";"2016";"02.03.2016";"12";"mg/l"
"CXX359";"448.686";"5.428.915";"6.187";"Sauerstoff";"Karlsruhe (CXX359)";"Rhein";"2016";"03.03.2016";"12,2";"mg/l"
"CXX359";"448.686";"5.428.915";"6.187";"Sauerstoff";"Karlsruhe (CXX359)";"Rhein";"2016";"04.03.2016";"12,5";"mg/l"
"CXX359";"448.686";"5.428.915";"6.187";"Sauerstoff";"Karlsruhe (CXX359)";"Rhein";"2016";"05.03.2016";"12,5";"mg/l"
"CXX359";"448.686";"5.428.915";"6.187";"Sauerstoff";"Karlsruhe (CXX359)";"Rhein";"2016";"06.03.2016";"12,6";"mg/l"
"CXX359";"448.686";"5.428.915";"6.187";"Sauerstoff";"Karlsruhe (CXX359)";"Rhein";"2016";"07.03.2016";"12,7";"mg/l"
"CXX359";"448.686";"5.428.915";"6.187";"Sauerstoff";"Karlsruhe (CXX359)";"Rhein";"2016";"08.03.2016";"12,7";"mg/l"
"CXX359";"448.686";"5.428.915";"6.187";"Sauerstoff";"Karlsruhe (CXX359)";"Rhein";"2016";"09.03.2016";"12,7";"mg/l"
"CXX359";"448.686";"5.428.915";"6.187";"Sauerstoff";"Karlsruhe (CXX359)";"Rhein";"2016";"10.03.2016";"12,4";"mg/l"
"CXX359";"448.686";"5.428.915";"6.187";"Sauerstoff";"Karlsruhe (CXX359)";"Rhein";"2016";"11.03.2016";"12,2";"mg/l"
"CXX359";"448.686";"5.428.915";"6.187";"Sauerstoff";"Karlsruhe (CXX359)";"Rhein";"2016";"12.03.2016";"12,2";"mg/l"
"CXX359";"448.686";"5.428.915";"6.187";"Sauerstoff";"Karlsruhe (CXX359)";"Rhein";"2016";"13.03.2016";"12,1";"mg/l"
"CXX359";"448.686";"5.428.915";"6.187";"Sauerstoff";"Karlsruhe (CXX359)";"Rhein";"2016";"14.03.2016";"12,1";"mg/l"
"CXX359";"448.686";"5.428.915";"6.187";"Sauerstoff";"Karlsruhe (CXX359)";"Rhein";"2016";"15.03.2016";"12,2";"mg/l"
"CXX359";"448.686";"5.428.915";"6.187";"Sauerstoff";"Karlsruhe (CXX359)";"Rhein";"2016";"16.03.2016";"12,1";"mg/l"
"CXX359";"448.686";"5.428.915";"6.187";"Sauerstoff";"Karlsruhe (CXX359)";"Rhein";"2016";"17.03.2016";"12";"mg/l"
"CXX359";"448.686";"5.428.915";"6.187";"Sauerstoff";"Karlsruhe (CXX359)";"Rhein";"2016";"18.03.2016";"11,9";"mg/l"
"CXX359";"448.686";"5.428.915";"6.187";"Sauerstoff";"Karlsruhe (CXX359)";"Rhein";"2016";"19.03.2016";"11,8";"mg/l"
"CXX359";"448.686";"5.428.915";"6.187";"Sauerstoff";"Karlsruhe (CXX359)";"Rhein";"2016";"20.03.2016";"11,9";"mg/l"
"CXX359";"448.686";"5.428.915";"6.187";"Sauerstoff";"Karlsruhe (CXX359)";"Rhein";"2016";"21.03.2016";"11,9";"mg/l"
"CXX359";"448.686";"5.428.915";"6.187";"Sauerstoff";"Karlsruhe (CXX359)";"Rhein";"2016";"22.03.2016";"11,9";"mg/l"
"CXX359";"448.686";"5.428.915";"6.187";"Sauerstoff";"Karlsruhe (CXX359)";"Rhein";"2016";"23.03.2016";"11,9";"mg/l"
"CXX359";"448.686";"5.428.915";"6.187";"Sauerstoff";"Karlsruhe (CXX359)";"Rhein";"2016";"24.03.2016";"11,7";"mg/l"
"CXX359";"448.686";"5.428.915";"6.187";"Sauerstoff";"Karlsruhe (CXX359)";"Rhein";"2016";"25.03.2016";"11,5";"mg/l"
"CXX359";"448.686";"5.428.915";"6.187";"Sauerstoff";"Karlsruhe (CXX359)";"Rhein";"2016";"26.03.2016";"11,7";"mg/l"
"CXX359";"448.686";"5.428.915";"6.187";"Sauerstoff";"Karlsruhe (CXX359)";"Rhein";"2016";"27.03.2016";"11,6";"mg/l"
"CXX359";"448.686";"5.428.915";"6.187";"Sauerstoff";"Karlsruhe (CXX359)";"Rhein";"2016";"28.03.2016";"11,5";"mg/l"
"CXX359";"448.686";"5.428.915";"6.187";"Sauerstoff";"Karlsruhe (CXX359)";"Rhein";"2016";"29.03.2016";"11,4";"mg/l"
"CXX359";"448.686";"5.428.915";"6.187";"Sauerstoff";"Karlsruhe (CXX359)";"Rhein";"2016";"30.03.2016";"11,3";"mg/l"
"CXX359";"448.686";"5.428.915";"6.187";"Sauerstoff";"Karlsruhe (CXX359)";"Rhein";"2016";"31.03.2016";"11,1";"mg/l"
"CXX359";"448.686";"5.428.915";"6.187";"Sauerstoff";"Karlsruhe (CXX359)";"Rhein";"2016";"01.04.2016";"11,1";"mg/l"
"CXX359";"448.686";"5.428.915";"6.187";"Sauerstoff";"Karlsruhe (CXX359)";"Rhein";"2016";"02.04.2016";"11,3";"mg/l"
"CXX359";"448.686";"5.428.915";"6.187";"Sauerstoff";"Karlsruhe (CXX359)";"Rhein";"2016";"03.04.2016";"11,4";"mg/l"
"CXX359";"448.686";"5.428.915";"6.187";"Sauerstoff";"Karlsruhe (CXX359)";"Rhein";"2016";"04.04.2016";"11,2";"mg/l"
"CXX359";"448.686";"5.428.915";"6.187";"Sauerstoff";"Karlsruhe (CXX359)";"Rhein";"2016";"05.04.2016";"10,9";"mg/l"
"CXX359";"448.686";"5.428.915";"6.187";"Sauerstoff";"Karlsruhe (CXX359)";"Rhein";"2016";"06.04.2016";"10,9";"mg/l"
"CXX359";"448.686";"5.428.915";"6.187";"Sauerstoff";"Karlsruhe (CXX359)";"Rhein";"2016";"07.04.2016";"10,8";"mg/l"
"CXX359";"448.686";"5.428.915";"6.187";"Sauerstoff";"Karlsruhe (CXX359)";"Rhein";"2016";"08.04.2016";"10,9";"mg/l"
"CXX359";"448.686";"5.428.915";"6.187";"Sauerstoff";"Karlsruhe (CXX359)";"Rhein";"2016";"09.04.2016";"10,8";"mg/l"
"CXX359";"448.686";"5.428.915";"6.187";"Sauerstoff";"Karlsruhe (CXX359)";"Rhein";"2016";"10.04.2016";"11";"mg/l"
"CXX359";"448.686";"5.428.915";"6.187";"Sauerstoff";"Karlsruhe (CXX359)";"Rhein";"2016";"11.04.2016";"11,1";"mg/l"
"CXX359";"448.686";"5.428.915";"6.187";"Sauerstoff";"Karlsruhe (CXX359)";"Rhein";"2016";"12.04.2016";"11,1";"mg/l"
"CXX359";"448.686";"5.428.915";"6.187";"Sauerstoff";"Karlsruhe (CXX359)";"Rhein";"2016";"13.04.2016";"10,9";"mg/l"
"CXX359";"448.686";"5.428.915";"6.187";"Sauerstoff";"Karlsruhe (CXX359)";"Rhein";"2016";"14.04.2016";"11";"mg/l"
"CXX359";"448.686";"5.428.915";"6.187";"Sauerstoff";"Karlsruhe (CXX359)";"Rhein";"2016";"15.04.2016";"10,8";"mg/l"
"CXX359";"448.686";"5.428.915";"6.187";"Sauerstoff";"Karlsruhe (CXX359)";"Rhein";"2016";"16.04.2016";"10,2";"mg/l"
"CXX359";"448.686";"5.428.915";"6.187";"Sauerstoff";"Karlsruhe (CXX359)";"Rhein";"2016";"17.04.2016";"10,2";"mg/l"
"CXX359";"448.686";"5.428.915";"6.187";"Sauerstoff";"Karlsruhe (CXX359)";"Rhein";"2016";"18.04.2016";"10,9";"mg/l"
"CXX359";"448.686";"5.428.915";"6.187";"Sauerstoff";"Karlsruhe (CXX359)";"Rhein";"2016";"19.04.2016";"11,3";"mg/l"
"CXX359";"448.686";"5.428.915";"6.187";"Sauerstoff";"Karlsruhe (CXX359)";"Rhein";"2016";"20.04.2016";"11,4";"mg/l"
"CXX359";"448.686";"5.428.915";"6.187";"Sauerstoff";"Karlsruhe (CXX359)";"Rhein";"2016";"21.04.2016";"11,3";"mg/l"
"CXX359";"448.686";"5.428.915";"6.187";"Sauerstoff";"Karlsruhe (CXX359)";"Rhein";"2016";"22.04.2016";"11";"mg/l"
"CXX359";"448.686";"5.428.915";"6.187";"Sauerstoff";"Karlsruhe (CXX359)";"Rhein";"2016";"23.04.2016";"10,5";"mg/l"
"CXX359";"448.686";"5.428.915";"6.187";"Sauerstoff";"Karlsruhe (CXX359)";"Rhein";"2016";"24.04.2016";"10,6";"mg/l"
"CXX359";"448.686";"5.428.915";"6.187";"Sauerstoff";"Karlsruhe (CXX359)";"Rhein";"2016";"25.04.2016";"10,8";"mg/l"
"CXX359";"448.686";"5.428.915";"6.187";"Sauerstoff";"Karlsruhe (CXX359)";"Rhein";"2016";"26.04.2016";"10,8";"mg/l"
"CXX359";"448.686";"5.428.915";"6.187";"Sauerstoff";"Karlsruhe (CXX359)";"Rhein";"2016";"27.04.2016";"11";"mg/l"
"CXX359";"448.686";"5.428.915";"6.187";"Sauerstoff";"Karlsruhe (CXX359)";"Rhein";"2016";"28.04.2016";"11,2";"mg/l"
"CXX359";"448.686";"5.428.915";"6.187";"Sauerstoff";"Karlsruhe (CXX359)";"Rhein";"2016";"29.04.2016";"11,2";"mg/l"
"CXX359";"448.686";"5.428.915";"6.187";"Sauerstoff";"Karlsruhe (CXX359)";"Rhein";"2016";"30.04.2016";"11,1";"mg/l"
"CXX359";"448.686";"5.428.915";"6.187";"Sauerstoff";"Karlsruhe (CXX359)";"Rhein";"2016";"01.05.2016";"11,1";"mg/l"
"CXX359";"448.686";"5.428.915";"6.187";"Sauerstoff";"Karlsruhe (CXX359)";"Rhein";"2016";"02.05.2016";"11,1";"mg/l"
"CXX359";"448.686";"5.428.915";"6.187";"Sauerstoff";"Karlsruhe (CXX359)";"Rhein";"2016";"03.05.2016";"11";"mg/l"
"CXX359";"448.686";"5.428.915";"6.187";"Sauerstoff";"Karlsruhe (CXX359)";"Rhein";"2016";"04.05.2016";"10,9";"mg/l"
"CXX359";"448.686";"5.428.915";"6.187";"Sauerstoff";"Karlsruhe (CXX359)";"Rhein";"2016";"05.05.2016";"11";"mg/l"
"CXX359";"448.686";"5.428.915";"6.187";"Sauerstoff";"Karlsruhe (CXX359)";"Rhein";"2016";"06.05.2016";"10,7";"mg/l"
"CXX359";"448.686";"5.428.915";"6.187";"Sauerstoff";"Karlsruhe (CXX359)";"Rhein";"2016";"07.05.2016";"10,5";"mg/l"
"CXX359";"448.686";"5.428.915";"6.187";"Sauerstoff";"Karlsruhe (CXX359)";"Rhein";"2016";"08.05.2016";"10,2";"mg/l"
"CXX359";"448.686";"5.428.915";"6.187";"Sauerstoff";"Karlsruhe (CXX359)";"Rhein";"2016";"09.05.2016";"10";"mg/l"
"CXX359";"448.686";"5.428.915";"6.187";"Sauerstoff";"Karlsruhe (CXX359)";"Rhein";"2016";"10.05.2016";"9,8";"mg/l"
"CXX359";"448.686";"5.428.915";"6.187";"Sauerstoff";"Karlsruhe (CXX359)";"Rhein";"2016";"11.05.2016";"9,6";"mg/l"
"CXX359";"448.686";"5.428.915";"6.187";"Sauerstoff";"Karlsruhe (CXX359)";"Rhein";"2016";"12.05.2016";"9,1";"mg/l"
"CXX359";"448.686";"5.428.915";"6.187";"Sauerstoff";"Karlsruhe (CXX359)";"Rhein";"2016";"13.05.2016";"9,3";"mg/l"
"CXX359";"448.686";"5.428.915";"6.187";"Sauerstoff";"Karlsruhe (CXX359)";"Rhein";"2016";"14.05.2016";"9,7";"mg/l"
"CXX359";"448.686";"5.428.915";"6.187";"Sauerstoff";"Karlsruhe (CXX359)";"Rhein";"2016";"15.05.2016";"9,9";"mg/l"
"CXX359";"448.686";"5.428.915";"6.187";"Sauerstoff";"Karlsruhe (CXX359)";"Rhein";"2016";"16.05.2016";"10,2";"mg/l"
"CXX359";"448.686";"5.428.915";"6.187";"Sauerstoff";"Karlsruhe (CXX359)";"Rhein";"2016";"17.05.2016";"10,4";"mg/l"
"CXX359";"448.686";"5.428.915";"6.187";"Sauerstoff";"Karlsruhe (CXX359)";"Rhein";"2016";"18.05.2016";"10,6";"mg/l"
"CXX359";"448.686";"5.428.915";"6.187";"Sauerstoff";"Karlsruhe (CXX359)";"Rhein";"2016";"19.05.2016";"10,6";"mg/l"
"CXX359";"448.686";"5.428.915";"6.187";"Sauerstoff";"Karlsruhe (CXX359)";"Rhein";"2016";"20.05.2016";"10,7";"mg/l"
"CXX359";"448.686";"5.428.915";"6.187";"Sauerstoff";"Karlsruhe (CXX359)";"Rhein";"2016";"21.05.2016";"10,6";"mg/l"
"CXX359";"448.686";"5.428.915";"6.187";"Sauerstoff";"Karlsruhe (CXX359)";"Rhein";"2016";"22.05.2016";"10,5";"mg/l"
"CXX359";"448.686";"5.428.915";"6.187";"Sauerstoff";"Karlsruhe (CXX359)";"Rhein";"2016";"23.05.2016";"10,3";"mg/l"
"CXX359";"448.686";"5.428.915";"6.187";"Sauerstoff";"Karlsruhe (CXX359)";"Rhein";"2016";"24.05.2016";"10,2";"mg/l"
"CXX359";"448.686";"5.428.915";"6.187";"Sauerstoff";"Karlsruhe (CXX359)";"Rhein";"2016";"25.05.2016";"10,3";"mg/l"
"CXX359";"448.686";"5.428.915";"6.187";"Sauerstoff";"Karlsruhe (CXX359)";"Rhein";"2016";"26.05.2016";"10,5";"mg/l"
"CXX359";"448.686";"5.428.915";"6.187";"Sauerstoff";"Karlsruhe (CXX359)";"Rhein";"2016";"27.05.2016";"10,5";"mg/l"
"CXX359";"448.686";"5.428.915";"6.187";"Sauerstoff";"Karlsruhe (CXX359)";"Rhein";"2016";"28.05.2016";"10,3";"mg/l"
"CXX359";"448.686";"5.428.915";"6.187";"Sauerstoff";"Karlsruhe (CXX359)";"Rhein";"2016";"29.05.2016";"10";"mg/l"
"CXX359";"448.686";"5.428.915";"6.187";"Sauerstoff";"Karlsruhe (CXX359)";"Rhein";"2016";"30.05.2016";"9,8";"mg/l"
"CXX359";"448.686";"5.428.915";"6.187";"Sauerstoff";"Karlsruhe (CXX359)";"Rhein";"2016";"31.05.2016";"9,8";"mg/l"
"CXX359";"448.686";"5.428.915";"6.187";"Sauerstoff";"Karlsruhe (CXX359)";"Rhein";"2016";"01.06.2016";"10";"mg/l"
"CXX359";"448.686";"5.428.915";"6.187";"Sauerstoff";"Karlsruhe (CXX359)";"Rhein";"2016";"02.06.2016";"10,1";"mg/l"
"CXX359";"448.686";"5.428.915";"6.187";"Sauerstoff";"Karlsruhe (CXX359)";"Rhein";"2016";"03.06.2016";"10,2";"mg/l"
"CXX359";"448.686";"5.428.915";"6.187";"Sauerstoff";"Karlsruhe (CXX359)";"Rhein";"2016";"04.06.2016";"10,2";"mg/l"
"CXX359";"448.686";"5.428.915";"6.187";"Sauerstoff";"Karlsruhe (CXX359)";"Rhein";"2016";"05.06.2016";"10";"mg/l"
"CXX359";"448.686";"5.428.915";"6.187";"Sauerstoff";"Karlsruhe (CXX359)";"Rhein";"2016";"06.06.2016";"10";"mg/l"
"CXX359";"448.686";"5.428.915";"6.187";"Sauerstoff";"Karlsruhe (CXX359)";"Rhein";"2016";"07.06.2016";"9,9";"mg/l"
"CXX359";"448.686";"5.428.915";"6.187";"Sauerstoff";"Karlsruhe (CXX359)";"Rhein";"2016";"08.06.2016";"9,8";"mg/l"
"CXX359";"448.686";"5.428.915";"6.187";"Sauerstoff";"Karlsruhe (CXX359)";"Rhein";"2016";"09.06.2016";"9,6";"mg/l"
"CXX359";"448.686";"5.428.915";"6.187";"Sauerstoff";"Karlsruhe (CXX359)";"Rhein";"2016";"10.06.2016";"9,4";"mg/l"
"CXX359";"448.686";"5.428.915";"6.187";"Sauerstoff";"Karlsruhe (CXX359)";"Rhein";"2016";"11.06.2016";"9,3";"mg/l"
"CXX359";"448.686";"5.428.915";"6.187";"Sauerstoff";"Karlsruhe (CXX359)";"Rhein";"2016";"12.06.2016";"9,4";"mg/l"
"CXX359";"448.686";"5.428.915";"6.187";"Sauerstoff";"Karlsruhe (CXX359)";"Rhein";"2016";"13.06.2016";"9,2";"mg/l"
"CXX359";"448.686";"5.428.915";"6.187";"Sauerstoff";"Karlsruhe (CXX359)";"Rhein";"2016";"14.06.2016";"9,3";"mg/l"
"CXX359";"448.686";"5.428.915";"6.187";"Sauerstoff";"Karlsruhe (CXX359)";"Rhein";"2016";"15.06.2016";"9,3";"mg/l"
"CXX359";"448.686";"5.428.915";"6.187";"Sauerstoff";"Karlsruhe (CXX359)";"Rhein";"2016";"16.06.2016";"9,4";"mg/l"
"CXX359";"448.686";"5.428.915";"6.187";"Sauerstoff";"Karlsruhe (CXX359)";"Rhein";"2016";"17.06.2016";"9,6";"mg/l"
"CXX359";"448.686";"5.428.915";"6.187";"Sauerstoff";"Karlsruhe (CXX359)";"Rhein";"2016";"18.06.2016";"9,4";"mg/l"
"CXX359";"448.686";"5.428.915";"6.187";"Sauerstoff";"Karlsruhe (CXX359)";"Rhein";"2016";"19.06.2016";"9,5";"mg/l"
"CXX359";"448.686";"5.428.915";"6.187";"Sauerstoff";"Karlsruhe (CXX359)";"Rhein";"2016";"20.06.2016";"9,8";"mg/l"
"CXX359";"448.686";"5.428.915";"6.187";"Sauerstoff";"Karlsruhe (CXX359)";"Rhein";"2016";"21.06.2016";"9,7";"mg/l"
"CXX359";"448.686";"5.428.915";"6.187";"Sauerstoff";"Karlsruhe (CXX359)";"Rhein";"2016";"22.06.2016";"9,7";"mg/l"
"CXX359";"448.686";"5.428.915";"6.187";"Sauerstoff";"Karlsruhe (CXX359)";"Rhein";"2016";"23.06.2016";"9,7";"mg/l"
"CXX359";"448.686";"5.428.915";"6.187";"Sauerstoff";"Karlsruhe (CXX359)";"Rhein";"2016";"24.06.2016";"9,5";"mg/l"
"CXX359";"448.686";"5.428.915";"6.187";"Sauerstoff";"Karlsruhe (CXX359)";"Rhein";"2016";"25.06.2016";"9,2";"mg/l"
"CXX359";"448.686";"5.428.915";"6.187";"Sauerstoff";"Karlsruhe (CXX359)";"Rhein";"2016";"26.06.2016";"8,9";"mg/l"
"CXX359";"448.686";"5.428.915";"6.187";"Sauerstoff";"Karlsruhe (CXX359)";"Rhein";"2016";"27.06.2016";"9";"mg/l"
"CXX359";"448.686";"5.428.915";"6.187";"Sauerstoff";"Karlsruhe (CXX359)";"Rhein";"2016";"28.06.2016";"9,1";"mg/l"
"CXX359";"448.686";"5.428.915";"6.187";"Sauerstoff";"Karlsruhe (CXX359)";"Rhein";"2016";"29.06.2016";"9,3";"mg/l"
"CXX359";"448.686";"5.428.915";"6.187";"Sauerstoff";"Karlsruhe (CXX359)";"Rhein";"2016";"30.06.2016";"9,4";"mg/l"
"CXX359";"448.686";"5.428.915";"6.187";"Sauerstoff";"Karlsruhe (CXX359)";"Rhein";"2016";"01.07.2016";"9,3";"mg/l"
"CXX359";"448.686";"5.428.915";"6.187";"Sauerstoff";"Karlsruhe (CXX359)";"Rhein";"2016";"02.07.2016";"9,2";"mg/l"
"CXX359";"448.686";"5.428.915";"6.187";"Sauerstoff";"Karlsruhe (CXX359)";"Rhein";"2016";"03.07.2016";"9,3";"mg/l"
"CXX359";"448.686";"5.428.915";"6.187";"Sauerstoff";"Karlsruhe (CXX359)";"Rhein";"2016";"04.07.2016";"9,4";"mg/l"
"CXX359";"448.686";"5.428.915";"6.187";"Sauerstoff";"Karlsruhe (CXX359)";"Rhein";"2016";"05.07.2016";"9,5";"mg/l"
"CXX359";"448.686";"5.428.915";"6.187";"Sauerstoff";"Karlsruhe (CXX359)";"Rhein";"2016";"06.07.2016";"9,4";"mg/l"
"CXX359";"448.686";"5.428.915";"6.187";"Sauerstoff";"Karlsruhe (CXX359)";"Rhein";"2016";"07.07.2016";"9,3";"mg/l"
"CXX359";"448.686";"5.428.915";"6.187";"Sauerstoff";"Karlsruhe (CXX359)";"Rhein";"2016";"08.07.2016";"9,2";"mg/l"
"CXX359";"448.686";"5.428.915";"6.187";"Sauerstoff";"Karlsruhe (CXX359)";"Rhein";"2016";"09.07.2016";"9,1";"mg/l"
"CXX359";"448.686";"5.428.915";"6.187";"Sauerstoff";"Karlsruhe (CXX359)";"Rhein";"2016";"10.07.2016";"8,9";"mg/l"
"CXX359";"448.686";"5.428.915";"6.187";"Sauerstoff";"Karlsruhe (CXX359)";"Rhein";"2016";"11.07.2016";"8,8";"mg/l"
"CXX359";"448.686";"5.428.915";"6.187";"Sauerstoff";"Karlsruhe (CXX359)";"Rhein";"2016";"12.07.2016";"8,7";"mg/l"
"CXX359";"448.686";"5.428.915";"6.187";"Sauerstoff";"Karlsruhe (CXX359)";"Rhein";"2016";"13.07.2016";"8,8";"mg/l"
"CXX359";"448.686";"5.428.915";"6.187";"Sauerstoff";"Karlsruhe (CXX359)";"Rhein";"2016";"14.07.2016";"9,1";"mg/l"
"CXX359";"448.686";"5.428.915";"6.187";"Sauerstoff";"Karlsruhe (CXX359)";"Rhein";"2016";"15.07.2016";"9,2";"mg/l"
"CXX359";"448.686";"5.428.915";"6.187";"Sauerstoff";"Karlsruhe (CXX359)";"Rhein";"2016";"16.07.2016";"9,5";"mg/l"
"CXX359";"448.686";"5.428.915";"6.187";"Sauerstoff";"Karlsruhe (CXX359)";"Rhein";"2016";"17.07.2016";"9,7";"mg/l"
"CXX359";"448.686";"5.428.915";"6.187";"Sauerstoff";"Karlsruhe (CXX359)";"Rhein";"2016";"18.07.2016";"9,7";"mg/l"
"CXX359";"448.686";"5.428.915";"6.187";"Sauerstoff";"Karlsruhe (CXX359)";"Rhein";"2016";"19.07.2016";"9,5";"mg/l"
"CXX359";"448.686";"5.428.915";"6.187";"Sauerstoff";"Karlsruhe (CXX359)";"Rhein";"2016";"20.07.2016";"9,3";"mg/l"
"CXX359";"448.686";"5.428.915";"6.187";"Sauerstoff";"Karlsruhe (CXX359)";"Rhein";"2016";"21.07.2016";"9";"mg/l"
"CXX359";"448.686";"5.428.915";"6.187";"Sauerstoff";"Karlsruhe (CXX359)";"Rhein";"2016";"22.07.2016";"8,6";"mg/l"
"CXX359";"448.686";"5.428.915";"6.187";"Sauerstoff";"Karlsruhe (CXX359)";"Rhein";"2016";"23.07.2016";"8,3";"mg/l"
"CXX359";"448.686";"5.428.915";"6.187";"Sauerstoff";"Karlsruhe (CXX359)";"Rhein";"2016";"24.07.2016";"8,3";"mg/l"
"CXX359";"448.686";"5.428.915";"6.187";"Sauerstoff";"Karlsruhe (CXX359)";"Rhein";"2016";"25.07.2016";"8,4";"mg/l"
"CXX359";"448.686";"5.428.915";"6.187";"Sauerstoff";"Karlsruhe (CXX359)";"Rhein";"2016";"26.07.2016";"8,6";"mg/l"
"CXX359";"448.686";"5.428.915";"6.187";"Sauerstoff";"Karlsruhe (CXX359)";"Rhein";"2016";"27.07.2016";"8,7";"mg/l"
"CXX359";"448.686";"5.428.915";"6.187";"Sauerstoff";"Karlsruhe (CXX359)";"Rhein";"2016";"28.07.2016";"8,6";"mg/l"
"CXX359";"448.686";"5.428.915";"6.187";"Sauerstoff";"Karlsruhe (CXX359)";"Rhein";"2016";"29.07.2016";"8,3";"mg/l"
"CXX359";"448.686";"5.428.915";"6.187";"Sauerstoff";"Karlsruhe (CXX359)";"Rhein";"2016";"30.07.2016";"8,1";"mg/l"
"CXX359";"448.686";"5.428.915";"6.187";"Sauerstoff";"Karlsruhe (CXX359)";"Rhein";"2016";"31.07.2016";"7,9";"mg/l"
"CXX359";"448.686";"5.428.915";"6.187";"Sauerstoff";"Karlsruhe (CXX359)";"Rhein";"2016";"01.08.2016";"7,8";"mg/l"
"CXX359";"448.686";"5.428.915";"6.187";"Sauerstoff";"Karlsruhe (CXX359)";"Rhein";"2016";"02.08.2016";"7,8";"mg/l"
"CXX359";"448.686";"5.428.915";"6.187";"Sauerstoff";"Karlsruhe (CXX359)";"Rhein";"2016";"03.08.2016";"7,8";"mg/l"
"CXX359";"448.686";"5.428.915";"6.187";"Sauerstoff";"Karlsruhe (CXX359)";"Rhein";"2016";"04.08.2016";"7,7";"mg/l"
"CXX359";"448.686";"5.428.915";"6.187";"Sauerstoff";"Karlsruhe (CXX359)";"Rhein";"2016";"05.08.2016";"7,7";"mg/l"
"CXX359";"448.686";"5.428.915";"6.187";"Sauerstoff";"Karlsruhe (CXX359)";"Rhein";"2016";"06.08.2016";"8,3";"mg/l"
"CXX359";"448.686";"5.428.915";"6.187";"Sauerstoff";"Karlsruhe (CXX359)";"Rhein";"2016";"07.08.2016";"8,6";"mg/l"
"CXX359";"448.686";"5.428.915";"6.187";"Sauerstoff";"Karlsruhe (CXX359)";"Rhein";"2016";"08.08.2016";"8,5";"mg/l"
"CXX359";"448.686";"5.428.915";"6.187";"Sauerstoff";"Karlsruhe (CXX359)";"Rhein";"2016";"09.08.2016";"8,5";"mg/l"
"CXX359";"448.686";"5.428.915";"6.187";"Sauerstoff";"Karlsruhe (CXX359)";"Rhein";"2016";"10.08.2016";"8,4";"mg/l"
"CXX359";"448.686";"5.428.915";"6.187";"Sauerstoff";"Karlsruhe (CXX359)";"Rhein";"2016";"11.08.2016";"8,5";"mg/l"
"CXX359";"448.686";"5.428.915";"6.187";"Sauerstoff";"Karlsruhe (CXX359)";"Rhein";"2016";"12.08.2016";"8,5";"mg/l"
"CXX359";"448.686";"5.428.915";"6.187";"Sauerstoff";"Karlsruhe (CXX359)";"Rhein";"2016";"13.08.2016";"8,5";"mg/l"
"CXX359";"448.686";"5.428.915";"6.187";"Sauerstoff";"Karlsruhe (CXX359)";"Rhein";"2016";"14.08.2016";"8,5";"mg/l"
"CXX359";"448.686";"5.428.915";"6.187";"Sauerstoff";"Karlsruhe (CXX359)";"Rhein";"2016";"15.08.2016";"8,5";"mg/l"
"CXX359";"448.686";"5.428.915";"6.187";"Sauerstoff";"Karlsruhe (CXX359)";"Rhein";"2016";"16.08.2016";"8,4";"mg/l"
"CXX359";"448.686";"5.428.915";"6.187";"Sauerstoff";"Karlsruhe (CXX359)";"Rhein";"2016";"17.08.2016";"8,4";"mg/l"
"CXX359";"448.686";"5.428.915";"6.187";"Sauerstoff";"Karlsruhe (CXX359)";"Rhein";"2016";"18.08.2016";"8,2";"mg/l"
"CXX359";"448.686";"5.428.915";"6.187";"Sauerstoff";"Karlsruhe (CXX359)";"Rhein";"2016";"19.08.2016";"8,2";"mg/l"
"CXX359";"448.686";"5.428.915";"6.187";"Sauerstoff";"Karlsruhe (CXX359)";"Rhein";"2016";"20.08.2016";"8";"mg/l"
"CXX359";"448.686";"5.428.915";"6.187";"Sauerstoff";"Karlsruhe (CXX359)";"Rhein";"2016";"21.08.2016";"8,1";"mg/l"
"CXX359";"448.686";"5.428.915";"6.187";"Sauerstoff";"Karlsruhe (CXX359)";"Rhein";"2016";"22.08.2016";"8,1";"mg/l"
"CXX359";"448.686";"5.428.915";"6.187";"Sauerstoff";"Karlsruhe (CXX359)";"Rhein";"2016";"23.08.2016";"8,2";"mg/l"
"CXX359";"448.686";"5.428.915";"6.187";"Sauerstoff";"Karlsruhe (CXX359)";"Rhein";"2016";"24.08.2016";"8,3";"mg/l"
"CXX359";"448.686";"5.428.915";"6.187";"Sauerstoff";"Karlsruhe (CXX359)";"Rhein";"2016";"25.08.2016";"8,4";"mg/l"
"CXX359";"448.686";"5.428.915";"6.187";"Sauerstoff";"Karlsruhe (CXX359)";"Rhein";"2016";"26.08.2016";"8,5";"mg/l"
"CXX359";"448.686";"5.428.915";"6.187";"Sauerstoff";"Karlsruhe (CXX359)";"Rhein";"2016";"27.08.2016";"8,4";"mg/l"
"CXX359";"448.686";"5.428.915";"6.187";"Sauerstoff";"Karlsruhe (CXX359)";"Rhein";"2016";"28.08.2016";"8,3";"mg/l"
"CXX359";"448.686";"5.428.915";"6.187";"Sauerstoff";"Karlsruhe (CXX359)";"Rhein";"2016";"29.08.2016";"8,2";"mg/l"
"CXX359";"448.686";"5.428.915";"6.187";"Sauerstoff";"Karlsruhe (CXX359)";"Rhein";"2016";"30.08.2016";"8,2";"mg/l"
"CXX359";"448.686";"5.428.915";"6.187";"Sauerstoff";"Karlsruhe (CXX359)";"Rhein";"2016";"31.08.2016";"8,1";"mg/l"
"CXX359";"448.686";"5.428.915";"6.187";"Sauerstoff";"Karlsruhe (CXX359)";"Rhein";"2016";"01.09.2016";"8,1";"mg/l"
"CXX359";"448.686";"5.428.915";"6.187";"Sauerstoff";"Karlsruhe (CXX359)";"Rhein";"2016";"02.09.2016";"8,1";"mg/l"
"CXX359";"448.686";"5.428.915";"6.187";"Sauerstoff";"Karlsruhe (CXX359)";"Rhein";"2016";"03.09.2016";"8,2";"mg/l"
"CXX359";"448.686";"5.428.915";"6.187";"Sauerstoff";"Karlsruhe (CXX359)";"Rhein";"2016";"04.09.2016";"7,9";"mg/l"
"CXX359";"448.686";"5.428.915";"6.187";"Sauerstoff";"Karlsruhe (CXX359)";"Rhein";"2016";"05.09.2016";"7,8";"mg/l"
"CXX359";"448.686";"5.428.915";"6.187";"Sauerstoff";"Karlsruhe (CXX359)";"Rhein";"2016";"06.09.2016";"7,7";"mg/l"
"CXX359";"448.686";"5.428.915";"6.187";"Sauerstoff";"Karlsruhe (CXX359)";"Rhein";"2016";"07.09.2016";"7,9";"mg/l"
"CXX359";"448.686";"5.428.915";"6.187";"Sauerstoff";"Karlsruhe (CXX359)";"Rhein";"2016";"08.09.2016";"7,9";"mg/l"
"CXX359";"448.686";"5.428.915";"6.187";"Sauerstoff";"Karlsruhe (CXX359)";"Rhein";"2016";"09.09.2016";"7,9";"mg/l"
"CXX359";"448.686";"5.428.915";"6.187";"Sauerstoff";"Karlsruhe (CXX359)";"Rhein";"2016";"10.09.2016";"7,7";"mg/l"
"CXX359";"448.686";"5.428.915";"6.187";"Sauerstoff";"Karlsruhe (CXX359)";"Rhein";"2016";"11.09.2016";"7,7";"mg/l"
"CXX359";"448.686";"5.428.915";"6.187";"Sauerstoff";"Karlsruhe (CXX359)";"Rhein";"2016";"12.09.2016";"7,7";"mg/l"
"CXX359";"448.686";"5.428.915";"6.187";"Sauerstoff";"Karlsruhe (CXX359)";"Rhein";"2016";"13.09.2016";"7,8";"mg/l"
"CXX359";"448.686";"5.428.915";"6.187";"Sauerstoff";"Karlsruhe (CXX359)";"Rhein";"2016";"14.09.2016";"7,8";"mg/l"
"CXX359";"448.686";"5.428.915";"6.187";"Sauerstoff";"Karlsruhe (CXX359)";"Rhein";"2016";"15.09.2016";"7,7";"mg/l"
"CXX359";"448.686";"5.428.915";"6.187";"Sauerstoff";"Karlsruhe (CXX359)";"Rhein";"2016";"16.09.2016";"7,6";"mg/l"
"CXX359";"448.686";"5.428.915";"6.187";"Sauerstoff";"Karlsruhe (CXX359)";"Rhein";"2016";"17.09.2016";"7,7";"mg/l"
"CXX359";"448.686";"5.428.915";"6.187";"Sauerstoff";"Karlsruhe (CXX359)";"Rhein";"2016";"18.09.2016";"7,4";"mg/l"
"CXX359";"448.686";"5.428.915";"6.187";"Sauerstoff";"Karlsruhe (CXX359)";"Rhein";"2016";"19.09.2016";"7,3";"mg/l"
"CXX359";"448.686";"5.428.915";"6.187";"Sauerstoff";"Karlsruhe (CXX359)";"Rhein";"2016";"20.09.2016";"7,6";"mg/l"
"CXX359";"448.686";"5.428.915";"6.187";"Sauerstoff";"Karlsruhe (CXX359)";"Rhein";"2016";"21.09.2016";"7,9";"mg/l"
"CXX359";"448.686";"5.428.915";"6.187";"Sauerstoff";"Karlsruhe (CXX359)";"Rhein";"2016";"22.09.2016";"8,1";"mg/l"
"CXX359";"448.686";"5.428.915";"6.187";"Sauerstoff";"Karlsruhe (CXX359)";"Rhein";"2016";"23.09.2016";"8,1";"mg/l"
"CXX359";"448.686";"5.428.915";"6.187";"Sauerstoff";"Karlsruhe (CXX359)";"Rhein";"2016";"24.09.2016";"8,2";"mg/l"
"CXX359";"448.686";"5.428.915";"6.187";"Sauerstoff";"Karlsruhe (CXX359)";"Rhein";"2016";"25.09.2016";"8,3";"mg/l"
"CXX359";"448.686";"5.428.915";"6.187";"Sauerstoff";"Karlsruhe (CXX359)";"Rhein";"2016";"26.09.2016";"8,4";"mg/l"
"CXX359";"448.686";"5.428.915";"6.187";"Sauerstoff";"Karlsruhe (CXX359)";"Rhein";"2016";"27.09.2016";"8,4";"mg/l"
"CXX359";"448.686";"5.428.915";"6.187";"Sauerstoff";"Karlsruhe (CXX359)";"Rhein";"2016";"28.09.2016";"8,6";"mg/l"
"CXX359";"448.686";"5.428.915";"6.187";"Sauerstoff";"Karlsruhe (CXX359)";"Rhein";"2016";"29.09.2016";"8,5";"mg/l"
"CXX359";"448.686";"5.428.915";"6.187";"Sauerstoff";"Karlsruhe (CXX359)";"Rhein";"2016";"30.09.2016";"8,4";"mg/l"
"CXX359";"448.686";"5.428.915";"6.187";"Sauerstoff";"Karlsruhe (CXX359)";"Rhein";"2016";"01.10.2016";"8,2";"mg/l"
"CXX359";"448.686";"5.428.915";"6.187";"Sauerstoff";"Karlsruhe (CXX359)";"Rhein";"2016";"02.10.2016";"8,2";"mg/l"
"CXX359";"448.686";"5.428.915";"6.187";"Sauerstoff";"Karlsruhe (CXX359)";"Rhein";"2016";"03.10.2016";"8,2";"mg/l"
"CXX359";"448.686";"5.428.915";"6.187";"Sauerstoff";"Karlsruhe (CXX359)";"Rhein";"2016";"04.10.2016";"8,2";"mg/l"
"CXX359";"448.686";"5.428.915";"6.187";"Sauerstoff";"Karlsruhe (CXX359)";"Rhein";"2016";"05.10.2016";"8,6";"mg/l"
"CXX359";"448.686";"5.428.915";"6.187";"Sauerstoff";"Karlsruhe (CXX359)";"Rhein";"2016";"06.10.2016";"8,5";"mg/l"
"CXX359";"448.686";"5.428.915";"6.187";"Sauerstoff";"Karlsruhe (CXX359)";"Rhein";"2016";"07.10.2016";"8,7";"mg/l"
"CXX359";"448.686";"5.428.915";"6.187";"Sauerstoff";"Karlsruhe (CXX359)";"Rhein";"2016";"08.10.2016";"8,9";"mg/l"
"CXX359";"448.686";"5.428.915";"6.187";"Sauerstoff";"Karlsruhe (CXX359)";"Rhein";"2016";"09.10.2016";"9";"mg/l"
"CXX359";"448.686";"5.428.915";"6.187";"Sauerstoff";"Karlsruhe (CXX359)";"Rhein";"2016";"10.10.2016";"9,2";"mg/l"
"CXX359";"448.686";"5.428.915";"6.187";"Sauerstoff";"Karlsruhe (CXX359)";"Rhein";"2016";"11.10.2016";"9,2";"mg/l"
"CXX359";"448.686";"5.428.915";"6.187";"Sauerstoff";"Karlsruhe (CXX359)";"Rhein";"2016";"12.10.2016";"9,3";"mg/l"
"CXX359";"448.686";"5.428.915";"6.187";"Sauerstoff";"Karlsruhe (CXX359)";"Rhein";"2016";"13.10.2016";"9,4";"mg/l"
"CXX359";"448.686";"5.428.915";"6.187";"Sauerstoff";"Karlsruhe (CXX359)";"Rhein";"2016";"14.10.2016";"9,4";"mg/l"
"CXX359";"448.686";"5.428.915";"6.187";"Sauerstoff";"Karlsruhe (CXX359)";"Rhein";"2016";"15.10.2016";"9,5";"mg/l"
"CXX359";"448.686";"5.428.915";"6.187";"Sauerstoff";"Karlsruhe (CXX359)";"Rhein";"2016";"16.10.2016";"9,6";"mg/l"
"CXX359";"448.686";"5.428.915";"6.187";"Sauerstoff";"Karlsruhe (CXX359)";"Rhein";"2016";"17.10.2016";"9,5";"mg/l"
"CXX359";"448.686";"5.428.915";"6.187";"Sauerstoff";"Karlsruhe (CXX359)";"Rhein";"2016";"18.10.2016";"9,5";"mg/l"
"CXX359";"448.686";"5.428.915";"6.187";"Sauerstoff";"Karlsruhe (CXX359)";"Rhein";"2016";"19.10.2016";"9,3";"mg/l"
"CXX359";"448.686";"5.428.915";"6.187";"Sauerstoff";"Karlsruhe (CXX359)";"Rhein";"2016";"20.10.2016";"9,3";"mg/l"
"CXX359";"448.686";"5.428.915";"6.187";"Sauerstoff";"Karlsruhe (CXX359)";"Rhein";"2016";"21.10.2016";"9,4";"mg/l"
"CXX359";"448.686";"5.428.915";"6.187";"Sauerstoff";"Karlsruhe (CXX359)";"Rhein";"2016";"22.10.2016";"9,4";"mg/l"
"CXX359";"448.686";"5.428.915";"6.187";"Sauerstoff";"Karlsruhe (CXX359)";"Rhein";"2016";"23.10.2016";"9,4";"mg/l"
"CXX359";"448.686";"5.428.915";"6.187";"Sauerstoff";"Karlsruhe (CXX359)";"Rhein";"2016";"24.10.2016";"9,4";"mg/l"
"CXX359";"448.686";"5.428.915";"6.187";"Sauerstoff";"Karlsruhe (CXX359)";"Rhein";"2016";"25.10.2016";"9,4";"mg/l"
"CXX359";"448.686";"5.428.915";"6.187";"Sauerstoff";"Karlsruhe (CXX359)";"Rhein";"2016";"26.10.2016";"9,3";"mg/l"
"CXX359";"448.686";"5.428.915";"6.187";"Sauerstoff";"Karlsruhe (CXX359)";"Rhein";"2016";"27.10.2016";"9,5";"mg/l"
"CXX359";"448.686";"5.428.915";"6.187";"Sauerstoff";"Karlsruhe (CXX359)";"Rhein";"2016";"28.10.2016";"9,6";"mg/l"
"CXX359";"448.686";"5.428.915";"6.187";"Sauerstoff";"Karlsruhe (CXX359)";"Rhein";"2016";"29.10.2016";"9,6";"mg/l"
"CXX359";"448.686";"5.428.915";"6.187";"Sauerstoff";"Karlsruhe (CXX359)";"Rhein";"2016";"30.10.2016";"9,6";"mg/l"
"CXX359";"448.686";"5.428.915";"6.187";"Sauerstoff";"Karlsruhe (CXX359)";"Rhein";"2016";"31.10.2016";"9,6";"mg/l"
"CXX359";"448.686";"5.428.915";"6.187";"Sauerstoff";"Karlsruhe (CXX359)";"Rhein";"2016";"01.11.2016";"9,5";"mg/l"
"CXX359";"448.686";"5.428.915";"6.187";"Sauerstoff";"Karlsruhe (CXX359)";"Rhein";"2016";"02.11.2016";"9,4";"mg/l"
"CXX359";"448.686";"5.428.915";"6.187";"Sauerstoff";"Karlsruhe (CXX359)";"Rhein";"2016";"03.11.2016";"9,6";"mg/l"
"CXX359";"448.686";"5.428.915";"6.187";"Sauerstoff";"Karlsruhe (CXX359)";"Rhein";"2016";"04.11.2016";"9,7";"mg/l"
"CXX359";"448.686";"5.428.915";"6.187";"Sauerstoff";"Karlsruhe (CXX359)";"Rhein";"2016";"05.11.2016";"9,5";"mg/l"
"CXX359";"448.686";"5.428.915";"6.187";"Sauerstoff";"Karlsruhe (CXX359)";"Rhein";"2016";"06.11.2016";"9,5";"mg/l"
"CXX359";"448.686";"5.428.915";"6.187";"Sauerstoff";"Karlsruhe (CXX359)";"Rhein";"2016";"07.11.2016";"9,6";"mg/l"
"CXX359";"448.686";"5.428.915";"6.187";"Sauerstoff";"Karlsruhe (CXX359)";"Rhein";"2016";"08.11.2016";"9,7";"mg/l"
"CXX359";"448.686";"5.428.915";"6.187";"Sauerstoff";"Karlsruhe (CXX359)";"Rhein";"2016";"09.11.2016";"9,6";"mg/l"
"CXX359";"448.686";"5.428.915";"6.187";"Sauerstoff";"Karlsruhe (CXX359)";"Rhein";"2016";"10.11.2016";"9,8";"mg/l"
"CXX359";"448.686";"5.428.915";"6.187";"Sauerstoff";"Karlsruhe (CXX359)";"Rhein";"2016";"11.11.2016";"9,9";"mg/l"
"CXX359";"448.686";"5.428.915";"6.187";"Sauerstoff";"Karlsruhe (CXX359)";"Rhein";"2016";"12.11.2016";"10,7";"mg/l"
"CXX359";"448.686";"5.428.915";"6.187";"Sauerstoff";"Karlsruhe (CXX359)";"Rhein";"2016";"13.11.2016";"10,7";"mg/l"
"CXX359";"448.686";"5.428.915";"6.187";"Sauerstoff";"Karlsruhe (CXX359)";"Rhein";"2016";"14.11.2016";"10,6";"mg/l"
"CXX359";"448.686";"5.428.915";"6.187";"Sauerstoff";"Karlsruhe (CXX359)";"Rhein";"2016";"15.11.2016";"10,3";"mg/l"
"CXX359";"448.686";"5.428.915";"6.187";"Sauerstoff";"Karlsruhe (CXX359)";"Rhein";"2016";"16.11.2016";"10,2";"mg/l"
"CXX359";"448.686";"5.428.915";"6.187";"Sauerstoff";"Karlsruhe (CXX359)";"Rhein";"2016";"17.11.2016";"10,2";"mg/l"
"CXX359";"448.686";"5.428.915";"6.187";"Sauerstoff";"Karlsruhe (CXX359)";"Rhein";"2016";"18.11.2016";"10,2";"mg/l"
"CXX359";"448.686";"5.428.915";"6.187";"Sauerstoff";"Karlsruhe (CXX359)";"Rhein";"2016";"19.11.2016";"10,4";"mg/l"
"CXX359";"448.686";"5.428.915";"6.187";"Sauerstoff";"Karlsruhe (CXX359)";"Rhein";"2016";"20.11.2016";"10,8";"mg/l"
"CXX359";"448.686";"5.428.915";"6.187";"Sauerstoff";"Karlsruhe (CXX359)";"Rhein";"2016";"21.11.2016";"10,6";"mg/l"
"CXX359";"448.686";"5.428.915";"6.187";"Sauerstoff";"Karlsruhe (CXX359)";"Rhein";"2016";"22.11.2016";"10,6";"mg/l"
"CXX359";"448.686";"5.428.915";"6.187";"Sauerstoff";"Karlsruhe (CXX359)";"Rhein";"2016";"23.11.2016";"10,4";"mg/l"
"CXX359";"448.686";"5.428.915";"6.187";"Sauerstoff";"Karlsruhe (CXX359)";"Rhein";"2016";"24.11.2016";"10,5";"mg/l"
"CXX359";"448.686";"5.428.915";"6.187";"Sauerstoff";"Karlsruhe (CXX359)";"Rhein";"2016";"25.11.2016";"10,5";"mg/l"
"CXX359";"448.686";"5.428.915";"6.187";"Sauerstoff";"Karlsruhe (CXX359)";"Rhein";"2016";"26.11.2016";"10,5";"mg/l"
"CXX359";"448.686";"5.428.915";"6.187";"Sauerstoff";"Karlsruhe (CXX359)";"Rhein";"2016";"27.11.2016";"10,4";"mg/l"
"CXX359";"448.686";"5.428.915";"6.187";"Sauerstoff";"Karlsruhe (CXX359)";"Rhein";"2016";"28.11.2016";"10,6";"mg/l"
"CXX359";"448.686";"5.428.915";"6.187";"Sauerstoff";"Karlsruhe (CXX359)";"Rhein";"2016";"29.11.2016";"10,9";"mg/l"
"CXX359";"448.686";"5.428.915";"6.187";"Sauerstoff";"Karlsruhe (CXX359)";"Rhein";"2016";"30.11.2016";"11,1";"mg/l"
"CXX359";"448.686";"5.428.915";"6.187";"Sauerstoff";"Karlsruhe (CXX359)";"Rhein";"2016";"01.12.2016";"11";"mg/l"
"CXX359";"448.686";"5.428.915";"6.187";"Sauerstoff";"Karlsruhe (CXX359)";"Rhein";"2016";"02.12.2016";"10,9";"mg/l"
"CXX359";"448.686";"5.428.915";"6.187";"Sauerstoff";"Karlsruhe (CXX359)";"Rhein";"2016";"03.12.2016";"10,9";"mg/l"
"CXX359";"448.686";"5.428.915";"6.187";"Sauerstoff";"Karlsruhe (CXX359)";"Rhein";"2016";"04.12.2016";"11,2";"mg/l"
"CXX359";"448.686";"5.428.915";"6.187";"Sauerstoff";"Karlsruhe (CXX359)";"Rhein";"2016";"05.12.2016";"11,2";"mg/l"
"CXX359";"448.686";"5.428.915";"6.187";"Sauerstoff";"Karlsruhe (CXX359)";"Rhein";"2016";"06.12.2016";"11,3";"mg/l"
"CXX359";"448.686";"5.428.915";"6.187";"Sauerstoff";"Karlsruhe (CXX359)";"Rhein";"2016";"07.12.2016";"11,3";"mg/l"
"CXX359";"448.686";"5.428.915";"6.187";"Sauerstoff";"Karlsruhe (CXX359)";"Rhein";"2016";"08.12.2016";"11,4";"mg/l"
"CXX359";"448.686";"5.428.915";"6.187";"Sauerstoff";"Karlsruhe (CXX359)";"Rhein";"2016";"09.12.2016";"11,5";"mg/l"
"CXX359";"448.686";"5.428.915";"6.187";"Sauerstoff";"Karlsruhe (CXX359)";"Rhein";"2016";"10.12.2016";"11,4";"mg/l"
"CXX359";"448.686";"5.428.915";"6.187";"Sauerstoff";"Karlsruhe (CXX359)";"Rhein";"2016";"11.12.2016";"11,3";"mg/l"
"CXX359";"448.686";"5.428.915";"6.187";"Sauerstoff";"Karlsruhe (CXX359)";"Rhein";"2016";"12.12.2016";"11,4";"mg/l"
"CXX359";"448.686";"5.428.915";"6.187";"Sauerstoff";"Karlsruhe (CXX359)";"Rhein";"2016";"13.12.2016";"11,3";"mg/l"
"CXX359";"448.686";"5.428.915";"6.187";"Sauerstoff";"Karlsruhe (CXX359)";"Rhein";"2016";"14.12.2016";"11,3";"mg/l"
"CXX359";"448.686";"5.428.915";"6.187";"Sauerstoff";"Karlsruhe (CXX359)";"Rhein";"2016";"15.12.2016";"11,3";"mg/l"
"CXX359";"448.686";"5.428.915";"6.187";"Sauerstoff";"Karlsruhe (CXX359)";"Rhein";"2016";"16.12.2016";"11,4";"mg/l"
"CXX359";"448.686";"5.428.915";"6.187";"Sauerstoff";"Karlsruhe (CXX359)";"Rhein";"2016";"17.12.2016";"11,4";"mg/l"
"CXX359";"448.686";"5.428.915";"6.187";"Sauerstoff";"Karlsruhe (CXX359)";"Rhein";"2016";"18.12.2016";"11,4";"mg/l"
"CXX359";"448.686";"5.428.915";"6.187";"Sauerstoff";"Karlsruhe (CXX359)";"Rhein";"2016";"19.12.2016";"11,4";"mg/l"
"CXX359";"448.686";"5.428.915";"6.187";"Sauerstoff";"Karlsruhe (CXX359)";"Rhein";"2016";"20.12.2016";"11,6";"mg/l"
"CXX359";"448.686";"5.428.915";"6.187";"Sauerstoff";"Karlsruhe (CXX359)";"Rhein";"2016";"21.12.2016";"11,6";"mg/l"
"CXX359";"448.686";"5.428.915";"6.187";"Sauerstoff";"Karlsruhe (CXX359)";"Rhein";"2016";"22.12.2016";"11,5";"mg/l"
"CXX359";"448.686";"5.428.915";"6.187";"Sauerstoff";"Karlsruhe (CXX359)";"Rhein";"2016";"23.12.2016";"11,5";"mg/l"
"CXX359";"448.686";"5.428.915";"6.187";"Sauerstoff";"Karlsruhe (CXX359)";"Rhein";"2016";"24.12.2016";"11,5";"mg/l"
"CXX359";"448.686";"5.428.915";"6.187";"Sauerstoff";"Karlsruhe (CXX359)";"Rhein";"2016";"25.12.2016";"11,5";"mg/l"
"CXX359";"448.686";"5.428.915";"6.187";"Sauerstoff";"Karlsruhe (CXX359)";"Rhein";"2016";"26.12.2016";"11,5";"mg/l"
"CXX359";"448.686";"5.428.915";"6.187";"Sauerstoff";"Karlsruhe (CXX359)";"Rhein";"2016";"27.12.2016";"11,6";"mg/l"
"CXX359";"448.686";"5.428.915";"6.187";"Sauerstoff";"Karlsruhe (CXX359)";"Rhein";"2016";"28.12.2016";"11,6";"mg/l"
"CXX359";"448.686";"5.428.915";"6.187";"Sauerstoff";"Karlsruhe (CXX359)";"Rhein";"2016";"29.12.2016";"11,7";"mg/l"
"CXX359";"448.686";"5.428.915";"6.187";"Sauerstoff";"Karlsruhe (CXX359)";"Rhein";"2016";"30.12.2016";"11,7";"mg/l"
"CXX359";"448.686";"5.428.915";"6.187";"Sauerstoff";"Karlsruhe (CXX359)";"Rhein";"2016";"31.12.2016";"11,7";"mg/l"
"CXX359";"448.686";"5.428.915";"6.187";"Sauerstoff";"Karlsruhe (CXX359)";"Rhein";"2017";"01.01.2017";"11,8";"mg/l"
"CXX359";"448.686";"5.428.915";"6.187";"Sauerstoff";"Karlsruhe (CXX359)";"Rhein";"2017";"02.01.2017";"11,8";"mg/l"
"CXX359";"448.686";"5.428.915";"6.187";"Sauerstoff";"Karlsruhe (CXX359)";"Rhein";"2017";"03.01.2017";"11,9";"mg/l"
"CXX359";"448.686";"5.428.915";"6.187";"Sauerstoff";"Karlsruhe (CXX359)";"Rhein";"2017";"04.01.2017";"12";"mg/l"
"CXX359";"448.686";"5.428.915";"6.187";"Sauerstoff";"Karlsruhe (CXX359)";"Rhein";"2017";"05.01.2017";"12,1";"mg/l"
"CXX359";"448.686";"5.428.915";"6.187";"Sauerstoff";"Karlsruhe (CXX359)";"Rhein";"2017";"06.01.2017";"12,3";"mg/l"
"CXX359";"448.686";"5.428.915";"6.187";"Sauerstoff";"Karlsruhe (CXX359)";"Rhein";"2017";"07.01.2017";"12,4";"mg/l"
"CXX359";"448.686";"5.428.915";"6.187";"Sauerstoff";"Karlsruhe (CXX359)";"Rhein";"2017";"08.01.2017";"12,5";"mg/l"
"CXX359";"448.686";"5.428.915";"6.187";"Sauerstoff";"Karlsruhe (CXX359)";"Rhein";"2017";"09.01.2017";"12,5";"mg/l"
"CXX359";"448.686";"5.428.915";"6.187";"Sauerstoff";"Karlsruhe (CXX359)";"Rhein";"2017";"10.01.2017";"12,4";"mg/l"
"CXX359";"448.686";"5.428.915";"6.187";"Sauerstoff";"Karlsruhe (CXX359)";"Rhein";"2017";"11.01.2017";"12,4";"mg/l"
"CXX359";"448.686";"5.428.915";"6.187";"Sauerstoff";"Karlsruhe (CXX359)";"Rhein";"2017";"12.01.2017";"12,2";"mg/l"
"CXX359";"448.686";"5.428.915";"6.187";"Sauerstoff";"Karlsruhe (CXX359)";"Rhein";"2017";"13.01.2017";"12,1";"mg/l"
"CXX359";"448.686";"5.428.915";"6.187";"Sauerstoff";"Karlsruhe (CXX359)";"Rhein";"2017";"14.01.2017";"12,1";"mg/l"
"CXX359";"448.686";"5.428.915";"6.187";"Sauerstoff";"Karlsruhe (CXX359)";"Rhein";"2017";"15.01.2017";"12,2";"mg/l"
"CXX359";"448.686";"5.428.915";"6.187";"Sauerstoff";"Karlsruhe (CXX359)";"Rhein";"2017";"16.01.2017";"12,2";"mg/l"
"CXX359";"448.686";"5.428.915";"6.187";"Sauerstoff";"Karlsruhe (CXX359)";"Rhein";"2017";"17.01.2017";"12,4";"mg/l"
"CXX359";"448.686";"5.428.915";"6.187";"Sauerstoff";"Karlsruhe (CXX359)";"Rhein";"2017";"18.01.2017";"12,7";"mg/l"
"CXX359";"448.686";"5.428.915";"6.187";"Sauerstoff";"Karlsruhe (CXX359)";"Rhein";"2017";"19.01.2017";"13";"mg/l"
"CXX359";"448.686";"5.428.915";"6.187";"Sauerstoff";"Karlsruhe (CXX359)";"Rhein";"2017";"20.01.2017";"13,1";"mg/l"
"CXX359";"448.686";"5.428.915";"6.187";"Sauerstoff";"Karlsruhe (CXX359)";"Rhein";"2017";"21.01.2017";"12,9";"mg/l"
"CXX359";"448.686";"5.428.915";"6.187";"Sauerstoff";"Karlsruhe (CXX359)";"Rhein";"2017";"22.01.2017";"12,9";"mg/l"
"CXX359";"448.686";"5.428.915";"6.187";"Sauerstoff";"Karlsruhe (CXX359)";"Rhein";"2017";"23.01.2017";"12,8";"mg/l"
"CXX359";"448.686";"5.428.915";"6.187";"Sauerstoff";"Karlsruhe (CXX359)";"Rhein";"2017";"24.01.2017";"12,7";"mg/l"
"CXX359";"448.686";"5.428.915";"6.187";"Sauerstoff";"Karlsruhe (CXX359)";"Rhein";"2017";"25.01.2017";"12,9";"mg/l"
"CXX359";"448.686";"5.428.915";"6.187";"Sauerstoff";"Karlsruhe (CXX359)";"Rhein";"2017";"26.01.2017";"13,2";"mg/l"
"CXX359";"448.686";"5.428.915";"6.187";"Sauerstoff";"Karlsruhe (CXX359)";"Rhein";"2017";"27.01.2017";"13,2";"mg/l"
"CXX359";"448.686";"5.428.915";"6.187";"Sauerstoff";"Karlsruhe (CXX359)";"Rhein";"2017";"28.01.2017";"13,3";"mg/l"
"CXX359";"448.686";"5.428.915";"6.187";"Sauerstoff";"Karlsruhe (CXX359)";"Rhein";"2017";"29.01.2017";"13,3";"mg/l"
"CXX359";"448.686";"5.428.915";"6.187";"Sauerstoff";"Karlsruhe (CXX359)";"Rhein";"2017";"30.01.2017";"13,1";"mg/l"
"CXX359";"448.686";"5.428.915";"6.187";"Sauerstoff";"Karlsruhe (CXX359)";"Rhein";"2017";"31.01.2017";"12,8";"mg/l"
"CXX359";"448.686";"5.428.915";"6.187";"Sauerstoff";"Karlsruhe (CXX359)";"Rhein";"2017";"01.02.2017";"12,9";"mg/l"
"CXX359";"448.686";"5.428.915";"6.187";"Sauerstoff";"Karlsruhe (CXX359)";"Rhein";"2017";"02.02.2017";"13,7";"mg/l"
"CXX359";"448.686";"5.428.915";"6.187";"Sauerstoff";"Karlsruhe (CXX359)";"Rhein";"2017";"03.02.2017";"13,4";"mg/l"
"CXX359";"448.686";"5.428.915";"6.187";"Sauerstoff";"Karlsruhe (CXX359)";"Rhein";"2017";"04.02.2017";"12,8";"mg/l"
"CXX359";"448.686";"5.428.915";"6.187";"Sauerstoff";"Karlsruhe (CXX359)";"Rhein";"2017";"05.02.2017";"12,1";"mg/l"
"CXX359";"448.686";"5.428.915";"6.187";"Sauerstoff";"Karlsruhe (CXX359)";"Rhein";"2017";"06.02.2017";"11,8";"mg/l"
"CXX359";"448.686";"5.428.915";"6.187";"Sauerstoff";"Karlsruhe (CXX359)";"Rhein";"2017";"07.02.2017";"11,6";"mg/l"
"CXX359";"448.686";"5.428.915";"6.187";"Sauerstoff";"Karlsruhe (CXX359)";"Rhein";"2017";"08.02.2017";"11,6";"mg/l"
"CXX359";"448.686";"5.428.915";"6.187";"Sauerstoff";"Karlsruhe (CXX359)";"Rhein";"2017";"09.02.2017";"11,7";"mg/l"
"CXX359";"448.686";"5.428.915";"6.187";"Sauerstoff";"Karlsruhe (CXX359)";"Rhein";"2017";"10.02.2017";"11,9";"mg/l"
"CXX359";"448.686";"5.428.915";"6.187";"Sauerstoff";"Karlsruhe (CXX359)";"Rhein";"2017";"11.02.2017";"11,9";"mg/l"
"CXX359";"448.686";"5.428.915";"6.187";"Sauerstoff";"Karlsruhe (CXX359)";"Rhein";"2017";"12.02.2017";"11,9";"mg/l"
"CXX359";"448.686";"5.428.915";"6.187";"Sauerstoff";"Karlsruhe (CXX359)";"Rhein";"2017";"13.02.2017";"12";"mg/l"
"CXX359";"448.686";"5.428.915";"6.187";"Sauerstoff";"Karlsruhe (CXX359)";"Rhein";"2017";"14.02.2017";"12,1";"mg/l"
"CXX359";"448.686";"5.428.915";"6.187";"Sauerstoff";"Karlsruhe (CXX359)";"Rhein";"2017";"15.02.2017";"12,1";"mg/l"
"CXX359";"448.686";"5.428.915";"6.187";"Sauerstoff";"Karlsruhe (CXX359)";"Rhein";"2017";"16.02.2017";"12,2";"mg/l"
"CXX359";"448.686";"5.428.915";"6.187";"Sauerstoff";"Karlsruhe (CXX359)";"Rhein";"2017";"17.02.2017";"12,2";"mg/l"
"CXX359";"448.686";"5.428.915";"6.187";"Sauerstoff";"Karlsruhe (CXX359)";"Rhein";"2017";"18.02.2017";"12,2";"mg/l"
"CXX359";"448.686";"5.428.915";"6.187";"Sauerstoff";"Karlsruhe (CXX359)";"Rhein";"2017";"19.02.2017";"12,2";"mg/l"
"CXX359";"448.686";"5.428.915";"6.187";"Sauerstoff";"Karlsruhe (CXX359)";"Rhein";"2017";"20.02.2017";"12,1";"mg/l"
"CXX359";"448.686";"5.428.915";"6.187";"Sauerstoff";"Karlsruhe (CXX359)";"Rhein";"2017";"21.02.2017";"12";"mg/l"
"CXX359";"448.686";"5.428.915";"6.187";"Sauerstoff";"Karlsruhe (CXX359)";"Rhein";"2017";"22.02.2017";"11,8";"mg/l"
"CXX359";"448.686";"5.428.915";"6.187";"Sauerstoff";"Karlsruhe (CXX359)";"Rhein";"2017";"23.02.2017";"11,8";"mg/l"
"CXX359";"448.686";"5.428.915";"6.187";"Sauerstoff";"Karlsruhe (CXX359)";"Rhein";"2017";"24.02.2017";"11,7";"mg/l"
"CXX359";"448.686";"5.428.915";"6.187";"Sauerstoff";"Karlsruhe (CXX359)";"Rhein";"2017";"25.02.2017";"11,8";"mg/l"
"CXX359";"448.686";"5.428.915";"6.187";"Sauerstoff";"Karlsruhe (CXX359)";"Rhein";"2017";"26.02.2017";"11,9";"mg/l"
"CXX359";"448.686";"5.428.915";"6.187";"Sauerstoff";"Karlsruhe (CXX359)";"Rhein";"2017";"27.02.2017";"11,8";"mg/l"
"CXX359";"448.686";"5.428.915";"6.187";"Sauerstoff";"Karlsruhe (CXX359)";"Rhein";"2017";"28.02.2017";"11,8";"mg/l"
"CXX359";"448.686";"5.428.915";"6.187";"Sauerstoff";"Karlsruhe (CXX359)";"Rhein";"2017";"01.03.2017";"11,7";"mg/l"
"CXX359";"448.686";"5.428.915";"6.187";"Sauerstoff";"Karlsruhe (CXX359)";"Rhein";"2017";"02.03.2017";"11,6";"mg/l"
"CXX359";"448.686";"5.428.915";"6.187";"Sauerstoff";"Karlsruhe (CXX359)";"Rhein";"2017";"03.03.2017";"12,1";"mg/l"
"CXX359";"448.686";"5.428.915";"6.187";"Sauerstoff";"Karlsruhe (CXX359)";"Rhein";"2017";"04.03.2017";"12";"mg/l"
"CXX359";"448.686";"5.428.915";"6.187";"Sauerstoff";"Karlsruhe (CXX359)";"Rhein";"2017";"05.03.2017";"11,5";"mg/l"
"CXX359";"448.686";"5.428.915";"6.187";"Sauerstoff";"Karlsruhe (CXX359)";"Rhein";"2017";"06.03.2017";"11,4";"mg/l"
"CXX359";"448.686";"5.428.915";"6.187";"Sauerstoff";"Karlsruhe (CXX359)";"Rhein";"2017";"07.03.2017";"11,5";"mg/l"
"CXX359";"448.686";"5.428.915";"6.187";"Sauerstoff";"Karlsruhe (CXX359)";"Rhein";"2017";"08.03.2017";"11,8";"mg/l"
"CXX359";"448.686";"5.428.915";"6.187";"Sauerstoff";"Karlsruhe (CXX359)";"Rhein";"2017";"09.03.2017";"12";"mg/l"
"CXX359";"448.686";"5.428.915";"6.187";"Sauerstoff";"Karlsruhe (CXX359)";"Rhein";"2017";"10.03.2017";"12,2";"mg/l"
"CXX359";"448.686";"5.428.915";"6.187";"Sauerstoff";"Karlsruhe (CXX359)";"Rhein";"2017";"11.03.2017";"12,2";"mg/l"
"CXX359";"448.686";"5.428.915";"6.187";"Sauerstoff";"Karlsruhe (CXX359)";"Rhein";"2017";"12.03.2017";"12,1";"mg/l"
"CXX359";"448.686";"5.428.915";"6.187";"Sauerstoff";"Karlsruhe (CXX359)";"Rhein";"2017";"13.03.2017";"11,6";"mg/l"
"CXX359";"448.686";"5.428.915";"6.187";"Sauerstoff";"Karlsruhe (CXX359)";"Rhein";"2017";"14.03.2017";"12";"mg/l"
"CXX359";"448.686";"5.428.915";"6.187";"Sauerstoff";"Karlsruhe (CXX359)";"Rhein";"2017";"15.03.2017";"11,9";"mg/l"
"CXX359";"448.686";"5.428.915";"6.187";"Sauerstoff";"Karlsruhe (CXX359)";"Rhein";"2017";"16.03.2017";"11,5";"mg/l"
"CXX359";"448.686";"5.428.915";"6.187";"Sauerstoff";"Karlsruhe (CXX359)";"Rhein";"2017";"17.03.2017";"11,2";"mg/l"
"CXX359";"448.686";"5.428.915";"6.187";"Sauerstoff";"Karlsruhe (CXX359)";"Rhein";"2017";"18.03.2017";"10,9";"mg/l"
"CXX359";"448.686";"5.428.915";"6.187";"Sauerstoff";"Karlsruhe (CXX359)";"Rhein";"2017";"19.03.2017";"10,8";"mg/l"
"CXX359";"448.686";"5.428.915";"6.187";"Sauerstoff";"Karlsruhe (CXX359)";"Rhein";"2017";"20.03.2017";"10,8";"mg/l"
"CXX359";"448.686";"5.428.915";"6.187";"Sauerstoff";"Karlsruhe (CXX359)";"Rhein";"2017";"21.03.2017";"10,6";"mg/l"
"CXX359";"448.686";"5.428.915";"6.187";"Sauerstoff";"Karlsruhe (CXX359)";"Rhein";"2017";"22.03.2017";"10,5";"mg/l"
"CXX359";"448.686";"5.428.915";"6.187";"Sauerstoff";"Karlsruhe (CXX359)";"Rhein";"2017";"23.03.2017";"10,5";"mg/l"
"CXX359";"448.686";"5.428.915";"6.187";"Sauerstoff";"Karlsruhe (CXX359)";"Rhein";"2017";"24.03.2017";"10,6";"mg/l"
"CXX359";"448.686";"5.428.915";"6.187";"Sauerstoff";"Karlsruhe (CXX359)";"Rhein";"2017";"25.03.2017";"10,9";"mg/l"
"CXX359";"448.686";"5.428.915";"6.187";"Sauerstoff";"Karlsruhe (CXX359)";"Rhein";"2017";"26.03.2017";"10,9";"mg/l"
"CXX359";"448.686";"5.428.915";"6.187";"Sauerstoff";"Karlsruhe (CXX359)";"Rhein";"2017";"27.03.2017";"11";"mg/l"
"CXX359";"448.686";"5.428.915";"6.187";"Sauerstoff";"Karlsruhe (CXX359)";"Rhein";"2017";"28.03.2017";"10,9";"mg/l"
"CXX359";"448.686";"5.428.915";"6.187";"Sauerstoff";"Karlsruhe (CXX359)";"Rhein";"2017";"29.03.2017";"10,9";"mg/l"
"CXX359";"448.686";"5.428.915";"6.187";"Sauerstoff";"Karlsruhe (CXX359)";"Rhein";"2017";"30.03.2017";"11,1";"mg/l"
"CXX359";"448.686";"5.428.915";"6.187";"Sauerstoff";"Karlsruhe (CXX359)";"Rhein";"2017";"31.03.2017";"11,1";"mg/l"
"CXX359";"448.686";"5.428.915";"6.187";"Sauerstoff";"Karlsruhe (CXX359)";"Rhein";"2017";"01.04.2017";"11";"mg/l"
"CXX359";"448.686";"5.428.915";"6.187";"Sauerstoff";"Karlsruhe (CXX359)";"Rhein";"2017";"02.04.2017";"10,9";"mg/l"
"CXX359";"448.686";"5.428.915";"6.187";"Sauerstoff";"Karlsruhe (CXX359)";"Rhein";"2017";"03.04.2017";"10,8";"mg/l"
"CXX359";"448.686";"5.428.915";"6.187";"Sauerstoff";"Karlsruhe (CXX359)";"Rhein";"2017";"04.04.2017";"11";"mg/l"
"CXX359";"448.686";"5.428.915";"6.187";"Sauerstoff";"Karlsruhe (CXX359)";"Rhein";"2017";"05.04.2017";"10,9";"mg/l"
"CXX359";"448.686";"5.428.915";"6.187";"Sauerstoff";"Karlsruhe (CXX359)";"Rhein";"2017";"06.04.2017";"10,7";"mg/l"
"CXX359";"448.686";"5.428.915";"6.187";"Sauerstoff";"Karlsruhe (CXX359)";"Rhein";"2017";"07.04.2017";"10,8";"mg/l"
"CXX359";"448.686";"5.428.915";"6.187";"Sauerstoff";"Karlsruhe (CXX359)";"Rhein";"2017";"08.04.2017";"10,9";"mg/l"
"CXX359";"448.686";"5.428.915";"6.187";"Sauerstoff";"Karlsruhe (CXX359)";"Rhein";"2017";"09.04.2017";"10,9";"mg/l"
"CXX359";"448.686";"5.428.915";"6.187";"Sauerstoff";"Karlsruhe (CXX359)";"Rhein";"2017";"10.04.2017";"10,8";"mg/l"
"CXX359";"448.686";"5.428.915";"6.187";"Sauerstoff";"Karlsruhe (CXX359)";"Rhein";"2017";"11.04.2017";"10,7";"mg/l"
"CXX359";"448.686";"5.428.915";"6.187";"Sauerstoff";"Karlsruhe (CXX359)";"Rhein";"2017";"12.04.2017";"10,7";"mg/l"
"CXX359";"448.686";"5.428.915";"6.187";"Sauerstoff";"Karlsruhe (CXX359)";"Rhein";"2017";"13.04.2017";"10,5";"mg/l"
"CXX359";"448.686";"5.428.915";"6.187";"Sauerstoff";"Karlsruhe (CXX359)";"Rhein";"2017";"14.04.2017";"10,5";"mg/l"
"CXX359";"448.686";"5.428.915";"6.187";"Sauerstoff";"Karlsruhe (CXX359)";"Rhein";"2017";"15.04.2017";"10,2";"mg/l"
"CXX359";"448.686";"5.428.915";"6.187";"Sauerstoff";"Karlsruhe (CXX359)";"Rhein";"2017";"16.04.2017";"10";"mg/l"
"CXX359";"448.686";"5.428.915";"6.187";"Sauerstoff";"Karlsruhe (CXX359)";"Rhein";"2017";"17.04.2017";"9,8";"mg/l"
"CXX359";"448.686";"5.428.915";"6.187";"Sauerstoff";"Karlsruhe (CXX359)";"Rhein";"2017";"18.04.2017";"10";"mg/l"
"CXX359";"448.686";"5.428.915";"6.187";"Sauerstoff";"Karlsruhe (CXX359)";"Rhein";"2017";"19.04.2017";"10,2";"mg/l"
"CXX359";"448.686";"5.428.915";"6.187";"Sauerstoff";"Karlsruhe (CXX359)";"Rhein";"2017";"20.04.2017";"10,6";"mg/l"
"CXX359";"448.686";"5.428.915";"6.187";"Sauerstoff";"Karlsruhe (CXX359)";"Rhein";"2017";"21.04.2017";"10,8";"mg/l"
"CXX359";"448.686";"5.428.915";"6.187";"Sauerstoff";"Karlsruhe (CXX359)";"Rhein";"2017";"22.04.2017";"10,4";"mg/l"
"CXX359";"448.686";"5.428.915";"6.187";"Sauerstoff";"Karlsruhe (CXX359)";"Rhein";"2017";"23.04.2017";"10,7";"mg/l"
"CXX359";"448.686";"5.428.915";"6.187";"Sauerstoff";"Karlsruhe (CXX359)";"Rhein";"2017";"24.04.2017";"10,8";"mg/l"
"CXX359";"448.686";"5.428.915";"6.187";"Sauerstoff";"Karlsruhe (CXX359)";"Rhein";"2017";"25.04.2017";"10,7";"mg/l"
"CXX359";"448.686";"5.428.915";"6.187";"Sauerstoff";"Karlsruhe (CXX359)";"Rhein";"2017";"26.04.2017";"10,5";"mg/l"
"CXX359";"448.686";"5.428.915";"6.187";"Sauerstoff";"Karlsruhe (CXX359)";"Rhein";"2017";"27.04.2017";"10,7";"mg/l"
"CXX359";"448.686";"5.428.915";"6.187";"Sauerstoff";"Karlsruhe (CXX359)";"Rhein";"2017";"28.04.2017";"10,6";"mg/l"
"CXX359";"448.686";"5.428.915";"6.187";"Sauerstoff";"Karlsruhe (CXX359)";"Rhein";"2017";"29.04.2017";"10,2";"mg/l"
"CXX359";"448.686";"5.428.915";"6.187";"Sauerstoff";"Karlsruhe (CXX359)";"Rhein";"2017";"30.04.2017";"10,4";"mg/l"
"CXX359";"448.686";"5.428.915";"6.187";"Sauerstoff";"Karlsruhe (CXX359)";"Rhein";"2017";"01.05.2017";"10,6";"mg/l"
"CXX359";"448.686";"5.428.915";"6.187";"Sauerstoff";"Karlsruhe (CXX359)";"Rhein";"2017";"02.05.2017";"10,4";"mg/l"
"CXX359";"448.686";"5.428.915";"6.187";"Sauerstoff";"Karlsruhe (CXX359)";"Rhein";"2017";"03.05.2017";"10,3";"mg/l"
"CXX359";"448.686";"5.428.915";"6.187";"Sauerstoff";"Karlsruhe (CXX359)";"Rhein";"2017";"04.05.2017";"10";"mg/l"
"CXX359";"448.686";"5.428.915";"6.187";"Sauerstoff";"Karlsruhe (CXX359)";"Rhein";"2017";"05.05.2017";"10,1";"mg/l"
"CXX359";"448.686";"5.428.915";"6.187";"Sauerstoff";"Karlsruhe (CXX359)";"Rhein";"2017";"06.05.2017";"10,1";"mg/l"
"CXX359";"448.686";"5.428.915";"6.187";"Sauerstoff";"Karlsruhe (CXX359)";"Rhein";"2017";"07.05.2017";"10";"mg/l"
"CXX359";"448.686";"5.428.915";"6.187";"Sauerstoff";"Karlsruhe (CXX359)";"Rhein";"2017";"08.05.2017";"10,2";"mg/l"
"CXX359";"448.686";"5.428.915";"6.187";"Sauerstoff";"Karlsruhe (CXX359)";"Rhein";"2017";"09.05.2017";"10,3";"mg/l"
"CXX359";"448.686";"5.428.915";"6.187";"Sauerstoff";"Karlsruhe (CXX359)";"Rhein";"2017";"10.05.2017";"10,5";"mg/l"
"CXX359";"448.686";"5.428.915";"6.187";"Sauerstoff";"Karlsruhe (CXX359)";"Rhein";"2017";"11.05.2017";"10,4";"mg/l"
"CXX359";"448.686";"5.428.915";"6.187";"Sauerstoff";"Karlsruhe (CXX359)";"Rhein";"2017";"12.05.2017";"10,3";"mg/l"
"CXX359";"448.686";"5.428.915";"6.187";"Sauerstoff";"Karlsruhe (CXX359)";"Rhein";"2017";"13.05.2017";"10,2";"mg/l"
"CXX359";"448.686";"5.428.915";"6.187";"Sauerstoff";"Karlsruhe (CXX359)";"Rhein";"2017";"14.05.2017";"9,9";"mg/l"
"CXX359";"448.686";"5.428.915";"6.187";"Sauerstoff";"Karlsruhe (CXX359)";"Rhein";"2017";"15.05.2017";"9,8";"mg/l"
"CXX359";"448.686";"5.428.915";"6.187";"Sauerstoff";"Karlsruhe (CXX359)";"Rhein";"2017";"16.05.2017";"10";"mg/l"
"CXX359";"448.686";"5.428.915";"6.187";"Sauerstoff";"Karlsruhe (CXX359)";"Rhein";"2017";"17.05.2017";"9,8";"mg/l"
"CXX359";"448.686";"5.428.915";"6.187";"Sauerstoff";"Karlsruhe (CXX359)";"Rhein";"2017";"18.05.2017";"9,4";"mg/l"
"CXX359";"448.686";"5.428.915";"6.187";"Sauerstoff";"Karlsruhe (CXX359)";"Rhein";"2017";"19.05.2017";"9,3";"mg/l"
"CXX359";"448.686";"5.428.915";"6.187";"Sauerstoff";"Karlsruhe (CXX359)";"Rhein";"2017";"20.05.2017";"9,3";"mg/l"
"CXX359";"448.686";"5.428.915";"6.187";"Sauerstoff";"Karlsruhe (CXX359)";"Rhein";"2017";"21.05.2017";"9,4";"mg/l"
"CXX359";"448.686";"5.428.915";"6.187";"Sauerstoff";"Karlsruhe (CXX359)";"Rhein";"2017";"22.05.2017";"9,3";"mg/l"
"CXX359";"448.686";"5.428.915";"6.187";"Sauerstoff";"Karlsruhe (CXX359)";"Rhein";"2017";"23.05.2017";"9,5";"mg/l"
"CXX359";"448.686";"5.428.915";"6.187";"Sauerstoff";"Karlsruhe (CXX359)";"Rhein";"2017";"24.05.2017";"9,8";"mg/l"
"CXX359";"448.686";"5.428.915";"6.187";"Sauerstoff";"Karlsruhe (CXX359)";"Rhein";"2017";"25.05.2017";"9,6";"mg/l"
"CXX359";"448.686";"5.428.915";"6.187";"Sauerstoff";"Karlsruhe (CXX359)";"Rhein";"2017";"26.05.2017";"9,4";"mg/l"
"CXX359";"448.686";"5.428.915";"6.187";"Sauerstoff";"Karlsruhe (CXX359)";"Rhein";"2017";"27.05.2017";"9,4";"mg/l"
"CXX359";"448.686";"5.428.915";"6.187";"Sauerstoff";"Karlsruhe (CXX359)";"Rhein";"2017";"28.05.2017";"9,4";"mg/l"
"CXX359";"448.686";"5.428.915";"6.187";"Sauerstoff";"Karlsruhe (CXX359)";"Rhein";"2017";"29.05.2017";"9,4";"mg/l"
"CXX359";"448.686";"5.428.915";"6.187";"Sauerstoff";"Karlsruhe (CXX359)";"Rhein";"2017";"30.05.2017";"9";"mg/l"
"CXX359";"448.686";"5.428.915";"6.187";"Sauerstoff";"Karlsruhe (CXX359)";"Rhein";"2017";"31.05.2017";"8,9";"mg/l"
"CXX359";"448.686";"5.428.915";"6.187";"Sauerstoff";"Karlsruhe (CXX359)";"Rhein";"2017";"01.06.2017";"8,9";"mg/l"
"CXX359";"448.686";"5.428.915";"6.187";"Sauerstoff";"Karlsruhe (CXX359)";"Rhein";"2017";"02.06.2017";"8,7";"mg/l"
"CXX359";"448.686";"5.428.915";"6.187";"Sauerstoff";"Karlsruhe (CXX359)";"Rhein";"2017";"03.06.2017";"8,2";"mg/l"
"CXX359";"448.686";"5.428.915";"6.187";"Sauerstoff";"Karlsruhe (CXX359)";"Rhein";"2017";"04.06.2017";"8,1";"mg/l"
"CXX359";"448.686";"5.428.915";"6.187";"Sauerstoff";"Karlsruhe (CXX359)";"Rhein";"2017";"05.06.2017";"8,2";"mg/l"
"CXX359";"448.686";"5.428.915";"6.187";"Sauerstoff";"Karlsruhe (CXX359)";"Rhein";"2017";"06.06.2017";"8,2";"mg/l"
"CXX359";"448.686";"5.428.915";"6.187";"Sauerstoff";"Karlsruhe (CXX359)";"Rhein";"2017";"07.06.2017";"8,3";"mg/l"
"CXX359";"448.686";"5.428.915";"6.187";"Sauerstoff";"Karlsruhe (CXX359)";"Rhein";"2017";"08.06.2017";"8,6";"mg/l"
"CXX359";"448.686";"5.428.915";"6.187";"Sauerstoff";"Karlsruhe (CXX359)";"Rhein";"2017";"09.06.2017";"8,7";"mg/l"
"CXX359";"448.686";"5.428.915";"6.187";"Sauerstoff";"Karlsruhe (CXX359)";"Rhein";"2017";"10.06.2017";"8,7";"mg/l"
"CXX359";"448.686";"5.428.915";"6.187";"Sauerstoff";"Karlsruhe (CXX359)";"Rhein";"2017";"11.06.2017";"8,8";"mg/l"
"CXX359";"448.686";"5.428.915";"6.187";"Sauerstoff";"Karlsruhe (CXX359)";"Rhein";"2017";"12.06.2017";"8,9";"mg/l"
"CXX359";"448.686";"5.428.915";"6.187";"Sauerstoff";"Karlsruhe (CXX359)";"Rhein";"2017";"13.06.2017";"8,8";"mg/l"
"CXX359";"448.686";"5.428.915";"6.187";"Sauerstoff";"Karlsruhe (CXX359)";"Rhein";"2017";"14.06.2017";"8,8";"mg/l"
"CXX359";"448.686";"5.428.915";"6.187";"Sauerstoff";"Karlsruhe (CXX359)";"Rhein";"2017";"15.06.2017";"8,7";"mg/l"
"CXX359";"448.686";"5.428.915";"6.187";"Sauerstoff";"Karlsruhe (CXX359)";"Rhein";"2017";"16.06.2017";"8,5";"mg/l"
"CXX359";"448.686";"5.428.915";"6.187";"Sauerstoff";"Karlsruhe (CXX359)";"Rhein";"2017";"17.06.2017";"8,5";"mg/l"
"CXX359";"448.686";"5.428.915";"6.187";"Sauerstoff";"Karlsruhe (CXX359)";"Rhein";"2017";"18.06.2017";"8,7";"mg/l"
"CXX359";"448.686";"5.428.915";"6.187";"Sauerstoff";"Karlsruhe (CXX359)";"Rhein";"2017";"19.06.2017";"8,6";"mg/l"
"CXX359";"448.686";"5.428.915";"6.187";"Sauerstoff";"Karlsruhe (CXX359)";"Rhein";"2017";"20.06.2017";"8,6";"mg/l"
"CXX359";"448.686";"5.428.915";"6.187";"Sauerstoff";"Karlsruhe (CXX359)";"Rhein";"2017";"21.06.2017";"8,7";"mg/l"
"CXX359";"448.686";"5.428.915";"6.187";"Sauerstoff";"Karlsruhe (CXX359)";"Rhein";"2017";"22.06.2017";"8,7";"mg/l"
"CXX359";"448.686";"5.428.915";"6.187";"Sauerstoff";"Karlsruhe (CXX359)";"Rhein";"2017";"23.06.2017";"8,5";"mg/l"
"CXX359";"448.686";"5.428.915";"6.187";"Sauerstoff";"Karlsruhe (CXX359)";"Rhein";"2017";"24.06.2017";"8,5";"mg/l"
"CXX359";"448.686";"5.428.915";"6.187";"Sauerstoff";"Karlsruhe (CXX359)";"Rhein";"2017";"25.06.2017";"8,3";"mg/l"
"CXX359";"448.686";"5.428.915";"6.187";"Sauerstoff";"Karlsruhe (CXX359)";"Rhein";"2017";"26.06.2017";"8,3";"mg/l"
"CXX359";"448.686";"5.428.915";"6.187";"Sauerstoff";"Karlsruhe (CXX359)";"Rhein";"2017";"27.06.2017";"8";"mg/l"
"CXX359";"448.686";"5.428.915";"6.187";"Sauerstoff";"Karlsruhe (CXX359)";"Rhein";"2017";"28.06.2017";"7,9";"mg/l"
"CXX359";"448.686";"5.428.915";"6.187";"Sauerstoff";"Karlsruhe (CXX359)";"Rhein";"2017";"29.06.2017";"7,8";"mg/l"
"CXX359";"448.686";"5.428.915";"6.187";"Sauerstoff";"Karlsruhe (CXX359)";"Rhein";"2017";"30.06.2017";"7,9";"mg/l"
"CXX359";"448.686";"5.428.915";"6.187";"Sauerstoff";"Karlsruhe (CXX359)";"Rhein";"2017";"01.07.2017";"7,7";"mg/l"
"CXX359";"448.686";"5.428.915";"6.187";"Sauerstoff";"Karlsruhe (CXX359)";"Rhein";"2017";"02.07.2017";"7,6";"mg/l"
"CXX359";"448.686";"5.428.915";"6.187";"Sauerstoff";"Karlsruhe (CXX359)";"Rhein";"2017";"03.07.2017";"7,7";"mg/l"
"CXX359";"448.686";"5.428.915";"6.187";"Sauerstoff";"Karlsruhe (CXX359)";"Rhein";"2017";"04.07.2017";"7,9";"mg/l"
"CXX359";"448.686";"5.428.915";"6.187";"Sauerstoff";"Karlsruhe (CXX359)";"Rhein";"2017";"05.07.2017";"8,1";"mg/l"
"CXX359";"448.686";"5.428.915";"6.187";"Sauerstoff";"Karlsruhe (CXX359)";"Rhein";"2017";"06.07.2017";"8,4";"mg/l"
"CXX359";"448.686";"5.428.915";"6.187";"Sauerstoff";"Karlsruhe (CXX359)";"Rhein";"2017";"07.07.2017";"8,6";"mg/l"
"CXX359";"448.686";"5.428.915";"6.187";"Sauerstoff";"Karlsruhe (CXX359)";"Rhein";"2017";"08.07.2017";"8,6";"mg/l"
"CXX359";"448.686";"5.428.915";"6.187";"Sauerstoff";"Karlsruhe (CXX359)";"Rhein";"2017";"09.07.2017";"8,4";"mg/l"
"CXX359";"448.686";"5.428.915";"6.187";"Sauerstoff";"Karlsruhe (CXX359)";"Rhein";"2017";"10.07.2017";"8,1";"mg/l"
"CXX359";"448.686";"5.428.915";"6.187";"Sauerstoff";"Karlsruhe (CXX359)";"Rhein";"2017";"11.07.2017";"8,1";"mg/l"
"CXX359";"448.686";"5.428.915";"6.187";"Sauerstoff";"Karlsruhe (CXX359)";"Rhein";"2017";"12.07.2017";"7,9";"mg/l"
"CXX359";"448.686";"5.428.915";"6.187";"Sauerstoff";"Karlsruhe (CXX359)";"Rhein";"2017";"13.07.2017";"8";"mg/l"
"CXX359";"448.686";"5.428.915";"6.187";"Sauerstoff";"Karlsruhe (CXX359)";"Rhein";"2017";"14.07.2017";"7,8";"mg/l"
"CXX359";"448.686";"5.428.915";"6.187";"Sauerstoff";"Karlsruhe (CXX359)";"Rhein";"2017";"15.07.2017";"7,8";"mg/l"
"CXX359";"448.686";"5.428.915";"6.187";"Sauerstoff";"Karlsruhe (CXX359)";"Rhein";"2017";"16.07.2017";"8";"mg/l"
"CXX359";"448.686";"5.428.915";"6.187";"Sauerstoff";"Karlsruhe (CXX359)";"Rhein";"2017";"17.07.2017";"8,3";"mg/l"
"CXX359";"448.686";"5.428.915";"6.187";"Sauerstoff";"Karlsruhe (CXX359)";"Rhein";"2017";"18.07.2017";"8,6";"mg/l"
"CXX359";"448.686";"5.428.915";"6.187";"Sauerstoff";"Karlsruhe (CXX359)";"Rhein";"2017";"19.07.2017";"8,7";"mg/l"
"CXX359";"448.686";"5.428.915";"6.187";"Sauerstoff";"Karlsruhe (CXX359)";"Rhein";"2017";"20.07.2017";"8,4";"mg/l"
"CXX359";"448.686";"5.428.915";"6.187";"Sauerstoff";"Karlsruhe (CXX359)";"Rhein";"2017";"21.07.2017";"8,5";"mg/l"
"CXX359";"448.686";"5.428.915";"6.187";"Sauerstoff";"Karlsruhe (CXX359)";"Rhein";"2017";"22.07.2017";"8,4";"mg/l"
"CXX359";"448.686";"5.428.915";"6.187";"Sauerstoff";"Karlsruhe (CXX359)";"Rhein";"2017";"23.07.2017";"8,2";"mg/l"
"CXX359";"448.686";"5.428.915";"6.187";"Sauerstoff";"Karlsruhe (CXX359)";"Rhein";"2017";"24.07.2017";"8";"mg/l"
"CXX359";"448.686";"5.428.915";"6.187";"Sauerstoff";"Karlsruhe (CXX359)";"Rhein";"2017";"25.07.2017";"7,5";"mg/l"
"CXX359";"448.686";"5.428.915";"6.187";"Sauerstoff";"Karlsruhe (CXX359)";"Rhein";"2017";"26.07.2017";"7,4";"mg/l"
"CXX359";"448.686";"5.428.915";"6.187";"Sauerstoff";"Karlsruhe (CXX359)";"Rhein";"2017";"27.07.2017";"7,4";"mg/l"
"CXX359";"448.686";"5.428.915";"6.187";"Sauerstoff";"Karlsruhe (CXX359)";"Rhein";"2017";"28.07.2017";"7,5";"mg/l"
"CXX359";"448.686";"5.428.915";"6.187";"Sauerstoff";"Karlsruhe (CXX359)";"Rhein";"2017";"29.07.2017";"7,7";"mg/l"
"CXX359";"448.686";"5.428.915";"6.187";"Sauerstoff";"Karlsruhe (CXX359)";"Rhein";"2017";"30.07.2017";"7,9";"mg/l"
"CXX359";"448.686";"5.428.915";"6.187";"Sauerstoff";"Karlsruhe (CXX359)";"Rhein";"2017";"31.07.2017";"7,7";"mg/l"
"CXX359";"448.686";"5.428.915";"6.187";"Sauerstoff";"Karlsruhe (CXX359)";"Rhein";"2017";"01.08.2017";"7,7";"mg/l"
"CXX359";"448.686";"5.428.915";"6.187";"Sauerstoff";"Karlsruhe (CXX359)";"Rhein";"2017";"02.08.2017";"7,7";"mg/l"
"CXX359";"448.686";"5.428.915";"6.187";"Sauerstoff";"Karlsruhe (CXX359)";"Rhein";"2017";"03.08.2017";"7,5";"mg/l"
"CXX359";"448.686";"5.428.915";"6.187";"Sauerstoff";"Karlsruhe (CXX359)";"Rhein";"2017";"04.08.2017";"7,5";"mg/l"
"CXX359";"448.686";"5.428.915";"6.187";"Sauerstoff";"Karlsruhe (CXX359)";"Rhein";"2017";"05.08.2017";"7,4";"mg/l"
"CXX359";"448.686";"5.428.915";"6.187";"Sauerstoff";"Karlsruhe (CXX359)";"Rhein";"2017";"06.08.2017";"7,6";"mg/l"
"CXX359";"448.686";"5.428.915";"6.187";"Sauerstoff";"Karlsruhe (CXX359)";"Rhein";"2017";"07.08.2017";"7,7";"mg/l"
"CXX359";"448.686";"5.428.915";"6.187";"Sauerstoff";"Karlsruhe (CXX359)";"Rhein";"2017";"08.08.2017";"7,6";"mg/l"
"CXX359";"448.686";"5.428.915";"6.187";"Sauerstoff";"Karlsruhe (CXX359)";"Rhein";"2017";"09.08.2017";"7,8";"mg/l"
"CXX359";"448.686";"5.428.915";"6.187";"Sauerstoff";"Karlsruhe (CXX359)";"Rhein";"2017";"10.08.2017";"7,6";"mg/l"
"CXX359";"448.686";"5.428.915";"6.187";"Sauerstoff";"Karlsruhe (CXX359)";"Rhein";"2017";"11.08.2017";"7,5";"mg/l"
"CXX359";"448.686";"5.428.915";"6.187";"Sauerstoff";"Karlsruhe (CXX359)";"Rhein";"2017";"12.08.2017";"7,6";"mg/l"
"CXX359";"448.686";"5.428.915";"6.187";"Sauerstoff";"Karlsruhe (CXX359)";"Rhein";"2017";"13.08.2017";"7,7";"mg/l"
"CXX359";"448.686";"5.428.915";"6.187";"Sauerstoff";"Karlsruhe (CXX359)";"Rhein";"2017";"14.08.2017";"7,8";"mg/l"
"CXX359";"448.686";"5.428.915";"6.187";"Sauerstoff";"Karlsruhe (CXX359)";"Rhein";"2017";"15.08.2017";"7,9";"mg/l"
"CXX359";"448.686";"5.428.915";"6.187";"Sauerstoff";"Karlsruhe (CXX359)";"Rhein";"2017";"16.08.2017";"7,9";"mg/l"
"CXX359";"448.686";"5.428.915";"6.187";"Sauerstoff";"Karlsruhe (CXX359)";"Rhein";"2017";"17.08.2017";"7,9";"mg/l"
"CXX359";"448.686";"5.428.915";"6.187";"Sauerstoff";"Karlsruhe (CXX359)";"Rhein";"2017";"18.08.2017";"7,8";"mg/l"
"CXX359";"448.686";"5.428.915";"6.187";"Sauerstoff";"Karlsruhe (CXX359)";"Rhein";"2017";"19.08.2017";"7,8";"mg/l"
"CXX359";"448.686";"5.428.915";"6.187";"Sauerstoff";"Karlsruhe (CXX359)";"Rhein";"2017";"20.08.2017";"7,8";"mg/l"
"CXX359";"448.686";"5.428.915";"6.187";"Sauerstoff";"Karlsruhe (CXX359)";"Rhein";"2017";"21.08.2017";"7,9";"mg/l"
"CXX359";"448.686";"5.428.915";"6.187";"Sauerstoff";"Karlsruhe (CXX359)";"Rhein";"2017";"22.08.2017";"8";"mg/l"
"CXX359";"448.686";"5.428.915";"6.187";"Sauerstoff";"Karlsruhe (CXX359)";"Rhein";"2017";"23.08.2017";"8,2";"mg/l"
"CXX359";"448.686";"5.428.915";"6.187";"Sauerstoff";"Karlsruhe (CXX359)";"Rhein";"2017";"24.08.2017";"8,2";"mg/l"
"CXX359";"448.686";"5.428.915";"6.187";"Sauerstoff";"Karlsruhe (CXX359)";"Rhein";"2017";"25.08.2017";"8,2";"mg/l"
"CXX359";"448.686";"5.428.915";"6.187";"Sauerstoff";"Karlsruhe (CXX359)";"Rhein";"2017";"26.08.2017";"8,3";"mg/l"
"CXX359";"448.686";"5.428.915";"6.187";"Sauerstoff";"Karlsruhe (CXX359)";"Rhein";"2017";"27.08.2017";"8,2";"mg/l"
"CXX359";"448.686";"5.428.915";"6.187";"Sauerstoff";"Karlsruhe (CXX359)";"Rhein";"2017";"28.08.2017";"8,2";"mg/l"
"CXX359";"448.686";"5.428.915";"6.187";"Sauerstoff";"Karlsruhe (CXX359)";"Rhein";"2017";"29.08.2017";"8,2";"mg/l"
"CXX359";"448.686";"5.428.915";"6.187";"Sauerstoff";"Karlsruhe (CXX359)";"Rhein";"2017";"30.08.2017";"8";"mg/l"
"CXX359";"448.686";"5.428.915";"6.187";"Sauerstoff";"Karlsruhe (CXX359)";"Rhein";"2017";"31.08.2017";"7,8";"mg/l"
"CXX359";"448.686";"5.428.915";"6.187";"Sauerstoff";"Karlsruhe (CXX359)";"Rhein";"2017";"01.09.2017";"7,8";"mg/l"
"CXX359";"448.686";"5.428.915";"6.187";"Sauerstoff";"Karlsruhe (CXX359)";"Rhein";"2017";"02.09.2017";"7,8";"mg/l"
"CXX359";"448.686";"5.428.915";"6.187";"Sauerstoff";"Karlsruhe (CXX359)";"Rhein";"2017";"03.09.2017";"8,2";"mg/l"
"CXX359";"448.686";"5.428.915";"6.187";"Sauerstoff";"Karlsruhe (CXX359)";"Rhein";"2017";"04.09.2017";"8,5";"mg/l"
"CXX359";"448.686";"5.428.915";"6.187";"Sauerstoff";"Karlsruhe (CXX359)";"Rhein";"2017";"05.09.2017";"8,6";"mg/l"
"CXX359";"448.686";"5.428.915";"6.187";"Sauerstoff";"Karlsruhe (CXX359)";"Rhein";"2017";"06.09.2017";"8,5";"mg/l"
"CXX359";"448.686";"5.428.915";"6.187";"Sauerstoff";"Karlsruhe (CXX359)";"Rhein";"2017";"07.09.2017";"8,4";"mg/l"
"CXX359";"448.686";"5.428.915";"6.187";"Sauerstoff";"Karlsruhe (CXX359)";"Rhein";"2017";"08.09.2017";"8,2";"mg/l"
"CXX359";"448.686";"5.428.915";"6.187";"Sauerstoff";"Karlsruhe (CXX359)";"Rhein";"2017";"09.09.2017";"8,1";"mg/l"
"CXX359";"448.686";"5.428.915";"6.187";"Sauerstoff";"Karlsruhe (CXX359)";"Rhein";"2017";"10.09.2017";"8,2";"mg/l"
"CXX359";"448.686";"5.428.915";"6.187";"Sauerstoff";"Karlsruhe (CXX359)";"Rhein";"2017";"11.09.2017";"8,3";"mg/l"
"CXX359";"448.686";"5.428.915";"6.187";"Sauerstoff";"Karlsruhe (CXX359)";"Rhein";"2017";"12.09.2017";"8,4";"mg/l"
"CXX359";"448.686";"5.428.915";"6.187";"Sauerstoff";"Karlsruhe (CXX359)";"Rhein";"2017";"13.09.2017";"8,5";"mg/l"
"CXX359";"448.686";"5.428.915";"6.187";"Sauerstoff";"Karlsruhe (CXX359)";"Rhein";"2017";"14.09.2017";"8,5";"mg/l"
"CXX359";"448.686";"5.428.915";"6.187";"Sauerstoff";"Karlsruhe (CXX359)";"Rhein";"2017";"15.09.2017";"8,6";"mg/l"
"CXX359";"448.686";"5.428.915";"6.187";"Sauerstoff";"Karlsruhe (CXX359)";"Rhein";"2017";"16.09.2017";"8,7";"mg/l"
"CXX359";"448.686";"5.428.915";"6.187";"Sauerstoff";"Karlsruhe (CXX359)";"Rhein";"2017";"17.09.2017";"8,9";"mg/l"
"CXX359";"448.686";"5.428.915";"6.187";"Sauerstoff";"Karlsruhe (CXX359)";"Rhein";"2017";"18.09.2017";"9";"mg/l"
"CXX359";"448.686";"5.428.915";"6.187";"Sauerstoff";"Karlsruhe (CXX359)";"Rhein";"2017";"19.09.2017";"9,1";"mg/l"
"CXX359";"448.686";"5.428.915";"6.187";"Sauerstoff";"Karlsruhe (CXX359)";"Rhein";"2017";"20.09.2017";"9,2";"mg/l"
"CXX359";"448.686";"5.428.915";"6.187";"Sauerstoff";"Karlsruhe (CXX359)";"Rhein";"2017";"21.09.2017";"9,2";"mg/l"
"CXX359";"448.686";"5.428.915";"6.187";"Sauerstoff";"Karlsruhe (CXX359)";"Rhein";"2017";"22.09.2017";"9,3";"mg/l"
"CXX359";"448.686";"5.428.915";"6.187";"Sauerstoff";"Karlsruhe (CXX359)";"Rhein";"2017";"23.09.2017";"9,2";"mg/l"
"CXX359";"448.686";"5.428.915";"6.187";"Sauerstoff";"Karlsruhe (CXX359)";"Rhein";"2017";"24.09.2017";"9,3";"mg/l"
"CXX359";"448.686";"5.428.915";"6.187";"Sauerstoff";"Karlsruhe (CXX359)";"Rhein";"2017";"25.09.2017";"9,3";"mg/l"
"CXX359";"448.686";"5.428.915";"6.187";"Sauerstoff";"Karlsruhe (CXX359)";"Rhein";"2017";"26.09.2017";"9,4";"mg/l"
"CXX359";"448.686";"5.428.915";"6.187";"Sauerstoff";"Karlsruhe (CXX359)";"Rhein";"2017";"27.09.2017";"9,4";"mg/l"
"CXX359";"448.686";"5.428.915";"6.187";"Sauerstoff";"Karlsruhe (CXX359)";"Rhein";"2017";"28.09.2017";"9,4";"mg/l"
"CXX359";"448.686";"5.428.915";"6.187";"Sauerstoff";"Karlsruhe (CXX359)";"Rhein";"2017";"29.09.2017";"9,3";"mg/l"
"CXX359";"448.686";"5.428.915";"6.187";"Sauerstoff";"Karlsruhe (CXX359)";"Rhein";"2017";"30.09.2017";"9,2";"mg/l"
"CXX359";"448.686";"5.428.915";"6.187";"Sauerstoff";"Karlsruhe (CXX359)";"Rhein";"2017";"01.10.2017";"9,2";"mg/l"
"CXX359";"448.686";"5.428.915";"6.187";"Sauerstoff";"Karlsruhe (CXX359)";"Rhein";"2017";"02.10.2017";"9,1";"mg/l"
"CXX359";"448.686";"5.428.915";"6.187";"Sauerstoff";"Karlsruhe (CXX359)";"Rhein";"2017";"03.10.2017";"9";"mg/l"
"CXX359";"448.686";"5.428.915";"6.187";"Sauerstoff";"Karlsruhe (CXX359)";"Rhein";"2017";"04.10.2017";"9";"mg/l"
"CXX359";"448.686";"5.428.915";"6.187";"Sauerstoff";"Karlsruhe (CXX359)";"Rhein";"2017";"05.10.2017";"9,2";"mg/l"
"CXX359";"448.686";"5.428.915";"6.187";"Sauerstoff";"Karlsruhe (CXX359)";"Rhein";"2017";"06.10.2017";"9,1";"mg/l"
"CXX359";"448.686";"5.428.915";"6.187";"Sauerstoff";"Karlsruhe (CXX359)";"Rhein";"2017";"07.10.2017";"9,3";"mg/l"
"CXX359";"448.686";"5.428.915";"6.187";"Sauerstoff";"Karlsruhe (CXX359)";"Rhein";"2017";"08.10.2017";"9,4";"mg/l"
"CXX359";"448.686";"5.428.915";"6.187";"Sauerstoff";"Karlsruhe (CXX359)";"Rhein";"2017";"09.10.2017";"9,4";"mg/l"
"CXX359";"448.686";"5.428.915";"6.187";"Sauerstoff";"Karlsruhe (CXX359)";"Rhein";"2017";"10.10.2017";"9,7";"mg/l"
"CXX359";"448.686";"5.428.915";"6.187";"Sauerstoff";"Karlsruhe (CXX359)";"Rhein";"2017";"11.10.2017";"9,8";"mg/l"
"CXX359";"448.686";"5.428.915";"6.187";"Sauerstoff";"Karlsruhe (CXX359)";"Rhein";"2017";"12.10.2017";"9,7";"mg/l"
"CXX359";"448.686";"5.428.915";"6.187";"Sauerstoff";"Karlsruhe (CXX359)";"Rhein";"2017";"13.10.2017";"9,8";"mg/l"
"CXX359";"448.686";"5.428.915";"6.187";"Sauerstoff";"Karlsruhe (CXX359)";"Rhein";"2017";"14.10.2017";"9,8";"mg/l"
"CXX359";"448.686";"5.428.915";"6.187";"Sauerstoff";"Karlsruhe (CXX359)";"Rhein";"2017";"15.10.2017";"9,7";"mg/l"
"CXX359";"448.686";"5.428.915";"6.187";"Sauerstoff";"Karlsruhe (CXX359)";"Rhein";"2017";"16.10.2017";"9,7";"mg/l"
"CXX359";"448.686";"5.428.915";"6.187";"Sauerstoff";"Karlsruhe (CXX359)";"Rhein";"2017";"17.10.2017";"9,7";"mg/l"
"CXX359";"448.686";"5.428.915";"6.187";"Sauerstoff";"Karlsruhe (CXX359)";"Rhein";"2017";"18.10.2017";"9,7";"mg/l"
"CXX359";"448.686";"5.428.915";"6.187";"Sauerstoff";"Karlsruhe (CXX359)";"Rhein";"2017";"19.10.2017";"9,6";"mg/l"
"CXX359";"448.686";"5.428.915";"6.187";"Sauerstoff";"Karlsruhe (CXX359)";"Rhein";"2017";"20.10.2017";"9,5";"mg/l"
"CXX359";"448.686";"5.428.915";"6.187";"Sauerstoff";"Karlsruhe (CXX359)";"Rhein";"2017";"21.10.2017";"9,4";"mg/l"
"CXX359";"448.686";"5.428.915";"6.187";"Sauerstoff";"Karlsruhe (CXX359)";"Rhein";"2017";"22.10.2017";"9,4";"mg/l"
"CXX359";"448.686";"5.428.915";"6.187";"Sauerstoff";"Karlsruhe (CXX359)";"Rhein";"2017";"23.10.2017";"9,4";"mg/l"
"CXX359";"448.686";"5.428.915";"6.187";"Sauerstoff";"Karlsruhe (CXX359)";"Rhein";"2017";"24.10.2017";"9,6";"mg/l"
"CXX359";"448.686";"5.428.915";"6.187";"Sauerstoff";"Karlsruhe (CXX359)";"Rhein";"2017";"25.10.2017";"9,6";"mg/l"
"CXX359";"448.686";"5.428.915";"6.187";"Sauerstoff";"Karlsruhe (CXX359)";"Rhein";"2017";"26.10.2017";"9,5";"mg/l"
"CXX359";"448.686";"5.428.915";"6.187";"Sauerstoff";"Karlsruhe (CXX359)";"Rhein";"2017";"27.10.2017";"9,5";"mg/l"
"CXX359";"448.686";"5.428.915";"6.187";"Sauerstoff";"Karlsruhe (CXX359)";"Rhein";"2017";"28.10.2017";"9,5";"mg/l"
"CXX359";"448.686";"5.428.915";"6.187";"Sauerstoff";"Karlsruhe (CXX359)";"Rhein";"2017";"29.10.2017";"9,8";"mg/l"
"CXX359";"448.686";"5.428.915";"6.187";"Sauerstoff";"Karlsruhe (CXX359)";"Rhein";"2017";"30.10.2017";"9,7";"mg/l"
"CXX359";"448.686";"5.428.915";"6.187";"Sauerstoff";"Karlsruhe (CXX359)";"Rhein";"2017";"31.10.2017";"9,8";"mg/l"
"CXX359";"448.686";"5.428.915";"6.187";"Sauerstoff";"Karlsruhe (CXX359)";"Rhein";"2017";"01.11.2017";"9,9";"mg/l"
"CXX359";"448.686";"5.428.915";"6.187";"Sauerstoff";"Karlsruhe (CXX359)";"Rhein";"2017";"02.11.2017";"9,8";"mg/l"
"CXX359";"448.686";"5.428.915";"6.187";"Sauerstoff";"Karlsruhe (CXX359)";"Rhein";"2017";"03.11.2017";"9,8";"mg/l"
"CXX359";"448.686";"5.428.915";"6.187";"Sauerstoff";"Karlsruhe (CXX359)";"Rhein";"2017";"04.11.2017";"9,8";"mg/l"
"CXX359";"448.686";"5.428.915";"6.187";"Sauerstoff";"Karlsruhe (CXX359)";"Rhein";"2017";"05.11.2017";"9,7";"mg/l"
"CXX359";"448.686";"5.428.915";"6.187";"Sauerstoff";"Karlsruhe (CXX359)";"Rhein";"2017";"06.11.2017";"9,8";"mg/l"
"CXX359";"448.686";"5.428.915";"6.187";"Sauerstoff";"Karlsruhe (CXX359)";"Rhein";"2017";"07.11.2017";"9,9";"mg/l"
"CXX359";"448.686";"5.428.915";"6.187";"Sauerstoff";"Karlsruhe (CXX359)";"Rhein";"2017";"08.11.2017";"9,9";"mg/l"
"CXX359";"448.686";"5.428.915";"6.187";"Sauerstoff";"Karlsruhe (CXX359)";"Rhein";"2017";"09.11.2017";"9,9";"mg/l"
"CXX359";"448.686";"5.428.915";"6.187";"Sauerstoff";"Karlsruhe (CXX359)";"Rhein";"2017";"10.11.2017";"9,9";"mg/l"
"CXX359";"448.686";"5.428.915";"6.187";"Sauerstoff";"Karlsruhe (CXX359)";"Rhein";"2017";"11.11.2017";"10";"mg/l"
"CXX359";"448.686";"5.428.915";"6.187";"Sauerstoff";"Karlsruhe (CXX359)";"Rhein";"2017";"12.11.2017";"10,3";"mg/l"
"CXX359";"448.686";"5.428.915";"6.187";"Sauerstoff";"Karlsruhe (CXX359)";"Rhein";"2017";"13.11.2017";"11,2";"mg/l"
"CXX359";"448.686";"5.428.915";"6.187";"Sauerstoff";"Karlsruhe (CXX359)";"Rhein";"2017";"14.11.2017";"11,3";"mg/l"
"CXX359";"448.686";"5.428.915";"6.187";"Sauerstoff";"Karlsruhe (CXX359)";"Rhein";"2017";"15.11.2017";"11,6";"mg/l"
"CXX359";"448.686";"5.428.915";"6.187";"Sauerstoff";"Karlsruhe (CXX359)";"Rhein";"2017";"16.11.2017";"11,6";"mg/l"
"CXX359";"448.686";"5.428.915";"6.187";"Sauerstoff";"Karlsruhe (CXX359)";"Rhein";"2017";"17.11.2017";"11,3";"mg/l"
"CXX359";"448.686";"5.428.915";"6.187";"Sauerstoff";"Karlsruhe (CXX359)";"Rhein";"2017";"18.11.2017";"11";"mg/l"
"CXX359";"448.686";"5.428.915";"6.187";"Sauerstoff";"Karlsruhe (CXX359)";"Rhein";"2017";"19.11.2017";"10,9";"mg/l"
"CXX359";"448.686";"5.428.915";"6.187";"Sauerstoff";"Karlsruhe (CXX359)";"Rhein";"2017";"20.11.2017";"10,9";"mg/l"
"CXX359";"448.686";"5.428.915";"6.187";"Sauerstoff";"Karlsruhe (CXX359)";"Rhein";"2017";"21.11.2017";"10,9";"mg/l"
"CXX359";"448.686";"5.428.915";"6.187";"Sauerstoff";"Karlsruhe (CXX359)";"Rhein";"2017";"22.11.2017";"10,8";"mg/l"
"CXX359";"448.686";"5.428.915";"6.187";"Sauerstoff";"Karlsruhe (CXX359)";"Rhein";"2017";"23.11.2017";"10,8";"mg/l"
"CXX359";"448.686";"5.428.915";"6.187";"Sauerstoff";"Karlsruhe (CXX359)";"Rhein";"2017";"24.11.2017";"10,7";"mg/l"
"CXX359";"448.686";"5.428.915";"6.187";"Sauerstoff";"Karlsruhe (CXX359)";"Rhein";"2017";"25.11.2017";"10,6";"mg/l"
"CXX359";"448.686";"5.428.915";"6.187";"Sauerstoff";"Karlsruhe (CXX359)";"Rhein";"2017";"26.11.2017";"10,9";"mg/l"
"CXX359";"448.686";"5.428.915";"6.187";"Sauerstoff";"Karlsruhe (CXX359)";"Rhein";"2017";"27.11.2017";"11,1";"mg/l"
"CXX359";"448.686";"5.428.915";"6.187";"Sauerstoff";"Karlsruhe (CXX359)";"Rhein";"2017";"28.11.2017";"10,9";"mg/l"
"CXX359";"448.686";"5.428.915";"6.187";"Sauerstoff";"Karlsruhe (CXX359)";"Rhein";"2017";"29.11.2017";"11,1";"mg/l"
"CXX359";"448.686";"5.428.915";"6.187";"Sauerstoff";"Karlsruhe (CXX359)";"Rhein";"2017";"30.11.2017";"11,2";"mg/l"
"CXX359";"448.686";"5.428.915";"6.187";"Sauerstoff";"Karlsruhe (CXX359)";"Rhein";"2017";"01.12.2017";"11,2";"mg/l"
"CXX359";"448.686";"5.428.915";"6.187";"Sauerstoff";"Karlsruhe (CXX359)";"Rhein";"2017";"02.12.2017";"11,2";"mg/l"
"CXX359";"448.686";"5.428.915";"6.187";"Sauerstoff";"Karlsruhe (CXX359)";"Rhein";"2017";"03.12.2017";"11,3";"mg/l"
"CXX359";"448.686";"5.428.915";"6.187";"Sauerstoff";"Karlsruhe (CXX359)";"Rhein";"2017";"04.12.2017";"11,4";"mg/l"
"CXX359";"448.686";"5.428.915";"6.187";"Sauerstoff";"Karlsruhe (CXX359)";"Rhein";"2017";"05.12.2017";"11,4";"mg/l"
"CXX359";"448.686";"5.428.915";"6.187";"Sauerstoff";"Karlsruhe (CXX359)";"Rhein";"2017";"06.12.2017";"11,4";"mg/l"
"CXX359";"448.686";"5.428.915";"6.187";"Sauerstoff";"Karlsruhe (CXX359)";"Rhein";"2017";"07.12.2017";"11,5";"mg/l"
"CXX359";"448.686";"5.428.915";"6.187";"Sauerstoff";"Karlsruhe (CXX359)";"Rhein";"2017";"08.12.2017";"11,5";"mg/l"
"CXX359";"448.686";"5.428.915";"6.187";"Sauerstoff";"Karlsruhe (CXX359)";"Rhein";"2017";"09.12.2017";"11,6";"mg/l"
"CXX359";"448.686";"5.428.915";"6.187";"Sauerstoff";"Karlsruhe (CXX359)";"Rhein";"2017";"10.12.2017";"11,7";"mg/l"
"CXX359";"448.686";"5.428.915";"6.187";"Sauerstoff";"Karlsruhe (CXX359)";"Rhein";"2017";"11.12.2017";"11,7";"mg/l"
"CXX359";"448.686";"5.428.915";"6.187";"Sauerstoff";"Karlsruhe (CXX359)";"Rhein";"2017";"12.12.2017";"12,5";"mg/l"
"CXX359";"448.686";"5.428.915";"6.187";"Sauerstoff";"Karlsruhe (CXX359)";"Rhein";"2017";"13.12.2017";"13,1";"mg/l"
"CXX359";"448.686";"5.428.915";"6.187";"Sauerstoff";"Karlsruhe (CXX359)";"Rhein";"2017";"14.12.2017";"13,1";"mg/l"
"CXX359";"448.686";"5.428.915";"6.187";"Sauerstoff";"Karlsruhe (CXX359)";"Rhein";"2017";"15.12.2017";"13";"mg/l"
"CXX359";"448.686";"5.428.915";"6.187";"Sauerstoff";"Karlsruhe (CXX359)";"Rhein";"2017";"16.12.2017";"12,9";"mg/l"
"CXX359";"448.686";"5.428.915";"6.187";"Sauerstoff";"Karlsruhe (CXX359)";"Rhein";"2017";"17.12.2017";"13,1";"mg/l"
"CXX359";"448.686";"5.428.915";"6.187";"Sauerstoff";"Karlsruhe (CXX359)";"Rhein";"2017";"18.12.2017";"13,2";"mg/l"
"CXX359";"448.686";"5.428.915";"6.187";"Sauerstoff";"Karlsruhe (CXX359)";"Rhein";"2017";"19.12.2017";"12,8";"mg/l"
"CXX359";"448.686";"5.428.915";"6.187";"Sauerstoff";"Karlsruhe (CXX359)";"Rhein";"2017";"20.12.2017";"12,6";"mg/l"
"CXX359";"448.686";"5.428.915";"6.187";"Sauerstoff";"Karlsruhe (CXX359)";"Rhein";"2017";"21.12.2017";"12,4";"mg/l"
"CXX359";"448.686";"5.428.915";"6.187";"Sauerstoff";"Karlsruhe (CXX359)";"Rhein";"2017";"22.12.2017";"-";"mg/l"
"CXX359";"448.686";"5.428.915";"6.187";"Sauerstoff";"Karlsruhe (CXX359)";"Rhein";"2017";"23.12.2017";"12,2";"mg/l"
"CXX359";"448.686";"5.428.915";"6.187";"Sauerstoff";"Karlsruhe (CXX359)";"Rhein";"2017";"24.12.2017";"12,5";"mg/l"
"CXX359";"448.686";"5.428.915";"6.187";"Sauerstoff";"Karlsruhe (CXX359)";"Rhein";"2017";"25.12.2017";"12,1";"mg/l"
"CXX359";"448.686";"5.428.915";"6.187";"Sauerstoff";"Karlsruhe (CXX359)";"Rhein";"2017";"26.12.2017";"11,8";"mg/l"
"CXX359";"448.686";"5.428.915";"6.187";"Sauerstoff";"Karlsruhe (CXX359)";"Rhein";"2017";"27.12.2017";"11,7";"mg/l"
"CXX359";"448.686";"5.428.915";"6.187";"Sauerstoff";"Karlsruhe (CXX359)";"Rhein";"2017";"28.12.2017";"11,6";"mg/l"
"CXX359";"448.686";"5.428.915";"6.187";"Sauerstoff";"Karlsruhe (CXX359)";"Rhein";"2017";"29.12.2017";"11,6";"mg/l"
"CXX359";"448.686";"5.428.915";"6.187";"Sauerstoff";"Karlsruhe (CXX359)";"Rhein";"2017";"30.12.2017";"11,6";"mg/l"
"CXX359";"448.686";"5.428.915";"6.187";"Sauerstoff";"Karlsruhe (CXX359)";"Rhein";"2017";"31.12.2017";"11,8";"mg/l"
"CXX359";"448.686";"5.428.915";"6.187";"Sauerstoff";"Karlsruhe (CXX359)";"Rhein";"2018";"01.01.2018";"12,5";"mg/l"
"CXX359";"448.686";"5.428.915";"6.187";"Sauerstoff";"Karlsruhe (CXX359)";"Rhein";"2018";"02.01.2018";"12,5";"mg/l"
"CXX359";"448.686";"5.428.915";"6.187";"Sauerstoff";"Karlsruhe (CXX359)";"Rhein";"2018";"03.01.2018";"12,5";"mg/l"
"CXX359";"448.686";"5.428.915";"6.187";"Sauerstoff";"Karlsruhe (CXX359)";"Rhein";"2018";"04.01.2018";"12,7";"mg/l"
"CXX359";"448.686";"5.428.915";"6.187";"Sauerstoff";"Karlsruhe (CXX359)";"Rhein";"2018";"05.01.2018";"-";"mg/l"
"CXX359";"448.686";"5.428.915";"6.187";"Sauerstoff";"Karlsruhe (CXX359)";"Rhein";"2018";"06.01.2018";"-";"mg/l"
"CXX359";"448.686";"5.428.915";"6.187";"Sauerstoff";"Karlsruhe (CXX359)";"Rhein";"2018";"07.01.2018";"-";"mg/l"
"CXX359";"448.686";"5.428.915";"6.187";"Sauerstoff";"Karlsruhe (CXX359)";"Rhein";"2018";"08.01.2018";"-";"mg/l"
"CXX359";"448.686";"5.428.915";"6.187";"Sauerstoff";"Karlsruhe (CXX359)";"Rhein";"2018";"09.01.2018";"-";"mg/l"
"CXX359";"448.686";"5.428.915";"6.187";"Sauerstoff";"Karlsruhe (CXX359)";"Rhein";"2018";"10.01.2018";"-";"mg/l"
"CXX359";"448.686";"5.428.915";"6.187";"Sauerstoff";"Karlsruhe (CXX359)";"Rhein";"2018";"11.01.2018";"-";"mg/l"
"CXX359";"448.686";"5.428.915";"6.187";"Sauerstoff";"Karlsruhe (CXX359)";"Rhein";"2018";"12.01.2018";"-";"mg/l"
"CXX359";"448.686";"5.428.915";"6.187";"Sauerstoff";"Karlsruhe (CXX359)";"Rhein";"2018";"13.01.2018";"13,8";"mg/l"
"CXX359";"448.686";"5.428.915";"6.187";"Sauerstoff";"Karlsruhe (CXX359)";"Rhein";"2018";"14.01.2018";"13,6";"mg/l"
"CXX359";"448.686";"5.428.915";"6.187";"Sauerstoff";"Karlsruhe (CXX359)";"Rhein";"2018";"15.01.2018";"13,5";"mg/l"
"CXX359";"448.686";"5.428.915";"6.187";"Sauerstoff";"Karlsruhe (CXX359)";"Rhein";"2018";"16.01.2018";"13,2";"mg/l"
"CXX359";"448.686";"5.428.915";"6.187";"Sauerstoff";"Karlsruhe (CXX359)";"Rhein";"2018";"17.01.2018";"13,3";"mg/l"
"CXX359";"448.686";"5.428.915";"6.187";"Sauerstoff";"Karlsruhe (CXX359)";"Rhein";"2018";"18.01.2018";"13,4";"mg/l"
"CXX359";"448.686";"5.428.915";"6.187";"Sauerstoff";"Karlsruhe (CXX359)";"Rhein";"2018";"19.01.2018";"13,4";"mg/l"
"CXX359";"448.686";"5.428.915";"6.187";"Sauerstoff";"Karlsruhe (CXX359)";"Rhein";"2018";"20.01.2018";"13,2";"mg/l"
"CXX359";"448.686";"5.428.915";"6.187";"Sauerstoff";"Karlsruhe (CXX359)";"Rhein";"2018";"21.01.2018";"13,3";"mg/l"
"CXX359";"448.686";"5.428.915";"6.187";"Sauerstoff";"Karlsruhe (CXX359)";"Rhein";"2018";"22.01.2018";"13,2";"mg/l"
"CXX359";"448.686";"5.428.915";"6.187";"Sauerstoff";"Karlsruhe (CXX359)";"Rhein";"2018";"23.01.2018";"12,9";"mg/l"
"CXX359";"448.686";"5.428.915";"6.187";"Sauerstoff";"Karlsruhe (CXX359)";"Rhein";"2018";"24.01.2018";"12,8";"mg/l"
"CXX359";"448.686";"5.428.915";"6.187";"Sauerstoff";"Karlsruhe (CXX359)";"Rhein";"2018";"25.01.2018";"12,8";"mg/l"
"CXX359";"448.686";"5.428.915";"6.187";"Sauerstoff";"Karlsruhe (CXX359)";"Rhein";"2018";"26.01.2018";"12,8";"mg/l"
"CXX359";"448.686";"5.428.915";"6.187";"Sauerstoff";"Karlsruhe (CXX359)";"Rhein";"2018";"27.01.2018";"12,9";"mg/l"
"CXX359";"448.686";"5.428.915";"6.187";"Sauerstoff";"Karlsruhe (CXX359)";"Rhein";"2018";"28.01.2018";"13,1";"mg/l"
"CXX359";"448.686";"5.428.915";"6.187";"Sauerstoff";"Karlsruhe (CXX359)";"Rhein";"2018";"29.01.2018";"13,2";"mg/l"
"CXX359";"448.686";"5.428.915";"6.187";"Sauerstoff";"Karlsruhe (CXX359)";"Rhein";"2018";"30.01.2018";"13,3";"mg/l"
"CXX359";"448.686";"5.428.915";"6.187";"Sauerstoff";"Karlsruhe (CXX359)";"Rhein";"2018";"31.01.2018";"13,2";"mg/l"
"CXX359";"448.686";"5.428.915";"6.187";"Sauerstoff";"Karlsruhe (CXX359)";"Rhein";"2018";"01.02.2018";"13,4";"mg/l"
"CXX359";"448.686";"5.428.915";"6.187";"Sauerstoff";"Karlsruhe (CXX359)";"Rhein";"2018";"02.02.2018";"13,5";"mg/l"
"CXX359";"448.686";"5.428.915";"6.187";"Sauerstoff";"Karlsruhe (CXX359)";"Rhein";"2018";"03.02.2018";"13,4";"mg/l"
"CXX359";"448.686";"5.428.915";"6.187";"Sauerstoff";"Karlsruhe (CXX359)";"Rhein";"2018";"04.02.2018";"13,5";"mg/l"
"CXX359";"448.686";"5.428.915";"6.187";"Sauerstoff";"Karlsruhe (CXX359)";"Rhein";"2018";"05.02.2018";"13,5";"mg/l"
"CXX359";"448.686";"5.428.915";"6.187";"Sauerstoff";"Karlsruhe (CXX359)";"Rhein";"2018";"06.02.2018";"13,4";"mg/l"
"CXX359";"448.686";"5.428.915";"6.187";"Sauerstoff";"Karlsruhe (CXX359)";"Rhein";"2018";"07.02.2018";"13,2";"mg/l"
"CXX359";"448.686";"5.428.915";"6.187";"Sauerstoff";"Karlsruhe (CXX359)";"Rhein";"2018";"08.02.2018";"13,4";"mg/l"
"CXX359";"448.686";"5.428.915";"6.187";"Sauerstoff";"Karlsruhe (CXX359)";"Rhein";"2018";"09.02.2018";"13,3";"mg/l"
"CXX359";"448.686";"5.428.915";"6.187";"Sauerstoff";"Karlsruhe (CXX359)";"Rhein";"2018";"10.02.2018";"13,3";"mg/l"
"CXX359";"448.686";"5.428.915";"6.187";"Sauerstoff";"Karlsruhe (CXX359)";"Rhein";"2018";"11.02.2018";"13,1";"mg/l"
"CXX359";"448.686";"5.428.915";"6.187";"Sauerstoff";"Karlsruhe (CXX359)";"Rhein";"2018";"12.02.2018";"12,9";"mg/l"
"CXX359";"448.686";"5.428.915";"6.187";"Sauerstoff";"Karlsruhe (CXX359)";"Rhein";"2018";"13.02.2018";"12,8";"mg/l"
"CXX359";"448.686";"5.428.915";"6.187";"Sauerstoff";"Karlsruhe (CXX359)";"Rhein";"2018";"14.02.2018";"12,8";"mg/l"
"CXX359";"448.686";"5.428.915";"6.187";"Sauerstoff";"Karlsruhe (CXX359)";"Rhein";"2018";"15.02.2018";"12,8";"mg/l"
"CXX359";"448.686";"5.428.915";"6.187";"Sauerstoff";"Karlsruhe (CXX359)";"Rhein";"2018";"16.02.2018";"12,6";"mg/l"
"CXX359";"448.686";"5.428.915";"6.187";"Sauerstoff";"Karlsruhe (CXX359)";"Rhein";"2018";"17.02.2018";"13";"mg/l"
"CXX359";"448.686";"5.428.915";"6.187";"Sauerstoff";"Karlsruhe (CXX359)";"Rhein";"2018";"18.02.2018";"13,4";"mg/l"
"CXX359";"448.686";"5.428.915";"6.187";"Sauerstoff";"Karlsruhe (CXX359)";"Rhein";"2018";"19.02.2018";"13,3";"mg/l"
"CXX359";"448.686";"5.428.915";"6.187";"Sauerstoff";"Karlsruhe (CXX359)";"Rhein";"2018";"20.02.2018";"13,3";"mg/l"
"CXX359";"448.686";"5.428.915";"6.187";"Sauerstoff";"Karlsruhe (CXX359)";"Rhein";"2018";"21.02.2018";"13,2";"mg/l"
"CXX359";"448.686";"5.428.915";"6.187";"Sauerstoff";"Karlsruhe (CXX359)";"Rhein";"2018";"22.02.2018";"13";"mg/l"
"CXX359";"448.686";"5.428.915";"6.187";"Sauerstoff";"Karlsruhe (CXX359)";"Rhein";"2018";"23.02.2018";"-";"mg/l"
"CXX359";"448.686";"5.428.915";"6.187";"Sauerstoff";"Karlsruhe (CXX359)";"Rhein";"2018";"24.02.2018";"12,6";"mg/l"
"CXX359";"448.686";"5.428.915";"6.187";"Sauerstoff";"Karlsruhe (CXX359)";"Rhein";"2018";"25.02.2018";"12,5";"mg/l"
"CXX359";"448.686";"5.428.915";"6.187";"Sauerstoff";"Karlsruhe (CXX359)";"Rhein";"2018";"26.02.2018";"12,7";"mg/l"
"CXX359";"448.686";"5.428.915";"6.187";"Sauerstoff";"Karlsruhe (CXX359)";"Rhein";"2018";"27.02.2018";"12,8";"mg/l"
"CXX359";"448.686";"5.428.915";"6.187";"Sauerstoff";"Karlsruhe (CXX359)";"Rhein";"2018";"28.02.2018";"12,8";"mg/l"
"CXX359";"448.686";"5.428.915";"6.187";"Sauerstoff";"Karlsruhe (CXX359)";"Rhein";"2018";"01.03.2018";"12,9";"mg/l"
"CXX359";"448.686";"5.428.915";"6.187";"Sauerstoff";"Karlsruhe (CXX359)";"Rhein";"2018";"02.03.2018";"12,8";"mg/l"
"CXX359";"448.686";"5.428.915";"6.187";"Sauerstoff";"Karlsruhe (CXX359)";"Rhein";"2018";"03.03.2018";"12,8";"mg/l"
"CXX359";"448.686";"5.428.915";"6.187";"Sauerstoff";"Karlsruhe (CXX359)";"Rhein";"2018";"04.03.2018";"12,6";"mg/l"
"CXX359";"448.686";"5.428.915";"6.187";"Sauerstoff";"Karlsruhe (CXX359)";"Rhein";"2018";"05.03.2018";"12,6";"mg/l"
"CXX359";"448.686";"5.428.915";"6.187";"Sauerstoff";"Karlsruhe (CXX359)";"Rhein";"2018";"06.03.2018";"12,5";"mg/l"
"CXX359";"448.686";"5.428.915";"6.187";"Sauerstoff";"Karlsruhe (CXX359)";"Rhein";"2018";"07.03.2018";"12,3";"mg/l"
"CXX359";"448.686";"5.428.915";"6.187";"Sauerstoff";"Karlsruhe (CXX359)";"Rhein";"2018";"08.03.2018";"12,2";"mg/l"
"CXX359";"448.686";"5.428.915";"6.187";"Sauerstoff";"Karlsruhe (CXX359)";"Rhein";"2018";"09.03.2018";"-";"mg/l"
"CXX359";"448.686";"5.428.915";"6.187";"Sauerstoff";"Karlsruhe (CXX359)";"Rhein";"2018";"10.03.2018";"-";"mg/l"
"CXX359";"448.686";"5.428.915";"6.187";"Sauerstoff";"Karlsruhe (CXX359)";"Rhein";"2018";"11.03.2018";"11,8";"mg/l"
"CXX359";"448.686";"5.428.915";"6.187";"Sauerstoff";"Karlsruhe (CXX359)";"Rhein";"2018";"12.03.2018";"11,7";"mg/l"
"CXX359";"448.686";"5.428.915";"6.187";"Sauerstoff";"Karlsruhe (CXX359)";"Rhein";"2018";"13.03.2018";"11,6";"mg/l"
"CXX359";"448.686";"5.428.915";"6.187";"Sauerstoff";"Karlsruhe (CXX359)";"Rhein";"2018";"14.03.2018";"11,6";"mg/l"
"CXX359";"448.686";"5.428.915";"6.187";"Sauerstoff";"Karlsruhe (CXX359)";"Rhein";"2018";"15.03.2018";"11,8";"mg/l"
"CXX359";"448.686";"5.428.915";"6.187";"Sauerstoff";"Karlsruhe (CXX359)";"Rhein";"2018";"16.03.2018";"11,9";"mg/l"
"CXX359";"448.686";"5.428.915";"6.187";"Sauerstoff";"Karlsruhe (CXX359)";"Rhein";"2018";"17.03.2018";"12";"mg/l"
"CXX359";"448.686";"5.428.915";"6.187";"Sauerstoff";"Karlsruhe (CXX359)";"Rhein";"2018";"18.03.2018";"12,1";"mg/l"
"CXX359";"448.686";"5.428.915";"6.187";"Sauerstoff";"Karlsruhe (CXX359)";"Rhein";"2018";"19.03.2018";"12,2";"mg/l"
"CXX359";"448.686";"5.428.915";"6.187";"Sauerstoff";"Karlsruhe (CXX359)";"Rhein";"2018";"20.03.2018";"12,3";"mg/l"
"CXX359";"448.686";"5.428.915";"6.187";"Sauerstoff";"Karlsruhe (CXX359)";"Rhein";"2018";"21.03.2018";"12,5";"mg/l"
"CXX359";"448.686";"5.428.915";"6.187";"Sauerstoff";"Karlsruhe (CXX359)";"Rhein";"2018";"22.03.2018";"12,5";"mg/l"
"CXX359";"448.686";"5.428.915";"6.187";"Sauerstoff";"Karlsruhe (CXX359)";"Rhein";"2018";"23.03.2018";"12,5";"mg/l"
"CXX359";"448.686";"5.428.915";"6.187";"Sauerstoff";"Karlsruhe (CXX359)";"Rhein";"2018";"24.03.2018";"12,6";"mg/l"
"CXX359";"448.686";"5.428.915";"6.187";"Sauerstoff";"Karlsruhe (CXX359)";"Rhein";"2018";"25.03.2018";"12,6";"mg/l"
"CXX359";"448.686";"5.428.915";"6.187";"Sauerstoff";"Karlsruhe (CXX359)";"Rhein";"2018";"26.03.2018";"12,6";"mg/l"
"CXX359";"448.686";"5.428.915";"6.187";"Sauerstoff";"Karlsruhe (CXX359)";"Rhein";"2018";"27.03.2018";"12,5";"mg/l"
"CXX359";"448.686";"5.428.915";"6.187";"Sauerstoff";"Karlsruhe (CXX359)";"Rhein";"2018";"28.03.2018";"-";"mg/l"
"CXX359";"448.686";"5.428.915";"6.187";"Sauerstoff";"Karlsruhe (CXX359)";"Rhein";"2018";"29.03.2018";"-";"mg/l"
"CXX359";"448.686";"5.428.915";"6.187";"Sauerstoff";"Karlsruhe (CXX359)";"Rhein";"2018";"30.03.2018";"12,1";"mg/l"
"CXX359";"448.686";"5.428.915";"6.187";"Sauerstoff";"Karlsruhe (CXX359)";"Rhein";"2018";"31.03.2018";"12";"mg/l"
"CXX359";"448.686";"5.428.915";"6.187";"Sauerstoff";"Karlsruhe (CXX359)";"Rhein";"2018";"01.04.2018";"12,1";"mg/l"
"CXX359";"448.686";"5.428.915";"6.187";"Sauerstoff";"Karlsruhe (CXX359)";"Rhein";"2018";"02.04.2018";"12";"mg/l"
"CXX359";"448.686";"5.428.915";"6.187";"Sauerstoff";"Karlsruhe (CXX359)";"Rhein";"2018";"03.04.2018";"11,8";"mg/l"
"CXX359";"448.686";"5.428.915";"6.187";"Sauerstoff";"Karlsruhe (CXX359)";"Rhein";"2018";"04.04.2018";"11,7";"mg/l"
"CXX359";"448.686";"5.428.915";"6.187";"Sauerstoff";"Karlsruhe (CXX359)";"Rhein";"2018";"05.04.2018";"11,5";"mg/l"
"CXX359";"448.686";"5.428.915";"6.187";"Sauerstoff";"Karlsruhe (CXX359)";"Rhein";"2018";"06.04.2018";"11,8";"mg/l"
"CXX359";"448.686";"5.428.915";"6.187";"Sauerstoff";"Karlsruhe (CXX359)";"Rhein";"2018";"07.04.2018";"11,8";"mg/l"
"CXX359";"448.686";"5.428.915";"6.187";"Sauerstoff";"Karlsruhe (CXX359)";"Rhein";"2018";"08.04.2018";"11,7";"mg/l"
"CXX359";"448.686";"5.428.915";"6.187";"Sauerstoff";"Karlsruhe (CXX359)";"Rhein";"2018";"09.04.2018";"11,3";"mg/l"
"CXX359";"448.686";"5.428.915";"6.187";"Sauerstoff";"Karlsruhe (CXX359)";"Rhein";"2018";"10.04.2018";"11,2";"mg/l"
"CXX359";"448.686";"5.428.915";"6.187";"Sauerstoff";"Karlsruhe (CXX359)";"Rhein";"2018";"11.04.2018";"11,1";"mg/l"
"CXX359";"448.686";"5.428.915";"6.187";"Sauerstoff";"Karlsruhe (CXX359)";"Rhein";"2018";"12.04.2018";"10,9";"mg/l"
"CXX359";"448.686";"5.428.915";"6.187";"Sauerstoff";"Karlsruhe (CXX359)";"Rhein";"2018";"13.04.2018";"10,8";"mg/l"
"CXX359";"448.686";"5.428.915";"6.187";"Sauerstoff";"Karlsruhe (CXX359)";"Rhein";"2018";"14.04.2018";"11,1";"mg/l"
"CXX359";"448.686";"5.428.915";"6.187";"Sauerstoff";"Karlsruhe (CXX359)";"Rhein";"2018";"15.04.2018";"11,1";"mg/l"
"CXX359";"448.686";"5.428.915";"6.187";"Sauerstoff";"Karlsruhe (CXX359)";"Rhein";"2018";"16.04.2018";"-";"mg/l"
"CXX359";"448.686";"5.428.915";"6.187";"Sauerstoff";"Karlsruhe (CXX359)";"Rhein";"2018";"17.04.2018";"-";"mg/l"
"CXX359";"448.686";"5.428.915";"6.187";"Sauerstoff";"Karlsruhe (CXX359)";"Rhein";"2018";"18.04.2018";"-";"mg/l"
"CXX359";"448.686";"5.428.915";"6.187";"Sauerstoff";"Karlsruhe (CXX359)";"Rhein";"2018";"19.04.2018";"-";"mg/l"
"CXX359";"448.686";"5.428.915";"6.187";"Sauerstoff";"Karlsruhe (CXX359)";"Rhein";"2018";"20.04.2018";"-";"mg/l"
"CXX359";"448.686";"5.428.915";"6.187";"Sauerstoff";"Karlsruhe (CXX359)";"Rhein";"2018";"21.04.2018";"10,4";"mg/l"
"CXX359";"448.686";"5.428.915";"6.187";"Sauerstoff";"Karlsruhe (CXX359)";"Rhein";"2018";"22.04.2018";"10,3";"mg/l"
"CXX359";"448.686";"5.428.915";"6.187";"Sauerstoff";"Karlsruhe (CXX359)";"Rhein";"2018";"23.04.2018";"9,9";"mg/l"
"CXX359";"448.686";"5.428.915";"6.187";"Sauerstoff";"Karlsruhe (CXX359)";"Rhein";"2018";"24.04.2018";"9,7";"mg/l"
"CXX359";"448.686";"5.428.915";"6.187";"Sauerstoff";"Karlsruhe (CXX359)";"Rhein";"2018";"25.04.2018";"9,6";"mg/l"
"CXX359";"448.686";"5.428.915";"6.187";"Sauerstoff";"Karlsruhe (CXX359)";"Rhein";"2018";"26.04.2018";"9,4";"mg/l"
"CXX359";"448.686";"5.428.915";"6.187";"Sauerstoff";"Karlsruhe (CXX359)";"Rhein";"2018";"27.04.2018";"9,2";"mg/l"
"CXX359";"448.686";"5.428.915";"6.187";"Sauerstoff";"Karlsruhe (CXX359)";"Rhein";"2018";"28.04.2018";"9,2";"mg/l"
"CXX359";"448.686";"5.428.915";"6.187";"Sauerstoff";"Karlsruhe (CXX359)";"Rhein";"2018";"29.04.2018";"9,1";"mg/l"
"CXX359";"448.686";"5.428.915";"6.187";"Sauerstoff";"Karlsruhe (CXX359)";"Rhein";"2018";"30.04.2018";"9,3";"mg/l"
"CXX359";"448.686";"5.428.915";"6.187";"Sauerstoff";"Karlsruhe (CXX359)";"Rhein";"2018";"01.05.2018";"9,4";"mg/l"
"CXX359";"448.686";"5.428.915";"6.187";"Sauerstoff";"Karlsruhe (CXX359)";"Rhein";"2018";"02.05.2018";"8,9";"mg/l"
"CXX359";"448.686";"5.428.915";"6.187";"Sauerstoff";"Karlsruhe (CXX359)";"Rhein";"2018";"03.05.2018";"8,9";"mg/l"
"CXX359";"448.686";"5.428.915";"6.187";"Sauerstoff";"Karlsruhe (CXX359)";"Rhein";"2018";"04.05.2018";"9";"mg/l"
"CXX359";"448.686";"5.428.915";"6.187";"Sauerstoff";"Karlsruhe (CXX359)";"Rhein";"2018";"05.05.2018";"9,1";"mg/l"
"CXX359";"448.686";"5.428.915";"6.187";"Sauerstoff";"Karlsruhe (CXX359)";"Rhein";"2018";"06.05.2018";"9";"mg/l"
"CXX359";"448.686";"5.428.915";"6.187";"Sauerstoff";"Karlsruhe (CXX359)";"Rhein";"2018";"07.05.2018";"9,1";"mg/l"
"CXX359";"448.686";"5.428.915";"6.187";"Sauerstoff";"Karlsruhe (CXX359)";"Rhein";"2018";"08.05.2018";"9";"mg/l"
"CXX359";"448.686";"5.428.915";"6.187";"Sauerstoff";"Karlsruhe (CXX359)";"Rhein";"2018";"09.05.2018";"8,8";"mg/l"
"CXX359";"448.686";"5.428.915";"6.187";"Sauerstoff";"Karlsruhe (CXX359)";"Rhein";"2018";"10.05.2018";"8,5";"mg/l"
"CXX359";"448.686";"5.428.915";"6.187";"Sauerstoff";"Karlsruhe (CXX359)";"Rhein";"2018";"11.05.2018";"8,5";"mg/l"
"CXX359";"448.686";"5.428.915";"6.187";"Sauerstoff";"Karlsruhe (CXX359)";"Rhein";"2018";"12.05.2018";"8,5";"mg/l"
"CXX359";"448.686";"5.428.915";"6.187";"Sauerstoff";"Karlsruhe (CXX359)";"Rhein";"2018";"13.05.2018";"8,4";"mg/l"
"CXX359";"448.686";"5.428.915";"6.187";"Sauerstoff";"Karlsruhe (CXX359)";"Rhein";"2018";"14.05.2018";"8,4";"mg/l"
"CXX359";"448.686";"5.428.915";"6.187";"Sauerstoff";"Karlsruhe (CXX359)";"Rhein";"2018";"15.05.2018";"8,7";"mg/l"
"CXX359";"448.686";"5.428.915";"6.187";"Sauerstoff";"Karlsruhe (CXX359)";"Rhein";"2018";"16.05.2018";"9,1";"mg/l"
"CXX359";"448.686";"5.428.915";"6.187";"Sauerstoff";"Karlsruhe (CXX359)";"Rhein";"2018";"17.05.2018";"9,7";"mg/l"
"CXX359";"448.686";"5.428.915";"6.187";"Sauerstoff";"Karlsruhe (CXX359)";"Rhein";"2018";"18.05.2018";"9,9";"mg/l"
"CXX359";"448.686";"5.428.915";"6.187";"Sauerstoff";"Karlsruhe (CXX359)";"Rhein";"2018";"19.05.2018";"9,7";"mg/l"
"CXX359";"448.686";"5.428.915";"6.187";"Sauerstoff";"Karlsruhe (CXX359)";"Rhein";"2018";"20.05.2018";"9,5";"mg/l"
"CXX359";"448.686";"5.428.915";"6.187";"Sauerstoff";"Karlsruhe (CXX359)";"Rhein";"2018";"21.05.2018";"9,5";"mg/l"
"CXX359";"448.686";"5.428.915";"6.187";"Sauerstoff";"Karlsruhe (CXX359)";"Rhein";"2018";"22.05.2018";"9,1";"mg/l"
"CXX359";"448.686";"5.428.915";"6.187";"Sauerstoff";"Karlsruhe (CXX359)";"Rhein";"2018";"23.05.2018";"8,9";"mg/l"
"CXX359";"448.686";"5.428.915";"6.187";"Sauerstoff";"Karlsruhe (CXX359)";"Rhein";"2018";"24.05.2018";"9";"mg/l"
"CXX359";"448.686";"5.428.915";"6.187";"Sauerstoff";"Karlsruhe (CXX359)";"Rhein";"2018";"25.05.2018";"9,1";"mg/l"
"CXX359";"448.686";"5.428.915";"6.187";"Sauerstoff";"Karlsruhe (CXX359)";"Rhein";"2018";"26.05.2018";"8,9";"mg/l"
"CXX359";"448.686";"5.428.915";"6.187";"Sauerstoff";"Karlsruhe (CXX359)";"Rhein";"2018";"27.05.2018";"8,5";"mg/l"
"CXX359";"448.686";"5.428.915";"6.187";"Sauerstoff";"Karlsruhe (CXX359)";"Rhein";"2018";"28.05.2018";"8,4";"mg/l"
"CXX359";"448.686";"5.428.915";"6.187";"Sauerstoff";"Karlsruhe (CXX359)";"Rhein";"2018";"29.05.2018";"8,4";"mg/l"
"CXX359";"448.686";"5.428.915";"6.187";"Sauerstoff";"Karlsruhe (CXX359)";"Rhein";"2018";"30.05.2018";"8,6";"mg/l"
"CXX359";"448.686";"5.428.915";"6.187";"Sauerstoff";"Karlsruhe (CXX359)";"Rhein";"2018";"31.05.2018";"8,7";"mg/l"
"CXX359";"448.686";"5.428.915";"6.187";"Sauerstoff";"Karlsruhe (CXX359)";"Rhein";"2018";"01.06.2018";"8,6";"mg/l"
"CXX359";"448.686";"5.428.915";"6.187";"Sauerstoff";"Karlsruhe (CXX359)";"Rhein";"2018";"02.06.2018";"8,6";"mg/l"
"CXX359";"448.686";"5.428.915";"6.187";"Sauerstoff";"Karlsruhe (CXX359)";"Rhein";"2018";"03.06.2018";"8,2";"mg/l"
"CXX359";"448.686";"5.428.915";"6.187";"Sauerstoff";"Karlsruhe (CXX359)";"Rhein";"2018";"04.06.2018";"8,2";"mg/l"
"CXX359";"448.686";"5.428.915";"6.187";"Sauerstoff";"Karlsruhe (CXX359)";"Rhein";"2018";"05.06.2018";"8,3";"mg/l"
"CXX359";"448.686";"5.428.915";"6.187";"Sauerstoff";"Karlsruhe (CXX359)";"Rhein";"2018";"06.06.2018";"8,5";"mg/l"
"CXX359";"448.686";"5.428.915";"6.187";"Sauerstoff";"Karlsruhe (CXX359)";"Rhein";"2018";"07.06.2018";"8,2";"mg/l"
"CXX359";"448.686";"5.428.915";"6.187";"Sauerstoff";"Karlsruhe (CXX359)";"Rhein";"2018";"08.06.2018";"7,7";"mg/l"
"CXX359";"448.686";"5.428.915";"6.187";"Sauerstoff";"Karlsruhe (CXX359)";"Rhein";"2018";"09.06.2018";"7,6";"mg/l"
"CXX359";"448.686";"5.428.915";"6.187";"Sauerstoff";"Karlsruhe (CXX359)";"Rhein";"2018";"10.06.2018";"-";"mg/l"
"CXX359";"448.686";"5.428.915";"6.187";"Sauerstoff";"Karlsruhe (CXX359)";"Rhein";"2018";"11.06.2018";"-";"mg/l"
"CXX359";"448.686";"5.428.915";"6.187";"Sauerstoff";"Karlsruhe (CXX359)";"Rhein";"2018";"12.06.2018";"7,5";"mg/l"
"CXX359";"448.686";"5.428.915";"6.187";"Sauerstoff";"Karlsruhe (CXX359)";"Rhein";"2018";"13.06.2018";"7,8";"mg/l"
"CXX359";"448.686";"5.428.915";"6.187";"Sauerstoff";"Karlsruhe (CXX359)";"Rhein";"2018";"14.06.2018";"8,4";"mg/l"
"CXX359";"448.686";"5.428.915";"6.187";"Sauerstoff";"Karlsruhe (CXX359)";"Rhein";"2018";"15.06.2018";"8,6";"mg/l"
"CXX359";"448.686";"5.428.915";"6.187";"Sauerstoff";"Karlsruhe (CXX359)";"Rhein";"2018";"16.06.2018";"8,6";"mg/l"
"CXX359";"448.686";"5.428.915";"6.187";"Sauerstoff";"Karlsruhe (CXX359)";"Rhein";"2018";"17.06.2018";"8,5";"mg/l"
"CXX359";"448.686";"5.428.915";"6.187";"Sauerstoff";"Karlsruhe (CXX359)";"Rhein";"2018";"18.06.2018";"8,2";"mg/l"
"CXX359";"448.686";"5.428.915";"6.187";"Sauerstoff";"Karlsruhe (CXX359)";"Rhein";"2018";"19.06.2018";"8,3";"mg/l"
"CXX359";"448.686";"5.428.915";"6.187";"Sauerstoff";"Karlsruhe (CXX359)";"Rhein";"2018";"20.06.2018";"8,1";"mg/l"
"CXX359";"448.686";"5.428.915";"6.187";"Sauerstoff";"Karlsruhe (CXX359)";"Rhein";"2018";"21.06.2018";"8,1";"mg/l"
"CXX359";"448.686";"5.428.915";"6.187";"Sauerstoff";"Karlsruhe (CXX359)";"Rhein";"2018";"22.06.2018";"7,9";"mg/l"
"CXX359";"448.686";"5.428.915";"6.187";"Sauerstoff";"Karlsruhe (CXX359)";"Rhein";"2018";"23.06.2018";"8";"mg/l"
"CXX359";"448.686";"5.428.915";"6.187";"Sauerstoff";"Karlsruhe (CXX359)";"Rhein";"2018";"24.06.2018";"8";"mg/l"
"CXX359";"448.686";"5.428.915";"6.187";"Sauerstoff";"Karlsruhe (CXX359)";"Rhein";"2018";"25.06.2018";"8";"mg/l"
"CXX359";"448.686";"5.428.915";"6.187";"Sauerstoff";"Karlsruhe (CXX359)";"Rhein";"2018";"26.06.2018";"8,1";"mg/l"
"CXX359";"448.686";"5.428.915";"6.187";"Sauerstoff";"Karlsruhe (CXX359)";"Rhein";"2018";"27.06.2018";"8,3";"mg/l"
"CXX359";"448.686";"5.428.915";"6.187";"Sauerstoff";"Karlsruhe (CXX359)";"Rhein";"2018";"28.06.2018";"8,3";"mg/l"
"CXX359";"448.686";"5.428.915";"6.187";"Sauerstoff";"Karlsruhe (CXX359)";"Rhein";"2018";"29.06.2018";"8,2";"mg/l"
"CXX359";"448.686";"5.428.915";"6.187";"Sauerstoff";"Karlsruhe (CXX359)";"Rhein";"2018";"30.06.2018";"8,3";"mg/l"
"CXX359";"448.686";"5.428.915";"6.187";"Sauerstoff";"Karlsruhe (CXX359)";"Rhein";"2018";"01.07.2018";"8,3";"mg/l"
"CXX359";"448.686";"5.428.915";"6.187";"Sauerstoff";"Karlsruhe (CXX359)";"Rhein";"2018";"02.07.2018";"8,4";"mg/l"
"CXX359";"448.686";"5.428.915";"6.187";"Sauerstoff";"Karlsruhe (CXX359)";"Rhein";"2018";"03.07.2018";"8,4";"mg/l"
"CXX359";"448.686";"5.428.915";"6.187";"Sauerstoff";"Karlsruhe (CXX359)";"Rhein";"2018";"04.07.2018";"8,3";"mg/l"
"CXX359";"448.686";"5.428.915";"6.187";"Sauerstoff";"Karlsruhe (CXX359)";"Rhein";"2018";"05.07.2018";"7,6";"mg/l"
"CXX359";"448.686";"5.428.915";"6.187";"Sauerstoff";"Karlsruhe (CXX359)";"Rhein";"2018";"06.07.2018";"7,4";"mg/l"
"CXX359";"448.686";"5.428.915";"6.187";"Sauerstoff";"Karlsruhe (CXX359)";"Rhein";"2018";"07.07.2018";"7,2";"mg/l"
"CXX359";"448.686";"5.428.915";"6.187";"Sauerstoff";"Karlsruhe (CXX359)";"Rhein";"2018";"08.07.2018";"7,5";"mg/l"
"CXX359";"448.686";"5.428.915";"6.187";"Sauerstoff";"Karlsruhe (CXX359)";"Rhein";"2018";"09.07.2018";"-";"mg/l"
"CXX359";"448.686";"5.428.915";"6.187";"Sauerstoff";"Karlsruhe (CXX359)";"Rhein";"2018";"10.07.2018";"-";"mg/l"
"CXX359";"448.686";"5.428.915";"6.187";"Sauerstoff";"Karlsruhe (CXX359)";"Rhein";"2018";"11.07.2018";"-";"mg/l"
"CXX359";"448.686";"5.428.915";"6.187";"Sauerstoff";"Karlsruhe (CXX359)";"Rhein";"2018";"12.07.2018";"-";"mg/l"
"CXX359";"448.686";"5.428.915";"6.187";"Sauerstoff";"Karlsruhe (CXX359)";"Rhein";"2018";"13.07.2018";"-";"mg/l"
"CXX359";"448.686";"5.428.915";"6.187";"Sauerstoff";"Karlsruhe (CXX359)";"Rhein";"2018";"14.07.2018";"8,4";"mg/l"
"CXX359";"448.686";"5.428.915";"6.187";"Sauerstoff";"Karlsruhe (CXX359)";"Rhein";"2018";"15.07.2018";"8,5";"mg/l"
"CXX359";"448.686";"5.428.915";"6.187";"Sauerstoff";"Karlsruhe (CXX359)";"Rhein";"2018";"16.07.2018";"8,7";"mg/l"
"CXX359";"448.686";"5.428.915";"6.187";"Sauerstoff";"Karlsruhe (CXX359)";"Rhein";"2018";"17.07.2018";"-";"mg/l"
"CXX359";"448.686";"5.428.915";"6.187";"Sauerstoff";"Karlsruhe (CXX359)";"Rhein";"2018";"18.07.2018";"-";"mg/l"
"CXX359";"448.686";"5.428.915";"6.187";"Sauerstoff";"Karlsruhe (CXX359)";"Rhein";"2018";"19.07.2018";"8,8";"mg/l"
"CXX359";"448.686";"5.428.915";"6.187";"Sauerstoff";"Karlsruhe (CXX359)";"Rhein";"2018";"20.07.2018";"8,6";"mg/l"
"CXX359";"448.686";"5.428.915";"6.187";"Sauerstoff";"Karlsruhe (CXX359)";"Rhein";"2018";"21.07.2018";"8,1";"mg/l"
"CXX359";"448.686";"5.428.915";"6.187";"Sauerstoff";"Karlsruhe (CXX359)";"Rhein";"2018";"22.07.2018";"8";"mg/l"
"CXX359";"448.686";"5.428.915";"6.187";"Sauerstoff";"Karlsruhe (CXX359)";"Rhein";"2018";"23.07.2018";"7,9";"mg/l"
"CXX359";"448.686";"5.428.915";"6.187";"Sauerstoff";"Karlsruhe (CXX359)";"Rhein";"2018";"24.07.2018";"8";"mg/l"
"CXX359";"448.686";"5.428.915";"6.187";"Sauerstoff";"Karlsruhe (CXX359)";"Rhein";"2018";"25.07.2018";"8,1";"mg/l"
"CXX359";"448.686";"5.428.915";"6.187";"Sauerstoff";"Karlsruhe (CXX359)";"Rhein";"2018";"26.07.2018";"8,2";"mg/l"
"CXX359";"448.686";"5.428.915";"6.187";"Sauerstoff";"Karlsruhe (CXX359)";"Rhein";"2018";"27.07.2018";"8,3";"mg/l"
"CXX359";"448.686";"5.428.915";"6.187";"Sauerstoff";"Karlsruhe (CXX359)";"Rhein";"2018";"28.07.2018";"7,9";"mg/l"
"CXX359";"448.686";"5.428.915";"6.187";"Sauerstoff";"Karlsruhe (CXX359)";"Rhein";"2018";"29.07.2018";"7,7";"mg/l"
"CXX359";"448.686";"5.428.915";"6.187";"Sauerstoff";"Karlsruhe (CXX359)";"Rhein";"2018";"30.07.2018";"7,6";"mg/l"
"CXX359";"448.686";"5.428.915";"6.187";"Sauerstoff";"Karlsruhe (CXX359)";"Rhein";"2018";"31.07.2018";"-";"mg/l"
"CXX359";"448.686";"5.428.915";"6.187";"Sauerstoff";"Karlsruhe (CXX359)";"Rhein";"2018";"01.08.2018";"-";"mg/l"
"CXX359";"448.686";"5.428.915";"6.187";"Sauerstoff";"Karlsruhe (CXX359)";"Rhein";"2018";"02.08.2018";"-";"mg/l"
"CXX359";"448.686";"5.428.915";"6.187";"Sauerstoff";"Karlsruhe (CXX359)";"Rhein";"2018";"03.08.2018";"-";"mg/l"
"CXX359";"448.686";"5.428.915";"6.187";"Sauerstoff";"Karlsruhe (CXX359)";"Rhein";"2018";"04.08.2018";"7,4";"mg/l"
"CXX359";"448.686";"5.428.915";"6.187";"Sauerstoff";"Karlsruhe (CXX359)";"Rhein";"2018";"05.08.2018";"7,6";"mg/l"
"CXX359";"448.686";"5.428.915";"6.187";"Sauerstoff";"Karlsruhe (CXX359)";"Rhein";"2018";"06.08.2018";"8,4";"mg/l"
"CXX359";"448.686";"5.428.915";"6.187";"Sauerstoff";"Karlsruhe (CXX359)";"Rhein";"2018";"07.08.2018";"8,3";"mg/l"
"CXX359";"448.686";"5.428.915";"6.187";"Sauerstoff";"Karlsruhe (CXX359)";"Rhein";"2018";"08.08.2018";"8,3";"mg/l"
"CXX359";"448.686";"5.428.915";"6.187";"Sauerstoff";"Karlsruhe (CXX359)";"Rhein";"2018";"09.08.2018";"8,1";"mg/l"
"CXX359";"448.686";"5.428.915";"6.187";"Sauerstoff";"Karlsruhe (CXX359)";"Rhein";"2018";"10.08.2018";"7,9";"mg/l"
"CXX359";"448.686";"5.428.915";"6.187";"Sauerstoff";"Karlsruhe (CXX359)";"Rhein";"2018";"11.08.2018";"7,7";"mg/l"
"CXX359";"448.686";"5.428.915";"6.187";"Sauerstoff";"Karlsruhe (CXX359)";"Rhein";"2018";"12.08.2018";"7,8";"mg/l"
"CXX359";"448.686";"5.428.915";"6.187";"Sauerstoff";"Karlsruhe (CXX359)";"Rhein";"2018";"13.08.2018";"7,6";"mg/l"
"CXX359";"448.686";"5.428.915";"6.187";"Sauerstoff";"Karlsruhe (CXX359)";"Rhein";"2018";"14.08.2018";"7,7";"mg/l"
"CXX359";"448.686";"5.428.915";"6.187";"Sauerstoff";"Karlsruhe (CXX359)";"Rhein";"2018";"15.08.2018";"8,2";"mg/l"
"CXX359";"448.686";"5.428.915";"6.187";"Sauerstoff";"Karlsruhe (CXX359)";"Rhein";"2018";"16.08.2018";"8,8";"mg/l"
"CXX359";"448.686";"5.428.915";"6.187";"Sauerstoff";"Karlsruhe (CXX359)";"Rhein";"2018";"17.08.2018";"8,9";"mg/l"
"CXX359";"448.686";"5.428.915";"6.187";"Sauerstoff";"Karlsruhe (CXX359)";"Rhein";"2018";"18.08.2018";"9,2";"mg/l"
"CXX359";"448.686";"5.428.915";"6.187";"Sauerstoff";"Karlsruhe (CXX359)";"Rhein";"2018";"19.08.2018";"9,1";"mg/l"
"CXX359";"448.686";"5.428.915";"6.187";"Sauerstoff";"Karlsruhe (CXX359)";"Rhein";"2018";"20.08.2018";"9,1";"mg/l"
"CXX359";"448.686";"5.428.915";"6.187";"Sauerstoff";"Karlsruhe (CXX359)";"Rhein";"2018";"21.08.2018";"9,3";"mg/l"
"CXX359";"448.686";"5.428.915";"6.187";"Sauerstoff";"Karlsruhe (CXX359)";"Rhein";"2018";"22.08.2018";"9,4";"mg/l"
"CXX359";"448.686";"5.428.915";"6.187";"Sauerstoff";"Karlsruhe (CXX359)";"Rhein";"2018";"23.08.2018";"9,2";"mg/l"
"CXX359";"448.686";"5.428.915";"6.187";"Sauerstoff";"Karlsruhe (CXX359)";"Rhein";"2018";"24.08.2018";"8,5";"mg/l"
"CXX359";"448.686";"5.428.915";"6.187";"Sauerstoff";"Karlsruhe (CXX359)";"Rhein";"2018";"25.08.2018";"8,2";"mg/l"
"CXX359";"448.686";"5.428.915";"6.187";"Sauerstoff";"Karlsruhe (CXX359)";"Rhein";"2018";"26.08.2018";"8,3";"mg/l"
"CXX359";"448.686";"5.428.915";"6.187";"Sauerstoff";"Karlsruhe (CXX359)";"Rhein";"2018";"27.08.2018";"8,2";"mg/l"
"CXX359";"448.686";"5.428.915";"6.187";"Sauerstoff";"Karlsruhe (CXX359)";"Rhein";"2018";"28.08.2018";"8,3";"mg/l"
"CXX359";"448.686";"5.428.915";"6.187";"Sauerstoff";"Karlsruhe (CXX359)";"Rhein";"2018";"29.08.2018";"8";"mg/l"
"CXX359";"448.686";"5.428.915";"6.187";"Sauerstoff";"Karlsruhe (CXX359)";"Rhein";"2018";"30.08.2018";"7,7";"mg/l"
"CXX359";"448.686";"5.428.915";"6.187";"Sauerstoff";"Karlsruhe (CXX359)";"Rhein";"2018";"31.08.2018";"7,4";"mg/l"
"CXX359";"448.686";"5.428.915";"6.187";"Sauerstoff";"Karlsruhe (CXX359)";"Rhein";"2018";"01.09.2018";"7,5";"mg/l"
"CXX359";"448.686";"5.428.915";"6.187";"Sauerstoff";"Karlsruhe (CXX359)";"Rhein";"2018";"02.09.2018";"7,5";"mg/l"
"CXX359";"448.686";"5.428.915";"6.187";"Sauerstoff";"Karlsruhe (CXX359)";"Rhein";"2018";"03.09.2018";"7,5";"mg/l"
"CXX359";"448.686";"5.428.915";"6.187";"Sauerstoff";"Karlsruhe (CXX359)";"Rhein";"2018";"04.09.2018";"7,6";"mg/l"
"CXX359";"448.686";"5.428.915";"6.187";"Sauerstoff";"Karlsruhe (CXX359)";"Rhein";"2018";"05.09.2018";"7,7";"mg/l"
"CXX359";"448.686";"5.428.915";"6.187";"Sauerstoff";"Karlsruhe (CXX359)";"Rhein";"2018";"06.09.2018";"7,6";"mg/l"
"CXX359";"448.686";"5.428.915";"6.187";"Sauerstoff";"Karlsruhe (CXX359)";"Rhein";"2018";"07.09.2018";"7,6";"mg/l"
"CXX359";"448.686";"5.428.915";"6.187";"Sauerstoff";"Karlsruhe (CXX359)";"Rhein";"2018";"08.09.2018";"7,6";"mg/l"
"CXX359";"448.686";"5.428.915";"6.187";"Sauerstoff";"Karlsruhe (CXX359)";"Rhein";"2018";"09.09.2018";"7,8";"mg/l"
"CXX359";"448.686";"5.428.915";"6.187";"Sauerstoff";"Karlsruhe (CXX359)";"Rhein";"2018";"10.09.2018";"8";"mg/l"
"CXX359";"448.686";"5.428.915";"6.187";"Sauerstoff";"Karlsruhe (CXX359)";"Rhein";"2018";"11.09.2018";"8,1";"mg/l"
"CXX359";"448.686";"5.428.915";"6.187";"Sauerstoff";"Karlsruhe (CXX359)";"Rhein";"2018";"12.09.2018";"8,1";"mg/l"
"CXX359";"448.686";"5.428.915";"6.187";"Sauerstoff";"Karlsruhe (CXX359)";"Rhein";"2018";"13.09.2018";"7,9";"mg/l"
"CXX359";"448.686";"5.428.915";"6.187";"Sauerstoff";"Karlsruhe (CXX359)";"Rhein";"2018";"14.09.2018";"7,8";"mg/l"
"CXX359";"448.686";"5.428.915";"6.187";"Sauerstoff";"Karlsruhe (CXX359)";"Rhein";"2018";"15.09.2018";"7,9";"mg/l"
"CXX359";"448.686";"5.428.915";"6.187";"Sauerstoff";"Karlsruhe (CXX359)";"Rhein";"2018";"16.09.2018";"8,1";"mg/l"
"CXX359";"448.686";"5.428.915";"6.187";"Sauerstoff";"Karlsruhe (CXX359)";"Rhein";"2018";"17.09.2018";"8,2";"mg/l"
"CXX359";"448.686";"5.428.915";"6.187";"Sauerstoff";"Karlsruhe (CXX359)";"Rhein";"2018";"18.09.2018";"8,2";"mg/l"
"CXX359";"448.686";"5.428.915";"6.187";"Sauerstoff";"Karlsruhe (CXX359)";"Rhein";"2018";"19.09.2018";"8,2";"mg/l"
"CXX359";"448.686";"5.428.915";"6.187";"Sauerstoff";"Karlsruhe (CXX359)";"Rhein";"2018";"20.09.2018";"8,2";"mg/l"
"CXX359";"448.686";"5.428.915";"6.187";"Sauerstoff";"Karlsruhe (CXX359)";"Rhein";"2018";"21.09.2018";"8";"mg/l"
"CXX359";"448.686";"5.428.915";"6.187";"Sauerstoff";"Karlsruhe (CXX359)";"Rhein";"2018";"22.09.2018";"8,1";"mg/l"
"CXX359";"448.686";"5.428.915";"6.187";"Sauerstoff";"Karlsruhe (CXX359)";"Rhein";"2018";"23.09.2018";"7,9";"mg/l"
"CXX359";"448.686";"5.428.915";"6.187";"Sauerstoff";"Karlsruhe (CXX359)";"Rhein";"2018";"24.09.2018";"8,1";"mg/l"
"CXX359";"448.686";"5.428.915";"6.187";"Sauerstoff";"Karlsruhe (CXX359)";"Rhein";"2018";"25.09.2018";"8,3";"mg/l"
"CXX359";"448.686";"5.428.915";"6.187";"Sauerstoff";"Karlsruhe (CXX359)";"Rhein";"2018";"26.09.2018";"8,6";"mg/l"
"CXX359";"448.686";"5.428.915";"6.187";"Sauerstoff";"Karlsruhe (CXX359)";"Rhein";"2018";"27.09.2018";"8,7";"mg/l"
"CXX359";"448.686";"5.428.915";"6.187";"Sauerstoff";"Karlsruhe (CXX359)";"Rhein";"2018";"28.09.2018";"8,6";"mg/l"
"CXX359";"448.686";"5.428.915";"6.187";"Sauerstoff";"Karlsruhe (CXX359)";"Rhein";"2018";"29.09.2018";"8,7";"mg/l"
"CXX359";"448.686";"5.428.915";"6.187";"Sauerstoff";"Karlsruhe (CXX359)";"Rhein";"2018";"30.09.2018";"8,8";"mg/l"
"CXX359";"448.686";"5.428.915";"6.187";"Sauerstoff";"Karlsruhe (CXX359)";"Rhein";"2018";"01.10.2018";"8,7";"mg/l"
"CXX359";"448.686";"5.428.915";"6.187";"Sauerstoff";"Karlsruhe (CXX359)";"Rhein";"2018";"02.10.2018";"8,6";"mg/l"
"CXX359";"448.686";"5.428.915";"6.187";"Sauerstoff";"Karlsruhe (CXX359)";"Rhein";"2018";"03.10.2018";"8,8";"mg/l"
"CXX359";"448.686";"5.428.915";"6.187";"Sauerstoff";"Karlsruhe (CXX359)";"Rhein";"2018";"04.10.2018";"9";"mg/l"
"CXX359";"448.686";"5.428.915";"6.187";"Sauerstoff";"Karlsruhe (CXX359)";"Rhein";"2018";"05.10.2018";"9";"mg/l"
"CXX359";"448.686";"5.428.915";"6.187";"Sauerstoff";"Karlsruhe (CXX359)";"Rhein";"2018";"06.10.2018";"8,8";"mg/l"
"CXX359";"448.686";"5.428.915";"6.187";"Sauerstoff";"Karlsruhe (CXX359)";"Rhein";"2018";"07.10.2018";"8,9";"mg/l"
"CXX359";"448.686";"5.428.915";"6.187";"Sauerstoff";"Karlsruhe (CXX359)";"Rhein";"2018";"08.10.2018";"8,9";"mg/l"
"CXX359";"448.686";"5.428.915";"6.187";"Sauerstoff";"Karlsruhe (CXX359)";"Rhein";"2018";"09.10.2018";"8,8";"mg/l"
"CXX359";"448.686";"5.428.915";"6.187";"Sauerstoff";"Karlsruhe (CXX359)";"Rhein";"2018";"10.10.2018";"8,9";"mg/l"
"CXX359";"448.686";"5.428.915";"6.187";"Sauerstoff";"Karlsruhe (CXX359)";"Rhein";"2018";"11.10.2018";"8,8";"mg/l"
"CXX359";"448.686";"5.428.915";"6.187";"Sauerstoff";"Karlsruhe (CXX359)";"Rhein";"2018";"12.10.2018";"9";"mg/l"
"CXX359";"448.686";"5.428.915";"6.187";"Sauerstoff";"Karlsruhe (CXX359)";"Rhein";"2018";"13.10.2018";"8,9";"mg/l"
"CXX359";"448.686";"5.428.915";"6.187";"Sauerstoff";"Karlsruhe (CXX359)";"Rhein";"2018";"14.10.2018";"8,9";"mg/l"
"CXX359";"448.686";"5.428.915";"6.187";"Sauerstoff";"Karlsruhe (CXX359)";"Rhein";"2018";"15.10.2018";"8,9";"mg/l"
"CXX359";"448.686";"5.428.915";"6.187";"Sauerstoff";"Karlsruhe (CXX359)";"Rhein";"2018";"16.10.2018";"8,9";"mg/l"
"CXX359";"448.686";"5.428.915";"6.187";"Sauerstoff";"Karlsruhe (CXX359)";"Rhein";"2018";"17.10.2018";"9";"mg/l"
"CXX359";"448.686";"5.428.915";"6.187";"Sauerstoff";"Karlsruhe (CXX359)";"Rhein";"2018";"18.10.2018";"9";"mg/l"
"CXX359";"448.686";"5.428.915";"6.187";"Sauerstoff";"Karlsruhe (CXX359)";"Rhein";"2018";"19.10.2018";"9,1";"mg/l"
"CXX359";"448.686";"5.428.915";"6.187";"Sauerstoff";"Karlsruhe (CXX359)";"Rhein";"2018";"20.10.2018";"9,2";"mg/l"
"CXX359";"448.686";"5.428.915";"6.187";"Sauerstoff";"Karlsruhe (CXX359)";"Rhein";"2018";"21.10.2018";"9,3";"mg/l"
"CXX359";"448.686";"5.428.915";"6.187";"Sauerstoff";"Karlsruhe (CXX359)";"Rhein";"2018";"22.10.2018";"9,4";"mg/l"
"CXX359";"448.686";"5.428.915";"6.187";"Sauerstoff";"Karlsruhe (CXX359)";"Rhein";"2018";"23.10.2018";"9,4";"mg/l"
"CXX359";"448.686";"5.428.915";"6.187";"Sauerstoff";"Karlsruhe (CXX359)";"Rhein";"2018";"24.10.2018";"9,3";"mg/l"
"CXX359";"448.686";"5.428.915";"6.187";"Sauerstoff";"Karlsruhe (CXX359)";"Rhein";"2018";"25.10.2018";"9,3";"mg/l"
"CXX359";"448.686";"5.428.915";"6.187";"Sauerstoff";"Karlsruhe (CXX359)";"Rhein";"2018";"26.10.2018";"9,1";"mg/l"
"CXX359";"448.686";"5.428.915";"6.187";"Sauerstoff";"Karlsruhe (CXX359)";"Rhein";"2018";"27.10.2018";"9,2";"mg/l"
"CXX359";"448.686";"5.428.915";"6.187";"Sauerstoff";"Karlsruhe (CXX359)";"Rhein";"2018";"28.10.2018";"9,2";"mg/l"
"CXX359";"448.686";"5.428.915";"6.187";"Sauerstoff";"Karlsruhe (CXX359)";"Rhein";"2018";"29.10.2018";"9,3";"mg/l"
"CXX359";"448.686";"5.428.915";"6.187";"Sauerstoff";"Karlsruhe (CXX359)";"Rhein";"2018";"30.10.2018";"9,6";"mg/l"
"CXX359";"448.686";"5.428.915";"6.187";"Sauerstoff";"Karlsruhe (CXX359)";"Rhein";"2018";"31.10.2018";"9,6";"mg/l"
"CXX359";"448.686";"5.428.915";"6.187";"Sauerstoff";"Karlsruhe (CXX359)";"Rhein";"2018";"01.11.2018";"9,5";"mg/l"
"CXX359";"448.686";"5.428.915";"6.187";"Sauerstoff";"Karlsruhe (CXX359)";"Rhein";"2018";"02.11.2018";"9,5";"mg/l"
"CXX359";"448.686";"5.428.915";"6.187";"Sauerstoff";"Karlsruhe (CXX359)";"Rhein";"2018";"03.11.2018";"9,5";"mg/l"
"CXX359";"448.686";"5.428.915";"6.187";"Sauerstoff";"Karlsruhe (CXX359)";"Rhein";"2018";"04.11.2018";"9,6";"mg/l"
"CXX359";"448.686";"5.428.915";"6.187";"Sauerstoff";"Karlsruhe (CXX359)";"Rhein";"2018";"05.11.2018";"9,4";"mg/l"
"CXX359";"448.686";"5.428.915";"6.187";"Sauerstoff";"Karlsruhe (CXX359)";"Rhein";"2018";"06.11.2018";"9,3";"mg/l"
"CXX359";"448.686";"5.428.915";"6.187";"Sauerstoff";"Karlsruhe (CXX359)";"Rhein";"2018";"07.11.2018";"9,3";"mg/l"
"CXX359";"448.686";"5.428.915";"6.187";"Sauerstoff";"Karlsruhe (CXX359)";"Rhein";"2018";"08.11.2018";"9,3";"mg/l"
"CXX359";"448.686";"5.428.915";"6.187";"Sauerstoff";"Karlsruhe (CXX359)";"Rhein";"2018";"09.11.2018";"9,3";"mg/l"
"CXX359";"448.686";"5.428.915";"6.187";"Sauerstoff";"Karlsruhe (CXX359)";"Rhein";"2018";"10.11.2018";"9,3";"mg/l"
"CXX359";"448.686";"5.428.915";"6.187";"Sauerstoff";"Karlsruhe (CXX359)";"Rhein";"2018";"11.11.2018";"9,4";"mg/l"
"CXX359";"448.686";"5.428.915";"6.187";"Sauerstoff";"Karlsruhe (CXX359)";"Rhein";"2018";"12.11.2018";"9,4";"mg/l"
"CXX359";"448.686";"5.428.915";"6.187";"Sauerstoff";"Karlsruhe (CXX359)";"Rhein";"2018";"13.11.2018";"9,4";"mg/l"
"CXX359";"448.686";"5.428.915";"6.187";"Sauerstoff";"Karlsruhe (CXX359)";"Rhein";"2018";"14.11.2018";"9,4";"mg/l"
"CXX359";"448.686";"5.428.915";"6.187";"Sauerstoff";"Karlsruhe (CXX359)";"Rhein";"2018";"15.11.2018";"9,3";"mg/l"
"CXX359";"448.686";"5.428.915";"6.187";"Sauerstoff";"Karlsruhe (CXX359)";"Rhein";"2018";"16.11.2018";"9,6";"mg/l"
"CXX359";"448.686";"5.428.915";"6.187";"Sauerstoff";"Karlsruhe (CXX359)";"Rhein";"2018";"17.11.2018";"10";"mg/l"
"CXX359";"448.686";"5.428.915";"6.187";"Sauerstoff";"Karlsruhe (CXX359)";"Rhein";"2018";"18.11.2018";"10,3";"mg/l"
"CXX359";"448.686";"5.428.915";"6.187";"Sauerstoff";"Karlsruhe (CXX359)";"Rhein";"2018";"19.11.2018";"10,4";"mg/l"
"CXX359";"448.686";"5.428.915";"6.187";"Sauerstoff";"Karlsruhe (CXX359)";"Rhein";"2018";"20.11.2018";"10,6";"mg/l"
"CXX359";"448.686";"5.428.915";"6.187";"Sauerstoff";"Karlsruhe (CXX359)";"Rhein";"2018";"21.11.2018";"10,6";"mg/l"
"CXX359";"448.686";"5.428.915";"6.187";"Sauerstoff";"Karlsruhe (CXX359)";"Rhein";"2018";"22.11.2018";"10,7";"mg/l"
"CXX359";"448.686";"5.428.915";"6.187";"Sauerstoff";"Karlsruhe (CXX359)";"Rhein";"2018";"23.11.2018";"10,5";"mg/l"
"CXX359";"448.686";"5.428.915";"6.187";"Sauerstoff";"Karlsruhe (CXX359)";"Rhein";"2018";"24.11.2018";"10,3";"mg/l"
"CXX359";"448.686";"5.428.915";"6.187";"Sauerstoff";"Karlsruhe (CXX359)";"Rhein";"2018";"25.11.2018";"10,4";"mg/l"
"CXX359";"448.686";"5.428.915";"6.187";"Sauerstoff";"Karlsruhe (CXX359)";"Rhein";"2018";"26.11.2018";"10,3";"mg/l"
"CXX359";"448.686";"5.428.915";"6.187";"Sauerstoff";"Karlsruhe (CXX359)";"Rhein";"2018";"27.11.2018";"10,4";"mg/l"
"CXX359";"448.686";"5.428.915";"6.187";"Sauerstoff";"Karlsruhe (CXX359)";"Rhein";"2018";"28.11.2018";"10,5";"mg/l"
"CXX359";"448.686";"5.428.915";"6.187";"Sauerstoff";"Karlsruhe (CXX359)";"Rhein";"2018";"29.11.2018";"10,5";"mg/l"
"CXX359";"448.686";"5.428.915";"6.187";"Sauerstoff";"Karlsruhe (CXX359)";"Rhein";"2018";"30.11.2018";"10,5";"mg/l"
"CXX359";"448.686";"5.428.915";"6.187";"Sauerstoff";"Karlsruhe (CXX359)";"Rhein";"2018";"01.12.2018";"10,5";"mg/l"
"CXX359";"448.686";"5.428.915";"6.187";"Sauerstoff";"Karlsruhe (CXX359)";"Rhein";"2018";"02.12.2018";"10,5";"mg/l"
"CXX359";"448.686";"5.428.915";"6.187";"Sauerstoff";"Karlsruhe (CXX359)";"Rhein";"2018";"03.12.2018";"10,5";"mg/l"
"CXX359";"448.686";"5.428.915";"6.187";"Sauerstoff";"Karlsruhe (CXX359)";"Rhein";"2018";"04.12.2018";"10,3";"mg/l"
"CXX359";"448.686";"5.428.915";"6.187";"Sauerstoff";"Karlsruhe (CXX359)";"Rhein";"2018";"05.12.2018";"10,7";"mg/l"
"CXX359";"448.686";"5.428.915";"6.187";"Sauerstoff";"Karlsruhe (CXX359)";"Rhein";"2018";"06.12.2018";"10,5";"mg/l"
"CXX359";"448.686";"5.428.915";"6.187";"Sauerstoff";"Karlsruhe (CXX359)";"Rhein";"2018";"07.12.2018";"10,5";"mg/l"
"CXX359";"448.686";"5.428.915";"6.187";"Sauerstoff";"Karlsruhe (CXX359)";"Rhein";"2018";"08.12.2018";"10,5";"mg/l"
"CXX359";"448.686";"5.428.915";"6.187";"Sauerstoff";"Karlsruhe (CXX359)";"Rhein";"2018";"09.12.2018";"10,5";"mg/l"
"CXX359";"448.686";"5.428.915";"6.187";"Sauerstoff";"Karlsruhe (CXX359)";"Rhein";"2018";"10.12.2018";"10,5";"mg/l"
"CXX359";"448.686";"5.428.915";"6.187";"Sauerstoff";"Karlsruhe (CXX359)";"Rhein";"2018";"11.12.2018";"10,6";"mg/l"
"CXX359";"448.686";"5.428.915";"6.187";"Sauerstoff";"Karlsruhe (CXX359)";"Rhein";"2018";"12.12.2018";"10,6";"mg/l"
"CXX359";"448.686";"5.428.915";"6.187";"Sauerstoff";"Karlsruhe (CXX359)";"Rhein";"2018";"13.12.2018";"-";"mg/l"
"CXX359";"448.686";"5.428.915";"6.187";"Sauerstoff";"Karlsruhe (CXX359)";"Rhein";"2018";"14.12.2018";"10,8";"mg/l"
"CXX359";"448.686";"5.428.915";"6.187";"Sauerstoff";"Karlsruhe (CXX359)";"Rhein";"2018";"15.12.2018";"11";"mg/l"
"CXX359";"448.686";"5.428.915";"6.187";"Sauerstoff";"Karlsruhe (CXX359)";"Rhein";"2018";"16.12.2018";"11";"mg/l"
"CXX359";"448.686";"5.428.915";"6.187";"Sauerstoff";"Karlsruhe (CXX359)";"Rhein";"2018";"17.12.2018";"11";"mg/l"
"CXX359";"448.686";"5.428.915";"6.187";"Sauerstoff";"Karlsruhe (CXX359)";"Rhein";"2018";"18.12.2018";"11,1";"mg/l"
"CXX359";"448.686";"5.428.915";"6.187";"Sauerstoff";"Karlsruhe (CXX359)";"Rhein";"2018";"19.12.2018";"11,1";"mg/l"
"CXX359";"448.686";"5.428.915";"6.187";"Sauerstoff";"Karlsruhe (CXX359)";"Rhein";"2018";"20.12.2018";"11";"mg/l"
"CXX359";"448.686";"5.428.915";"6.187";"Sauerstoff";"Karlsruhe (CXX359)";"Rhein";"2018";"21.12.2018";"11,2";"mg/l"
"CXX359";"448.686";"5.428.915";"6.187";"Sauerstoff";"Karlsruhe (CXX359)";"Rhein";"2018";"22.12.2018";"11,1";"mg/l"
"CXX359";"448.686";"5.428.915";"6.187";"Sauerstoff";"Karlsruhe (CXX359)";"Rhein";"2018";"23.12.2018";"11,3";"mg/l"
"CXX359";"448.686";"5.428.915";"6.187";"Sauerstoff";"Karlsruhe (CXX359)";"Rhein";"2018";"24.12.2018";"11,3";"mg/l"
"CXX359";"448.686";"5.428.915";"6.187";"Sauerstoff";"Karlsruhe (CXX359)";"Rhein";"2018";"25.12.2018";"11,7";"mg/l"
"CXX359";"448.686";"5.428.915";"6.187";"Sauerstoff";"Karlsruhe (CXX359)";"Rhein";"2018";"26.12.2018";"11,9";"mg/l"
"CXX359";"448.686";"5.428.915";"6.187";"Sauerstoff";"Karlsruhe (CXX359)";"Rhein";"2018";"27.12.2018";"12,3";"mg/l"
"CXX359";"448.686";"5.428.915";"6.187";"Sauerstoff";"Karlsruhe (CXX359)";"Rhein";"2018";"28.12.2018";"12,3";"mg/l"
"CXX359";"448.686";"5.428.915";"6.187";"Sauerstoff";"Karlsruhe (CXX359)";"Rhein";"2018";"29.12.2018";"12,1";"mg/l"
"CXX359";"448.686";"5.428.915";"6.187";"Sauerstoff";"Karlsruhe (CXX359)";"Rhein";"2018";"30.12.2018";"11,8";"mg/l"
"CXX359";"448.686";"5.428.915";"6.187";"Sauerstoff";"Karlsruhe (CXX359)";"Rhein";"2018";"31.12.2018";"11,8";"mg/l"
"CXX359";"448.686";"5.428.915";"6.187";"Sauerstoff";"Karlsruhe (CXX359)";"Rhein";"2019";"01.01.2019";"11,8";"mg/l"
"CXX359";"448.686";"5.428.915";"6.187";"Sauerstoff";"Karlsruhe (CXX359)";"Rhein";"2019";"02.01.2019";"11,6";"mg/l"
"CXX359";"448.686";"5.428.915";"6.187";"Sauerstoff";"Karlsruhe (CXX359)";"Rhein";"2019";"03.01.2019";"11,4";"mg/l"
"CXX359";"448.686";"5.428.915";"6.187";"Sauerstoff";"Karlsruhe (CXX359)";"Rhein";"2019";"04.01.2019";"11,3";"mg/l"
"CXX359";"448.686";"5.428.915";"6.187";"Sauerstoff";"Karlsruhe (CXX359)";"Rhein";"2019";"05.01.2019";"11,3";"mg/l"
"CXX359";"448.686";"5.428.915";"6.187";"Sauerstoff";"Karlsruhe (CXX359)";"Rhein";"2019";"06.01.2019";"11,2";"mg/l"
"CXX359";"448.686";"5.428.915";"6.187";"Sauerstoff";"Karlsruhe (CXX359)";"Rhein";"2019";"07.01.2019";"11,2";"mg/l"
"CXX359";"448.686";"5.428.915";"6.187";"Sauerstoff";"Karlsruhe (CXX359)";"Rhein";"2019";"08.01.2019";"11,3";"mg/l"
"CXX359";"448.686";"5.428.915";"6.187";"Sauerstoff";"Karlsruhe (CXX359)";"Rhein";"2019";"09.01.2019";"-";"mg/l"
"CXX359";"448.686";"5.428.915";"6.187";"Sauerstoff";"Karlsruhe (CXX359)";"Rhein";"2019";"10.01.2019";"-";"mg/l"
"CXX359";"448.686";"5.428.915";"6.187";"Sauerstoff";"Karlsruhe (CXX359)";"Rhein";"2019";"11.01.2019";"-";"mg/l"
"CXX359";"448.686";"5.428.915";"6.187";"Sauerstoff";"Karlsruhe (CXX359)";"Rhein";"2019";"12.01.2019";"11,6";"mg/l"
"CXX359";"448.686";"5.428.915";"6.187";"Sauerstoff";"Karlsruhe (CXX359)";"Rhein";"2019";"13.01.2019";"11,5";"mg/l"
"CXX359";"448.686";"5.428.915";"6.187";"Sauerstoff";"Karlsruhe (CXX359)";"Rhein";"2019";"14.01.2019";"11,8";"mg/l"
"CXX359";"448.686";"5.428.915";"6.187";"Sauerstoff";"Karlsruhe (CXX359)";"Rhein";"2019";"15.01.2019";"12,7";"mg/l"
"CXX359";"448.686";"5.428.915";"6.187";"Sauerstoff";"Karlsruhe (CXX359)";"Rhein";"2019";"16.01.2019";"12,5";"mg/l"
"CXX359";"448.686";"5.428.915";"6.187";"Sauerstoff";"Karlsruhe (CXX359)";"Rhein";"2019";"17.01.2019";"12,3";"mg/l"
"CXX359";"448.686";"5.428.915";"6.187";"Sauerstoff";"Karlsruhe (CXX359)";"Rhein";"2019";"18.01.2019";"11,8";"mg/l"
"CXX359";"448.686";"5.428.915";"6.187";"Sauerstoff";"Karlsruhe (CXX359)";"Rhein";"2019";"19.01.2019";"11,6";"mg/l"
"CXX359";"448.686";"5.428.915";"6.187";"Sauerstoff";"Karlsruhe (CXX359)";"Rhein";"2019";"20.01.2019";"11,5";"mg/l"
"CXX359";"448.686";"5.428.915";"6.187";"Sauerstoff";"Karlsruhe (CXX359)";"Rhein";"2019";"21.01.2019";"11,7";"mg/l"
"CXX359";"448.686";"5.428.915";"6.187";"Sauerstoff";"Karlsruhe (CXX359)";"Rhein";"2019";"22.01.2019";"-";"mg/l"
"CXX359";"448.686";"5.428.915";"6.187";"Sauerstoff";"Karlsruhe (CXX359)";"Rhein";"2019";"23.01.2019";"-";"mg/l"
"CXX359";"448.686";"5.428.915";"6.187";"Sauerstoff";"Karlsruhe (CXX359)";"Rhein";"2019";"24.01.2019";"-";"mg/l"
"CXX359";"448.686";"5.428.915";"6.187";"Sauerstoff";"Karlsruhe (CXX359)";"Rhein";"2019";"25.01.2019";"12";"mg/l"
"CXX359";"448.686";"5.428.915";"6.187";"Sauerstoff";"Karlsruhe (CXX359)";"Rhein";"2019";"26.01.2019";"12";"mg/l"
"CXX359";"448.686";"5.428.915";"6.187";"Sauerstoff";"Karlsruhe (CXX359)";"Rhein";"2019";"27.01.2019";"11,9";"mg/l"
"CXX359";"448.686";"5.428.915";"6.187";"Sauerstoff";"Karlsruhe (CXX359)";"Rhein";"2019";"28.01.2019";"11,8";"mg/l"
"CXX359";"448.686";"5.428.915";"6.187";"Sauerstoff";"Karlsruhe (CXX359)";"Rhein";"2019";"29.01.2019";"11,7";"mg/l"
"CXX359";"448.686";"5.428.915";"6.187";"Sauerstoff";"Karlsruhe (CXX359)";"Rhein";"2019";"30.01.2019";"11,8";"mg/l"
"CXX359";"448.686";"5.428.915";"6.187";"Sauerstoff";"Karlsruhe (CXX359)";"Rhein";"2019";"31.01.2019";"11,8";"mg/l"
"CXX359";"448.686";"5.428.915";"6.187";"Sauerstoff";"Karlsruhe (CXX359)";"Rhein";"2019";"01.02.2019";"11,8";"mg/l"
"CXX359";"448.686";"5.428.915";"6.187";"Sauerstoff";"Karlsruhe (CXX359)";"Rhein";"2019";"02.02.2019";"11,8";"mg/l"
"CXX359";"448.686";"5.428.915";"6.187";"Sauerstoff";"Karlsruhe (CXX359)";"Rhein";"2019";"03.02.2019";"11,7";"mg/l"
"CXX359";"448.686";"5.428.915";"6.187";"Sauerstoff";"Karlsruhe (CXX359)";"Rhein";"2019";"04.02.2019";"11,9";"mg/l"
"CXX359";"448.686";"5.428.915";"6.187";"Sauerstoff";"Karlsruhe (CXX359)";"Rhein";"2019";"05.02.2019";"12";"mg/l"
"CXX359";"448.686";"5.428.915";"6.187";"Sauerstoff";"Karlsruhe (CXX359)";"Rhein";"2019";"06.02.2019";"12,1";"mg/l"
"CXX359";"448.686";"5.428.915";"6.187";"Sauerstoff";"Karlsruhe (CXX359)";"Rhein";"2019";"07.02.2019";"12";"mg/l"
"CXX359";"448.686";"5.428.915";"6.187";"Sauerstoff";"Karlsruhe (CXX359)";"Rhein";"2019";"08.02.2019";"12,1";"mg/l"
"CXX359";"448.686";"5.428.915";"6.187";"Sauerstoff";"Karlsruhe (CXX359)";"Rhein";"2019";"09.02.2019";"12,1";"mg/l"
"CXX359";"448.686";"5.428.915";"6.187";"Sauerstoff";"Karlsruhe (CXX359)";"Rhein";"2019";"10.02.2019";"12,1";"mg/l"
"CXX359";"448.686";"5.428.915";"6.187";"Sauerstoff";"Karlsruhe (CXX359)";"Rhein";"2019";"11.02.2019";"12,1";"mg/l"
"CXX359";"448.686";"5.428.915";"6.187";"Sauerstoff";"Karlsruhe (CXX359)";"Rhein";"2019";"12.02.2019";"12,5";"mg/l"
"CXX359";"448.686";"5.428.915";"6.187";"Sauerstoff";"Karlsruhe (CXX359)";"Rhein";"2019";"13.02.2019";"12,4";"mg/l"
"CXX359";"448.686";"5.428.915";"6.187";"Sauerstoff";"Karlsruhe (CXX359)";"Rhein";"2019";"14.02.2019";"12,2";"mg/l"
"CXX359";"448.686";"5.428.915";"6.187";"Sauerstoff";"Karlsruhe (CXX359)";"Rhein";"2019";"15.02.2019";"12,2";"mg/l"
"CXX359";"448.686";"5.428.915";"6.187";"Sauerstoff";"Karlsruhe (CXX359)";"Rhein";"2019";"16.02.2019";"12,1";"mg/l"
"CXX359";"448.686";"5.428.915";"6.187";"Sauerstoff";"Karlsruhe (CXX359)";"Rhein";"2019";"17.02.2019";"12,2";"mg/l"
"CXX359";"448.686";"5.428.915";"6.187";"Sauerstoff";"Karlsruhe (CXX359)";"Rhein";"2019";"18.02.2019";"12,2";"mg/l"
"CXX359";"448.686";"5.428.915";"6.187";"Sauerstoff";"Karlsruhe (CXX359)";"Rhein";"2019";"19.02.2019";"12,3";"mg/l"
"CXX359";"448.686";"5.428.915";"6.187";"Sauerstoff";"Karlsruhe (CXX359)";"Rhein";"2019";"20.02.2019";"-";"mg/l"
"CXX359";"448.686";"5.428.915";"6.187";"Sauerstoff";"Karlsruhe (CXX359)";"Rhein";"2019";"21.02.2019";"-";"mg/l"
"CXX359";"448.686";"5.428.915";"6.187";"Sauerstoff";"Karlsruhe (CXX359)";"Rhein";"2019";"22.02.2019";"-";"mg/l"
"CXX359";"448.686";"5.428.915";"6.187";"Sauerstoff";"Karlsruhe (CXX359)";"Rhein";"2019";"23.02.2019";"-";"mg/l"
"CXX359";"448.686";"5.428.915";"6.187";"Sauerstoff";"Karlsruhe (CXX359)";"Rhein";"2019";"24.02.2019";"12,4";"mg/l"
"CXX359";"448.686";"5.428.915";"6.187";"Sauerstoff";"Karlsruhe (CXX359)";"Rhein";"2019";"25.02.2019";"12,4";"mg/l"
"CXX359";"448.686";"5.428.915";"6.187";"Sauerstoff";"Karlsruhe (CXX359)";"Rhein";"2019";"26.02.2019";"12,6";"mg/l"
"CXX359";"448.686";"5.428.915";"6.187";"Sauerstoff";"Karlsruhe (CXX359)";"Rhein";"2019";"27.02.2019";"12,7";"mg/l"
"CXX359";"448.686";"5.428.915";"6.187";"Sauerstoff";"Karlsruhe (CXX359)";"Rhein";"2019";"28.02.2019";"12,5";"mg/l"
"CXX359";"448.686";"5.428.915";"6.187";"Sauerstoff";"Karlsruhe (CXX359)";"Rhein";"2019";"01.03.2019";"12,1";"mg/l"
"CXX359";"448.686";"5.428.915";"6.187";"Sauerstoff";"Karlsruhe (CXX359)";"Rhein";"2019";"02.03.2019";"12";"mg/l"
"CXX359";"448.686";"5.428.915";"6.187";"Sauerstoff";"Karlsruhe (CXX359)";"Rhein";"2019";"03.03.2019";"11,9";"mg/l"
"CXX359";"448.686";"5.428.915";"6.187";"Sauerstoff";"Karlsruhe (CXX359)";"Rhein";"2019";"04.03.2019";"11,7";"mg/l"
"CXX359";"448.686";"5.428.915";"6.187";"Sauerstoff";"Karlsruhe (CXX359)";"Rhein";"2019";"05.03.2019";"11,6";"mg/l"
"CXX359";"448.686";"5.428.915";"6.187";"Sauerstoff";"Karlsruhe (CXX359)";"Rhein";"2019";"06.03.2019";"11,6";"mg/l"
"CXX359";"448.686";"5.428.915";"6.187";"Sauerstoff";"Karlsruhe (CXX359)";"Rhein";"2019";"07.03.2019";"11,5";"mg/l"
"CXX359";"448.686";"5.428.915";"6.187";"Sauerstoff";"Karlsruhe (CXX359)";"Rhein";"2019";"08.03.2019";"11,7";"mg/l"
"CXX359";"448.686";"5.428.915";"6.187";"Sauerstoff";"Karlsruhe (CXX359)";"Rhein";"2019";"09.03.2019";"11,9";"mg/l"
"CXX359";"448.686";"5.428.915";"6.187";"Sauerstoff";"Karlsruhe (CXX359)";"Rhein";"2019";"10.03.2019";"11,7";"mg/l"
"CXX359";"448.686";"5.428.915";"6.187";"Sauerstoff";"Karlsruhe (CXX359)";"Rhein";"2019";"11.03.2019";"12,1";"mg/l"
"CXX359";"448.686";"5.428.915";"6.187";"Sauerstoff";"Karlsruhe (CXX359)";"Rhein";"2019";"12.03.2019";"12,4";"mg/l"
"CXX359";"448.686";"5.428.915";"6.187";"Sauerstoff";"Karlsruhe (CXX359)";"Rhein";"2019";"13.03.2019";"12,4";"mg/l"
"CXX359";"448.686";"5.428.915";"6.187";"Sauerstoff";"Karlsruhe (CXX359)";"Rhein";"2019";"14.03.2019";"12,2";"mg/l"
"CXX359";"448.686";"5.428.915";"6.187";"Sauerstoff";"Karlsruhe (CXX359)";"Rhein";"2019";"15.03.2019";"12,1";"mg/l"
"CXX359";"448.686";"5.428.915";"6.187";"Sauerstoff";"Karlsruhe (CXX359)";"Rhein";"2019";"16.03.2019";"12,3";"mg/l"
"CXX359";"448.686";"5.428.915";"6.187";"Sauerstoff";"Karlsruhe (CXX359)";"Rhein";"2019";"17.03.2019";"12,3";"mg/l"
"CXX359";"448.686";"5.428.915";"6.187";"Sauerstoff";"Karlsruhe (CXX359)";"Rhein";"2019";"18.03.2019";"12,4";"mg/l"
"CXX359";"448.686";"5.428.915";"6.187";"Sauerstoff";"Karlsruhe (CXX359)";"Rhein";"2019";"19.03.2019";"12,2";"mg/l"
"CXX359";"448.686";"5.428.915";"6.187";"Sauerstoff";"Karlsruhe (CXX359)";"Rhein";"2019";"20.03.2019";"12";"mg/l"
"CXX359";"448.686";"5.428.915";"6.187";"Sauerstoff";"Karlsruhe (CXX359)";"Rhein";"2019";"21.03.2019";"12";"mg/l"
"CXX359";"448.686";"5.428.915";"6.187";"Sauerstoff";"Karlsruhe (CXX359)";"Rhein";"2019";"22.03.2019";"12";"mg/l"
"CXX359";"448.686";"5.428.915";"6.187";"Sauerstoff";"Karlsruhe (CXX359)";"Rhein";"2019";"23.03.2019";"11,9";"mg/l"
"CXX359";"448.686";"5.428.915";"6.187";"Sauerstoff";"Karlsruhe (CXX359)";"Rhein";"2019";"24.03.2019";"11,7";"mg/l"
"CXX359";"448.686";"5.428.915";"6.187";"Sauerstoff";"Karlsruhe (CXX359)";"Rhein";"2019";"25.03.2019";"11,5";"mg/l"
"CXX359";"448.686";"5.428.915";"6.187";"Sauerstoff";"Karlsruhe (CXX359)";"Rhein";"2019";"26.03.2019";"11,5";"mg/l"
"CXX359";"448.686";"5.428.915";"6.187";"Sauerstoff";"Karlsruhe (CXX359)";"Rhein";"2019";"27.03.2019";"11,5";"mg/l"
"CXX359";"448.686";"5.428.915";"6.187";"Sauerstoff";"Karlsruhe (CXX359)";"Rhein";"2019";"28.03.2019";"-";"mg/l"
"CXX359";"448.686";"5.428.915";"6.187";"Sauerstoff";"Karlsruhe (CXX359)";"Rhein";"2019";"29.03.2019";"11,3";"mg/l"
"CXX359";"448.686";"5.428.915";"6.187";"Sauerstoff";"Karlsruhe (CXX359)";"Rhein";"2019";"30.03.2019";"11,2";"mg/l"
"CXX359";"448.686";"5.428.915";"6.187";"Sauerstoff";"Karlsruhe (CXX359)";"Rhein";"2019";"31.03.2019";"11,2";"mg/l"
"CXX359";"448.686";"5.428.915";"6.187";"Sauerstoff";"Karlsruhe (CXX359)";"Rhein";"2019";"01.04.2019";"11,2";"mg/l"
"CXX359";"448.686";"5.428.915";"6.187";"Sauerstoff";"Karlsruhe (CXX359)";"Rhein";"2019";"02.04.2019";"11,2";"mg/l"
"CXX359";"448.686";"5.428.915";"6.187";"Sauerstoff";"Karlsruhe (CXX359)";"Rhein";"2019";"03.04.2019";"10,8";"mg/l"
"CXX359";"448.686";"5.428.915";"6.187";"Sauerstoff";"Karlsruhe (CXX359)";"Rhein";"2019";"04.04.2019";"10,5";"mg/l"
"CXX359";"448.686";"5.428.915";"6.187";"Sauerstoff";"Karlsruhe (CXX359)";"Rhein";"2019";"05.04.2019";"10,5";"mg/l"
"CXX359";"448.686";"5.428.915";"6.187";"Sauerstoff";"Karlsruhe (CXX359)";"Rhein";"2019";"06.04.2019";"10,8";"mg/l"
"CXX359";"448.686";"5.428.915";"6.187";"Sauerstoff";"Karlsruhe (CXX359)";"Rhein";"2019";"07.04.2019";"10,8";"mg/l"
"CXX359";"448.686";"5.428.915";"6.187";"Sauerstoff";"Karlsruhe (CXX359)";"Rhein";"2019";"08.04.2019";"10,8";"mg/l"
"CXX359";"448.686";"5.428.915";"6.187";"Sauerstoff";"Karlsruhe (CXX359)";"Rhein";"2019";"09.04.2019";"10,7";"mg/l"
"CXX359";"448.686";"5.428.915";"6.187";"Sauerstoff";"Karlsruhe (CXX359)";"Rhein";"2019";"10.04.2019";"10,8";"mg/l"
"CXX359";"448.686";"5.428.915";"6.187";"Sauerstoff";"Karlsruhe (CXX359)";"Rhein";"2019";"11.04.2019";"10,9";"mg/l"
"CXX359";"448.686";"5.428.915";"6.187";"Sauerstoff";"Karlsruhe (CXX359)";"Rhein";"2019";"12.04.2019";"10,9";"mg/l"
"CXX359";"448.686";"5.428.915";"6.187";"Sauerstoff";"Karlsruhe (CXX359)";"Rhein";"2019";"13.04.2019";"10,8";"mg/l"
"CXX359";"448.686";"5.428.915";"6.187";"Sauerstoff";"Karlsruhe (CXX359)";"Rhein";"2019";"14.04.2019";"10,8";"mg/l"
"CXX359";"448.686";"5.428.915";"6.187";"Sauerstoff";"Karlsruhe (CXX359)";"Rhein";"2019";"15.04.2019";"11";"mg/l"
"CXX359";"448.686";"5.428.915";"6.187";"Sauerstoff";"Karlsruhe (CXX359)";"Rhein";"2019";"16.04.2019";"11";"mg/l"
"CXX359";"448.686";"5.428.915";"6.187";"Sauerstoff";"Karlsruhe (CXX359)";"Rhein";"2019";"17.04.2019";"11";"mg/l"
"CXX359";"448.686";"5.428.915";"6.187";"Sauerstoff";"Karlsruhe (CXX359)";"Rhein";"2019";"18.04.2019";"11,1";"mg/l"
"CXX359";"448.686";"5.428.915";"6.187";"Sauerstoff";"Karlsruhe (CXX359)";"Rhein";"2019";"19.04.2019";"11,1";"mg/l"
"CXX359";"448.686";"5.428.915";"6.187";"Sauerstoff";"Karlsruhe (CXX359)";"Rhein";"2019";"20.04.2019";"11,1";"mg/l"
"CXX359";"448.686";"5.428.915";"6.187";"Sauerstoff";"Karlsruhe (CXX359)";"Rhein";"2019";"21.04.2019";"11";"mg/l"
"CXX359";"448.686";"5.428.915";"6.187";"Sauerstoff";"Karlsruhe (CXX359)";"Rhein";"2019";"22.04.2019";"10,8";"mg/l"
"CXX359";"448.686";"5.428.915";"6.187";"Sauerstoff";"Karlsruhe (CXX359)";"Rhein";"2019";"23.04.2019";"10,6";"mg/l"
"CXX359";"448.686";"5.428.915";"6.187";"Sauerstoff";"Karlsruhe (CXX359)";"Rhein";"2019";"24.04.2019";"10,5";"mg/l"
"CXX359";"448.686";"5.428.915";"6.187";"Sauerstoff";"Karlsruhe (CXX359)";"Rhein";"2019";"25.04.2019";"10,3";"mg/l"
"CXX359";"448.686";"5.428.915";"6.187";"Sauerstoff";"Karlsruhe (CXX359)";"Rhein";"2019";"26.04.2019";"9,8";"mg/l"
"CXX359";"448.686";"5.428.915";"6.187";"Sauerstoff";"Karlsruhe (CXX359)";"Rhein";"2019";"27.04.2019";"9,7";"mg/l"
"CXX359";"448.686";"5.428.915";"6.187";"Sauerstoff";"Karlsruhe (CXX359)";"Rhein";"2019";"28.04.2019";"9,8";"mg/l"
"CXX359";"448.686";"5.428.915";"6.187";"Sauerstoff";"Karlsruhe (CXX359)";"Rhein";"2019";"29.04.2019";"9,7";"mg/l"
"CXX359";"448.686";"5.428.915";"6.187";"Sauerstoff";"Karlsruhe (CXX359)";"Rhein";"2019";"30.04.2019";"9,9";"mg/l"
"CXX359";"448.686";"5.428.915";"6.187";"Sauerstoff";"Karlsruhe (CXX359)";"Rhein";"2019";"01.05.2019";"10,2";"mg/l"
"CXX359";"448.686";"5.428.915";"6.187";"Sauerstoff";"Karlsruhe (CXX359)";"Rhein";"2019";"02.05.2019";"10,2";"mg/l"
"CXX359";"448.686";"5.428.915";"6.187";"Sauerstoff";"Karlsruhe (CXX359)";"Rhein";"2019";"03.05.2019";"10,2";"mg/l"
"CXX359";"448.686";"5.428.915";"6.187";"Sauerstoff";"Karlsruhe (CXX359)";"Rhein";"2019";"04.05.2019";"10";"mg/l"
"CXX359";"448.686";"5.428.915";"6.187";"Sauerstoff";"Karlsruhe (CXX359)";"Rhein";"2019";"05.05.2019";"10,1";"mg/l"
"CXX359";"448.686";"5.428.915";"6.187";"Sauerstoff";"Karlsruhe (CXX359)";"Rhein";"2019";"06.05.2019";"10,1";"mg/l"
"CXX359";"448.686";"5.428.915";"6.187";"Sauerstoff";"Karlsruhe (CXX359)";"Rhein";"2019";"07.05.2019";"10,3";"mg/l"
"CXX359";"448.686";"5.428.915";"6.187";"Sauerstoff";"Karlsruhe (CXX359)";"Rhein";"2019";"08.05.2019";"10,2";"mg/l"
"CXX359";"448.686";"5.428.915";"6.187";"Sauerstoff";"Karlsruhe (CXX359)";"Rhein";"2019";"09.05.2019";"10,1";"mg/l"
"CXX359";"448.686";"5.428.915";"6.187";"Sauerstoff";"Karlsruhe (CXX359)";"Rhein";"2019";"10.05.2019";"10,4";"mg/l"
"CXX359";"448.686";"5.428.915";"6.187";"Sauerstoff";"Karlsruhe (CXX359)";"Rhein";"2019";"11.05.2019";"10,3";"mg/l"
"CXX359";"448.686";"5.428.915";"6.187";"Sauerstoff";"Karlsruhe (CXX359)";"Rhein";"2019";"12.05.2019";"10,1";"mg/l"
"CXX359";"448.686";"5.428.915";"6.187";"Sauerstoff";"Karlsruhe (CXX359)";"Rhein";"2019";"13.05.2019";"10,3";"mg/l"
"CXX359";"448.686";"5.428.915";"6.187";"Sauerstoff";"Karlsruhe (CXX359)";"Rhein";"2019";"14.05.2019";"10,5";"mg/l"
"CXX359";"448.686";"5.428.915";"6.187";"Sauerstoff";"Karlsruhe (CXX359)";"Rhein";"2019";"15.05.2019";"10,6";"mg/l"
"CXX359";"448.686";"5.428.915";"6.187";"Sauerstoff";"Karlsruhe (CXX359)";"Rhein";"2019";"16.05.2019";"-";"mg/l"
"CXX359";"448.686";"5.428.915";"6.187";"Sauerstoff";"Karlsruhe (CXX359)";"Rhein";"2019";"17.05.2019";"10,4";"mg/l"
"CXX359";"448.686";"5.428.915";"6.187";"Sauerstoff";"Karlsruhe (CXX359)";"Rhein";"2019";"18.05.2019";"10,3";"mg/l"
"CXX359";"448.686";"5.428.915";"6.187";"Sauerstoff";"Karlsruhe (CXX359)";"Rhein";"2019";"19.05.2019";"10,1";"mg/l"
"CXX359";"448.686";"5.428.915";"6.187";"Sauerstoff";"Karlsruhe (CXX359)";"Rhein";"2019";"20.05.2019";"9,9";"mg/l"
"CXX359";"448.686";"5.428.915";"6.187";"Sauerstoff";"Karlsruhe (CXX359)";"Rhein";"2019";"21.05.2019";"10,1";"mg/l"
"CXX359";"448.686";"5.428.915";"6.187";"Sauerstoff";"Karlsruhe (CXX359)";"Rhein";"2019";"22.05.2019";"10";"mg/l"
"CXX359";"448.686";"5.428.915";"6.187";"Sauerstoff";"Karlsruhe (CXX359)";"Rhein";"2019";"23.05.2019";"10,1";"mg/l"
"CXX359";"448.686";"5.428.915";"6.187";"Sauerstoff";"Karlsruhe (CXX359)";"Rhein";"2019";"24.05.2019";"10,3";"mg/l"
"CXX359";"448.686";"5.428.915";"6.187";"Sauerstoff";"Karlsruhe (CXX359)";"Rhein";"2019";"25.05.2019";"10,3";"mg/l"
"CXX359";"448.686";"5.428.915";"6.187";"Sauerstoff";"Karlsruhe (CXX359)";"Rhein";"2019";"26.05.2019";"10,4";"mg/l"
"CXX359";"448.686";"5.428.915";"6.187";"Sauerstoff";"Karlsruhe (CXX359)";"Rhein";"2019";"27.05.2019";"10,2";"mg/l"
"CXX359";"448.686";"5.428.915";"6.187";"Sauerstoff";"Karlsruhe (CXX359)";"Rhein";"2019";"28.05.2019";"10,1";"mg/l"
"CXX359";"448.686";"5.428.915";"6.187";"Sauerstoff";"Karlsruhe (CXX359)";"Rhein";"2019";"29.05.2019";"10,2";"mg/l"
"CXX359";"448.686";"5.428.915";"6.187";"Sauerstoff";"Karlsruhe (CXX359)";"Rhein";"2019";"30.05.2019";"10,4";"mg/l"
"CXX359";"448.686";"5.428.915";"6.187";"Sauerstoff";"Karlsruhe (CXX359)";"Rhein";"2019";"31.05.2019";"10,6";"mg/l"
"CXX359";"448.686";"5.428.915";"6.187";"Sauerstoff";"Karlsruhe (CXX359)";"Rhein";"2019";"01.06.2019";"10,6";"mg/l"
"CXX359";"448.686";"5.428.915";"6.187";"Sauerstoff";"Karlsruhe (CXX359)";"Rhein";"2019";"02.06.2019";"10,4";"mg/l"
"CXX359";"448.686";"5.428.915";"6.187";"Sauerstoff";"Karlsruhe (CXX359)";"Rhein";"2019";"03.06.2019";"9,9";"mg/l"
"CXX359";"448.686";"5.428.915";"6.187";"Sauerstoff";"Karlsruhe (CXX359)";"Rhein";"2019";"04.06.2019";"9,8";"mg/l"
"CXX359";"448.686";"5.428.915";"6.187";"Sauerstoff";"Karlsruhe (CXX359)";"Rhein";"2019";"05.06.2019";"9,7";"mg/l"
"CXX359";"448.686";"5.428.915";"6.187";"Sauerstoff";"Karlsruhe (CXX359)";"Rhein";"2019";"06.06.2019";"9,6";"mg/l"
"CXX359";"448.686";"5.428.915";"6.187";"Sauerstoff";"Karlsruhe (CXX359)";"Rhein";"2019";"07.06.2019";"9,5";"mg/l"
"CXX359";"448.686";"5.428.915";"6.187";"Sauerstoff";"Karlsruhe (CXX359)";"Rhein";"2019";"08.06.2019";"9,6";"mg/l"
"CXX359";"448.686";"5.428.915";"6.187";"Sauerstoff";"Karlsruhe (CXX359)";"Rhein";"2019";"09.06.2019";"9,6";"mg/l"
"CXX359";"448.686";"5.428.915";"6.187";"Sauerstoff";"Karlsruhe (CXX359)";"Rhein";"2019";"10.06.2019";"9,8";"mg/l"
"CXX359";"448.686";"5.428.915";"6.187";"Sauerstoff";"Karlsruhe (CXX359)";"Rhein";"2019";"11.06.2019";"9,8";"mg/l"
"CXX359";"448.686";"5.428.915";"6.187";"Sauerstoff";"Karlsruhe (CXX359)";"Rhein";"2019";"12.06.2019";"9,9";"mg/l"
"CXX359";"448.686";"5.428.915";"6.187";"Sauerstoff";"Karlsruhe (CXX359)";"Rhein";"2019";"13.06.2019";"9,9";"mg/l"
"CXX359";"448.686";"5.428.915";"6.187";"Sauerstoff";"Karlsruhe (CXX359)";"Rhein";"2019";"14.06.2019";"9,9";"mg/l"
"CXX359";"448.686";"5.428.915";"6.187";"Sauerstoff";"Karlsruhe (CXX359)";"Rhein";"2019";"15.06.2019";"10";"mg/l"
"CXX359";"448.686";"5.428.915";"6.187";"Sauerstoff";"Karlsruhe (CXX359)";"Rhein";"2019";"16.06.2019";"10";"mg/l"
"CXX359";"448.686";"5.428.915";"6.187";"Sauerstoff";"Karlsruhe (CXX359)";"Rhein";"2019";"17.06.2019";"9,9";"mg/l"
"CXX359";"448.686";"5.428.915";"6.187";"Sauerstoff";"Karlsruhe (CXX359)";"Rhein";"2019";"18.06.2019";"9,9";"mg/l"
"CXX359";"448.686";"5.428.915";"6.187";"Sauerstoff";"Karlsruhe (CXX359)";"Rhein";"2019";"19.06.2019";"9,9";"mg/l"
"CXX359";"448.686";"5.428.915";"6.187";"Sauerstoff";"Karlsruhe (CXX359)";"Rhein";"2019";"20.06.2019";"9,8";"mg/l"
"CXX359";"448.686";"5.428.915";"6.187";"Sauerstoff";"Karlsruhe (CXX359)";"Rhein";"2019";"21.06.2019";"9,9";"mg/l"
"CXX359";"448.686";"5.428.915";"6.187";"Sauerstoff";"Karlsruhe (CXX359)";"Rhein";"2019";"22.06.2019";"9,7";"mg/l"
"CXX359";"448.686";"5.428.915";"6.187";"Sauerstoff";"Karlsruhe (CXX359)";"Rhein";"2019";"23.06.2019";"9,8";"mg/l"
"CXX359";"448.686";"5.428.915";"6.187";"Sauerstoff";"Karlsruhe (CXX359)";"Rhein";"2019";"24.06.2019";"9,8";"mg/l"
"CXX359";"448.686";"5.428.915";"6.187";"Sauerstoff";"Karlsruhe (CXX359)";"Rhein";"2019";"25.06.2019";"9,8";"mg/l"
"CXX359";"448.686";"5.428.915";"6.187";"Sauerstoff";"Karlsruhe (CXX359)";"Rhein";"2019";"26.06.2019";"9,7";"mg/l"
"CXX359";"448.686";"5.428.915";"6.187";"Sauerstoff";"Karlsruhe (CXX359)";"Rhein";"2019";"27.06.2019";"9,5";"mg/l"
"CXX359";"448.686";"5.428.915";"6.187";"Sauerstoff";"Karlsruhe (CXX359)";"Rhein";"2019";"28.06.2019";"9,4";"mg/l"
"CXX359";"448.686";"5.428.915";"6.187";"Sauerstoff";"Karlsruhe (CXX359)";"Rhein";"2019";"29.06.2019";"9,2";"mg/l"
"CXX359";"448.686";"5.428.915";"6.187";"Sauerstoff";"Karlsruhe (CXX359)";"Rhein";"2019";"30.06.2019";"9";"mg/l"
"CXX359";"448.686";"5.428.915";"6.187";"Sauerstoff";"Karlsruhe (CXX359)";"Rhein";"2019";"01.07.2019";"8,8";"mg/l"
"CXX359";"448.686";"5.428.915";"6.187";"Sauerstoff";"Karlsruhe (CXX359)";"Rhein";"2019";"02.07.2019";"8,9";"mg/l"
"CXX359";"448.686";"5.428.915";"6.187";"Sauerstoff";"Karlsruhe (CXX359)";"Rhein";"2019";"03.07.2019";"8,9";"mg/l"
"CXX359";"448.686";"5.428.915";"6.187";"Sauerstoff";"Karlsruhe (CXX359)";"Rhein";"2019";"04.07.2019";"8,8";"mg/l"
"CXX359";"448.686";"5.428.915";"6.187";"Sauerstoff";"Karlsruhe (CXX359)";"Rhein";"2019";"05.07.2019";"8,7";"mg/l"
"CXX359";"448.686";"5.428.915";"6.187";"Sauerstoff";"Karlsruhe (CXX359)";"Rhein";"2019";"06.07.2019";"8,5";"mg/l"
"CXX359";"448.686";"5.428.915";"6.187";"Sauerstoff";"Karlsruhe (CXX359)";"Rhein";"2019";"07.07.2019";"8,4";"mg/l"
"CXX359";"448.686";"5.428.915";"6.187";"Sauerstoff";"Karlsruhe (CXX359)";"Rhein";"2019";"08.07.2019";"8,6";"mg/l"
"CXX359";"448.686";"5.428.915";"6.187";"Sauerstoff";"Karlsruhe (CXX359)";"Rhein";"2019";"09.07.2019";"8,6";"mg/l"
"CXX359";"448.686";"5.428.915";"6.187";"Sauerstoff";"Karlsruhe (CXX359)";"Rhein";"2019";"10.07.2019";"8,7";"mg/l"
"CXX359";"448.686";"5.428.915";"6.187";"Sauerstoff";"Karlsruhe (CXX359)";"Rhein";"2019";"11.07.2019";"8,7";"mg/l"
"CXX359";"448.686";"5.428.915";"6.187";"Sauerstoff";"Karlsruhe (CXX359)";"Rhein";"2019";"12.07.2019";"8,7";"mg/l"
"CXX359";"448.686";"5.428.915";"6.187";"Sauerstoff";"Karlsruhe (CXX359)";"Rhein";"2019";"13.07.2019";"8,6";"mg/l"
"CXX359";"448.686";"5.428.915";"6.187";"Sauerstoff";"Karlsruhe (CXX359)";"Rhein";"2019";"14.07.2019";"8,7";"mg/l"
"CXX359";"448.686";"5.428.915";"6.187";"Sauerstoff";"Karlsruhe (CXX359)";"Rhein";"2019";"15.07.2019";"8,9";"mg/l"
"CXX359";"448.686";"5.428.915";"6.187";"Sauerstoff";"Karlsruhe (CXX359)";"Rhein";"2019";"16.07.2019";"9,1";"mg/l"
"CXX359";"448.686";"5.428.915";"6.187";"Sauerstoff";"Karlsruhe (CXX359)";"Rhein";"2019";"17.07.2019";"9,1";"mg/l"
"CXX359";"448.686";"5.428.915";"6.187";"Sauerstoff";"Karlsruhe (CXX359)";"Rhein";"2019";"18.07.2019";"8,9";"mg/l"
"CXX359";"448.686";"5.428.915";"6.187";"Sauerstoff";"Karlsruhe (CXX359)";"Rhein";"2019";"19.07.2019";"8,5";"mg/l"
"CXX359";"448.686";"5.428.915";"6.187";"Sauerstoff";"Karlsruhe (CXX359)";"Rhein";"2019";"20.07.2019";"8,4";"mg/l"
"CXX359";"448.686";"5.428.915";"6.187";"Sauerstoff";"Karlsruhe (CXX359)";"Rhein";"2019";"21.07.2019";"8,5";"mg/l"
"CXX359";"448.686";"5.428.915";"6.187";"Sauerstoff";"Karlsruhe (CXX359)";"Rhein";"2019";"22.07.2019";"8,4";"mg/l"
"CXX359";"448.686";"5.428.915";"6.187";"Sauerstoff";"Karlsruhe (CXX359)";"Rhein";"2019";"23.07.2019";"8,2";"mg/l"
"CXX359";"448.686";"5.428.915";"6.187";"Sauerstoff";"Karlsruhe (CXX359)";"Rhein";"2019";"24.07.2019";"8,1";"mg/l"
"CXX359";"448.686";"5.428.915";"6.187";"Sauerstoff";"Karlsruhe (CXX359)";"Rhein";"2019";"25.07.2019";"-";"mg/l"
"CXX359";"448.686";"5.428.915";"6.187";"Sauerstoff";"Karlsruhe (CXX359)";"Rhein";"2019";"26.07.2019";"8,2";"mg/l"
"CXX359";"448.686";"5.428.915";"6.187";"Sauerstoff";"Karlsruhe (CXX359)";"Rhein";"2019";"27.07.2019";"7,9";"mg/l"
"CXX359";"448.686";"5.428.915";"6.187";"Sauerstoff";"Karlsruhe (CXX359)";"Rhein";"2019";"28.07.2019";"7,4";"mg/l"
"CXX359";"448.686";"5.428.915";"6.187";"Sauerstoff";"Karlsruhe (CXX359)";"Rhein";"2019";"29.07.2019";"7,3";"mg/l"
"CXX359";"448.686";"5.428.915";"6.187";"Sauerstoff";"Karlsruhe (CXX359)";"Rhein";"2019";"30.07.2019";"7,4";"mg/l"
"CXX359";"448.686";"5.428.915";"6.187";"Sauerstoff";"Karlsruhe (CXX359)";"Rhein";"2019";"31.07.2019";"7,7";"mg/l"
"CXX359";"448.686";"5.428.915";"6.187";"Sauerstoff";"Karlsruhe (CXX359)";"Rhein";"2019";"01.08.2019";"7,7";"mg/l"
"CXX359";"448.686";"5.428.915";"6.187";"Sauerstoff";"Karlsruhe (CXX359)";"Rhein";"2019";"02.08.2019";"7,5";"mg/l"
"CXX359";"448.686";"5.428.915";"6.187";"Sauerstoff";"Karlsruhe (CXX359)";"Rhein";"2019";"03.08.2019";"7,4";"mg/l"
"CXX359";"448.686";"5.428.915";"6.187";"Sauerstoff";"Karlsruhe (CXX359)";"Rhein";"2019";"04.08.2019";"7,6";"mg/l"
"CXX359";"448.686";"5.428.915";"6.187";"Sauerstoff";"Karlsruhe (CXX359)";"Rhein";"2019";"05.08.2019";"7,8";"mg/l"
"CXX359";"448.686";"5.428.915";"6.187";"Sauerstoff";"Karlsruhe (CXX359)";"Rhein";"2019";"06.08.2019";"7,8";"mg/l"
"CXX359";"448.686";"5.428.915";"6.187";"Sauerstoff";"Karlsruhe (CXX359)";"Rhein";"2019";"07.08.2019";"7,8";"mg/l"
"CXX359";"448.686";"5.428.915";"6.187";"Sauerstoff";"Karlsruhe (CXX359)";"Rhein";"2019";"08.08.2019";"7,6";"mg/l"
"CXX359";"448.686";"5.428.915";"6.187";"Sauerstoff";"Karlsruhe (CXX359)";"Rhein";"2019";"09.08.2019";"7,4";"mg/l"
"CXX359";"448.686";"5.428.915";"6.187";"Sauerstoff";"Karlsruhe (CXX359)";"Rhein";"2019";"10.08.2019";"7,3";"mg/l"
"CXX359";"448.686";"5.428.915";"6.187";"Sauerstoff";"Karlsruhe (CXX359)";"Rhein";"2019";"11.08.2019";"7,5";"mg/l"
"CXX359";"448.686";"5.428.915";"6.187";"Sauerstoff";"Karlsruhe (CXX359)";"Rhein";"2019";"12.08.2019";"7,6";"mg/l"
"CXX359";"448.686";"5.428.915";"6.187";"Sauerstoff";"Karlsruhe (CXX359)";"Rhein";"2019";"13.08.2019";"7,8";"mg/l"
"CXX359";"448.686";"5.428.915";"6.187";"Sauerstoff";"Karlsruhe (CXX359)";"Rhein";"2019";"14.08.2019";"7,7";"mg/l"
"CXX359";"448.686";"5.428.915";"6.187";"Sauerstoff";"Karlsruhe (CXX359)";"Rhein";"2019";"15.08.2019";"7,8";"mg/l"
"CXX359";"448.686";"5.428.915";"6.187";"Sauerstoff";"Karlsruhe (CXX359)";"Rhein";"2019";"16.08.2019";"7,7";"mg/l"
"CXX359";"448.686";"5.428.915";"6.187";"Sauerstoff";"Karlsruhe (CXX359)";"Rhein";"2019";"17.08.2019";"7,5";"mg/l"
"CXX359";"448.686";"5.428.915";"6.187";"Sauerstoff";"Karlsruhe (CXX359)";"Rhein";"2019";"18.08.2019";"7,6";"mg/l"
"CXX359";"448.686";"5.428.915";"6.187";"Sauerstoff";"Karlsruhe (CXX359)";"Rhein";"2019";"19.08.2019";"7,7";"mg/l"
"CXX359";"448.686";"5.428.915";"6.187";"Sauerstoff";"Karlsruhe (CXX359)";"Rhein";"2019";"20.08.2019";"7,8";"mg/l"
"CXX359";"448.686";"5.428.915";"6.187";"Sauerstoff";"Karlsruhe (CXX359)";"Rhein";"2019";"21.08.2019";"8,2";"mg/l"
"CXX359";"448.686";"5.428.915";"6.187";"Sauerstoff";"Karlsruhe (CXX359)";"Rhein";"2019";"22.08.2019";"8,7";"mg/l"
"CXX359";"448.686";"5.428.915";"6.187";"Sauerstoff";"Karlsruhe (CXX359)";"Rhein";"2019";"23.08.2019";"8,8";"mg/l"
"CXX359";"448.686";"5.428.915";"6.187";"Sauerstoff";"Karlsruhe (CXX359)";"Rhein";"2019";"24.08.2019";"8,8";"mg/l"
"CXX359";"448.686";"5.428.915";"6.187";"Sauerstoff";"Karlsruhe (CXX359)";"Rhein";"2019";"25.08.2019";"8,7";"mg/l"
"CXX359";"448.686";"5.428.915";"6.187";"Sauerstoff";"Karlsruhe (CXX359)";"Rhein";"2019";"26.08.2019";"8,7";"mg/l"
"CXX359";"448.686";"5.428.915";"6.187";"Sauerstoff";"Karlsruhe (CXX359)";"Rhein";"2019";"27.08.2019";"8,6";"mg/l"
"CXX359";"448.686";"5.428.915";"6.187";"Sauerstoff";"Karlsruhe (CXX359)";"Rhein";"2019";"28.08.2019";"8,2";"mg/l"
"CXX359";"448.686";"5.428.915";"6.187";"Sauerstoff";"Karlsruhe (CXX359)";"Rhein";"2019";"29.08.2019";"8";"mg/l"
"CXX359";"448.686";"5.428.915";"6.187";"Sauerstoff";"Karlsruhe (CXX359)";"Rhein";"2019";"30.08.2019";"8";"mg/l"
"CXX359";"448.686";"5.428.915";"6.187";"Sauerstoff";"Karlsruhe (CXX359)";"Rhein";"2019";"31.08.2019";"7,9";"mg/l"
"CXX359";"448.686";"5.428.915";"6.187";"Sauerstoff";"Karlsruhe (CXX359)";"Rhein";"2019";"01.09.2019";"7,9";"mg/l"
"CXX359";"448.686";"5.428.915";"6.187";"Sauerstoff";"Karlsruhe (CXX359)";"Rhein";"2019";"02.09.2019";"7,9";"mg/l"
"CXX359";"448.686";"5.428.915";"6.187";"Sauerstoff";"Karlsruhe (CXX359)";"Rhein";"2019";"03.09.2019";"7,8";"mg/l"
"CXX359";"448.686";"5.428.915";"6.187";"Sauerstoff";"Karlsruhe (CXX359)";"Rhein";"2019";"04.09.2019";"7,9";"mg/l"
"CXX359";"448.686";"5.428.915";"6.187";"Sauerstoff";"Karlsruhe (CXX359)";"Rhein";"2019";"05.09.2019";"7,9";"mg/l"
"CXX359";"448.686";"5.428.915";"6.187";"Sauerstoff";"Karlsruhe (CXX359)";"Rhein";"2019";"06.09.2019";"8,1";"mg/l"
"CXX359";"448.686";"5.428.915";"6.187";"Sauerstoff";"Karlsruhe (CXX359)";"Rhein";"2019";"07.09.2019";"8,1";"mg/l"
"CXX359";"448.686";"5.428.915";"6.187";"Sauerstoff";"Karlsruhe (CXX359)";"Rhein";"2019";"08.09.2019";"8";"mg/l"
"CXX359";"448.686";"5.428.915";"6.187";"Sauerstoff";"Karlsruhe (CXX359)";"Rhein";"2019";"09.09.2019";"8";"mg/l"
"CXX359";"448.686";"5.428.915";"6.187";"Sauerstoff";"Karlsruhe (CXX359)";"Rhein";"2019";"10.09.2019";"8,3";"mg/l"
"CXX359";"448.686";"5.428.915";"6.187";"Sauerstoff";"Karlsruhe (CXX359)";"Rhein";"2019";"11.09.2019";"8,3";"mg/l"
"CXX359";"448.686";"5.428.915";"6.187";"Sauerstoff";"Karlsruhe (CXX359)";"Rhein";"2019";"12.09.2019";"8,5";"mg/l"
"CXX359";"448.686";"5.428.915";"6.187";"Sauerstoff";"Karlsruhe (CXX359)";"Rhein";"2019";"13.09.2019";"8,7";"mg/l"
"CXX359";"448.686";"5.428.915";"6.187";"Sauerstoff";"Karlsruhe (CXX359)";"Rhein";"2019";"14.09.2019";"8,7";"mg/l"
"CXX359";"448.686";"5.428.915";"6.187";"Sauerstoff";"Karlsruhe (CXX359)";"Rhein";"2019";"15.09.2019";"8,7";"mg/l"
"CXX359";"448.686";"5.428.915";"6.187";"Sauerstoff";"Karlsruhe (CXX359)";"Rhein";"2019";"16.09.2019";"8,7";"mg/l"
"CXX359";"448.686";"5.428.915";"6.187";"Sauerstoff";"Karlsruhe (CXX359)";"Rhein";"2019";"17.09.2019";"8,4";"mg/l"
"CXX359";"448.686";"5.428.915";"6.187";"Sauerstoff";"Karlsruhe (CXX359)";"Rhein";"2019";"18.09.2019";"8,5";"mg/l"
"CXX359";"448.686";"5.428.915";"6.187";"Sauerstoff";"Karlsruhe (CXX359)";"Rhein";"2019";"19.09.2019";"8,6";"mg/l"
"CXX359";"448.686";"5.428.915";"6.187";"Sauerstoff";"Karlsruhe (CXX359)";"Rhein";"2019";"20.09.2019";"8,8";"mg/l"
"CXX359";"448.686";"5.428.915";"6.187";"Sauerstoff";"Karlsruhe (CXX359)";"Rhein";"2019";"21.09.2019";"8,8";"mg/l"
"CXX359";"448.686";"5.428.915";"6.187";"Sauerstoff";"Karlsruhe (CXX359)";"Rhein";"2019";"22.09.2019";"8,8";"mg/l"
"CXX359";"448.686";"5.428.915";"6.187";"Sauerstoff";"Karlsruhe (CXX359)";"Rhein";"2019";"23.09.2019";"8,7";"mg/l"
"CXX359";"448.686";"5.428.915";"6.187";"Sauerstoff";"Karlsruhe (CXX359)";"Rhein";"2019";"24.09.2019";"8,6";"mg/l"
"CXX359";"448.686";"5.428.915";"6.187";"Sauerstoff";"Karlsruhe (CXX359)";"Rhein";"2019";"25.09.2019";"8,7";"mg/l"
"CXX359";"448.686";"5.428.915";"6.187";"Sauerstoff";"Karlsruhe (CXX359)";"Rhein";"2019";"26.09.2019";"8,6";"mg/l"
"CXX359";"448.686";"5.428.915";"6.187";"Sauerstoff";"Karlsruhe (CXX359)";"Rhein";"2019";"27.09.2019";"8,3";"mg/l"
"CXX359";"448.686";"5.428.915";"6.187";"Sauerstoff";"Karlsruhe (CXX359)";"Rhein";"2019";"28.09.2019";"8,2";"mg/l"
"CXX359";"448.686";"5.428.915";"6.187";"Sauerstoff";"Karlsruhe (CXX359)";"Rhein";"2019";"29.09.2019";"8,4";"mg/l"
"CXX359";"448.686";"5.428.915";"6.187";"Sauerstoff";"Karlsruhe (CXX359)";"Rhein";"2019";"30.09.2019";"8,5";"mg/l"
"CXX359";"448.686";"5.428.915";"6.187";"Sauerstoff";"Karlsruhe (CXX359)";"Rhein";"2019";"01.10.2019";"8,5";"mg/l"
"CXX359";"448.686";"5.428.915";"6.187";"Sauerstoff";"Karlsruhe (CXX359)";"Rhein";"2019";"02.10.2019";"8,5";"mg/l"
"CXX359";"448.686";"5.428.915";"6.187";"Sauerstoff";"Karlsruhe (CXX359)";"Rhein";"2019";"03.10.2019";"8,4";"mg/l"
"CXX359";"448.686";"5.428.915";"6.187";"Sauerstoff";"Karlsruhe (CXX359)";"Rhein";"2019";"04.10.2019";"8,5";"mg/l"
"CXX359";"448.686";"5.428.915";"6.187";"Sauerstoff";"Karlsruhe (CXX359)";"Rhein";"2019";"05.10.2019";"8,5";"mg/l"
"CXX359";"448.686";"5.428.915";"6.187";"Sauerstoff";"Karlsruhe (CXX359)";"Rhein";"2019";"06.10.2019";"8,6";"mg/l"
"CXX359";"448.686";"5.428.915";"6.187";"Sauerstoff";"Karlsruhe (CXX359)";"Rhein";"2019";"07.10.2019";"8,7";"mg/l"
"CXX359";"448.686";"5.428.915";"6.187";"Sauerstoff";"Karlsruhe (CXX359)";"Rhein";"2019";"08.10.2019";"9";"mg/l"
"CXX359";"448.686";"5.428.915";"6.187";"Sauerstoff";"Karlsruhe (CXX359)";"Rhein";"2019";"09.10.2019";"9,2";"mg/l"
"CXX359";"448.686";"5.428.915";"6.187";"Sauerstoff";"Karlsruhe (CXX359)";"Rhein";"2019";"10.10.2019";"9,8";"mg/l"
"CXX359";"448.686";"5.428.915";"6.187";"Sauerstoff";"Karlsruhe (CXX359)";"Rhein";"2019";"11.10.2019";"10,3";"mg/l"
"CXX359";"448.686";"5.428.915";"6.187";"Sauerstoff";"Karlsruhe (CXX359)";"Rhein";"2019";"12.10.2019";"10,2";"mg/l"
"CXX359";"448.686";"5.428.915";"6.187";"Sauerstoff";"Karlsruhe (CXX359)";"Rhein";"2019";"13.10.2019";"9,7";"mg/l"
"CXX359";"448.686";"5.428.915";"6.187";"Sauerstoff";"Karlsruhe (CXX359)";"Rhein";"2019";"14.10.2019";"9,5";"mg/l"
"CXX359";"448.686";"5.428.915";"6.187";"Sauerstoff";"Karlsruhe (CXX359)";"Rhein";"2019";"15.10.2019";"9,4";"mg/l"
"CXX359";"448.686";"5.428.915";"6.187";"Sauerstoff";"Karlsruhe (CXX359)";"Rhein";"2019";"16.10.2019";"9,3";"mg/l"
"CXX359";"448.686";"5.428.915";"6.187";"Sauerstoff";"Karlsruhe (CXX359)";"Rhein";"2019";"17.10.2019";"9,3";"mg/l"
"CXX359";"448.686";"5.428.915";"6.187";"Sauerstoff";"Karlsruhe (CXX359)";"Rhein";"2019";"18.10.2019";"9,3";"mg/l"
"CXX359";"448.686";"5.428.915";"6.187";"Sauerstoff";"Karlsruhe (CXX359)";"Rhein";"2019";"19.10.2019";"9,2";"mg/l"
"CXX359";"448.686";"5.428.915";"6.187";"Sauerstoff";"Karlsruhe (CXX359)";"Rhein";"2019";"20.10.2019";"9,6";"mg/l"
"CXX359";"448.686";"5.428.915";"6.187";"Sauerstoff";"Karlsruhe (CXX359)";"Rhein";"2019";"21.10.2019";"9,7";"mg/l"
"CXX359";"448.686";"5.428.915";"6.187";"Sauerstoff";"Karlsruhe (CXX359)";"Rhein";"2019";"22.10.2019";"9,6";"mg/l"
"CXX359";"448.686";"5.428.915";"6.187";"Sauerstoff";"Karlsruhe (CXX359)";"Rhein";"2019";"23.10.2019";"9,7";"mg/l"
"CXX359";"448.686";"5.428.915";"6.187";"Sauerstoff";"Karlsruhe (CXX359)";"Rhein";"2019";"24.10.2019";"9,8";"mg/l"
"CXX359";"448.686";"5.428.915";"6.187";"Sauerstoff";"Karlsruhe (CXX359)";"Rhein";"2019";"25.10.2019";"9,9";"mg/l"
"CXX359";"448.686";"5.428.915";"6.187";"Sauerstoff";"Karlsruhe (CXX359)";"Rhein";"2019";"26.10.2019";"9,7";"mg/l"
"CXX359";"448.686";"5.428.915";"6.187";"Sauerstoff";"Karlsruhe (CXX359)";"Rhein";"2019";"27.10.2019";"9,7";"mg/l"
"CXX359";"448.686";"5.428.915";"6.187";"Sauerstoff";"Karlsruhe (CXX359)";"Rhein";"2019";"28.10.2019";"9,5";"mg/l"
"CXX359";"448.686";"5.428.915";"6.187";"Sauerstoff";"Karlsruhe (CXX359)";"Rhein";"2019";"29.10.2019";"9,5";"mg/l"
"CXX359";"448.686";"5.428.915";"6.187";"Sauerstoff";"Karlsruhe (CXX359)";"Rhein";"2019";"30.10.2019";"9,7";"mg/l"
"CXX359";"448.686";"5.428.915";"6.187";"Sauerstoff";"Karlsruhe (CXX359)";"Rhein";"2019";"31.10.2019";"9,9";"mg/l"
"CXX359";"448.686";"5.428.915";"6.187";"Sauerstoff";"Karlsruhe (CXX359)";"Rhein";"2019";"01.11.2019";"10";"mg/l"
"CXX359";"448.686";"5.428.915";"6.187";"Sauerstoff";"Karlsruhe (CXX359)";"Rhein";"2019";"02.11.2019";"9,7";"mg/l"
"CXX359";"448.686";"5.428.915";"6.187";"Sauerstoff";"Karlsruhe (CXX359)";"Rhein";"2019";"03.11.2019";"9,6";"mg/l"
"CXX359";"448.686";"5.428.915";"6.187";"Sauerstoff";"Karlsruhe (CXX359)";"Rhein";"2019";"04.11.2019";"9,7";"mg/l"
"CXX359";"448.686";"5.428.915";"6.187";"Sauerstoff";"Karlsruhe (CXX359)";"Rhein";"2019";"05.11.2019";"10,2";"mg/l"
"CXX359";"448.686";"5.428.915";"6.187";"Sauerstoff";"Karlsruhe (CXX359)";"Rhein";"2019";"06.11.2019";"10,4";"mg/l"
"CXX359";"448.686";"5.428.915";"6.187";"Sauerstoff";"Karlsruhe (CXX359)";"Rhein";"2019";"07.11.2019";"10,5";"mg/l"
"CXX359";"448.686";"5.428.915";"6.187";"Sauerstoff";"Karlsruhe (CXX359)";"Rhein";"2019";"08.11.2019";"10,7";"mg/l"
"CXX359";"448.686";"5.428.915";"6.187";"Sauerstoff";"Karlsruhe (CXX359)";"Rhein";"2019";"09.11.2019";"10,8";"mg/l"
"CXX359";"448.686";"5.428.915";"6.187";"Sauerstoff";"Karlsruhe (CXX359)";"Rhein";"2019";"10.11.2019";"10,8";"mg/l"
"CXX359";"448.686";"5.428.915";"6.187";"Sauerstoff";"Karlsruhe (CXX359)";"Rhein";"2019";"11.11.2019";"10,8";"mg/l"
"CXX359";"448.686";"5.428.915";"6.187";"Sauerstoff";"Karlsruhe (CXX359)";"Rhein";"2019";"12.11.2019";"10,7";"mg/l"
"CXX359";"448.686";"5.428.915";"6.187";"Sauerstoff";"Karlsruhe (CXX359)";"Rhein";"2019";"13.11.2019";"10,6";"mg/l"
"CXX359";"448.686";"5.428.915";"6.187";"Sauerstoff";"Karlsruhe (CXX359)";"Rhein";"2019";"14.11.2019";"10,6";"mg/l"
"CXX359";"448.686";"5.428.915";"6.187";"Sauerstoff";"Karlsruhe (CXX359)";"Rhein";"2019";"15.11.2019";"10,5";"mg/l"
"CXX359";"448.686";"5.428.915";"6.187";"Sauerstoff";"Karlsruhe (CXX359)";"Rhein";"2019";"16.11.2019";"10,5";"mg/l"
"CXX359";"448.686";"5.428.915";"6.187";"Sauerstoff";"Karlsruhe (CXX359)";"Rhein";"2019";"17.11.2019";"10,4";"mg/l"
"CXX359";"448.686";"5.428.915";"6.187";"Sauerstoff";"Karlsruhe (CXX359)";"Rhein";"2019";"18.11.2019";"10,4";"mg/l"
"CXX359";"448.686";"5.428.915";"6.187";"Sauerstoff";"Karlsruhe (CXX359)";"Rhein";"2019";"19.11.2019";"10,5";"mg/l"
"CXX359";"448.686";"5.428.915";"6.187";"Sauerstoff";"Karlsruhe (CXX359)";"Rhein";"2019";"20.11.2019";"10,6";"mg/l"
"CXX359";"448.686";"5.428.915";"6.187";"Sauerstoff";"Karlsruhe (CXX359)";"Rhein";"2019";"21.11.2019";"10,6";"mg/l"
"CXX359";"448.686";"5.428.915";"6.187";"Sauerstoff";"Karlsruhe (CXX359)";"Rhein";"2019";"22.11.2019";"10,6";"mg/l"
"CXX359";"448.686";"5.428.915";"6.187";"Sauerstoff";"Karlsruhe (CXX359)";"Rhein";"2019";"23.11.2019";"10,6";"mg/l"
"CXX359";"448.686";"5.428.915";"6.187";"Sauerstoff";"Karlsruhe (CXX359)";"Rhein";"2019";"24.11.2019";"10,6";"mg/l"
"CXX359";"448.686";"5.428.915";"6.187";"Sauerstoff";"Karlsruhe (CXX359)";"Rhein";"2019";"25.11.2019";"10,6";"mg/l"
"CXX359";"448.686";"5.428.915";"6.187";"Sauerstoff";"Karlsruhe (CXX359)";"Rhein";"2019";"26.11.2019";"10,6";"mg/l"
"CXX359";"448.686";"5.428.915";"6.187";"Sauerstoff";"Karlsruhe (CXX359)";"Rhein";"2019";"27.11.2019";"10,6";"mg/l"
"CXX359";"448.686";"5.428.915";"6.187";"Sauerstoff";"Karlsruhe (CXX359)";"Rhein";"2019";"28.11.2019";"10,6";"mg/l"
"CXX359";"448.686";"5.428.915";"6.187";"Sauerstoff";"Karlsruhe (CXX359)";"Rhein";"2019";"29.11.2019";"10,6";"mg/l"
"CXX359";"448.686";"5.428.915";"6.187";"Sauerstoff";"Karlsruhe (CXX359)";"Rhein";"2019";"30.11.2019";"11";"mg/l"
"CXX359";"448.686";"5.428.915";"6.187";"Sauerstoff";"Karlsruhe (CXX359)";"Rhein";"2019";"01.12.2019";"11,5";"mg/l"
"CXX359";"448.686";"5.428.915";"6.187";"Sauerstoff";"Karlsruhe (CXX359)";"Rhein";"2019";"02.12.2019";"11,7";"mg/l"
"CXX359";"448.686";"5.428.915";"6.187";"Sauerstoff";"Karlsruhe (CXX359)";"Rhein";"2019";"03.12.2019";"11,6";"mg/l"
"CXX359";"448.686";"5.428.915";"6.187";"Sauerstoff";"Karlsruhe (CXX359)";"Rhein";"2019";"04.12.2019";"11,4";"mg/l"
"CXX359";"448.686";"5.428.915";"6.187";"Sauerstoff";"Karlsruhe (CXX359)";"Rhein";"2019";"05.12.2019";"11,2";"mg/l"
"CXX359";"448.686";"5.428.915";"6.187";"Sauerstoff";"Karlsruhe (CXX359)";"Rhein";"2019";"06.12.2019";"11,8";"mg/l"
"CXX359";"448.686";"5.428.915";"6.187";"Sauerstoff";"Karlsruhe (CXX359)";"Rhein";"2019";"07.12.2019";"11,6";"mg/l"
"CXX359";"448.686";"5.428.915";"6.187";"Sauerstoff";"Karlsruhe (CXX359)";"Rhein";"2019";"08.12.2019";"11,4";"mg/l"
"CXX359";"448.686";"5.428.915";"6.187";"Sauerstoff";"Karlsruhe (CXX359)";"Rhein";"2019";"09.12.2019";"11,3";"mg/l"
"CXX359";"448.686";"5.428.915";"6.187";"Sauerstoff";"Karlsruhe (CXX359)";"Rhein";"2019";"10.12.2019";"11,2";"mg/l"
"CXX359";"448.686";"5.428.915";"6.187";"Sauerstoff";"Karlsruhe (CXX359)";"Rhein";"2019";"11.12.2019";"11,3";"mg/l"
"CXX359";"448.686";"5.428.915";"6.187";"Sauerstoff";"Karlsruhe (CXX359)";"Rhein";"2019";"12.12.2019";"11,3";"mg/l"
"CXX359";"448.686";"5.428.915";"6.187";"Sauerstoff";"Karlsruhe (CXX359)";"Rhein";"2019";"13.12.2019";"11,3";"mg/l"
"CXX359";"448.686";"5.428.915";"6.187";"Sauerstoff";"Karlsruhe (CXX359)";"Rhein";"2019";"14.12.2019";"11,4";"mg/l"
"CXX359";"448.686";"5.428.915";"6.187";"Sauerstoff";"Karlsruhe (CXX359)";"Rhein";"2019";"15.12.2019";"11,6";"mg/l"
"CXX359";"448.686";"5.428.915";"6.187";"Sauerstoff";"Karlsruhe (CXX359)";"Rhein";"2019";"16.12.2019";"11,6";"mg/l"
"CXX359";"448.686";"5.428.915";"6.187";"Sauerstoff";"Karlsruhe (CXX359)";"Rhein";"2019";"17.12.2019";"11,7";"mg/l"
"CXX359";"448.686";"5.428.915";"6.187";"Sauerstoff";"Karlsruhe (CXX359)";"Rhein";"2019";"18.12.2019";"11,6";"mg/l"
"CXX359";"448.686";"5.428.915";"6.187";"Sauerstoff";"Karlsruhe (CXX359)";"Rhein";"2019";"19.12.2019";"11,4";"mg/l"
"CXX359";"448.686";"5.428.915";"6.187";"Sauerstoff";"Karlsruhe (CXX359)";"Rhein";"2019";"20.12.2019";"11,2";"mg/l"
"CXX359";"448.686";"5.428.915";"6.187";"Sauerstoff";"Karlsruhe (CXX359)";"Rhein";"2019";"21.12.2019";"11,3";"mg/l"
"CXX359";"448.686";"5.428.915";"6.187";"Sauerstoff";"Karlsruhe (CXX359)";"Rhein";"2019";"22.12.2019";"11,3";"mg/l"
"CXX359";"448.686";"5.428.915";"6.187";"Sauerstoff";"Karlsruhe (CXX359)";"Rhein";"2019";"23.12.2019";"11,5";"mg/l"
"CXX359";"448.686";"5.428.915";"6.187";"Sauerstoff";"Karlsruhe (CXX359)";"Rhein";"2019";"24.12.2019";"11,9";"mg/l"
"CXX359";"448.686";"5.428.915";"6.187";"Sauerstoff";"Karlsruhe (CXX359)";"Rhein";"2019";"25.12.2019";"12,2";"mg/l"
"CXX359";"448.686";"5.428.915";"6.187";"Sauerstoff";"Karlsruhe (CXX359)";"Rhein";"2019";"26.12.2019";"12,4";"mg/l"
"CXX359";"448.686";"5.428.915";"6.187";"Sauerstoff";"Karlsruhe (CXX359)";"Rhein";"2019";"27.12.2019";"12,5";"mg/l"
"CXX359";"448.686";"5.428.915";"6.187";"Sauerstoff";"Karlsruhe (CXX359)";"Rhein";"2019";"28.12.2019";"12,6";"mg/l"
"CXX359";"448.686";"5.428.915";"6.187";"Sauerstoff";"Karlsruhe (CXX359)";"Rhein";"2019";"29.12.2019";"12,6";"mg/l"
"CXX359";"448.686";"5.428.915";"6.187";"Sauerstoff";"Karlsruhe (CXX359)";"Rhein";"2019";"30.12.2019";"12,6";"mg/l"
"CXX359";"448.686";"5.428.915";"6.187";"Sauerstoff";"Karlsruhe (CXX359)";"Rhein";"2019";"31.12.2019";"12,3";"mg/l"
"CXX359";"448.686";"5.428.915";"6.187";"Sauerstoff";"Karlsruhe (CXX359)";"Rhein";"2020";"01.01.2020";"12,2";"mg/l"
"CXX359";"448.686";"5.428.915";"6.187";"Sauerstoff";"Karlsruhe (CXX359)";"Rhein";"2020";"02.01.2020";"12,1";"mg/l"
"CXX359";"448.686";"5.428.915";"6.187";"Sauerstoff";"Karlsruhe (CXX359)";"Rhein";"2020";"03.01.2020";"11,9";"mg/l"
"CXX359";"448.686";"5.428.915";"6.187";"Sauerstoff";"Karlsruhe (CXX359)";"Rhein";"2020";"04.01.2020";"11,9";"mg/l"
"CXX359";"448.686";"5.428.915";"6.187";"Sauerstoff";"Karlsruhe (CXX359)";"Rhein";"2020";"05.01.2020";"11,8";"mg/l"
"CXX359";"448.686";"5.428.915";"6.187";"Sauerstoff";"Karlsruhe (CXX359)";"Rhein";"2020";"06.01.2020";"11,7";"mg/l"
"CXX359";"448.686";"5.428.915";"6.187";"Sauerstoff";"Karlsruhe (CXX359)";"Rhein";"2020";"07.01.2020";"11,6";"mg/l"
"CXX359";"448.686";"5.428.915";"6.187";"Sauerstoff";"Karlsruhe (CXX359)";"Rhein";"2020";"08.01.2020";"11,8";"mg/l"
"CXX359";"448.686";"5.428.915";"6.187";"Sauerstoff";"Karlsruhe (CXX359)";"Rhein";"2020";"09.01.2020";"11,6";"mg/l"
"CXX359";"448.686";"5.428.915";"6.187";"Sauerstoff";"Karlsruhe (CXX359)";"Rhein";"2020";"10.01.2020";"11,5";"mg/l"
"CXX359";"448.686";"5.428.915";"6.187";"Sauerstoff";"Karlsruhe (CXX359)";"Rhein";"2020";"11.01.2020";"11,4";"mg/l"
"CXX359";"448.686";"5.428.915";"6.187";"Sauerstoff";"Karlsruhe (CXX359)";"Rhein";"2020";"12.01.2020";"11,4";"mg/l"
"CXX359";"448.686";"5.428.915";"6.187";"Sauerstoff";"Karlsruhe (CXX359)";"Rhein";"2020";"13.01.2020";"11,3";"mg/l"
"CXX359";"448.686";"5.428.915";"6.187";"Sauerstoff";"Karlsruhe (CXX359)";"Rhein";"2020";"14.01.2020";"11,1";"mg/l"
"CXX359";"448.686";"5.428.915";"6.187";"Sauerstoff";"Karlsruhe (CXX359)";"Rhein";"2020";"15.01.2020";"11";"mg/l"
"CXX359";"448.686";"5.428.915";"6.187";"Sauerstoff";"Karlsruhe (CXX359)";"Rhein";"2020";"16.01.2020";"11";"mg/l"
"CXX359";"448.686";"5.428.915";"6.187";"Sauerstoff";"Karlsruhe (CXX359)";"Rhein";"2020";"17.01.2020";"11,1";"mg/l"
"CXX359";"448.686";"5.428.915";"6.187";"Sauerstoff";"Karlsruhe (CXX359)";"Rhein";"2020";"18.01.2020";"11,1";"mg/l"
"CXX359";"448.686";"5.428.915";"6.187";"Sauerstoff";"Karlsruhe (CXX359)";"Rhein";"2020";"19.01.2020";"11,1";"mg/l"
"CXX359";"448.686";"5.428.915";"6.187";"Sauerstoff";"Karlsruhe (CXX359)";"Rhein";"2020";"20.01.2020";"11,3";"mg/l"
"CXX359";"448.686";"5.428.915";"6.187";"Sauerstoff";"Karlsruhe (CXX359)";"Rhein";"2020";"21.01.2020";"11,5";"mg/l"
"CXX359";"448.686";"5.428.915";"6.187";"Sauerstoff";"Karlsruhe (CXX359)";"Rhein";"2020";"22.01.2020";"11,6";"mg/l"
"CXX359";"448.686";"5.428.915";"6.187";"Sauerstoff";"Karlsruhe (CXX359)";"Rhein";"2020";"23.01.2020";"11,6";"mg/l"
"CXX359";"448.686";"5.428.915";"6.187";"Sauerstoff";"Karlsruhe (CXX359)";"Rhein";"2020";"24.01.2020";"11,7";"mg/l"
"CXX359";"448.686";"5.428.915";"6.187";"Sauerstoff";"Karlsruhe (CXX359)";"Rhein";"2020";"25.01.2020";"11,7";"mg/l"
"CXX359";"448.686";"5.428.915";"6.187";"Sauerstoff";"Karlsruhe (CXX359)";"Rhein";"2020";"26.01.2020";"11,7";"mg/l"
"CXX359";"448.686";"5.428.915";"6.187";"Sauerstoff";"Karlsruhe (CXX359)";"Rhein";"2020";"27.01.2020";"11,8";"mg/l"
"CXX359";"448.686";"5.428.915";"6.187";"Sauerstoff";"Karlsruhe (CXX359)";"Rhein";"2020";"28.01.2020";"11,7";"mg/l"
"CXX359";"448.686";"5.428.915";"6.187";"Sauerstoff";"Karlsruhe (CXX359)";"Rhein";"2020";"29.01.2020";"11,7";"mg/l"
"CXX359";"448.686";"5.428.915";"6.187";"Sauerstoff";"Karlsruhe (CXX359)";"Rhein";"2020";"30.01.2020";"11,8";"mg/l"
"CXX359";"448.686";"5.428.915";"6.187";"Sauerstoff";"Karlsruhe (CXX359)";"Rhein";"2020";"31.01.2020";"11,8";"mg/l"
"CXX359";"448.686";"5.428.915";"6.187";"Sauerstoff";"Karlsruhe (CXX359)";"Rhein";"2020";"01.02.2020";"11,8";"mg/l"
"CXX359";"448.686";"5.428.915";"6.187";"Sauerstoff";"Karlsruhe (CXX359)";"Rhein";"2020";"02.02.2020";"11,7";"mg/l"
"CXX359";"448.686";"5.428.915";"6.187";"Sauerstoff";"Karlsruhe (CXX359)";"Rhein";"2020";"03.02.2020";"12,1";"mg/l"
"CXX359";"448.686";"5.428.915";"6.187";"Sauerstoff";"Karlsruhe (CXX359)";"Rhein";"2020";"04.02.2020";"12,1";"mg/l"
"CXX359";"448.686";"5.428.915";"6.187";"Sauerstoff";"Karlsruhe (CXX359)";"Rhein";"2020";"05.02.2020";"12,2";"mg/l"
"CXX359";"448.686";"5.428.915";"6.187";"Sauerstoff";"Karlsruhe (CXX359)";"Rhein";"2020";"06.02.2020";"12,9";"mg/l"
"CXX359";"448.686";"5.428.915";"6.187";"Sauerstoff";"Karlsruhe (CXX359)";"Rhein";"2020";"07.02.2020";"13,2";"mg/l"
"CXX359";"448.686";"5.428.915";"6.187";"Sauerstoff";"Karlsruhe (CXX359)";"Rhein";"2020";"08.02.2020";"13,1";"mg/l"
"CXX359";"448.686";"5.428.915";"6.187";"Sauerstoff";"Karlsruhe (CXX359)";"Rhein";"2020";"09.02.2020";"12,8";"mg/l"
"CXX359";"448.686";"5.428.915";"6.187";"Sauerstoff";"Karlsruhe (CXX359)";"Rhein";"2020";"10.02.2020";"12,3";"mg/l"
"CXX359";"448.686";"5.428.915";"6.187";"Sauerstoff";"Karlsruhe (CXX359)";"Rhein";"2020";"11.02.2020";"12,3";"mg/l"
"CXX359";"448.686";"5.428.915";"6.187";"Sauerstoff";"Karlsruhe (CXX359)";"Rhein";"2020";"12.02.2020";"12,6";"mg/l"
"CXX359";"448.686";"5.428.915";"6.187";"Sauerstoff";"Karlsruhe (CXX359)";"Rhein";"2020";"13.02.2020";"-";"mg/l"
"CXX359";"448.686";"5.428.915";"6.187";"Sauerstoff";"Karlsruhe (CXX359)";"Rhein";"2020";"14.02.2020";"13,1";"mg/l"
"CXX359";"448.686";"5.428.915";"6.187";"Sauerstoff";"Karlsruhe (CXX359)";"Rhein";"2020";"15.02.2020";"13,3";"mg/l"
"CXX359";"448.686";"5.428.915";"6.187";"Sauerstoff";"Karlsruhe (CXX359)";"Rhein";"2020";"16.02.2020";"13,4";"mg/l"
"CXX359";"448.686";"5.428.915";"6.187";"Sauerstoff";"Karlsruhe (CXX359)";"Rhein";"2020";"17.02.2020";"13";"mg/l"
"CXX359";"448.686";"5.428.915";"6.187";"Sauerstoff";"Karlsruhe (CXX359)";"Rhein";"2020";"18.02.2020";"12,8";"mg/l"
"CXX359";"448.686";"5.428.915";"6.187";"Sauerstoff";"Karlsruhe (CXX359)";"Rhein";"2020";"19.02.2020";"12,9";"mg/l"
"CXX359";"448.686";"5.428.915";"6.187";"Sauerstoff";"Karlsruhe (CXX359)";"Rhein";"2020";"20.02.2020";"12,9";"mg/l"
"CXX359";"448.686";"5.428.915";"6.187";"Sauerstoff";"Karlsruhe (CXX359)";"Rhein";"2020";"21.02.2020";"12,8";"mg/l"
"CXX359";"448.686";"5.428.915";"6.187";"Sauerstoff";"Karlsruhe (CXX359)";"Rhein";"2020";"22.02.2020";"12,7";"mg/l"
"CXX359";"448.686";"5.428.915";"6.187";"Sauerstoff";"Karlsruhe (CXX359)";"Rhein";"2020";"23.02.2020";"12,4";"mg/l"
"CXX359";"448.686";"5.428.915";"6.187";"Sauerstoff";"Karlsruhe (CXX359)";"Rhein";"2020";"24.02.2020";"12,1";"mg/l"
"CXX359";"448.686";"5.428.915";"6.187";"Sauerstoff";"Karlsruhe (CXX359)";"Rhein";"2020";"25.02.2020";"11,9";"mg/l"
"CXX359";"448.686";"5.428.915";"6.187";"Sauerstoff";"Karlsruhe (CXX359)";"Rhein";"2020";"26.02.2020";"11,8";"mg/l"
"CXX359";"448.686";"5.428.915";"6.187";"Sauerstoff";"Karlsruhe (CXX359)";"Rhein";"2020";"27.02.2020";"11,7";"mg/l"
"CXX359";"448.686";"5.428.915";"6.187";"Sauerstoff";"Karlsruhe (CXX359)";"Rhein";"2020";"28.02.2020";"11,8";"mg/l"
"CXX359";"448.686";"5.428.915";"6.187";"Sauerstoff";"Karlsruhe (CXX359)";"Rhein";"2020";"29.02.2020";"11,9";"mg/l"
"CXX359";"448.686";"5.428.915";"6.187";"Sauerstoff";"Karlsruhe (CXX359)";"Rhein";"2020";"01.03.2020";"11,9";"mg/l"
"CXX359";"448.686";"5.428.915";"6.187";"Sauerstoff";"Karlsruhe (CXX359)";"Rhein";"2020";"02.03.2020";"12,4";"mg/l"
"CXX359";"448.686";"5.428.915";"6.187";"Sauerstoff";"Karlsruhe (CXX359)";"Rhein";"2020";"03.03.2020";"12,9";"mg/l"
"CXX359";"448.686";"5.428.915";"6.187";"Sauerstoff";"Karlsruhe (CXX359)";"Rhein";"2020";"04.03.2020";"13";"mg/l"
"CXX359";"448.686";"5.428.915";"6.187";"Sauerstoff";"Karlsruhe (CXX359)";"Rhein";"2020";"05.03.2020";"12,8";"mg/l"
"CXX359";"448.686";"5.428.915";"6.187";"Sauerstoff";"Karlsruhe (CXX359)";"Rhein";"2020";"06.03.2020";"12,7";"mg/l"
"CXX359";"448.686";"5.428.915";"6.187";"Sauerstoff";"Karlsruhe (CXX359)";"Rhein";"2020";"07.03.2020";"12,9";"mg/l"
"CXX359";"448.686";"5.428.915";"6.187";"Sauerstoff";"Karlsruhe (CXX359)";"Rhein";"2020";"08.03.2020";"13,1";"mg/l"
"CXX359";"448.686";"5.428.915";"6.187";"Sauerstoff";"Karlsruhe (CXX359)";"Rhein";"2020";"09.03.2020";"13,1";"mg/l"
"CXX359";"448.686";"5.428.915";"6.187";"Sauerstoff";"Karlsruhe (CXX359)";"Rhein";"2020";"10.03.2020";"12,9";"mg/l"
"CXX359";"448.686";"5.428.915";"6.187";"Sauerstoff";"Karlsruhe (CXX359)";"Rhein";"2020";"11.03.2020";"13";"mg/l"
"CXX359";"448.686";"5.428.915";"6.187";"Sauerstoff";"Karlsruhe (CXX359)";"Rhein";"2020";"12.03.2020";"12,8";"mg/l"
"CXX359";"448.686";"5.428.915";"6.187";"Sauerstoff";"Karlsruhe (CXX359)";"Rhein";"2020";"13.03.2020";"12,6";"mg/l"
"CXX359";"448.686";"5.428.915";"6.187";"Sauerstoff";"Karlsruhe (CXX359)";"Rhein";"2020";"14.03.2020";"12,6";"mg/l"
"CXX359";"448.686";"5.428.915";"6.187";"Sauerstoff";"Karlsruhe (CXX359)";"Rhein";"2020";"15.03.2020";"12,7";"mg/l"
"CXX359";"448.686";"5.428.915";"6.187";"Sauerstoff";"Karlsruhe (CXX359)";"Rhein";"2020";"16.03.2020";"12,4";"mg/l"
"CXX359";"448.686";"5.428.915";"6.187";"Sauerstoff";"Karlsruhe (CXX359)";"Rhein";"2020";"17.03.2020";"12,1";"mg/l"
"CXX359";"448.686";"5.428.915";"6.187";"Sauerstoff";"Karlsruhe (CXX359)";"Rhein";"2020";"18.03.2020";"12";"mg/l"
"CXX359";"448.686";"5.428.915";"6.187";"Sauerstoff";"Karlsruhe (CXX359)";"Rhein";"2020";"19.03.2020";"11,8";"mg/l"
"CXX359";"448.686";"5.428.915";"6.187";"Sauerstoff";"Karlsruhe (CXX359)";"Rhein";"2020";"20.03.2020";"11,7";"mg/l"
"CXX359";"448.686";"5.428.915";"6.187";"Sauerstoff";"Karlsruhe (CXX359)";"Rhein";"2020";"21.03.2020";"11,4";"mg/l"
"CXX359";"448.686";"5.428.915";"6.187";"Sauerstoff";"Karlsruhe (CXX359)";"Rhein";"2020";"22.03.2020";"11,4";"mg/l"
"CXX359";"448.686";"5.428.915";"6.187";"Sauerstoff";"Karlsruhe (CXX359)";"Rhein";"2020";"23.03.2020";"11,4";"mg/l"
"CXX359";"448.686";"5.428.915";"6.187";"Sauerstoff";"Karlsruhe (CXX359)";"Rhein";"2020";"24.03.2020";"11,5";"mg/l"
"CXX359";"448.686";"5.428.915";"6.187";"Sauerstoff";"Karlsruhe (CXX359)";"Rhein";"2020";"25.03.2020";"11,5";"mg/l"
"CXX359";"448.686";"5.428.915";"6.187";"Sauerstoff";"Karlsruhe (CXX359)";"Rhein";"2020";"26.03.2020";"11,6";"mg/l"
"CXX359";"448.686";"5.428.915";"6.187";"Sauerstoff";"Karlsruhe (CXX359)";"Rhein";"2020";"27.03.2020";"11,8";"mg/l"
"CXX359";"448.686";"5.428.915";"6.187";"Sauerstoff";"Karlsruhe (CXX359)";"Rhein";"2020";"28.03.2020";"12";"mg/l"
"CXX359";"448.686";"5.428.915";"6.187";"Sauerstoff";"Karlsruhe (CXX359)";"Rhein";"2020";"29.03.2020";"11,8";"mg/l"
"CXX359";"448.686";"5.428.915";"6.187";"Sauerstoff";"Karlsruhe (CXX359)";"Rhein";"2020";"30.03.2020";"11,9";"mg/l"
"CXX359";"448.686";"5.428.915";"6.187";"Sauerstoff";"Karlsruhe (CXX359)";"Rhein";"2020";"31.03.2020";"12,2";"mg/l"
"CXX359";"448.686";"5.428.915";"6.187";"Sauerstoff";"Karlsruhe (CXX359)";"Rhein";"2020";"01.04.2020";"12,3";"mg/l"
"CXX359";"448.686";"5.428.915";"6.187";"Sauerstoff";"Karlsruhe (CXX359)";"Rhein";"2020";"02.04.2020";"12,5";"mg/l"
"CXX359";"448.686";"5.428.915";"6.187";"Sauerstoff";"Karlsruhe (CXX359)";"Rhein";"2020";"03.04.2020";"12,4";"mg/l"
"CXX359";"448.686";"5.428.915";"6.187";"Sauerstoff";"Karlsruhe (CXX359)";"Rhein";"2020";"04.04.2020";"12,8";"mg/l"
"CXX359";"448.686";"5.428.915";"6.187";"Sauerstoff";"Karlsruhe (CXX359)";"Rhein";"2020";"05.04.2020";"13";"mg/l"
"CXX359";"448.686";"5.428.915";"6.187";"Sauerstoff";"Karlsruhe (CXX359)";"Rhein";"2020";"06.04.2020";"13,2";"mg/l"
"CXX359";"448.686";"5.428.915";"6.187";"Sauerstoff";"Karlsruhe (CXX359)";"Rhein";"2020";"07.04.2020";"13,4";"mg/l"
"CXX359";"448.686";"5.428.915";"6.187";"Sauerstoff";"Karlsruhe (CXX359)";"Rhein";"2020";"08.04.2020";"13,3";"mg/l"
"CXX359";"448.686";"5.428.915";"6.187";"Sauerstoff";"Karlsruhe (CXX359)";"Rhein";"2020";"09.04.2020";"13,3";"mg/l"
"CXX359";"448.686";"5.428.915";"6.187";"Sauerstoff";"Karlsruhe (CXX359)";"Rhein";"2020";"10.04.2020";"13,2";"mg/l"
"CXX359";"448.686";"5.428.915";"6.187";"Sauerstoff";"Karlsruhe (CXX359)";"Rhein";"2020";"11.04.2020";"13,1";"mg/l"
"CXX359";"448.686";"5.428.915";"6.187";"Sauerstoff";"Karlsruhe (CXX359)";"Rhein";"2020";"12.04.2020";"12,8";"mg/l"
"CXX359";"448.686";"5.428.915";"6.187";"Sauerstoff";"Karlsruhe (CXX359)";"Rhein";"2020";"13.04.2020";"12,3";"mg/l"
"CXX359";"448.686";"5.428.915";"6.187";"Sauerstoff";"Karlsruhe (CXX359)";"Rhein";"2020";"14.04.2020";"12,1";"mg/l"
"CXX359";"448.686";"5.428.915";"6.187";"Sauerstoff";"Karlsruhe (CXX359)";"Rhein";"2020";"15.04.2020";"12";"mg/l"
"CXX359";"448.686";"5.428.915";"6.187";"Sauerstoff";"Karlsruhe (CXX359)";"Rhein";"2020";"16.04.2020";"11,8";"mg/l"
"CXX359";"448.686";"5.428.915";"6.187";"Sauerstoff";"Karlsruhe (CXX359)";"Rhein";"2020";"17.04.2020";"11,8";"mg/l"
"CXX359";"448.686";"5.428.915";"6.187";"Sauerstoff";"Karlsruhe (CXX359)";"Rhein";"2020";"18.04.2020";"11,5";"mg/l"
"CXX359";"448.686";"5.428.915";"6.187";"Sauerstoff";"Karlsruhe (CXX359)";"Rhein";"2020";"19.04.2020";"11,3";"mg/l"
"CXX359";"448.686";"5.428.915";"6.187";"Sauerstoff";"Karlsruhe (CXX359)";"Rhein";"2020";"20.04.2020";"10,7";"mg/l"
"CXX359";"448.686";"5.428.915";"6.187";"Sauerstoff";"Karlsruhe (CXX359)";"Rhein";"2020";"21.04.2020";"10,5";"mg/l"
"CXX359";"448.686";"5.428.915";"6.187";"Sauerstoff";"Karlsruhe (CXX359)";"Rhein";"2020";"22.04.2020";"10,5";"mg/l"
"CXX359";"448.686";"5.428.915";"6.187";"Sauerstoff";"Karlsruhe (CXX359)";"Rhein";"2020";"23.04.2020";"10,4";"mg/l"
"CXX359";"448.686";"5.428.915";"6.187";"Sauerstoff";"Karlsruhe (CXX359)";"Rhein";"2020";"24.04.2020";"10,3";"mg/l"
"CXX359";"448.686";"5.428.915";"6.187";"Sauerstoff";"Karlsruhe (CXX359)";"Rhein";"2020";"25.04.2020";"10,2";"mg/l"
"CXX359";"448.686";"5.428.915";"6.187";"Sauerstoff";"Karlsruhe (CXX359)";"Rhein";"2020";"26.04.2020";"10,1";"mg/l"
"CXX359";"448.686";"5.428.915";"6.187";"Sauerstoff";"Karlsruhe (CXX359)";"Rhein";"2020";"27.04.2020";"9,9";"mg/l"
"CXX359";"448.686";"5.428.915";"6.187";"Sauerstoff";"Karlsruhe (CXX359)";"Rhein";"2020";"28.04.2020";"9,6";"mg/l"
"CXX359";"448.686";"5.428.915";"6.187";"Sauerstoff";"Karlsruhe (CXX359)";"Rhein";"2020";"29.04.2020";"9,3";"mg/l"
"CXX359";"448.686";"5.428.915";"6.187";"Sauerstoff";"Karlsruhe (CXX359)";"Rhein";"2020";"30.04.2020";"9,2";"mg/l"
"CXX359";"448.686";"5.428.915";"6.187";"Sauerstoff";"Karlsruhe (CXX359)";"Rhein";"2020";"01.05.2020";"9";"mg/l"
"CXX359";"448.686";"5.428.915";"6.187";"Sauerstoff";"Karlsruhe (CXX359)";"Rhein";"2020";"02.05.2020";"9";"mg/l"
"CXX359";"448.686";"5.428.915";"6.187";"Sauerstoff";"Karlsruhe (CXX359)";"Rhein";"2020";"03.05.2020";"9,2";"mg/l"
"CXX359";"448.686";"5.428.915";"6.187";"Sauerstoff";"Karlsruhe (CXX359)";"Rhein";"2020";"04.05.2020";"9,3";"mg/l"
"CXX359";"448.686";"5.428.915";"6.187";"Sauerstoff";"Karlsruhe (CXX359)";"Rhein";"2020";"05.05.2020";"9,5";"mg/l"
"CXX359";"448.686";"5.428.915";"6.187";"Sauerstoff";"Karlsruhe (CXX359)";"Rhein";"2020";"06.05.2020";"9,6";"mg/l"
"CXX359";"448.686";"5.428.915";"6.187";"Sauerstoff";"Karlsruhe (CXX359)";"Rhein";"2020";"07.05.2020";"9,6";"mg/l"
"CXX359";"448.686";"5.428.915";"6.187";"Sauerstoff";"Karlsruhe (CXX359)";"Rhein";"2020";"08.05.2020";"9,4";"mg/l"
"CXX359";"448.686";"5.428.915";"6.187";"Sauerstoff";"Karlsruhe (CXX359)";"Rhein";"2020";"09.05.2020";"9,1";"mg/l"
"CXX359";"448.686";"5.428.915";"6.187";"Sauerstoff";"Karlsruhe (CXX359)";"Rhein";"2020";"10.05.2020";"9";"mg/l"
"CXX359";"448.686";"5.428.915";"6.187";"Sauerstoff";"Karlsruhe (CXX359)";"Rhein";"2020";"11.05.2020";"-";"mg/l"
"CXX359";"448.686";"5.428.915";"6.187";"Sauerstoff";"Karlsruhe (CXX359)";"Rhein";"2020";"12.05.2020";"8,9";"mg/l"
"CXX359";"448.686";"5.428.915";"6.187";"Sauerstoff";"Karlsruhe (CXX359)";"Rhein";"2020";"13.05.2020";"8,8";"mg/l"
"CXX359";"448.686";"5.428.915";"6.187";"Sauerstoff";"Karlsruhe (CXX359)";"Rhein";"2020";"14.05.2020";"8,7";"mg/l"
"CXX359";"448.686";"5.428.915";"6.187";"Sauerstoff";"Karlsruhe (CXX359)";"Rhein";"2020";"15.05.2020";"9";"mg/l"
"CXX359";"448.686";"5.428.915";"6.187";"Sauerstoff";"Karlsruhe (CXX359)";"Rhein";"2020";"16.05.2020";"9,3";"mg/l"
"CXX359";"448.686";"5.428.915";"6.187";"Sauerstoff";"Karlsruhe (CXX359)";"Rhein";"2020";"17.05.2020";"9,5";"mg/l"
"CXX359";"448.686";"5.428.915";"6.187";"Sauerstoff";"Karlsruhe (CXX359)";"Rhein";"2020";"18.05.2020";"9,6";"mg/l"
"CXX359";"448.686";"5.428.915";"6.187";"Sauerstoff";"Karlsruhe (CXX359)";"Rhein";"2020";"19.05.2020";"9,5";"mg/l"
"CXX359";"448.686";"5.428.915";"6.187";"Sauerstoff";"Karlsruhe (CXX359)";"Rhein";"2020";"20.05.2020";"9,5";"mg/l"
"CXX359";"448.686";"5.428.915";"6.187";"Sauerstoff";"Karlsruhe (CXX359)";"Rhein";"2020";"21.05.2020";"9,4";"mg/l"
"CXX359";"448.686";"5.428.915";"6.187";"Sauerstoff";"Karlsruhe (CXX359)";"Rhein";"2020";"22.05.2020";"9,2";"mg/l"
"CXX359";"448.686";"5.428.915";"6.187";"Sauerstoff";"Karlsruhe (CXX359)";"Rhein";"2020";"23.05.2020";"8,8";"mg/l"
"CXX359";"448.686";"5.428.915";"6.187";"Sauerstoff";"Karlsruhe (CXX359)";"Rhein";"2020";"24.05.2020";"9";"mg/l"
"CXX359";"448.686";"5.428.915";"6.187";"Sauerstoff";"Karlsruhe (CXX359)";"Rhein";"2020";"25.05.2020";"9,1";"mg/l"
"CXX359";"448.686";"5.428.915";"6.187";"Sauerstoff";"Karlsruhe (CXX359)";"Rhein";"2020";"26.05.2020";"8,9";"mg/l"
"CXX359";"448.686";"5.428.915";"6.187";"Sauerstoff";"Karlsruhe (CXX359)";"Rhein";"2020";"27.05.2020";"9";"mg/l"
"CXX359";"448.686";"5.428.915";"6.187";"Sauerstoff";"Karlsruhe (CXX359)";"Rhein";"2020";"28.05.2020";"9,2";"mg/l"
"CXX359";"448.686";"5.428.915";"6.187";"Sauerstoff";"Karlsruhe (CXX359)";"Rhein";"2020";"29.05.2020";"9,2";"mg/l"
"CXX359";"448.686";"5.428.915";"6.187";"Sauerstoff";"Karlsruhe (CXX359)";"Rhein";"2020";"30.05.2020";"9,1";"mg/l"
"CXX359";"448.686";"5.428.915";"6.187";"Sauerstoff";"Karlsruhe (CXX359)";"Rhein";"2020";"31.05.2020";"9,3";"mg/l"
"CXX359";"448.686";"5.428.915";"6.187";"Sauerstoff";"Karlsruhe (CXX359)";"Rhein";"2020";"01.06.2020";"9,5";"mg/l"
"CXX359";"448.686";"5.428.915";"6.187";"Sauerstoff";"Karlsruhe (CXX359)";"Rhein";"2020";"02.06.2020";"9,4";"mg/l"
"CXX359";"448.686";"5.428.915";"6.187";"Sauerstoff";"Karlsruhe (CXX359)";"Rhein";"2020";"03.06.2020";"9,3";"mg/l"
"CXX359";"448.686";"5.428.915";"6.187";"Sauerstoff";"Karlsruhe (CXX359)";"Rhein";"2020";"04.06.2020";"8,6";"mg/l"
"CXX359";"448.686";"5.428.915";"6.187";"Sauerstoff";"Karlsruhe (CXX359)";"Rhein";"2020";"05.06.2020";"8,3";"mg/l"
"CXX359";"448.686";"5.428.915";"6.187";"Sauerstoff";"Karlsruhe (CXX359)";"Rhein";"2020";"06.06.2020";"8,4";"mg/l"
"CXX359";"448.686";"5.428.915";"6.187";"Sauerstoff";"Karlsruhe (CXX359)";"Rhein";"2020";"07.06.2020";"8,5";"mg/l"
"CXX359";"448.686";"5.428.915";"6.187";"Sauerstoff";"Karlsruhe (CXX359)";"Rhein";"2020";"08.06.2020";"8,5";"mg/l"
"CXX359";"448.686";"5.428.915";"6.187";"Sauerstoff";"Karlsruhe (CXX359)";"Rhein";"2020";"09.06.2020";"8,5";"mg/l"
"CXX359";"448.686";"5.428.915";"6.187";"Sauerstoff";"Karlsruhe (CXX359)";"Rhein";"2020";"10.06.2020";"8,3";"mg/l"
"CXX359";"448.686";"5.428.915";"6.187";"Sauerstoff";"Karlsruhe (CXX359)";"Rhein";"2020";"11.06.2020";"8,7";"mg/l"
"CXX359";"448.686";"5.428.915";"6.187";"Sauerstoff";"Karlsruhe (CXX359)";"Rhein";"2020";"12.06.2020";"9,2";"mg/l"
"CXX359";"448.686";"5.428.915";"6.187";"Sauerstoff";"Karlsruhe (CXX359)";"Rhein";"2020";"13.06.2020";"9,3";"mg/l"
"CXX359";"448.686";"5.428.915";"6.187";"Sauerstoff";"Karlsruhe (CXX359)";"Rhein";"2020";"14.06.2020";"8,8";"mg/l"
"CXX359";"448.686";"5.428.915";"6.187";"Sauerstoff";"Karlsruhe (CXX359)";"Rhein";"2020";"15.06.2020";"8,4";"mg/l"
"CXX359";"448.686";"5.428.915";"6.187";"Sauerstoff";"Karlsruhe (CXX359)";"Rhein";"2020";"16.06.2020";"8,5";"mg/l"
"CXX359";"448.686";"5.428.915";"6.187";"Sauerstoff";"Karlsruhe (CXX359)";"Rhein";"2020";"17.06.2020";"8,4";"mg/l"
"CXX359";"448.686";"5.428.915";"6.187";"Sauerstoff";"Karlsruhe (CXX359)";"Rhein";"2020";"18.06.2020";"8,5";"mg/l"
"CXX359";"448.686";"5.428.915";"6.187";"Sauerstoff";"Karlsruhe (CXX359)";"Rhein";"2020";"19.06.2020";"8,9";"mg/l"
"CXX359";"448.686";"5.428.915";"6.187";"Sauerstoff";"Karlsruhe (CXX359)";"Rhein";"2020";"20.06.2020";"9,2";"mg/l"
"CXX359";"448.686";"5.428.915";"6.187";"Sauerstoff";"Karlsruhe (CXX359)";"Rhein";"2020";"21.06.2020";"9,3";"mg/l"
"CXX359";"448.686";"5.428.915";"6.187";"Sauerstoff";"Karlsruhe (CXX359)";"Rhein";"2020";"22.06.2020";"9,3";"mg/l"
"CXX359";"448.686";"5.428.915";"6.187";"Sauerstoff";"Karlsruhe (CXX359)";"Rhein";"2020";"23.06.2020";"9,1";"mg/l"
"CXX359";"448.686";"5.428.915";"6.187";"Sauerstoff";"Karlsruhe (CXX359)";"Rhein";"2020";"24.06.2020";"9";"mg/l"
"CXX359";"448.686";"5.428.915";"6.187";"Sauerstoff";"Karlsruhe (CXX359)";"Rhein";"2020";"25.06.2020";"8,9";"mg/l"
"CXX359";"448.686";"5.428.915";"6.187";"Sauerstoff";"Karlsruhe (CXX359)";"Rhein";"2020";"26.06.2020";"8,8";"mg/l"
"CXX359";"448.686";"5.428.915";"6.187";"Sauerstoff";"Karlsruhe (CXX359)";"Rhein";"2020";"27.06.2020";"8,6";"mg/l"
"CXX359";"448.686";"5.428.915";"6.187";"Sauerstoff";"Karlsruhe (CXX359)";"Rhein";"2020";"28.06.2020";"8,4";"mg/l"
"CXX359";"448.686";"5.428.915";"6.187";"Sauerstoff";"Karlsruhe (CXX359)";"Rhein";"2020";"29.06.2020";"8,3";"mg/l"
"CXX359";"448.686";"5.428.915";"6.187";"Sauerstoff";"Karlsruhe (CXX359)";"Rhein";"2020";"30.06.2020";"8,4";"mg/l"
"CXX359";"448.686";"5.428.915";"6.187";"Sauerstoff";"Karlsruhe (CXX359)";"Rhein";"2020";"01.07.2020";"8,4";"mg/l"
"CXX359";"448.686";"5.428.915";"6.187";"Sauerstoff";"Karlsruhe (CXX359)";"Rhein";"2020";"02.07.2020";"8,2";"mg/l"
"CXX359";"448.686";"5.428.915";"6.187";"Sauerstoff";"Karlsruhe (CXX359)";"Rhein";"2020";"03.07.2020";"8";"mg/l"
"CXX359";"448.686";"5.428.915";"6.187";"Sauerstoff";"Karlsruhe (CXX359)";"Rhein";"2020";"04.07.2020";"8,4";"mg/l"
"CXX359";"448.686";"5.428.915";"6.187";"Sauerstoff";"Karlsruhe (CXX359)";"Rhein";"2020";"05.07.2020";"8,7";"mg/l"
"CXX359";"448.686";"5.428.915";"6.187";"Sauerstoff";"Karlsruhe (CXX359)";"Rhein";"2020";"06.07.2020";"8,4";"mg/l"
"CXX359";"448.686";"5.428.915";"6.187";"Sauerstoff";"Karlsruhe (CXX359)";"Rhein";"2020";"07.07.2020";"8,3";"mg/l"
"CXX359";"448.686";"5.428.915";"6.187";"Sauerstoff";"Karlsruhe (CXX359)";"Rhein";"2020";"08.07.2020";"8,3";"mg/l"
"CXX359";"448.686";"5.428.915";"6.187";"Sauerstoff";"Karlsruhe (CXX359)";"Rhein";"2020";"09.07.2020";"8,3";"mg/l"
"CXX359";"448.686";"5.428.915";"6.187";"Sauerstoff";"Karlsruhe (CXX359)";"Rhein";"2020";"10.07.2020";"8,3";"mg/l"
"CXX359";"448.686";"5.428.915";"6.187";"Sauerstoff";"Karlsruhe (CXX359)";"Rhein";"2020";"11.07.2020";"8,4";"mg/l"
"CXX359";"448.686";"5.428.915";"6.187";"Sauerstoff";"Karlsruhe (CXX359)";"Rhein";"2020";"12.07.2020";"8,5";"mg/l"
"CXX359";"448.686";"5.428.915";"6.187";"Sauerstoff";"Karlsruhe (CXX359)";"Rhein";"2020";"13.07.2020";"8,7";"mg/l"
"CXX359";"448.686";"5.428.915";"6.187";"Sauerstoff";"Karlsruhe (CXX359)";"Rhein";"2020";"14.07.2020";"8,7";"mg/l"
"CXX359";"448.686";"5.428.915";"6.187";"Sauerstoff";"Karlsruhe (CXX359)";"Rhein";"2020";"15.07.2020";"8,3";"mg/l"
"CXX359";"448.686";"5.428.915";"6.187";"Sauerstoff";"Karlsruhe (CXX359)";"Rhein";"2020";"16.07.2020";"7,9";"mg/l"
"CXX359";"448.686";"5.428.915";"6.187";"Sauerstoff";"Karlsruhe (CXX359)";"Rhein";"2020";"17.07.2020";"7,9";"mg/l"
"CXX359";"448.686";"5.428.915";"6.187";"Sauerstoff";"Karlsruhe (CXX359)";"Rhein";"2020";"18.07.2020";"8,1";"mg/l"
"CXX359";"448.686";"5.428.915";"6.187";"Sauerstoff";"Karlsruhe (CXX359)";"Rhein";"2020";"19.07.2020";"8,4";"mg/l"
"CXX359";"448.686";"5.428.915";"6.187";"Sauerstoff";"Karlsruhe (CXX359)";"Rhein";"2020";"20.07.2020";"8,5";"mg/l"
"CXX359";"448.686";"5.428.915";"6.187";"Sauerstoff";"Karlsruhe (CXX359)";"Rhein";"2020";"21.07.2020";"8,7";"mg/l"
"CXX359";"448.686";"5.428.915";"6.187";"Sauerstoff";"Karlsruhe (CXX359)";"Rhein";"2020";"22.07.2020";"8,6";"mg/l"
"CXX359";"448.686";"5.428.915";"6.187";"Sauerstoff";"Karlsruhe (CXX359)";"Rhein";"2020";"23.07.2020";"8,6";"mg/l"
"CXX359";"448.686";"5.428.915";"6.187";"Sauerstoff";"Karlsruhe (CXX359)";"Rhein";"2020";"24.07.2020";"8,4";"mg/l"
"CXX359";"448.686";"5.428.915";"6.187";"Sauerstoff";"Karlsruhe (CXX359)";"Rhein";"2020";"25.07.2020";"8,4";"mg/l"
"CXX359";"448.686";"5.428.915";"6.187";"Sauerstoff";"Karlsruhe (CXX359)";"Rhein";"2020";"26.07.2020";"8,4";"mg/l"
"CXX359";"448.686";"5.428.915";"6.187";"Sauerstoff";"Karlsruhe (CXX359)";"Rhein";"2020";"27.07.2020";"8,4";"mg/l"
"CXX359";"448.686";"5.428.915";"6.187";"Sauerstoff";"Karlsruhe (CXX359)";"Rhein";"2020";"28.07.2020";"8,2";"mg/l"
"CXX359";"448.686";"5.428.915";"6.187";"Sauerstoff";"Karlsruhe (CXX359)";"Rhein";"2020";"29.07.2020";"8,4";"mg/l"
"CXX359";"448.686";"5.428.915";"6.187";"Sauerstoff";"Karlsruhe (CXX359)";"Rhein";"2020";"30.07.2020";"8,6";"mg/l"
"CXX359";"448.686";"5.428.915";"6.187";"Sauerstoff";"Karlsruhe (CXX359)";"Rhein";"2020";"31.07.2020";"8,6";"mg/l"
"CXX359";"448.686";"5.428.915";"6.187";"Sauerstoff";"Karlsruhe (CXX359)";"Rhein";"2020";"01.08.2020";"8,5";"mg/l"
"CXX359";"448.686";"5.428.915";"6.187";"Sauerstoff";"Karlsruhe (CXX359)";"Rhein";"2020";"02.08.2020";"8,1";"mg/l"
"CXX359";"448.686";"5.428.915";"6.187";"Sauerstoff";"Karlsruhe (CXX359)";"Rhein";"2020";"03.08.2020";"7,8";"mg/l"
"CXX359";"448.686";"5.428.915";"6.187";"Sauerstoff";"Karlsruhe (CXX359)";"Rhein";"2020";"04.08.2020";"7,5";"mg/l"
"CXX359";"448.686";"5.428.915";"6.187";"Sauerstoff";"Karlsruhe (CXX359)";"Rhein";"2020";"05.08.2020";"7,6";"mg/l"
"CXX359";"448.686";"5.428.915";"6.187";"Sauerstoff";"Karlsruhe (CXX359)";"Rhein";"2020";"06.08.2020";"7,9";"mg/l"
"CXX359";"448.686";"5.428.915";"6.187";"Sauerstoff";"Karlsruhe (CXX359)";"Rhein";"2020";"07.08.2020";"7,8";"mg/l"
"CXX359";"448.686";"5.428.915";"6.187";"Sauerstoff";"Karlsruhe (CXX359)";"Rhein";"2020";"08.08.2020";"7,6";"mg/l"
"CXX359";"448.686";"5.428.915";"6.187";"Sauerstoff";"Karlsruhe (CXX359)";"Rhein";"2020";"09.08.2020";"7,5";"mg/l"
"CXX359";"448.686";"5.428.915";"6.187";"Sauerstoff";"Karlsruhe (CXX359)";"Rhein";"2020";"10.08.2020";"7,5";"mg/l"
"CXX359";"448.686";"5.428.915";"6.187";"Sauerstoff";"Karlsruhe (CXX359)";"Rhein";"2020";"11.08.2020";"7,6";"mg/l"
"CXX359";"448.686";"5.428.915";"6.187";"Sauerstoff";"Karlsruhe (CXX359)";"Rhein";"2020";"12.08.2020";"7,6";"mg/l"
"CXX359";"448.686";"5.428.915";"6.187";"Sauerstoff";"Karlsruhe (CXX359)";"Rhein";"2020";"13.08.2020";"7,2";"mg/l"
"CXX359";"448.686";"5.428.915";"6.187";"Sauerstoff";"Karlsruhe (CXX359)";"Rhein";"2020";"14.08.2020";"7,2";"mg/l"
"CXX359";"448.686";"5.428.915";"6.187";"Sauerstoff";"Karlsruhe (CXX359)";"Rhein";"2020";"15.08.2020";"7,5";"mg/l"
"CXX359";"448.686";"5.428.915";"6.187";"Sauerstoff";"Karlsruhe (CXX359)";"Rhein";"2020";"16.08.2020";"7,6";"mg/l"
"CXX359";"448.686";"5.428.915";"6.187";"Sauerstoff";"Karlsruhe (CXX359)";"Rhein";"2020";"17.08.2020";"7,5";"mg/l"
"CXX359";"448.686";"5.428.915";"6.187";"Sauerstoff";"Karlsruhe (CXX359)";"Rhein";"2020";"18.08.2020";"7,5";"mg/l"
"CXX359";"448.686";"5.428.915";"6.187";"Sauerstoff";"Karlsruhe (CXX359)";"Rhein";"2020";"19.08.2020";"7,7";"mg/l"
"CXX359";"448.686";"5.428.915";"6.187";"Sauerstoff";"Karlsruhe (CXX359)";"Rhein";"2020";"20.08.2020";"7,7";"mg/l"
"CXX359";"448.686";"5.428.915";"6.187";"Sauerstoff";"Karlsruhe (CXX359)";"Rhein";"2020";"21.08.2020";"7,7";"mg/l"
"CXX359";"448.686";"5.428.915";"6.187";"Sauerstoff";"Karlsruhe (CXX359)";"Rhein";"2020";"22.08.2020";"7,6";"mg/l"
"CXX359";"448.686";"5.428.915";"6.187";"Sauerstoff";"Karlsruhe (CXX359)";"Rhein";"2020";"23.08.2020";"7,6";"mg/l"
"CXX359";"448.686";"5.428.915";"6.187";"Sauerstoff";"Karlsruhe (CXX359)";"Rhein";"2020";"24.08.2020";"7,8";"mg/l"
"CXX359";"448.686";"5.428.915";"6.187";"Sauerstoff";"Karlsruhe (CXX359)";"Rhein";"2020";"25.08.2020";"7,8";"mg/l"
"CXX359";"448.686";"5.428.915";"6.187";"Sauerstoff";"Karlsruhe (CXX359)";"Rhein";"2020";"26.08.2020";"8";"mg/l"
"CXX359";"448.686";"5.428.915";"6.187";"Sauerstoff";"Karlsruhe (CXX359)";"Rhein";"2020";"27.08.2020";"8,1";"mg/l"
"CXX359";"448.686";"5.428.915";"6.187";"Sauerstoff";"Karlsruhe (CXX359)";"Rhein";"2020";"28.08.2020";"7,8";"mg/l"
"CXX359";"448.686";"5.428.915";"6.187";"Sauerstoff";"Karlsruhe (CXX359)";"Rhein";"2020";"29.08.2020";"7,9";"mg/l"
"CXX359";"448.686";"5.428.915";"6.187";"Sauerstoff";"Karlsruhe (CXX359)";"Rhein";"2020";"30.08.2020";"7,6";"mg/l"
"CXX359";"448.686";"5.428.915";"6.187";"Sauerstoff";"Karlsruhe (CXX359)";"Rhein";"2020";"31.08.2020";"8,1";"mg/l"
"CXX359";"448.686";"5.428.915";"6.187";"Sauerstoff";"Karlsruhe (CXX359)";"Rhein";"2020";"01.09.2020";"8,7";"mg/l"
"CXX359";"448.686";"5.428.915";"6.187";"Sauerstoff";"Karlsruhe (CXX359)";"Rhein";"2020";"02.09.2020";"9,1";"mg/l"
"CXX359";"448.686";"5.428.915";"6.187";"Sauerstoff";"Karlsruhe (CXX359)";"Rhein";"2020";"03.09.2020";"9";"mg/l"
"CXX359";"448.686";"5.428.915";"6.187";"Sauerstoff";"Karlsruhe (CXX359)";"Rhein";"2020";"04.09.2020";"8,8";"mg/l"
"CXX359";"448.686";"5.428.915";"6.187";"Sauerstoff";"Karlsruhe (CXX359)";"Rhein";"2020";"05.09.2020";"8,5";"mg/l"
"CXX359";"448.686";"5.428.915";"6.187";"Sauerstoff";"Karlsruhe (CXX359)";"Rhein";"2020";"06.09.2020";"8,4";"mg/l"
"CXX359";"448.686";"5.428.915";"6.187";"Sauerstoff";"Karlsruhe (CXX359)";"Rhein";"2020";"07.09.2020";"8,3";"mg/l"
"CXX359";"448.686";"5.428.915";"6.187";"Sauerstoff";"Karlsruhe (CXX359)";"Rhein";"2020";"08.09.2020";"8,3";"mg/l"
"CXX359";"448.686";"5.428.915";"6.187";"Sauerstoff";"Karlsruhe (CXX359)";"Rhein";"2020";"09.09.2020";"8,3";"mg/l"
"CXX359";"448.686";"5.428.915";"6.187";"Sauerstoff";"Karlsruhe (CXX359)";"Rhein";"2020";"10.09.2020";"8,3";"mg/l"
"CXX359";"448.686";"5.428.915";"6.187";"Sauerstoff";"Karlsruhe (CXX359)";"Rhein";"2020";"11.09.2020";"8,4";"mg/l"
"CXX359";"448.686";"5.428.915";"6.187";"Sauerstoff";"Karlsruhe (CXX359)";"Rhein";"2020";"12.09.2020";"8,4";"mg/l"
"CXX359";"448.686";"5.428.915";"6.187";"Sauerstoff";"Karlsruhe (CXX359)";"Rhein";"2020";"13.09.2020";"8,4";"mg/l"
"CXX359";"448.686";"5.428.915";"6.187";"Sauerstoff";"Karlsruhe (CXX359)";"Rhein";"2020";"14.09.2020";"8,4";"mg/l"
"CXX359";"448.686";"5.428.915";"6.187";"Sauerstoff";"Karlsruhe (CXX359)";"Rhein";"2020";"15.09.2020";"8,4";"mg/l"
"CXX359";"448.686";"5.428.915";"6.187";"Sauerstoff";"Karlsruhe (CXX359)";"Rhein";"2020";"16.09.2020";"8,4";"mg/l"
"CXX359";"448.686";"5.428.915";"6.187";"Sauerstoff";"Karlsruhe (CXX359)";"Rhein";"2020";"17.09.2020";"8,3";"mg/l"
"CXX359";"448.686";"5.428.915";"6.187";"Sauerstoff";"Karlsruhe (CXX359)";"Rhein";"2020";"18.09.2020";"8,4";"mg/l"
"CXX359";"448.686";"5.428.915";"6.187";"Sauerstoff";"Karlsruhe (CXX359)";"Rhein";"2020";"19.09.2020";"8,4";"mg/l"
"CXX359";"448.686";"5.428.915";"6.187";"Sauerstoff";"Karlsruhe (CXX359)";"Rhein";"2020";"20.09.2020";"8,3";"mg/l"
"CXX359";"448.686";"5.428.915";"6.187";"Sauerstoff";"Karlsruhe (CXX359)";"Rhein";"2020";"21.09.2020";"8,3";"mg/l"
"CXX359";"448.686";"5.428.915";"6.187";"Sauerstoff";"Karlsruhe (CXX359)";"Rhein";"2020";"22.09.2020";"8,3";"mg/l"
"CXX359";"448.686";"5.428.915";"6.187";"Sauerstoff";"Karlsruhe (CXX359)";"Rhein";"2020";"23.09.2020";"8,2";"mg/l"
"CXX359";"448.686";"5.428.915";"6.187";"Sauerstoff";"Karlsruhe (CXX359)";"Rhein";"2020";"24.09.2020";"8,2";"mg/l"
"CXX359";"448.686";"5.428.915";"6.187";"Sauerstoff";"Karlsruhe (CXX359)";"Rhein";"2020";"25.09.2020";"8,1";"mg/l"
"CXX359";"448.686";"5.428.915";"6.187";"Sauerstoff";"Karlsruhe (CXX359)";"Rhein";"2020";"26.09.2020";"8";"mg/l"
"CXX359";"448.686";"5.428.915";"6.187";"Sauerstoff";"Karlsruhe (CXX359)";"Rhein";"2020";"27.09.2020";"8,2";"mg/l"
"CXX359";"448.686";"5.428.915";"6.187";"Sauerstoff";"Karlsruhe (CXX359)";"Rhein";"2020";"28.09.2020";"8,4";"mg/l"
"CXX359";"448.686";"5.428.915";"6.187";"Sauerstoff";"Karlsruhe (CXX359)";"Rhein";"2020";"29.09.2020";"8,4";"mg/l"
"CXX359";"448.686";"5.428.915";"6.187";"Sauerstoff";"Karlsruhe (CXX359)";"Rhein";"2020";"30.09.2020";"8,5";"mg/l"
"CXX359";"448.686";"5.428.915";"6.187";"Sauerstoff";"Karlsruhe (CXX359)";"Rhein";"2020";"01.10.2020";"8,6";"mg/l"
"CXX359";"448.686";"5.428.915";"6.187";"Sauerstoff";"Karlsruhe (CXX359)";"Rhein";"2020";"02.10.2020";"8,7";"mg/l"
"CXX359";"448.686";"5.428.915";"6.187";"Sauerstoff";"Karlsruhe (CXX359)";"Rhein";"2020";"03.10.2020";"8,8";"mg/l"
"CXX359";"448.686";"5.428.915";"6.187";"Sauerstoff";"Karlsruhe (CXX359)";"Rhein";"2020";"04.10.2020";"9,1";"mg/l"
"CXX359";"448.686";"5.428.915";"6.187";"Sauerstoff";"Karlsruhe (CXX359)";"Rhein";"2020";"05.10.2020";"9,5";"mg/l"
"CXX359";"448.686";"5.428.915";"6.187";"Sauerstoff";"Karlsruhe (CXX359)";"Rhein";"2020";"06.10.2020";"10,1";"mg/l"
"CXX359";"448.686";"5.428.915";"6.187";"Sauerstoff";"Karlsruhe (CXX359)";"Rhein";"2020";"07.10.2020";"10,3";"mg/l"
"CXX359";"448.686";"5.428.915";"6.187";"Sauerstoff";"Karlsruhe (CXX359)";"Rhein";"2020";"08.10.2020";"10,6";"mg/l"
"CXX359";"448.686";"5.428.915";"6.187";"Sauerstoff";"Karlsruhe (CXX359)";"Rhein";"2020";"09.10.2020";"10,7";"mg/l"
"CXX359";"448.686";"5.428.915";"6.187";"Sauerstoff";"Karlsruhe (CXX359)";"Rhein";"2020";"10.10.2020";"10,6";"mg/l"
"CXX359";"448.686";"5.428.915";"6.187";"Sauerstoff";"Karlsruhe (CXX359)";"Rhein";"2020";"11.10.2020";"10,6";"mg/l"
"CXX359";"448.686";"5.428.915";"6.187";"Sauerstoff";"Karlsruhe (CXX359)";"Rhein";"2020";"12.10.2020";"10,6";"mg/l"
"CXX359";"448.686";"5.428.915";"6.187";"Sauerstoff";"Karlsruhe (CXX359)";"Rhein";"2020";"13.10.2020";"10,5";"mg/l"
"CXX359";"448.686";"5.428.915";"6.187";"Sauerstoff";"Karlsruhe (CXX359)";"Rhein";"2020";"14.10.2020";"10,3";"mg/l"
"CXX359";"448.686";"5.428.915";"6.187";"Sauerstoff";"Karlsruhe (CXX359)";"Rhein";"2020";"15.10.2020";"10,3";"mg/l"
"CXX359";"448.686";"5.428.915";"6.187";"Sauerstoff";"Karlsruhe (CXX359)";"Rhein";"2020";"16.10.2020";"10,4";"mg/l"
"CXX359";"448.686";"5.428.915";"6.187";"Sauerstoff";"Karlsruhe (CXX359)";"Rhein";"2020";"17.10.2020";"10,5";"mg/l"
"CXX359";"448.686";"5.428.915";"6.187";"Sauerstoff";"Karlsruhe (CXX359)";"Rhein";"2020";"18.10.2020";"10,5";"mg/l"
"CXX359";"448.686";"5.428.915";"6.187";"Sauerstoff";"Karlsruhe (CXX359)";"Rhein";"2020";"19.10.2020";"10,5";"mg/l"
"CXX359";"448.686";"5.428.915";"6.187";"Sauerstoff";"Karlsruhe (CXX359)";"Rhein";"2020";"20.10.2020";"10,4";"mg/l"
"CXX359";"448.686";"5.428.915";"6.187";"Sauerstoff";"Karlsruhe (CXX359)";"Rhein";"2020";"21.10.2020";"10,3";"mg/l"
"CXX359";"448.686";"5.428.915";"6.187";"Sauerstoff";"Karlsruhe (CXX359)";"Rhein";"2020";"22.10.2020";"10,2";"mg/l"
"CXX359";"448.686";"5.428.915";"6.187";"Sauerstoff";"Karlsruhe (CXX359)";"Rhein";"2020";"23.10.2020";"10,1";"mg/l"
"CXX359";"448.686";"5.428.915";"6.187";"Sauerstoff";"Karlsruhe (CXX359)";"Rhein";"2020";"24.10.2020";"10,2";"mg/l"
"CXX359";"448.686";"5.428.915";"6.187";"Sauerstoff";"Karlsruhe (CXX359)";"Rhein";"2020";"25.10.2020";"10,6";"mg/l"
"CXX359";"448.686";"5.428.915";"6.187";"Sauerstoff";"Karlsruhe (CXX359)";"Rhein";"2020";"26.10.2020";"10,4";"mg/l"
"CXX359";"448.686";"5.428.915";"6.187";"Sauerstoff";"Karlsruhe (CXX359)";"Rhein";"2020";"27.10.2020";"10,6";"mg/l"
"CXX359";"448.686";"5.428.915";"6.187";"Sauerstoff";"Karlsruhe (CXX359)";"Rhein";"2020";"28.10.2020";"10,8";"mg/l"
"CXX359";"448.686";"5.428.915";"6.187";"Sauerstoff";"Karlsruhe (CXX359)";"Rhein";"2020";"29.10.2020";"11";"mg/l"
"CXX359";"448.686";"5.428.915";"6.187";"Sauerstoff";"Karlsruhe (CXX359)";"Rhein";"2020";"30.10.2020";"11";"mg/l"
"CXX359";"448.686";"5.428.915";"6.187";"Sauerstoff";"Karlsruhe (CXX359)";"Rhein";"2020";"31.10.2020";"10,8";"mg/l"
"CXX359";"448.686";"5.428.915";"6.187";"Sauerstoff";"Karlsruhe (CXX359)";"Rhein";"2020";"01.11.2020";"10,6";"mg/l"
"CXX359";"448.686";"5.428.915";"6.187";"Sauerstoff";"Karlsruhe (CXX359)";"Rhein";"2020";"02.11.2020";"10,5";"mg/l"
"CXX359";"448.686";"5.428.915";"6.187";"Sauerstoff";"Karlsruhe (CXX359)";"Rhein";"2020";"03.11.2020";"10,4";"mg/l"
"CXX359";"448.686";"5.428.915";"6.187";"Sauerstoff";"Karlsruhe (CXX359)";"Rhein";"2020";"04.11.2020";"10,4";"mg/l"
"CXX359";"448.686";"5.428.915";"6.187";"Sauerstoff";"Karlsruhe (CXX359)";"Rhein";"2020";"05.11.2020";"10,5";"mg/l"
"CXX359";"448.686";"5.428.915";"6.187";"Sauerstoff";"Karlsruhe (CXX359)";"Rhein";"2020";"06.11.2020";"10,4";"mg/l"
"CXX359";"448.686";"5.428.915";"6.187";"Sauerstoff";"Karlsruhe (CXX359)";"Rhein";"2020";"07.11.2020";"10,4";"mg/l"
"CXX359";"448.686";"5.428.915";"6.187";"Sauerstoff";"Karlsruhe (CXX359)";"Rhein";"2020";"08.11.2020";"10,2";"mg/l"
"CXX359";"448.686";"5.428.915";"6.187";"Sauerstoff";"Karlsruhe (CXX359)";"Rhein";"2020";"09.11.2020";"10,1";"mg/l"
"CXX359";"448.686";"5.428.915";"6.187";"Sauerstoff";"Karlsruhe (CXX359)";"Rhein";"2020";"10.11.2020";"10,3";"mg/l"
"CXX359";"448.686";"5.428.915";"6.187";"Sauerstoff";"Karlsruhe (CXX359)";"Rhein";"2020";"11.11.2020";"10,3";"mg/l"
"CXX359";"448.686";"5.428.915";"6.187";"Sauerstoff";"Karlsruhe (CXX359)";"Rhein";"2020";"12.11.2020";"10";"mg/l"
"CXX359";"448.686";"5.428.915";"6.187";"Sauerstoff";"Karlsruhe (CXX359)";"Rhein";"2020";"13.11.2020";"10,1";"mg/l"
"CXX359";"448.686";"5.428.915";"6.187";"Sauerstoff";"Karlsruhe (CXX359)";"Rhein";"2020";"14.11.2020";"10,1";"mg/l"
"CXX359";"448.686";"5.428.915";"6.187";"Sauerstoff";"Karlsruhe (CXX359)";"Rhein";"2020";"15.11.2020";"10";"mg/l"
"CXX359";"448.686";"5.428.915";"6.187";"Sauerstoff";"Karlsruhe (CXX359)";"Rhein";"2020";"16.11.2020";"10";"mg/l"
"CXX359";"448.686";"5.428.915";"6.187";"Sauerstoff";"Karlsruhe (CXX359)";"Rhein";"2020";"17.11.2020";"10";"mg/l"
"CXX359";"448.686";"5.428.915";"6.187";"Sauerstoff";"Karlsruhe (CXX359)";"Rhein";"2020";"18.11.2020";"10,1";"mg/l"
"CXX359";"448.686";"5.428.915";"6.187";"Sauerstoff";"Karlsruhe (CXX359)";"Rhein";"2020";"19.11.2020";"10,1";"mg/l"
"CXX359";"448.686";"5.428.915";"6.187";"Sauerstoff";"Karlsruhe (CXX359)";"Rhein";"2020";"20.11.2020";"10,2";"mg/l"
"CXX359";"448.686";"5.428.915";"6.187";"Sauerstoff";"Karlsruhe (CXX359)";"Rhein";"2020";"21.11.2020";"10,4";"mg/l"
"CXX359";"448.686";"5.428.915";"6.187";"Sauerstoff";"Karlsruhe (CXX359)";"Rhein";"2020";"22.11.2020";"10,4";"mg/l"
"CXX359";"448.686";"5.428.915";"6.187";"Sauerstoff";"Karlsruhe (CXX359)";"Rhein";"2020";"23.11.2020";"10,4";"mg/l"
"CXX359";"448.686";"5.428.915";"6.187";"Sauerstoff";"Karlsruhe (CXX359)";"Rhein";"2020";"24.11.2020";"10,4";"mg/l"
"CXX359";"448.686";"5.428.915";"6.187";"Sauerstoff";"Karlsruhe (CXX359)";"Rhein";"2020";"25.11.2020";"10,3";"mg/l"
"CXX359";"448.686";"5.428.915";"6.187";"Sauerstoff";"Karlsruhe (CXX359)";"Rhein";"2020";"26.11.2020";"10,4";"mg/l"
"CXX359";"448.686";"5.428.915";"6.187";"Sauerstoff";"Karlsruhe (CXX359)";"Rhein";"2020";"27.11.2020";"10,5";"mg/l"
"CXX359";"448.686";"5.428.915";"6.187";"Sauerstoff";"Karlsruhe (CXX359)";"Rhein";"2020";"28.11.2020";"10,6";"mg/l"
"CXX359";"448.686";"5.428.915";"6.187";"Sauerstoff";"Karlsruhe (CXX359)";"Rhein";"2020";"29.11.2020";"10,7";"mg/l"
"CXX359";"448.686";"5.428.915";"6.187";"Sauerstoff";"Karlsruhe (CXX359)";"Rhein";"2020";"30.11.2020";"10,7";"mg/l"
"CXX359";"448.686";"5.428.915";"6.187";"Sauerstoff";"Karlsruhe (CXX359)";"Rhein";"2020";"01.12.2020";"10,7";"mg/l"
"CXX359";"448.686";"5.428.915";"6.187";"Sauerstoff";"Karlsruhe (CXX359)";"Rhein";"2020";"02.12.2020";"10,6";"mg/l"
"CXX359";"448.686";"5.428.915";"6.187";"Sauerstoff";"Karlsruhe (CXX359)";"Rhein";"2020";"03.12.2020";"10,7";"mg/l"
"CXX359";"448.686";"5.428.915";"6.187";"Sauerstoff";"Karlsruhe (CXX359)";"Rhein";"2020";"04.12.2020";"10,6";"mg/l"
"CXX359";"448.686";"5.428.915";"6.187";"Sauerstoff";"Karlsruhe (CXX359)";"Rhein";"2020";"05.12.2020";"10,6";"mg/l"
"CXX359";"448.686";"5.428.915";"6.187";"Sauerstoff";"Karlsruhe (CXX359)";"Rhein";"2020";"06.12.2020";"10,6";"mg/l"
"CXX359";"448.686";"5.428.915";"6.187";"Sauerstoff";"Karlsruhe (CXX359)";"Rhein";"2020";"07.12.2020";"10,6";"mg/l"
"CXX359";"448.686";"5.428.915";"6.187";"Sauerstoff";"Karlsruhe (CXX359)";"Rhein";"2020";"08.12.2020";"10,7";"mg/l"
"CXX359";"448.686";"5.428.915";"6.187";"Sauerstoff";"Karlsruhe (CXX359)";"Rhein";"2020";"09.12.2020";"10,7";"mg/l"
"CXX359";"448.686";"5.428.915";"6.187";"Sauerstoff";"Karlsruhe (CXX359)";"Rhein";"2020";"10.12.2020";"10,8";"mg/l"
"CXX359";"448.686";"5.428.915";"6.187";"Sauerstoff";"Karlsruhe (CXX359)";"Rhein";"2020";"11.12.2020";"10,8";"mg/l"
"CXX359";"448.686";"5.428.915";"6.187";"Sauerstoff";"Karlsruhe (CXX359)";"Rhein";"2020";"12.12.2020";"10,8";"mg/l"
"CXX359";"448.686";"5.428.915";"6.187";"Sauerstoff";"Karlsruhe (CXX359)";"Rhein";"2020";"13.12.2020";"11";"mg/l"
"CXX359";"448.686";"5.428.915";"6.187";"Sauerstoff";"Karlsruhe (CXX359)";"Rhein";"2020";"14.12.2020";"11";"mg/l"
"CXX359";"448.686";"5.428.915";"6.187";"Sauerstoff";"Karlsruhe (CXX359)";"Rhein";"2020";"15.12.2020";"11";"mg/l"
"CXX359";"448.686";"5.428.915";"6.187";"Sauerstoff";"Karlsruhe (CXX359)";"Rhein";"2020";"16.12.2020";"11,1";"mg/l"
"CXX359";"448.686";"5.428.915";"6.187";"Sauerstoff";"Karlsruhe (CXX359)";"Rhein";"2020";"17.12.2020";"11,4";"mg/l"
"CXX359";"448.686";"5.428.915";"6.187";"Sauerstoff";"Karlsruhe (CXX359)";"Rhein";"2020";"18.12.2020";"11,1";"mg/l"
"CXX359";"448.686";"5.428.915";"6.187";"Sauerstoff";"Karlsruhe (CXX359)";"Rhein";"2020";"19.12.2020";"11,3";"mg/l"
"CXX359";"448.686";"5.428.915";"6.187";"Sauerstoff";"Karlsruhe (CXX359)";"Rhein";"2020";"20.12.2020";"11,1";"mg/l"
"CXX359";"448.686";"5.428.915";"6.187";"Sauerstoff";"Karlsruhe (CXX359)";"Rhein";"2020";"21.12.2020";"11";"mg/l"
"CXX359";"448.686";"5.428.915";"6.187";"Sauerstoff";"Karlsruhe (CXX359)";"Rhein";"2020";"22.12.2020";"11";"mg/l"
"CXX359";"448.686";"5.428.915";"6.187";"Sauerstoff";"Karlsruhe (CXX359)";"Rhein";"2020";"23.12.2020";"11,1";"mg/l"
"CXX359";"448.686";"5.428.915";"6.187";"Sauerstoff";"Karlsruhe (CXX359)";"Rhein";"2020";"24.12.2020";"11,2";"mg/l"
"CXX359";"448.686";"5.428.915";"6.187";"Sauerstoff";"Karlsruhe (CXX359)";"Rhein";"2020";"25.12.2020";"11,7";"mg/l"
"CXX359";"448.686";"5.428.915";"6.187";"Sauerstoff";"Karlsruhe (CXX359)";"Rhein";"2020";"26.12.2020";"11,8";"mg/l"
"CXX359";"448.686";"5.428.915";"6.187";"Sauerstoff";"Karlsruhe (CXX359)";"Rhein";"2020";"27.12.2020";"11,7";"mg/l"
"CXX359";"448.686";"5.428.915";"6.187";"Sauerstoff";"Karlsruhe (CXX359)";"Rhein";"2020";"28.12.2020";"11,3";"mg/l"
"CXX359";"448.686";"5.428.915";"6.187";"Sauerstoff";"Karlsruhe (CXX359)";"Rhein";"2020";"29.12.2020";"11,2";"mg/l"
"CXX359";"448.686";"5.428.915";"6.187";"Sauerstoff";"Karlsruhe (CXX359)";"Rhein";"2020";"30.12.2020";"11,3";"mg/l"
"CXX359";"448.686";"5.428.915";"6.187";"Sauerstoff";"Karlsruhe (CXX359)";"Rhein";"2020";"31.12.2020";"11,2";"mg/l"
"CXX359";"448.686";"5.428.915";"6.187";"Sauerstoff";"Karlsruhe (CXX359)";"Rhein";"2021";"01.01.2021";"11,1";"mg/l"
"CXX359";"448.686";"5.428.915";"6.187";"Sauerstoff";"Karlsruhe (CXX359)";"Rhein";"2021";"02.01.2021";"11,1";"mg/l"
"CXX359";"448.686";"5.428.915";"6.187";"Sauerstoff";"Karlsruhe (CXX359)";"Rhein";"2021";"03.01.2021";"11,1";"mg/l"
"CXX359";"448.686";"5.428.915";"6.187";"Sauerstoff";"Karlsruhe (CXX359)";"Rhein";"2021";"04.01.2021";"11,1";"mg/l"
"CXX359";"448.686";"5.428.915";"6.187";"Sauerstoff";"Karlsruhe (CXX359)";"Rhein";"2021";"05.01.2021";"11,1";"mg/l"
"CXX359";"448.686";"5.428.915";"6.187";"Sauerstoff";"Karlsruhe (CXX359)";"Rhein";"2021";"06.01.2021";"11,1";"mg/l"
"CXX359";"448.686";"5.428.915";"6.187";"Sauerstoff";"Karlsruhe (CXX359)";"Rhein";"2021";"07.01.2021";"11,2";"mg/l"
"CXX359";"448.686";"5.428.915";"6.187";"Sauerstoff";"Karlsruhe (CXX359)";"Rhein";"2021";"08.01.2021";"11,2";"mg/l"
"CXX359";"448.686";"5.428.915";"6.187";"Sauerstoff";"Karlsruhe (CXX359)";"Rhein";"2021";"09.01.2021";"11,3";"mg/l"
"CXX359";"448.686";"5.428.915";"6.187";"Sauerstoff";"Karlsruhe (CXX359)";"Rhein";"2021";"10.01.2021";"11,4";"mg/l"
"CXX359";"448.686";"5.428.915";"6.187";"Sauerstoff";"Karlsruhe (CXX359)";"Rhein";"2021";"11.01.2021";"11,5";"mg/l"
"CXX359";"448.686";"5.428.915";"6.187";"Sauerstoff";"Karlsruhe (CXX359)";"Rhein";"2021";"12.01.2021";"11,6";"mg/l"
"CXX359";"448.686";"5.428.915";"6.187";"Sauerstoff";"Karlsruhe (CXX359)";"Rhein";"2021";"13.01.2021";"11,7";"mg/l"
"CXX359";"448.686";"5.428.915";"6.187";"Sauerstoff";"Karlsruhe (CXX359)";"Rhein";"2021";"14.01.2021";"11,8";"mg/l"
"CXX359";"448.686";"5.428.915";"6.187";"Sauerstoff";"Karlsruhe (CXX359)";"Rhein";"2021";"15.01.2021";"13,1";"mg/l"
"CXX359";"448.686";"5.428.915";"6.187";"Sauerstoff";"Karlsruhe (CXX359)";"Rhein";"2021";"16.01.2021";"12,9";"mg/l"
"CXX359";"448.686";"5.428.915";"6.187";"Sauerstoff";"Karlsruhe (CXX359)";"Rhein";"2021";"17.01.2021";"12,5";"mg/l"
"CXX359";"448.686";"5.428.915";"6.187";"Sauerstoff";"Karlsruhe (CXX359)";"Rhein";"2021";"18.01.2021";"12,4";"mg/l"
"CXX359";"448.686";"5.428.915";"6.187";"Sauerstoff";"Karlsruhe (CXX359)";"Rhein";"2021";"19.01.2021";"12,5";"mg/l"
"CXX359";"448.686";"5.428.915";"6.187";"Sauerstoff";"Karlsruhe (CXX359)";"Rhein";"2021";"20.01.2021";"12,3";"mg/l"
"CXX359";"448.686";"5.428.915";"6.187";"Sauerstoff";"Karlsruhe (CXX359)";"Rhein";"2021";"21.01.2021";"12,2";"mg/l"
"CXX359";"448.686";"5.428.915";"6.187";"Sauerstoff";"Karlsruhe (CXX359)";"Rhein";"2021";"22.01.2021";"12,1";"mg/l"
"CXX359";"448.686";"5.428.915";"6.187";"Sauerstoff";"Karlsruhe (CXX359)";"Rhein";"2021";"23.01.2021";"12,1";"mg/l"
"CXX359";"448.686";"5.428.915";"6.187";"Sauerstoff";"Karlsruhe (CXX359)";"Rhein";"2021";"24.01.2021";"12,1";"mg/l"
"CXX359";"448.686";"5.428.915";"6.187";"Sauerstoff";"Karlsruhe (CXX359)";"Rhein";"2021";"25.01.2021";"12,2";"mg/l"
"CXX359";"448.686";"5.428.915";"6.187";"Sauerstoff";"Karlsruhe (CXX359)";"Rhein";"2021";"26.01.2021";"12,3";"mg/l"
"CXX359";"448.686";"5.428.915";"6.187";"Sauerstoff";"Karlsruhe (CXX359)";"Rhein";"2021";"27.01.2021";"12,3";"mg/l"
"CXX359";"448.686";"5.428.915";"6.187";"Sauerstoff";"Karlsruhe (CXX359)";"Rhein";"2021";"28.01.2021";"12,2";"mg/l"
"CXX359";"448.686";"5.428.915";"6.187";"Sauerstoff";"Karlsruhe (CXX359)";"Rhein";"2021";"29.01.2021";"12,5";"mg/l"
"CXX359";"448.686";"5.428.915";"6.187";"Sauerstoff";"Karlsruhe (CXX359)";"Rhein";"2021";"30.01.2021";"11,7";"mg/l"
"CXX359";"448.686";"5.428.915";"6.187";"Sauerstoff";"Karlsruhe (CXX359)";"Rhein";"2021";"31.01.2021";"11,9";"mg/l"
"CXX359";"448.686";"5.428.915";"6.187";"Sauerstoff";"Karlsruhe (CXX359)";"Rhein";"2021";"01.02.2021";"12";"mg/l"
"CXX359";"448.686";"5.428.915";"6.187";"Sauerstoff";"Karlsruhe (CXX359)";"Rhein";"2021";"02.02.2021";"12";"mg/l"
"CXX359";"448.686";"5.428.915";"6.187";"Sauerstoff";"Karlsruhe (CXX359)";"Rhein";"2021";"03.02.2021";"12";"mg/l"
"CXX359";"448.686";"5.428.915";"6.187";"Sauerstoff";"Karlsruhe (CXX359)";"Rhein";"2021";"04.02.2021";"12";"mg/l"
"CXX359";"448.686";"5.428.915";"6.187";"Sauerstoff";"Karlsruhe (CXX359)";"Rhein";"2021";"05.02.2021";"12,1";"mg/l"
"CXX359";"448.686";"5.428.915";"6.187";"Sauerstoff";"Karlsruhe (CXX359)";"Rhein";"2021";"06.02.2021";"12,1";"mg/l"
"CXX359";"448.686";"5.428.915";"6.187";"Sauerstoff";"Karlsruhe (CXX359)";"Rhein";"2021";"07.02.2021";"12,1";"mg/l"
"CXX359";"448.686";"5.428.915";"6.187";"Sauerstoff";"Karlsruhe (CXX359)";"Rhein";"2021";"08.02.2021";"12,3";"mg/l"
"CXX359";"448.686";"5.428.915";"6.187";"Sauerstoff";"Karlsruhe (CXX359)";"Rhein";"2021";"09.02.2021";"12,6";"mg/l"
"CXX359";"448.686";"5.428.915";"6.187";"Sauerstoff";"Karlsruhe (CXX359)";"Rhein";"2021";"10.02.2021";"12,9";"mg/l"
"CXX359";"448.686";"5.428.915";"6.187";"Sauerstoff";"Karlsruhe (CXX359)";"Rhein";"2021";"11.02.2021";"13,5";"mg/l"
"CXX359";"448.686";"5.428.915";"6.187";"Sauerstoff";"Karlsruhe (CXX359)";"Rhein";"2021";"12.02.2021";"14";"mg/l"
"CXX359";"448.686";"5.428.915";"6.187";"Sauerstoff";"Karlsruhe (CXX359)";"Rhein";"2021";"13.02.2021";"13,7";"mg/l"
"CXX359";"448.686";"5.428.915";"6.187";"Sauerstoff";"Karlsruhe (CXX359)";"Rhein";"2021";"14.02.2021";"13,8";"mg/l"
"CXX359";"448.686";"5.428.915";"6.187";"Sauerstoff";"Karlsruhe (CXX359)";"Rhein";"2021";"15.02.2021";"-";"mg/l"
"CXX359";"448.686";"5.428.915";"6.187";"Sauerstoff";"Karlsruhe (CXX359)";"Rhein";"2021";"16.02.2021";"-";"mg/l"
"CXX359";"448.686";"5.428.915";"6.187";"Sauerstoff";"Karlsruhe (CXX359)";"Rhein";"2021";"17.02.2021";"-";"mg/l"
"CXX359";"448.686";"5.428.915";"6.187";"Sauerstoff";"Karlsruhe (CXX359)";"Rhein";"2021";"18.02.2021";"-";"mg/l"
"CXX359";"448.686";"5.428.915";"6.187";"Sauerstoff";"Karlsruhe (CXX359)";"Rhein";"2021";"19.02.2021";"-";"mg/l"
"CXX359";"448.686";"5.428.915";"6.187";"Sauerstoff";"Karlsruhe (CXX359)";"Rhein";"2021";"20.02.2021";"12,9";"mg/l"
"CXX359";"448.686";"5.428.915";"6.187";"Sauerstoff";"Karlsruhe (CXX359)";"Rhein";"2021";"21.02.2021";"12,6";"mg/l"
"CXX359";"448.686";"5.428.915";"6.187";"Sauerstoff";"Karlsruhe (CXX359)";"Rhein";"2021";"22.02.2021";"12,4";"mg/l"
"CXX359";"448.686";"5.428.915";"6.187";"Sauerstoff";"Karlsruhe (CXX359)";"Rhein";"2021";"23.02.2021";"12,3";"mg/l"
"CXX359";"448.686";"5.428.915";"6.187";"Sauerstoff";"Karlsruhe (CXX359)";"Rhein";"2021";"24.02.2021";"12,3";"mg/l"
"CXX359";"448.686";"5.428.915";"6.187";"Sauerstoff";"Karlsruhe (CXX359)";"Rhein";"2021";"25.02.2021";"12,2";"mg/l"
"CXX359";"448.686";"5.428.915";"6.187";"Sauerstoff";"Karlsruhe (CXX359)";"Rhein";"2021";"26.02.2021";"12,1";"mg/l"
"CXX359";"448.686";"5.428.915";"6.187";"Sauerstoff";"Karlsruhe (CXX359)";"Rhein";"2021";"27.02.2021";"12";"mg/l"
"CXX359";"448.686";"5.428.915";"6.187";"Sauerstoff";"Karlsruhe (CXX359)";"Rhein";"2021";"28.02.2021";"12";"mg/l"
"CXX359";"448.686";"5.428.915";"6.187";"Sauerstoff";"Karlsruhe (CXX359)";"Rhein";"2021";"01.03.2021";"12";"mg/l"
"CXX359";"448.686";"5.428.915";"6.187";"Sauerstoff";"Karlsruhe (CXX359)";"Rhein";"2021";"02.03.2021";"12";"mg/l"
"CXX359";"448.686";"5.428.915";"6.187";"Sauerstoff";"Karlsruhe (CXX359)";"Rhein";"2021";"03.03.2021";"12,1";"mg/l"
"CXX359";"448.686";"5.428.915";"6.187";"Sauerstoff";"Karlsruhe (CXX359)";"Rhein";"2021";"04.03.2021";"12,2";"mg/l"
"CXX359";"448.686";"5.428.915";"6.187";"Sauerstoff";"Karlsruhe (CXX359)";"Rhein";"2021";"05.03.2021";"12,1";"mg/l"
"CXX359";"448.686";"5.428.915";"6.187";"Sauerstoff";"Karlsruhe (CXX359)";"Rhein";"2021";"06.03.2021";"12,1";"mg/l"
"CXX359";"448.686";"5.428.915";"6.187";"Sauerstoff";"Karlsruhe (CXX359)";"Rhein";"2021";"07.03.2021";"12,2";"mg/l"
"CXX359";"448.686";"5.428.915";"6.187";"Sauerstoff";"Karlsruhe (CXX359)";"Rhein";"2021";"08.03.2021";"12,3";"mg/l"
"CXX359";"448.686";"5.428.915";"6.187";"Sauerstoff";"Karlsruhe (CXX359)";"Rhein";"2021";"09.03.2021";"12,3";"mg/l"
"CXX359";"448.686";"5.428.915";"6.187";"Sauerstoff";"Karlsruhe (CXX359)";"Rhein";"2021";"10.03.2021";"12,3";"mg/l"
"CXX359";"448.686";"5.428.915";"6.187";"Sauerstoff";"Karlsruhe (CXX359)";"Rhein";"2021";"11.03.2021";"12,1";"mg/l"
"CXX359";"448.686";"5.428.915";"6.187";"Sauerstoff";"Karlsruhe (CXX359)";"Rhein";"2021";"12.03.2021";"12";"mg/l"
"CXX359";"448.686";"5.428.915";"6.187";"Sauerstoff";"Karlsruhe (CXX359)";"Rhein";"2021";"13.03.2021";"11,8";"mg/l"
"CXX359";"448.686";"5.428.915";"6.187";"Sauerstoff";"Karlsruhe (CXX359)";"Rhein";"2021";"14.03.2021";"11,6";"mg/l"
"CXX359";"448.686";"5.428.915";"6.187";"Sauerstoff";"Karlsruhe (CXX359)";"Rhein";"2021";"15.03.2021";"11,5";"mg/l"
"CXX359";"448.686";"5.428.915";"6.187";"Sauerstoff";"Karlsruhe (CXX359)";"Rhein";"2021";"16.03.2021";"11,5";"mg/l"
"CXX359";"448.686";"5.428.915";"6.187";"Sauerstoff";"Karlsruhe (CXX359)";"Rhein";"2021";"17.03.2021";"11,5";"mg/l"
"CXX359";"448.686";"5.428.915";"6.187";"Sauerstoff";"Karlsruhe (CXX359)";"Rhein";"2021";"18.03.2021";"11,5";"mg/l"
"CXX359";"448.686";"5.428.915";"6.187";"Sauerstoff";"Karlsruhe (CXX359)";"Rhein";"2021";"19.03.2021";"11,4";"mg/l"
"CXX359";"448.686";"5.428.915";"6.187";"Sauerstoff";"Karlsruhe (CXX359)";"Rhein";"2021";"20.03.2021";"11,5";"mg/l"
"CXX359";"448.686";"5.428.915";"6.187";"Sauerstoff";"Karlsruhe (CXX359)";"Rhein";"2021";"21.03.2021";"11,5";"mg/l"
"CXX359";"448.686";"5.428.915";"6.187";"Sauerstoff";"Karlsruhe (CXX359)";"Rhein";"2021";"22.03.2021";"11,5";"mg/l"
"CXX359";"448.686";"5.428.915";"6.187";"Sauerstoff";"Karlsruhe (CXX359)";"Rhein";"2021";"23.03.2021";"11,7";"mg/l"
"CXX359";"448.686";"5.428.915";"6.187";"Sauerstoff";"Karlsruhe (CXX359)";"Rhein";"2021";"24.03.2021";"11,9";"mg/l"
"CXX359";"448.686";"5.428.915";"6.187";"Sauerstoff";"Karlsruhe (CXX359)";"Rhein";"2021";"25.03.2021";"12";"mg/l"
"CXX359";"448.686";"5.428.915";"6.187";"Sauerstoff";"Karlsruhe (CXX359)";"Rhein";"2021";"26.03.2021";"12,1";"mg/l"
"CXX359";"448.686";"5.428.915";"6.187";"Sauerstoff";"Karlsruhe (CXX359)";"Rhein";"2021";"27.03.2021";"12";"mg/l"
"CXX359";"448.686";"5.428.915";"6.187";"Sauerstoff";"Karlsruhe (CXX359)";"Rhein";"2021";"28.03.2021";"12,2";"mg/l"
"CXX359";"448.686";"5.428.915";"6.187";"Sauerstoff";"Karlsruhe (CXX359)";"Rhein";"2021";"29.03.2021";"12,2";"mg/l"
"CXX359";"448.686";"5.428.915";"6.187";"Sauerstoff";"Karlsruhe (CXX359)";"Rhein";"2021";"30.03.2021";"12,2";"mg/l"
"CXX359";"448.686";"5.428.915";"6.187";"Sauerstoff";"Karlsruhe (CXX359)";"Rhein";"2021";"31.03.2021";"12,2";"mg/l"
"CXX359";"448.686";"5.428.915";"6.187";"Sauerstoff";"Karlsruhe (CXX359)";"Rhein";"2021";"01.04.2021";"12,2";"mg/l"
"CXX359";"448.686";"5.428.915";"6.187";"Sauerstoff";"Karlsruhe (CXX359)";"Rhein";"2021";"02.04.2021";"12";"mg/l"
"CXX359";"448.686";"5.428.915";"6.187";"Sauerstoff";"Karlsruhe (CXX359)";"Rhein";"2021";"03.04.2021";"11,8";"mg/l"
"CXX359";"448.686";"5.428.915";"6.187";"Sauerstoff";"Karlsruhe (CXX359)";"Rhein";"2021";"04.04.2021";"11,8";"mg/l"
"CXX359";"448.686";"5.428.915";"6.187";"Sauerstoff";"Karlsruhe (CXX359)";"Rhein";"2021";"05.04.2021";"11,4";"mg/l"
"CXX359";"448.686";"5.428.915";"6.187";"Sauerstoff";"Karlsruhe (CXX359)";"Rhein";"2021";"06.04.2021";"11,1";"mg/l"
"CXX359";"448.686";"5.428.915";"6.187";"Sauerstoff";"Karlsruhe (CXX359)";"Rhein";"2021";"07.04.2021";"11";"mg/l"
"CXX359";"448.686";"5.428.915";"6.187";"Sauerstoff";"Karlsruhe (CXX359)";"Rhein";"2021";"08.04.2021";"11,2";"mg/l"
"CXX359";"448.686";"5.428.915";"6.187";"Sauerstoff";"Karlsruhe (CXX359)";"Rhein";"2021";"09.04.2021";"11,6";"mg/l"
"CXX359";"448.686";"5.428.915";"6.187";"Sauerstoff";"Karlsruhe (CXX359)";"Rhein";"2021";"10.04.2021";"11,5";"mg/l"
"CXX359";"448.686";"5.428.915";"6.187";"Sauerstoff";"Karlsruhe (CXX359)";"Rhein";"2021";"11.04.2021";"11,5";"mg/l"
"CXX359";"448.686";"5.428.915";"6.187";"Sauerstoff";"Karlsruhe (CXX359)";"Rhein";"2021";"12.04.2021";"11,5";"mg/l"
"CXX359";"448.686";"5.428.915";"6.187";"Sauerstoff";"Karlsruhe (CXX359)";"Rhein";"2021";"13.04.2021";"11,8";"mg/l"
"CXX359";"448.686";"5.428.915";"6.187";"Sauerstoff";"Karlsruhe (CXX359)";"Rhein";"2021";"14.04.2021";"12";"mg/l"
"CXX359";"448.686";"5.428.915";"6.187";"Sauerstoff";"Karlsruhe (CXX359)";"Rhein";"2021";"15.04.2021";"12";"mg/l"
"CXX359";"448.686";"5.428.915";"6.187";"Sauerstoff";"Karlsruhe (CXX359)";"Rhein";"2021";"16.04.2021";"11,7";"mg/l"
"CXX359";"448.686";"5.428.915";"6.187";"Sauerstoff";"Karlsruhe (CXX359)";"Rhein";"2021";"17.04.2021";"11,8";"mg/l"
"CXX359";"448.686";"5.428.915";"6.187";"Sauerstoff";"Karlsruhe (CXX359)";"Rhein";"2021";"18.04.2021";"11,7";"mg/l"
"CXX359";"448.686";"5.428.915";"6.187";"Sauerstoff";"Karlsruhe (CXX359)";"Rhein";"2021";"19.04.2021";"11,6";"mg/l"
"CXX359";"448.686";"5.428.915";"6.187";"Sauerstoff";"Karlsruhe (CXX359)";"Rhein";"2021";"20.04.2021";"12";"mg/l"
"CXX359";"448.686";"5.428.915";"6.187";"Sauerstoff";"Karlsruhe (CXX359)";"Rhein";"2021";"21.04.2021";"12,2";"mg/l"
"CXX359";"448.686";"5.428.915";"6.187";"Sauerstoff";"Karlsruhe (CXX359)";"Rhein";"2021";"22.04.2021";"12,3";"mg/l"
"CXX359";"448.686";"5.428.915";"6.187";"Sauerstoff";"Karlsruhe (CXX359)";"Rhein";"2021";"23.04.2021";"12,2";"mg/l"
"CXX359";"448.686";"5.428.915";"6.187";"Sauerstoff";"Karlsruhe (CXX359)";"Rhein";"2021";"24.04.2021";"12,2";"mg/l"
"CXX359";"448.686";"5.428.915";"6.187";"Sauerstoff";"Karlsruhe (CXX359)";"Rhein";"2021";"25.04.2021";"12,1";"mg/l"
"CXX359";"448.686";"5.428.915";"6.187";"Sauerstoff";"Karlsruhe (CXX359)";"Rhein";"2021";"26.04.2021";"11,9";"mg/l"
"CXX359";"448.686";"5.428.915";"6.187";"Sauerstoff";"Karlsruhe (CXX359)";"Rhein";"2021";"27.04.2021";"11,6";"mg/l"
"CXX359";"448.686";"5.428.915";"6.187";"Sauerstoff";"Karlsruhe (CXX359)";"Rhein";"2021";"28.04.2021";"11,4";"mg/l"
"CXX359";"448.686";"5.428.915";"6.187";"Sauerstoff";"Karlsruhe (CXX359)";"Rhein";"2021";"29.04.2021";"10,9";"mg/l"
"CXX359";"448.686";"5.428.915";"6.187";"Sauerstoff";"Karlsruhe (CXX359)";"Rhein";"2021";"30.04.2021";"10,2";"mg/l"
"CXX359";"448.686";"5.428.915";"6.187";"Sauerstoff";"Karlsruhe (CXX359)";"Rhein";"2021";"01.05.2021";"10,2";"mg/l"
"CXX359";"448.686";"5.428.915";"6.187";"Sauerstoff";"Karlsruhe (CXX359)";"Rhein";"2021";"02.05.2021";"9,8";"mg/l"
"CXX359";"448.686";"5.428.915";"6.187";"Sauerstoff";"Karlsruhe (CXX359)";"Rhein";"2021";"03.05.2021";"9,9";"mg/l"
"CXX359";"448.686";"5.428.915";"6.187";"Sauerstoff";"Karlsruhe (CXX359)";"Rhein";"2021";"04.05.2021";"10";"mg/l"
"CXX359";"448.686";"5.428.915";"6.187";"Sauerstoff";"Karlsruhe (CXX359)";"Rhein";"2021";"05.05.2021";"10";"mg/l"
"CXX359";"448.686";"5.428.915";"6.187";"Sauerstoff";"Karlsruhe (CXX359)";"Rhein";"2021";"06.05.2021";"9,9";"mg/l"
"CXX359";"448.686";"5.428.915";"6.187";"Sauerstoff";"Karlsruhe (CXX359)";"Rhein";"2021";"07.05.2021";"10";"mg/l"
"CXX359";"448.686";"5.428.915";"6.187";"Sauerstoff";"Karlsruhe (CXX359)";"Rhein";"2021";"08.05.2021";"10,6";"mg/l"
"CXX359";"448.686";"5.428.915";"6.187";"Sauerstoff";"Karlsruhe (CXX359)";"Rhein";"2021";"09.05.2021";"10,7";"mg/l"
"CXX359";"448.686";"5.428.915";"6.187";"Sauerstoff";"Karlsruhe (CXX359)";"Rhein";"2021";"10.05.2021";"10,7";"mg/l"
"CXX359";"448.686";"5.428.915";"6.187";"Sauerstoff";"Karlsruhe (CXX359)";"Rhein";"2021";"11.05.2021";"10,4";"mg/l"
"CXX359";"448.686";"5.428.915";"6.187";"Sauerstoff";"Karlsruhe (CXX359)";"Rhein";"2021";"12.05.2021";"10,1";"mg/l"
"CXX359";"448.686";"5.428.915";"6.187";"Sauerstoff";"Karlsruhe (CXX359)";"Rhein";"2021";"13.05.2021";"10,3";"mg/l"
"CXX359";"448.686";"5.428.915";"6.187";"Sauerstoff";"Karlsruhe (CXX359)";"Rhein";"2021";"14.05.2021";"10,4";"mg/l"
"CXX359";"448.686";"5.428.915";"6.187";"Sauerstoff";"Karlsruhe (CXX359)";"Rhein";"2021";"15.05.2021";"10,6";"mg/l"
"CXX359";"448.686";"5.428.915";"6.187";"Sauerstoff";"Karlsruhe (CXX359)";"Rhein";"2021";"16.05.2021";"10,5";"mg/l"
"CXX359";"448.686";"5.428.915";"6.187";"Sauerstoff";"Karlsruhe (CXX359)";"Rhein";"2021";"17.05.2021";"10,6";"mg/l"
"CXX359";"448.686";"5.428.915";"6.187";"Sauerstoff";"Karlsruhe (CXX359)";"Rhein";"2021";"18.05.2021";"11";"mg/l"
"CXX359";"448.686";"5.428.915";"6.187";"Sauerstoff";"Karlsruhe (CXX359)";"Rhein";"2021";"19.05.2021";"11,3";"mg/l"
"CXX359";"448.686";"5.428.915";"6.187";"Sauerstoff";"Karlsruhe (CXX359)";"Rhein";"2021";"20.05.2021";"11,4";"mg/l"
"CXX359";"448.686";"5.428.915";"6.187";"Sauerstoff";"Karlsruhe (CXX359)";"Rhein";"2021";"21.05.2021";"11,2";"mg/l"
"CXX359";"448.686";"5.428.915";"6.187";"Sauerstoff";"Karlsruhe (CXX359)";"Rhein";"2021";"22.05.2021";"11,4";"mg/l"
"CXX359";"448.686";"5.428.915";"6.187";"Sauerstoff";"Karlsruhe (CXX359)";"Rhein";"2021";"23.05.2021";"11,4";"mg/l"
"CXX359";"448.686";"5.428.915";"6.187";"Sauerstoff";"Karlsruhe (CXX359)";"Rhein";"2021";"24.05.2021";"11,3";"mg/l"
"CXX359";"448.686";"5.428.915";"6.187";"Sauerstoff";"Karlsruhe (CXX359)";"Rhein";"2021";"25.05.2021";"11";"mg/l"
"CXX359";"448.686";"5.428.915";"6.187";"Sauerstoff";"Karlsruhe (CXX359)";"Rhein";"2021";"26.05.2021";"10,9";"mg/l"
"CXX359";"448.686";"5.428.915";"6.187";"Sauerstoff";"Karlsruhe (CXX359)";"Rhein";"2021";"27.05.2021";"10,7";"mg/l"
"CXX359";"448.686";"5.428.915";"6.187";"Sauerstoff";"Karlsruhe (CXX359)";"Rhein";"2021";"28.05.2021";"10,7";"mg/l"
"CXX359";"448.686";"5.428.915";"6.187";"Sauerstoff";"Karlsruhe (CXX359)";"Rhein";"2021";"29.05.2021";"10,5";"mg/l"
"CXX359";"448.686";"5.428.915";"6.187";"Sauerstoff";"Karlsruhe (CXX359)";"Rhein";"2021";"30.05.2021";"10,3";"mg/l"
"CXX359";"448.686";"5.428.915";"6.187";"Sauerstoff";"Karlsruhe (CXX359)";"Rhein";"2021";"31.05.2021";"10,2";"mg/l"
"CXX359";"448.686";"5.428.915";"6.187";"Sauerstoff";"Karlsruhe (CXX359)";"Rhein";"2021";"01.06.2021";"10";"mg/l"
"CXX359";"448.686";"5.428.915";"6.187";"Sauerstoff";"Karlsruhe (CXX359)";"Rhein";"2021";"02.06.2021";"9,9";"mg/l"
"CXX359";"448.686";"5.428.915";"6.187";"Sauerstoff";"Karlsruhe (CXX359)";"Rhein";"2021";"03.06.2021";"9,9";"mg/l"
"CXX359";"448.686";"5.428.915";"6.187";"Sauerstoff";"Karlsruhe (CXX359)";"Rhein";"2021";"04.06.2021";"9,8";"mg/l"
"CXX359";"448.686";"5.428.915";"6.187";"Sauerstoff";"Karlsruhe (CXX359)";"Rhein";"2021";"05.06.2021";"9,7";"mg/l"
"CXX359";"448.686";"5.428.915";"6.187";"Sauerstoff";"Karlsruhe (CXX359)";"Rhein";"2021";"06.06.2021";"9,5";"mg/l"
"CXX359";"448.686";"5.428.915";"6.187";"Sauerstoff";"Karlsruhe (CXX359)";"Rhein";"2021";"07.06.2021";"9,5";"mg/l"
"CXX359";"448.686";"5.428.915";"6.187";"Sauerstoff";"Karlsruhe (CXX359)";"Rhein";"2021";"08.06.2021";"9,7";"mg/l"
"CXX359";"448.686";"5.428.915";"6.187";"Sauerstoff";"Karlsruhe (CXX359)";"Rhein";"2021";"09.06.2021";"9,7";"mg/l"
"CXX359";"448.686";"5.428.915";"6.187";"Sauerstoff";"Karlsruhe (CXX359)";"Rhein";"2021";"10.06.2021";"9,4";"mg/l"
"CXX359";"448.686";"5.428.915";"6.187";"Sauerstoff";"Karlsruhe (CXX359)";"Rhein";"2021";"11.06.2021";"9,3";"mg/l"
"CXX359";"448.686";"5.428.915";"6.187";"Sauerstoff";"Karlsruhe (CXX359)";"Rhein";"2021";"12.06.2021";"9,2";"mg/l"
"CXX359";"448.686";"5.428.915";"6.187";"Sauerstoff";"Karlsruhe (CXX359)";"Rhein";"2021";"13.06.2021";"9,2";"mg/l"
"CXX359";"448.686";"5.428.915";"6.187";"Sauerstoff";"Karlsruhe (CXX359)";"Rhein";"2021";"14.06.2021";"9,1";"mg/l"
"CXX359";"448.686";"5.428.915";"6.187";"Sauerstoff";"Karlsruhe (CXX359)";"Rhein";"2021";"15.06.2021";"-";"mg/l"
"CXX359";"448.686";"5.428.915";"6.187";"Sauerstoff";"Karlsruhe (CXX359)";"Rhein";"2021";"16.06.2021";"9,2";"mg/l"
"CXX359";"448.686";"5.428.915";"6.187";"Sauerstoff";"Karlsruhe (CXX359)";"Rhein";"2021";"17.06.2021";"9,3";"mg/l"
"CXX359";"448.686";"5.428.915";"6.187";"Sauerstoff";"Karlsruhe (CXX359)";"Rhein";"2021";"18.06.2021";"9,3";"mg/l"
"CXX359";"448.686";"5.428.915";"6.187";"Sauerstoff";"Karlsruhe (CXX359)";"Rhein";"2021";"19.06.2021";"9,2";"mg/l"
"CXX359";"448.686";"5.428.915";"6.187";"Sauerstoff";"Karlsruhe (CXX359)";"Rhein";"2021";"20.06.2021";"9";"mg/l"
"CXX359";"448.686";"5.428.915";"6.187";"Sauerstoff";"Karlsruhe (CXX359)";"Rhein";"2021";"21.06.2021";"8,7";"mg/l"
"CXX359";"448.686";"5.428.915";"6.187";"Sauerstoff";"Karlsruhe (CXX359)";"Rhein";"2021";"22.06.2021";"8,4";"mg/l"
"CXX359";"448.686";"5.428.915";"6.187";"Sauerstoff";"Karlsruhe (CXX359)";"Rhein";"2021";"23.06.2021";"8,3";"mg/l"
"CXX359";"448.686";"5.428.915";"6.187";"Sauerstoff";"Karlsruhe (CXX359)";"Rhein";"2021";"24.06.2021";"8,6";"mg/l"
"CXX359";"448.686";"5.428.915";"6.187";"Sauerstoff";"Karlsruhe (CXX359)";"Rhein";"2021";"25.06.2021";"8,6";"mg/l"
"CXX359";"448.686";"5.428.915";"6.187";"Sauerstoff";"Karlsruhe (CXX359)";"Rhein";"2021";"26.06.2021";"8,5";"mg/l"
"CXX359";"448.686";"5.428.915";"6.187";"Sauerstoff";"Karlsruhe (CXX359)";"Rhein";"2021";"27.06.2021";"8,5";"mg/l"
"CXX359";"448.686";"5.428.915";"6.187";"Sauerstoff";"Karlsruhe (CXX359)";"Rhein";"2021";"28.06.2021";"8,4";"mg/l"
"CXX359";"448.686";"5.428.915";"6.187";"Sauerstoff";"Karlsruhe (CXX359)";"Rhein";"2021";"29.06.2021";"8,5";"mg/l"
"CXX359";"448.686";"5.428.915";"6.187";"Sauerstoff";"Karlsruhe (CXX359)";"Rhein";"2021";"30.06.2021";"8,6";"mg/l"
"CXX359";"448.686";"5.428.915";"6.187";"Sauerstoff";"Karlsruhe (CXX359)";"Rhein";"2021";"01.07.2021";"8,4";"mg/l"
"CXX359";"448.686";"5.428.915";"6.187";"Sauerstoff";"Karlsruhe (CXX359)";"Rhein";"2021";"02.07.2021";"8,7";"mg/l"
"CXX359";"448.686";"5.428.915";"6.187";"Sauerstoff";"Karlsruhe (CXX359)";"Rhein";"2021";"03.07.2021";"8,8";"mg/l"
"CXX359";"448.686";"5.428.915";"6.187";"Sauerstoff";"Karlsruhe (CXX359)";"Rhein";"2021";"04.07.2021";"8,9";"mg/l"
"CXX359";"448.686";"5.428.915";"6.187";"Sauerstoff";"Karlsruhe (CXX359)";"Rhein";"2021";"05.07.2021";"8,9";"mg/l"
"CXX359";"448.686";"5.428.915";"6.187";"Sauerstoff";"Karlsruhe (CXX359)";"Rhein";"2021";"06.07.2021";"9";"mg/l"
"CXX359";"448.686";"5.428.915";"6.187";"Sauerstoff";"Karlsruhe (CXX359)";"Rhein";"2021";"07.07.2021";"8,9";"mg/l"
"CXX359";"448.686";"5.428.915";"6.187";"Sauerstoff";"Karlsruhe (CXX359)";"Rhein";"2021";"08.07.2021";"9,1";"mg/l"
"CXX359";"448.686";"5.428.915";"6.187";"Sauerstoff";"Karlsruhe (CXX359)";"Rhein";"2021";"09.07.2021";"9,2";"mg/l"
"CXX359";"448.686";"5.428.915";"6.187";"Sauerstoff";"Karlsruhe (CXX359)";"Rhein";"2021";"10.07.2021";"8,6";"mg/l"
"CXX359";"448.686";"5.428.915";"6.187";"Sauerstoff";"Karlsruhe (CXX359)";"Rhein";"2021";"11.07.2021";"8,7";"mg/l"
"CXX359";"448.686";"5.428.915";"6.187";"Sauerstoff";"Karlsruhe (CXX359)";"Rhein";"2021";"12.07.2021";"8,8";"mg/l"
"CXX359";"448.686";"5.428.915";"6.187";"Sauerstoff";"Karlsruhe (CXX359)";"Rhein";"2021";"13.07.2021";"8,7";"mg/l"
"CXX359";"448.686";"5.428.915";"6.187";"Sauerstoff";"Karlsruhe (CXX359)";"Rhein";"2021";"14.07.2021";"8,3";"mg/l"
"CXX359";"448.686";"5.428.915";"6.187";"Sauerstoff";"Karlsruhe (CXX359)";"Rhein";"2021";"15.07.2021";"8,3";"mg/l"
"CXX359";"448.686";"5.428.915";"6.187";"Sauerstoff";"Karlsruhe (CXX359)";"Rhein";"2021";"16.07.2021";"8,5";"mg/l"
"CXX359";"448.686";"5.428.915";"6.187";"Sauerstoff";"Karlsruhe (CXX359)";"Rhein";"2021";"17.07.2021";"8,5";"mg/l"
"CXX359";"448.686";"5.428.915";"6.187";"Sauerstoff";"Karlsruhe (CXX359)";"Rhein";"2021";"18.07.2021";"8,6";"mg/l"
"CXX359";"448.686";"5.428.915";"6.187";"Sauerstoff";"Karlsruhe (CXX359)";"Rhein";"2021";"19.07.2021";"8,5";"mg/l"
"CXX359";"448.686";"5.428.915";"6.187";"Sauerstoff";"Karlsruhe (CXX359)";"Rhein";"2021";"20.07.2021";"8,5";"mg/l"
"CXX359";"448.686";"5.428.915";"6.187";"Sauerstoff";"Karlsruhe (CXX359)";"Rhein";"2021";"21.07.2021";"8,6";"mg/l"
"CXX359";"448.686";"5.428.915";"6.187";"Sauerstoff";"Karlsruhe (CXX359)";"Rhein";"2021";"22.07.2021";"8,7";"mg/l"
"CXX359";"448.686";"5.428.915";"6.187";"Sauerstoff";"Karlsruhe (CXX359)";"Rhein";"2021";"23.07.2021";"8,7";"mg/l"
"CXX359";"448.686";"5.428.915";"6.187";"Sauerstoff";"Karlsruhe (CXX359)";"Rhein";"2021";"24.07.2021";"8,6";"mg/l"
"CXX359";"448.686";"5.428.915";"6.187";"Sauerstoff";"Karlsruhe (CXX359)";"Rhein";"2021";"25.07.2021";"8,6";"mg/l"
"CXX359";"448.686";"5.428.915";"6.187";"Sauerstoff";"Karlsruhe (CXX359)";"Rhein";"2021";"26.07.2021";"8,7";"mg/l"
"CXX359";"448.686";"5.428.915";"6.187";"Sauerstoff";"Karlsruhe (CXX359)";"Rhein";"2021";"27.07.2021";"8,7";"mg/l"
"CXX359";"448.686";"5.428.915";"6.187";"Sauerstoff";"Karlsruhe (CXX359)";"Rhein";"2021";"28.07.2021";"8,6";"mg/l"
"CXX359";"448.686";"5.428.915";"6.187";"Sauerstoff";"Karlsruhe (CXX359)";"Rhein";"2021";"29.07.2021";"8,8";"mg/l"
"CXX359";"448.686";"5.428.915";"6.187";"Sauerstoff";"Karlsruhe (CXX359)";"Rhein";"2021";"30.07.2021";"8,8";"mg/l"
"CXX359";"448.686";"5.428.915";"6.187";"Sauerstoff";"Karlsruhe (CXX359)";"Rhein";"2021";"31.07.2021";"9";"mg/l"
"CXX359";"448.686";"5.428.915";"6.187";"Sauerstoff";"Karlsruhe (CXX359)";"Rhein";"2021";"01.08.2021";"9";"mg/l"
"CXX359";"448.686";"5.428.915";"6.187";"Sauerstoff";"Karlsruhe (CXX359)";"Rhein";"2021";"02.08.2021";"8,7";"mg/l"
"CXX359";"448.686";"5.428.915";"6.187";"Sauerstoff";"Karlsruhe (CXX359)";"Rhein";"2021";"03.08.2021";"8,7";"mg/l"
"CXX359";"448.686";"5.428.915";"6.187";"Sauerstoff";"Karlsruhe (CXX359)";"Rhein";"2021";"04.08.2021";"8,9";"mg/l"
"CXX359";"448.686";"5.428.915";"6.187";"Sauerstoff";"Karlsruhe (CXX359)";"Rhein";"2021";"05.08.2021";"9";"mg/l"
"CXX359";"448.686";"5.428.915";"6.187";"Sauerstoff";"Karlsruhe (CXX359)";"Rhein";"2021";"06.08.2021";"9";"mg/l"
"CXX359";"448.686";"5.428.915";"6.187";"Sauerstoff";"Karlsruhe (CXX359)";"Rhein";"2021";"07.08.2021";"8,9";"mg/l"
"CXX359";"448.686";"5.428.915";"6.187";"Sauerstoff";"Karlsruhe (CXX359)";"Rhein";"2021";"08.08.2021";"9,1";"mg/l"
"CXX359";"448.686";"5.428.915";"6.187";"Sauerstoff";"Karlsruhe (CXX359)";"Rhein";"2021";"09.08.2021";"9,1";"mg/l"
"CXX359";"448.686";"5.428.915";"6.187";"Sauerstoff";"Karlsruhe (CXX359)";"Rhein";"2021";"10.08.2021";"9,1";"mg/l"
"CXX359";"448.686";"5.428.915";"6.187";"Sauerstoff";"Karlsruhe (CXX359)";"Rhein";"2021";"11.08.2021";"9,2";"mg/l"
"CXX359";"448.686";"5.428.915";"6.187";"Sauerstoff";"Karlsruhe (CXX359)";"Rhein";"2021";"12.08.2021";"9,3";"mg/l"
"CXX359";"448.686";"5.428.915";"6.187";"Sauerstoff";"Karlsruhe (CXX359)";"Rhein";"2021";"13.08.2021";"9,2";"mg/l"
"CXX359";"448.686";"5.428.915";"6.187";"Sauerstoff";"Karlsruhe (CXX359)";"Rhein";"2021";"14.08.2021";"9,1";"mg/l"
"CXX359";"448.686";"5.428.915";"6.187";"Sauerstoff";"Karlsruhe (CXX359)";"Rhein";"2021";"15.08.2021";"8,9";"mg/l"
"CXX359";"448.686";"5.428.915";"6.187";"Sauerstoff";"Karlsruhe (CXX359)";"Rhein";"2021";"16.08.2021";"8,4";"mg/l"
"CXX359";"448.686";"5.428.915";"6.187";"Sauerstoff";"Karlsruhe (CXX359)";"Rhein";"2021";"17.08.2021";"8,1";"mg/l"
"CXX359";"448.686";"5.428.915";"6.187";"Sauerstoff";"Karlsruhe (CXX359)";"Rhein";"2021";"18.08.2021";"8,8";"mg/l"
"CXX359";"448.686";"5.428.915";"6.187";"Sauerstoff";"Karlsruhe (CXX359)";"Rhein";"2021";"19.08.2021";"8,9";"mg/l"
"CXX359";"448.686";"5.428.915";"6.187";"Sauerstoff";"Karlsruhe (CXX359)";"Rhein";"2021";"20.08.2021";"8,7";"mg/l"
"CXX359";"448.686";"5.428.915";"6.187";"Sauerstoff";"Karlsruhe (CXX359)";"Rhein";"2021";"21.08.2021";"8,7";"mg/l"
"CXX359";"448.686";"5.428.915";"6.187";"Sauerstoff";"Karlsruhe (CXX359)";"Rhein";"2021";"22.08.2021";"8,5";"mg/l"
"CXX359";"448.686";"5.428.915";"6.187";"Sauerstoff";"Karlsruhe (CXX359)";"Rhein";"2021";"23.08.2021";"8,7";"mg/l"
"CXX359";"448.686";"5.428.915";"6.187";"Sauerstoff";"Karlsruhe (CXX359)";"Rhein";"2021";"24.08.2021";"8,8";"mg/l"
"CXX359";"448.686";"5.428.915";"6.187";"Sauerstoff";"Karlsruhe (CXX359)";"Rhein";"2021";"25.08.2021";"8,9";"mg/l"
"CXX359";"448.686";"5.428.915";"6.187";"Sauerstoff";"Karlsruhe (CXX359)";"Rhein";"2021";"26.08.2021";"8,7";"mg/l"
"CXX359";"448.686";"5.428.915";"6.187";"Sauerstoff";"Karlsruhe (CXX359)";"Rhein";"2021";"27.08.2021";"8,4";"mg/l"
"CXX359";"448.686";"5.428.915";"6.187";"Sauerstoff";"Karlsruhe (CXX359)";"Rhein";"2021";"28.08.2021";"8,4";"mg/l"
"CXX359";"448.686";"5.428.915";"6.187";"Sauerstoff";"Karlsruhe (CXX359)";"Rhein";"2021";"29.08.2021";"8,3";"mg/l"
"CXX359";"448.686";"5.428.915";"6.187";"Sauerstoff";"Karlsruhe (CXX359)";"Rhein";"2021";"30.08.2021";"8,2";"mg/l"
"CXX359";"448.686";"5.428.915";"6.187";"Sauerstoff";"Karlsruhe (CXX359)";"Rhein";"2021";"31.08.2021";"8,7";"mg/l"
"CXX359";"448.686";"5.428.915";"6.187";"Sauerstoff";"Karlsruhe (CXX359)";"Rhein";"2021";"01.09.2021";"8,8";"mg/l"
"CXX359";"448.686";"5.428.915";"6.187";"Sauerstoff";"Karlsruhe (CXX359)";"Rhein";"2021";"02.09.2021";"8,8";"mg/l"
"CXX359";"448.686";"5.428.915";"6.187";"Sauerstoff";"Karlsruhe (CXX359)";"Rhein";"2021";"03.09.2021";"8,6";"mg/l"
"CXX359";"448.686";"5.428.915";"6.187";"Sauerstoff";"Karlsruhe (CXX359)";"Rhein";"2021";"04.09.2021";"8,6";"mg/l"
"CXX359";"448.686";"5.428.915";"6.187";"Sauerstoff";"Karlsruhe (CXX359)";"Rhein";"2021";"05.09.2021";"8,6";"mg/l"
"CXX359";"448.686";"5.428.915";"6.187";"Sauerstoff";"Karlsruhe (CXX359)";"Rhein";"2021";"06.09.2021";"8,7";"mg/l"
"CXX359";"448.686";"5.428.915";"6.187";"Sauerstoff";"Karlsruhe (CXX359)";"Rhein";"2021";"07.09.2021";"8,6";"mg/l"
"CXX359";"448.686";"5.428.915";"6.187";"Sauerstoff";"Karlsruhe (CXX359)";"Rhein";"2021";"08.09.2021";"8,6";"mg/l"
"CXX359";"448.686";"5.428.915";"6.187";"Sauerstoff";"Karlsruhe (CXX359)";"Rhein";"2021";"09.09.2021";"8,5";"mg/l"
"CXX359";"448.686";"5.428.915";"6.187";"Sauerstoff";"Karlsruhe (CXX359)";"Rhein";"2021";"10.09.2021";"8,5";"mg/l"
"CXX359";"448.686";"5.428.915";"6.187";"Sauerstoff";"Karlsruhe (CXX359)";"Rhein";"2021";"11.09.2021";"8,3";"mg/l"
"CXX359";"448.686";"5.428.915";"6.187";"Sauerstoff";"Karlsruhe (CXX359)";"Rhein";"2021";"12.09.2021";"8,3";"mg/l"
"CXX359";"448.686";"5.428.915";"6.187";"Sauerstoff";"Karlsruhe (CXX359)";"Rhein";"2021";"13.09.2021";"8,3";"mg/l"
"CXX359";"448.686";"5.428.915";"6.187";"Sauerstoff";"Karlsruhe (CXX359)";"Rhein";"2021";"14.09.2021";"8,2";"mg/l"
"CXX359";"448.686";"5.428.915";"6.187";"Sauerstoff";"Karlsruhe (CXX359)";"Rhein";"2021";"15.09.2021";"8,2";"mg/l"
"CXX359";"448.686";"5.428.915";"6.187";"Sauerstoff";"Karlsruhe (CXX359)";"Rhein";"2021";"16.09.2021";"-";"mg/l"
"CXX359";"448.686";"5.428.915";"6.187";"Sauerstoff";"Karlsruhe (CXX359)";"Rhein";"2021";"17.09.2021";"8,3";"mg/l"
"CXX359";"448.686";"5.428.915";"6.187";"Sauerstoff";"Karlsruhe (CXX359)";"Rhein";"2021";"18.09.2021";"8,3";"mg/l"
"CXX359";"448.686";"5.428.915";"6.187";"Sauerstoff";"Karlsruhe (CXX359)";"Rhein";"2021";"19.09.2021";"8,3";"mg/l"
"CXX359";"448.686";"5.428.915";"6.187";"Sauerstoff";"Karlsruhe (CXX359)";"Rhein";"2021";"20.09.2021";"8,3";"mg/l"
"CXX359";"448.686";"5.428.915";"6.187";"Sauerstoff";"Karlsruhe (CXX359)";"Rhein";"2021";"21.09.2021";"8,3";"mg/l"
"CXX359";"448.686";"5.428.915";"6.187";"Sauerstoff";"Karlsruhe (CXX359)";"Rhein";"2021";"22.09.2021";"8,5";"mg/l"
"CXX359";"448.686";"5.428.915";"6.187";"Sauerstoff";"Karlsruhe (CXX359)";"Rhein";"2021";"23.09.2021";"8,6";"mg/l"
"CXX359";"448.686";"5.428.915";"6.187";"Sauerstoff";"Karlsruhe (CXX359)";"Rhein";"2021";"24.09.2021";"8,7";"mg/l"
"CXX359";"448.686";"5.428.915";"6.187";"Sauerstoff";"Karlsruhe (CXX359)";"Rhein";"2021";"25.09.2021";"8,7";"mg/l"
"CXX359";"448.686";"5.428.915";"6.187";"Sauerstoff";"Karlsruhe (CXX359)";"Rhein";"2021";"26.09.2021";"8,6";"mg/l"
"CXX359";"448.686";"5.428.915";"6.187";"Sauerstoff";"Karlsruhe (CXX359)";"Rhein";"2021";"27.09.2021";"8,6";"mg/l"
"CXX359";"448.686";"5.428.915";"6.187";"Sauerstoff";"Karlsruhe (CXX359)";"Rhein";"2021";"28.09.2021";"8,7";"mg/l"
"CXX359";"448.686";"5.428.915";"6.187";"Sauerstoff";"Karlsruhe (CXX359)";"Rhein";"2021";"29.09.2021";"8,7";"mg/l"
"CXX359";"448.686";"5.428.915";"6.187";"Sauerstoff";"Karlsruhe (CXX359)";"Rhein";"2021";"30.09.2021";"8,7";"mg/l"
"CXX359";"448.686";"5.428.915";"6.187";"Sauerstoff";"Karlsruhe (CXX359)";"Rhein";"2021";"01.10.2021";"8,8";"mg/l"
"CXX359";"448.686";"5.428.915";"6.187";"Sauerstoff";"Karlsruhe (CXX359)";"Rhein";"2021";"02.10.2021";"8,7";"mg/l"
"CXX359";"448.686";"5.428.915";"6.187";"Sauerstoff";"Karlsruhe (CXX359)";"Rhein";"2021";"03.10.2021";"8,5";"mg/l"
"CXX359";"448.686";"5.428.915";"6.187";"Sauerstoff";"Karlsruhe (CXX359)";"Rhein";"2021";"04.10.2021";"8,5";"mg/l"
"CXX359";"448.686";"5.428.915";"6.187";"Sauerstoff";"Karlsruhe (CXX359)";"Rhein";"2021";"05.10.2021";"8,6";"mg/l"
"CXX359";"448.686";"5.428.915";"6.187";"Sauerstoff";"Karlsruhe (CXX359)";"Rhein";"2021";"06.10.2021";"8,9";"mg/l"
"CXX359";"448.686";"5.428.915";"6.187";"Sauerstoff";"Karlsruhe (CXX359)";"Rhein";"2021";"07.10.2021";"9,2";"mg/l"
"CXX359";"448.686";"5.428.915";"6.187";"Sauerstoff";"Karlsruhe (CXX359)";"Rhein";"2021";"08.10.2021";"9,3";"mg/l"
"CXX359";"448.686";"5.428.915";"6.187";"Sauerstoff";"Karlsruhe (CXX359)";"Rhein";"2021";"09.10.2021";"9,5";"mg/l"
"CXX359";"448.686";"5.428.915";"6.187";"Sauerstoff";"Karlsruhe (CXX359)";"Rhein";"2021";"10.10.2021";"9,5";"mg/l"
"CXX359";"448.686";"5.428.915";"6.187";"Sauerstoff";"Karlsruhe (CXX359)";"Rhein";"2021";"11.10.2021";"9,4";"mg/l"
"CXX359";"448.686";"5.428.915";"6.187";"Sauerstoff";"Karlsruhe (CXX359)";"Rhein";"2021";"12.10.2021";"9,4";"mg/l"
"CXX359";"448.686";"5.428.915";"6.187";"Sauerstoff";"Karlsruhe (CXX359)";"Rhein";"2021";"13.10.2021";"9,5";"mg/l"
"CXX359";"448.686";"5.428.915";"6.187";"Sauerstoff";"Karlsruhe (CXX359)";"Rhein";"2021";"14.10.2021";"9,6";"mg/l"
"CXX359";"448.686";"5.428.915";"6.187";"Sauerstoff";"Karlsruhe (CXX359)";"Rhein";"2021";"15.10.2021";"9,7";"mg/l"
"CXX359";"448.686";"5.428.915";"6.187";"Sauerstoff";"Karlsruhe (CXX359)";"Rhein";"2021";"16.10.2021";"9,6";"mg/l"
"CXX359";"448.686";"5.428.915";"6.187";"Sauerstoff";"Karlsruhe (CXX359)";"Rhein";"2021";"17.10.2021";"9,5";"mg/l"
"CXX359";"448.686";"5.428.915";"6.187";"Sauerstoff";"Karlsruhe (CXX359)";"Rhein";"2021";"18.10.2021";"9,6";"mg/l"
"CXX359";"448.686";"5.428.915";"6.187";"Sauerstoff";"Karlsruhe (CXX359)";"Rhein";"2021";"19.10.2021";"9,8";"mg/l"
"CXX359";"448.686";"5.428.915";"6.187";"Sauerstoff";"Karlsruhe (CXX359)";"Rhein";"2021";"20.10.2021";"10";"mg/l"
"CXX359";"448.686";"5.428.915";"6.187";"Sauerstoff";"Karlsruhe (CXX359)";"Rhein";"2021";"21.10.2021";"9,6";"mg/l"
"CXX359";"448.686";"5.428.915";"6.187";"Sauerstoff";"Karlsruhe (CXX359)";"Rhein";"2021";"22.10.2021";"9,6";"mg/l"
"CXX359";"448.686";"5.428.915";"6.187";"Sauerstoff";"Karlsruhe (CXX359)";"Rhein";"2021";"23.10.2021";"9,7";"mg/l"
"CXX359";"448.686";"5.428.915";"6.187";"Sauerstoff";"Karlsruhe (CXX359)";"Rhein";"2021";"24.10.2021";"9,8";"mg/l"
"CXX359";"448.686";"5.428.915";"6.187";"Sauerstoff";"Karlsruhe (CXX359)";"Rhein";"2021";"25.10.2021";"9,8";"mg/l"
"CXX359";"448.686";"5.428.915";"6.187";"Sauerstoff";"Karlsruhe (CXX359)";"Rhein";"2021";"26.10.2021";"9,6";"mg/l"
"CXX359";"448.686";"5.428.915";"6.187";"Sauerstoff";"Karlsruhe (CXX359)";"Rhein";"2021";"27.10.2021";"9,8";"mg/l"
"CXX359";"448.686";"5.428.915";"6.187";"Sauerstoff";"Karlsruhe (CXX359)";"Rhein";"2021";"28.10.2021";"9,7";"mg/l"
"CXX359";"448.686";"5.428.915";"6.187";"Sauerstoff";"Karlsruhe (CXX359)";"Rhein";"2021";"29.10.2021";"9,7";"mg/l"
"CXX359";"448.686";"5.428.915";"6.187";"Sauerstoff";"Karlsruhe (CXX359)";"Rhein";"2021";"30.10.2021";"9,6";"mg/l"
"CXX359";"448.686";"5.428.915";"6.187";"Sauerstoff";"Karlsruhe (CXX359)";"Rhein";"2021";"31.10.2021";"9,6";"mg/l"
"CXX359";"448.686";"5.428.915";"6.187";"Sauerstoff";"Karlsruhe (CXX359)";"Rhein";"2021";"01.11.2021";"9,6";"mg/l"
"CXX359";"448.686";"5.428.915";"6.187";"Sauerstoff";"Karlsruhe (CXX359)";"Rhein";"2021";"02.11.2021";"9,6";"mg/l"
"CXX359";"448.686";"5.428.915";"6.187";"Sauerstoff";"Karlsruhe (CXX359)";"Rhein";"2021";"03.11.2021";"9,5";"mg/l"
"CXX359";"448.686";"5.428.915";"6.187";"Sauerstoff";"Karlsruhe (CXX359)";"Rhein";"2021";"04.11.2021";"9,5";"mg/l"
"CXX359";"448.686";"5.428.915";"6.187";"Sauerstoff";"Karlsruhe (CXX359)";"Rhein";"2021";"05.11.2021";"9,7";"mg/l"
"CXX359";"448.686";"5.428.915";"6.187";"Sauerstoff";"Karlsruhe (CXX359)";"Rhein";"2021";"06.11.2021";"9,8";"mg/l"
"CXX359";"448.686";"5.428.915";"6.187";"Sauerstoff";"Karlsruhe (CXX359)";"Rhein";"2021";"07.11.2021";"9,8";"mg/l"
"CXX359";"448.686";"5.428.915";"6.187";"Sauerstoff";"Karlsruhe (CXX359)";"Rhein";"2021";"08.11.2021";"10";"mg/l"
"CXX359";"448.686";"5.428.915";"6.187";"Sauerstoff";"Karlsruhe (CXX359)";"Rhein";"2021";"09.11.2021";"10,1";"mg/l"
"CXX359";"448.686";"5.428.915";"6.187";"Sauerstoff";"Karlsruhe (CXX359)";"Rhein";"2021";"10.11.2021";"10,2";"mg/l"
"CXX359";"448.686";"5.428.915";"6.187";"Sauerstoff";"Karlsruhe (CXX359)";"Rhein";"2021";"11.11.2021";"10,2";"mg/l"
"CXX359";"448.686";"5.428.915";"6.187";"Sauerstoff";"Karlsruhe (CXX359)";"Rhein";"2021";"12.11.2021";"10,2";"mg/l"
"CXX359";"448.686";"5.428.915";"6.187";"Sauerstoff";"Karlsruhe (CXX359)";"Rhein";"2021";"13.11.2021";"10,4";"mg/l"
"CXX359";"448.686";"5.428.915";"6.187";"Sauerstoff";"Karlsruhe (CXX359)";"Rhein";"2021";"14.11.2021";"10,4";"mg/l"
"CXX359";"448.686";"5.428.915";"6.187";"Sauerstoff";"Karlsruhe (CXX359)";"Rhein";"2021";"15.11.2021";"10,4";"mg/l"
"CXX359";"448.686";"5.428.915";"6.187";"Sauerstoff";"Karlsruhe (CXX359)";"Rhein";"2021";"16.11.2021";"10,4";"mg/l"
"CXX359";"448.686";"5.428.915";"6.187";"Sauerstoff";"Karlsruhe (CXX359)";"Rhein";"2021";"17.11.2021";"10,4";"mg/l"
"CXX359";"448.686";"5.428.915";"6.187";"Sauerstoff";"Karlsruhe (CXX359)";"Rhein";"2021";"18.11.2021";"10,6";"mg/l"
"CXX359";"448.686";"5.428.915";"6.187";"Sauerstoff";"Karlsruhe (CXX359)";"Rhein";"2021";"19.11.2021";"10,5";"mg/l"
"CXX359";"448.686";"5.428.915";"6.187";"Sauerstoff";"Karlsruhe (CXX359)";"Rhein";"2021";"20.11.2021";"10,5";"mg/l"
"CXX359";"448.686";"5.428.915";"6.187";"Sauerstoff";"Karlsruhe (CXX359)";"Rhein";"2021";"21.11.2021";"10,4";"mg/l"
"CXX359";"448.686";"5.428.915";"6.187";"Sauerstoff";"Karlsruhe (CXX359)";"Rhein";"2021";"22.11.2021";"10,4";"mg/l"
"CXX359";"448.686";"5.428.915";"6.187";"Sauerstoff";"Karlsruhe (CXX359)";"Rhein";"2021";"23.11.2021";"10,8";"mg/l"
"CXX359";"448.686";"5.428.915";"6.187";"Sauerstoff";"Karlsruhe (CXX359)";"Rhein";"2021";"24.11.2021";"10,9";"mg/l"
"CXX359";"448.686";"5.428.915";"6.187";"Sauerstoff";"Karlsruhe (CXX359)";"Rhein";"2021";"25.11.2021";"10,7";"mg/l"
"CXX359";"448.686";"5.428.915";"6.187";"Sauerstoff";"Karlsruhe (CXX359)";"Rhein";"2021";"26.11.2021";"10,8";"mg/l"
"CXX359";"448.686";"5.428.915";"6.187";"Sauerstoff";"Karlsruhe (CXX359)";"Rhein";"2021";"27.11.2021";"10,8";"mg/l"
"CXX359";"448.686";"5.428.915";"6.187";"Sauerstoff";"Karlsruhe (CXX359)";"Rhein";"2021";"28.11.2021";"10,8";"mg/l"
"CXX359";"448.686";"5.428.915";"6.187";"Sauerstoff";"Karlsruhe (CXX359)";"Rhein";"2021";"29.11.2021";"10,9";"mg/l"
"CXX359";"448.686";"5.428.915";"6.187";"Sauerstoff";"Karlsruhe (CXX359)";"Rhein";"2021";"30.11.2021";"11";"mg/l"
"CXX359";"448.686";"5.428.915";"6.187";"Sauerstoff";"Karlsruhe (CXX359)";"Rhein";"2021";"01.12.2021";"11,1";"mg/l"
"CXX359";"448.686";"5.428.915";"6.187";"Sauerstoff";"Karlsruhe (CXX359)";"Rhein";"2021";"02.12.2021";"11,1";"mg/l"
"CXX359";"448.686";"5.428.915";"6.187";"Sauerstoff";"Karlsruhe (CXX359)";"Rhein";"2021";"03.12.2021";"11,1";"mg/l"
"CXX359";"448.686";"5.428.915";"6.187";"Sauerstoff";"Karlsruhe (CXX359)";"Rhein";"2021";"04.12.2021";"11,1";"mg/l"
"CXX359";"448.686";"5.428.915";"6.187";"Sauerstoff";"Karlsruhe (CXX359)";"Rhein";"2021";"05.12.2021";"11,5";"mg/l"
"CXX359";"448.686";"5.428.915";"6.187";"Sauerstoff";"Karlsruhe (CXX359)";"Rhein";"2021";"06.12.2021";"11,9";"mg/l"
"CXX359";"448.686";"5.428.915";"6.187";"Sauerstoff";"Karlsruhe (CXX359)";"Rhein";"2021";"07.12.2021";"11,9";"mg/l"
"CXX359";"448.686";"5.428.915";"6.187";"Sauerstoff";"Karlsruhe (CXX359)";"Rhein";"2021";"08.12.2021";"11,5";"mg/l"
"CXX359";"448.686";"5.428.915";"6.187";"Sauerstoff";"Karlsruhe (CXX359)";"Rhein";"2021";"09.12.2021";"11,3";"mg/l"
"CXX359";"448.686";"5.428.915";"6.187";"Sauerstoff";"Karlsruhe (CXX359)";"Rhein";"2021";"10.12.2021";"11,3";"mg/l"
"CXX359";"448.686";"5.428.915";"6.187";"Sauerstoff";"Karlsruhe (CXX359)";"Rhein";"2021";"11.12.2021";"11,4";"mg/l"
"CXX359";"448.686";"5.428.915";"6.187";"Sauerstoff";"Karlsruhe (CXX359)";"Rhein";"2021";"12.12.2021";"11,5";"mg/l"
"CXX359";"448.686";"5.428.915";"6.187";"Sauerstoff";"Karlsruhe (CXX359)";"Rhein";"2021";"13.12.2021";"11,3";"mg/l"
"CXX359";"448.686";"5.428.915";"6.187";"Sauerstoff";"Karlsruhe (CXX359)";"Rhein";"2021";"14.12.2021";"11,2";"mg/l"
"CXX359";"448.686";"5.428.915";"6.187";"Sauerstoff";"Karlsruhe (CXX359)";"Rhein";"2021";"15.12.2021";"11,3";"mg/l"
"CXX359";"448.686";"5.428.915";"6.187";"Sauerstoff";"Karlsruhe (CXX359)";"Rhein";"2021";"16.12.2021";"11,4";"mg/l"
"CXX359";"448.686";"5.428.915";"6.187";"Sauerstoff";"Karlsruhe (CXX359)";"Rhein";"2021";"17.12.2021";"11,5";"mg/l"
"CXX359";"448.686";"5.428.915";"6.187";"Sauerstoff";"Karlsruhe (CXX359)";"Rhein";"2021";"18.12.2021";"11,6";"mg/l"
"CXX359";"448.686";"5.428.915";"6.187";"Sauerstoff";"Karlsruhe (CXX359)";"Rhein";"2021";"19.12.2021";"11,6";"mg/l"
"CXX359";"448.686";"5.428.915";"6.187";"Sauerstoff";"Karlsruhe (CXX359)";"Rhein";"2021";"20.12.2021";"11,5";"mg/l"
"CXX359";"448.686";"5.428.915";"6.187";"Sauerstoff";"Karlsruhe (CXX359)";"Rhein";"2021";"21.12.2021";"11,5";"mg/l"
"CXX359";"448.686";"5.428.915";"6.187";"Sauerstoff";"Karlsruhe (CXX359)";"Rhein";"2021";"22.12.2021";"11,5";"mg/l"
"CXX359";"448.686";"5.428.915";"6.187";"Sauerstoff";"Karlsruhe (CXX359)";"Rhein";"2021";"23.12.2021";"11,5";"mg/l"
"CXX359";"448.686";"5.428.915";"6.187";"Sauerstoff";"Karlsruhe (CXX359)";"Rhein";"2021";"24.12.2021";"11,5";"mg/l"
"CXX359";"448.686";"5.428.915";"6.187";"Sauerstoff";"Karlsruhe (CXX359)";"Rhein";"2021";"25.12.2021";"11,5";"mg/l"
"CXX359";"448.686";"5.428.915";"6.187";"Sauerstoff";"Karlsruhe (CXX359)";"Rhein";"2021";"26.12.2021";"11,4";"mg/l"
"CXX359";"448.686";"5.428.915";"6.187";"Sauerstoff";"Karlsruhe (CXX359)";"Rhein";"2021";"27.12.2021";"11,7";"mg/l"
"CXX359";"448.686";"5.428.915";"6.187";"Sauerstoff";"Karlsruhe (CXX359)";"Rhein";"2021";"28.12.2021";"11,6";"mg/l"
"CXX359";"448.686";"5.428.915";"6.187";"Sauerstoff";"Karlsruhe (CXX359)";"Rhein";"2021";"29.12.2021";"11,7";"mg/l"
"CXX359";"448.686";"5.428.915";"6.187";"Sauerstoff";"Karlsruhe (CXX359)";"Rhein";"2021";"30.12.2021";"12,2";"mg/l"
"CXX359";"448.686";"5.428.915";"6.187";"Sauerstoff";"Karlsruhe (CXX359)";"Rhein";"2021";"31.12.2021";"12,5";"mg/l"
"CXX359";"448.686";"5.428.915";"6.187";"Sauerstoff";"Karlsruhe (CXX359)";"Rhein";"2022";"01.01.2022";"12,7";"mg/l"
"CXX359";"448.686";"5.428.915";"6.187";"Sauerstoff";"Karlsruhe (CXX359)";"Rhein";"2022";"02.01.2022";"12,9";"mg/l"
"CXX359";"448.686";"5.428.915";"6.187";"Sauerstoff";"Karlsruhe (CXX359)";"Rhein";"2022";"03.01.2022";"12,5";"mg/l"
"CXX359";"448.686";"5.428.915";"6.187";"Sauerstoff";"Karlsruhe (CXX359)";"Rhein";"2022";"04.01.2022";"11,8";"mg/l"
"CXX359";"448.686";"5.428.915";"6.187";"Sauerstoff";"Karlsruhe (CXX359)";"Rhein";"2022";"05.01.2022";"11,7";"mg/l"
"CXX359";"448.686";"5.428.915";"6.187";"Sauerstoff";"Karlsruhe (CXX359)";"Rhein";"2022";"06.01.2022";"11,9";"mg/l"
"CXX359";"448.686";"5.428.915";"6.187";"Sauerstoff";"Karlsruhe (CXX359)";"Rhein";"2022";"07.01.2022";"12";"mg/l"
"CXX359";"448.686";"5.428.915";"6.187";"Sauerstoff";"Karlsruhe (CXX359)";"Rhein";"2022";"08.01.2022";"12,1";"mg/l"
"CXX359";"448.686";"5.428.915";"6.187";"Sauerstoff";"Karlsruhe (CXX359)";"Rhein";"2022";"09.01.2022";"11,9";"mg/l"
"CXX359";"448.686";"5.428.915";"6.187";"Sauerstoff";"Karlsruhe (CXX359)";"Rhein";"2022";"10.01.2022";"12";"mg/l"
"CXX359";"448.686";"5.428.915";"6.187";"Sauerstoff";"Karlsruhe (CXX359)";"Rhein";"2022";"11.01.2022";"12,1";"mg/l"
"CXX359";"448.686";"5.428.915";"6.187";"Sauerstoff";"Karlsruhe (CXX359)";"Rhein";"2022";"12.01.2022";"12,1";"mg/l"
"CXX359";"448.686";"5.428.915";"6.187";"Sauerstoff";"Karlsruhe (CXX359)";"Rhein";"2022";"13.01.2022";"12,3";"mg/l"
"CXX359";"448.686";"5.428.915";"6.187";"Sauerstoff";"Karlsruhe (CXX359)";"Rhein";"2022";"14.01.2022";"12,2";"mg/l"
"CXX359";"448.686";"5.428.915";"6.187";"Sauerstoff";"Karlsruhe (CXX359)";"Rhein";"2022";"15.01.2022";"12";"mg/l"
"CXX359";"448.686";"5.428.915";"6.187";"Sauerstoff";"Karlsruhe (CXX359)";"Rhein";"2022";"16.01.2022";"12";"mg/l"
"CXX359";"448.686";"5.428.915";"6.187";"Sauerstoff";"Karlsruhe (CXX359)";"Rhein";"2022";"17.01.2022";"12";"mg/l"
"CXX359";"448.686";"5.428.915";"6.187";"Sauerstoff";"Karlsruhe (CXX359)";"Rhein";"2022";"18.01.2022";"12,1";"mg/l"
"CXX359";"448.686";"5.428.915";"6.187";"Sauerstoff";"Karlsruhe (CXX359)";"Rhein";"2022";"19.01.2022";"12,1";"mg/l"
"CXX359";"448.686";"5.428.915";"6.187";"Sauerstoff";"Karlsruhe (CXX359)";"Rhein";"2022";"20.01.2022";"12";"mg/l"
"CXX359";"448.686";"5.428.915";"6.187";"Sauerstoff";"Karlsruhe (CXX359)";"Rhein";"2022";"21.01.2022";"11,9";"mg/l"
"CXX359";"448.686";"5.428.915";"6.187";"Sauerstoff";"Karlsruhe (CXX359)";"Rhein";"2022";"22.01.2022";"11,9";"mg/l"
"CXX359";"448.686";"5.428.915";"6.187";"Sauerstoff";"Karlsruhe (CXX359)";"Rhein";"2022";"23.01.2022";"11,8";"mg/l"
"CXX359";"448.686";"5.428.915";"6.187";"Sauerstoff";"Karlsruhe (CXX359)";"Rhein";"2022";"24.01.2022";"12,2";"mg/l"
"CXX359";"448.686";"5.428.915";"6.187";"Sauerstoff";"Karlsruhe (CXX359)";"Rhein";"2022";"25.01.2022";"12,3";"mg/l"
"CXX359";"448.686";"5.428.915";"6.187";"Sauerstoff";"Karlsruhe (CXX359)";"Rhein";"2022";"26.01.2022";"12,2";"mg/l"
"CXX359";"448.686";"5.428.915";"6.187";"Sauerstoff";"Karlsruhe (CXX359)";"Rhein";"2022";"27.01.2022";"12,3";"mg/l"
"CXX359";"448.686";"5.428.915";"6.187";"Sauerstoff";"Karlsruhe (CXX359)";"Rhein";"2022";"28.01.2022";"12,5";"mg/l"
"CXX359";"448.686";"5.428.915";"6.187";"Sauerstoff";"Karlsruhe (CXX359)";"Rhein";"2022";"29.01.2022";"12,5";"mg/l"
"CXX359";"448.686";"5.428.915";"6.187";"Sauerstoff";"Karlsruhe (CXX359)";"Rhein";"2022";"30.01.2022";"12,5";"mg/l"
"CXX359";"448.686";"5.428.915";"6.187";"Sauerstoff";"Karlsruhe (CXX359)";"Rhein";"2022";"31.01.2022";"12,4";"mg/l"
"CXX359";"448.686";"5.428.915";"6.187";"Sauerstoff";"Karlsruhe (CXX359)";"Rhein";"2022";"01.02.2022";"12,4";"mg/l"
"CXX359";"448.686";"5.428.915";"6.187";"Sauerstoff";"Karlsruhe (CXX359)";"Rhein";"2022";"02.02.2022";"12,4";"mg/l"
"CXX359";"448.686";"5.428.915";"6.187";"Sauerstoff";"Karlsruhe (CXX359)";"Rhein";"2022";"03.02.2022";"12,4";"mg/l"
"CXX359";"448.686";"5.428.915";"6.187";"Sauerstoff";"Karlsruhe (CXX359)";"Rhein";"2022";"04.02.2022";"12,4";"mg/l"
"CXX359";"448.686";"5.428.915";"6.187";"Sauerstoff";"Karlsruhe (CXX359)";"Rhein";"2022";"05.02.2022";"12,2";"mg/l"
"CXX359";"448.686";"5.428.915";"6.187";"Sauerstoff";"Karlsruhe (CXX359)";"Rhein";"2022";"06.02.2022";"12,2";"mg/l"
"CXX359";"448.686";"5.428.915";"6.187";"Sauerstoff";"Karlsruhe (CXX359)";"Rhein";"2022";"07.02.2022";"12,1";"mg/l"
"CXX359";"448.686";"5.428.915";"6.187";"Sauerstoff";"Karlsruhe (CXX359)";"Rhein";"2022";"08.02.2022";"12,4";"mg/l"
"CXX359";"448.686";"5.428.915";"6.187";"Sauerstoff";"Karlsruhe (CXX359)";"Rhein";"2022";"09.02.2022";"12,3";"mg/l"
"CXX359";"448.686";"5.428.915";"6.187";"Sauerstoff";"Karlsruhe (CXX359)";"Rhein";"2022";"10.02.2022";"11,8";"mg/l"
"CXX359";"448.686";"5.428.915";"6.187";"Sauerstoff";"Karlsruhe (CXX359)";"Rhein";"2022";"11.02.2022";"11,5";"mg/l"
"CXX359";"448.686";"5.428.915";"6.187";"Sauerstoff";"Karlsruhe (CXX359)";"Rhein";"2022";"12.02.2022";"11,5";"mg/l"
"CXX359";"448.686";"5.428.915";"6.187";"Sauerstoff";"Karlsruhe (CXX359)";"Rhein";"2022";"13.02.2022";"11,6";"mg/l"
"CXX359";"448.686";"5.428.915";"6.187";"Sauerstoff";"Karlsruhe (CXX359)";"Rhein";"2022";"14.02.2022";"11,8";"mg/l"
"CXX359";"448.686";"5.428.915";"6.187";"Sauerstoff";"Karlsruhe (CXX359)";"Rhein";"2022";"15.02.2022";"11,7";"mg/l"
"CXX359";"448.686";"5.428.915";"6.187";"Sauerstoff";"Karlsruhe (CXX359)";"Rhein";"2022";"16.02.2022";"11,7";"mg/l"
"CXX359";"448.686";"5.428.915";"6.187";"Sauerstoff";"Karlsruhe (CXX359)";"Rhein";"2022";"17.02.2022";"11,6";"mg/l"
"CXX359";"448.686";"5.428.915";"6.187";"Sauerstoff";"Karlsruhe (CXX359)";"Rhein";"2022";"18.02.2022";"11,8";"mg/l"
"CXX359";"448.686";"5.428.915";"6.187";"Sauerstoff";"Karlsruhe (CXX359)";"Rhein";"2022";"19.02.2022";"11,8";"mg/l"
"CXX359";"448.686";"5.428.915";"6.187";"Sauerstoff";"Karlsruhe (CXX359)";"Rhein";"2022";"20.02.2022";"11,7";"mg/l"
"CXX359";"448.686";"5.428.915";"6.187";"Sauerstoff";"Karlsruhe (CXX359)";"Rhein";"2022";"21.02.2022";"11,3";"mg/l"
"CXX359";"448.686";"5.428.915";"6.187";"Sauerstoff";"Karlsruhe (CXX359)";"Rhein";"2022";"22.02.2022";"11,5";"mg/l"
"CXX359";"448.686";"5.428.915";"6.187";"Sauerstoff";"Karlsruhe (CXX359)";"Rhein";"2022";"23.02.2022";"11,6";"mg/l"
"CXX359";"448.686";"5.428.915";"6.187";"Sauerstoff";"Karlsruhe (CXX359)";"Rhein";"2022";"24.02.2022";"11,5";"mg/l"
"CXX359";"448.686";"5.428.915";"6.187";"Sauerstoff";"Karlsruhe (CXX359)";"Rhein";"2022";"25.02.2022";"11,6";"mg/l"
"CXX359";"448.686";"5.428.915";"6.187";"Sauerstoff";"Karlsruhe (CXX359)";"Rhein";"2022";"26.02.2022";"11,6";"mg/l"
"CXX359";"448.686";"5.428.915";"6.187";"Sauerstoff";"Karlsruhe (CXX359)";"Rhein";"2022";"27.02.2022";"11,7";"mg/l"
"CXX359";"448.686";"5.428.915";"6.187";"Sauerstoff";"Karlsruhe (CXX359)";"Rhein";"2022";"28.02.2022";"11,5";"mg/l"
"CXX359";"448.686";"5.428.915";"6.187";"Sauerstoff";"Karlsruhe (CXX359)";"Rhein";"2022";"01.03.2022";"11,6";"mg/l"
"CXX359";"448.686";"5.428.915";"6.187";"Sauerstoff";"Karlsruhe (CXX359)";"Rhein";"2022";"02.03.2022";"11,6";"mg/l"
"CXX359";"448.686";"5.428.915";"6.187";"Sauerstoff";"Karlsruhe (CXX359)";"Rhein";"2022";"03.03.2022";"11,7";"mg/l"
"CXX359";"448.686";"5.428.915";"6.187";"Sauerstoff";"Karlsruhe (CXX359)";"Rhein";"2022";"04.03.2022";"11,7";"mg/l"
"CXX359";"448.686";"5.428.915";"6.187";"Sauerstoff";"Karlsruhe (CXX359)";"Rhein";"2022";"05.03.2022";"11,8";"mg/l"
"CXX359";"448.686";"5.428.915";"6.187";"Sauerstoff";"Karlsruhe (CXX359)";"Rhein";"2022";"06.03.2022";"11,8";"mg/l"
"CXX359";"448.686";"5.428.915";"6.187";"Sauerstoff";"Karlsruhe (CXX359)";"Rhein";"2022";"07.03.2022";"11,9";"mg/l"
"CXX359";"448.686";"5.428.915";"6.187";"Sauerstoff";"Karlsruhe (CXX359)";"Rhein";"2022";"08.03.2022";"11,9";"mg/l"
"CXX359";"448.686";"5.428.915";"6.187";"Sauerstoff";"Karlsruhe (CXX359)";"Rhein";"2022";"09.03.2022";"12";"mg/l"
"CXX359";"448.686";"5.428.915";"6.187";"Sauerstoff";"Karlsruhe (CXX359)";"Rhein";"2022";"10.03.2022";"12";"mg/l"
"CXX359";"448.686";"5.428.915";"6.187";"Sauerstoff";"Karlsruhe (CXX359)";"Rhein";"2022";"11.03.2022";"12,2";"mg/l"
"CXX359";"448.686";"5.428.915";"6.187";"Sauerstoff";"Karlsruhe (CXX359)";"Rhein";"2022";"12.03.2022";"12,3";"mg/l"
"CXX359";"448.686";"5.428.915";"6.187";"Sauerstoff";"Karlsruhe (CXX359)";"Rhein";"2022";"13.03.2022";"12,3";"mg/l"
"CXX359";"448.686";"5.428.915";"6.187";"Sauerstoff";"Karlsruhe (CXX359)";"Rhein";"2022";"14.03.2022";"12,4";"mg/l"
"CXX359";"448.686";"5.428.915";"6.187";"Sauerstoff";"Karlsruhe (CXX359)";"Rhein";"2022";"15.03.2022";"12";"mg/l"
"CXX359";"448.686";"5.428.915";"6.187";"Sauerstoff";"Karlsruhe (CXX359)";"Rhein";"2022";"16.03.2022";"12,1";"mg/l"
"CXX359";"448.686";"5.428.915";"6.187";"Sauerstoff";"Karlsruhe (CXX359)";"Rhein";"2022";"17.03.2022";"11,4";"mg/l"
"CXX359";"448.686";"5.428.915";"6.187";"Sauerstoff";"Karlsruhe (CXX359)";"Rhein";"2022";"18.03.2022";"11,9";"mg/l"
"CXX359";"448.686";"5.428.915";"6.187";"Sauerstoff";"Karlsruhe (CXX359)";"Rhein";"2022";"19.03.2022";"12,3";"mg/l"
"CXX359";"448.686";"5.428.915";"6.187";"Sauerstoff";"Karlsruhe (CXX359)";"Rhein";"2022";"20.03.2022";"12,3";"mg/l"
"CXX359";"448.686";"5.428.915";"6.187";"Sauerstoff";"Karlsruhe (CXX359)";"Rhein";"2022";"21.03.2022";"12,3";"mg/l"
"CXX359";"448.686";"5.428.915";"6.187";"Sauerstoff";"Karlsruhe (CXX359)";"Rhein";"2022";"22.03.2022";"12,6";"mg/l"
"CXX359";"448.686";"5.428.915";"6.187";"Sauerstoff";"Karlsruhe (CXX359)";"Rhein";"2022";"23.03.2022";"12,6";"mg/l"
"CXX359";"448.686";"5.428.915";"6.187";"Sauerstoff";"Karlsruhe (CXX359)";"Rhein";"2022";"24.03.2022";"12,7";"mg/l"
"CXX359";"448.686";"5.428.915";"6.187";"Sauerstoff";"Karlsruhe (CXX359)";"Rhein";"2022";"25.03.2022";"12,8";"mg/l"
"CXX359";"448.686";"5.428.915";"6.187";"Sauerstoff";"Karlsruhe (CXX359)";"Rhein";"2022";"26.03.2022";"12,6";"mg/l"
"CXX359";"448.686";"5.428.915";"6.187";"Sauerstoff";"Karlsruhe (CXX359)";"Rhein";"2022";"27.03.2022";"12,5";"mg/l"
"CXX359";"448.686";"5.428.915";"6.187";"Sauerstoff";"Karlsruhe (CXX359)";"Rhein";"2022";"28.03.2022";"12,5";"mg/l"
"CXX359";"448.686";"5.428.915";"6.187";"Sauerstoff";"Karlsruhe (CXX359)";"Rhein";"2022";"29.03.2022";"12,2";"mg/l"
"CXX359";"448.686";"5.428.915";"6.187";"Sauerstoff";"Karlsruhe (CXX359)";"Rhein";"2022";"30.03.2022";"11,3";"mg/l"
"CXX359";"448.686";"5.428.915";"6.187";"Sauerstoff";"Karlsruhe (CXX359)";"Rhein";"2022";"31.03.2022";"11,1";"mg/l"
"CXX359";"448.686";"5.428.915";"6.187";"Sauerstoff";"Karlsruhe (CXX359)";"Rhein";"2022";"01.04.2022";"10,8";"mg/l"
"CXX359";"448.686";"5.428.915";"6.187";"Sauerstoff";"Karlsruhe (CXX359)";"Rhein";"2022";"02.04.2022";"10,7";"mg/l"
"CXX359";"448.686";"5.428.915";"6.187";"Sauerstoff";"Karlsruhe (CXX359)";"Rhein";"2022";"03.04.2022";"10,9";"mg/l"
"CXX359";"448.686";"5.428.915";"6.187";"Sauerstoff";"Karlsruhe (CXX359)";"Rhein";"2022";"04.04.2022";"11,2";"mg/l"
"CXX359";"448.686";"5.428.915";"6.187";"Sauerstoff";"Karlsruhe (CXX359)";"Rhein";"2022";"05.04.2022";"10,9";"mg/l"
"CXX359";"448.686";"5.428.915";"6.187";"Sauerstoff";"Karlsruhe (CXX359)";"Rhein";"2022";"06.04.2022";"10,8";"mg/l"
"CXX359";"448.686";"5.428.915";"6.187";"Sauerstoff";"Karlsruhe (CXX359)";"Rhein";"2022";"07.04.2022";"10,8";"mg/l"
"CXX359";"448.686";"5.428.915";"6.187";"Sauerstoff";"Karlsruhe (CXX359)";"Rhein";"2022";"08.04.2022";"10,8";"mg/l"
"CXX359";"448.686";"5.428.915";"6.187";"Sauerstoff";"Karlsruhe (CXX359)";"Rhein";"2022";"09.04.2022";"11";"mg/l"
"CXX359";"448.686";"5.428.915";"6.187";"Sauerstoff";"Karlsruhe (CXX359)";"Rhein";"2022";"10.04.2022";"11";"mg/l"
"CXX359";"448.686";"5.428.915";"6.187";"Sauerstoff";"Karlsruhe (CXX359)";"Rhein";"2022";"11.04.2022";"11,2";"mg/l"
"CXX359";"448.686";"5.428.915";"6.187";"Sauerstoff";"Karlsruhe (CXX359)";"Rhein";"2022";"12.04.2022";"10,8";"mg/l"
"CXX359";"448.686";"5.428.915";"6.187";"Sauerstoff";"Karlsruhe (CXX359)";"Rhein";"2022";"13.04.2022";"10,8";"mg/l"
"CXX359";"448.686";"5.428.915";"6.187";"Sauerstoff";"Karlsruhe (CXX359)";"Rhein";"2022";"14.04.2022";"10,9";"mg/l"
"CXX359";"448.686";"5.428.915";"6.187";"Sauerstoff";"Karlsruhe (CXX359)";"Rhein";"2022";"15.04.2022";"10,9";"mg/l"
"CXX359";"448.686";"5.428.915";"6.187";"Sauerstoff";"Karlsruhe (CXX359)";"Rhein";"2022";"16.04.2022";"11";"mg/l"
"CXX359";"448.686";"5.428.915";"6.187";"Sauerstoff";"Karlsruhe (CXX359)";"Rhein";"2022";"17.04.2022";"11";"mg/l"
"CXX359";"448.686";"5.428.915";"6.187";"Sauerstoff";"Karlsruhe (CXX359)";"Rhein";"2022";"18.04.2022";"10,9";"mg/l"
"CXX359";"448.686";"5.428.915";"6.187";"Sauerstoff";"Karlsruhe (CXX359)";"Rhein";"2022";"19.04.2022";"11,1";"mg/l"
"CXX359";"448.686";"5.428.915";"6.187";"Sauerstoff";"Karlsruhe (CXX359)";"Rhein";"2022";"20.04.2022";"11";"mg/l"
"CXX359";"448.686";"5.428.915";"6.187";"Sauerstoff";"Karlsruhe (CXX359)";"Rhein";"2022";"21.04.2022";"11,1";"mg/l"
"CXX359";"448.686";"5.428.915";"6.187";"Sauerstoff";"Karlsruhe (CXX359)";"Rhein";"2022";"22.04.2022";"11,2";"mg/l"
"CXX359";"448.686";"5.428.915";"6.187";"Sauerstoff";"Karlsruhe (CXX359)";"Rhein";"2022";"23.04.2022";"10,9";"mg/l"
"CXX359";"448.686";"5.428.915";"6.187";"Sauerstoff";"Karlsruhe (CXX359)";"Rhein";"2022";"24.04.2022";"10";"mg/l"
"CXX359";"448.686";"5.428.915";"6.187";"Sauerstoff";"Karlsruhe (CXX359)";"Rhein";"2022";"25.04.2022";"10";"mg/l"
"CXX359";"448.686";"5.428.915";"6.187";"Sauerstoff";"Karlsruhe (CXX359)";"Rhein";"2022";"26.04.2022";"10,1";"mg/l"
"CXX359";"448.686";"5.428.915";"6.187";"Sauerstoff";"Karlsruhe (CXX359)";"Rhein";"2022";"27.04.2022";"10";"mg/l"
"CXX359";"448.686";"5.428.915";"6.187";"Sauerstoff";"Karlsruhe (CXX359)";"Rhein";"2022";"28.04.2022";"10,4";"mg/l"
"CXX359";"448.686";"5.428.915";"6.187";"Sauerstoff";"Karlsruhe (CXX359)";"Rhein";"2022";"29.04.2022";"10,5";"mg/l"
"CXX359";"448.686";"5.428.915";"6.187";"Sauerstoff";"Karlsruhe (CXX359)";"Rhein";"2022";"30.04.2022";"10,2";"mg/l"
"CXX359";"448.686";"5.428.915";"6.187";"Sauerstoff";"Karlsruhe (CXX359)";"Rhein";"2022";"01.05.2022";"10,3";"mg/l"
"CXX359";"448.686";"5.428.915";"6.187";"Sauerstoff";"Karlsruhe (CXX359)";"Rhein";"2022";"02.05.2022";"10,5";"mg/l"
"CXX359";"448.686";"5.428.915";"6.187";"Sauerstoff";"Karlsruhe (CXX359)";"Rhein";"2022";"03.05.2022";"10,4";"mg/l"
"CXX359";"448.686";"5.428.915";"6.187";"Sauerstoff";"Karlsruhe (CXX359)";"Rhein";"2022";"04.05.2022";"10,4";"mg/l"
"CXX359";"448.686";"5.428.915";"6.187";"Sauerstoff";"Karlsruhe (CXX359)";"Rhein";"2022";"05.05.2022";"9,9";"mg/l"
"CXX359";"448.686";"5.428.915";"6.187";"Sauerstoff";"Karlsruhe (CXX359)";"Rhein";"2022";"06.05.2022";"9,9";"mg/l"
"CXX359";"448.686";"5.428.915";"6.187";"Sauerstoff";"Karlsruhe (CXX359)";"Rhein";"2022";"07.05.2022";"10";"mg/l"
"CXX359";"448.686";"5.428.915";"6.187";"Sauerstoff";"Karlsruhe (CXX359)";"Rhein";"2022";"08.05.2022";"10";"mg/l"
"CXX359";"448.686";"5.428.915";"6.187";"Sauerstoff";"Karlsruhe (CXX359)";"Rhein";"2022";"09.05.2022";"10";"mg/l"
"CXX359";"448.686";"5.428.915";"6.187";"Sauerstoff";"Karlsruhe (CXX359)";"Rhein";"2022";"10.05.2022";"9,9";"mg/l"
"CXX359";"448.686";"5.428.915";"6.187";"Sauerstoff";"Karlsruhe (CXX359)";"Rhein";"2022";"11.05.2022";"9,5";"mg/l"
"CXX359";"448.686";"5.428.915";"6.187";"Sauerstoff";"Karlsruhe (CXX359)";"Rhein";"2022";"12.05.2022";"9,3";"mg/l"
"CXX359";"448.686";"5.428.915";"6.187";"Sauerstoff";"Karlsruhe (CXX359)";"Rhein";"2022";"13.05.2022";"9,2";"mg/l"
"CXX359";"448.686";"5.428.915";"6.187";"Sauerstoff";"Karlsruhe (CXX359)";"Rhein";"2022";"14.05.2022";"9,3";"mg/l"
"CXX359";"448.686";"5.428.915";"6.187";"Sauerstoff";"Karlsruhe (CXX359)";"Rhein";"2022";"15.05.2022";"9,4";"mg/l"
"CXX359";"448.686";"5.428.915";"6.187";"Sauerstoff";"Karlsruhe (CXX359)";"Rhein";"2022";"16.05.2022";"9,1";"mg/l"
"CXX359";"448.686";"5.428.915";"6.187";"Sauerstoff";"Karlsruhe (CXX359)";"Rhein";"2022";"17.05.2022";"9,1";"mg/l"
"CXX359";"448.686";"5.428.915";"6.187";"Sauerstoff";"Karlsruhe (CXX359)";"Rhein";"2022";"18.05.2022";"9,3";"mg/l"
"CXX359";"448.686";"5.428.915";"6.187";"Sauerstoff";"Karlsruhe (CXX359)";"Rhein";"2022";"19.05.2022";"9,3";"mg/l"
"CXX359";"448.686";"5.428.915";"6.187";"Sauerstoff";"Karlsruhe (CXX359)";"Rhein";"2022";"20.05.2022";"9,2";"mg/l"
"CXX359";"448.686";"5.428.915";"6.187";"Sauerstoff";"Karlsruhe (CXX359)";"Rhein";"2022";"21.05.2022";"9";"mg/l"
"CXX359";"448.686";"5.428.915";"6.187";"Sauerstoff";"Karlsruhe (CXX359)";"Rhein";"2022";"22.05.2022";"9,1";"mg/l"
"CXX359";"448.686";"5.428.915";"6.187";"Sauerstoff";"Karlsruhe (CXX359)";"Rhein";"2022";"23.05.2022";"8,5";"mg/l"
"CXX359";"448.686";"5.428.915";"6.187";"Sauerstoff";"Karlsruhe (CXX359)";"Rhein";"2022";"24.05.2022";"8,2";"mg/l"
"CXX359";"448.686";"5.428.915";"6.187";"Sauerstoff";"Karlsruhe (CXX359)";"Rhein";"2022";"25.05.2022";"8,4";"mg/l"
"CXX359";"448.686";"5.428.915";"6.187";"Sauerstoff";"Karlsruhe (CXX359)";"Rhein";"2022";"26.05.2022";"8,4";"mg/l"
"CXX359";"448.686";"5.428.915";"6.187";"Sauerstoff";"Karlsruhe (CXX359)";"Rhein";"2022";"27.05.2022";"8,3";"mg/l"
"CXX359";"448.686";"5.428.915";"6.187";"Sauerstoff";"Karlsruhe (CXX359)";"Rhein";"2022";"28.05.2022";"8,3";"mg/l"
"CXX359";"448.686";"5.428.915";"6.187";"Sauerstoff";"Karlsruhe (CXX359)";"Rhein";"2022";"29.05.2022";"8,4";"mg/l"
"CXX359";"448.686";"5.428.915";"6.187";"Sauerstoff";"Karlsruhe (CXX359)";"Rhein";"2022";"30.05.2022";"8,7";"mg/l"
"CXX359";"448.686";"5.428.915";"6.187";"Sauerstoff";"Karlsruhe (CXX359)";"Rhein";"2022";"31.05.2022";"8,8";"mg/l"
"CXX359";"448.686";"5.428.915";"6.187";"Sauerstoff";"Karlsruhe (CXX359)";"Rhein";"2022";"01.06.2022";"9,1";"mg/l"
"CXX359";"448.686";"5.428.915";"6.187";"Sauerstoff";"Karlsruhe (CXX359)";"Rhein";"2022";"02.06.2022";"9,4";"mg/l"
"CXX359";"448.686";"5.428.915";"6.187";"Sauerstoff";"Karlsruhe (CXX359)";"Rhein";"2022";"03.06.2022";"9,4";"mg/l"
"CXX359";"448.686";"5.428.915";"6.187";"Sauerstoff";"Karlsruhe (CXX359)";"Rhein";"2022";"04.06.2022";"9,5";"mg/l"
"CXX359";"448.686";"5.428.915";"6.187";"Sauerstoff";"Karlsruhe (CXX359)";"Rhein";"2022";"05.06.2022";"9,2";"mg/l"
"CXX359";"448.686";"5.428.915";"6.187";"Sauerstoff";"Karlsruhe (CXX359)";"Rhein";"2022";"06.06.2022";"8,9";"mg/l"
"CXX359";"448.686";"5.428.915";"6.187";"Sauerstoff";"Karlsruhe (CXX359)";"Rhein";"2022";"07.06.2022";"8,8";"mg/l"
"CXX359";"448.686";"5.428.915";"6.187";"Sauerstoff";"Karlsruhe (CXX359)";"Rhein";"2022";"08.06.2022";"8,5";"mg/l"
"CXX359";"448.686";"5.428.915";"6.187";"Sauerstoff";"Karlsruhe (CXX359)";"Rhein";"2022";"09.06.2022";"8,3";"mg/l"
"CXX359";"448.686";"5.428.915";"6.187";"Sauerstoff";"Karlsruhe (CXX359)";"Rhein";"2022";"10.06.2022";"8,6";"mg/l"
"CXX359";"448.686";"5.428.915";"6.187";"Sauerstoff";"Karlsruhe (CXX359)";"Rhein";"2022";"11.06.2022";"8,7";"mg/l"
"CXX359";"448.686";"5.428.915";"6.187";"Sauerstoff";"Karlsruhe (CXX359)";"Rhein";"2022";"12.06.2022";"8,7";"mg/l"
"CXX359";"448.686";"5.428.915";"6.187";"Sauerstoff";"Karlsruhe (CXX359)";"Rhein";"2022";"13.06.2022";"8,8";"mg/l"
"CXX359";"448.686";"5.428.915";"6.187";"Sauerstoff";"Karlsruhe (CXX359)";"Rhein";"2022";"14.06.2022";"9";"mg/l"
"CXX359";"448.686";"5.428.915";"6.187";"Sauerstoff";"Karlsruhe (CXX359)";"Rhein";"2022";"15.06.2022";"9,1";"mg/l"
"CXX359";"448.686";"5.428.915";"6.187";"Sauerstoff";"Karlsruhe (CXX359)";"Rhein";"2022";"16.06.2022";"9,1";"mg/l"
"CXX359";"448.686";"5.428.915";"6.187";"Sauerstoff";"Karlsruhe (CXX359)";"Rhein";"2022";"17.06.2022";"9";"mg/l"
"CXX359";"448.686";"5.428.915";"6.187";"Sauerstoff";"Karlsruhe (CXX359)";"Rhein";"2022";"18.06.2022";"8,9";"mg/l"
"CXX359";"448.686";"5.428.915";"6.187";"Sauerstoff";"Karlsruhe (CXX359)";"Rhein";"2022";"19.06.2022";"8,9";"mg/l"
"CXX359";"448.686";"5.428.915";"6.187";"Sauerstoff";"Karlsruhe (CXX359)";"Rhein";"2022";"20.06.2022";"8,5";"mg/l"
"CXX359";"448.686";"5.428.915";"6.187";"Sauerstoff";"Karlsruhe (CXX359)";"Rhein";"2022";"21.06.2022";"8,6";"mg/l"
"CXX359";"448.686";"5.428.915";"6.187";"Sauerstoff";"Karlsruhe (CXX359)";"Rhein";"2022";"22.06.2022";"8,1";"mg/l"
"CXX359";"448.686";"5.428.915";"6.187";"Sauerstoff";"Karlsruhe (CXX359)";"Rhein";"2022";"23.06.2022";"8";"mg/l"
"CXX359";"448.686";"5.428.915";"6.187";"Sauerstoff";"Karlsruhe (CXX359)";"Rhein";"2022";"24.06.2022";"7,6";"mg/l"
"CXX359";"448.686";"5.428.915";"6.187";"Sauerstoff";"Karlsruhe (CXX359)";"Rhein";"2022";"25.06.2022";"7,5";"mg/l"
"CXX359";"448.686";"5.428.915";"6.187";"Sauerstoff";"Karlsruhe (CXX359)";"Rhein";"2022";"26.06.2022";"7,6";"mg/l"
"CXX359";"448.686";"5.428.915";"6.187";"Sauerstoff";"Karlsruhe (CXX359)";"Rhein";"2022";"27.06.2022";"7,2";"mg/l"
"CXX359";"448.686";"5.428.915";"6.187";"Sauerstoff";"Karlsruhe (CXX359)";"Rhein";"2022";"28.06.2022";"7,2";"mg/l"
"CXX359";"448.686";"5.428.915";"6.187";"Sauerstoff";"Karlsruhe (CXX359)";"Rhein";"2022";"29.06.2022";"7,3";"mg/l"
"CXX359";"448.686";"5.428.915";"6.187";"Sauerstoff";"Karlsruhe (CXX359)";"Rhein";"2022";"30.06.2022";"7,5";"mg/l"
"CXX359";"448.686";"5.428.915";"6.187";"Sauerstoff";"Karlsruhe (CXX359)";"Rhein";"2022";"01.07.2022";"7,6";"mg/l"
"CXX359";"448.686";"5.428.915";"6.187";"Sauerstoff";"Karlsruhe (CXX359)";"Rhein";"2022";"02.07.2022";"7,9";"mg/l"
"CXX359";"448.686";"5.428.915";"6.187";"Sauerstoff";"Karlsruhe (CXX359)";"Rhein";"2022";"03.07.2022";"8,4";"mg/l"
"CXX359";"448.686";"5.428.915";"6.187";"Sauerstoff";"Karlsruhe (CXX359)";"Rhein";"2022";"04.07.2022";"8,4";"mg/l"
"CXX359";"448.686";"5.428.915";"6.187";"Sauerstoff";"Karlsruhe (CXX359)";"Rhein";"2022";"05.07.2022";"8,5";"mg/l"
"CXX359";"448.686";"5.428.915";"6.187";"Sauerstoff";"Karlsruhe (CXX359)";"Rhein";"2022";"06.07.2022";"8,3";"mg/l"
"CXX359";"448.686";"5.428.915";"6.187";"Sauerstoff";"Karlsruhe (CXX359)";"Rhein";"2022";"07.07.2022";"8";"mg/l"
"CXX359";"448.686";"5.428.915";"6.187";"Sauerstoff";"Karlsruhe (CXX359)";"Rhein";"2022";"08.07.2022";"8,3";"mg/l"
"CXX359";"448.686";"5.428.915";"6.187";"Sauerstoff";"Karlsruhe (CXX359)";"Rhein";"2022";"09.07.2022";"8,4";"mg/l"
"CXX359";"448.686";"5.428.915";"6.187";"Sauerstoff";"Karlsruhe (CXX359)";"Rhein";"2022";"10.07.2022";"8,1";"mg/l"
"CXX359";"448.686";"5.428.915";"6.187";"Sauerstoff";"Karlsruhe (CXX359)";"Rhein";"2022";"11.07.2022";"7,8";"mg/l"
"CXX359";"448.686";"5.428.915";"6.187";"Sauerstoff";"Karlsruhe (CXX359)";"Rhein";"2022";"12.07.2022";"8,1";"mg/l"
"CXX359";"448.686";"5.428.915";"6.187";"Sauerstoff";"Karlsruhe (CXX359)";"Rhein";"2022";"13.07.2022";"8,3";"mg/l"
"CXX359";"448.686";"5.428.915";"6.187";"Sauerstoff";"Karlsruhe (CXX359)";"Rhein";"2022";"14.07.2022";"8,6";"mg/l"
"CXX359";"448.686";"5.428.915";"6.187";"Sauerstoff";"Karlsruhe (CXX359)";"Rhein";"2022";"15.07.2022";"9,1";"mg/l"
"CXX359";"448.686";"5.428.915";"6.187";"Sauerstoff";"Karlsruhe (CXX359)";"Rhein";"2022";"16.07.2022";"9";"mg/l"
"CXX359";"448.686";"5.428.915";"6.187";"Sauerstoff";"Karlsruhe (CXX359)";"Rhein";"2022";"17.07.2022";"9";"mg/l"
"CXX359";"448.686";"5.428.915";"6.187";"Sauerstoff";"Karlsruhe (CXX359)";"Rhein";"2022";"18.07.2022";"9,5";"mg/l"
"CXX359";"448.686";"5.428.915";"6.187";"Sauerstoff";"Karlsruhe (CXX359)";"Rhein";"2022";"19.07.2022";"9,6";"mg/l"
"CXX359";"448.686";"5.428.915";"6.187";"Sauerstoff";"Karlsruhe (CXX359)";"Rhein";"2022";"20.07.2022";"9,4";"mg/l"
"CXX359";"448.686";"5.428.915";"6.187";"Sauerstoff";"Karlsruhe (CXX359)";"Rhein";"2022";"21.07.2022";"9";"mg/l"
"CXX359";"448.686";"5.428.915";"6.187";"Sauerstoff";"Karlsruhe (CXX359)";"Rhein";"2022";"22.07.2022";"9";"mg/l"
"CXX359";"448.686";"5.428.915";"6.187";"Sauerstoff";"Karlsruhe (CXX359)";"Rhein";"2022";"23.07.2022";"8,6";"mg/l"
"CXX359";"448.686";"5.428.915";"6.187";"Sauerstoff";"Karlsruhe (CXX359)";"Rhein";"2022";"24.07.2022";"8,7";"mg/l"
"CXX359";"448.686";"5.428.915";"6.187";"Sauerstoff";"Karlsruhe (CXX359)";"Rhein";"2022";"25.07.2022";"8,3";"mg/l"
"CXX359";"448.686";"5.428.915";"6.187";"Sauerstoff";"Karlsruhe (CXX359)";"Rhein";"2022";"26.07.2022";"8,4";"mg/l"
"CXX359";"448.686";"5.428.915";"6.187";"Sauerstoff";"Karlsruhe (CXX359)";"Rhein";"2022";"27.07.2022";"8,7";"mg/l"
"CXX359";"448.686";"5.428.915";"6.187";"Sauerstoff";"Karlsruhe (CXX359)";"Rhein";"2022";"28.07.2022";"-";"mg/l"
"CXX359";"448.686";"5.428.915";"6.187";"Sauerstoff";"Karlsruhe (CXX359)";"Rhein";"2022";"29.07.2022";"8,7";"mg/l"
"CXX359";"448.686";"5.428.915";"6.187";"Sauerstoff";"Karlsruhe (CXX359)";"Rhein";"2022";"30.07.2022";"8,7";"mg/l"
"CXX359";"448.686";"5.428.915";"6.187";"Sauerstoff";"Karlsruhe (CXX359)";"Rhein";"2022";"31.07.2022";"8,7";"mg/l"
"CXX359";"448.686";"5.428.915";"6.187";"Sauerstoff";"Karlsruhe (CXX359)";"Rhein";"2022";"01.08.2022";"8,5";"mg/l"
"CXX359";"448.686";"5.428.915";"6.187";"Sauerstoff";"Karlsruhe (CXX359)";"Rhein";"2022";"02.08.2022";"8,5";"mg/l"
"CXX359";"448.686";"5.428.915";"6.187";"Sauerstoff";"Karlsruhe (CXX359)";"Rhein";"2022";"03.08.2022";"8,5";"mg/l"
"CXX359";"448.686";"5.428.915";"6.187";"Sauerstoff";"Karlsruhe (CXX359)";"Rhein";"2022";"04.08.2022";"8,8";"mg/l"
"CXX359";"448.686";"5.428.915";"6.187";"Sauerstoff";"Karlsruhe (CXX359)";"Rhein";"2022";"05.08.2022";"8,6";"mg/l"
"CXX359";"448.686";"5.428.915";"6.187";"Sauerstoff";"Karlsruhe (CXX359)";"Rhein";"2022";"06.08.2022";"8,5";"mg/l"
"CXX359";"448.686";"5.428.915";"6.187";"Sauerstoff";"Karlsruhe (CXX359)";"Rhein";"2022";"07.08.2022";"8,7";"mg/l"
"CXX359";"448.686";"5.428.915";"6.187";"Sauerstoff";"Karlsruhe (CXX359)";"Rhein";"2022";"08.08.2022";"8,6";"mg/l"
"CXX359";"448.686";"5.428.915";"6.187";"Sauerstoff";"Karlsruhe (CXX359)";"Rhein";"2022";"09.08.2022";"8,6";"mg/l"
"CXX359";"448.686";"5.428.915";"6.187";"Sauerstoff";"Karlsruhe (CXX359)";"Rhein";"2022";"10.08.2022";"8,6";"mg/l"
"CXX359";"448.686";"5.428.915";"6.187";"Sauerstoff";"Karlsruhe (CXX359)";"Rhein";"2022";"11.08.2022";"9,2";"mg/l"
"CXX359";"448.686";"5.428.915";"6.187";"Sauerstoff";"Karlsruhe (CXX359)";"Rhein";"2022";"12.08.2022";"9,2";"mg/l"
"CXX359";"448.686";"5.428.915";"6.187";"Sauerstoff";"Karlsruhe (CXX359)";"Rhein";"2022";"13.08.2022";"9,2";"mg/l"
"CXX359";"448.686";"5.428.915";"6.187";"Sauerstoff";"Karlsruhe (CXX359)";"Rhein";"2022";"14.08.2022";"9,1";"mg/l"
"CXX359";"448.686";"5.428.915";"6.187";"Sauerstoff";"Karlsruhe (CXX359)";"Rhein";"2022";"15.08.2022";"8,6";"mg/l"
"CXX359";"448.686";"5.428.915";"6.187";"Sauerstoff";"Karlsruhe (CXX359)";"Rhein";"2022";"16.08.2022";"8,6";"mg/l"
"CXX359";"448.686";"5.428.915";"6.187";"Sauerstoff";"Karlsruhe (CXX359)";"Rhein";"2022";"17.08.2022";"8,1";"mg/l"
"CXX359";"448.686";"5.428.915";"6.187";"Sauerstoff";"Karlsruhe (CXX359)";"Rhein";"2022";"18.08.2022";"7,8";"mg/l"
"CXX359";"448.686";"5.428.915";"6.187";"Sauerstoff";"Karlsruhe (CXX359)";"Rhein";"2022";"19.08.2022";"7,5";"mg/l"
"CXX359";"448.686";"5.428.915";"6.187";"Sauerstoff";"Karlsruhe (CXX359)";"Rhein";"2022";"20.08.2022";"7,1";"mg/l"
"CXX359";"448.686";"5.428.915";"6.187";"Sauerstoff";"Karlsruhe (CXX359)";"Rhein";"2022";"21.08.2022";"7";"mg/l"
"CXX359";"448.686";"5.428.915";"6.187";"Sauerstoff";"Karlsruhe (CXX359)";"Rhein";"2022";"22.08.2022";"7,1";"mg/l"
"CXX359";"448.686";"5.428.915";"6.187";"Sauerstoff";"Karlsruhe (CXX359)";"Rhein";"2022";"23.08.2022";"7,2";"mg/l"
"CXX359";"448.686";"5.428.915";"6.187";"Sauerstoff";"Karlsruhe (CXX359)";"Rhein";"2022";"24.08.2022";"7,4";"mg/l"
"CXX359";"448.686";"5.428.915";"6.187";"Sauerstoff";"Karlsruhe (CXX359)";"Rhein";"2022";"25.08.2022";"7,3";"mg/l"
"CXX359";"448.686";"5.428.915";"6.187";"Sauerstoff";"Karlsruhe (CXX359)";"Rhein";"2022";"26.08.2022";"7,1";"mg/l"
"CXX359";"448.686";"5.428.915";"6.187";"Sauerstoff";"Karlsruhe (CXX359)";"Rhein";"2022";"27.08.2022";"6,9";"mg/l"
"CXX359";"448.686";"5.428.915";"6.187";"Sauerstoff";"Karlsruhe (CXX359)";"Rhein";"2022";"28.08.2022";"7,3";"mg/l"
"CXX359";"448.686";"5.428.915";"6.187";"Sauerstoff";"Karlsruhe (CXX359)";"Rhein";"2022";"29.08.2022";"7,7";"mg/l"
"CXX359";"448.686";"5.428.915";"6.187";"Sauerstoff";"Karlsruhe (CXX359)";"Rhein";"2022";"30.08.2022";"7,8";"mg/l"
"CXX359";"448.686";"5.428.915";"6.187";"Sauerstoff";"Karlsruhe (CXX359)";"Rhein";"2022";"31.08.2022";"7,5";"mg/l"
"CXX359";"448.686";"5.428.915";"6.187";"Sauerstoff";"Karlsruhe (CXX359)";"Rhein";"2022";"01.09.2022";"7,5";"mg/l"
"CXX359";"448.686";"5.428.915";"6.187";"Sauerstoff";"Karlsruhe (CXX359)";"Rhein";"2022";"02.09.2022";"7,6";"mg/l"
"CXX359";"448.686";"5.428.915";"6.187";"Sauerstoff";"Karlsruhe (CXX359)";"Rhein";"2022";"03.09.2022";"7,4";"mg/l"
"CXX359";"448.686";"5.428.915";"6.187";"Sauerstoff";"Karlsruhe (CXX359)";"Rhein";"2022";"04.09.2022";"7,6";"mg/l"
"CXX359";"448.686";"5.428.915";"6.187";"Sauerstoff";"Karlsruhe (CXX359)";"Rhein";"2022";"05.09.2022";"7,6";"mg/l"
"CXX359";"448.686";"5.428.915";"6.187";"Sauerstoff";"Karlsruhe (CXX359)";"Rhein";"2022";"06.09.2022";"7,6";"mg/l"
"CXX359";"448.686";"5.428.915";"6.187";"Sauerstoff";"Karlsruhe (CXX359)";"Rhein";"2022";"07.09.2022";"7,6";"mg/l"
"CXX359";"448.686";"5.428.915";"6.187";"Sauerstoff";"Karlsruhe (CXX359)";"Rhein";"2022";"08.09.2022";"7,5";"mg/l"
"CXX359";"448.686";"5.428.915";"6.187";"Sauerstoff";"Karlsruhe (CXX359)";"Rhein";"2022";"09.09.2022";"7,5";"mg/l"
"CXX359";"448.686";"5.428.915";"6.187";"Sauerstoff";"Karlsruhe (CXX359)";"Rhein";"2022";"10.09.2022";"7,5";"mg/l"
"CXX359";"448.686";"5.428.915";"6.187";"Sauerstoff";"Karlsruhe (CXX359)";"Rhein";"2022";"11.09.2022";"7,7";"mg/l"
"CXX359";"448.686";"5.428.915";"6.187";"Sauerstoff";"Karlsruhe (CXX359)";"Rhein";"2022";"12.09.2022";"7,7";"mg/l"
"CXX359";"448.686";"5.428.915";"6.187";"Sauerstoff";"Karlsruhe (CXX359)";"Rhein";"2022";"13.09.2022";"7,7";"mg/l"
"CXX359";"448.686";"5.428.915";"6.187";"Sauerstoff";"Karlsruhe (CXX359)";"Rhein";"2022";"14.09.2022";"7,6";"mg/l"
"CXX359";"448.686";"5.428.915";"6.187";"Sauerstoff";"Karlsruhe (CXX359)";"Rhein";"2022";"15.09.2022";"7,3";"mg/l"
"CXX359";"448.686";"5.428.915";"6.187";"Sauerstoff";"Karlsruhe (CXX359)";"Rhein";"2022";"16.09.2022";"7,1";"mg/l"
"CXX359";"448.686";"5.428.915";"6.187";"Sauerstoff";"Karlsruhe (CXX359)";"Rhein";"2022";"17.09.2022";"7,1";"mg/l"
"CXX359";"448.686";"5.428.915";"6.187";"Sauerstoff";"Karlsruhe (CXX359)";"Rhein";"2022";"18.09.2022";"7,4";"mg/l"
"CXX359";"448.686";"5.428.915";"6.187";"Sauerstoff";"Karlsruhe (CXX359)";"Rhein";"2022";"19.09.2022";"7,5";"mg/l"
"CXX359";"448.686";"5.428.915";"6.187";"Sauerstoff";"Karlsruhe (CXX359)";"Rhein";"2022";"20.09.2022";"7,9";"mg/l"
"CXX359";"448.686";"5.428.915";"6.187";"Sauerstoff";"Karlsruhe (CXX359)";"Rhein";"2022";"21.09.2022";"8,1";"mg/l"
"CXX359";"448.686";"5.428.915";"6.187";"Sauerstoff";"Karlsruhe (CXX359)";"Rhein";"2022";"22.09.2022";"8,2";"mg/l"
"CXX359";"448.686";"5.428.915";"6.187";"Sauerstoff";"Karlsruhe (CXX359)";"Rhein";"2022";"23.09.2022";"8,5";"mg/l"
"CXX359";"448.686";"5.428.915";"6.187";"Sauerstoff";"Karlsruhe (CXX359)";"Rhein";"2022";"24.09.2022";"8,5";"mg/l"
"CXX359";"448.686";"5.428.915";"6.187";"Sauerstoff";"Karlsruhe (CXX359)";"Rhein";"2022";"25.09.2022";"8,5";"mg/l"
"CXX359";"448.686";"5.428.915";"6.187";"Sauerstoff";"Karlsruhe (CXX359)";"Rhein";"2022";"26.09.2022";"8,5";"mg/l"
"CXX359";"448.686";"5.428.915";"6.187";"Sauerstoff";"Karlsruhe (CXX359)";"Rhein";"2022";"27.09.2022";"8,6";"mg/l"
"CXX359";"448.686";"5.428.915";"6.187";"Sauerstoff";"Karlsruhe (CXX359)";"Rhein";"2022";"28.09.2022";"8,8";"mg/l"
"CXX359";"448.686";"5.428.915";"6.187";"Sauerstoff";"Karlsruhe (CXX359)";"Rhein";"2022";"29.09.2022";"9,4";"mg/l"
"CXX359";"448.686";"5.428.915";"6.187";"Sauerstoff";"Karlsruhe (CXX359)";"Rhein";"2022";"30.09.2022";"10";"mg/l"
"CXX359";"448.686";"5.428.915";"6.187";"Sauerstoff";"Karlsruhe (CXX359)";"Rhein";"2022";"01.10.2022";"10,2";"mg/l"
"CXX359";"448.686";"5.428.915";"6.187";"Sauerstoff";"Karlsruhe (CXX359)";"Rhein";"2022";"02.10.2022";"10,2";"mg/l"
"CXX359";"448.686";"5.428.915";"6.187";"Sauerstoff";"Karlsruhe (CXX359)";"Rhein";"2022";"03.10.2022";"10,3";"mg/l"
"CXX359";"448.686";"5.428.915";"6.187";"Sauerstoff";"Karlsruhe (CXX359)";"Rhein";"2022";"04.10.2022";"10,5";"mg/l"
"CXX359";"448.686";"5.428.915";"6.187";"Sauerstoff";"Karlsruhe (CXX359)";"Rhein";"2022";"05.10.2022";"10,4";"mg/l"
"CXX359";"448.686";"5.428.915";"6.187";"Sauerstoff";"Karlsruhe (CXX359)";"Rhein";"2022";"06.10.2022";"10,3";"mg/l"
"CXX359";"448.686";"5.428.915";"6.187";"Sauerstoff";"Karlsruhe (CXX359)";"Rhein";"2022";"07.10.2022";"10,2";"mg/l"
"CXX359";"448.686";"5.428.915";"6.187";"Sauerstoff";"Karlsruhe (CXX359)";"Rhein";"2022";"08.10.2022";"9,9";"mg/l"
"CXX359";"448.686";"5.428.915";"6.187";"Sauerstoff";"Karlsruhe (CXX359)";"Rhein";"2022";"09.10.2022";"9,7";"mg/l"
"CXX359";"448.686";"5.428.915";"6.187";"Sauerstoff";"Karlsruhe (CXX359)";"Rhein";"2022";"10.10.2022";"9,6";"mg/l"
"CXX359";"448.686";"5.428.915";"6.187";"Sauerstoff";"Karlsruhe (CXX359)";"Rhein";"2022";"11.10.2022";"9,6";"mg/l"
"CXX359";"448.686";"5.428.915";"6.187";"Sauerstoff";"Karlsruhe (CXX359)";"Rhein";"2022";"12.10.2022";"9,6";"mg/l"
"CXX359";"448.686";"5.428.915";"6.187";"Sauerstoff";"Karlsruhe (CXX359)";"Rhein";"2022";"13.10.2022";"9,5";"mg/l"
"CXX359";"448.686";"5.428.915";"6.187";"Sauerstoff";"Karlsruhe (CXX359)";"Rhein";"2022";"14.10.2022";"9,4";"mg/l"
"CXX359";"448.686";"5.428.915";"6.187";"Sauerstoff";"Karlsruhe (CXX359)";"Rhein";"2022";"15.10.2022";"9,2";"mg/l"
"CXX359";"448.686";"5.428.915";"6.187";"Sauerstoff";"Karlsruhe (CXX359)";"Rhein";"2022";"16.10.2022";"9";"mg/l"
"CXX359";"448.686";"5.428.915";"6.187";"Sauerstoff";"Karlsruhe (CXX359)";"Rhein";"2022";"17.10.2022";"9";"mg/l"
"CXX359";"448.686";"5.428.915";"6.187";"Sauerstoff";"Karlsruhe (CXX359)";"Rhein";"2022";"18.10.2022";"8,9";"mg/l"
"CXX359";"448.686";"5.428.915";"6.187";"Sauerstoff";"Karlsruhe (CXX359)";"Rhein";"2022";"19.10.2022";"8,8";"mg/l"
"CXX359";"448.686";"5.428.915";"6.187";"Sauerstoff";"Karlsruhe (CXX359)";"Rhein";"2022";"20.10.2022";"8,7";"mg/l"
"CXX359";"448.686";"5.428.915";"6.187";"Sauerstoff";"Karlsruhe (CXX359)";"Rhein";"2022";"21.10.2022";"8,7";"mg/l"
"CXX359";"448.686";"5.428.915";"6.187";"Sauerstoff";"Karlsruhe (CXX359)";"Rhein";"2022";"22.10.2022";"8,7";"mg/l"
"CXX359";"448.686";"5.428.915";"6.187";"Sauerstoff";"Karlsruhe (CXX359)";"Rhein";"2022";"23.10.2022";"8,8";"mg/l"
"CXX359";"448.686";"5.428.915";"6.187";"Sauerstoff";"Karlsruhe (CXX359)";"Rhein";"2022";"24.10.2022";"8,8";"mg/l"
"CXX359";"448.686";"5.428.915";"6.187";"Sauerstoff";"Karlsruhe (CXX359)";"Rhein";"2022";"25.10.2022";"8,8";"mg/l"
"CXX359";"448.686";"5.428.915";"6.187";"Sauerstoff";"Karlsruhe (CXX359)";"Rhein";"2022";"26.10.2022";"9";"mg/l"
"CXX359";"448.686";"5.428.915";"6.187";"Sauerstoff";"Karlsruhe (CXX359)";"Rhein";"2022";"27.10.2022";"9";"mg/l"
"CXX359";"448.686";"5.428.915";"6.187";"Sauerstoff";"Karlsruhe (CXX359)";"Rhein";"2022";"28.10.2022";"8,9";"mg/l"
"CXX359";"448.686";"5.428.915";"6.187";"Sauerstoff";"Karlsruhe (CXX359)";"Rhein";"2022";"29.10.2022";"8,9";"mg/l"
"CXX359";"448.686";"5.428.915";"6.187";"Sauerstoff";"Karlsruhe (CXX359)";"Rhein";"2022";"30.10.2022";"8,9";"mg/l"
"CXX359";"448.686";"5.428.915";"6.187";"Sauerstoff";"Karlsruhe (CXX359)";"Rhein";"2022";"31.10.2022";"8,9";"mg/l"
"CXX359";"448.686";"5.428.915";"6.187";"Sauerstoff";"Karlsruhe (CXX359)";"Rhein";"2022";"01.11.2022";"9";"mg/l"
"CXX359";"448.686";"5.428.915";"6.187";"Sauerstoff";"Karlsruhe (CXX359)";"Rhein";"2022";"02.11.2022";"9,1";"mg/l"
"CXX359";"448.686";"5.428.915";"6.187";"Sauerstoff";"Karlsruhe (CXX359)";"Rhein";"2022";"03.11.2022";"9,1";"mg/l"
"CXX359";"448.686";"5.428.915";"6.187";"Sauerstoff";"Karlsruhe (CXX359)";"Rhein";"2022";"04.11.2022";"9,2";"mg/l"
"CXX359";"448.686";"5.428.915";"6.187";"Sauerstoff";"Karlsruhe (CXX359)";"Rhein";"2022";"05.11.2022";"9,2";"mg/l"
"CXX359";"448.686";"5.428.915";"6.187";"Sauerstoff";"Karlsruhe (CXX359)";"Rhein";"2022";"06.11.2022";"9,3";"mg/l"
"CXX359";"448.686";"5.428.915";"6.187";"Sauerstoff";"Karlsruhe (CXX359)";"Rhein";"2022";"07.11.2022";"9,4";"mg/l"
"CXX359";"448.686";"5.428.915";"6.187";"Sauerstoff";"Karlsruhe (CXX359)";"Rhein";"2022";"08.11.2022";"9,4";"mg/l"
"CXX359";"448.686";"5.428.915";"6.187";"Sauerstoff";"Karlsruhe (CXX359)";"Rhein";"2022";"09.11.2022";"9,5";"mg/l"
"CXX359";"448.686";"5.428.915";"6.187";"Sauerstoff";"Karlsruhe (CXX359)";"Rhein";"2022";"10.11.2022";"9,5";"mg/l"
"CXX359";"448.686";"5.428.915";"6.187";"Sauerstoff";"Karlsruhe (CXX359)";"Rhein";"2022";"11.11.2022";"9,5";"mg/l"
"CXX359";"448.686";"5.428.915";"6.187";"Sauerstoff";"Karlsruhe (CXX359)";"Rhein";"2022";"12.11.2022";"9,6";"mg/l"
"CXX359";"448.686";"5.428.915";"6.187";"Sauerstoff";"Karlsruhe (CXX359)";"Rhein";"2022";"13.11.2022";"9,6";"mg/l"
"CXX359";"448.686";"5.428.915";"6.187";"Sauerstoff";"Karlsruhe (CXX359)";"Rhein";"2022";"14.11.2022";"9,6";"mg/l"
"CXX359";"448.686";"5.428.915";"6.187";"Sauerstoff";"Karlsruhe (CXX359)";"Rhein";"2022";"15.11.2022";"9,6";"mg/l"
"CXX359";"448.686";"5.428.915";"6.187";"Sauerstoff";"Karlsruhe (CXX359)";"Rhein";"2022";"16.11.2022";"9,6";"mg/l"
"CXX359";"448.686";"5.428.915";"6.187";"Sauerstoff";"Karlsruhe (CXX359)";"Rhein";"2022";"17.11.2022";"9,6";"mg/l"
"CXX359";"448.686";"5.428.915";"6.187";"Sauerstoff";"Karlsruhe (CXX359)";"Rhein";"2022";"18.11.2022";"9,6";"mg/l"
"CXX359";"448.686";"5.428.915";"6.187";"Sauerstoff";"Karlsruhe (CXX359)";"Rhein";"2022";"19.11.2022";"9,8";"mg/l"
"CXX359";"448.686";"5.428.915";"6.187";"Sauerstoff";"Karlsruhe (CXX359)";"Rhein";"2022";"20.11.2022";"9,9";"mg/l"
"CXX359";"448.686";"5.428.915";"6.187";"Sauerstoff";"Karlsruhe (CXX359)";"Rhein";"2022";"21.11.2022";"9,9";"mg/l"
"CXX359";"448.686";"5.428.915";"6.187";"Sauerstoff";"Karlsruhe (CXX359)";"Rhein";"2022";"22.11.2022";"9,8";"mg/l"
"CXX359";"448.686";"5.428.915";"6.187";"Sauerstoff";"Karlsruhe (CXX359)";"Rhein";"2022";"23.11.2022";"9,8";"mg/l"
"CXX359";"448.686";"5.428.915";"6.187";"Sauerstoff";"Karlsruhe (CXX359)";"Rhein";"2022";"24.11.2022";"10";"mg/l"
"CXX359";"448.686";"5.428.915";"6.187";"Sauerstoff";"Karlsruhe (CXX359)";"Rhein";"2022";"25.11.2022";"10";"mg/l"
"CXX359";"448.686";"5.428.915";"6.187";"Sauerstoff";"Karlsruhe (CXX359)";"Rhein";"2022";"26.11.2022";"10,2";"mg/l"
"CXX359";"448.686";"5.428.915";"6.187";"Sauerstoff";"Karlsruhe (CXX359)";"Rhein";"2022";"27.11.2022";"10,2";"mg/l"
"CXX359";"448.686";"5.428.915";"6.187";"Sauerstoff";"Karlsruhe (CXX359)";"Rhein";"2022";"28.11.2022";"10,1";"mg/l"
"CXX359";"448.686";"5.428.915";"6.187";"Sauerstoff";"Karlsruhe (CXX359)";"Rhein";"2022";"29.11.2022";"10,2";"mg/l"
"CXX359";"448.686";"5.428.915";"6.187";"Sauerstoff";"Karlsruhe (CXX359)";"Rhein";"2022";"30.11.2022";"10,2";"mg/l"
"CXX359";"448.686";"5.428.915";"6.187";"Sauerstoff";"Karlsruhe (CXX359)";"Rhein";"2022";"01.12.2022";"10,2";"mg/l"
"CXX359";"448.686";"5.428.915";"6.187";"Sauerstoff";"Karlsruhe (CXX359)";"Rhein";"2022";"02.12.2022";"10,3";"mg/l"
"CXX359";"448.686";"5.428.915";"6.187";"Sauerstoff";"Karlsruhe (CXX359)";"Rhein";"2022";"03.12.2022";"10,3";"mg/l"
"CXX359";"448.686";"5.428.915";"6.187";"Sauerstoff";"Karlsruhe (CXX359)";"Rhein";"2022";"04.12.2022";"10,3";"mg/l"
"CXX359";"448.686";"5.428.915";"6.187";"Sauerstoff";"Karlsruhe (CXX359)";"Rhein";"2022";"05.12.2022";"10,3";"mg/l"
"CXX359";"448.686";"5.428.915";"6.187";"Sauerstoff";"Karlsruhe (CXX359)";"Rhein";"2022";"06.12.2022";"10,3";"mg/l"
"CXX359";"448.686";"5.428.915";"6.187";"Sauerstoff";"Karlsruhe (CXX359)";"Rhein";"2022";"07.12.2022";"10,3";"mg/l"
"CXX359";"448.686";"5.428.915";"6.187";"Sauerstoff";"Karlsruhe (CXX359)";"Rhein";"2022";"08.12.2022";"10,3";"mg/l"
"CXX359";"448.686";"5.428.915";"6.187";"Sauerstoff";"Karlsruhe (CXX359)";"Rhein";"2022";"09.12.2022";"10,4";"mg/l"
"CXX359";"448.686";"5.428.915";"6.187";"Sauerstoff";"Karlsruhe (CXX359)";"Rhein";"2022";"10.12.2022";"10,4";"mg/l"
"CXX359";"448.686";"5.428.915";"6.187";"Sauerstoff";"Karlsruhe (CXX359)";"Rhein";"2022";"11.12.2022";"10,7";"mg/l"
"CXX359";"448.686";"5.428.915";"6.187";"Sauerstoff";"Karlsruhe (CXX359)";"Rhein";"2022";"12.12.2022";"10,6";"mg/l"
"CXX359";"448.686";"5.428.915";"6.187";"Sauerstoff";"Karlsruhe (CXX359)";"Rhein";"2022";"13.12.2022";"10,7";"mg/l"
"CXX359";"448.686";"5.428.915";"6.187";"Sauerstoff";"Karlsruhe (CXX359)";"Rhein";"2022";"14.12.2022";"10,7";"mg/l"
"CXX359";"448.686";"5.428.915";"6.187";"Sauerstoff";"Karlsruhe (CXX359)";"Rhein";"2022";"15.12.2022";"11,1";"mg/l"
"CXX359";"448.686";"5.428.915";"6.187";"Sauerstoff";"Karlsruhe (CXX359)";"Rhein";"2022";"16.12.2022";"11,3";"mg/l"
"CXX359";"448.686";"5.428.915";"6.187";"Sauerstoff";"Karlsruhe (CXX359)";"Rhein";"2022";"17.12.2022";"11,5";"mg/l"
"CXX359";"448.686";"5.428.915";"6.187";"Sauerstoff";"Karlsruhe (CXX359)";"Rhein";"2022";"18.12.2022";"11,5";"mg/l"
"CXX359";"448.686";"5.428.915";"6.187";"Sauerstoff";"Karlsruhe (CXX359)";"Rhein";"2022";"19.12.2022";"11,5";"mg/l"
"CXX359";"448.686";"5.428.915";"6.187";"Sauerstoff";"Karlsruhe (CXX359)";"Rhein";"2022";"20.12.2022";"11,4";"mg/l"
"CXX359";"448.686";"5.428.915";"6.187";"Sauerstoff";"Karlsruhe (CXX359)";"Rhein";"2022";"21.12.2022";"11,4";"mg/l"
"CXX359";"448.686";"5.428.915";"6.187";"Sauerstoff";"Karlsruhe (CXX359)";"Rhein";"2022";"22.12.2022";"11,4";"mg/l"
"CXX359";"448.686";"5.428.915";"6.187";"Sauerstoff";"Karlsruhe (CXX359)";"Rhein";"2022";"23.12.2022";"11,4";"mg/l"
"CXX359";"448.686";"5.428.915";"6.187";"Sauerstoff";"Karlsruhe (CXX359)";"Rhein";"2022";"24.12.2022";"12";"mg/l"
"CXX359";"448.686";"5.428.915";"6.187";"Sauerstoff";"Karlsruhe (CXX359)";"Rhein";"2022";"25.12.2022";"12,7";"mg/l"
"CXX359";"448.686";"5.428.915";"6.187";"Sauerstoff";"Karlsruhe (CXX359)";"Rhein";"2022";"26.12.2022";"12,6";"mg/l"
"CXX359";"448.686";"5.428.915";"6.187";"Sauerstoff";"Karlsruhe (CXX359)";"Rhein";"2022";"27.12.2022";"12,8";"mg/l"
"CXX359";"448.686";"5.428.915";"6.187";"Sauerstoff";"Karlsruhe (CXX359)";"Rhein";"2022";"28.12.2022";"12,8";"mg/l"
"CXX359";"448.686";"5.428.915";"6.187";"Sauerstoff";"Karlsruhe (CXX359)";"Rhein";"2022";"29.12.2022";"12,5";"mg/l"
"CXX359";"448.686";"5.428.915";"6.187";"Sauerstoff";"Karlsruhe (CXX359)";"Rhein";"2022";"30.12.2022";"12,6";"mg/l"
"CXX359";"448.686";"5.428.915";"6.187";"Sauerstoff";"Karlsruhe (CXX359)";"Rhein";"2022";"31.12.2022";"12,5";"mg/l"
"CXX359";"448.686";"5.428.915";"6.187";"Sauerstoff";"Karlsruhe (CXX359)";"Rhein";"2023";"01.01.2023";"12,3";"mg/l"
"CXX359";"448.686";"5.428.915";"6.187";"Sauerstoff";"Karlsruhe (CXX359)";"Rhein";"2023";"02.01.2023";"12,4";"mg/l"
"CXX359";"448.686";"5.428.915";"6.187";"Sauerstoff";"Karlsruhe (CXX359)";"Rhein";"2023";"03.01.2023";"12,3";"mg/l"
"CXX359";"448.686";"5.428.915";"6.187";"Sauerstoff";"Karlsruhe (CXX359)";"Rhein";"2023";"04.01.2023";"11,9";"mg/l"
"CXX359";"448.686";"5.428.915";"6.187";"Sauerstoff";"Karlsruhe (CXX359)";"Rhein";"2023";"05.01.2023";"11,7";"mg/l"
"CXX359";"448.686";"5.428.915";"6.187";"Sauerstoff";"Karlsruhe (CXX359)";"Rhein";"2023";"06.01.2023";"11,8";"mg/l"
"CXX359";"448.686";"5.428.915";"6.187";"Sauerstoff";"Karlsruhe (CXX359)";"Rhein";"2023";"07.01.2023";"11,5";"mg/l"
"CXX359";"448.686";"5.428.915";"6.187";"Sauerstoff";"Karlsruhe (CXX359)";"Rhein";"2023";"08.01.2023";"11,3";"mg/l"
"CXX359";"448.686";"5.428.915";"6.187";"Sauerstoff";"Karlsruhe (CXX359)";"Rhein";"2023";"09.01.2023";"11,3";"mg/l"
"CXX359";"448.686";"5.428.915";"6.187";"Sauerstoff";"Karlsruhe (CXX359)";"Rhein";"2023";"10.01.2023";"11,8";"mg/l"
"CXX359";"448.686";"5.428.915";"6.187";"Sauerstoff";"Karlsruhe (CXX359)";"Rhein";"2023";"11.01.2023";"12";"mg/l"
"CXX359";"448.686";"5.428.915";"6.187";"Sauerstoff";"Karlsruhe (CXX359)";"Rhein";"2023";"12.01.2023";"-";"mg/l"
"CXX359";"448.686";"5.428.915";"6.187";"Sauerstoff";"Karlsruhe (CXX359)";"Rhein";"2023";"13.01.2023";"-";"mg/l"
"CXX359";"448.686";"5.428.915";"6.187";"Sauerstoff";"Karlsruhe (CXX359)";"Rhein";"2023";"14.01.2023";"12,4";"mg/l"
"CXX359";"448.686";"5.428.915";"6.187";"Sauerstoff";"Karlsruhe (CXX359)";"Rhein";"2023";"15.01.2023";"12,1";"mg/l"
"CXX359";"448.686";"5.428.915";"6.187";"Sauerstoff";"Karlsruhe (CXX359)";"Rhein";"2023";"16.01.2023";"12,2";"mg/l"
"CXX359";"448.686";"5.428.915";"6.187";"Sauerstoff";"Karlsruhe (CXX359)";"Rhein";"2023";"17.01.2023";"12,1";"mg/l"
"CXX359";"448.686";"5.428.915";"6.187";"Sauerstoff";"Karlsruhe (CXX359)";"Rhein";"2023";"18.01.2023";"12";"mg/l"
"CXX359";"448.686";"5.428.915";"6.187";"Sauerstoff";"Karlsruhe (CXX359)";"Rhein";"2023";"19.01.2023";"12";"mg/l"
"CXX359";"448.686";"5.428.915";"6.187";"Sauerstoff";"Karlsruhe (CXX359)";"Rhein";"2023";"20.01.2023";"11,8";"mg/l"
"CXX359";"448.686";"5.428.915";"6.187";"Sauerstoff";"Karlsruhe (CXX359)";"Rhein";"2023";"21.01.2023";"11,8";"mg/l"
"CXX359";"448.686";"5.428.915";"6.187";"Sauerstoff";"Karlsruhe (CXX359)";"Rhein";"2023";"22.01.2023";"11,9";"mg/l"
"CXX359";"448.686";"5.428.915";"6.187";"Sauerstoff";"Karlsruhe (CXX359)";"Rhein";"2023";"23.01.2023";"11,9";"mg/l"
"CXX359";"448.686";"5.428.915";"6.187";"Sauerstoff";"Karlsruhe (CXX359)";"Rhein";"2023";"24.01.2023";"11,9";"mg/l"
"CXX359";"448.686";"5.428.915";"6.187";"Sauerstoff";"Karlsruhe (CXX359)";"Rhein";"2023";"25.01.2023";"11,9";"mg/l"
"CXX359";"448.686";"5.428.915";"6.187";"Sauerstoff";"Karlsruhe (CXX359)";"Rhein";"2023";"26.01.2023";"11,8";"mg/l"
"CXX359";"448.686";"5.428.915";"6.187";"Sauerstoff";"Karlsruhe (CXX359)";"Rhein";"2023";"27.01.2023";"11,6";"mg/l"
"CXX359";"448.686";"5.428.915";"6.187";"Sauerstoff";"Karlsruhe (CXX359)";"Rhein";"2023";"28.01.2023";"11,7";"mg/l"
"CXX359";"448.686";"5.428.915";"6.187";"Sauerstoff";"Karlsruhe (CXX359)";"Rhein";"2023";"29.01.2023";"11,7";"mg/l"
"CXX359";"448.686";"5.428.915";"6.187";"Sauerstoff";"Karlsruhe (CXX359)";"Rhein";"2023";"30.01.2023";"11,8";"mg/l"
"CXX359";"448.686";"5.428.915";"6.187";"Sauerstoff";"Karlsruhe (CXX359)";"Rhein";"2023";"31.01.2023";"11,8";"mg/l"
"CXX359";"448.686";"5.428.915";"6.187";"Sauerstoff";"Karlsruhe (CXX359)";"Rhein";"2023";"01.02.2023";"11,8";"mg/l"
"CXX359";"448.686";"5.428.915";"6.187";"Sauerstoff";"Karlsruhe (CXX359)";"Rhein";"2023";"02.02.2023";"11,8";"mg/l"
"CXX359";"448.686";"5.428.915";"6.187";"Sauerstoff";"Karlsruhe (CXX359)";"Rhein";"2023";"03.02.2023";"11,8";"mg/l"
"CXX359";"448.686";"5.428.915";"6.187";"Sauerstoff";"Karlsruhe (CXX359)";"Rhein";"2023";"04.02.2023";"11,8";"mg/l"
"CXX359";"448.686";"5.428.915";"6.187";"Sauerstoff";"Karlsruhe (CXX359)";"Rhein";"2023";"05.02.2023";"11,7";"mg/l"
"CXX359";"448.686";"5.428.915";"6.187";"Sauerstoff";"Karlsruhe (CXX359)";"Rhein";"2023";"06.02.2023";"11,7";"mg/l"
"CXX359";"448.686";"5.428.915";"6.187";"Sauerstoff";"Karlsruhe (CXX359)";"Rhein";"2023";"07.02.2023";"11,8";"mg/l"
"CXX359";"448.686";"5.428.915";"6.187";"Sauerstoff";"Karlsruhe (CXX359)";"Rhein";"2023";"08.02.2023";"11,9";"mg/l"
"CXX359";"448.686";"5.428.915";"6.187";"Sauerstoff";"Karlsruhe (CXX359)";"Rhein";"2023";"09.02.2023";"11,9";"mg/l"
"CXX359";"448.686";"5.428.915";"6.187";"Sauerstoff";"Karlsruhe (CXX359)";"Rhein";"2023";"10.02.2023";"12";"mg/l"
"CXX359";"448.686";"5.428.915";"6.187";"Sauerstoff";"Karlsruhe (CXX359)";"Rhein";"2023";"11.02.2023";"12";"mg/l"
"CXX359";"448.686";"5.428.915";"6.187";"Sauerstoff";"Karlsruhe (CXX359)";"Rhein";"2023";"12.02.2023";"12,1";"mg/l"
"CXX359";"448.686";"5.428.915";"6.187";"Sauerstoff";"Karlsruhe (CXX359)";"Rhein";"2023";"13.02.2023";"12";"mg/l"
"CXX359";"448.686";"5.428.915";"6.187";"Sauerstoff";"Karlsruhe (CXX359)";"Rhein";"2023";"14.02.2023";"12";"mg/l"
"CXX359";"448.686";"5.428.915";"6.187";"Sauerstoff";"Karlsruhe (CXX359)";"Rhein";"2023";"15.02.2023";"11,9";"mg/l"
"CXX359";"448.686";"5.428.915";"6.187";"Sauerstoff";"Karlsruhe (CXX359)";"Rhein";"2023";"16.02.2023";"12";"mg/l"
"CXX359";"448.686";"5.428.915";"6.187";"Sauerstoff";"Karlsruhe (CXX359)";"Rhein";"2023";"17.02.2023";"12";"mg/l"
"CXX359";"448.686";"5.428.915";"6.187";"Sauerstoff";"Karlsruhe (CXX359)";"Rhein";"2023";"18.02.2023";"12";"mg/l"
"CXX359";"448.686";"5.428.915";"6.187";"Sauerstoff";"Karlsruhe (CXX359)";"Rhein";"2023";"19.02.2023";"11,9";"mg/l"
"CXX359";"448.686";"5.428.915";"6.187";"Sauerstoff";"Karlsruhe (CXX359)";"Rhein";"2023";"20.02.2023";"11,9";"mg/l"
"CXX359";"448.686";"5.428.915";"6.187";"Sauerstoff";"Karlsruhe (CXX359)";"Rhein";"2023";"21.02.2023";"11,8";"mg/l"
"CXX359";"448.686";"5.428.915";"6.187";"Sauerstoff";"Karlsruhe (CXX359)";"Rhein";"2023";"22.02.2023";"11,8";"mg/l"
"CXX359";"448.686";"5.428.915";"6.187";"Sauerstoff";"Karlsruhe (CXX359)";"Rhein";"2023";"23.02.2023";"11,9";"mg/l"
"CXX359";"448.686";"5.428.915";"6.187";"Sauerstoff";"Karlsruhe (CXX359)";"Rhein";"2023";"24.02.2023";"11,8";"mg/l"
"CXX359";"448.686";"5.428.915";"6.187";"Sauerstoff";"Karlsruhe (CXX359)";"Rhein";"2023";"25.02.2023";"11,8";"mg/l"
"CXX359";"448.686";"5.428.915";"6.187";"Sauerstoff";"Karlsruhe (CXX359)";"Rhein";"2023";"26.02.2023";"11,8";"mg/l"
"CXX359";"448.686";"5.428.915";"6.187";"Sauerstoff";"Karlsruhe (CXX359)";"Rhein";"2023";"27.02.2023";"12";"mg/l"
"CXX359";"448.686";"5.428.915";"6.187";"Sauerstoff";"Karlsruhe (CXX359)";"Rhein";"2023";"28.02.2023";"12,1";"mg/l"
"CXX359";"448.686";"5.428.915";"6.187";"Sauerstoff";"Karlsruhe (CXX359)";"Rhein";"2023";"01.03.2023";"12,2";"mg/l"
"CXX359";"448.686";"5.428.915";"6.187";"Sauerstoff";"Karlsruhe (CXX359)";"Rhein";"2023";"02.03.2023";"12,3";"mg/l"
"CXX359";"448.686";"5.428.915";"6.187";"Sauerstoff";"Karlsruhe (CXX359)";"Rhein";"2023";"03.03.2023";"12,4";"mg/l"
"CXX359";"448.686";"5.428.915";"6.187";"Sauerstoff";"Karlsruhe (CXX359)";"Rhein";"2023";"04.03.2023";"12,3";"mg/l"
"CXX359";"448.686";"5.428.915";"6.187";"Sauerstoff";"Karlsruhe (CXX359)";"Rhein";"2023";"05.03.2023";"12,2";"mg/l"
"CXX359";"448.686";"5.428.915";"6.187";"Sauerstoff";"Karlsruhe (CXX359)";"Rhein";"2023";"06.03.2023";"12,2";"mg/l"
"CXX359";"448.686";"5.428.915";"6.187";"Sauerstoff";"Karlsruhe (CXX359)";"Rhein";"2023";"07.03.2023";"12,3";"mg/l"
"CXX359";"448.686";"5.428.915";"6.187";"Sauerstoff";"Karlsruhe (CXX359)";"Rhein";"2023";"08.03.2023";"12,1";"mg/l"
"CXX359";"448.686";"5.428.915";"6.187";"Sauerstoff";"Karlsruhe (CXX359)";"Rhein";"2023";"09.03.2023";"12,2";"mg/l"
"CXX359";"448.686";"5.428.915";"6.187";"Sauerstoff";"Karlsruhe (CXX359)";"Rhein";"2023";"10.03.2023";"12";"mg/l"
"CXX359";"448.686";"5.428.915";"6.187";"Sauerstoff";"Karlsruhe (CXX359)";"Rhein";"2023";"11.03.2023";"12";"mg/l"
"CXX359";"448.686";"5.428.915";"6.187";"Sauerstoff";"Karlsruhe (CXX359)";"Rhein";"2023";"12.03.2023";"12,1";"mg/l"
"CXX359";"448.686";"5.428.915";"6.187";"Sauerstoff";"Karlsruhe (CXX359)";"Rhein";"2023";"13.03.2023";"12";"mg/l"
"CXX359";"448.686";"5.428.915";"6.187";"Sauerstoff";"Karlsruhe (CXX359)";"Rhein";"2023";"14.03.2023";"11,5";"mg/l"
"CXX359";"448.686";"5.428.915";"6.187";"Sauerstoff";"Karlsruhe (CXX359)";"Rhein";"2023";"15.03.2023";"11,7";"mg/l"
"CXX359";"448.686";"5.428.915";"6.187";"Sauerstoff";"Karlsruhe (CXX359)";"Rhein";"2023";"16.03.2023";"11,5";"mg/l"
"CXX359";"448.686";"5.428.915";"6.187";"Sauerstoff";"Karlsruhe (CXX359)";"Rhein";"2023";"17.03.2023";"11,6";"mg/l"
"CXX359";"448.686";"5.428.915";"6.187";"Sauerstoff";"Karlsruhe (CXX359)";"Rhein";"2023";"18.03.2023";"11,7";"mg/l"
"CXX359";"448.686";"5.428.915";"6.187";"Sauerstoff";"Karlsruhe (CXX359)";"Rhein";"2023";"19.03.2023";"11,7";"mg/l"
"CXX359";"448.686";"5.428.915";"6.187";"Sauerstoff";"Karlsruhe (CXX359)";"Rhein";"2023";"20.03.2023";"11,6";"mg/l"
"CXX359";"448.686";"5.428.915";"6.187";"Sauerstoff";"Karlsruhe (CXX359)";"Rhein";"2023";"21.03.2023";"11,5";"mg/l"
"CXX359";"448.686";"5.428.915";"6.187";"Sauerstoff";"Karlsruhe (CXX359)";"Rhein";"2023";"22.03.2023";"11,6";"mg/l"
"CXX359";"448.686";"5.428.915";"6.187";"Sauerstoff";"Karlsruhe (CXX359)";"Rhein";"2023";"23.03.2023";"11,3";"mg/l"
"CXX359";"448.686";"5.428.915";"6.187";"Sauerstoff";"Karlsruhe (CXX359)";"Rhein";"2023";"24.03.2023";"11,2";"mg/l"
"CXX359";"448.686";"5.428.915";"6.187";"Sauerstoff";"Karlsruhe (CXX359)";"Rhein";"2023";"25.03.2023";"11,2";"mg/l"
"CXX359";"448.686";"5.428.915";"6.187";"Sauerstoff";"Karlsruhe (CXX359)";"Rhein";"2023";"26.03.2023";"11,3";"mg/l"
"CXX359";"448.686";"5.428.915";"6.187";"Sauerstoff";"Karlsruhe (CXX359)";"Rhein";"2023";"27.03.2023";"11,4";"mg/l"
"CXX359";"448.686";"5.428.915";"6.187";"Sauerstoff";"Karlsruhe (CXX359)";"Rhein";"2023";"28.03.2023";"11,6";"mg/l"
"CXX359";"448.686";"5.428.915";"6.187";"Sauerstoff";"Karlsruhe (CXX359)";"Rhein";"2023";"29.03.2023";"11,7";"mg/l"
"CXX359";"448.686";"5.428.915";"6.187";"Sauerstoff";"Karlsruhe (CXX359)";"Rhein";"2023";"30.03.2023";"11,7";"mg/l"
"CXX359";"448.686";"5.428.915";"6.187";"Sauerstoff";"Karlsruhe (CXX359)";"Rhein";"2023";"31.03.2023";"11,6";"mg/l"
"CXX359";"448.686";"5.428.915";"6.187";"Sauerstoff";"Karlsruhe (CXX359)";"Rhein";"2023";"01.04.2023";"11,3";"mg/l"
"CXX359";"448.686";"5.428.915";"6.187";"Sauerstoff";"Karlsruhe (CXX359)";"Rhein";"2023";"02.04.2023";"11,4";"mg/l"
"CXX359";"448.686";"5.428.915";"6.187";"Sauerstoff";"Karlsruhe (CXX359)";"Rhein";"2023";"03.04.2023";"11,6";"mg/l"
"CXX359";"448.686";"5.428.915";"6.187";"Sauerstoff";"Karlsruhe (CXX359)";"Rhein";"2023";"04.04.2023";"12";"mg/l"
"CXX359";"448.686";"5.428.915";"6.187";"Sauerstoff";"Karlsruhe (CXX359)";"Rhein";"2023";"05.04.2023";"12,1";"mg/l"
"CXX359";"448.686";"5.428.915";"6.187";"Sauerstoff";"Karlsruhe (CXX359)";"Rhein";"2023";"06.04.2023";"12,3";"mg/l"
"CXX359";"448.686";"5.428.915";"6.187";"Sauerstoff";"Karlsruhe (CXX359)";"Rhein";"2023";"07.04.2023";"12,2";"mg/l"
"CXX359";"448.686";"5.428.915";"6.187";"Sauerstoff";"Karlsruhe (CXX359)";"Rhein";"2023";"08.04.2023";"12,2";"mg/l"
"CXX359";"448.686";"5.428.915";"6.187";"Sauerstoff";"Karlsruhe (CXX359)";"Rhein";"2023";"09.04.2023";"12,4";"mg/l"
"CXX359";"448.686";"5.428.915";"6.187";"Sauerstoff";"Karlsruhe (CXX359)";"Rhein";"2023";"10.04.2023";"12,3";"mg/l"
"CXX359";"448.686";"5.428.915";"6.187";"Sauerstoff";"Karlsruhe (CXX359)";"Rhein";"2023";"11.04.2023";"12,2";"mg/l"
"CXX359";"448.686";"5.428.915";"6.187";"Sauerstoff";"Karlsruhe (CXX359)";"Rhein";"2023";"12.04.2023";"11,8";"mg/l"
"CXX359";"448.686";"5.428.915";"6.187";"Sauerstoff";"Karlsruhe (CXX359)";"Rhein";"2023";"13.04.2023";"11,6";"mg/l"
"CXX359";"448.686";"5.428.915";"6.187";"Sauerstoff";"Karlsruhe (CXX359)";"Rhein";"2023";"14.04.2023";"12,4";"mg/l"
"CXX359";"448.686";"5.428.915";"6.187";"Sauerstoff";"Karlsruhe (CXX359)";"Rhein";"2023";"15.04.2023";"12";"mg/l"
"CXX359";"448.686";"5.428.915";"6.187";"Sauerstoff";"Karlsruhe (CXX359)";"Rhein";"2023";"16.04.2023";"11,6";"mg/l"
"CXX359";"448.686";"5.428.915";"6.187";"Sauerstoff";"Karlsruhe (CXX359)";"Rhein";"2023";"17.04.2023";"11,8";"mg/l"
"CXX359";"448.686";"5.428.915";"6.187";"Sauerstoff";"Karlsruhe (CXX359)";"Rhein";"2023";"18.04.2023";"11,9";"mg/l"
"CXX359";"448.686";"5.428.915";"6.187";"Sauerstoff";"Karlsruhe (CXX359)";"Rhein";"2023";"19.04.2023";"12,1";"mg/l"
"CXX359";"448.686";"5.428.915";"6.187";"Sauerstoff";"Karlsruhe (CXX359)";"Rhein";"2023";"20.04.2023";"11,9";"mg/l"
"CXX359";"448.686";"5.428.915";"6.187";"Sauerstoff";"Karlsruhe (CXX359)";"Rhein";"2023";"21.04.2023";"11,4";"mg/l"
"CXX359";"448.686";"5.428.915";"6.187";"Sauerstoff";"Karlsruhe (CXX359)";"Rhein";"2023";"22.04.2023";"11,3";"mg/l"
"CXX359";"448.686";"5.428.915";"6.187";"Sauerstoff";"Karlsruhe (CXX359)";"Rhein";"2023";"23.04.2023";"11,3";"mg/l"
"CXX359";"448.686";"5.428.915";"6.187";"Sauerstoff";"Karlsruhe (CXX359)";"Rhein";"2023";"24.04.2023";"11,3";"mg/l"
"CXX359";"448.686";"5.428.915";"6.187";"Sauerstoff";"Karlsruhe (CXX359)";"Rhein";"2023";"25.04.2023";"11,3";"mg/l"
"CXX359";"448.686";"5.428.915";"6.187";"Sauerstoff";"Karlsruhe (CXX359)";"Rhein";"2023";"26.04.2023";"11,6";"mg/l"
"CXX359";"448.686";"5.428.915";"6.187";"Sauerstoff";"Karlsruhe (CXX359)";"Rhein";"2023";"27.04.2023";"11,7";"mg/l"
"CXX359";"448.686";"5.428.915";"6.187";"Sauerstoff";"Karlsruhe (CXX359)";"Rhein";"2023";"28.04.2023";"11";"mg/l"
"CXX359";"448.686";"5.428.915";"6.187";"Sauerstoff";"Karlsruhe (CXX359)";"Rhein";"2023";"29.04.2023";"11,2";"mg/l"
"CXX359";"448.686";"5.428.915";"6.187";"Sauerstoff";"Karlsruhe (CXX359)";"Rhein";"2023";"30.04.2023";"11,4";"mg/l"
"CXX359";"448.686";"5.428.915";"6.187";"Sauerstoff";"Karlsruhe (CXX359)";"Rhein";"2023";"01.05.2023";"11,1";"mg/l"
"CXX359";"448.686";"5.428.915";"6.187";"Sauerstoff";"Karlsruhe (CXX359)";"Rhein";"2023";"02.05.2023";"10,9";"mg/l"
"CXX359";"448.686";"5.428.915";"6.187";"Sauerstoff";"Karlsruhe (CXX359)";"Rhein";"2023";"03.05.2023";"11,1";"mg/l"
"CXX359";"448.686";"5.428.915";"6.187";"Sauerstoff";"Karlsruhe (CXX359)";"Rhein";"2023";"04.05.2023";"11,2";"mg/l"
"CXX359";"448.686";"5.428.915";"6.187";"Sauerstoff";"Karlsruhe (CXX359)";"Rhein";"2023";"05.05.2023";"10,9";"mg/l"
"CXX359";"448.686";"5.428.915";"6.187";"Sauerstoff";"Karlsruhe (CXX359)";"Rhein";"2023";"06.05.2023";"11";"mg/l"
"CXX359";"448.686";"5.428.915";"6.187";"Sauerstoff";"Karlsruhe (CXX359)";"Rhein";"2023";"07.05.2023";"10,7";"mg/l"
"CXX359";"448.686";"5.428.915";"6.187";"Sauerstoff";"Karlsruhe (CXX359)";"Rhein";"2023";"08.05.2023";"10,4";"mg/l"
"CXX359";"448.686";"5.428.915";"6.187";"Sauerstoff";"Karlsruhe (CXX359)";"Rhein";"2023";"09.05.2023";"10,5";"mg/l"
"CXX359";"448.686";"5.428.915";"6.187";"Sauerstoff";"Karlsruhe (CXX359)";"Rhein";"2023";"10.05.2023";"10,4";"mg/l"
"CXX359";"448.686";"5.428.915";"6.187";"Sauerstoff";"Karlsruhe (CXX359)";"Rhein";"2023";"11.05.2023";"10,4";"mg/l"
"CXX359";"448.686";"5.428.915";"6.187";"Sauerstoff";"Karlsruhe (CXX359)";"Rhein";"2023";"12.05.2023";"10,3";"mg/l"
"CXX359";"448.686";"5.428.915";"6.187";"Sauerstoff";"Karlsruhe (CXX359)";"Rhein";"2023";"13.05.2023";"10,6";"mg/l"
"CXX359";"448.686";"5.428.915";"6.187";"Sauerstoff";"Karlsruhe (CXX359)";"Rhein";"2023";"14.05.2023";"10,7";"mg/l"
"CXX359";"448.686";"5.428.915";"6.187";"Sauerstoff";"Karlsruhe (CXX359)";"Rhein";"2023";"15.05.2023";"10,8";"mg/l"
"CXX359";"448.686";"5.428.915";"6.187";"Sauerstoff";"Karlsruhe (CXX359)";"Rhein";"2023";"16.05.2023";"10,7";"mg/l"
"CXX359";"448.686";"5.428.915";"6.187";"Sauerstoff";"Karlsruhe (CXX359)";"Rhein";"2023";"17.05.2023";"-";"mg/l"
"CXX359";"448.686";"5.428.915";"6.187";"Sauerstoff";"Karlsruhe (CXX359)";"Rhein";"2023";"18.05.2023";"10,6";"mg/l"
"CXX359";"448.686";"5.428.915";"6.187";"Sauerstoff";"Karlsruhe (CXX359)";"Rhein";"2023";"19.05.2023";"10,5";"mg/l"
"CXX359";"448.686";"5.428.915";"6.187";"Sauerstoff";"Karlsruhe (CXX359)";"Rhein";"2023";"20.05.2023";"10,5";"mg/l"
"CXX359";"448.686";"5.428.915";"6.187";"Sauerstoff";"Karlsruhe (CXX359)";"Rhein";"2023";"21.05.2023";"10,3";"mg/l"
"CXX359";"448.686";"5.428.915";"6.187";"Sauerstoff";"Karlsruhe (CXX359)";"Rhein";"2023";"22.05.2023";"10,2";"mg/l"
"CXX359";"448.686";"5.428.915";"6.187";"Sauerstoff";"Karlsruhe (CXX359)";"Rhein";"2023";"23.05.2023";"-";"mg/l"
"CXX359";"448.686";"5.428.915";"6.187";"Sauerstoff";"Karlsruhe (CXX359)";"Rhein";"2023";"24.05.2023";"-";"mg/l"
"CXX359";"448.686";"5.428.915";"6.187";"Sauerstoff";"Karlsruhe (CXX359)";"Rhein";"2023";"25.05.2023";"-";"mg/l"
"CXX359";"448.686";"5.428.915";"6.187";"Sauerstoff";"Karlsruhe (CXX359)";"Rhein";"2023";"26.05.2023";"-";"mg/l"
"CXX359";"448.686";"5.428.915";"6.187";"Sauerstoff";"Karlsruhe (CXX359)";"Rhein";"2023";"27.05.2023";"-";"mg/l"
"CXX359";"448.686";"5.428.915";"6.187";"Sauerstoff";"Karlsruhe (CXX359)";"Rhein";"2023";"28.05.2023";"-";"mg/l"
"CXX359";"448.686";"5.428.915";"6.187";"Sauerstoff";"Karlsruhe (CXX359)";"Rhein";"2023";"29.05.2023";"-";"mg/l"
"CXX359";"448.686";"5.428.915";"6.187";"Sauerstoff";"Karlsruhe (CXX359)";"Rhein";"2023";"30.05.2023";"-";"mg/l"
"CXX359";"448.686";"5.428.915";"6.187";"Sauerstoff";"Karlsruhe (CXX359)";"Rhein";"2023";"31.05.2023";"-";"mg/l"
"CXX359";"448.686";"5.428.915";"6.187";"Sauerstoff";"Karlsruhe (CXX359)";"Rhein";"2023";"01.06.2023";"-";"mg/l"
"CXX359";"448.686";"5.428.915";"6.187";"Sauerstoff";"Karlsruhe (CXX359)";"Rhein";"2023";"02.06.2023";"9,5";"mg/l"
"CXX359";"448.686";"5.428.915";"6.187";"Sauerstoff";"Karlsruhe (CXX359)";"Rhein";"2023";"03.06.2023";"9,5";"mg/l"
"CXX359";"448.686";"5.428.915";"6.187";"Sauerstoff";"Karlsruhe (CXX359)";"Rhein";"2023";"04.06.2023";"9,5";"mg/l"
"CXX359";"448.686";"5.428.915";"6.187";"Sauerstoff";"Karlsruhe (CXX359)";"Rhein";"2023";"05.06.2023";"9,5";"mg/l"
"CXX359";"448.686";"5.428.915";"6.187";"Sauerstoff";"Karlsruhe (CXX359)";"Rhein";"2023";"06.06.2023";"9,5";"mg/l"
"CXX359";"448.686";"5.428.915";"6.187";"Sauerstoff";"Karlsruhe (CXX359)";"Rhein";"2023";"07.06.2023";"9,3";"mg/l"
"CXX359";"448.686";"5.428.915";"6.187";"Sauerstoff";"Karlsruhe (CXX359)";"Rhein";"2023";"08.06.2023";"9";"mg/l"
"CXX359";"448.686";"5.428.915";"6.187";"Sauerstoff";"Karlsruhe (CXX359)";"Rhein";"2023";"09.06.2023";"8,9";"mg/l"
"CXX359";"448.686";"5.428.915";"6.187";"Sauerstoff";"Karlsruhe (CXX359)";"Rhein";"2023";"10.06.2023";"8,9";"mg/l"
"CXX359";"448.686";"5.428.915";"6.187";"Sauerstoff";"Karlsruhe (CXX359)";"Rhein";"2023";"11.06.2023";"8,8";"mg/l"
"CXX359";"448.686";"5.428.915";"6.187";"Sauerstoff";"Karlsruhe (CXX359)";"Rhein";"2023";"12.06.2023";"8,7";"mg/l"
"CXX359";"448.686";"5.428.915";"6.187";"Sauerstoff";"Karlsruhe (CXX359)";"Rhein";"2023";"13.06.2023";"8,7";"mg/l"
"CXX359";"448.686";"5.428.915";"6.187";"Sauerstoff";"Karlsruhe (CXX359)";"Rhein";"2023";"14.06.2023";"8,6";"mg/l"
"CXX359";"448.686";"5.428.915";"6.187";"Sauerstoff";"Karlsruhe (CXX359)";"Rhein";"2023";"15.06.2023";"8,6";"mg/l"
"CXX359";"448.686";"5.428.915";"6.187";"Sauerstoff";"Karlsruhe (CXX359)";"Rhein";"2023";"16.06.2023";"8,5";"mg/l"
"CXX359";"448.686";"5.428.915";"6.187";"Sauerstoff";"Karlsruhe (CXX359)";"Rhein";"2023";"17.06.2023";"8,5";"mg/l"
"CXX359";"448.686";"5.428.915";"6.187";"Sauerstoff";"Karlsruhe (CXX359)";"Rhein";"2023";"18.06.2023";"8,5";"mg/l"
"CXX359";"448.686";"5.428.915";"6.187";"Sauerstoff";"Karlsruhe (CXX359)";"Rhein";"2023";"19.06.2023";"8,3";"mg/l"
"CXX359";"448.686";"5.428.915";"6.187";"Sauerstoff";"Karlsruhe (CXX359)";"Rhein";"2023";"20.06.2023";"8,2";"mg/l"
"CXX359";"448.686";"5.428.915";"6.187";"Sauerstoff";"Karlsruhe (CXX359)";"Rhein";"2023";"21.06.2023";"8,1";"mg/l"
"CXX359";"448.686";"5.428.915";"6.187";"Sauerstoff";"Karlsruhe (CXX359)";"Rhein";"2023";"22.06.2023";"8";"mg/l"
"CXX359";"448.686";"5.428.915";"6.187";"Sauerstoff";"Karlsruhe (CXX359)";"Rhein";"2023";"23.06.2023";"7,8";"mg/l"
"CXX359";"448.686";"5.428.915";"6.187";"Sauerstoff";"Karlsruhe (CXX359)";"Rhein";"2023";"24.06.2023";"7,6";"mg/l"
"CXX359";"448.686";"5.428.915";"6.187";"Sauerstoff";"Karlsruhe (CXX359)";"Rhein";"2023";"25.06.2023";"7,7";"mg/l"
"CXX359";"448.686";"5.428.915";"6.187";"Sauerstoff";"Karlsruhe (CXX359)";"Rhein";"2023";"26.06.2023";"7,7";"mg/l"
"CXX359";"448.686";"5.428.915";"6.187";"Sauerstoff";"Karlsruhe (CXX359)";"Rhein";"2023";"27.06.2023";"7,9";"mg/l"
"CXX359";"448.686";"5.428.915";"6.187";"Sauerstoff";"Karlsruhe (CXX359)";"Rhein";"2023";"28.06.2023";"8,1";"mg/l"
"CXX359";"448.686";"5.428.915";"6.187";"Sauerstoff";"Karlsruhe (CXX359)";"Rhein";"2023";"29.06.2023";"8,1";"mg/l"
"CXX359";"448.686";"5.428.915";"6.187";"Sauerstoff";"Karlsruhe (CXX359)";"Rhein";"2023";"30.06.2023";"7,8";"mg/l"
"CXX359";"448.686";"5.428.915";"6.187";"Sauerstoff";"Karlsruhe (CXX359)";"Rhein";"2023";"01.07.2023";"7,7";"mg/l"
"CXX359";"448.686";"5.428.915";"6.187";"Sauerstoff";"Karlsruhe (CXX359)";"Rhein";"2023";"02.07.2023";"7,9";"mg/l"
"CXX359";"448.686";"5.428.915";"6.187";"Sauerstoff";"Karlsruhe (CXX359)";"Rhein";"2023";"03.07.2023";"7,9";"mg/l"
"CXX359";"448.686";"5.428.915";"6.187";"Sauerstoff";"Karlsruhe (CXX359)";"Rhein";"2023";"04.07.2023";"7,8";"mg/l"
"CXX359";"448.686";"5.428.915";"6.187";"Sauerstoff";"Karlsruhe (CXX359)";"Rhein";"2023";"05.07.2023";"8";"mg/l"
"CXX359";"448.686";"5.428.915";"6.187";"Sauerstoff";"Karlsruhe (CXX359)";"Rhein";"2023";"06.07.2023";"8,2";"mg/l"
"CXX359";"448.686";"5.428.915";"6.187";"Sauerstoff";"Karlsruhe (CXX359)";"Rhein";"2023";"07.07.2023";"8,4";"mg/l"
"CXX359";"448.686";"5.428.915";"6.187";"Sauerstoff";"Karlsruhe (CXX359)";"Rhein";"2023";"08.07.2023";"8,6";"mg/l"
"CXX359";"448.686";"5.428.915";"6.187";"Sauerstoff";"Karlsruhe (CXX359)";"Rhein";"2023";"09.07.2023";"8,8";"mg/l"
"CXX359";"448.686";"5.428.915";"6.187";"Sauerstoff";"Karlsruhe (CXX359)";"Rhein";"2023";"10.07.2023";"8,6";"mg/l"
"CXX359";"448.686";"5.428.915";"6.187";"Sauerstoff";"Karlsruhe (CXX359)";"Rhein";"2023";"11.07.2023";"8,5";"mg/l"
"CXX359";"448.686";"5.428.915";"6.187";"Sauerstoff";"Karlsruhe (CXX359)";"Rhein";"2023";"12.07.2023";"8,2";"mg/l"
"CXX359";"448.686";"5.428.915";"6.187";"Sauerstoff";"Karlsruhe (CXX359)";"Rhein";"2023";"13.07.2023";"7,9";"mg/l"
"CXX359";"448.686";"5.428.915";"6.187";"Sauerstoff";"Karlsruhe (CXX359)";"Rhein";"2023";"14.07.2023";"8";"mg/l"
"CXX359";"448.686";"5.428.915";"6.187";"Sauerstoff";"Karlsruhe (CXX359)";"Rhein";"2023";"15.07.2023";"7,9";"mg/l"
"CXX359";"448.686";"5.428.915";"6.187";"Sauerstoff";"Karlsruhe (CXX359)";"Rhein";"2023";"16.07.2023";"7,9";"mg/l"
"CXX359";"448.686";"5.428.915";"6.187";"Sauerstoff";"Karlsruhe (CXX359)";"Rhein";"2023";"17.07.2023";"7,8";"mg/l"
"CXX359";"448.686";"5.428.915";"6.187";"Sauerstoff";"Karlsruhe (CXX359)";"Rhein";"2023";"18.07.2023";"7,8";"mg/l"
"CXX359";"448.686";"5.428.915";"6.187";"Sauerstoff";"Karlsruhe (CXX359)";"Rhein";"2023";"19.07.2023";"7,6";"mg/l"
"CXX359";"448.686";"5.428.915";"6.187";"Sauerstoff";"Karlsruhe (CXX359)";"Rhein";"2023";"20.07.2023";"7,7";"mg/l"
"CXX359";"448.686";"5.428.915";"6.187";"Sauerstoff";"Karlsruhe (CXX359)";"Rhein";"2023";"21.07.2023";"7,6";"mg/l"
"CXX359";"448.686";"5.428.915";"6.187";"Sauerstoff";"Karlsruhe (CXX359)";"Rhein";"2023";"22.07.2023";"7,8";"mg/l"
"CXX359";"448.686";"5.428.915";"6.187";"Sauerstoff";"Karlsruhe (CXX359)";"Rhein";"2023";"23.07.2023";"8";"mg/l"
"CXX359";"448.686";"5.428.915";"6.187";"Sauerstoff";"Karlsruhe (CXX359)";"Rhein";"2023";"24.07.2023";"7,8";"mg/l"
"CXX359";"448.686";"5.428.915";"6.187";"Sauerstoff";"Karlsruhe (CXX359)";"Rhein";"2023";"25.07.2023";"7,5";"mg/l"
"CXX359";"448.686";"5.428.915";"6.187";"Sauerstoff";"Karlsruhe (CXX359)";"Rhein";"2023";"26.07.2023";"7,5";"mg/l"
"CXX359";"448.686";"5.428.915";"6.187";"Sauerstoff";"Karlsruhe (CXX359)";"Rhein";"2023";"27.07.2023";"7,4";"mg/l"
"CXX359";"448.686";"5.428.915";"6.187";"Sauerstoff";"Karlsruhe (CXX359)";"Rhein";"2023";"28.07.2023";"7,5";"mg/l"
"CXX359";"448.686";"5.428.915";"6.187";"Sauerstoff";"Karlsruhe (CXX359)";"Rhein";"2023";"29.07.2023";"7,6";"mg/l"
"CXX359";"448.686";"5.428.915";"6.187";"Sauerstoff";"Karlsruhe (CXX359)";"Rhein";"2023";"30.07.2023";"7,5";"mg/l"
"CXX359";"448.686";"5.428.915";"6.187";"Sauerstoff";"Karlsruhe (CXX359)";"Rhein";"2023";"31.07.2023";"7,7";"mg/l"
"CXX359";"448.686";"5.428.915";"6.187";"Sauerstoff";"Karlsruhe (CXX359)";"Rhein";"2023";"01.08.2023";"7,7";"mg/l"
"CXX359";"448.686";"5.428.915";"6.187";"Sauerstoff";"Karlsruhe (CXX359)";"Rhein";"2023";"02.08.2023";"7,6";"mg/l"
"CXX359";"448.686";"5.428.915";"6.187";"Sauerstoff";"Karlsruhe (CXX359)";"Rhein";"2023";"03.08.2023";"7,6";"mg/l"
"CXX359";"448.686";"5.428.915";"6.187";"Sauerstoff";"Karlsruhe (CXX359)";"Rhein";"2023";"04.08.2023";"7,7";"mg/l"
"CXX359";"448.686";"5.428.915";"6.187";"Sauerstoff";"Karlsruhe (CXX359)";"Rhein";"2023";"05.08.2023";"7,8";"mg/l"
"CXX359";"448.686";"5.428.915";"6.187";"Sauerstoff";"Karlsruhe (CXX359)";"Rhein";"2023";"06.08.2023";"7,8";"mg/l"
"CXX359";"448.686";"5.428.915";"6.187";"Sauerstoff";"Karlsruhe (CXX359)";"Rhein";"2023";"07.08.2023";"8";"mg/l"
"CXX359";"448.686";"5.428.915";"6.187";"Sauerstoff";"Karlsruhe (CXX359)";"Rhein";"2023";"08.08.2023";"8,4";"mg/l"
"CXX359";"448.686";"5.428.915";"6.187";"Sauerstoff";"Karlsruhe (CXX359)";"Rhein";"2023";"09.08.2023";"8,4";"mg/l"
"CXX359";"448.686";"5.428.915";"6.187";"Sauerstoff";"Karlsruhe (CXX359)";"Rhein";"2023";"10.08.2023";"8,5";"mg/l"
"CXX359";"448.686";"5.428.915";"6.187";"Sauerstoff";"Karlsruhe (CXX359)";"Rhein";"2023";"11.08.2023";"8,7";"mg/l"
"CXX359";"448.686";"5.428.915";"6.187";"Sauerstoff";"Karlsruhe (CXX359)";"Rhein";"2023";"12.08.2023";"8,6";"mg/l"
"CXX359";"448.686";"5.428.915";"6.187";"Sauerstoff";"Karlsruhe (CXX359)";"Rhein";"2023";"13.08.2023";"8,5";"mg/l"
"CXX359";"448.686";"5.428.915";"6.187";"Sauerstoff";"Karlsruhe (CXX359)";"Rhein";"2023";"14.08.2023";"8,3";"mg/l"
"CXX359";"448.686";"5.428.915";"6.187";"Sauerstoff";"Karlsruhe (CXX359)";"Rhein";"2023";"15.08.2023";"8,3";"mg/l"
"CXX359";"448.686";"5.428.915";"6.187";"Sauerstoff";"Karlsruhe (CXX359)";"Rhein";"2023";"16.08.2023";"8,3";"mg/l"
"CXX359";"448.686";"5.428.915";"6.187";"Sauerstoff";"Karlsruhe (CXX359)";"Rhein";"2023";"17.08.2023";"8,2";"mg/l"
"CXX359";"448.686";"5.428.915";"6.187";"Sauerstoff";"Karlsruhe (CXX359)";"Rhein";"2023";"18.08.2023";"8,2";"mg/l"
"CXX359";"448.686";"5.428.915";"6.187";"Sauerstoff";"Karlsruhe (CXX359)";"Rhein";"2023";"19.08.2023";"8,2";"mg/l"
"CXX359";"448.686";"5.428.915";"6.187";"Sauerstoff";"Karlsruhe (CXX359)";"Rhein";"2023";"20.08.2023";"8,3";"mg/l"
"CXX359";"448.686";"5.428.915";"6.187";"Sauerstoff";"Karlsruhe (CXX359)";"Rhein";"2023";"21.08.2023";"8,5";"mg/l"
"CXX359";"448.686";"5.428.915";"6.187";"Sauerstoff";"Karlsruhe (CXX359)";"Rhein";"2023";"22.08.2023";"8,5";"mg/l"
"CXX359";"448.686";"5.428.915";"6.187";"Sauerstoff";"Karlsruhe (CXX359)";"Rhein";"2023";"23.08.2023";"8,3";"mg/l"
"CXX359";"448.686";"5.428.915";"6.187";"Sauerstoff";"Karlsruhe (CXX359)";"Rhein";"2023";"24.08.2023";"8";"mg/l"
"CXX359";"448.686";"5.428.915";"6.187";"Sauerstoff";"Karlsruhe (CXX359)";"Rhein";"2023";"25.08.2023";"7,6";"mg/l"
"CXX359";"448.686";"5.428.915";"6.187";"Sauerstoff";"Karlsruhe (CXX359)";"Rhein";"2023";"26.08.2023";"7,3";"mg/l"
"CXX359";"448.686";"5.428.915";"6.187";"Sauerstoff";"Karlsruhe (CXX359)";"Rhein";"2023";"27.08.2023";"7,1";"mg/l"
"CXX359";"448.686";"5.428.915";"6.187";"Sauerstoff";"Karlsruhe (CXX359)";"Rhein";"2023";"28.08.2023";"7";"mg/l"
"CXX359";"448.686";"5.428.915";"6.187";"Sauerstoff";"Karlsruhe (CXX359)";"Rhein";"2023";"29.08.2023";"7,5";"mg/l"
"CXX359";"448.686";"5.428.915";"6.187";"Sauerstoff";"Karlsruhe (CXX359)";"Rhein";"2023";"30.08.2023";"8,6";"mg/l"
"CXX359";"448.686";"5.428.915";"6.187";"Sauerstoff";"Karlsruhe (CXX359)";"Rhein";"2023";"31.08.2023";"8,8";"mg/l"
"CXX359";"448.686";"5.428.915";"6.187";"Sauerstoff";"Karlsruhe (CXX359)";"Rhein";"2023";"01.09.2023";"9";"mg/l"
"CXX359";"448.686";"5.428.915";"6.187";"Sauerstoff";"Karlsruhe (CXX359)";"Rhein";"2023";"02.09.2023";"8,9";"mg/l"
"CXX359";"448.686";"5.428.915";"6.187";"Sauerstoff";"Karlsruhe (CXX359)";"Rhein";"2023";"03.09.2023";"8,8";"mg/l"
"CXX359";"448.686";"5.428.915";"6.187";"Sauerstoff";"Karlsruhe (CXX359)";"Rhein";"2023";"04.09.2023";"8,6";"mg/l"
"CXX359";"448.686";"5.428.915";"6.187";"Sauerstoff";"Karlsruhe (CXX359)";"Rhein";"2023";"05.09.2023";"8,5";"mg/l"
"CXX359";"448.686";"5.428.915";"6.187";"Sauerstoff";"Karlsruhe (CXX359)";"Rhein";"2023";"06.09.2023";"8,4";"mg/l"
"CXX359";"448.686";"5.428.915";"6.187";"Sauerstoff";"Karlsruhe (CXX359)";"Rhein";"2023";"07.09.2023";"8,3";"mg/l"
"CXX359";"448.686";"5.428.915";"6.187";"Sauerstoff";"Karlsruhe (CXX359)";"Rhein";"2023";"08.09.2023";"8,4";"mg/l"
"CXX359";"448.686";"5.428.915";"6.187";"Sauerstoff";"Karlsruhe (CXX359)";"Rhein";"2023";"09.09.2023";"8,3";"mg/l"
"CXX359";"448.686";"5.428.915";"6.187";"Sauerstoff";"Karlsruhe (CXX359)";"Rhein";"2023";"10.09.2023";"8,2";"mg/l"
"CXX359";"448.686";"5.428.915";"6.187";"Sauerstoff";"Karlsruhe (CXX359)";"Rhein";"2023";"11.09.2023";"8,2";"mg/l"
"CXX359";"448.686";"5.428.915";"6.187";"Sauerstoff";"Karlsruhe (CXX359)";"Rhein";"2023";"12.09.2023";"8,2";"mg/l"
"CXX359";"448.686";"5.428.915";"6.187";"Sauerstoff";"Karlsruhe (CXX359)";"Rhein";"2023";"13.09.2023";"8,1";"mg/l"
"CXX359";"448.686";"5.428.915";"6.187";"Sauerstoff";"Karlsruhe (CXX359)";"Rhein";"2023";"14.09.2023";"8,1";"mg/l"
"CXX359";"448.686";"5.428.915";"6.187";"Sauerstoff";"Karlsruhe (CXX359)";"Rhein";"2023";"15.09.2023";"8,1";"mg/l"
"CXX359";"448.686";"5.428.915";"6.187";"Sauerstoff";"Karlsruhe (CXX359)";"Rhein";"2023";"16.09.2023";"7,9";"mg/l"
"CXX359";"448.686";"5.428.915";"6.187";"Sauerstoff";"Karlsruhe (CXX359)";"Rhein";"2023";"17.09.2023";"7,9";"mg/l"
"CXX359";"448.686";"5.428.915";"6.187";"Sauerstoff";"Karlsruhe (CXX359)";"Rhein";"2023";"18.09.2023";"7,8";"mg/l"
"CXX359";"448.686";"5.428.915";"6.187";"Sauerstoff";"Karlsruhe (CXX359)";"Rhein";"2023";"19.09.2023";"7,9";"mg/l"
"CXX359";"448.686";"5.428.915";"6.187";"Sauerstoff";"Karlsruhe (CXX359)";"Rhein";"2023";"20.09.2023";"8";"mg/l"
"CXX359";"448.686";"5.428.915";"6.187";"Sauerstoff";"Karlsruhe (CXX359)";"Rhein";"2023";"21.09.2023";"7,8";"mg/l"
"CXX359";"448.686";"5.428.915";"6.187";"Sauerstoff";"Karlsruhe (CXX359)";"Rhein";"2023";"22.09.2023";"7,7";"mg/l"
"CXX359";"448.686";"5.428.915";"6.187";"Sauerstoff";"Karlsruhe (CXX359)";"Rhein";"2023";"23.09.2023";"7,8";"mg/l"
"CXX359";"448.686";"5.428.915";"6.187";"Sauerstoff";"Karlsruhe (CXX359)";"Rhein";"2023";"24.09.2023";"8,1";"mg/l"
"CXX359";"448.686";"5.428.915";"6.187";"Sauerstoff";"Karlsruhe (CXX359)";"Rhein";"2023";"25.09.2023";"8,2";"mg/l"
"CXX359";"448.686";"5.428.915";"6.187";"Sauerstoff";"Karlsruhe (CXX359)";"Rhein";"2023";"26.09.2023";"8,2";"mg/l"
"CXX359";"448.686";"5.428.915";"6.187";"Sauerstoff";"Karlsruhe (CXX359)";"Rhein";"2023";"27.09.2023";"8,3";"mg/l"
"CXX359";"448.686";"5.428.915";"6.187";"Sauerstoff";"Karlsruhe (CXX359)";"Rhein";"2023";"28.09.2023";"8,3";"mg/l"
"CXX359";"448.686";"5.428.915";"6.187";"Sauerstoff";"Karlsruhe (CXX359)";"Rhein";"2023";"29.09.2023";"8,4";"mg/l"
"CXX359";"448.686";"5.428.915";"6.187";"Sauerstoff";"Karlsruhe (CXX359)";"Rhein";"2023";"30.09.2023";"8,7";"mg/l"
"CXX359";"448.686";"5.428.915";"6.187";"Sauerstoff";"Karlsruhe (CXX359)";"Rhein";"2023";"01.10.2023";"8,6";"mg/l"
"CXX359";"448.686";"5.428.915";"6.187";"Sauerstoff";"Karlsruhe (CXX359)";"Rhein";"2023";"02.10.2023";"8,5";"mg/l"
"CXX359";"448.686";"5.428.915";"6.187";"Sauerstoff";"Karlsruhe (CXX359)";"Rhein";"2023";"03.10.2023";"8,5";"mg/l"
"CXX359";"448.686";"5.428.915";"6.187";"Sauerstoff";"Karlsruhe (CXX359)";"Rhein";"2023";"04.10.2023";"8,6";"mg/l"
"CXX359";"448.686";"5.428.915";"6.187";"Sauerstoff";"Karlsruhe (CXX359)";"Rhein";"2023";"05.10.2023";"8,5";"mg/l"
"CXX359";"448.686";"5.428.915";"6.187";"Sauerstoff";"Karlsruhe (CXX359)";"Rhein";"2023";"06.10.2023";"8,7";"mg/l"
"CXX359";"448.686";"5.428.915";"6.187";"Sauerstoff";"Karlsruhe (CXX359)";"Rhein";"2023";"07.10.2023";"8,7";"mg/l"
"CXX359";"448.686";"5.428.915";"6.187";"Sauerstoff";"Karlsruhe (CXX359)";"Rhein";"2023";"08.10.2023";"8,8";"mg/l"
"CXX359";"448.686";"5.428.915";"6.187";"Sauerstoff";"Karlsruhe (CXX359)";"Rhein";"2023";"09.10.2023";"8,7";"mg/l"
"CXX359";"448.686";"5.428.915";"6.187";"Sauerstoff";"Karlsruhe (CXX359)";"Rhein";"2023";"10.10.2023";"8,8";"mg/l"
"CXX359";"448.686";"5.428.915";"6.187";"Sauerstoff";"Karlsruhe (CXX359)";"Rhein";"2023";"11.10.2023";"8,8";"mg/l"
"CXX359";"448.686";"5.428.915";"6.187";"Sauerstoff";"Karlsruhe (CXX359)";"Rhein";"2023";"12.10.2023";"8,7";"mg/l"
"CXX359";"448.686";"5.428.915";"6.187";"Sauerstoff";"Karlsruhe (CXX359)";"Rhein";"2023";"13.10.2023";"8,8";"mg/l"
"CXX359";"448.686";"5.428.915";"6.187";"Sauerstoff";"Karlsruhe (CXX359)";"Rhein";"2023";"14.10.2023";"8,7";"mg/l"
"CXX359";"448.686";"5.428.915";"6.187";"Sauerstoff";"Karlsruhe (CXX359)";"Rhein";"2023";"15.10.2023";"8,8";"mg/l"
"CXX359";"448.686";"5.428.915";"6.187";"Sauerstoff";"Karlsruhe (CXX359)";"Rhein";"2023";"16.10.2023";"8,8";"mg/l"
"CXX359";"448.686";"5.428.915";"6.187";"Sauerstoff";"Karlsruhe (CXX359)";"Rhein";"2023";"17.10.2023";"9";"mg/l"
"CXX359";"448.686";"5.428.915";"6.187";"Sauerstoff";"Karlsruhe (CXX359)";"Rhein";"2023";"18.10.2023";"9";"mg/l"
"CXX359";"448.686";"5.428.915";"6.187";"Sauerstoff";"Karlsruhe (CXX359)";"Rhein";"2023";"19.10.2023";"8,9";"mg/l"
"CXX359";"448.686";"5.428.915";"6.187";"Sauerstoff";"Karlsruhe (CXX359)";"Rhein";"2023";"20.10.2023";"8,9";"mg/l"
"CXX359";"448.686";"5.428.915";"6.187";"Sauerstoff";"Karlsruhe (CXX359)";"Rhein";"2023";"21.10.2023";"9,1";"mg/l"
"CXX359";"448.686";"5.428.915";"6.187";"Sauerstoff";"Karlsruhe (CXX359)";"Rhein";"2023";"22.10.2023";"9,2";"mg/l"
"CXX359";"448.686";"5.428.915";"6.187";"Sauerstoff";"Karlsruhe (CXX359)";"Rhein";"2023";"23.10.2023";"9,1";"mg/l"
"CXX359";"448.686";"5.428.915";"6.187";"Sauerstoff";"Karlsruhe (CXX359)";"Rhein";"2023";"24.10.2023";"9";"mg/l"
"CXX359";"448.686";"5.428.915";"6.187";"Sauerstoff";"Karlsruhe (CXX359)";"Rhein";"2023";"25.10.2023";"8,9";"mg/l"
"CXX359";"448.686";"5.428.915";"6.187";"Sauerstoff";"Karlsruhe (CXX359)";"Rhein";"2023";"26.10.2023";"9";"mg/l"
"CXX359";"448.686";"5.428.915";"6.187";"Sauerstoff";"Karlsruhe (CXX359)";"Rhein";"2023";"27.10.2023";"9";"mg/l"
"CXX359";"448.686";"5.428.915";"6.187";"Sauerstoff";"Karlsruhe (CXX359)";"Rhein";"2023";"28.10.2023";"9,2";"mg/l"
"CXX359";"448.686";"5.428.915";"6.187";"Sauerstoff";"Karlsruhe (CXX359)";"Rhein";"2023";"29.10.2023";"9,2";"mg/l"
"CXX359";"448.686";"5.428.915";"6.187";"Sauerstoff";"Karlsruhe (CXX359)";"Rhein";"2023";"30.10.2023";"9,1";"mg/l"
"CXX359";"448.686";"5.428.915";"6.187";"Sauerstoff";"Karlsruhe (CXX359)";"Rhein";"2023";"31.10.2023";"9,1";"mg/l"
"CXX359";"448.686";"5.428.915";"6.187";"Sauerstoff";"Karlsruhe (CXX359)";"Rhein";"2023";"01.11.2023";"9,3";"mg/l"
"CXX359";"448.686";"5.428.915";"6.187";"Sauerstoff";"Karlsruhe (CXX359)";"Rhein";"2023";"02.11.2023";"9,4";"mg/l"
"CXX359";"448.686";"5.428.915";"6.187";"Sauerstoff";"Karlsruhe (CXX359)";"Rhein";"2023";"03.11.2023";"9,6";"mg/l"
"CXX359";"448.686";"5.428.915";"6.187";"Sauerstoff";"Karlsruhe (CXX359)";"Rhein";"2023";"04.11.2023";"9,9";"mg/l"
"CXX359";"448.686";"5.428.915";"6.187";"Sauerstoff";"Karlsruhe (CXX359)";"Rhein";"2023";"05.11.2023";"10,1";"mg/l"
"CXX359";"448.686";"5.428.915";"6.187";"Sauerstoff";"Karlsruhe (CXX359)";"Rhein";"2023";"06.11.2023";"10,4";"mg/l"
"CXX359";"448.686";"5.428.915";"6.187";"Sauerstoff";"Karlsruhe (CXX359)";"Rhein";"2023";"07.11.2023";"10,7";"mg/l"
"CXX359";"448.686";"5.428.915";"6.187";"Sauerstoff";"Karlsruhe (CXX359)";"Rhein";"2023";"08.11.2023";"10,8";"mg/l"
"CXX359";"448.686";"5.428.915";"6.187";"Sauerstoff";"Karlsruhe (CXX359)";"Rhein";"2023";"09.11.2023";"10,7";"mg/l"
"CXX359";"448.686";"5.428.915";"6.187";"Sauerstoff";"Karlsruhe (CXX359)";"Rhein";"2023";"10.11.2023";"10,8";"mg/l"
"CXX359";"448.686";"5.428.915";"6.187";"Sauerstoff";"Karlsruhe (CXX359)";"Rhein";"2023";"11.11.2023";"10,8";"mg/l"
"CXX359";"448.686";"5.428.915";"6.187";"Sauerstoff";"Karlsruhe (CXX359)";"Rhein";"2023";"12.11.2023";"10,7";"mg/l"
"CXX359";"448.686";"5.428.915";"6.187";"Sauerstoff";"Karlsruhe (CXX359)";"Rhein";"2023";"13.11.2023";"11,1";"mg/l"
"CXX359";"448.686";"5.428.915";"6.187";"Sauerstoff";"Karlsruhe (CXX359)";"Rhein";"2023";"14.11.2023";"11,6";"mg/l"
"CXX359";"448.686";"5.428.915";"6.187";"Sauerstoff";"Karlsruhe (CXX359)";"Rhein";"2023";"15.11.2023";"11,3";"mg/l"
"CXX359";"448.686";"5.428.915";"6.187";"Sauerstoff";"Karlsruhe (CXX359)";"Rhein";"2023";"16.11.2023";"10,2";"mg/l"
"CXX359";"448.686";"5.428.915";"6.187";"Sauerstoff";"Karlsruhe (CXX359)";"Rhein";"2023";"17.11.2023";"10,8";"mg/l"
"CXX359";"448.686";"5.428.915";"6.187";"Sauerstoff";"Karlsruhe (CXX359)";"Rhein";"2023";"18.11.2023";"10,8";"mg/l"
"CXX359";"448.686";"5.428.915";"6.187";"Sauerstoff";"Karlsruhe (CXX359)";"Rhein";"2023";"19.11.2023";"11";"mg/l"
"CXX359";"448.686";"5.428.915";"6.187";"Sauerstoff";"Karlsruhe (CXX359)";"Rhein";"2023";"20.11.2023";"11,1";"mg/l"
"CXX359";"448.686";"5.428.915";"6.187";"Sauerstoff";"Karlsruhe (CXX359)";"Rhein";"2023";"21.11.2023";"11";"mg/l"
"CXX359";"448.686";"5.428.915";"6.187";"Sauerstoff";"Karlsruhe (CXX359)";"Rhein";"2023";"22.11.2023";"11,3";"mg/l"
"CXX359";"448.686";"5.428.915";"6.187";"Sauerstoff";"Karlsruhe (CXX359)";"Rhein";"2023";"23.11.2023";"11,7";"mg/l"
"CXX359";"448.686";"5.428.915";"6.187";"Sauerstoff";"Karlsruhe (CXX359)";"Rhein";"2023";"24.11.2023";"11,8";"mg/l"
"CXX359";"448.686";"5.428.915";"6.187";"Sauerstoff";"Karlsruhe (CXX359)";"Rhein";"2023";"25.11.2023";"11,9";"mg/l"
"CXX359";"448.686";"5.428.915";"6.187";"Sauerstoff";"Karlsruhe (CXX359)";"Rhein";"2023";"26.11.2023";"12";"mg/l"
"CXX359";"448.686";"5.428.915";"6.187";"Sauerstoff";"Karlsruhe (CXX359)";"Rhein";"2023";"27.11.2023";"12,2";"mg/l"
"CXX359";"448.686";"5.428.915";"6.187";"Sauerstoff";"Karlsruhe (CXX359)";"Rhein";"2023";"28.11.2023";"12,1";"mg/l"
"CXX359";"448.686";"5.428.915";"6.187";"Sauerstoff";"Karlsruhe (CXX359)";"Rhein";"2023";"29.11.2023";"12,3";"mg/l"
"CXX359";"448.686";"5.428.915";"6.187";"Sauerstoff";"Karlsruhe (CXX359)";"Rhein";"2023";"30.11.2023";"12,3";"mg/l"
"CXX359";"448.686";"5.428.915";"6.187";"Sauerstoff";"Karlsruhe (CXX359)";"Rhein";"2023";"01.12.2023";"12,3";"mg/l"
"CXX359";"448.686";"5.428.915";"6.187";"Sauerstoff";"Karlsruhe (CXX359)";"Rhein";"2023";"02.12.2023";"12,2";"mg/l"
"CXX359";"448.686";"5.428.915";"6.187";"Sauerstoff";"Karlsruhe (CXX359)";"Rhein";"2023";"03.12.2023";"12,3";"mg/l"
"CXX359";"448.686";"5.428.915";"6.187";"Sauerstoff";"Karlsruhe (CXX359)";"Rhein";"2023";"04.12.2023";"12,7";"mg/l"
"CXX359";"448.686";"5.428.915";"6.187";"Sauerstoff";"Karlsruhe (CXX359)";"Rhein";"2023";"05.12.2023";"12,9";"mg/l"
"CXX359";"448.686";"5.428.915";"6.187";"Sauerstoff";"Karlsruhe (CXX359)";"Rhein";"2023";"06.12.2023";"12,9";"mg/l"
"CXX359";"448.686";"5.428.915";"6.187";"Sauerstoff";"Karlsruhe (CXX359)";"Rhein";"2023";"07.12.2023";"12,9";"mg/l"
"CXX359";"448.686";"5.428.915";"6.187";"Sauerstoff";"Karlsruhe (CXX359)";"Rhein";"2023";"08.12.2023";"12,9";"mg/l"
"CXX359";"448.686";"5.428.915";"6.187";"Sauerstoff";"Karlsruhe (CXX359)";"Rhein";"2023";"09.12.2023";"12,9";"mg/l"
"CXX359";"448.686";"5.428.915";"6.187";"Sauerstoff";"Karlsruhe (CXX359)";"Rhein";"2023";"10.12.2023";"12,8";"mg/l"
"CXX359";"448.686";"5.428.915";"6.187";"Sauerstoff";"Karlsruhe (CXX359)";"Rhein";"2023";"11.12.2023";"12,2";"mg/l"
"CXX359";"448.686";"5.428.915";"6.187";"Sauerstoff";"Karlsruhe (CXX359)";"Rhein";"2023";"12.12.2023";"12,1";"mg/l"
"CXX359";"448.686";"5.428.915";"6.187";"Sauerstoff";"Karlsruhe (CXX359)";"Rhein";"2023";"13.12.2023";"11,6";"mg/l"
"CXX359";"448.686";"5.428.915";"6.187";"Sauerstoff";"Karlsruhe (CXX359)";"Rhein";"2023";"14.12.2023";"11,5";"mg/l"
"CXX359";"448.686";"5.428.915";"6.187";"Sauerstoff";"Karlsruhe (CXX359)";"Rhein";"2023";"15.12.2023";"11,7";"mg/l"
"CXX359";"448.686";"5.428.915";"6.187";"Sauerstoff";"Karlsruhe (CXX359)";"Rhein";"2023";"16.12.2023";"12";"mg/l"
"CXX359";"448.686";"5.428.915";"6.187";"Sauerstoff";"Karlsruhe (CXX359)";"Rhein";"2023";"17.12.2023";"12,2";"mg/l"
"CXX359";"448.686";"5.428.915";"6.187";"Sauerstoff";"Karlsruhe (CXX359)";"Rhein";"2023";"18.12.2023";"12,5";"mg/l"
"CXX359";"448.686";"5.428.915";"6.187";"Sauerstoff";"Karlsruhe (CXX359)";"Rhein";"2023";"19.12.2023";"12,6";"mg/l"
"CXX359";"448.686";"5.428.915";"6.187";"Sauerstoff";"Karlsruhe (CXX359)";"Rhein";"2023";"20.12.2023";"12,8";"mg/l"
"CXX359";"448.686";"5.428.915";"6.187";"Sauerstoff";"Karlsruhe (CXX359)";"Rhein";"2023";"21.12.2023";"12,6";"mg/l"
"CXX359";"448.686";"5.428.915";"6.187";"Sauerstoff";"Karlsruhe (CXX359)";"Rhein";"2023";"22.12.2023";"12,5";"mg/l"
"CXX359";"448.686";"5.428.915";"6.187";"Sauerstoff";"Karlsruhe (CXX359)";"Rhein";"2023";"23.12.2023";"12,3";"mg/l"
"CXX359";"448.686";"5.428.915";"6.187";"Sauerstoff";"Karlsruhe (CXX359)";"Rhein";"2023";"24.12.2023";"12,2";"mg/l"
"CXX359";"448.686";"5.428.915";"6.187";"Sauerstoff";"Karlsruhe (CXX359)";"Rhein";"2023";"25.12.2023";"12,4";"mg/l"
"CXX359";"448.686";"5.428.915";"6.187";"Sauerstoff";"Karlsruhe (CXX359)";"Rhein";"2023";"26.12.2023";"12,6";"mg/l"
"CXX359";"448.686";"5.428.915";"6.187";"Sauerstoff";"Karlsruhe (CXX359)";"Rhein";"2023";"27.12.2023";"12,7";"mg/l"
"CXX359";"448.686";"5.428.915";"6.187";"Sauerstoff";"Karlsruhe (CXX359)";"Rhein";"2023";"28.12.2023";"12,7";"mg/l"
"CXX359";"448.686";"5.428.915";"6.187";"Sauerstoff";"Karlsruhe (CXX359)";"Rhein";"2023";"29.12.2023";"12,7";"mg/l"
"CXX359";"448.686";"5.428.915";"6.187";"Sauerstoff";"Karlsruhe (CXX359)";"Rhein";"2023";"30.12.2023";"12,7";"mg/l"
"CXX359";"448.686";"5.428.915";"6.187";"Sauerstoff";"Karlsruhe (CXX359)";"Rhein";"2023";"31.12.2023";"12,6";"mg/l"
"CXX359";"448.686";"5.428.915";"6.187";"Sauerstoff";"Karlsruhe (CXX359)";"Rhein";"2024";"01.01.2024";"12,5";"mg/l"
"CXX359";"448.686";"5.428.915";"6.187";"Sauerstoff";"Karlsruhe (CXX359)";"Rhein";"2024";"02.01.2024";"12,3";"mg/l"
"CXX359";"448.686";"5.428.915";"6.187";"Sauerstoff";"Karlsruhe (CXX359)";"Rhein";"2024";"03.01.2024";"12,2";"mg/l"
"CXX359";"448.686";"5.428.915";"6.187";"Sauerstoff";"Karlsruhe (CXX359)";"Rhein";"2024";"04.01.2024";"12,4";"mg/l"
"CXX359";"448.686";"5.428.915";"6.187";"Sauerstoff";"Karlsruhe (CXX359)";"Rhein";"2024";"05.01.2024";"12,6";"mg/l"
"CXX359";"448.686";"5.428.915";"6.187";"Sauerstoff";"Karlsruhe (CXX359)";"Rhein";"2024";"06.01.2024";"12,7";"mg/l"
"CXX359";"448.686";"5.428.915";"6.187";"Sauerstoff";"Karlsruhe (CXX359)";"Rhein";"2024";"07.01.2024";"12,7";"mg/l"
"CXX359";"448.686";"5.428.915";"6.187";"Sauerstoff";"Karlsruhe (CXX359)";"Rhein";"2024";"08.01.2024";"12,7";"mg/l"
"CXX359";"448.686";"5.428.915";"6.187";"Sauerstoff";"Karlsruhe (CXX359)";"Rhein";"2024";"09.01.2024";"12,8";"mg/l"
"CXX359";"448.686";"5.428.915";"6.187";"Sauerstoff";"Karlsruhe (CXX359)";"Rhein";"2024";"10.01.2024";"13";"mg/l"
"CXX359";"448.686";"5.428.915";"6.187";"Sauerstoff";"Karlsruhe (CXX359)";"Rhein";"2024";"11.01.2024";"13,2";"mg/l"
"CXX359";"448.686";"5.428.915";"6.187";"Sauerstoff";"Karlsruhe (CXX359)";"Rhein";"2024";"12.01.2024";"13,5";"mg/l"
"CXX359";"448.686";"5.428.915";"6.187";"Sauerstoff";"Karlsruhe (CXX359)";"Rhein";"2024";"13.01.2024";"13,4";"mg/l"
"CXX359";"448.686";"5.428.915";"6.187";"Sauerstoff";"Karlsruhe (CXX359)";"Rhein";"2024";"14.01.2024";"13,1";"mg/l"
"CXX359";"448.686";"5.428.915";"6.187";"Sauerstoff";"Karlsruhe (CXX359)";"Rhein";"2024";"15.01.2024";"12,8";"mg/l"
"CXX359";"448.686";"5.428.915";"6.187";"Sauerstoff";"Karlsruhe (CXX359)";"Rhein";"2024";"16.01.2024";"12,8";"mg/l"
"CXX359";"448.686";"5.428.915";"6.187";"Sauerstoff";"Karlsruhe (CXX359)";"Rhein";"2024";"17.01.2024";"12,7";"mg/l"
"CXX359";"448.686";"5.428.915";"6.187";"Sauerstoff";"Karlsruhe (CXX359)";"Rhein";"2024";"18.01.2024";"13";"mg/l"
"CXX359";"448.686";"5.428.915";"6.187";"Sauerstoff";"Karlsruhe (CXX359)";"Rhein";"2024";"19.01.2024";"13,7";"mg/l"
"CXX359";"448.686";"5.428.915";"6.187";"Sauerstoff";"Karlsruhe (CXX359)";"Rhein";"2024";"20.01.2024";"14";"mg/l"
"CXX359";"448.686";"5.428.915";"6.187";"Sauerstoff";"Karlsruhe (CXX359)";"Rhein";"2024";"21.01.2024";"14,1";"mg/l"
"CXX359";"448.686";"5.428.915";"6.187";"Sauerstoff";"Karlsruhe (CXX359)";"Rhein";"2024";"22.01.2024";"13,8";"mg/l"
"CXX359";"448.686";"5.428.915";"6.187";"Sauerstoff";"Karlsruhe (CXX359)";"Rhein";"2024";"23.01.2024";"13,9";"mg/l"
"CXX359";"448.686";"5.428.915";"6.187";"Sauerstoff";"Karlsruhe (CXX359)";"Rhein";"2024";"24.01.2024";"14";"mg/l"
"CXX359";"448.686";"5.428.915";"6.187";"Sauerstoff";"Karlsruhe (CXX359)";"Rhein";"2024";"25.01.2024";"13,8";"mg/l"
"CXX359";"448.686";"5.428.915";"6.187";"Sauerstoff";"Karlsruhe (CXX359)";"Rhein";"2024";"26.01.2024";"13,8";"mg/l"
"CXX359";"448.686";"5.428.915";"6.187";"Sauerstoff";"Karlsruhe (CXX359)";"Rhein";"2024";"27.01.2024";"13,4";"mg/l"
"CXX359";"448.686";"5.428.915";"6.187";"Sauerstoff";"Karlsruhe (CXX359)";"Rhein";"2024";"28.01.2024";"13,4";"mg/l"
"CXX359";"448.686";"5.428.915";"6.187";"Sauerstoff";"Karlsruhe (CXX359)";"Rhein";"2024";"29.01.2024";"13,4";"mg/l"
"CXX359";"448.686";"5.428.915";"6.187";"Sauerstoff";"Karlsruhe (CXX359)";"Rhein";"2024";"30.01.2024";"13,3";"mg/l"
"CXX359";"448.686";"5.428.915";"6.187";"Sauerstoff";"Karlsruhe (CXX359)";"Rhein";"2024";"31.01.2024";"13,3";"mg/l"
"CXX359";"448.686";"5.428.915";"6.187";"Sauerstoff";"Karlsruhe (CXX359)";"Rhein";"2024";"01.02.2024";"12,8";"mg/l"
"CXX359";"448.686";"5.428.915";"6.187";"Sauerstoff";"Karlsruhe (CXX359)";"Rhein";"2024";"02.02.2024";"12,6";"mg/l"
"CXX359";"448.686";"5.428.915";"6.187";"Sauerstoff";"Karlsruhe (CXX359)";"Rhein";"2024";"03.02.2024";"12,4";"mg/l"
"CXX359";"448.686";"5.428.915";"6.187";"Sauerstoff";"Karlsruhe (CXX359)";"Rhein";"2024";"04.02.2024";"12,1";"mg/l"
"CXX359";"448.686";"5.428.915";"6.187";"Sauerstoff";"Karlsruhe (CXX359)";"Rhein";"2024";"05.02.2024";"11,9";"mg/l"
"CXX359";"448.686";"5.428.915";"6.187";"Sauerstoff";"Karlsruhe (CXX359)";"Rhein";"2024";"06.02.2024";"11,8";"mg/l"
"CXX359";"448.686";"5.428.915";"6.187";"Sauerstoff";"Karlsruhe (CXX359)";"Rhein";"2024";"07.02.2024";"11,6";"mg/l"
"CXX359";"448.686";"5.428.915";"6.187";"Sauerstoff";"Karlsruhe (CXX359)";"Rhein";"2024";"08.02.2024";"11,5";"mg/l"
"CXX359";"448.686";"5.428.915";"6.187";"Sauerstoff";"Karlsruhe (CXX359)";"Rhein";"2024";"09.02.2024";"11,5";"mg/l"
"CXX359";"448.686";"5.428.915";"6.187";"Sauerstoff";"Karlsruhe (CXX359)";"Rhein";"2024";"10.02.2024";"11,5";"mg/l"
"CXX359";"448.686";"5.428.915";"6.187";"Sauerstoff";"Karlsruhe (CXX359)";"Rhein";"2024";"11.02.2024";"11,5";"mg/l"
"CXX359";"448.686";"5.428.915";"6.187";"Sauerstoff";"Karlsruhe (CXX359)";"Rhein";"2024";"12.02.2024";"11,4";"mg/l"
"CXX359";"448.686";"5.428.915";"6.187";"Sauerstoff";"Karlsruhe (CXX359)";"Rhein";"2024";"13.02.2024";"11,5";"mg/l"
"CXX359";"448.686";"5.428.915";"6.187";"Sauerstoff";"Karlsruhe (CXX359)";"Rhein";"2024";"14.02.2024";"11,5";"mg/l"
"CXX359";"448.686";"5.428.915";"6.187";"Sauerstoff";"Karlsruhe (CXX359)";"Rhein";"2024";"15.02.2024";"11,6";"mg/l"
"CXX359";"448.686";"5.428.915";"6.187";"Sauerstoff";"Karlsruhe (CXX359)";"Rhein";"2024";"16.02.2024";"11,5";"mg/l"
"CXX359";"448.686";"5.428.915";"6.187";"Sauerstoff";"Karlsruhe (CXX359)";"Rhein";"2024";"17.02.2024";"11,6";"mg/l"
"CXX359";"448.686";"5.428.915";"6.187";"Sauerstoff";"Karlsruhe (CXX359)";"Rhein";"2024";"18.02.2024";"11,5";"mg/l"
"CXX359";"448.686";"5.428.915";"6.187";"Sauerstoff";"Karlsruhe (CXX359)";"Rhein";"2024";"19.02.2024";"11,5";"mg/l"
"CXX359";"448.686";"5.428.915";"6.187";"Sauerstoff";"Karlsruhe (CXX359)";"Rhein";"2024";"20.02.2024";"11,6";"mg/l"
"CXX359";"448.686";"5.428.915";"6.187";"Sauerstoff";"Karlsruhe (CXX359)";"Rhein";"2024";"21.02.2024";"11,8";"mg/l"
"CXX359";"448.686";"5.428.915";"6.187";"Sauerstoff";"Karlsruhe (CXX359)";"Rhein";"2024";"22.02.2024";"11,6";"mg/l"
"CXX359";"448.686";"5.428.915";"6.187";"Sauerstoff";"Karlsruhe (CXX359)";"Rhein";"2024";"23.02.2024";"11,5";"mg/l"
"CXX359";"448.686";"5.428.915";"6.187";"Sauerstoff";"Karlsruhe (CXX359)";"Rhein";"2024";"24.02.2024";"12";"mg/l"
"CXX359";"448.686";"5.428.915";"6.187";"Sauerstoff";"Karlsruhe (CXX359)";"Rhein";"2024";"25.02.2024";"12,1";"mg/l"
"CXX359";"448.686";"5.428.915";"6.187";"Sauerstoff";"Karlsruhe (CXX359)";"Rhein";"2024";"26.02.2024";"11,9";"mg/l"
"CXX359";"448.686";"5.428.915";"6.187";"Sauerstoff";"Karlsruhe (CXX359)";"Rhein";"2024";"27.02.2024";"11,9";"mg/l"
"CXX359";"448.686";"5.428.915";"6.187";"Sauerstoff";"Karlsruhe (CXX359)";"Rhein";"2024";"28.02.2024";"11,8";"mg/l"
"CXX359";"448.686";"5.428.915";"6.187";"Sauerstoff";"Karlsruhe (CXX359)";"Rhein";"2024";"29.02.2024";"11,6";"mg/l"
"CXX359";"448.686";"5.428.915";"6.187";"Sauerstoff";"Karlsruhe (CXX359)";"Rhein";"2024";"01.03.2024";"11,5";"mg/l"
"CXX359";"448.686";"5.428.915";"6.187";"Sauerstoff";"Karlsruhe (CXX359)";"Rhein";"2024";"02.03.2024";"11,5";"mg/l"
"CXX359";"448.686";"5.428.915";"6.187";"Sauerstoff";"Karlsruhe (CXX359)";"Rhein";"2024";"03.03.2024";"11,4";"mg/l"
"CXX359";"448.686";"5.428.915";"6.187";"Sauerstoff";"Karlsruhe (CXX359)";"Rhein";"2024";"04.03.2024";"11,4";"mg/l"
"CXX359";"448.686";"5.428.915";"6.187";"Sauerstoff";"Karlsruhe (CXX359)";"Rhein";"2024";"05.03.2024";"11,4";"mg/l"
"CXX359";"448.686";"5.428.915";"6.187";"Sauerstoff";"Karlsruhe (CXX359)";"Rhein";"2024";"06.03.2024";"11,5";"mg/l"
"CXX359";"448.686";"5.428.915";"6.187";"Sauerstoff";"Karlsruhe (CXX359)";"Rhein";"2024";"07.03.2024";"11,6";"mg/l"
"CXX359";"448.686";"5.428.915";"6.187";"Sauerstoff";"Karlsruhe (CXX359)";"Rhein";"2024";"08.03.2024";"11,6";"mg/l"
"CXX359";"448.686";"5.428.915";"6.187";"Sauerstoff";"Karlsruhe (CXX359)";"Rhein";"2024";"09.03.2024";"11,7";"mg/l"
"CXX359";"448.686";"5.428.915";"6.187";"Sauerstoff";"Karlsruhe (CXX359)";"Rhein";"2024";"10.03.2024";"11,5";"mg/l"
"CXX359";"448.686";"5.428.915";"6.187";"Sauerstoff";"Karlsruhe (CXX359)";"Rhein";"2024";"11.03.2024";"11,5";"mg/l"
"CXX359";"448.686";"5.428.915";"6.187";"Sauerstoff";"Karlsruhe (CXX359)";"Rhein";"2024";"12.03.2024";"11,5";"mg/l"
"CXX359";"448.686";"5.428.915";"6.187";"Sauerstoff";"Karlsruhe (CXX359)";"Rhein";"2024";"13.03.2024";"11,6";"mg/l"
"CXX359";"448.686";"5.428.915";"6.187";"Sauerstoff";"Karlsruhe (CXX359)";"Rhein";"2024";"14.03.2024";"11,8";"mg/l"
"CXX359";"448.686";"5.428.915";"6.187";"Sauerstoff";"Karlsruhe (CXX359)";"Rhein";"2024";"15.03.2024";"11,9";"mg/l"
"CXX359";"448.686";"5.428.915";"6.187";"Sauerstoff";"Karlsruhe (CXX359)";"Rhein";"2024";"16.03.2024";"11,9";"mg/l"
"CXX359";"448.686";"5.428.915";"6.187";"Sauerstoff";"Karlsruhe (CXX359)";"Rhein";"2024";"17.03.2024";"12";"mg/l"
"CXX359";"448.686";"5.428.915";"6.187";"Sauerstoff";"Karlsruhe (CXX359)";"Rhein";"2024";"18.03.2024";"12,2";"mg/l"
"CXX359";"448.686";"5.428.915";"6.187";"Sauerstoff";"Karlsruhe (CXX359)";"Rhein";"2024";"19.03.2024";"12,6";"mg/l"
"CXX359";"448.686";"5.428.915";"6.187";"Sauerstoff";"Karlsruhe (CXX359)";"Rhein";"2024";"20.03.2024";"12,8";"mg/l"
"CXX359";"448.686";"5.428.915";"6.187";"Sauerstoff";"Karlsruhe (CXX359)";"Rhein";"2024";"21.03.2024";"12,9";"mg/l"
"CXX359";"448.686";"5.428.915";"6.187";"Sauerstoff";"Karlsruhe (CXX359)";"Rhein";"2024";"22.03.2024";"12,7";"mg/l"
"CXX359";"448.686";"5.428.915";"6.187";"Sauerstoff";"Karlsruhe (CXX359)";"Rhein";"2024";"23.03.2024";"12,5";"mg/l"
"CXX359";"448.686";"5.428.915";"6.187";"Sauerstoff";"Karlsruhe (CXX359)";"Rhein";"2024";"24.03.2024";"12,2";"mg/l"
"CXX359";"448.686";"5.428.915";"6.187";"Sauerstoff";"Karlsruhe (CXX359)";"Rhein";"2024";"25.03.2024";"12,1";"mg/l"
"CXX359";"448.686";"5.428.915";"6.187";"Sauerstoff";"Karlsruhe (CXX359)";"Rhein";"2024";"26.03.2024";"11,9";"mg/l"
"CXX359";"448.686";"5.428.915";"6.187";"Sauerstoff";"Karlsruhe (CXX359)";"Rhein";"2024";"27.03.2024";"12";"mg/l"
"CXX359";"448.686";"5.428.915";"6.187";"Sauerstoff";"Karlsruhe (CXX359)";"Rhein";"2024";"28.03.2024";"11,9";"mg/l"
"CXX359";"448.686";"5.428.915";"6.187";"Sauerstoff";"Karlsruhe (CXX359)";"Rhein";"2024";"29.03.2024";"11,7";"mg/l"
"CXX359";"448.686";"5.428.915";"6.187";"Sauerstoff";"Karlsruhe (CXX359)";"Rhein";"2024";"30.03.2024";"11,6";"mg/l"
"CXX359";"448.686";"5.428.915";"6.187";"Sauerstoff";"Karlsruhe (CXX359)";"Rhein";"2024";"31.03.2024";"11,5";"mg/l"
"CXX359";"448.686";"5.428.915";"6.187";"Sauerstoff";"Karlsruhe (CXX359)";"Rhein";"2024";"01.04.2024";"11,3";"mg/l"
"CXX359";"448.686";"5.428.915";"6.187";"Sauerstoff";"Karlsruhe (CXX359)";"Rhein";"2024";"02.04.2024";"11,2";"mg/l"
"CXX359";"448.686";"5.428.915";"6.187";"Sauerstoff";"Karlsruhe (CXX359)";"Rhein";"2024";"03.04.2024";"11,5";"mg/l"
"CXX359";"448.686";"5.428.915";"6.187";"Sauerstoff";"Karlsruhe (CXX359)";"Rhein";"2024";"04.04.2024";"11,3";"mg/l"
"CXX359";"448.686";"5.428.915";"6.187";"Sauerstoff";"Karlsruhe (CXX359)";"Rhein";"2024";"05.04.2024";"11,3";"mg/l"
"CXX359";"448.686";"5.428.915";"6.187";"Sauerstoff";"Karlsruhe (CXX359)";"Rhein";"2024";"06.04.2024";"11,3";"mg/l"
"CXX359";"448.686";"5.428.915";"6.187";"Sauerstoff";"Karlsruhe (CXX359)";"Rhein";"2024";"07.04.2024";"11,5";"mg/l"
"CXX359";"448.686";"5.428.915";"6.187";"Sauerstoff";"Karlsruhe (CXX359)";"Rhein";"2024";"08.04.2024";"11,4";"mg/l"
"CXX359";"448.686";"5.428.915";"6.187";"Sauerstoff";"Karlsruhe (CXX359)";"Rhein";"2024";"09.04.2024";"11,1";"mg/l"
"CXX359";"448.686";"5.428.915";"6.187";"Sauerstoff";"Karlsruhe (CXX359)";"Rhein";"2024";"10.04.2024";"11,3";"mg/l"
"CXX359";"448.686";"5.428.915";"6.187";"Sauerstoff";"Karlsruhe (CXX359)";"Rhein";"2024";"11.04.2024";"11,7";"mg/l"
"CXX359";"448.686";"5.428.915";"6.187";"Sauerstoff";"Karlsruhe (CXX359)";"Rhein";"2024";"12.04.2024";"11,8";"mg/l"
"CXX359";"448.686";"5.428.915";"6.187";"Sauerstoff";"Karlsruhe (CXX359)";"Rhein";"2024";"13.04.2024";"11,6";"mg/l"
"CXX359";"448.686";"5.428.915";"6.187";"Sauerstoff";"Karlsruhe (CXX359)";"Rhein";"2024";"14.04.2024";"11,7";"mg/l"
"CXX359";"448.686";"5.428.915";"6.187";"Sauerstoff";"Karlsruhe (CXX359)";"Rhein";"2024";"15.04.2024";"11,6";"mg/l"
"CXX359";"448.686";"5.428.915";"6.187";"Sauerstoff";"Karlsruhe (CXX359)";"Rhein";"2024";"16.04.2024";"11,1";"mg/l"
"CXX359";"448.686";"5.428.915";"6.187";"Sauerstoff";"Karlsruhe (CXX359)";"Rhein";"2024";"17.04.2024";"10,8";"mg/l"
"CXX359";"448.686";"5.428.915";"6.187";"Sauerstoff";"Karlsruhe (CXX359)";"Rhein";"2024";"18.04.2024";"10,9";"mg/l"
"CXX359";"448.686";"5.428.915";"6.187";"Sauerstoff";"Karlsruhe (CXX359)";"Rhein";"2024";"19.04.2024";"10,9";"mg/l"
"CXX359";"448.686";"5.428.915";"6.187";"Sauerstoff";"Karlsruhe (CXX359)";"Rhein";"2024";"20.04.2024";"11,2";"mg/l"
"CXX359";"448.686";"5.428.915";"6.187";"Sauerstoff";"Karlsruhe (CXX359)";"Rhein";"2024";"21.04.2024";"11,5";"mg/l"
"CXX359";"448.686";"5.428.915";"6.187";"Sauerstoff";"Karlsruhe (CXX359)";"Rhein";"2024";"22.04.2024";"11,8";"mg/l"
"CXX359";"448.686";"5.428.915";"6.187";"Sauerstoff";"Karlsruhe (CXX359)";"Rhein";"2024";"23.04.2024";"11,6";"mg/l"
"CXX359";"448.686";"5.428.915";"6.187";"Sauerstoff";"Karlsruhe (CXX359)";"Rhein";"2024";"24.04.2024";"11,4";"mg/l"
"CXX359";"448.686";"5.428.915";"6.187";"Sauerstoff";"Karlsruhe (CXX359)";"Rhein";"2024";"25.04.2024";"11,4";"mg/l"
"CXX359";"448.686";"5.428.915";"6.187";"Sauerstoff";"Karlsruhe (CXX359)";"Rhein";"2024";"26.04.2024";"11,5";"mg/l"
"CXX359";"448.686";"5.428.915";"6.187";"Sauerstoff";"Karlsruhe (CXX359)";"Rhein";"2024";"27.04.2024";"11,5";"mg/l"
"CXX359";"448.686";"5.428.915";"6.187";"Sauerstoff";"Karlsruhe (CXX359)";"Rhein";"2024";"28.04.2024";"11,6";"mg/l"
"CXX359";"448.686";"5.428.915";"6.187";"Sauerstoff";"Karlsruhe (CXX359)";"Rhein";"2024";"29.04.2024";"11,8";"mg/l"
"CXX359";"448.686";"5.428.915";"6.187";"Sauerstoff";"Karlsruhe (CXX359)";"Rhein";"2024";"30.04.2024";"11,8";"mg/l"
"CXX359";"448.686";"5.428.915";"6.187";"Sauerstoff";"Karlsruhe (CXX359)";"Rhein";"2024";"01.05.2024";"11,6";"mg/l"
"CXX359";"448.686";"5.428.915";"6.187";"Sauerstoff";"Karlsruhe (CXX359)";"Rhein";"2024";"02.05.2024";"11,6";"mg/l"
"CXX359";"448.686";"5.428.915";"6.187";"Sauerstoff";"Karlsruhe (CXX359)";"Rhein";"2024";"03.05.2024";"11,4";"mg/l"
"CXX359";"448.686";"5.428.915";"6.187";"Sauerstoff";"Karlsruhe (CXX359)";"Rhein";"2024";"04.05.2024";"11";"mg/l"
"CXX359";"448.686";"5.428.915";"6.187";"Sauerstoff";"Karlsruhe (CXX359)";"Rhein";"2024";"05.05.2024";"11";"mg/l"
"CXX359";"448.686";"5.428.915";"6.187";"Sauerstoff";"Karlsruhe (CXX359)";"Rhein";"2024";"06.05.2024";"10,7";"mg/l"
"CXX359";"448.686";"5.428.915";"6.187";"Sauerstoff";"Karlsruhe (CXX359)";"Rhein";"2024";"07.05.2024";"10,9";"mg/l"
"CXX359";"448.686";"5.428.915";"6.187";"Sauerstoff";"Karlsruhe (CXX359)";"Rhein";"2024";"08.05.2024";"11,1";"mg/l"
"CXX359";"448.686";"5.428.915";"6.187";"Sauerstoff";"Karlsruhe (CXX359)";"Rhein";"2024";"09.05.2024";"11,4";"mg/l"
"CXX359";"448.686";"5.428.915";"6.187";"Sauerstoff";"Karlsruhe (CXX359)";"Rhein";"2024";"10.05.2024";"11,6";"mg/l"
"CXX359";"448.686";"5.428.915";"6.187";"Sauerstoff";"Karlsruhe (CXX359)";"Rhein";"2024";"11.05.2024";"11,4";"mg/l"
"CXX359";"448.686";"5.428.915";"6.187";"Sauerstoff";"Karlsruhe (CXX359)";"Rhein";"2024";"12.05.2024";"11,2";"mg/l"
"CXX359";"448.686";"5.428.915";"6.187";"Sauerstoff";"Karlsruhe (CXX359)";"Rhein";"2024";"13.05.2024";"11,2";"mg/l"
"CXX359";"448.686";"5.428.915";"6.187";"Sauerstoff";"Karlsruhe (CXX359)";"Rhein";"2024";"14.05.2024";"10,8";"mg/l"
"CXX359";"448.686";"5.428.915";"6.187";"Sauerstoff";"Karlsruhe (CXX359)";"Rhein";"2024";"15.05.2024";"10,5";"mg/l"
"CXX359";"448.686";"5.428.915";"6.187";"Sauerstoff";"Karlsruhe (CXX359)";"Rhein";"2024";"16.05.2024";"-";"mg/l"
"CXX359";"448.686";"5.428.915";"6.187";"Sauerstoff";"Karlsruhe (CXX359)";"Rhein";"2024";"17.05.2024";"10";"mg/l"
"CXX359";"448.686";"5.428.915";"6.187";"Sauerstoff";"Karlsruhe (CXX359)";"Rhein";"2024";"18.05.2024";"10";"mg/l"
"CXX359";"448.686";"5.428.915";"6.187";"Sauerstoff";"Karlsruhe (CXX359)";"Rhein";"2024";"19.05.2024";"10";"mg/l"
"CXX359";"448.686";"5.428.915";"6.187";"Sauerstoff";"Karlsruhe (CXX359)";"Rhein";"2024";"20.05.2024";"10,1";"mg/l"
"CXX359";"448.686";"5.428.915";"6.187";"Sauerstoff";"Karlsruhe (CXX359)";"Rhein";"2024";"21.05.2024";"10";"mg/l"
"CXX359";"448.686";"5.428.915";"6.187";"Sauerstoff";"Karlsruhe (CXX359)";"Rhein";"2024";"22.05.2024";"9,6";"mg/l"
"CXX359";"448.686";"5.428.915";"6.187";"Sauerstoff";"Karlsruhe (CXX359)";"Rhein";"2024";"23.05.2024";"9,6";"mg/l"
"CXX359";"448.686";"5.428.915";"6.187";"Sauerstoff";"Karlsruhe (CXX359)";"Rhein";"2024";"24.05.2024";"10,1";"mg/l"
"CXX359";"448.686";"5.428.915";"6.187";"Sauerstoff";"Karlsruhe (CXX359)";"Rhein";"2024";"25.05.2024";"10,3";"mg/l"
"CXX359";"448.686";"5.428.915";"6.187";"Sauerstoff";"Karlsruhe (CXX359)";"Rhein";"2024";"26.05.2024";"10,3";"mg/l"
"CXX359";"448.686";"5.428.915";"6.187";"Sauerstoff";"Karlsruhe (CXX359)";"Rhein";"2024";"27.05.2024";"10,4";"mg/l"
"CXX359";"448.686";"5.428.915";"6.187";"Sauerstoff";"Karlsruhe (CXX359)";"Rhein";"2024";"28.05.2024";"10,2";"mg/l"
"CXX359";"448.686";"5.428.915";"6.187";"Sauerstoff";"Karlsruhe (CXX359)";"Rhein";"2024";"29.05.2024";"10,4";"mg/l"
"CXX359";"448.686";"5.428.915";"6.187";"Sauerstoff";"Karlsruhe (CXX359)";"Rhein";"2024";"30.05.2024";"10,3";"mg/l"
"CXX359";"448.686";"5.428.915";"6.187";"Sauerstoff";"Karlsruhe (CXX359)";"Rhein";"2024";"31.05.2024";"10,3";"mg/l"
"CXX359";"448.686";"5.428.915";"6.187";"Sauerstoff";"Karlsruhe (CXX359)";"Rhein";"2024";"01.06.2024";"10,1";"mg/l"
"CXX359";"448.686";"5.428.915";"6.187";"Sauerstoff";"Karlsruhe (CXX359)";"Rhein";"2024";"02.06.2024";"9,3";"mg/l"
"CXX359";"448.686";"5.428.915";"6.187";"Sauerstoff";"Karlsruhe (CXX359)";"Rhein";"2024";"03.06.2024";"9,5";"mg/l"
"CXX359";"448.686";"5.428.915";"6.187";"Sauerstoff";"Karlsruhe (CXX359)";"Rhein";"2024";"04.06.2024";"9,6";"mg/l"
"CXX359";"448.686";"5.428.915";"6.187";"Sauerstoff";"Karlsruhe (CXX359)";"Rhein";"2024";"05.06.2024";"9,5";"mg/l"
"CXX359";"448.686";"5.428.915";"6.187";"Sauerstoff";"Karlsruhe (CXX359)";"Rhein";"2024";"06.06.2024";"9,7";"mg/l"
"CXX359";"448.686";"5.428.915";"6.187";"Sauerstoff";"Karlsruhe (CXX359)";"Rhein";"2024";"07.06.2024";"9,6";"mg/l"
"CXX359";"448.686";"5.428.915";"6.187";"Sauerstoff";"Karlsruhe (CXX359)";"Rhein";"2024";"08.06.2024";"9,6";"mg/l"
"CXX359";"448.686";"5.428.915";"6.187";"Sauerstoff";"Karlsruhe (CXX359)";"Rhein";"2024";"09.06.2024";"9,5";"mg/l"
"CXX359";"448.686";"5.428.915";"6.187";"Sauerstoff";"Karlsruhe (CXX359)";"Rhein";"2024";"10.06.2024";"9,4";"mg/l"
"CXX359";"448.686";"5.428.915";"6.187";"Sauerstoff";"Karlsruhe (CXX359)";"Rhein";"2024";"11.06.2024";"9,2";"mg/l"
"CXX359";"448.686";"5.428.915";"6.187";"Sauerstoff";"Karlsruhe (CXX359)";"Rhein";"2024";"12.06.2024";"9,1";"mg/l"
"CXX359";"448.686";"5.428.915";"6.187";"Sauerstoff";"Karlsruhe (CXX359)";"Rhein";"2024";"13.06.2024";"9,4";"mg/l"
"CXX359";"448.686";"5.428.915";"6.187";"Sauerstoff";"Karlsruhe (CXX359)";"Rhein";"2024";"14.06.2024";"9,8";"mg/l"
"CXX359";"448.686";"5.428.915";"6.187";"Sauerstoff";"Karlsruhe (CXX359)";"Rhein";"2024";"15.06.2024";"9,8";"mg/l"
"CXX359";"448.686";"5.428.915";"6.187";"Sauerstoff";"Karlsruhe (CXX359)";"Rhein";"2024";"16.06.2024";"9,8";"mg/l"
"CXX359";"448.686";"5.428.915";"6.187";"Sauerstoff";"Karlsruhe (CXX359)";"Rhein";"2024";"17.06.2024";"9,6";"mg/l"
"CXX359";"448.686";"5.428.915";"6.187";"Sauerstoff";"Karlsruhe (CXX359)";"Rhein";"2024";"18.06.2024";"9,5";"mg/l"
"CXX359";"448.686";"5.428.915";"6.187";"Sauerstoff";"Karlsruhe (CXX359)";"Rhein";"2024";"19.06.2024";"9,5";"mg/l"
"CXX359";"448.686";"5.428.915";"6.187";"Sauerstoff";"Karlsruhe (CXX359)";"Rhein";"2024";"20.06.2024";"9,3";"mg/l"
"CXX359";"448.686";"5.428.915";"6.187";"Sauerstoff";"Karlsruhe (CXX359)";"Rhein";"2024";"21.06.2024";"9,6";"mg/l"
"CXX359";"448.686";"5.428.915";"6.187";"Sauerstoff";"Karlsruhe (CXX359)";"Rhein";"2024";"22.06.2024";"9,7";"mg/l"
"CXX359";"448.686";"5.428.915";"6.187";"Sauerstoff";"Karlsruhe (CXX359)";"Rhein";"2024";"23.06.2024";"9,7";"mg/l"
"CXX359";"448.686";"5.428.915";"6.187";"Sauerstoff";"Karlsruhe (CXX359)";"Rhein";"2024";"24.06.2024";"9,6";"mg/l"
"CXX359";"448.686";"5.428.915";"6.187";"Sauerstoff";"Karlsruhe (CXX359)";"Rhein";"2024";"25.06.2024";"9,6";"mg/l"
"CXX359";"448.686";"5.428.915";"6.187";"Sauerstoff";"Karlsruhe (CXX359)";"Rhein";"2024";"26.06.2024";"9,6";"mg/l"
"CXX359";"448.686";"5.428.915";"6.187";"Sauerstoff";"Karlsruhe (CXX359)";"Rhein";"2024";"27.06.2024";"9,6";"mg/l"
"CXX359";"448.686";"5.428.915";"6.187";"Sauerstoff";"Karlsruhe (CXX359)";"Rhein";"2024";"28.06.2024";"9,6";"mg/l"
"CXX359";"448.686";"5.428.915";"6.187";"Sauerstoff";"Karlsruhe (CXX359)";"Rhein";"2024";"29.06.2024";"9,5";"mg/l"
"CXX359";"448.686";"5.428.915";"6.187";"Sauerstoff";"Karlsruhe (CXX359)";"Rhein";"2024";"30.06.2024";"9,3";"mg/l"
"CXX359";"448.686";"5.428.915";"6.187";"Sauerstoff";"Karlsruhe (CXX359)";"Rhein";"2024";"01.07.2024";"9,1";"mg/l"
"CXX359";"448.686";"5.428.915";"6.187";"Sauerstoff";"Karlsruhe (CXX359)";"Rhein";"2024";"02.07.2024";"9,2";"mg/l"
"CXX359";"448.686";"5.428.915";"6.187";"Sauerstoff";"Karlsruhe (CXX359)";"Rhein";"2024";"03.07.2024";"9,2";"mg/l"
"CXX359";"448.686";"5.428.915";"6.187";"Sauerstoff";"Karlsruhe (CXX359)";"Rhein";"2024";"04.07.2024";"9,3";"mg/l"
"CXX359";"448.686";"5.428.915";"6.187";"Sauerstoff";"Karlsruhe (CXX359)";"Rhein";"2024";"05.07.2024";"9,4";"mg/l"
"CXX359";"448.686";"5.428.915";"6.187";"Sauerstoff";"Karlsruhe (CXX359)";"Rhein";"2024";"06.07.2024";"9,5";"mg/l"
"CXX359";"448.686";"5.428.915";"6.187";"Sauerstoff";"Karlsruhe (CXX359)";"Rhein";"2024";"07.07.2024";"9,4";"mg/l"
"CXX359";"448.686";"5.428.915";"6.187";"Sauerstoff";"Karlsruhe (CXX359)";"Rhein";"2024";"08.07.2024";"9,6";"mg/l"
"CXX359";"448.686";"5.428.915";"6.187";"Sauerstoff";"Karlsruhe (CXX359)";"Rhein";"2024";"09.07.2024";"9,5";"mg/l"
"CXX359";"448.686";"5.428.915";"6.187";"Sauerstoff";"Karlsruhe (CXX359)";"Rhein";"2024";"10.07.2024";"9,4";"mg/l"
"CXX359";"448.686";"5.428.915";"6.187";"Sauerstoff";"Karlsruhe (CXX359)";"Rhein";"2024";"11.07.2024";"9,3";"mg/l"
"CXX359";"448.686";"5.428.915";"6.187";"Sauerstoff";"Karlsruhe (CXX359)";"Rhein";"2024";"12.07.2024";"9,1";"mg/l"
"CXX359";"448.686";"5.428.915";"6.187";"Sauerstoff";"Karlsruhe (CXX359)";"Rhein";"2024";"13.07.2024";"9";"mg/l"
"CXX359";"448.686";"5.428.915";"6.187";"Sauerstoff";"Karlsruhe (CXX359)";"Rhein";"2024";"14.07.2024";"9";"mg/l"
"CXX359";"448.686";"5.428.915";"6.187";"Sauerstoff";"Karlsruhe (CXX359)";"Rhein";"2024";"15.07.2024";"8,9";"mg/l"
"CXX359";"448.686";"5.428.915";"6.187";"Sauerstoff";"Karlsruhe (CXX359)";"Rhein";"2024";"16.07.2024";"8,9";"mg/l"
"CXX359";"448.686";"5.428.915";"6.187";"Sauerstoff";"Karlsruhe (CXX359)";"Rhein";"2024";"17.07.2024";"8,9";"mg/l"
"CXX359";"448.686";"5.428.915";"6.187";"Sauerstoff";"Karlsruhe (CXX359)";"Rhein";"2024";"18.07.2024";"9";"mg/l"
"CXX359";"448.686";"5.428.915";"6.187";"Sauerstoff";"Karlsruhe (CXX359)";"Rhein";"2024";"19.07.2024";"8,9";"mg/l"
"CXX359";"448.686";"5.428.915";"6.187";"Sauerstoff";"Karlsruhe (CXX359)";"Rhein";"2024";"20.07.2024";"9,1";"mg/l"
"CXX359";"448.686";"5.428.915";"6.187";"Sauerstoff";"Karlsruhe (CXX359)";"Rhein";"2024";"21.07.2024";"9";"mg/l"
"CXX359";"448.686";"5.428.915";"6.187";"Sauerstoff";"Karlsruhe (CXX359)";"Rhein";"2024";"22.07.2024";"9";"mg/l"
"CXX359";"448.686";"5.428.915";"6.187";"Sauerstoff";"Karlsruhe (CXX359)";"Rhein";"2024";"23.07.2024";"9,1";"mg/l"
"CXX359";"448.686";"5.428.915";"6.187";"Sauerstoff";"Karlsruhe (CXX359)";"Rhein";"2024";"24.07.2024";"8,9";"mg/l"
"CXX359";"448.686";"5.428.915";"6.187";"Sauerstoff";"Karlsruhe (CXX359)";"Rhein";"2024";"25.07.2024";"8,7";"mg/l"
"CXX359";"448.686";"5.428.915";"6.187";"Sauerstoff";"Karlsruhe (CXX359)";"Rhein";"2024";"26.07.2024";"8,5";"mg/l"
"CXX359";"448.686";"5.428.915";"6.187";"Sauerstoff";"Karlsruhe (CXX359)";"Rhein";"2024";"27.07.2024";"8,3";"mg/l"
"CXX359";"448.686";"5.428.915";"6.187";"Sauerstoff";"Karlsruhe (CXX359)";"Rhein";"2024";"28.07.2024";"8,4";"mg/l"
"CXX359";"448.686";"5.428.915";"6.187";"Sauerstoff";"Karlsruhe (CXX359)";"Rhein";"2024";"29.07.2024";"8,5";"mg/l"
"CXX359";"448.686";"5.428.915";"6.187";"Sauerstoff";"Karlsruhe (CXX359)";"Rhein";"2024";"30.07.2024";"8,7";"mg/l"
"CXX359";"448.686";"5.428.915";"6.187";"Sauerstoff";"Karlsruhe (CXX359)";"Rhein";"2024";"31.07.2024";"8,8";"mg/l"
"CXX359";"448.686";"5.428.915";"6.187";"Sauerstoff";"Karlsruhe (CXX359)";"Rhein";"2024";"01.08.2024";"8,5";"mg/l"
"CXX359";"448.686";"5.428.915";"6.187";"Sauerstoff";"Karlsruhe (CXX359)";"Rhein";"2024";"02.08.2024";"8,2";"mg/l"
"CXX359";"448.686";"5.428.915";"6.187";"Sauerstoff";"Karlsruhe (CXX359)";"Rhein";"2024";"03.08.2024";"8,3";"mg/l"
"CXX359";"448.686";"5.428.915";"6.187";"Sauerstoff";"Karlsruhe (CXX359)";"Rhein";"2024";"04.08.2024";"8,3";"mg/l"
"CXX359";"448.686";"5.428.915";"6.187";"Sauerstoff";"Karlsruhe (CXX359)";"Rhein";"2024";"05.08.2024";"7,7";"mg/l"
"CXX359";"448.686";"5.428.915";"6.187";"Sauerstoff";"Karlsruhe (CXX359)";"Rhein";"2024";"06.08.2024";"8";"mg/l"
"CXX359";"448.686";"5.428.915";"6.187";"Sauerstoff";"Karlsruhe (CXX359)";"Rhein";"2024";"07.08.2024";"8";"mg/l"
"CXX359";"448.686";"5.428.915";"6.187";"Sauerstoff";"Karlsruhe (CXX359)";"Rhein";"2024";"08.08.2024";"7,9";"mg/l"
"CXX359";"448.686";"5.428.915";"6.187";"Sauerstoff";"Karlsruhe (CXX359)";"Rhein";"2024";"09.08.2024";"8,2";"mg/l"
"CXX359";"448.686";"5.428.915";"6.187";"Sauerstoff";"Karlsruhe (CXX359)";"Rhein";"2024";"10.08.2024";"8,3";"mg/l"
"CXX359";"448.686";"5.428.915";"6.187";"Sauerstoff";"Karlsruhe (CXX359)";"Rhein";"2024";"11.08.2024";"8,4";"mg/l"
"CXX359";"448.686";"5.428.915";"6.187";"Sauerstoff";"Karlsruhe (CXX359)";"Rhein";"2024";"12.08.2024";"8,7";"mg/l"
"CXX359";"448.686";"5.428.915";"6.187";"Sauerstoff";"Karlsruhe (CXX359)";"Rhein";"2024";"13.08.2024";"8,9";"mg/l"
"CXX359";"448.686";"5.428.915";"6.187";"Sauerstoff";"Karlsruhe (CXX359)";"Rhein";"2024";"14.08.2024";"8,5";"mg/l"
"CXX359";"448.686";"5.428.915";"6.187";"Sauerstoff";"Karlsruhe (CXX359)";"Rhein";"2024";"15.08.2024";"8,3";"mg/l"
"CXX359";"448.686";"5.428.915";"6.187";"Sauerstoff";"Karlsruhe (CXX359)";"Rhein";"2024";"16.08.2024";"8,6";"mg/l"
"CXX359";"448.686";"5.428.915";"6.187";"Sauerstoff";"Karlsruhe (CXX359)";"Rhein";"2024";"17.08.2024";"8,2";"mg/l"
"CXX359";"448.686";"5.428.915";"6.187";"Sauerstoff";"Karlsruhe (CXX359)";"Rhein";"2024";"18.08.2024";"7,5";"mg/l"
"CXX359";"448.686";"5.428.915";"6.187";"Sauerstoff";"Karlsruhe (CXX359)";"Rhein";"2024";"19.08.2024";"7,9";"mg/l"
"CXX359";"448.686";"5.428.915";"6.187";"Sauerstoff";"Karlsruhe (CXX359)";"Rhein";"2024";"20.08.2024";"8,2";"mg/l"
"CXX359";"448.686";"5.428.915";"6.187";"Sauerstoff";"Karlsruhe (CXX359)";"Rhein";"2024";"21.08.2024";"8,3";"mg/l"
"CXX359";"448.686";"5.428.915";"6.187";"Sauerstoff";"Karlsruhe (CXX359)";"Rhein";"2024";"22.08.2024";"8,5";"mg/l"
"CXX359";"448.686";"5.428.915";"6.187";"Sauerstoff";"Karlsruhe (CXX359)";"Rhein";"2024";"23.08.2024";"8,8";"mg/l"
"CXX359";"448.686";"5.428.915";"6.187";"Sauerstoff";"Karlsruhe (CXX359)";"Rhein";"2024";"24.08.2024";"8,7";"mg/l"
"CXX359";"448.686";"5.428.915";"6.187";"Sauerstoff";"Karlsruhe (CXX359)";"Rhein";"2024";"25.08.2024";"8,8";"mg/l"
"CXX359";"448.686";"5.428.915";"6.187";"Sauerstoff";"Karlsruhe (CXX359)";"Rhein";"2024";"26.08.2024";"8,7";"mg/l"
"CXX359";"448.686";"5.428.915";"6.187";"Sauerstoff";"Karlsruhe (CXX359)";"Rhein";"2024";"27.08.2024";"8,9";"mg/l"
"CXX359";"448.686";"5.428.915";"6.187";"Sauerstoff";"Karlsruhe (CXX359)";"Rhein";"2024";"28.08.2024";"9";"mg/l"
"CXX359";"448.686";"5.428.915";"6.187";"Sauerstoff";"Karlsruhe (CXX359)";"Rhein";"2024";"29.08.2024";"9";"mg/l"
"CXX359";"448.686";"5.428.915";"6.187";"Sauerstoff";"Karlsruhe (CXX359)";"Rhein";"2024";"30.08.2024";"8,9";"mg/l"
"CXX359";"448.686";"5.428.915";"6.187";"Sauerstoff";"Karlsruhe (CXX359)";"Rhein";"2024";"31.08.2024";"8,9";"mg/l"
"CXX359";"448.686";"5.428.915";"6.187";"Sauerstoff";"Karlsruhe (CXX359)";"Rhein";"2024";"01.09.2024";"9";"mg/l"
"CXX359";"448.686";"5.428.915";"6.187";"Sauerstoff";"Karlsruhe (CXX359)";"Rhein";"2024";"02.09.2024";"8,9";"mg/l"
"CXX359";"448.686";"5.428.915";"6.187";"Sauerstoff";"Karlsruhe (CXX359)";"Rhein";"2024";"03.09.2024";"8,9";"mg/l"
"CXX359";"448.686";"5.428.915";"6.187";"Sauerstoff";"Karlsruhe (CXX359)";"Rhein";"2024";"04.09.2024";"8,6";"mg/l"
"CXX359";"448.686";"5.428.915";"6.187";"Sauerstoff";"Karlsruhe (CXX359)";"Rhein";"2024";"05.09.2024";"8,5";"mg/l"
"CXX359";"448.686";"5.428.915";"6.187";"Sauerstoff";"Karlsruhe (CXX359)";"Rhein";"2024";"06.09.2024";"8";"mg/l"
"CXX359";"448.686";"5.428.915";"6.187";"Sauerstoff";"Karlsruhe (CXX359)";"Rhein";"2024";"07.09.2024";"7,6";"mg/l"
"CXX359";"448.686";"5.428.915";"6.187";"Sauerstoff";"Karlsruhe (CXX359)";"Rhein";"2024";"08.09.2024";"7,4";"mg/l"
"CXX359";"448.686";"5.428.915";"6.187";"Sauerstoff";"Karlsruhe (CXX359)";"Rhein";"2024";"09.09.2024";"7,5";"mg/l"
"CXX359";"448.686";"5.428.915";"6.187";"Sauerstoff";"Karlsruhe (CXX359)";"Rhein";"2024";"10.09.2024";"7,7";"mg/l"
"CXX359";"448.686";"5.428.915";"6.187";"Sauerstoff";"Karlsruhe (CXX359)";"Rhein";"2024";"11.09.2024";"7,7";"mg/l"
"CXX359";"448.686";"5.428.915";"6.187";"Sauerstoff";"Karlsruhe (CXX359)";"Rhein";"2024";"12.09.2024";"8,2";"mg/l"
"CXX359";"448.686";"5.428.915";"6.187";"Sauerstoff";"Karlsruhe (CXX359)";"Rhein";"2024";"13.09.2024";"8,6";"mg/l"
"CXX359";"448.686";"5.428.915";"6.187";"Sauerstoff";"Karlsruhe (CXX359)";"Rhein";"2024";"14.09.2024";"8,9";"mg/l"
"CXX359";"448.686";"5.428.915";"6.187";"Sauerstoff";"Karlsruhe (CXX359)";"Rhein";"2024";"15.09.2024";"9,1";"mg/l"
"CXX359";"448.686";"5.428.915";"6.187";"Sauerstoff";"Karlsruhe (CXX359)";"Rhein";"2024";"16.09.2024";"8,9";"mg/l"
"CXX359";"448.686";"5.428.915";"6.187";"Sauerstoff";"Karlsruhe (CXX359)";"Rhein";"2024";"17.09.2024";"8,8";"mg/l"
"CXX359";"448.686";"5.428.915";"6.187";"Sauerstoff";"Karlsruhe (CXX359)";"Rhein";"2024";"18.09.2024";"9";"mg/l"
"CXX359";"448.686";"5.428.915";"6.187";"Sauerstoff";"Karlsruhe (CXX359)";"Rhein";"2024";"19.09.2024";"8,9";"mg/l"
"CXX359";"448.686";"5.428.915";"6.187";"Sauerstoff";"Karlsruhe (CXX359)";"Rhein";"2024";"20.09.2024";"9";"mg/l"
"CXX359";"448.686";"5.428.915";"6.187";"Sauerstoff";"Karlsruhe (CXX359)";"Rhein";"2024";"21.09.2024";"8,9";"mg/l"
"CXX359";"448.686";"5.428.915";"6.187";"Sauerstoff";"Karlsruhe (CXX359)";"Rhein";"2024";"22.09.2024";"8,9";"mg/l"
"CXX359";"448.686";"5.428.915";"6.187";"Sauerstoff";"Karlsruhe (CXX359)";"Rhein";"2024";"23.09.2024";"8,8";"mg/l"
"CXX359";"448.686";"5.428.915";"6.187";"Sauerstoff";"Karlsruhe (CXX359)";"Rhein";"2024";"24.09.2024";"8,7";"mg/l"
"CXX359";"448.686";"5.428.915";"6.187";"Sauerstoff";"Karlsruhe (CXX359)";"Rhein";"2024";"25.09.2024";"8,7";"mg/l"
"CXX359";"448.686";"5.428.915";"6.187";"Sauerstoff";"Karlsruhe (CXX359)";"Rhein";"2024";"26.09.2024";"8,5";"mg/l"
"CXX359";"448.686";"5.428.915";"6.187";"Sauerstoff";"Karlsruhe (CXX359)";"Rhein";"2024";"27.09.2024";"8,7";"mg/l"
"CXX359";"448.686";"5.428.915";"6.187";"Sauerstoff";"Karlsruhe (CXX359)";"Rhein";"2024";"28.09.2024";"8,7";"mg/l"
"CXX359";"448.686";"5.428.915";"6.187";"Sauerstoff";"Karlsruhe (CXX359)";"Rhein";"2024";"29.09.2024";"8,5";"mg/l"
"CXX359";"448.686";"5.428.915";"6.187";"Sauerstoff";"Karlsruhe (CXX359)";"Rhein";"2024";"30.09.2024";"-";"mg/l"
"CXX359";"448.686";"5.428.915";"6.187";"Sauerstoff";"Karlsruhe (CXX359)";"Rhein";"2024";"01.10.2024";"-";"mg/l"
"CXX359";"448.686";"5.428.915";"6.187";"Sauerstoff";"Karlsruhe (CXX359)";"Rhein";"2024";"02.10.2024";"-";"mg/l"
"CXX359";"448.686";"5.428.915";"6.187";"Sauerstoff";"Karlsruhe (CXX359)";"Rhein";"2024";"03.10.2024";"-";"mg/l"
"CXX359";"448.686";"5.428.915";"6.187";"Sauerstoff";"Karlsruhe (CXX359)";"Rhein";"2024";"04.10.2024";"-";"mg/l"
"CXX359";"448.686";"5.428.915";"6.187";"Sauerstoff";"Karlsruhe (CXX359)";"Rhein";"2024";"05.10.2024";"-";"mg/l"
"CXX359";"448.686";"5.428.915";"6.187";"Sauerstoff";"Karlsruhe (CXX359)";"Rhein";"2024";"06.10.2024";"-";"mg/l"
"CXX359";"448.686";"5.428.915";"6.187";"Sauerstoff";"Karlsruhe (CXX359)";"Rhein";"2024";"07.10.2024";"-";"mg/l"
"CXX359";"448.686";"5.428.915";"6.187";"Sauerstoff";"Karlsruhe (CXX359)";"Rhein";"2024";"08.10.2024";"-";"mg/l"
"CXX359";"448.686";"5.428.915";"6.187";"Sauerstoff";"Karlsruhe (CXX359)";"Rhein";"2024";"09.10.2024";"-";"mg/l"
"CXX359";"448.686";"5.428.915";"6.187";"Sauerstoff";"Karlsruhe (CXX359)";"Rhein";"2024";"10.10.2024";"-";"mg/l"
"CXX359";"448.686";"5.428.915";"6.187";"Sauerstoff";"Karlsruhe (CXX359)";"Rhein";"2024";"11.10.2024";"-";"mg/l"
"CXX359";"448.686";"5.428.915";"6.187";"Sauerstoff";"Karlsruhe (CXX359)";"Rhein";"2024";"12.10.2024";"-";"mg/l"
"CXX359";"448.686";"5.428.915";"6.187";"Sauerstoff";"Karlsruhe (CXX359)";"Rhein";"2024";"13.10.2024";"-";"mg/l"
"CXX359";"448.686";"5.428.915";"6.187";"Sauerstoff";"Karlsruhe (CXX359)";"Rhein";"2024";"14.10.2024";"-";"mg/l"
"CXX359";"448.686";"5.428.915";"6.187";"Sauerstoff";"Karlsruhe (CXX359)";"Rhein";"2024";"15.10.2024";"-";"mg/l"
"CXX359";"448.686";"5.428.915";"6.187";"Sauerstoff";"Karlsruhe (CXX359)";"Rhein";"2024";"16.10.2024";"-";"mg/l"
"CXX359";"448.686";"5.428.915";"6.187";"Sauerstoff";"Karlsruhe (CXX359)";"Rhein";"2024";"17.10.2024";"-";"mg/l"
"CXX359";"448.686";"5.428.915";"6.187";"Sauerstoff";"Karlsruhe (CXX359)";"Rhein";"2024";"18.10.2024";"-";"mg/l"
"CXX359";"448.686";"5.428.915";"6.187";"Sauerstoff";"Karlsruhe (CXX359)";"Rhein";"2024";"19.10.2024";"-";"mg/l"
"CXX359";"448.686";"5.428.915";"6.187";"Sauerstoff";"Karlsruhe (CXX359)";"Rhein";"2024";"20.10.2024";"-";"mg/l"
"CXX359";"448.686";"5.428.915";"6.187";"Sauerstoff";"Karlsruhe (CXX359)";"Rhein";"2024";"21.10.2024";"10,7";"mg/l"
"CXX359";"448.686";"5.428.915";"6.187";"Sauerstoff";"Karlsruhe (CXX359)";"Rhein";"2024";"22.10.2024";"10,6";"mg/l"
"CXX359";"448.686";"5.428.915";"6.187";"Sauerstoff";"Karlsruhe (CXX359)";"Rhein";"2024";"23.10.2024";"10,5";"mg/l"
"CXX359";"448.686";"5.428.915";"6.187";"Sauerstoff";"Karlsruhe (CXX359)";"Rhein";"2024";"24.10.2024";"10,1";"mg/l"
"CXX359";"448.686";"5.428.915";"6.187";"Sauerstoff";"Karlsruhe (CXX359)";"Rhein";"2024";"25.10.2024";"-";"mg/l"
"CXX359";"448.686";"5.428.915";"6.187";"Sauerstoff";"Karlsruhe (CXX359)";"Rhein";"2024";"26.10.2024";"10,2";"mg/l"
"CXX359";"448.686";"5.428.915";"6.187";"Sauerstoff";"Karlsruhe (CXX359)";"Rhein";"2024";"27.10.2024";"9,8";"mg/l"
"CXX359";"448.686";"5.428.915";"6.187";"Sauerstoff";"Karlsruhe (CXX359)";"Rhein";"2024";"28.10.2024";"9,7";"mg/l"
"CXX359";"448.686";"5.428.915";"6.187";"Sauerstoff";"Karlsruhe (CXX359)";"Rhein";"2024";"29.10.2024";"9,6";"mg/l"
"CXX359";"448.686";"5.428.915";"6.187";"Sauerstoff";"Karlsruhe (CXX359)";"Rhein";"2024";"30.10.2024";"9,7";"mg/l"
"CXX359";"448.686";"5.428.915";"6.187";"Sauerstoff";"Karlsruhe (CXX359)";"Rhein";"2024";"31.10.2024";"9,5";"mg/l"
"CXX359";"448.686";"5.428.915";"6.187";"Sauerstoff";"Karlsruhe (CXX359)";"Rhein";"2024";"01.11.2024";"9,5";"mg/l"
"CXX359";"448.686";"5.428.915";"6.187";"Sauerstoff";"Karlsruhe (CXX359)";"Rhein";"2024";"02.11.2024";"9,6";"mg/l"
"CXX359";"448.686";"5.428.915";"6.187";"Sauerstoff";"Karlsruhe (CXX359)";"Rhein";"2024";"03.11.2024";"9,6";"mg/l"
"CXX359";"448.686";"5.428.915";"6.187";"Sauerstoff";"Karlsruhe (CXX359)";"Rhein";"2024";"04.11.2024";"9,7";"mg/l"
"CXX359";"448.686";"5.428.915";"6.187";"Sauerstoff";"Karlsruhe (CXX359)";"Rhein";"2024";"05.11.2024";"9,7";"mg/l"
"CXX359";"448.686";"5.428.915";"6.187";"Sauerstoff";"Karlsruhe (CXX359)";"Rhein";"2024";"06.11.2024";"9,7";"mg/l"
"CXX359";"448.686";"5.428.915";"6.187";"Sauerstoff";"Karlsruhe (CXX359)";"Rhein";"2024";"07.11.2024";"9,9";"mg/l"
"CXX359";"448.686";"5.428.915";"6.187";"Sauerstoff";"Karlsruhe (CXX359)";"Rhein";"2024";"08.11.2024";"9,9";"mg/l"
"CXX359";"448.686";"5.428.915";"6.187";"Sauerstoff";"Karlsruhe (CXX359)";"Rhein";"2024";"09.11.2024";"9,9";"mg/l"
"CXX359";"448.686";"5.428.915";"6.187";"Sauerstoff";"Karlsruhe (CXX359)";"Rhein";"2024";"10.11.2024";"-";"mg/l"
"CXX359";"448.686";"5.428.915";"6.187";"Sauerstoff";"Karlsruhe (CXX359)";"Rhein";"2024";"11.11.2024";"9,9";"mg/l"
"CXX359";"448.686";"5.428.915";"6.187";"Sauerstoff";"Karlsruhe (CXX359)";"Rhein";"2024";"12.11.2024";"9,9";"mg/l"
"CXX359";"448.686";"5.428.915";"6.187";"Sauerstoff";"Karlsruhe (CXX359)";"Rhein";"2024";"13.11.2024";"9,9";"mg/l"
"CXX359";"448.686";"5.428.915";"6.187";"Sauerstoff";"Karlsruhe (CXX359)";"Rhein";"2024";"14.11.2024";"10";"mg/l"
"CXX359";"448.686";"5.428.915";"6.187";"Sauerstoff";"Karlsruhe (CXX359)";"Rhein";"2024";"15.11.2024";"10";"mg/l"
"CXX359";"448.686";"5.428.915";"6.187";"Sauerstoff";"Karlsruhe (CXX359)";"Rhein";"2024";"16.11.2024";"10,1";"mg/l"
"CXX359";"448.686";"5.428.915";"6.187";"Sauerstoff";"Karlsruhe (CXX359)";"Rhein";"2024";"17.11.2024";"10,1";"mg/l"
"CXX359";"448.686";"5.428.915";"6.187";"Sauerstoff";"Karlsruhe (CXX359)";"Rhein";"2024";"18.11.2024";"10,1";"mg/l"
"CXX359";"448.686";"5.428.915";"6.187";"Sauerstoff";"Karlsruhe (CXX359)";"Rhein";"2024";"19.11.2024";"10,2";"mg/l"
"CXX359";"448.686";"5.428.915";"6.187";"Sauerstoff";"Karlsruhe (CXX359)";"Rhein";"2024";"20.11.2024";"10,2";"mg/l"
"CXX359";"448.686";"5.428.915";"6.187";"Sauerstoff";"Karlsruhe (CXX359)";"Rhein";"2024";"21.11.2024";"10,3";"mg/l"
"CXX359";"448.686";"5.428.915";"6.187";"Sauerstoff";"Karlsruhe (CXX359)";"Rhein";"2024";"22.11.2024";"10,4";"mg/l"
"CXX359";"448.686";"5.428.915";"6.187";"Sauerstoff";"Karlsruhe (CXX359)";"Rhein";"2024";"23.11.2024";"10,5";"mg/l"
"CXX359";"448.686";"5.428.915";"6.187";"Sauerstoff";"Karlsruhe (CXX359)";"Rhein";"2024";"24.11.2024";"10,5";"mg/l"
"CXX359";"448.686";"5.428.915";"6.187";"Sauerstoff";"Karlsruhe (CXX359)";"Rhein";"2024";"25.11.2024";"10,5";"mg/l"
"CXX359";"448.686";"5.428.915";"6.187";"Sauerstoff";"Karlsruhe (CXX359)";"Rhein";"2024";"26.11.2024";"10,9";"mg/l"
"CXX359";"448.686";"5.428.915";"6.187";"Sauerstoff";"Karlsruhe (CXX359)";"Rhein";"2024";"27.11.2024";"11,2";"mg/l"
"CXX359";"448.686";"5.428.915";"6.187";"Sauerstoff";"Karlsruhe (CXX359)";"Rhein";"2024";"28.11.2024";"11,3";"mg/l"
"CXX359";"448.686";"5.428.915";"6.187";"Sauerstoff";"Karlsruhe (CXX359)";"Rhein";"2024";"29.11.2024";"11,4";"mg/l"
"CXX359";"448.686";"5.428.915";"6.187";"Sauerstoff";"Karlsruhe (CXX359)";"Rhein";"2024";"30.11.2024";"11,3";"mg/l"
"CXX359";"448.686";"5.428.915";"6.187";"Sauerstoff";"Karlsruhe (CXX359)";"Rhein";"2024";"01.12.2024";"11,2";"mg/l"
"CXX359";"448.686";"5.428.915";"6.187";"Sauerstoff";"Karlsruhe (CXX359)";"Rhein";"2024";"02.12.2024";"11,2";"mg/l"
"CXX359";"448.686";"5.428.915";"6.187";"Sauerstoff";"Karlsruhe (CXX359)";"Rhein";"2024";"03.12.2024";"11,1";"mg/l"
"CXX359";"448.686";"5.428.915";"6.187";"Sauerstoff";"Karlsruhe (CXX359)";"Rhein";"2024";"04.12.2024";"11,5";"mg/l"
"CXX359";"448.686";"5.428.915";"6.187";"Sauerstoff";"Karlsruhe (CXX359)";"Rhein";"2024";"05.12.2024";"11,6";"mg/l"
"CXX359";"448.686";"5.428.915";"6.187";"Sauerstoff";"Karlsruhe (CXX359)";"Rhein";"2024";"06.12.2024";"11,4";"mg/l"
"CXX359";"448.686";"5.428.915";"6.187";"Sauerstoff";"Karlsruhe (CXX359)";"Rhein";"2024";"07.12.2024";"11,6";"mg/l"
"CXX359";"448.686";"5.428.915";"6.187";"Sauerstoff";"Karlsruhe (CXX359)";"Rhein";"2024";"08.12.2024";"11,5";"mg/l"
"CXX359";"448.686";"5.428.915";"6.187";"Sauerstoff";"Karlsruhe (CXX359)";"Rhein";"2024";"09.12.2024";"11,5";"mg/l"
"CXX359";"448.686";"5.428.915";"6.187";"Sauerstoff";"Karlsruhe (CXX359)";"Rhein";"2024";"10.12.2024";"11,5";"mg/l"
"CXX359";"448.686";"5.428.915";"6.187";"Sauerstoff";"Karlsruhe (CXX359)";"Rhein";"2024";"11.12.2024";"11,5";"mg/l"
"CXX359";"448.686";"5.428.915";"6.187";"Sauerstoff";"Karlsruhe (CXX359)";"Rhein";"2024";"12.12.2024";"11,4";"mg/l"
"CXX359";"448.686";"5.428.915";"6.187";"Sauerstoff";"Karlsruhe (CXX359)";"Rhein";"2024";"13.12.2024";"11,3";"mg/l"
"CXX359";"448.686";"5.428.915";"6.187";"Sauerstoff";"Karlsruhe (CXX359)";"Rhein";"2024";"14.12.2024";"11,2";"mg/l"
"CXX359";"448.686";"5.428.915";"6.187";"Sauerstoff";"Karlsruhe (CXX359)";"Rhein";"2024";"15.12.2024";"11,2";"mg/l"
"CXX359";"448.686";"5.428.915";"6.187";"Sauerstoff";"Karlsruhe (CXX359)";"Rhein";"2024";"16.12.2024";"11,2";"mg/l"
"CXX359";"448.686";"5.428.915";"6.187";"Sauerstoff";"Karlsruhe (CXX359)";"Rhein";"2024";"17.12.2024";"11,1";"mg/l"
"CXX359";"448.686";"5.428.915";"6.187";"Sauerstoff";"Karlsruhe (CXX359)";"Rhein";"2024";"18.12.2024";"11,1";"mg/l"
"CXX359";"448.686";"5.428.915";"6.187";"Sauerstoff";"Karlsruhe (CXX359)";"Rhein";"2024";"19.12.2024";"11,1";"mg/l"
"CXX359";"448.686";"5.428.915";"6.187";"Sauerstoff";"Karlsruhe (CXX359)";"Rhein";"2024";"20.12.2024";"11,2";"mg/l"
"CXX359";"448.686";"5.428.915";"6.187";"Sauerstoff";"Karlsruhe (CXX359)";"Rhein";"2024";"21.12.2024";"11,3";"mg/l"
"CXX359";"448.686";"5.428.915";"6.187";"Sauerstoff";"Karlsruhe (CXX359)";"Rhein";"2024";"22.12.2024";"11,2";"mg/l"
"CXX359";"448.686";"5.428.915";"6.187";"Sauerstoff";"Karlsruhe (CXX359)";"Rhein";"2024";"23.12.2024";"11,3";"mg/l"
"CXX359";"448.686";"5.428.915";"6.187";"Sauerstoff";"Karlsruhe (CXX359)";"Rhein";"2024";"24.12.2024";"11,7";"mg/l"
"CXX359";"448.686";"5.428.915";"6.187";"Sauerstoff";"Karlsruhe (CXX359)";"Rhein";"2024";"25.12.2024";"11,8";"mg/l"
"CXX359";"448.686";"5.428.915";"6.187";"Sauerstoff";"Karlsruhe (CXX359)";"Rhein";"2024";"26.12.2024";"11,6";"mg/l"
"CXX359";"448.686";"5.428.915";"6.187";"Sauerstoff";"Karlsruhe (CXX359)";"Rhein";"2024";"27.12.2024";"11,5";"mg/l"
"CXX359";"448.686";"5.428.915";"6.187";"Sauerstoff";"Karlsruhe (CXX359)";"Rhein";"2024";"28.12.2024";"11,5";"mg/l"
"CXX359";"448.686";"5.428.915";"6.187";"Sauerstoff";"Karlsruhe (CXX359)";"Rhein";"2024";"29.12.2024";"11,4";"mg/l"
"CXX359";"448.686";"5.428.915";"6.187";"Sauerstoff";"Karlsruhe (CXX359)";"Rhein";"2024";"30.12.2024";"11,4";"mg/l"
"CXX359";"448.686";"5.428.915";"6.187";"Sauerstoff";"Karlsruhe (CXX359)";"Rhein";"2024";"31.12.2024";"11,4";"mg/l"
"CXX359";"448.686";"5.428.915";"6.187";"Sauerstoff";"Karlsruhe (CXX359)";"Rhein";"2025";"01.01.2025";"11,5";"mg/l"
"CXX359";"448.686";"5.428.915";"6.187";"Sauerstoff";"Karlsruhe (CXX359)";"Rhein";"2025";"02.01.2025";"11,5";"mg/l"
"CXX359";"448.686";"5.428.915";"6.187";"Sauerstoff";"Karlsruhe (CXX359)";"Rhein";"2025";"03.01.2025";"11,5";"mg/l"
"CXX359";"448.686";"5.428.915";"6.187";"Sauerstoff";"Karlsruhe (CXX359)";"Rhein";"2025";"04.01.2025";"11,7";"mg/l"
"CXX359";"448.686";"5.428.915";"6.187";"Sauerstoff";"Karlsruhe (CXX359)";"Rhein";"2025";"05.01.2025";"11,6";"mg/l"
"CXX359";"448.686";"5.428.915";"6.187";"Sauerstoff";"Karlsruhe (CXX359)";"Rhein";"2025";"06.01.2025";"12,2";"mg/l"
"CXX359";"448.686";"5.428.915";"6.187";"Sauerstoff";"Karlsruhe (CXX359)";"Rhein";"2025";"07.01.2025";"12,4";"mg/l"
"CXX359";"448.686";"5.428.915";"6.187";"Sauerstoff";"Karlsruhe (CXX359)";"Rhein";"2025";"08.01.2025";"12,7";"mg/l"
"CXX359";"448.686";"5.428.915";"6.187";"Sauerstoff";"Karlsruhe (CXX359)";"Rhein";"2025";"09.01.2025";"12,7";"mg/l"
"CXX359";"448.686";"5.428.915";"6.187";"Sauerstoff";"Karlsruhe (CXX359)";"Rhein";"2025";"10.01.2025";"12,5";"mg/l"
"CXX359";"448.686";"5.428.915";"6.187";"Sauerstoff";"Karlsruhe (CXX359)";"Rhein";"2025";"11.01.2025";"12,7";"mg/l"
"CXX359";"448.686";"5.428.915";"6.187";"Sauerstoff";"Karlsruhe (CXX359)";"Rhein";"2025";"12.01.2025";"12,9";"mg/l"
"CXX359";"448.686";"5.428.915";"6.187";"Sauerstoff";"Karlsruhe (CXX359)";"Rhein";"2025";"13.01.2025";"13";"mg/l"
"CXX359";"448.686";"5.428.915";"6.187";"Sauerstoff";"Karlsruhe (CXX359)";"Rhein";"2025";"14.01.2025";"12,9";"mg/l"
"CXX359";"448.686";"5.428.915";"6.187";"Sauerstoff";"Karlsruhe (CXX359)";"Rhein";"2025";"15.01.2025";"12,8";"mg/l"
"CXX359";"448.686";"5.428.915";"6.187";"Sauerstoff";"Karlsruhe (CXX359)";"Rhein";"2025";"16.01.2025";"12,5";"mg/l"
"CXX359";"448.686";"5.428.915";"6.187";"Sauerstoff";"Karlsruhe (CXX359)";"Rhein";"2025";"17.01.2025";"12,4";"mg/l"
"CXX359";"448.686";"5.428.915";"6.187";"Sauerstoff";"Karlsruhe (CXX359)";"Rhein";"2025";"18.01.2025";"12,2";"mg/l"
"CXX359";"448.686";"5.428.915";"6.187";"Sauerstoff";"Karlsruhe (CXX359)";"Rhein";"2025";"19.01.2025";"12";"mg/l"
"CXX359";"448.686";"5.428.915";"6.187";"Sauerstoff";"Karlsruhe (CXX359)";"Rhein";"2025";"20.01.2025";"11,7";"mg/l"
"CXX359";"448.686";"5.428.915";"6.187";"Sauerstoff";"Karlsruhe (CXX359)";"Rhein";"2025";"21.01.2025";"11,4";"mg/l"
"CXX359";"448.686";"5.428.915";"6.187";"Sauerstoff";"Karlsruhe (CXX359)";"Rhein";"2025";"22.01.2025";"11,4";"mg/l"
"CXX359";"448.686";"5.428.915";"6.187";"Sauerstoff";"Karlsruhe (CXX359)";"Rhein";"2025";"23.01.2025";"11,6";"mg/l"
"CXX359";"448.686";"5.428.915";"6.187";"Sauerstoff";"Karlsruhe (CXX359)";"Rhein";"2025";"24.01.2025";"11,7";"mg/l"
"CXX359";"448.686";"5.428.915";"6.187";"Sauerstoff";"Karlsruhe (CXX359)";"Rhein";"2025";"25.01.2025";"11,5";"mg/l"
"CXX359";"448.686";"5.428.915";"6.187";"Sauerstoff";"Karlsruhe (CXX359)";"Rhein";"2025";"26.01.2025";"11,4";"mg/l"
"CXX359";"448.686";"5.428.915";"6.187";"Sauerstoff";"Karlsruhe (CXX359)";"Rhein";"2025";"27.01.2025";"11,4";"mg/l"
"CXX359";"448.686";"5.428.915";"6.187";"Sauerstoff";"Karlsruhe (CXX359)";"Rhein";"2025";"28.01.2025";"11,7";"mg/l"
"CXX359";"448.686";"5.428.915";"6.187";"Sauerstoff";"Karlsruhe (CXX359)";"Rhein";"2025";"29.01.2025";"12,6";"mg/l"
"CXX359";"448.686";"5.428.915";"6.187";"Sauerstoff";"Karlsruhe (CXX359)";"Rhein";"2025";"30.01.2025";"12,9";"mg/l"
"CXX359";"448.686";"5.428.915";"6.187";"Sauerstoff";"Karlsruhe (CXX359)";"Rhein";"2025";"31.01.2025";"12,8";"mg/l"
"CXX359";"448.686";"5.428.915";"6.187";"Sauerstoff";"Karlsruhe (CXX359)";"Rhein";"2025";"01.02.2025";"12,2";"mg/l"
"CXX359";"448.686";"5.428.915";"6.187";"Sauerstoff";"Karlsruhe (CXX359)";"Rhein";"2025";"02.02.2025";"12";"mg/l"
"CXX359";"448.686";"5.428.915";"6.187";"Sauerstoff";"Karlsruhe (CXX359)";"Rhein";"2025";"03.02.2025";"11,8";"mg/l"
"CXX359";"448.686";"5.428.915";"6.187";"Sauerstoff";"Karlsruhe (CXX359)";"Rhein";"2025";"04.02.2025";"11,8";"mg/l"
"CXX359";"448.686";"5.428.915";"6.187";"Sauerstoff";"Karlsruhe (CXX359)";"Rhein";"2025";"05.02.2025";"11,7";"mg/l"
"CXX359";"448.686";"5.428.915";"6.187";"Sauerstoff";"Karlsruhe (CXX359)";"Rhein";"2025";"06.02.2025";"11,7";"mg/l"
"CXX359";"448.686";"5.428.915";"6.187";"Sauerstoff";"Karlsruhe (CXX359)";"Rhein";"2025";"07.02.2025";"11,7";"mg/l"
"CXX359";"448.686";"5.428.915";"6.187";"Sauerstoff";"Karlsruhe (CXX359)";"Rhein";"2025";"08.02.2025";"11,7";"mg/l"
"CXX359";"448.686";"5.428.915";"6.187";"Sauerstoff";"Karlsruhe (CXX359)";"Rhein";"2025";"09.02.2025";"11,7";"mg/l"
"CXX359";"448.686";"5.428.915";"6.187";"Sauerstoff";"Karlsruhe (CXX359)";"Rhein";"2025";"10.02.2025";"11,7";"mg/l"
"CXX359";"448.686";"5.428.915";"6.187";"Sauerstoff";"Karlsruhe (CXX359)";"Rhein";"2025";"11.02.2025";"11,6";"mg/l"
"CXX359";"448.686";"5.428.915";"6.187";"Sauerstoff";"Karlsruhe (CXX359)";"Rhein";"2025";"12.02.2025";"11,5";"mg/l"
"CXX359";"448.686";"5.428.915";"6.187";"Sauerstoff";"Karlsruhe (CXX359)";"Rhein";"2025";"13.02.2025";"11,9";"mg/l"
"CXX359";"448.686";"5.428.915";"6.187";"Sauerstoff";"Karlsruhe (CXX359)";"Rhein";"2025";"14.02.2025";"12,6";"mg/l"
"CXX359";"448.686";"5.428.915";"6.187";"Sauerstoff";"Karlsruhe (CXX359)";"Rhein";"2025";"15.02.2025";"12,7";"mg/l"
"CXX359";"448.686";"5.428.915";"6.187";"Sauerstoff";"Karlsruhe (CXX359)";"Rhein";"2025";"16.02.2025";"12,7";"mg/l"
"CXX359";"448.686";"5.428.915";"6.187";"Sauerstoff";"Karlsruhe (CXX359)";"Rhein";"2025";"17.02.2025";"12,4";"mg/l"
"CXX359";"448.686";"5.428.915";"6.187";"Sauerstoff";"Karlsruhe (CXX359)";"Rhein";"2025";"18.02.2025";"12,1";"mg/l"
"CXX359";"448.686";"5.428.915";"6.187";"Sauerstoff";"Karlsruhe (CXX359)";"Rhein";"2025";"19.02.2025";"12,3";"mg/l"
"CXX359";"448.686";"5.428.915";"6.187";"Sauerstoff";"Karlsruhe (CXX359)";"Rhein";"2025";"20.02.2025";"12,5";"mg/l"
"CXX359";"448.686";"5.428.915";"6.187";"Sauerstoff";"Karlsruhe (CXX359)";"Rhein";"2025";"21.02.2025";"12,7";"mg/l"
"CXX359";"448.686";"5.428.915";"6.187";"Sauerstoff";"Karlsruhe (CXX359)";"Rhein";"2025";"22.02.2025";"12,6";"mg/l"
"CXX359";"448.686";"5.428.915";"6.187";"Sauerstoff";"Karlsruhe (CXX359)";"Rhein";"2025";"23.02.2025";"12,7";"mg/l"
"CXX359";"448.686";"5.428.915";"6.187";"Sauerstoff";"Karlsruhe (CXX359)";"Rhein";"2025";"24.02.2025";"12,6";"mg/l"
"CXX359";"448.686";"5.428.915";"6.187";"Sauerstoff";"Karlsruhe (CXX359)";"Rhein";"2025";"25.02.2025";"12,4";"mg/l"
"CXX359";"448.686";"5.428.915";"6.187";"Sauerstoff";"Karlsruhe (CXX359)";"Rhein";"2025";"26.02.2025";"12,3";"mg/l"
"CXX359";"448.686";"5.428.915";"6.187";"Sauerstoff";"Karlsruhe (CXX359)";"Rhein";"2025";"27.02.2025";"12,3";"mg/l"
"CXX359";"448.686";"5.428.915";"6.187";"Sauerstoff";"Karlsruhe (CXX359)";"Rhein";"2025";"28.02.2025";"12,3";"mg/l"
"CXX359";"448.686";"5.428.915";"6.187";"Sauerstoff";"Karlsruhe (CXX359)";"Rhein";"2025";"01.03.2025";"12,4";"mg/l"
"CXX359";"448.686";"5.428.915";"6.187";"Sauerstoff";"Karlsruhe (CXX359)";"Rhein";"2025";"02.03.2025";"12,6";"mg/l"
"CXX359";"448.686";"5.428.915";"6.187";"Sauerstoff";"Karlsruhe (CXX359)";"Rhein";"2025";"03.03.2025";"12,6";"mg/l"
"CXX359";"448.686";"5.428.915";"6.187";"Sauerstoff";"Karlsruhe (CXX359)";"Rhein";"2025";"04.03.2025";"12,7";"mg/l"
"CXX359";"448.686";"5.428.915";"6.187";"Sauerstoff";"Karlsruhe (CXX359)";"Rhein";"2025";"05.03.2025";"12,6";"mg/l"
"CXX359";"448.686";"5.428.915";"6.187";"Sauerstoff";"Karlsruhe (CXX359)";"Rhein";"2025";"06.03.2025";"12,5";"mg/l"
"CXX359";"448.686";"5.428.915";"6.187";"Sauerstoff";"Karlsruhe (CXX359)";"Rhein";"2025";"07.03.2025";"12,8";"mg/l"
"CXX359";"448.686";"5.428.915";"6.187";"Sauerstoff";"Karlsruhe (CXX359)";"Rhein";"2025";"08.03.2025";"12,8";"mg/l"
"CXX359";"448.686";"5.428.915";"6.187";"Sauerstoff";"Karlsruhe (CXX359)";"Rhein";"2025";"09.03.2025";"12,8";"mg/l"
"CXX359";"448.686";"5.428.915";"6.187";"Sauerstoff";"Karlsruhe (CXX359)";"Rhein";"2025";"10.03.2025";"12,7";"mg/l"
"CXX359";"448.686";"5.428.915";"6.187";"Sauerstoff";"Karlsruhe (CXX359)";"Rhein";"2025";"11.03.2025";"13";"mg/l"
"CXX359";"448.686";"5.428.915";"6.187";"Sauerstoff";"Karlsruhe (CXX359)";"Rhein";"2025";"12.03.2025";"12,5";"mg/l"
"CXX359";"448.686";"5.428.915";"6.187";"Sauerstoff";"Karlsruhe (CXX359)";"Rhein";"2025";"13.03.2025";"12,3";"mg/l"
"CXX359";"448.686";"5.428.915";"6.187";"Sauerstoff";"Karlsruhe (CXX359)";"Rhein";"2025";"14.03.2025";"12,2";"mg/l"
"CXX359";"448.686";"5.428.915";"6.187";"Sauerstoff";"Karlsruhe (CXX359)";"Rhein";"2025";"15.03.2025";"12,2";"mg/l"
"CXX359";"448.686";"5.428.915";"6.187";"Sauerstoff";"Karlsruhe (CXX359)";"Rhein";"2025";"16.03.2025";"12,3";"mg/l"
"CXX359";"448.686";"5.428.915";"6.187";"Sauerstoff";"Karlsruhe (CXX359)";"Rhein";"2025";"17.03.2025";"12,5";"mg/l"
"CXX359";"448.686";"5.428.915";"6.187";"Sauerstoff";"Karlsruhe (CXX359)";"Rhein";"2025";"18.03.2025";"12,7";"mg/l"
"CXX359";"448.686";"5.428.915";"6.187";"Sauerstoff";"Karlsruhe (CXX359)";"Rhein";"2025";"19.03.2025";"13";"mg/l"
"CXX359";"448.686";"5.428.915";"6.187";"Sauerstoff";"Karlsruhe (CXX359)";"Rhein";"2025";"20.03.2025";"13,2";"mg/l"
"CXX359";"448.686";"5.428.915";"6.187";"Sauerstoff";"Karlsruhe (CXX359)";"Rhein";"2025";"21.03.2025";"-";"mg/l"
"CXX359";"448.686";"5.428.915";"6.187";"Sauerstoff";"Karlsruhe (CXX359)";"Rhein";"2025";"22.03.2025";"-";"mg/l"
"CXX359";"448.686";"5.428.915";"6.187";"Sauerstoff";"Karlsruhe (CXX359)";"Rhein";"2025";"23.03.2025";"13,2";"mg/l"
"CXX359";"448.686";"5.428.915";"6.187";"Sauerstoff";"Karlsruhe (CXX359)";"Rhein";"2025";"24.03.2025";"12,7";"mg/l"
"CXX359";"448.686";"5.428.915";"6.187";"Sauerstoff";"Karlsruhe (CXX359)";"Rhein";"2025";"25.03.2025";"12,3";"mg/l"
"CXX359";"448.686";"5.428.915";"6.187";"Sauerstoff";"Karlsruhe (CXX359)";"Rhein";"2025";"26.03.2025";"11,7";"mg/l"
"CXX359";"448.686";"5.428.915";"6.187";"Sauerstoff";"Karlsruhe (CXX359)";"Rhein";"2025";"27.03.2025";"12";"mg/l"
"CXX359";"448.686";"5.428.915";"6.187";"Sauerstoff";"Karlsruhe (CXX359)";"Rhein";"2025";"28.03.2025";"12";"mg/l"
"CXX359";"448.686";"5.428.915";"6.187";"Sauerstoff";"Karlsruhe (CXX359)";"Rhein";"2025";"29.03.2025";"11,5";"mg/l"
"CXX359";"448.686";"5.428.915";"6.187";"Sauerstoff";"Karlsruhe (CXX359)";"Rhein";"2025";"30.03.2025";"11,5";"mg/l"
"CXX359";"448.686";"5.428.915";"6.187";"Sauerstoff";"Karlsruhe (CXX359)";"Rhein";"2025";"31.03.2025";"11,4";"mg/l"
"CXX359";"448.686";"5.428.915";"6.187";"Sauerstoff";"Karlsruhe (CXX359)";"Rhein";"2025";"01.04.2025";"11,3";"mg/l"
"CXX359";"448.686";"5.428.915";"6.187";"Sauerstoff";"Karlsruhe (CXX359)";"Rhein";"2025";"02.04.2025";"11,5";"mg/l"
"CXX359";"448.686";"5.428.915";"6.187";"Sauerstoff";"Karlsruhe (CXX359)";"Rhein";"2025";"03.04.2025";"11,5";"mg/l"
"CXX359";"448.686";"5.428.915";"6.187";"Sauerstoff";"Karlsruhe (CXX359)";"Rhein";"2025";"04.04.2025";"11,5";"mg/l"
"CXX359";"448.686";"5.428.915";"6.187";"Sauerstoff";"Karlsruhe (CXX359)";"Rhein";"2025";"05.04.2025";"11,6";"mg/l"
"CXX359";"448.686";"5.428.915";"6.187";"Sauerstoff";"Karlsruhe (CXX359)";"Rhein";"2025";"06.04.2025";"11,6";"mg/l"
"CXX359";"448.686";"5.428.915";"6.187";"Sauerstoff";"Karlsruhe (CXX359)";"Rhein";"2025";"07.04.2025";"11,7";"mg/l"
"CXX359";"448.686";"5.428.915";"6.187";"Sauerstoff";"Karlsruhe (CXX359)";"Rhein";"2025";"08.04.2025";"11,6";"mg/l"
"CXX359";"448.686";"5.428.915";"6.187";"Sauerstoff";"Karlsruhe (CXX359)";"Rhein";"2025";"09.04.2025";"11,7";"mg/l"
"CXX359";"448.686";"5.428.915";"6.187";"Sauerstoff";"Karlsruhe (CXX359)";"Rhein";"2025";"10.04.2025";"11,8";"mg/l"
"CXX359";"448.686";"5.428.915";"6.187";"Sauerstoff";"Karlsruhe (CXX359)";"Rhein";"2025";"11.04.2025";"11,9";"mg/l"
"CXX359";"448.686";"5.428.915";"6.187";"Sauerstoff";"Karlsruhe (CXX359)";"Rhein";"2025";"12.04.2025";"11,7";"mg/l"
"CXX359";"448.686";"5.428.915";"6.187";"Sauerstoff";"Karlsruhe (CXX359)";"Rhein";"2025";"13.04.2025";"11,1";"mg/l"
"CXX359";"448.686";"5.428.915";"6.187";"Sauerstoff";"Karlsruhe (CXX359)";"Rhein";"2025";"14.04.2025";"10,9";"mg/l"
"CXX359";"448.686";"5.428.915";"6.187";"Sauerstoff";"Karlsruhe (CXX359)";"Rhein";"2025";"15.04.2025";"10,4";"mg/l"
"CXX359";"448.686";"5.428.915";"6.187";"Sauerstoff";"Karlsruhe (CXX359)";"Rhein";"2025";"16.04.2025";"10,2";"mg/l"
"CXX359";"448.686";"5.428.915";"6.187";"Sauerstoff";"Karlsruhe (CXX359)";"Rhein";"2025";"17.04.2025";"9,6";"mg/l"
"CXX359";"448.686";"5.428.915";"6.187";"Sauerstoff";"Karlsruhe (CXX359)";"Rhein";"2025";"18.04.2025";"9,4";"mg/l"
"CXX359";"448.686";"5.428.915";"6.187";"Sauerstoff";"Karlsruhe (CXX359)";"Rhein";"2025";"19.04.2025";"9,6";"mg/l"
"CXX359";"448.686";"5.428.915";"6.187";"Sauerstoff";"Karlsruhe (CXX359)";"Rhein";"2025";"20.04.2025";"9,6";"mg/l"
"CXX359";"448.686";"5.428.915";"6.187";"Sauerstoff";"Karlsruhe (CXX359)";"Rhein";"2025";"21.04.2025";"9,7";"mg/l"
"CXX359";"448.686";"5.428.915";"6.187";"Sauerstoff";"Karlsruhe (CXX359)";"Rhein";"2025";"22.04.2025";"9,8";"mg/l"
"CXX359";"448.686";"5.428.915";"6.187";"Sauerstoff";"Karlsruhe (CXX359)";"Rhein";"2025";"23.04.2025";"9,7";"mg/l"
"CXX359";"448.686";"5.428.915";"6.187";"Sauerstoff";"Karlsruhe (CXX359)";"Rhein";"2025";"24.04.2025";"9,7";"mg/l"
"CXX359";"448.686";"5.428.915";"6.187";"Sauerstoff";"Karlsruhe (CXX359)";"Rhein";"2025";"25.04.2025";"9,7";"mg/l"
"CXX359";"448.686";"5.428.915";"6.187";"Sauerstoff";"Karlsruhe (CXX359)";"Rhein";"2025";"26.04.2025";"9,9";"mg/l"
"CXX359";"448.686";"5.428.915";"6.187";"Sauerstoff";"Karlsruhe (CXX359)";"Rhein";"2025";"27.04.2025";"10,3";"mg/l"
"CXX359";"448.686";"5.428.915";"6.187";"Sauerstoff";"Karlsruhe (CXX359)";"Rhein";"2025";"28.04.2025";"10,4";"mg/l"
"CXX359";"448.686";"5.428.915";"6.187";"Sauerstoff";"Karlsruhe (CXX359)";"Rhein";"2025";"29.04.2025";"10,3";"mg/l"
"CXX359";"448.686";"5.428.915";"6.187";"Sauerstoff";"Karlsruhe (CXX359)";"Rhein";"2025";"30.04.2025";"10,1";"mg/l"
"CXX359";"448.686";"5.428.915";"6.187";"Sauerstoff";"Karlsruhe (CXX359)";"Rhein";"2025";"01.05.2025";"10";"mg/l"
"CXX359";"448.686";"5.428.915";"6.187";"Sauerstoff";"Karlsruhe (CXX359)";"Rhein";"2025";"02.05.2025";"10";"mg/l"
"CXX359";"448.686";"5.428.915";"6.187";"Sauerstoff";"Karlsruhe (CXX359)";"Rhein";"2025";"03.05.2025";"9,6";"mg/l"
"CXX359";"448.686";"5.428.915";"6.187";"Sauerstoff";"Karlsruhe (CXX359)";"Rhein";"2025";"04.05.2025";"9,2";"mg/l"
"CXX359";"448.686";"5.428.915";"6.187";"Sauerstoff";"Karlsruhe (CXX359)";"Rhein";"2025";"05.05.2025";"9";"mg/l"
"CXX359";"448.686";"5.428.915";"6.187";"Sauerstoff";"Karlsruhe (CXX359)";"Rhein";"2025";"06.05.2025";"8,8";"mg/l"
"CXX359";"448.686";"5.428.915";"6.187";"Sauerstoff";"Karlsruhe (CXX359)";"Rhein";"2025";"07.05.2025";"8,9";"mg/l"
"CXX359";"448.686";"5.428.915";"6.187";"Sauerstoff";"Karlsruhe (CXX359)";"Rhein";"2025";"08.05.2025";"9,3";"mg/l"
"CXX359";"448.686";"5.428.915";"6.187";"Sauerstoff";"Karlsruhe (CXX359)";"Rhein";"2025";"09.05.2025";"9,6";"mg/l"
"CXX359";"448.686";"5.428.915";"6.187";"Sauerstoff";"Karlsruhe (CXX359)";"Rhein";"2025";"10.05.2025";"9,8";"mg/l"
"CXX359";"448.686";"5.428.915";"6.187";"Sauerstoff";"Karlsruhe (CXX359)";"Rhein";"2025";"11.05.2025";"10,2";"mg/l"
"CXX359";"448.686";"5.428.915";"6.187";"Sauerstoff";"Karlsruhe (CXX359)";"Rhein";"2025";"12.05.2025";"10,3";"mg/l"
"CXX359";"448.686";"5.428.915";"6.187";"Sauerstoff";"Karlsruhe (CXX359)";"Rhein";"2025";"13.05.2025";"10,5";"mg/l"
"CXX359";"448.686";"5.428.915";"6.187";"Sauerstoff";"Karlsruhe (CXX359)";"Rhein";"2025";"14.05.2025";"10,4";"mg/l"
"CXX359";"448.686";"5.428.915";"6.187";"Sauerstoff";"Karlsruhe (CXX359)";"Rhein";"2025";"15.05.2025";"10,4";"mg/l"
"CXX359";"448.686";"5.428.915";"6.187";"Sauerstoff";"Karlsruhe (CXX359)";"Rhein";"2025";"16.05.2025";"10,1";"mg/l"
"CXX359";"448.686";"5.428.915";"6.187";"Sauerstoff";"Karlsruhe (CXX359)";"Rhein";"2025";"17.05.2025";"9,9";"mg/l"
"CXX359";"448.686";"5.428.915";"6.187";"Sauerstoff";"Karlsruhe (CXX359)";"Rhein";"2025";"18.05.2025";"9,9";"mg/l"
"CXX359";"448.686";"5.428.915";"6.187";"Sauerstoff";"Karlsruhe (CXX359)";"Rhein";"2025";"19.05.2025";"10,1";"mg/l"
"CXX359";"448.686";"5.428.915";"6.187";"Sauerstoff";"Karlsruhe (CXX359)";"Rhein";"2025";"20.05.2025";"9,7";"mg/l"
"CXX359";"448.686";"5.428.915";"6.187";"Sauerstoff";"Karlsruhe (CXX359)";"Rhein";"2025";"21.05.2025";"9,1";"mg/l"
"CXX359";"448.686";"5.428.915";"6.187";"Sauerstoff";"Karlsruhe (CXX359)";"Rhein";"2025";"22.05.2025";"8,9";"mg/l"
"CXX359";"448.686";"5.428.915";"6.187";"Sauerstoff";"Karlsruhe (CXX359)";"Rhein";"2025";"23.05.2025";"8,9";"mg/l"
"CXX359";"448.686";"5.428.915";"6.187";"Sauerstoff";"Karlsruhe (CXX359)";"Rhein";"2025";"24.05.2025";"9";"mg/l"
"CXX359";"448.686";"5.428.915";"6.187";"Sauerstoff";"Karlsruhe (CXX359)";"Rhein";"2025";"25.05.2025";"8,8";"mg/l"
"CXX359";"448.686";"5.428.915";"6.187";"Sauerstoff";"Karlsruhe (CXX359)";"Rhein";"2025";"26.05.2025";"9,1";"mg/l"
"CXX359";"448.686";"5.428.915";"6.187";"Sauerstoff";"Karlsruhe (CXX359)";"Rhein";"2025";"27.05.2025";"8,9";"mg/l"
"CXX359";"448.686";"5.428.915";"6.187";"Sauerstoff";"Karlsruhe (CXX359)";"Rhein";"2025";"28.05.2025";"8,6";"mg/l"
"CXX359";"448.686";"5.428.915";"6.187";"Sauerstoff";"Karlsruhe (CXX359)";"Rhein";"2025";"29.05.2025";"8,6";"mg/l"
"CXX359";"448.686";"5.428.915";"6.187";"Sauerstoff";"Karlsruhe (CXX359)";"Rhein";"2025";"30.05.2025";"8,7";"mg/l"
"CXX359";"448.686";"5.428.915";"6.187";"Sauerstoff";"Karlsruhe (CXX359)";"Rhein";"2025";"31.05.2025";"8,8";"mg/l"
"CXX359";"448.686";"5.428.915";"6.187";"Sauerstoff";"Karlsruhe (CXX359)";"Rhein";"2025";"01.06.2025";"9";"mg/l"
"CXX359";"448.686";"5.428.915";"6.187";"Sauerstoff";"Karlsruhe (CXX359)";"Rhein";"2025";"02.06.2025";"8,8";"mg/l"
"CXX359";"448.686";"5.428.915";"6.187";"Sauerstoff";"Karlsruhe (CXX359)";"Rhein";"2025";"03.06.2025";"8,6";"mg/l"
"CXX359";"448.686";"5.428.915";"6.187";"Sauerstoff";"Karlsruhe (CXX359)";"Rhein";"2025";"04.06.2025";"8,6";"mg/l"
"CXX359";"448.686";"5.428.915";"6.187";"Sauerstoff";"Karlsruhe (CXX359)";"Rhein";"2025";"05.06.2025";"8,4";"mg/l"
"CXX359";"448.686";"5.428.915";"6.187";"Sauerstoff";"Karlsruhe (CXX359)";"Rhein";"2025";"06.06.2025";"8,4";"mg/l"
"CXX359";"448.686";"5.428.915";"6.187";"Sauerstoff";"Karlsruhe (CXX359)";"Rhein";"2025";"07.06.2025";"8";"mg/l"
"CXX359";"448.686";"5.428.915";"6.187";"Sauerstoff";"Karlsruhe (CXX359)";"Rhein";"2025";"08.06.2025";"8,7";"mg/l"
"CXX359";"448.686";"5.428.915";"6.187";"Sauerstoff";"Karlsruhe (CXX359)";"Rhein";"2025";"09.06.2025";"9,3";"mg/l"
"CXX359";"448.686";"5.428.915";"6.187";"Sauerstoff";"Karlsruhe (CXX359)";"Rhein";"2025";"10.06.2025";"9";"mg/l"
"CXX359";"448.686";"5.428.915";"6.187";"Sauerstoff";"Karlsruhe (CXX359)";"Rhein";"2025";"11.06.2025";"8,7";"mg/l"
"CXX359";"448.686";"5.428.915";"6.187";"Sauerstoff";"Karlsruhe (CXX359)";"Rhein";"2025";"12.06.2025";"8,5";"mg/l"
"CXX359";"448.686";"5.428.915";"6.187";"Sauerstoff";"Karlsruhe (CXX359)";"Rhein";"2025";"13.06.2025";"9";"mg/l"
"CXX359";"448.686";"5.428.915";"6.187";"Sauerstoff";"Karlsruhe (CXX359)";"Rhein";"2025";"14.06.2025";"9,1";"mg/l"
"CXX359";"448.686";"5.428.915";"6.187";"Sauerstoff";"Karlsruhe (CXX359)";"Rhein";"2025";"15.06.2025";"8,8";"mg/l"
"CXX359";"448.686";"5.428.915";"6.187";"Sauerstoff";"Karlsruhe (CXX359)";"Rhein";"2025";"16.06.2025";"8,7";"mg/l"
"CXX359";"448.686";"5.428.915";"6.187";"Sauerstoff";"Karlsruhe (CXX359)";"Rhein";"2025";"17.06.2025";"8,6";"mg/l"
"CXX359";"448.686";"5.428.915";"6.187";"Sauerstoff";"Karlsruhe (CXX359)";"Rhein";"2025";"18.06.2025";"8,5";"mg/l"
"CXX359";"448.686";"5.428.915";"6.187";"Sauerstoff";"Karlsruhe (CXX359)";"Rhein";"2025";"19.06.2025";"8,6";"mg/l"
"CXX359";"448.686";"5.428.915";"6.187";"Sauerstoff";"Karlsruhe (CXX359)";"Rhein";"2025";"20.06.2025";"8,8";"mg/l"
"CXX359";"448.686";"5.428.915";"6.187";"Sauerstoff";"Karlsruhe (CXX359)";"Rhein";"2025";"21.06.2025";"9";"mg/l"
"CXX359";"448.686";"5.428.915";"6.187";"Sauerstoff";"Karlsruhe (CXX359)";"Rhein";"2025";"22.06.2025";"9,2";"mg/l"
"CXX359";"448.686";"5.428.915";"6.187";"Sauerstoff";"Karlsruhe (CXX359)";"Rhein";"2025";"23.06.2025";"9";"mg/l"
"CXX359";"448.686";"5.428.915";"6.187";"Sauerstoff";"Karlsruhe (CXX359)";"Rhein";"2025";"24.06.2025";"9";"mg/l"
"CXX359";"448.686";"5.428.915";"6.187";"Sauerstoff";"Karlsruhe (CXX359)";"Rhein";"2025";"25.06.2025";"9,1";"mg/l"
"CXX359";"448.686";"5.428.915";"6.187";"Sauerstoff";"Karlsruhe (CXX359)";"Rhein";"2025";"26.06.2025";"8,8";"mg/l"
"CXX359";"448.686";"5.428.915";"6.187";"Sauerstoff";"Karlsruhe (CXX359)";"Rhein";"2025";"27.06.2025";"8,3";"mg/l"
"CXX359";"448.686";"5.428.915";"6.187";"Sauerstoff";"Karlsruhe (CXX359)";"Rhein";"2025";"28.06.2025";"8,5";"mg/l"
"CXX359";"448.686";"5.428.915";"6.187";"Sauerstoff";"Karlsruhe (CXX359)";"Rhein";"2025";"29.06.2025";"8,7";"mg/l"
"CXX359";"448.686";"5.428.915";"6.187";"Sauerstoff";"Karlsruhe (CXX359)";"Rhein";"2025";"30.06.2025";"8,8";"mg/l"
"CXX359";"448.686";"5.428.915";"6.187";"Sauerstoff";"Karlsruhe (CXX359)";"Rhein";"2025";"01.07.2025";"8,8";"mg/l"
"CXX359";"448.686";"5.428.915";"6.187";"Sauerstoff";"Karlsruhe (CXX359)";"Rhein";"2025";"02.07.2025";"9,2";"mg/l"
"CXX359";"448.686";"5.428.915";"6.187";"Sauerstoff";"Karlsruhe (CXX359)";"Rhein";"2025";"03.07.2025";"8,5";"mg/l"
"CXX359";"448.686";"5.428.915";"6.187";"Sauerstoff";"Karlsruhe (CXX359)";"Rhein";"2025";"04.07.2025";"8,4";"mg/l"
"CXX359";"448.686";"5.428.915";"6.187";"Sauerstoff";"Karlsruhe (CXX359)";"Rhein";"2025";"05.07.2025";"8,5";"mg/l"
"CXX359";"448.686";"5.428.915";"6.187";"Sauerstoff";"Karlsruhe (CXX359)";"Rhein";"2025";"06.07.2025";"8";"mg/l"
"CXX359";"448.686";"5.428.915";"6.187";"Sauerstoff";"Karlsruhe (CXX359)";"Rhein";"2025";"07.07.2025";"7,6";"mg/l"
"CXX359";"448.686";"5.428.915";"6.187";"Sauerstoff";"Karlsruhe (CXX359)";"Rhein";"2025";"08.07.2025";"7,6";"mg/l"
"CXX359";"448.686";"5.428.915";"6.187";"Sauerstoff";"Karlsruhe (CXX359)";"Rhein";"2025";"09.07.2025";"7,6";"mg/l"
"CXX359";"448.686";"5.428.915";"6.187";"Sauerstoff";"Karlsruhe (CXX359)";"Rhein";"2025";"10.07.2025";"7,8";"mg/l"
"CXX359";"448.686";"5.428.915";"6.187";"Sauerstoff";"Karlsruhe (CXX359)";"Rhein";"2025";"11.07.2025";"7,9";"mg/l"
"CXX359";"448.686";"5.428.915";"6.187";"Sauerstoff";"Karlsruhe (CXX359)";"Rhein";"2025";"12.07.2025";"8,1";"mg/l"
"CXX359";"448.686";"5.428.915";"6.187";"Sauerstoff";"Karlsruhe (CXX359)";"Rhein";"2025";"13.07.2025";"8,2";"mg/l"
"CXX359";"448.686";"5.428.915";"6.187";"Sauerstoff";"Karlsruhe (CXX359)";"Rhein";"2025";"14.07.2025";"7,9";"mg/l"
"CXX359";"448.686";"5.428.915";"6.187";"Sauerstoff";"Karlsruhe (CXX359)";"Rhein";"2025";"15.07.2025";"7,9";"mg/l"
"CXX359";"448.686";"5.428.915";"6.187";"Sauerstoff";"Karlsruhe (CXX359)";"Rhein";"2025";"16.07.2025";"7,8";"mg/l"
"CXX359";"448.686";"5.428.915";"6.187";"Sauerstoff";"Karlsruhe (CXX359)";"Rhein";"2025";"17.07.2025";"7,8";"mg/l"
"CXX359";"448.686";"5.428.915";"6.187";"Sauerstoff";"Karlsruhe (CXX359)";"Rhein";"2025";"18.07.2025";"8,1";"mg/l"
"CXX359";"448.686";"5.428.915";"6.187";"Sauerstoff";"Karlsruhe (CXX359)";"Rhein";"2025";"19.07.2025";"8";"mg/l"
"CXX359";"448.686";"5.428.915";"6.187";"Sauerstoff";"Karlsruhe (CXX359)";"Rhein";"2025";"20.07.2025";"8,1";"mg/l"
"CXX359";"448.686";"5.428.915";"6.187";"Sauerstoff";"Karlsruhe (CXX359)";"Rhein";"2025";"21.07.2025";"7,7";"mg/l"
"CXX359";"448.686";"5.428.915";"6.187";"Sauerstoff";"Karlsruhe (CXX359)";"Rhein";"2025";"22.07.2025";"7,7";"mg/l"
"CXX359";"448.686";"5.428.915";"6.187";"Sauerstoff";"Karlsruhe (CXX359)";"Rhein";"2025";"23.07.2025";"7,7";"mg/l"
"CXX359";"448.686";"5.428.915";"6.187";"Sauerstoff";"Karlsruhe (CXX359)";"Rhein";"2025";"24.07.2025";"7,6";"mg/l"
"CXX359";"448.686";"5.428.915";"6.187";"Sauerstoff";"Karlsruhe (CXX359)";"Rhein";"2025";"25.07.2025";"7,5";"mg/l"
"CXX359";"448.686";"5.428.915";"6.187";"Sauerstoff";"Karlsruhe (CXX359)";"Rhein";"2025";"26.07.2025";"7,3";"mg/l"
"CXX359";"448.686";"5.428.915";"6.187";"Sauerstoff";"Karlsruhe (CXX359)";"Rhein";"2025";"27.07.2025";"7,3";"mg/l"
"CXX359";"448.686";"5.428.915";"6.187";"Sauerstoff";"Karlsruhe (CXX359)";"Rhein";"2025";"28.07.2025";"7,5";"mg/l"
"CXX359";"448.686";"5.428.915";"6.187";"Sauerstoff";"Karlsruhe (CXX359)";"Rhein";"2025";"29.07.2025";"7,7";"mg/l"
"CXX359";"448.686";"5.428.915";"6.187";"Sauerstoff";"Karlsruhe (CXX359)";"Rhein";"2025";"30.07.2025";"8,2";"mg/l"
"CXX359";"448.686";"5.428.915";"6.187";"Sauerstoff";"Karlsruhe (CXX359)";"Rhein";"2025";"31.07.2025";"8,4";"mg/l"
"CXX359";"448.686";"5.428.915";"6.187";"Sauerstoff";"Karlsruhe (CXX359)";"Rhein";"2025";"01.08.2025";"8,4";"mg/l"
"CXX359";"448.686";"5.428.915";"6.187";"Sauerstoff";"Karlsruhe (CXX359)";"Rhein";"2025";"02.08.2025";"8,3";"mg/l"
"CXX359";"448.686";"5.428.915";"6.187";"Sauerstoff";"Karlsruhe (CXX359)";"Rhein";"2025";"03.08.2025";"8,4";"mg/l"
"CXX359";"448.686";"5.428.915";"6.187";"Sauerstoff";"Karlsruhe (CXX359)";"Rhein";"2025";"04.08.2025";"8,5";"mg/l"
"CXX359";"448.686";"5.428.915";"6.187";"Sauerstoff";"Karlsruhe (CXX359)";"Rhein";"2025";"05.08.2025";"8,4";"mg/l"
"CXX359";"448.686";"5.428.915";"6.187";"Sauerstoff";"Karlsruhe (CXX359)";"Rhein";"2025";"06.08.2025";"8,5";"mg/l"
"CXX359";"448.686";"5.428.915";"6.187";"Sauerstoff";"Karlsruhe (CXX359)";"Rhein";"2025";"07.08.2025";"8,6";"mg/l"
"CXX359";"448.686";"5.428.915";"6.187";"Sauerstoff";"Karlsruhe (CXX359)";"Rhein";"2025";"08.08.2025";"8,5";"mg/l"
"CXX359";"448.686";"5.428.915";"6.187";"Sauerstoff";"Karlsruhe (CXX359)";"Rhein";"2025";"09.08.2025";"8,4";"mg/l"
"CXX359";"448.686";"5.428.915";"6.187";"Sauerstoff";"Karlsruhe (CXX359)";"Rhein";"2025";"10.08.2025";"8,4";"mg/l"
"CXX359";"448.686";"5.428.915";"6.187";"Sauerstoff";"Karlsruhe (CXX359)";"Rhein";"2025";"11.08.2025";"8,5";"mg/l"
"CXX359";"448.686";"5.428.915";"6.187";"Sauerstoff";"Karlsruhe (CXX359)";"Rhein";"2025";"12.08.2025";"8,5";"mg/l"
"CXX359";"448.686";"5.428.915";"6.187";"Sauerstoff";"Karlsruhe (CXX359)";"Rhein";"2025";"13.08.2025";"8,3";"mg/l"
"CXX359";"448.686";"5.428.915";"6.187";"Sauerstoff";"Karlsruhe (CXX359)";"Rhein";"2025";"14.08.2025";"8,2";"mg/l"
"CXX359";"448.686";"5.428.915";"6.187";"Sauerstoff";"Karlsruhe (CXX359)";"Rhein";"2025";"15.08.2025";"8,2";"mg/l"
"CXX359";"448.686";"5.428.915";"6.187";"Sauerstoff";"Karlsruhe (CXX359)";"Rhein";"2025";"16.08.2025";"8,2";"mg/l"
"CXX359";"448.686";"5.428.915";"6.187";"Sauerstoff";"Karlsruhe (CXX359)";"Rhein";"2025";"17.08.2025";"8,1";"mg/l"
"CXX359";"448.686";"5.428.915";"6.187";"Sauerstoff";"Karlsruhe (CXX359)";"Rhein";"2025";"18.08.2025";"8";"mg/l"
"CXX359";"448.686";"5.428.915";"6.187";"Sauerstoff";"Karlsruhe (CXX359)";"Rhein";"2025";"19.08.2025";"8";"mg/l"
"CXX359";"448.686";"5.428.915";"6.187";"Sauerstoff";"Karlsruhe (CXX359)";"Rhein";"2025";"20.08.2025";"7,6";"mg/l"
"CXX359";"448.686";"5.428.915";"6.187";"Sauerstoff";"Karlsruhe (CXX359)";"Rhein";"2025";"21.08.2025";"7,3";"mg/l"
"CXX359";"448.686";"5.428.915";"6.187";"Sauerstoff";"Karlsruhe (CXX359)";"Rhein";"2025";"22.08.2025";"7,4";"mg/l"
"CXX359";"448.686";"5.428.915";"6.187";"Sauerstoff";"Karlsruhe (CXX359)";"Rhein";"2025";"23.08.2025";"7,7";"mg/l"
"CXX359";"448.686";"5.428.915";"6.187";"Sauerstoff";"Karlsruhe (CXX359)";"Rhein";"2025";"24.08.2025";"7,7";"mg/l"
"CXX359";"448.686";"5.428.915";"6.187";"Sauerstoff";"Karlsruhe (CXX359)";"Rhein";"2025";"25.08.2025";"7,6";"mg/l"
"CXX359";"448.686";"5.428.915";"6.187";"Sauerstoff";"Karlsruhe (CXX359)";"Rhein";"2025";"26.08.2025";"8";"mg/l"
"CXX359";"448.686";"5.428.915";"6.187";"Sauerstoff";"Karlsruhe (CXX359)";"Rhein";"2025";"27.08.2025";"7,9";"mg/l"
"CXX359";"448.686";"5.428.915";"6.187";"Sauerstoff";"Karlsruhe (CXX359)";"Rhein";"2025";"28.08.2025";"7,7";"mg/l"
"CXX359";"448.686";"5.428.915";"6.187";"Sauerstoff";"Karlsruhe (CXX359)";"Rhein";"2025";"29.08.2025";"7,9";"mg/l"
"CXX359";"448.686";"5.428.915";"6.187";"Sauerstoff";"Karlsruhe (CXX359)";"Rhein";"2025";"30.08.2025";"8";"mg/l"
"CXX359";"448.686";"5.428.915";"6.187";"Sauerstoff";"Karlsruhe (CXX359)";"Rhein";"2025";"31.08.2025";"7,9";"mg/l"
"CXX359";"448.686";"5.428.915";"6.187";"Sauerstoff";"Karlsruhe (CXX359)";"Rhein";"2025";"01.09.2025";"7,6";"mg/l"
"CXX359";"448.686";"5.428.915";"6.187";"Sauerstoff";"Karlsruhe (CXX359)";"Rhein";"2025";"02.09.2025";"8";"mg/l"
"CXX359";"448.686";"5.428.915";"6.187";"Sauerstoff";"Karlsruhe (CXX359)";"Rhein";"2025";"03.09.2025";"8,2";"mg/l"
"CXX359";"448.686";"5.428.915";"6.187";"Sauerstoff";"Karlsruhe (CXX359)";"Rhein";"2025";"04.09.2025";"8,5";"mg/l"
"CXX359";"448.686";"5.428.915";"6.187";"Sauerstoff";"Karlsruhe (CXX359)";"Rhein";"2025";"05.09.2025";"8,5";"mg/l"
"CXX359";"448.686";"5.428.915";"6.187";"Sauerstoff";"Karlsruhe (CXX359)";"Rhein";"2025";"06.09.2025";"8,7";"mg/l"
"CXX359";"448.686";"5.428.915";"6.187";"Sauerstoff";"Karlsruhe (CXX359)";"Rhein";"2025";"07.09.2025";"8,8";"mg/l"
"CXX359";"448.686";"5.428.915";"6.187";"Sauerstoff";"Karlsruhe (CXX359)";"Rhein";"2025";"08.09.2025";"8,9";"mg/l"
"CXX359";"448.686";"5.428.915";"6.187";"Sauerstoff";"Karlsruhe (CXX359)";"Rhein";"2025";"09.09.2025";"8,7";"mg/l"
"CXX359";"448.686";"5.428.915";"6.187";"Sauerstoff";"Karlsruhe (CXX359)";"Rhein";"2025";"10.09.2025";"8,7";"mg/l"
"CXX359";"448.686";"5.428.915";"6.187";"Sauerstoff";"Karlsruhe (CXX359)";"Rhein";"2025";"11.09.2025";"8,6";"mg/l"
"CXX359";"448.686";"5.428.915";"6.187";"Sauerstoff";"Karlsruhe (CXX359)";"Rhein";"2025";"12.09.2025";"8,5";"mg/l"
"CXX359";"448.686";"5.428.915";"6.187";"Sauerstoff";"Karlsruhe (CXX359)";"Rhein";"2025";"13.09.2025";"8,3";"mg/l"
"CXX359";"448.686";"5.428.915";"6.187";"Sauerstoff";"Karlsruhe (CXX359)";"Rhein";"2025";"14.09.2025";"8,3";"mg/l"
"CXX359";"448.686";"5.428.915";"6.187";"Sauerstoff";"Karlsruhe (CXX359)";"Rhein";"2025";"15.09.2025";"8,4";"mg/l"
"CXX359";"448.686";"5.428.915";"6.187";"Sauerstoff";"Karlsruhe (CXX359)";"Rhein";"2025";"16.09.2025";"8,4";"mg/l"
"CXX359";"448.686";"5.428.915";"6.187";"Sauerstoff";"Karlsruhe (CXX359)";"Rhein";"2025";"17.09.2025";"8,5";"mg/l"
"CXX359";"448.686";"5.428.915";"6.187";"Sauerstoff";"Karlsruhe (CXX359)";"Rhein";"2025";"18.09.2025";"8,5";"mg/l"
"CXX359";"448.686";"5.428.915";"6.187";"Sauerstoff";"Karlsruhe (CXX359)";"Rhein";"2025";"19.09.2025";"8,4";"mg/l"
"CXX359";"448.686";"5.428.915";"6.187";"Sauerstoff";"Karlsruhe (CXX359)";"Rhein";"2025";"20.09.2025";"8,4";"mg/l"
"CXX359";"448.686";"5.428.915";"6.187";"Sauerstoff";"Karlsruhe (CXX359)";"Rhein";"2025";"21.09.2025";"8,3";"mg/l"
"CXX359";"448.686";"5.428.915";"6.187";"Sauerstoff";"Karlsruhe (CXX359)";"Rhein";"2025";"22.09.2025";"8,4";"mg/l"
"CXX359";"448.686";"5.428.915";"6.187";"Sauerstoff";"Karlsruhe (CXX359)";"Rhein";"2025";"23.09.2025";"8,9";"mg/l"
"CXX359";"448.686";"5.428.915";"6.187";"Sauerstoff";"Karlsruhe (CXX359)";"Rhein";"2025";"24.09.2025";"9";"mg/l"
"CXX359";"448.686";"5.428.915";"6.187";"Sauerstoff";"Karlsruhe (CXX359)";"Rhein";"2025";"25.09.2025";"9,3";"mg/l"
"CXX359";"448.686";"5.428.915";"6.187";"Sauerstoff";"Karlsruhe (CXX359)";"Rhein";"2025";"26.09.2025";"9,3";"mg/l"
"CXX359";"448.686";"5.428.915";"6.187";"Sauerstoff";"Karlsruhe (CXX359)";"Rhein";"2025";"27.09.2025";"9,2";"mg/l"
"CXX359";"448.686";"5.428.915";"6.187";"Sauerstoff";"Karlsruhe (CXX359)";"Rhein";"2025";"28.09.2025";"9,5";"mg/l"
"CXX359";"448.686";"5.428.915";"6.187";"Sauerstoff";"Karlsruhe (CXX359)";"Rhein";"2025";"29.09.2025";"9,7";"mg/l"
"CXX359";"448.686";"5.428.915";"6.187";"Sauerstoff";"Karlsruhe (CXX359)";"Rhein";"2025";"30.09.2025";"9,6";"mg/l"
"CXX359";"448.686";"5.428.915";"6.187";"Sauerstoff";"Karlsruhe (CXX359)";"Rhein";"2025";"01.10.2025";"9,1";"mg/l"
"CXX359";"448.686";"5.428.915";"6.187";"Sauerstoff";"Karlsruhe (CXX359)";"Rhein";"2025";"02.10.2025";"9,1";"mg/l"
"CXX359";"448.686";"5.428.915";"6.187";"Sauerstoff";"Karlsruhe (CXX359)";"Rhein";"2025";"03.10.2025";"9,2";"mg/l"
"CXX359";"448.686";"5.428.915";"6.187";"Sauerstoff";"Karlsruhe (CXX359)";"Rhein";"2025";"04.10.2025";"9,1";"mg/l"
"CXX359";"448.686";"5.428.915";"6.187";"Sauerstoff";"Karlsruhe (CXX359)";"Rhein";"2025";"05.10.2025";"9,1";"mg/l"
"CXX359";"448.686";"5.428.915";"6.187";"Sauerstoff";"Karlsruhe (CXX359)";"Rhein";"2025";"06.10.2025";"9,4";"mg/l"
"CXX359";"448.686";"5.428.915";"6.187";"Sauerstoff";"Karlsruhe (CXX359)";"Rhein";"2025";"07.10.2025";"9,7";"mg/l"
"CXX359";"448.686";"5.428.915";"6.187";"Sauerstoff";"Karlsruhe (CXX359)";"Rhein";"2025";"08.10.2025";"9,6";"mg/l"
"CXX359";"448.686";"5.428.915";"6.187";"Sauerstoff";"Karlsruhe (CXX359)";"Rhein";"2025";"09.10.2025";"9,5";"mg/l"
"CXX359";"448.686";"5.428.915";"6.187";"Sauerstoff";"Karlsruhe (CXX359)";"Rhein";"2025";"10.10.2025";"9,3";"mg/l"
"CXX359";"448.686";"5.428.915";"6.187";"Sauerstoff";"Karlsruhe (CXX359)";"Rhein";"2025";"11.10.2025";"9,4";"mg/l"
"CXX359";"448.686";"5.428.915";"6.187";"Sauerstoff";"Karlsruhe (CXX359)";"Rhein";"2025";"12.10.2025";"9,4";"mg/l"
"CXX359";"448.686";"5.428.915";"6.187";"Sauerstoff";"Karlsruhe (CXX359)";"Rhein";"2025";"13.10.2025";"9,4";"mg/l"
"CXX359";"448.686";"5.428.915";"6.187";"Sauerstoff";"Karlsruhe (CXX359)";"Rhein";"2025";"14.10.2025";"9,4";"mg/l"
"CXX359";"448.686";"5.428.915";"6.187";"Sauerstoff";"Karlsruhe (CXX359)";"Rhein";"2025";"15.10.2025";"9,3";"mg/l"
"CXX359";"448.686";"5.428.915";"6.187";"Sauerstoff";"Karlsruhe (CXX359)";"Rhein";"2025";"16.10.2025";"9,4";"mg/l"
"CXX359";"448.686";"5.428.915";"6.187";"Sauerstoff";"Karlsruhe (CXX359)";"Rhein";"2025";"17.10.2025";"9,4";"mg/l"
"CXX359";"448.686";"5.428.915";"6.187";"Sauerstoff";"Karlsruhe (CXX359)";"Rhein";"2025";"18.10.2025";"9,5";"mg/l"
"CXX359";"448.686";"5.428.915";"6.187";"Sauerstoff";"Karlsruhe (CXX359)";"Rhein";"2025";"19.10.2025";"9,5";"mg/l"
"CXX359";"448.686";"5.428.915";"6.187";"Sauerstoff";"Karlsruhe (CXX359)";"Rhein";"2025";"20.10.2025";"9,5";"mg/l"
"CXX359";"448.686";"5.428.915";"6.187";"Sauerstoff";"Karlsruhe (CXX359)";"Rhein";"2025";"21.10.2025";"9,5";"mg/l"
"CXX359";"448.686";"5.428.915";"6.187";"Sauerstoff";"Karlsruhe (CXX359)";"Rhein";"2025";"22.10.2025";"9,4";"mg/l"
"CXX359";"448.686";"5.428.915";"6.187";"Sauerstoff";"Karlsruhe (CXX359)";"Rhein";"2025";"23.10.2025";"9,5";"mg/l"
"CXX359";"448.686";"5.428.915";"6.187";"Sauerstoff";"Karlsruhe (CXX359)";"Rhein";"2025";"24.10.2025";"9,9";"mg/l"
"CXX359";"448.686";"5.428.915";"6.187";"Sauerstoff";"Karlsruhe (CXX359)";"Rhein";"2025";"25.10.2025";"10,1";"mg/l"
"CXX359";"448.686";"5.428.915";"6.187";"Sauerstoff";"Karlsruhe (CXX359)";"Rhein";"2025";"26.10.2025";"10,3";"mg/l"
"CXX359";"448.686";"5.428.915";"6.187";"Sauerstoff";"Karlsruhe (CXX359)";"Rhein";"2025";"27.10.2025";"10,6";"mg/l"
"CXX359";"448.686";"5.428.915";"6.187";"Sauerstoff";"Karlsruhe (CXX359)";"Rhein";"2025";"28.10.2025";"11,4";"mg/l"
"CXX359";"448.686";"5.428.915";"6.187";"Sauerstoff";"Karlsruhe (CXX359)";"Rhein";"2025";"29.10.2025";"11,2";"mg/l"
"CXX359";"448.686";"5.428.915";"6.187";"Sauerstoff";"Karlsruhe (CXX359)";"Rhein";"2025";"30.10.2025";"11,7";"mg/l"
"CXX359";"448.686";"5.428.915";"6.187";"Sauerstoff";"Karlsruhe (CXX359)";"Rhein";"2025";"31.10.2025";"11,7";"mg/l"
"CXX359";"448.686";"5.428.915";"6.187";"Sauerstoff";"Karlsruhe (CXX359)";"Rhein";"2025";"01.11.2025";"11,5";"mg/l"
"CXX359";"448.686";"5.428.915";"6.187";"Sauerstoff";"Karlsruhe (CXX359)";"Rhein";"2025";"02.11.2025";"11,4";"mg/l"
"CXX359";"448.686";"5.428.915";"6.187";"Sauerstoff";"Karlsruhe (CXX359)";"Rhein";"2025";"03.11.2025";"11,6";"mg/l"
"CXX359";"448.686";"5.428.915";"6.187";"Sauerstoff";"Karlsruhe (CXX359)";"Rhein";"2025";"04.11.2025";"11,8";"mg/l"
"CXX359";"448.686";"5.428.915";"6.187";"Sauerstoff";"Karlsruhe (CXX359)";"Rhein";"2025";"05.11.2025";"11,9";"mg/l"
"CXX359";"448.686";"5.428.915";"6.187";"Sauerstoff";"Karlsruhe (CXX359)";"Rhein";"2025";"06.11.2025";"11,8";"mg/l"
"CXX359";"448.686";"5.428.915";"6.187";"Sauerstoff";"Karlsruhe (CXX359)";"Rhein";"2025";"07.11.2025";"11,4";"mg/l"
"CXX359";"448.686";"5.428.915";"6.187";"Sauerstoff";"Karlsruhe (CXX359)";"Rhein";"2025";"08.11.2025";"10,7";"mg/l"
"CXX359";"448.686";"5.428.915";"6.187";"Sauerstoff";"Karlsruhe (CXX359)";"Rhein";"2025";"09.11.2025";"10,6";"mg/l"
"CXX359";"448.686";"5.428.915";"6.187";"Sauerstoff";"Karlsruhe (CXX359)";"Rhein";"2025";"10.11.2025";"10,2";"mg/l"
"CXX359";"448.686";"5.428.915";"6.187";"Sauerstoff";"Karlsruhe (CXX359)";"Rhein";"2025";"11.11.2025";"10,2";"mg/l"
"CXX359";"448.686";"5.428.915";"6.187";"Sauerstoff";"Karlsruhe (CXX359)";"Rhein";"2025";"12.11.2025";"10,2";"mg/l"
"CXX359";"448.686";"5.428.915";"6.187";"Sauerstoff";"Karlsruhe (CXX359)";"Rhein";"2025";"13.11.2025";"10,1";"mg/l"
"CXX359";"448.686";"5.428.915";"6.187";"Sauerstoff";"Karlsruhe (CXX359)";"Rhein";"2025";"14.11.2025";"10";"mg/l"
"CXX359";"448.686";"5.428.915";"6.187";"Sauerstoff";"Karlsruhe (CXX359)";"Rhein";"2025";"15.11.2025";"10";"mg/l"
"CXX359";"448.686";"5.428.915";"6.187";"Sauerstoff";"Karlsruhe (CXX359)";"Rhein";"2025";"16.11.2025";"9,9";"mg/l"
"CXX359";"448.686";"5.428.915";"6.187";"Sauerstoff";"Karlsruhe (CXX359)";"Rhein";"2025";"17.11.2025";"9,9";"mg/l"
"CXX359";"448.686";"5.428.915";"6.187";"Sauerstoff";"Karlsruhe (CXX359)";"Rhein";"2025";"18.11.2025";"10";"mg/l"
"CXX359";"448.686";"5.428.915";"6.187";"Sauerstoff";"Karlsruhe (CXX359)";"Rhein";"2025";"19.11.2025";"10";"mg/l"
"CXX359";"448.686";"5.428.915";"6.187";"Sauerstoff";"Karlsruhe (CXX359)";"Rhein";"2025";"20.11.2025";"10,1";"mg/l"
"CXX359";"448.686";"5.428.915";"6.187";"Sauerstoff";"Karlsruhe (CXX359)";"Rhein";"2025";"21.11.2025";"10,1";"mg/l"
"CXX359";"448.686";"5.428.915";"6.187";"Sauerstoff";"Karlsruhe (CXX359)";"Rhein";"2025";"22.11.2025";"10,2";"mg/l"
"CXX359";"448.686";"5.428.915";"6.187";"Sauerstoff";"Karlsruhe (CXX359)";"Rhein";"2025";"23.11.2025";"10,3";"mg/l"
"CXX359";"448.686";"5.428.915";"6.187";"Sauerstoff";"Karlsruhe (CXX359)";"Rhein";"2025";"24.11.2025";"10,4";"mg/l"
"CXX359";"448.686";"5.428.915";"6.187";"Sauerstoff";"Karlsruhe (CXX359)";"Rhein";"2025";"25.11.2025";"11,5";"mg/l"
"CXX359";"448.686";"5.428.915";"6.187";"Sauerstoff";"Karlsruhe (CXX359)";"Rhein";"2025";"26.11.2025";"12,3";"mg/l"
"CXX359";"448.686";"5.428.915";"6.187";"Sauerstoff";"Karlsruhe (CXX359)";"Rhein";"2025";"27.11.2025";"12,4";"mg/l"
"CXX359";"448.686";"5.428.915";"6.187";"Sauerstoff";"Karlsruhe (CXX359)";"Rhein";"2025";"28.11.2025";"12";"mg/l"
"CXX359";"448.686";"5.428.915";"6.187";"Sauerstoff";"Karlsruhe (CXX359)";"Rhein";"2025";"29.11.2025";"11,7";"mg/l"
"CXX359";"448.686";"5.428.915";"6.187";"Sauerstoff";"Karlsruhe (CXX359)";"Rhein";"2025";"30.11.2025";"11,2";"mg/l"
"CXX359";"448.686";"5.428.915";"6.187";"Sauerstoff";"Karlsruhe (CXX359)";"Rhein";"2025";"01.12.2025";"11,2";"mg/l"
"CXX359";"448.686";"5.428.915";"6.187";"Sauerstoff";"Karlsruhe (CXX359)";"Rhein";"2025";"02.12.2025";"11,2";"mg/l"
"CXX359";"448.686";"5.428.915";"6.187";"Sauerstoff";"Karlsruhe (CXX359)";"Rhein";"2025";"03.12.2025";"11,1";"mg/l"
"CXX359";"448.686";"5.428.915";"6.187";"Sauerstoff";"Karlsruhe (CXX359)";"Rhein";"2025";"04.12.2025";"11,1";"mg/l"
"CXX359";"448.686";"5.428.915";"6.187";"Sauerstoff";"Karlsruhe (CXX359)";"Rhein";"2025";"05.12.2025";"11,1";"mg/l"
"CXX359";"448.686";"5.428.915";"6.187";"Sauerstoff";"Karlsruhe (CXX359)";"Rhein";"2025";"06.12.2025";"11";"mg/l"
"CXX359";"448.686";"5.428.915";"6.187";"Sauerstoff";"Karlsruhe (CXX359)";"Rhein";"2025";"07.12.2025";"10,9";"mg/l"
"CXX359";"448.686";"5.428.915";"6.187";"Sauerstoff";"Karlsruhe (CXX359)";"Rhein";"2025";"08.12.2025";"11,2";"mg/l"
"CXX359";"448.686";"5.428.915";"6.187";"Sauerstoff";"Karlsruhe (CXX359)";"Rhein";"2025";"09.12.2025";"11,7";"mg/l"
"CXX359";"448.686";"5.428.915";"6.187";"Sauerstoff";"Karlsruhe (CXX359)";"Rhein";"2025";"10.12.2025";"11,5";"mg/l"
"CXX359";"448.686";"5.428.915";"6.187";"Sauerstoff";"Karlsruhe (CXX359)";"Rhein";"2025";"11.12.2025";"11,6";"mg/l"
"CXX359";"448.686";"5.428.915";"6.187";"Sauerstoff";"Karlsruhe (CXX359)";"Rhein";"2025";"12.12.2025";"11,4";"mg/l"
"CXX359";"448.686";"5.428.915";"6.187";"Sauerstoff";"Karlsruhe (CXX359)";"Rhein";"2025";"13.12.2025";"11,3";"mg/l"
"CXX359";"448.686";"5.428.915";"6.187";"Sauerstoff";"Karlsruhe (CXX359)";"Rhein";"2025";"14.12.2025";"11";"mg/l"
"CXX359";"448.686";"5.428.915";"6.187";"Sauerstoff";"Karlsruhe (CXX359)";"Rhein";"2025";"15.12.2025";"10,7";"mg/l"
"CXX359";"448.686";"5.428.915";"6.187";"Sauerstoff";"Karlsruhe (CXX359)";"Rhein";"2025";"16.12.2025";"10,6";"mg/l"
"CXX359";"448.686";"5.428.915";"6.187";"Sauerstoff";"Karlsruhe (CXX359)";"Rhein";"2025";"17.12.2025";"10,7";"mg/l"
"CXX359";"448.686";"5.428.915";"6.187";"Sauerstoff";"Karlsruhe (CXX359)";"Rhein";"2025";"18.12.2025";"10,7";"mg/l"
"CXX359";"448.686";"5.428.915";"6.187";"Sauerstoff";"Karlsruhe (CXX359)";"Rhein";"2025";"19.12.2025";"10,8";"mg/l"
"CXX359";"448.686";"5.428.915";"6.187";"Sauerstoff";"Karlsruhe (CXX359)";"Rhein";"2025";"20.12.2025";"10,8";"mg/l"
"CXX359";"448.686";"5.428.915";"6.187";"Sauerstoff";"Karlsruhe (CXX359)";"Rhein";"2025";"21.12.2025";"10,8";"mg/l"
"CXX359";"448.686";"5.428.915";"6.187";"Sauerstoff";"Karlsruhe (CXX359)";"Rhein";"2025";"22.12.2025";"10,7";"mg/l"
"CXX359";"448.686";"5.428.915";"6.187";"Sauerstoff";"Karlsruhe (CXX359)";"Rhein";"2025";"23.12.2025";"10,7";"mg/l"
"CXX359";"448.686";"5.428.915";"6.187";"Sauerstoff";"Karlsruhe (CXX359)";"Rhein";"2025";"24.12.2025";"10,8";"mg/l"
"CXX359";"448.686";"5.428.915";"6.187";"Sauerstoff";"Karlsruhe (CXX359)";"Rhein";"2025";"25.12.2025";"11";"mg/l"
"CXX359";"448.686";"5.428.915";"6.187";"Sauerstoff";"Karlsruhe (CXX359)";"Rhein";"2025";"26.12.2025";"11,1";"mg/l"
"CXX359";"448.686";"5.428.915";"6.187";"Sauerstoff";"Karlsruhe (CXX359)";"Rhein";"2025";"27.12.2025";"11,1";"mg/l"
"CXX359";"448.686";"5.428.915";"6.187";"Sauerstoff";"Karlsruhe (CXX359)";"Rhein";"2025";"28.12.2025";"11";"mg/l"
"CXX359";"448.686";"5.428.915";"6.187";"Sauerstoff";"Karlsruhe (CXX359)";"Rhein";"2025";"29.12.2025";"11,1";"mg/l"
"CXX359";"448.686";"5.428.915";"6.187";"Sauerstoff";"Karlsruhe (CXX359)";"Rhein";"2025";"30.12.2025";"11,1";"mg/l"
"CXX359";"448.686";"5.428.915";"6.187";"Sauerstoff";"Karlsruhe (CXX359)";"Rhein";"2025";"31.12.2025";"11,2";"mg/l"
"CXX359";"448.686";"5.428.915";"6.187";"Sauerstoff";"Karlsruhe (CXX359)";"Rhein";"2026";"01.01.2026";"11,1";"mg/l"
"CXX359";"448.686";"5.428.915";"6.187";"Sauerstoff";"Karlsruhe (CXX359)";"Rhein";"2026";"02.01.2026";"11,2";"mg/l"
"CXX359";"448.686";"5.428.915";"6.187";"Sauerstoff";"Karlsruhe (CXX359)";"Rhein";"2026";"03.01.2026";"11,3";"mg/l"
"CXX359";"448.686";"5.428.915";"6.187";"Sauerstoff";"Karlsruhe (CXX359)";"Rhein";"2026";"04.01.2026";"11,3";"mg/l"
"CXX359";"448.686";"5.428.915";"6.187";"Sauerstoff";"Karlsruhe (CXX359)";"Rhein";"2026";"05.01.2026";"11,3";"mg/l"
"CXX359";"448.686";"5.428.915";"6.187";"Sauerstoff";"Karlsruhe (CXX359)";"Rhein";"2026";"06.01.2026";"11,3";"mg/l"
"CXX359";"448.686";"5.428.915";"6.187";"Sauerstoff";"Karlsruhe (CXX359)";"Rhein";"2026";"07.01.2026";"11,4";"mg/l"
"CXX359";"448.686";"5.428.915";"6.187";"Sauerstoff";"Karlsruhe (CXX359)";"Rhein";"2026";"08.01.2026";"11,5";"mg/l"
"CXX359";"448.686";"5.428.915";"6.187";"Sauerstoff";"Karlsruhe (CXX359)";"Rhein";"2026";"09.01.2026";"11,5";"mg/l"
"CXX359";"448.686";"5.428.915";"6.187";"Sauerstoff";"Karlsruhe (CXX359)";"Rhein";"2026";"10.01.2026";"11,4";"mg/l"
"CXX359";"448.686";"5.428.915";"6.187";"Sauerstoff";"Karlsruhe (CXX359)";"Rhein";"2026";"11.01.2026";"11,3";"mg/l"
"CXX359";"448.686";"5.428.915";"6.187";"Sauerstoff";"Karlsruhe (CXX359)";"Rhein";"2026";"12.01.2026";"11,3";"mg/l"
"CXX359";"448.686";"5.428.915";"6.187";"Sauerstoff";"Karlsruhe (CXX359)";"Rhein";"2026";"13.01.2026";"11,3";"mg/l"
"CXX359";"448.686";"5.428.915";"6.187";"Sauerstoff";"Karlsruhe (CXX359)";"Rhein";"2026";"14.01.2026";"11,3";"mg/l"
"CXX359";"448.686";"5.428.915";"6.187";"Sauerstoff";"Karlsruhe (CXX359)";"Rhein";"2026";"15.01.2026";"11,3";"mg/l"
"CXX359";"448.686";"5.428.915";"6.187";"Sauerstoff";"Karlsruhe (CXX359)";"Rhein";"2026";"16.01.2026";"11,5";"mg/l"
"CXX359";"448.686";"5.428.915";"6.187";"Sauerstoff";"Karlsruhe (CXX359)";"Rhein";"2026";"17.01.2026";"11,6";"mg/l"
"CXX359";"448.686";"5.428.915";"6.187";"Sauerstoff";"Karlsruhe (CXX359)";"Rhein";"2026";"18.01.2026";"11,7";"mg/l"
"CXX359";"448.686";"5.428.915";"6.187";"Sauerstoff";"Karlsruhe (CXX359)";"Rhein";"2026";"19.01.2026";"11,7";"mg/l"
"CXX359";"448.686";"5.428.915";"6.187";"Sauerstoff";"Karlsruhe (CXX359)";"Rhein";"2026";"20.01.2026";"11,7";"mg/l"
"CXX359";"448.686";"5.428.915";"6.187";"Sauerstoff";"Karlsruhe (CXX359)";"Rhein";"2026";"21.01.2026";"11,7";"mg/l"
"CXX359";"448.686";"5.428.915";"6.187";"Sauerstoff";"Karlsruhe (CXX359)";"Rhein";"2026";"22.01.2026";"11,6";"mg/l"
"CXX359";"448.686";"5.428.915";"6.187";"Sauerstoff";"Karlsruhe (CXX359)";"Rhein";"2026";"23.01.2026";"11,8";"mg/l"
"CXX359";"448.686";"5.428.915";"6.187";"Sauerstoff";"Karlsruhe (CXX359)";"Rhein";"2026";"24.01.2026";"11,9";"mg/l"
"CXX359";"448.686";"5.428.915";"6.187";"Sauerstoff";"Karlsruhe (CXX359)";"Rhein";"2026";"25.01.2026";"11,8";"mg/l"
"CXX359";"448.686";"5.428.915";"6.187";"Sauerstoff";"Karlsruhe (CXX359)";"Rhein";"2026";"26.01.2026";"11,8";"mg/l"
"CXX359";"448.686";"5.428.915";"6.187";"Sauerstoff";"Karlsruhe (CXX359)";"Rhein";"2026";"27.01.2026";"11,9";"mg/l"
"CXX359";"448.686";"5.428.915";"6.187";"Sauerstoff";"Karlsruhe (CXX359)";"Rhein";"2026";"28.01.2026";"11,7";"mg/l"
"CXX359";"448.686";"5.428.915";"6.187";"Sauerstoff";"Karlsruhe (CXX359)";"Rhein";"2026";"29.01.2026";"11,6";"mg/l"
"CXX359";"448.686";"5.428.915";"6.187";"Sauerstoff";"Karlsruhe (CXX359)";"Rhein";"2026";"30.01.2026";"11,6";"mg/l"
"CXX359";"448.686";"5.428.915";"6.187";"Sauerstoff";"Karlsruhe (CXX359)";"Rhein";"2026";"31.01.2026";"11,6";"mg/l"
"CXX359";"448.686";"5.428.915";"6.187";"Sauerstoff";"Karlsruhe (CXX359)";"Rhein";"2026";"01.02.2026";"11,6";"mg/l"
"CXX359";"448.686";"5.428.915";"6.187";"Sauerstoff";"Karlsruhe (CXX359)";"Rhein";"2026";"02.02.2026";"11,4";"mg/l"
"CXX359";"448.686";"5.428.915";"6.187";"Sauerstoff";"Karlsruhe (CXX359)";"Rhein";"2026";"03.02.2026";"11,3";"mg/l"
"CXX359";"448.686";"5.428.915";"6.187";"Sauerstoff";"Karlsruhe (CXX359)";"Rhein";"2026";"04.02.2026";"11,4";"mg/l"
"CXX359";"448.686";"5.428.915";"6.187";"Sauerstoff";"Karlsruhe (CXX359)";"Rhein";"2026";"05.02.2026";"11,4";"mg/l"
"CXX359";"448.686";"5.428.915";"6.187";"Sauerstoff";"Karlsruhe (CXX359)";"Rhein";"2026";"06.02.2026";"11,4";"mg/l"
"CXX359";"448.686";"5.428.915";"6.187";"Sauerstoff";"Karlsruhe (CXX359)";"Rhein";"2026";"07.02.2026";"11,5";"mg/l"
"CXX359";"448.686";"5.428.915";"6.187";"Sauerstoff";"Karlsruhe (CXX359)";"Rhein";"2026";"08.02.2026";"11,5";"mg/l"
"CXX359";"448.686";"5.428.915";"6.187";"Sauerstoff";"Karlsruhe (CXX359)";"Rhein";"2026";"09.02.2026";"11,6";"mg/l"
"CXX359";"448.686";"5.428.915";"6.187";"Sauerstoff";"Karlsruhe (CXX359)";"Rhein";"2026";"10.02.2026";"11,5";"mg/l"
"CXX359";"448.686";"5.428.915";"6.187";"Sauerstoff";"Karlsruhe (CXX359)";"Rhein";"2026";"11.02.2026";"11,4";"mg/l"
"CXX359";"448.686";"5.428.915";"6.187";"Sauerstoff";"Karlsruhe (CXX359)";"Rhein";"2026";"12.02.2026";"11,3";"mg/l"
"CXX359";"448.686";"5.428.915";"6.187";"Sauerstoff";"Karlsruhe (CXX359)";"Rhein";"2026";"13.02.2026";"11,6";"mg/l"
"CXX359";"448.686";"5.428.915";"6.187";"Sauerstoff";"Karlsruhe (CXX359)";"Rhein";"2026";"14.02.2026";"11,9";"mg/l"
"CXX359";"448.686";"5.428.915";"6.187";"Sauerstoff";"Karlsruhe (CXX359)";"Rhein";"2026";"15.02.2026";"12,1";"mg/l"
"CXX359";"448.686";"5.428.915";"6.187";"Sauerstoff";"Karlsruhe (CXX359)";"Rhein";"2026";"16.02.2026";"12,1";"mg/l"
"CXX359";"448.686";"5.428.915";"6.187";"Sauerstoff";"Karlsruhe (CXX359)";"Rhein";"2026";"17.02.2026";"12,5";"mg/l"
"CXX359";"448.686";"5.428.915";"6.187";"Sauerstoff";"Karlsruhe (CXX359)";"Rhein";"2026";"18.02.2026";"13";"mg/l"
"CXX359";"448.686";"5.428.915";"6.187";"Sauerstoff";"Karlsruhe (CXX359)";"Rhein";"2026";"19.02.2026";"13,1";"mg/l"
"CXX359";"448.686";"5.428.915";"6.187";"Sauerstoff";"Karlsruhe (CXX359)";"Rhein";"2026";"20.02.2026";"12,9";"mg/l"
"CXX359";"448.686";"5.428.915";"6.187";"Sauerstoff";"Karlsruhe (CXX359)";"Rhein";"2026";"21.02.2026";"13";"mg/l"
"CXX359";"448.686";"5.428.915";"6.187";"Sauerstoff";"Karlsruhe (CXX359)";"Rhein";"2026";"22.02.2026";"13";"mg/l"
"CXX359";"448.686";"5.428.915";"6.187";"Sauerstoff";"Karlsruhe (CXX359)";"Rhein";"2026";"23.02.2026";"12,8";"mg/l"
"CXX359";"448.686";"5.428.915";"6.187";"Sauerstoff";"Karlsruhe (CXX359)";"Rhein";"2026";"24.02.2026";"12,7";"mg/l"
"CXX359";"448.686";"5.428.915";"6.187";"Sauerstoff";"Karlsruhe (CXX359)";"Rhein";"2026";"25.02.2026";"12,4";"mg/l"
"CXX359";"448.686";"5.428.915";"6.187";"Sauerstoff";"Karlsruhe (CXX359)";"Rhein";"2026";"26.02.2026";"12,3";"mg/l"
"CXX359";"448.686";"5.428.915";"6.187";"Sauerstoff";"Karlsruhe (CXX359)";"Rhein";"2026";"27.02.2026";"12,5";"mg/l"
"CXX359";"448.686";"5.428.915";"6.187";"Sauerstoff";"Karlsruhe (CXX359)";"Rhein";"2026";"28.02.2026";"12,5";"mg/l"
"CXX359";"448.686";"5.428.915";"6.187";"Sauerstoff";"Karlsruhe (CXX359)";"Rhein";"2026";"01.03.2026";"12,3";"mg/l"
"CXX359";"448.686";"5.428.915";"6.187";"Sauerstoff";"Karlsruhe (CXX359)";"Rhein";"2026";"02.03.2026";"12,1";"mg/l"
"CXX359";"448.686";"5.428.915";"6.187";"Sauerstoff";"Karlsruhe (CXX359)";"Rhein";"2026";"03.03.2026";"12,2";"mg/l"
"CXX359";"448.686";"5.428.915";"6.187";"Sauerstoff";"Karlsruhe (CXX359)";"Rhein";"2026";"04.03.2026";"11,8";"mg/l"
"CXX359";"448.686";"5.428.915";"6.187";"Sauerstoff";"Karlsruhe (CXX359)";"Rhein";"2026";"05.03.2026";"11,3";"mg/l"
"CXX359";"448.686";"5.428.915";"6.187";"Sauerstoff";"Karlsruhe (CXX359)";"Rhein";"2026";"06.03.2026";"11,4";"mg/l"
"CXX359";"448.686";"5.428.915";"6.187";"Sauerstoff";"Karlsruhe (CXX359)";"Rhein";"2026";"07.03.2026";"11,4";"mg/l"
"CXX359";"448.686";"5.428.915";"6.187";"Sauerstoff";"Karlsruhe (CXX359)";"Rhein";"2026";"08.03.2026";"11,3";"mg/l"
"CXX359";"448.686";"5.428.915";"6.187";"Sauerstoff";"Karlsruhe (CXX359)";"Rhein";"2026";"09.03.2026";"11,4";"mg/l"
"CXX359";"448.686";"5.428.915";"6.187";"Sauerstoff";"Karlsruhe (CXX359)";"Rhein";"2026";"10.03.2026";"-";"mg/l"
"CXX359";"448.686";"5.428.915";"6.187";"Sauerstoff";"Karlsruhe (CXX359)";"Rhein";"2026";"11.03.2026";"11,4";"mg/l"
"CXX359";"448.686";"5.428.915";"6.187";"Sauerstoff";"Karlsruhe (CXX359)";"Rhein";"2026";"12.03.2026";"11,4";"mg/l"
"CXX359";"448.686";"5.428.915";"6.187";"Sauerstoff";"Karlsruhe (CXX359)";"Rhein";"2026";"13.03.2026";"11,3";"mg/l"
"CXX359";"448.686";"5.428.915";"6.187";"Sauerstoff";"Karlsruhe (CXX359)";"Rhein";"2026";"14.03.2026";"11,2";"mg/l"
"CXX359";"448.686";"5.428.915";"6.187";"Sauerstoff";"Karlsruhe (CXX359)";"Rhein";"2026";"15.03.2026";"10,8";"mg/l"
"CXX359";"448.686";"5.428.915";"6.187";"Sauerstoff";"Karlsruhe (CXX359)";"Rhein";"2026";"16.03.2026";"11";"mg/l"
"CXX359";"448.686";"5.428.915";"6.187";"Sauerstoff";"Karlsruhe (CXX359)";"Rhein";"2026";"17.03.2026";"11,2";"mg/l"
"CXX359";"448.686";"5.428.915";"6.187";"Sauerstoff";"Karlsruhe (CXX359)";"Rhein";"2026";"18.03.2026";"11,3";"mg/l"
"CXX359";"448.686";"5.428.915";"6.187";"Sauerstoff";"Karlsruhe (CXX359)";"Rhein";"2026";"19.03.2026";"11,4";"mg/l"
"CXX359";"448.686";"5.428.915";"6.187";"Sauerstoff";"Karlsruhe (CXX359)";"Rhein";"2026";"20.03.2026";"11,5";"mg/l"
"CXX359";"448.686";"5.428.915";"6.187";"Sauerstoff";"Karlsruhe (CXX359)";"Rhein";"2026";"21.03.2026";"11,5";"mg/l"
"CXX359";"448.686";"5.428.915";"6.187";"Sauerstoff";"Karlsruhe (CXX359)";"Rhein";"2026";"22.03.2026";"11,6";"mg/l"
"CXX359";"448.686";"5.428.915";"6.187";"Sauerstoff";"Karlsruhe (CXX359)";"Rhein";"2026";"23.03.2026";"11,8";"mg/l"
"CXX359";"448.686";"5.428.915";"6.187";"Sauerstoff";"Karlsruhe (CXX359)";"Rhein";"2026";"24.03.2026";"11,9";"mg/l"
"CXX359";"448.686";"5.428.915";"6.187";"Sauerstoff";"Karlsruhe (CXX359)";"Rhein";"2026";"25.03.2026";"11,4";"mg/l"
"CXX359";"448.686";"5.428.915";"6.187";"Sauerstoff";"Karlsruhe (CXX359)";"Rhein";"2026";"26.03.2026";"11,5";"mg/l"
"CXX359";"448.686";"5.428.915";"6.187";"Sauerstoff";"Karlsruhe (CXX359)";"Rhein";"2026";"27.03.2026";"11,7";"mg/l"
"CXX359";"448.686";"5.428.915";"6.187";"Sauerstoff";"Karlsruhe (CXX359)";"Rhein";"2026";"28.03.2026";"11,5";"mg/l"
"CXX359";"448.686";"5.428.915";"6.187";"Sauerstoff";"Karlsruhe (CXX359)";"Rhein";"2026";"29.03.2026";"11,7";"mg/l"
"CXX359";"448.686";"5.428.915";"6.187";"Sauerstoff";"Karlsruhe (CXX359)";"Rhein";"2026";"30.03.2026";"11,2";"mg/l"
"CXX359";"448.686";"5.428.915";"6.187";"Sauerstoff";"Karlsruhe (CXX359)";"Rhein";"2026";"31.03.2026";"11,5";"mg/l"
"CXX359";"448.686";"5.428.915";"6.187";"Sauerstoff";"Karlsruhe (CXX359)";"Rhein";"2026";"01.04.2026";"11,7";"mg/l"
"CXX359";"448.686";"5.428.915";"6.187";"Sauerstoff";"Karlsruhe (CXX359)";"Rhein";"2026";"02.04.2026";"12";"mg/l"
"CXX359";"448.686";"5.428.915";"6.187";"Sauerstoff";"Karlsruhe (CXX359)";"Rhein";"2026";"03.04.2026";"12,1";"mg/l"
"CXX359";"448.686";"5.428.915";"6.187";"Sauerstoff";"Karlsruhe (CXX359)";"Rhein";"2026";"04.04.2026";"11,4";"mg/l"
"CXX359";"448.686";"5.428.915";"6.187";"Sauerstoff";"Karlsruhe (CXX359)";"Rhein";"2026";"05.04.2026";"11,6";"mg/l"
"CXX359";"448.686";"5.428.915";"6.187";"Sauerstoff";"Karlsruhe (CXX359)";"Rhein";"2026";"06.04.2026";"11,9";"mg/l"
"CXX359";"448.686";"5.428.915";"6.187";"Sauerstoff";"Karlsruhe (CXX359)";"Rhein";"2026";"07.04.2026";"12,3";"mg/l"
"CXX359";"448.686";"5.428.915";"6.187";"Sauerstoff";"Karlsruhe (CXX359)";"Rhein";"2026";"08.04.2026";"12,4";"mg/l"
"CXX359";"448.686";"5.428.915";"6.187";"Sauerstoff";"Karlsruhe (CXX359)";"Rhein";"2026";"09.04.2026";"12,3";"mg/l"
"CXX359";"448.686";"5.428.915";"6.187";"Sauerstoff";"Karlsruhe (CXX359)";"Rhein";"2026";"10.04.2026";"11,6";"mg/l"
"CXX359";"448.686";"5.428.915";"6.187";"Sauerstoff";"Karlsruhe (CXX359)";"Rhein";"2026";"11.04.2026";"11,4";"mg/l"
"CXX359";"448.686";"5.428.915";"6.187";"Sauerstoff";"Karlsruhe (CXX359)";"Rhein";"2026";"12.04.2026";"10,6";"mg/l"
"CXX359";"448.686";"5.428.915";"6.187";"Sauerstoff";"Karlsruhe (CXX359)";"Rhein";"2026";"13.04.2026";"10,2";"mg/l"
"CXX359";"448.686";"5.428.915";"6.187";"Sauerstoff";"Karlsruhe (CXX359)";"Rhein";"2026";"14.04.2026";"10,2";"mg/l"
"CXX359";"448.686";"5.428.915";"6.187";"Sauerstoff";"Karlsruhe (CXX359)";"Rhein";"2026";"15.04.2026";"10,4";"mg/l"
"CXX359";"448.686";"5.428.915";"6.187";"Sauerstoff";"Karlsruhe (CXX359)";"Rhein";"2026";"16.04.2026";"10,5";"mg/l"
"CXX359";"448.686";"5.428.915";"6.187";"Sauerstoff";"Karlsruhe (CXX359)";"Rhein";"2026";"17.04.2026";"10,7";"mg/l"
"CXX359";"448.686";"5.428.915";"6.187";"Sauerstoff";"Karlsruhe (CXX359)";"Rhein";"2026";"18.04.2026";"10,7";"mg/l"
"CXX359";"448.686";"5.428.915";"6.187";"Sauerstoff";"Karlsruhe (CXX359)";"Rhein";"2026";"19.04.2026";"10,8";"mg/l"
"CXX359";"448.686";"5.428.915";"6.187";"Sauerstoff";"Karlsruhe (CXX359)";"Rhein";"2026";"20.04.2026";"11";"mg/l"
"CXX359";"448.686";"5.428.915";"6.187";"Sauerstoff";"Karlsruhe (CXX359)";"Rhein";"2026";"21.04.2026";"11";"mg/l"
"CXX359";"448.686";"5.428.915";"6.187";"Sauerstoff";"Karlsruhe (CXX359)";"Rhein";"2026";"22.04.2026";"11,1";"mg/l"
"CXX359";"448.686";"5.428.915";"6.187";"Sauerstoff";"Karlsruhe (CXX359)";"Rhein";"2026";"23.04.2026";"11";"mg/l"
"CXX359";"448.686";"5.428.915";"6.187";"Sauerstoff";"Karlsruhe (CXX359)";"Rhein";"2026";"24.04.2026";"11,1";"mg/l"
"CXX359";"448.686";"5.428.915";"6.187";"Sauerstoff";"Karlsruhe (CXX359)";"Rhein";"2026";"25.04.2026";"11,1";"mg/l"
"CXX359";"448.686";"5.428.915";"6.187";"Sauerstoff";"Karlsruhe (CXX359)";"Rhein";"2026";"26.04.2026";"11,1";"mg/l"
"CXX359";"448.686";"5.428.915";"6.187";"Sauerstoff";"Karlsruhe (CXX359)";"Rhein";"2026";"27.04.2026";"11";"mg/l"
"CXX359";"448.686";"5.428.915";"6.187";"Sauerstoff";"Karlsruhe (CXX359)";"Rhein";"2026";"28.04.2026";"10,9";"mg/l"
"CXX359";"448.686";"5.428.915";"6.187";"Sauerstoff";"Karlsruhe (CXX359)";"Rhein";"2026";"29.04.2026";"10,7";"mg/l"
"CXX359";"448.686";"5.428.915";"6.187";"Sauerstoff";"Karlsruhe (CXX359)";"Rhein";"2026";"30.04.2026";"10,6";"mg/l"
"CXX359";"448.686";"5.428.915";"6.187";"Sauerstoff";"Karlsruhe (CXX359)";"Rhein";"2026";"01.05.2026";"10,6";"mg/l"
"CXX359";"448.686";"5.428.915";"6.187";"Sauerstoff";"Karlsruhe (CXX359)";"Rhein";"2026";"02.05.2026";"10,5";"mg/l"
"CXX359";"448.686";"5.428.915";"6.187";"Sauerstoff";"Karlsruhe (CXX359)";"Rhein";"2026";"03.05.2026";"10,1";"mg/l"
"CXX359";"448.686";"5.428.915";"6.187";"Sauerstoff";"Karlsruhe (CXX359)";"Rhein";"2026";"04.05.2026";"9,6";"mg/l"
"CXX359";"448.686";"5.428.915";"6.187";"Sauerstoff";"Karlsruhe (CXX359)";"Rhein";"2026";"05.05.2026";"9,3";"mg/l"
"CXX359";"448.686";"5.428.915";"6.187";"Sauerstoff";"Karlsruhe (CXX359)";"Rhein";"2026";"06.05.2026";"9,3";"mg/l"
"CXX359";"448.686";"5.428.915";"6.187";"Sauerstoff";"Karlsruhe (CXX359)";"Rhein";"2026";"07.05.2026";"9";"mg/l"
"CXX359";"448.686";"5.428.915";"6.187";"Sauerstoff";"Karlsruhe (CXX359)";"Rhein";"2026";"08.05.2026";"9,2";"mg/l"
"CXX359";"448.686";"5.428.915";"6.187";"Sauerstoff";"Karlsruhe (CXX359)";"Rhein";"2026";"09.05.2026";"9,2";"mg/l"
"CXX359";"448.686";"5.428.915";"6.187";"Sauerstoff";"Karlsruhe (CXX359)";"Rhein";"2026";"10.05.2026";"9,1";"mg/l"
"CXX359";"448.686";"5.428.915";"6.187";"Sauerstoff";"Karlsruhe (CXX359)";"Rhein";"2026";"11.05.2026";"8,7";"mg/l"
"CXX359";"448.686";"5.428.915";"6.187";"Sauerstoff";"Karlsruhe (CXX359)";"Rhein";"2026";"12.05.2026";"8,8";"mg/l"
"CXX359";"448.686";"5.428.915";"6.187";"Sauerstoff";"Karlsruhe (CXX359)";"Rhein";"2026";"13.05.2026";"9";"mg/l"
"CXX359";"448.686";"5.428.915";"6.187";"Sauerstoff";"Karlsruhe (CXX359)";"Rhein";"2026";"14.05.2026";"9";"mg/l"
"CXX359";"448.686";"5.428.915";"6.187";"Sauerstoff";"Karlsruhe (CXX359)";"Rhein";"2026";"15.05.2026";"9";"mg/l"
"CXX359";"448.686";"5.428.915";"6.187";"Sauerstoff";"Karlsruhe (CXX359)";"Rhein";"2026";"16.05.2026";"9";"mg/l"
"CXX359";"448.686";"5.428.915";"6.187";"Sauerstoff";"Karlsruhe (CXX359)";"Rhein";"2026";"17.05.2026";"9,2";"mg/l"
"CXX359";"448.686";"5.428.915";"6.187";"Sauerstoff";"Karlsruhe (CXX359)";"Rhein";"2026";"18.05.2026";"9,4";"mg/l"
"CXX359";"448.686";"5.428.915";"6.187";"Sauerstoff";"Karlsruhe (CXX359)";"Rhein";"2026";"19.05.2026";"9,6";"mg/l"
"CXX359";"448.686";"5.428.915";"6.187";"Sauerstoff";"Karlsruhe (CXX359)";"Rhein";"2026";"20.05.2026";"9,5";"mg/l"
"CXX359";"448.686";"5.428.915";"6.187";"Sauerstoff";"Karlsruhe (CXX359)";"Rhein";"2026";"21.05.2026";"10";"mg/l"
"CXX359";"448.686";"5.428.915";"6.187";"Sauerstoff";"Karlsruhe (CXX359)";"Rhein";"2026";"22.05.2026";"10,1";"mg/l"
"CXX359";"448.686";"5.428.915";"6.187";"Sauerstoff";"Karlsruhe (CXX359)";"Rhein";"2026";"23.05.2026";"10";"mg/l"
"CXX359";"448.686";"5.428.915";"6.187";"Sauerstoff";"Karlsruhe (CXX359)";"Rhein";"2026";"24.05.2026";"9,9";"mg/l"
"CXX359";"448.686";"5.428.915";"6.187";"Sauerstoff";"Karlsruhe (CXX359)";"Rhein";"2026";"25.05.2026";"10";"mg/l"
"CXX359";"448.686";"5.428.915";"6.187";"Sauerstoff";"Karlsruhe (CXX359)";"Rhein";"2026";"26.05.2026";"10";"mg/l"
"CXX359";"448.686";"5.428.915";"6.187";"Sauerstoff";"Karlsruhe (CXX359)";"Rhein";"2026";"27.05.2026";"10";"mg/l"
"CXX359";"448.686";"5.428.915";"6.187";"Sauerstoff";"Karlsruhe (CXX359)";"Rhein";"2026";"28.05.2026";"10";"mg/l"
"CXX359";"448.686";"5.428.915";"6.187";"Sauerstoff";"Karlsruhe (CXX359)";"Rhein";"2026";"29.05.2026";"9,8";"mg/l"
"CXX359";"448.686";"5.428.915";"6.187";"Sauerstoff";"Karlsruhe (CXX359)";"Rhein";"2026";"30.05.2026";"9,6";"mg/l"
"CXX359";"448.686";"5.428.915";"6.187";"Sauerstoff";"Karlsruhe (CXX359)";"Rhein";"2026";"31.05.2026";"8,9";"mg/l"
"CXX359";"448.686";"5.428.915";"6.187";"Sauerstoff";"Karlsruhe (CXX359)";"Rhein";"2026";"01.06.2026";"8,5";"mg/l"
"CXX359";"448.686";"5.428.915";"6.187";"Sauerstoff";"Karlsruhe (CXX359)";"Rhein";"2026";"02.06.2026";"7,9";"mg/l"
"CXX359";"448.686";"5.428.915";"6.187";"Sauerstoff";"Karlsruhe (CXX359)";"Rhein";"2026";"03.06.2026";"7,5";"mg/l"
"CXX359";"448.686";"5.428.915";"6.187";"Sauerstoff";"Karlsruhe (CXX359)";"Rhein";"2026";"04.06.2026";"7,4";"mg/l"
"CXX359";"448.686";"5.428.915";"6.187";"Sauerstoff";"Karlsruhe (CXX359)";"Rhein";"2026";"05.06.2026";"7,6";"mg/l"
"CXX359";"448.686";"5.428.915";"6.187";"Sauerstoff";"Karlsruhe (CXX359)";"Rhein";"2026";"06.06.2026";"7,9";"mg/l"
"CXX359";"448.686";"5.428.915";"6.187";"Sauerstoff";"Karlsruhe (CXX359)";"Rhein";"2026";"07.06.2026";"8,1";"mg/l"
"CXX359";"448.686";"5.428.915";"6.187";"Sauerstoff";"Karlsruhe (CXX359)";"Rhein";"2026";"08.06.2026";"8,2";"mg/l"
"CXX359";"448.686";"5.428.915";"6.187";"Sauerstoff";"Karlsruhe (CXX359)";"Rhein";"2026";"09.06.2026";"8,3";"mg/l"
"CXX359";"448.686";"5.428.915";"6.187";"Sauerstoff";"Karlsruhe (CXX359)";"Rhein";"2026";"10.06.2026";"8,6";"mg/l"
"CXX359";"448.686";"5.428.915";"6.187";"Sauerstoff";"Karlsruhe (CXX359)";"Rhein";"2026";"11.06.2026";"8,6";"mg/l"
"CXX359";"448.686";"5.428.915";"6.187";"Sauerstoff";"Karlsruhe (CXX359)";"Rhein";"2026";"12.06.2026";"8,2";"mg/l"
"CXX359";"448.686";"5.428.915";"6.187";"Sauerstoff";"Karlsruhe (CXX359)";"Rhein";"2026";"13.06.2026";"8,4";"mg/l"
"CXX359";"448.686";"5.428.915";"6.187";"Sauerstoff";"Karlsruhe (CXX359)";"Rhein";"2026";"14.06.2026";"8,7";"mg/l"
"CXX359";"448.686";"5.428.915";"6.187";"Sauerstoff";"Karlsruhe (CXX359)";"Rhein";"2026";"15.06.2026";"8,9";"mg/l"
"CXX359";"448.686";"5.428.915";"6.187";"Sauerstoff";"Karlsruhe (CXX359)";"Rhein";"2026";"16.06.2026";"8,8";"mg/l"
"CXX359";"448.686";"5.428.915";"6.187";"Sauerstoff";"Karlsruhe (CXX359)";"Rhein";"2026";"17.06.2026";"9,1";"mg/l"
"CXX359";"448.686";"5.428.915";"6.187";"Sauerstoff";"Karlsruhe (CXX359)";"Rhein";"2026";"18.06.2026";"9,3";"mg/l"
"CXX359";"448.686";"5.428.915";"6.187";"Sauerstoff";"Karlsruhe (CXX359)";"Rhein";"2026";"19.06.2026";"9,3";"mg/l"
"CXX359";"448.686";"5.428.915";"6.187";"Sauerstoff";"Karlsruhe (CXX359)";"Rhein";"2026";"20.06.2026";"9,2";"mg/l"
"CXX359";"448.686";"5.428.915";"6.187";"Sauerstoff";"Karlsruhe (CXX359)";"Rhein";"2026";"21.06.2026";"9,1";"mg/l"
"CXX359";"448.686";"5.428.915";"6.187";"Sauerstoff";"Karlsruhe (CXX359)";"Rhein";"2026";"22.06.2026";"9,1";"mg/l"
"CXX359";"448.686";"5.428.915";"6.187";"Sauerstoff";"Karlsruhe (CXX359)";"Rhein";"2026";"23.06.2026";"9";"mg/l"
"CXX359";"448.686";"5.428.915";"6.187";"Sauerstoff";"Karlsruhe (CXX359)";"Rhein";"2026";"24.06.2026";"9,1";"mg/l"
"CXX359";"448.686";"5.428.915";"6.187";"Sauerstoff";"Karlsruhe (CXX359)";"Rhein";"2026";"25.06.2026";"9,2";"mg/l"
"CXX359";"448.686";"5.428.915";"6.187";"Sauerstoff";"Karlsruhe (CXX359)";"Rhein";"2026";"26.06.2026";"9,1";"mg/l"
"CXX359";"448.686";"5.428.915";"6.187";"Sauerstoff";"Karlsruhe (CXX359)";"Rhein";"2026";"27.06.2026";"8,9";"mg/l"
"CXX359";"448.686";"5.428.915";"6.187";"Sauerstoff";"Karlsruhe (CXX359)";"Rhein";"2026";"28.06.2026";"9";"mg/l"
"CXX359";"448.686";"5.428.915";"6.187";"Sauerstoff";"Karlsruhe (CXX359)";"Rhein";"2026";"29.06.2026";"8,6";"mg/l"
"CXX359";"448.686";"5.428.915";"6.187";"Sauerstoff";"Karlsruhe (CXX359)";"Rhein";"2026";"30.06.2026";"8,6";"mg/l"
"CXX359";"448.686";"5.428.915";"6.187";"Sauerstoff";"Karlsruhe (CXX359)";"Rhein";"2026";"01.07.2026";"8,5";"mg/l"
"CXX359";"448.686";"5.428.915";"6.187";"Sauerstoff";"Karlsruhe (CXX359)";"Rhein";"2026";"02.07.2026";"8,1";"mg/l"
"CXX359";"448.686";"5.428.915";"6.187";"Sauerstoff";"Karlsruhe (CXX359)";"Rhein";"2026";"03.07.2026";"8";"mg/l"
"CXX359";"448.686";"5.428.915";"6.187";"Sauerstoff";"Karlsruhe (CXX359)";"Rhein";"2026";"04.07.2026";"8";"mg/l"
"CXX359";"448.686";"5.428.915";"6.187";"Sauerstoff";"Karlsruhe (CXX359)";"Rhein";"2026";"05.07.2026";"7,8";"mg/l"
"CXX359";"448.686";"5.428.915";"6.187";"Sauerstoff";"Karlsruhe (CXX359)";"Rhein";"2026";"06.07.2026";"7,7";"mg/l"
"CXX359";"448.686";"5.428.915";"6.187";"Sauerstoff";"Karlsruhe (CXX359)";"Rhein";"2026";"07.07.2026";"7,3";"mg/l"
"CXX359";"448.686";"5.428.915";"6.187";"Sauerstoff";"Karlsruhe (CXX359)";"Rhein";"2026";"08.07.2026";"7";"mg/l"
"CXX359";"448.686";"5.428.915";"6.187";"Sauerstoff";"Karlsruhe (CXX359)";"Rhein";"2026";"09.07.2026";"7,5";"mg/l"
"CXX359";"448.686";"5.428.915";"6.187";"Sauerstoff";"Karlsruhe (CXX359)";"Rhein";"2026";"10.07.2026";"7,9";"mg/l"
"CXX359";"448.686";"5.428.915";"6.187";"Sauerstoff";"Karlsruhe (CXX359)";"Rhein";"2026";"11.07.2026";"8,2";"mg/l"
"CXX359";"448.686";"5.428.915";"6.187";"Sauerstoff";"Karlsruhe (CXX359)";"Rhein";"2026";"12.07.2026";"8,4";"mg/l"
"CXX359";"448.686";"5.428.915";"6.187";"Sauerstoff";"Karlsruhe (CXX359)";"Rhein";"2026";"13.07.2026";"8,5";"mg/l"
"CXX359";"448.686";"5.428.915";"6.187";"Sauerstoff";"Karlsruhe (CXX359)";"Rhein";"2026";"14.07.2026";"8,4";"mg/l"
"CXX359";"448.686";"5.428.915";"6.187";"Sauerstoff";"Karlsruhe (CXX359)";"Rhein";"2026";"15.07.2026";"8,3";"mg/l"
"CXX359";"448.686";"5.428.915";"6.187";"Sauerstoff";"Karlsruhe (CXX359)";"Rhein";"2026";"16.07.2026";"8,4";"mg/l"
"CXX359";"448.686";"5.428.915";"6.187";"Sauerstoff";"Karlsruhe (CXX359)";"Rhein";"2026";"17.07.2026";"7,8";"mg/l"
"CXX359";"448.686";"5.428.915";"6.187";"Sauerstoff";"Karlsruhe (CXX359)";"Rhein";"2026";"18.07.2026";"7,6";"mg/l"
"CXX359";"448.686";"5.428.915";"6.187";"Sauerstoff";"Karlsruhe (CXX359)";"Rhein";"2026";"19.07.2026";"7,3";"mg/l"
"CXX359";"448.686";"5.428.915";"6.187";"Sauerstoff";"Karlsruhe (CXX359)";"Rhein";"2026";"20.07.2026";"7,8";"mg/l"
"CXX359";"448.686";"5.428.915";"6.187";"Sauerstoff";"Karlsruhe (CXX359)";"Rhein";"2026";"21.07.2026";"8,2";"mg/l"
"CXX359";"448.686";"5.428.915";"6.187";"Sauerstoff";"Karlsruhe (CXX359)";"Rhein";"2026";"22.07.2026";"8,6";"mg/l"
"CXX359";"448.686";"5.428.915";"6.187";"Sauerstoff";"Karlsruhe (CXX359)";"Rhein";"2026";"23.07.2026";"8,9";"mg/l"
"CXX359";"448.686";"5.428.915";"6.187";"Sauerstoff";"Karlsruhe (CXX359)";"Rhein";"2026";"24.07.2026";"9,2";"mg/l"
"CXX359";"448.686";"5.428.915";"6.187";"Sauerstoff";"Karlsruhe (CXX359)";"Rhein";"2026";"25.07.2026";"9,2";"mg/l"
"CXX359";"448.686";"5.428.915";"6.187";"Sauerstoff";"Karlsruhe (CXX359)";"Rhein";"2026";"26.07.2026";"9";"mg/l"
"CXX359";"448.686";"5.428.915";"6.187";"Sauerstoff";"Karlsruhe (CXX359)";"Rhein";"2026";"27.07.2026";"8,9";"mg/l"
"CXX359";"448.686";"5.428.915";"6.187";"Sauerstoff";"Karlsruhe (CXX359)";"Rhein";"2026";"28.07.2026";"9,1";"mg/l"
"CXX359";"448.686";"5.428.915";"6.187";"Sauerstoff";"Karlsruhe (CXX359)";"Rhein";"2026";"29.07.2026";"9";"mg/l"
"CXX359";"448.686";"5.428.915";"6.187";"Sauerstoff";"Karlsruhe (CXX359)";"Rhein";"2026";"30.07.2026";"8,8";"mg/l"
"CXX359";"448.686";"5.428.915";"6.187";"Sauerstoff";"Karlsruhe (CXX359)";"Rhein";"2026";"31.07.2026";"8,7";"mg/l"
"CXX359";"448.686";"5.428.915";"6.187";"Sauerstoff";"Karlsruhe (CXX359)";"Rhein";"2026";"01.08.2026";"8,3";"mg/l"
"CXX359";"448.686";"5.428.915";"6.187";"Sauerstoff";"Karlsruhe (CXX359)";"Rhein";"2026";"02.08.2026";"8,3";"mg/l"
"CXX359";"448.686";"5.428.915";"6.187";"Sauerstoff";"Karlsruhe (CXX359)";"Rhein";"2026";"03.08.2026";"8,3";"mg/l"
"CXX359";"448.686";"5.428.915";"6.187";"Sauerstoff";"Karlsruhe (CXX359)";"Rhein";"2026";"04.08.2026";"8,4";"mg/l"
"CXX359";"448.686";"5.428.915";"6.187";"Sauerstoff";"Karlsruhe (CXX359)";"Rhein";"2026";"05.08.2026";"8,2";"mg/l"
"CXX359";"448.686";"5.428.915";"6.187";"Sauerstoff";"Karlsruhe (CXX359)";"Rhein";"2026";"06.08.2026";"8,4";"mg/l"
