Quelle:;"Bayerisches Landesamt für Umwelt, www.gkd.bayern.de"
Datenbankabfrage:;"04.08.2026 00:05"
Zeitbezug:;MEZ
Messstellen-Name:;Landau
Messstellen-Nr.:;16008007
Gewässer:;Isar
Ostwert:;771818;Nordwert:;5397933;"ETRS89 / UTM Zone 32N"
Pegelnullpunktshöhe:;"333,59 m NHN (DHHN2016)"

"Tageswerte Wasserstand [cm]"
Datum;Mittelwert;Maximum;Minimum;Prüfstatus
1970-11-01;133,00;137,00;130,00;Geprueft
1970-11-02;129,00;131,00;125,00;Geprueft
1970-11-03;133,00;138,00;127,00;Geprueft
1970-11-04;137,00;139,00;136,00;Geprueft
1970-11-05;136,00;137,00;134,00;Geprueft
1970-11-06;135,00;137,00;133,00;Geprueft
1970-11-07;131,00;137,00;127,00;Geprueft
1970-11-08;128,00;131,00;121,00;Geprueft
1970-11-09;129,00;139,00;116,00;Geprueft
1970-11-10;135,00;140,00;132,00;Geprueft
1970-11-11;139,00;146,00;124,00;Geprueft
1970-11-12;120,00;124,00;116,00;Geprueft
1970-11-13;128,00;131,00;124,00;Geprueft
1970-11-14;117,00;128,00;110,00;Geprueft
1970-11-15;108,00;117,00;106,00;Geprueft
1970-11-16;120,00;123,00;116,00;Geprueft
1970-11-17;129,00;134,00;121,00;Geprueft
1970-11-18;131,00;133,00;125,00;Geprueft
1970-11-19;128,00;132,00;126,00;Geprueft
1970-11-20;137,00;150,00;120,00;Geprueft
1970-11-21;142,00;149,00;132,00;Geprueft
1970-11-22;159,00;200,00;142,00;Geprueft
1970-11-23;184,00;200,00;171,00;Geprueft
1970-11-24;169,00;174,00;166,00;Geprueft
1970-11-25;161,00;167,00;156,00;Geprueft
1970-11-26;155,00;165,00;144,00;Geprueft
1970-11-27;146,00;148,00;143,00;Geprueft
1970-11-28;137,00;144,00;129,00;Geprueft
1970-11-29;130,00;131,00;128,00;Geprueft
1970-11-30;132,00;137,00;123,00;Geprueft
1970-12-01;136,00;137,00;133,00;Geprueft
1970-12-02;137,00;150,00;130,00;Geprueft
1970-12-03;145,00;151,00;139,00;Geprueft
1970-12-04;143,00;146,00;140,00;Geprueft
1970-12-05;141,00;151,00;133,00;Geprueft
1970-12-06;139,00;149,00;129,00;Geprueft
1970-12-07;143,00;147,00;141,00;Geprueft
1970-12-08;148,00;151,00;144,00;Geprueft
1970-12-09;138,00;144,00;132,00;Geprueft
1970-12-10;136,00;140,00;133,00;Geprueft
1970-12-11;143,00;148,00;137,00;Geprueft
1970-12-12;134,00;138,00;130,00;Geprueft
1970-12-13;121,00;130,00;118,00;Geprueft
1970-12-14;126,00;136,00;118,00;Geprueft
1970-12-15;132,00;137,00;128,00;Geprueft
1970-12-16;127,00;133,00;116,00;Geprueft
1970-12-17;127,00;134,00;118,00;Geprueft
1970-12-18;124,00;133,00;117,00;Geprueft
1970-12-19;124,00;126,00;122,00;Geprueft
1970-12-20;120,00;123,00;119,00;Geprueft
1970-12-21;121,00;136,00;114,00;Geprueft
1970-12-22;130,00;136,00;126,00;Geprueft
1970-12-23;128,00;130,00;126,00;Geprueft
1970-12-24;125,00;126,00;122,00;Geprueft
1970-12-25;117,00;122,00;113,00;Geprueft
1970-12-26;104,00;113,00;97,00;Geprueft
1970-12-27;93,00;97,00;91,00;Geprueft
1970-12-28;101,00;110,00;93,00;Geprueft
1970-12-29;118,00;130,00;110,00;Geprueft
1970-12-30;124,00;130,00;120,00;Geprueft
1970-12-31;118,00;120,00;116,00;Geprueft
1971-01-01;113,00;116,00;105,00;Geprueft
1971-01-02;95,00;105,00;90,00;Geprueft
1971-01-03;111,00;132,00;92,00;Geprueft
1971-01-04;125,00;132,00;122,00;Geprueft
1971-01-05;120,00;125,00;115,00;Geprueft
1971-01-06;115,00;116,00;112,00;Geprueft
1971-01-07;120,00;123,00;116,00;Geprueft
1971-01-08;125,00;126,00;123,00;Geprueft
1971-01-09;121,00;126,00;111,00;Geprueft
1971-01-10;116,00;118,00;111,00;Geprueft
1971-01-11;109,00;113,00;107,00;Geprueft
1971-01-12;110,00;127,00;80,00;Geprueft
1971-01-13;111,00;128,00;79,00;Geprueft
1971-01-14;118,00;126,00;110,00;Geprueft
1971-01-15;107,00;111,00;104,00;Geprueft
1971-01-16;109,00;111,00;105,00;Geprueft
1971-01-17;102,00;105,00;98,00;Geprueft
1971-01-18;102,00;111,00;99,00;Geprueft
1971-01-19;109,00;112,00;106,00;Geprueft
1971-01-20;104,00;107,00;101,00;Geprueft
1971-01-21;107,00;108,00;105,00;Geprueft
1971-01-22;103,00;108,00;97,00;Geprueft
1971-01-23;98,00;99,00;95,00;Geprueft
1971-01-24;97,00;99,00;96,00;Geprueft
1971-01-25;104,00;109,00;99,00;Geprueft
1971-01-26;112,00;113,00;109,00;Geprueft
1971-01-27;117,00;123,00;113,00;Geprueft
1971-01-28;118,00;122,00;117,00;Geprueft
1971-01-29;119,00;121,00;116,00;Geprueft
1971-01-30;113,00;120,00;109,00;Geprueft
1971-01-31;113,00;120,00;110,00;Geprueft
1971-02-01;109,00;111,00;106,00;Geprueft
1971-02-02;108,00;115,00;104,00;Geprueft
1971-02-03;114,00;118,00;109,00;Geprueft
1971-02-04;107,00;109,00;102,00;Geprueft
1971-02-05;105,00;107,00;101,00;Geprueft
1971-02-06;102,00;107,00;98,00;Geprueft
1971-02-07;93,00;98,00;88,00;Geprueft
1971-02-08;98,00;103,00;88,00;Geprueft
1971-02-09;97,00;103,00;92,00;Geprueft
1971-02-10;99,00;105,00;92,00;Geprueft
1971-02-11;105,00;107,00;103,00;Geprueft
1971-02-12;102,00;104,00;95,00;Geprueft
1971-02-13;100,00;105,00;95,00;Geprueft
1971-02-14;100,00;105,00;98,00;Geprueft
1971-02-15;100,00;108,00;98,00;Geprueft
1971-02-16;112,00;116,00;108,00;Geprueft
1971-02-17;113,00;116,00;111,00;Geprueft
1971-02-18;114,00;117,00;110,00;Geprueft
1971-02-19;116,00;117,00;113,00;Geprueft
1971-02-20;114,00;117,00;111,00;Geprueft
1971-02-21;110,00;114,00;106,00;Geprueft
1971-02-22;107,00;113,00;102,00;Geprueft
1971-02-23;118,00;122,00;113,00;Geprueft
1971-02-24;120,00;123,00;115,00;Geprueft
1971-02-25;119,00;121,00;117,00;Geprueft
1971-02-26;119,00;124,00;118,00;Geprueft
1971-02-27;119,00;125,00;114,00;Geprueft
1971-02-28;113,00;114,00;111,00;Geprueft
1971-03-01;116,00;121,00;111,00;Geprueft
1971-03-02;121,00;123,00;116,00;Geprueft
1971-03-03;112,00;116,00;111,00;Geprueft
1971-03-04;110,00;111,00;110,00;Geprueft
1971-03-05;108,00;111,00;106,00;Geprueft
1971-03-06;110,00;114,00;107,00;Geprueft
1971-03-07;104,00;114,00;94,00;Geprueft
1971-03-08;102,00;105,00;94,00;Geprueft
1971-03-09;103,00;105,00;102,00;Geprueft
1971-03-10;99,00;102,00;97,00;Geprueft
1971-03-11;100,00;104,00;97,00;Geprueft
1971-03-12;99,00;106,00;97,00;Geprueft
1971-03-13;96,00;98,00;88,00;Geprueft
1971-03-14;87,00;90,00;85,00;Geprueft
1971-03-15;93,00;96,00;88,00;Geprueft
1971-03-16;101,00;108,00;96,00;Geprueft
1971-03-17;114,00;125,00;108,00;Geprueft
1971-03-18;130,00;134,00;125,00;Geprueft
1971-03-19;133,00;135,00;131,00;Geprueft
1971-03-20;130,00;136,00;124,00;Geprueft
1971-03-21;131,00;140,00;123,00;Geprueft
1971-03-22;156,00;171,00;140,00;Geprueft
1971-03-23;174,00;177,00;169,00;Geprueft
1971-03-24;179,00;183,00;174,00;Geprueft
1971-03-25;170,00;174,00;163,00;Geprueft
1971-03-26;160,00;165,00;157,00;Geprueft
1971-03-27;158,00;163,00;151,00;Geprueft
1971-03-28;143,00;151,00;138,00;Geprueft
1971-03-29;138,00;148,00;129,00;Geprueft
1971-03-30;142,00;149,00;135,00;Geprueft
1971-03-31;141,00;146,00;136,00;Geprueft
1971-04-01;147,00;149,00;145,00;Geprueft
1971-04-02;144,00;147,00;136,00;Geprueft
1971-04-03;137,00;139,00;133,00;Geprueft
1971-04-04;139,00;144,00;132,00;Geprueft
1971-04-05;134,00;137,00;130,00;Geprueft
1971-04-06;141,00;144,00;137,00;Geprueft
1971-04-07;143,00;147,00;141,00;Geprueft
1971-04-08;145,00;151,00;138,00;Geprueft
1971-04-09;131,00;138,00;125,00;Geprueft
1971-04-10;135,00;138,00;134,00;Geprueft
1971-04-11;139,00;140,00;136,00;Geprueft
1971-04-12;134,00;140,00;126,00;Geprueft
1971-04-13;131,00;136,00;125,00;Geprueft
1971-04-14;133,00;135,00;130,00;Geprueft
1971-04-15;135,00;135,00;133,00;Geprueft
1971-04-16;138,00;139,00;135,00;Geprueft
1971-04-17;132,00;139,00;122,00;Geprueft
1971-04-18;124,00;127,00;122,00;Geprueft
1971-04-19;126,00;127,00;125,00;Geprueft
1971-04-20;125,00;127,00;122,00;Geprueft
1971-04-21;125,00;126,00;124,00;Geprueft
1971-04-22;128,00;134,00;124,00;Geprueft
1971-04-23;130,00;134,00;128,00;Geprueft
1971-04-24;123,00;128,00;117,00;Geprueft
1971-04-25;128,00;130,00;122,00;Geprueft
1971-04-26;124,00;130,00;120,00;Geprueft
1971-04-27;130,00;142,00;120,00;Geprueft
1971-04-28;145,00;152,00;142,00;Geprueft
1971-04-29;158,00;161,00;152,00;Geprueft
1971-04-30;141,00;155,00;137,00;Geprueft
1971-05-01;136,00;141,00;129,00;Geprueft
1971-05-02;126,00;129,00;124,00;Geprueft
1971-05-03;129,00;133,00;127,00;Geprueft
1971-05-04;137,00;140,00;133,00;Geprueft
1971-05-05;130,00;137,00;126,00;Geprueft
1971-05-06;130,00;131,00;130,00;Geprueft
1971-05-07;126,00;130,00;122,00;Geprueft
1971-05-08;121,00;127,00;110,00;Geprueft
1971-05-09;112,00;117,00;109,00;Geprueft
1971-05-10;123,00;131,00;117,00;Geprueft
1971-05-11;126,00;131,00;123,00;Geprueft
1971-05-12;121,00;123,00;116,00;Geprueft
1971-05-13;115,00;116,00;114,00;Geprueft
1971-05-14;115,00;116,00;114,00;Geprueft
1971-05-15;118,00;119,00;116,00;Geprueft
1971-05-16;114,00;118,00;111,00;Geprueft
1971-05-17;119,00;131,00;111,00;Geprueft
1971-05-18;108,00;131,00;99,00;Geprueft
1971-05-19;111,00;114,00;110,00;Geprueft
1971-05-20;109,00;114,00;96,00;Geprueft
1971-05-21;100,00;111,00;92,00;Geprueft
1971-05-22;108,00;111,00;106,00;Geprueft
1971-05-23;105,00;110,00;103,00;Geprueft
1971-05-24;130,00;144,00;110,00;Geprueft
1971-05-25;132,00;140,00;125,00;Geprueft
1971-05-26;140,00;144,00;128,00;Geprueft
1971-05-27;134,00;144,00;128,00;Geprueft
1971-05-28;126,00;128,00;123,00;Geprueft
1971-05-29;127,00;129,00;125,00;Geprueft
1971-05-30;123,00;125,00;121,00;Geprueft
1971-05-31;123,00;137,00;117,00;Geprueft
1971-06-01;143,00;145,00;137,00;Geprueft
1971-06-02;144,00;145,00;143,00;Geprueft
1971-06-03;142,00;144,00;140,00;Geprueft
1971-06-04;144,00;146,00;140,00;Geprueft
1971-06-05;137,00;145,00;131,00;Geprueft
1971-06-06;129,00;131,00;127,00;Geprueft
1971-06-07;144,00;172,00;128,00;Geprueft
1971-06-08;179,00;201,00;169,00;Geprueft
1971-06-09;210,00;214,00;201,00;Geprueft
1971-06-10;202,00;212,00;180,00;Geprueft
1971-06-11;171,00;180,00;166,00;Geprueft
1971-06-12;188,00;193,00;180,00;Geprueft
1971-06-13;194,00;197,00;191,00;Geprueft
1971-06-14;179,00;192,00;176,00;Geprueft
1971-06-15;174,00;177,00;169,00;Geprueft
1971-06-16;170,00;172,00;168,00;Geprueft
1971-06-17;162,00;171,00;149,00;Geprueft
1971-06-18;155,00;161,00;148,00;Geprueft
1971-06-19;156,00;180,00;150,00;Geprueft
1971-06-20;193,00;199,00;180,00;Geprueft
1971-06-21;186,00;189,00;173,00;Geprueft
1971-06-22;171,00;174,00;165,00;Geprueft
1971-06-23;161,00;165,00;160,00;Geprueft
1971-06-24;161,00;166,00;159,00;Geprueft
1971-06-25;166,00;168,00;165,00;Geprueft
1971-06-26;161,00;167,00;150,00;Geprueft
1971-06-27;151,00;153,00;149,00;Geprueft
1971-06-28;155,00;158,00;149,00;Geprueft
1971-06-29;157,00;164,00;152,00;Geprueft
1971-06-30;163,00;172,00;160,00;Geprueft
1971-07-01;173,00;175,00;172,00;Geprueft
1971-07-02;174,00;177,00;172,00;Geprueft
1971-07-03;165,00;177,00;149,00;Geprueft
1971-07-04;148,00;158,00;144,00;Geprueft
1971-07-05;155,00;159,00;148,00;Geprueft
1971-07-06;146,00;154,00;141,00;Geprueft
1971-07-07;148,00;153,00;145,00;Geprueft
1971-07-08;148,00;151,00;145,00;Geprueft
1971-07-09;138,00;147,00;135,00;Geprueft
1971-07-10;132,00;135,00;129,00;Geprueft
1971-07-11;116,00;135,00;103,00;Geprueft
1971-07-12;114,00;123,00;101,00;Geprueft
1971-07-13;127,00;142,00;114,00;Geprueft
1971-07-14;141,00;145,00;138,00;Geprueft
1971-07-15;131,00;141,00;122,00;Geprueft
1971-07-16;119,00;123,00;115,00;Geprueft
1971-07-17;114,00;120,00;110,00;Geprueft
1971-07-18;116,00;120,00;112,00;Geprueft
1971-07-19;132,00;148,00;120,00;Geprueft
1971-07-20;133,00;147,00;114,00;Geprueft
1971-07-21;131,00;140,00;114,00;Geprueft
1971-07-22;133,00;140,00;128,00;Geprueft
1971-07-23;130,00;136,00;123,00;Geprueft
1971-07-24;119,00;123,00;115,00;Geprueft
1971-07-25;120,00;123,00;117,00;Geprueft
1971-07-26;113,00;117,00;110,00;Geprueft
1971-07-27;112,00;113,00;110,00;Geprueft
1971-07-28;116,00;126,00;109,00;Geprueft
1971-07-29;124,00;126,00;121,00;Geprueft
1971-07-30;125,00;127,00;123,00;Geprueft
1971-07-31;115,00;125,00;107,00;Geprueft
1971-08-01;103,00;107,00;98,00;Geprueft
1971-08-02;108,00;119,00;97,00;Geprueft
1971-08-03;114,00;119,00;108,00;Geprueft
1971-08-04;113,00;116,00;112,00;Geprueft
1971-08-05;117,00;120,00;114,00;Geprueft
1971-08-06;116,00;117,00;115,00;Geprueft
1971-08-07;106,00;116,00;99,00;Geprueft
1971-08-08;100,00;103,00;98,00;Geprueft
1971-08-09;108,00;113,00;102,00;Geprueft
1971-08-10;115,00;117,00;112,00;Geprueft
1971-08-11;119,00;125,00;115,00;Geprueft
1971-08-12;138,00;149,00;123,00;Geprueft
1971-08-13;148,00;154,00;140,00;Geprueft
1971-08-14;127,00;141,00;115,00;Geprueft
1971-08-15;107,00;115,00;97,00;Geprueft
1971-08-16;107,00;118,00;96,00;Geprueft
1971-08-17;120,00;125,00;114,00;Geprueft
1971-08-18;117,00;126,00;109,00;Geprueft
1971-08-19;112,00;115,00;108,00;Geprueft
1971-08-20;113,00;115,00;112,00;Geprueft
1971-08-21;108,00;112,00;104,00;Geprueft
1971-08-22;110,00;115,00;106,00;Geprueft
1971-08-23;113,00;120,00;103,00;Geprueft
1971-08-24;136,00;162,00;119,00;Geprueft
1971-08-25;150,00;162,00;142,00;Geprueft
1971-08-26;132,00;142,00;125,00;Geprueft
1971-08-27;151,00;170,00;133,00;Geprueft
1971-08-28;160,00;170,00;155,00;Geprueft
1971-08-29;162,00;168,00;152,00;Geprueft
1971-08-30;135,00;152,00;124,00;Geprueft
1971-08-31;140,00;155,00;121,00;Geprueft
1971-09-01;162,00;175,00;152,00;Geprueft
1971-09-02;170,00;175,00;162,00;Geprueft
1971-09-03;153,00;162,00;148,00;Geprueft
1971-09-04;147,00;152,00;143,00;Geprueft
1971-09-05;133,00;143,00;128,00;Geprueft
1971-09-06;121,00;128,00;112,00;Geprueft
1971-09-07;127,00;129,00;125,00;Geprueft
1971-09-08;128,00;136,00;121,00;Geprueft
1971-09-09;130,00;136,00;127,00;Geprueft
1971-09-10;118,00;127,00;115,00;Geprueft
1971-09-11;118,00;122,00;115,00;Geprueft
1971-09-12;121,00;126,00;118,00;Geprueft
1971-09-13;120,00;126,00;117,00;Geprueft
1971-09-14;121,00;124,00;117,00;Geprueft
1971-09-15;115,00;124,00;108,00;Geprueft
1971-09-16;121,00;136,00;113,00;Geprueft
1971-09-17;129,00;140,00;116,00;Geprueft
1971-09-18;120,00;124,00;95,00;Geprueft
1971-09-19;97,00;102,00;95,00;Geprueft
1971-09-20;113,00;119,00;102,00;Geprueft
1971-09-21;116,00;119,00;110,00;Geprueft
1971-09-22;108,00;112,00;103,00;Geprueft
1971-09-23;100,00;104,00;98,00;Geprueft
1971-09-24;105,00;105,00;103,00;Geprueft
1971-09-25;98,00;103,00;91,00;Geprueft
1971-09-26;93,00;96,00;90,00;Geprueft
1971-09-27;96,00;105,00;90,00;Geprueft
1971-09-28;110,00;116,00;105,00;Geprueft
1971-09-29;129,00;146,00;116,00;Geprueft
1971-09-30;159,00;164,00;146,00;Geprueft
1971-10-01;148,00;152,00;140,00;Geprueft
1971-10-02;134,00;147,00;126,00;Geprueft
1971-10-03;118,00;126,00;115,00;Geprueft
1971-10-04;116,00;120,00;114,00;Geprueft
1971-10-05;118,00;121,00;116,00;Geprueft
1971-10-06;112,00;118,00;106,00;Geprueft
1971-10-07;107,00;109,00;105,00;Geprueft
1971-10-08;110,00;115,00;108,00;Geprueft
1971-10-09;109,00;113,00;106,00;Geprueft
1971-10-10;102,00;106,00;100,00;Geprueft
1971-10-11;99,00;100,00;97,00;Geprueft
1971-10-12;97,00;100,00;96,00;Geprueft
1971-10-13;105,00;110,00;100,00;Geprueft
1971-10-14;105,00;114,00;104,00;Geprueft
1971-10-15;132,00;143,00;114,00;Geprueft
1971-10-16;125,00;136,00;101,00;Geprueft
1971-10-17;101,00;107,00;99,00;Geprueft
1971-10-18;107,00;109,00;105,00;Geprueft
1971-10-19;112,00;116,00;105,00;Geprueft
1971-10-20;108,00;114,00;105,00;Geprueft
1971-10-21;104,00;106,00;101,00;Geprueft
1971-10-22;103,00;104,00;100,00;Geprueft
1971-10-23;99,00;104,00;91,00;Geprueft
1971-10-24;91,00;92,00;90,00;Geprueft
1971-10-25;92,00;97,00;87,00;Geprueft
1971-10-26;99,00;100,00;97,00;Geprueft
1971-10-27;100,00;101,00;100,00;Geprueft
1971-10-28;99,00;101,00;97,00;Geprueft
1971-10-29;97,00;101,00;94,00;Geprueft
1971-10-30;92,00;94,00;87,00;Geprueft
1971-10-31;87,00;90,00;79,00;Geprueft
1971-11-01;88,00;93,00;79,00;Geprueft
1971-11-02;93,00;95,00;89,00;Geprueft
1971-11-03;92,00;94,00;89,00;Geprueft
1971-11-04;94,00;95,00;91,00;Geprueft
1971-11-05;97,00;101,00;94,00;Geprueft
1971-11-06;94,00;101,00;86,00;Geprueft
1971-11-07;86,00;86,00;85,00;Geprueft
1971-11-08;88,00;93,00;84,00;Geprueft
1971-11-09;100,00;113,00;93,00;Geprueft
1971-11-10;118,00;121,00;113,00;Geprueft
1971-11-11;115,00;117,00;110,00;Geprueft
1971-11-12;106,00;110,00;102,00;Geprueft
1971-11-13;102,00;104,00;100,00;Geprueft
1971-11-14;97,00;101,00;90,00;Geprueft
1971-11-15;89,00;95,00;83,00;Geprueft
1971-11-16;92,00;95,00;87,00;Geprueft
1971-11-17;90,00;98,00;86,00;Geprueft
1971-11-18;101,00;104,00;98,00;Geprueft
1971-11-19;102,00;103,00;100,00;Geprueft
1971-11-20;94,00;101,00;88,00;Geprueft
1971-11-21;95,00;102,00;92,00;Geprueft
1971-11-22;101,00;107,00;95,00;Geprueft
1971-11-23;112,00;119,00;107,00;Geprueft
1971-11-24;117,00;122,00;112,00;Geprueft
1971-11-25;107,00;112,00;102,00;Geprueft
1971-11-26;99,00;102,00;98,00;Geprueft
1971-11-27;100,00;103,00;98,00;Geprueft
1971-11-28;99,00;103,00;95,00;Geprueft
1971-11-29;97,00;99,00;94,00;Geprueft
1971-11-30;101,00;103,00;99,00;Geprueft
1971-12-01;101,00;103,00;96,00;Geprueft
1971-12-02;95,00;100,00;92,00;Geprueft
1971-12-03;101,00;104,00;99,00;Geprueft
1971-12-04;95,00;101,00;89,00;Geprueft
1971-12-05;89,00;89,00;88,00;Geprueft
1971-12-06;90,00;100,00;86,00;Geprueft
1971-12-07;97,00;100,00;93,00;Geprueft
1971-12-08;91,00;94,00;87,00;Geprueft
1971-12-09;89,00;93,00;86,00;Geprueft
1971-12-10;98,00;102,00;93,00;Geprueft
1971-12-11;99,00;102,00;95,00;Geprueft
1971-12-12;107,00;110,00;100,00;Geprueft
1971-12-13;99,00;102,00;97,00;Geprueft
1971-12-14;99,00;103,00;96,00;Geprueft
1971-12-15;97,00;99,00;96,00;Geprueft
1971-12-16;95,00;97,00;93,00;Geprueft
1971-12-17;94,00;98,00;92,00;Geprueft
1971-12-18;92,00;95,00;89,00;Geprueft
1971-12-19;90,00;94,00;85,00;Geprueft
1971-12-20;94,00;96,00;92,00;Geprueft
1971-12-21;106,00;119,00;96,00;Geprueft
1971-12-22;121,00;123,00;119,00;Geprueft
1971-12-23;111,00;120,00;106,00;Geprueft
1971-12-24;107,00;109,00;105,00;Geprueft
1971-12-25;106,00;112,00;96,00;Geprueft
1971-12-26;96,00;100,00;94,00;Geprueft
1971-12-27;97,00;101,00;95,00;Geprueft
1971-12-28;97,00;99,00;95,00;Geprueft
1971-12-29;100,00;105,00;97,00;Geprueft
1971-12-30;102,00;105,00;100,00;Geprueft
1971-12-31;96,00;100,00;91,00;Geprueft
1972-01-01;95,00;97,00;90,00;Geprueft
1972-01-02;91,00;95,00;86,00;Geprueft
1972-01-03;94,00;100,00;85,00;Geprueft
1972-01-04;95,00;99,00;92,00;Geprueft
1972-01-05;96,00;100,00;92,00;Geprueft
1972-01-06;98,00;103,00;92,00;Geprueft
1972-01-07;97,00;97,00;95,00;Geprueft
1972-01-08;98,00;100,00;96,00;Geprueft
1972-01-09;97,00;100,00;90,00;Geprueft
1972-01-10;91,00;99,00;84,00;Geprueft
1972-01-11;95,00;101,00;88,00;Geprueft
1972-01-12;97,00;99,00;92,00;Geprueft
1972-01-13;94,00;97,00;92,00;Geprueft
1972-01-14;94,00;96,00;92,00;Geprueft
1972-01-15;90,00;95,00;87,00;Geprueft
1972-01-16;86,00;87,00;85,00;Geprueft
1972-01-17;88,00;90,00;86,00;Geprueft
1972-01-18;91,00;93,00;88,00;Geprueft
1972-01-19;89,00;91,00;86,00;Geprueft
1972-01-20;92,00;95,00;88,00;Geprueft
1972-01-21;97,00;100,00;92,00;Geprueft
1972-01-22;91,00;96,00;84,00;Geprueft
1972-01-23;80,00;84,00;72,00;Geprueft
1972-01-24;85,00;93,00;70,00;Geprueft
1972-01-25;89,00;91,00;89,00;Geprueft
1972-01-26;89,00;91,00;85,00;Geprueft
1972-01-27;90,00;92,00;85,00;Geprueft
1972-01-28;97,00;100,00;91,00;Geprueft
1972-01-29;98,00;100,00;95,00;Geprueft
1972-01-30;90,00;95,00;84,00;Geprueft
1972-01-31;91,00;97,00;83,00;Geprueft
1972-02-01;95,00;97,00;94,00;Geprueft
1972-02-02;96,00;98,00;94,00;Geprueft
1972-02-03;93,00;97,00;91,00;Geprueft
1972-02-04;97,00;98,00;97,00;Geprueft
1972-02-05;93,00;98,00;85,00;Geprueft
1972-02-06;83,00;85,00;77,00;Geprueft
1972-02-07;80,00;84,00;75,00;Geprueft
1972-02-08;88,00;90,00;83,00;Geprueft
1972-02-09;85,00;89,00;79,00;Geprueft
1972-02-10;85,00;87,00;82,00;Geprueft
1972-02-11;92,00;96,00;84,00;Geprueft
1972-02-12;89,00;96,00;86,00;Geprueft
1972-02-13;95,00;97,00;91,00;Geprueft
1972-02-14;93,00;97,00;91,00;Geprueft
1972-02-15;96,00;97,00;95,00;Geprueft
1972-02-16;93,00;96,00;88,00;Geprueft
1972-02-17;89,00;91,00;87,00;Geprueft
1972-02-18;87,00;87,00;86,00;Geprueft
1972-02-19;86,00;87,00;85,00;Geprueft
1972-02-20;86,00;87,00;84,00;Geprueft
1972-02-21;90,00;95,00;86,00;Geprueft
1972-02-22;91,00;95,00;90,00;Geprueft
1972-02-23;92,00;97,00;90,00;Geprueft
1972-02-24;97,00;102,00;91,00;Geprueft
1972-02-25;96,00;99,00;94,00;Geprueft
1972-02-26;92,00;95,00;88,00;Geprueft
1972-02-27;87,00;88,00;85,00;Geprueft
1972-02-28;82,00;85,00;81,00;Geprueft
1972-02-29;82,00;83,00;81,00;Geprueft
1972-03-01;83,00;85,00;80,00;Geprueft
1972-03-02;84,00;85,00;83,00;Geprueft
1972-03-03;82,00;83,00;81,00;Geprueft
1972-03-04;81,00;82,00;81,00;Geprueft
1972-03-05;79,00;83,00;73,00;Geprueft
1972-03-06;78,00;84,00;73,00;Geprueft
1972-03-07;84,00;87,00;83,00;Geprueft
1972-03-08;82,00;87,00;80,00;Geprueft
1972-03-09;84,00;86,00;82,00;Geprueft
1972-03-10;82,00;84,00;81,00;Geprueft
1972-03-11;80,00;81,00;80,00;Geprueft
1972-03-12;87,00;92,00;81,00;Geprueft
1972-03-13;87,00;92,00;85,00;Geprueft
1972-03-14;86,00;88,00;85,00;Geprueft
1972-03-15;88,00;90,00;85,00;Geprueft
1972-03-16;91,00;92,00;85,00;Geprueft
1972-03-17;92,00;93,00;92,00;Geprueft
1972-03-18;89,00;93,00;80,00;Geprueft
1972-03-19;78,00;80,00;76,00;Geprueft
1972-03-20;77,00;78,00;76,00;Geprueft
1972-03-21;78,00;79,00;78,00;Geprueft
1972-03-22;78,00;79,00;77,00;Geprueft
1972-03-23;77,00;78,00;76,00;Geprueft
1972-03-24;76,00;77,00;74,00;Geprueft
1972-03-25;77,00;77,00;76,00;Geprueft
1972-03-26;75,00;79,00;74,00;Geprueft
1972-03-27;80,00;82,00;79,00;Geprueft
1972-03-28;83,00;85,00;80,00;Geprueft
1972-03-29;78,00;81,00;76,00;Geprueft
1972-03-30;79,00;82,00;75,00;Geprueft
1972-03-31;82,00;85,00;80,00;Geprueft
1972-04-01;83,00;85,00;81,00;Geprueft
1972-04-02;82,00;86,00;81,00;Geprueft
1972-04-03;93,00;101,00;86,00;Geprueft
1972-04-04;83,00;89,00;82,00;Geprueft
1972-04-05;95,00;105,00;83,00;Geprueft
1972-04-06;103,00;107,00;99,00;Geprueft
1972-04-07;103,00;108,00;96,00;Geprueft
1972-04-08;90,00;96,00;86,00;Geprueft
1972-04-09;83,00;86,00;78,00;Geprueft
1972-04-10;82,00;87,00;77,00;Geprueft
1972-04-11;87,00;88,00;87,00;Geprueft
1972-04-12;92,00;96,00;87,00;Geprueft
1972-04-13;97,00;99,00;96,00;Geprueft
1972-04-14;95,00;97,00;95,00;Geprueft
1972-04-15;91,00;95,00;83,00;Geprueft
1972-04-16;86,00;87,00;83,00;Geprueft
1972-04-17;104,00;120,00;87,00;Geprueft
1972-04-18;124,00;132,00;120,00;Geprueft
1972-04-19;127,00;130,00;126,00;Geprueft
1972-04-20;126,00;128,00;125,00;Geprueft
1972-04-21;124,00;126,00;120,00;Geprueft
1972-04-22;121,00;125,00;117,00;Geprueft
1972-04-23;119,00;122,00;117,00;Geprueft
1972-04-24;137,00;145,00;122,00;Geprueft
1972-04-25;138,00;145,00;132,00;Geprueft
1972-04-26;134,00;141,00;128,00;Geprueft
1972-04-27;134,00;142,00;126,00;Geprueft
1972-04-28;126,00;131,00;121,00;Geprueft
1972-04-29;126,00;131,00;122,00;Geprueft
1972-04-30;117,00;122,00;111,00;Geprueft
1972-05-01;112,00;113,00;110,00;Geprueft
1972-05-02;116,00;121,00;113,00;Geprueft
1972-05-03;118,00;123,00;113,00;Geprueft
1972-05-04;132,00;140,00;114,00;Geprueft
1972-05-05;128,00;137,00;120,00;Geprueft
1972-05-06;120,00;125,00;118,00;Geprueft
1972-05-07;114,00;121,00;104,00;Geprueft
1972-05-08;108,00;108,00;107,00;Geprueft
1972-05-09;115,00;118,00;108,00;Geprueft
1972-05-10;115,00;118,00;113,00;Geprueft
1972-05-11;110,00;113,00;107,00;Geprueft
1972-05-12;112,00;115,00;109,00;Geprueft
1972-05-13;117,00;122,00;109,00;Geprueft
1972-05-14;108,00;115,00;104,00;Geprueft
1972-05-15;105,00;107,00;103,00;Geprueft
1972-05-16;106,00;107,00;105,00;Geprueft
1972-05-17;111,00;114,00;106,00;Geprueft
1972-05-18;114,00;120,00;110,00;Geprueft
1972-05-19;110,00;114,00;104,00;Geprueft
1972-05-20;107,00;109,00;104,00;Geprueft
1972-05-21;101,00;108,00;93,00;Geprueft
1972-05-22;93,00;95,00;91,00;Geprueft
1972-05-23;99,00;108,00;94,00;Geprueft
1972-05-24;108,00;109,00;103,00;Geprueft
1972-05-25;101,00;103,00;98,00;Geprueft
1972-05-26;101,00;102,00;100,00;Geprueft
1972-05-27;99,00;101,00;99,00;Geprueft
1972-05-28;100,00;100,00;99,00;Geprueft
1972-05-29;97,00;100,00;92,00;Geprueft
1972-05-30;94,00;104,00;89,00;Geprueft
1972-05-31;102,00;105,00;100,00;Geprueft
1972-06-01;101,00;104,00;99,00;Geprueft
1972-06-02;97,00;101,00;95,00;Geprueft
1972-06-03;103,00;105,00;100,00;Geprueft
1972-06-04;102,00;108,00;98,00;Geprueft
1972-06-05;98,00;102,00;96,00;Geprueft
1972-06-06;105,00;108,00;102,00;Geprueft
1972-06-07;106,00;108,00;104,00;Geprueft
1972-06-08;111,00;114,00;108,00;Geprueft
1972-06-09;104,00;108,00;101,00;Geprueft
1972-06-10;100,00;102,00;97,00;Geprueft
1972-06-11;98,00;100,00;94,00;Geprueft
1972-06-12;95,00;97,00;94,00;Geprueft
1972-06-13;100,00;109,00;93,00;Geprueft
1972-06-14;111,00;113,00;109,00;Geprueft
1972-06-15;113,00;113,00;112,00;Geprueft
1972-06-16;115,00;116,00;112,00;Geprueft
1972-06-17;118,00;146,00;110,00;Geprueft
1972-06-18;166,00;180,00;146,00;Geprueft
1972-06-19;170,00;180,00;161,00;Geprueft
1972-06-20;160,00;161,00;160,00;Geprueft
1972-06-21;152,00;161,00;144,00;Geprueft
1972-06-22;135,00;148,00;125,00;Geprueft
1972-06-23;126,00;142,00;120,00;Geprueft
1972-06-24;133,00;142,00;123,00;Geprueft
1972-06-25;126,00;127,00;123,00;Geprueft
1972-06-26;118,00;126,00;112,00;Geprueft
1972-06-27;116,00;121,00;112,00;Geprueft
1972-06-28;123,00;125,00;121,00;Geprueft
1972-06-29;117,00;122,00;113,00;Geprueft
1972-06-30;116,00;121,00;113,00;Geprueft
1972-07-01;120,00;121,00;116,00;Geprueft
1972-07-02;108,00;116,00;98,00;Geprueft
1972-07-03;108,00;122,00;96,00;Geprueft
1972-07-04;117,00;122,00;113,00;Geprueft
1972-07-05;113,00;114,00;112,00;Geprueft
1972-07-06;111,00;114,00;110,00;Geprueft
1972-07-07;110,00;112,00;108,00;Geprueft
1972-07-08;105,00;108,00;105,00;Geprueft
1972-07-09;108,00;112,00;104,00;Geprueft
1972-07-10;107,00;112,00;103,00;Geprueft
1972-07-11;124,00;154,00;112,00;Geprueft
1972-07-12;162,00;169,00;154,00;Geprueft
1972-07-13;163,00;164,00;160,00;Geprueft
1972-07-14;152,00;163,00;140,00;Geprueft
1972-07-15;133,00;140,00;128,00;Geprueft
1972-07-16;132,00;133,00;125,00;Geprueft
1972-07-17;129,00;138,00;122,00;Geprueft
1972-07-18;131,00;138,00;121,00;Geprueft
1972-07-19;121,00;122,00;121,00;Geprueft
1972-07-20;120,00;121,00;118,00;Geprueft
1972-07-21;119,00;121,00;118,00;Geprueft
1972-07-22;119,00;119,00;118,00;Geprueft
1972-07-23;117,00;119,00;115,00;Geprueft
1972-07-24;121,00;125,00;115,00;Geprueft
1972-07-25;127,00;130,00;125,00;Geprueft
1972-07-26;154,00;164,00;129,00;Geprueft
1972-07-27;161,00;163,00;157,00;Geprueft
1972-07-28;164,00;168,00;159,00;Geprueft
1972-07-29;171,00;172,00;168,00;Geprueft
1972-07-30;178,00;189,00;172,00;Geprueft
1972-07-31;177,00;190,00;165,00;Geprueft
1972-08-01;156,00;167,00;149,00;Geprueft
1972-08-02;157,00;161,00;152,00;Geprueft
1972-08-03;155,00;157,00;152,00;Geprueft
1972-08-04;160,00;170,00;154,00;Geprueft
1972-08-05;173,00;180,00;166,00;Geprueft
1972-08-06;161,00;166,00;158,00;Geprueft
1972-08-07;149,00;161,00;140,00;Geprueft
1972-08-08;143,00;145,00;140,00;Geprueft
1972-08-09;143,00;145,00;137,00;Geprueft
1972-08-10;137,00;140,00;135,00;Geprueft
1972-08-11;134,00;135,00;133,00;Geprueft
1972-08-12;126,00;134,00;124,00;Geprueft
1972-08-13;136,00;148,00;128,00;Geprueft
1972-08-14;131,00;144,00;126,00;Geprueft
1972-08-15;121,00;133,00;111,00;Geprueft
1972-08-16;112,00;118,00;106,00;Geprueft
1972-08-17;132,00;145,00;118,00;Geprueft
1972-08-18;127,00;133,00;125,00;Geprueft
1972-08-19;135,00;156,00;125,00;Geprueft
1972-08-20;165,00;173,00;156,00;Geprueft
1972-08-21;151,00;157,00;147,00;Geprueft
1972-08-22;141,00;150,00;138,00;Geprueft
1972-08-23;138,00;138,00;137,00;Geprueft
1972-08-24;136,00;138,00;133,00;Geprueft
1972-08-25;134,00;138,00;131,00;Geprueft
1972-08-26;123,00;138,00;112,00;Geprueft
1972-08-27;113,00;117,00;110,00;Geprueft
1972-08-28;114,00;116,00;111,00;Geprueft
1972-08-29;118,00;123,00;113,00;Geprueft
1972-08-30;115,00;123,00;107,00;Geprueft
1972-08-31;107,00;108,00;106,00;Geprueft
1972-09-01;106,00;107,00;105,00;Geprueft
1972-09-02;103,00;107,00;97,00;Geprueft
1972-09-03;103,00;107,00;97,00;Geprueft
1972-09-04;101,00;107,00;97,00;Geprueft
1972-09-05;98,00;100,00;96,00;Geprueft
1972-09-06;102,00;104,00;99,00;Geprueft
1972-09-07;99,00;104,00;92,00;Geprueft
1972-09-08;91,00;93,00;89,00;Geprueft
1972-09-09;92,00;93,00;90,00;Geprueft
1972-09-10;89,00;93,00;88,00;Geprueft
1972-09-11;104,00;114,00;90,00;Geprueft
1972-09-12;108,00;116,00;101,00;Geprueft
1972-09-13;98,00;103,00;94,00;Geprueft
1972-09-14;96,00;98,00;94,00;Geprueft
1972-09-15;97,00;99,00;95,00;Geprueft
1972-09-16;93,00;95,00;92,00;Geprueft
1972-09-17;96,00;98,00;92,00;Geprueft
1972-09-18;95,00;103,00;92,00;Geprueft
1972-09-19;102,00;104,00;100,00;Geprueft
1972-09-20;108,00;111,00;104,00;Geprueft
1972-09-21;106,00;111,00;98,00;Geprueft
1972-09-22;98,00;99,00;97,00;Geprueft
1972-09-23;98,00;101,00;97,00;Geprueft
1972-09-24;93,00;98,00;87,00;Geprueft
1972-09-25;88,00;95,00;78,00;Geprueft
1972-09-26;93,00;95,00;90,00;Geprueft
1972-09-27;95,00;101,00;91,00;Geprueft
1972-09-28;99,00;101,00;96,00;Geprueft
1972-09-29;91,00;96,00;88,00;Geprueft
1972-09-30;89,00;91,00;88,00;Geprueft
1972-10-01;80,00;88,00;72,00;Geprueft
1972-10-02;79,00;86,00;70,00;Geprueft
1972-10-03;86,00;88,00;84,00;Geprueft
1972-10-04;86,00;91,00;84,00;Geprueft
1972-10-05;90,00;91,00;88,00;Geprueft
1972-10-06;90,00;91,00;88,00;Geprueft
1972-10-07;91,00;91,00;91,00;Geprueft
1972-10-08;82,00;91,00;75,00;Geprueft
1972-10-09;77,00;86,00;74,00;Geprueft
1972-10-10;88,00;89,00;86,00;Geprueft
1972-10-11;88,00;91,00;84,00;Geprueft
1972-10-12;80,00;85,00;76,00;Geprueft
1972-10-13;82,00;84,00;79,00;Geprueft
1972-10-14;87,00;88,00;84,00;Geprueft
1972-10-15;85,00;89,00;76,00;Geprueft
1972-10-16;71,00;77,00;67,00;Geprueft
1972-10-17;83,00;86,00;77,00;Geprueft
1972-10-18;83,00;86,00;79,00;Geprueft
1972-10-19;82,00;86,00;81,00;Geprueft
1972-10-20;85,00;89,00;83,00;Geprueft
1972-10-21;91,00;97,00;89,00;Geprueft
1972-10-22;80,00;89,00;69,00;Geprueft
1972-10-23;90,00;111,00;68,00;Geprueft
1972-10-24;112,00;115,00;107,00;Geprueft
1972-10-25;110,00;114,00;96,00;Geprueft
1972-10-26;92,00;96,00;89,00;Geprueft
1972-10-27;91,00;91,00;90,00;Geprueft
1972-10-28;93,00;95,00;90,00;Geprueft
1972-10-29;106,00;114,00;93,00;Geprueft
1972-10-30;115,00;118,00;112,00;Geprueft
1972-10-31;109,00;119,00;103,00;Geprueft
1972-11-01;109,00;112,00;104,00;Geprueft
1972-11-02;91,00;106,00;83,00;Geprueft
1972-11-03;95,00;101,00;83,00;Geprueft
1972-11-04;91,00;95,00;89,00;Geprueft
1972-11-05;92,00;96,00;88,00;Geprueft
1972-11-06;96,00;97,00;94,00;Geprueft
1972-11-07;92,00;94,00;91,00;Geprueft
1972-11-08;90,00;92,00;90,00;Geprueft
1972-11-09;88,00;90,00;86,00;Geprueft
1972-11-10;87,00;90,00;86,00;Geprueft
1972-11-11;90,00;90,00;90,00;Geprueft
1972-11-12;93,00;94,00;90,00;Geprueft
1972-11-13;94,00;109,00;87,00;Geprueft
1972-11-14;121,00;147,00;109,00;Geprueft
1972-11-15;167,00;180,00;147,00;Geprueft
1972-11-16;163,00;167,00;161,00;Geprueft
1972-11-17;166,00;195,00;158,00;Geprueft
1972-11-18;213,00;236,00;195,00;Geprueft
1972-11-19;215,00;218,00;207,00;Geprueft
1972-11-20;193,00;207,00;182,00;Geprueft
1972-11-21;169,00;182,00;154,00;Geprueft
1972-11-22;173,00;185,00;159,00;Geprueft
1972-11-23;187,00;204,00;176,00;Geprueft
1972-11-24;202,00;204,00;199,00;Geprueft
1972-11-25;191,00;200,00;174,00;Geprueft
1972-11-26;182,00;190,00;176,00;Geprueft
1972-11-27;166,00;176,00;162,00;Geprueft
1972-11-28;162,00;164,00;161,00;Geprueft
1972-11-29;149,00;161,00;146,00;Geprueft
1972-11-30;152,00;155,00;138,00;Geprueft
1972-12-01;139,00;143,00;135,00;Geprueft
1972-12-02;142,00;147,00;136,00;Geprueft
1972-12-03;131,00;146,00;127,00;Geprueft
1972-12-04;139,00;146,00;134,00;Geprueft
1972-12-05;141,00;147,00;133,00;Geprueft
1972-12-06;152,00;159,00;147,00;Geprueft
1972-12-07;149,00;156,00;140,00;Geprueft
1972-12-08;151,00;155,00;143,00;Geprueft
1972-12-09;149,00;151,00;147,00;Geprueft
1972-12-10;140,00;148,00;129,00;Geprueft
1972-12-11;132,00;138,00;128,00;Geprueft
1972-12-12;129,00;136,00;123,00;Geprueft
1972-12-13;136,00;141,00;131,00;Geprueft
1972-12-14;135,00;139,00;129,00;Geprueft
1972-12-15;137,00;141,00;135,00;Geprueft
1972-12-16;127,00;135,00;119,00;Geprueft
1972-12-17;114,00;123,00;101,00;Geprueft
1972-12-18;112,00;124,00;100,00;Geprueft
1972-12-19;127,00;131,00;123,00;Geprueft
1972-12-20;124,00;127,00;116,00;Geprueft
1972-12-21;115,00;128,00;109,00;Geprueft
1972-12-22;122,00;128,00;118,00;Geprueft
1972-12-23;116,00;122,00;110,00;Geprueft
1972-12-24;109,00;110,00;108,00;Geprueft
1972-12-25;102,00;109,00;95,00;Geprueft
1972-12-26;93,00;95,00;93,00;Geprueft
1972-12-27;99,00;106,00;93,00;Geprueft
1972-12-28;112,00;115,00;104,00;Geprueft
1972-12-29;109,00;113,00;103,00;Geprueft
1972-12-30;107,00;110,00;102,00;Geprueft
1972-12-31;103,00;112,00;93,00;Geprueft
1973-01-01;88,00;93,00;84,00;Geprueft
1973-01-02;103,00;111,00;92,00;Geprueft
1973-01-03;98,00;108,00;95,00;Geprueft
1973-01-04;103,00;111,00;92,00;Geprueft
1973-01-05;104,00;109,00;94,00;Geprueft
1973-01-06;101,00;106,00;93,00;Geprueft
1973-01-07;89,00;94,00;79,00;Geprueft
1973-01-08;86,00;106,00;79,00;Geprueft
1973-01-09;106,00;107,00;104,00;Geprueft
1973-01-10;106,00;110,00;104,00;Geprueft
1973-01-11;103,00;108,00;101,00;Geprueft
1973-01-12;103,00;109,00;95,00;Geprueft
1973-01-13;97,00;99,00;95,00;Geprueft
1973-01-14;95,00;100,00;90,00;Geprueft
1973-01-15;91,00;104,00;86,00;Geprueft
1973-01-16;100,00;105,00;95,00;Geprueft
1973-01-17;99,00;108,00;94,00;Geprueft
1973-01-18;107,00;109,00;105,00;Geprueft
1973-01-19;98,00;105,00;91,00;Geprueft
1973-01-20;96,00;98,00;93,00;Geprueft
1973-01-21;93,00;98,00;86,00;Geprueft
1973-01-22;91,00;93,00;86,00;Geprueft
1973-01-23;89,00;90,00;86,00;Geprueft
1973-01-24;92,00;97,00;86,00;Geprueft
1973-01-25;90,00;94,00;86,00;Geprueft
1973-01-26;91,00;93,00;86,00;Geprueft
1973-01-27;88,00;90,00;82,00;Geprueft
1973-01-28;84,00;89,00;79,00;Geprueft
1973-01-29;91,00;96,00;82,00;Geprueft
1973-01-30;105,00;111,00;96,00;Geprueft
1973-01-31;109,00;128,00;101,00;Geprueft
1973-02-01;115,00;129,00;104,00;Geprueft
1973-02-02;116,00;119,00;107,00;Geprueft
1973-02-03;108,00;118,00;95,00;Geprueft
1973-02-04;97,00;101,00;95,00;Geprueft
1973-02-05;99,00;102,00;90,00;Geprueft
1973-02-06;95,00;100,00;90,00;Geprueft
1973-02-07;94,00;100,00;91,00;Geprueft
1973-02-08;103,00;108,00;98,00;Geprueft
1973-02-09;103,00;108,00;97,00;Geprueft
1973-02-10;99,00;101,00;97,00;Geprueft
1973-02-11;97,00;100,00;96,00;Geprueft
1973-02-12;98,00;102,00;96,00;Geprueft
1973-02-13;105,00;109,00;102,00;Geprueft
1973-02-14;120,00;134,00;109,00;Geprueft
1973-02-15;118,00;133,00;105,00;Geprueft
1973-02-16;108,00;110,00;107,00;Geprueft
1973-02-17;103,00;108,00;95,00;Geprueft
1973-02-18;97,00;102,00;94,00;Geprueft
1973-02-19;102,00;105,00;97,00;Geprueft
1973-02-20;98,00;103,00;97,00;Geprueft
1973-02-21;101,00;106,00;96,00;Geprueft
1973-02-22;97,00;109,00;94,00;Geprueft
1973-02-23;117,00;124,00;109,00;Geprueft
1973-02-24;118,00;135,00;105,00;Geprueft
1973-02-25;101,00;105,00;98,00;Geprueft
1973-02-26;96,00;98,00;93,00;Geprueft
1973-02-27;101,00;105,00;98,00;Geprueft
1973-02-28;97,00;100,00;94,00;Geprueft
1973-03-01;96,00;99,00;94,00;Geprueft
1973-03-02;96,00;98,00;94,00;Geprueft
1973-03-03;96,00;98,00;93,00;Geprueft
1973-03-04;97,00;98,00;95,00;Geprueft
1973-03-05;110,00;125,00;98,00;Geprueft
1973-03-06;128,00;141,00;115,00;Geprueft
1973-03-07;130,00;139,00;118,00;Geprueft
1973-03-08;126,00;137,00;118,00;Geprueft
1973-03-09;115,00;118,00;113,00;Geprueft
1973-03-10;114,00;115,00;112,00;Geprueft
1973-03-11;111,00;115,00;106,00;Geprueft
1973-03-12;106,00;106,00;106,00;Geprueft
1973-03-13;104,00;106,00;101,00;Geprueft
1973-03-14;103,00;105,00;101,00;Geprueft
1973-03-15;105,00;107,00;102,00;Geprueft
1973-03-16;98,00;102,00;95,00;Geprueft
1973-03-17;98,00;100,00;95,00;Geprueft
1973-03-18;99,00;102,00;95,00;Geprueft
1973-03-19;96,00;98,00;95,00;Geprueft
1973-03-20;100,00;102,00;95,00;Geprueft
1973-03-21;103,00;104,00;100,00;Geprueft
1973-03-22;102,00;104,00;100,00;Geprueft
1973-03-23;107,00;110,00;100,00;Geprueft
1973-03-24;106,00;110,00;104,00;Geprueft
1973-03-25;107,00;110,00;106,00;Geprueft
1973-03-26;112,00;114,00;110,00;Geprueft
1973-03-27;120,00;128,00;114,00;Geprueft
1973-03-28;137,00;141,00;128,00;Geprueft
1973-03-29;142,00;150,00;135,00;Geprueft
1973-03-30;138,00;151,00;125,00;Geprueft
1973-03-31;132,00;135,00;125,00;Geprueft
1973-04-01;133,00;136,00;128,00;Geprueft
1973-04-02;132,00;144,00;121,00;Geprueft
1973-04-03;145,00;147,00;144,00;Geprueft
1973-04-04;142,00;147,00;135,00;Geprueft
1973-04-05;126,00;135,00;121,00;Geprueft
1973-04-06;120,00;125,00;115,00;Geprueft
1973-04-07;126,00;129,00;124,00;Geprueft
1973-04-08;134,00;140,00;124,00;Geprueft
1973-04-09;126,00;128,00;122,00;Geprueft
1973-04-10;129,00;133,00;122,00;Geprueft
1973-04-11;140,00;148,00;133,00;Geprueft
1973-04-12;132,00;147,00;124,00;Geprueft
1973-04-13;136,00;144,00;125,00;Geprueft
1973-04-14;135,00;144,00;123,00;Geprueft
1973-04-15;127,00;129,00;124,00;Geprueft
1973-04-16;126,00;127,00;124,00;Geprueft
1973-04-17;126,00;130,00;121,00;Geprueft
1973-04-18;135,00;139,00;129,00;Geprueft
1973-04-19;144,00;156,00;139,00;Geprueft
1973-04-20;156,00;159,00;153,00;Geprueft
1973-04-21;147,00;153,00;143,00;Geprueft
1973-04-22;139,00;147,00;133,00;Geprueft
1973-04-23;134,00;136,00;132,00;Geprueft
1973-04-24;139,00;148,00;130,00;Geprueft
1973-04-25;147,00;154,00;141,00;Geprueft
1973-04-26;153,00;157,00;142,00;Geprueft
1973-04-27;155,00;156,00;151,00;Geprueft
1973-04-28;149,00;151,00;148,00;Geprueft
1973-04-29;154,00;168,00;146,00;Geprueft
1973-04-30;163,00;172,00;153,00;Geprueft
1973-05-01;160,00;163,00;153,00;Geprueft
1973-05-02;164,00;168,00;159,00;Geprueft
1973-05-03;173,00;176,00;168,00;Geprueft
1973-05-04;182,00;189,00;175,00;Geprueft
1973-05-05;197,00;200,00;189,00;Geprueft
1973-05-06;194,00;199,00;191,00;Geprueft
1973-05-07;194,00;198,00;192,00;Geprueft
1973-05-08;214,00;227,00;198,00;Geprueft
1973-05-09;233,00;239,00;225,00;Geprueft
1973-05-10;211,00;225,00;205,00;Geprueft
1973-05-11;203,00;213,00;193,00;Geprueft
1973-05-12;187,00;193,00;182,00;Geprueft
1973-05-13;177,00;183,00;169,00;Geprueft
1973-05-14;168,00;174,00;157,00;Geprueft
1973-05-15;158,00;160,00;156,00;Geprueft
1973-05-16;160,00;163,00;154,00;Geprueft
1973-05-17;147,00;154,00;139,00;Geprueft
1973-05-18;149,00;152,00;142,00;Geprueft
1973-05-19;147,00;154,00;142,00;Geprueft
1973-05-20;143,00;143,00;141,00;Geprueft
1973-05-21;150,00;160,00;143,00;Geprueft
1973-05-22;166,00;168,00;160,00;Geprueft
1973-05-23;161,00;167,00;156,00;Geprueft
1973-05-24;152,00;156,00;150,00;Geprueft
1973-05-25;148,00;152,00;143,00;Geprueft
1973-05-26;138,00;143,00;134,00;Geprueft
1973-05-27;139,00;142,00;128,00;Geprueft
1973-05-28;128,00;134,00;121,00;Geprueft
1973-05-29;131,00;134,00;126,00;Geprueft
1973-05-30;135,00;138,00;133,00;Geprueft
1973-05-31;137,00;147,00;122,00;Geprueft
1973-06-01;123,00;126,00;120,00;Geprueft
1973-06-02;126,00;131,00;120,00;Geprueft
1973-06-03;131,00;135,00;128,00;Geprueft
1973-06-04;139,00;140,00;135,00;Geprueft
1973-06-05;133,00;140,00;126,00;Geprueft
1973-06-06;132,00;142,00;128,00;Geprueft
1973-06-07;144,00;152,00;136,00;Geprueft
1973-06-08;131,00;136,00;129,00;Geprueft
1973-06-09;126,00;130,00;122,00;Geprueft
1973-06-10;124,00;127,00;121,00;Geprueft
1973-06-11;115,00;122,00;104,00;Geprueft
1973-06-12;115,00;136,00;100,00;Geprueft
1973-06-13;133,00;138,00;126,00;Geprueft
1973-06-14;144,00;152,00;130,00;Geprueft
1973-06-15;149,00;153,00;144,00;Geprueft
1973-06-16;136,00;144,00;127,00;Geprueft
1973-06-17;119,00;127,00;118,00;Geprueft
1973-06-18;127,00;147,00;116,00;Geprueft
1973-06-19;147,00;158,00;138,00;Geprueft
1973-06-20;141,00;145,00;137,00;Geprueft
1973-06-21;139,00;145,00;133,00;Geprueft
1973-06-22;145,00;148,00;137,00;Geprueft
1973-06-23;141,00;149,00;136,00;Geprueft
1973-06-24;153,00;178,00;137,00;Geprueft
1973-06-25;195,00;224,00;178,00;Geprueft
1973-06-26;242,00;250,00;224,00;Geprueft
1973-06-27;216,00;230,00;201,00;Geprueft
1973-06-28;185,00;201,00;174,00;Geprueft
1973-06-29;179,00;193,00;174,00;Geprueft
1973-06-30;181,00;193,00;169,00;Geprueft
1973-07-01;159,00;169,00;133,00;Geprueft
1973-07-02;139,00;146,00;133,00;Geprueft
1973-07-03;146,00;149,00;144,00;Geprueft
1973-07-04;149,00;154,00;146,00;Geprueft
1973-07-05;150,00;155,00;145,00;Geprueft
1973-07-06;135,00;145,00;125,00;Geprueft
1973-07-07;128,00;132,00;125,00;Geprueft
1973-07-08;130,00;131,00;124,00;Geprueft
1973-07-09;125,00;131,00;118,00;Geprueft
1973-07-10;135,00;139,00;130,00;Geprueft
1973-07-11;136,00;139,00;133,00;Geprueft
1973-07-12;137,00;150,00;133,00;Geprueft
1973-07-13;165,00;171,00;150,00;Geprueft
1973-07-14;163,00;171,00;155,00;Geprueft
1973-07-15;140,00;155,00;126,00;Geprueft
1973-07-16;136,00;141,00;126,00;Geprueft
1973-07-17;141,00;143,00;139,00;Geprueft
1973-07-18;140,00;149,00;133,00;Geprueft
1973-07-19;147,00;152,00;141,00;Geprueft
1973-07-20;134,00;141,00;130,00;Geprueft
1973-07-21;127,00;130,00;125,00;Geprueft
1973-07-22;134,00;142,00;128,00;Geprueft
1973-07-23;151,00;154,00;142,00;Geprueft
1973-07-24;148,00;154,00;144,00;Geprueft
1973-07-25;157,00;162,00;147,00;Geprueft
1973-07-26;161,00;163,00;159,00;Geprueft
1973-07-27;163,00;168,00;159,00;Geprueft
1973-07-28;183,00;201,00;160,00;Geprueft
1973-07-29;183,00;192,00;171,00;Geprueft
1973-07-30;164,00;174,00;145,00;Geprueft
1973-07-31;149,00;154,00;144,00;Geprueft
1973-08-01;154,00;157,00;144,00;Geprueft
1973-08-02;136,00;144,00;133,00;Geprueft
1973-08-03;137,00;144,00;132,00;Geprueft
1973-08-04;159,00;174,00;144,00;Geprueft
1973-08-05;159,00;174,00;128,00;Geprueft
1973-08-06;130,00;136,00;122,00;Geprueft
1973-08-07;136,00;139,00;136,00;Geprueft
1973-08-08;143,00;145,00;139,00;Geprueft
1973-08-09;135,00;140,00;122,00;Geprueft
1973-08-10;125,00;128,00;120,00;Geprueft
1973-08-11;118,00;121,00;114,00;Geprueft
1973-08-12;120,00;123,00;114,00;Geprueft
1973-08-13;123,00;127,00;119,00;Geprueft
1973-08-14;125,00;127,00;121,00;Geprueft
1973-08-15;116,00;121,00;108,00;Geprueft
1973-08-16;116,00;120,00;108,00;Geprueft
1973-08-17;113,00;118,00;111,00;Geprueft
1973-08-18;111,00;115,00;105,00;Geprueft
1973-08-19;104,00;105,00;103,00;Geprueft
1973-08-20;104,00;113,00;100,00;Geprueft
1973-08-21;119,00;135,00;113,00;Geprueft
1973-08-22;129,00;137,00;116,00;Geprueft
1973-08-23;104,00;116,00;100,00;Geprueft
1973-08-24;105,00;111,00;99,00;Geprueft
1973-08-25;108,00;111,00;97,00;Geprueft
1973-08-26;93,00;97,00;92,00;Geprueft
1973-08-27;103,00;113,00;93,00;Geprueft
1973-08-28;110,00;119,00;101,00;Geprueft
1973-08-29;108,00;122,00;99,00;Geprueft
1973-08-30;123,00;126,00;122,00;Geprueft
1973-08-31;134,00;154,00;126,00;Geprueft
1973-09-01;155,00;157,00;154,00;Geprueft
1973-09-02;142,00;155,00;128,00;Geprueft
1973-09-03;125,00;128,00;123,00;Geprueft
1973-09-04;122,00;123,00;121,00;Geprueft
1973-09-05;120,00;121,00;117,00;Geprueft
1973-09-06;118,00;120,00;117,00;Geprueft
1973-09-07;108,00;120,00;100,00;Geprueft
1973-09-08;96,00;100,00;94,00;Geprueft
1973-09-09;95,00;95,00;95,00;Geprueft
1973-09-10;100,00;106,00;95,00;Geprueft
1973-09-11;121,00;127,00;106,00;Geprueft
1973-09-12;119,00;131,00;104,00;Geprueft
1973-09-13;101,00;104,00;97,00;Geprueft
1973-09-14;104,00;104,00;104,00;Geprueft
1973-09-15;101,00;104,00;97,00;Geprueft
1973-09-16;106,00;109,00;97,00;Geprueft
1973-09-17;113,00;122,00;107,00;Geprueft
1973-09-18;127,00;135,00;116,00;Geprueft
1973-09-19;109,00;116,00;93,00;Geprueft
1973-09-20;97,00;101,00;90,00;Geprueft
1973-09-21;103,00;104,00;101,00;Geprueft
1973-09-22;105,00;108,00;100,00;Geprueft
1973-09-23;109,00;112,00;104,00;Geprueft
1973-09-24;109,00;116,00;104,00;Geprueft
1973-09-25;112,00;115,00;106,00;Geprueft
1973-09-26;105,00;107,00;104,00;Geprueft
1973-09-27;109,00;116,00;103,00;Geprueft
1973-09-28;115,00;121,00;109,00;Geprueft
1973-09-29;108,00;114,00;98,00;Geprueft
1973-09-30;95,00;99,00;88,00;Geprueft
1973-10-01;108,00;117,00;98,00;Geprueft
1973-10-02;109,00;112,00;105,00;Geprueft
1973-10-03;109,00;110,00;108,00;Geprueft
1973-10-04;108,00;112,00;104,00;Geprueft
1973-10-05;107,00;116,00;103,00;Geprueft
1973-10-06;109,00;118,00;97,00;Geprueft
1973-10-07;95,00;97,00;92,00;Geprueft
1973-10-08;120,00;163,00;88,00;Geprueft
1973-10-09;165,00;171,00;155,00;Geprueft
1973-10-10;149,00;155,00;145,00;Geprueft
1973-10-11;148,00;151,00;146,00;Geprueft
1973-10-12;137,00;147,00;125,00;Geprueft
1973-10-13;123,00;125,00;122,00;Geprueft
1973-10-14;117,00;124,00;113,00;Geprueft
1973-10-15;119,00;126,00;113,00;Geprueft
1973-10-16;123,00;131,00;110,00;Geprueft
1973-10-17;108,00;113,00;107,00;Geprueft
1973-10-18;119,00;123,00;113,00;Geprueft
1973-10-19;118,00;123,00;115,00;Geprueft
1973-10-20;125,00;130,00;115,00;Geprueft
1973-10-21;119,00;126,00;109,00;Geprueft
1973-10-22;114,00;117,00;109,00;Geprueft
1973-10-23;124,00;131,00;117,00;Geprueft
1973-10-24;127,00;136,00;123,00;Geprueft
1973-10-25;136,00;137,00;132,00;Geprueft
1973-10-26;129,00;132,00;125,00;Geprueft
1973-10-27;127,00;139,00;112,00;Geprueft
1973-10-28;112,00;114,00;109,00;Geprueft
1973-10-29;117,00;121,00;114,00;Geprueft
1973-10-30;123,00;127,00;118,00;Geprueft
1973-10-31;122,00;125,00;119,00;Geprueft
1973-11-01;112,00;119,00;106,00;Geprueft
1973-11-02;107,00;113,00;104,00;Geprueft
1973-11-03;112,00;113,00;111,00;Geprueft
1973-11-04;105,00;111,00;102,00;Geprueft
1973-11-05;108,00;113,00;101,00;Geprueft
1973-11-06;116,00;118,00;113,00;Geprueft
1973-11-07;113,00;116,00;109,00;Geprueft
1973-11-08;116,00;118,00;110,00;Geprueft
1973-11-09;109,00;111,00;105,00;Geprueft
1973-11-10;110,00;111,00;108,00;Geprueft
1973-11-11;102,00;108,00;94,00;Geprueft
1973-11-12;99,00;103,00;93,00;Geprueft
1973-11-13;103,00;106,00;100,00;Geprueft
1973-11-14;111,00;122,00;106,00;Geprueft
1973-11-15;152,00;171,00;122,00;Geprueft
1973-11-16;186,00;230,00;169,00;Geprueft
1973-11-17;255,00;262,00;230,00;Geprueft
1973-11-18;236,00;259,00;215,00;Geprueft
1973-11-19;201,00;217,00;193,00;Geprueft
1973-11-20;188,00;202,00;173,00;Geprueft
1973-11-21;177,00;179,00;170,00;Geprueft
1973-11-22;154,00;170,00;147,00;Geprueft
1973-11-23;151,00;166,00;130,00;Geprueft
1973-11-24;136,00;140,00;129,00;Geprueft
1973-11-25;137,00;140,00;136,00;Geprueft
1973-11-26;143,00;155,00;137,00;Geprueft
1973-11-27;155,00;161,00;142,00;Geprueft
1973-11-28;139,00;142,00;136,00;Geprueft
1973-11-29;145,00;146,00;142,00;Geprueft
1973-11-30;142,00;148,00;133,00;Geprueft
1973-12-01;132,00;136,00;128,00;Geprueft
1973-12-02;127,00;128,00;126,00;Geprueft
1973-12-03;126,00;127,00;125,00;Geprueft
1973-12-04;131,00;138,00;126,00;Geprueft
1973-12-05;150,00;169,00;138,00;Geprueft
1973-12-06;172,00;175,00;169,00;Geprueft
1973-12-07;190,00;203,00;172,00;Geprueft
1973-12-08;191,00;203,00;188,00;Geprueft
1973-12-09;188,00;189,00;185,00;Geprueft
1973-12-10;183,00;189,00;179,00;Geprueft
1973-12-11;167,00;179,00;164,00;Geprueft
1973-12-12;162,00;171,00;148,00;Geprueft
1973-12-13;161,00;175,00;148,00;Geprueft
1973-12-14;154,00;171,00;143,00;Geprueft
1973-12-15;158,00;170,00;143,00;Geprueft
1973-12-16;159,00;170,00;151,00;Geprueft
1973-12-17;159,00;162,00;146,00;Geprueft
1973-12-18;145,00;151,00;141,00;Geprueft
1973-12-19;156,00;158,00;151,00;Geprueft
1973-12-20;141,00;152,00;134,00;Geprueft
1973-12-21;144,00;158,00;134,00;Geprueft
1973-12-22;141,00;159,00;117,00;Geprueft
1973-12-23;125,00;132,00;115,00;Geprueft
1973-12-24;130,00;132,00;128,00;Geprueft
1973-12-25;131,00;136,00;124,00;Geprueft
1973-12-26;131,00;133,00;126,00;Geprueft
1973-12-27;127,00;132,00;124,00;Geprueft
1973-12-28;127,00;129,00;124,00;Geprueft
1973-12-29;132,00;133,00;129,00;Geprueft
1973-12-30;128,00;133,00;124,00;Geprueft
1973-12-31;118,00;124,00;114,00;Geprueft
1974-01-01;114,00;117,00;110,00;Geprueft
1974-01-02;118,00;123,00;110,00;Geprueft
1974-01-03;121,00;130,00;114,00;Geprueft
1974-01-04;126,00;134,00;106,00;Geprueft
1974-01-05;115,00;124,00;106,00;Geprueft
1974-01-06;118,00;124,00;109,00;Geprueft
1974-01-07;114,00;120,00;108,00;Geprueft
1974-01-08;120,00;121,00;117,00;Geprueft
1974-01-09;123,00;127,00;119,00;Geprueft
1974-01-10;127,00;128,00;126,00;Geprueft
1974-01-11;129,00;130,00;127,00;Geprueft
1974-01-12;125,00;128,00;124,00;Geprueft
1974-01-13;129,00;132,00;124,00;Geprueft
1974-01-14;129,00;133,00;124,00;Geprueft
1974-01-15;130,00;139,00;124,00;Geprueft
1974-01-16;143,00;156,00;139,00;Geprueft
1974-01-17;159,00;165,00;154,00;Geprueft
1974-01-18;142,00;154,00;137,00;Geprueft
1974-01-19;175,00;191,00;154,00;Geprueft
1974-01-20;202,00;214,00;190,00;Geprueft
1974-01-21;186,00;192,00;177,00;Geprueft
1974-01-22;175,00;185,00;168,00;Geprueft
1974-01-23;172,00;179,00;168,00;Geprueft
1974-01-24;167,00;168,00;165,00;Geprueft
1974-01-25;158,00;165,00;152,00;Geprueft
1974-01-26;150,00;156,00;145,00;Geprueft
1974-01-27;149,00;151,00;145,00;Geprueft
1974-01-28;143,00;148,00;141,00;Geprueft
1974-01-29;149,00;152,00;141,00;Geprueft
1974-01-30;142,00;152,00;135,00;Geprueft
1974-01-31;138,00;140,00;135,00;Geprueft
1974-02-01;139,00;140,00;138,00;Geprueft
1974-02-02;143,00;146,00;140,00;Geprueft
1974-02-03;137,00;140,00;131,00;Geprueft
1974-02-04;136,00;141,00;131,00;Geprueft
1974-02-05;143,00;147,00;141,00;Geprueft
1974-02-06;159,00;165,00;147,00;Geprueft
1974-02-07;177,00;185,00;165,00;Geprueft
1974-02-08;166,00;186,00;150,00;Geprueft
1974-02-09;155,00;159,00;153,00;Geprueft
1974-02-10;155,00;162,00;144,00;Geprueft
1974-02-11;145,00;147,00;141,00;Geprueft
1974-02-12;143,00;145,00;142,00;Geprueft
1974-02-13;148,00;150,00;142,00;Geprueft
1974-02-14;145,00;148,00;142,00;Geprueft
1974-02-15;145,00;150,00;142,00;Geprueft
1974-02-16;148,00;150,00;139,00;Geprueft
1974-02-17;133,00;139,00;129,00;Geprueft
1974-02-18;130,00;133,00;125,00;Geprueft
1974-02-19;125,00;127,00;123,00;Geprueft
1974-02-20;134,00;145,00;127,00;Geprueft
1974-02-21;151,00;162,00;145,00;Geprueft
1974-02-22;146,00;162,00;135,00;Geprueft
1974-02-23;150,00;154,00;144,00;Geprueft
1974-02-24;149,00;164,00;144,00;Geprueft
1974-02-25;154,00;166,00;139,00;Geprueft
1974-02-26;141,00;146,00;138,00;Geprueft
1974-02-27;150,00;156,00;146,00;Geprueft
1974-02-28;152,00;156,00;136,00;Geprueft
1974-03-01;132,00;137,00;129,00;Geprueft
1974-03-02;135,00;137,00;134,00;Geprueft
1974-03-03;128,00;138,00;120,00;Geprueft
1974-03-04;128,00;139,00;119,00;Geprueft
1974-03-05;137,00;142,00;132,00;Geprueft
1974-03-06;131,00;137,00;122,00;Geprueft
1974-03-07;127,00;128,00;122,00;Geprueft
1974-03-08;124,00;128,00;122,00;Geprueft
1974-03-09;118,00;122,00;116,00;Geprueft
1974-03-10;114,00;123,00;105,00;Geprueft
1974-03-11;111,00;125,00;104,00;Geprueft
1974-03-12;131,00;137,00;125,00;Geprueft
1974-03-13;124,00;127,00;122,00;Geprueft
1974-03-14;124,00;125,00;122,00;Geprueft
1974-03-15;122,00;124,00;122,00;Geprueft
1974-03-16;125,00;134,00;117,00;Geprueft
1974-03-17;117,00;119,00;116,00;Geprueft
1974-03-18;130,00;144,00;119,00;Geprueft
1974-03-19;145,00;148,00;144,00;Geprueft
1974-03-20;148,00;149,00;147,00;Geprueft
1974-03-21;153,00;154,00;147,00;Geprueft
1974-03-22;147,00;158,00;142,00;Geprueft
1974-03-23;157,00;165,00;145,00;Geprueft
1974-03-24;145,00;150,00;141,00;Geprueft
1974-03-25;151,00;153,00;148,00;Geprueft
1974-03-26;141,00;149,00;135,00;Geprueft
1974-03-27;147,00;151,00;140,00;Geprueft
1974-03-28;142,00;143,00;139,00;Geprueft
1974-03-29;141,00;143,00;132,00;Geprueft
1974-03-30;140,00;147,00;131,00;Geprueft
1974-03-31;140,00;147,00;130,00;Geprueft
1974-04-01;125,00;139,00;120,00;Geprueft
1974-04-02;139,00;149,00;133,00;Geprueft
1974-04-03;133,00;138,00;129,00;Geprueft
1974-04-04;133,00;135,00;129,00;Geprueft
1974-04-05;125,00;129,00;120,00;Geprueft
1974-04-06;124,00;129,00;120,00;Geprueft
1974-04-07;120,00;129,00;111,00;Geprueft
1974-04-08;115,00;122,00;109,00;Geprueft
1974-04-09;125,00;128,00;122,00;Geprueft
1974-04-10;120,00;127,00;111,00;Geprueft
1974-04-11;111,00;115,00;109,00;Geprueft
1974-04-12;114,00;115,00;113,00;Geprueft
1974-04-13;110,00;113,00;106,00;Geprueft
1974-04-14;105,00;106,00;103,00;Geprueft
1974-04-15;106,00;108,00;103,00;Geprueft
1974-04-16;107,00;111,00;105,00;Geprueft
1974-04-17;116,00;118,00;111,00;Geprueft
1974-04-18;119,00;122,00;116,00;Geprueft
1974-04-19;115,00;119,00;112,00;Geprueft
1974-04-20;110,00;112,00;105,00;Geprueft
1974-04-21;103,00;105,00;102,00;Geprueft
1974-04-22;108,00;111,00;101,00;Geprueft
1974-04-23;107,00;114,00;104,00;Geprueft
1974-04-24;114,00;120,00;109,00;Geprueft
1974-04-25;116,00;124,00;109,00;Geprueft
1974-04-26;127,00;129,00;124,00;Geprueft
1974-04-27;121,00;126,00;111,00;Geprueft
1974-04-28;107,00;111,00;103,00;Geprueft
1974-04-29;104,00;111,00;98,00;Geprueft
1974-04-30;109,00;111,00;106,00;Geprueft
1974-05-01;123,00;148,00;107,00;Geprueft
1974-05-02;149,00;162,00;137,00;Geprueft
1974-05-03;127,00;140,00;115,00;Geprueft
1974-05-04;112,00;121,00;107,00;Geprueft
1974-05-05;136,00;167,00;121,00;Geprueft
1974-05-06;168,00;179,00;151,00;Geprueft
1974-05-07;154,00;161,00;149,00;Geprueft
1974-05-08;146,00;161,00;133,00;Geprueft
1974-05-09;136,00;136,00;133,00;Geprueft
1974-05-10;137,00;142,00;132,00;Geprueft
1974-05-11;134,00;136,00;132,00;Geprueft
1974-05-12;140,00;145,00;133,00;Geprueft
1974-05-13;140,00;145,00;124,00;Geprueft
1974-05-14;124,00;131,00;113,00;Geprueft
1974-05-15;134,00;139,00;130,00;Geprueft
1974-05-16;137,00;140,00;130,00;Geprueft
1974-05-17;125,00;130,00;118,00;Geprueft
1974-05-18;118,00;125,00;111,00;Geprueft
1974-05-19;113,00;113,00;111,00;Geprueft
1974-05-20;107,00;113,00;103,00;Geprueft
1974-05-21;106,00;109,00;103,00;Geprueft
1974-05-22;112,00;117,00;108,00;Geprueft
1974-05-23;108,00;117,00;103,00;Geprueft
1974-05-24;125,00;133,00;103,00;Geprueft
1974-05-25;117,00;126,00;107,00;Geprueft
1974-05-26;114,00;122,00;108,00;Geprueft
1974-05-27;114,00;122,00;109,00;Geprueft
1974-05-28;117,00;127,00;109,00;Geprueft
1974-05-29;123,00;147,00;109,00;Geprueft
1974-05-30;130,00;147,00;120,00;Geprueft
1974-05-31;123,00;128,00;120,00;Geprueft
1974-06-01;141,00;161,00;128,00;Geprueft
1974-06-02;146,00;166,00;127,00;Geprueft
1974-06-03;119,00;127,00;110,00;Geprueft
1974-06-04;116,00;122,00;109,00;Geprueft
1974-06-05;123,00;128,00;122,00;Geprueft
1974-06-06;134,00;142,00;128,00;Geprueft
1974-06-07;139,00;145,00;131,00;Geprueft
1974-06-08;137,00;143,00;131,00;Geprueft
1974-06-09;125,00;131,00;118,00;Geprueft
1974-06-10;124,00;142,00;117,00;Geprueft
1974-06-11;142,00;148,00;139,00;Geprueft
1974-06-12;156,00;159,00;148,00;Geprueft
1974-06-13;190,00;214,00;158,00;Geprueft
1974-06-14;215,00;221,00;211,00;Geprueft
1974-06-15;211,00;218,00;206,00;Geprueft
1974-06-16;193,00;206,00;188,00;Geprueft
1974-06-17;168,00;188,00;158,00;Geprueft
1974-06-18;168,00;174,00;161,00;Geprueft
1974-06-19;180,00;194,00;171,00;Geprueft
1974-06-20;187,00;195,00;180,00;Geprueft
1974-06-21;177,00;190,00;171,00;Geprueft
1974-06-22;166,00;175,00;151,00;Geprueft
1974-06-23;151,00;155,00;143,00;Geprueft
1974-06-24;153,00;165,00;141,00;Geprueft
1974-06-25;166,00;175,00;163,00;Geprueft
1974-06-26;176,00;181,00;173,00;Geprueft
1974-06-27;166,00;175,00;155,00;Geprueft
1974-06-28;164,00;170,00;154,00;Geprueft
1974-06-29;173,00;192,00;160,00;Geprueft
1974-06-30;182,00;195,00;171,00;Geprueft
1974-07-01;183,00;188,00;174,00;Geprueft
1974-07-02;182,00;188,00;179,00;Geprueft
1974-07-03;175,00;182,00;167,00;Geprueft
1974-07-04;171,00;173,00;167,00;Geprueft
1974-07-05;160,00;168,00;154,00;Geprueft
1974-07-06;158,00;162,00;155,00;Geprueft
1974-07-07;147,00;155,00;142,00;Geprueft
1974-07-08;158,00;166,00;145,00;Geprueft
1974-07-09;148,00;154,00;142,00;Geprueft
1974-07-10;154,00;170,00;143,00;Geprueft
1974-07-11;175,00;184,00;170,00;Geprueft
1974-07-12;160,00;171,00;147,00;Geprueft
1974-07-13;140,00;147,00;135,00;Geprueft
1974-07-14;144,00;145,00;142,00;Geprueft
1974-07-15;157,00;162,00;144,00;Geprueft
1974-07-16;156,00;158,00;154,00;Geprueft
1974-07-17;176,00;217,00;157,00;Geprueft
1974-07-18;241,00;284,00;217,00;Geprueft
1974-07-19;320,00;347,00;284,00;Geprueft
1974-07-20;340,00;349,00;335,00;Geprueft
1974-07-21;310,00;336,00;295,00;Geprueft
1974-07-22;303,00;308,00;295,00;Geprueft
1974-07-23;275,00;295,00;251,00;Geprueft
1974-07-24;231,00;259,00;211,00;Geprueft
1974-07-25;222,00;239,00;211,00;Geprueft
1974-07-26;242,00;250,00;224,00;Geprueft
1974-07-27;211,00;224,00;209,00;Geprueft
1974-07-28;198,00;212,00;190,00;Geprueft
1974-07-29;176,00;197,00;167,00;Geprueft
1974-07-30;173,00;177,00;163,00;Geprueft
1974-07-31;165,00;170,00;162,00;Geprueft
1974-08-01;161,00;171,00;153,00;Geprueft
1974-08-02;167,00;172,00;159,00;Geprueft
1974-08-03;156,00;166,00;143,00;Geprueft
1974-08-04;148,00;154,00;143,00;Geprueft
1974-08-05;156,00;161,00;151,00;Geprueft
1974-08-06;166,00;169,00;159,00;Geprueft
1974-08-07;162,00;167,00;159,00;Geprueft
1974-08-08;160,00;162,00;159,00;Geprueft
1974-08-09;153,00;160,00;144,00;Geprueft
1974-08-10;159,00;169,00;153,00;Geprueft
1974-08-11;142,00;153,00;135,00;Geprueft
1974-08-12;143,00;147,00;135,00;Geprueft
1974-08-13;150,00;151,00;147,00;Geprueft
1974-08-14;142,00;148,00;138,00;Geprueft
1974-08-15;127,00;138,00;114,00;Geprueft
1974-08-16;124,00;133,00;114,00;Geprueft
1974-08-17;124,00;125,00;123,00;Geprueft
1974-08-18;126,00;128,00;122,00;Geprueft
1974-08-19;140,00;153,00;124,00;Geprueft
1974-08-20;153,00;154,00;152,00;Geprueft
1974-08-21;146,00;154,00;138,00;Geprueft
1974-08-22;127,00;138,00;122,00;Geprueft
1974-08-23;134,00;137,00;129,00;Geprueft
1974-08-24;118,00;129,00;113,00;Geprueft
1974-08-25;121,00;128,00;118,00;Geprueft
1974-08-26;132,00;138,00;127,00;Geprueft
1974-08-27;142,00;148,00;138,00;Geprueft
1974-08-28;159,00;165,00;148,00;Geprueft
1974-08-29;175,00;182,00;164,00;Geprueft
1974-08-30;164,00;182,00;152,00;Geprueft
1974-08-31;145,00;152,00;139,00;Geprueft
1974-09-01;131,00;139,00;125,00;Geprueft
1974-09-02;128,00;133,00;124,00;Geprueft
1974-09-03;135,00;146,00;130,00;Geprueft
1974-09-04;131,00;149,00;127,00;Geprueft
1974-09-05;154,00;159,00;134,00;Geprueft
1974-09-06;139,00;147,00;133,00;Geprueft
1974-09-07;139,00;141,00;134,00;Geprueft
1974-09-08;129,00;139,00;124,00;Geprueft
1974-09-09;131,00;135,00;125,00;Geprueft
1974-09-10;131,00;147,00;121,00;Geprueft
1974-09-11;144,00;149,00;138,00;Geprueft
1974-09-12;144,00;149,00;135,00;Geprueft
1974-09-13;125,00;136,00;116,00;Geprueft
1974-09-14;120,00;124,00;113,00;Geprueft
1974-09-15;105,00;113,00;100,00;Geprueft
1974-09-16;110,00;124,00;104,00;Geprueft
1974-09-17;121,00;127,00;112,00;Geprueft
1974-09-18;121,00;127,00;112,00;Geprueft
1974-09-19;127,00;136,00;121,00;Geprueft
1974-09-20;141,00;154,00;132,00;Geprueft
1974-09-21;148,00;157,00;138,00;Geprueft
1974-09-22;135,00;139,00;126,00;Geprueft
1974-09-23;124,00;128,00;118,00;Geprueft
1974-09-24;137,00;145,00;128,00;Geprueft
1974-09-25;140,00;143,00;134,00;Geprueft
1974-09-26;139,00;149,00;132,00;Geprueft
1974-09-27;153,00;154,00;149,00;Geprueft
1974-09-28;149,00;156,00;142,00;Geprueft
1974-09-29;145,00;157,00;142,00;Geprueft
1974-09-30;161,00;164,00;157,00;Geprueft
1974-10-01;158,00;163,00;155,00;Geprueft
1974-10-02;167,00;182,00;155,00;Geprueft
1974-10-03;167,00;182,00;155,00;Geprueft
1974-10-04;158,00;160,00;155,00;Geprueft
1974-10-05;151,00;158,00;147,00;Geprueft
1974-10-06;144,00;149,00;142,00;Geprueft
1974-10-07;145,00;147,00;142,00;Geprueft
1974-10-08;139,00;146,00;133,00;Geprueft
1974-10-09;137,00;142,00;133,00;Geprueft
1974-10-10;134,00;142,00;125,00;Geprueft
1974-10-11;129,00;140,00;122,00;Geprueft
1974-10-12;130,00;139,00;119,00;Geprueft
1974-10-13;117,00;119,00;115,00;Geprueft
1974-10-14;122,00;123,00;118,00;Geprueft
1974-10-15;130,00;132,00;123,00;Geprueft
1974-10-16;132,00;134,00;129,00;Geprueft
1974-10-17;137,00;146,00;128,00;Geprueft
1974-10-18;135,00;143,00;123,00;Geprueft
1974-10-19;126,00;150,00;113,00;Geprueft
1974-10-20;145,00;150,00;138,00;Geprueft
1974-10-21;139,00;144,00;134,00;Geprueft
1974-10-22;147,00;155,00;136,00;Geprueft
1974-10-23;158,00;166,00;155,00;Geprueft
1974-10-24;172,00;191,00;160,00;Geprueft
1974-10-25;192,00;193,00;185,00;Geprueft
1974-10-26;170,00;185,00;160,00;Geprueft
1974-10-27;172,00;188,00;158,00;Geprueft
1974-10-28;179,00;188,00;171,00;Geprueft
1974-10-29;185,00;189,00;176,00;Geprueft
1974-10-30;181,00;186,00;171,00;Geprueft
1974-10-31;178,00;183,00;171,00;Geprueft
1974-11-01;163,00;176,00;150,00;Geprueft
1974-11-02;154,00;157,00;150,00;Geprueft
1974-11-03;149,00;154,00;146,00;Geprueft
1974-11-04;159,00;162,00;148,00;Geprueft
1974-11-05;153,00;161,00;148,00;Geprueft
1974-11-06;150,00;160,00;144,00;Geprueft
1974-11-07;150,00;161,00;145,00;Geprueft
1974-11-08;140,00;145,00;133,00;Geprueft
1974-11-09;139,00;140,00;138,00;Geprueft
1974-11-10;139,00;140,00;136,00;Geprueft
1974-11-11;138,00;140,00;131,00;Geprueft
1974-11-12;126,00;131,00;125,00;Geprueft
1974-11-13;130,00;133,00;129,00;Geprueft
1974-11-14;133,00;149,00;121,00;Geprueft
1974-11-15;118,00;129,00;113,00;Geprueft
1974-11-16;120,00;124,00;114,00;Geprueft
1974-11-17;123,00;131,00;114,00;Geprueft
1974-11-18;118,00;121,00;113,00;Geprueft
1974-11-19;116,00;137,00;111,00;Geprueft
1974-11-20;142,00;148,00;137,00;Geprueft
1974-11-21;135,00;148,00;128,00;Geprueft
1974-11-22;121,00;128,00;111,00;Geprueft
1974-11-23;105,00;111,00;98,00;Geprueft
1974-11-24;108,00;120,00;100,00;Geprueft
1974-11-25;120,00;122,00;118,00;Geprueft
1974-11-26;122,00;134,00;115,00;Geprueft
1974-11-27;136,00;137,00;134,00;Geprueft
1974-11-28;138,00;166,00;129,00;Geprueft
1974-11-29;176,00;181,00;166,00;Geprueft
1974-11-30;165,00;186,00;147,00;Geprueft
1974-12-01;166,00;195,00;147,00;Geprueft
1974-12-02;195,00;201,00;193,00;Geprueft
1974-12-03;200,00;203,00;197,00;Geprueft
1974-12-04;199,00;206,00;192,00;Geprueft
1974-12-05;190,00;194,00;182,00;Geprueft
1974-12-06;181,00;191,00;170,00;Geprueft
1974-12-07;204,00;211,00;191,00;Geprueft
1974-12-08;233,00;274,00;211,00;Geprueft
1974-12-09;283,00;301,00;268,00;Geprueft
1974-12-10;257,00;273,00;251,00;Geprueft
1974-12-11;229,00;251,00;218,00;Geprueft
1974-12-12;218,00;231,00;209,00;Geprueft
1974-12-13;197,00;209,00;184,00;Geprueft
1974-12-14;196,00;201,00;184,00;Geprueft
1974-12-15;176,00;193,00;158,00;Geprueft
1974-12-16;168,00;174,00;162,00;Geprueft
1974-12-17;181,00;208,00;165,00;Geprueft
1974-12-18;205,00;208,00;203,00;Geprueft
1974-12-19;200,00;211,00;187,00;Geprueft
1974-12-20;184,00;188,00;180,00;Geprueft
1974-12-21;176,00;180,00;172,00;Geprueft
1974-12-22;169,00;172,00;166,00;Geprueft
1974-12-23;164,00;169,00;161,00;Geprueft
1974-12-24;156,00;162,00;153,00;Geprueft
1974-12-25;151,00;157,00;144,00;Geprueft
1974-12-26;148,00;152,00;144,00;Geprueft
1974-12-27;163,00;169,00;152,00;Geprueft
1974-12-28;176,00;179,00;169,00;Geprueft
1974-12-29;179,00;184,00;170,00;Geprueft
1974-12-30;199,00;205,00;184,00;Geprueft
1974-12-31;201,00;204,00;198,00;Geprueft
1975-01-01;192,00;203,00;180,00;Geprueft
1975-01-02;176,00;181,00;173,00;Geprueft
1975-01-03;173,00;180,00;166,00;Geprueft
1975-01-04;165,00;171,00;161,00;Geprueft
1975-01-05;160,00;165,00;156,00;Geprueft
1975-01-06;158,00;168,00;149,00;Geprueft
1975-01-07;156,00;175,00;147,00;Geprueft
1975-01-08;164,00;179,00;150,00;Geprueft
1975-01-09;183,00;190,00;173,00;Geprueft
1975-01-10;174,00;187,00;161,00;Geprueft
1975-01-11;164,00;183,00;152,00;Geprueft
1975-01-12;157,00;164,00;145,00;Geprueft
1975-01-13;150,00;154,00;144,00;Geprueft
1975-01-14;157,00;162,00;154,00;Geprueft
1975-01-15;156,00;161,00;149,00;Geprueft
1975-01-16;151,00;154,00;149,00;Geprueft
1975-01-17;145,00;152,00;143,00;Geprueft
1975-01-18;143,00;147,00;140,00;Geprueft
1975-01-19;141,00;147,00;130,00;Geprueft
1975-01-20;137,00;142,00;130,00;Geprueft
1975-01-21;143,00;150,00;139,00;Geprueft
1975-01-22;149,00;158,00;140,00;Geprueft
1975-01-23;142,00;147,00;138,00;Geprueft
1975-01-24;145,00;149,00;142,00;Geprueft
1975-01-25;128,00;143,00;122,00;Geprueft
1975-01-26;130,00;138,00;122,00;Geprueft
1975-01-27;141,00;148,00;138,00;Geprueft
1975-01-28;147,00;151,00;144,00;Geprueft
1975-01-29;146,00;148,00;144,00;Geprueft
1975-01-30;161,00;193,00;144,00;Geprueft
1975-01-31;186,00;195,00;172,00;Geprueft
1975-02-01;173,00;179,00;171,00;Geprueft
1975-02-02;171,00;180,00;165,00;Geprueft
1975-02-03;161,00;167,00;156,00;Geprueft
1975-02-04;158,00;165,00;143,00;Geprueft
1975-02-05;144,00;149,00;141,00;Geprueft
1975-02-06;146,00;154,00;144,00;Geprueft
1975-02-07;141,00;148,00;139,00;Geprueft
1975-02-08;135,00;140,00;132,00;Geprueft
1975-02-09;132,00;140,00;126,00;Geprueft
1975-02-10;126,00;139,00;117,00;Geprueft
1975-02-11;133,00;139,00;130,00;Geprueft
1975-02-12;135,00;137,00;133,00;Geprueft
1975-02-13;135,00;140,00;131,00;Geprueft
1975-02-14;137,00;138,00;134,00;Geprueft
1975-02-15;125,00;134,00;119,00;Geprueft
1975-02-16;123,00;126,00;120,00;Geprueft
1975-02-17;128,00;138,00;122,00;Geprueft
1975-02-18;130,00;141,00;119,00;Geprueft
1975-02-19;120,00;122,00;117,00;Geprueft
1975-02-20;122,00;129,00;117,00;Geprueft
1975-02-21;127,00;129,00;124,00;Geprueft
1975-02-22;124,00;127,00;122,00;Geprueft
1975-02-23;111,00;123,00;106,00;Geprueft
1975-02-24;110,00;115,00;103,00;Geprueft
1975-02-25;118,00;127,00;111,00;Geprueft
1975-02-26;116,00;124,00;108,00;Geprueft
1975-02-27;113,00;124,00;107,00;Geprueft
1975-02-28;118,00;124,00;112,00;Geprueft
1975-03-01;109,00;116,00;105,00;Geprueft
1975-03-02;113,00;123,00;97,00;Geprueft
1975-03-03;107,00;116,00;95,00;Geprueft
1975-03-04;117,00;120,00;115,00;Geprueft
1975-03-05;113,00;115,00;108,00;Geprueft
1975-03-06;103,00;108,00;101,00;Geprueft
1975-03-07;95,00;102,00;86,00;Geprueft
1975-03-08;105,00;109,00;102,00;Geprueft
1975-03-09;101,00;103,00;97,00;Geprueft
1975-03-10;93,00;97,00;84,00;Geprueft
1975-03-11;106,00;135,00;79,00;Geprueft
1975-03-12;114,00;117,00;100,00;Geprueft
1975-03-13;115,00;117,00;111,00;Geprueft
1975-03-14;113,00;119,00;108,00;Geprueft
1975-03-15;105,00;110,00;95,00;Geprueft
1975-03-16;94,00;99,00;90,00;Geprueft
1975-03-17;105,00;113,00;99,00;Geprueft
1975-03-18;111,00;113,00;110,00;Geprueft
1975-03-19;113,00;119,00;110,00;Geprueft
1975-03-20;110,00;120,00;97,00;Geprueft
1975-03-21;97,00;103,00;94,00;Geprueft
1975-03-22;105,00;106,00;103,00;Geprueft
1975-03-23;103,00;104,00;97,00;Geprueft
1975-03-24;102,00;103,00;100,00;Geprueft
1975-03-25;103,00;107,00;101,00;Geprueft
1975-03-26;105,00;110,00;102,00;Geprueft
1975-03-27;103,00;104,00;101,00;Geprueft
1975-03-28;102,00;105,00;95,00;Geprueft
1975-03-29;100,00;104,00;94,00;Geprueft
1975-03-30;104,00;109,00;102,00;Geprueft
1975-03-31;109,00;114,00;102,00;Geprueft
1975-04-01;112,00;115,00;109,00;Geprueft
1975-04-02;115,00;124,00;112,00;Geprueft
1975-04-03;129,00;135,00;124,00;Geprueft
1975-04-04;131,00;135,00;127,00;Geprueft
1975-04-05;120,00;127,00;116,00;Geprueft
1975-04-06;113,00;117,00;105,00;Geprueft
1975-04-07;107,00;110,00;103,00;Geprueft
1975-04-08;122,00;128,00;110,00;Geprueft
1975-04-09;125,00;128,00;124,00;Geprueft
1975-04-10;122,00;125,00;117,00;Geprueft
1975-04-11;121,00;125,00;117,00;Geprueft
1975-04-12;131,00;146,00;119,00;Geprueft
1975-04-13;143,00;147,00;140,00;Geprueft
1975-04-14;157,00;164,00;147,00;Geprueft
1975-04-15;150,00;165,00;141,00;Geprueft
1975-04-16;165,00;168,00;163,00;Geprueft
1975-04-17;164,00;167,00;155,00;Geprueft
1975-04-18;150,00;155,00;146,00;Geprueft
1975-04-19;145,00;153,00;142,00;Geprueft
1975-04-20;146,00;154,00;142,00;Geprueft
1975-04-21;156,00;165,00;134,00;Geprueft
1975-04-22;153,00;166,00;131,00;Geprueft
1975-04-23;162,00;167,00;152,00;Geprueft
1975-04-24;163,00;166,00;147,00;Geprueft
1975-04-25;153,00;166,00;140,00;Geprueft
1975-04-26;141,00;143,00;140,00;Geprueft
1975-04-27;138,00;146,00;119,00;Geprueft
1975-04-28;136,00;152,00;113,00;Geprueft
1975-04-29;139,00;149,00;123,00;Geprueft
1975-04-30;136,00;145,00;122,00;Geprueft
1975-05-01;139,00;142,00;131,00;Geprueft
1975-05-02;131,00;137,00;129,00;Geprueft
1975-05-03;136,00;141,00;132,00;Geprueft
1975-05-04;139,00;142,00;135,00;Geprueft
1975-05-05;143,00;150,00;135,00;Geprueft
1975-05-06;141,00;150,00;130,00;Geprueft
1975-05-07;139,00;149,00;125,00;Geprueft
1975-05-08;122,00;125,00;121,00;Geprueft
1975-05-09;136,00;149,00;116,00;Geprueft
1975-05-10;135,00;139,00;133,00;Geprueft
1975-05-11;134,00;139,00;127,00;Geprueft
1975-05-12;137,00;147,00;127,00;Geprueft
1975-05-13;148,00;155,00;141,00;Geprueft
1975-05-14;146,00;151,00;135,00;Geprueft
1975-05-15;141,00;149,00;128,00;Geprueft
1975-05-16;143,00;154,00;131,00;Geprueft
1975-05-17;150,00;155,00;147,00;Geprueft
1975-05-18;147,00;152,00;140,00;Geprueft
1975-05-19;131,00;140,00;118,00;Geprueft
1975-05-20;130,00;150,00;117,00;Geprueft
1975-05-21;148,00;151,00;142,00;Geprueft
1975-05-22;150,00;156,00;141,00;Geprueft
1975-05-23;164,00;175,00;155,00;Geprueft
1975-05-24;171,00;175,00;163,00;Geprueft
1975-05-25;152,00;166,00;143,00;Geprueft
1975-05-26;153,00;158,00;149,00;Geprueft
1975-05-27;151,00;159,00;141,00;Geprueft
1975-05-28;144,00;146,00;142,00;Geprueft
1975-05-29;146,00;148,00;143,00;Geprueft
1975-05-30;142,00;150,00;136,00;Geprueft
1975-05-31;142,00;151,00;139,00;Geprueft
1975-06-01;144,00;151,00;138,00;Geprueft
1975-06-02;159,00;160,00;151,00;Geprueft
1975-06-03;159,00;162,00;157,00;Geprueft
1975-06-04;158,00;172,00;139,00;Geprueft
1975-06-05;175,00;190,00;161,00;Geprueft
1975-06-06;156,00;161,00;146,00;Geprueft
1975-06-07;138,00;146,00;131,00;Geprueft
1975-06-08;131,00;133,00;127,00;Geprueft
1975-06-09;131,00;134,00;128,00;Geprueft
1975-06-10;131,00;133,00;129,00;Geprueft
1975-06-11;140,00;145,00;132,00;Geprueft
1975-06-12;142,00;146,00;133,00;Geprueft
1975-06-13;129,00;133,00;125,00;Geprueft
1975-06-14;124,00;132,00;116,00;Geprueft
1975-06-15;112,00;116,00;109,00;Geprueft
1975-06-16;120,00;134,00;109,00;Geprueft
1975-06-17;143,00;151,00;134,00;Geprueft
1975-06-18;167,00;181,00;151,00;Geprueft
1975-06-19;191,00;201,00;181,00;Geprueft
1975-06-20;201,00;207,00;199,00;Geprueft
1975-06-21;199,00;204,00;196,00;Geprueft
1975-06-22;179,00;198,00;163,00;Geprueft
1975-06-23;169,00;176,00;160,00;Geprueft
1975-06-24;181,00;188,00;172,00;Geprueft
1975-06-25;186,00;195,00;176,00;Geprueft
1975-06-26;188,00;198,00;174,00;Geprueft
1975-06-27;195,00;197,00;195,00;Geprueft
1975-06-28;183,00;197,00;167,00;Geprueft
1975-06-29;182,00;195,00;168,00;Geprueft
1975-06-30;190,00;196,00;179,00;Geprueft
1975-07-01;210,00;246,00;183,00;Geprueft
1975-07-02;294,00;336,00;246,00;Geprueft
1975-07-03;352,00;369,00;328,00;Geprueft
1975-07-04;306,00;329,00;300,00;Geprueft
1975-07-05;305,00;316,00;297,00;Geprueft
1975-07-06;301,00;309,00;295,00;Geprueft
1975-07-07;267,00;296,00;247,00;Geprueft
1975-07-08;247,00;253,00;237,00;Geprueft
1975-07-09;210,00;237,00;202,00;Geprueft
1975-07-10;201,00;202,00;201,00;Geprueft
1975-07-11;197,00;201,00;183,00;Geprueft
1975-07-12;200,00;216,00;182,00;Geprueft
1975-07-13;243,00;254,00;216,00;Geprueft
1975-07-14;225,00;240,00;217,00;Geprueft
1975-07-15;215,00;217,00;212,00;Geprueft
1975-07-16;207,00;212,00;206,00;Geprueft
1975-07-17;205,00;206,00;198,00;Geprueft
1975-07-18;188,00;198,00;174,00;Geprueft
1975-07-19;197,00;222,00;174,00;Geprueft
1975-07-20;231,00;242,00;221,00;Geprueft
1975-07-21;228,00;237,00;220,00;Geprueft
1975-07-22;220,00;225,00;211,00;Geprueft
1975-07-23;209,00;213,00;205,00;Geprueft
1975-07-24;198,00;210,00;191,00;Geprueft
1975-07-25;200,00;220,00;185,00;Geprueft
1975-07-26;240,00;250,00;218,00;Geprueft
1975-07-27;225,00;238,00;208,00;Geprueft
1975-07-28;195,00;208,00;180,00;Geprueft
1975-07-29;176,00;180,00;173,00;Geprueft
1975-07-30;173,00;175,00;172,00;Geprueft
1975-07-31;166,00;173,00;158,00;Geprueft
1975-08-01;156,00;160,00;152,00;Geprueft
1975-08-02;150,00;163,00;140,00;Geprueft
1975-08-03;148,00;151,00;144,00;Geprueft
1975-08-04;143,00;152,00;138,00;Geprueft
1975-08-05;139,00;143,00;135,00;Geprueft
1975-08-06;138,00;139,00;136,00;Geprueft
1975-08-07;133,00;139,00;132,00;Geprueft
1975-08-08;132,00;133,00;130,00;Geprueft
1975-08-09;121,00;130,00;114,00;Geprueft
1975-08-10;116,00;118,00;115,00;Geprueft
1975-08-11;132,00;156,00;116,00;Geprueft
1975-08-12;159,00;179,00;149,00;Geprueft
1975-08-13;158,00;161,00;150,00;Geprueft
1975-08-14;151,00;158,00;145,00;Geprueft
1975-08-15;141,00;145,00;136,00;Geprueft
1975-08-16;130,00;136,00;125,00;Geprueft
1975-08-17;133,00;143,00;122,00;Geprueft
1975-08-18;134,00;142,00;122,00;Geprueft
1975-08-19;146,00;150,00;142,00;Geprueft
1975-08-20;149,00;151,00;145,00;Geprueft
1975-08-21;130,00;145,00;119,00;Geprueft
1975-08-22;121,00;130,00;115,00;Geprueft
1975-08-23;142,00;159,00;129,00;Geprueft
1975-08-24;161,00;185,00;157,00;Geprueft
1975-08-25;205,00;215,00;185,00;Geprueft
1975-08-26;256,00;285,00;214,00;Geprueft
1975-08-27;298,00;306,00;285,00;Geprueft
1975-08-28;267,00;293,00;241,00;Geprueft
1975-08-29;215,00;241,00;205,00;Geprueft
1975-08-30;206,00;208,00;203,00;Geprueft
1975-08-31;203,00;209,00;201,00;Geprueft
1975-09-01;190,00;209,00;179,00;Geprueft
1975-09-02;176,00;180,00;165,00;Geprueft
1975-09-03;165,00;172,00;160,00;Geprueft
1975-09-04;166,00;170,00;163,00;Geprueft
1975-09-05;170,00;174,00;166,00;Geprueft
1975-09-06;164,00;166,00;162,00;Geprueft
1975-09-07;158,00;165,00;146,00;Geprueft
1975-09-08;148,00;160,00;140,00;Geprueft
1975-09-09;159,00;164,00;156,00;Geprueft
1975-09-10;164,00;165,00;162,00;Geprueft
1975-09-11;150,00;163,00;138,00;Geprueft
1975-09-12;167,00;206,00;138,00;Geprueft
1975-09-13;182,00;206,00;162,00;Geprueft
1975-09-14;162,00;174,00;151,00;Geprueft
1975-09-15;156,00;168,00;151,00;Geprueft
1975-09-16;158,00;168,00;149,00;Geprueft
1975-09-17;150,00;153,00;149,00;Geprueft
1975-09-18;147,00;150,00;145,00;Geprueft
1975-09-19;145,00;150,00;140,00;Geprueft
1975-09-20;128,00;140,00;118,00;Geprueft
1975-09-21;121,00;128,00;118,00;Geprueft
1975-09-22;131,00;136,00;124,00;Geprueft
1975-09-23;119,00;124,00;114,00;Geprueft
1975-09-24;126,00;140,00;119,00;Geprueft
1975-09-25;131,00;141,00;117,00;Geprueft
1975-09-26;117,00;120,00;115,00;Geprueft
1975-09-27;121,00;127,00;113,00;Geprueft
1975-09-28;106,00;113,00;95,00;Geprueft
1975-09-29;103,00;110,00;94,00;Geprueft
1975-09-30;110,00;113,00;110,00;Geprueft
1975-10-01;113,00;113,00;113,00;Geprueft
1975-10-02;111,00;116,00;105,00;Geprueft
1975-10-03;109,00;112,00;108,00;Geprueft
1975-10-04;101,00;110,00;91,00;Geprueft
1975-10-05;93,00;93,00;91,00;Geprueft
1975-10-06;99,00;109,00;91,00;Geprueft
1975-10-07;105,00;110,00;102,00;Geprueft
1975-10-08;99,00;103,00;97,00;Geprueft
1975-10-09;100,00;103,00;97,00;Geprueft
1975-10-10;101,00;103,00;99,00;Geprueft
1975-10-11;90,00;101,00;84,00;Geprueft
1975-10-12;90,00;95,00;86,00;Geprueft
1975-10-13;94,00;98,00;92,00;Geprueft
1975-10-14;92,00;99,00;86,00;Geprueft
1975-10-15;93,00;98,00;86,00;Geprueft
1975-10-16;99,00;101,00;96,00;Geprueft
1975-10-17;93,00;96,00;90,00;Geprueft
1975-10-18;92,00;97,00;88,00;Geprueft
1975-10-19;119,00;143,00;97,00;Geprueft
1975-10-20;135,00;155,00;121,00;Geprueft
1975-10-21;131,00;136,00;129,00;Geprueft
1975-10-22;120,00;129,00;112,00;Geprueft
1975-10-23;112,00;114,00;111,00;Geprueft
1975-10-24;112,00;115,00;107,00;Geprueft
1975-10-25;102,00;107,00;100,00;Geprueft
1975-10-26;96,00;100,00;93,00;Geprueft
1975-10-27;96,00;98,00;93,00;Geprueft
1975-10-28;99,00;101,00;98,00;Geprueft
1975-10-29;107,00;117,00;101,00;Geprueft
1975-10-30;109,00;116,00;97,00;Geprueft
1975-10-31;92,00;97,00;86,00;Geprueft
1975-11-01;94,00;95,00;91,00;Geprueft
1975-11-02;92,00;95,00;91,00;Geprueft
1975-11-03;95,00;101,00;91,00;Geprueft
1975-11-04;98,00;101,00;96,00;Geprueft
1975-11-05;92,00;96,00;85,00;Geprueft
1975-11-06;85,00;86,00;83,00;Geprueft
1975-11-07;92,00;100,00;86,00;Geprueft
1975-11-08;95,00;100,00;92,00;Geprueft
1975-11-09;90,00;92,00;86,00;Geprueft
1975-11-10;86,00;90,00;83,00;Geprueft
1975-11-11;83,00;86,00;80,00;Geprueft
1975-11-12;86,00;89,00;80,00;Geprueft
1975-11-13;88,00;96,00;82,00;Geprueft
1975-11-14;100,00;106,00;96,00;Geprueft
1975-11-15;95,00;104,00;90,00;Geprueft
1975-11-16;87,00;90,00;83,00;Geprueft
1975-11-17;85,00;86,00;85,00;Geprueft
1975-11-18;86,00;96,00;78,00;Geprueft
1975-11-19;106,00;118,00;96,00;Geprueft
1975-11-20;115,00;126,00;111,00;Geprueft
1975-11-21;142,00;146,00;126,00;Geprueft
1975-11-22;139,00;149,00;122,00;Geprueft
1975-11-23;116,00;122,00;103,00;Geprueft
1975-11-24;110,00;118,00;103,00;Geprueft
1975-11-25;105,00;118,00;98,00;Geprueft
1975-11-26;107,00;110,00;104,00;Geprueft
1975-11-27;107,00;110,00;103,00;Geprueft
1975-11-28;99,00;103,00;95,00;Geprueft
1975-11-29;99,00;100,00;96,00;Geprueft
1975-11-30;99,00;100,00;98,00;Geprueft
1975-12-01;107,00;126,00;98,00;Geprueft
1975-12-02;128,00;133,00;125,00;Geprueft
1975-12-03;128,00;133,00;122,00;Geprueft
1975-12-04;117,00;122,00;116,00;Geprueft
1975-12-05;116,00;116,00;116,00;Geprueft
1975-12-06;120,00;125,00;116,00;Geprueft
1975-12-07;113,00;125,00;100,00;Geprueft
1975-12-08;103,00;106,00;100,00;Geprueft
1975-12-09;109,00;111,00;106,00;Geprueft
1975-12-10;106,00;111,00;100,00;Geprueft
1975-12-11;101,00;102,00;99,00;Geprueft
1975-12-12;100,00;102,00;98,00;Geprueft
1975-12-13;100,00;101,00;99,00;Geprueft
1975-12-14;97,00;101,00;89,00;Geprueft
1975-12-15;90,00;94,00;87,00;Geprueft
1975-12-16;93,00;97,00;88,00;Geprueft
1975-12-17;98,00;101,00;96,00;Geprueft
1975-12-18;100,00;106,00;95,00;Geprueft
1975-12-19;95,00;96,00;94,00;Geprueft
1975-12-20;98,00;104,00;94,00;Geprueft
1975-12-21;102,00;104,00;95,00;Geprueft
1975-12-22;94,00;95,00;92,00;Geprueft
1975-12-23;93,00;94,00;91,00;Geprueft
1975-12-24;93,00;94,00;93,00;Geprueft
1975-12-25;93,00;94,00;88,00;Geprueft
1975-12-26;84,00;88,00;76,00;Geprueft
1975-12-27;75,00;80,00;74,00;Geprueft
1975-12-28;81,00;81,00;80,00;Geprueft
1975-12-29;86,00;91,00;80,00;Geprueft
1975-12-30;92,00;94,00;91,00;Geprueft
1975-12-31;89,00;91,00;87,00;Geprueft
1976-01-01;85,00;87,00;82,00;Geprueft
1976-01-02;85,00;89,00;81,00;Geprueft
1976-01-03;97,00;101,00;89,00;Geprueft
1976-01-04;100,00;109,00;93,00;Geprueft
1976-01-05;92,00;96,00;91,00;Geprueft
1976-01-06;98,00;99,00;96,00;Geprueft
1976-01-07;97,00;110,00;92,00;Geprueft
1976-01-08;112,00;115,00;104,00;Geprueft
1976-01-09;101,00;104,00;100,00;Geprueft
1976-01-10;102,00;105,00;97,00;Geprueft
1976-01-11;99,00;99,00;98,00;Geprueft
1976-01-12;104,00;109,00;96,00;Geprueft
1976-01-13;108,00;109,00;107,00;Geprueft
1976-01-14;110,00;114,00;109,00;Geprueft
1976-01-15;116,00;117,00;114,00;Geprueft
1976-01-16;117,00;121,00;114,00;Geprueft
1976-01-17;116,00;120,00;114,00;Geprueft
1976-01-18;115,00;120,00;111,00;Geprueft
1976-01-19;118,00;125,00;111,00;Geprueft
1976-01-20;120,00;126,00;116,00;Geprueft
1976-01-21;121,00;125,00;117,00;Geprueft
1976-01-22;130,00;147,00;124,00;Geprueft
1976-01-23;149,00;151,00;147,00;Geprueft
1976-01-24;128,00;148,00;114,00;Geprueft
1976-01-25;118,00;121,00;114,00;Geprueft
1976-01-26;116,00;121,00;112,00;Geprueft
1976-01-27;122,00;125,00;120,00;Geprueft
1976-01-28;117,00;126,00;106,00;Geprueft
1976-01-29;113,00;121,00;106,00;Geprueft
1976-01-30;113,00;123,00;104,00;Geprueft
1976-01-31;103,00;104,00;101,00;Geprueft
1976-02-01;106,00;108,00;102,00;Geprueft
1976-02-02;108,00;110,00;106,00;Geprueft
1976-02-03;112,00;118,00;109,00;Geprueft
1976-02-04;111,00;121,00;102,00;Geprueft
1976-02-05;95,00;102,00;89,00;Geprueft
1976-02-06;89,00;101,00;88,00;Geprueft
1976-02-07;102,00;106,00;99,00;Geprueft
1976-02-08;97,00;103,00;91,00;Geprueft
1976-02-09;93,00;100,00;90,00;Geprueft
1976-02-10;99,00;102,00;94,00;Geprueft
1976-02-11;103,00;110,00;101,00;Geprueft
1976-02-12;112,00;115,00;110,00;Geprueft
1976-02-13;108,00;111,00;104,00;Geprueft
1976-02-14;108,00;112,00;107,00;Geprueft
1976-02-15;101,00;107,00;93,00;Geprueft
1976-02-16;109,00;111,00;106,00;Geprueft
1976-02-17;112,00;115,00;110,00;Geprueft
1976-02-18;110,00;113,00;108,00;Geprueft
1976-02-19;112,00;113,00;112,00;Geprueft
1976-02-20;111,00;112,00;109,00;Geprueft
1976-02-21;109,00;109,00;109,00;Geprueft
1976-02-22;106,00;110,00;103,00;Geprueft
1976-02-23;112,00;115,00;110,00;Geprueft
1976-02-24;107,00;112,00;101,00;Geprueft
1976-02-25;104,00;107,00;101,00;Geprueft
1976-02-26;101,00;107,00;96,00;Geprueft
1976-02-27;98,00;102,00;96,00;Geprueft
1976-02-28;100,00;102,00;99,00;Geprueft
1976-02-29;98,00;103,00;93,00;Geprueft
1976-03-01;97,00;99,00;95,00;Geprueft
1976-03-02;99,00;102,00;97,00;Geprueft
1976-03-03;101,00;103,00;97,00;Geprueft
1976-03-04;103,00;108,00;100,00;Geprueft
1976-03-05;99,00;100,00;97,00;Geprueft
1976-03-06;96,00;99,00;90,00;Geprueft
1976-03-07;88,00;90,00;86,00;Geprueft
1976-03-08;86,00;90,00;86,00;Geprueft
1976-03-09;94,00;100,00;90,00;Geprueft
1976-03-10;97,00;100,00;94,00;Geprueft
1976-03-11;90,00;94,00;89,00;Geprueft
1976-03-12;89,00;91,00;88,00;Geprueft
1976-03-13;83,00;88,00;78,00;Geprueft
1976-03-14;77,00;83,00;75,00;Geprueft
1976-03-15;84,00;89,00;81,00;Geprueft
1976-03-16;88,00;90,00;82,00;Geprueft
1976-03-17;80,00;83,00;78,00;Geprueft
1976-03-18;82,00;83,00;77,00;Geprueft
1976-03-19;81,00;86,00;76,00;Geprueft
1976-03-20;90,00;94,00;86,00;Geprueft
1976-03-21;92,00;95,00;91,00;Geprueft
1976-03-22;92,00;95,00;89,00;Geprueft
1976-03-23;83,00;89,00;78,00;Geprueft
1976-03-24;83,00;91,00;75,00;Geprueft
1976-03-25;92,00;95,00;87,00;Geprueft
1976-03-26;89,00;91,00;88,00;Geprueft
1976-03-27;89,00;89,00;88,00;Geprueft
1976-03-28;86,00;89,00;82,00;Geprueft
1976-03-29;87,00;91,00;81,00;Geprueft
1976-03-30;94,00;95,00;91,00;Geprueft
1976-03-31;96,00;98,00;95,00;Geprueft
1976-04-01;96,00;97,00;95,00;Geprueft
1976-04-02;97,00;100,00;95,00;Geprueft
1976-04-03;102,00;104,00;99,00;Geprueft
1976-04-04;97,00;104,00;86,00;Geprueft
1976-04-05;87,00;88,00;85,00;Geprueft
1976-04-06;95,00;104,00;88,00;Geprueft
1976-04-07;103,00;111,00;99,00;Geprueft
1976-04-08;111,00;115,00;106,00;Geprueft
1976-04-09;101,00;106,00;98,00;Geprueft
1976-04-10;97,00;99,00;90,00;Geprueft
1976-04-11;91,00;97,00;85,00;Geprueft
1976-04-12;89,00;98,00;85,00;Geprueft
1976-04-13;106,00;112,00;98,00;Geprueft
1976-04-14;99,00;107,00;95,00;Geprueft
1976-04-15;110,00;115,00;99,00;Geprueft
1976-04-16;100,00;104,00;87,00;Geprueft
1976-04-17;80,00;87,00;77,00;Geprueft
1976-04-18;78,00;79,00;76,00;Geprueft
1976-04-19;76,00;79,00;75,00;Geprueft
1976-04-20;82,00;89,00;75,00;Geprueft
1976-04-21;89,00;98,00;79,00;Geprueft
1976-04-22;92,00;98,00;89,00;Geprueft
1976-04-23;87,00;90,00;85,00;Geprueft
1976-04-24;85,00;86,00;83,00;Geprueft
1976-04-25;80,00;88,00;74,00;Geprueft
1976-04-26;95,00;104,00;88,00;Geprueft
1976-04-27;107,00;119,00;104,00;Geprueft
1976-04-28;124,00;128,00;118,00;Geprueft
1976-04-29;109,00;118,00;104,00;Geprueft
1976-04-30;103,00;107,00;100,00;Geprueft
1976-05-01;92,00;100,00;77,00;Geprueft
1976-05-02;86,00;91,00;79,00;Geprueft
1976-05-03;92,00;96,00;91,00;Geprueft
1976-05-04;92,00;96,00;89,00;Geprueft
1976-05-05;104,00;108,00;95,00;Geprueft
1976-05-06;102,00;105,00;95,00;Geprueft
1976-05-07;96,00;103,00;92,00;Geprueft
1976-05-08;91,00;92,00;86,00;Geprueft
1976-05-09;87,00;87,00;85,00;Geprueft
1976-05-10;94,00;100,00;87,00;Geprueft
1976-05-11;94,00;100,00;88,00;Geprueft
1976-05-12;101,00;120,00;88,00;Geprueft
1976-05-13;116,00;121,00;113,00;Geprueft
1976-05-14;112,00;120,00;104,00;Geprueft
1976-05-15;100,00;108,00;92,00;Geprueft
1976-05-16;88,00;93,00;82,00;Geprueft
1976-05-17;88,00;97,00;78,00;Geprueft
1976-05-18;94,00;97,00;88,00;Geprueft
1976-05-19;88,00;94,00;84,00;Geprueft
1976-05-20;89,00;94,00;79,00;Geprueft
1976-05-21;111,00;133,00;94,00;Geprueft
1976-05-22;123,00;133,00;111,00;Geprueft
1976-05-23;141,00;151,00;116,00;Geprueft
1976-05-24;144,00;151,00;136,00;Geprueft
1976-05-25;137,00;147,00;127,00;Geprueft
1976-05-26;124,00;131,00;118,00;Geprueft
1976-05-27;127,00;131,00;120,00;Geprueft
1976-05-28;129,00;131,00;127,00;Geprueft
1976-05-29;122,00;127,00;117,00;Geprueft
1976-05-30;113,00;117,00;109,00;Geprueft
1976-05-31;130,00;149,00;112,00;Geprueft
1976-06-01;154,00;165,00;149,00;Geprueft
1976-06-02;209,00;264,00;165,00;Geprueft
1976-06-03;272,00;280,00;264,00;Geprueft
1976-06-04;286,00;296,00;265,00;Geprueft
1976-06-05;245,00;265,00;232,00;Geprueft
1976-06-06;214,00;232,00;200,00;Geprueft
1976-06-07;183,00;204,00;175,00;Geprueft
1976-06-08;176,00;184,00;166,00;Geprueft
1976-06-09;157,00;167,00;149,00;Geprueft
1976-06-10;159,00;162,00;156,00;Geprueft
1976-06-11;161,00;164,00;157,00;Geprueft
1976-06-12;159,00;163,00;155,00;Geprueft
1976-06-13;155,00;162,00;150,00;Geprueft
1976-06-14;149,00;161,00;144,00;Geprueft
1976-06-15;143,00;144,00;139,00;Geprueft
1976-06-16;140,00;157,00;131,00;Geprueft
1976-06-17;163,00;170,00;150,00;Geprueft
1976-06-18;137,00;150,00;133,00;Geprueft
1976-06-19;129,00;137,00;120,00;Geprueft
1976-06-20;126,00;129,00;120,00;Geprueft
1976-06-21;125,00;135,00;119,00;Geprueft
1976-06-22;133,00;137,00;123,00;Geprueft
1976-06-23;121,00;127,00;114,00;Geprueft
1976-06-24;108,00;114,00;105,00;Geprueft
1976-06-25;108,00;110,00;104,00;Geprueft
1976-06-26;95,00;104,00;91,00;Geprueft
1976-06-27;97,00;102,00;96,00;Geprueft
1976-06-28;100,00;105,00;98,00;Geprueft
1976-06-29;104,00;105,00;103,00;Geprueft
1976-06-30;102,00;103,00;99,00;Geprueft
1976-07-01;94,00;99,00;90,00;Geprueft
1976-07-02;96,00;98,00;93,00;Geprueft
1976-07-03;95,00;96,00;91,00;Geprueft
1976-07-04;88,00;91,00;79,00;Geprueft
1976-07-05;77,00;81,00;74,00;Geprueft
1976-07-06;82,00;88,00;78,00;Geprueft
1976-07-07;83,00;89,00;71,00;Geprueft
1976-07-08;74,00;76,00;71,00;Geprueft
1976-07-09;73,00;76,00;69,00;Geprueft
1976-07-10;68,00;72,00;67,00;Geprueft
1976-07-11;67,00;68,00;66,00;Geprueft
1976-07-12;67,00;72,00;66,00;Geprueft
1976-07-13;67,00;71,00;65,00;Geprueft
1976-07-14;65,00;66,00;62,00;Geprueft
1976-07-15;63,00;65,00;61,00;Geprueft
1976-07-16;66,00;66,00;65,00;Geprueft
1976-07-17;63,00;65,00;62,00;Geprueft
1976-07-18;61,00;62,00;61,00;Geprueft
1976-07-19;60,00;61,00;60,00;Geprueft
1976-07-20;61,00;65,00;60,00;Geprueft
1976-07-21;78,00;86,00;65,00;Geprueft
1976-07-22;79,00;87,00;75,00;Geprueft
1976-07-23;92,00;119,00;76,00;Geprueft
1976-07-24;110,00;120,00;95,00;Geprueft
1976-07-25;100,00;104,00;93,00;Geprueft
1976-07-26;107,00;139,00;89,00;Geprueft
1976-07-27;141,00;144,00;139,00;Geprueft
1976-07-28;141,00;150,00;139,00;Geprueft
1976-07-29;144,00;150,00;138,00;Geprueft
1976-07-30;135,00;139,00;131,00;Geprueft
1976-07-31;120,00;131,00;108,00;Geprueft
1976-08-01;108,00;117,00;103,00;Geprueft
1976-08-02;131,00;136,00;117,00;Geprueft
1976-08-03;121,00;136,00;108,00;Geprueft
1976-08-04;107,00;119,00;105,00;Geprueft
1976-08-05;120,00;130,00;108,00;Geprueft
1976-08-06;115,00;118,00;111,00;Geprueft
1976-08-07;103,00;111,00;97,00;Geprueft
1976-08-08;94,00;97,00;93,00;Geprueft
1976-08-09;94,00;99,00;92,00;Geprueft
1976-08-10;100,00;106,00;95,00;Geprueft
1976-08-11;106,00;123,00;93,00;Geprueft
1976-08-12;122,00;124,00;118,00;Geprueft
1976-08-13;119,00;122,00;117,00;Geprueft
1976-08-14;107,00;118,00;97,00;Geprueft
1976-08-15;98,00;102,00;95,00;Geprueft
1976-08-16;101,00;104,00;98,00;Geprueft
1976-08-17;99,00;104,00;93,00;Geprueft
1976-08-18;106,00;113,00;98,00;Geprueft
1976-08-19;124,00;134,00;113,00;Geprueft
1976-08-20;130,00;134,00;127,00;Geprueft
1976-08-21;125,00;134,00;117,00;Geprueft
1976-08-22;129,00;138,00;120,00;Geprueft
1976-08-23;119,00;122,00;115,00;Geprueft
1976-08-24;116,00;118,00;113,00;Geprueft
1976-08-25;115,00;117,00;113,00;Geprueft
1976-08-26;110,00;117,00;101,00;Geprueft
1976-08-27;102,00;107,00;99,00;Geprueft
1976-08-28;113,00;118,00;105,00;Geprueft
1976-08-29;100,00;105,00;88,00;Geprueft
1976-08-30;88,00;96,00;81,00;Geprueft
1976-08-31;102,00;111,00;96,00;Geprueft
1976-09-01;114,00;126,00;103,00;Geprueft
1976-09-02;125,00;127,00;122,00;Geprueft
1976-09-03;126,00;138,00;119,00;Geprueft
1976-09-04;145,00;148,00;138,00;Geprueft
1976-09-05;146,00;148,00;140,00;Geprueft
1976-09-06;148,00;157,00;142,00;Geprueft
1976-09-07;137,00;142,00;133,00;Geprueft
1976-09-08;134,00;140,00;128,00;Geprueft
1976-09-09;126,00;140,00;123,00;Geprueft
1976-09-10;128,00;135,00;123,00;Geprueft
1976-09-11;128,00;135,00;123,00;Geprueft
1976-09-12;116,00;123,00;110,00;Geprueft
1976-09-13;110,00;112,00;101,00;Geprueft
1976-09-14;113,00;124,00;110,00;Geprueft
1976-09-15;126,00;129,00;123,00;Geprueft
1976-09-16;130,00;136,00;123,00;Geprueft
1976-09-17;135,00;137,00;132,00;Geprueft
1976-09-18;135,00;137,00;131,00;Geprueft
1976-09-19;121,00;135,00;107,00;Geprueft
1976-09-20;113,00;117,00;107,00;Geprueft
1976-09-21;116,00;118,00;113,00;Geprueft
1976-09-22;119,00;122,00;115,00;Geprueft
1976-09-23;113,00;115,00;110,00;Geprueft
1976-09-24;112,00;113,00;112,00;Geprueft
1976-09-25;105,00;112,00;96,00;Geprueft
1976-09-26;92,00;96,00;84,00;Geprueft
1976-09-27;93,00;101,00;84,00;Geprueft
1976-09-28;99,00;102,00;96,00;Geprueft
1976-09-29;96,00;97,00;94,00;Geprueft
1976-09-30;99,00;107,00;93,00;Geprueft
1976-10-01;103,00;108,00;97,00;Geprueft
1976-10-02;96,00;99,00;93,00;Geprueft
1976-10-03;89,00;93,00;86,00;Geprueft
1976-10-04;82,00;86,00;74,00;Geprueft
1976-10-05;89,00;91,00;80,00;Geprueft
1976-10-06;93,00;98,00;85,00;Geprueft
1976-10-07;90,00;96,00;86,00;Geprueft
1976-10-08;99,00;101,00;94,00;Geprueft
1976-10-09;98,00;101,00;93,00;Geprueft
1976-10-10;85,00;93,00;79,00;Geprueft
1976-10-11;74,00;79,00;72,00;Geprueft
1976-10-12;84,00;87,00;74,00;Geprueft
1976-10-13;87,00;88,00;85,00;Geprueft
1976-10-14;81,00;85,00;79,00;Geprueft
1976-10-15;80,00;82,00;77,00;Geprueft
1976-10-16;84,00;86,00;82,00;Geprueft
1976-10-17;89,00;90,00;86,00;Geprueft
1976-10-18;88,00;90,00;84,00;Geprueft
1976-10-19;85,00;89,00;83,00;Geprueft
1976-10-20;89,00;90,00;89,00;Geprueft
1976-10-21;92,00;92,00;90,00;Geprueft
1976-10-22;87,00;92,00;86,00;Geprueft
1976-10-23;83,00;88,00;78,00;Geprueft
1976-10-24;76,00;78,00;70,00;Geprueft
1976-10-25;73,00;78,00;69,00;Geprueft
1976-10-26;78,00;78,00;76,00;Geprueft
1976-10-27;81,00;84,00;76,00;Geprueft
1976-10-28;82,00;83,00;82,00;Geprueft
1976-10-29;80,00;82,00;79,00;Geprueft
1976-10-30;78,00;81,00;75,00;Geprueft
1976-10-31;78,00;82,00;75,00;Geprueft
1976-11-01;70,00;79,00;65,00;Geprueft
1976-11-02;70,00;78,00;65,00;Geprueft
1976-11-03;77,00;78,00;76,00;Geprueft
1976-11-04;74,00;77,00;70,00;Geprueft
1976-11-05;73,00;78,00;69,00;Geprueft
1976-11-06;75,00;78,00;70,00;Geprueft
1976-11-07;70,00;72,00;69,00;Geprueft
1976-11-08;81,00;86,00;72,00;Geprueft
1976-11-09;82,00;86,00;77,00;Geprueft
1976-11-10;79,00;82,00;72,00;Geprueft
1976-11-11;76,00;80,00;72,00;Geprueft
1976-11-12;79,00;79,00;77,00;Geprueft
1976-11-13;75,00;77,00;72,00;Geprueft
1976-11-14;73,00;75,00;72,00;Geprueft
1976-11-15;78,00;100,00;75,00;Geprueft
1976-11-16;101,00;103,00;97,00;Geprueft
1976-11-17;107,00;111,00;102,00;Geprueft
1976-11-18;95,00;102,00;88,00;Geprueft
1976-11-19;92,00;93,00;88,00;Geprueft
1976-11-20;86,00;93,00;74,00;Geprueft
1976-11-21;73,00;80,00;64,00;Geprueft
1976-11-22;83,00;88,00;80,00;Geprueft
1976-11-23;85,00;88,00;82,00;Geprueft
1976-11-24;85,00;91,00;82,00;Geprueft
1976-11-25;95,00;99,00;91,00;Geprueft
1976-11-26;100,00;105,00;92,00;Geprueft
1976-11-27;94,00;96,00;91,00;Geprueft
1976-11-28;95,00;99,00;93,00;Geprueft
1976-11-29;96,00;99,00;93,00;Geprueft
1976-11-30;95,00;105,00;91,00;Geprueft
1976-12-01;109,00;114,00;104,00;Geprueft
1976-12-02;100,00;116,00;94,00;Geprueft
1976-12-03;107,00;118,00;86,00;Geprueft
1976-12-04;88,00;97,00;83,00;Geprueft
1976-12-05;89,00;97,00;82,00;Geprueft
1976-12-06;85,00;88,00;82,00;Geprueft
1976-12-07;92,00;95,00;88,00;Geprueft
1976-12-08;94,00;98,00;87,00;Geprueft
1976-12-09;89,00;91,00;87,00;Geprueft
1976-12-10;100,00;111,00;91,00;Geprueft
1976-12-11;106,00;111,00;104,00;Geprueft
1976-12-12;106,00;106,00;105,00;Geprueft
1976-12-13;107,00;111,00;101,00;Geprueft
1976-12-14;100,00;104,00;97,00;Geprueft
1976-12-15;98,00;104,00;92,00;Geprueft
1976-12-16;91,00;92,00;88,00;Geprueft
1976-12-17;87,00;88,00;87,00;Geprueft
1976-12-18;86,00;88,00;80,00;Geprueft
1976-12-19;77,00;81,00;75,00;Geprueft
1976-12-20;87,00;94,00;81,00;Geprueft
1976-12-21;90,00;93,00;87,00;Geprueft
1976-12-22;86,00;90,00;82,00;Geprueft
1976-12-23;89,00;90,00;86,00;Geprueft
1976-12-24;84,00;87,00;82,00;Geprueft
1976-12-25;81,00;84,00;77,00;Geprueft
1976-12-26;77,00;78,00;77,00;Geprueft
1976-12-27;84,00;86,00;78,00;Geprueft
1976-12-28;86,00;87,00;85,00;Geprueft
1976-12-29;88,00;89,00;87,00;Geprueft
1976-12-30;90,00;95,00;88,00;Geprueft
1976-12-31;87,00;96,00;73,00;Geprueft
1977-01-01;74,00;75,00;73,00;Geprueft
1977-01-02;81,00;85,00;75,00;Geprueft
1977-01-03;81,00;90,00;76,00;Geprueft
1977-01-04;94,00;96,00;90,00;Geprueft
1977-01-05;89,00;95,00;85,00;Geprueft
1977-01-06;85,00;89,00;84,00;Geprueft
1977-01-07;84,00;87,00;80,00;Geprueft
1977-01-08;85,00;89,00;83,00;Geprueft
1977-01-09;81,00;89,00;77,00;Geprueft
1977-01-10;84,00;92,00;76,00;Geprueft
1977-01-11;91,00;94,00;86,00;Geprueft
1977-01-12;91,00;96,00;85,00;Geprueft
1977-01-13;94,00;96,00;92,00;Geprueft
1977-01-14;94,00;96,00;92,00;Geprueft
1977-01-15;84,00;93,00;80,00;Geprueft
1977-01-16;77,00;80,00;76,00;Geprueft
1977-01-17;77,00;78,00;75,00;Geprueft
1977-01-18;79,00;81,00;78,00;Geprueft
1977-01-19;84,00;87,00;81,00;Geprueft
1977-01-20;87,00;88,00;83,00;Geprueft
1977-01-21;82,00;83,00;82,00;Geprueft
1977-01-22;81,00;83,00;76,00;Geprueft
1977-01-23;75,00;76,00;74,00;Geprueft
1977-01-24;81,00;85,00;76,00;Geprueft
1977-01-25;84,00;86,00;83,00;Geprueft
1977-01-26;91,00;96,00;86,00;Geprueft
1977-01-27;116,00;131,00;95,00;Geprueft
1977-01-28;141,00;149,00;131,00;Geprueft
1977-01-29;125,00;136,00;119,00;Geprueft
1977-01-30;118,00;119,00;114,00;Geprueft
1977-01-31;111,00;116,00;108,00;Geprueft
1977-02-01;116,00;118,00;115,00;Geprueft
1977-02-02;119,00;121,00;118,00;Geprueft
1977-02-03;112,00;118,00;105,00;Geprueft
1977-02-04;101,00;105,00;100,00;Geprueft
1977-02-05;111,00;119,00;100,00;Geprueft
1977-02-06;157,00;182,00;119,00;Geprueft
1977-02-07;181,00;190,00;172,00;Geprueft
1977-02-08;172,00;174,00;170,00;Geprueft
1977-02-09;179,00;195,00;167,00;Geprueft
1977-02-10;198,00;201,00;195,00;Geprueft
1977-02-11;215,00;227,00;199,00;Geprueft
1977-02-12;210,00;227,00;191,00;Geprueft
1977-02-13;182,00;191,00;177,00;Geprueft
1977-02-14;180,00;181,00;170,00;Geprueft
1977-02-15;155,00;170,00;152,00;Geprueft
1977-02-16;159,00;168,00;152,00;Geprueft
1977-02-17;164,00;166,00;163,00;Geprueft
1977-02-18;163,00;166,00;162,00;Geprueft
1977-02-19;151,00;162,00;127,00;Geprueft
1977-02-20;126,00;133,00;122,00;Geprueft
1977-02-21;139,00;158,00;126,00;Geprueft
1977-02-22;154,00;160,00;150,00;Geprueft
1977-02-23;153,00;158,00;144,00;Geprueft
1977-02-24;145,00;157,00;142,00;Geprueft
1977-02-25;157,00;159,00;156,00;Geprueft
1977-02-26;158,00;160,00;157,00;Geprueft
1977-02-27;158,00;159,00;157,00;Geprueft
1977-02-28;151,00;160,00;146,00;Geprueft
1977-03-01;149,00;150,00;148,00;Geprueft
1977-03-02;144,00;150,00;140,00;Geprueft
1977-03-03;155,00;160,00;149,00;Geprueft
1977-03-04;162,00;164,00;160,00;Geprueft
1977-03-05;163,00;164,00;163,00;Geprueft
1977-03-06;163,00;164,00;163,00;Geprueft
1977-03-07;162,00;164,00;160,00;Geprueft
1977-03-08;157,00;160,00;150,00;Geprueft
1977-03-09;155,00;160,00;152,00;Geprueft
1977-03-10;153,00;156,00;151,00;Geprueft
1977-03-11;151,00;157,00;146,00;Geprueft
1977-03-12;146,00;150,00;145,00;Geprueft
1977-03-13;145,00;151,00;140,00;Geprueft
1977-03-14;134,00;140,00;130,00;Geprueft
1977-03-15;129,00;137,00;125,00;Geprueft
1977-03-16;136,00;137,00;133,00;Geprueft
1977-03-17;132,00;136,00;124,00;Geprueft
1977-03-18;114,00;124,00;106,00;Geprueft
1977-03-19;111,00;114,00;108,00;Geprueft
1977-03-20;119,00;124,00;114,00;Geprueft
1977-03-21;120,00;125,00;118,00;Geprueft
1977-03-22;123,00;127,00;121,00;Geprueft
1977-03-23;121,00;122,00;119,00;Geprueft
1977-03-24;120,00;124,00;118,00;Geprueft
1977-03-25;125,00;125,00;124,00;Geprueft
1977-03-26;115,00;124,00;110,00;Geprueft
1977-03-27;112,00;113,00;111,00;Geprueft
1977-03-28;113,00;121,00;111,00;Geprueft
1977-03-29;121,00;124,00;116,00;Geprueft
1977-03-30;114,00;117,00;110,00;Geprueft
1977-03-31;113,00;118,00;107,00;Geprueft
1977-04-01;105,00;107,00;101,00;Geprueft
1977-04-02;108,00;114,00;101,00;Geprueft
1977-04-03;120,00;128,00;114,00;Geprueft
1977-04-04;126,00;130,00;121,00;Geprueft
1977-04-05;121,00;124,00;119,00;Geprueft
1977-04-06;125,00;127,00;123,00;Geprueft
1977-04-07;123,00;129,00;120,00;Geprueft
1977-04-08;117,00;120,00;111,00;Geprueft
1977-04-09;118,00;125,00;108,00;Geprueft
1977-04-10;121,00;125,00;114,00;Geprueft
1977-04-11;114,00;116,00;112,00;Geprueft
1977-04-12;121,00;128,00;116,00;Geprueft
1977-04-13;135,00;151,00;128,00;Geprueft
1977-04-14;159,00;187,00;151,00;Geprueft
1977-04-15;178,00;195,00;162,00;Geprueft
1977-04-16;178,00;181,00;173,00;Geprueft
1977-04-17;171,00;180,00;155,00;Geprueft
1977-04-18;153,00;163,00;148,00;Geprueft
1977-04-19;164,00;167,00;161,00;Geprueft
1977-04-20;162,00;167,00;159,00;Geprueft
1977-04-21;164,00;170,00;159,00;Geprueft
1977-04-22;162,00;170,00;158,00;Geprueft
1977-04-23;160,00;168,00;158,00;Geprueft
1977-04-24;182,00;196,00;168,00;Geprueft
1977-04-25;195,00;196,00;193,00;Geprueft
1977-04-26;192,00;195,00;190,00;Geprueft
1977-04-27;191,00;193,00;188,00;Geprueft
1977-04-28;192,00;194,00;189,00;Geprueft
1977-04-29;189,00;194,00;181,00;Geprueft
1977-04-30;187,00;191,00;181,00;Geprueft
1977-05-01;174,00;188,00;168,00;Geprueft
1977-05-02;169,00;174,00;165,00;Geprueft
1977-05-03;175,00;178,00;172,00;Geprueft
1977-05-04;175,00;178,00;173,00;Geprueft
1977-05-05;172,00;174,00;168,00;Geprueft
1977-05-06;170,00;177,00;163,00;Geprueft
1977-05-07;178,00;180,00;169,00;Geprueft
1977-05-08;156,00;169,00;150,00;Geprueft
1977-05-09;158,00;169,00;153,00;Geprueft
1977-05-10;157,00;169,00;152,00;Geprueft
1977-05-11;150,00;155,00;147,00;Geprueft
1977-05-12;145,00;151,00;136,00;Geprueft
1977-05-13;144,00;156,00;133,00;Geprueft
1977-05-14;157,00;164,00;151,00;Geprueft
1977-05-15;149,00;152,00;144,00;Geprueft
1977-05-16;154,00;162,00;146,00;Geprueft
1977-05-17;145,00;151,00;141,00;Geprueft
1977-05-18;145,00;148,00;139,00;Geprueft
1977-05-19;130,00;139,00;124,00;Geprueft
1977-05-20;132,00;144,00;124,00;Geprueft
1977-05-21;138,00;145,00;132,00;Geprueft
1977-05-22;145,00;147,00;139,00;Geprueft
1977-05-23;139,00;145,00;127,00;Geprueft
1977-05-24;126,00;135,00;116,00;Geprueft
1977-05-25;136,00;138,00;130,00;Geprueft
1977-05-26;141,00;149,00;130,00;Geprueft
1977-05-27;128,00;131,00;121,00;Geprueft
1977-05-28;119,00;123,00;115,00;Geprueft
1977-05-29;113,00;118,00;102,00;Geprueft
1977-05-30;103,00;106,00;100,00;Geprueft
1977-05-31;109,00;116,00;104,00;Geprueft
1977-06-01;120,00;123,00;116,00;Geprueft
1977-06-02;128,00;131,00;123,00;Geprueft
1977-06-03;120,00;130,00;107,00;Geprueft
1977-06-04;107,00;109,00;104,00;Geprueft
1977-06-05;102,00;107,00;100,00;Geprueft
1977-06-06;110,00;125,00;98,00;Geprueft
1977-06-07;123,00;126,00;117,00;Geprueft
1977-06-08;114,00;117,00;111,00;Geprueft
1977-06-09;100,00;111,00;88,00;Geprueft
1977-06-10;87,00;92,00;82,00;Geprueft
1977-06-11;88,00;91,00;82,00;Geprueft
1977-06-12;96,00;99,00;91,00;Geprueft
1977-06-13;98,00;105,00;96,00;Geprueft
1977-06-14;121,00;127,00;105,00;Geprueft
1977-06-15;130,00;142,00;121,00;Geprueft
1977-06-16;144,00;146,00;141,00;Geprueft
1977-06-17;135,00;142,00;117,00;Geprueft
1977-06-18;107,00;117,00;101,00;Geprueft
1977-06-19;121,00;142,00;102,00;Geprueft
1977-06-20;133,00;142,00;119,00;Geprueft
1977-06-21;117,00;126,00;109,00;Geprueft
1977-06-22;142,00;153,00;121,00;Geprueft
1977-06-23;149,00;153,00;144,00;Geprueft
1977-06-24;128,00;154,00;104,00;Geprueft
1977-06-25;107,00;109,00;104,00;Geprueft
1977-06-26;111,00;121,00;108,00;Geprueft
1977-06-27;136,00;143,00;121,00;Geprueft
1977-06-28;146,00;154,00;134,00;Geprueft
1977-06-29;131,00;134,00;130,00;Geprueft
1977-06-30;147,00;162,00;134,00;Geprueft
1977-07-01;182,00;190,00;162,00;Geprueft
1977-07-02;157,00;189,00;148,00;Geprueft
1977-07-03;143,00;150,00;135,00;Geprueft
1977-07-04;126,00;135,00;122,00;Geprueft
1977-07-05;126,00;128,00;124,00;Geprueft
1977-07-06;119,00;126,00;107,00;Geprueft
1977-07-07;106,00;107,00;104,00;Geprueft
1977-07-08;109,00;111,00;107,00;Geprueft
1977-07-09;115,00;117,00;111,00;Geprueft
1977-07-10;119,00;134,00;113,00;Geprueft
1977-07-11;134,00;137,00;125,00;Geprueft
1977-07-12;123,00;129,00;114,00;Geprueft
1977-07-13;114,00;117,00;112,00;Geprueft
1977-07-14;112,00;128,00;107,00;Geprueft
1977-07-15;133,00;139,00;128,00;Geprueft
1977-07-16;138,00;145,00;134,00;Geprueft
1977-07-17;112,00;134,00;95,00;Geprueft
1977-07-18;103,00;111,00;96,00;Geprueft
1977-07-19;113,00;114,00;111,00;Geprueft
1977-07-20;116,00;119,00;111,00;Geprueft
1977-07-21;125,00;143,00;118,00;Geprueft
1977-07-22;143,00;147,00;139,00;Geprueft
1977-07-23;128,00;145,00;107,00;Geprueft
1977-07-24;103,00;107,00;99,00;Geprueft
1977-07-25;109,00;124,00;101,00;Geprueft
1977-07-26;132,00;148,00;124,00;Geprueft
1977-07-27;150,00;157,00;145,00;Geprueft
1977-07-28;134,00;145,00;122,00;Geprueft
1977-07-29;116,00;122,00;107,00;Geprueft
1977-07-30;106,00;108,00;96,00;Geprueft
1977-07-31;117,00;174,00;95,00;Geprueft
1977-08-01;210,00;263,00;174,00;Geprueft
1977-08-02;302,00;314,00;263,00;Geprueft
1977-08-03;286,00;298,00;274,00;Geprueft
1977-08-04;250,00;274,00;236,00;Geprueft
1977-08-05;225,00;245,00;211,00;Geprueft
1977-08-06;196,00;211,00;188,00;Geprueft
1977-08-07;179,00;196,00;170,00;Geprueft
1977-08-08;158,00;171,00;155,00;Geprueft
1977-08-09;149,00;155,00;142,00;Geprueft
1977-08-10;182,00;241,00;143,00;Geprueft
1977-08-11;261,00;272,00;241,00;Geprueft
1977-08-12;260,00;273,00;225,00;Geprueft
1977-08-13;219,00;229,00;214,00;Geprueft
1977-08-14;201,00;219,00;197,00;Geprueft
1977-08-15;187,00;197,00;174,00;Geprueft
1977-08-16;174,00;177,00;169,00;Geprueft
1977-08-17;162,00;174,00;153,00;Geprueft
1977-08-18;158,00;163,00;153,00;Geprueft
1977-08-19;159,00;164,00;158,00;Geprueft
1977-08-20;155,00;158,00;150,00;Geprueft
1977-08-21;148,00;159,00;141,00;Geprueft
1977-08-22;176,00;186,00;159,00;Geprueft
1977-08-23;192,00;202,00;182,00;Geprueft
1977-08-24;189,00;198,00;185,00;Geprueft
1977-08-25;195,00;195,00;191,00;Geprueft
1977-08-26;182,00;195,00;173,00;Geprueft
1977-08-27;161,00;176,00;154,00;Geprueft
1977-08-28;156,00;169,00;147,00;Geprueft
1977-08-29;160,00;172,00;150,00;Geprueft
1977-08-30;157,00;161,00;154,00;Geprueft
1977-08-31;151,00;159,00;147,00;Geprueft
1977-09-01;139,00;149,00;135,00;Geprueft
1977-09-02;152,00;157,00;143,00;Geprueft
1977-09-03;150,00;165,00;126,00;Geprueft
1977-09-04;133,00;151,00;126,00;Geprueft
1977-09-05;175,00;187,00;151,00;Geprueft
1977-09-06;182,00;193,00;166,00;Geprueft
1977-09-07;149,00;166,00;142,00;Geprueft
1977-09-08;141,00;145,00;137,00;Geprueft
1977-09-09;151,00;162,00;141,00;Geprueft
1977-09-10;167,00;171,00;162,00;Geprueft
1977-09-11;147,00;164,00;134,00;Geprueft
1977-09-12;134,00;137,00;130,00;Geprueft
1977-09-13;137,00;141,00;133,00;Geprueft
1977-09-14;137,00;140,00;134,00;Geprueft
1977-09-15;137,00;143,00;133,00;Geprueft
1977-09-16;138,00;144,00;129,00;Geprueft
1977-09-17;120,00;129,00;113,00;Geprueft
1977-09-18;113,00;121,00;109,00;Geprueft
1977-09-19;115,00;120,00;109,00;Geprueft
1977-09-20;115,00;121,00;108,00;Geprueft
1977-09-21;117,00;133,00;109,00;Geprueft
1977-09-22;116,00;133,00;108,00;Geprueft
1977-09-23;106,00;110,00;97,00;Geprueft
1977-09-24;97,00;99,00;94,00;Geprueft
1977-09-25;101,00;105,00;98,00;Geprueft
1977-09-26;94,00;105,00;86,00;Geprueft
1977-09-27;93,00;95,00;88,00;Geprueft
1977-09-28;90,00;98,00;86,00;Geprueft
1977-09-29;99,00;113,00;93,00;Geprueft
1977-09-30;101,00;110,00;87,00;Geprueft
1977-10-01;91,00;95,00;88,00;Geprueft
1977-10-02;90,00;92,00;88,00;Geprueft
1977-10-03;93,00;95,00;89,00;Geprueft
1977-10-04;98,00;99,00;95,00;Geprueft
1977-10-05;88,00;98,00;62,00;Geprueft
1977-10-06;89,00;91,00;83,00;Geprueft
1977-10-07;89,00;94,00;85,00;Geprueft
1977-10-08;88,00;94,00;83,00;Geprueft
1977-10-09;79,00;83,00;67,00;Geprueft
1977-10-10;86,00;103,00;66,00;Geprueft
1977-10-11;103,00;122,00;85,00;Geprueft
1977-10-12;100,00;104,00;97,00;Geprueft
1977-10-13;95,00;100,00;93,00;Geprueft
1977-10-14;94,00;94,00;93,00;Geprueft
1977-10-15;88,00;93,00;83,00;Geprueft
1977-10-16;80,00;83,00;77,00;Geprueft
1977-10-17;79,00;81,00;76,00;Geprueft
1977-10-18;80,00;81,00;79,00;Geprueft
1977-10-19;85,00;87,00;81,00;Geprueft
1977-10-20;87,00;89,00;85,00;Geprueft
1977-10-21;83,00;85,00;79,00;Geprueft
1977-10-22;79,00;82,00;64,00;Geprueft
1977-10-23;69,00;74,00;62,00;Geprueft
1977-10-24;73,00;77,00;69,00;Geprueft
1977-10-25;75,00;78,00;72,00;Geprueft
1977-10-26;85,00;94,00;75,00;Geprueft
1977-10-27;83,00;90,00;78,00;Geprueft
1977-10-28;79,00;81,00;78,00;Geprueft
1977-10-29;77,00;82,00;70,00;Geprueft
1977-10-30;73,00;75,00;70,00;Geprueft
1977-10-31;82,00;85,00;75,00;Geprueft
1977-11-01;85,00;89,00;81,00;Geprueft
1977-11-02;81,00;88,00;77,00;Geprueft
1977-11-03;119,00;141,00;88,00;Geprueft
1977-11-04;128,00;150,00;93,00;Geprueft
1977-11-05;103,00;109,00;92,00;Geprueft
1977-11-06;96,00;110,00;79,00;Geprueft
1977-11-07;95,00;104,00;79,00;Geprueft
1977-11-08;100,00;117,00;83,00;Geprueft
1977-11-09;92,00;113,00;77,00;Geprueft
1977-11-10;89,00;114,00;82,00;Geprueft
1977-11-11;89,00;130,00;49,00;Geprueft
1977-11-12;95,00;122,00;67,00;Geprueft
1977-11-13;92,00;110,00;77,00;Geprueft
1977-11-14;88,00;91,00;80,00;Geprueft
1977-11-15;103,00;134,00;89,00;Geprueft
1977-11-16;128,00;148,00;118,00;Geprueft
1977-11-17;110,00;120,00;100,00;Geprueft
1977-11-18;99,00;105,00;97,00;Geprueft
1977-11-19;105,00;113,00;98,00;Geprueft
1977-11-20;104,00;113,00;95,00;Geprueft
1977-11-21;97,00;99,00;95,00;Geprueft
1977-11-22;99,00;99,00;98,00;Geprueft
1977-11-23;99,00;100,00;98,00;Geprueft
1977-11-24;99,00;100,00;94,00;Geprueft
1977-11-25;92,00;94,00;90,00;Geprueft
1977-11-26;91,00;94,00;87,00;Geprueft
1977-11-27;85,00;90,00;83,00;Geprueft
1977-11-28;96,00;99,00;88,00;Geprueft
1977-11-29;97,00;100,00;95,00;Geprueft
1977-11-30;88,00;95,00;82,00;Geprueft
1977-12-01;85,00;87,00;82,00;Geprueft
1977-12-02;87,00;89,00;85,00;Geprueft
1977-12-03;86,00;89,00;81,00;Geprueft
1977-12-04;78,00;81,00;77,00;Geprueft
1977-12-05;77,00;85,00;71,00;Geprueft
1977-12-06;86,00;88,00;81,00;Geprueft
1977-12-07;89,00;95,00;80,00;Geprueft
1977-12-08;92,00;96,00;88,00;Geprueft
1977-12-09;83,00;89,00;80,00;Geprueft
1977-12-10;87,00;88,00;83,00;Geprueft
1977-12-11;86,00;88,00;82,00;Geprueft
1977-12-12;87,00;97,00;82,00;Geprueft
1977-12-13;108,00;126,00;97,00;Geprueft
1977-12-14;139,00;150,00;126,00;Geprueft
1977-12-15;120,00;135,00;110,00;Geprueft
1977-12-16;102,00;110,00;87,00;Geprueft
1977-12-17;95,00;98,00;86,00;Geprueft
1977-12-18;89,00;94,00;86,00;Geprueft
1977-12-19;94,00;94,00;94,00;Geprueft
1977-12-20;100,00;106,00;94,00;Geprueft
1977-12-21;96,00;105,00;88,00;Geprueft
1977-12-22;94,00;96,00;91,00;Geprueft
1977-12-23;95,00;104,00;70,00;Geprueft
1977-12-24;95,00;97,00;94,00;Geprueft
1977-12-25;133,00;153,00;95,00;Geprueft
1977-12-26;151,00;152,00;147,00;Geprueft
1977-12-27;141,00;147,00;129,00;Geprueft
1977-12-28;135,00;144,00;129,00;Geprueft
1977-12-29;133,00;144,00;118,00;Geprueft
1977-12-30;128,00;139,00;120,00;Geprueft
1977-12-31;124,00;138,00;104,00;Geprueft
1978-01-01;106,00;115,00;97,00;Geprueft
1978-01-02;97,00;109,00;81,00;Geprueft
1978-01-03;110,00;112,00;109,00;Geprueft
1978-01-04;121,00;125,00;112,00;Geprueft
1978-01-05;125,00;128,00;121,00;Geprueft
1978-01-06;114,00;121,00;107,00;Geprueft
1978-01-07;106,00;107,00;105,00;Geprueft
1978-01-08;92,00;106,00;78,00;Geprueft
1978-01-09;91,00;99,00;85,00;Geprueft
1978-01-10;102,00;110,00;99,00;Geprueft
1978-01-11;112,00;116,00;110,00;Geprueft
1978-01-12;120,00;131,00;113,00;Geprueft
1978-01-13;110,00;125,00;96,00;Geprueft
1978-01-14;95,00;96,00;95,00;Geprueft
1978-01-15;92,00;95,00;87,00;Geprueft
1978-01-16;97,00;113,00;87,00;Geprueft
1978-01-17;103,00;108,00;95,00;Geprueft
1978-01-18;99,00;105,00;95,00;Geprueft
1978-01-19;105,00;112,00;101,00;Geprueft
1978-01-20;106,00;108,00;101,00;Geprueft
1978-01-21;94,00;101,00;86,00;Geprueft
1978-01-22;82,00;91,00;76,00;Geprueft
1978-01-23;82,00;93,00;76,00;Geprueft
1978-01-24;95,00;104,00;79,00;Geprueft
1978-01-25;108,00;118,00;101,00;Geprueft
1978-01-26;116,00;122,00;111,00;Geprueft
1978-01-27;117,00;123,00;114,00;Geprueft
1978-01-28;106,00;120,00;92,00;Geprueft
1978-01-29;94,00;97,00;92,00;Geprueft
1978-01-30;95,00;103,00;89,00;Geprueft
1978-01-31;85,00;89,00;82,00;Geprueft
1978-02-01;90,00;94,00;88,00;Geprueft
1978-02-02;101,00;106,00;94,00;Geprueft
1978-02-03;107,00;109,00;101,00;Geprueft
1978-02-04;110,00;112,00;109,00;Geprueft
1978-02-05;111,00;112,00;111,00;Geprueft
1978-02-06;95,00;111,00;82,00;Geprueft
1978-02-07;83,00;88,00;82,00;Geprueft
1978-02-08;92,00;95,00;88,00;Geprueft
1978-02-09;89,00;98,00;79,00;Geprueft
1978-02-10;81,00;86,00;77,00;Geprueft
1978-02-11;81,00;85,00;74,00;Geprueft
1978-02-12;74,00;75,00;74,00;Geprueft
1978-02-13;77,00;83,00;73,00;Geprueft
1978-02-14;86,00;87,00;83,00;Geprueft
1978-02-15;85,00;86,00;83,00;Geprueft
1978-02-16;75,00;83,00;68,00;Geprueft
1978-02-17;75,00;80,00;72,00;Geprueft
1978-02-18;77,00;80,00;73,00;Geprueft
1978-02-19;75,00;83,00;73,00;Geprueft
1978-02-20;85,00;88,00;81,00;Geprueft
1978-02-21;84,00;89,00;79,00;Geprueft
1978-02-22;79,00;83,00;75,00;Geprueft
1978-02-23;77,00;78,00;75,00;Geprueft
1978-02-24;81,00;85,00;78,00;Geprueft
1978-02-25;87,00;96,00;85,00;Geprueft
1978-02-26;107,00;116,00;95,00;Geprueft
1978-02-27;122,00;131,00;111,00;Geprueft
1978-02-28;140,00;143,00;131,00;Geprueft
1978-03-01;143,00;144,00;143,00;Geprueft
1978-03-02;147,00;151,00;144,00;Geprueft
1978-03-03;154,00;158,00;149,00;Geprueft
1978-03-04;157,00;164,00;153,00;Geprueft
1978-03-05;155,00;161,00;150,00;Geprueft
1978-03-06;155,00;167,00;144,00;Geprueft
1978-03-07;162,00;169,00;151,00;Geprueft
1978-03-08;150,00;153,00;143,00;Geprueft
1978-03-09;150,00;154,00;143,00;Geprueft
1978-03-10;153,00;163,00;147,00;Geprueft
1978-03-11;154,00;165,00;147,00;Geprueft
1978-03-12;156,00;166,00;145,00;Geprueft
1978-03-13;161,00;168,00;155,00;Geprueft
1978-03-14;163,00;169,00;157,00;Geprueft
1978-03-15;163,00;169,00;160,00;Geprueft
1978-03-16;158,00;165,00;150,00;Geprueft
1978-03-17;150,00;150,00;149,00;Geprueft
1978-03-18;150,00;154,00;147,00;Geprueft
1978-03-19;136,00;147,00;125,00;Geprueft
1978-03-20;144,00;165,00;129,00;Geprueft
1978-03-21;169,00;190,00;159,00;Geprueft
1978-03-22;205,00;210,00;190,00;Geprueft
1978-03-23;204,00;209,00;199,00;Geprueft
1978-03-24;194,00;199,00;190,00;Geprueft
1978-03-25;177,00;190,00;169,00;Geprueft
1978-03-26;169,00;173,00;165,00;Geprueft
1978-03-27;150,00;165,00;137,00;Geprueft
1978-03-28;153,00;170,00;137,00;Geprueft
1978-03-29;168,00;173,00;164,00;Geprueft
1978-03-30;166,00;168,00;165,00;Geprueft
1978-03-31;169,00;173,00;164,00;Geprueft
1978-04-01;165,00;173,00;160,00;Geprueft
1978-04-02;168,00;177,00;160,00;Geprueft
1978-04-03;167,00;181,00;155,00;Geprueft
1978-04-04;160,00;164,00;150,00;Geprueft
1978-04-05;156,00;163,00;149,00;Geprueft
1978-04-06;144,00;149,00;141,00;Geprueft
1978-04-07;145,00;148,00;143,00;Geprueft
1978-04-08;137,00;145,00;128,00;Geprueft
1978-04-09;127,00;131,00;118,00;Geprueft
1978-04-10;124,00;126,00;119,00;Geprueft
1978-04-11;129,00;131,00;125,00;Geprueft
1978-04-12;140,00;148,00;130,00;Geprueft
1978-04-13;136,00;140,00;128,00;Geprueft
1978-04-14;121,00;128,00;117,00;Geprueft
1978-04-15;120,00;121,00;117,00;Geprueft
1978-04-16;123,00;129,00;120,00;Geprueft
1978-04-17;126,00;130,00;121,00;Geprueft
1978-04-18;130,00;132,00;128,00;Geprueft
1978-04-19;120,00;133,00;109,00;Geprueft
1978-04-20;108,00;109,00;107,00;Geprueft
1978-04-21;112,00;114,00;107,00;Geprueft
1978-04-22;107,00;114,00;103,00;Geprueft
1978-04-23;102,00;107,00;95,00;Geprueft
1978-04-24;96,00;105,00;90,00;Geprueft
1978-04-25;106,00;109,00;102,00;Geprueft
1978-04-26;106,00;110,00;100,00;Geprueft
1978-04-27;96,00;100,00;93,00;Geprueft
1978-04-28;122,00;152,00;95,00;Geprueft
1978-04-29;134,00;152,00;120,00;Geprueft
1978-04-30;122,00;127,00;110,00;Geprueft
1978-05-01;102,00;113,00;96,00;Geprueft
1978-05-02;124,00;140,00;113,00;Geprueft
1978-05-03;133,00;141,00;125,00;Geprueft
1978-05-04;109,00;125,00;99,00;Geprueft
1978-05-05;99,00;102,00;97,00;Geprueft
1978-05-06;107,00;112,00;102,00;Geprueft
1978-05-07;118,00;122,00;112,00;Geprueft
1978-05-08;144,00;185,00;122,00;Geprueft
1978-05-09;219,00;259,00;185,00;Geprueft
1978-05-10;236,00;270,00;203,00;Geprueft
1978-05-11;212,00;215,00;209,00;Geprueft
1978-05-12;202,00;211,00;197,00;Geprueft
1978-05-13;195,00;203,00;187,00;Geprueft
1978-05-14;195,00;198,00;188,00;Geprueft
1978-05-15;176,00;188,00;161,00;Geprueft
1978-05-16;163,00;176,00;157,00;Geprueft
1978-05-17;163,00;176,00;153,00;Geprueft
1978-05-18;149,00;153,00;142,00;Geprueft
1978-05-19;153,00;163,00;148,00;Geprueft
1978-05-20;159,00;165,00;147,00;Geprueft
1978-05-21;151,00;153,00;150,00;Geprueft
1978-05-22;151,00;160,00;145,00;Geprueft
1978-05-23;154,00;164,00;147,00;Geprueft
1978-05-24;161,00;167,00;148,00;Geprueft
1978-05-25;144,00;148,00;136,00;Geprueft
1978-05-26;133,00;142,00;127,00;Geprueft
1978-05-27;137,00;144,00;126,00;Geprueft
1978-05-28;130,00;135,00;125,00;Geprueft
1978-05-29;126,00;130,00;124,00;Geprueft
1978-05-30;120,00;125,00;116,00;Geprueft
1978-05-31;125,00;132,00;120,00;Geprueft
1978-06-01;133,00;138,00;129,00;Geprueft
1978-06-02;139,00;142,00;136,00;Geprueft
1978-06-03;118,00;139,00;104,00;Geprueft
1978-06-04;115,00;123,00;106,00;Geprueft
1978-06-05;123,00;129,00;119,00;Geprueft
1978-06-06;119,00;127,00;110,00;Geprueft
1978-06-07;124,00;127,00;118,00;Geprueft
1978-06-08;132,00;136,00;125,00;Geprueft
1978-06-09;136,00;141,00;128,00;Geprueft
1978-06-10;124,00;131,00;118,00;Geprueft
1978-06-11;133,00;135,00;129,00;Geprueft
1978-06-12;121,00;129,00;119,00;Geprueft
1978-06-13;131,00;133,00;122,00;Geprueft
1978-06-14;132,00;134,00;124,00;Geprueft
1978-06-15;119,00;125,00;114,00;Geprueft
1978-06-16;119,00;119,00;118,00;Geprueft
1978-06-17;123,00;135,00;119,00;Geprueft
1978-06-18;142,00;150,00;135,00;Geprueft
1978-06-19;120,00;139,00;112,00;Geprueft
1978-06-20;123,00;125,00;121,00;Geprueft
1978-06-21;116,00;121,00;112,00;Geprueft
1978-06-22;115,00;116,00;113,00;Geprueft
1978-06-23;113,00;122,00;106,00;Geprueft
1978-06-24;144,00;158,00;122,00;Geprueft
1978-06-25;167,00;174,00;158,00;Geprueft
1978-06-26;161,00;178,00;144,00;Geprueft
1978-06-27;145,00;150,00;143,00;Geprueft
1978-06-28;145,00;150,00;143,00;Geprueft
1978-06-29;142,00;148,00;135,00;Geprueft
1978-06-30;134,00;137,00;128,00;Geprueft
1978-07-01;133,00;141,00;125,00;Geprueft
1978-07-02;139,00;141,00;132,00;Geprueft
1978-07-03;137,00;145,00;133,00;Geprueft
1978-07-04;152,00;163,00;145,00;Geprueft
1978-07-05;187,00;220,00;160,00;Geprueft
1978-07-06;250,00;260,00;220,00;Geprueft
1978-07-07;240,00;249,00;232,00;Geprueft
1978-07-08;217,00;232,00;212,00;Geprueft
1978-07-09;204,00;212,00;196,00;Geprueft
1978-07-10;208,00;215,00;202,00;Geprueft
1978-07-11;209,00;216,00;197,00;Geprueft
1978-07-12;194,00;198,00;184,00;Geprueft
1978-07-13;195,00;200,00;187,00;Geprueft
1978-07-14;186,00;190,00;172,00;Geprueft
1978-07-15;163,00;172,00;159,00;Geprueft
1978-07-16;153,00;159,00;147,00;Geprueft
1978-07-17;153,00;158,00;148,00;Geprueft
1978-07-18;148,00;152,00;145,00;Geprueft
1978-07-19;160,00;173,00;149,00;Geprueft
1978-07-20;178,00;181,00;173,00;Geprueft
1978-07-21;178,00;181,00;173,00;Geprueft
1978-07-22;173,00;180,00;158,00;Geprueft
1978-07-23;185,00;191,00;180,00;Geprueft
1978-07-24;161,00;181,00;149,00;Geprueft
1978-07-25;157,00;163,00;148,00;Geprueft
1978-07-26;152,00;163,00;143,00;Geprueft
1978-07-27;152,00;160,00;144,00;Geprueft
1978-07-28;151,00;158,00;147,00;Geprueft
1978-07-29;142,00;148,00;138,00;Geprueft
1978-07-30;126,00;144,00;111,00;Geprueft
1978-07-31;112,00;120,00;105,00;Geprueft
1978-08-01;128,00;138,00;119,00;Geprueft
1978-08-02;137,00;139,00;134,00;Geprueft
1978-08-03;141,00;148,00;135,00;Geprueft
1978-08-04;147,00;151,00;143,00;Geprueft
1978-08-05;128,00;143,00;114,00;Geprueft
1978-08-06;111,00;116,00;107,00;Geprueft
1978-08-07;126,00;139,00;116,00;Geprueft
1978-08-08;186,00;229,00;139,00;Geprueft
1978-08-09;262,00;273,00;228,00;Geprueft
1978-08-10;233,00;258,00;215,00;Geprueft
1978-08-11;198,00;215,00;188,00;Geprueft
1978-08-12;189,00;192,00;186,00;Geprueft
1978-08-13;176,00;189,00;170,00;Geprueft
1978-08-14;163,00;170,00;160,00;Geprueft
1978-08-15;151,00;160,00;135,00;Geprueft
1978-08-16;146,00;166,00;132,00;Geprueft
1978-08-17;183,00;192,00;166,00;Geprueft
1978-08-18;175,00;188,00;162,00;Geprueft
1978-08-19;151,00;162,00;139,00;Geprueft
1978-08-20;141,00;150,00;135,00;Geprueft
1978-08-21;148,00;152,00;138,00;Geprueft
1978-08-22;139,00;152,00;127,00;Geprueft
1978-08-23;130,00;134,00;127,00;Geprueft
1978-08-24;137,00;139,00;134,00;Geprueft
1978-08-25;136,00;139,00;130,00;Geprueft
1978-08-26;123,00;131,00;111,00;Geprueft
1978-08-27;111,00;115,00;108,00;Geprueft
1978-08-28;113,00;125,00;105,00;Geprueft
1978-08-29;127,00;130,00;123,00;Geprueft
1978-08-30;119,00;126,00;110,00;Geprueft
1978-08-31;125,00;134,00;120,00;Geprueft
1978-09-01;133,00;136,00;127,00;Geprueft
1978-09-02;131,00;137,00;122,00;Geprueft
1978-09-03;133,00;137,00;131,00;Geprueft
1978-09-04;128,00;134,00;122,00;Geprueft
1978-09-05;126,00;130,00;120,00;Geprueft
1978-09-06;118,00;126,00;107,00;Geprueft
1978-09-07;120,00;148,00;105,00;Geprueft
1978-09-08;165,00;189,00;148,00;Geprueft
1978-09-09;194,00;203,00;188,00;Geprueft
1978-09-10;171,00;189,00;161,00;Geprueft
1978-09-11;153,00;162,00;144,00;Geprueft
1978-09-12;153,00;164,00;146,00;Geprueft
1978-09-13;180,00;210,00;161,00;Geprueft
1978-09-14;204,00;211,00;200,00;Geprueft
1978-09-15;183,00;200,00;167,00;Geprueft
1978-09-16;162,00;173,00;159,00;Geprueft
1978-09-17;165,00;167,00;162,00;Geprueft
1978-09-18;148,00;163,00;140,00;Geprueft
1978-09-19;131,00;143,00;121,00;Geprueft
1978-09-20;130,00;136,00;120,00;Geprueft
1978-09-21;125,00;136,00;113,00;Geprueft
1978-09-22;119,00;121,00;115,00;Geprueft
1978-09-23;114,00;121,00;107,00;Geprueft
1978-09-24;121,00;125,00;115,00;Geprueft
1978-09-25;109,00;115,00;103,00;Geprueft
1978-09-26;114,00;119,00;111,00;Geprueft
1978-09-27;128,00;137,00;118,00;Geprueft
1978-09-28;116,00;121,00;114,00;Geprueft
1978-09-29;136,00;153,00;121,00;Geprueft
1978-09-30;152,00;163,00;141,00;Geprueft
1978-10-01;135,00;142,00;131,00;Geprueft
1978-10-02;144,00;153,00;138,00;Geprueft
1978-10-03;131,00;138,00;128,00;Geprueft
1978-10-04;127,00;135,00;119,00;Geprueft
1978-10-05;139,00;148,00;130,00;Geprueft
1978-10-06;157,00;172,00;145,00;Geprueft
1978-10-07;157,00;172,00;138,00;Geprueft
1978-10-08;135,00;138,00;130,00;Geprueft
1978-10-09;125,00;131,00;117,00;Geprueft
1978-10-10;125,00;134,00;117,00;Geprueft
1978-10-11;123,00;134,00;117,00;Geprueft
1978-10-12;122,00;130,00;104,00;Geprueft
1978-10-13;113,00;125,00;104,00;Geprueft
1978-10-14;119,00;136,00;103,00;Geprueft
1978-10-15;102,00;106,00;97,00;Geprueft
1978-10-16;109,00;112,00;101,00;Geprueft
1978-10-17;108,00;111,00;104,00;Geprueft
1978-10-18;118,00;134,00;101,00;Geprueft
1978-10-19;125,00;135,00;117,00;Geprueft
1978-10-20;114,00;121,00;111,00;Geprueft
1978-10-21;105,00;111,00;100,00;Geprueft
1978-10-22;107,00;122,00;100,00;Geprueft
1978-10-23;118,00;138,00;107,00;Geprueft
1978-10-24;146,00;151,00;138,00;Geprueft
1978-10-25;132,00;148,00;121,00;Geprueft
1978-10-26;141,00;185,00;121,00;Geprueft
1978-10-27;218,00;250,00;185,00;Geprueft
1978-10-28;236,00;252,00;216,00;Geprueft
1978-10-29;201,00;216,00;181,00;Geprueft
1978-10-30;179,00;186,00;165,00;Geprueft
1978-10-31;158,00;165,00;153,00;Geprueft
1978-11-01;154,00;162,00;148,00;Geprueft
1978-11-02;140,00;148,00;135,00;Geprueft
1978-11-03;137,00;142,00;132,00;Geprueft
1978-11-04;127,00;135,00;123,00;Geprueft
1978-11-05;120,00;131,00;112,00;Geprueft
1978-11-06;121,00;131,00;111,00;Geprueft
1978-11-07;113,00;118,00;110,00;Geprueft
1978-11-08;121,00;125,00;118,00;Geprueft
1978-11-09;115,00;125,00;110,00;Geprueft
1978-11-10;104,00;110,00;101,00;Geprueft
1978-11-11;106,00;114,00;104,00;Geprueft
1978-11-12;112,00;117,00;105,00;Geprueft
1978-11-13;102,00;105,00;93,00;Geprueft
1978-11-14;97,00;104,00;89,00;Geprueft
1978-11-15;106,00;111,00;102,00;Geprueft
1978-11-16;108,00;119,00;101,00;Geprueft
1978-11-17;102,00;103,00;100,00;Geprueft
1978-11-18;94,00;100,00;91,00;Geprueft
1978-11-19;91,00;93,00;90,00;Geprueft
1978-11-20;93,00;98,00;91,00;Geprueft
1978-11-21;103,00;107,00;98,00;Geprueft
1978-11-22;100,00;106,00;98,00;Geprueft
1978-11-23;97,00;99,00;94,00;Geprueft
1978-11-24;95,00;98,00;92,00;Geprueft
1978-11-25;91,00;92,00;89,00;Geprueft
1978-11-26;84,00;89,00;80,00;Geprueft
1978-11-27;84,00;86,00;82,00;Geprueft
1978-11-28;96,00;101,00;86,00;Geprueft
1978-11-29;93,00;99,00;88,00;Geprueft
1978-11-30;99,00;100,00;99,00;Geprueft
1978-12-01;96,00;99,00;83,00;Geprueft
1978-12-02;92,00;99,00;86,00;Geprueft
1978-12-03;79,00;86,00;72,00;Geprueft
1978-12-04;78,00;85,00;71,00;Geprueft
1978-12-05;80,00;85,00;77,00;Geprueft
1978-12-06;78,00;78,00;77,00;Geprueft
1978-12-07;80,00;84,00;77,00;Geprueft
1978-12-08;83,00;85,00;82,00;Geprueft
1978-12-09;96,00;107,00;83,00;Geprueft
1978-12-10;102,00;109,00;97,00;Geprueft
1978-12-11;107,00;114,00;101,00;Geprueft
1978-12-12;102,00;107,00;97,00;Geprueft
1978-12-13;107,00;109,00;105,00;Geprueft
1978-12-14;107,00;110,00;100,00;Geprueft
1978-12-15;112,00;113,00;109,00;Geprueft
1978-12-16;99,00;110,00;85,00;Geprueft
1978-12-17;78,00;85,00;71,00;Geprueft
1978-12-18;84,00;98,00;74,00;Geprueft
1978-12-19;99,00;106,00;90,00;Geprueft
1978-12-20;92,00;94,00;88,00;Geprueft
1978-12-21;101,00;110,00;93,00;Geprueft
1978-12-22;99,00;110,00;95,00;Geprueft
1978-12-23;93,00;98,00;87,00;Geprueft
1978-12-24;87,00;88,00;84,00;Geprueft
1978-12-25;77,00;86,00;72,00;Geprueft
1978-12-26;81,00;89,00;75,00;Geprueft
1978-12-27;78,00;81,00;75,00;Geprueft
1978-12-28;73,00;76,00;71,00;Geprueft
1978-12-29;75,00;89,00;70,00;Geprueft
1978-12-30;86,00;93,00;81,00;Geprueft
1978-12-31;82,00;90,00;78,00;Geprueft
1979-01-01;88,00;96,00;85,00;Geprueft
1979-01-02;82,00;85,00;79,00;Geprueft
1979-01-03;81,00;81,00;80,00;Geprueft
1979-01-04;81,00;85,00;77,00;Geprueft
1979-01-05;81,00;86,00;77,00;Geprueft
1979-01-06;72,00;77,00;69,00;Geprueft
1979-01-07;72,00;77,00;70,00;Geprueft
1979-01-08;75,00;77,00;71,00;Geprueft
1979-01-09;75,00;78,00;74,00;Geprueft
1979-01-10;83,00;87,00;77,00;Geprueft
1979-01-11;88,00;89,00;86,00;Geprueft
1979-01-12;84,00;86,00;82,00;Geprueft
1979-01-13;79,00;84,00;70,00;Geprueft
1979-01-14;62,00;70,00;57,00;Geprueft
1979-01-15;67,00;74,00;60,00;Geprueft
1979-01-16;79,00;86,00;73,00;Geprueft
1979-01-17;78,00;81,00;77,00;Geprueft
1979-01-18;73,00;77,00;71,00;Geprueft
1979-01-19;68,00;71,00;65,00;Geprueft
1979-01-20;69,00;71,00;67,00;Geprueft
1979-01-21;69,00;73,00;67,00;Geprueft
1979-01-22;74,00;74,00;73,00;Geprueft
1979-01-23;74,00;75,00;72,00;Geprueft
1979-01-24;74,00;76,00;72,00;Geprueft
1979-01-25;76,00;80,00;69,00;Geprueft
1979-01-26;76,00;85,00;66,00;Geprueft
1979-01-27;67,00;75,00;64,00;Geprueft
1979-01-28;77,00;79,00;75,00;Geprueft
1979-01-29;88,00;115,00;75,00;Geprueft
1979-01-30;103,00;115,00;97,00;Geprueft
1979-01-31;91,00;97,00;85,00;Geprueft
1979-02-01;89,00;90,00;87,00;Geprueft
1979-02-02;89,00;94,00;87,00;Geprueft
1979-02-03;116,00;153,00;90,00;Geprueft
1979-02-04;131,00;144,00;116,00;Geprueft
1979-02-05;125,00;139,00;114,00;Geprueft
1979-02-06;146,00;172,00;139,00;Geprueft
1979-02-07;154,00;172,00;144,00;Geprueft
1979-02-08;144,00;145,00;143,00;Geprueft
1979-02-09;161,00;182,00;145,00;Geprueft
1979-02-10;167,00;182,00;161,00;Geprueft
1979-02-11;172,00;178,00;168,00;Geprueft
1979-02-12;164,00;178,00;156,00;Geprueft
1979-02-13;165,00;170,00;157,00;Geprueft
1979-02-14;163,00;170,00;158,00;Geprueft
1979-02-15;161,00;163,00;160,00;Geprueft
1979-02-16;159,00;162,00;157,00;Geprueft
1979-02-17;153,00;158,00;138,00;Geprueft
1979-02-18;139,00;145,00;135,00;Geprueft
1979-02-19;139,00;145,00;133,00;Geprueft
1979-02-20;130,00;134,00;124,00;Geprueft
1979-02-21;121,00;127,00;104,00;Geprueft
1979-02-22;126,00;127,00;124,00;Geprueft
1979-02-23;129,00;140,00;120,00;Geprueft
1979-02-24;121,00;140,00;108,00;Geprueft
1979-02-25;98,00;108,00;91,00;Geprueft
1979-02-26;109,00;120,00;90,00;Geprueft
1979-02-27;112,00;119,00;105,00;Geprueft
1979-02-28;96,00;105,00;92,00;Geprueft
1979-03-01;98,00;106,00;92,00;Geprueft
1979-03-02;94,00;100,00;85,00;Geprueft
1979-03-03;98,00;102,00;89,00;Geprueft
1979-03-04;86,00;91,00;82,00;Geprueft
1979-03-05;95,00;102,00;91,00;Geprueft
1979-03-06;103,00;105,00;101,00;Geprueft
1979-03-07;99,00;103,00;90,00;Geprueft
1979-03-08;95,00;98,00;90,00;Geprueft
1979-03-09;94,00;98,00;89,00;Geprueft
1979-03-10;99,00;101,00;93,00;Geprueft
1979-03-11;97,00;109,00;94,00;Geprueft
1979-03-12;179,00;222,00;109,00;Geprueft
1979-03-13;217,00;231,00;212,00;Geprueft
1979-03-14;215,00;219,00;208,00;Geprueft
1979-03-15;187,00;208,00;177,00;Geprueft
1979-03-16;174,00;177,00;171,00;Geprueft
1979-03-17;154,00;172,00;138,00;Geprueft
1979-03-18;144,00;164,00;137,00;Geprueft
1979-03-19;148,00;164,00;133,00;Geprueft
1979-03-20;134,00;136,00;131,00;Geprueft
1979-03-21;127,00;131,00;126,00;Geprueft
1979-03-22;126,00;126,00;125,00;Geprueft
1979-03-23;125,00;126,00;123,00;Geprueft
1979-03-24;130,00;142,00;125,00;Geprueft
1979-03-25;125,00;142,00;118,00;Geprueft
1979-03-26;116,00;120,00;114,00;Geprueft
1979-03-27;118,00;121,00;115,00;Geprueft
1979-03-28;118,00;123,00;112,00;Geprueft
1979-03-29;129,00;146,00;123,00;Geprueft
1979-03-30;148,00;155,00;146,00;Geprueft
1979-03-31;171,00;194,00;155,00;Geprueft
1979-04-01;179,00;194,00;159,00;Geprueft
1979-04-02;155,00;160,00;149,00;Geprueft
1979-04-03;150,00;154,00;147,00;Geprueft
1979-04-04;132,00;151,00;125,00;Geprueft
1979-04-05;122,00;125,00;113,00;Geprueft
1979-04-06;118,00;135,00;112,00;Geprueft
1979-04-07;144,00;161,00;135,00;Geprueft
1979-04-08;167,00;178,00;161,00;Geprueft
1979-04-09;161,00;176,00;148,00;Geprueft
1979-04-10;169,00;180,00;164,00;Geprueft
1979-04-11;184,00;189,00;176,00;Geprueft
1979-04-12;171,00;181,00;167,00;Geprueft
1979-04-13;173,00;183,00;165,00;Geprueft
1979-04-14;170,00;173,00;166,00;Geprueft
1979-04-15;168,00;170,00;165,00;Geprueft
1979-04-16;161,00;166,00;158,00;Geprueft
1979-04-17;167,00;171,00;162,00;Geprueft
1979-04-18;165,00;170,00;160,00;Geprueft
1979-04-19;165,00;173,00;161,00;Geprueft
1979-04-20;163,00;173,00;141,00;Geprueft
1979-04-21;146,00;161,00;133,00;Geprueft
1979-04-22;155,00;160,00;152,00;Geprueft
1979-04-23;141,00;152,00;135,00;Geprueft
1979-04-24;134,00;136,00;131,00;Geprueft
1979-04-25;146,00;154,00;134,00;Geprueft
1979-04-26;140,00;144,00;138,00;Geprueft
1979-04-27;139,00;144,00;134,00;Geprueft
1979-04-28;160,00;167,00;144,00;Geprueft
1979-04-29;162,00;167,00;150,00;Geprueft
1979-04-30;171,00;174,00;166,00;Geprueft
1979-05-01;168,00;174,00;153,00;Geprueft
1979-05-02;153,00;172,00;144,00;Geprueft
1979-05-03;177,00;182,00;172,00;Geprueft
1979-05-04;174,00;182,00;170,00;Geprueft
1979-05-05;166,00;174,00;151,00;Geprueft
1979-05-06;160,00;168,00;152,00;Geprueft
1979-05-07;150,00;168,00;138,00;Geprueft
1979-05-08;138,00;140,00;135,00;Geprueft
1979-05-09;146,00;151,00;140,00;Geprueft
1979-05-10;149,00;154,00;147,00;Geprueft
1979-05-11;138,00;147,00;131,00;Geprueft
1979-05-12;151,00;185,00;130,00;Geprueft
1979-05-13;194,00;202,00;185,00;Geprueft
1979-05-14;190,00;192,00;187,00;Geprueft
1979-05-15;175,00;192,00;160,00;Geprueft
1979-05-16;167,00;177,00;159,00;Geprueft
1979-05-17;171,00;177,00;166,00;Geprueft
1979-05-18;161,00;166,00;155,00;Geprueft
1979-05-19;158,00;161,00;153,00;Geprueft
1979-05-20;156,00;159,00;152,00;Geprueft
1979-05-21;148,00;157,00;142,00;Geprueft
1979-05-22;150,00;158,00;141,00;Geprueft
1979-05-23;158,00;161,00;155,00;Geprueft
1979-05-24;150,00;155,00;146,00;Geprueft
1979-05-25;150,00;153,00;145,00;Geprueft
1979-05-26;143,00;152,00;138,00;Geprueft
1979-05-27;141,00;145,00;138,00;Geprueft
1979-05-28;149,00;162,00;140,00;Geprueft
1979-05-29;143,00;147,00;140,00;Geprueft
1979-05-30;133,00;146,00;116,00;Geprueft
1979-05-31;116,00;119,00;114,00;Geprueft
1979-06-01;131,00;140,00;119,00;Geprueft
1979-06-02;123,00;130,00;119,00;Geprueft
1979-06-03;132,00;140,00;127,00;Geprueft
1979-06-04;118,00;141,00;103,00;Geprueft
1979-06-05;111,00;135,00;101,00;Geprueft
1979-06-06;138,00;148,00;127,00;Geprueft
1979-06-07;149,00;157,00;130,00;Geprueft
1979-06-08;152,00;161,00;138,00;Geprueft
1979-06-09;125,00;138,00;116,00;Geprueft
1979-06-10;110,00;116,00;102,00;Geprueft
1979-06-11;125,00;143,00;108,00;Geprueft
1979-06-12;139,00;144,00;133,00;Geprueft
1979-06-13;136,00;138,00;133,00;Geprueft
1979-06-14;151,00;161,00;134,00;Geprueft
1979-06-15;170,00;179,00;159,00;Geprueft
1979-06-16;160,00;185,00;151,00;Geprueft
1979-06-17;232,00;305,00;185,00;Geprueft
1979-06-18;362,00;420,00;305,00;Geprueft
1979-06-19;451,00;485,00;420,00;Geprueft
1979-06-20;464,00;484,00;435,00;Geprueft
1979-06-21;402,00;435,00;385,00;Geprueft
1979-06-22;381,00;395,00;368,00;Geprueft
1979-06-23;320,00;368,00;296,00;Geprueft
1979-06-24;285,00;296,00;272,00;Geprueft
1979-06-25;259,00;272,00;247,00;Geprueft
1979-06-26;260,00;262,00;257,00;Geprueft
1979-06-27;257,00;260,00;254,00;Geprueft
1979-06-28;253,00;257,00;247,00;Geprueft
1979-06-29;249,00;250,00;247,00;Geprueft
1979-06-30;242,00;247,00;241,00;Geprueft
1979-07-01;237,00;241,00;226,00;Geprueft
1979-07-02;206,00;226,00;198,00;Geprueft
1979-07-03;200,00;203,00;198,00;Geprueft
1979-07-04;201,00;210,00;198,00;Geprueft
1979-07-05;195,00;200,00;187,00;Geprueft
1979-07-06;197,00;198,00;195,00;Geprueft
1979-07-07;192,00;196,00;187,00;Geprueft
1979-07-08;182,00;188,00;173,00;Geprueft
1979-07-09;179,00;191,00;171,00;Geprueft
1979-07-10;208,00;226,00;191,00;Geprueft
1979-07-11;253,00;271,00;221,00;Geprueft
1979-07-12;254,00;264,00;245,00;Geprueft
1979-07-13;237,00;245,00;231,00;Geprueft
1979-07-14;231,00;239,00;223,00;Geprueft
1979-07-15;230,00;238,00;220,00;Geprueft
1979-07-16;199,00;220,00;192,00;Geprueft
1979-07-17;197,00;202,00;194,00;Geprueft
1979-07-18;215,00;222,00;202,00;Geprueft
1979-07-19;213,00;216,00;206,00;Geprueft
1979-07-20;197,00;206,00;191,00;Geprueft
1979-07-21;185,00;191,00;181,00;Geprueft
1979-07-22;176,00;181,00;171,00;Geprueft
1979-07-23;168,00;171,00;165,00;Geprueft
1979-07-24;161,00;165,00;158,00;Geprueft
1979-07-25;155,00;158,00;153,00;Geprueft
1979-07-26;155,00;160,00;153,00;Geprueft
1979-07-27;148,00;158,00;136,00;Geprueft
1979-07-28;127,00;136,00;124,00;Geprueft
1979-07-29;124,00;128,00;122,00;Geprueft
1979-07-30;131,00;134,00;128,00;Geprueft
1979-07-31;137,00;139,00;134,00;Geprueft
1979-08-01;138,00;139,00;137,00;Geprueft
1979-08-02;136,00;138,00;129,00;Geprueft
1979-08-03;128,00;138,00;122,00;Geprueft
1979-08-04;154,00;176,00;138,00;Geprueft
1979-08-05;163,00;176,00;150,00;Geprueft
1979-08-06;147,00;150,00;142,00;Geprueft
1979-08-07;139,00;144,00;134,00;Geprueft
1979-08-08;142,00;147,00;134,00;Geprueft
1979-08-09;147,00;150,00;142,00;Geprueft
1979-08-10;144,00;150,00;141,00;Geprueft
1979-08-11;159,00;164,00;150,00;Geprueft
1979-08-12;163,00;167,00;160,00;Geprueft
1979-08-13;152,00;161,00;147,00;Geprueft
1979-08-14;150,00;150,00;148,00;Geprueft
1979-08-15;144,00;150,00;137,00;Geprueft
1979-08-16;132,00;137,00;130,00;Geprueft
1979-08-17;133,00;139,00;131,00;Geprueft
1979-08-18;130,00;139,00;124,00;Geprueft
1979-08-19;125,00;131,00;112,00;Geprueft
1979-08-20;126,00;139,00;110,00;Geprueft
1979-08-21;143,00;148,00;139,00;Geprueft
1979-08-22;149,00;152,00;144,00;Geprueft
1979-08-23;143,00;146,00;139,00;Geprueft
1979-08-24;151,00;162,00;139,00;Geprueft
1979-08-25;181,00;196,00;162,00;Geprueft
1979-08-26;175,00;183,00;168,00;Geprueft
1979-08-27;168,00;173,00;160,00;Geprueft
1979-08-28;161,00;169,00;158,00;Geprueft
1979-08-29;165,00;171,00;156,00;Geprueft
1979-08-30;152,00;156,00;147,00;Geprueft
1979-08-31;145,00;148,00;143,00;Geprueft
1979-09-01;134,00;148,00;121,00;Geprueft
1979-09-02;117,00;123,00;107,00;Geprueft
1979-09-03;124,00;141,00;107,00;Geprueft
1979-09-04;127,00;142,00;111,00;Geprueft
1979-09-05;126,00;130,00;123,00;Geprueft
1979-09-06;115,00;126,00;106,00;Geprueft
1979-09-07;105,00;107,00;101,00;Geprueft
1979-09-08;101,00;107,00;99,00;Geprueft
1979-09-09;102,00;106,00;99,00;Geprueft
1979-09-10;103,00;112,00;94,00;Geprueft
1979-09-11;112,00;114,00;109,00;Geprueft
1979-09-12;114,00;115,00;112,00;Geprueft
1979-09-13;109,00;116,00;102,00;Geprueft
1979-09-14;106,00;110,00;101,00;Geprueft
1979-09-15;96,00;103,00;93,00;Geprueft
1979-09-16;105,00;107,00;102,00;Geprueft
1979-09-17;98,00;102,00;93,00;Geprueft
1979-09-18;96,00;104,00;90,00;Geprueft
1979-09-19;104,00;105,00;103,00;Geprueft
1979-09-20;103,00;108,00;103,00;Geprueft
1979-09-21;115,00;142,00;107,00;Geprueft
1979-09-22;165,00;182,00;142,00;Geprueft
1979-09-23;194,00;202,00;182,00;Geprueft
1979-09-24;188,00;204,00;176,00;Geprueft
1979-09-25;229,00;247,00;204,00;Geprueft
1979-09-26;228,00;247,00;198,00;Geprueft
1979-09-27;197,00;206,00;189,00;Geprueft
1979-09-28;180,00;189,00;175,00;Geprueft
1979-09-29;167,00;175,00;162,00;Geprueft
1979-09-30;149,00;163,00;140,00;Geprueft
1979-10-01;140,00;158,00;128,00;Geprueft
1979-10-02;143,00;148,00;130,00;Geprueft
1979-10-03;143,00;148,00;141,00;Geprueft
1979-10-04;140,00;149,00;136,00;Geprueft
1979-10-05;130,00;150,00;106,00;Geprueft
1979-10-06;105,00;113,00;100,00;Geprueft
1979-10-07;112,00;114,00;110,00;Geprueft
1979-10-08;108,00;110,00;106,00;Geprueft
1979-10-09;106,00;112,00;102,00;Geprueft
1979-10-10;107,00;112,00;103,00;Geprueft
1979-10-11;104,00;107,00;101,00;Geprueft
1979-10-12;104,00;107,00;103,00;Geprueft
1979-10-13;103,00;103,00;103,00;Geprueft
1979-10-14;92,00;103,00;89,00;Geprueft
1979-10-15;89,00;94,00;85,00;Geprueft
1979-10-16;97,00;99,00;94,00;Geprueft
1979-10-17;110,00;120,00;99,00;Geprueft
1979-10-18;120,00;123,00;119,00;Geprueft
1979-10-19;124,00;124,00;123,00;Geprueft
1979-10-20;109,00;124,00;94,00;Geprueft
1979-10-21;94,00;99,00;92,00;Geprueft
1979-10-22;95,00;99,00;91,00;Geprueft
1979-10-23;95,00;97,00;91,00;Geprueft
1979-10-24;97,00;101,00;92,00;Geprueft
1979-10-25;98,00;101,00;98,00;Geprueft
1979-10-26;95,00;98,00;93,00;Geprueft
1979-10-27;89,00;93,00;86,00;Geprueft
1979-10-28;81,00;86,00;77,00;Geprueft
1979-10-29;81,00;84,00;79,00;Geprueft
1979-10-30;85,00;94,00;82,00;Geprueft
1979-10-31;93,00;95,00;91,00;Geprueft
1979-11-01;87,00;91,00;80,00;Geprueft
1979-11-02;81,00;85,00;79,00;Geprueft
1979-11-03;89,00;92,00;85,00;Geprueft
1979-11-04;94,00;95,00;91,00;Geprueft
1979-11-05;86,00;91,00;84,00;Geprueft
1979-11-06;93,00;116,00;84,00;Geprueft
1979-11-07;157,00;195,00;116,00;Geprueft
1979-11-08;210,00;217,00;195,00;Geprueft
1979-11-09;198,00;203,00;189,00;Geprueft
1979-11-10;191,00;197,00;186,00;Geprueft
1979-11-11;186,00;196,00;178,00;Geprueft
1979-11-12;171,00;178,00;169,00;Geprueft
1979-11-13;165,00;169,00;162,00;Geprueft
1979-11-14;160,00;162,00;158,00;Geprueft
1979-11-15;163,00;164,00;159,00;Geprueft
1979-11-16;159,00;164,00;152,00;Geprueft
1979-11-17;152,00;154,00;149,00;Geprueft
1979-11-18;150,00;154,00;144,00;Geprueft
1979-11-19;138,00;147,00;134,00;Geprueft
1979-11-20;142,00;144,00;137,00;Geprueft
1979-11-21;151,00;156,00;144,00;Geprueft
1979-11-22;149,00;151,00;146,00;Geprueft
1979-11-23;148,00;151,00;145,00;Geprueft
1979-11-24;142,00;148,00;134,00;Geprueft
1979-11-25;127,00;134,00;122,00;Geprueft
1979-11-26;121,00;123,00;119,00;Geprueft
1979-11-27;144,00;174,00;123,00;Geprueft
1979-11-28;234,00;273,00;174,00;Geprueft
1979-11-29;250,00;270,00;232,00;Geprueft
1979-11-30;212,00;232,00;190,00;Geprueft
1979-12-01;183,00;190,00;179,00;Geprueft
1979-12-02;176,00;179,00;172,00;Geprueft
1979-12-03;164,00;172,00;158,00;Geprueft
1979-12-04;158,00;160,00;157,00;Geprueft
1979-12-05;155,00;157,00;154,00;Geprueft
1979-12-06;152,00;154,00;147,00;Geprueft
1979-12-07;147,00;148,00;145,00;Geprueft
1979-12-08;145,00;145,00;144,00;Geprueft
1979-12-09;139,00;144,00;137,00;Geprueft
1979-12-10;130,00;139,00;127,00;Geprueft
1979-12-11;129,00;141,00;126,00;Geprueft
1979-12-12;141,00;145,00;134,00;Geprueft
1979-12-13;135,00;137,00;133,00;Geprueft
1979-12-14;129,00;134,00;120,00;Geprueft
1979-12-15;132,00;145,00;119,00;Geprueft
1979-12-16;135,00;145,00;119,00;Geprueft
1979-12-17;113,00;119,00;109,00;Geprueft
1979-12-18;132,00;137,00;119,00;Geprueft
1979-12-19;135,00;136,00;132,00;Geprueft
1979-12-20;129,00;132,00;126,00;Geprueft
1979-12-21;122,00;126,00;120,00;Geprueft
1979-12-22;125,00;127,00;120,00;Geprueft
1979-12-23;117,00;124,00;109,00;Geprueft
1979-12-24;117,00;122,00;108,00;Geprueft
1979-12-25;113,00;122,00;105,00;Geprueft
1979-12-26;101,00;105,00;98,00;Geprueft
1979-12-27;101,00;112,00;93,00;Geprueft
1979-12-28;110,00;113,00;107,00;Geprueft
1979-12-29;106,00;110,00;101,00;Geprueft
1979-12-30;96,00;101,00;94,00;Geprueft
1979-12-31;98,00;99,00;96,00;Geprueft
1980-01-01;96,00;99,00;95,00;Geprueft
1980-01-02;95,00;98,00;94,00;Geprueft
1980-01-03;106,00;111,00;98,00;Geprueft
1980-01-04;107,00;112,00;98,00;Geprueft
1980-01-05;101,00;109,00;97,00;Geprueft
1980-01-06;114,00;115,00;109,00;Geprueft
1980-01-07;103,00;113,00;97,00;Geprueft
1980-01-08;106,00;118,00;93,00;Geprueft
1980-01-09;117,00;118,00;116,00;Geprueft
1980-01-10;112,00;116,00;107,00;Geprueft
1980-01-11;110,00;115,00;108,00;Geprueft
1980-01-12;114,00;119,00;111,00;Geprueft
1980-01-13;107,00;111,00;101,00;Geprueft
1980-01-14;99,00;101,00;98,00;Geprueft
1980-01-15;108,00;116,00;100,00;Geprueft
1980-01-16;108,00;110,00;105,00;Geprueft
1980-01-17;103,00;108,00;100,00;Geprueft
1980-01-18;98,00;100,00;94,00;Geprueft
1980-01-19;86,00;94,00;79,00;Geprueft
1980-01-20;98,00;104,00;91,00;Geprueft
1980-01-21;100,00;101,00;98,00;Geprueft
1980-01-22;97,00;101,00;95,00;Geprueft
1980-01-23;102,00;107,00;96,00;Geprueft
1980-01-24;108,00;109,00;106,00;Geprueft
1980-01-25;124,00;140,00;108,00;Geprueft
1980-01-26;133,00;142,00;122,00;Geprueft
1980-01-27;113,00;122,00;107,00;Geprueft
1980-01-28;104,00;110,00;98,00;Geprueft
1980-01-29;109,00;117,00;101,00;Geprueft
1980-01-30;117,00;120,00;114,00;Geprueft
1980-01-31;121,00;130,00;116,00;Geprueft
1980-02-01;135,00;143,00;128,00;Geprueft
1980-02-02;141,00;144,00;135,00;Geprueft
1980-02-03;128,00;135,00;119,00;Geprueft
1980-02-04;138,00;170,00;119,00;Geprueft
1980-02-05;190,00;209,00;170,00;Geprueft
1980-02-06;227,00;235,00;209,00;Geprueft
1980-02-07;195,00;225,00;181,00;Geprueft
1980-02-08;175,00;181,00;167,00;Geprueft
1980-02-09;165,00;167,00;162,00;Geprueft
1980-02-10;158,00;163,00;152,00;Geprueft
1980-02-11;152,00;155,00;149,00;Geprueft
1980-02-12;159,00;162,00;155,00;Geprueft
1980-02-13;155,00;158,00;153,00;Geprueft
1980-02-14;152,00;153,00;146,00;Geprueft
1980-02-15;145,00;147,00;141,00;Geprueft
1980-02-16;136,00;141,00;132,00;Geprueft
1980-02-17;136,00;138,00;131,00;Geprueft
1980-02-18;132,00;138,00;131,00;Geprueft
1980-02-19;126,00;131,00;124,00;Geprueft
1980-02-20;125,00;126,00;123,00;Geprueft
1980-02-21;122,00;127,00;119,00;Geprueft
1980-02-22;133,00;136,00;127,00;Geprueft
1980-02-23;118,00;127,00;113,00;Geprueft
1980-02-24;119,00;120,00;116,00;Geprueft
1980-02-25;107,00;118,00;99,00;Geprueft
1980-02-26;100,00;102,00;99,00;Geprueft
1980-02-27;102,00;106,00;95,00;Geprueft
1980-02-28;102,00;106,00;100,00;Geprueft
1980-02-29;98,00;102,00;95,00;Geprueft
1980-03-01;89,00;95,00;86,00;Geprueft
1980-03-02;85,00;87,00;85,00;Geprueft
1980-03-03;89,00;89,00;87,00;Geprueft
1980-03-04;91,00;95,00;85,00;Geprueft
1980-03-05;92,00;96,00;87,00;Geprueft
1980-03-06;90,00;93,00;88,00;Geprueft
1980-03-07;90,00;93,00;88,00;Geprueft
1980-03-08;87,00;90,00;82,00;Geprueft
1980-03-09;80,00;83,00;78,00;Geprueft
1980-03-10;89,00;93,00;83,00;Geprueft
1980-03-11;98,00;101,00;93,00;Geprueft
1980-03-12;98,00;110,00;87,00;Geprueft
1980-03-13;104,00;111,00;94,00;Geprueft
1980-03-14;89,00;94,00;87,00;Geprueft
1980-03-15;87,00;93,00;82,00;Geprueft
1980-03-16;84,00;90,00;78,00;Geprueft
1980-03-17;90,00;93,00;87,00;Geprueft
1980-03-18;87,00;93,00;83,00;Geprueft
1980-03-19;90,00;93,00;85,00;Geprueft
1980-03-20;92,00;94,00;90,00;Geprueft
1980-03-21;88,00;92,00;84,00;Geprueft
1980-03-22;90,00;93,00;84,00;Geprueft
1980-03-23;89,00;93,00;83,00;Geprueft
1980-03-24;85,00;90,00;82,00;Geprueft
1980-03-25;87,00;90,00;85,00;Geprueft
1980-03-26;82,00;85,00;81,00;Geprueft
1980-03-27;89,00;97,00;82,00;Geprueft
1980-03-28;102,00;107,00;97,00;Geprueft
1980-03-29;113,00;120,00;107,00;Geprueft
1980-03-30;107,00;113,00;101,00;Geprueft
1980-03-31;94,00;105,00;83,00;Geprueft
1980-04-01;112,00;146,00;83,00;Geprueft
1980-04-02;158,00;176,00;139,00;Geprueft
1980-04-03;160,00;173,00;148,00;Geprueft
1980-04-04;146,00;150,00;142,00;Geprueft
1980-04-05;145,00;150,00;140,00;Geprueft
1980-04-06;134,00;142,00;128,00;Geprueft
1980-04-07;127,00;137,00;110,00;Geprueft
1980-04-08;121,00;142,00;104,00;Geprueft
1980-04-09;138,00;144,00;134,00;Geprueft
1980-04-10;137,00;144,00;129,00;Geprueft
1980-04-11;136,00;138,00;133,00;Geprueft
1980-04-12;127,00;133,00;123,00;Geprueft
1980-04-13;136,00;138,00;127,00;Geprueft
1980-04-14;130,00;136,00;127,00;Geprueft
1980-04-15;134,00;138,00;127,00;Geprueft
1980-04-16;142,00;146,00;138,00;Geprueft
1980-04-17;138,00;144,00;134,00;Geprueft
1980-04-18;137,00;142,00;133,00;Geprueft
1980-04-19;142,00;150,00;135,00;Geprueft
1980-04-20;151,00;156,00;145,00;Geprueft
1980-04-21;151,00;154,00;145,00;Geprueft
1980-04-22;139,00;147,00;132,00;Geprueft
1980-04-23;137,00;146,00;132,00;Geprueft
1980-04-24;151,00;167,00;146,00;Geprueft
1980-04-25;197,00;227,00;167,00;Geprueft
1980-04-26;239,00;244,00;227,00;Geprueft
1980-04-27;248,00;258,00;242,00;Geprueft
1980-04-28;253,00;266,00;240,00;Geprueft
1980-04-29;234,00;243,00;217,00;Geprueft
1980-04-30;198,00;217,00;188,00;Geprueft
1980-05-01;188,00;188,00;187,00;Geprueft
1980-05-02;186,00;190,00;181,00;Geprueft
1980-05-03;187,00;195,00;181,00;Geprueft
1980-05-04;192,00;195,00;188,00;Geprueft
1980-05-05;198,00;206,00;188,00;Geprueft
1980-05-06;194,00;202,00;188,00;Geprueft
1980-05-07;188,00;194,00;186,00;Geprueft
1980-05-08;190,00;197,00;186,00;Geprueft
1980-05-09;196,00;208,00;183,00;Geprueft
1980-05-10;210,00;212,00;206,00;Geprueft
1980-05-11;204,00;210,00;192,00;Geprueft
1980-05-12;185,00;192,00;182,00;Geprueft
1980-05-13;181,00;184,00;173,00;Geprueft
1980-05-14;184,00;191,00;177,00;Geprueft
1980-05-15;182,00;189,00;173,00;Geprueft
1980-05-16;169,00;173,00;166,00;Geprueft
1980-05-17;168,00;171,00;165,00;Geprueft
1980-05-18;160,00;165,00;153,00;Geprueft
1980-05-19;155,00;157,00;152,00;Geprueft
1980-05-20;148,00;158,00;138,00;Geprueft
1980-05-21;143,00;151,00;136,00;Geprueft
1980-05-22;142,00;144,00;137,00;Geprueft
1980-05-23;140,00;144,00;136,00;Geprueft
1980-05-24;141,00;142,00;134,00;Geprueft
1980-05-25;119,00;134,00;112,00;Geprueft
1980-05-26;119,00;123,00;112,00;Geprueft
1980-05-27;127,00;141,00;117,00;Geprueft
1980-05-28;134,00;142,00;125,00;Geprueft
1980-05-29;132,00;136,00;127,00;Geprueft
1980-05-30;146,00;150,00;136,00;Geprueft
1980-05-31;137,00;150,00;131,00;Geprueft
1980-06-01;130,00;134,00;123,00;Geprueft
1980-06-02;124,00;129,00;118,00;Geprueft
1980-06-03;130,00;138,00;120,00;Geprueft
1980-06-04;124,00;130,00;121,00;Geprueft
1980-06-05;130,00;133,00;127,00;Geprueft
1980-06-06;136,00;140,00;127,00;Geprueft
1980-06-07;141,00;145,00;139,00;Geprueft
1980-06-08;152,00;166,00;145,00;Geprueft
1980-06-09;150,00;166,00;140,00;Geprueft
1980-06-10;144,00;147,00;142,00;Geprueft
1980-06-11;146,00;149,00;143,00;Geprueft
1980-06-12;148,00;150,00;145,00;Geprueft
1980-06-13;145,00;146,00;142,00;Geprueft
1980-06-14;140,00;144,00;135,00;Geprueft
1980-06-15;137,00;140,00;134,00;Geprueft
1980-06-16;136,00;141,00;132,00;Geprueft
1980-06-17;133,00;136,00;129,00;Geprueft
1980-06-18;136,00;140,00;130,00;Geprueft
1980-06-19;149,00;156,00;140,00;Geprueft
1980-06-20;147,00;156,00;140,00;Geprueft
1980-06-21;137,00;140,00;133,00;Geprueft
1980-06-22;143,00;150,00;138,00;Geprueft
1980-06-23;171,00;181,00;150,00;Geprueft
1980-06-24;164,00;170,00;161,00;Geprueft
1980-06-25;166,00;172,00;162,00;Geprueft
1980-06-26;159,00;174,00;145,00;Geprueft
1980-06-27;151,00;157,00;147,00;Geprueft
1980-06-28;172,00;181,00;157,00;Geprueft
1980-06-29;180,00;182,00;178,00;Geprueft
1980-06-30;180,00;184,00;177,00;Geprueft
1980-07-01;180,00;183,00;176,00;Geprueft
1980-07-02;165,00;177,00;156,00;Geprueft
1980-07-03;164,00;175,00;155,00;Geprueft
1980-07-04;200,00;217,00;175,00;Geprueft
1980-07-05;212,00;221,00;206,00;Geprueft
1980-07-06;194,00;212,00;185,00;Geprueft
1980-07-07;170,00;185,00;162,00;Geprueft
1980-07-08;160,00;165,00;157,00;Geprueft
1980-07-09;167,00;184,00;162,00;Geprueft
1980-07-10;212,00;240,00;184,00;Geprueft
1980-07-11;235,00;243,00;221,00;Geprueft
1980-07-12;208,00;221,00;202,00;Geprueft
1980-07-13;196,00;203,00;189,00;Geprueft
1980-07-14;180,00;189,00;179,00;Geprueft
1980-07-15;179,00;182,00;177,00;Geprueft
1980-07-16;179,00;182,00;178,00;Geprueft
1980-07-17;185,00;190,00;179,00;Geprueft
1980-07-18;185,00;187,00;183,00;Geprueft
1980-07-19;177,00;183,00;167,00;Geprueft
1980-07-20;162,00;167,00;156,00;Geprueft
1980-07-21;177,00;205,00;158,00;Geprueft
1980-07-22;217,00;231,00;205,00;Geprueft
1980-07-23;224,00;232,00;208,00;Geprueft
1980-07-24;191,00;208,00;183,00;Geprueft
1980-07-25;178,00;184,00;175,00;Geprueft
1980-07-26;166,00;175,00;161,00;Geprueft
1980-07-27;156,00;164,00;150,00;Geprueft
1980-07-28;149,00;156,00;143,00;Geprueft
1980-07-29;150,00;156,00;144,00;Geprueft
1980-07-30;144,00;149,00;140,00;Geprueft
1980-07-31;143,00;144,00;138,00;Geprueft
1980-08-01;140,00;142,00;134,00;Geprueft
1980-08-02;123,00;134,00;115,00;Geprueft
1980-08-03;122,00;129,00;113,00;Geprueft
1980-08-04;125,00;129,00;123,00;Geprueft
1980-08-05;132,00;137,00;124,00;Geprueft
1980-08-06;130,00;137,00;125,00;Geprueft
1980-08-07;126,00;127,00;123,00;Geprueft
1980-08-08;117,00;123,00;115,00;Geprueft
1980-08-09;118,00;120,00;116,00;Geprueft
1980-08-10;110,00;120,00;92,00;Geprueft
1980-08-11;99,00;103,00;90,00;Geprueft
1980-08-12;103,00;105,00;102,00;Geprueft
1980-08-13;113,00;126,00;105,00;Geprueft
1980-08-14;130,00;134,00;126,00;Geprueft
1980-08-15;117,00;130,00;95,00;Geprueft
1980-08-16;96,00;98,00;91,00;Geprueft
1980-08-17;93,00;99,00;85,00;Geprueft
1980-08-18;100,00;108,00;96,00;Geprueft
1980-08-19;110,00;113,00;108,00;Geprueft
1980-08-20;109,00;111,00;106,00;Geprueft
1980-08-21;115,00;120,00;107,00;Geprueft
1980-08-22;107,00;118,00;97,00;Geprueft
1980-08-23;91,00;97,00;86,00;Geprueft
1980-08-24;83,00;86,00;81,00;Geprueft
1980-08-25;85,00;88,00;82,00;Geprueft
1980-08-26;94,00;96,00;88,00;Geprueft
1980-08-27;87,00;94,00;82,00;Geprueft
1980-08-28;83,00;87,00;82,00;Geprueft
1980-08-29;81,00;86,00;78,00;Geprueft
1980-08-30;87,00;88,00;84,00;Geprueft
1980-08-31;83,00;86,00;77,00;Geprueft
1980-09-01;88,00;103,00;77,00;Geprueft
1980-09-02;106,00;111,00;100,00;Geprueft
1980-09-03;94,00;102,00;86,00;Geprueft
1980-09-04;84,00;86,00;79,00;Geprueft
1980-09-05;81,00;92,00;76,00;Geprueft
1980-09-06;93,00;96,00;89,00;Geprueft
1980-09-07;85,00;90,00;78,00;Geprueft
1980-09-08;83,00;93,00;75,00;Geprueft
1980-09-09;89,00;94,00;84,00;Geprueft
1980-09-10;95,00;112,00;84,00;Geprueft
1980-09-11;102,00;115,00;93,00;Geprueft
1980-09-12;90,00;93,00;87,00;Geprueft
1980-09-13;75,00;87,00;64,00;Geprueft
1980-09-14;76,00;86,00;64,00;Geprueft
1980-09-15;86,00;92,00;84,00;Geprueft
1980-09-16;90,00;92,00;85,00;Geprueft
1980-09-17;85,00;93,00;81,00;Geprueft
1980-09-18;87,00;93,00;82,00;Geprueft
1980-09-19;81,00;82,00;80,00;Geprueft
1980-09-20;76,00;86,00;65,00;Geprueft
1980-09-21;63,00;65,00;62,00;Geprueft
1980-09-22;72,00;83,00;61,00;Geprueft
1980-09-23;105,00;133,00;83,00;Geprueft
1980-09-24;148,00;160,00;133,00;Geprueft
1980-09-25;129,00;142,00;118,00;Geprueft
1980-09-26;111,00;126,00;100,00;Geprueft
1980-09-27;95,00;100,00;91,00;Geprueft
1980-09-28;90,00;96,00;82,00;Geprueft
1980-09-29;83,00;85,00;81,00;Geprueft
1980-09-30;84,00;85,00;84,00;Geprueft
1980-10-01;82,00;86,00;78,00;Geprueft
1980-10-02;89,00;99,00;74,00;Geprueft
1980-10-03;72,00;74,00;70,00;Geprueft
1980-10-04;70,00;74,00;63,00;Geprueft
1980-10-05;62,00;67,00;56,00;Geprueft
1980-10-06;70,00;75,00;66,00;Geprueft
1980-10-07;72,00;78,00;65,00;Geprueft
1980-10-08;99,00;127,00;74,00;Geprueft
1980-10-09;99,00;124,00;85,00;Geprueft
1980-10-10;87,00;89,00;84,00;Geprueft
1980-10-11;84,00;90,00;76,00;Geprueft
1980-10-12;77,00;80,00;75,00;Geprueft
1980-10-13;111,00;144,00;76,00;Geprueft
1980-10-14;148,00;152,00;144,00;Geprueft
1980-10-15;142,00;148,00;124,00;Geprueft
1980-10-16;130,00;141,00;112,00;Geprueft
1980-10-17;106,00;112,00;103,00;Geprueft
1980-10-18;113,00;118,00;105,00;Geprueft
1980-10-19;114,00;122,00;112,00;Geprueft
1980-10-20;130,00;142,00;122,00;Geprueft
1980-10-21;132,00;142,00;123,00;Geprueft
1980-10-22;116,00;129,00;91,00;Geprueft
1980-10-23;108,00;128,00;91,00;Geprueft
1980-10-24;112,00;117,00;110,00;Geprueft
1980-10-25;114,00;141,00;105,00;Geprueft
1980-10-26;145,00;151,00;141,00;Geprueft
1980-10-27;147,00;148,00;142,00;Geprueft
1980-10-28;140,00;151,00;130,00;Geprueft
1980-10-29;120,00;135,00;106,00;Geprueft
1980-10-30;114,00;131,00;106,00;Geprueft
1980-10-31;125,00;132,00;112,00;Geprueft
1980-11-01;105,00;112,00;99,00;Geprueft
1980-11-02;85,00;99,00;80,00;Geprueft
1980-11-03;89,00;109,00;81,00;Geprueft
1980-11-04;110,00;114,00;108,00;Geprueft
1980-11-05;105,00;111,00;100,00;Geprueft
1980-11-06;105,00;114,00;97,00;Geprueft
1980-11-07;97,00;116,00;76,00;Geprueft
1980-11-08;77,00;90,00;71,00;Geprueft
1980-11-09;73,00;90,00;57,00;Geprueft
1980-11-10;85,00;91,00;80,00;Geprueft
1980-11-11;80,00;85,00;75,00;Geprueft
1980-11-12;75,00;85,00;63,00;Geprueft
1980-11-13;78,00;88,00;67,00;Geprueft
1980-11-14;84,00;86,00;75,00;Geprueft
1980-11-15;78,00;87,00;64,00;Geprueft
1980-11-16;81,00;87,00;73,00;Geprueft
1980-11-17;88,00;109,00;71,00;Geprueft
1980-11-18;98,00;112,00;87,00;Geprueft
1980-11-19;84,00;90,00;79,00;Geprueft
1980-11-20;90,00;97,00;80,00;Geprueft
1980-11-21;80,00;84,00;76,00;Geprueft
1980-11-22;72,00;79,00;63,00;Geprueft
1980-11-23;68,00;73,00;62,00;Geprueft
1980-11-24;72,00;84,00;64,00;Geprueft
1980-11-25;77,00;80,00;73,00;Geprueft
1980-11-26;77,00;82,00;74,00;Geprueft
1980-11-27;84,00;95,00;69,00;Geprueft
1980-11-28;87,00;97,00;74,00;Geprueft
1980-11-29;75,00;85,00;68,00;Geprueft
1980-11-30;79,00;81,00;79,00;Geprueft
1980-12-01;78,00;79,00;75,00;Geprueft
1980-12-02;77,00;85,00;72,00;Geprueft
1980-12-03;84,00;88,00;79,00;Geprueft
1980-12-04;89,00;95,00;85,00;Geprueft
1980-12-05;87,00;89,00;85,00;Geprueft
1980-12-06;89,00;94,00;85,00;Geprueft
1980-12-07;93,00;97,00;87,00;Geprueft
1980-12-08;79,00;89,00;73,00;Geprueft
1980-12-09;84,00;86,00;81,00;Geprueft
1980-12-10;91,00;95,00;86,00;Geprueft
1980-12-11;95,00;99,00;92,00;Geprueft
1980-12-12;91,00;103,00;81,00;Geprueft
1980-12-13;83,00;84,00;75,00;Geprueft
1980-12-14;82,00;94,00;74,00;Geprueft
1980-12-15;107,00;137,00;94,00;Geprueft
1980-12-16;137,00;145,00;130,00;Geprueft
1980-12-17;123,00;145,00;113,00;Geprueft
1980-12-18;117,00;120,00;110,00;Geprueft
1980-12-19;110,00;117,00;103,00;Geprueft
1980-12-20;108,00;117,00;98,00;Geprueft
1980-12-21;98,00;99,00;94,00;Geprueft
1980-12-22;92,00;103,00;84,00;Geprueft
1980-12-23;99,00;103,00;97,00;Geprueft
1980-12-24;112,00;121,00;103,00;Geprueft
1980-12-25;115,00;122,00;109,00;Geprueft
1980-12-26;100,00;109,00;84,00;Geprueft
1980-12-27;85,00;92,00;78,00;Geprueft
1980-12-28;95,00;98,00;91,00;Geprueft
1980-12-29;93,00;95,00;91,00;Geprueft
1980-12-30;89,00;92,00;85,00;Geprueft
1980-12-31;88,00;92,00;81,00;Geprueft
1981-01-01;90,00;98,00;81,00;Geprueft
1981-01-02;85,00;88,00;82,00;Geprueft
1981-01-03;95,00;112,00;81,00;Geprueft
1981-01-04;137,00;160,00;108,00;Geprueft
1981-01-05;143,00;167,00;122,00;Geprueft
1981-01-06;120,00;134,00;107,00;Geprueft
1981-01-07;116,00;123,00;111,00;Geprueft
1981-01-08;122,00;123,00;118,00;Geprueft
1981-01-09;109,00;123,00;95,00;Geprueft
1981-01-10;104,00;109,00;100,00;Geprueft
1981-01-11;102,00;106,00;96,00;Geprueft
1981-01-12;100,00;105,00;96,00;Geprueft
1981-01-13;100,00;105,00;90,00;Geprueft
1981-01-14;91,00;98,00;88,00;Geprueft
1981-01-15;103,00;109,00;98,00;Geprueft
1981-01-16;103,00;105,00;99,00;Geprueft
1981-01-17;105,00;115,00;102,00;Geprueft
1981-01-18;107,00;115,00;102,00;Geprueft
1981-01-19;103,00;112,00;95,00;Geprueft
1981-01-20;121,00;130,00;108,00;Geprueft
1981-01-21;125,00;129,00;121,00;Geprueft
1981-01-22;110,00;122,00;96,00;Geprueft
1981-01-23;107,00;112,00;97,00;Geprueft
1981-01-24;101,00;112,00;95,00;Geprueft
1981-01-25;94,00;98,00;88,00;Geprueft
1981-01-26;96,00;100,00;91,00;Geprueft
1981-01-27;94,00;98,00;91,00;Geprueft
1981-01-28;90,00;94,00;87,00;Geprueft
1981-01-29;90,00;93,00;87,00;Geprueft
1981-01-30;97,00;108,00;93,00;Geprueft
1981-01-31;91,00;96,00;80,00;Geprueft
1981-02-01;77,00;82,00;72,00;Geprueft
1981-02-02;82,00;87,00;72,00;Geprueft
1981-02-03;83,00;88,00;81,00;Geprueft
1981-02-04;97,00;105,00;88,00;Geprueft
1981-02-05;120,00;129,00;105,00;Geprueft
1981-02-06;101,00;121,00;91,00;Geprueft
1981-02-07;99,00;113,00;91,00;Geprueft
1981-02-08;138,00;159,00;113,00;Geprueft
1981-02-09;148,00;158,00;139,00;Geprueft
1981-02-10;131,00;141,00;122,00;Geprueft
1981-02-11;124,00;125,00;122,00;Geprueft
1981-02-12;118,00;125,00;107,00;Geprueft
1981-02-13;111,00;116,00;107,00;Geprueft
1981-02-14;97,00;109,00;89,00;Geprueft
1981-02-15;95,00;101,00;87,00;Geprueft
1981-02-16;89,00;91,00;87,00;Geprueft
1981-02-17;90,00;91,00;85,00;Geprueft
1981-02-18;90,00;95,00;87,00;Geprueft
1981-02-19;89,00;90,00;87,00;Geprueft
1981-02-20;85,00;93,00;74,00;Geprueft
1981-02-21;81,00;84,00;79,00;Geprueft
1981-02-22;85,00;86,00;82,00;Geprueft
1981-02-23;83,00;85,00;79,00;Geprueft
1981-02-24;84,00;92,00;76,00;Geprueft
1981-02-25;87,00;90,00;83,00;Geprueft
1981-02-26;85,00;89,00;83,00;Geprueft
1981-02-27;84,00;86,00;82,00;Geprueft
1981-02-28;84,00;86,00;79,00;Geprueft
1981-03-01;79,00;82,00;68,00;Geprueft
1981-03-02;74,00;90,00;63,00;Geprueft
1981-03-03;77,00;85,00;73,00;Geprueft
1981-03-04;76,00;82,00;75,00;Geprueft
1981-03-05;93,00;96,00;82,00;Geprueft
1981-03-06;95,00;96,00;93,00;Geprueft
1981-03-07;89,00;96,00;83,00;Geprueft
1981-03-08;95,00;112,00;83,00;Geprueft
1981-03-09;115,00;117,00;112,00;Geprueft
1981-03-10;127,00;133,00;115,00;Geprueft
1981-03-11;127,00;130,00;124,00;Geprueft
1981-03-12;161,00;182,00;130,00;Geprueft
1981-03-13;193,00;225,00;180,00;Geprueft
1981-03-14;208,00;228,00;197,00;Geprueft
1981-03-15;183,00;197,00;176,00;Geprueft
1981-03-16;165,00;176,00;153,00;Geprueft
1981-03-17;152,00;158,00;144,00;Geprueft
1981-03-18;160,00;170,00;149,00;Geprueft
1981-03-19;157,00;167,00;146,00;Geprueft
1981-03-20;150,00;156,00;144,00;Geprueft
1981-03-21;139,00;152,00;127,00;Geprueft
1981-03-22;127,00;133,00;120,00;Geprueft
1981-03-23;131,00;135,00;128,00;Geprueft
1981-03-24;139,00;145,00;133,00;Geprueft
1981-03-25;145,00;155,00;137,00;Geprueft
1981-03-26;147,00;149,00;144,00;Geprueft
1981-03-27;169,00;186,00;149,00;Geprueft
1981-03-28;158,00;171,00;149,00;Geprueft
1981-03-29;153,00;156,00;149,00;Geprueft
1981-03-30;153,00;156,00;146,00;Geprueft
1981-03-31;156,00;161,00;149,00;Geprueft
1981-04-01;169,00;173,00;161,00;Geprueft
1981-04-02;168,00;177,00;162,00;Geprueft
1981-04-03;159,00;169,00;150,00;Geprueft
1981-04-04;155,00;161,00;150,00;Geprueft
1981-04-05;149,00;156,00;141,00;Geprueft
1981-04-06;139,00;141,00;137,00;Geprueft
1981-04-07;145,00;148,00;137,00;Geprueft
1981-04-08;147,00;148,00;144,00;Geprueft
1981-04-09;152,00;162,00;144,00;Geprueft
1981-04-10;156,00;162,00;151,00;Geprueft
1981-04-11;157,00;165,00;147,00;Geprueft
1981-04-12;144,00;149,00;142,00;Geprueft
1981-04-13;141,00;147,00;137,00;Geprueft
1981-04-14;129,00;138,00;120,00;Geprueft
1981-04-15;129,00;133,00;127,00;Geprueft
1981-04-16;137,00;141,00;133,00;Geprueft
1981-04-17;132,00;137,00;125,00;Geprueft
1981-04-18;122,00;125,00;119,00;Geprueft
1981-04-19;119,00;124,00;115,00;Geprueft
1981-04-20;111,00;115,00;109,00;Geprueft
1981-04-21;113,00;118,00;110,00;Geprueft
1981-04-22;106,00;115,00;99,00;Geprueft
1981-04-23;101,00;107,00;98,00;Geprueft
1981-04-24;103,00;108,00;99,00;Geprueft
1981-04-25;102,00;107,00;98,00;Geprueft
1981-04-26;95,00;102,00;84,00;Geprueft
1981-04-27;84,00;88,00;80,00;Geprueft
1981-04-28;88,00;96,00;79,00;Geprueft
1981-04-29;93,00;95,00;90,00;Geprueft
1981-04-30;88,00;100,00;71,00;Geprueft
1981-05-01;74,00;80,00;66,00;Geprueft
1981-05-02;93,00;97,00;80,00;Geprueft
1981-05-03;81,00;89,00;76,00;Geprueft
1981-05-04;95,00;116,00;83,00;Geprueft
1981-05-05;96,00;111,00;87,00;Geprueft
1981-05-06;88,00;93,00;86,00;Geprueft
1981-05-07;96,00;97,00;93,00;Geprueft
1981-05-08;97,00;100,00;95,00;Geprueft
1981-05-09;85,00;100,00;73,00;Geprueft
1981-05-10;76,00;80,00;73,00;Geprueft
1981-05-11;87,00;93,00;80,00;Geprueft
1981-05-12;91,00;97,00;87,00;Geprueft
1981-05-13;90,00;97,00;84,00;Geprueft
1981-05-14;84,00;85,00;82,00;Geprueft
1981-05-15;85,00;96,00;75,00;Geprueft
1981-05-16;79,00;96,00;68,00;Geprueft
1981-05-17;73,00;86,00;64,00;Geprueft
1981-05-18;91,00;96,00;86,00;Geprueft
1981-05-19;83,00;92,00;75,00;Geprueft
1981-05-20;80,00;86,00;76,00;Geprueft
1981-05-21;81,00;83,00;72,00;Geprueft
1981-05-22;76,00;82,00;69,00;Geprueft
1981-05-23;87,00;92,00;77,00;Geprueft
1981-05-24;78,00;88,00;67,00;Geprueft
1981-05-25;82,00;90,00;75,00;Geprueft
1981-05-26;74,00;84,00;67,00;Geprueft
1981-05-27;102,00;146,00;84,00;Geprueft
1981-05-28;138,00;158,00;120,00;Geprueft
1981-05-29;113,00;123,00;94,00;Geprueft
1981-05-30;89,00;94,00;83,00;Geprueft
1981-05-31;83,00;88,00;78,00;Geprueft
1981-06-01;81,00;91,00;73,00;Geprueft
1981-06-02;83,00;88,00;78,00;Geprueft
1981-06-03;89,00;96,00;82,00;Geprueft
1981-06-04;90,00;96,00;80,00;Geprueft
1981-06-05;90,00;96,00;81,00;Geprueft
1981-06-06;87,00;99,00;76,00;Geprueft
1981-06-07;73,00;76,00;71,00;Geprueft
1981-06-08;65,00;73,00;56,00;Geprueft
1981-06-09;74,00;78,00;69,00;Geprueft
1981-06-10;91,00;103,00;78,00;Geprueft
1981-06-11;91,00;107,00;78,00;Geprueft
1981-06-12;80,00;87,00;75,00;Geprueft
1981-06-13;80,00;88,00;74,00;Geprueft
1981-06-14;79,00;95,00;70,00;Geprueft
1981-06-15;66,00;71,00;60,00;Geprueft
1981-06-16;84,00;98,00;66,00;Geprueft
1981-06-17;84,00;97,00;68,00;Geprueft
1981-06-18;72,00;76,00;62,00;Geprueft
1981-06-19;88,00;118,00;57,00;Geprueft
1981-06-20;111,00;115,00;101,00;Geprueft
1981-06-21;96,00;104,00;83,00;Geprueft
1981-06-22;99,00;118,00;81,00;Geprueft
1981-06-23;116,00;118,00;112,00;Geprueft
1981-06-24;108,00;114,00;97,00;Geprueft
1981-06-25;100,00;105,00;92,00;Geprueft
1981-06-26;88,00;100,00;78,00;Geprueft
1981-06-27;90,00;90,00;87,00;Geprueft
1981-06-28;81,00;90,00;68,00;Geprueft
1981-06-29;86,00;101,00;70,00;Geprueft
1981-06-30;92,00;102,00;81,00;Geprueft
1981-07-01;85,00;92,00;80,00;Geprueft
1981-07-02;80,00;81,00;79,00;Geprueft
1981-07-03;77,00;88,00;72,00;Geprueft
1981-07-04;90,00;96,00;87,00;Geprueft
1981-07-05;81,00;87,00;72,00;Geprueft
1981-07-06;74,00;78,00;72,00;Geprueft
1981-07-07;76,00;79,00;71,00;Geprueft
1981-07-08;66,00;71,00;60,00;Geprueft
1981-07-09;67,00;77,00;61,00;Geprueft
1981-07-10;66,00;68,00;63,00;Geprueft
1981-07-11;57,00;65,00;52,00;Geprueft
1981-07-12;63,00;82,00;53,00;Geprueft
1981-07-13;79,00;83,00;73,00;Geprueft
1981-07-14;81,00;90,00;70,00;Geprueft
1981-07-15;85,00;90,00;77,00;Geprueft
1981-07-16;84,00;90,00;76,00;Geprueft
1981-07-17;86,00;91,00;81,00;Geprueft
1981-07-18;110,00;126,00;82,00;Geprueft
1981-07-19;180,00;277,00;126,00;Geprueft
1981-07-20;293,00;372,00;260,00;Geprueft
1981-07-21;391,00;406,00;372,00;Geprueft
1981-07-22;389,00;411,00;351,00;Geprueft
1981-07-23;383,00;410,00;353,00;Geprueft
1981-07-24;338,00;355,00;279,00;Geprueft
1981-07-25;276,00;285,00;267,00;Geprueft
1981-07-26;245,00;268,00;225,00;Geprueft
1981-07-27;198,00;225,00;179,00;Geprueft
1981-07-28;177,00;180,00;176,00;Geprueft
1981-07-29;177,00;178,00;172,00;Geprueft
1981-07-30;172,00;173,00;171,00;Geprueft
1981-07-31;164,00;171,00;158,00;Geprueft
1981-08-01;156,00;162,00;151,00;Geprueft
1981-08-02;150,00;155,00;142,00;Geprueft
1981-08-03;134,00;149,00;125,00;Geprueft
1981-08-04;127,00;132,00;123,00;Geprueft
1981-08-05;127,00;131,00;122,00;Geprueft
1981-08-06;120,00;125,00;116,00;Geprueft
1981-08-07;120,00;126,00;116,00;Geprueft
1981-08-08;119,00;126,00;115,00;Geprueft
1981-08-09;117,00;126,00;112,00;Geprueft
1981-08-10;149,00;156,00;126,00;Geprueft
1981-08-11;133,00;150,00;118,00;Geprueft
1981-08-12;119,00;121,00;114,00;Geprueft
1981-08-13;113,00;116,00;108,00;Geprueft
1981-08-14;106,00;112,00;102,00;Geprueft
1981-08-15;100,00;112,00;87,00;Geprueft
1981-08-16;83,00;92,00;78,00;Geprueft
1981-08-17;101,00;121,00;88,00;Geprueft
1981-08-18;115,00;121,00;111,00;Geprueft
1981-08-19;106,00;116,00;101,00;Geprueft
1981-08-20;94,00;102,00;88,00;Geprueft
1981-08-21;85,00;88,00;81,00;Geprueft
1981-08-22;89,00;97,00;83,00;Geprueft
1981-08-23;93,00;118,00;83,00;Geprueft
1981-08-24;129,00;139,00;118,00;Geprueft
1981-08-25;130,00;143,00;119,00;Geprueft
1981-08-26;134,00;144,00;124,00;Geprueft
1981-08-27;123,00;129,00;114,00;Geprueft
1981-08-28;111,00;118,00;109,00;Geprueft
1981-08-29;101,00;109,00;95,00;Geprueft
1981-08-30;86,00;99,00;75,00;Geprueft
1981-08-31;80,00;83,00;75,00;Geprueft
1981-09-01;89,00;93,00;82,00;Geprueft
1981-09-02;102,00;113,00;93,00;Geprueft
1981-09-03;95,00;105,00;90,00;Geprueft
1981-09-04;88,00;94,00;81,00;Geprueft
1981-09-05;79,00;85,00;74,00;Geprueft
1981-09-06;73,00;79,00;62,00;Geprueft
1981-09-07;67,00;69,00;62,00;Geprueft
1981-09-08;66,00;72,00;59,00;Geprueft
1981-09-09;89,00;112,00;69,00;Geprueft
1981-09-10;93,00;110,00;89,00;Geprueft
1981-09-11;84,00;93,00;79,00;Geprueft
1981-09-12;71,00;83,00;60,00;Geprueft
1981-09-13;63,00;85,00;57,00;Geprueft
1981-09-14;103,00;116,00;85,00;Geprueft
1981-09-15;113,00;125,00;104,00;Geprueft
1981-09-16;103,00;107,00;96,00;Geprueft
1981-09-17;90,00;101,00;83,00;Geprueft
1981-09-18;103,00;110,00;99,00;Geprueft
1981-09-19;94,00;113,00;81,00;Geprueft
1981-09-20;92,00;99,00;83,00;Geprueft
1981-09-21;86,00;96,00;79,00;Geprueft
1981-09-22;90,00;98,00;85,00;Geprueft
1981-09-23;91,00;106,00;75,00;Geprueft
1981-09-24;103,00;110,00;99,00;Geprueft
1981-09-25;109,00;118,00;98,00;Geprueft
1981-09-26;84,00;98,00;78,00;Geprueft
1981-09-27;73,00;79,00;67,00;Geprueft
1981-09-28;70,00;83,00;63,00;Geprueft
1981-09-29;108,00;151,00;80,00;Geprueft
1981-09-30;209,00;236,00;151,00;Geprueft
1981-10-01;199,00;233,00;183,00;Geprueft
1981-10-02;168,00;183,00;154,00;Geprueft
1981-10-03;149,00;162,00;138,00;Geprueft
1981-10-04;165,00;167,00;158,00;Geprueft
1981-10-05;143,00;158,00;134,00;Geprueft
1981-10-06;136,00;150,00;121,00;Geprueft
1981-10-07;136,00;148,00;125,00;Geprueft
1981-10-08;127,00;136,00;120,00;Geprueft
1981-10-09;122,00;125,00;119,00;Geprueft
1981-10-10;111,00;120,00;99,00;Geprueft
1981-10-11;122,00;153,00;99,00;Geprueft
1981-10-12;156,00;174,00;143,00;Geprueft
1981-10-13;174,00;206,00;146,00;Geprueft
1981-10-14;196,00;207,00;188,00;Geprueft
1981-10-15;217,00;274,00;175,00;Geprueft
1981-10-16;262,00;279,00;247,00;Geprueft
1981-10-17;254,00;263,00;233,00;Geprueft
1981-10-18;226,00;235,00;209,00;Geprueft
1981-10-19;188,00;209,00;165,00;Geprueft
1981-10-20;179,00;179,00;176,00;Geprueft
1981-10-21;175,00;178,00;171,00;Geprueft
1981-10-22;168,00;175,00;164,00;Geprueft
1981-10-23;191,00;204,00;175,00;Geprueft
1981-10-24;194,00;203,00;188,00;Geprueft
1981-10-25;179,00;191,00;176,00;Geprueft
1981-10-26;169,00;176,00;160,00;Geprueft
1981-10-27;162,00;172,00;155,00;Geprueft
1981-10-28;180,00;199,00;167,00;Geprueft
1981-10-29;211,00;224,00;195,00;Geprueft
1981-10-30;202,00;223,00;188,00;Geprueft
1981-10-31;218,00;239,00;190,00;Geprueft
1981-11-01;237,00;252,00;226,00;Geprueft
1981-11-02;202,00;226,00;172,00;Geprueft
1981-11-03;185,00;195,00;176,00;Geprueft
1981-11-04;175,00;193,00;169,00;Geprueft
1981-11-05;167,00;169,00;162,00;Geprueft
1981-11-06;161,00;162,00;158,00;Geprueft
1981-11-07;153,00;162,00;141,00;Geprueft
1981-11-08;134,00;146,00;125,00;Geprueft
1981-11-09;129,00;136,00;122,00;Geprueft
1981-11-10;136,00;139,00;133,00;Geprueft
1981-11-11;136,00;139,00;133,00;Geprueft
1981-11-12;142,00;149,00;135,00;Geprueft
1981-11-13;141,00;149,00;134,00;Geprueft
1981-11-14;144,00;151,00;138,00;Geprueft
1981-11-15;138,00;144,00;131,00;Geprueft
1981-11-16;123,00;131,00;114,00;Geprueft
1981-11-17;123,00;134,00;114,00;Geprueft
1981-11-18;117,00;122,00;105,00;Geprueft
1981-11-19;115,00;133,00;104,00;Geprueft
1981-11-20;130,00;133,00;126,00;Geprueft
1981-11-21;125,00;129,00;121,00;Geprueft
1981-11-22;121,00;133,00;113,00;Geprueft
1981-11-23;102,00;115,00;93,00;Geprueft
1981-11-24;112,00;123,00;106,00;Geprueft
1981-11-25;115,00;123,00;105,00;Geprueft
1981-11-26;109,00;114,00;101,00;Geprueft
1981-11-27;115,00;119,00;110,00;Geprueft
1981-11-28;111,00;119,00;101,00;Geprueft
1981-11-29;115,00;119,00;110,00;Geprueft
1981-11-30;111,00;115,00;110,00;Geprueft
1981-12-01;143,00;172,00;115,00;Geprueft
1981-12-02;177,00;184,00;166,00;Geprueft
1981-12-03;147,00;166,00;132,00;Geprueft
1981-12-04;132,00;156,00;123,00;Geprueft
1981-12-05;153,00;170,00;142,00;Geprueft
1981-12-06;157,00;165,00;151,00;Geprueft
1981-12-07;148,00;156,00;136,00;Geprueft
1981-12-08;153,00;196,00;142,00;Geprueft
1981-12-09;219,00;227,00;196,00;Geprueft
1981-12-10;195,00;221,00;173,00;Geprueft
1981-12-11;171,00;173,00;168,00;Geprueft
1981-12-12;182,00;192,00;173,00;Geprueft
1981-12-13;179,00;191,00;169,00;Geprueft
1981-12-14;155,00;169,00;140,00;Geprueft
1981-12-15;153,00;157,00;151,00;Geprueft
1981-12-16;162,00;169,00;152,00;Geprueft
1981-12-17;157,00;165,00;150,00;Geprueft
1981-12-18;155,00;159,00;146,00;Geprueft
1981-12-19;155,00;159,00;150,00;Geprueft
1981-12-20;155,00;159,00;149,00;Geprueft
1981-12-21;148,00;154,00;140,00;Geprueft
1981-12-22;138,00;141,00;136,00;Geprueft
1981-12-23;139,00;142,00;133,00;Geprueft
1981-12-24;135,00;146,00;124,00;Geprueft
1981-12-25;132,00;141,00;115,00;Geprueft
1981-12-26;122,00;132,00;113,00;Geprueft
1981-12-27;107,00;114,00;99,00;Geprueft
1981-12-28;104,00;114,00;96,00;Geprueft
1981-12-29;121,00;130,00;112,00;Geprueft
1981-12-30;124,00;130,00;119,00;Geprueft
1981-12-31;117,00;130,00;108,00;Geprueft
1982-01-01;113,00;136,00;108,00;Geprueft
1982-01-02;157,00;171,00;136,00;Geprueft
1982-01-03;175,00;177,00;170,00;Geprueft
1982-01-04;176,00;177,00;172,00;Geprueft
1982-01-05;184,00;193,00;175,00;Geprueft
1982-01-06;195,00;208,00;191,00;Geprueft
1982-01-07;191,00;203,00;189,00;Geprueft
1982-01-08;173,00;189,00;170,00;Geprueft
1982-01-09;164,00;170,00;160,00;Geprueft
1982-01-10;168,00;176,00;160,00;Geprueft
1982-01-11;174,00;176,00;163,00;Geprueft
1982-01-12;165,00;167,00;162,00;Geprueft
1982-01-13;168,00;172,00;167,00;Geprueft
1982-01-14;162,00;167,00;158,00;Geprueft
1982-01-15;154,00;158,00;152,00;Geprueft
1982-01-16;152,00;155,00;147,00;Geprueft
1982-01-17;148,00;150,00;147,00;Geprueft
1982-01-18;149,00;153,00;147,00;Geprueft
1982-01-19;143,00;153,00;132,00;Geprueft
1982-01-20;136,00;143,00;132,00;Geprueft
1982-01-21;129,00;134,00;123,00;Geprueft
1982-01-22;130,00;133,00;127,00;Geprueft
1982-01-23;130,00;136,00;126,00;Geprueft
1982-01-24;122,00;132,00;114,00;Geprueft
1982-01-25;117,00;122,00;115,00;Geprueft
1982-01-26;118,00;123,00;113,00;Geprueft
1982-01-27;118,00;126,00;112,00;Geprueft
1982-01-28;121,00;123,00;117,00;Geprueft
1982-01-29;119,00;123,00;112,00;Geprueft
1982-01-30;145,00;173,00;121,00;Geprueft
1982-01-31;239,00;285,00;173,00;Geprueft
1982-02-01;269,00;288,00;252,00;Geprueft
1982-02-02;227,00;256,00;201,00;Geprueft
1982-02-03;190,00;201,00;176,00;Geprueft
1982-02-04;170,00;176,00;157,00;Geprueft
1982-02-05;156,00;159,00;150,00;Geprueft
1982-02-06;150,00;157,00;145,00;Geprueft
1982-02-07;151,00;157,00;139,00;Geprueft
1982-02-08;138,00;144,00;136,00;Geprueft
1982-02-09;149,00;158,00;144,00;Geprueft
1982-02-10;154,00;165,00;140,00;Geprueft
1982-02-11;139,00;141,00;134,00;Geprueft
1982-02-12;137,00;140,00;134,00;Geprueft
1982-02-13;132,00;140,00;125,00;Geprueft
1982-02-14;125,00;135,00;118,00;Geprueft
1982-02-15;123,00;129,00;119,00;Geprueft
1982-02-16;128,00;130,00;121,00;Geprueft
1982-02-17;126,00;130,00;123,00;Geprueft
1982-02-18;123,00;131,00;114,00;Geprueft
1982-02-19;123,00;130,00;114,00;Geprueft
1982-02-20;118,00;122,00;114,00;Geprueft
1982-02-21;122,00;126,00;117,00;Geprueft
1982-02-22;110,00;124,00;98,00;Geprueft
1982-02-23;101,00;109,00;96,00;Geprueft
1982-02-24;97,00;100,00;94,00;Geprueft
1982-02-25;105,00;113,00;98,00;Geprueft
1982-02-26;111,00;114,00;107,00;Geprueft
1982-02-27;102,00;108,00;97,00;Geprueft
1982-02-28;87,00;97,00;83,00;Geprueft
1982-03-01;88,00;103,00;80,00;Geprueft
1982-03-02;95,00;116,00;84,00;Geprueft
1982-03-03;87,00;90,00;85,00;Geprueft
1982-03-04;89,00;93,00;86,00;Geprueft
1982-03-05;79,00;93,00;70,00;Geprueft
1982-03-06;81,00;86,00;74,00;Geprueft
1982-03-07;73,00;84,00;67,00;Geprueft
1982-03-08;76,00;83,00;68,00;Geprueft
1982-03-09;81,00;83,00;81,00;Geprueft
1982-03-10;76,00;82,00;70,00;Geprueft
1982-03-11;97,00;119,00;74,00;Geprueft
1982-03-12;92,00;121,00;77,00;Geprueft
1982-03-13;90,00;93,00;83,00;Geprueft
1982-03-14;84,00;93,00;73,00;Geprueft
1982-03-15;77,00;82,00;71,00;Geprueft
1982-03-16;81,00;86,00;76,00;Geprueft
1982-03-17;77,00;88,00;70,00;Geprueft
1982-03-18;86,00;95,00;76,00;Geprueft
1982-03-19;89,00;106,00;75,00;Geprueft
1982-03-20;89,00;104,00;82,00;Geprueft
1982-03-21;89,00;95,00;82,00;Geprueft
1982-03-22;82,00;92,00;72,00;Geprueft
1982-03-23;88,00;96,00;83,00;Geprueft
1982-03-24;87,00;96,00;77,00;Geprueft
1982-03-25;84,00;87,00;81,00;Geprueft
1982-03-26;81,00;88,00;77,00;Geprueft
1982-03-27;85,00;92,00;80,00;Geprueft
1982-03-28;86,00;92,00;81,00;Geprueft
1982-03-29;93,00;113,00;85,00;Geprueft
1982-03-30;110,00;113,00;104,00;Geprueft
1982-03-31;118,00;134,00;110,00;Geprueft
1982-04-01;121,00;134,00;115,00;Geprueft
1982-04-02;117,00;120,00;112,00;Geprueft
1982-04-03;116,00;121,00;110,00;Geprueft
1982-04-04;119,00;121,00;115,00;Geprueft
1982-04-05;117,00;121,00;112,00;Geprueft
1982-04-06;116,00;121,00;113,00;Geprueft
1982-04-07;122,00;129,00;115,00;Geprueft
1982-04-08;129,00;138,00;123,00;Geprueft
1982-04-09;137,00;141,00;131,00;Geprueft
1982-04-10;128,00;135,00;121,00;Geprueft
1982-04-11;129,00;131,00;125,00;Geprueft
1982-04-12;115,00;131,00;101,00;Geprueft
1982-04-13;100,00;108,00;95,00;Geprueft
1982-04-14;109,00;115,00;100,00;Geprueft
1982-04-15;104,00;114,00;95,00;Geprueft
1982-04-16;106,00;115,00;95,00;Geprueft
1982-04-17;94,00;103,00;85,00;Geprueft
1982-04-18;96,00;102,00;90,00;Geprueft
1982-04-19;87,00;94,00;83,00;Geprueft
1982-04-20;98,00;102,00;91,00;Geprueft
1982-04-21;89,00;94,00;83,00;Geprueft
1982-04-22;92,00;93,00;88,00;Geprueft
1982-04-23;91,00;97,00;83,00;Geprueft
1982-04-24;75,00;91,00;63,00;Geprueft
1982-04-25;86,00;95,00;81,00;Geprueft
1982-04-26;85,00;97,00;72,00;Geprueft
1982-04-27;71,00;74,00;67,00;Geprueft
1982-04-28;76,00;83,00;72,00;Geprueft
1982-04-29;76,00;82,00;68,00;Geprueft
1982-04-30;82,00;92,00;77,00;Geprueft
1982-05-01;83,00;96,00;67,00;Geprueft
1982-05-02;69,00;78,00;56,00;Geprueft
1982-05-03;83,00;95,00;74,00;Geprueft
1982-05-04;85,00;88,00;82,00;Geprueft
1982-05-05;91,00;102,00;83,00;Geprueft
1982-05-06;103,00;107,00;99,00;Geprueft
1982-05-07;97,00;104,00;89,00;Geprueft
1982-05-08;84,00;89,00;83,00;Geprueft
1982-05-09;91,00;94,00;85,00;Geprueft
1982-05-10;86,00;90,00;84,00;Geprueft
1982-05-11;95,00;104,00;90,00;Geprueft
1982-05-12;101,00;108,00;94,00;Geprueft
1982-05-13;96,00;104,00;89,00;Geprueft
1982-05-14;91,00;94,00;88,00;Geprueft
1982-05-15;87,00;91,00;84,00;Geprueft
1982-05-16;96,00;111,00;88,00;Geprueft
1982-05-17;103,00;111,00;96,00;Geprueft
1982-05-18;103,00;107,00;97,00;Geprueft
1982-05-19;112,00;119,00;105,00;Geprueft
1982-05-20;124,00;128,00;115,00;Geprueft
1982-05-21;126,00;128,00;121,00;Geprueft
1982-05-22;130,00;136,00;125,00;Geprueft
1982-05-23;130,00;140,00;116,00;Geprueft
1982-05-24;139,00;166,00;115,00;Geprueft
1982-05-25;178,00;190,00;149,00;Geprueft
1982-05-26;151,00;157,00;143,00;Geprueft
1982-05-27;137,00;143,00;133,00;Geprueft
1982-05-28;123,00;136,00;113,00;Geprueft
1982-05-29;116,00;125,00;112,00;Geprueft
1982-05-30;127,00;133,00;121,00;Geprueft
1982-05-31;116,00;126,00;107,00;Geprueft
1982-06-01;116,00;123,00;109,00;Geprueft
1982-06-02;110,00;114,00;101,00;Geprueft
1982-06-03;109,00;112,00;107,00;Geprueft
1982-06-04;110,00;117,00;107,00;Geprueft
1982-06-05;104,00;108,00;102,00;Geprueft
1982-06-06;111,00;115,00;106,00;Geprueft
1982-06-07;116,00;118,00;112,00;Geprueft
1982-06-08;130,00;150,00;111,00;Geprueft
1982-06-09;127,00;145,00;113,00;Geprueft
1982-06-10;114,00;118,00;108,00;Geprueft
1982-06-11;113,00;118,00;107,00;Geprueft
1982-06-12;115,00;118,00;111,00;Geprueft
1982-06-13;131,00;150,00;116,00;Geprueft
1982-06-14;133,00;150,00;118,00;Geprueft
1982-06-15;130,00;134,00;124,00;Geprueft
1982-06-16;132,00;136,00;124,00;Geprueft
1982-06-17;140,00;158,00;131,00;Geprueft
1982-06-18;156,00;163,00;146,00;Geprueft
1982-06-19;155,00;162,00;147,00;Geprueft
1982-06-20;144,00;163,00;129,00;Geprueft
1982-06-21;128,00;138,00;121,00;Geprueft
1982-06-22;120,00;127,00;113,00;Geprueft
1982-06-23;116,00;127,00;111,00;Geprueft
1982-06-24;132,00;144,00;126,00;Geprueft
1982-06-25;149,00;152,00;144,00;Geprueft
1982-06-26;137,00;150,00;129,00;Geprueft
1982-06-27;172,00;203,00;129,00;Geprueft
1982-06-28;208,00;212,00;193,00;Geprueft
1982-06-29;187,00;208,00;176,00;Geprueft
1982-06-30;186,00;190,00;176,00;Geprueft
1982-07-01;175,00;181,00;164,00;Geprueft
1982-07-02;158,00;164,00;156,00;Geprueft
1982-07-03;144,00;157,00;116,00;Geprueft
1982-07-04;134,00;149,00;122,00;Geprueft
1982-07-05;131,00;135,00;126,00;Geprueft
1982-07-06;123,00;135,00;112,00;Geprueft
1982-07-07;116,00;120,00;114,00;Geprueft
1982-07-08;115,00;125,00;107,00;Geprueft
1982-07-09;110,00;125,00;101,00;Geprueft
1982-07-10;96,00;103,00;87,00;Geprueft
1982-07-11;80,00;90,00;67,00;Geprueft
1982-07-12;80,00;89,00;66,00;Geprueft
1982-07-13;91,00;94,00;86,00;Geprueft
1982-07-14;83,00;89,00;79,00;Geprueft
1982-07-15;84,00;84,00;83,00;Geprueft
1982-07-16;82,00;85,00;79,00;Geprueft
1982-07-17;79,00;89,00;71,00;Geprueft
1982-07-18;73,00;78,00;66,00;Geprueft
1982-07-19;76,00;78,00;72,00;Geprueft
1982-07-20;70,00;78,00;62,00;Geprueft
1982-07-21;70,00;78,00;61,00;Geprueft
1982-07-22;79,00;86,00;75,00;Geprueft
1982-07-23;89,00;93,00;86,00;Geprueft
1982-07-24;86,00;94,00;75,00;Geprueft
1982-07-25;98,00;113,00;87,00;Geprueft
1982-07-26;95,00;104,00;79,00;Geprueft
1982-07-27;113,00;135,00;93,00;Geprueft
1982-07-28;147,00;159,00;134,00;Geprueft
1982-07-29;155,00;159,00;143,00;Geprueft
1982-07-30;135,00;143,00;130,00;Geprueft
1982-07-31;116,00;130,00;104,00;Geprueft
1982-08-01;108,00;125,00;102,00;Geprueft
1982-08-02;115,00;130,00;103,00;Geprueft
1982-08-03;107,00;115,00;98,00;Geprueft
1982-08-04;108,00;119,00;103,00;Geprueft
1982-08-05;125,00;128,00;119,00;Geprueft
1982-08-06;119,00;127,00;111,00;Geprueft
1982-08-07;133,00;145,00;117,00;Geprueft
1982-08-08;141,00;145,00;133,00;Geprueft
1982-08-09;129,00;142,00;120,00;Geprueft
1982-08-10;124,00;128,00;120,00;Geprueft
1982-08-11;120,00;124,00;119,00;Geprueft
1982-08-12;108,00;123,00;102,00;Geprueft
1982-08-13;110,00;113,00;105,00;Geprueft
1982-08-14;102,00;110,00;96,00;Geprueft
1982-08-15;98,00;108,00;83,00;Geprueft
1982-08-16;98,00;112,00;90,00;Geprueft
1982-08-17;120,00;132,00;111,00;Geprueft
1982-08-18;117,00;132,00;109,00;Geprueft
1982-08-19;107,00;113,00;102,00;Geprueft
1982-08-20;111,00;114,00;104,00;Geprueft
1982-08-21;105,00;125,00;94,00;Geprueft
1982-08-22;113,00;125,00;104,00;Geprueft
1982-08-23;93,00;119,00;75,00;Geprueft
1982-08-24;77,00;84,00;74,00;Geprueft
1982-08-25;92,00;108,00;79,00;Geprueft
1982-08-26;100,00;109,00;90,00;Geprueft
1982-08-27;89,00;95,00;79,00;Geprueft
1982-08-28;93,00;103,00;81,00;Geprueft
1982-08-29;108,00;117,00;102,00;Geprueft
1982-08-30;107,00;121,00;99,00;Geprueft
1982-08-31;104,00;119,00;99,00;Geprueft
1982-09-01;135,00;142,00;119,00;Geprueft
1982-09-02;140,00;149,00;137,00;Geprueft
1982-09-03;133,00;152,00;119,00;Geprueft
1982-09-04;112,00;119,00;106,00;Geprueft
1982-09-05;96,00;114,00;86,00;Geprueft
1982-09-06;99,00;113,00;86,00;Geprueft
1982-09-07;101,00;118,00;87,00;Geprueft
1982-09-08;101,00;116,00;89,00;Geprueft
1982-09-09;106,00;117,00;98,00;Geprueft
1982-09-10;101,00;105,00;96,00;Geprueft
1982-09-11;88,00;96,00;82,00;Geprueft
1982-09-12;79,00;85,00;71,00;Geprueft
1982-09-13;78,00;92,00;69,00;Geprueft
1982-09-14;83,00;91,00;77,00;Geprueft
1982-09-15;79,00;83,00;77,00;Geprueft
1982-09-16;74,00;78,00;68,00;Geprueft
1982-09-17;69,00;77,00;57,00;Geprueft
1982-09-18;54,00;58,00;52,00;Geprueft
1982-09-19;62,00;71,00;52,00;Geprueft
1982-09-20;56,00;61,00;53,00;Geprueft
1982-09-21;61,00;64,00;60,00;Geprueft
1982-09-22;66,00;71,00;64,00;Geprueft
1982-09-23;71,00;74,00;68,00;Geprueft
1982-09-24;77,00;80,00;71,00;Geprueft
1982-09-25;69,00;81,00;61,00;Geprueft
1982-09-26;57,00;61,00;53,00;Geprueft
1982-09-27;69,00;76,00;57,00;Geprueft
1982-09-28;80,00;83,00;73,00;Geprueft
1982-09-29;74,00;80,00;57,00;Geprueft
1982-09-30;61,00;73,00;52,00;Geprueft
1982-10-01;66,00;75,00;61,00;Geprueft
1982-10-02;80,00;81,00;75,00;Geprueft
1982-10-03;80,00;84,00;78,00;Geprueft
1982-10-04;75,00;81,00;71,00;Geprueft
1982-10-05;69,00;74,00;68,00;Geprueft
1982-10-06;76,00;80,00;71,00;Geprueft
1982-10-07;80,00;85,00;72,00;Geprueft
1982-10-08;79,00;80,00;76,00;Geprueft
1982-10-09;67,00;78,00;52,00;Geprueft
1982-10-10;56,00;61,00;52,00;Geprueft
1982-10-11;57,00;65,00;52,00;Geprueft
1982-10-12;68,00;75,00;61,00;Geprueft
1982-10-13;70,00;75,00;69,00;Geprueft
1982-10-14;81,00;85,00;75,00;Geprueft
1982-10-15;75,00;82,00;61,00;Geprueft
1982-10-16;60,00;65,00;56,00;Geprueft
1982-10-17;57,00;61,00;57,00;Geprueft
1982-10-18;60,00;62,00;57,00;Geprueft
1982-10-19;61,00;70,00;53,00;Geprueft
1982-10-20;64,00;65,00;60,00;Geprueft
1982-10-21;57,00;62,00;53,00;Geprueft
1982-10-22;54,00;56,00;50,00;Geprueft
1982-10-23;46,00;50,00;44,00;Geprueft
1982-10-24;46,00;48,00;44,00;Geprueft
1982-10-25;52,00;61,00;48,00;Geprueft
1982-10-26;61,00;69,00;56,00;Geprueft
1982-10-27;72,00;77,00;67,00;Geprueft
1982-10-28;61,00;67,00;55,00;Geprueft
1982-10-29;55,00;60,00;51,00;Geprueft
1982-10-30;54,00;56,00;53,00;Geprueft
1982-10-31;49,00;54,00;47,00;Geprueft
1982-11-01;47,00;51,00;46,00;Geprueft
1982-11-02;49,00;56,00;39,00;Geprueft
1982-11-03;52,00;56,00;49,00;Geprueft
1982-11-04;52,00;58,00;49,00;Geprueft
1982-11-05;56,00;61,00;46,00;Geprueft
1982-11-06;41,00;46,00;36,00;Geprueft
1982-11-07;44,00;52,00;39,00;Geprueft
1982-11-08;50,00;56,00;45,00;Geprueft
1982-11-09;49,00;53,00;46,00;Geprueft
1982-11-10;57,00;62,00;53,00;Geprueft
1982-11-11;54,00;60,00;52,00;Geprueft
1982-11-12;50,00;56,00;46,00;Geprueft
1982-11-13;51,00;59,00;46,00;Geprueft
1982-11-14;53,00;62,00;38,00;Geprueft
1982-11-15;53,00;65,00;37,00;Geprueft
1982-11-16;55,00;65,00;44,00;Geprueft
1982-11-17;45,00;58,00;37,00;Geprueft
1982-11-18;66,00;71,00;52,00;Geprueft
1982-11-19;76,00;85,00;71,00;Geprueft
1982-11-20;69,00;85,00;55,00;Geprueft
1982-11-21;58,00;67,00;53,00;Geprueft
1982-11-22;64,00;68,00;60,00;Geprueft
1982-11-23;63,00;64,00;60,00;Geprueft
1982-11-24;59,00;62,00;57,00;Geprueft
1982-11-25;60,00;63,00;57,00;Geprueft
1982-11-26;61,00;62,00;59,00;Geprueft
1982-11-27;57,00;60,00;53,00;Geprueft
1982-11-28;49,00;54,00;43,00;Geprueft
1982-11-29;54,00;60,00;43,00;Geprueft
1982-11-30;57,00;59,00;56,00;Geprueft
1982-12-01;57,00;63,00;56,00;Geprueft
1982-12-02;59,00;63,00;52,00;Geprueft
1982-12-03;51,00;53,00;50,00;Geprueft
1982-12-04;50,00;54,00;46,00;Geprueft
1982-12-05;41,00;46,00;38,00;Geprueft
1982-12-06;47,00;52,00;41,00;Geprueft
1982-12-07;51,00;54,00;48,00;Geprueft
1982-12-08;59,00;66,00;54,00;Geprueft
1982-12-09;70,00;99,00;56,00;Geprueft
1982-12-10;91,00;103,00;85,00;Geprueft
1982-12-11;82,00;89,00;75,00;Geprueft
1982-12-12;69,00;75,00;66,00;Geprueft
1982-12-13;69,00;77,00;64,00;Geprueft
1982-12-14;74,00;77,00;70,00;Geprueft
1982-12-15;72,00;77,00;67,00;Geprueft
1982-12-16;79,00;91,00;63,00;Geprueft
1982-12-17;75,00;91,00;66,00;Geprueft
1982-12-18;95,00;113,00;86,00;Geprueft
1982-12-19;110,00;115,00;98,00;Geprueft
1982-12-20;98,00;113,00;89,00;Geprueft
1982-12-21;112,00;122,00;101,00;Geprueft
1982-12-22;125,00;132,00;116,00;Geprueft
1982-12-23;98,00;116,00;85,00;Geprueft
1982-12-24;87,00;89,00;85,00;Geprueft
1982-12-25;83,00;89,00;79,00;Geprueft
1982-12-26;76,00;80,00;69,00;Geprueft
1982-12-27;73,00;80,00;68,00;Geprueft
1982-12-28;79,00;86,00;73,00;Geprueft
1982-12-29;87,00;96,00;79,00;Geprueft
1982-12-30;82,00;87,00;67,00;Geprueft
1982-12-31;69,00;76,00;61,00;Geprueft
1983-01-01;73,00;75,00;70,00;Geprueft
1983-01-02;67,00;75,00;61,00;Geprueft
1983-01-03;66,00;96,00;56,00;Geprueft
1983-01-04;95,00;99,00;89,00;Geprueft
1983-01-05;116,00;138,00;95,00;Geprueft
1983-01-06;134,00;138,00;120,00;Geprueft
1983-01-07;115,00;120,00;113,00;Geprueft
1983-01-08;117,00;123,00;114,00;Geprueft
1983-01-09;113,00;123,00;102,00;Geprueft
1983-01-10;92,00;102,00;85,00;Geprueft
1983-01-11;88,00;89,00;88,00;Geprueft
1983-01-12;87,00;89,00;85,00;Geprueft
1983-01-13;84,00;85,00;82,00;Geprueft
1983-01-14;88,00;90,00;85,00;Geprueft
1983-01-15;88,00;91,00;85,00;Geprueft
1983-01-16;99,00;113,00;90,00;Geprueft
1983-01-17;113,00;115,00;112,00;Geprueft
1983-01-18;114,00;117,00;113,00;Geprueft
1983-01-19;115,00;117,00;112,00;Geprueft
1983-01-20;103,00;117,00;94,00;Geprueft
1983-01-21;98,00;108,00;92,00;Geprueft
1983-01-22;94,00;98,00;88,00;Geprueft
1983-01-23;90,00;94,00;87,00;Geprueft
1983-01-24;85,00;91,00;81,00;Geprueft
1983-01-25;85,00;90,00;81,00;Geprueft
1983-01-26;96,00;113,00;82,00;Geprueft
1983-01-27;112,00;114,00;103,00;Geprueft
1983-01-28;103,00;108,00;99,00;Geprueft
1983-01-29;105,00;108,00;100,00;Geprueft
1983-01-30;95,00;103,00;90,00;Geprueft
1983-01-31;102,00;111,00;96,00;Geprueft
1983-02-01;113,00;114,00;111,00;Geprueft
1983-02-02;121,00;131,00;113,00;Geprueft
1983-02-03;120,00;123,00;116,00;Geprueft
1983-02-04;114,00;116,00;111,00;Geprueft
1983-02-05;105,00;111,00;103,00;Geprueft
1983-02-06;95,00;106,00;83,00;Geprueft
1983-02-07;95,00;103,00;88,00;Geprueft
1983-02-08;94,00;99,00;91,00;Geprueft
1983-02-09;90,00;93,00;86,00;Geprueft
1983-02-10;91,00;99,00;86,00;Geprueft
1983-02-11;92,00;100,00;84,00;Geprueft
1983-02-12;83,00;85,00;81,00;Geprueft
1983-02-13;75,00;82,00;71,00;Geprueft
1983-02-14;79,00;89,00;67,00;Geprueft
1983-02-15;83,00;86,00;73,00;Geprueft
1983-02-16;69,00;75,00;60,00;Geprueft
1983-02-17;66,00;73,00;60,00;Geprueft
1983-02-18;73,00;78,00;69,00;Geprueft
1983-02-19;64,00;71,00;56,00;Geprueft
1983-02-20;55,00;58,00;53,00;Geprueft
1983-02-21;64,00;77,00;52,00;Geprueft
1983-02-22;67,00;78,00;58,00;Geprueft
1983-02-23;63,00;68,00;60,00;Geprueft
1983-02-24;61,00;64,00;54,00;Geprueft
1983-02-25;62,00;65,00;59,00;Geprueft
1983-02-26;70,00;87,00;59,00;Geprueft
1983-02-27;97,00;114,00;87,00;Geprueft
1983-02-28;124,00;137,00;114,00;Geprueft
1983-03-01;138,00;143,00;134,00;Geprueft
1983-03-02;115,00;137,00;96,00;Geprueft
1983-03-03;93,00;96,00;90,00;Geprueft
1983-03-04;86,00;94,00;83,00;Geprueft
1983-03-05;83,00;84,00;82,00;Geprueft
1983-03-06;75,00;84,00;66,00;Geprueft
1983-03-07;69,00;73,00;66,00;Geprueft
1983-03-08;71,00;72,00;67,00;Geprueft
1983-03-09;73,00;79,00;71,00;Geprueft
1983-03-10;77,00;80,00;72,00;Geprueft
1983-03-11;79,00;83,00;75,00;Geprueft
1983-03-12;79,00;83,00;75,00;Geprueft
1983-03-13;75,00;76,00;75,00;Geprueft
1983-03-14;71,00;76,00;66,00;Geprueft
1983-03-15;70,00;79,00;58,00;Geprueft
1983-03-16;67,00;69,00;65,00;Geprueft
1983-03-17;68,00;71,00;65,00;Geprueft
1983-03-18;69,00;75,00;66,00;Geprueft
1983-03-19;72,00;76,00;69,00;Geprueft
1983-03-20;101,00;126,00;74,00;Geprueft
1983-03-21;119,00;126,00;113,00;Geprueft
1983-03-22;107,00;113,00;104,00;Geprueft
1983-03-23;108,00;111,00;107,00;Geprueft
1983-03-24;100,00;111,00;88,00;Geprueft
1983-03-25;91,00;96,00;88,00;Geprueft
1983-03-26;93,00;94,00;93,00;Geprueft
1983-03-27;97,00;98,00;93,00;Geprueft
1983-03-28;95,00;102,00;89,00;Geprueft
1983-03-29;100,00;102,00;92,00;Geprueft
1983-03-30;105,00;112,00;101,00;Geprueft
1983-03-31;102,00;112,00;90,00;Geprueft
1983-04-01;83,00;90,00;76,00;Geprueft
1983-04-02;82,00;88,00;80,00;Geprueft
1983-04-03;85,00;85,00;85,00;Geprueft
1983-04-04;88,00;96,00;85,00;Geprueft
1983-04-05;85,00;88,00;82,00;Geprueft
1983-04-06;84,00;92,00;82,00;Geprueft
1983-04-07;95,00;97,00;91,00;Geprueft
1983-04-08;102,00;107,00;96,00;Geprueft
1983-04-09;102,00;102,00;101,00;Geprueft
1983-04-10;104,00;111,00;99,00;Geprueft
1983-04-11;124,00;130,00;110,00;Geprueft
1983-04-12;124,00;131,00;115,00;Geprueft
1983-04-13;115,00;126,00;103,00;Geprueft
1983-04-14;103,00;107,00;103,00;Geprueft
1983-04-15;113,00;127,00;107,00;Geprueft
1983-04-16;134,00;141,00;126,00;Geprueft
1983-04-17;130,00;140,00;122,00;Geprueft
1983-04-18;120,00;128,00;116,00;Geprueft
1983-04-19;124,00;133,00;117,00;Geprueft
1983-04-20;118,00;132,00;107,00;Geprueft
1983-04-21;106,00;122,00;93,00;Geprueft
1983-04-22;104,00;124,00;93,00;Geprueft
1983-04-23;109,00;125,00;83,00;Geprueft
1983-04-24;82,00;84,00;80,00;Geprueft
1983-04-25;90,00;98,00;79,00;Geprueft
1983-04-26;100,00;103,00;98,00;Geprueft
1983-04-27;96,00;99,00;89,00;Geprueft
1983-04-28;90,00;93,00;87,00;Geprueft
1983-04-29;88,00;93,00;82,00;Geprueft
1983-04-30;84,00;87,00;82,00;Geprueft
1983-05-01;84,00;87,00;82,00;Geprueft
1983-05-02;97,00;101,00;85,00;Geprueft
1983-05-03;106,00;110,00;96,00;Geprueft
1983-05-04;86,00;99,00;78,00;Geprueft
1983-05-05;83,00;91,00;77,00;Geprueft
1983-05-06;91,00;105,00;81,00;Geprueft
1983-05-07;92,00;105,00;77,00;Geprueft
1983-05-08;79,00;97,00;72,00;Geprueft
1983-05-09;128,00;149,00;97,00;Geprueft
1983-05-10;156,00;172,00;144,00;Geprueft
1983-05-11;157,00;160,00;147,00;Geprueft
1983-05-12;139,00;147,00;135,00;Geprueft
1983-05-13;133,00;140,00;127,00;Geprueft
1983-05-14;123,00;141,00;109,00;Geprueft
1983-05-15;102,00;109,00;94,00;Geprueft
1983-05-16;93,00;100,00;89,00;Geprueft
1983-05-17;98,00;101,00;95,00;Geprueft
1983-05-18;97,00;103,00;92,00;Geprueft
1983-05-19;99,00;105,00;93,00;Geprueft
1983-05-20;96,00;105,00;88,00;Geprueft
1983-05-21;84,00;88,00;82,00;Geprueft
1983-05-22;78,00;82,00;73,00;Geprueft
1983-05-23;74,00;78,00;62,00;Geprueft
1983-05-24;76,00;115,00;61,00;Geprueft
1983-05-25;110,00;121,00;101,00;Geprueft
1983-05-26;89,00;101,00;81,00;Geprueft
1983-05-27;76,00;82,00;72,00;Geprueft
1983-05-28;85,00;87,00;81,00;Geprueft
1983-05-29;83,00;88,00;81,00;Geprueft
1983-05-30;89,00;96,00;73,00;Geprueft
1983-05-31;80,00;87,00;72,00;Geprueft
1983-06-01;88,00;92,00;86,00;Geprueft
1983-06-02;82,00;92,00;72,00;Geprueft
1983-06-03;75,00;82,00;71,00;Geprueft
1983-06-04;69,00;73,00;59,00;Geprueft
1983-06-05;63,00;64,00;62,00;Geprueft
1983-06-06;73,00;93,00;59,00;Geprueft
1983-06-07;90,00;93,00;88,00;Geprueft
1983-06-08;85,00;90,00;79,00;Geprueft
1983-06-09;75,00;82,00;69,00;Geprueft
1983-06-10;86,00;90,00;81,00;Geprueft
1983-06-11;100,00;116,00;85,00;Geprueft
1983-06-12;97,00;117,00;81,00;Geprueft
1983-06-13;82,00;102,00;76,00;Geprueft
1983-06-14;122,00;140,00;102,00;Geprueft
1983-06-15;188,00;216,00;140,00;Geprueft
1983-06-16;214,00;228,00;201,00;Geprueft
1983-06-17;234,00;247,00;222,00;Geprueft
1983-06-18;202,00;229,00;184,00;Geprueft
1983-06-19;166,00;189,00;155,00;Geprueft
1983-06-20;143,00;155,00;138,00;Geprueft
1983-06-21;138,00;142,00;134,00;Geprueft
1983-06-22;133,00;134,00;132,00;Geprueft
1983-06-23;129,00;133,00;122,00;Geprueft
1983-06-24;123,00;132,00;115,00;Geprueft
1983-06-25;112,00;115,00;106,00;Geprueft
1983-06-26;118,00;129,00;110,00;Geprueft
1983-06-27;120,00;129,00;114,00;Geprueft
1983-06-28;123,00;135,00;115,00;Geprueft
1983-06-29;139,00;162,00;118,00;Geprueft
1983-06-30;149,00;156,00;136,00;Geprueft
1983-07-01;121,00;136,00;104,00;Geprueft
1983-07-02;114,00;128,00;96,00;Geprueft
1983-07-03;121,00;129,00;116,00;Geprueft
1983-07-04;111,00;116,00;107,00;Geprueft
1983-07-05;107,00;115,00;98,00;Geprueft
1983-07-06;102,00;108,00;97,00;Geprueft
1983-07-07;106,00;117,00;98,00;Geprueft
1983-07-08;147,00;188,00;112,00;Geprueft
1983-07-09;173,00;184,00;164,00;Geprueft
1983-07-10;145,00;164,00;137,00;Geprueft
1983-07-11;121,00;142,00;102,00;Geprueft
1983-07-12;107,00;110,00;102,00;Geprueft
1983-07-13;104,00;115,00;98,00;Geprueft
1983-07-14;97,00;111,00;89,00;Geprueft
1983-07-15;102,00;112,00;95,00;Geprueft
1983-07-16;85,00;95,00;78,00;Geprueft
1983-07-17;75,00;80,00;73,00;Geprueft
1983-07-18;69,00;73,00;65,00;Geprueft
1983-07-19;69,00;72,00;67,00;Geprueft
1983-07-20;74,00;82,00;67,00;Geprueft
1983-07-21;82,00;84,00;75,00;Geprueft
1983-07-22;70,00;77,00;58,00;Geprueft
1983-07-23;55,00;61,00;52,00;Geprueft
1983-07-24;58,00;62,00;52,00;Geprueft
1983-07-25;57,00;63,00;51,00;Geprueft
1983-07-26;60,00;62,00;56,00;Geprueft
1983-07-27;53,00;56,00;52,00;Geprueft
1983-07-28;58,00;61,00;52,00;Geprueft
1983-07-29;56,00;60,00;52,00;Geprueft
1983-07-30;49,00;56,00;45,00;Geprueft
1983-07-31;42,00;47,00;32,00;Geprueft
1983-08-01;39,00;49,00;31,00;Geprueft
1983-08-02;71,00;120,00;49,00;Geprueft
1983-08-03;126,00;130,00;120,00;Geprueft
1983-08-04;141,00;162,00;126,00;Geprueft
1983-08-05;178,00;195,00;162,00;Geprueft
1983-08-06;214,00;242,00;192,00;Geprueft
1983-08-07;239,00;249,00;225,00;Geprueft
1983-08-08;223,00;247,00;196,00;Geprueft
1983-08-09;175,00;196,00;159,00;Geprueft
1983-08-10;148,00;159,00;143,00;Geprueft
1983-08-11;142,00;149,00;131,00;Geprueft
1983-08-12;146,00;151,00;134,00;Geprueft
1983-08-13;127,00;149,00;121,00;Geprueft
1983-08-14;123,00;130,00;116,00;Geprueft
1983-08-15;103,00;116,00;92,00;Geprueft
1983-08-16;103,00;112,00;92,00;Geprueft
1983-08-17;110,00;113,00;106,00;Geprueft
1983-08-18;102,00;106,00;99,00;Geprueft
1983-08-19;91,00;99,00;86,00;Geprueft
1983-08-20;79,00;86,00;72,00;Geprueft
1983-08-21;69,00;72,00;63,00;Geprueft
1983-08-22;76,00;84,00;69,00;Geprueft
1983-08-23;83,00;88,00;79,00;Geprueft
1983-08-24;81,00;84,00;79,00;Geprueft
1983-08-25;78,00;79,00;74,00;Geprueft
1983-08-26;79,00;79,00;78,00;Geprueft
1983-08-27;74,00;78,00;65,00;Geprueft
1983-08-28;64,00;65,00;58,00;Geprueft
1983-08-29;60,00;66,00;58,00;Geprueft
1983-08-30;60,00;66,00;53,00;Geprueft
1983-08-31;61,00;66,00;53,00;Geprueft
1983-09-01;70,00;75,00;60,00;Geprueft
1983-09-02;64,00;68,00;59,00;Geprueft
1983-09-03;70,00;75,00;65,00;Geprueft
1983-09-04;73,00;75,00;70,00;Geprueft
1983-09-05;69,00;72,00;65,00;Geprueft
1983-09-06;66,00;71,00;55,00;Geprueft
1983-09-07;66,00;79,00;54,00;Geprueft
1983-09-08;76,00;84,00;68,00;Geprueft
1983-09-09;68,00;74,00;65,00;Geprueft
1983-09-10;66,00;68,00;61,00;Geprueft
1983-09-11;64,00;68,00;61,00;Geprueft
1983-09-12;85,00;105,00;61,00;Geprueft
1983-09-13;102,00;106,00;92,00;Geprueft
1983-09-14;85,00;100,00;78,00;Geprueft
1983-09-15;75,00;78,00;74,00;Geprueft
1983-09-16;77,00;79,00;74,00;Geprueft
1983-09-17;105,00;122,00;78,00;Geprueft
1983-09-18;113,00;121,00;104,00;Geprueft
1983-09-19;96,00;104,00;88,00;Geprueft
1983-09-20;84,00;89,00;78,00;Geprueft
1983-09-21;81,00;87,00;74,00;Geprueft
1983-09-22;81,00;83,00;77,00;Geprueft
1983-09-23;79,00;83,00;73,00;Geprueft
1983-09-24;69,00;79,00;63,00;Geprueft
1983-09-25;62,00;68,00;61,00;Geprueft
1983-09-26;87,00;96,00;68,00;Geprueft
1983-09-27;85,00;95,00;75,00;Geprueft
1983-09-28;73,00;76,00;71,00;Geprueft
1983-09-29;70,00;73,00;69,00;Geprueft
1983-09-30;65,00;71,00;59,00;Geprueft
1983-10-01;59,00;63,00;58,00;Geprueft
1983-10-02;58,00;64,00;52,00;Geprueft
1983-10-03;55,00;60,00;52,00;Geprueft
1983-10-04;60,00;64,00;52,00;Geprueft
1983-10-05;58,00;59,00;55,00;Geprueft
1983-10-06;61,00;67,00;58,00;Geprueft
1983-10-07;69,00;71,00;67,00;Geprueft
1983-10-08;63,00;67,00;56,00;Geprueft
1983-10-09;57,00;59,00;56,00;Geprueft
1983-10-10;52,00;56,00;42,00;Geprueft
1983-10-11;50,00;56,00;44,00;Geprueft
1983-10-12;60,00;65,00;56,00;Geprueft
1983-10-13;64,00;67,00;61,00;Geprueft
1983-10-14;60,00;67,00;55,00;Geprueft
1983-10-15;54,00;56,00;52,00;Geprueft
1983-10-16;53,00;60,00;45,00;Geprueft
1983-10-17;49,00;55,00;44,00;Geprueft
1983-10-18;64,00;70,00;55,00;Geprueft
1983-10-19;72,00;73,00;70,00;Geprueft
1983-10-20;69,00;73,00;64,00;Geprueft
1983-10-21;60,00;65,00;54,00;Geprueft
1983-10-22;51,00;57,00;45,00;Geprueft
1983-10-23;44,00;45,00;42,00;Geprueft
1983-10-24;46,00;50,00;43,00;Geprueft
1983-10-25;50,00;55,00;46,00;Geprueft
1983-10-26;52,00;55,00;48,00;Geprueft
1983-10-27;48,00;51,00;44,00;Geprueft
1983-10-28;48,00;54,00;46,00;Geprueft
1983-10-29;46,00;50,00;44,00;Geprueft
1983-10-30;41,00;46,00;34,00;Geprueft
1983-10-31;39,00;46,00;34,00;Geprueft
1983-11-01;45,00;45,00;44,00;Geprueft
1983-11-02;45,00;54,00;40,00;Geprueft
1983-11-03;48,00;55,00;44,00;Geprueft
1983-11-04;43,00;46,00;37,00;Geprueft
1983-11-05;46,00;50,00;43,00;Geprueft
1983-11-06;44,00;51,00;39,00;Geprueft
1983-11-07;39,00;42,00;36,00;Geprueft
1983-11-08;48,00;55,00;40,00;Geprueft
1983-11-09;49,00;54,00;48,00;Geprueft
1983-11-10;54,00;57,00;50,00;Geprueft
1983-11-11;49,00;56,00;46,00;Geprueft
1983-11-12;47,00;49,00;45,00;Geprueft
1983-11-13;44,00;47,00;42,00;Geprueft
1983-11-14;45,00;47,00;42,00;Geprueft
1983-11-15;42,00;47,00;40,00;Geprueft
1983-11-16;43,00;47,00;39,00;Geprueft
1983-11-17;39,00;40,00;38,00;Geprueft
1983-11-18;47,00;62,00;39,00;Geprueft
1983-11-19;56,00;66,00;45,00;Geprueft
1983-11-20;40,00;45,00;35,00;Geprueft
1983-11-21;34,00;39,00;31,00;Geprueft
1983-11-22;44,00;50,00;39,00;Geprueft
1983-11-23;47,00;50,00;42,00;Geprueft
1983-11-24;43,00;47,00;39,00;Geprueft
1983-11-25;44,00;49,00;42,00;Geprueft
1983-11-26;41,00;46,00;38,00;Geprueft
1983-11-27;43,00;49,00;38,00;Geprueft
1983-11-28;57,00;63,00;48,00;Geprueft
1983-11-29;67,00;73,00;60,00;Geprueft
1983-11-30;76,00;81,00;73,00;Geprueft
1983-12-01;70,00;82,00;55,00;Geprueft
1983-12-02;54,00;57,00;52,00;Geprueft
1983-12-03;57,00;59,00;53,00;Geprueft
1983-12-04;54,00;59,00;50,00;Geprueft
1983-12-05;49,00;52,00;44,00;Geprueft
1983-12-06;52,00;53,00;51,00;Geprueft
1983-12-07;52,00;53,00;51,00;Geprueft
1983-12-08;47,00;52,00;40,00;Geprueft
1983-12-09;41,00;43,00;38,00;Geprueft
1983-12-10;42,00;43,00;41,00;Geprueft
1983-12-11;45,00;46,00;39,00;Geprueft
1983-12-12;40,00;47,00;35,00;Geprueft
1983-12-13;43,00;46,00;40,00;Geprueft
1983-12-14;42,00;46,00;39,00;Geprueft
1983-12-15;45,00;46,00;41,00;Geprueft
1983-12-16;51,00;55,00;46,00;Geprueft
1983-12-17;47,00;54,00;42,00;Geprueft
1983-12-18;40,00;43,00;39,00;Geprueft
1983-12-19;39,00;41,00;39,00;Geprueft
1983-12-20;43,00;46,00;40,00;Geprueft
1983-12-21;41,00;46,00;40,00;Geprueft
1983-12-22;49,00;63,00;40,00;Geprueft
1983-12-23;62,00;63,00;60,00;Geprueft
1983-12-24;96,00;135,00;60,00;Geprueft
1983-12-25;146,00;149,00;135,00;Geprueft
1983-12-26;114,00;143,00;101,00;Geprueft
1983-12-27;98,00;101,00;95,00;Geprueft
1983-12-28;95,00;100,00;87,00;Geprueft
1983-12-29;86,00;95,00;82,00;Geprueft
1983-12-30;88,00;91,00;82,00;Geprueft
1983-12-31;77,00;82,00;73,00;Geprueft
1984-01-01;72,00;81,00;66,00;Geprueft
1984-01-02;67,00;67,00;66,00;Geprueft
1984-01-03;78,00;90,00;66,00;Geprueft
1984-01-04;81,00;90,00;71,00;Geprueft
1984-01-05;72,00;75,00;70,00;Geprueft
1984-01-06;64,00;70,00;58,00;Geprueft
1984-01-07;57,00;60,00;52,00;Geprueft
1984-01-08;52,00;55,00;51,00;Geprueft
1984-01-09;56,00;67,00;54,00;Geprueft
1984-01-10;62,00;68,00;59,00;Geprueft
1984-01-11;67,00;72,00;63,00;Geprueft
1984-01-12;68,00;72,00;65,00;Geprueft
1984-01-13;67,00;72,00;60,00;Geprueft
1984-01-14;62,00;64,00;60,00;Geprueft
1984-01-15;66,00;79,00;60,00;Geprueft
1984-01-16;78,00;79,00;76,00;Geprueft
1984-01-17;78,00;83,00;73,00;Geprueft
1984-01-18;81,00;85,00;80,00;Geprueft
1984-01-19;84,00;85,00;79,00;Geprueft
1984-01-20;79,00;88,00;70,00;Geprueft
1984-01-21;70,00;72,00;69,00;Geprueft
1984-01-22;65,00;72,00;60,00;Geprueft
1984-01-23;61,00;68,00;59,00;Geprueft
1984-01-24;70,00;75,00;66,00;Geprueft
1984-01-25;70,00;73,00;67,00;Geprueft
1984-01-26;73,00;77,00;67,00;Geprueft
1984-01-27;73,00;77,00;66,00;Geprueft
1984-01-28;60,00;67,00;48,00;Geprueft
1984-01-29;49,00;54,00;46,00;Geprueft
1984-01-30;61,00;69,00;53,00;Geprueft
1984-01-31;68,00;75,00;65,00;Geprueft
1984-02-01;69,00;71,00;67,00;Geprueft
1984-02-02;72,00;74,00;69,00;Geprueft
1984-02-03;69,00;74,00;64,00;Geprueft
1984-02-04;73,00;79,00;65,00;Geprueft
1984-02-05;77,00;82,00;71,00;Geprueft
1984-02-06;95,00;115,00;79,00;Geprueft
1984-02-07;112,00;136,00;91,00;Geprueft
1984-02-08;97,00;107,00;90,00;Geprueft
1984-02-09;112,00;118,00;107,00;Geprueft
1984-02-10;99,00;110,00;87,00;Geprueft
1984-02-11;85,00;90,00;79,00;Geprueft
1984-02-12;79,00;79,00;75,00;Geprueft
1984-02-13;79,00;91,00;74,00;Geprueft
1984-02-14;94,00;100,00;91,00;Geprueft
1984-02-15;87,00;103,00;65,00;Geprueft
1984-02-16;82,00;103,00;67,00;Geprueft
1984-02-17;76,00;88,00;65,00;Geprueft
1984-02-18;61,00;69,00;54,00;Geprueft
1984-02-19;66,00;70,00;63,00;Geprueft
1984-02-20;61,00;63,00;56,00;Geprueft
1984-02-21;57,00;63,00;49,00;Geprueft
1984-02-22;53,00;64,00;47,00;Geprueft
1984-02-23;53,00;59,00;48,00;Geprueft
1984-02-24;45,00;54,00;39,00;Geprueft
1984-02-25;47,00;55,00;39,00;Geprueft
1984-02-26;49,00;53,00;46,00;Geprueft
1984-02-27;48,00;50,00;45,00;Geprueft
1984-02-28;45,00;50,00;39,00;Geprueft
1984-02-29;42,00;44,00;39,00;Geprueft
1984-03-01;44,00;47,00;43,00;Geprueft
1984-03-02;49,00;54,00;47,00;Geprueft
1984-03-03;45,00;54,00;38,00;Geprueft
1984-03-04;37,00;39,00;34,00;Geprueft
1984-03-05;38,00;39,00;36,00;Geprueft
1984-03-06;37,00;40,00;36,00;Geprueft
1984-03-07;38,00;41,00;33,00;Geprueft
1984-03-08;38,00;41,00;33,00;Geprueft
1984-03-09;42,00;44,00;41,00;Geprueft
1984-03-10;41,00;41,00;37,00;Geprueft
1984-03-11;43,00;45,00;39,00;Geprueft
1984-03-12;42,00;44,00;39,00;Geprueft
1984-03-13;45,00;49,00;40,00;Geprueft
1984-03-14;43,00;48,00;37,00;Geprueft
1984-03-15;39,00;45,00;35,00;Geprueft
1984-03-16;43,00;51,00;37,00;Geprueft
1984-03-17;45,00;51,00;44,00;Geprueft
1984-03-18;44,00;44,00;42,00;Geprueft
1984-03-19;44,00;45,00;42,00;Geprueft
1984-03-20;50,00;53,00;45,00;Geprueft
1984-03-21;51,00;51,00;49,00;Geprueft
1984-03-22;49,00;52,00;46,00;Geprueft
1984-03-23;53,00;54,00;50,00;Geprueft
1984-03-24;55,00;58,00;53,00;Geprueft
1984-03-25;50,00;55,00;46,00;Geprueft
1984-03-26;51,00;54,00;47,00;Geprueft
1984-03-27;53,00;59,00;47,00;Geprueft
1984-03-28;63,00;65,00;59,00;Geprueft
1984-03-29;68,00;72,00;65,00;Geprueft
1984-03-30;76,00;79,00;72,00;Geprueft
1984-03-31;77,00;79,00;75,00;Geprueft
1984-04-01;69,00;75,00;56,00;Geprueft
1984-04-02;68,00;99,00;54,00;Geprueft
1984-04-03;90,00;101,00;80,00;Geprueft
1984-04-04;76,00;83,00;67,00;Geprueft
1984-04-05;76,00;85,00;72,00;Geprueft
1984-04-06;76,00;86,00;67,00;Geprueft
1984-04-07;65,00;72,00;58,00;Geprueft
1984-04-08;57,00;62,00;53,00;Geprueft
1984-04-09;58,00;64,00;53,00;Geprueft
1984-04-10;65,00;75,00;51,00;Geprueft
1984-04-11;65,00;74,00;35,00;Geprueft
1984-04-12;73,00;74,00;72,00;Geprueft
1984-04-13;69,00;80,00;56,00;Geprueft
1984-04-14;67,00;73,00;61,00;Geprueft
1984-04-15;63,00;68,00;61,00;Geprueft
1984-04-16;71,00;89,00;57,00;Geprueft
1984-04-17;93,00;112,00;80,00;Geprueft
1984-04-18;102,00;112,00;89,00;Geprueft
1984-04-19;90,00;101,00;77,00;Geprueft
1984-04-20;72,00;78,00;63,00;Geprueft
1984-04-21;60,00;63,00;59,00;Geprueft
1984-04-22;63,00;69,00;59,00;Geprueft
1984-04-23;71,00;77,00;68,00;Geprueft
1984-04-24;76,00;79,00;72,00;Geprueft
1984-04-25;74,00;78,00;68,00;Geprueft
1984-04-26;75,00;84,00;67,00;Geprueft
1984-04-27;84,00;91,00;70,00;Geprueft
1984-04-28;76,00;79,00;60,00;Geprueft
1984-04-29;53,00;60,00;44,00;Geprueft
1984-04-30;56,00;61,00;48,00;Geprueft
1984-05-01;60,00;64,00;56,00;Geprueft
1984-05-02;60,00;69,00;50,00;Geprueft
1984-05-03;64,00;72,00;52,00;Geprueft
1984-05-04;73,00;84,00;58,00;Geprueft
1984-05-05;78,00;83,00;70,00;Geprueft
1984-05-06;67,00;70,00;64,00;Geprueft
1984-05-07;69,00;87,00;35,00;Geprueft
1984-05-08;86,00;114,00;60,00;Geprueft
1984-05-09;85,00;118,00;64,00;Geprueft
1984-05-10;71,00;79,00;64,00;Geprueft
1984-05-11;66,00;81,00;45,00;Geprueft
1984-05-12;71,00;77,00;62,00;Geprueft
1984-05-13;59,00;71,00;56,00;Geprueft
1984-05-14;78,00;112,00;53,00;Geprueft
1984-05-15;88,00;97,00;74,00;Geprueft
1984-05-16;65,00;87,00;26,00;Geprueft
1984-05-17;69,00;80,00;56,00;Geprueft
1984-05-18;67,00;76,00;59,00;Geprueft
1984-05-19;56,00;63,00;45,00;Geprueft
1984-05-20;47,00;49,00;44,00;Geprueft
1984-05-21;64,00;89,00;48,00;Geprueft
1984-05-22;80,00;99,00;54,00;Geprueft
1984-05-23;82,00;96,00;63,00;Geprueft
1984-05-24;90,00;104,00;67,00;Geprueft
1984-05-25;90,00;102,00;83,00;Geprueft
1984-05-26;71,00;83,00;61,00;Geprueft
1984-05-27;61,00;67,00;51,00;Geprueft
1984-05-28;66,00;74,00;51,00;Geprueft
1984-05-29;89,00;108,00;74,00;Geprueft
1984-05-30;90,00;112,00;64,00;Geprueft
1984-05-31;74,00;89,00;70,00;Geprueft
1984-06-01;77,00;84,00;70,00;Geprueft
1984-06-02;79,00;85,00;68,00;Geprueft
1984-06-03;67,00;69,00;65,00;Geprueft
1984-06-04;68,00;79,00;62,00;Geprueft
1984-06-05;71,00;85,00;59,00;Geprueft
1984-06-06;82,00;91,00;63,00;Geprueft
1984-06-07;94,00;112,00;81,00;Geprueft
1984-06-08;80,00;91,00;69,00;Geprueft
1984-06-09;75,00;78,00;70,00;Geprueft
1984-06-10;71,00;72,00;63,00;Geprueft
1984-06-11;57,00;69,00;51,00;Geprueft
1984-06-12;59,00;65,00;52,00;Geprueft
1984-06-13;60,00;62,00;59,00;Geprueft
1984-06-14;54,00;59,00;49,00;Geprueft
1984-06-15;53,00;72,00;47,00;Geprueft
1984-06-16;68,00;72,00;60,00;Geprueft
1984-06-17;57,00;60,00;56,00;Geprueft
1984-06-18;62,00;67,00;59,00;Geprueft
1984-06-19;62,00;67,00;55,00;Geprueft
1984-06-20;55,00;65,00;52,00;Geprueft
1984-06-21;55,00;56,00;53,00;Geprueft
1984-06-22;69,00;92,00;56,00;Geprueft
1984-06-23;84,00;104,00;73,00;Geprueft
1984-06-24;70,00;92,00;57,00;Geprueft
1984-06-25;109,00;118,00;92,00;Geprueft
1984-06-26;112,00;115,00;106,00;Geprueft
1984-06-27;117,00;124,00;114,00;Geprueft
1984-06-28;112,00;120,00;100,00;Geprueft
1984-06-29;97,00;115,00;84,00;Geprueft
1984-06-30;100,00;110,00;91,00;Geprueft
1984-07-01;100,00;109,00;86,00;Geprueft
1984-07-02;91,00;101,00;86,00;Geprueft
1984-07-03;103,00;118,00;93,00;Geprueft
1984-07-04;120,00;136,00;107,00;Geprueft
1984-07-05;132,00;143,00;123,00;Geprueft
1984-07-06;130,00;144,00;117,00;Geprueft
1984-07-07;110,00;120,00;101,00;Geprueft
1984-07-08;98,00;103,00;96,00;Geprueft
1984-07-09;90,00;102,00;81,00;Geprueft
1984-07-10;85,00;101,00;81,00;Geprueft
1984-07-11;78,00;86,00;66,00;Geprueft
1984-07-12;82,00;88,00;76,00;Geprueft
1984-07-13;97,00;120,00;76,00;Geprueft
1984-07-14;80,00;95,00;65,00;Geprueft
1984-07-15;69,00;73,00;63,00;Geprueft
1984-07-16;80,00;97,00;52,00;Geprueft
1984-07-17;89,00;102,00;61,00;Geprueft
1984-07-18;81,00;86,00;73,00;Geprueft
1984-07-19;83,00;91,00;75,00;Geprueft
1984-07-20;85,00;89,00;81,00;Geprueft
1984-07-21;78,00;92,00;63,00;Geprueft
1984-07-22;66,00;80,00;55,00;Geprueft
1984-07-23;54,00;61,00;48,00;Geprueft
1984-07-24;57,00;66,00;53,00;Geprueft
1984-07-25;55,00;63,00;39,00;Geprueft
1984-07-26;60,00;87,00;50,00;Geprueft
1984-07-27;99,00;113,00;82,00;Geprueft
1984-07-28;86,00;104,00;76,00;Geprueft
1984-07-29;74,00;76,00;72,00;Geprueft
1984-07-30;74,00;77,00;71,00;Geprueft
1984-07-31;73,00;85,00;68,00;Geprueft
1984-08-01;73,00;90,00;61,00;Geprueft
1984-08-02;71,00;79,00;62,00;Geprueft
1984-08-03;77,00;79,00;74,00;Geprueft
1984-08-04;60,00;77,00;44,00;Geprueft
1984-08-05;59,00;75,00;47,00;Geprueft
1984-08-06;65,00;93,00;55,00;Geprueft
1984-08-07;86,00;93,00;84,00;Geprueft
1984-08-08;77,00;84,00;70,00;Geprueft
1984-08-09;83,00;98,00;74,00;Geprueft
1984-08-10;94,00;101,00;77,00;Geprueft
1984-08-11;85,00;107,00;74,00;Geprueft
1984-08-12;135,00;173,00;95,00;Geprueft
1984-08-13;158,00;181,00;136,00;Geprueft
1984-08-14;133,00;145,00;125,00;Geprueft
1984-08-15;128,00;133,00;126,00;Geprueft
1984-08-16;126,00;135,00;122,00;Geprueft
1984-08-17;118,00;123,00;112,00;Geprueft
1984-08-18;104,00;116,00;92,00;Geprueft
1984-08-19;84,00;93,00;74,00;Geprueft
1984-08-20;75,00;91,00;67,00;Geprueft
1984-08-21;81,00;85,00;76,00;Geprueft
1984-08-22;76,00;83,00;66,00;Geprueft
1984-08-23;73,00;78,00;66,00;Geprueft
1984-08-24;77,00;84,00;65,00;Geprueft
1984-08-25;72,00;79,00;65,00;Geprueft
1984-08-26;67,00;83,00;64,00;Geprueft
1984-08-27;107,00;124,00;83,00;Geprueft
1984-08-28;141,00;161,00;120,00;Geprueft
1984-08-29;112,00;133,00;89,00;Geprueft
1984-08-30;93,00;101,00;78,00;Geprueft
1984-08-31;79,00;92,00;56,00;Geprueft
1984-09-01;65,00;73,00;52,00;Geprueft
1984-09-02;71,00;73,00;67,00;Geprueft
1984-09-03;74,00;85,00;67,00;Geprueft
1984-09-04;65,00;75,00;51,00;Geprueft
1984-09-05;87,00;106,00;70,00;Geprueft
1984-09-06;107,00;113,00;93,00;Geprueft
1984-09-07;129,00;145,00;113,00;Geprueft
1984-09-08;119,00;136,00;117,00;Geprueft
1984-09-09;116,00;117,00;108,00;Geprueft
1984-09-10;103,00;115,00;86,00;Geprueft
1984-09-11;116,00;118,00;112,00;Geprueft
1984-09-12;117,00;118,00;117,00;Geprueft
1984-09-13;100,00;117,00;84,00;Geprueft
1984-09-14;83,00;84,00;82,00;Geprueft
1984-09-15;81,00;86,00;72,00;Geprueft
1984-09-16;102,00;137,00;86,00;Geprueft
1984-09-17;172,00;192,00;137,00;Geprueft
1984-09-18;206,00;235,00;191,00;Geprueft
1984-09-19;188,00;211,00;178,00;Geprueft
1984-09-20;166,00;189,00;143,00;Geprueft
1984-09-21;131,00;143,00;124,00;Geprueft
1984-09-22;157,00;174,00;133,00;Geprueft
1984-09-23;173,00;176,00;166,00;Geprueft
1984-09-24;165,00;176,00;161,00;Geprueft
1984-09-25;177,00;182,00;173,00;Geprueft
1984-09-26;160,00;173,00;139,00;Geprueft
1984-09-27;143,00;155,00;134,00;Geprueft
1984-09-28;157,00;187,00;147,00;Geprueft
1984-09-29;152,00;163,00;143,00;Geprueft
1984-09-30;135,00;143,00;118,00;Geprueft
1984-10-01;126,00;135,00;120,00;Geprueft
1984-10-02;123,00;133,00;111,00;Geprueft
1984-10-03;130,00;139,00;122,00;Geprueft
1984-10-04;130,00;136,00;124,00;Geprueft
1984-10-05;138,00;169,00;122,00;Geprueft
1984-10-06;124,00;138,00;118,00;Geprueft
1984-10-07;114,00;121,00;106,00;Geprueft
1984-10-08;109,00;114,00;105,00;Geprueft
1984-10-09;113,00;127,00;106,00;Geprueft
1984-10-10;109,00;136,00;90,00;Geprueft
1984-10-11;100,00;106,00;90,00;Geprueft
1984-10-12;88,00;101,00;77,00;Geprueft
1984-10-13;85,00;91,00;81,00;Geprueft
1984-10-14;77,00;86,00;63,00;Geprueft
1984-10-15;70,00;81,00;61,00;Geprueft
1984-10-16;86,00;92,00;75,00;Geprueft
1984-10-17;81,00;90,00;70,00;Geprueft
1984-10-18;78,00;82,00;71,00;Geprueft
1984-10-19;83,00;87,00;74,00;Geprueft
1984-10-20;79,00;80,00;72,00;Geprueft
1984-10-21;61,00;72,00;57,00;Geprueft
1984-10-22;63,00;83,00;50,00;Geprueft
1984-10-23;75,00;95,00;62,00;Geprueft
1984-10-24;69,00;79,00;55,00;Geprueft
1984-10-25;73,00;92,00;67,00;Geprueft
1984-10-26;81,00;87,00;73,00;Geprueft
1984-10-27;74,00;85,00;64,00;Geprueft
1984-10-28;61,00;69,00;52,00;Geprueft
1984-10-29;62,00;77,00;57,00;Geprueft
1984-10-30;62,00;69,00;55,00;Geprueft
1984-10-31;67,00;78,00;61,00;Geprueft
1984-11-01;65,00;73,00;58,00;Geprueft
1984-11-02;61,00;70,00;56,00;Geprueft
1984-11-03;51,00;62,00;43,00;Geprueft
1984-11-04;42,00;43,00;40,00;Geprueft
1984-11-05;46,00;53,00;40,00;Geprueft
1984-11-06;49,00;58,00;43,00;Geprueft
1984-11-07;50,00;53,00;48,00;Geprueft
1984-11-08;51,00;78,00;48,00;Geprueft
1984-11-09;50,00;54,00;43,00;Geprueft
1984-11-10;47,00;59,00;39,00;Geprueft
1984-11-11;38,00;43,00;35,00;Geprueft
1984-11-12;48,00;61,00;36,00;Geprueft
1984-11-13;53,00;57,00;52,00;Geprueft
1984-11-14;55,00;63,00;38,00;Geprueft
1984-11-15;54,00;59,00;47,00;Geprueft
1984-11-16;47,00;59,00;37,00;Geprueft
1984-11-17;46,00;54,00;36,00;Geprueft
1984-11-18;55,00;59,00;53,00;Geprueft
1984-11-19;49,00;56,00;44,00;Geprueft
1984-11-20;48,00;58,00;44,00;Geprueft
1984-11-21;46,00;54,00;38,00;Geprueft
1984-11-22;54,00;77,00;39,00;Geprueft
1984-11-23;68,00;87,00;51,00;Geprueft
1984-11-24;64,00;99,00;52,00;Geprueft
1984-11-25;50,00;54,00;46,00;Geprueft
1984-11-26;46,00;54,00;43,00;Geprueft
1984-11-27;61,00;79,00;50,00;Geprueft
1984-11-28;70,00;77,00;65,00;Geprueft
1984-11-29;61,00;69,00;54,00;Geprueft
1984-11-30;58,00;61,00;52,00;Geprueft
1984-12-01;52,00;55,00;49,00;Geprueft
1984-12-02;45,00;51,00;42,00;Geprueft
1984-12-03;46,00;55,00;40,00;Geprueft
1984-12-04;58,00;62,00;51,00;Geprueft
1984-12-05;52,00;62,00;46,00;Geprueft
1984-12-06;48,00;53,00;42,00;Geprueft
1984-12-07;47,00;55,00;43,00;Geprueft
1984-12-08;49,00;55,00;42,00;Geprueft
1984-12-09;42,00;45,00;37,00;Geprueft
1984-12-10;43,00;47,00;36,00;Geprueft
1984-12-11;41,00;43,00;40,00;Geprueft
1984-12-12;40,00;40,00;39,00;Geprueft
1984-12-13;39,00;43,00;37,00;Geprueft
1984-12-14;40,00;45,00;38,00;Geprueft
1984-12-15;51,00;60,00;41,00;Geprueft
1984-12-16;55,00;61,00;44,00;Geprueft
1984-12-17;66,00;102,00;53,00;Geprueft
1984-12-18;93,00;110,00;77,00;Geprueft
1984-12-19;84,00;102,00;76,00;Geprueft
1984-12-20;80,00;96,00;66,00;Geprueft
1984-12-21;70,00;95,00;62,00;Geprueft
1984-12-22;69,00;72,00;67,00;Geprueft
1984-12-23;66,00;73,00;60,00;Geprueft
1984-12-24;64,00;66,00;63,00;Geprueft
1984-12-25;61,00;67,00;57,00;Geprueft
1984-12-26;56,00;59,00;55,00;Geprueft
1984-12-27;55,00;66,00;49,00;Geprueft
1984-12-28;51,00;57,00;43,00;Geprueft
1984-12-29;46,00;49,00;43,00;Geprueft
1984-12-30;46,00;49,00;45,00;Geprueft
1984-12-31;48,00;50,00;45,00;Geprueft
1985-01-01;45,00;50,00;41,00;Geprueft
1985-01-02;45,00;50,00;42,00;Geprueft
1985-01-03;51,00;55,00;47,00;Geprueft
1985-01-04;57,00;59,00;54,00;Geprueft
1985-01-05;52,00;58,00;45,00;Geprueft
1985-01-06;44,00;48,00;41,00;Geprueft
1985-01-07;41,00;45,00;34,00;Geprueft
1985-01-08;44,00;56,00;34,00;Geprueft
1985-01-09;50,00;56,00;41,00;Geprueft
1985-01-10;54,00;61,00;48,00;Geprueft
1985-01-11;57,00;62,00;53,00;Geprueft
1985-01-12;47,00;57,00;39,00;Geprueft
1985-01-13;37,00;39,00;37,00;Geprueft
1985-01-14;44,00;54,00;35,00;Geprueft
1985-01-15;45,00;55,00;39,00;Geprueft
1985-01-16;44,00;46,00;40,00;Geprueft
1985-01-17;45,00;50,00;42,00;Geprueft
1985-01-18;45,00;57,00;42,00;Geprueft
1985-01-19;46,00;57,00;34,00;Geprueft
1985-01-20;38,00;40,00;33,00;Geprueft
1985-01-21;37,00;41,00;35,00;Geprueft
1985-01-22;41,00;69,00;14,00;Geprueft
1985-01-23;45,00;53,00;38,00;Geprueft
1985-01-24;76,00;106,00;39,00;Geprueft
1985-01-25;73,00;108,00;50,00;Geprueft
1985-01-26;57,00;71,00;50,00;Geprueft
1985-01-27;50,00;67,00;40,00;Geprueft
1985-01-28;48,00;57,00;41,00;Geprueft
1985-01-29;51,00;56,00;47,00;Geprueft
1985-01-30;55,00;58,00;52,00;Geprueft
1985-01-31;69,00;108,00;54,00;Geprueft
1985-02-01;182,00;241,00;106,00;Geprueft
1985-02-02;239,00;245,00;224,00;Geprueft
1985-02-03;213,00;224,00;204,00;Geprueft
1985-02-04;183,00;212,00;156,00;Geprueft
1985-02-05;146,00;161,00;132,00;Geprueft
1985-02-06;125,00;141,00;108,00;Geprueft
1985-02-07;127,00;140,00;114,00;Geprueft
1985-02-08;125,00;129,00;120,00;Geprueft
1985-02-09;122,00;135,00;114,00;Geprueft
1985-02-10;150,00;169,00;124,00;Geprueft
1985-02-11;145,00;169,00;127,00;Geprueft
1985-02-12;123,00;137,00;115,00;Geprueft
1985-02-13;121,00;132,00;115,00;Geprueft
1985-02-14;116,00;129,00;113,00;Geprueft
1985-02-15;110,00;114,00;104,00;Geprueft
1985-02-16;87,00;104,00;64,00;Geprueft
1985-02-17;81,00;93,00;64,00;Geprueft
1985-02-18;85,00;99,00;80,00;Geprueft
1985-02-19;78,00;100,00;67,00;Geprueft
1985-02-20;76,00;90,00;66,00;Geprueft
1985-02-21;77,00;90,00;66,00;Geprueft
1985-02-22;82,00;87,00;76,00;Geprueft
1985-02-23;59,00;76,00;49,00;Geprueft
1985-02-24;59,00;69,00;49,00;Geprueft
1985-02-25;66,00;68,00;57,00;Geprueft
1985-02-26;64,00;67,00;60,00;Geprueft
1985-02-27;65,00;82,00;38,00;Geprueft
1985-02-28;70,00;87,00;62,00;Geprueft
1985-03-01;77,00;89,00;57,00;Geprueft
1985-03-02;72,00;98,00;60,00;Geprueft
1985-03-03;87,00;101,00;69,00;Geprueft
1985-03-04;93,00;105,00;73,00;Geprueft
1985-03-05;86,00;98,00;72,00;Geprueft
1985-03-06;74,00;89,00;62,00;Geprueft
1985-03-07;73,00;96,00;65,00;Geprueft
1985-03-08;75,00;84,00;66,00;Geprueft
1985-03-09;70,00;77,00;66,00;Geprueft
1985-03-10;66,00;75,00;61,00;Geprueft
1985-03-11;63,00;66,00;61,00;Geprueft
1985-03-12;58,00;63,00;55,00;Geprueft
1985-03-13;65,00;69,00;56,00;Geprueft
1985-03-14;66,00;71,00;63,00;Geprueft
1985-03-15;60,00;63,00;55,00;Geprueft
1985-03-16;64,00;74,00;55,00;Geprueft
1985-03-17;71,00;76,00;67,00;Geprueft
1985-03-18;68,00;69,00;65,00;Geprueft
1985-03-19;70,00;74,00;69,00;Geprueft
1985-03-20;70,00;72,00;68,00;Geprueft
1985-03-21;62,00;69,00;59,00;Geprueft
1985-03-22;61,00;65,00;54,00;Geprueft
1985-03-23;64,00;71,00;59,00;Geprueft
1985-03-24;71,00;72,00;69,00;Geprueft
1985-03-25;91,00;110,00;72,00;Geprueft
1985-03-26;101,00;109,00;95,00;Geprueft
1985-03-27;101,00;107,00;92,00;Geprueft
1985-03-28;95,00;109,00;86,00;Geprueft
1985-03-29;94,00;105,00;88,00;Geprueft
1985-03-30;81,00;95,00;74,00;Geprueft
1985-03-31;74,00;74,00;74,00;Geprueft
1985-04-01;78,00;87,00;69,00;Geprueft
1985-04-02;86,00;89,00;82,00;Geprueft
1985-04-03;82,00;86,00;78,00;Geprueft
1985-04-04;84,00;89,00;79,00;Geprueft
1985-04-05;71,00;87,00;63,00;Geprueft
1985-04-06;71,00;74,00;65,00;Geprueft
1985-04-07;76,00;77,00;72,00;Geprueft
1985-04-08;69,00;72,00;63,00;Geprueft
1985-04-09;77,00;89,00;66,00;Geprueft
1985-04-10;82,00;87,00;77,00;Geprueft
1985-04-11;97,00;115,00;82,00;Geprueft
1985-04-12;97,00;111,00;78,00;Geprueft
1985-04-13;75,00;86,00;69,00;Geprueft
1985-04-14;67,00;75,00;62,00;Geprueft
1985-04-15;74,00;105,00;56,00;Geprueft
1985-04-16;85,00;107,00;64,00;Geprueft
1985-04-17;69,00;78,00;63,00;Geprueft
1985-04-18;72,00;76,00;64,00;Geprueft
1985-04-19;66,00;68,00;59,00;Geprueft
1985-04-20;63,00;67,00;58,00;Geprueft
1985-04-21;57,00;66,00;51,00;Geprueft
1985-04-22;60,00;65,00;51,00;Geprueft
1985-04-23;67,00;75,00;63,00;Geprueft
1985-04-24;72,00;74,00;66,00;Geprueft
1985-04-25;77,00;88,00;71,00;Geprueft
1985-04-26;72,00;84,00;65,00;Geprueft
1985-04-27;65,00;71,00;58,00;Geprueft
1985-04-28;59,00;69,00;52,00;Geprueft
1985-04-29;60,00;72,00;50,00;Geprueft
1985-04-30;65,00;67,00;63,00;Geprueft
1985-05-01;81,00;113,00;60,00;Geprueft
1985-05-02;118,00;151,00;94,00;Geprueft
1985-05-03;135,00;149,00;126,00;Geprueft
1985-05-04;124,00;134,00;105,00;Geprueft
1985-05-05;117,00;133,00;107,00;Geprueft
1985-05-06;116,00;131,00;98,00;Geprueft
1985-05-07;97,00;106,00;80,00;Geprueft
1985-05-08;120,00;181,00;94,00;Geprueft
1985-05-09;181,00;186,00;171,00;Geprueft
1985-05-10;171,00;188,00;149,00;Geprueft
1985-05-11;133,00;154,00;109,00;Geprueft
1985-05-12;120,00;136,00;107,00;Geprueft
1985-05-13;104,00;124,00;87,00;Geprueft
1985-05-14;117,00;134,00;93,00;Geprueft
1985-05-15;111,00;119,00;102,00;Geprueft
1985-05-16;104,00;111,00;90,00;Geprueft
1985-05-17;98,00;112,00;85,00;Geprueft
1985-05-18;88,00;101,00;79,00;Geprueft
1985-05-19;130,00;159,00;84,00;Geprueft
1985-05-20;123,00;159,00;102,00;Geprueft
1985-05-21;120,00;139,00;110,00;Geprueft
1985-05-22;141,00;155,00;127,00;Geprueft
1985-05-23;149,00;161,00;135,00;Geprueft
1985-05-24;113,00;135,00;107,00;Geprueft
1985-05-25;105,00;122,00;97,00;Geprueft
1985-05-26;90,00;102,00;76,00;Geprueft
1985-05-27;76,00;85,00;70,00;Geprueft
1985-05-28;84,00;98,00;71,00;Geprueft
1985-05-29;119,00;145,00;98,00;Geprueft
1985-05-30;144,00;160,00;118,00;Geprueft
1985-05-31;130,00;143,00;115,00;Geprueft
1985-06-01;95,00;115,00;86,00;Geprueft
1985-06-02;89,00;95,00;80,00;Geprueft
1985-06-03;89,00;95,00;84,00;Geprueft
1985-06-04;95,00;101,00;91,00;Geprueft
1985-06-05;96,00;109,00;87,00;Geprueft
1985-06-06;93,00;100,00;83,00;Geprueft
1985-06-07;78,00;102,00;66,00;Geprueft
1985-06-08;104,00;112,00;95,00;Geprueft
1985-06-09;102,00;111,00;89,00;Geprueft
1985-06-10;89,00;106,00;75,00;Geprueft
1985-06-11;89,00;112,00;78,00;Geprueft
1985-06-12;94,00;106,00;86,00;Geprueft
1985-06-13;100,00;116,00;90,00;Geprueft
1985-06-14;97,00;99,00;95,00;Geprueft
1985-06-15;93,00;103,00;78,00;Geprueft
1985-06-16;102,00;110,00;99,00;Geprueft
1985-06-17;83,00;100,00;67,00;Geprueft
1985-06-18;84,00;114,00;67,00;Geprueft
1985-06-19;104,00;123,00;84,00;Geprueft
1985-06-20;92,00;120,00;77,00;Geprueft
1985-06-21;107,00;126,00;95,00;Geprueft
1985-06-22;92,00;97,00;78,00;Geprueft
1985-06-23;106,00;131,00;77,00;Geprueft
1985-06-24;118,00;130,00;104,00;Geprueft
1985-06-25;119,00;134,00;107,00;Geprueft
1985-06-26;118,00;133,00;98,00;Geprueft
1985-06-27;110,00;120,00;98,00;Geprueft
1985-06-28;111,00;127,00;93,00;Geprueft
1985-06-29;113,00;127,00;104,00;Geprueft
1985-06-30;89,00;124,00;74,00;Geprueft
1985-07-01;75,00;81,00;71,00;Geprueft
1985-07-02;110,00;137,00;81,00;Geprueft
1985-07-03;115,00;149,00;95,00;Geprueft
1985-07-04;115,00;118,00;102,00;Geprueft
1985-07-05;94,00;104,00;77,00;Geprueft
1985-07-06;81,00;107,00;65,00;Geprueft
1985-07-07;88,00;115,00;71,00;Geprueft
1985-07-08;116,00;117,00;111,00;Geprueft
1985-07-09;109,00;118,00;95,00;Geprueft
1985-07-10;106,00;119,00;98,00;Geprueft
1985-07-11;96,00;106,00;85,00;Geprueft
1985-07-12;91,00;103,00;83,00;Geprueft
1985-07-13;81,00;103,00;63,00;Geprueft
1985-07-14;59,00;69,00;52,00;Geprueft
1985-07-15;64,00;72,00;56,00;Geprueft
1985-07-16;76,00;94,00;68,00;Geprueft
1985-07-17;95,00;107,00;84,00;Geprueft
1985-07-18;94,00;107,00;80,00;Geprueft
1985-07-19;72,00;90,00;50,00;Geprueft
1985-07-20;50,00;60,00;45,00;Geprueft
1985-07-21;61,00;71,00;51,00;Geprueft
1985-07-22;71,00;86,00;57,00;Geprueft
1985-07-23;68,00;74,00;60,00;Geprueft
1985-07-24;66,00;75,00;62,00;Geprueft
1985-07-25;66,00;70,00;58,00;Geprueft
1985-07-26;61,00;69,00;54,00;Geprueft
1985-07-27;46,00;54,00;38,00;Geprueft
1985-07-28;41,00;42,00;38,00;Geprueft
1985-07-29;44,00;47,00;40,00;Geprueft
1985-07-30;55,00;61,00;46,00;Geprueft
1985-07-31;80,00;101,00;59,00;Geprueft
1985-08-01;92,00;107,00;85,00;Geprueft
1985-08-02;74,00;85,00;61,00;Geprueft
1985-08-03;52,00;61,00;47,00;Geprueft
1985-08-04;68,00;79,00;46,00;Geprueft
1985-08-05;62,00;89,00;37,00;Geprueft
1985-08-06;118,00;169,00;89,00;Geprueft
1985-08-07;224,00;266,00;169,00;Geprueft
1985-08-08;282,00;307,00;256,00;Geprueft
1985-08-09;269,00;295,00;244,00;Geprueft
1985-08-10;212,00;251,00;166,00;Geprueft
1985-08-11;187,00;204,00;163,00;Geprueft
1985-08-12;148,00;167,00;136,00;Geprueft
1985-08-13;133,00;148,00;125,00;Geprueft
1985-08-14;128,00;136,00;120,00;Geprueft
1985-08-15;118,00;131,00;110,00;Geprueft
1985-08-16;109,00;114,00;103,00;Geprueft
1985-08-17;116,00;131,00;110,00;Geprueft
1985-08-18;105,00;122,00;88,00;Geprueft
1985-08-19;94,00;109,00;79,00;Geprueft
1985-08-20;101,00;108,00;83,00;Geprueft
1985-08-21;97,00;108,00;81,00;Geprueft
1985-08-22;96,00;105,00;87,00;Geprueft
1985-08-23;84,00;88,00;79,00;Geprueft
1985-08-24;81,00;84,00;74,00;Geprueft
1985-08-25;74,00;79,00;70,00;Geprueft
1985-08-26;111,00;163,00;76,00;Geprueft
1985-08-27;175,00;193,00;158,00;Geprueft
1985-08-28;175,00;188,00;161,00;Geprueft
1985-08-29;160,00;177,00;147,00;Geprueft
1985-08-30;134,00;153,00;115,00;Geprueft
1985-08-31;118,00;129,00;110,00;Geprueft
1985-09-01;101,00;112,00;87,00;Geprueft
1985-09-02;92,00;94,00;87,00;Geprueft
1985-09-03;101,00;113,00;93,00;Geprueft
1985-09-04;108,00;114,00;100,00;Geprueft
1985-09-05;106,00;114,00;102,00;Geprueft
1985-09-06;116,00;131,00;108,00;Geprueft
1985-09-07;105,00;110,00;98,00;Geprueft
1985-09-08;91,00;103,00;82,00;Geprueft
1985-09-09;93,00;106,00;84,00;Geprueft
1985-09-10;96,00;104,00;88,00;Geprueft
1985-09-11;96,00;98,00;87,00;Geprueft
1985-09-12;80,00;87,00;75,00;Geprueft
1985-09-13;72,00;75,00;71,00;Geprueft
1985-09-14;68,00;72,00;63,00;Geprueft
1985-09-15;75,00;89,00;65,00;Geprueft
1985-09-16;81,00;103,00;63,00;Geprueft
1985-09-17;69,00;74,00;65,00;Geprueft
1985-09-18;72,00;76,00;67,00;Geprueft
1985-09-19;71,00;76,00;68,00;Geprueft
1985-09-20;64,00;76,00;59,00;Geprueft
1985-09-21;59,00;65,00;43,00;Geprueft
1985-09-22;52,00;68,00;39,00;Geprueft
1985-09-23;52,00;64,00;42,00;Geprueft
1985-09-24;53,00;57,00;51,00;Geprueft
1985-09-25;56,00;58,00;53,00;Geprueft
1985-09-26;55,00;60,00;54,00;Geprueft
1985-09-27;54,00;57,00;48,00;Geprueft
1985-09-28;48,00;51,00;40,00;Geprueft
1985-09-29;40,00;43,00;37,00;Geprueft
1985-09-30;45,00;53,00;42,00;Geprueft
1985-10-01;47,00;54,00;43,00;Geprueft
1985-10-02;49,00;54,00;45,00;Geprueft
1985-10-03;47,00;50,00;44,00;Geprueft
1985-10-04;44,00;47,00;40,00;Geprueft
1985-10-05;37,00;41,00;35,00;Geprueft
1985-10-06;40,00;51,00;35,00;Geprueft
1985-10-07;47,00;52,00;41,00;Geprueft
1985-10-08;45,00;46,00;42,00;Geprueft
1985-10-09;47,00;54,00;44,00;Geprueft
1985-10-10;50,00;58,00;44,00;Geprueft
1985-10-11;46,00;51,00;41,00;Geprueft
1985-10-12;45,00;51,00;39,00;Geprueft
1985-10-13;43,00;49,00;37,00;Geprueft
1985-10-14;38,00;47,00;28,00;Geprueft
1985-10-15;42,00;47,00;39,00;Geprueft
1985-10-16;47,00;55,00;42,00;Geprueft
1985-10-17;43,00;46,00;38,00;Geprueft
1985-10-18;42,00;45,00;38,00;Geprueft
1985-10-19;42,00;51,00;36,00;Geprueft
1985-10-20;34,00;39,00;27,00;Geprueft
1985-10-21;34,00;35,00;26,00;Geprueft
1985-10-22;31,00;33,00;26,00;Geprueft
1985-10-23;39,00;60,00;29,00;Geprueft
1985-10-24;37,00;53,00;19,00;Geprueft
1985-10-25;39,00;44,00;30,00;Geprueft
1985-10-26;37,00;49,00;31,00;Geprueft
1985-10-27;38,00;43,00;34,00;Geprueft
1985-10-28;33,00;40,00;28,00;Geprueft
1985-10-29;30,00;35,00;24,00;Geprueft
1985-10-30;38,00;45,00;32,00;Geprueft
1985-10-31;45,00;49,00;41,00;Geprueft
1985-11-01;46,00;50,00;41,00;Geprueft
1985-11-02;40,00;48,00;34,00;Geprueft
1985-11-03;36,00;36,00;34,00;Geprueft
1985-11-04;31,00;36,00;27,00;Geprueft
1985-11-05;34,00;37,00;28,00;Geprueft
1985-11-06;41,00;50,00;36,00;Geprueft
1985-11-07;41,00;51,00;32,00;Geprueft
1985-11-08;32,00;33,00;31,00;Geprueft
1985-11-09;44,00;66,00;31,00;Geprueft
1985-11-10;57,00;64,00;35,00;Geprueft
1985-11-11;47,00;60,00;35,00;Geprueft
1985-11-12;41,00;43,00;37,00;Geprueft
1985-11-13;57,00;66,00;43,00;Geprueft
1985-11-14;56,00;62,00;52,00;Geprueft
1985-11-15;51,00;58,00;44,00;Geprueft
1985-11-16;39,00;45,00;33,00;Geprueft
1985-11-17;35,00;38,00;33,00;Geprueft
1985-11-18;38,00;41,00;32,00;Geprueft
1985-11-19;45,00;48,00;40,00;Geprueft
1985-11-20;36,00;46,00;30,00;Geprueft
1985-11-21;38,00;53,00;33,00;Geprueft
1985-11-22;50,00;65,00;37,00;Geprueft
1985-11-23;45,00;52,00;40,00;Geprueft
1985-11-24;37,00;41,00;31,00;Geprueft
1985-11-25;35,00;36,00;32,00;Geprueft
1985-11-26;41,00;46,00;31,00;Geprueft
1985-11-27;50,00;55,00;44,00;Geprueft
1985-11-28;51,00;55,00;45,00;Geprueft
1985-11-29;50,00;53,00;46,00;Geprueft
1985-11-30;45,00;47,00;44,00;Geprueft
1985-12-01;48,00;64,00;44,00;Geprueft
1985-12-02;71,00;84,00;58,00;Geprueft
1985-12-03;74,00;80,00;65,00;Geprueft
1985-12-04;76,00;86,00;72,00;Geprueft
1985-12-05;84,00;92,00;78,00;Geprueft
1985-12-06;70,00;81,00;65,00;Geprueft
1985-12-07;71,00;72,00;68,00;Geprueft
1985-12-08;66,00;82,00;47,00;Geprueft
1985-12-09;57,00;65,00;54,00;Geprueft
1985-12-10;57,00;60,00;54,00;Geprueft
1985-12-11;63,00;85,00;51,00;Geprueft
1985-12-12;74,00;79,00;68,00;Geprueft
1985-12-13;71,00;73,00;68,00;Geprueft
1985-12-14;58,00;71,00;49,00;Geprueft
1985-12-15;51,00;62,00;47,00;Geprueft
1985-12-16;77,00;98,00;62,00;Geprueft
1985-12-17;75,00;97,00;55,00;Geprueft
1985-12-18;53,00;56,00;50,00;Geprueft
1985-12-19;66,00;86,00;56,00;Geprueft
1985-12-20;76,00;89,00;62,00;Geprueft
1985-12-21;66,00;68,00;57,00;Geprueft
1985-12-22;55,00;59,00;47,00;Geprueft
1985-12-23;51,00;57,00;46,00;Geprueft
1985-12-24;49,00;54,00;41,00;Geprueft
1985-12-25;42,00;46,00;37,00;Geprueft
1985-12-26;43,00;49,00;35,00;Geprueft
1985-12-27;50,00;55,00;46,00;Geprueft
1985-12-28;41,00;50,00;34,00;Geprueft
1985-12-29;37,00;38,00;35,00;Geprueft
1985-12-30;44,00;48,00;37,00;Geprueft
1985-12-31;47,00;48,00;45,00;Geprueft
1986-01-01;41,00;49,00;31,00;Geprueft
1986-01-02;42,00;48,00;36,00;Geprueft
1986-01-03;45,00;50,00;41,00;Geprueft
1986-01-04;46,00;47,00;41,00;Geprueft
1986-01-05;44,00;50,00;40,00;Geprueft
1986-01-06;36,00;42,00;29,00;Geprueft
1986-01-07;38,00;46,00;29,00;Geprueft
1986-01-08;40,00;42,00;37,00;Geprueft
1986-01-09;39,00;45,00;36,00;Geprueft
1986-01-10;41,00;45,00;37,00;Geprueft
1986-01-11;49,00;64,00;41,00;Geprueft
1986-01-12;86,00;110,00;60,00;Geprueft
1986-01-13;90,00;107,00;73,00;Geprueft
1986-01-14;104,00;125,00;86,00;Geprueft
1986-01-15;144,00;150,00;125,00;Geprueft
1986-01-16;135,00;146,00;117,00;Geprueft
1986-01-17;108,00;117,00;97,00;Geprueft
1986-01-18;89,00;98,00;80,00;Geprueft
1986-01-19;112,00;145,00;91,00;Geprueft
1986-01-20;136,00;160,00;106,00;Geprueft
1986-01-21;103,00;111,00;90,00;Geprueft
1986-01-22;107,00;112,00;102,00;Geprueft
1986-01-23;102,00;110,00;94,00;Geprueft
1986-01-24;113,00;125,00;102,00;Geprueft
1986-01-25;122,00;131,00;106,00;Geprueft
1986-01-26;95,00;112,00;79,00;Geprueft
1986-01-27;84,00;95,00;66,00;Geprueft
1986-01-28;93,00;101,00;81,00;Geprueft
1986-01-29;81,00;87,00;75,00;Geprueft
1986-01-30;81,00;85,00;80,00;Geprueft
1986-01-31;84,00;89,00;81,00;Geprueft
1986-02-01;77,00;81,00;70,00;Geprueft
1986-02-02;75,00;81,00;71,00;Geprueft
1986-02-03;70,00;81,00;62,00;Geprueft
1986-02-04;64,00;67,00;59,00;Geprueft
1986-02-05;76,00;81,00;66,00;Geprueft
1986-02-06;69,00;80,00;63,00;Geprueft
1986-02-07;65,00;69,00;64,00;Geprueft
1986-02-08;67,00;67,00;66,00;Geprueft
1986-02-09;61,00;67,00;52,00;Geprueft
1986-02-10;62,00;78,00;56,00;Geprueft
1986-02-11;70,00;82,00;63,00;Geprueft
1986-02-12;57,00;66,00;38,00;Geprueft
1986-02-13;51,00;70,00;45,00;Geprueft
1986-02-14;54,00;59,00;48,00;Geprueft
1986-02-15;61,00;68,00;49,00;Geprueft
1986-02-16;51,00;64,00;42,00;Geprueft
1986-02-17;47,00;49,00;44,00;Geprueft
1986-02-18;50,00;53,00;42,00;Geprueft
1986-02-19;59,00;65,00;47,00;Geprueft
1986-02-20;62,00;64,00;53,00;Geprueft
1986-02-21;55,00;63,00;49,00;Geprueft
1986-02-22;52,00;57,00;48,00;Geprueft
1986-02-23;50,00;57,00;46,00;Geprueft
1986-02-24;50,00;54,00;37,00;Geprueft
1986-02-25;48,00;59,00;43,00;Geprueft
1986-02-26;52,00;65,00;45,00;Geprueft
1986-02-27;45,00;51,00;40,00;Geprueft
1986-02-28;46,00;50,00;40,00;Geprueft
1986-03-01;37,00;49,00;26,00;Geprueft
1986-03-02;29,00;47,00;11,00;Geprueft
1986-03-03;32,00;49,00;20,00;Geprueft
1986-03-04;49,00;52,00;46,00;Geprueft
1986-03-05;46,00;48,00;43,00;Geprueft
1986-03-06;45,00;47,00;42,00;Geprueft
1986-03-07;49,00;56,00;45,00;Geprueft
1986-03-08;46,00;52,00;42,00;Geprueft
1986-03-09;45,00;49,00;35,00;Geprueft
1986-03-10;50,00;61,00;32,00;Geprueft
1986-03-11;58,00;61,00;55,00;Geprueft
1986-03-12;57,00;64,00;54,00;Geprueft
1986-03-13;56,00;64,00;47,00;Geprueft
1986-03-14;52,00;57,00;47,00;Geprueft
1986-03-15;47,00;49,00;44,00;Geprueft
1986-03-16;51,00;56,00;44,00;Geprueft
1986-03-17;62,00;67,00;52,00;Geprueft
1986-03-18;63,00;69,00;56,00;Geprueft
1986-03-19;65,00;67,00;60,00;Geprueft
1986-03-20;62,00;66,00;57,00;Geprueft
1986-03-21;66,00;82,00;40,00;Geprueft
1986-03-22;66,00;78,00;62,00;Geprueft
1986-03-23;66,00;77,00;62,00;Geprueft
1986-03-24;87,00;113,00;57,00;Geprueft
1986-03-25;123,00;136,00;113,00;Geprueft
1986-03-26;113,00;123,00;103,00;Geprueft
1986-03-27;98,00;107,00;85,00;Geprueft
1986-03-28;77,00;95,00;64,00;Geprueft
1986-03-29;95,00;112,00;71,00;Geprueft
1986-03-30;85,00;94,00;74,00;Geprueft
1986-03-31;72,00;80,00;66,00;Geprueft
1986-04-01;88,00;100,00;69,00;Geprueft
1986-04-02;93,00;98,00;87,00;Geprueft
1986-04-03;83,00;94,00;69,00;Geprueft
1986-04-04;89,00;100,00;75,00;Geprueft
1986-04-05;92,00;98,00;82,00;Geprueft
1986-04-06;81,00;84,00;78,00;Geprueft
1986-04-07;74,00;80,00;66,00;Geprueft
1986-04-08;92,00;112,00;70,00;Geprueft
1986-04-09;85,00;111,00;60,00;Geprueft
1986-04-10;90,00;100,00;82,00;Geprueft
1986-04-11;107,00;112,00;93,00;Geprueft
1986-04-12;87,00;103,00;68,00;Geprueft
1986-04-13;64,00;71,00;60,00;Geprueft
1986-04-14;87,00;101,00;71,00;Geprueft
1986-04-15;103,00;108,00;97,00;Geprueft
1986-04-16;93,00;97,00;88,00;Geprueft
1986-04-17;94,00;102,00;86,00;Geprueft
1986-04-18;87,00;95,00;84,00;Geprueft
1986-04-19;101,00;111,00;95,00;Geprueft
1986-04-20;93,00;105,00;85,00;Geprueft
1986-04-21;98,00;114,00;85,00;Geprueft
1986-04-22;117,00;144,00;111,00;Geprueft
1986-04-23;105,00;114,00;99,00;Geprueft
1986-04-24;98,00;105,00;91,00;Geprueft
1986-04-25;98,00;106,00;88,00;Geprueft
1986-04-26;89,00;97,00;83,00;Geprueft
1986-04-27;83,00;86,00;82,00;Geprueft
1986-04-28;92,00;107,00;82,00;Geprueft
1986-04-29;96,00;104,00;87,00;Geprueft
1986-04-30;100,00;113,00;81,00;Geprueft
1986-05-01;112,00;114,00;108,00;Geprueft
1986-05-02;100,00;111,00;76,00;Geprueft
1986-05-03;101,00;112,00;91,00;Geprueft
1986-05-04;86,00;91,00;79,00;Geprueft
1986-05-05;94,00;103,00;90,00;Geprueft
1986-05-06;98,00;103,00;93,00;Geprueft
1986-05-07;97,00;103,00;92,00;Geprueft
1986-05-08;97,00;107,00;86,00;Geprueft
1986-05-09;85,00;92,00;79,00;Geprueft
1986-05-10;83,00;86,00;80,00;Geprueft
1986-05-11;78,00;81,00;74,00;Geprueft
1986-05-12;82,00;93,00;76,00;Geprueft
1986-05-13;92,00;97,00;84,00;Geprueft
1986-05-14;84,00;85,00;82,00;Geprueft
1986-05-15;84,00;92,00;78,00;Geprueft
1986-05-16;85,00;95,00;76,00;Geprueft
1986-05-17;91,00;95,00;85,00;Geprueft
1986-05-18;91,00;101,00;80,00;Geprueft
1986-05-19;79,00;83,00;78,00;Geprueft
1986-05-20;96,00;111,00;78,00;Geprueft
1986-05-21;110,00;125,00;101,00;Geprueft
1986-05-22;120,00;130,00;99,00;Geprueft
1986-05-23;120,00;130,00;112,00;Geprueft
1986-05-24;101,00;112,00;91,00;Geprueft
1986-05-25;89,00;102,00;76,00;Geprueft
1986-05-26;89,00;101,00;77,00;Geprueft
1986-05-27;91,00;104,00;77,00;Geprueft
1986-05-28;107,00;110,00;99,00;Geprueft
1986-05-29;110,00;132,00;102,00;Geprueft
1986-05-30;157,00;197,00;124,00;Geprueft
1986-05-31;212,00;237,00;184,00;Geprueft
1986-06-01;227,00;243,00;203,00;Geprueft
1986-06-02;178,00;204,00;159,00;Geprueft
1986-06-03;173,00;194,00;162,00;Geprueft
1986-06-04;176,00;191,00;162,00;Geprueft
1986-06-05;171,00;187,00;161,00;Geprueft
1986-06-06;176,00;182,00;162,00;Geprueft
1986-06-07;157,00;178,00;150,00;Geprueft
1986-06-08;141,00;151,00;135,00;Geprueft
1986-06-09;126,00;135,00;116,00;Geprueft
1986-06-10;123,00;129,00;115,00;Geprueft
1986-06-11;127,00;131,00;125,00;Geprueft
1986-06-12;127,00;136,00;125,00;Geprueft
1986-06-13;148,00;156,00;136,00;Geprueft
1986-06-14;151,00;157,00;135,00;Geprueft
1986-06-15;132,00;136,00;127,00;Geprueft
1986-06-16;108,00;127,00;90,00;Geprueft
1986-06-17;96,00;113,00;89,00;Geprueft
1986-06-18;117,00;123,00;113,00;Geprueft
1986-06-19;122,00;126,00;114,00;Geprueft
1986-06-20;121,00;124,00;117,00;Geprueft
1986-06-21;111,00;118,00;100,00;Geprueft
1986-06-22;117,00;122,00;109,00;Geprueft
1986-06-23;112,00;121,00;106,00;Geprueft
1986-06-24;121,00;125,00;114,00;Geprueft
1986-06-25;128,00;131,00;122,00;Geprueft
1986-06-26;124,00;136,00;120,00;Geprueft
1986-06-27;120,00;136,00;103,00;Geprueft
1986-06-28;98,00;103,00;92,00;Geprueft
1986-06-29;82,00;97,00;67,00;Geprueft
1986-06-30;83,00;106,00;67,00;Geprueft
1986-07-01;89,00;104,00;71,00;Geprueft
1986-07-02;90,00;109,00;66,00;Geprueft
1986-07-03;87,00;97,00;72,00;Geprueft
1986-07-04;68,00;80,00;53,00;Geprueft
1986-07-05;65,00;74,00;62,00;Geprueft
1986-07-06;67,00;75,00;63,00;Geprueft
1986-07-07;108,00;138,00;66,00;Geprueft
1986-07-08;147,00;160,00;138,00;Geprueft
1986-07-09;141,00;147,00;131,00;Geprueft
1986-07-10;126,00;141,00;107,00;Geprueft
1986-07-11;117,00;132,00;109,00;Geprueft
1986-07-12;115,00;118,00;112,00;Geprueft
1986-07-13;131,00;136,00;115,00;Geprueft
1986-07-14;126,00;132,00;119,00;Geprueft
1986-07-15;112,00;119,00;104,00;Geprueft
1986-07-16;108,00;115,00;96,00;Geprueft
1986-07-17;96,00;103,00;88,00;Geprueft
1986-07-18;88,00;90,00;87,00;Geprueft
1986-07-19;108,00;126,00;88,00;Geprueft
1986-07-20;129,00;133,00;126,00;Geprueft
1986-07-21;130,00;132,00;127,00;Geprueft
1986-07-22;119,00;132,00;115,00;Geprueft
1986-07-23;104,00;115,00;93,00;Geprueft
1986-07-24;100,00;112,00;85,00;Geprueft
1986-07-25;117,00;128,00;108,00;Geprueft
1986-07-26;102,00;111,00;89,00;Geprueft
1986-07-27;80,00;92,00;73,00;Geprueft
1986-07-28;85,00;95,00;72,00;Geprueft
1986-07-29;89,00;92,00;85,00;Geprueft
1986-07-30;80,00;88,00;68,00;Geprueft
1986-07-31;73,00;90,00;70,00;Geprueft
1986-08-01;80,00;91,00;75,00;Geprueft
1986-08-02;72,00;85,00;64,00;Geprueft
1986-08-03;62,00;67,00;53,00;Geprueft
1986-08-04;67,00;90,00;52,00;Geprueft
1986-08-05;90,00;99,00;81,00;Geprueft
1986-08-06;98,00;132,00;77,00;Geprueft
1986-08-07;77,00;83,00;72,00;Geprueft
1986-08-08;69,00;73,00;62,00;Geprueft
1986-08-09;64,00;77,00;56,00;Geprueft
1986-08-10;64,00;89,00;53,00;Geprueft
1986-08-11;77,00;89,00;65,00;Geprueft
1986-08-12;95,00;108,00;81,00;Geprueft
1986-08-13;108,00;113,00;105,00;Geprueft
1986-08-14;100,00;105,00;83,00;Geprueft
1986-08-15;66,00;83,00;58,00;Geprueft
1986-08-16;61,00;66,00;55,00;Geprueft
1986-08-17;53,00;59,00;37,00;Geprueft
1986-08-18;75,00;110,00;48,00;Geprueft
1986-08-19;101,00;119,00;91,00;Geprueft
1986-08-20;97,00;98,00;96,00;Geprueft
1986-08-21;97,00;105,00;91,00;Geprueft
1986-08-22;87,00;103,00;81,00;Geprueft
1986-08-23;84,00;107,00;71,00;Geprueft
1986-08-24;92,00;98,00;79,00;Geprueft
1986-08-25;84,00;100,00;74,00;Geprueft
1986-08-26;95,00;103,00;82,00;Geprueft
1986-08-27;95,00;97,00;88,00;Geprueft
1986-08-28;84,00;93,00;81,00;Geprueft
1986-08-29;101,00;120,00;87,00;Geprueft
1986-08-30;115,00;126,00;114,00;Geprueft
1986-08-31;101,00;114,00;87,00;Geprueft
1986-09-01;86,00;90,00;79,00;Geprueft
1986-09-02;85,00;96,00;77,00;Geprueft
1986-09-03;89,00;96,00;85,00;Geprueft
1986-09-04;78,00;93,00;61,00;Geprueft
1986-09-05;61,00;70,00;54,00;Geprueft
1986-09-06;70,00;74,00;61,00;Geprueft
1986-09-07;61,00;68,00;51,00;Geprueft
1986-09-08;59,00;71,00;51,00;Geprueft
1986-09-09;63,00;65,00;61,00;Geprueft
1986-09-10;62,00;63,00;60,00;Geprueft
1986-09-11;61,00;67,00;56,00;Geprueft
1986-09-12;56,00;61,00;52,00;Geprueft
1986-09-13;51,00;55,00;44,00;Geprueft
1986-09-14;50,00;54,00;45,00;Geprueft
1986-09-15;51,00;65,00;45,00;Geprueft
1986-09-16;52,00;57,00;47,00;Geprueft
1986-09-17;54,00;56,00;53,00;Geprueft
1986-09-18;56,00;67,00;55,00;Geprueft
1986-09-19;69,00;72,00;60,00;Geprueft
1986-09-20;56,00;68,00;46,00;Geprueft
1986-09-21;40,00;46,00;36,00;Geprueft
1986-09-22;45,00;51,00;37,00;Geprueft
1986-09-23;49,00;53,00;46,00;Geprueft
1986-09-24;47,00;48,00;45,00;Geprueft
1986-09-25;48,00;52,00;44,00;Geprueft
1986-09-26;53,00;59,00;50,00;Geprueft
1986-09-27;49,00;57,00;45,00;Geprueft
1986-09-28;42,00;47,00;31,00;Geprueft
1986-09-29;35,00;40,00;30,00;Geprueft
1986-09-30;35,00;37,00;32,00;Geprueft
1986-10-01;35,00;42,00;34,00;Geprueft
1986-10-02;37,00;45,00;34,00;Geprueft
1986-10-03;39,00;46,00;38,00;Geprueft
1986-10-04;38,00;47,00;30,00;Geprueft
1986-10-05;25,00;31,00;21,00;Geprueft
1986-10-06;27,00;32,00;23,00;Geprueft
1986-10-07;30,00;43,00;22,00;Geprueft
1986-10-08;42,00;44,00;41,00;Geprueft
1986-10-09;43,00;44,00;42,00;Geprueft
1986-10-10;39,00;43,00;30,00;Geprueft
1986-10-11;34,00;43,00;26,00;Geprueft
1986-10-12;34,00;42,00;29,00;Geprueft
1986-10-13;36,00;55,00;27,00;Geprueft
1986-10-14;26,00;28,00;23,00;Geprueft
1986-10-15;25,00;27,00;15,00;Geprueft
1986-10-16;20,00;27,00;15,00;Geprueft
1986-10-17;44,00;65,00;21,00;Geprueft
1986-10-18;52,00;62,00;45,00;Geprueft
1986-10-19;36,00;45,00;28,00;Geprueft
1986-10-20;36,00;62,00;29,00;Geprueft
1986-10-21;51,00;53,00;49,00;Geprueft
1986-10-22;54,00;55,00;52,00;Geprueft
1986-10-23;68,00;84,00;54,00;Geprueft
1986-10-24;79,00;92,00;64,00;Geprueft
1986-10-25;53,00;76,00;33,00;Geprueft
1986-10-26;33,00;35,00;30,00;Geprueft
1986-10-27;41,00;47,00;32,00;Geprueft
1986-10-28;44,00;47,00;42,00;Geprueft
1986-10-29;51,00;57,00;44,00;Geprueft
1986-10-30;57,00;61,00;53,00;Geprueft
1986-10-31;64,00;68,00;58,00;Geprueft
1986-11-01;41,00;59,00;31,00;Geprueft
1986-11-02;42,00;59,00;25,00;Geprueft
1986-11-03;52,00;58,00;46,00;Geprueft
1986-11-04;53,00;57,00;48,00;Geprueft
1986-11-05;49,00;55,00;45,00;Geprueft
1986-11-06;53,00;62,00;46,00;Geprueft
1986-11-07;50,00;54,00;43,00;Geprueft
1986-11-08;35,00;43,00;27,00;Geprueft
1986-11-09;29,00;41,00;27,00;Geprueft
1986-11-10;36,00;49,00;31,00;Geprueft
1986-11-11;39,00;41,00;37,00;Geprueft
1986-11-12;42,00;43,00;41,00;Geprueft
1986-11-13;42,00;46,00;33,00;Geprueft
1986-11-14;36,00;47,00;31,00;Geprueft
1986-11-15;33,00;43,00;30,00;Geprueft
1986-11-16;32,00;34,00;29,00;Geprueft
1986-11-17;31,00;36,00;26,00;Geprueft
1986-11-18;32,00;34,00;30,00;Geprueft
1986-11-19;27,00;31,00;23,00;Geprueft
1986-11-20;26,00;35,00;20,00;Geprueft
1986-11-21;35,00;36,00;34,00;Geprueft
1986-11-22;30,00;36,00;23,00;Geprueft
1986-11-23;23,00;26,00;20,00;Geprueft
1986-11-24;35,00;46,00;22,00;Geprueft
1986-11-25;43,00;49,00;40,00;Geprueft
1986-11-26;42,00;49,00;37,00;Geprueft
1986-11-27;41,00;47,00;37,00;Geprueft
1986-11-28;40,00;41,00;37,00;Geprueft
1986-11-29;35,00;37,00;33,00;Geprueft
1986-11-30;36,00;38,00;33,00;Geprueft
1986-12-01;36,00;42,00;33,00;Geprueft
1986-12-02;39,00;46,00;38,00;Geprueft
1986-12-03;39,00;46,00;34,00;Geprueft
1986-12-04;30,00;37,00;24,00;Geprueft
1986-12-05;21,00;26,00;15,00;Geprueft
1986-12-06;16,00;26,00;12,00;Geprueft
1986-12-07;25,00;30,00;19,00;Geprueft
1986-12-08;43,00;70,00;26,00;Geprueft
1986-12-09;44,00;70,00;30,00;Geprueft
1986-12-10;32,00;42,00;28,00;Geprueft
1986-12-11;35,00;42,00;25,00;Geprueft
1986-12-12;40,00;51,00;37,00;Geprueft
1986-12-13;41,00;44,00;39,00;Geprueft
1986-12-14;47,00;58,00;37,00;Geprueft
1986-12-15;22,00;38,00;12,00;Geprueft
1986-12-16;29,00;47,00;11,00;Geprueft
1986-12-17;39,00;49,00;25,00;Geprueft
1986-12-18;34,00;39,00;20,00;Geprueft
1986-12-19;36,00;64,00;21,00;Geprueft
1986-12-20;61,00;88,00;51,00;Geprueft
1986-12-21;55,00;58,00;53,00;Geprueft
1986-12-22;57,00;58,00;56,00;Geprueft
1986-12-23;48,00;56,00;43,00;Geprueft
1986-12-24;46,00;47,00;42,00;Geprueft
1986-12-25;39,00;44,00;29,00;Geprueft
1986-12-26;34,00;39,00;31,00;Geprueft
1986-12-27;33,00;38,00;28,00;Geprueft
1986-12-28;38,00;41,00;35,00;Geprueft
1986-12-29;58,00;81,00;36,00;Geprueft
1986-12-30;98,00;125,00;73,00;Geprueft
1986-12-31;90,00;112,00;77,00;Geprueft
1987-01-01;70,00;89,00;56,00;Geprueft
1987-01-02;110,00;122,00;89,00;Geprueft
1987-01-03;113,00;122,00;100,00;Geprueft
1987-01-04;91,00;106,00;78,00;Geprueft
1987-01-05;80,00;83,00;70,00;Geprueft
1987-01-06;79,00;84,00;77,00;Geprueft
1987-01-07;89,00;98,00;82,00;Geprueft
1987-01-08;84,00;96,00;71,00;Geprueft
1987-01-09;74,00;83,00;65,00;Geprueft
1987-01-10;68,00;71,00;64,00;Geprueft
1987-01-11;59,00;64,00;55,00;Geprueft
1987-01-12;59,00;70,00;48,00;Geprueft
1987-01-13;54,00;63,00;47,00;Geprueft
1987-01-14;50,00;53,00;46,00;Geprueft
1987-01-15;58,00;63,00;52,00;Geprueft
1987-01-16;55,00;61,00;47,00;Geprueft
1987-01-17;50,00;60,00;47,00;Geprueft
1987-01-18;50,00;55,00;41,00;Geprueft
1987-01-19;40,00;51,00;34,00;Geprueft
1987-01-20;42,00;47,00;38,00;Geprueft
1987-01-21;46,00;51,00;39,00;Geprueft
1987-01-22;49,00;54,00;44,00;Geprueft
1987-01-23;42,00;47,00;39,00;Geprueft
1987-01-24;36,00;40,00;32,00;Geprueft
1987-01-25;38,00;41,00;35,00;Geprueft
1987-01-26;41,00;46,00;37,00;Geprueft
1987-01-27;39,00;45,00;34,00;Geprueft
1987-01-28;36,00;39,00;33,00;Geprueft
1987-01-29;43,00;55,00;33,00;Geprueft
1987-01-30;49,00;54,00;44,00;Geprueft
1987-01-31;43,00;48,00;38,00;Geprueft
1987-02-01;36,00;43,00;27,00;Geprueft
1987-02-02;28,00;30,00;24,00;Geprueft
1987-02-03;30,00;34,00;27,00;Geprueft
1987-02-04;28,00;31,00;26,00;Geprueft
1987-02-05;40,00;52,00;28,00;Geprueft
1987-02-06;43,00;50,00;34,00;Geprueft
1987-02-07;40,00;52,00;34,00;Geprueft
1987-02-08;60,00;65,00;39,00;Geprueft
1987-02-09;61,00;106,00;39,00;Geprueft
1987-02-10;101,00;108,00;93,00;Geprueft
1987-02-11;76,00;101,00;61,00;Geprueft
1987-02-12;72,00;80,00;57,00;Geprueft
1987-02-13;80,00;86,00;76,00;Geprueft
1987-02-14;77,00;87,00;66,00;Geprueft
1987-02-15;62,00;74,00;46,00;Geprueft
1987-02-16;64,00;69,00;60,00;Geprueft
1987-02-17;74,00;82,00;65,00;Geprueft
1987-02-18;84,00;89,00;81,00;Geprueft
1987-02-19;83,00;86,00;72,00;Geprueft
1987-02-20;70,00;78,00;63,00;Geprueft
1987-02-21;68,00;70,00;64,00;Geprueft
1987-02-22;63,00;72,00;56,00;Geprueft
1987-02-23;60,00;72,00;56,00;Geprueft
1987-02-24;67,00;76,00;53,00;Geprueft
1987-02-25;62,00;67,00;54,00;Geprueft
1987-02-26;65,00;70,00;62,00;Geprueft
1987-02-27;67,00;81,00;60,00;Geprueft
1987-02-28;126,00;178,00;81,00;Geprueft
1987-03-01;183,00;198,00;178,00;Geprueft
1987-03-02;197,00;258,00;179,00;Geprueft
1987-03-03;266,00;279,00;234,00;Geprueft
1987-03-04;200,00;236,00;152,00;Geprueft
1987-03-05;161,00;176,00;154,00;Geprueft
1987-03-06;146,00;157,00;140,00;Geprueft
1987-03-07;124,00;140,00;110,00;Geprueft
1987-03-08;102,00;111,00;94,00;Geprueft
1987-03-09;107,00;111,00;101,00;Geprueft
1987-03-10;104,00;108,00;98,00;Geprueft
1987-03-11;98,00;103,00;97,00;Geprueft
1987-03-12;96,00;98,00;93,00;Geprueft
1987-03-13;88,00;93,00;84,00;Geprueft
1987-03-14;84,00;86,00;81,00;Geprueft
1987-03-15;79,00;86,00;71,00;Geprueft
1987-03-16;72,00;77,00;69,00;Geprueft
1987-03-17;78,00;101,00;74,00;Geprueft
1987-03-18;90,00;103,00;85,00;Geprueft
1987-03-19;83,00;87,00;74,00;Geprueft
1987-03-20;79,00;89,00;72,00;Geprueft
1987-03-21;66,00;85,00;53,00;Geprueft
1987-03-22;61,00;64,00;57,00;Geprueft
1987-03-23;75,00;93,00;59,00;Geprueft
1987-03-24;72,00;95,00;59,00;Geprueft
1987-03-25;76,00;84,00;70,00;Geprueft
1987-03-26;82,00;92,00;76,00;Geprueft
1987-03-27;86,00;92,00;79,00;Geprueft
1987-03-28;96,00;107,00;86,00;Geprueft
1987-03-29;96,00;108,00;75,00;Geprueft
1987-03-30;80,00;85,00;75,00;Geprueft
1987-03-31;81,00;85,00;80,00;Geprueft
1987-04-01;88,00;101,00;80,00;Geprueft
1987-04-02;95,00;99,00;87,00;Geprueft
1987-04-03;87,00;96,00;72,00;Geprueft
1987-04-04;63,00;73,00;53,00;Geprueft
1987-04-05;72,00;79,00;62,00;Geprueft
1987-04-06;76,00;77,00;73,00;Geprueft
1987-04-07;83,00;92,00;72,00;Geprueft
1987-04-08;78,00;99,00;68,00;Geprueft
1987-04-09;73,00;75,00;71,00;Geprueft
1987-04-10;101,00;128,00;75,00;Geprueft
1987-04-11;162,00;170,00;126,00;Geprueft
1987-04-12;136,00;158,00;116,00;Geprueft
1987-04-13;115,00;117,00;107,00;Geprueft
1987-04-14;98,00;107,00;92,00;Geprueft
1987-04-15;89,00;96,00;83,00;Geprueft
1987-04-16;82,00;86,00;77,00;Geprueft
1987-04-17;78,00;81,00;69,00;Geprueft
1987-04-18;70,00;80,00;65,00;Geprueft
1987-04-19;80,00;84,00;73,00;Geprueft
1987-04-20;80,00;86,00;73,00;Geprueft
1987-04-21;103,00;123,00;82,00;Geprueft
1987-04-22;115,00;127,00;109,00;Geprueft
1987-04-23;109,00;109,00;105,00;Geprueft
1987-04-24;94,00;109,00;81,00;Geprueft
1987-04-25;76,00;87,00;72,00;Geprueft
1987-04-26;83,00;88,00;76,00;Geprueft
1987-04-27;92,00;98,00;84,00;Geprueft
1987-04-28;97,00;99,00;95,00;Geprueft
1987-04-29;97,00;106,00;92,00;Geprueft
1987-04-30;100,00;106,00;91,00;Geprueft
1987-05-01;80,00;91,00;68,00;Geprueft
1987-05-02;89,00;100,00;68,00;Geprueft
1987-05-03;78,00;94,00;66,00;Geprueft
1987-05-04;110,00;134,00;82,00;Geprueft
1987-05-05;132,00;138,00;128,00;Geprueft
1987-05-06;124,00;129,00;117,00;Geprueft
1987-05-07;143,00;168,00;118,00;Geprueft
1987-05-08;139,00;167,00;128,00;Geprueft
1987-05-09;120,00;131,00;118,00;Geprueft
1987-05-10;110,00;122,00;99,00;Geprueft
1987-05-11;92,00;103,00;83,00;Geprueft
1987-05-12;102,00;119,00;93,00;Geprueft
1987-05-13;119,00;133,00;113,00;Geprueft
1987-05-14;131,00;146,00;116,00;Geprueft
1987-05-15;119,00;134,00;114,00;Geprueft
1987-05-16;104,00;115,00;93,00;Geprueft
1987-05-17;96,00;99,00;93,00;Geprueft
1987-05-18;97,00;100,00;95,00;Geprueft
1987-05-19;101,00;110,00;94,00;Geprueft
1987-05-20;137,00;153,00;110,00;Geprueft
1987-05-21;141,00;147,00;136,00;Geprueft
1987-05-22;140,00;143,00;131,00;Geprueft
1987-05-23;125,00;143,00;113,00;Geprueft
1987-05-24;103,00;124,00;82,00;Geprueft
1987-05-25;101,00;128,00;88,00;Geprueft
1987-05-26;104,00;109,00;101,00;Geprueft
1987-05-27;103,00;109,00;99,00;Geprueft
1987-05-28;107,00;110,00;93,00;Geprueft
1987-05-29;97,00;104,00;87,00;Geprueft
1987-05-30;99,00;105,00;94,00;Geprueft
1987-05-31;83,00;94,00;73,00;Geprueft
1987-06-01;90,00;109,00;73,00;Geprueft
1987-06-02;110,00;111,00;109,00;Geprueft
1987-06-03;104,00;110,00;101,00;Geprueft
1987-06-04;97,00;106,00;86,00;Geprueft
1987-06-05;105,00;117,00;94,00;Geprueft
1987-06-06;110,00;114,00;106,00;Geprueft
1987-06-07;103,00;110,00;92,00;Geprueft
1987-06-08;80,00;94,00;73,00;Geprueft
1987-06-09;96,00;117,00;80,00;Geprueft
1987-06-10;120,00;135,00;112,00;Geprueft
1987-06-11;127,00;242,00;112,00;Geprueft
1987-06-12;113,00;117,00;108,00;Geprueft
1987-06-13;93,00;111,00;79,00;Geprueft
1987-06-14;83,00;103,00;74,00;Geprueft
1987-06-15;92,00;115,00;75,00;Geprueft
1987-06-16;109,00;117,00;105,00;Geprueft
1987-06-17;139,00;171,00;108,00;Geprueft
1987-06-18;139,00;149,00;129,00;Geprueft
1987-06-19;138,00;151,00;132,00;Geprueft
1987-06-20;134,00;150,00;123,00;Geprueft
1987-06-21;131,00;134,00;123,00;Geprueft
1987-06-22;121,00;127,00;118,00;Geprueft
1987-06-23;112,00;126,00;87,00;Geprueft
1987-06-24;132,00;156,00;107,00;Geprueft
1987-06-25;165,00;183,00;155,00;Geprueft
1987-06-26;169,00;183,00;165,00;Geprueft
1987-06-27;155,00;165,00;150,00;Geprueft
1987-06-28;161,00;166,00;147,00;Geprueft
1987-06-29;138,00;147,00;128,00;Geprueft
1987-06-30;128,00;134,00;121,00;Geprueft
1987-07-01;124,00;129,00;118,00;Geprueft
1987-07-02;163,00;178,00;128,00;Geprueft
1987-07-03;147,00;164,00;141,00;Geprueft
1987-07-04;126,00;141,00;114,00;Geprueft
1987-07-05;123,00;130,00;113,00;Geprueft
1987-07-06;106,00;114,00;97,00;Geprueft
1987-07-07;103,00;107,00;98,00;Geprueft
1987-07-08;105,00;109,00;102,00;Geprueft
1987-07-09;109,00;131,00;101,00;Geprueft
1987-07-10;127,00;132,00;120,00;Geprueft
1987-07-11;119,00;129,00;94,00;Geprueft
1987-07-12;83,00;95,00;72,00;Geprueft
1987-07-13;80,00;99,00;65,00;Geprueft
1987-07-14;90,00;100,00;82,00;Geprueft
1987-07-15;88,00;92,00;83,00;Geprueft
1987-07-16;85,00;91,00;78,00;Geprueft
1987-07-17;72,00;81,00;61,00;Geprueft
1987-07-18;76,00;86,00;63,00;Geprueft
1987-07-19;85,00;104,00;78,00;Geprueft
1987-07-20;114,00;130,00;104,00;Geprueft
1987-07-21;117,00;141,00;96,00;Geprueft
1987-07-22;149,00;156,00;140,00;Geprueft
1987-07-23;140,00;149,00;129,00;Geprueft
1987-07-24;124,00;131,00;120,00;Geprueft
1987-07-25;117,00;122,00;109,00;Geprueft
1987-07-26;113,00;127,00;105,00;Geprueft
1987-07-27;155,00;180,00;122,00;Geprueft
1987-07-28;151,00;182,00;121,00;Geprueft
1987-07-29;174,00;198,00;157,00;Geprueft
1987-07-30;169,00;183,00;160,00;Geprueft
1987-07-31;164,00;177,00;155,00;Geprueft
1987-08-01;166,00;184,00;159,00;Geprueft
1987-08-02;161,00;166,00;155,00;Geprueft
1987-08-03;178,00;196,00;155,00;Geprueft
1987-08-04;241,00;267,00;196,00;Geprueft
1987-08-05;239,00;265,00;204,00;Geprueft
1987-08-06;199,00;211,00;178,00;Geprueft
1987-08-07;166,00;178,00;157,00;Geprueft
1987-08-08;161,00;175,00;153,00;Geprueft
1987-08-09;125,00;154,00;104,00;Geprueft
1987-08-10;101,00;116,00;86,00;Geprueft
1987-08-11;117,00;127,00;111,00;Geprueft
1987-08-12;110,00;116,00;99,00;Geprueft
1987-08-13;102,00;108,00;100,00;Geprueft
1987-08-14;101,00;104,00;97,00;Geprueft
1987-08-15;90,00;102,00;68,00;Geprueft
1987-08-16;89,00;106,00;73,00;Geprueft
1987-08-17;86,00;94,00;76,00;Geprueft
1987-08-18;86,00;92,00;76,00;Geprueft
1987-08-19;103,00;117,00;92,00;Geprueft
1987-08-20;102,00;116,00;95,00;Geprueft
1987-08-21;93,00;104,00;80,00;Geprueft
1987-08-22;82,00;92,00;76,00;Geprueft
1987-08-23;67,00;81,00;56,00;Geprueft
1987-08-24;82,00;90,00;64,00;Geprueft
1987-08-25;91,00;98,00;83,00;Geprueft
1987-08-26;89,00;105,00;77,00;Geprueft
1987-08-27;78,00;89,00;68,00;Geprueft
1987-08-28;78,00;98,00;66,00;Geprueft
1987-08-29;65,00;73,00;55,00;Geprueft
1987-08-30;61,00;62,00;60,00;Geprueft
1987-08-31;65,00;68,00;60,00;Geprueft
1987-09-01;62,00;67,00;59,00;Geprueft
1987-09-02;72,00;83,00;64,00;Geprueft
1987-09-03;72,00;79,00;63,00;Geprueft
1987-09-04;70,00;83,00;66,00;Geprueft
1987-09-05;77,00;80,00;74,00;Geprueft
1987-09-06;89,00;95,00;74,00;Geprueft
1987-09-07;85,00;95,00;81,00;Geprueft
1987-09-08;93,00;105,00;87,00;Geprueft
1987-09-09;120,00;133,00;105,00;Geprueft
1987-09-10;99,00;111,00;87,00;Geprueft
1987-09-11;88,00;94,00;77,00;Geprueft
1987-09-12;75,00;78,00;62,00;Geprueft
1987-09-13;62,00;74,00;55,00;Geprueft
1987-09-14;61,00;69,00;55,00;Geprueft
1987-09-15;73,00;78,00;66,00;Geprueft
1987-09-16;65,00;72,00;56,00;Geprueft
1987-09-17;53,00;73,00;46,00;Geprueft
1987-09-18;48,00;55,00;42,00;Geprueft
1987-09-19;48,00;53,00;45,00;Geprueft
1987-09-20;51,00;53,00;48,00;Geprueft
1987-09-21;50,00;53,00;47,00;Geprueft
1987-09-22;56,00;66,00;53,00;Geprueft
1987-09-23;54,00;60,00;50,00;Geprueft
1987-09-24;51,00;53,00;47,00;Geprueft
1987-09-25;49,00;54,00;47,00;Geprueft
1987-09-26;56,00;59,00;54,00;Geprueft
1987-09-27;106,00;138,00;59,00;Geprueft
1987-09-28;138,00;152,00;115,00;Geprueft
1987-09-29;119,00;125,00;115,00;Geprueft
1987-09-30;100,00;116,00;81,00;Geprueft
1987-10-01;79,00;85,00;67,00;Geprueft
1987-10-02;65,00;84,00;55,00;Geprueft
1987-10-03;59,00;66,00;56,00;Geprueft
1987-10-04;58,00;71,00;47,00;Geprueft
1987-10-05;51,00;56,00;48,00;Geprueft
1987-10-06;48,00;62,00;31,00;Geprueft
1987-10-07;51,00;64,00;46,00;Geprueft
1987-10-08;56,00;81,00;31,00;Geprueft
1987-10-09;51,00;59,00;40,00;Geprueft
1987-10-10;39,00;46,00;30,00;Geprueft
1987-10-11;37,00;48,00;29,00;Geprueft
1987-10-12;36,00;45,00;27,00;Geprueft
1987-10-13;32,00;41,00;27,00;Geprueft
1987-10-14;44,00;59,00;35,00;Geprueft
1987-10-15;56,00;66,00;50,00;Geprueft
1987-10-16;57,00;70,00;43,00;Geprueft
1987-10-17;44,00;50,00;32,00;Geprueft
1987-10-18;38,00;43,00;33,00;Geprueft
1987-10-19;35,00;41,00;33,00;Geprueft
1987-10-20;45,00;56,00;33,00;Geprueft
1987-10-21;42,00;48,00;38,00;Geprueft
1987-10-22;47,00;54,00;42,00;Geprueft
1987-10-23;47,00;50,00;38,00;Geprueft
1987-10-24;39,00;41,00;37,00;Geprueft
1987-10-25;33,00;38,00;30,00;Geprueft
1987-10-26;35,00;47,00;29,00;Geprueft
1987-10-27;49,00;57,00;41,00;Geprueft
1987-10-28;48,00;53,00;41,00;Geprueft
1987-10-29;45,00;50,00;42,00;Geprueft
1987-10-30;43,00;44,00;39,00;Geprueft
1987-10-31;34,00;42,00;30,00;Geprueft
1987-11-01;31,00;36,00;30,00;Geprueft
1987-11-02;35,00;44,00;30,00;Geprueft
1987-11-03;37,00;43,00;30,00;Geprueft
1987-11-04;42,00;48,00;41,00;Geprueft
1987-11-05;31,00;41,00;27,00;Geprueft
1987-11-06;24,00;36,00;21,00;Geprueft
1987-11-07;20,00;22,00;19,00;Geprueft
1987-11-08;21,00;21,00;20,00;Geprueft
1987-11-09;29,00;50,00;20,00;Geprueft
1987-11-10;34,00;39,00;25,00;Geprueft
1987-11-11;35,00;41,00;26,00;Geprueft
1987-11-12;35,00;42,00;29,00;Geprueft
1987-11-13;38,00;41,00;36,00;Geprueft
1987-11-14;26,00;39,00;19,00;Geprueft
1987-11-15;24,00;31,00;19,00;Geprueft
1987-11-16;33,00;43,00;24,00;Geprueft
1987-11-17;45,00;51,00;37,00;Geprueft
1987-11-18;40,00;47,00;33,00;Geprueft
1987-11-19;47,00;60,00;28,00;Geprueft
1987-11-20;56,00;61,00;52,00;Geprueft
1987-11-21;66,00;75,00;61,00;Geprueft
1987-11-22;71,00;86,00;64,00;Geprueft
1987-11-23;68,00;84,00;55,00;Geprueft
1987-11-24;60,00;66,00;52,00;Geprueft
1987-11-25;66,00;74,00;58,00;Geprueft
1987-11-26;57,00;60,00;55,00;Geprueft
1987-11-27;55,00;59,00;43,00;Geprueft
1987-11-28;56,00;59,00;55,00;Geprueft
1987-11-29;49,00;55,00;39,00;Geprueft
1987-11-30;41,00;46,00;36,00;Geprueft
1987-12-01;45,00;46,00;42,00;Geprueft
1987-12-02;45,00;46,00;42,00;Geprueft
1987-12-03;41,00;45,00;38,00;Geprueft
1987-12-04;37,00;40,00;29,00;Geprueft
1987-12-05;30,00;38,00;27,00;Geprueft
1987-12-06;28,00;32,00;24,00;Geprueft
1987-12-07;57,00;96,00;27,00;Geprueft
1987-12-08;98,00;133,00;88,00;Geprueft
1987-12-09;77,00;95,00;63,00;Geprueft
1987-12-10;63,00;68,00;60,00;Geprueft
1987-12-11;62,00;68,00;59,00;Geprueft
1987-12-12;50,00;62,00;31,00;Geprueft
1987-12-13;41,00;47,00;33,00;Geprueft
1987-12-14;43,00;53,00;33,00;Geprueft
1987-12-15;52,00;59,00;41,00;Geprueft
1987-12-16;53,00;54,00;51,00;Geprueft
1987-12-17;59,00;77,00;51,00;Geprueft
1987-12-18;87,00;132,00;65,00;Geprueft
1987-12-19;148,00;173,00;123,00;Geprueft
1987-12-20;180,00;191,00;172,00;Geprueft
1987-12-21;155,00;173,00;147,00;Geprueft
1987-12-22;142,00;156,00;132,00;Geprueft
1987-12-23;118,00;132,00;109,00;Geprueft
1987-12-24;98,00;111,00;82,00;Geprueft
1987-12-25;86,00;88,00;82,00;Geprueft
1987-12-26;62,00;82,00;50,00;Geprueft
1987-12-27;55,00;65,00;52,00;Geprueft
1987-12-28;77,00;83,00;65,00;Geprueft
1987-12-29;76,00;77,00;74,00;Geprueft
1987-12-30;66,00;77,00;58,00;Geprueft
1987-12-31;61,00;71,00;58,00;Geprueft
1988-01-01;63,00;71,00;58,00;Geprueft
1988-01-02;48,00;64,00;31,00;Geprueft
1988-01-03;43,00;58,00;33,00;Geprueft
1988-01-04;52,00;71,00;44,00;Geprueft
1988-01-05;69,00;73,00;63,00;Geprueft
1988-01-06;64,00;72,00;58,00;Geprueft
1988-01-07;57,00;61,00;54,00;Geprueft
1988-01-08;55,00;69,00;45,00;Geprueft
1988-01-09;58,00;68,00;51,00;Geprueft
1988-01-10;43,00;52,00;33,00;Geprueft
1988-01-11;46,00;61,00;36,00;Geprueft
1988-01-12;60,00;67,00;53,00;Geprueft
1988-01-13;58,00;59,00;54,00;Geprueft
1988-01-14;58,00;59,00;55,00;Geprueft
1988-01-15;60,00;67,00;58,00;Geprueft
1988-01-16;58,00;65,00;47,00;Geprueft
1988-01-17;35,00;48,00;26,00;Geprueft
1988-01-18;50,00;61,00;27,00;Geprueft
1988-01-19;55,00;60,00;49,00;Geprueft
1988-01-20;49,00;53,00;45,00;Geprueft
1988-01-21;55,00;59,00;48,00;Geprueft
1988-01-22;64,00;72,00;56,00;Geprueft
1988-01-23;61,00;66,00;54,00;Geprueft
1988-01-24;62,00;88,00;51,00;Geprueft
1988-01-25;65,00;69,00;58,00;Geprueft
1988-01-26;61,00;67,00;53,00;Geprueft
1988-01-27;65,00;70,00;53,00;Geprueft
1988-01-28;72,00;94,00;64,00;Geprueft
1988-01-29;75,00;98,00;59,00;Geprueft
1988-01-30;67,00;75,00;56,00;Geprueft
1988-01-31;57,00;71,00;47,00;Geprueft
1988-02-01;53,00;62,00;48,00;Geprueft
1988-02-02;59,00;65,00;55,00;Geprueft
1988-02-03;57,00;67,00;49,00;Geprueft
1988-02-04;52,00;54,00;47,00;Geprueft
1988-02-05;46,00;50,00;43,00;Geprueft
1988-02-06;42,00;44,00;39,00;Geprueft
1988-02-07;40,00;41,00;37,00;Geprueft
1988-02-08;49,00;66,00;35,00;Geprueft
1988-02-09;59,00;69,00;51,00;Geprueft
1988-02-10;69,00;86,00;59,00;Geprueft
1988-02-11;67,00;76,00;61,00;Geprueft
1988-02-12;59,00;63,00;54,00;Geprueft
1988-02-13;53,00;71,00;45,00;Geprueft
1988-02-14;43,00;45,00;40,00;Geprueft
1988-02-15;42,00;44,00;40,00;Geprueft
1988-02-16;40,00;44,00;37,00;Geprueft
1988-02-17;33,00;37,00;30,00;Geprueft
1988-02-18;35,00;42,00;28,00;Geprueft
1988-02-19;46,00;60,00;40,00;Geprueft
1988-02-20;52,00;67,00;46,00;Geprueft
1988-02-21;42,00;61,00;38,00;Geprueft
1988-02-22;37,00;44,00;32,00;Geprueft
1988-02-23;41,00;53,00;36,00;Geprueft
1988-02-24;42,00;51,00;39,00;Geprueft
1988-02-25;43,00;46,00;38,00;Geprueft
1988-02-26;42,00;45,00;37,00;Geprueft
1988-02-27;37,00;45,00;31,00;Geprueft
1988-02-28;36,00;53,00;30,00;Geprueft
1988-02-29;43,00;51,00;34,00;Geprueft
1988-03-01;42,00;45,00;35,00;Geprueft
1988-03-02;38,00;43,00;35,00;Geprueft
1988-03-03;49,00;63,00;39,00;Geprueft
1988-03-04;52,00;63,00;50,00;Geprueft
1988-03-05;47,00;50,00;38,00;Geprueft
1988-03-06;36,00;40,00;29,00;Geprueft
1988-03-07;36,00;47,00;29,00;Geprueft
1988-03-08;50,00;65,00;41,00;Geprueft
1988-03-09;54,00;58,00;49,00;Geprueft
1988-03-10;52,00;56,00;49,00;Geprueft
1988-03-11;52,00;56,00;46,00;Geprueft
1988-03-12;50,00;59,00;43,00;Geprueft
1988-03-13;83,00;99,00;59,00;Geprueft
1988-03-14;107,00;127,00;94,00;Geprueft
1988-03-15;159,00;172,00;125,00;Geprueft
1988-03-16;186,00;221,00;172,00;Geprueft
1988-03-17;199,00;222,00;181,00;Geprueft
1988-03-18;173,00;184,00;147,00;Geprueft
1988-03-19;142,00;154,00;126,00;Geprueft
1988-03-20;108,00;129,00;93,00;Geprueft
1988-03-21;134,00;156,00;96,00;Geprueft
1988-03-22;174,00;201,00;154,00;Geprueft
1988-03-23;200,00;205,00;195,00;Geprueft
1988-03-24;185,00;198,00;172,00;Geprueft
1988-03-25;189,00;213,00;174,00;Geprueft
1988-03-26;222,00;229,00;207,00;Geprueft
1988-03-27;201,00;231,00;171,00;Geprueft
1988-03-28;167,00;171,00;162,00;Geprueft
1988-03-29;153,00;165,00;147,00;Geprueft
1988-03-30;140,00;149,00;124,00;Geprueft
1988-03-31;128,00;138,00;120,00;Geprueft
1988-04-01;119,00;126,00;113,00;Geprueft
1988-04-02;115,00;126,00;103,00;Geprueft
1988-04-03;108,00;112,00;104,00;Geprueft
1988-04-04;102,00;116,00;92,00;Geprueft
1988-04-05;105,00;123,00;93,00;Geprueft
1988-04-06;119,00;125,00;109,00;Geprueft
1988-04-07;117,00;125,00;107,00;Geprueft
1988-04-08;124,00;132,00;113,00;Geprueft
1988-04-09;130,00;134,00;123,00;Geprueft
1988-04-10;131,00;144,00;119,00;Geprueft
1988-04-11;151,00;163,00;141,00;Geprueft
1988-04-12;129,00;159,00;121,00;Geprueft
1988-04-13;119,00;126,00;112,00;Geprueft
1988-04-14;158,00;170,00;126,00;Geprueft
1988-04-15;151,00;167,00;139,00;Geprueft
1988-04-16;128,00;139,00;120,00;Geprueft
1988-04-17;120,00;125,00;114,00;Geprueft
1988-04-18;119,00;124,00;114,00;Geprueft
1988-04-19;126,00;132,00;122,00;Geprueft
1988-04-20;144,00;157,00;131,00;Geprueft
1988-04-21;156,00;160,00;148,00;Geprueft
1988-04-22;160,00;164,00;157,00;Geprueft
1988-04-23;160,00;165,00;152,00;Geprueft
1988-04-24;149,00;153,00;143,00;Geprueft
1988-04-25;144,00;151,00;139,00;Geprueft
1988-04-26;145,00;150,00;139,00;Geprueft
1988-04-27;139,00;143,00;135,00;Geprueft
1988-04-28;140,00;146,00;136,00;Geprueft
1988-04-29;136,00;140,00;131,00;Geprueft
1988-04-30;136,00;140,00;132,00;Geprueft
1988-05-01;131,00;139,00;119,00;Geprueft
1988-05-02;126,00;142,00;119,00;Geprueft
1988-05-03;142,00;152,00;138,00;Geprueft
1988-05-04;148,00;152,00;144,00;Geprueft
1988-05-05;142,00;148,00;132,00;Geprueft
1988-05-06;133,00;139,00;124,00;Geprueft
1988-05-07;126,00;129,00;121,00;Geprueft
1988-05-08;129,00;141,00;125,00;Geprueft
1988-05-09;131,00;136,00;126,00;Geprueft
1988-05-10;135,00;141,00;124,00;Geprueft
1988-05-11;150,00;156,00;140,00;Geprueft
1988-05-12;148,00;155,00;136,00;Geprueft
1988-05-13;139,00;141,00;137,00;Geprueft
1988-05-14;134,00;139,00;129,00;Geprueft
1988-05-15;132,00;136,00;129,00;Geprueft
1988-05-16;131,00;137,00;125,00;Geprueft
1988-05-17;137,00;152,00;129,00;Geprueft
1988-05-18;145,00;152,00;138,00;Geprueft
1988-05-19;145,00;150,00;140,00;Geprueft
1988-05-20;151,00;158,00;144,00;Geprueft
1988-05-21;152,00;162,00;144,00;Geprueft
1988-05-22;151,00;160,00;136,00;Geprueft
1988-05-23;135,00;141,00;127,00;Geprueft
1988-05-24;125,00;131,00;110,00;Geprueft
1988-05-25;130,00;140,00;120,00;Geprueft
1988-05-26;131,00;135,00;124,00;Geprueft
1988-05-27;120,00;127,00;116,00;Geprueft
1988-05-28;120,00;133,00;111,00;Geprueft
1988-05-29;115,00;130,00;106,00;Geprueft
1988-05-30;121,00;140,00;106,00;Geprueft
1988-05-31;130,00;137,00;125,00;Geprueft
1988-06-01;126,00;144,00;111,00;Geprueft
1988-06-02;129,00;148,00;114,00;Geprueft
1988-06-03;120,00;128,00;105,00;Geprueft
1988-06-04;122,00;123,00;120,00;Geprueft
1988-06-05;125,00;140,00;120,00;Geprueft
1988-06-06;163,00;192,00;139,00;Geprueft
1988-06-07;197,00;214,00;190,00;Geprueft
1988-06-08;181,00;193,00;166,00;Geprueft
1988-06-09;154,00;166,00;141,00;Geprueft
1988-06-10;144,00;154,00;133,00;Geprueft
1988-06-11;136,00;141,00;127,00;Geprueft
1988-06-12;134,00;175,00;123,00;Geprueft
1988-06-13;149,00;173,00;139,00;Geprueft
1988-06-14;157,00;163,00;147,00;Geprueft
1988-06-15;147,00;159,00;138,00;Geprueft
1988-06-16;139,00;148,00;132,00;Geprueft
1988-06-17;135,00;137,00;133,00;Geprueft
1988-06-18;132,00;135,00;126,00;Geprueft
1988-06-19;122,00;130,00;117,00;Geprueft
1988-06-20;121,00;126,00;119,00;Geprueft
1988-06-21;131,00;144,00;122,00;Geprueft
1988-06-22;128,00;135,00;121,00;Geprueft
1988-06-23;125,00;135,00;120,00;Geprueft
1988-06-24;128,00;131,00;123,00;Geprueft
1988-06-25;126,00;128,00;117,00;Geprueft
1988-06-26;117,00;123,00;111,00;Geprueft
1988-06-27;114,00;118,00;112,00;Geprueft
1988-06-28;122,00;134,00;115,00;Geprueft
1988-06-29;133,00;140,00;129,00;Geprueft
1988-06-30;137,00;142,00;126,00;Geprueft
1988-07-01;125,00;133,00;119,00;Geprueft
1988-07-02;134,00;141,00;125,00;Geprueft
1988-07-03;137,00;144,00;128,00;Geprueft
1988-07-04;130,00;135,00;122,00;Geprueft
1988-07-05;125,00;129,00;118,00;Geprueft
1988-07-06;121,00;124,00;115,00;Geprueft
1988-07-07;122,00;128,00;117,00;Geprueft
1988-07-08;121,00;126,00;119,00;Geprueft
1988-07-09;117,00;121,00;111,00;Geprueft
1988-07-10;115,00;122,00;111,00;Geprueft
1988-07-11;114,00;120,00;109,00;Geprueft
1988-07-12;117,00;126,00;112,00;Geprueft
1988-07-13;122,00;126,00;119,00;Geprueft
1988-07-14;132,00;139,00;124,00;Geprueft
1988-07-15;161,00;180,00;137,00;Geprueft
1988-07-16;149,00;161,00;142,00;Geprueft
1988-07-17;140,00;151,00;119,00;Geprueft
1988-07-18;132,00;142,00;121,00;Geprueft
1988-07-19;136,00;138,00;128,00;Geprueft
1988-07-20;123,00;129,00;121,00;Geprueft
1988-07-21;124,00;133,00;117,00;Geprueft
1988-07-22;125,00;129,00;122,00;Geprueft
1988-07-23;118,00;135,00;109,00;Geprueft
1988-07-24;110,00;121,00;104,00;Geprueft
1988-07-25;123,00;129,00;115,00;Geprueft
1988-07-26;125,00;133,00;119,00;Geprueft
1988-07-27;127,00;133,00;116,00;Geprueft
1988-07-28;118,00;123,00;114,00;Geprueft
1988-07-29;114,00;132,00;105,00;Geprueft
1988-07-30;117,00;121,00;110,00;Geprueft
1988-07-31;115,00;118,00;111,00;Geprueft
1988-08-01;117,00;122,00;114,00;Geprueft
1988-08-02;120,00;124,00;114,00;Geprueft
1988-08-03;125,00;133,00;121,00;Geprueft
1988-08-04;127,00;135,00;118,00;Geprueft
1988-08-05;132,00;136,00;129,00;Geprueft
1988-08-06;121,00;132,00;113,00;Geprueft
1988-08-07;116,00;121,00;104,00;Geprueft
1988-08-08;110,00;113,00;107,00;Geprueft
1988-08-09;119,00;128,00;109,00;Geprueft
1988-08-10;122,00;128,00;114,00;Geprueft
1988-08-11;116,00;123,00;111,00;Geprueft
1988-08-12;110,00;116,00;108,00;Geprueft
1988-08-13;111,00;114,00;103,00;Geprueft
1988-08-14;111,00;116,00;106,00;Geprueft
1988-08-15;107,00;111,00;103,00;Geprueft
1988-08-16;111,00;118,00;103,00;Geprueft
1988-08-17;116,00;120,00;113,00;Geprueft
1988-08-18;120,00;122,00;118,00;Geprueft
1988-08-19;117,00;123,00;109,00;Geprueft
1988-08-20;107,00;116,00;103,00;Geprueft
1988-08-21;154,00;176,00;115,00;Geprueft
1988-08-22;167,00;176,00;153,00;Geprueft
1988-08-23;155,00;160,00;148,00;Geprueft
1988-08-24;149,00;156,00;143,00;Geprueft
1988-08-25;142,00;148,00;137,00;Geprueft
1988-08-26;139,00;142,00;136,00;Geprueft
1988-08-27;137,00;141,00;135,00;Geprueft
1988-08-28;152,00;158,00;138,00;Geprueft
1988-08-29;153,00;160,00;146,00;Geprueft
1988-08-30;173,00;191,00;157,00;Geprueft
1988-08-31;181,00;191,00;172,00;Geprueft
1988-09-01;167,00;175,00;158,00;Geprueft
1988-09-02;155,00;163,00;149,00;Geprueft
1988-09-03;173,00;193,00;152,00;Geprueft
1988-09-04;175,00;191,00;167,00;Geprueft
1988-09-05;166,00;171,00;161,00;Geprueft
1988-09-06;159,00;162,00;154,00;Geprueft
1988-09-07;148,00;156,00;132,00;Geprueft
1988-09-08;138,00;142,00;134,00;Geprueft
1988-09-09;139,00;141,00;135,00;Geprueft
1988-09-10;131,00;141,00;122,00;Geprueft
1988-09-11;122,00;124,00;116,00;Geprueft
1988-09-12;125,00;134,00;120,00;Geprueft
1988-09-13;132,00;136,00;127,00;Geprueft
1988-09-14;128,00;134,00;124,00;Geprueft
1988-09-15;125,00;130,00;122,00;Geprueft
1988-09-16;125,00;130,00;123,00;Geprueft
1988-09-17;129,00;134,00;124,00;Geprueft
1988-09-18;121,00;127,00;114,00;Geprueft
1988-09-19;117,00;126,00;115,00;Geprueft
1988-09-20;119,00;129,00;116,00;Geprueft
1988-09-21;120,00;125,00;115,00;Geprueft
1988-09-22;118,00;133,00;111,00;Geprueft
1988-09-23;114,00;132,00;90,00;Geprueft
1988-09-24;110,00;118,00;105,00;Geprueft
1988-09-25;104,00;108,00;99,00;Geprueft
1988-09-26;108,00;116,00;104,00;Geprueft
1988-09-27;110,00;112,00;109,00;Geprueft
1988-09-28;108,00;112,00;102,00;Geprueft
1988-09-29;110,00;114,00;96,00;Geprueft
1988-09-30;111,00;115,00;107,00;Geprueft
1988-10-01;108,00;112,00;105,00;Geprueft
1988-10-02;106,00;111,00;96,00;Geprueft
1988-10-03;103,00;115,00;94,00;Geprueft
1988-10-04;104,00;108,00;100,00;Geprueft
1988-10-05;108,00;118,00;102,00;Geprueft
1988-10-06;113,00;115,00;112,00;Geprueft
1988-10-07;115,00;116,00;110,00;Geprueft
1988-10-08;113,00;116,00;107,00;Geprueft
1988-10-09;106,00;116,00;93,00;Geprueft
1988-10-10;102,00;113,00;93,00;Geprueft
1988-10-11;107,00;113,00;101,00;Geprueft
1988-10-12;110,00;114,00;105,00;Geprueft
1988-10-13;110,00;111,00;108,00;Geprueft
1988-10-14;109,00;111,00;103,00;Geprueft
1988-10-15;105,00;113,00;98,00;Geprueft
1988-10-16;101,00;105,00;96,00;Geprueft
1988-10-17;104,00;109,00;100,00;Geprueft
1988-10-18;108,00;113,00;102,00;Geprueft
1988-10-19;108,00;113,00;101,00;Geprueft
1988-10-20;107,00;110,00;103,00;Geprueft
1988-10-21;104,00;107,00;99,00;Geprueft
1988-10-22;102,00;104,00;100,00;Geprueft
1988-10-23;102,00;104,00;100,00;Geprueft
1988-10-24;102,00;106,00;96,00;Geprueft
1988-10-25;105,00;108,00;102,00;Geprueft
1988-10-26;108,00;109,00;106,00;Geprueft
1988-10-27;107,00;110,00;103,00;Geprueft
1988-10-28;104,00;109,00;98,00;Geprueft
1988-10-29;100,00;102,00;97,00;Geprueft
1988-10-30;112,00;120,00;100,00;Geprueft
1988-10-31;118,00;127,00;111,00;Geprueft
1988-11-01;106,00;114,00;100,00;Geprueft
1988-11-02;106,00;117,00;99,00;Geprueft
1988-11-03;106,00;116,00;101,00;Geprueft
1988-11-04;107,00;111,00;105,00;Geprueft
1988-11-05;103,00;108,00;98,00;Geprueft
1988-11-06;101,00;104,00;95,00;Geprueft
1988-11-07;103,00;113,00;95,00;Geprueft
1988-11-08;109,00;113,00;106,00;Geprueft
1988-11-09;103,00;111,00;96,00;Geprueft
1988-11-10;100,00;104,00;96,00;Geprueft
1988-11-11;102,00;106,00;95,00;Geprueft
1988-11-12;101,00;104,00;98,00;Geprueft
1988-11-13;100,00;103,00;96,00;Geprueft
1988-11-14;102,00;109,00;97,00;Geprueft
1988-11-15;109,00;122,00;102,00;Geprueft
1988-11-16;114,00;122,00;106,00;Geprueft
1988-11-17;113,00;125,00;104,00;Geprueft
1988-11-18;109,00;116,00;98,00;Geprueft
1988-11-19;106,00;113,00;98,00;Geprueft
1988-11-20;111,00;117,00;102,00;Geprueft
1988-11-21;110,00;114,00;107,00;Geprueft
1988-11-22;113,00;128,00;106,00;Geprueft
1988-11-23;111,00;117,00;109,00;Geprueft
1988-11-24;112,00;118,00;106,00;Geprueft
1988-11-25;109,00;116,00;100,00;Geprueft
1988-11-26;95,00;100,00;93,00;Geprueft
1988-11-27;97,00;100,00;94,00;Geprueft
1988-11-28;107,00;110,00;100,00;Geprueft
1988-11-29;109,00;114,00;103,00;Geprueft
1988-11-30;126,00;142,00;104,00;Geprueft
1988-12-01;135,00;140,00;126,00;Geprueft
1988-12-02;131,00;135,00;126,00;Geprueft
1988-12-03;120,00;128,00;109,00;Geprueft
1988-12-04;125,00;139,00;117,00;Geprueft
1988-12-05;179,00;196,00;134,00;Geprueft
1988-12-06;192,00;195,00;190,00;Geprueft
1988-12-07;188,00;207,00;170,00;Geprueft
1988-12-08;172,00;182,00;165,00;Geprueft
1988-12-09;161,00;169,00;154,00;Geprueft
1988-12-10;156,00;187,00;145,00;Geprueft
1988-12-11;220,00;252,00;187,00;Geprueft
1988-12-12;230,00;248,00;201,00;Geprueft
1988-12-13;196,00;202,00;192,00;Geprueft
1988-12-14;180,00;193,00;160,00;Geprueft
1988-12-15;170,00;179,00;166,00;Geprueft
1988-12-16;167,00;170,00;160,00;Geprueft
1988-12-17;158,00;162,00;152,00;Geprueft
1988-12-18;148,00;160,00;142,00;Geprueft
1988-12-19;147,00;160,00;141,00;Geprueft
1988-12-20;158,00;160,00;155,00;Geprueft
1988-12-21;160,00;168,00;154,00;Geprueft
1988-12-22;157,00;161,00;148,00;Geprueft
1988-12-23;148,00;155,00;140,00;Geprueft
1988-12-24;142,00;146,00;138,00;Geprueft
1988-12-25;146,00;156,00;135,00;Geprueft
1988-12-26;151,00;156,00;147,00;Geprueft
1988-12-27;140,00;148,00;136,00;Geprueft
1988-12-28;139,00;141,00;137,00;Geprueft
1988-12-29;136,00;141,00;130,00;Geprueft
1988-12-30;138,00;146,00;133,00;Geprueft
1988-12-31;127,00;140,00;115,00;Geprueft
1989-01-01;124,00;126,00;120,00;Geprueft
1989-01-02;125,00;134,00;118,00;Geprueft
1989-01-03;127,00;132,00;118,00;Geprueft
1989-01-04;124,00;128,00;122,00;Geprueft
1989-01-05;128,00;139,00;125,00;Geprueft
1989-01-06;129,00;139,00;121,00;Geprueft
1989-01-07;123,00;129,00;121,00;Geprueft
1989-01-08;133,00;149,00;125,00;Geprueft
1989-01-09;150,00;156,00;137,00;Geprueft
1989-01-10;142,00;149,00;136,00;Geprueft
1989-01-11;135,00;143,00;116,00;Geprueft
1989-01-12;127,00;137,00;116,00;Geprueft
1989-01-13;125,00;132,00;121,00;Geprueft
1989-01-14;128,00;132,00;125,00;Geprueft
1989-01-15;119,00;127,00;113,00;Geprueft
1989-01-16;118,00;131,00;113,00;Geprueft
1989-01-17;120,00;129,00;111,00;Geprueft
1989-01-18;124,00;129,00;117,00;Geprueft
1989-01-19;117,00;125,00;114,00;Geprueft
1989-01-20;120,00;124,00;116,00;Geprueft
1989-01-21;113,00;120,00;108,00;Geprueft
1989-01-22;111,00;112,00;108,00;Geprueft
1989-01-23;113,00;118,00;108,00;Geprueft
1989-01-24;114,00;133,00;110,00;Geprueft
1989-01-25;120,00;128,00;115,00;Geprueft
1989-01-26;117,00;121,00;110,00;Geprueft
1989-01-27;113,00;126,00;108,00;Geprueft
1989-01-28;111,00;115,00;106,00;Geprueft
1989-01-29;105,00;120,00;95,00;Geprueft
1989-01-30;109,00;111,00;107,00;Geprueft
1989-01-31;110,00;111,00;109,00;Geprueft
1989-02-01;113,00;114,00;111,00;Geprueft
1989-02-02;113,00;114,00;112,00;Geprueft
1989-02-03;111,00;112,00;109,00;Geprueft
1989-02-04;107,00;109,00;104,00;Geprueft
1989-02-05;102,00;104,00;100,00;Geprueft
1989-02-06;99,00;103,00;98,00;Geprueft
1989-02-07;106,00;110,00;103,00;Geprueft
1989-02-08;112,00;113,00;110,00;Geprueft
1989-02-09;110,00;112,00;110,00;Geprueft
1989-02-10;109,00;110,00;108,00;Geprueft
1989-02-11;107,00;108,00;107,00;Geprueft
1989-02-12;109,00;109,00;108,00;Geprueft
1989-02-13;109,00;110,00;109,00;Geprueft
1989-02-14;111,00;113,00;110,00;Geprueft
1989-02-15;114,00;115,00;113,00;Geprueft
1989-02-16;112,00;113,00;109,00;Geprueft
1989-02-17;107,00;109,00;105,00;Geprueft
1989-02-18;110,00;112,00;107,00;Geprueft
1989-02-19;115,00;117,00;112,00;Geprueft
1989-02-20;121,00;127,00;117,00;Geprueft
1989-02-21;132,00;136,00;127,00;Geprueft
1989-02-22;137,00;147,00;132,00;Geprueft
1989-02-23;141,00;144,00;136,00;Geprueft
1989-02-24;132,00;138,00;122,00;Geprueft
1989-02-25;125,00;127,00;122,00;Geprueft
1989-02-26;117,00;124,00;108,00;Geprueft
1989-02-27;120,00;123,00;115,00;Geprueft
1989-02-28;120,00;122,00;114,00;Geprueft
1989-03-01;122,00;124,00;117,00;Geprueft
1989-03-02;120,00;123,00;114,00;Geprueft
1989-03-03;119,00;125,00;111,00;Geprueft
1989-03-04;116,00;122,00;110,00;Geprueft
1989-03-05;113,00;123,00;104,00;Geprueft
1989-03-06;107,00;114,00;104,00;Geprueft
1989-03-07;113,00;120,00;105,00;Geprueft
1989-03-08;117,00;121,00;113,00;Geprueft
1989-03-09;117,00;118,00;116,00;Geprueft
1989-03-10;116,00;119,00;111,00;Geprueft
1989-03-11;109,00;115,00;103,00;Geprueft
1989-03-12;104,00;106,00;102,00;Geprueft
1989-03-13;108,00;117,00;101,00;Geprueft
1989-03-14;114,00;117,00;110,00;Geprueft
1989-03-15;123,00;130,00;116,00;Geprueft
1989-03-16;117,00;126,00;111,00;Geprueft
1989-03-17;115,00;124,00;110,00;Geprueft
1989-03-18;114,00;119,00;110,00;Geprueft
1989-03-19;117,00;123,00;113,00;Geprueft
1989-03-20;116,00;126,00;108,00;Geprueft
1989-03-21;114,00;119,00;107,00;Geprueft
1989-03-22;117,00;126,00;112,00;Geprueft
1989-03-23;116,00;126,00;111,00;Geprueft
1989-03-24;112,00;117,00;110,00;Geprueft
1989-03-25;108,00;112,00;104,00;Geprueft
1989-03-26;101,00;104,00;97,00;Geprueft
1989-03-27;102,00;105,00;97,00;Geprueft
1989-03-28;111,00;118,00;103,00;Geprueft
1989-03-29;118,00;126,00;114,00;Geprueft
1989-03-30;118,00;119,00;116,00;Geprueft
1989-03-31;115,00;126,00;108,00;Geprueft
1989-04-01;113,00;116,00;111,00;Geprueft
1989-04-02;127,00;154,00;113,00;Geprueft
1989-04-03;149,00;159,00;138,00;Geprueft
1989-04-04;133,00;138,00;130,00;Geprueft
1989-04-05;124,00;130,00;118,00;Geprueft
1989-04-06;123,00;128,00;120,00;Geprueft
1989-04-07;120,00;125,00;112,00;Geprueft
1989-04-08;115,00;119,00;109,00;Geprueft
1989-04-09;110,00;115,00;103,00;Geprueft
1989-04-10;111,00;122,00;103,00;Geprueft
1989-04-11;113,00;124,00;110,00;Geprueft
1989-04-12;112,00;117,00;110,00;Geprueft
1989-04-13;112,00;117,00;109,00;Geprueft
1989-04-14;116,00;120,00;109,00;Geprueft
1989-04-15;114,00;123,00;109,00;Geprueft
1989-04-16;108,00;114,00;106,00;Geprueft
1989-04-17;109,00;114,00;107,00;Geprueft
1989-04-18;121,00;131,00;114,00;Geprueft
1989-04-19;123,00;128,00;117,00;Geprueft
1989-04-20;117,00;119,00;114,00;Geprueft
1989-04-21;118,00;127,00;115,00;Geprueft
1989-04-22;126,00;132,00;124,00;Geprueft
1989-04-23;129,00;131,00;125,00;Geprueft
1989-04-24;120,00;128,00;115,00;Geprueft
1989-04-25;115,00;125,00;109,00;Geprueft
1989-04-26;112,00;115,00;109,00;Geprueft
1989-04-27;113,00;118,00;110,00;Geprueft
1989-04-28;117,00;120,00;113,00;Geprueft
1989-04-29;117,00;119,00;115,00;Geprueft
1989-04-30;113,00;122,00;107,00;Geprueft
1989-05-01;107,00;110,00;105,00;Geprueft
1989-05-02;111,00;115,00;106,00;Geprueft
1989-05-03;113,00;115,00;107,00;Geprueft
1989-05-04;106,00;118,00;99,00;Geprueft
1989-05-05;106,00;113,00;101,00;Geprueft
1989-05-06;109,00;114,00;104,00;Geprueft
1989-05-07;106,00;109,00;104,00;Geprueft
1989-05-08;107,00;109,00;106,00;Geprueft
1989-05-09;108,00;127,00;82,00;Geprueft
1989-05-10;107,00;114,00;105,00;Geprueft
1989-05-11;110,00;115,00;108,00;Geprueft
1989-05-12;111,00;116,00;107,00;Geprueft
1989-05-13;112,00;114,00;110,00;Geprueft
1989-05-14;113,00;124,00;106,00;Geprueft
1989-05-15;119,00;124,00;112,00;Geprueft
1989-05-16;118,00;124,00;116,00;Geprueft
1989-05-17;116,00;118,00;114,00;Geprueft
1989-05-18;113,00;116,00;110,00;Geprueft
1989-05-19;111,00;115,00;108,00;Geprueft
1989-05-20;107,00;119,00;102,00;Geprueft
1989-05-21;111,00;117,00;105,00;Geprueft
1989-05-22;113,00;117,00;110,00;Geprueft
1989-05-23;112,00;114,00;111,00;Geprueft
1989-05-24;110,00;112,00;104,00;Geprueft
1989-05-25;107,00;116,00;104,00;Geprueft
1989-05-26;104,00;132,00;99,00;Geprueft
1989-05-27;103,00;106,00;101,00;Geprueft
1989-05-28;102,00;105,00;94,00;Geprueft
1989-05-29;108,00;118,00;93,00;Geprueft
1989-05-30;112,00;117,00;107,00;Geprueft
1989-05-31;108,00;112,00;105,00;Geprueft
1989-06-01;110,00;111,00;107,00;Geprueft
1989-06-02;127,00;146,00;111,00;Geprueft
1989-06-03;134,00;139,00;125,00;Geprueft
1989-06-04;123,00;132,00;113,00;Geprueft
1989-06-05;120,00;131,00;112,00;Geprueft
1989-06-06;130,00;133,00;126,00;Geprueft
1989-06-07;126,00;133,00;118,00;Geprueft
1989-06-08;116,00;122,00;112,00;Geprueft
1989-06-09;114,00;120,00;110,00;Geprueft
1989-06-10;111,00;114,00;109,00;Geprueft
1989-06-11;108,00;110,00;106,00;Geprueft
1989-06-12;109,00;112,00;107,00;Geprueft
1989-06-13;113,00;116,00;111,00;Geprueft
1989-06-14;114,00;115,00;112,00;Geprueft
1989-06-15;109,00;115,00;104,00;Geprueft
1989-06-16;108,00;109,00;106,00;Geprueft
1989-06-17;106,00;107,00;103,00;Geprueft
1989-06-18;104,00;107,00;101,00;Geprueft
1989-06-19;105,00;109,00;101,00;Geprueft
1989-06-20;111,00;114,00;107,00;Geprueft
1989-06-21;112,00;114,00;110,00;Geprueft
1989-06-22;112,00;114,00;110,00;Geprueft
1989-06-23;126,00;139,00;114,00;Geprueft
1989-06-24;135,00;139,00;121,00;Geprueft
1989-06-25;114,00;122,00;107,00;Geprueft
1989-06-26;114,00;117,00;113,00;Geprueft
1989-06-27;123,00;135,00;115,00;Geprueft
1989-06-28;125,00;133,00;113,00;Geprueft
1989-06-29;127,00;129,00;122,00;Geprueft
1989-06-30;124,00;126,00;120,00;Geprueft
1989-07-01;120,00;124,00;115,00;Geprueft
1989-07-02;117,00;120,00;115,00;Geprueft
1989-07-03;141,00;172,00;118,00;Geprueft
1989-07-04;172,00;191,00;154,00;Geprueft
1989-07-05;157,00;169,00;143,00;Geprueft
1989-07-06;144,00;153,00;138,00;Geprueft
1989-07-07;143,00;150,00;135,00;Geprueft
1989-07-08;133,00;144,00;126,00;Geprueft
1989-07-09;138,00;148,00;130,00;Geprueft
1989-07-10;138,00;142,00;134,00;Geprueft
1989-07-11;157,00;186,00;135,00;Geprueft
1989-07-12;189,00;191,00;183,00;Geprueft
1989-07-13;180,00;190,00;166,00;Geprueft
1989-07-14;165,00;167,00;162,00;Geprueft
1989-07-15;168,00;173,00;161,00;Geprueft
1989-07-16;166,00;173,00;163,00;Geprueft
1989-07-17;148,00;166,00;133,00;Geprueft
1989-07-18;139,00;145,00;131,00;Geprueft
1989-07-19;148,00;154,00;140,00;Geprueft
1989-07-20;141,00;148,00;136,00;Geprueft
1989-07-21;125,00;138,00;119,00;Geprueft
1989-07-22;120,00;128,00;114,00;Geprueft
1989-07-23;118,00;126,00;114,00;Geprueft
1989-07-24;121,00;131,00;114,00;Geprueft
1989-07-25;132,00;139,00;123,00;Geprueft
1989-07-26;141,00;148,00;138,00;Geprueft
1989-07-27;140,00;152,00;134,00;Geprueft
1989-07-28;141,00;149,00;135,00;Geprueft
1989-07-29;138,00;147,00;116,00;Geprueft
1989-07-30;118,00;133,00;110,00;Geprueft
1989-07-31;130,00;140,00;118,00;Geprueft
1989-08-01;137,00;141,00;129,00;Geprueft
1989-08-02;140,00;147,00;138,00;Geprueft
1989-08-03;149,00;161,00;137,00;Geprueft
1989-08-04;147,00;157,00;139,00;Geprueft
1989-08-05;137,00;143,00;130,00;Geprueft
1989-08-06;123,00;133,00;116,00;Geprueft
1989-08-07;127,00;148,00;115,00;Geprueft
1989-08-08;132,00;151,00;124,00;Geprueft
1989-08-09;136,00;140,00;127,00;Geprueft
1989-08-10;136,00;139,00;132,00;Geprueft
1989-08-11;133,00;141,00;127,00;Geprueft
1989-08-12;127,00;150,00;119,00;Geprueft
1989-08-13;122,00;135,00;106,00;Geprueft
1989-08-14;115,00;131,00;106,00;Geprueft
1989-08-15;124,00;131,00;115,00;Geprueft
1989-08-16;125,00;137,00;118,00;Geprueft
1989-08-17;125,00;134,00;119,00;Geprueft
1989-08-18;121,00;123,00;118,00;Geprueft
1989-08-19;119,00;122,00;117,00;Geprueft
1989-08-20;112,00;122,00;104,00;Geprueft
1989-08-21;113,00;126,00;101,00;Geprueft
1989-08-22;116,00;118,00;112,00;Geprueft
1989-08-23;117,00;124,00;115,00;Geprueft
1989-08-24;118,00;119,00;111,00;Geprueft
1989-08-25;115,00;116,00;112,00;Geprueft
1989-08-26;115,00;119,00;114,00;Geprueft
1989-08-27;109,00;116,00;103,00;Geprueft
1989-08-28;114,00;120,00;107,00;Geprueft
1989-08-29;119,00;122,00;117,00;Geprueft
1989-08-30;118,00;121,00;115,00;Geprueft
1989-08-31;118,00;119,00;117,00;Geprueft
1989-09-01;112,00;120,00;102,00;Geprueft
1989-09-02;109,00;111,00;106,00;Geprueft
1989-09-03;127,00;139,00;106,00;Geprueft
1989-09-04;160,00;184,00;139,00;Geprueft
1989-09-05;170,00;173,00;160,00;Geprueft
1989-09-06;163,00;172,00;152,00;Geprueft
1989-09-07;151,00;157,00;145,00;Geprueft
1989-09-08;138,00;148,00;133,00;Geprueft
1989-09-09;126,00;138,00;117,00;Geprueft
1989-09-10;118,00;120,00;114,00;Geprueft
1989-09-11;122,00;130,00;116,00;Geprueft
1989-09-12;130,00;137,00;119,00;Geprueft
1989-09-13;120,00;127,00;112,00;Geprueft
1989-09-14;123,00;133,00;116,00;Geprueft
1989-09-15;127,00;131,00;122,00;Geprueft
1989-09-16;123,00;128,00;117,00;Geprueft
1989-09-17;116,00;122,00;110,00;Geprueft
1989-09-18;113,00;138,00;103,00;Geprueft
1989-09-19;117,00;121,00;111,00;Geprueft
1989-09-20;114,00;117,00;113,00;Geprueft
1989-09-21;124,00;136,00;115,00;Geprueft
1989-09-22;126,00;152,00;113,00;Geprueft
1989-09-23;111,00;114,00;106,00;Geprueft
1989-09-24;118,00;126,00;111,00;Geprueft
1989-09-25;121,00;137,00;113,00;Geprueft
1989-09-26;130,00;136,00;118,00;Geprueft
1989-09-27;138,00;141,00;134,00;Geprueft
1989-09-28;149,00;175,00;140,00;Geprueft
1989-09-29;150,00;157,00;142,00;Geprueft
1989-09-30;143,00;148,00;138,00;Geprueft
1989-10-01;131,00;139,00;110,00;Geprueft
1989-10-02;122,00;144,00;111,00;Geprueft
1989-10-03;131,00;139,00;124,00;Geprueft
1989-10-04;136,00;139,00;130,00;Geprueft
1989-10-05;131,00;141,00;120,00;Geprueft
1989-10-06;124,00;128,00;116,00;Geprueft
1989-10-07;122,00;128,00;120,00;Geprueft
1989-10-08;131,00;139,00;121,00;Geprueft
1989-10-09;138,00;146,00;129,00;Geprueft
1989-10-10;146,00;153,00;142,00;Geprueft
1989-10-11;145,00;149,00;143,00;Geprueft
1989-10-12;140,00;145,00;131,00;Geprueft
1989-10-13;134,00;139,00;129,00;Geprueft
1989-10-14;125,00;132,00;114,00;Geprueft
1989-10-15;125,00;138,00;118,00;Geprueft
1989-10-16;129,00;134,00;124,00;Geprueft
1989-10-17;127,00;137,00;117,00;Geprueft
1989-10-18;127,00;133,00;120,00;Geprueft
1989-10-19;127,00;130,00;122,00;Geprueft
1989-10-20;123,00;126,00;121,00;Geprueft
1989-10-21;118,00;123,00;114,00;Geprueft
1989-10-22;113,00;118,00;108,00;Geprueft
1989-10-23;114,00;129,00;111,00;Geprueft
1989-10-24;114,00;134,00;108,00;Geprueft
1989-10-25;115,00;115,00;114,00;Geprueft
1989-10-26;111,00;114,00;105,00;Geprueft
1989-10-27;112,00;118,00;108,00;Geprueft
1989-10-28;110,00;115,00;106,00;Geprueft
1989-10-29;107,00;113,00;103,00;Geprueft
1989-10-30;107,00;119,00;105,00;Geprueft
1989-10-31;113,00;117,00;109,00;Geprueft
1989-11-01;111,00;114,00;109,00;Geprueft
1989-11-02;109,00;112,00;105,00;Geprueft
1989-11-03;111,00;117,00;106,00;Geprueft
1989-11-04;109,00;114,00;103,00;Geprueft
1989-11-05;109,00;136,00;104,00;Geprueft
1989-11-06;124,00;138,00;112,00;Geprueft
1989-11-07;141,00;160,00;123,00;Geprueft
1989-11-08;161,00;168,00;153,00;Geprueft
1989-11-09;141,00;156,00;127,00;Geprueft
1989-11-10;148,00;155,00;132,00;Geprueft
1989-11-11;143,00;155,00;113,00;Geprueft
1989-11-12;121,00;138,00;112,00;Geprueft
1989-11-13;118,00;119,00;117,00;Geprueft
1989-11-14;121,00;135,00;115,00;Geprueft
1989-11-15;125,00;140,00;112,00;Geprueft
1989-11-16;123,00;125,00;122,00;Geprueft
1989-11-17;119,00;124,00;109,00;Geprueft
1989-11-18;111,00;112,00;110,00;Geprueft
1989-11-19;110,00;112,00;107,00;Geprueft
1989-11-20;110,00;112,00;107,00;Geprueft
1989-11-21;115,00;131,00;112,00;Geprueft
1989-11-22;115,00;123,00;110,00;Geprueft
1989-11-23;112,00;113,00;111,00;Geprueft
1989-11-24;113,00;114,00;111,00;Geprueft
1989-11-25;113,00;114,00;113,00;Geprueft
1989-11-26;108,00;114,00;102,00;Geprueft
1989-11-27;106,00;110,00;103,00;Geprueft
1989-11-28;109,00;113,00;102,00;Geprueft
1989-11-29;114,00;115,00;111,00;Geprueft
1989-11-30;114,00;115,00;113,00;Geprueft
1989-12-01;113,00;114,00;109,00;Geprueft
1989-12-02;106,00;114,00;102,00;Geprueft
1989-12-03;105,00;108,00;100,00;Geprueft
1989-12-04;105,00;107,00;102,00;Geprueft
1989-12-05;108,00;126,00;102,00;Geprueft
1989-12-06;113,00;115,00;111,00;Geprueft
1989-12-07;113,00;115,00;104,00;Geprueft
1989-12-08;108,00;113,00;104,00;Geprueft
1989-12-09;106,00;107,00;102,00;Geprueft
1989-12-10;102,00;103,00;100,00;Geprueft
1989-12-11;103,00;105,00;101,00;Geprueft
1989-12-12;108,00;114,00;104,00;Geprueft
1989-12-13;113,00;114,00;110,00;Geprueft
1989-12-14;113,00;115,00;111,00;Geprueft
1989-12-15;114,00;120,00;110,00;Geprueft
1989-12-16;123,00;126,00;115,00;Geprueft
1989-12-17;121,00;126,00;117,00;Geprueft
1989-12-18;129,00;135,00;117,00;Geprueft
1989-12-19;127,00;129,00;122,00;Geprueft
1989-12-20;126,00;129,00;122,00;Geprueft
1989-12-21;122,00;127,00;117,00;Geprueft
1989-12-22;119,00;121,00;114,00;Geprueft
1989-12-23;115,00;123,00;110,00;Geprueft
1989-12-24;113,00;118,00;108,00;Geprueft
1989-12-25;119,00;124,00;114,00;Geprueft
1989-12-26;115,00;125,00;110,00;Geprueft
1989-12-27;116,00;121,00;111,00;Geprueft
1989-12-28;114,00;118,00;110,00;Geprueft
1989-12-29;110,00;111,00;109,00;Geprueft
1989-12-30;106,00;113,00;101,00;Geprueft
1989-12-31;106,00;111,00;102,00;Geprueft
1990-01-01;104,00;105,00;102,00;Geprueft
1990-01-02;106,00;111,00;102,00;Geprueft
1990-01-03;107,00;109,00;105,00;Geprueft
1990-01-04;106,00;116,00;100,00;Geprueft
1990-01-05;105,00;108,00;101,00;Geprueft
1990-01-06;104,00;106,00;103,00;Geprueft
1990-01-07;103,00;104,00;101,00;Geprueft
1990-01-08;100,00;102,00;99,00;Geprueft
1990-01-09;100,00;102,00;99,00;Geprueft
1990-01-10;101,00;105,00;98,00;Geprueft
1990-01-11;101,00;103,00;98,00;Geprueft
1990-01-12;102,00;104,00;99,00;Geprueft
1990-01-13;100,00;102,00;99,00;Geprueft
1990-01-14;99,00;101,00;96,00;Geprueft
1990-01-15;100,00;104,00;96,00;Geprueft
1990-01-16;103,00;106,00;102,00;Geprueft
1990-01-17;102,00;106,00;101,00;Geprueft
1990-01-18;101,00;102,00;101,00;Geprueft
1990-01-19;103,00;105,00;101,00;Geprueft
1990-01-20;103,00;105,00;101,00;Geprueft
1990-01-21;102,00;105,00;100,00;Geprueft
1990-01-22;98,00;101,00;94,00;Geprueft
1990-01-23;100,00;104,00;96,00;Geprueft
1990-01-24;105,00;106,00;101,00;Geprueft
1990-01-25;110,00;115,00;105,00;Geprueft
1990-01-26;114,00;118,00;113,00;Geprueft
1990-01-27;116,00;119,00;110,00;Geprueft
1990-01-28;107,00;110,00;105,00;Geprueft
1990-01-29;104,00;105,00;102,00;Geprueft
1990-01-30;106,00;109,00;104,00;Geprueft
1990-01-31;108,00;114,00;106,00;Geprueft
1990-02-01;102,00;106,00;101,00;Geprueft
1990-02-02;107,00;111,00;102,00;Geprueft
1990-02-03;105,00;109,00;98,00;Geprueft
1990-02-04;104,00;105,00;99,00;Geprueft
1990-02-05;105,00;110,00;101,00;Geprueft
1990-02-06;102,00;104,00;99,00;Geprueft
1990-02-07;101,00;102,00;100,00;Geprueft
1990-02-08;101,00;105,00;99,00;Geprueft
1990-02-09;101,00;102,00;99,00;Geprueft
1990-02-10;99,00;100,00;97,00;Geprueft
1990-02-11;100,00;102,00;99,00;Geprueft
1990-02-12;101,00;103,00;100,00;Geprueft
1990-02-13;101,00;102,00;100,00;Geprueft
1990-02-14;111,00;134,00;101,00;Geprueft
1990-02-15;181,00;271,00;134,00;Geprueft
1990-02-16;253,00;273,00;239,00;Geprueft
1990-02-17;205,00;242,00;155,00;Geprueft
1990-02-18;163,00;183,00;152,00;Geprueft
1990-02-19;154,00;173,00;140,00;Geprueft
1990-02-20;143,00;152,00;137,00;Geprueft
1990-02-21;141,00;158,00;136,00;Geprueft
1990-02-22;139,00;143,00;136,00;Geprueft
1990-02-23;132,00;139,00;129,00;Geprueft
1990-02-24;125,00;133,00;120,00;Geprueft
1990-02-25;119,00;133,00;114,00;Geprueft
1990-02-26;124,00;132,00;121,00;Geprueft
1990-02-27;128,00;135,00;121,00;Geprueft
1990-02-28;139,00;152,00;128,00;Geprueft
1990-03-01;146,00;159,00;137,00;Geprueft
1990-03-02;133,00;137,00;130,00;Geprueft
1990-03-03;124,00;134,00;115,00;Geprueft
1990-03-04;118,00;121,00;113,00;Geprueft
1990-03-05;124,00;129,00;119,00;Geprueft
1990-03-06;121,00;129,00;114,00;Geprueft
1990-03-07;119,00;128,00;115,00;Geprueft
1990-03-08;119,00;122,00;113,00;Geprueft
1990-03-09;114,00;121,00;110,00;Geprueft
1990-03-10;112,00;118,00;107,00;Geprueft
1990-03-11;111,00;112,00;110,00;Geprueft
1990-03-12;114,00;124,00;111,00;Geprueft
1990-03-13;113,00;115,00;110,00;Geprueft
1990-03-14;118,00;120,00;115,00;Geprueft
1990-03-15;118,00;120,00;116,00;Geprueft
1990-03-16;117,00;118,00;115,00;Geprueft
1990-03-17;113,00;117,00;111,00;Geprueft
1990-03-18;108,00;111,00;106,00;Geprueft
1990-03-19;107,00;108,00;104,00;Geprueft
1990-03-20;109,00;115,00;104,00;Geprueft
1990-03-21;111,00;115,00;107,00;Geprueft
1990-03-22;112,00;115,00;110,00;Geprueft
1990-03-23;117,00;122,00;113,00;Geprueft
1990-03-24;116,00;123,00;111,00;Geprueft
1990-03-25;112,00;118,00;106,00;Geprueft
1990-03-26;112,00;117,00;106,00;Geprueft
1990-03-27;116,00;118,00;113,00;Geprueft
1990-03-28;116,00;118,00;114,00;Geprueft
1990-03-29;118,00;119,00;116,00;Geprueft
1990-03-30;121,00;126,00;116,00;Geprueft
1990-03-31;117,00;119,00;114,00;Geprueft
1990-04-01;114,00;118,00;108,00;Geprueft
1990-04-02;109,00;111,00;107,00;Geprueft
1990-04-03;114,00;126,00;109,00;Geprueft
1990-04-04;126,00;134,00;122,00;Geprueft
1990-04-05;127,00;131,00;125,00;Geprueft
1990-04-06;117,00;127,00;103,00;Geprueft
1990-04-07;109,00;116,00;104,00;Geprueft
1990-04-08;121,00;125,00;116,00;Geprueft
1990-04-09;117,00;121,00;112,00;Geprueft
1990-04-10;116,00;126,00;113,00;Geprueft
1990-04-11;119,00;125,00;113,00;Geprueft
1990-04-12;119,00;121,00;118,00;Geprueft
1990-04-13;119,00;124,00;115,00;Geprueft
1990-04-14;121,00;128,00;118,00;Geprueft
1990-04-15;121,00;126,00;111,00;Geprueft
1990-04-16;124,00;128,00;122,00;Geprueft
1990-04-17;116,00;122,00;111,00;Geprueft
1990-04-18;113,00;116,00;110,00;Geprueft
1990-04-19;121,00;127,00;116,00;Geprueft
1990-04-20;127,00;144,00;121,00;Geprueft
1990-04-21;124,00;129,00;120,00;Geprueft
1990-04-22;120,00;123,00;115,00;Geprueft
1990-04-23;118,00;130,00;112,00;Geprueft
1990-04-24;125,00;133,00;117,00;Geprueft
1990-04-25;121,00;125,00;117,00;Geprueft
1990-04-26;125,00;132,00;120,00;Geprueft
1990-04-27;123,00;126,00;121,00;Geprueft
1990-04-28;129,00;138,00;123,00;Geprueft
1990-04-29;123,00;133,00;118,00;Geprueft
1990-04-30;119,00;120,00;118,00;Geprueft
1990-05-01;115,00;120,00;107,00;Geprueft
1990-05-02;109,00;112,00;106,00;Geprueft
1990-05-03;111,00;113,00;106,00;Geprueft
1990-05-04;109,00;115,00;106,00;Geprueft
1990-05-05;110,00;114,00;109,00;Geprueft
1990-05-06;109,00;110,00;109,00;Geprueft
1990-05-07;110,00;114,00;107,00;Geprueft
1990-05-08;111,00;114,00;107,00;Geprueft
1990-05-09;113,00;115,00;110,00;Geprueft
1990-05-10;111,00;115,00;108,00;Geprueft
1990-05-11;111,00;115,00;109,00;Geprueft
1990-05-12;115,00;117,00;112,00;Geprueft
1990-05-13;113,00;116,00;111,00;Geprueft
1990-05-14;112,00;115,00;111,00;Geprueft
1990-05-15;110,00;113,00;108,00;Geprueft
1990-05-16;107,00;111,00;103,00;Geprueft
1990-05-17;108,00;111,00;103,00;Geprueft
1990-05-18;110,00;110,00;107,00;Geprueft
1990-05-19;105,00;109,00;97,00;Geprueft
1990-05-20;105,00;112,00;100,00;Geprueft
1990-05-21;102,00;105,00;100,00;Geprueft
1990-05-22;109,00;120,00;103,00;Geprueft
1990-05-23;109,00;122,00;84,00;Geprueft
1990-05-24;107,00;109,00;106,00;Geprueft
1990-05-25;106,00;108,00;105,00;Geprueft
1990-05-26;121,00;131,00;108,00;Geprueft
1990-05-27;121,00;124,00;111,00;Geprueft
1990-05-28;121,00;133,00;108,00;Geprueft
1990-05-29;114,00;119,00;110,00;Geprueft
1990-05-30;112,00;115,00;107,00;Geprueft
1990-05-31;108,00;111,00;107,00;Geprueft
1990-06-01;107,00;111,00;103,00;Geprueft
1990-06-02;105,00;106,00;103,00;Geprueft
1990-06-03;106,00;110,00;105,00;Geprueft
1990-06-04;108,00;110,00;105,00;Geprueft
1990-06-05;105,00;107,00;103,00;Geprueft
1990-06-06;113,00;126,00;104,00;Geprueft
1990-06-07;127,00;131,00;123,00;Geprueft
1990-06-08;129,00;134,00;126,00;Geprueft
1990-06-09;133,00;140,00;127,00;Geprueft
1990-06-10;128,00;133,00;124,00;Geprueft
1990-06-11;143,00;157,00;125,00;Geprueft
1990-06-12;142,00;160,00;128,00;Geprueft
1990-06-13;155,00;172,00;141,00;Geprueft
1990-06-14;181,00;191,00;164,00;Geprueft
1990-06-15;162,00;170,00;156,00;Geprueft
1990-06-16;158,00;161,00;152,00;Geprueft
1990-06-17;141,00;156,00;133,00;Geprueft
1990-06-18;143,00;162,00;134,00;Geprueft
1990-06-19;139,00;153,00;131,00;Geprueft
1990-06-20;135,00;142,00;131,00;Geprueft
1990-06-21;144,00;163,00;127,00;Geprueft
1990-06-22;138,00;151,00;127,00;Geprueft
1990-06-23;132,00;138,00;127,00;Geprueft
1990-06-24;136,00;139,00;135,00;Geprueft
1990-06-25;138,00;140,00;135,00;Geprueft
1990-06-26;129,00;135,00;124,00;Geprueft
1990-06-27;126,00;128,00;125,00;Geprueft
1990-06-28;135,00;145,00;126,00;Geprueft
1990-06-29;134,00;137,00;129,00;Geprueft
1990-06-30;130,00;132,00;129,00;Geprueft
1990-07-01;141,00;157,00;126,00;Geprueft
1990-07-02;149,00;164,00;138,00;Geprueft
1990-07-03;139,00;143,00;137,00;Geprueft
1990-07-04;158,00;185,00;138,00;Geprueft
1990-07-05;190,00;200,00;180,00;Geprueft
1990-07-06;173,00;182,00;166,00;Geprueft
1990-07-07;163,00;174,00;152,00;Geprueft
1990-07-08;156,00;171,00;145,00;Geprueft
1990-07-09;203,00;226,00;170,00;Geprueft
1990-07-10;194,00;206,00;186,00;Geprueft
1990-07-11;194,00;200,00;187,00;Geprueft
1990-07-12;184,00;192,00;173,00;Geprueft
1990-07-13;164,00;178,00;157,00;Geprueft
1990-07-14;157,00;159,00;153,00;Geprueft
1990-07-15;149,00;158,00;138,00;Geprueft
1990-07-16;142,00;150,00;138,00;Geprueft
1990-07-17;145,00;151,00;136,00;Geprueft
1990-07-18;135,00;137,00;134,00;Geprueft
1990-07-19;138,00;140,00;136,00;Geprueft
1990-07-20;134,00;138,00;130,00;Geprueft
1990-07-21;123,00;130,00;119,00;Geprueft
1990-07-22;116,00;122,00;111,00;Geprueft
1990-07-23;114,00;115,00;111,00;Geprueft
1990-07-24;116,00;117,00;112,00;Geprueft
1990-07-25;117,00;119,00;116,00;Geprueft
1990-07-26;118,00;120,00;116,00;Geprueft
1990-07-27;116,00;119,00;112,00;Geprueft
1990-07-28;114,00;115,00;111,00;Geprueft
1990-07-29;109,00;111,00;104,00;Geprueft
1990-07-30;110,00;115,00;105,00;Geprueft
1990-07-31;118,00;121,00;114,00;Geprueft
1990-08-01;122,00;125,00;119,00;Geprueft
1990-08-02;126,00;127,00;125,00;Geprueft
1990-08-03;126,00;131,00;123,00;Geprueft
1990-08-04;120,00;124,00;112,00;Geprueft
1990-08-05;115,00;120,00;110,00;Geprueft
1990-08-06;116,00;128,00;112,00;Geprueft
1990-08-07;124,00;128,00;113,00;Geprueft
1990-08-08;114,00;119,00;105,00;Geprueft
1990-08-09;111,00;112,00;108,00;Geprueft
1990-08-10;111,00;117,00;103,00;Geprueft
1990-08-11;106,00;108,00;105,00;Geprueft
1990-08-12;106,00;107,00;104,00;Geprueft
1990-08-13;106,00;107,00;104,00;Geprueft
1990-08-14;106,00;108,00;103,00;Geprueft
1990-08-15;112,00;119,00;105,00;Geprueft
1990-08-16;117,00;120,00;113,00;Geprueft
1990-08-17;116,00;121,00;112,00;Geprueft
1990-08-18;118,00;121,00;115,00;Geprueft
1990-08-19;120,00;122,00;112,00;Geprueft
1990-08-20;113,00;117,00;109,00;Geprueft
1990-08-21;114,00;118,00;110,00;Geprueft
1990-08-22;107,00;117,00;98,00;Geprueft
1990-08-23;107,00;112,00;104,00;Geprueft
1990-08-24;104,00;105,00;102,00;Geprueft
1990-08-25;103,00;105,00;101,00;Geprueft
1990-08-26;109,00;118,00;102,00;Geprueft
1990-08-27;115,00;122,00;112,00;Geprueft
1990-08-28;112,00;115,00;110,00;Geprueft
1990-08-29;110,00;113,00;104,00;Geprueft
1990-08-30;110,00;111,00;107,00;Geprueft
1990-08-31;111,00;113,00;109,00;Geprueft
1990-09-01;110,00;113,00;106,00;Geprueft
1990-09-02;105,00;107,00;101,00;Geprueft
1990-09-03;109,00;115,00;105,00;Geprueft
1990-09-04;115,00;122,00;112,00;Geprueft
1990-09-05;122,00;129,00;118,00;Geprueft
1990-09-06;121,00;125,00;118,00;Geprueft
1990-09-07;118,00;119,00;116,00;Geprueft
1990-09-08;117,00;124,00;111,00;Geprueft
1990-09-09;112,00;123,00;105,00;Geprueft
1990-09-10;114,00;117,00;109,00;Geprueft
1990-09-11;117,00;126,00;112,00;Geprueft
1990-09-12;124,00;127,00;120,00;Geprueft
1990-09-13;121,00;126,00;119,00;Geprueft
1990-09-14;118,00;120,00;116,00;Geprueft
1990-09-15;118,00;120,00;114,00;Geprueft
1990-09-16;119,00;124,00;116,00;Geprueft
1990-09-17;113,00;124,00;107,00;Geprueft
1990-09-18;108,00;110,00;107,00;Geprueft
1990-09-19;109,00;112,00;106,00;Geprueft
1990-09-20;110,00;112,00;106,00;Geprueft
1990-09-21;111,00;114,00;109,00;Geprueft
1990-09-22;111,00;114,00;108,00;Geprueft
1990-09-23;121,00;131,00;113,00;Geprueft
1990-09-24;134,00;140,00;127,00;Geprueft
1990-09-25;141,00;149,00;139,00;Geprueft
1990-09-26;137,00;140,00;134,00;Geprueft
1990-09-27;129,00;134,00;126,00;Geprueft
1990-09-28;122,00;126,00;115,00;Geprueft
1990-09-29;120,00;124,00;116,00;Geprueft
1990-09-30;114,00;116,00;111,00;Geprueft
1990-10-01;112,00;117,00;109,00;Geprueft
1990-10-02;114,00;121,00;107,00;Geprueft
1990-10-03;121,00;128,00;117,00;Geprueft
1990-10-04;118,00;119,00;115,00;Geprueft
1990-10-05;126,00;133,00;119,00;Geprueft
1990-10-06;126,00;128,00;122,00;Geprueft
1990-10-07;124,00;126,00;120,00;Geprueft
1990-10-08;119,00;123,00;115,00;Geprueft
1990-10-09;125,00;129,00;122,00;Geprueft
1990-10-10;125,00;127,00;119,00;Geprueft
1990-10-11;125,00;126,00;119,00;Geprueft
1990-10-12;123,00;126,00;118,00;Geprueft
1990-10-13;121,00;126,00;117,00;Geprueft
1990-10-14;110,00;117,00;105,00;Geprueft
1990-10-15;109,00;114,00;106,00;Geprueft
1990-10-16;110,00;116,00;108,00;Geprueft
1990-10-17;113,00;114,00;111,00;Geprueft
1990-10-18;112,00;114,00;109,00;Geprueft
1990-10-19;113,00;119,00;110,00;Geprueft
1990-10-20;116,00;117,00;115,00;Geprueft
1990-10-21;112,00;117,00;106,00;Geprueft
1990-10-22;107,00;108,00;103,00;Geprueft
1990-10-23;106,00;109,00;103,00;Geprueft
1990-10-24;108,00;111,00;103,00;Geprueft
1990-10-25;108,00;119,00;103,00;Geprueft
1990-10-26;108,00;114,00;104,00;Geprueft
1990-10-27;104,00;107,00;100,00;Geprueft
1990-10-28;105,00;107,00;103,00;Geprueft
1990-10-29;107,00;111,00;105,00;Geprueft
1990-10-30;112,00;124,00;109,00;Geprueft
1990-10-31;120,00;124,00;113,00;Geprueft
1990-11-01;130,00;141,00;122,00;Geprueft
1990-11-02;135,00;140,00;123,00;Geprueft
1990-11-03;117,00;124,00;105,00;Geprueft
1990-11-04;109,00;113,00;105,00;Geprueft
1990-11-05;118,00;122,00;111,00;Geprueft
1990-11-06;121,00;131,00;116,00;Geprueft
1990-11-07;118,00;121,00;116,00;Geprueft
1990-11-08;120,00;123,00;116,00;Geprueft
1990-11-09;116,00;121,00;108,00;Geprueft
1990-11-10;107,00;111,00;99,00;Geprueft
1990-11-11;104,00;110,00;100,00;Geprueft
1990-11-12;124,00;141,00;106,00;Geprueft
1990-11-13;122,00;139,00;113,00;Geprueft
1990-11-14;117,00;120,00;115,00;Geprueft
1990-11-15;120,00;121,00;116,00;Geprueft
1990-11-16;123,00;126,00;119,00;Geprueft
1990-11-17;122,00;134,00;114,00;Geprueft
1990-11-18;119,00;126,00;113,00;Geprueft
1990-11-19;122,00;131,00;117,00;Geprueft
1990-11-20;133,00;141,00;129,00;Geprueft
1990-11-21;135,00;138,00;131,00;Geprueft
1990-11-22;129,00;137,00;121,00;Geprueft
1990-11-23;134,00;141,00;126,00;Geprueft
1990-11-24;124,00;134,00;116,00;Geprueft
1990-11-25;115,00;120,00;111,00;Geprueft
1990-11-26;116,00;119,00;111,00;Geprueft
1990-11-27;114,00;116,00;109,00;Geprueft
1990-11-28;123,00;130,00;113,00;Geprueft
1990-11-29;124,00;128,00;120,00;Geprueft
1990-11-30;120,00;124,00;116,00;Geprueft
1990-12-01;117,00;118,00;117,00;Geprueft
1990-12-02;115,00;119,00;112,00;Geprueft
1990-12-03;112,00;116,00;109,00;Geprueft
1990-12-04;112,00;114,00;108,00;Geprueft
1990-12-05;114,00;117,00;111,00;Geprueft
1990-12-06;114,00;119,00;110,00;Geprueft
1990-12-07;112,00;114,00;110,00;Geprueft
1990-12-08;110,00;113,00;108,00;Geprueft
1990-12-09;107,00;110,00;104,00;Geprueft
1990-12-10;108,00;113,00;99,00;Geprueft
1990-12-11;108,00;110,00;107,00;Geprueft
1990-12-12;110,00;114,00;107,00;Geprueft
1990-12-13;112,00;114,00;109,00;Geprueft
1990-12-14;107,00;109,00;104,00;Geprueft
1990-12-15;104,00;107,00;101,00;Geprueft
1990-12-16;104,00;109,00;100,00;Geprueft
1990-12-17;103,00;105,00;101,00;Geprueft
1990-12-18;103,00;107,00;98,00;Geprueft
1990-12-19;105,00;106,00;103,00;Geprueft
1990-12-20;105,00;107,00;103,00;Geprueft
1990-12-21;108,00;113,00;103,00;Geprueft
1990-12-22;107,00;112,00;104,00;Geprueft
1990-12-23;105,00;109,00;102,00;Geprueft
1990-12-24;110,00;117,00;104,00;Geprueft
1990-12-25;115,00;117,00;112,00;Geprueft
1990-12-26;109,00;115,00;96,00;Geprueft
1990-12-27;109,00;112,00;102,00;Geprueft
1990-12-28;113,00;128,00;111,00;Geprueft
1990-12-29;114,00;115,00;112,00;Geprueft
1990-12-30;112,00;117,00;108,00;Geprueft
1990-12-31;114,00;131,00;106,00;Geprueft
1991-01-01;131,00;138,00;124,00;Geprueft
1991-01-02;137,00;160,00;130,00;Geprueft
1991-01-03;146,00;156,00;133,00;Geprueft
1991-01-04;150,00;157,00;143,00;Geprueft
1991-01-05;145,00;154,00;138,00;Geprueft
1991-01-06;128,00;140,00;110,00;Geprueft
1991-01-07;128,00;140,00;113,00;Geprueft
1991-01-08;140,00;141,00;140,00;Geprueft
1991-01-09;139,00;141,00;131,00;Geprueft
1991-01-10;130,00;135,00;127,00;Geprueft
1991-01-11;120,00;127,00;113,00;Geprueft
1991-01-12;125,00;126,00;121,00;Geprueft
1991-01-13;121,00;126,00;116,00;Geprueft
1991-01-14;127,00;130,00;121,00;Geprueft
1991-01-15;131,00;135,00;129,00;Geprueft
1991-01-16;126,00;134,00;116,00;Geprueft
1991-01-17;119,00;123,00;114,00;Geprueft
1991-01-18;113,00;117,00;108,00;Geprueft
1991-01-19;111,00;115,00;109,00;Geprueft
1991-01-20;115,00;121,00;110,00;Geprueft
1991-01-21;114,00;118,00;111,00;Geprueft
1991-01-22;114,00;118,00;112,00;Geprueft
1991-01-23;115,00;117,00;110,00;Geprueft
1991-01-24;117,00;123,00;115,00;Geprueft
1991-01-25;114,00;116,00;110,00;Geprueft
1991-01-26;113,00;117,00;112,00;Geprueft
1991-01-27;112,00;117,00;109,00;Geprueft
1991-01-28;107,00;111,00;103,00;Geprueft
1991-01-29;107,00;109,00;105,00;Geprueft
1991-01-30;109,00;114,00;106,00;Geprueft
1991-01-31;109,00;111,00;107,00;Geprueft
1991-02-01;109,00;111,00;108,00;Geprueft
1991-02-02;107,00;110,00;104,00;Geprueft
1991-02-03;105,00;106,00;102,00;Geprueft
1991-02-04;102,00;106,00;100,00;Geprueft
1991-02-05;100,00;102,00;99,00;Geprueft
1991-02-06;101,00;104,00;99,00;Geprueft
1991-02-07;101,00;108,00;97,00;Geprueft
1991-02-08;100,00;102,00;98,00;Geprueft
1991-02-09;101,00;103,00;100,00;Geprueft
1991-02-10;102,00;105,00;101,00;Geprueft
1991-02-11;101,00;105,00;99,00;Geprueft
1991-02-12;100,00;102,00;97,00;Geprueft
1991-02-13;97,00;99,00;95,00;Geprueft
1991-02-14;99,00;105,00;96,00;Geprueft
1991-02-15;102,00;104,00;100,00;Geprueft
1991-02-16;101,00;103,00;97,00;Geprueft
1991-02-17;100,00;101,00;100,00;Geprueft
1991-02-18;100,00;101,00;99,00;Geprueft
1991-02-19;100,00;101,00;99,00;Geprueft
1991-02-20;99,00;102,00;96,00;Geprueft
1991-02-21;96,00;99,00;94,00;Geprueft
1991-02-22;97,00;99,00;96,00;Geprueft
1991-02-23;98,00;99,00;96,00;Geprueft
1991-02-24;99,00;111,00;95,00;Geprueft
1991-02-25;102,00;106,00;99,00;Geprueft
1991-02-26;103,00;108,00;100,00;Geprueft
1991-02-27;106,00;108,00;104,00;Geprueft
1991-02-28;106,00;110,00;100,00;Geprueft
1991-03-01;111,00;114,00;109,00;Geprueft
1991-03-02;106,00;111,00;100,00;Geprueft
1991-03-03;102,00;105,00;101,00;Geprueft
1991-03-04;103,00;105,00;101,00;Geprueft
1991-03-05;104,00;106,00;104,00;Geprueft
1991-03-06;105,00;122,00;96,00;Geprueft
1991-03-07;105,00;106,00;101,00;Geprueft
1991-03-08;105,00;106,00;103,00;Geprueft
1991-03-09;105,00;106,00;104,00;Geprueft
1991-03-10;106,00;109,00;106,00;Geprueft
1991-03-11;108,00;116,00;104,00;Geprueft
1991-03-12;105,00;108,00;102,00;Geprueft
1991-03-13;103,00;104,00;100,00;Geprueft
1991-03-14;102,00;105,00;98,00;Geprueft
1991-03-15;100,00;105,00;99,00;Geprueft
1991-03-16;101,00;104,00;100,00;Geprueft
1991-03-17;103,00;105,00;101,00;Geprueft
1991-03-18;102,00;106,00;97,00;Geprueft
1991-03-19;101,00;103,00;100,00;Geprueft
1991-03-20;107,00;122,00;102,00;Geprueft
1991-03-21;118,00;128,00;113,00;Geprueft
1991-03-22;115,00;122,00;111,00;Geprueft
1991-03-23;120,00;123,00;117,00;Geprueft
1991-03-24;114,00;118,00;112,00;Geprueft
1991-03-25;111,00;112,00;107,00;Geprueft
1991-03-26;109,00;110,00;107,00;Geprueft
1991-03-27;109,00;116,00;104,00;Geprueft
1991-03-28;119,00;124,00;114,00;Geprueft
1991-03-29;116,00;122,00;105,00;Geprueft
1991-03-30;107,00;111,00;105,00;Geprueft
1991-03-31;107,00;108,00;106,00;Geprueft
1991-04-01;108,00;111,00;99,00;Geprueft
1991-04-02;109,00;113,00;107,00;Geprueft
1991-04-03;108,00;109,00;107,00;Geprueft
1991-04-04;105,00;108,00;99,00;Geprueft
1991-04-05;114,00;121,00;104,00;Geprueft
1991-04-06;118,00;122,00;109,00;Geprueft
1991-04-07;120,00;125,00;118,00;Geprueft
1991-04-08;116,00;120,00;112,00;Geprueft
1991-04-09;113,00;114,00;112,00;Geprueft
1991-04-10;117,00;126,00;111,00;Geprueft
1991-04-11;114,00;122,00;110,00;Geprueft
1991-04-12;108,00;110,00;105,00;Geprueft
1991-04-13;105,00;107,00;101,00;Geprueft
1991-04-14;105,00;108,00;103,00;Geprueft
1991-04-15;105,00;140,00;90,00;Geprueft
1991-04-16;104,00;106,00;102,00;Geprueft
1991-04-17;104,00;112,00;101,00;Geprueft
1991-04-18;104,00;107,00;101,00;Geprueft
1991-04-19;103,00;104,00;101,00;Geprueft
1991-04-20;106,00;108,00;103,00;Geprueft
1991-04-21;107,00;109,00;106,00;Geprueft
1991-04-22;105,00;106,00;105,00;Geprueft
1991-04-23;106,00;109,00;105,00;Geprueft
1991-04-24;107,00;111,00;102,00;Geprueft
1991-04-25;102,00;106,00;100,00;Geprueft
1991-04-26;105,00;108,00;103,00;Geprueft
1991-04-27;105,00;107,00;105,00;Geprueft
1991-04-28;105,00;106,00;104,00;Geprueft
1991-04-29;103,00;106,00;101,00;Geprueft
1991-04-30;101,00;103,00;101,00;Geprueft
1991-05-01;103,00;105,00;102,00;Geprueft
1991-05-02;111,00;123,00;103,00;Geprueft
1991-05-03;117,00;123,00;108,00;Geprueft
1991-05-04;122,00;132,00;114,00;Geprueft
1991-05-05;125,00;132,00;123,00;Geprueft
1991-05-06;124,00;129,00;120,00;Geprueft
1991-05-07;120,00;122,00;118,00;Geprueft
1991-05-08;116,00;119,00;112,00;Geprueft
1991-05-09;113,00;116,00;112,00;Geprueft
1991-05-10;116,00;119,00;113,00;Geprueft
1991-05-11;119,00;129,00;116,00;Geprueft
1991-05-12;144,00;207,00;121,00;Geprueft
1991-05-13;223,00;244,00;204,00;Geprueft
1991-05-14;177,00;205,00;142,00;Geprueft
1991-05-15;164,00;172,00;159,00;Geprueft
1991-05-16;161,00;164,00;158,00;Geprueft
1991-05-17;155,00;161,00;140,00;Geprueft
1991-05-18;136,00;147,00;128,00;Geprueft
1991-05-19;142,00;146,00;140,00;Geprueft
1991-05-20;141,00;149,00;135,00;Geprueft
1991-05-21;136,00;140,00;133,00;Geprueft
1991-05-22;138,00;139,00;134,00;Geprueft
1991-05-23;135,00;147,00;130,00;Geprueft
1991-05-24;140,00;155,00;126,00;Geprueft
1991-05-25;127,00;138,00;117,00;Geprueft
1991-05-26;126,00;144,00;117,00;Geprueft
1991-05-27;148,00;155,00;139,00;Geprueft
1991-05-28;142,00;147,00;139,00;Geprueft
1991-05-29;146,00;152,00;140,00;Geprueft
1991-05-30;131,00;146,00;120,00;Geprueft
1991-05-31;121,00;125,00;116,00;Geprueft
1991-06-01;119,00;121,00;115,00;Geprueft
1991-06-02;113,00;115,00;112,00;Geprueft
1991-06-03;119,00;130,00;112,00;Geprueft
1991-06-04;129,00;138,00;106,00;Geprueft
1991-06-05;125,00;129,00;120,00;Geprueft
1991-06-06;127,00;130,00;124,00;Geprueft
1991-06-07;127,00;128,00;123,00;Geprueft
1991-06-08;120,00;128,00;113,00;Geprueft
1991-06-09;122,00;124,00;119,00;Geprueft
1991-06-10;122,00;139,00;115,00;Geprueft
1991-06-11;121,00;127,00;119,00;Geprueft
1991-06-12;127,00;130,00;123,00;Geprueft
1991-06-13;124,00;127,00;119,00;Geprueft
1991-06-14;121,00;133,00;113,00;Geprueft
1991-06-15;126,00;133,00;120,00;Geprueft
1991-06-16;117,00;125,00;109,00;Geprueft
1991-06-17;142,00;177,00;122,00;Geprueft
1991-06-18;207,00;246,00;174,00;Geprueft
1991-06-19;257,00;271,00;245,00;Geprueft
1991-06-20;222,00;248,00;183,00;Geprueft
1991-06-21;185,00;189,00;183,00;Geprueft
1991-06-22;180,00;188,00;175,00;Geprueft
1991-06-23;155,00;175,00;137,00;Geprueft
1991-06-24;150,00;165,00;141,00;Geprueft
1991-06-25;145,00;151,00;137,00;Geprueft
1991-06-26;144,00;176,00;134,00;Geprueft
1991-06-27;145,00;161,00;135,00;Geprueft
1991-06-28;170,00;185,00;155,00;Geprueft
1991-06-29;182,00;184,00;178,00;Geprueft
1991-06-30;168,00;183,00;156,00;Geprueft
1991-07-01;151,00;162,00;137,00;Geprueft
1991-07-02;139,00;150,00;134,00;Geprueft
1991-07-03;136,00;140,00;127,00;Geprueft
1991-07-04;134,00;141,00;126,00;Geprueft
1991-07-05;123,00;131,00;119,00;Geprueft
1991-07-06;127,00;133,00;120,00;Geprueft
1991-07-07;119,00;128,00;112,00;Geprueft
1991-07-08;118,00;123,00;111,00;Geprueft
1991-07-09;118,00;124,00;112,00;Geprueft
1991-07-10;123,00;130,00;115,00;Geprueft
1991-07-11;124,00;127,00;118,00;Geprueft
1991-07-12;121,00;124,00;116,00;Geprueft
1991-07-13;125,00;142,00;117,00;Geprueft
1991-07-14;134,00;148,00;129,00;Geprueft
1991-07-15;152,00;164,00;138,00;Geprueft
1991-07-16;143,00;158,00;133,00;Geprueft
1991-07-17;135,00;138,00;133,00;Geprueft
1991-07-18;140,00;151,00;132,00;Geprueft
1991-07-19;149,00;160,00;145,00;Geprueft
1991-07-20;141,00;149,00;139,00;Geprueft
1991-07-21;131,00;139,00;119,00;Geprueft
1991-07-22;118,00;122,00;112,00;Geprueft
1991-07-23;116,00;124,00;113,00;Geprueft
1991-07-24;116,00;124,00;114,00;Geprueft
1991-07-25;127,00;136,00;120,00;Geprueft
1991-07-26;135,00;137,00;128,00;Geprueft
1991-07-27;129,00;136,00;123,00;Geprueft
1991-07-28;126,00;131,00;121,00;Geprueft
1991-07-29;121,00;131,00;113,00;Geprueft
1991-07-30;120,00;132,00;114,00;Geprueft
1991-07-31;129,00;140,00;118,00;Geprueft
1991-08-01;149,00;198,00;118,00;Geprueft
1991-08-02;258,00;280,00;198,00;Geprueft
1991-08-03;254,00;277,00;235,00;Geprueft
1991-08-04;227,00;245,00;206,00;Geprueft
1991-08-05;188,00;206,00;169,00;Geprueft
1991-08-06;173,00;181,00;166,00;Geprueft
1991-08-07;154,00;176,00;144,00;Geprueft
1991-08-08;150,00;154,00;146,00;Geprueft
1991-08-09;150,00;154,00;147,00;Geprueft
1991-08-10;146,00;155,00;136,00;Geprueft
1991-08-11;135,00;137,00;132,00;Geprueft
1991-08-12;124,00;133,00;120,00;Geprueft
1991-08-13;121,00;124,00;118,00;Geprueft
1991-08-14;123,00;129,00;116,00;Geprueft
1991-08-15;125,00;133,00;121,00;Geprueft
1991-08-16;124,00;128,00;121,00;Geprueft
1991-08-17;121,00;122,00;120,00;Geprueft
1991-08-18;119,00;122,00;116,00;Geprueft
1991-08-19;118,00;126,00;112,00;Geprueft
1991-08-20;116,00;122,00;112,00;Geprueft
1991-08-21;116,00;118,00;113,00;Geprueft
1991-08-22;115,00;117,00;113,00;Geprueft
1991-08-23;115,00;117,00;113,00;Geprueft
1991-08-24;115,00;117,00;113,00;Geprueft
1991-08-25;115,00;117,00;113,00;Geprueft
1991-08-26;110,00;116,00;106,00;Geprueft
1991-08-27;105,00;106,00;104,00;Geprueft
1991-08-28;105,00;106,00;102,00;Geprueft
1991-08-29;106,00;113,00;96,00;Geprueft
1991-08-30;107,00;108,00;103,00;Geprueft
1991-08-31;107,00;107,00;106,00;Geprueft
1991-09-01;105,00;107,00;103,00;Geprueft
1991-09-02;102,00;105,00;100,00;Geprueft
1991-09-03;100,00;103,00;98,00;Geprueft
1991-09-04;103,00;107,00;100,00;Geprueft
1991-09-05;105,00;105,00;105,00;Geprueft
1991-09-06;103,00;106,00;101,00;Geprueft
1991-09-07;101,00;103,00;99,00;Geprueft
1991-09-08;102,00;103,00;101,00;Geprueft
1991-09-09;101,00;103,00;101,00;Geprueft
1991-09-10;102,00;103,00;101,00;Geprueft
1991-09-11;101,00;103,00;100,00;Geprueft
1991-09-12;104,00;106,00;100,00;Geprueft
1991-09-13;105,00;106,00;102,00;Geprueft
1991-09-14;102,00;104,00;101,00;Geprueft
1991-09-15;101,00;103,00;100,00;Geprueft
1991-09-16;100,00;102,00;99,00;Geprueft
1991-09-17;100,00;104,00;97,00;Geprueft
1991-09-18;102,00;105,00;99,00;Geprueft
1991-09-19;106,00;107,00;103,00;Geprueft
1991-09-20;106,00;107,00;104,00;Geprueft
1991-09-21;104,00;105,00;102,00;Geprueft
1991-09-22;103,00;105,00;100,00;Geprueft
1991-09-23;108,00;115,00;102,00;Geprueft
1991-09-24;113,00;115,00;109,00;Geprueft
1991-09-25;107,00;114,00;103,00;Geprueft
1991-09-26;102,00;106,00;99,00;Geprueft
1991-09-27;107,00;117,00;101,00;Geprueft
1991-09-28;111,00;117,00;105,00;Geprueft
1991-09-29;108,00;109,00;105,00;Geprueft
1991-09-30;107,00;109,00;104,00;Geprueft
1991-10-01;104,00;105,00;103,00;Geprueft
1991-10-02;103,00;104,00;102,00;Geprueft
1991-10-03;105,00;108,00;101,00;Geprueft
1991-10-04;102,00;107,00;99,00;Geprueft
1991-10-05;99,00;101,00;97,00;Geprueft
1991-10-06;99,00;100,00;97,00;Geprueft
1991-10-07;99,00;102,00;98,00;Geprueft
1991-10-08;100,00;101,00;97,00;Geprueft
1991-10-09;100,00;104,00;98,00;Geprueft
1991-10-10;101,00;105,00;100,00;Geprueft
1991-10-11;100,00;102,00;99,00;Geprueft
1991-10-12;99,00;101,00;98,00;Geprueft
1991-10-13;98,00;99,00;98,00;Geprueft
1991-10-14;101,00;105,00;98,00;Geprueft
1991-10-15;101,00;102,00;100,00;Geprueft
1991-10-16;100,00;101,00;98,00;Geprueft
1991-10-17;99,00;100,00;98,00;Geprueft
1991-10-18;98,00;100,00;97,00;Geprueft
1991-10-19;98,00;99,00;97,00;Geprueft
1991-10-20;99,00;100,00;97,00;Geprueft
1991-10-21;100,00;101,00;99,00;Geprueft
1991-10-22;98,00;100,00;95,00;Geprueft
1991-10-23;95,00;97,00;94,00;Geprueft
1991-10-24;96,00;98,00;95,00;Geprueft
1991-10-25;97,00;97,00;96,00;Geprueft
1991-10-26;96,00;98,00;95,00;Geprueft
1991-10-27;97,00;99,00;95,00;Geprueft
1991-10-28;96,00;97,00;96,00;Geprueft
1991-10-29;96,00;101,00;94,00;Geprueft
1991-10-30;96,00;98,00;95,00;Geprueft
1991-10-31;95,00;98,00;93,00;Geprueft
1991-11-01;96,00;100,00;93,00;Geprueft
1991-11-02;98,00;103,00;95,00;Geprueft
1991-11-03;96,00;97,00;93,00;Geprueft
1991-11-04;94,00;96,00;93,00;Geprueft
1991-11-05;95,00;96,00;94,00;Geprueft
1991-11-06;95,00;97,00;93,00;Geprueft
1991-11-07;97,00;104,00;94,00;Geprueft
1991-11-08;100,00;101,00;98,00;Geprueft
1991-11-09;102,00;109,00;99,00;Geprueft
1991-11-10;102,00;109,00;98,00;Geprueft
1991-11-11;99,00;109,00;98,00;Geprueft
1991-11-12;98,00;100,00;96,00;Geprueft
1991-11-13;98,00;100,00;96,00;Geprueft
1991-11-14;100,00;118,00;86,00;Geprueft
1991-11-15;103,00;109,00;98,00;Geprueft
1991-11-16;102,00;105,00;98,00;Geprueft
1991-11-17;105,00;112,00;98,00;Geprueft
1991-11-18;109,00;112,00;105,00;Geprueft
1991-11-19;105,00;106,00;103,00;Geprueft
1991-11-20;105,00;106,00;105,00;Geprueft
1991-11-21;107,00;111,00;105,00;Geprueft
1991-11-22;105,00;108,00;102,00;Geprueft
1991-11-23;103,00;104,00;101,00;Geprueft
1991-11-24;103,00;105,00;102,00;Geprueft
1991-11-25;102,00;103,00;101,00;Geprueft
1991-11-26;102,00;102,00;101,00;Geprueft
1991-11-27;101,00;102,00;98,00;Geprueft
1991-11-28;103,00;107,00;102,00;Geprueft
1991-11-29;103,00;105,00;101,00;Geprueft
1991-11-30;100,00;101,00;99,00;Geprueft
1991-12-01;100,00;102,00;98,00;Geprueft
1991-12-02;101,00;102,00;100,00;Geprueft
1991-12-03;101,00;103,00;100,00;Geprueft
1991-12-04;100,00;101,00;99,00;Geprueft
1991-12-05;99,00;100,00;98,00;Geprueft
1991-12-06;100,00;101,00;98,00;Geprueft
1991-12-07;98,00;101,00;97,00;Geprueft
1991-12-08;97,00;99,00;95,00;Geprueft
1991-12-09;96,00;98,00;94,00;Geprueft
1991-12-10;96,00;98,00;95,00;Geprueft
1991-12-11;97,00;97,00;97,00;Geprueft
1991-12-12;97,00;97,00;94,00;Geprueft
1991-12-13;97,00;103,00;95,00;Geprueft
1991-12-14;97,00;98,00;97,00;Geprueft
1991-12-15;97,00;98,00;96,00;Geprueft
1991-12-16;97,00;98,00;96,00;Geprueft
1991-12-17;97,00;99,00;95,00;Geprueft
1991-12-18;98,00;99,00;96,00;Geprueft
1991-12-19;100,00;104,00;97,00;Geprueft
1991-12-20;117,00;135,00;103,00;Geprueft
1991-12-21;112,00;138,00;100,00;Geprueft
1991-12-22;129,00;184,00;103,00;Geprueft
1991-12-23;190,00;210,00;155,00;Geprueft
1991-12-24;178,00;194,00;167,00;Geprueft
1991-12-25;149,00;167,00;134,00;Geprueft
1991-12-26;130,00;149,00;122,00;Geprueft
1991-12-27;126,00;128,00;123,00;Geprueft
1991-12-28;126,00;128,00;124,00;Geprueft
1991-12-29;120,00;124,00;117,00;Geprueft
1991-12-30;116,00;118,00;114,00;Geprueft
1991-12-31;112,00;117,00;108,00;Geprueft
1992-01-01;106,00;111,00;101,00;Geprueft
1992-01-02;110,00;116,00;107,00;Geprueft
1992-01-03;112,00;117,00;107,00;Geprueft
1992-01-04;106,00;107,00;105,00;Geprueft
1992-01-05;104,00;108,00;100,00;Geprueft
1992-01-06;102,00;108,00;99,00;Geprueft
1992-01-07;104,00;105,00;102,00;Geprueft
1992-01-08;104,00;106,00;104,00;Geprueft
1992-01-09;105,00;108,00;103,00;Geprueft
1992-01-10;107,00;110,00;104,00;Geprueft
1992-01-11;107,00;108,00;105,00;Geprueft
1992-01-12;105,00;107,00;103,00;Geprueft
1992-01-13;103,00;104,00;102,00;Geprueft
1992-01-14;104,00;104,00;103,00;Geprueft
1992-01-15;103,00;104,00;101,00;Geprueft
1992-01-16;103,00;105,00;102,00;Geprueft
1992-01-17;103,00;106,00;102,00;Geprueft
1992-01-18;101,00;103,00;99,00;Geprueft
1992-01-19;101,00;101,00;98,00;Geprueft
1992-01-20;101,00;105,00;98,00;Geprueft
1992-01-21;101,00;104,00;99,00;Geprueft
1992-01-22;103,00;105,00;101,00;Geprueft
1992-01-23;102,00;103,00;101,00;Geprueft
1992-01-24;101,00;103,00;99,00;Geprueft
1992-01-25;100,00;102,00;98,00;Geprueft
1992-01-26;98,00;100,00;96,00;Geprueft
1992-01-27;98,00;100,00;96,00;Geprueft
1992-01-28;97,00;97,00;96,00;Geprueft
1992-01-29;97,00;98,00;97,00;Geprueft
1992-01-30;98,00;102,00;96,00;Geprueft
1992-01-31;99,00;100,00;98,00;Geprueft
1992-02-01;99,00;100,00;98,00;Geprueft
1992-02-02;96,00;100,00;93,00;Geprueft
1992-02-03;97,00;101,00;93,00;Geprueft
1992-02-04;98,00;101,00;97,00;Geprueft
1992-02-05;102,00;105,00;98,00;Geprueft
1992-02-06;116,00;132,00;105,00;Geprueft
1992-02-07;128,00;136,00;122,00;Geprueft
1992-02-08;118,00;122,00;110,00;Geprueft
1992-02-09;105,00;111,00;100,00;Geprueft
1992-02-10;102,00;106,00;101,00;Geprueft
1992-02-11;104,00;113,00;101,00;Geprueft
1992-02-12;127,00;140,00;108,00;Geprueft
1992-02-13;139,00;173,00;124,00;Geprueft
1992-02-14;146,00;153,00;139,00;Geprueft
1992-02-15;133,00;148,00;125,00;Geprueft
1992-02-16;120,00;128,00;114,00;Geprueft
1992-02-17;123,00;127,00;117,00;Geprueft
1992-02-18;122,00;125,00;121,00;Geprueft
1992-02-19;118,00;128,00;112,00;Geprueft
1992-02-20;115,00;118,00;111,00;Geprueft
1992-02-21;115,00;118,00;112,00;Geprueft
1992-02-22;114,00;116,00;112,00;Geprueft
1992-02-23;108,00;116,00;104,00;Geprueft
1992-02-24;105,00;109,00;104,00;Geprueft
1992-02-25;109,00;115,00;105,00;Geprueft
1992-02-26;111,00;113,00;107,00;Geprueft
1992-02-27;112,00;116,00;111,00;Geprueft
1992-02-28;112,00;115,00;109,00;Geprueft
1992-02-29;106,00;110,00;104,00;Geprueft
1992-03-01;104,00;105,00;100,00;Geprueft
1992-03-02;104,00;114,00;96,00;Geprueft
1992-03-03;105,00;106,00;104,00;Geprueft
1992-03-04;109,00;115,00;106,00;Geprueft
1992-03-05;110,00;111,00;109,00;Geprueft
1992-03-06;110,00;116,00;109,00;Geprueft
1992-03-07;111,00;120,00;107,00;Geprueft
1992-03-08;102,00;107,00;98,00;Geprueft
1992-03-09;103,00;107,00;97,00;Geprueft
1992-03-10;105,00;106,00;103,00;Geprueft
1992-03-11;104,00;105,00;103,00;Geprueft
1992-03-12;103,00;104,00;103,00;Geprueft
1992-03-13;105,00;115,00;102,00;Geprueft
1992-03-14;108,00;114,00;104,00;Geprueft
1992-03-15;118,00;138,00;106,00;Geprueft
1992-03-16;147,00;161,00;138,00;Geprueft
1992-03-17;140,00;154,00;129,00;Geprueft
1992-03-18;133,00;137,00;128,00;Geprueft
1992-03-19;128,00;137,00;123,00;Geprueft
1992-03-20;136,00;145,00;126,00;Geprueft
1992-03-21;144,00;146,00;142,00;Geprueft
1992-03-22;145,00;150,00;141,00;Geprueft
1992-03-23;158,00;174,00;143,00;Geprueft
1992-03-24;190,00;208,00;172,00;Geprueft
1992-03-25;198,00;209,00;189,00;Geprueft
1992-03-26;176,00;193,00;170,00;Geprueft
1992-03-27;165,00;186,00;160,00;Geprueft
1992-03-28;159,00;162,00;155,00;Geprueft
1992-03-29;141,00;160,00;133,00;Geprueft
1992-03-30;137,00;142,00;134,00;Geprueft
1992-03-31;139,00;141,00;138,00;Geprueft
1992-04-01;144,00;158,00;138,00;Geprueft
1992-04-02;141,00;145,00;140,00;Geprueft
1992-04-03;142,00;155,00;137,00;Geprueft
1992-04-04;147,00;157,00;138,00;Geprueft
1992-04-05;144,00;153,00;133,00;Geprueft
1992-04-06;151,00;179,00;135,00;Geprueft
1992-04-07;156,00;167,00;147,00;Geprueft
1992-04-08;142,00;148,00;137,00;Geprueft
1992-04-09;142,00;145,00;139,00;Geprueft
1992-04-10;134,00;145,00;130,00;Geprueft
1992-04-11;130,00;133,00;126,00;Geprueft
1992-04-12;124,00;127,00;117,00;Geprueft
1992-04-13;123,00;130,00;117,00;Geprueft
1992-04-14;130,00;138,00;127,00;Geprueft
1992-04-15;130,00;133,00;127,00;Geprueft
1992-04-16;126,00;131,00;121,00;Geprueft
1992-04-17;131,00;135,00;122,00;Geprueft
1992-04-18;120,00;129,00;111,00;Geprueft
1992-04-19;115,00;124,00;113,00;Geprueft
1992-04-20;123,00;133,00;117,00;Geprueft
1992-04-21;132,00;137,00;126,00;Geprueft
1992-04-22;127,00;129,00;125,00;Geprueft
1992-04-23;129,00;137,00;117,00;Geprueft
1992-04-24;139,00;149,00;136,00;Geprueft
1992-04-25;137,00;137,00;136,00;Geprueft
1992-04-26;126,00;137,00;118,00;Geprueft
1992-04-27;129,00;138,00;115,00;Geprueft
1992-04-28;138,00;149,00;137,00;Geprueft
1992-04-29;158,00;176,00;136,00;Geprueft
1992-04-30;170,00;174,00;165,00;Geprueft
1992-05-01;152,00;165,00;140,00;Geprueft
1992-05-02;141,00;157,00;138,00;Geprueft
1992-05-03;140,00;152,00;133,00;Geprueft
1992-05-04;137,00;143,00;127,00;Geprueft
1992-05-05;136,00;142,00;128,00;Geprueft
1992-05-06;130,00;134,00;127,00;Geprueft
1992-05-07;131,00;132,00;129,00;Geprueft
1992-05-08;128,00;132,00;124,00;Geprueft
1992-05-09;128,00;132,00;125,00;Geprueft
1992-05-10;126,00;128,00;123,00;Geprueft
1992-05-11;128,00;134,00;121,00;Geprueft
1992-05-12;130,00;134,00;128,00;Geprueft
1992-05-13;132,00;134,00;128,00;Geprueft
1992-05-14;129,00;132,00;128,00;Geprueft
1992-05-15;128,00;129,00;125,00;Geprueft
1992-05-16;124,00;127,00;122,00;Geprueft
1992-05-17;125,00;128,00;123,00;Geprueft
1992-05-18;125,00;129,00;122,00;Geprueft
1992-05-19;128,00;132,00;126,00;Geprueft
1992-05-20;128,00;132,00;122,00;Geprueft
1992-05-21;123,00;125,00;120,00;Geprueft
1992-05-22;121,00;134,00;115,00;Geprueft
1992-05-23;117,00;122,00;112,00;Geprueft
1992-05-24;110,00;118,00;104,00;Geprueft
1992-05-25;108,00;112,00;106,00;Geprueft
1992-05-26;116,00;126,00;111,00;Geprueft
1992-05-27;112,00;136,00;94,00;Geprueft
1992-05-28;109,00;111,00;103,00;Geprueft
1992-05-29;106,00;108,00;103,00;Geprueft
1992-05-30;106,00;112,00;104,00;Geprueft
1992-05-31;107,00;109,00;101,00;Geprueft
1992-06-01;112,00;122,00;105,00;Geprueft
1992-06-02;119,00;123,00;115,00;Geprueft
1992-06-03;116,00;136,00;114,00;Geprueft
1992-06-04;126,00;135,00;117,00;Geprueft
1992-06-05;112,00;123,00;102,00;Geprueft
1992-06-06;112,00;116,00;106,00;Geprueft
1992-06-07;111,00;113,00;110,00;Geprueft
1992-06-08;107,00;110,00;103,00;Geprueft
1992-06-09;105,00;108,00;100,00;Geprueft
1992-06-10;109,00;119,00;100,00;Geprueft
1992-06-11;113,00;114,00;112,00;Geprueft
1992-06-12;113,00;115,00;112,00;Geprueft
1992-06-13;114,00;118,00;113,00;Geprueft
1992-06-14;115,00;118,00;114,00;Geprueft
1992-06-15;112,00;116,00;108,00;Geprueft
1992-06-16;110,00;112,00;108,00;Geprueft
1992-06-17;112,00;113,00;111,00;Geprueft
1992-06-18;111,00;113,00;110,00;Geprueft
1992-06-19;110,00;114,00;106,00;Geprueft
1992-06-20;106,00;110,00;104,00;Geprueft
1992-06-21;113,00;114,00;109,00;Geprueft
1992-06-22;114,00;116,00;110,00;Geprueft
1992-06-23;109,00;110,00;109,00;Geprueft
1992-06-24;110,00;111,00;109,00;Geprueft
1992-06-25;115,00;134,00;109,00;Geprueft
1992-06-26;128,00;136,00;119,00;Geprueft
1992-06-27;118,00;128,00;112,00;Geprueft
1992-06-28;110,00;112,00;105,00;Geprueft
1992-06-29;107,00;113,00;103,00;Geprueft
1992-06-30;111,00;113,00;109,00;Geprueft
1992-07-01;111,00;113,00;110,00;Geprueft
1992-07-02;109,00;116,00;107,00;Geprueft
1992-07-03;109,00;111,00;107,00;Geprueft
1992-07-04;106,00;112,00;104,00;Geprueft
1992-07-05;104,00;107,00;102,00;Geprueft
1992-07-06;108,00;112,00;105,00;Geprueft
1992-07-07;110,00;111,00;108,00;Geprueft
1992-07-08;114,00;116,00;111,00;Geprueft
1992-07-09;113,00;114,00;112,00;Geprueft
1992-07-10;110,00;112,00;109,00;Geprueft
1992-07-11;110,00;111,00;109,00;Geprueft
1992-07-12;111,00;114,00;109,00;Geprueft
1992-07-13;114,00;119,00;112,00;Geprueft
1992-07-14;111,00;112,00;110,00;Geprueft
1992-07-15;111,00;116,00;101,00;Geprueft
1992-07-16;113,00;119,00;109,00;Geprueft
1992-07-17;113,00;115,00;112,00;Geprueft
1992-07-18;111,00;113,00;109,00;Geprueft
1992-07-19;105,00;109,00;103,00;Geprueft
1992-07-20;103,00;106,00;100,00;Geprueft
1992-07-21;104,00;107,00;100,00;Geprueft
1992-07-22;110,00;123,00;107,00;Geprueft
1992-07-23;134,00;140,00;123,00;Geprueft
1992-07-24;120,00;135,00;116,00;Geprueft
1992-07-25;122,00;130,00;116,00;Geprueft
1992-07-26;115,00;120,00;107,00;Geprueft
1992-07-27;108,00;109,00;107,00;Geprueft
1992-07-28;106,00;110,00;104,00;Geprueft
1992-07-29;108,00;111,00;103,00;Geprueft
1992-07-30;106,00;107,00;104,00;Geprueft
1992-07-31;103,00;105,00;103,00;Geprueft
1992-08-01;104,00;107,00;103,00;Geprueft
1992-08-02;103,00;107,00;99,00;Geprueft
1992-08-03;105,00;111,00;104,00;Geprueft
1992-08-04;109,00;112,00;106,00;Geprueft
1992-08-05;118,00;121,00;111,00;Geprueft
1992-08-06;118,00;124,00;116,00;Geprueft
1992-08-07;116,00;119,00;107,00;Geprueft
1992-08-08;109,00;112,00;107,00;Geprueft
1992-08-09;106,00;108,00;106,00;Geprueft
1992-08-10;108,00;111,00;105,00;Geprueft
1992-08-11;109,00;110,00;108,00;Geprueft
1992-08-12;106,00;110,00;103,00;Geprueft
1992-08-13;105,00;107,00;104,00;Geprueft
1992-08-14;103,00;107,00;100,00;Geprueft
1992-08-15;104,00;106,00;102,00;Geprueft
1992-08-16;101,00;103,00;100,00;Geprueft
1992-08-17;98,00;100,00;96,00;Geprueft
1992-08-18;97,00;99,00;95,00;Geprueft
1992-08-19;101,00;104,00;97,00;Geprueft
1992-08-20;101,00;103,00;100,00;Geprueft
1992-08-21;101,00;105,00;99,00;Geprueft
1992-08-22;99,00;102,00;98,00;Geprueft
1992-08-23;103,00;105,00;100,00;Geprueft
1992-08-24;102,00;105,00;100,00;Geprueft
1992-08-25;103,00;108,00;100,00;Geprueft
1992-08-26;103,00;106,00;102,00;Geprueft
1992-08-27;103,00;106,00;102,00;Geprueft
1992-08-28;101,00;102,00;99,00;Geprueft
1992-08-29;98,00;99,00;97,00;Geprueft
1992-08-30;100,00;101,00;99,00;Geprueft
1992-08-31;98,00;99,00;96,00;Geprueft
1992-09-01;102,00;122,00;96,00;Geprueft
1992-09-02;110,00;115,00;100,00;Geprueft
1992-09-03;101,00;106,00;99,00;Geprueft
1992-09-04;100,00;109,00;96,00;Geprueft
1992-09-05;101,00;104,00;97,00;Geprueft
1992-09-06;104,00;118,00;97,00;Geprueft
1992-09-07;99,00;118,00;94,00;Geprueft
1992-09-08;100,00;102,00;97,00;Geprueft
1992-09-09;101,00;104,00;98,00;Geprueft
1992-09-10;102,00;106,00;100,00;Geprueft
1992-09-11;103,00;106,00;100,00;Geprueft
1992-09-12;101,00;102,00;100,00;Geprueft
1992-09-13;99,00;101,00;95,00;Geprueft
1992-09-14;99,00;103,00;95,00;Geprueft
1992-09-15;101,00;103,00;98,00;Geprueft
1992-09-16;103,00;108,00;100,00;Geprueft
1992-09-17;102,00;107,00;98,00;Geprueft
1992-09-18;98,00;103,00;95,00;Geprueft
1992-09-19;99,00;100,00;98,00;Geprueft
1992-09-20;99,00;103,00;96,00;Geprueft
1992-09-21;98,00;101,00;98,00;Geprueft
1992-09-22;97,00;99,00;95,00;Geprueft
1992-09-23;97,00;100,00;95,00;Geprueft
1992-09-24;99,00;101,00;97,00;Geprueft
1992-09-25;100,00;103,00;99,00;Geprueft
1992-09-26;99,00;101,00;98,00;Geprueft
1992-09-27;98,00;98,00;98,00;Geprueft
1992-09-28;98,00;98,00;96,00;Geprueft
1992-09-29;98,00;98,00;97,00;Geprueft
1992-09-30;108,00;113,00;97,00;Geprueft
1992-10-01;108,00;111,00;102,00;Geprueft
1992-10-02;103,00;105,00;101,00;Geprueft
1992-10-03;99,00;102,00;96,00;Geprueft
1992-10-04;99,00;100,00;97,00;Geprueft
1992-10-05;97,00;98,00;96,00;Geprueft
1992-10-06;99,00;100,00;97,00;Geprueft
1992-10-07;100,00;103,00;98,00;Geprueft
1992-10-08;107,00;110,00;101,00;Geprueft
1992-10-09;101,00;104,00;99,00;Geprueft
1992-10-10;100,00;100,00;99,00;Geprueft
1992-10-11;99,00;100,00;97,00;Geprueft
1992-10-12;98,00;101,00;97,00;Geprueft
1992-10-13;96,00;98,00;94,00;Geprueft
1992-10-14;94,00;96,00;94,00;Geprueft
1992-10-15;95,00;97,00;94,00;Geprueft
1992-10-16;96,00;97,00;94,00;Geprueft
1992-10-17;98,00;102,00;94,00;Geprueft
1992-10-18;98,00;99,00;97,00;Geprueft
1992-10-19;96,00;97,00;95,00;Geprueft
1992-10-20;97,00;100,00;96,00;Geprueft
1992-10-21;99,00;101,00;98,00;Geprueft
1992-10-22;107,00;119,00;98,00;Geprueft
1992-10-23;108,00;146,00;91,00;Geprueft
1992-10-24;103,00;110,00;100,00;Geprueft
1992-10-25;103,00;106,00;101,00;Geprueft
1992-10-26;110,00;116,00;102,00;Geprueft
1992-10-27;116,00;121,00;108,00;Geprueft
1992-10-28;111,00;119,00;107,00;Geprueft
1992-10-29;117,00;137,00;109,00;Geprueft
1992-10-30;123,00;128,00;118,00;Geprueft
1992-10-31;117,00;120,00;108,00;Geprueft
1992-11-01;108,00;114,00;102,00;Geprueft
1992-11-02;104,00;107,00;102,00;Geprueft
1992-11-03;104,00;107,00;103,00;Geprueft
1992-11-04;113,00;120,00;107,00;Geprueft
1992-11-05;125,00;129,00;120,00;Geprueft
1992-11-06;117,00;124,00;112,00;Geprueft
1992-11-07;111,00;115,00;105,00;Geprueft
1992-11-08;107,00;109,00;104,00;Geprueft
1992-11-09;108,00;110,00;105,00;Geprueft
1992-11-10;105,00;111,00;99,00;Geprueft
1992-11-11;107,00;111,00;99,00;Geprueft
1992-11-12;116,00;120,00;108,00;Geprueft
1992-11-13;116,00;122,00;112,00;Geprueft
1992-11-14;113,00;117,00;108,00;Geprueft
1992-11-15;114,00;116,00;111,00;Geprueft
1992-11-16;123,00;140,00;109,00;Geprueft
1992-11-17;157,00;176,00;139,00;Geprueft
1992-11-18;138,00;155,00;130,00;Geprueft
1992-11-19;134,00;139,00;131,00;Geprueft
1992-11-20;130,00;134,00;124,00;Geprueft
1992-11-21;127,00;132,00;121,00;Geprueft
1992-11-22;143,00;182,00;127,00;Geprueft
1992-11-23;201,00;219,00;180,00;Geprueft
1992-11-24;206,00;218,00;187,00;Geprueft
1992-11-25;179,00;197,00;160,00;Geprueft
1992-11-26;160,00;167,00;152,00;Geprueft
1992-11-27;160,00;173,00;149,00;Geprueft
1992-11-28;160,00;163,00;157,00;Geprueft
1992-11-29;164,00;180,00;149,00;Geprueft
1992-11-30;196,00;217,00;165,00;Geprueft
1992-12-01;203,00;218,00;176,00;Geprueft
1992-12-02;176,00;190,00;160,00;Geprueft
1992-12-03;168,00;186,00;152,00;Geprueft
1992-12-04;163,00;171,00;157,00;Geprueft
1992-12-05;166,00;173,00;161,00;Geprueft
1992-12-06;174,00;178,00;170,00;Geprueft
1992-12-07;160,00;173,00;140,00;Geprueft
1992-12-08;161,00;168,00;157,00;Geprueft
1992-12-09;161,00;168,00;155,00;Geprueft
1992-12-10;150,00;156,00;144,00;Geprueft
1992-12-11;148,00;152,00;140,00;Geprueft
1992-12-12;144,00;158,00;128,00;Geprueft
1992-12-13;159,00;169,00;146,00;Geprueft
1992-12-14;154,00;168,00;149,00;Geprueft
1992-12-15;151,00;153,00;150,00;Geprueft
1992-12-16;145,00;152,00;138,00;Geprueft
1992-12-17;138,00;153,00;130,00;Geprueft
1992-12-18;134,00;138,00;129,00;Geprueft
1992-12-19;132,00;134,00;127,00;Geprueft
1992-12-20;123,00;131,00;112,00;Geprueft
1992-12-21;115,00;123,00;112,00;Geprueft
1992-12-22;126,00;142,00;110,00;Geprueft
1992-12-23;133,00;138,00;126,00;Geprueft
1992-12-24;128,00;129,00;126,00;Geprueft
1992-12-25;123,00;128,00;120,00;Geprueft
1992-12-26;120,00;122,00;119,00;Geprueft
1992-12-27;114,00;119,00;110,00;Geprueft
1992-12-28;111,00;115,00;108,00;Geprueft
1992-12-29;112,00;113,00;111,00;Geprueft
1992-12-30;116,00;122,00;112,00;Geprueft
1992-12-31;113,00;119,00;107,00;Geprueft
1993-01-01;107,00;112,00;97,00;Geprueft
1993-01-02;105,00;108,00;103,00;Geprueft
1993-01-03;105,00;108,00;104,00;Geprueft
1993-01-04;104,00;108,00;102,00;Geprueft
1993-01-05;104,00;108,00;104,00;Geprueft
1993-01-06;103,00;105,00;101,00;Geprueft
1993-01-07;105,00;108,00;104,00;Geprueft
1993-01-08;121,00;133,00;106,00;Geprueft
1993-01-09;128,00;138,00;119,00;Geprueft
1993-01-10;116,00;121,00;111,00;Geprueft
1993-01-11;112,00;116,00;109,00;Geprueft
1993-01-12;116,00;124,00;112,00;Geprueft
1993-01-13;124,00;127,00;118,00;Geprueft
1993-01-14;126,00;132,00;120,00;Geprueft
1993-01-15;130,00;135,00;126,00;Geprueft
1993-01-16;118,00;130,00;111,00;Geprueft
1993-01-17;110,00;115,00;109,00;Geprueft
1993-01-18;108,00;110,00;106,00;Geprueft
1993-01-19;114,00;123,00;104,00;Geprueft
1993-01-20;121,00;122,00;120,00;Geprueft
1993-01-21;121,00;124,00;119,00;Geprueft
1993-01-22;119,00;121,00;117,00;Geprueft
1993-01-23;116,00;119,00;112,00;Geprueft
1993-01-24;109,00;116,00;104,00;Geprueft
1993-01-25;110,00;117,00;107,00;Geprueft
1993-01-26;113,00;118,00;108,00;Geprueft
1993-01-27;112,00;114,00;109,00;Geprueft
1993-01-28;112,00;114,00;105,00;Geprueft
1993-01-29;111,00;112,00;110,00;Geprueft
1993-01-30;121,00;125,00;110,00;Geprueft
1993-01-31;122,00;126,00;118,00;Geprueft
1993-02-01;115,00;118,00;111,00;Geprueft
1993-02-02;116,00;121,00;114,00;Geprueft
1993-02-03;114,00;118,00;109,00;Geprueft
1993-02-04;113,00;119,00;109,00;Geprueft
1993-02-05;114,00;119,00;110,00;Geprueft
1993-02-06;114,00;119,00;111,00;Geprueft
1993-02-07;109,00;113,00;104,00;Geprueft
1993-02-08;105,00;106,00;103,00;Geprueft
1993-02-09;110,00;113,00;106,00;Geprueft
1993-02-10;112,00;113,00;109,00;Geprueft
1993-02-11;109,00;109,00;108,00;Geprueft
1993-02-12;109,00;110,00;108,00;Geprueft
1993-02-13;107,00;112,00;99,00;Geprueft
1993-02-14;103,00;105,00;101,00;Geprueft
1993-02-15;104,00;106,00;103,00;Geprueft
1993-02-16;103,00;105,00;102,00;Geprueft
1993-02-17;107,00;111,00;103,00;Geprueft
1993-02-18;112,00;115,00;109,00;Geprueft
1993-02-19;114,00;121,00;112,00;Geprueft
1993-02-20;113,00;116,00;107,00;Geprueft
1993-02-21;105,00;108,00;103,00;Geprueft
1993-02-22;105,00;106,00;103,00;Geprueft
1993-02-23;104,00;105,00;102,00;Geprueft
1993-02-24;104,00;108,00;101,00;Geprueft
1993-02-25;108,00;113,00;101,00;Geprueft
1993-02-26;108,00;111,00;106,00;Geprueft
1993-02-27;105,00;106,00;103,00;Geprueft
1993-02-28;103,00;106,00;100,00;Geprueft
1993-03-01;101,00;106,00;98,00;Geprueft
1993-03-02;104,00;107,00;100,00;Geprueft
1993-03-03;105,00;106,00;103,00;Geprueft
1993-03-04;103,00;105,00;101,00;Geprueft
1993-03-05;102,00;103,00;100,00;Geprueft
1993-03-06;102,00;104,00;99,00;Geprueft
1993-03-07;100,00;101,00;98,00;Geprueft
1993-03-08;100,00;101,00;99,00;Geprueft
1993-03-09;99,00;101,00;98,00;Geprueft
1993-03-10;99,00;99,00;98,00;Geprueft
1993-03-11;100,00;100,00;99,00;Geprueft
1993-03-12;101,00;103,00;99,00;Geprueft
1993-03-13;102,00;103,00;101,00;Geprueft
1993-03-14;102,00;104,00;101,00;Geprueft
1993-03-15;105,00;107,00;102,00;Geprueft
1993-03-16;110,00;115,00;105,00;Geprueft
1993-03-17;123,00;136,00;111,00;Geprueft
1993-03-18;138,00;147,00;135,00;Geprueft
1993-03-19;140,00;146,00;136,00;Geprueft
1993-03-20;131,00;144,00;124,00;Geprueft
1993-03-21;122,00;126,00;120,00;Geprueft
1993-03-22;118,00;121,00;115,00;Geprueft
1993-03-23;119,00;122,00;115,00;Geprueft
1993-03-24;128,00;132,00;119,00;Geprueft
1993-03-25;133,00;136,00;127,00;Geprueft
1993-03-26;122,00;127,00;116,00;Geprueft
1993-03-27;114,00;116,00;112,00;Geprueft
1993-03-28;109,00;112,00;107,00;Geprueft
1993-03-29;111,00;113,00;109,00;Geprueft
1993-03-30;113,00;116,00;110,00;Geprueft
1993-03-31;118,00;122,00;115,00;Geprueft
1993-04-01;116,00;121,00;111,00;Geprueft
1993-04-02;116,00;120,00;113,00;Geprueft
1993-04-03;115,00;117,00;113,00;Geprueft
1993-04-04;118,00;120,00;116,00;Geprueft
1993-04-05;113,00;119,00;110,00;Geprueft
1993-04-06;118,00;122,00;113,00;Geprueft
1993-04-07;119,00;131,00;115,00;Geprueft
1993-04-08;133,00;136,00;125,00;Geprueft
1993-04-09;132,00;135,00;127,00;Geprueft
1993-04-10;123,00;127,00;117,00;Geprueft
1993-04-11;129,00;135,00;119,00;Geprueft
1993-04-12;135,00;136,00;132,00;Geprueft
1993-04-13;135,00;136,00;134,00;Geprueft
1993-04-14;136,00;146,00;135,00;Geprueft
1993-04-15;134,00;141,00;129,00;Geprueft
1993-04-16;131,00;135,00;123,00;Geprueft
1993-04-17;124,00;126,00;122,00;Geprueft
1993-04-18;128,00;140,00;124,00;Geprueft
1993-04-19;139,00;152,00;124,00;Geprueft
1993-04-20;128,00;133,00;119,00;Geprueft
1993-04-21;135,00;137,00;130,00;Geprueft
1993-04-22;133,00;137,00;129,00;Geprueft
1993-04-23;130,00;132,00;129,00;Geprueft
1993-04-24;131,00;134,00;129,00;Geprueft
1993-04-25;132,00;134,00;129,00;Geprueft
1993-04-26;125,00;133,00;119,00;Geprueft
1993-04-27;120,00;121,00;120,00;Geprueft
1993-04-28;122,00;124,00;121,00;Geprueft
1993-04-29;127,00;130,00;124,00;Geprueft
1993-04-30;127,00;130,00;123,00;Geprueft
1993-05-01;120,00;127,00;114,00;Geprueft
1993-05-02;110,00;114,00;109,00;Geprueft
1993-05-03;112,00;115,00;109,00;Geprueft
1993-05-04;124,00;134,00;111,00;Geprueft
1993-05-05;114,00;129,00;101,00;Geprueft
1993-05-06;112,00;124,00;102,00;Geprueft
1993-05-07;112,00;121,00;106,00;Geprueft
1993-05-08;112,00;115,00;110,00;Geprueft
1993-05-09;109,00;115,00;102,00;Geprueft
1993-05-10;115,00;120,00;107,00;Geprueft
1993-05-11;113,00;120,00;104,00;Geprueft
1993-05-12;111,00;124,00;100,00;Geprueft
1993-05-13;110,00;136,00;98,00;Geprueft
1993-05-14;111,00;120,00;104,00;Geprueft
1993-05-15;116,00;120,00;110,00;Geprueft
1993-05-16;111,00;117,00;107,00;Geprueft
1993-05-17;115,00;120,00;108,00;Geprueft
1993-05-18;114,00;121,00;108,00;Geprueft
1993-05-19;111,00;114,00;105,00;Geprueft
1993-05-20;104,00;108,00;102,00;Geprueft
1993-05-21;107,00;109,00;105,00;Geprueft
1993-05-22;110,00;112,00;107,00;Geprueft
1993-05-23;106,00;112,00;101,00;Geprueft
1993-05-24;103,00;129,00;94,00;Geprueft
1993-05-25;106,00;131,00;94,00;Geprueft
1993-05-26;107,00;111,00;103,00;Geprueft
1993-05-27;109,00;118,00;101,00;Geprueft
1993-05-28;110,00;113,00;108,00;Geprueft
1993-05-29;107,00;112,00;101,00;Geprueft
1993-05-30;101,00;103,00;96,00;Geprueft
1993-05-31;104,00;108,00;99,00;Geprueft
1993-06-01;109,00;110,00;108,00;Geprueft
1993-06-02;108,00;110,00;104,00;Geprueft
1993-06-03;116,00;131,00;106,00;Geprueft
1993-06-04;120,00;124,00;112,00;Geprueft
1993-06-05;117,00;131,00;111,00;Geprueft
1993-06-06;108,00;111,00;105,00;Geprueft
1993-06-07;106,00;116,00;94,00;Geprueft
1993-06-08;107,00;112,00;105,00;Geprueft
1993-06-09;111,00;122,00;105,00;Geprueft
1993-06-10;103,00;108,00;100,00;Geprueft
1993-06-11;107,00;118,00;103,00;Geprueft
1993-06-12;118,00;126,00;114,00;Geprueft
1993-06-13;109,00;122,00;101,00;Geprueft
1993-06-14;104,00;107,00;103,00;Geprueft
1993-06-15;106,00;111,00;104,00;Geprueft
1993-06-16;109,00;111,00;106,00;Geprueft
1993-06-17;115,00;117,00;111,00;Geprueft
1993-06-18;130,00;138,00;114,00;Geprueft
1993-06-19;127,00;138,00;118,00;Geprueft
1993-06-20;112,00;120,00;107,00;Geprueft
1993-06-21;109,00;113,00;107,00;Geprueft
1993-06-22;112,00;122,00;110,00;Geprueft
1993-06-23;120,00;130,00;114,00;Geprueft
1993-06-24;135,00;137,00;127,00;Geprueft
1993-06-25;138,00;138,00;137,00;Geprueft
1993-06-26;136,00;138,00;129,00;Geprueft
1993-06-27;129,00;138,00;124,00;Geprueft
1993-06-28;132,00;138,00;123,00;Geprueft
1993-06-29;130,00;134,00;129,00;Geprueft
1993-06-30;121,00;130,00;114,00;Geprueft
1993-07-01;114,00;116,00;112,00;Geprueft
1993-07-02;114,00;118,00;111,00;Geprueft
1993-07-03;111,00;116,00;106,00;Geprueft
1993-07-04;109,00;115,00;104,00;Geprueft
1993-07-05;109,00;117,00;105,00;Geprueft
1993-07-06;126,00;138,00;109,00;Geprueft
1993-07-07;139,00;140,00;138,00;Geprueft
1993-07-08;139,00;149,00;132,00;Geprueft
1993-07-09;132,00;137,00;129,00;Geprueft
1993-07-10;123,00;132,00;116,00;Geprueft
1993-07-11;141,00;174,00;125,00;Geprueft
1993-07-12;181,00;201,00;166,00;Geprueft
1993-07-13;189,00;201,00;181,00;Geprueft
1993-07-14;163,00;184,00;149,00;Geprueft
1993-07-15;164,00;182,00;148,00;Geprueft
1993-07-16;190,00;223,00;160,00;Geprueft
1993-07-17;202,00;226,00;173,00;Geprueft
1993-07-18;214,00;243,00;181,00;Geprueft
1993-07-19;248,00;255,00;236,00;Geprueft
1993-07-20;257,00;271,00;239,00;Geprueft
1993-07-21;256,00;270,00;221,00;Geprueft
1993-07-22;225,00;240,00;217,00;Geprueft
1993-07-23;209,00;220,00;196,00;Geprueft
1993-07-24;200,00;206,00;188,00;Geprueft
1993-07-25;180,00;193,00;171,00;Geprueft
1993-07-26;172,00;174,00;171,00;Geprueft
1993-07-27;170,00;190,00;154,00;Geprueft
1993-07-28;173,00;187,00;160,00;Geprueft
1993-07-29;209,00;224,00;181,00;Geprueft
1993-07-30;217,00;226,00;201,00;Geprueft
1993-07-31;194,00;210,00;182,00;Geprueft
1993-08-01;192,00;196,00;182,00;Geprueft
1993-08-02;177,00;193,00;165,00;Geprueft
1993-08-03;163,00;172,00;153,00;Geprueft
1993-08-04;157,00;167,00;146,00;Geprueft
1993-08-05;154,00;161,00;149,00;Geprueft
1993-08-06;164,00;171,00;159,00;Geprueft
1993-08-07;161,00;167,00;151,00;Geprueft
1993-08-08;145,00;155,00;132,00;Geprueft
1993-08-09;137,00;143,00;136,00;Geprueft
1993-08-10;148,00;162,00;138,00;Geprueft
1993-08-11;163,00;171,00;155,00;Geprueft
1993-08-12;161,00;166,00;154,00;Geprueft
1993-08-13;152,00;158,00;148,00;Geprueft
1993-08-14;140,00;150,00;131,00;Geprueft
1993-08-15;134,00;136,00;127,00;Geprueft
1993-08-16;134,00;136,00;128,00;Geprueft
1993-08-17;136,00;136,00;135,00;Geprueft
1993-08-18;137,00;141,00;135,00;Geprueft
1993-08-19;137,00;142,00;133,00;Geprueft
1993-08-20;131,00;133,00;130,00;Geprueft
1993-08-21;127,00;130,00;118,00;Geprueft
1993-08-22;115,00;118,00;109,00;Geprueft
1993-08-23;123,00;134,00;111,00;Geprueft
1993-08-24;136,00;155,00;129,00;Geprueft
1993-08-25;174,00;187,00;151,00;Geprueft
1993-08-26;175,00;184,00;167,00;Geprueft
1993-08-27;164,00;170,00;160,00;Geprueft
1993-08-28;160,00;169,00;152,00;Geprueft
1993-08-29;185,00;197,00;165,00;Geprueft
1993-08-30;189,00;198,00;179,00;Geprueft
1993-08-31;181,00;186,00;178,00;Geprueft
1993-09-01;186,00;200,00;176,00;Geprueft
1993-09-02;185,00;187,00;175,00;Geprueft
1993-09-03;167,00;177,00;162,00;Geprueft
1993-09-04;165,00;180,00;160,00;Geprueft
1993-09-05;183,00;186,00;180,00;Geprueft
1993-09-06;191,00;201,00;184,00;Geprueft
1993-09-07;187,00;193,00;164,00;Geprueft
1993-09-08;168,00;176,00;164,00;Geprueft
1993-09-09;158,00;164,00;152,00;Geprueft
1993-09-10;164,00;172,00;158,00;Geprueft
1993-09-11;160,00;163,00;150,00;Geprueft
1993-09-12;153,00;157,00;147,00;Geprueft
1993-09-13;154,00;155,00;149,00;Geprueft
1993-09-14;146,00;150,00;144,00;Geprueft
1993-09-15;153,00;156,00;150,00;Geprueft
1993-09-16;153,00;153,00;149,00;Geprueft
1993-09-17;150,00;151,00;149,00;Geprueft
1993-09-18;142,00;151,00;130,00;Geprueft
1993-09-19;127,00;135,00;118,00;Geprueft
1993-09-20;125,00;132,00;120,00;Geprueft
1993-09-21;129,00;130,00;128,00;Geprueft
1993-09-22;127,00;129,00;122,00;Geprueft
1993-09-23;126,00;127,00;125,00;Geprueft
1993-09-24;125,00;126,00;123,00;Geprueft
1993-09-25;122,00;151,00;97,00;Geprueft
1993-09-26;117,00;122,00;113,00;Geprueft
1993-09-27;118,00;142,00;104,00;Geprueft
1993-09-28;119,00;124,00;111,00;Geprueft
1993-09-29;124,00;125,00;122,00;Geprueft
1993-09-30;120,00;122,00;117,00;Geprueft
1993-10-01;114,00;118,00;109,00;Geprueft
1993-10-02;114,00;120,00;109,00;Geprueft
1993-10-03;123,00;131,00;117,00;Geprueft
1993-10-04;115,00;124,00;108,00;Geprueft
1993-10-05;115,00;117,00;114,00;Geprueft
1993-10-06;117,00;119,00;114,00;Geprueft
1993-10-07;117,00;118,00;115,00;Geprueft
1993-10-08;115,00;118,00;112,00;Geprueft
1993-10-09;109,00;112,00;108,00;Geprueft
1993-10-10;108,00;113,00;104,00;Geprueft
1993-10-11;109,00;114,00;103,00;Geprueft
1993-10-12;113,00;115,00;109,00;Geprueft
1993-10-13;114,00;117,00;111,00;Geprueft
1993-10-14;121,00;126,00;117,00;Geprueft
1993-10-15;116,00;121,00;113,00;Geprueft
1993-10-16;107,00;113,00;103,00;Geprueft
1993-10-17;106,00;112,00;100,00;Geprueft
1993-10-18;107,00;111,00;104,00;Geprueft
1993-10-19;112,00;125,00;111,00;Geprueft
1993-10-20;111,00;111,00;111,00;Geprueft
1993-10-21;111,00;111,00;111,00;Geprueft
1993-10-22;114,00;125,00;111,00;Geprueft
1993-10-23;119,00;136,00;114,00;Geprueft
1993-10-24;156,00;196,00;124,00;Geprueft
1993-10-25;193,00;215,00;181,00;Geprueft
1993-10-26;156,00;181,00;135,00;Geprueft
1993-10-27;136,00;141,00;126,00;Geprueft
1993-10-28;134,00;140,00;127,00;Geprueft
1993-10-29;126,00;128,00;125,00;Geprueft
1993-10-30;127,00;129,00;119,00;Geprueft
1993-10-31;118,00;124,00;112,00;Geprueft
1993-11-01;114,00;119,00;105,00;Geprueft
1993-11-02;120,00;134,00;110,00;Geprueft
1993-11-03;124,00;131,00;115,00;Geprueft
1993-11-04;122,00;130,00;119,00;Geprueft
1993-11-05;119,00;125,00;113,00;Geprueft
1993-11-06;117,00;125,00;115,00;Geprueft
1993-11-07;112,00;116,00;111,00;Geprueft
1993-11-08;112,00;120,00;109,00;Geprueft
1993-11-09;114,00;128,00;110,00;Geprueft
1993-11-10;114,00;117,00;111,00;Geprueft
1993-11-11;113,00;115,00;111,00;Geprueft
1993-11-12;111,00;114,00;110,00;Geprueft
1993-11-13;110,00;111,00;110,00;Geprueft
1993-11-14;108,00;111,00;105,00;Geprueft
1993-11-15;106,00;106,00;105,00;Geprueft
1993-11-16;110,00;117,00;106,00;Geprueft
1993-11-17;115,00;124,00;111,00;Geprueft
1993-11-18;112,00;115,00;111,00;Geprueft
1993-11-19;109,00;118,00;104,00;Geprueft
1993-11-20;109,00;111,00;107,00;Geprueft
1993-11-21;106,00;112,00;102,00;Geprueft
1993-11-22;104,00;107,00;102,00;Geprueft
1993-11-23;106,00;107,00;105,00;Geprueft
1993-11-24;110,00;112,00;105,00;Geprueft
1993-11-25;111,00;117,00;104,00;Geprueft
1993-11-26;110,00;112,00;105,00;Geprueft
1993-11-27;107,00;107,00;106,00;Geprueft
1993-11-28;107,00;107,00;107,00;Geprueft
1993-11-29;105,00;107,00;102,00;Geprueft
1993-11-30;103,00;104,00;102,00;Geprueft
1993-12-01;107,00;112,00;101,00;Geprueft
1993-12-02;110,00;112,00;109,00;Geprueft
1993-12-03;110,00;111,00;108,00;Geprueft
1993-12-04;106,00;108,00;103,00;Geprueft
1993-12-05;101,00;103,00;100,00;Geprueft
1993-12-06;103,00;106,00;100,00;Geprueft
1993-12-07;107,00;110,00;104,00;Geprueft
1993-12-08;110,00;114,00;108,00;Geprueft
1993-12-09;131,00;148,00;110,00;Geprueft
1993-12-10;123,00;144,00;114,00;Geprueft
1993-12-11;117,00;129,00;110,00;Geprueft
1993-12-12;114,00;118,00;112,00;Geprueft
1993-12-13;121,00;147,00;112,00;Geprueft
1993-12-14;123,00;137,00;109,00;Geprueft
1993-12-15;117,00;118,00;114,00;Geprueft
1993-12-16;117,00;118,00;117,00;Geprueft
1993-12-17;115,00;128,00;109,00;Geprueft
1993-12-18;137,00;147,00;114,00;Geprueft
1993-12-19;123,00;144,00;112,00;Geprueft
1993-12-20;140,00;178,00;117,00;Geprueft
1993-12-21;164,00;186,00;141,00;Geprueft
1993-12-22;151,00;154,00;145,00;Geprueft
1993-12-23;136,00;146,00;122,00;Geprueft
1993-12-24;125,00;129,00;117,00;Geprueft
1993-12-25;120,00;125,00;116,00;Geprueft
1993-12-26;119,00;122,00;116,00;Geprueft
1993-12-27;116,00;117,00;116,00;Geprueft
1993-12-28;116,00;117,00;113,00;Geprueft
1993-12-29;113,00;115,00;109,00;Geprueft
1993-12-30;112,00;114,00;109,00;Geprueft
1993-12-31;117,00;118,00;114,00;Geprueft
1994-01-01;122,00;130,00;117,00;Geprueft
1994-01-02;130,00;132,00;124,00;Geprueft
1994-01-03;124,00;126,00;123,00;Geprueft
1994-01-04;130,00;136,00;125,00;Geprueft
1994-01-05;135,00;138,00;129,00;Geprueft
1994-01-06;121,00;129,00;116,00;Geprueft
1994-01-07;123,00;131,00;111,00;Geprueft
1994-01-08;119,00;127,00;114,00;Geprueft
1994-01-09;117,00;117,00;117,00;Geprueft
1994-01-10;115,00;124,00;112,00;Geprueft
1994-01-11;115,00;124,00;112,00;Geprueft
1994-01-12;117,00;118,00;116,00;Geprueft
1994-01-13;115,00;118,00;113,00;Geprueft
1994-01-14;114,00;115,00;113,00;Geprueft
1994-01-15;118,00;120,00;115,00;Geprueft
1994-01-16;121,00;124,00;115,00;Geprueft
1994-01-17;116,00;119,00;109,00;Geprueft
1994-01-18;116,00;116,00;115,00;Geprueft
1994-01-19;115,00;119,00;112,00;Geprueft
1994-01-20;118,00;122,00;117,00;Geprueft
1994-01-21;117,00;122,00;112,00;Geprueft
1994-01-22;113,00;118,00;112,00;Geprueft
1994-01-23;109,00;114,00;105,00;Geprueft
1994-01-24;107,00;110,00;104,00;Geprueft
1994-01-25;125,00;146,00;108,00;Geprueft
1994-01-26;136,00;139,00;134,00;Geprueft
1994-01-27;137,00;140,00;130,00;Geprueft
1994-01-28;133,00;151,00;131,00;Geprueft
1994-01-29;129,00;200,00;110,00;Geprueft
1994-01-30;119,00;124,00;115,00;Geprueft
1994-01-31;119,00;126,00;115,00;Geprueft
1994-02-01;127,00;134,00;119,00;Geprueft
1994-02-02;122,00;126,00;118,00;Geprueft
1994-02-03;124,00;129,00;118,00;Geprueft
1994-02-04;128,00;136,00;120,00;Geprueft
1994-02-05;119,00;128,00;111,00;Geprueft
1994-02-06;116,00;127,00;112,00;Geprueft
1994-02-07;115,00;119,00;112,00;Geprueft
1994-02-08;121,00;136,00;111,00;Geprueft
1994-02-09;120,00;131,00;114,00;Geprueft
1994-02-10;118,00;123,00;116,00;Geprueft
1994-02-11;119,00;123,00;117,00;Geprueft
1994-02-12;117,00;122,00;107,00;Geprueft
1994-02-13;112,00;116,00;108,00;Geprueft
1994-02-14;113,00;114,00;112,00;Geprueft
1994-02-15;115,00;118,00;111,00;Geprueft
1994-02-16;113,00;117,00;111,00;Geprueft
1994-02-17;110,00;111,00;107,00;Geprueft
1994-02-18;109,00;111,00;108,00;Geprueft
1994-02-19;108,00;109,00;105,00;Geprueft
1994-02-20;107,00;110,00;106,00;Geprueft
1994-02-21;107,00;114,00;102,00;Geprueft
1994-02-22;111,00;113,00;107,00;Geprueft
1994-02-23;109,00;113,00;106,00;Geprueft
1994-02-24;107,00;112,00;106,00;Geprueft
1994-02-25;109,00;109,00;109,00;Geprueft
1994-02-26;112,00;114,00;109,00;Geprueft
1994-02-27;107,00;114,00;102,00;Geprueft
1994-02-28;105,00;109,00;102,00;Geprueft
1994-03-01;107,00;110,00;106,00;Geprueft
1994-03-02;120,00;148,00;107,00;Geprueft
1994-03-03;126,00;133,00;108,00;Geprueft
1994-03-04;125,00;130,00;121,00;Geprueft
1994-03-05;125,00;130,00;119,00;Geprueft
1994-03-06;116,00;119,00;114,00;Geprueft
1994-03-07;114,00;116,00;111,00;Geprueft
1994-03-08;114,00;115,00;111,00;Geprueft
1994-03-09;119,00;123,00;115,00;Geprueft
1994-03-10;121,00;122,00;119,00;Geprueft
1994-03-11;120,00;123,00;114,00;Geprueft
1994-03-12;117,00;120,00;111,00;Geprueft
1994-03-13;113,00;115,00;111,00;Geprueft
1994-03-14;114,00;115,00;108,00;Geprueft
1994-03-15;112,00;129,00;102,00;Geprueft
1994-03-16;116,00;119,00;114,00;Geprueft
1994-03-17;118,00;123,00;113,00;Geprueft
1994-03-18;116,00;121,00;111,00;Geprueft
1994-03-19;111,00;116,00;108,00;Geprueft
1994-03-20;115,00;120,00;114,00;Geprueft
1994-03-21;122,00;136,00;114,00;Geprueft
1994-03-22;136,00;146,00;128,00;Geprueft
1994-03-23;130,00;133,00;127,00;Geprueft
1994-03-24;128,00;135,00;125,00;Geprueft
1994-03-25;127,00;130,00;123,00;Geprueft
1994-03-26;127,00;134,00;118,00;Geprueft
1994-03-27;134,00;145,00;127,00;Geprueft
1994-03-28;131,00;133,00;127,00;Geprueft
1994-03-29;131,00;135,00;128,00;Geprueft
1994-03-30;130,00;131,00;130,00;Geprueft
1994-03-31;128,00;132,00;118,00;Geprueft
1994-04-01;123,00;131,00;119,00;Geprueft
1994-04-02;122,00;127,00;118,00;Geprueft
1994-04-03;127,00;132,00;123,00;Geprueft
1994-04-04;114,00;125,00;108,00;Geprueft
1994-04-05;121,00;127,00;112,00;Geprueft
1994-04-06;118,00;124,00;114,00;Geprueft
1994-04-07;110,00;114,00;104,00;Geprueft
1994-04-08;109,00;114,00;105,00;Geprueft
1994-04-09;113,00;115,00;110,00;Geprueft
1994-04-10;113,00;115,00;112,00;Geprueft
1994-04-11;115,00;116,00;114,00;Geprueft
1994-04-12;115,00;117,00;113,00;Geprueft
1994-04-13;172,00;266,00;117,00;Geprueft
1994-04-14;274,00;297,00;237,00;Geprueft
1994-04-15;250,00;263,00;235,00;Geprueft
1994-04-16;201,00;238,00;176,00;Geprueft
1994-04-17;170,00;182,00;163,00;Geprueft
1994-04-18;175,00;184,00;165,00;Geprueft
1994-04-19;171,00;185,00;165,00;Geprueft
1994-04-20;162,00;165,00;151,00;Geprueft
1994-04-21;147,00;162,00;143,00;Geprueft
1994-04-22;150,00;155,00;143,00;Geprueft
1994-04-23;150,00;154,00;144,00;Geprueft
1994-04-24;150,00;154,00;146,00;Geprueft
1994-04-25;145,00;149,00;140,00;Geprueft
1994-04-26;146,00;155,00;143,00;Geprueft
1994-04-27;154,00;160,00;139,00;Geprueft
1994-04-28;143,00;149,00;135,00;Geprueft
1994-04-29;135,00;148,00;128,00;Geprueft
1994-04-30;130,00;130,00;129,00;Geprueft
1994-05-01;128,00;130,00;126,00;Geprueft
1994-05-02;130,00;136,00;126,00;Geprueft
1994-05-03;130,00;131,00;130,00;Geprueft
1994-05-04;129,00;133,00;128,00;Geprueft
1994-05-05;136,00;159,00;129,00;Geprueft
1994-05-06;144,00;158,00;133,00;Geprueft
1994-05-07;134,00;136,00;130,00;Geprueft
1994-05-08;128,00;130,00;127,00;Geprueft
1994-05-09;124,00;128,00;123,00;Geprueft
1994-05-10;126,00;131,00;123,00;Geprueft
1994-05-11;129,00;130,00;127,00;Geprueft
1994-05-12;126,00;127,00;124,00;Geprueft
1994-05-13;121,00;124,00;116,00;Geprueft
1994-05-14;120,00;125,00;118,00;Geprueft
1994-05-15;120,00;122,00;116,00;Geprueft
1994-05-16;117,00;119,00;115,00;Geprueft
1994-05-17;114,00;116,00;113,00;Geprueft
1994-05-18;118,00;120,00;113,00;Geprueft
1994-05-19;121,00;126,00;115,00;Geprueft
1994-05-20;125,00;126,00;123,00;Geprueft
1994-05-21;119,00;126,00;114,00;Geprueft
1994-05-22;117,00;119,00;114,00;Geprueft
1994-05-23;108,00;115,00;103,00;Geprueft
1994-05-24;112,00;120,00;105,00;Geprueft
1994-05-25;132,00;150,00;117,00;Geprueft
1994-05-26;142,00;142,00;141,00;Geprueft
1994-05-27;138,00;142,00;136,00;Geprueft
1994-05-28;136,00;138,00;133,00;Geprueft
1994-05-29;130,00;135,00;127,00;Geprueft
1994-05-30;133,00;137,00;127,00;Geprueft
1994-05-31;137,00;140,00;130,00;Geprueft
1994-06-01;132,00;136,00;126,00;Geprueft
1994-06-02;123,00;133,00;118,00;Geprueft
1994-06-03;119,00;124,00;117,00;Geprueft
1994-06-04;119,00;120,00;118,00;Geprueft
1994-06-05;123,00;126,00;119,00;Geprueft
1994-06-06;125,00;127,00;124,00;Geprueft
1994-06-07;129,00;131,00;126,00;Geprueft
1994-06-08;125,00;127,00;123,00;Geprueft
1994-06-09;129,00;137,00;123,00;Geprueft
1994-06-10;155,00;178,00;137,00;Geprueft
1994-06-11;157,00;164,00;144,00;Geprueft
1994-06-12;141,00;144,00;140,00;Geprueft
1994-06-13;142,00;147,00;139,00;Geprueft
1994-06-14;139,00;143,00;134,00;Geprueft
1994-06-15;129,00;136,00;124,00;Geprueft
1994-06-16;122,00;124,00;121,00;Geprueft
1994-06-17;121,00;124,00;120,00;Geprueft
1994-06-18;121,00;121,00;118,00;Geprueft
1994-06-19;120,00;123,00;118,00;Geprueft
1994-06-20;118,00;121,00;116,00;Geprueft
1994-06-21;118,00;121,00;117,00;Geprueft
1994-06-22;122,00;133,00;118,00;Geprueft
1994-06-23;122,00;135,00;115,00;Geprueft
1994-06-24;117,00;119,00;115,00;Geprueft
1994-06-25;117,00;119,00;116,00;Geprueft
1994-06-26;115,00;117,00;110,00;Geprueft
1994-06-27;108,00;111,00;107,00;Geprueft
1994-06-28;108,00;112,00;105,00;Geprueft
1994-06-29;108,00;112,00;105,00;Geprueft
1994-06-30;120,00;127,00;109,00;Geprueft
1994-07-01;122,00;127,00;115,00;Geprueft
1994-07-02;115,00;116,00;113,00;Geprueft
1994-07-03;114,00;117,00;110,00;Geprueft
1994-07-04;107,00;110,00;104,00;Geprueft
1994-07-05;110,00;113,00;107,00;Geprueft
1994-07-06;119,00;124,00;112,00;Geprueft
1994-07-07;132,00;138,00;123,00;Geprueft
1994-07-08;133,00;138,00;130,00;Geprueft
1994-07-09;128,00;131,00;123,00;Geprueft
1994-07-10;121,00;124,00;119,00;Geprueft
1994-07-11;113,00;119,00;110,00;Geprueft
1994-07-12;112,00;115,00;110,00;Geprueft
1994-07-13;111,00;114,00;107,00;Geprueft
1994-07-14;111,00;113,00;110,00;Geprueft
1994-07-15;114,00;115,00;112,00;Geprueft
1994-07-16;114,00;116,00;113,00;Geprueft
1994-07-17;112,00;113,00;110,00;Geprueft
1994-07-18;110,00;112,00;108,00;Geprueft
1994-07-19;110,00;112,00;108,00;Geprueft
1994-07-20;111,00;114,00;110,00;Geprueft
1994-07-21;119,00;127,00;114,00;Geprueft
1994-07-22;116,00;120,00;113,00;Geprueft
1994-07-23;118,00;122,00;113,00;Geprueft
1994-07-24;112,00;119,00;105,00;Geprueft
1994-07-25;109,00;140,00;96,00;Geprueft
1994-07-26;108,00;108,00;108,00;Geprueft
1994-07-27;108,00;109,00;106,00;Geprueft
1994-07-28;107,00;109,00;104,00;Geprueft
1994-07-29;107,00;109,00;104,00;Geprueft
1994-07-30;106,00;109,00;104,00;Geprueft
1994-07-31;103,00;106,00;100,00;Geprueft
1994-08-01;102,00;103,00;100,00;Geprueft
1994-08-02;106,00;110,00;102,00;Geprueft
1994-08-03;107,00;110,00;103,00;Geprueft
1994-08-04;100,00;104,00;98,00;Geprueft
1994-08-05;100,00;109,00;97,00;Geprueft
1994-08-06;100,00;106,00;98,00;Geprueft
1994-08-07;99,00;101,00;99,00;Geprueft
1994-08-08;101,00;103,00;99,00;Geprueft
1994-08-09;100,00;101,00;99,00;Geprueft
1994-08-10;101,00;102,00;100,00;Geprueft
1994-08-11;106,00;111,00;102,00;Geprueft
1994-08-12;103,00;106,00;100,00;Geprueft
1994-08-13;98,00;100,00;97,00;Geprueft
1994-08-14;98,00;99,00;97,00;Geprueft
1994-08-15;97,00;98,00;95,00;Geprueft
1994-08-16;98,00;99,00;96,00;Geprueft
1994-08-17;98,00;98,00;96,00;Geprueft
1994-08-18;97,00;100,00;96,00;Geprueft
1994-08-19;98,00;99,00;97,00;Geprueft
1994-08-20;104,00;108,00;98,00;Geprueft
1994-08-21;105,00;107,00;101,00;Geprueft
1994-08-22;101,00;106,00;99,00;Geprueft
1994-08-23;102,00;106,00;100,00;Geprueft
1994-08-24;100,00;102,00;97,00;Geprueft
1994-08-25;119,00;140,00;100,00;Geprueft
1994-08-26;137,00;137,00;134,00;Geprueft
1994-08-27;124,00;134,00;118,00;Geprueft
1994-08-28;112,00;118,00;103,00;Geprueft
1994-08-29;110,00;115,00;103,00;Geprueft
1994-08-30;114,00;115,00;111,00;Geprueft
1994-08-31;110,00;113,00;108,00;Geprueft
1994-09-01;110,00;111,00;108,00;Geprueft
1994-09-02;110,00;114,00;108,00;Geprueft
1994-09-03;116,00;119,00;113,00;Geprueft
1994-09-04;116,00;119,00;113,00;Geprueft
1994-09-05;114,00;115,00;113,00;Geprueft
1994-09-06;114,00;115,00;113,00;Geprueft
1994-09-07;114,00;117,00;113,00;Geprueft
1994-09-08;116,00;140,00;94,00;Geprueft
1994-09-09;116,00;120,00;113,00;Geprueft
1994-09-10;117,00;118,00;115,00;Geprueft
1994-09-11;105,00;116,00;98,00;Geprueft
1994-09-12;106,00;112,00;100,00;Geprueft
1994-09-13;110,00;112,00;108,00;Geprueft
1994-09-14;115,00;117,00;112,00;Geprueft
1994-09-15;117,00;119,00;114,00;Geprueft
1994-09-16;118,00;119,00;117,00;Geprueft
1994-09-17;117,00;119,00;115,00;Geprueft
1994-09-18;115,00;117,00;114,00;Geprueft
1994-09-19;115,00;117,00;114,00;Geprueft
1994-09-20;116,00;119,00;114,00;Geprueft
1994-09-21;115,00;119,00;112,00;Geprueft
1994-09-22;112,00;116,00;109,00;Geprueft
1994-09-23;107,00;109,00;103,00;Geprueft
1994-09-24;100,00;104,00;99,00;Geprueft
1994-09-25;101,00;103,00;101,00;Geprueft
1994-09-26;104,00;107,00;102,00;Geprueft
1994-09-27;110,00;113,00;107,00;Geprueft
1994-09-28;108,00;111,00;105,00;Geprueft
1994-09-29;104,00;106,00;102,00;Geprueft
1994-09-30;102,00;103,00;100,00;Geprueft
1994-10-01;103,00;106,00;102,00;Geprueft
1994-10-02;104,00;106,00;102,00;Geprueft
1994-10-03;101,00;103,00;99,00;Geprueft
1994-10-04;102,00;108,00;100,00;Geprueft
1994-10-05;111,00;114,00;108,00;Geprueft
1994-10-06;112,00;113,00;112,00;Geprueft
1994-10-07;111,00;113,00;106,00;Geprueft
1994-10-08;102,00;106,00;99,00;Geprueft
1994-10-09;100,00;101,00;99,00;Geprueft
1994-10-10;101,00;101,00;100,00;Geprueft
1994-10-11;101,00;101,00;101,00;Geprueft
1994-10-12;101,00;101,00;100,00;Geprueft
1994-10-13;101,00;102,00;101,00;Geprueft
1994-10-14;100,00;101,00;99,00;Geprueft
1994-10-15;100,00;101,00;99,00;Geprueft
1994-10-16;100,00;101,00;99,00;Geprueft
1994-10-17;101,00;104,00;99,00;Geprueft
1994-10-18;103,00;106,00;100,00;Geprueft
1994-10-19;103,00;105,00;99,00;Geprueft
1994-10-20;106,00;108,00;104,00;Geprueft
1994-10-21;101,00;107,00;98,00;Geprueft
1994-10-22;98,00;99,00;96,00;Geprueft
1994-10-23;98,00;99,00;97,00;Geprueft
1994-10-24;101,00;103,00;98,00;Geprueft
1994-10-25;101,00;103,00;100,00;Geprueft
1994-10-26;103,00;108,00;100,00;Geprueft
1994-10-27;104,00;108,00;95,00;Geprueft
1994-10-28;104,00;108,00;103,00;Geprueft
1994-10-29;107,00;109,00;105,00;Geprueft
1994-10-30;105,00;107,00;104,00;Geprueft
1994-10-31;104,00;107,00;102,00;Geprueft
1994-11-01;103,00;105,00;101,00;Geprueft
1994-11-02;103,00;105,00;101,00;Geprueft
1994-11-03;101,00;103,00;99,00;Geprueft
1994-11-04;99,00;102,00;98,00;Geprueft
1994-11-05;100,00;100,00;99,00;Geprueft
1994-11-06;100,00;101,00;99,00;Geprueft
1994-11-07;99,00;101,00;99,00;Geprueft
1994-11-08;98,00;100,00;90,00;Geprueft
1994-11-09;98,00;99,00;98,00;Geprueft
1994-11-10;99,00;101,00;94,00;Geprueft
1994-11-11;104,00;107,00;100,00;Geprueft
1994-11-12;123,00;150,00;107,00;Geprueft
1994-11-13;130,00;131,00;118,00;Geprueft
1994-11-14;116,00;118,00;114,00;Geprueft
1994-11-15;115,00;115,00;115,00;Geprueft
1994-11-16;111,00;116,00;106,00;Geprueft
1994-11-17;108,00;110,00;106,00;Geprueft
1994-11-18;110,00;112,00;108,00;Geprueft
1994-11-19;112,00;113,00;110,00;Geprueft
1994-11-20;116,00;121,00;113,00;Geprueft
1994-11-21;117,00;121,00;112,00;Geprueft
1994-11-22;117,00;128,00;113,00;Geprueft
1994-11-23;121,00;128,00;112,00;Geprueft
1994-11-24;113,00;115,00;110,00;Geprueft
1994-11-25;110,00;115,00;107,00;Geprueft
1994-11-26;106,00;110,00;101,00;Geprueft
1994-11-27;105,00;106,00;103,00;Geprueft
1994-11-28;104,00;106,00;102,00;Geprueft
1994-11-29;104,00;107,00;101,00;Geprueft
1994-11-30;104,00;107,00;98,00;Geprueft
1994-12-01;103,00;106,00;100,00;Geprueft
1994-12-02;109,00;111,00;105,00;Geprueft
1994-12-03;112,00;112,00;111,00;Geprueft
1994-12-04;107,00;111,00;103,00;Geprueft
1994-12-05;105,00;108,00;101,00;Geprueft
1994-12-06;109,00;111,00;104,00;Geprueft
1994-12-07;112,00;114,00;110,00;Geprueft
1994-12-08;112,00;114,00;104,00;Geprueft
1994-12-09;106,00;109,00;103,00;Geprueft
1994-12-10;106,00;112,00;103,00;Geprueft
1994-12-11;123,00;130,00;112,00;Geprueft
1994-12-12;118,00;120,00;114,00;Geprueft
1994-12-13;113,00;118,00;111,00;Geprueft
1994-12-14;112,00;116,00;110,00;Geprueft
1994-12-15;115,00;117,00;109,00;Geprueft
1994-12-16;113,00;116,00;110,00;Geprueft
1994-12-17;113,00;115,00;112,00;Geprueft
1994-12-18;108,00;113,00;103,00;Geprueft
1994-12-19;103,00;103,00;102,00;Geprueft
1994-12-20;107,00;110,00;101,00;Geprueft
1994-12-21;111,00;113,00;107,00;Geprueft
1994-12-22;111,00;113,00;110,00;Geprueft
1994-12-23;114,00;117,00;111,00;Geprueft
1994-12-24;110,00;113,00;106,00;Geprueft
1994-12-25;105,00;106,00;103,00;Geprueft
1994-12-26;106,00;107,00;105,00;Geprueft
1994-12-27;107,00;110,00;104,00;Geprueft
1994-12-28;116,00;137,00;109,00;Geprueft
1994-12-29;139,00;149,00;137,00;Geprueft
1994-12-30;132,00;138,00;127,00;Geprueft
1994-12-31;129,00;133,00;125,00;Geprueft
1995-01-01;129,00;130,00;122,00;Geprueft
1995-01-02;125,00;128,00;121,00;Geprueft
1995-01-03;123,00;128,00;119,00;Geprueft
1995-01-04;117,00;120,00;112,00;Geprueft
1995-01-05;114,00;118,00;112,00;Geprueft
1995-01-06;115,00;118,00;113,00;Geprueft
1995-01-07;108,00;113,00;104,00;Geprueft
1995-01-08;108,00;110,00;107,00;Geprueft
1995-01-09;110,00;111,00;107,00;Geprueft
1995-01-10;112,00;114,00;110,00;Geprueft
1995-01-11;117,00;122,00;114,00;Geprueft
1995-01-12;116,00;118,00;114,00;Geprueft
1995-01-13;114,00;115,00;110,00;Geprueft
1995-01-14;112,00;115,00;108,00;Geprueft
1995-01-15;113,00;114,00;109,00;Geprueft
1995-01-16;109,00;109,00;108,00;Geprueft
1995-01-17;108,00;109,00;107,00;Geprueft
1995-01-18;109,00;110,00;108,00;Geprueft
1995-01-19;107,00;110,00;106,00;Geprueft
1995-01-20;109,00;113,00;107,00;Geprueft
1995-01-21;110,00;113,00;107,00;Geprueft
1995-01-22;107,00;108,00;106,00;Geprueft
1995-01-23;114,00;125,00;108,00;Geprueft
1995-01-24;139,00;148,00;123,00;Geprueft
1995-01-25;144,00;149,00;132,00;Geprueft
1995-01-26;151,00;158,00;149,00;Geprueft
1995-01-27;148,00;166,00;140,00;Geprueft
1995-01-28;136,00;140,00;132,00;Geprueft
1995-01-29;127,00;133,00;121,00;Geprueft
1995-01-30;125,00;128,00;118,00;Geprueft
1995-01-31;126,00;130,00;118,00;Geprueft
1995-02-01;129,00;131,00;122,00;Geprueft
1995-02-02;125,00;126,00;122,00;Geprueft
1995-02-03;125,00;126,00;122,00;Geprueft
1995-02-04;118,00;122,00;116,00;Geprueft
1995-02-05;114,00;118,00;112,00;Geprueft
1995-02-06;118,00;121,00;113,00;Geprueft
1995-02-07;119,00;121,00;116,00;Geprueft
1995-02-08;118,00;125,00;117,00;Geprueft
1995-02-09;124,00;132,00;121,00;Geprueft
1995-02-10;126,00;131,00;120,00;Geprueft
1995-02-11;123,00;127,00;121,00;Geprueft
1995-02-12;119,00;121,00;117,00;Geprueft
1995-02-13;118,00;121,00;110,00;Geprueft
1995-02-14;115,00;117,00;111,00;Geprueft
1995-02-15;118,00;120,00;117,00;Geprueft
1995-02-16;120,00;120,00;120,00;Geprueft
1995-02-17;125,00;128,00;119,00;Geprueft
1995-02-18;123,00;127,00;122,00;Geprueft
1995-02-19;128,00;136,00;125,00;Geprueft
1995-02-20;132,00;134,00;125,00;Geprueft
1995-02-21;126,00;128,00;125,00;Geprueft
1995-02-22;123,00;125,00;121,00;Geprueft
1995-02-23;125,00;129,00;121,00;Geprueft
1995-02-24;122,00;126,00;114,00;Geprueft
1995-02-25;118,00;120,00;114,00;Geprueft
1995-02-26;120,00;120,00;119,00;Geprueft
1995-02-27;122,00;127,00;119,00;Geprueft
1995-02-28;124,00;125,00;120,00;Geprueft
1995-03-01;121,00;124,00;120,00;Geprueft
1995-03-02;121,00;125,00;118,00;Geprueft
1995-03-03;119,00;124,00;117,00;Geprueft
1995-03-04;116,00;117,00;116,00;Geprueft
1995-03-05;117,00;118,00;114,00;Geprueft
1995-03-06;116,00;120,00;112,00;Geprueft
1995-03-07;119,00;120,00;117,00;Geprueft
1995-03-08;118,00;120,00;114,00;Geprueft
1995-03-09;123,00;134,00;115,00;Geprueft
1995-03-10;119,00;126,00;114,00;Geprueft
1995-03-11;113,00;114,00;111,00;Geprueft
1995-03-12;111,00;114,00;108,00;Geprueft
1995-03-13;109,00;113,00;108,00;Geprueft
1995-03-14;115,00;120,00;113,00;Geprueft
1995-03-15;116,00;118,00;114,00;Geprueft
1995-03-16;114,00;114,00;113,00;Geprueft
1995-03-17;111,00;113,00;99,00;Geprueft
1995-03-18;113,00;114,00;113,00;Geprueft
1995-03-19;113,00;114,00;113,00;Geprueft
1995-03-20;128,00;142,00;114,00;Geprueft
1995-03-21;143,00;147,00;136,00;Geprueft
1995-03-22;135,00;146,00;127,00;Geprueft
1995-03-23;134,00;147,00;126,00;Geprueft
1995-03-24;134,00;138,00;129,00;Geprueft
1995-03-25;121,00;130,00;113,00;Geprueft
1995-03-26;118,00;130,00;113,00;Geprueft
1995-03-27;129,00;130,00;128,00;Geprueft
1995-03-28;130,00;131,00;128,00;Geprueft
1995-03-29;134,00;136,00;130,00;Geprueft
1995-03-30;127,00;133,00;125,00;Geprueft
1995-03-31;125,00;127,00;122,00;Geprueft
1995-04-01;122,00;136,00;117,00;Geprueft
1995-04-02;163,00;185,00;136,00;Geprueft
1995-04-03;173,00;179,00;163,00;Geprueft
1995-04-04;163,00;165,00;158,00;Geprueft
1995-04-05;157,00;158,00;156,00;Geprueft
1995-04-06;157,00;159,00;156,00;Geprueft
1995-04-07;155,00;159,00;149,00;Geprueft
1995-04-08;149,00;152,00;146,00;Geprueft
1995-04-09;147,00;149,00;145,00;Geprueft
1995-04-10;138,00;148,00;132,00;Geprueft
1995-04-11;141,00;146,00;136,00;Geprueft
1995-04-12;144,00;148,00;140,00;Geprueft
1995-04-13;145,00;147,00;140,00;Geprueft
1995-04-14;147,00;153,00;144,00;Geprueft
1995-04-15;140,00;144,00;131,00;Geprueft
1995-04-16;151,00;156,00;143,00;Geprueft
1995-04-17;137,00;152,00;132,00;Geprueft
1995-04-18;137,00;139,00;134,00;Geprueft
1995-04-19;141,00;144,00;138,00;Geprueft
1995-04-20;142,00;143,00;140,00;Geprueft
1995-04-21;138,00;140,00;134,00;Geprueft
1995-04-22;132,00;136,00;130,00;Geprueft
1995-04-23;134,00;135,00;134,00;Geprueft
1995-04-24;141,00;149,00;135,00;Geprueft
1995-04-25;156,00;161,00;149,00;Geprueft
1995-04-26;157,00;168,00;149,00;Geprueft
1995-04-27;167,00;172,00;161,00;Geprueft
1995-04-28;169,00;173,00;156,00;Geprueft
1995-04-29;150,00;156,00;143,00;Geprueft
1995-04-30;145,00;146,00;139,00;Geprueft
1995-05-01;143,00;148,00;140,00;Geprueft
1995-05-02;139,00;140,00;132,00;Geprueft
1995-05-03;141,00;145,00;138,00;Geprueft
1995-05-04;138,00;142,00;136,00;Geprueft
1995-05-05;137,00;139,00;125,00;Geprueft
1995-05-06;139,00;139,00;138,00;Geprueft
1995-05-07;132,00;138,00;128,00;Geprueft
1995-05-08;131,00;135,00;129,00;Geprueft
1995-05-09;134,00;138,00;126,00;Geprueft
1995-05-10;130,00;140,00;125,00;Geprueft
1995-05-11;129,00;135,00;127,00;Geprueft
1995-05-12;136,00;154,00;124,00;Geprueft
1995-05-13;149,00;162,00;142,00;Geprueft
1995-05-14;175,00;189,00;161,00;Geprueft
1995-05-15;175,00;189,00;165,00;Geprueft
1995-05-16;154,00;165,00;149,00;Geprueft
1995-05-17;148,00;150,00;143,00;Geprueft
1995-05-18;144,00;151,00;136,00;Geprueft
1995-05-19;139,00;140,00;136,00;Geprueft
1995-05-20;140,00;140,00;139,00;Geprueft
1995-05-21;140,00;140,00;139,00;Geprueft
1995-05-22;137,00;140,00;132,00;Geprueft
1995-05-23;134,00;138,00;131,00;Geprueft
1995-05-24;133,00;135,00;130,00;Geprueft
1995-05-25;133,00;136,00;130,00;Geprueft
1995-05-26;126,00;130,00;125,00;Geprueft
1995-05-27;123,00;128,00;120,00;Geprueft
1995-05-28;120,00;122,00;118,00;Geprueft
1995-05-29;120,00;128,00;118,00;Geprueft
1995-05-30;148,00;189,00;125,00;Geprueft
1995-05-31;179,00;190,00;155,00;Geprueft
1995-06-01;177,00;188,00;169,00;Geprueft
1995-06-02;258,00;310,00;188,00;Geprueft
1995-06-03;328,00;338,00;302,00;Geprueft
1995-06-04;291,00;322,00;219,00;Geprueft
1995-06-05;195,00;229,00;170,00;Geprueft
1995-06-06;186,00;208,00;180,00;Geprueft
1995-06-07;279,00;344,00;208,00;Geprueft
1995-06-08;321,00;345,00;309,00;Geprueft
1995-06-09;283,00;309,00;262,00;Geprueft
1995-06-10;243,00;269,00;224,00;Geprueft
1995-06-11;217,00;226,00;210,00;Geprueft
1995-06-12;214,00;215,00;211,00;Geprueft
1995-06-13;201,00;211,00;195,00;Geprueft
1995-06-14;208,00;239,00;196,00;Geprueft
1995-06-15;235,00;243,00;225,00;Geprueft
1995-06-16;217,00;225,00;205,00;Geprueft
1995-06-17;199,00;207,00;188,00;Geprueft
1995-06-18;186,00;189,00;178,00;Geprueft
1995-06-19;180,00;190,00;172,00;Geprueft
1995-06-20;179,00;184,00;167,00;Geprueft
1995-06-21;161,00;169,00;156,00;Geprueft
1995-06-22;165,00;175,00;163,00;Geprueft
1995-06-23;186,00;192,00;175,00;Geprueft
1995-06-24;183,00;191,00;172,00;Geprueft
1995-06-25;172,00;178,00;164,00;Geprueft
1995-06-26;169,00;177,00;165,00;Geprueft
1995-06-27;167,00;175,00;157,00;Geprueft
1995-06-28;162,00;167,00;160,00;Geprueft
1995-06-29;157,00;165,00;154,00;Geprueft
1995-06-30;154,00;157,00;149,00;Geprueft
1995-07-01;146,00;153,00;144,00;Geprueft
1995-07-02;145,00;145,00;144,00;Geprueft
1995-07-03;145,00;145,00;144,00;Geprueft
1995-07-04;149,00;154,00;145,00;Geprueft
1995-07-05;149,00;150,00;149,00;Geprueft
1995-07-06;144,00;149,00;140,00;Geprueft
1995-07-07;142,00;148,00;139,00;Geprueft
1995-07-08;142,00;147,00;139,00;Geprueft
1995-07-09;133,00;139,00;132,00;Geprueft
1995-07-10;133,00;134,00;133,00;Geprueft
1995-07-11;132,00;135,00;127,00;Geprueft
1995-07-12;143,00;153,00;129,00;Geprueft
1995-07-13;154,00;157,00;149,00;Geprueft
1995-07-14;145,00;149,00;143,00;Geprueft
1995-07-15;148,00;151,00;144,00;Geprueft
1995-07-16;156,00;162,00;151,00;Geprueft
1995-07-17;147,00;156,00;141,00;Geprueft
1995-07-18;142,00;143,00;139,00;Geprueft
1995-07-19;133,00;139,00;126,00;Geprueft
1995-07-20;130,00;132,00;126,00;Geprueft
1995-07-21;128,00;133,00;124,00;Geprueft
1995-07-22;120,00;124,00;117,00;Geprueft
1995-07-23;117,00;120,00;115,00;Geprueft
1995-07-24;117,00;123,00;115,00;Geprueft
1995-07-25;121,00;122,00;120,00;Geprueft
1995-07-26;119,00;120,00;117,00;Geprueft
1995-07-27;118,00;118,00;118,00;Geprueft
1995-07-28;129,00;139,00;118,00;Geprueft
1995-07-29;134,00;139,00;123,00;Geprueft
1995-07-30;123,00;129,00;113,00;Geprueft
1995-07-31;114,00;122,00;107,00;Geprueft
1995-08-01;120,00;123,00;117,00;Geprueft
1995-08-02;115,00;119,00;111,00;Geprueft
1995-08-03;118,00;128,00;112,00;Geprueft
1995-08-04;116,00;121,00;114,00;Geprueft
1995-08-05;109,00;114,00;106,00;Geprueft
1995-08-06;105,00;106,00;104,00;Geprueft
1995-08-07;104,00;105,00;103,00;Geprueft
1995-08-08;110,00;117,00;104,00;Geprueft
1995-08-09;121,00;125,00;117,00;Geprueft
1995-08-10;120,00;123,00;118,00;Geprueft
1995-08-11;113,00;120,00;106,00;Geprueft
1995-08-12;106,00;109,00;102,00;Geprueft
1995-08-13;104,00;104,00;103,00;Geprueft
1995-08-14;120,00;139,00;104,00;Geprueft
1995-08-15;133,00;140,00;127,00;Geprueft
1995-08-16;129,00;135,00;126,00;Geprueft
1995-08-17;128,00;135,00;125,00;Geprueft
1995-08-18;129,00;135,00;121,00;Geprueft
1995-08-19;118,00;122,00;109,00;Geprueft
1995-08-20;110,00;115,00;106,00;Geprueft
1995-08-21;121,00;131,00;113,00;Geprueft
1995-08-22;130,00;135,00;122,00;Geprueft
1995-08-23;124,00;126,00;122,00;Geprueft
1995-08-24;117,00;132,00;109,00;Geprueft
1995-08-25;126,00;139,00;118,00;Geprueft
1995-08-26;139,00;139,00;139,00;Geprueft
1995-08-27;141,00;145,00;139,00;Geprueft
1995-08-28;152,00;172,00;145,00;Geprueft
1995-08-29;184,00;209,00;168,00;Geprueft
1995-08-30;246,00;270,00;204,00;Geprueft
1995-08-31;286,00;297,00;270,00;Geprueft
1995-09-01;285,00;302,00;279,00;Geprueft
1995-09-02;279,00;292,00;240,00;Geprueft
1995-09-03;210,00;240,00;194,00;Geprueft
1995-09-04;190,00;199,00;180,00;Geprueft
1995-09-05;172,00;180,00;166,00;Geprueft
1995-09-06;165,00;166,00;160,00;Geprueft
1995-09-07;152,00;160,00;146,00;Geprueft
1995-09-08;149,00;154,00;145,00;Geprueft
1995-09-09;151,00;154,00;146,00;Geprueft
1995-09-10;145,00;149,00;140,00;Geprueft
1995-09-11;131,00;140,00;125,00;Geprueft
1995-09-12;135,00;139,00;128,00;Geprueft
1995-09-13;138,00;139,00;135,00;Geprueft
1995-09-14;131,00;139,00;127,00;Geprueft
1995-09-15;127,00;130,00;123,00;Geprueft
1995-09-16;126,00;131,00;123,00;Geprueft
1995-09-17;122,00;128,00;120,00;Geprueft
1995-09-18;123,00;125,00;118,00;Geprueft
1995-09-19;123,00;124,00;121,00;Geprueft
1995-09-20;124,00;125,00;123,00;Geprueft
1995-09-21;124,00;136,00;123,00;Geprueft
1995-09-22;139,00;146,00;129,00;Geprueft
1995-09-23;129,00;143,00;118,00;Geprueft
1995-09-24;114,00;118,00;110,00;Geprueft
1995-09-25;114,00;124,00;110,00;Geprueft
1995-09-26;122,00;125,00;110,00;Geprueft
1995-09-27;123,00;132,00;119,00;Geprueft
1995-09-28;127,00;132,00;122,00;Geprueft
1995-09-29;125,00;127,00;124,00;Geprueft
1995-09-30;118,00;124,00;108,00;Geprueft
1995-10-01;109,00;110,00;106,00;Geprueft
1995-10-02;113,00;119,00;106,00;Geprueft
1995-10-03;115,00;119,00;106,00;Geprueft
1995-10-04;110,00;114,00;106,00;Geprueft
1995-10-05;113,00;114,00;112,00;Geprueft
1995-10-06;119,00;122,00;114,00;Geprueft
1995-10-07;120,00;122,00;118,00;Geprueft
1995-10-08;116,00;120,00;111,00;Geprueft
1995-10-09;114,00;120,00;112,00;Geprueft
1995-10-10;115,00;115,00;114,00;Geprueft
1995-10-11;114,00;117,00;103,00;Geprueft
1995-10-12;111,00;117,00;108,00;Geprueft
1995-10-13;114,00;117,00;112,00;Geprueft
1995-10-14;112,00;113,00;112,00;Geprueft
1995-10-15;109,00;112,00;106,00;Geprueft
1995-10-16;108,00;110,00;106,00;Geprueft
1995-10-17;106,00;108,00;103,00;Geprueft
1995-10-18;106,00;107,00;104,00;Geprueft
1995-10-19;106,00;107,00;103,00;Geprueft
1995-10-20;105,00;106,00;104,00;Geprueft
1995-10-21;104,00;106,00;102,00;Geprueft
1995-10-22;103,00;103,00;103,00;Geprueft
1995-10-23;103,00;104,00;100,00;Geprueft
1995-10-24;100,00;100,00;100,00;Geprueft
1995-10-25;102,00;103,00;100,00;Geprueft
1995-10-26;102,00;102,00;102,00;Geprueft
1995-10-27;101,00;102,00;101,00;Geprueft
1995-10-28;102,00;103,00;102,00;Geprueft
1995-10-29;103,00;103,00;103,00;Geprueft
1995-10-30;102,00;103,00;101,00;Geprueft
1995-10-31;103,00;103,00;103,00;Geprueft
1995-11-01;103,00;103,00;103,00;Geprueft
1995-11-02;108,00;118,00;103,00;Geprueft
1995-11-03;126,00;129,00;118,00;Geprueft
1995-11-04;120,00;126,00;117,00;Geprueft
1995-11-05;113,00;118,00;110,00;Geprueft
1995-11-06;106,00;111,00;105,00;Geprueft
1995-11-07;108,00;110,00;106,00;Geprueft
1995-11-08;110,00;111,00;109,00;Geprueft
1995-11-09;109,00;110,00;106,00;Geprueft
1995-11-10;109,00;110,00;108,00;Geprueft
1995-11-11;110,00;111,00;110,00;Geprueft
1995-11-12;111,00;113,00;110,00;Geprueft
1995-11-13;111,00;111,00;110,00;Geprueft
1995-11-14;110,00;111,00;109,00;Geprueft
1995-11-15;109,00;112,00;108,00;Geprueft
1995-11-16;111,00;112,00;108,00;Geprueft
1995-11-17;126,00;153,00;112,00;Geprueft
1995-11-18;154,00;155,00;151,00;Geprueft
1995-11-19;138,00;151,00;130,00;Geprueft
1995-11-20;126,00;131,00;120,00;Geprueft
1995-11-21;119,00;121,00;117,00;Geprueft
1995-11-22;115,00;118,00;111,00;Geprueft
1995-11-23;115,00;120,00;112,00;Geprueft
1995-11-24;116,00;119,00;114,00;Geprueft
1995-11-25;116,00;121,00;115,00;Geprueft
1995-11-26;116,00;121,00;114,00;Geprueft
1995-11-27;114,00;115,00;112,00;Geprueft
1995-11-28;111,00;112,00;111,00;Geprueft
1995-11-29;117,00;125,00;110,00;Geprueft
1995-11-30;121,00;124,00;118,00;Geprueft
1995-12-01;116,00;132,00;108,00;Geprueft
1995-12-02;110,00;110,00;108,00;Geprueft
1995-12-03;108,00;110,00;107,00;Geprueft
1995-12-04;107,00;109,00;107,00;Geprueft
1995-12-05;108,00;113,00;105,00;Geprueft
1995-12-06;110,00;113,00;102,00;Geprueft
1995-12-07;113,00;115,00;112,00;Geprueft
1995-12-08;113,00;115,00;113,00;Geprueft
1995-12-09;111,00;113,00;105,00;Geprueft
1995-12-10;105,00;108,00;103,00;Geprueft
1995-12-11;104,00;106,00;100,00;Geprueft
1995-12-12;104,00;105,00;103,00;Geprueft
1995-12-13;105,00;105,00;104,00;Geprueft
1995-12-14;106,00;111,00;103,00;Geprueft
1995-12-15;106,00;109,00;104,00;Geprueft
1995-12-16;105,00;105,00;104,00;Geprueft
1995-12-17;105,00;105,00;104,00;Geprueft
1995-12-18;104,00;105,00;102,00;Geprueft
1995-12-19;109,00;112,00;104,00;Geprueft
1995-12-20;111,00;111,00;111,00;Geprueft
1995-12-21;123,00;150,00;111,00;Geprueft
1995-12-22;148,00;150,00;143,00;Geprueft
1995-12-23;141,00;150,00;132,00;Geprueft
1995-12-24;132,00;134,00;131,00;Geprueft
1995-12-25;146,00;171,00;131,00;Geprueft
1995-12-26;175,00;178,00;171,00;Geprueft
1995-12-27;163,00;176,00;153,00;Geprueft
1995-12-28;153,00;158,00;146,00;Geprueft
1995-12-29;139,00;146,00;132,00;Geprueft
1995-12-30;132,00;134,00;130,00;Geprueft
1995-12-31;127,00;134,00;122,00;Geprueft
1996-01-01;121,00;123,00;120,00;Geprueft
1996-01-02;118,00;122,00;115,00;Geprueft
1996-01-03;120,00;122,00;117,00;Geprueft
1996-01-04;121,00;123,00;117,00;Geprueft
1996-01-05;120,00;123,00;113,00;Geprueft
1996-01-06;114,00;115,00;112,00;Geprueft
1996-01-07;113,00;115,00;112,00;Geprueft
1996-01-08;113,00;116,00;110,00;Geprueft
1996-01-09;119,00;124,00;114,00;Geprueft
1996-01-10;124,00;125,00;123,00;Geprueft
1996-01-11;121,00;123,00;118,00;Geprueft
1996-01-12;122,00;123,00;120,00;Geprueft
1996-01-13;119,00;120,00;116,00;Geprueft
1996-01-14;117,00;119,00;114,00;Geprueft
1996-01-15;112,00;116,00;110,00;Geprueft
1996-01-16;117,00;128,00;110,00;Geprueft
1996-01-17;124,00;131,00;119,00;Geprueft
1996-01-18;119,00;120,00;117,00;Geprueft
1996-01-19;116,00;117,00;115,00;Geprueft
1996-01-20;115,00;115,00;114,00;Geprueft
1996-01-21;111,00;115,00;108,00;Geprueft
1996-01-22;103,00;109,00;100,00;Geprueft
1996-01-23;105,00;108,00;100,00;Geprueft
1996-01-24;109,00;112,00;107,00;Geprueft
1996-01-25;112,00;114,00;107,00;Geprueft
1996-01-26;108,00;108,00;107,00;Geprueft
1996-01-27;105,00;107,00;104,00;Geprueft
1996-01-28;105,00;107,00;104,00;Geprueft
1996-01-29;102,00;105,00;99,00;Geprueft
1996-01-30;102,00;104,00;99,00;Geprueft
1996-01-31;103,00;104,00;102,00;Geprueft
1996-02-01;102,00;103,00;102,00;Geprueft
1996-02-02;104,00;105,00;102,00;Geprueft
1996-02-03;102,00;104,00;101,00;Geprueft
1996-02-04;101,00;102,00;100,00;Geprueft
1996-02-05;102,00;102,00;101,00;Geprueft
1996-02-06;101,00;102,00;101,00;Geprueft
1996-02-07;102,00;102,00;101,00;Geprueft
1996-02-08;105,00;108,00;102,00;Geprueft
1996-02-09;106,00;108,00;104,00;Geprueft
1996-02-10;103,00;106,00;100,00;Geprueft
1996-02-11;101,00;102,00;100,00;Geprueft
1996-02-12;101,00;101,00;101,00;Geprueft
1996-02-13;100,00;101,00;100,00;Geprueft
1996-02-14;100,00;100,00;98,00;Geprueft
1996-02-15;99,00;99,00;98,00;Geprueft
1996-02-16;98,00;99,00;97,00;Geprueft
1996-02-17;100,00;106,00;97,00;Geprueft
1996-02-18;110,00;122,00;105,00;Geprueft
1996-02-19;118,00;125,00;114,00;Geprueft
1996-02-20;108,00;114,00;106,00;Geprueft
1996-02-21;105,00;106,00;103,00;Geprueft
1996-02-22;103,00;105,00;103,00;Geprueft
1996-02-23;103,00;106,00;102,00;Geprueft
1996-02-24;106,00;108,00;104,00;Geprueft
1996-02-25;102,00;108,00;100,00;Geprueft
1996-02-26;98,00;100,00;95,00;Geprueft
1996-02-27;98,00;102,00;95,00;Geprueft
1996-02-28;102,00;103,00;102,00;Geprueft
1996-02-29;102,00;105,00;100,00;Geprueft
1996-03-01;101,00;101,00;100,00;Geprueft
1996-03-02;101,00;102,00;101,00;Geprueft
1996-03-03;102,00;102,00;102,00;Geprueft
1996-03-04;103,00;104,00;101,00;Geprueft
1996-03-05;98,00;101,00;95,00;Geprueft
1996-03-06;97,00;97,00;95,00;Geprueft
1996-03-07;99,00;101,00;97,00;Geprueft
1996-03-08;102,00;103,00;101,00;Geprueft
1996-03-09;102,00;103,00;101,00;Geprueft
1996-03-10;101,00;101,00;101,00;Geprueft
1996-03-11;100,00;101,00;99,00;Geprueft
1996-03-12;98,00;99,00;97,00;Geprueft
1996-03-13;96,00;97,00;96,00;Geprueft
1996-03-14;97,00;97,00;96,00;Geprueft
1996-03-15;95,00;96,00;95,00;Geprueft
1996-03-16;95,00;96,00;95,00;Geprueft
1996-03-17;96,00;96,00;96,00;Geprueft
1996-03-18;97,00;99,00;96,00;Geprueft
1996-03-19;102,00;108,00;97,00;Geprueft
1996-03-20;99,00;105,00;94,00;Geprueft
1996-03-21;97,00;99,00;95,00;Geprueft
1996-03-22;109,00;121,00;99,00;Geprueft
1996-03-23;121,00;126,00;116,00;Geprueft
1996-03-24;126,00;137,00;120,00;Geprueft
1996-03-25;134,00;137,00;130,00;Geprueft
1996-03-26;124,00;130,00;121,00;Geprueft
1996-03-27;131,00;140,00;121,00;Geprueft
1996-03-28;140,00;145,00;137,00;Geprueft
1996-03-29;131,00;138,00;125,00;Geprueft
1996-03-30;120,00;125,00;113,00;Geprueft
1996-03-31;115,00;116,00;114,00;Geprueft
1996-04-01;115,00;120,00;110,00;Geprueft
1996-04-02;117,00;132,00;110,00;Geprueft
1996-04-03;125,00;128,00;120,00;Geprueft
1996-04-04;120,00;127,00;116,00;Geprueft
1996-04-05;122,00;124,00;119,00;Geprueft
1996-04-06;113,00;119,00;111,00;Geprueft
1996-04-07;111,00;113,00;110,00;Geprueft
1996-04-08;112,00;119,00;108,00;Geprueft
1996-04-09;120,00;123,00;117,00;Geprueft
1996-04-10;120,00;121,00;119,00;Geprueft
1996-04-11;118,00;120,00;115,00;Geprueft
1996-04-12;120,00;123,00;118,00;Geprueft
1996-04-13;122,00;123,00;121,00;Geprueft
1996-04-14;127,00;130,00;121,00;Geprueft
1996-04-15;124,00;129,00;121,00;Geprueft
1996-04-16;122,00;123,00;121,00;Geprueft
1996-04-17;117,00;122,00;112,00;Geprueft
1996-04-18;113,00;114,00;112,00;Geprueft
1996-04-19;112,00;113,00;111,00;Geprueft
1996-04-20;112,00;113,00;112,00;Geprueft
1996-04-21;108,00;112,00;104,00;Geprueft
1996-04-22;108,00;110,00;106,00;Geprueft
1996-04-23;109,00;110,00;109,00;Geprueft
1996-04-24;109,00;126,00;104,00;Geprueft
1996-04-25;114,00;118,00;108,00;Geprueft
1996-04-26;115,00;119,00;111,00;Geprueft
1996-04-27;110,00;113,00;106,00;Geprueft
1996-04-28;103,00;106,00;102,00;Geprueft
1996-04-29;107,00;110,00;103,00;Geprueft
1996-04-30;111,00;115,00;107,00;Geprueft
1996-05-01;118,00;123,00;111,00;Geprueft
1996-05-02;116,00;121,00;108,00;Geprueft
1996-05-03;110,00;112,00;108,00;Geprueft
1996-05-04;106,00;110,00;104,00;Geprueft
1996-05-05;105,00;106,00;104,00;Geprueft
1996-05-06;106,00;107,00;106,00;Geprueft
1996-05-07;108,00;112,00;105,00;Geprueft
1996-05-08;110,00;115,00;107,00;Geprueft
1996-05-09;119,00;136,00;106,00;Geprueft
1996-05-10;128,00;135,00;121,00;Geprueft
1996-05-11;118,00;122,00;114,00;Geprueft
1996-05-12;109,00;114,00;105,00;Geprueft
1996-05-13;125,00;141,00;105,00;Geprueft
1996-05-14;166,00;181,00;141,00;Geprueft
1996-05-15;163,00;177,00;145,00;Geprueft
1996-05-16;139,00;152,00;128,00;Geprueft
1996-05-17;127,00;128,00;124,00;Geprueft
1996-05-18;118,00;125,00;115,00;Geprueft
1996-05-19;119,00;126,00;114,00;Geprueft
1996-05-20;123,00;126,00;122,00;Geprueft
1996-05-21;135,00;139,00;123,00;Geprueft
1996-05-22;132,00;138,00;126,00;Geprueft
1996-05-23;131,00;133,00;129,00;Geprueft
1996-05-24;124,00;129,00;120,00;Geprueft
1996-05-25;119,00;123,00;115,00;Geprueft
1996-05-26;117,00;120,00;115,00;Geprueft
1996-05-27;130,00;140,00;120,00;Geprueft
1996-05-28;152,00;164,00;140,00;Geprueft
1996-05-29;173,00;178,00;162,00;Geprueft
1996-05-30;158,00;170,00;149,00;Geprueft
1996-05-31;142,00;149,00;140,00;Geprueft
1996-06-01;139,00;140,00;135,00;Geprueft
1996-06-02;128,00;136,00;113,00;Geprueft
1996-06-03;128,00;133,00;124,00;Geprueft
1996-06-04;125,00;129,00;121,00;Geprueft
1996-06-05;122,00;124,00;121,00;Geprueft
1996-06-06;115,00;121,00;110,00;Geprueft
1996-06-07;113,00;114,00;111,00;Geprueft
1996-06-08;114,00;116,00;113,00;Geprueft
1996-06-09;112,00;117,00;108,00;Geprueft
1996-06-10;111,00;114,00;109,00;Geprueft
1996-06-11;113,00;120,00;110,00;Geprueft
1996-06-12;121,00;124,00;120,00;Geprueft
1996-06-13;122,00;130,00;118,00;Geprueft
1996-06-14;127,00;131,00;122,00;Geprueft
1996-06-15;117,00;123,00;112,00;Geprueft
1996-06-16;108,00;115,00;104,00;Geprueft
1996-06-17;107,00;112,00;104,00;Geprueft
1996-06-18;107,00;111,00;102,00;Geprueft
1996-06-19;111,00;117,00;108,00;Geprueft
1996-06-20;109,00;112,00;106,00;Geprueft
1996-06-21;110,00;115,00;109,00;Geprueft
1996-06-22;113,00;131,00;108,00;Geprueft
1996-06-23;135,00;139,00;131,00;Geprueft
1996-06-24;137,00;138,00;133,00;Geprueft
1996-06-25;135,00;138,00;126,00;Geprueft
1996-06-26;127,00;132,00;120,00;Geprueft
1996-06-27;126,00;128,00;122,00;Geprueft
1996-06-28;125,00;129,00;121,00;Geprueft
1996-06-29;115,00;125,00;103,00;Geprueft
1996-06-30;112,00;121,00;110,00;Geprueft
1996-07-01;127,00;132,00;120,00;Geprueft
1996-07-02;129,00;136,00;121,00;Geprueft
1996-07-03;129,00;136,00;124,00;Geprueft
1996-07-04;127,00;137,00;122,00;Geprueft
1996-07-05;126,00;131,00;122,00;Geprueft
1996-07-06;126,00;128,00;123,00;Geprueft
1996-07-07;121,00;123,00;120,00;Geprueft
1996-07-08;126,00;146,00;120,00;Geprueft
1996-07-09;171,00;205,00;146,00;Geprueft
1996-07-10;214,00;218,00;205,00;Geprueft
1996-07-11;246,00;268,00;217,00;Geprueft
1996-07-12;251,00;268,00;229,00;Geprueft
1996-07-13;213,00;229,00;193,00;Geprueft
1996-07-14;172,00;194,00;152,00;Geprueft
1996-07-15;153,00;156,00;150,00;Geprueft
1996-07-16;148,00;158,00;140,00;Geprueft
1996-07-17;142,00;154,00;137,00;Geprueft
1996-07-18;133,00;137,00;130,00;Geprueft
1996-07-19;125,00;130,00;122,00;Geprueft
1996-07-20;122,00;122,00;121,00;Geprueft
1996-07-21;120,00;121,00;120,00;Geprueft
1996-07-22;120,00;120,00;120,00;Geprueft
1996-07-23;119,00;120,00;117,00;Geprueft
1996-07-24;118,00;119,00;115,00;Geprueft
1996-07-25;119,00;119,00;118,00;Geprueft
1996-07-26;119,00;120,00;117,00;Geprueft
1996-07-27;116,00;119,00;113,00;Geprueft
1996-07-28;108,00;113,00;105,00;Geprueft
1996-07-29;113,00;118,00;107,00;Geprueft
1996-07-30;118,00;120,00;117,00;Geprueft
1996-07-31;116,00;120,00;110,00;Geprueft
1996-08-01;111,00;113,00;109,00;Geprueft
1996-08-02;109,00;111,00;108,00;Geprueft
1996-08-03;117,00;129,00;110,00;Geprueft
1996-08-04;125,00;129,00;123,00;Geprueft
1996-08-05;122,00;126,00;114,00;Geprueft
1996-08-06;117,00;125,00;114,00;Geprueft
1996-08-07;115,00;117,00;114,00;Geprueft
1996-08-08;116,00;117,00;116,00;Geprueft
1996-08-09;114,00;117,00;111,00;Geprueft
1996-08-10;110,00;111,00;108,00;Geprueft
1996-08-11;107,00;108,00;105,00;Geprueft
1996-08-12;119,00;139,00;107,00;Geprueft
1996-08-13;156,00;172,00;139,00;Geprueft
1996-08-14;150,00;152,00;146,00;Geprueft
1996-08-15;142,00;146,00;134,00;Geprueft
1996-08-16;134,00;135,00;132,00;Geprueft
1996-08-17;130,00;134,00;126,00;Geprueft
1996-08-18;122,00;128,00;118,00;Geprueft
1996-08-19;118,00;119,00;117,00;Geprueft
1996-08-20;117,00;117,00;116,00;Geprueft
1996-08-21;118,00;119,00;116,00;Geprueft
1996-08-22;117,00;122,00;116,00;Geprueft
1996-08-23;122,00;123,00;122,00;Geprueft
1996-08-24;123,00;123,00;123,00;Geprueft
1996-08-25;130,00;139,00;123,00;Geprueft
1996-08-26;129,00;138,00;122,00;Geprueft
1996-08-27;126,00;132,00;125,00;Geprueft
1996-08-28;135,00;154,00;128,00;Geprueft
1996-08-29;155,00;159,00;148,00;Geprueft
1996-08-30;146,00;149,00;143,00;Geprueft
1996-08-31;143,00;146,00;141,00;Geprueft
1996-09-01;137,00;142,00;132,00;Geprueft
1996-09-02;137,00;139,00;132,00;Geprueft
1996-09-03;141,00;144,00;138,00;Geprueft
1996-09-04;141,00;145,00;138,00;Geprueft
1996-09-05;140,00;144,00;136,00;Geprueft
1996-09-06;136,00;139,00;133,00;Geprueft
1996-09-07;139,00;139,00;136,00;Geprueft
1996-09-08;132,00;136,00;129,00;Geprueft
1996-09-09;128,00;130,00;127,00;Geprueft
1996-09-10;130,00;133,00;128,00;Geprueft
1996-09-11;130,00;131,00;128,00;Geprueft
1996-09-12;124,00;129,00;121,00;Geprueft
1996-09-13;120,00;128,00;115,00;Geprueft
1996-09-14;137,00;150,00;128,00;Geprueft
1996-09-15;166,00;183,00;150,00;Geprueft
1996-09-16;176,00;183,00;171,00;Geprueft
1996-09-17;167,00;171,00;161,00;Geprueft
1996-09-18;156,00;167,00;146,00;Geprueft
1996-09-19;139,00;146,00;133,00;Geprueft
1996-09-20;130,00;133,00;129,00;Geprueft
1996-09-21;128,00;130,00;124,00;Geprueft
1996-09-22;127,00;131,00;124,00;Geprueft
1996-09-23;129,00;134,00;123,00;Geprueft
1996-09-24;144,00;161,00;134,00;Geprueft
1996-09-25;160,00;164,00;155,00;Geprueft
1996-09-26;151,00;155,00;143,00;Geprueft
1996-09-27;143,00;143,00;143,00;Geprueft
1996-09-28;132,00;143,00;127,00;Geprueft
1996-09-29;122,00;128,00;117,00;Geprueft
1996-09-30;119,00;120,00;118,00;Geprueft
1996-10-01;119,00;120,00;119,00;Geprueft
1996-10-02;124,00;134,00;120,00;Geprueft
1996-10-03;135,00;138,00;133,00;Geprueft
1996-10-04;124,00;138,00;105,00;Geprueft
1996-10-05;119,00;121,00;118,00;Geprueft
1996-10-06;124,00;127,00;121,00;Geprueft
1996-10-07;119,00;127,00;113,00;Geprueft
1996-10-08;118,00;118,00;117,00;Geprueft
1996-10-09;119,00;120,00;117,00;Geprueft
1996-10-10;120,00;120,00;118,00;Geprueft
1996-10-11;120,00;122,00;118,00;Geprueft
1996-10-12;118,00;124,00;114,00;Geprueft
1996-10-13;109,00;114,00;104,00;Geprueft
1996-10-14;108,00;111,00;106,00;Geprueft
1996-10-15;113,00;117,00;108,00;Geprueft
1996-10-16;115,00;117,00;109,00;Geprueft
1996-10-17;116,00;123,00;115,00;Geprueft
1996-10-18;128,00;135,00;122,00;Geprueft
1996-10-19;116,00;125,00;107,00;Geprueft
1996-10-20;121,00;128,00;116,00;Geprueft
1996-10-21;138,00;175,00;120,00;Geprueft
1996-10-22;184,00;199,00;167,00;Geprueft
1996-10-23;207,00;229,00;181,00;Geprueft
1996-10-24;175,00;203,00;152,00;Geprueft
1996-10-25;149,00;154,00;138,00;Geprueft
1996-10-26;133,00;139,00;129,00;Geprueft
1996-10-27;144,00;160,00;131,00;Geprueft
1996-10-28;146,00;158,00;140,00;Geprueft
1996-10-29;140,00;140,00;139,00;Geprueft
1996-10-30;140,00;144,00;134,00;Geprueft
1996-10-31;134,00;138,00;131,00;Geprueft
1996-11-01;126,00;133,00;119,00;Geprueft
1996-11-02;123,00;130,00;116,00;Geprueft
1996-11-03;130,00;132,00;126,00;Geprueft
1996-11-04;123,00;128,00;119,00;Geprueft
1996-11-05;125,00;133,00;121,00;Geprueft
1996-11-06;122,00;123,00;121,00;Geprueft
1996-11-07;121,00;125,00;118,00;Geprueft
1996-11-08;117,00;119,00;115,00;Geprueft
1996-11-09;121,00;124,00;118,00;Geprueft
1996-11-10;116,00;122,00;112,00;Geprueft
1996-11-11;114,00;114,00;113,00;Geprueft
1996-11-12;113,00;117,00;110,00;Geprueft
1996-11-13;111,00;115,00;109,00;Geprueft
1996-11-14;129,00;158,00;114,00;Geprueft
1996-11-15;150,00;153,00;146,00;Geprueft
1996-11-16;144,00;147,00;133,00;Geprueft
1996-11-17;125,00;133,00;118,00;Geprueft
1996-11-18;127,00;138,00;120,00;Geprueft
1996-11-19;142,00;147,00;137,00;Geprueft
1996-11-20;131,00;137,00;121,00;Geprueft
1996-11-21;130,00;137,00;123,00;Geprueft
1996-11-22;127,00;137,00;110,00;Geprueft
1996-11-23;126,00;128,00;123,00;Geprueft
1996-11-24;121,00;126,00;117,00;Geprueft
1996-11-25;119,00;126,00;111,00;Geprueft
1996-11-26;120,00;120,00;118,00;Geprueft
1996-11-27;129,00;136,00;120,00;Geprueft
1996-11-28;127,00;133,00;119,00;Geprueft
1996-11-29;125,00;129,00;120,00;Geprueft
1996-11-30;130,00;132,00;127,00;Geprueft
1996-12-01;139,00;147,00;132,00;Geprueft
1996-12-02;131,00;137,00;127,00;Geprueft
1996-12-03;132,00;137,00;127,00;Geprueft
1996-12-04;132,00;137,00;121,00;Geprueft
1996-12-05;123,00;128,00;120,00;Geprueft
1996-12-06;123,00;126,00;119,00;Geprueft
1996-12-07;122,00;125,00;119,00;Geprueft
1996-12-08;114,00;119,00;106,00;Geprueft
1996-12-09;120,00;122,00;116,00;Geprueft
1996-12-10;120,00;122,00;115,00;Geprueft
1996-12-11;120,00;123,00;115,00;Geprueft
1996-12-12;118,00;124,00;112,00;Geprueft
1996-12-13;121,00;123,00;119,00;Geprueft
1996-12-14;122,00;123,00;122,00;Geprueft
1996-12-15;121,00;124,00;116,00;Geprueft
1996-12-16;116,00;118,00;116,00;Geprueft
1996-12-17;118,00;123,00;115,00;Geprueft
1996-12-18;122,00;124,00;118,00;Geprueft
1996-12-19;132,00;136,00;123,00;Geprueft
1996-12-20;129,00;136,00;124,00;Geprueft
1996-12-21;132,00;137,00;127,00;Geprueft
1996-12-22;135,00;136,00;130,00;Geprueft
1996-12-23;131,00;135,00;128,00;Geprueft
1996-12-24;129,00;131,00;128,00;Geprueft
1996-12-25;122,00;129,00;114,00;Geprueft
1996-12-26;112,00;115,00;107,00;Geprueft
1996-12-27;116,00;119,00;109,00;Geprueft
1996-12-28;117,00;117,00;117,00;Geprueft
1996-12-29;122,00;130,00;117,00;Geprueft
1996-12-30;119,00;127,00;115,00;Geprueft
1996-12-31;112,00;115,00;110,00;Geprueft
1997-01-01;104,00;110,00;102,00;Geprueft
1997-01-02;105,00;107,00;99,00;Geprueft
1997-01-03;112,00;118,00;105,00;Geprueft
1997-01-04;107,00;110,00;104,00;Geprueft
1997-01-05;105,00;105,00;104,00;Geprueft
1997-01-06;104,00;107,00;102,00;Geprueft
1997-01-07;104,00;109,00;101,00;Geprueft
1997-01-08;109,00;111,00;106,00;Geprueft
1997-01-09;112,00;114,00;110,00;Geprueft
1997-01-10;114,00;119,00;108,00;Geprueft
1997-01-11;113,00;115,00;108,00;Geprueft
1997-01-12;107,00;111,00;104,00;Geprueft
1997-01-13;103,00;105,00;102,00;Geprueft
1997-01-14;106,00;114,00;102,00;Geprueft
1997-01-15;110,00;113,00;107,00;Geprueft
1997-01-16;109,00;109,00;108,00;Geprueft
1997-01-17;109,00;109,00;108,00;Geprueft
1997-01-18;104,00;108,00;100,00;Geprueft
1997-01-19;104,00;106,00;100,00;Geprueft
1997-01-20;101,00;101,00;100,00;Geprueft
1997-01-21;105,00;109,00;100,00;Geprueft
1997-01-22;106,00;108,00;104,00;Geprueft
1997-01-23;106,00;110,00;104,00;Geprueft
1997-01-24;108,00;113,00;105,00;Geprueft
1997-01-25;105,00;106,00;105,00;Geprueft
1997-01-26;104,00;105,00;102,00;Geprueft
1997-01-27;103,00;104,00;102,00;Geprueft
1997-01-28;103,00;106,00;99,00;Geprueft
1997-01-29;104,00;111,00;101,00;Geprueft
1997-01-30;109,00;112,00;107,00;Geprueft
1997-01-31;110,00;113,00;108,00;Geprueft
1997-02-01;105,00;108,00;101,00;Geprueft
1997-02-02;100,00;101,00;99,00;Geprueft
1997-02-03;100,00;100,00;99,00;Geprueft
1997-02-04;97,00;100,00;94,00;Geprueft
1997-02-05;100,00;102,00;98,00;Geprueft
1997-02-06;100,00;102,00;98,00;Geprueft
1997-02-07;101,00;102,00;99,00;Geprueft
1997-02-08;101,00;104,00;99,00;Geprueft
1997-02-09;102,00;104,00;101,00;Geprueft
1997-02-10;100,00;102,00;99,00;Geprueft
1997-02-11;99,00;100,00;98,00;Geprueft
1997-02-12;101,00;106,00;98,00;Geprueft
1997-02-13;114,00;121,00;105,00;Geprueft
1997-02-14;109,00;119,00;104,00;Geprueft
1997-02-15;114,00;125,00;106,00;Geprueft
1997-02-16;129,00;133,00;124,00;Geprueft
1997-02-17;122,00;133,00;112,00;Geprueft
1997-02-18;113,00;117,00;109,00;Geprueft
1997-02-19;110,00;115,00;107,00;Geprueft
1997-02-20;114,00;117,00;108,00;Geprueft
1997-02-21;116,00;118,00;114,00;Geprueft
1997-02-22;112,00;116,00;103,00;Geprueft
1997-02-23;108,00;113,00;103,00;Geprueft
1997-02-24;111,00;113,00;110,00;Geprueft
1997-02-25;109,00;110,00;108,00;Geprueft
1997-02-26;113,00;116,00;108,00;Geprueft
1997-02-27;120,00;131,00;112,00;Geprueft
1997-02-28;122,00;129,00;116,00;Geprueft
1997-03-01;115,00;118,00;113,00;Geprueft
1997-03-02;112,00;117,00;109,00;Geprueft
1997-03-03;106,00;110,00;103,00;Geprueft
1997-03-04;108,00;111,00;104,00;Geprueft
1997-03-05;115,00;119,00;110,00;Geprueft
1997-03-06;121,00;131,00;114,00;Geprueft
1997-03-07;128,00;131,00;126,00;Geprueft
1997-03-08;122,00;127,00;113,00;Geprueft
1997-03-09;116,00;119,00;112,00;Geprueft
1997-03-10;114,00;115,00;112,00;Geprueft
1997-03-11;113,00;113,00;112,00;Geprueft
1997-03-12;111,00;113,00;110,00;Geprueft
1997-03-13;110,00;110,00;109,00;Geprueft
1997-03-14;109,00;110,00;109,00;Geprueft
1997-03-15;111,00;113,00;109,00;Geprueft
1997-03-16;108,00;113,00;105,00;Geprueft
1997-03-17;109,00;112,00;108,00;Geprueft
1997-03-18;114,00;119,00;108,00;Geprueft
1997-03-19;111,00;118,00;107,00;Geprueft
1997-03-20;118,00;120,00;115,00;Geprueft
1997-03-21;118,00;121,00;118,00;Geprueft
1997-03-22;117,00;124,00;111,00;Geprueft
1997-03-23;110,00;111,00;108,00;Geprueft
1997-03-24;110,00;112,00;108,00;Geprueft
1997-03-25;118,00;128,00;110,00;Geprueft
1997-03-26;128,00;129,00;125,00;Geprueft
1997-03-27;122,00;127,00;118,00;Geprueft
1997-03-28;121,00;127,00;116,00;Geprueft
1997-03-29;133,00;139,00;124,00;Geprueft
1997-03-30;131,00;139,00;126,00;Geprueft
1997-03-31;122,00;128,00;117,00;Geprueft
1997-04-01;118,00;119,00;115,00;Geprueft
1997-04-02;124,00;131,00;119,00;Geprueft
1997-04-03;125,00;131,00;117,00;Geprueft
1997-04-04;118,00;120,00;115,00;Geprueft
1997-04-05;119,00;122,00;115,00;Geprueft
1997-04-06;126,00;137,00;120,00;Geprueft
1997-04-07;137,00;139,00;134,00;Geprueft
1997-04-08;135,00;137,00;132,00;Geprueft
1997-04-09;128,00;136,00;119,00;Geprueft
1997-04-10;119,00;123,00;116,00;Geprueft
1997-04-11;118,00;120,00;117,00;Geprueft
1997-04-12;120,00;123,00;116,00;Geprueft
1997-04-13;119,00;122,00;111,00;Geprueft
1997-04-14;115,00;119,00;113,00;Geprueft
1997-04-15;118,00;120,00;115,00;Geprueft
1997-04-16;120,00;123,00;118,00;Geprueft
1997-04-17;118,00;120,00;115,00;Geprueft
1997-04-18;114,00;115,00;114,00;Geprueft
1997-04-19;113,00;114,00;112,00;Geprueft
1997-04-20;107,00;112,00;100,00;Geprueft
1997-04-21;113,00;117,00;106,00;Geprueft
1997-04-22;111,00;115,00;106,00;Geprueft
1997-04-23;111,00;115,00;108,00;Geprueft
1997-04-24;111,00;114,00;108,00;Geprueft
1997-04-25;109,00;109,00;108,00;Geprueft
1997-04-26;109,00;110,00;108,00;Geprueft
1997-04-27;114,00;119,00;110,00;Geprueft
1997-04-28;125,00;131,00;116,00;Geprueft
1997-04-29;125,00;135,00;115,00;Geprueft
1997-04-30;125,00;135,00;116,00;Geprueft
1997-05-01;138,00;139,00;135,00;Geprueft
1997-05-02;136,00;139,00;123,00;Geprueft
1997-05-03;122,00;125,00;120,00;Geprueft
1997-05-04;121,00;126,00;118,00;Geprueft
1997-05-05;120,00;123,00;116,00;Geprueft
1997-05-06;122,00;123,00;118,00;Geprueft
1997-05-07;124,00;130,00;118,00;Geprueft
1997-05-08;122,00;128,00;116,00;Geprueft
1997-05-09;120,00;125,00;117,00;Geprueft
1997-05-10;120,00;125,00;117,00;Geprueft
1997-05-11;119,00;120,00;118,00;Geprueft
1997-05-12;117,00;120,00;114,00;Geprueft
1997-05-13;114,00;117,00;112,00;Geprueft
1997-05-14;118,00;125,00;114,00;Geprueft
1997-05-15;123,00;125,00;121,00;Geprueft
1997-05-16;121,00;122,00;119,00;Geprueft
1997-05-17;120,00;122,00;119,00;Geprueft
1997-05-18;119,00;167,00;90,00;Geprueft
1997-05-19;123,00;140,00;111,00;Geprueft
1997-05-20;121,00;128,00;113,00;Geprueft
1997-05-21;124,00;126,00;120,00;Geprueft
1997-05-22;129,00;134,00;120,00;Geprueft
1997-05-23;131,00;134,00;125,00;Geprueft
1997-05-24;125,00;130,00;119,00;Geprueft
1997-05-25;117,00;121,00;113,00;Geprueft
1997-05-26;112,00;115,00;108,00;Geprueft
1997-05-27;111,00;113,00;109,00;Geprueft
1997-05-28;113,00;114,00;111,00;Geprueft
1997-05-29;108,00;112,00;106,00;Geprueft
1997-05-30;103,00;108,00;100,00;Geprueft
1997-05-31;103,00;104,00;101,00;Geprueft
1997-06-01;110,00;113,00;104,00;Geprueft
1997-06-02;110,00;113,00;107,00;Geprueft
1997-06-03;111,00;114,00;109,00;Geprueft
1997-06-04;114,00;116,00;112,00;Geprueft
1997-06-05;112,00;113,00;109,00;Geprueft
1997-06-06;108,00;110,00;105,00;Geprueft
1997-06-07;106,00;107,00;103,00;Geprueft
1997-06-08;103,00;105,00;101,00;Geprueft
1997-06-09;103,00;106,00;102,00;Geprueft
1997-06-10;108,00;114,00;104,00;Geprueft
1997-06-11;111,00;115,00;106,00;Geprueft
1997-06-12;109,00;115,00;105,00;Geprueft
1997-06-13;106,00;107,00;105,00;Geprueft
1997-06-14;105,00;107,00;104,00;Geprueft
1997-06-15;104,00;106,00;103,00;Geprueft
1997-06-16;105,00;107,00;103,00;Geprueft
1997-06-17;105,00;106,00;100,00;Geprueft
1997-06-18;105,00;112,00;100,00;Geprueft
1997-06-19;115,00;116,00;112,00;Geprueft
1997-06-20;122,00;132,00;114,00;Geprueft
1997-06-21;125,00;134,00;116,00;Geprueft
1997-06-22;110,00;116,00;105,00;Geprueft
1997-06-23;115,00;124,00;105,00;Geprueft
1997-06-24;124,00;130,00;120,00;Geprueft
1997-06-25;117,00;122,00;113,00;Geprueft
1997-06-26;112,00;118,00;110,00;Geprueft
1997-06-27;122,00;127,00;118,00;Geprueft
1997-06-28;127,00;127,00;125,00;Geprueft
1997-06-29;119,00;127,00;109,00;Geprueft
1997-06-30;111,00;123,00;103,00;Geprueft
1997-07-01;121,00;123,00;118,00;Geprueft
1997-07-02;119,00;121,00;117,00;Geprueft
1997-07-03;116,00;119,00;114,00;Geprueft
1997-07-04;114,00;115,00;113,00;Geprueft
1997-07-05;126,00;140,00;114,00;Geprueft
1997-07-06;167,00;202,00;140,00;Geprueft
1997-07-07;221,00;235,00;197,00;Geprueft
1997-07-08;259,00;274,00;225,00;Geprueft
1997-07-09;215,00;269,00;171,00;Geprueft
1997-07-10;165,00;178,00;159,00;Geprueft
1997-07-11;155,00;159,00;150,00;Geprueft
1997-07-12;146,00;156,00;135,00;Geprueft
1997-07-13;122,00;135,00;117,00;Geprueft
1997-07-14;123,00;133,00;119,00;Geprueft
1997-07-15;136,00;142,00;131,00;Geprueft
1997-07-16;143,00;145,00;138,00;Geprueft
1997-07-17;140,00;147,00;129,00;Geprueft
1997-07-18;140,00;163,00;127,00;Geprueft
1997-07-19;189,00;212,00;163,00;Geprueft
1997-07-20;230,00;243,00;197,00;Geprueft
1997-07-21;216,00;236,00;203,00;Geprueft
1997-07-22;215,00;219,00;211,00;Geprueft
1997-07-23;206,00;222,00;189,00;Geprueft
1997-07-24;174,00;192,00;161,00;Geprueft
1997-07-25;159,00;164,00;153,00;Geprueft
1997-07-26;164,00;175,00;157,00;Geprueft
1997-07-27;164,00;168,00;155,00;Geprueft
1997-07-28;146,00;155,00;142,00;Geprueft
1997-07-29;144,00;147,00;142,00;Geprueft
1997-07-30;148,00;153,00;142,00;Geprueft
1997-07-31;141,00;142,00;129,00;Geprueft
1997-08-01;140,00;141,00;137,00;Geprueft
1997-08-02;140,00;144,00;139,00;Geprueft
1997-08-03;141,00;142,00;135,00;Geprueft
1997-08-04;131,00;136,00;123,00;Geprueft
1997-08-05;127,00;131,00;123,00;Geprueft
1997-08-06;127,00;129,00;125,00;Geprueft
1997-08-07;126,00;130,00;125,00;Geprueft
1997-08-08;127,00;130,00;122,00;Geprueft
1997-08-09;120,00;122,00;114,00;Geprueft
1997-08-10;113,00;114,00;112,00;Geprueft
1997-08-11;112,00;114,00;110,00;Geprueft
1997-08-12;113,00;114,00;111,00;Geprueft
1997-08-13;112,00;113,00;108,00;Geprueft
1997-08-14;107,00;108,00;106,00;Geprueft
1997-08-15;110,00;111,00;107,00;Geprueft
1997-08-16;108,00;111,00;106,00;Geprueft
1997-08-17;107,00;108,00;105,00;Geprueft
1997-08-18;118,00;127,00;108,00;Geprueft
1997-08-19;117,00;125,00;105,00;Geprueft
1997-08-20;108,00;111,00;105,00;Geprueft
1997-08-21;110,00;112,00;105,00;Geprueft
1997-08-22;104,00;105,00;103,00;Geprueft
1997-08-23;105,00;106,00;105,00;Geprueft
1997-08-24;105,00;106,00;105,00;Geprueft
1997-08-25;106,00;106,00;103,00;Geprueft
1997-08-26;105,00;105,00;102,00;Geprueft
1997-08-27;108,00;113,00;102,00;Geprueft
1997-08-28;111,00;113,00;109,00;Geprueft
1997-08-29;110,00;116,00;109,00;Geprueft
1997-08-30;123,00;127,00;113,00;Geprueft
1997-08-31;114,00;115,00;112,00;Geprueft
1997-09-01;114,00;114,00;113,00;Geprueft
1997-09-02;110,00;114,00;105,00;Geprueft
1997-09-03;109,00;113,00;107,00;Geprueft
1997-09-04;113,00;114,00;111,00;Geprueft
1997-09-05;114,00;114,00;114,00;Geprueft
1997-09-06;112,00;114,00;109,00;Geprueft
1997-09-07;108,00;109,00;104,00;Geprueft
1997-09-08;108,00;109,00;107,00;Geprueft
1997-09-09;109,00;110,00;107,00;Geprueft
1997-09-10;105,00;109,00;102,00;Geprueft
1997-09-11;103,00;104,00;102,00;Geprueft
1997-09-12;104,00;105,00;103,00;Geprueft
1997-09-13;103,00;105,00;102,00;Geprueft
1997-09-14;104,00;104,00;104,00;Geprueft
1997-09-15;104,00;104,00;104,00;Geprueft
1997-09-16;106,00;108,00;104,00;Geprueft
1997-09-17;108,00;110,00;107,00;Geprueft
1997-09-18;107,00;108,00;105,00;Geprueft
1997-09-19;104,00;106,00;103,00;Geprueft
1997-09-20;105,00;107,00;104,00;Geprueft
1997-09-21;105,00;107,00;102,00;Geprueft
1997-09-22;102,00;103,00;101,00;Geprueft
1997-09-23;101,00;103,00;100,00;Geprueft
1997-09-24;101,00;104,00;100,00;Geprueft
1997-09-25;106,00;109,00;103,00;Geprueft
1997-09-26;105,00;107,00;102,00;Geprueft
1997-09-27;102,00;103,00;102,00;Geprueft
1997-09-28;103,00;104,00;102,00;Geprueft
1997-09-29;102,00;103,00;100,00;Geprueft
1997-09-30;99,00;100,00;97,00;Geprueft
1997-10-01;101,00;104,00;97,00;Geprueft
1997-10-02;106,00;111,00;102,00;Geprueft
1997-10-03;104,00;110,00;100,00;Geprueft
1997-10-04;100,00;101,00;99,00;Geprueft
1997-10-05;100,00;101,00;98,00;Geprueft
1997-10-06;99,00;100,00;98,00;Geprueft
1997-10-07;97,00;98,00;95,00;Geprueft
1997-10-08;100,00;102,00;97,00;Geprueft
1997-10-09;98,00;99,00;97,00;Geprueft
1997-10-10;98,00;98,00;97,00;Geprueft
1997-10-11;101,00;107,00;97,00;Geprueft
1997-10-12;108,00;114,00;104,00;Geprueft
1997-10-13;121,00;131,00;114,00;Geprueft
1997-10-14;124,00;134,00;116,00;Geprueft
1997-10-15;119,00;124,00;116,00;Geprueft
1997-10-16;124,00;135,00;121,00;Geprueft
1997-10-17;132,00;136,00;128,00;Geprueft
1997-10-18;127,00;133,00;113,00;Geprueft
1997-10-19;113,00;126,00;104,00;Geprueft
1997-10-20;115,00;128,00;106,00;Geprueft
1997-10-21;114,00;124,00;108,00;Geprueft
1997-10-22;111,00;116,00;108,00;Geprueft
1997-10-23;113,00;113,00;109,00;Geprueft
1997-10-24;107,00;110,00;101,00;Geprueft
1997-10-25;105,00;106,00;104,00;Geprueft
1997-10-26;105,00;108,00;100,00;Geprueft
1997-10-27;106,00;108,00;104,00;Geprueft
1997-10-28;108,00;112,00;105,00;Geprueft
1997-10-29;106,00;107,00;104,00;Geprueft
1997-10-30;105,00;107,00;100,00;Geprueft
1997-10-31;104,00;108,00;100,00;Geprueft
1997-11-01;101,00;103,00;99,00;Geprueft
1997-11-02;99,00;102,00;98,00;Geprueft
1997-11-03;100,00;103,00;94,00;Geprueft
1997-11-04;100,00;100,00;99,00;Geprueft
1997-11-05;99,00;99,00;99,00;Geprueft
1997-11-06;100,00;101,00;97,00;Geprueft
1997-11-07;102,00;107,00;101,00;Geprueft
1997-11-08;104,00;107,00;102,00;Geprueft
1997-11-09;101,00;102,00;99,00;Geprueft
1997-11-10;101,00;103,00;100,00;Geprueft
1997-11-11;101,00;102,00;101,00;Geprueft
1997-11-12;101,00;104,00;99,00;Geprueft
1997-11-13;101,00;103,00;99,00;Geprueft
1997-11-14;102,00;102,00;102,00;Geprueft
1997-11-15;101,00;102,00;100,00;Geprueft
1997-11-16;100,00;101,00;98,00;Geprueft
1997-11-17;100,00;101,00;98,00;Geprueft
1997-11-18;100,00;101,00;99,00;Geprueft
1997-11-19;99,00;102,00;97,00;Geprueft
1997-11-20;99,00;100,00;98,00;Geprueft
1997-11-21;99,00;100,00;98,00;Geprueft
1997-11-22;98,00;99,00;96,00;Geprueft
1997-11-23;97,00;98,00;97,00;Geprueft
1997-11-24;99,00;101,00;97,00;Geprueft
1997-11-25;101,00;102,00;100,00;Geprueft
1997-11-26;100,00;102,00;100,00;Geprueft
1997-11-27;100,00;102,00;98,00;Geprueft
1997-11-28;101,00;102,00;100,00;Geprueft
1997-11-29;99,00;101,00;95,00;Geprueft
1997-11-30;99,00;100,00;98,00;Geprueft
1997-12-01;101,00;106,00;98,00;Geprueft
1997-12-02;102,00;104,00;101,00;Geprueft
1997-12-03;102,00;103,00;100,00;Geprueft
1997-12-04;102,00;103,00;102,00;Geprueft
1997-12-05;101,00;102,00;99,00;Geprueft
1997-12-06;101,00;102,00;99,00;Geprueft
1997-12-07;102,00;103,00;102,00;Geprueft
1997-12-08;102,00;103,00;101,00;Geprueft
1997-12-09;101,00;103,00;100,00;Geprueft
1997-12-10;104,00;107,00;103,00;Geprueft
1997-12-11;105,00;106,00;105,00;Geprueft
1997-12-12;133,00;159,00;106,00;Geprueft
1997-12-13;146,00;159,00;138,00;Geprueft
1997-12-14;141,00;149,00;123,00;Geprueft
1997-12-15;127,00;133,00;122,00;Geprueft
1997-12-16;122,00;129,00;120,00;Geprueft
1997-12-17;115,00;120,00;109,00;Geprueft
1997-12-18;108,00;110,00;103,00;Geprueft
1997-12-19;114,00;118,00;110,00;Geprueft
1997-12-20;119,00;123,00;118,00;Geprueft
1997-12-21;113,00;118,00;105,00;Geprueft
1997-12-22;121,00;137,00;110,00;Geprueft
1997-12-23;138,00;141,00;131,00;Geprueft
1997-12-24;127,00;138,00;121,00;Geprueft
1997-12-25;117,00;123,00;112,00;Geprueft
1997-12-26;119,00;121,00;115,00;Geprueft
1997-12-27;117,00;121,00;112,00;Geprueft
1997-12-28;117,00;132,00;113,00;Geprueft
1997-12-29;114,00;118,00;113,00;Geprueft
1997-12-30;112,00;117,00;109,00;Geprueft
1997-12-31;114,00;119,00;112,00;Geprueft
1998-01-01;110,00;113,00;107,00;Geprueft
1998-01-02;108,00;113,00;101,00;Geprueft
1998-01-03;109,00;112,00;107,00;Geprueft
1998-01-04;107,00;112,00;105,00;Geprueft
1998-01-05;111,00;114,00;106,00;Geprueft
1998-01-06;113,00;115,00;111,00;Geprueft
1998-01-07;117,00;125,00;111,00;Geprueft
1998-01-08;117,00;121,00;112,00;Geprueft
1998-01-09;118,00;128,00;115,00;Geprueft
1998-01-10;116,00;122,00;110,00;Geprueft
1998-01-11;109,00;112,00;105,00;Geprueft
1998-01-12;106,00;110,00;104,00;Geprueft
1998-01-13;108,00;110,00;106,00;Geprueft
1998-01-14;112,00;116,00;109,00;Geprueft
1998-01-15;111,00;115,00;108,00;Geprueft
1998-01-16;107,00;109,00;103,00;Geprueft
1998-01-17;107,00;109,00;105,00;Geprueft
1998-01-18;107,00;109,00;106,00;Geprueft
1998-01-19;107,00;111,00;103,00;Geprueft
1998-01-20;108,00;110,00;106,00;Geprueft
1998-01-21;105,00;109,00;100,00;Geprueft
1998-01-22;107,00;110,00;105,00;Geprueft
1998-01-23;111,00;113,00;109,00;Geprueft
1998-01-24;106,00;110,00;99,00;Geprueft
1998-01-25;100,00;105,00;99,00;Geprueft
1998-01-26;106,00;110,00;102,00;Geprueft
1998-01-27;106,00;108,00;105,00;Geprueft
1998-01-28;107,00;110,00;104,00;Geprueft
1998-01-29;109,00;113,00;105,00;Geprueft
1998-01-30;110,00;113,00;103,00;Geprueft
1998-01-31;105,00;105,00;104,00;Geprueft
1998-02-01;103,00;105,00;101,00;Geprueft
1998-02-02;99,00;101,00;96,00;Geprueft
1998-02-03;99,00;103,00;97,00;Geprueft
1998-02-04;103,00;103,00;102,00;Geprueft
1998-02-05;102,00;102,00;101,00;Geprueft
1998-02-06;101,00;102,00;100,00;Geprueft
1998-02-07;100,00;103,00;98,00;Geprueft
1998-02-08;102,00;104,00;100,00;Geprueft
1998-02-09;99,00;101,00;96,00;Geprueft
1998-02-10;100,00;102,00;98,00;Geprueft
1998-02-11;97,00;98,00;96,00;Geprueft
1998-02-12;98,00;99,00;97,00;Geprueft
1998-02-13;98,00;100,00;97,00;Geprueft
1998-02-14;100,00;100,00;98,00;Geprueft
1998-02-15;100,00;103,00;95,00;Geprueft
1998-02-16;101,00;103,00;100,00;Geprueft
1998-02-17;101,00;103,00;99,00;Geprueft
1998-02-18;100,00;103,00;99,00;Geprueft
1998-02-19;100,00;103,00;99,00;Geprueft
1998-02-20;99,00;101,00;98,00;Geprueft
1998-02-21;99,00;99,00;98,00;Geprueft
1998-02-22;99,00;102,00;98,00;Geprueft
1998-02-23;103,00;105,00;102,00;Geprueft
1998-02-24;103,00;105,00;101,00;Geprueft
1998-02-25;103,00;104,00;102,00;Geprueft
1998-02-26;104,00;107,00;103,00;Geprueft
1998-02-27;103,00;106,00;101,00;Geprueft
1998-02-28;102,00;102,00;102,00;Geprueft
1998-03-01;102,00;102,00;102,00;Geprueft
1998-03-02;102,00;103,00;101,00;Geprueft
1998-03-03;104,00;106,00;102,00;Geprueft
1998-03-04;103,00;105,00;100,00;Geprueft
1998-03-05;103,00;105,00;98,00;Geprueft
1998-03-06;103,00;104,00;101,00;Geprueft
1998-03-07;104,00;107,00;102,00;Geprueft
1998-03-08;109,00;121,00;107,00;Geprueft
1998-03-09;119,00;125,00;115,00;Geprueft
1998-03-10;117,00;119,00;114,00;Geprueft
1998-03-11;114,00;115,00;112,00;Geprueft
1998-03-12;109,00;113,00;104,00;Geprueft
1998-03-13;102,00;104,00;101,00;Geprueft
1998-03-14;107,00;110,00;103,00;Geprueft
1998-03-15;107,00;110,00;105,00;Geprueft
1998-03-16;113,00;122,00;104,00;Geprueft
1998-03-17;133,00;153,00;122,00;Geprueft
1998-03-18;144,00;155,00;140,00;Geprueft
1998-03-19;127,00;140,00;118,00;Geprueft
1998-03-20;126,00;128,00;122,00;Geprueft
1998-03-21;124,00;128,00;119,00;Geprueft
1998-03-22;115,00;119,00;112,00;Geprueft
1998-03-23;111,00;128,00;106,00;Geprueft
1998-03-24;119,00;127,00;112,00;Geprueft
1998-03-25;122,00;140,00;100,00;Geprueft
1998-03-26;119,00;143,00;102,00;Geprueft
1998-03-27;115,00;127,00;106,00;Geprueft
1998-03-28;107,00;110,00;104,00;Geprueft
1998-03-29;110,00;112,00;107,00;Geprueft
1998-03-30;130,00;138,00;112,00;Geprueft
1998-03-31;135,00;139,00;133,00;Geprueft
1998-04-01;137,00;140,00;133,00;Geprueft
1998-04-02;137,00;139,00;134,00;Geprueft
1998-04-03;136,00;138,00;132,00;Geprueft
1998-04-04;125,00;135,00;117,00;Geprueft
1998-04-05;117,00;123,00;102,00;Geprueft
1998-04-06;117,00;126,00;102,00;Geprueft
1998-04-07;122,00;128,00;116,00;Geprueft
1998-04-08;128,00;134,00;124,00;Geprueft
1998-04-09;126,00;135,00;105,00;Geprueft
1998-04-10;110,00;114,00;105,00;Geprueft
1998-04-11;107,00;110,00;104,00;Geprueft
1998-04-12;111,00;117,00;108,00;Geprueft
1998-04-13;110,00;116,00;103,00;Geprueft
1998-04-14;111,00;121,00;104,00;Geprueft
1998-04-15;120,00;123,00;119,00;Geprueft
1998-04-16;121,00;125,00;119,00;Geprueft
1998-04-17;119,00;122,00;117,00;Geprueft
1998-04-18;118,00;120,00;116,00;Geprueft
1998-04-19;118,00;120,00;111,00;Geprueft
1998-04-20;115,00;117,00;113,00;Geprueft
1998-04-21;111,00;115,00;107,00;Geprueft
1998-04-22;113,00;119,00;109,00;Geprueft
1998-04-23;116,00;119,00;111,00;Geprueft
1998-04-24;115,00;116,00;110,00;Geprueft
1998-04-25;110,00;111,00;107,00;Geprueft
1998-04-26;105,00;109,00;103,00;Geprueft
1998-04-27;108,00;114,00;104,00;Geprueft
1998-04-28;115,00;118,00;113,00;Geprueft
1998-04-29;116,00;118,00;112,00;Geprueft
1998-04-30;109,00;115,00;104,00;Geprueft
1998-05-01;103,00;104,00;100,00;Geprueft
1998-05-02;103,00;108,00;101,00;Geprueft
1998-05-03;108,00;109,00;107,00;Geprueft
1998-05-04;113,00;120,00;107,00;Geprueft
1998-05-05;114,00;123,00;111,00;Geprueft
1998-05-06;115,00;121,00;109,00;Geprueft
1998-05-07;113,00;115,00;108,00;Geprueft
1998-05-08;109,00;114,00;102,00;Geprueft
1998-05-09;106,00;108,00;103,00;Geprueft
1998-05-10;105,00;106,00;103,00;Geprueft
1998-05-11;102,00;106,00;97,00;Geprueft
1998-05-12;105,00;110,00;102,00;Geprueft
1998-05-13;104,00;108,00;94,00;Geprueft
1998-05-14;107,00;113,00;103,00;Geprueft
1998-05-15;105,00;106,00;104,00;Geprueft
1998-05-16;104,00;106,00;101,00;Geprueft
1998-05-17;102,00;105,00;101,00;Geprueft
1998-05-18;101,00;105,00;99,00;Geprueft
1998-05-19;105,00;112,00;100,00;Geprueft
1998-05-20;108,00;111,00;102,00;Geprueft
1998-05-21;101,00;102,00;99,00;Geprueft
1998-05-22;103,00;105,00;100,00;Geprueft
1998-05-23;101,00;104,00;100,00;Geprueft
1998-05-24;99,00;100,00;98,00;Geprueft
1998-05-25;100,00;101,00;98,00;Geprueft
1998-05-26;102,00;105,00;101,00;Geprueft
1998-05-27;103,00;106,00;100,00;Geprueft
1998-05-28;103,00;106,00;100,00;Geprueft
1998-05-29;105,00;106,00;101,00;Geprueft
1998-05-30;104,00;106,00;103,00;Geprueft
1998-05-31;105,00;106,00;105,00;Geprueft
1998-06-01;102,00;105,00;100,00;Geprueft
1998-06-02;99,00;103,00;96,00;Geprueft
1998-06-03;104,00;107,00;97,00;Geprueft
1998-06-04;104,00;112,00;99,00;Geprueft
1998-06-05;103,00;105,00;101,00;Geprueft
1998-06-06;105,00;108,00;104,00;Geprueft
1998-06-07;104,00;105,00;100,00;Geprueft
1998-06-08;104,00;108,00;94,00;Geprueft
1998-06-09;109,00;111,00;104,00;Geprueft
1998-06-10;109,00;113,00;99,00;Geprueft
1998-06-11;117,00;123,00;110,00;Geprueft
1998-06-12;152,00;180,00;121,00;Geprueft
1998-06-13;186,00;190,00;172,00;Geprueft
1998-06-14;172,00;190,00;145,00;Geprueft
1998-06-15;151,00;159,00;139,00;Geprueft
1998-06-16;145,00;147,00;141,00;Geprueft
1998-06-17;144,00;145,00;139,00;Geprueft
1998-06-18;134,00;140,00;111,00;Geprueft
1998-06-19;119,00;129,00;111,00;Geprueft
1998-06-20;123,00;129,00;118,00;Geprueft
1998-06-21;117,00;118,00;115,00;Geprueft
1998-06-22;110,00;116,00;107,00;Geprueft
1998-06-23;109,00;110,00;107,00;Geprueft
1998-06-24;110,00;112,00;107,00;Geprueft
1998-06-25;113,00;116,00;110,00;Geprueft
1998-06-26;111,00;114,00;110,00;Geprueft
1998-06-27;118,00;120,00;113,00;Geprueft
1998-06-28;124,00;128,00;120,00;Geprueft
1998-06-29;126,00;129,00;125,00;Geprueft
1998-06-30;119,00;126,00;113,00;Geprueft
1998-07-01;116,00;118,00;115,00;Geprueft
1998-07-02;123,00;134,00;116,00;Geprueft
1998-07-03;136,00;137,00;134,00;Geprueft
1998-07-04;134,00;138,00;125,00;Geprueft
1998-07-05;125,00;128,00;119,00;Geprueft
1998-07-06;119,00;121,00;114,00;Geprueft
1998-07-07;114,00;119,00;109,00;Geprueft
1998-07-08;129,00;153,00;114,00;Geprueft
1998-07-09;141,00;146,00;136,00;Geprueft
1998-07-10;138,00;142,00;131,00;Geprueft
1998-07-11;136,00;138,00;134,00;Geprueft
1998-07-12;129,00;137,00;121,00;Geprueft
1998-07-13;129,00;137,00;124,00;Geprueft
1998-07-14;131,00;136,00;127,00;Geprueft
1998-07-15;133,00;135,00;130,00;Geprueft
1998-07-16;128,00;131,00;125,00;Geprueft
1998-07-17;127,00;130,00;121,00;Geprueft
1998-07-18;121,00;122,00;118,00;Geprueft
1998-07-19;110,00;122,00;105,00;Geprueft
1998-07-20;107,00;109,00;105,00;Geprueft
1998-07-21;110,00;113,00;107,00;Geprueft
1998-07-22;113,00;116,00;112,00;Geprueft
1998-07-23;112,00;116,00;108,00;Geprueft
1998-07-24;109,00;110,00;107,00;Geprueft
1998-07-25;108,00;111,00;105,00;Geprueft
1998-07-26;108,00;110,00;107,00;Geprueft
1998-07-27;108,00;113,00;104,00;Geprueft
1998-07-28;109,00;115,00;105,00;Geprueft
1998-07-29;110,00;112,00;106,00;Geprueft
1998-07-30;111,00;116,00;108,00;Geprueft
1998-07-31;107,00;109,00;105,00;Geprueft
1998-08-01;107,00;109,00;104,00;Geprueft
1998-08-02;106,00;112,00;103,00;Geprueft
1998-08-03;114,00;120,00;111,00;Geprueft
1998-08-04;113,00;114,00;112,00;Geprueft
1998-08-05;109,00;114,00;103,00;Geprueft
1998-08-06;110,00;110,00;108,00;Geprueft
1998-08-07;111,00;112,00;110,00;Geprueft
1998-08-08;112,00;113,00;111,00;Geprueft
1998-08-09;111,00;112,00;109,00;Geprueft
1998-08-10;106,00;109,00;103,00;Geprueft
1998-08-11;106,00;112,00;103,00;Geprueft
1998-08-12;105,00;108,00;104,00;Geprueft
1998-08-13;104,00;107,00;102,00;Geprueft
1998-08-14;103,00;105,00;101,00;Geprueft
1998-08-15;100,00;103,00;99,00;Geprueft
1998-08-16;101,00;102,00;100,00;Geprueft
1998-08-17;101,00;103,00;100,00;Geprueft
1998-08-18;98,00;102,00;94,00;Geprueft
1998-08-19;99,00;100,00;98,00;Geprueft
1998-08-20;99,00;100,00;98,00;Geprueft
1998-08-21;99,00;99,00;98,00;Geprueft
1998-08-22;98,00;100,00;97,00;Geprueft
1998-08-23;108,00;119,00;99,00;Geprueft
1998-08-24;123,00;134,00;117,00;Geprueft
1998-08-25;115,00;129,00;106,00;Geprueft
1998-08-26;113,00;119,00;105,00;Geprueft
1998-08-27;118,00;120,00;116,00;Geprueft
1998-08-28;114,00;120,00;106,00;Geprueft
1998-08-29;105,00;106,00;104,00;Geprueft
1998-08-30;101,00;104,00;99,00;Geprueft
1998-08-31;100,00;103,00;99,00;Geprueft
1998-09-01;100,00;103,00;99,00;Geprueft
1998-09-02;99,00;100,00;98,00;Geprueft
1998-09-03;103,00;107,00;99,00;Geprueft
1998-09-04;108,00;115,00;97,00;Geprueft
1998-09-05;110,00;113,00;103,00;Geprueft
1998-09-06;119,00;128,00;107,00;Geprueft
1998-09-07;138,00;142,00;127,00;Geprueft
1998-09-08;131,00;142,00;126,00;Geprueft
1998-09-09;132,00;137,00;126,00;Geprueft
1998-09-10;125,00;129,00;118,00;Geprueft
1998-09-11;120,00;128,00;116,00;Geprueft
1998-09-12;123,00;137,00;116,00;Geprueft
1998-09-13;152,00;161,00;137,00;Geprueft
1998-09-14;149,00;152,00;141,00;Geprueft
1998-09-15;141,00;143,00;136,00;Geprueft
1998-09-16;138,00;140,00;135,00;Geprueft
1998-09-17;134,00;142,00;128,00;Geprueft
1998-09-18;157,00;171,00;141,00;Geprueft
1998-09-19;154,00;166,00;141,00;Geprueft
1998-09-20;143,00;147,00;141,00;Geprueft
1998-09-21;141,00;143,00;140,00;Geprueft
1998-09-22;141,00;143,00;137,00;Geprueft
1998-09-23;134,00;137,00;113,00;Geprueft
1998-09-24;112,00;113,00;109,00;Geprueft
1998-09-25;117,00;121,00;113,00;Geprueft
1998-09-26;118,00;120,00;114,00;Geprueft
1998-09-27;113,00;116,00;103,00;Geprueft
1998-09-28;108,00;113,00;103,00;Geprueft
1998-09-29;112,00;113,00;110,00;Geprueft
1998-09-30;111,00;113,00;110,00;Geprueft
1998-10-01;113,00;115,00;110,00;Geprueft
1998-10-02;117,00;129,00;111,00;Geprueft
1998-10-03;120,00;129,00;116,00;Geprueft
1998-10-04;111,00;116,00;102,00;Geprueft
1998-10-05;116,00;134,00;102,00;Geprueft
1998-10-06;133,00;141,00;123,00;Geprueft
1998-10-07;124,00;132,00;118,00;Geprueft
1998-10-08;136,00;143,00;123,00;Geprueft
1998-10-09;143,00;143,00;142,00;Geprueft
1998-10-10;139,00;143,00;133,00;Geprueft
1998-10-11;130,00;139,00;123,00;Geprueft
1998-10-12;126,00;130,00;124,00;Geprueft
1998-10-13;125,00;127,00;121,00;Geprueft
1998-10-14;126,00;133,00;122,00;Geprueft
1998-10-15;131,00;132,00;128,00;Geprueft
1998-10-16;124,00;128,00;120,00;Geprueft
1998-10-17;119,00;120,00;116,00;Geprueft
1998-10-18;118,00;121,00;115,00;Geprueft
1998-10-19;121,00;123,00;120,00;Geprueft
1998-10-20;119,00;121,00;116,00;Geprueft
1998-10-21;122,00;123,00;121,00;Geprueft
1998-10-22;120,00;122,00;117,00;Geprueft
1998-10-23;114,00;118,00;110,00;Geprueft
1998-10-24;112,00;114,00;109,00;Geprueft
1998-10-25;120,00;129,00;113,00;Geprueft
1998-10-26;123,00;125,00;122,00;Geprueft
1998-10-27;121,00;122,00;117,00;Geprueft
1998-10-28;121,00;124,00;120,00;Geprueft
1998-10-29;127,00;138,00;121,00;Geprueft
1998-10-30;161,00;176,00;138,00;Geprueft
1998-10-31;173,00;186,00;162,00;Geprueft
1998-11-01;157,00;167,00;145,00;Geprueft
1998-11-02;157,00;164,00;148,00;Geprueft
1998-11-03;157,00;164,00;149,00;Geprueft
1998-11-04;163,00;196,00;148,00;Geprueft
1998-11-05;179,00;193,00;158,00;Geprueft
1998-11-06;147,00;163,00;137,00;Geprueft
1998-11-07;139,00;141,00;135,00;Geprueft
1998-11-08;131,00;136,00;129,00;Geprueft
1998-11-09;141,00;190,00;131,00;Geprueft
1998-11-10;184,00;208,00;164,00;Geprueft
1998-11-11;217,00;237,00;197,00;Geprueft
1998-11-12;211,00;232,00;186,00;Geprueft
1998-11-13;190,00;192,00;186,00;Geprueft
1998-11-14;177,00;191,00;164,00;Geprueft
1998-11-15;165,00;168,00;160,00;Geprueft
1998-11-16;164,00;164,00;161,00;Geprueft
1998-11-17;170,00;176,00;161,00;Geprueft
1998-11-18;174,00;177,00;171,00;Geprueft
1998-11-19;162,00;176,00;146,00;Geprueft
1998-11-20;145,00;150,00;140,00;Geprueft
1998-11-21;140,00;142,00;137,00;Geprueft
1998-11-22;128,00;140,00;121,00;Geprueft
1998-11-23;129,00;134,00;122,00;Geprueft
1998-11-24;133,00;136,00;129,00;Geprueft
1998-11-25;139,00;140,00;131,00;Geprueft
1998-11-26;137,00;143,00;133,00;Geprueft
1998-11-27;124,00;133,00;115,00;Geprueft
1998-11-28;124,00;128,00;120,00;Geprueft
1998-11-29;120,00;125,00;116,00;Geprueft
1998-11-30;119,00;123,00;115,00;Geprueft
1998-12-01;120,00;127,00;116,00;Geprueft
1998-12-02;123,00;129,00;119,00;Geprueft
1998-12-03;122,00;124,00;120,00;Geprueft
1998-12-04;120,00;124,00;117,00;Geprueft
1998-12-05;116,00;119,00;111,00;Geprueft
1998-12-06;110,00;114,00;107,00;Geprueft
1998-12-07;115,00;122,00;108,00;Geprueft
1998-12-08;118,00;118,00;117,00;Geprueft
1998-12-09;117,00;120,00;112,00;Geprueft
1998-12-10;115,00;122,00;111,00;Geprueft
1998-12-11;117,00;121,00;112,00;Geprueft
1998-12-12;122,00;124,00;121,00;Geprueft
1998-12-13;130,00;154,00;120,00;Geprueft
1998-12-14;174,00;186,00;154,00;Geprueft
1998-12-15;178,00;189,00;155,00;Geprueft
1998-12-16;153,00;159,00;144,00;Geprueft
1998-12-17;151,00;157,00;145,00;Geprueft
1998-12-18;148,00;154,00;140,00;Geprueft
1998-12-19;142,00;146,00;129,00;Geprueft
1998-12-20;127,00;131,00;120,00;Geprueft
1998-12-21;119,00;123,00;117,00;Geprueft
1998-12-22;122,00;131,00;113,00;Geprueft
1998-12-23;116,00;122,00;110,00;Geprueft
1998-12-24;121,00;128,00;113,00;Geprueft
1998-12-25;112,00;123,00;109,00;Geprueft
1998-12-26;111,00;114,00;107,00;Geprueft
1998-12-27;109,00;111,00;108,00;Geprueft
1998-12-28;110,00;112,00;106,00;Geprueft
1998-12-29;116,00;119,00;111,00;Geprueft
1998-12-30;117,00;119,00;111,00;Geprueft
1998-12-31;112,00;115,00;108,00;Geprueft
1999-01-01;107,00;108,00;103,00;Geprueft
1999-01-02;104,00;104,00;104,00;Geprueft
1999-01-03;105,00;108,00;104,00;Geprueft
1999-01-04;107,00;110,00;106,00;Geprueft
1999-01-05;113,00;121,00;107,00;Geprueft
1999-01-06;116,00;120,00;114,00;Geprueft
1999-01-07;115,00;117,00;109,00;Geprueft
1999-01-08;115,00;123,00;106,00;Geprueft
1999-01-09;133,00;136,00;123,00;Geprueft
1999-01-10;124,00;135,00;118,00;Geprueft
1999-01-11;115,00;118,00;111,00;Geprueft
1999-01-12;118,00;125,00;113,00;Geprueft
1999-01-13;127,00;129,00;123,00;Geprueft
1999-01-14;123,00;130,00;115,00;Geprueft
1999-01-15;122,00;129,00;117,00;Geprueft
1999-01-16;116,00;120,00;109,00;Geprueft
1999-01-17;107,00;110,00;106,00;Geprueft
1999-01-18;113,00;122,00;106,00;Geprueft
1999-01-19;117,00;122,00;111,00;Geprueft
1999-01-20;111,00;115,00;108,00;Geprueft
1999-01-21;114,00;116,00;112,00;Geprueft
1999-01-22;113,00;116,00;109,00;Geprueft
1999-01-23;107,00;109,00;105,00;Geprueft
1999-01-24;109,00;112,00;107,00;Geprueft
1999-01-25;107,00;110,00;104,00;Geprueft
1999-01-26;110,00;112,00;105,00;Geprueft
1999-01-27;113,00;116,00;110,00;Geprueft
1999-01-28;108,00;113,00;96,00;Geprueft
1999-01-29;122,00;127,00;111,00;Geprueft
1999-01-30;115,00;127,00;102,00;Geprueft
1999-01-31;104,00;105,00;103,00;Geprueft
1999-02-01;106,00;110,00;105,00;Geprueft
1999-02-02;114,00;123,00;108,00;Geprueft
1999-02-03;113,00;119,00;107,00;Geprueft
1999-02-04;109,00;115,00;105,00;Geprueft
1999-02-05;115,00;130,00;109,00;Geprueft
1999-02-06;127,00;130,00;125,00;Geprueft
1999-02-07;116,00;128,00;110,00;Geprueft
1999-02-08;117,00;127,00;94,00;Geprueft
1999-02-09;115,00;125,00;107,00;Geprueft
1999-02-10;114,00;127,00;107,00;Geprueft
1999-02-11;120,00;127,00;115,00;Geprueft
1999-02-12;107,00;116,00;102,00;Geprueft
1999-02-13;106,00;107,00;105,00;Geprueft
1999-02-14;106,00;107,00;105,00;Geprueft
1999-02-15;108,00;111,00;105,00;Geprueft
1999-02-16;107,00;114,00;105,00;Geprueft
1999-02-17;116,00;122,00;109,00;Geprueft
1999-02-18;115,00;122,00;105,00;Geprueft
1999-02-19;111,00;112,00;109,00;Geprueft
1999-02-20;167,00;249,00;111,00;Geprueft
1999-02-21;255,00;268,00;238,00;Geprueft
1999-02-22;249,00;254,00;240,00;Geprueft
1999-02-23;228,00;254,00;206,00;Geprueft
1999-02-24;198,00;208,00;192,00;Geprueft
1999-02-25;176,00;192,00;160,00;Geprueft
1999-02-26;157,00;164,00;151,00;Geprueft
1999-02-27;155,00;159,00;152,00;Geprueft
1999-02-28;136,00;156,00;131,00;Geprueft
1999-03-01;147,00;158,00;132,00;Geprueft
1999-03-02;166,00;180,00;146,00;Geprueft
1999-03-03;177,00;184,00;171,00;Geprueft
1999-03-04;175,00;180,00;171,00;Geprueft
1999-03-05;177,00;182,00;174,00;Geprueft
1999-03-06;176,00;181,00;167,00;Geprueft
1999-03-07;161,00;170,00;154,00;Geprueft
1999-03-08;157,00;166,00;146,00;Geprueft
1999-03-09;159,00;177,00;146,00;Geprueft
1999-03-10;187,00;196,00;176,00;Geprueft
1999-03-11;169,00;177,00;159,00;Geprueft
1999-03-12;169,00;171,00;165,00;Geprueft
1999-03-13;170,00;171,00;167,00;Geprueft
1999-03-14;166,00;168,00;164,00;Geprueft
1999-03-15;164,00;169,00;155,00;Geprueft
1999-03-16;162,00;165,00;155,00;Geprueft
1999-03-17;161,00;164,00;159,00;Geprueft
1999-03-18;161,00;164,00;156,00;Geprueft
1999-03-19;155,00;157,00;153,00;Geprueft
1999-03-20;148,00;158,00;136,00;Geprueft
1999-03-21;128,00;137,00;125,00;Geprueft
1999-03-22;134,00;144,00;125,00;Geprueft
1999-03-23;143,00;143,00;142,00;Geprueft
1999-03-24;146,00;150,00;142,00;Geprueft
1999-03-25;146,00;146,00;145,00;Geprueft
1999-03-26;145,00;146,00;139,00;Geprueft
1999-03-27;141,00;146,00;139,00;Geprueft
1999-03-28;142,00;143,00;141,00;Geprueft
1999-03-29;143,00;145,00;141,00;Geprueft
1999-03-30;140,00;144,00;135,00;Geprueft
1999-03-31;139,00;139,00;138,00;Geprueft
1999-04-01;136,00;139,00;134,00;Geprueft
1999-04-02;126,00;134,00;124,00;Geprueft
1999-04-03;121,00;124,00;118,00;Geprueft
1999-04-04;119,00;121,00;116,00;Geprueft
1999-04-05;129,00;147,00;118,00;Geprueft
1999-04-06;150,00;158,00;146,00;Geprueft
1999-04-07;151,00;153,00;149,00;Geprueft
1999-04-08;156,00;164,00;148,00;Geprueft
1999-04-09;155,00;175,00;148,00;Geprueft
1999-04-10;148,00;155,00;141,00;Geprueft
1999-04-11;139,00;142,00;136,00;Geprueft
1999-04-12;138,00;144,00;135,00;Geprueft
1999-04-13;145,00;154,00;141,00;Geprueft
1999-04-14;141,00;143,00;134,00;Geprueft
1999-04-15;138,00;140,00;133,00;Geprueft
1999-04-16;131,00;133,00;128,00;Geprueft
1999-04-17;134,00;137,00;131,00;Geprueft
1999-04-18;128,00;133,00;125,00;Geprueft
1999-04-19;135,00;137,00;130,00;Geprueft
1999-04-20;141,00;147,00;136,00;Geprueft
1999-04-21;144,00;146,00;142,00;Geprueft
1999-04-22;145,00;147,00;139,00;Geprueft
1999-04-23;139,00;140,00;136,00;Geprueft
1999-04-24;141,00;143,00;137,00;Geprueft
1999-04-25;139,00;143,00;134,00;Geprueft
1999-04-26;141,00;143,00;136,00;Geprueft
1999-04-27;144,00;151,00;139,00;Geprueft
1999-04-28;144,00;149,00;138,00;Geprueft
1999-04-29;146,00;152,00;133,00;Geprueft
1999-04-30;145,00;146,00;142,00;Geprueft
1999-05-01;146,00;149,00;145,00;Geprueft
1999-05-02;145,00;148,00;142,00;Geprueft
1999-05-03;145,00;147,00;141,00;Geprueft
1999-05-04;151,00;159,00;146,00;Geprueft
1999-05-05;158,00;171,00;149,00;Geprueft
1999-05-06;163,00;172,00;144,00;Geprueft
1999-05-07;159,00;197,00;143,00;Geprueft
1999-05-08;185,00;198,00;155,00;Geprueft
1999-05-09;156,00;158,00;153,00;Geprueft
1999-05-10;166,00;179,00;155,00;Geprueft
1999-05-11;161,00;171,00;155,00;Geprueft
1999-05-12;196,00;220,00;162,00;Geprueft
1999-05-13;249,00;271,00;219,00;Geprueft
1999-05-14;271,00;285,00;250,00;Geprueft
1999-05-15;239,00;252,00;225,00;Geprueft
1999-05-16;225,00;237,00;212,00;Geprueft
1999-05-17;209,00;213,00;195,00;Geprueft
1999-05-18;197,00;200,00;188,00;Geprueft
1999-05-19;186,00;193,00;176,00;Geprueft
1999-05-20;171,00;178,00;163,00;Geprueft
1999-05-21;211,00;248,00;177,00;Geprueft
1999-05-22;317,00;376,00;248,00;Geprueft
1999-05-23;406,00;439,00;372,00;Geprueft
1999-05-24;446,00;467,00;431,00;Geprueft
1999-05-25;448,00;458,00;439,00;Geprueft
1999-05-26;443,00;453,00;427,00;Geprueft
1999-05-27;389,00;427,00;348,00;Geprueft
1999-05-28;289,00;348,00;239,00;Geprueft
1999-05-29;245,00;266,00;217,00;Geprueft
1999-05-30;217,00;228,00;210,00;Geprueft
1999-05-31;212,00;216,00;205,00;Geprueft
1999-06-01;212,00;216,00;210,00;Geprueft
1999-06-02;212,00;218,00;205,00;Geprueft
1999-06-03;213,00;224,00;206,00;Geprueft
1999-06-04;206,00;212,00;186,00;Geprueft
1999-06-05;207,00;210,00;203,00;Geprueft
1999-06-06;189,00;203,00;180,00;Geprueft
1999-06-07;174,00;182,00;167,00;Geprueft
1999-06-08;170,00;175,00;166,00;Geprueft
1999-06-09;171,00;175,00;166,00;Geprueft
1999-06-10;171,00;174,00;166,00;Geprueft
1999-06-11;173,00;184,00;168,00;Geprueft
1999-06-12;181,00;184,00;178,00;Geprueft
1999-06-13;168,00;179,00;151,00;Geprueft
1999-06-14;158,00;164,00;152,00;Geprueft
1999-06-15;162,00;166,00;158,00;Geprueft
1999-06-16;161,00;163,00;160,00;Geprueft
1999-06-17;159,00;161,00;154,00;Geprueft
1999-06-18;160,00;165,00;154,00;Geprueft
1999-06-19;169,00;174,00;163,00;Geprueft
1999-06-20;167,00;169,00;165,00;Geprueft
1999-06-21;164,00;170,00;158,00;Geprueft
1999-06-22;167,00;177,00;159,00;Geprueft
1999-06-23;178,00;179,00;177,00;Geprueft
1999-06-24;178,00;179,00;178,00;Geprueft
1999-06-25;176,00;179,00;166,00;Geprueft
1999-06-26;159,00;167,00;154,00;Geprueft
1999-06-27;150,00;154,00;148,00;Geprueft
1999-06-28;148,00;152,00;145,00;Geprueft
1999-06-29;146,00;147,00;143,00;Geprueft
1999-06-30;149,00;154,00;147,00;Geprueft
1999-07-01;149,00;152,00;145,00;Geprueft
1999-07-02;143,00;147,00;138,00;Geprueft
1999-07-03;139,00;144,00;135,00;Geprueft
1999-07-04;130,00;138,00;118,00;Geprueft
1999-07-05;123,00;127,00;121,00;Geprueft
1999-07-06;134,00;140,00;127,00;Geprueft
1999-07-07;135,00;138,00;129,00;Geprueft
1999-07-08;138,00;149,00;131,00;Geprueft
1999-07-09;163,00;177,00;149,00;Geprueft
1999-07-10;167,00;177,00;161,00;Geprueft
1999-07-11;179,00;181,00;177,00;Geprueft
1999-07-12;170,00;179,00;144,00;Geprueft
1999-07-13;178,00;180,00;171,00;Geprueft
1999-07-14;167,00;171,00;157,00;Geprueft
1999-07-15;158,00;173,00;146,00;Geprueft
1999-07-16;161,00;173,00;149,00;Geprueft
1999-07-17;146,00;151,00;144,00;Geprueft
1999-07-18;142,00;147,00;136,00;Geprueft
1999-07-19;134,00;143,00;126,00;Geprueft
1999-07-20;133,00;143,00;126,00;Geprueft
1999-07-21;143,00;145,00;139,00;Geprueft
1999-07-22;142,00;143,00;141,00;Geprueft
1999-07-23;142,00;146,00;140,00;Geprueft
1999-07-24;152,00;154,00;146,00;Geprueft
1999-07-25;155,00;160,00;151,00;Geprueft
1999-07-26;156,00;163,00;148,00;Geprueft
1999-07-27;143,00;148,00;135,00;Geprueft
1999-07-28;142,00;144,00;140,00;Geprueft
1999-07-29;139,00;141,00;135,00;Geprueft
1999-07-30;128,00;135,00;124,00;Geprueft
1999-07-31;120,00;126,00;107,00;Geprueft
1999-08-01;110,00;112,00;106,00;Geprueft
1999-08-02;118,00;129,00;105,00;Geprueft
1999-08-03;128,00;131,00;124,00;Geprueft
1999-08-04;125,00;125,00;121,00;Geprueft
1999-08-05;118,00;121,00;110,00;Geprueft
1999-08-06;111,00;113,00;108,00;Geprueft
1999-08-07;109,00;110,00;107,00;Geprueft
1999-08-08;107,00;108,00;106,00;Geprueft
1999-08-09;112,00;114,00;107,00;Geprueft
1999-08-10;120,00;126,00;114,00;Geprueft
1999-08-11;126,00;130,00;121,00;Geprueft
1999-08-12;128,00;132,00;122,00;Geprueft
1999-08-13;116,00;122,00;112,00;Geprueft
1999-08-14;110,00;113,00;109,00;Geprueft
1999-08-15;108,00;109,00;107,00;Geprueft
1999-08-16;113,00;117,00;108,00;Geprueft
1999-08-17;122,00;127,00;117,00;Geprueft
1999-08-18;118,00;121,00;114,00;Geprueft
1999-08-19;113,00;114,00;113,00;Geprueft
1999-08-20;115,00;117,00;113,00;Geprueft
1999-08-21;115,00;118,00;110,00;Geprueft
1999-08-22;109,00;111,00;107,00;Geprueft
1999-08-23;111,00;115,00;106,00;Geprueft
1999-08-24;114,00;116,00;113,00;Geprueft
1999-08-25;115,00;116,00;114,00;Geprueft
1999-08-26;116,00;116,00;115,00;Geprueft
1999-08-27;115,00;117,00;113,00;Geprueft
1999-08-28;110,00;114,00;106,00;Geprueft
1999-08-29;110,00;112,00;110,00;Geprueft
1999-08-30;112,00;114,00;110,00;Geprueft
1999-08-31;115,00;118,00;112,00;Geprueft
1999-09-01;113,00;115,00;110,00;Geprueft
1999-09-02;114,00;114,00;112,00;Geprueft
1999-09-03;110,00;117,00;104,00;Geprueft
1999-09-04;104,00;105,00;103,00;Geprueft
1999-09-05;104,00;105,00;104,00;Geprueft
1999-09-06;104,00;106,00;100,00;Geprueft
1999-09-07;113,00;120,00;103,00;Geprueft
1999-09-08;119,00;126,00;114,00;Geprueft
1999-09-09;115,00;121,00;103,00;Geprueft
1999-09-10;111,00;113,00;109,00;Geprueft
1999-09-11;107,00;109,00;106,00;Geprueft
1999-09-12;108,00;110,00;107,00;Geprueft
1999-09-13;110,00;112,00;108,00;Geprueft
1999-09-14;111,00;111,00;111,00;Geprueft
1999-09-15;108,00;111,00;104,00;Geprueft
1999-09-16;103,00;104,00;102,00;Geprueft
1999-09-17;105,00;107,00;103,00;Geprueft
1999-09-18;106,00;107,00;104,00;Geprueft
1999-09-19;104,00;107,00;101,00;Geprueft
1999-09-20;103,00;104,00;102,00;Geprueft
1999-09-21;104,00;107,00;101,00;Geprueft
1999-09-22;104,00;106,00;103,00;Geprueft
1999-09-23;106,00;107,00;103,00;Geprueft
1999-09-24;107,00;109,00;106,00;Geprueft
1999-09-25;106,00;108,00;106,00;Geprueft
1999-09-26;106,00;108,00;105,00;Geprueft
1999-09-27;114,00;118,00;108,00;Geprueft
1999-09-28;115,00;117,00;111,00;Geprueft
1999-09-29;116,00;119,00;112,00;Geprueft
1999-09-30;116,00;117,00;114,00;Geprueft
1999-10-01;117,00;118,00;114,00;Geprueft
1999-10-02;115,00;120,00;108,00;Geprueft
1999-10-03;107,00;109,00;104,00;Geprueft
1999-10-04;116,00;127,00;107,00;Geprueft
1999-10-05;129,00;130,00;127,00;Geprueft
1999-10-06;122,00;129,00;117,00;Geprueft
1999-10-07;118,00;121,00;116,00;Geprueft
1999-10-08;112,00;117,00;107,00;Geprueft
1999-10-09;108,00;109,00;107,00;Geprueft
1999-10-10;109,00;109,00;107,00;Geprueft
1999-10-11;111,00;115,00;107,00;Geprueft
1999-10-12;111,00;117,00;106,00;Geprueft
1999-10-13;109,00;112,00;107,00;Geprueft
1999-10-14;111,00;112,00;109,00;Geprueft
1999-10-15;110,00;112,00;109,00;Geprueft
1999-10-16;108,00;109,00;107,00;Geprueft
1999-10-17;106,00;109,00;101,00;Geprueft
1999-10-18;101,00;102,00;99,00;Geprueft
1999-10-19;100,00;106,00;87,00;Geprueft
1999-10-20;100,00;107,00;95,00;Geprueft
1999-10-21;101,00;105,00;91,00;Geprueft
1999-10-22;100,00;101,00;99,00;Geprueft
1999-10-23;101,00;103,00;100,00;Geprueft
1999-10-24;100,00;103,00;96,00;Geprueft
1999-10-25;101,00;104,00;98,00;Geprueft
1999-10-26;102,00;104,00;100,00;Geprueft
1999-10-27;101,00;102,00;100,00;Geprueft
1999-10-28;104,00;107,00;101,00;Geprueft
1999-10-29;107,00;109,00;105,00;Geprueft
1999-10-30;106,00;107,00;105,00;Geprueft
1999-10-31;106,00;107,00;103,00;Geprueft
1999-11-01;102,00;104,00;101,00;Geprueft
1999-11-02;103,00;103,00;102,00;Geprueft
1999-11-03;101,00;104,00;97,00;Geprueft
1999-11-04;98,00;100,00;97,00;Geprueft
1999-11-05;100,00;104,00;98,00;Geprueft
1999-11-06;102,00;106,00;98,00;Geprueft
1999-11-07;106,00;107,00;103,00;Geprueft
1999-11-08;107,00;109,00;104,00;Geprueft
1999-11-09;106,00;118,00;96,00;Geprueft
1999-11-10;132,00;151,00;117,00;Geprueft
1999-11-11;140,00;150,00;130,00;Geprueft
1999-11-12;135,00;137,00;132,00;Geprueft
1999-11-13;118,00;134,00;112,00;Geprueft
1999-11-14;113,00;116,00;111,00;Geprueft
1999-11-15;114,00;117,00;110,00;Geprueft
1999-11-16;118,00;122,00;115,00;Geprueft
1999-11-17;120,00;123,00;113,00;Geprueft
1999-11-18;118,00;124,00;113,00;Geprueft
1999-11-19;113,00;117,00;109,00;Geprueft
1999-11-20;109,00;114,00;103,00;Geprueft
1999-11-21;104,00;110,00;100,00;Geprueft
1999-11-22;107,00;114,00;99,00;Geprueft
1999-11-23;112,00;114,00;108,00;Geprueft
1999-11-24;108,00;119,00;101,00;Geprueft
1999-11-25;110,00;114,00;103,00;Geprueft
1999-11-26;111,00;121,00;102,00;Geprueft
1999-11-27;103,00;108,00;96,00;Geprueft
1999-11-28;104,00;113,00;96,00;Geprueft
1999-11-29;103,00;109,00;96,00;Geprueft
1999-11-30;104,00;112,00;96,00;Geprueft
1999-12-01;100,00;107,00;90,00;Geprueft
1999-12-02;106,00;113,00;101,00;Geprueft
1999-12-03;117,00;126,00;106,00;Geprueft
1999-12-04;119,00;126,00;113,00;Geprueft
1999-12-05;122,00;133,00;109,00;Geprueft
1999-12-06;128,00;136,00;119,00;Geprueft
1999-12-07;121,00;129,00;113,00;Geprueft
1999-12-08;119,00;136,00;111,00;Geprueft
1999-12-09;119,00;125,00;113,00;Geprueft
1999-12-10;121,00;129,00;113,00;Geprueft
1999-12-11;118,00;125,00;110,00;Geprueft
1999-12-12;114,00;125,00;103,00;Geprueft
1999-12-13;115,00;126,00;101,00;Geprueft
1999-12-14;124,00;131,00;111,00;Geprueft
1999-12-15;116,00;128,00;102,00;Geprueft
1999-12-16;118,00;128,00;108,00;Geprueft
1999-12-17;119,00;125,00;112,00;Geprueft
1999-12-18;112,00;121,00;106,00;Geprueft
1999-12-19;127,00;153,00;107,00;Geprueft
1999-12-20;153,00;166,00;138,00;Geprueft
1999-12-21;139,00;153,00;124,00;Geprueft
1999-12-22;135,00;139,00;129,00;Geprueft
1999-12-23;124,00;137,00;108,00;Geprueft
1999-12-24;113,00;125,00;100,00;Geprueft
1999-12-25;116,00;122,00;108,00;Geprueft
1999-12-26;128,00;151,00;114,00;Geprueft
1999-12-27;164,00;173,00;151,00;Geprueft
1999-12-28;161,00;170,00;154,00;Geprueft
1999-12-29;145,00;158,00;138,00;Geprueft
1999-12-30;125,00;140,00;100,00;Geprueft
1999-12-31;116,00;131,00;107,00;Geprueft
2000-01-01;128,00;133,00;116,00;Geprueft
2000-01-02;116,00;129,00;109,00;Geprueft
2000-01-03;120,00;130,00;111,00;Geprueft
2000-01-04;129,00;133,00;122,00;Geprueft
2000-01-05;128,00;132,00;107,00;Geprueft
2000-01-06;118,00;126,00;107,00;Geprueft
2000-01-07;117,00;125,00;106,00;Geprueft
2000-01-08;118,00;124,00;111,00;Geprueft
2000-01-09;113,00;121,00;106,00;Geprueft
2000-01-10;118,00;123,00;108,00;Geprueft
2000-01-11;116,00;126,00;104,00;Geprueft
2000-01-12;114,00;128,00;106,00;Geprueft
2000-01-13;114,00;125,00;105,00;Geprueft
2000-01-14;116,00;121,00;109,00;Geprueft
2000-01-15;110,00;116,00;101,00;Geprueft
2000-01-16;107,00;114,00;95,00;Geprueft
2000-01-17;106,00;117,00;98,00;Geprueft
2000-01-18;112,00;124,00;100,00;Geprueft
2000-01-19;120,00;128,00;114,00;Geprueft
2000-01-20;117,00;127,00;103,00;Geprueft
2000-01-21;114,00;127,00;106,00;Geprueft
2000-01-22;114,00;121,00;108,00;Geprueft
2000-01-23;106,00;114,00;102,00;Geprueft
2000-01-24;106,00;125,00;99,00;Geprueft
2000-01-25;109,00;117,00;101,00;Geprueft
2000-01-26;113,00;122,00;105,00;Geprueft
2000-01-27;108,00;116,00;99,00;Geprueft
2000-01-28;104,00;108,00;99,00;Geprueft
2000-01-29;108,00;113,00;99,00;Geprueft
2000-01-30;128,00;157,00;110,00;Geprueft
2000-01-31;165,00;179,00;153,00;Geprueft
2000-02-01;155,00;169,00;137,00;Geprueft
2000-02-02;136,00;143,00;127,00;Geprueft
2000-02-03;140,00;144,00;136,00;Geprueft
2000-02-04;140,00;145,00;133,00;Geprueft
2000-02-05;128,00;135,00;122,00;Geprueft
2000-02-06;125,00;132,00;117,00;Geprueft
2000-02-07;133,00;140,00;128,00;Geprueft
2000-02-08;131,00;134,00;125,00;Geprueft
2000-02-09;142,00;150,00;133,00;Geprueft
2000-02-10;140,00;146,00;136,00;Geprueft
2000-02-11;148,00;153,00;142,00;Geprueft
2000-02-12;141,00;148,00;137,00;Geprueft
2000-02-13;132,00;141,00;124,00;Geprueft
2000-02-14;127,00;131,00;119,00;Geprueft
2000-02-15;139,00;153,00;113,00;Geprueft
2000-02-16;143,00;148,00;140,00;Geprueft
2000-02-17;145,00;149,00;142,00;Geprueft
2000-02-18;140,00;144,00;131,00;Geprueft
2000-02-19;133,00;140,00;124,00;Geprueft
2000-02-20;135,00;139,00;127,00;Geprueft
2000-02-21;139,00;144,00;128,00;Geprueft
2000-02-22;138,00;141,00;125,00;Geprueft
2000-02-23;132,00;138,00;123,00;Geprueft
2000-02-24;135,00;139,00;126,00;Geprueft
2000-02-25;135,00;140,00;127,00;Geprueft
2000-02-26;141,00;148,00;133,00;Geprueft
2000-02-27;145,00;150,00;124,00;Geprueft
2000-02-28;134,00;139,00;123,00;Geprueft
2000-02-29;136,00;140,00;126,00;Geprueft
2000-03-01;141,00;143,00;138,00;Geprueft
2000-03-02;133,00;140,00;124,00;Geprueft
2000-03-03;134,00;138,00;123,00;Geprueft
2000-03-04;129,00;134,00;122,00;Geprueft
2000-03-05;125,00;134,00;112,00;Geprueft
2000-03-06;120,00;137,00;109,00;Geprueft
2000-03-07;123,00;136,00;114,00;Geprueft
2000-03-08;126,00;137,00;113,00;Geprueft
2000-03-09;135,00;148,00;121,00;Geprueft
2000-03-10;148,00;159,00;140,00;Geprueft
2000-03-11;158,00;165,00;152,00;Geprueft
2000-03-12;156,00;159,00;155,00;Geprueft
2000-03-13;156,00;159,00;150,00;Geprueft
2000-03-14;154,00;161,00;147,00;Geprueft
2000-03-15;149,00;155,00;140,00;Geprueft
2000-03-16;158,00;172,00;149,00;Geprueft
2000-03-17;168,00;176,00;156,00;Geprueft
2000-03-18;227,00;257,00;176,00;Geprueft
2000-03-19;239,00;264,00;214,00;Geprueft
2000-03-20;205,00;223,00;189,00;Geprueft
2000-03-21;179,00;191,00;162,00;Geprueft
2000-03-22;169,00;174,00;162,00;Geprueft
2000-03-23;160,00;164,00;153,00;Geprueft
2000-03-24;156,00;161,00;151,00;Geprueft
2000-03-25;159,00;170,00;148,00;Geprueft
2000-03-26;168,00;171,00;163,00;Geprueft
2000-03-27;163,00;170,00;157,00;Geprueft
2000-03-28;162,00;169,00;156,00;Geprueft
2000-03-29;156,00;163,00;145,00;Geprueft
2000-03-30;161,00;184,00;150,00;Geprueft
2000-03-31;213,00;230,00;178,00;Geprueft
2000-04-01;187,00;207,00;171,00;Geprueft
2000-04-02;172,00;179,00;162,00;Geprueft
2000-04-03;159,00;164,00;150,00;Geprueft
2000-04-04;143,00;161,00;129,00;Geprueft
2000-04-05;156,00;161,00;153,00;Geprueft
2000-04-06;173,00;192,00;157,00;Geprueft
2000-04-07;183,00;189,00;174,00;Geprueft
2000-04-08;166,00;174,00;161,00;Geprueft
2000-04-09;161,00;170,00;154,00;Geprueft
2000-04-10;149,00;156,00;144,00;Geprueft
2000-04-11;146,00;151,00;143,00;Geprueft
2000-04-12;149,00;154,00;144,00;Geprueft
2000-04-13;151,00;154,00;148,00;Geprueft
2000-04-14;149,00;154,00;142,00;Geprueft
2000-04-15;146,00;151,00;143,00;Geprueft
2000-04-16;145,00;151,00;139,00;Geprueft
2000-04-17;144,00;148,00;140,00;Geprueft
2000-04-18;140,00;144,00;137,00;Geprueft
2000-04-19;143,00;145,00;141,00;Geprueft
2000-04-20;141,00;145,00;138,00;Geprueft
2000-04-21;137,00;144,00;134,00;Geprueft
2000-04-22;140,00;144,00;135,00;Geprueft
2000-04-23;140,00;145,00;136,00;Geprueft
2000-04-24;138,00;143,00;136,00;Geprueft
2000-04-25;148,00;156,00;141,00;Geprueft
2000-04-26;159,00;172,00;149,00;Geprueft
2000-04-27;159,00;168,00;155,00;Geprueft
2000-04-28;153,00;156,00;149,00;Geprueft
2000-04-29;155,00;161,00;148,00;Geprueft
2000-04-30;149,00;153,00;145,00;Geprueft
2000-05-01;141,00;146,00;136,00;Geprueft
2000-05-02;144,00;150,00;139,00;Geprueft
2000-05-03;161,00;175,00;147,00;Geprueft
2000-05-04;169,00;173,00;164,00;Geprueft
2000-05-05;168,00;175,00;165,00;Geprueft
2000-05-06;169,00;173,00;164,00;Geprueft
2000-05-07;167,00;171,00;153,00;Geprueft
2000-05-08;151,00;156,00;147,00;Geprueft
2000-05-09;155,00;164,00;145,00;Geprueft
2000-05-10;161,00;167,00;149,00;Geprueft
2000-05-11;153,00;156,00;149,00;Geprueft
2000-05-12;159,00;173,00;150,00;Geprueft
2000-05-13;161,00;164,00;158,00;Geprueft
2000-05-14;158,00;163,00;150,00;Geprueft
2000-05-15;145,00;150,00;139,00;Geprueft
2000-05-16;149,00;174,00;137,00;Geprueft
2000-05-17;139,00;151,00;128,00;Geprueft
2000-05-18;161,00;172,00;137,00;Geprueft
2000-05-19;168,00;173,00;160,00;Geprueft
2000-05-20;172,00;173,00;171,00;Geprueft
2000-05-21;164,00;172,00;152,00;Geprueft
2000-05-22;152,00;157,00;147,00;Geprueft
2000-05-23;153,00;159,00;146,00;Geprueft
2000-05-24;148,00;155,00;136,00;Geprueft
2000-05-25;137,00;144,00;130,00;Geprueft
2000-05-26;136,00;141,00;133,00;Geprueft
2000-05-27;129,00;139,00;123,00;Geprueft
2000-05-28;124,00;127,00;120,00;Geprueft
2000-05-29;130,00;139,00;122,00;Geprueft
2000-05-30;135,00;137,00;131,00;Geprueft
2000-05-31;143,00;168,00;134,00;Geprueft
2000-06-01;169,00;173,00;162,00;Geprueft
2000-06-02;163,00;168,00;156,00;Geprueft
2000-06-03;156,00;162,00;148,00;Geprueft
2000-06-04;149,00;158,00;140,00;Geprueft
2000-06-05;141,00;143,00;139,00;Geprueft
2000-06-06;145,00;149,00;141,00;Geprueft
2000-06-07;154,00;163,00;146,00;Geprueft
2000-06-08;154,00;161,00;142,00;Geprueft
2000-06-09;145,00;153,00;133,00;Geprueft
2000-06-10;136,00;139,00;129,00;Geprueft
2000-06-11;135,00;138,00;128,00;Geprueft
2000-06-12;124,00;131,00;119,00;Geprueft
2000-06-13;123,00;129,00;119,00;Geprueft
2000-06-14;131,00;140,00;123,00;Geprueft
2000-06-15;133,00;141,00;128,00;Geprueft
2000-06-16;136,00;138,00;130,00;Geprueft
2000-06-17;137,00;141,00;131,00;Geprueft
2000-06-18;134,00;144,00;115,00;Geprueft
2000-06-19;124,00;129,00;120,00;Geprueft
2000-06-20;127,00;141,00;79,00;Geprueft
2000-06-21;125,00;130,00;115,00;Geprueft
2000-06-22;118,00;120,00;115,00;Geprueft
2000-06-23;134,00;158,00;117,00;Geprueft
2000-06-24;154,00;161,00;148,00;Geprueft
2000-06-25;143,00;152,00;128,00;Geprueft
2000-06-26;131,00;135,00;128,00;Geprueft
2000-06-27;138,00;142,00;133,00;Geprueft
2000-06-28;137,00;140,00;131,00;Geprueft
2000-06-29;128,00;133,00;121,00;Geprueft
2000-06-30;122,00;126,00;118,00;Geprueft
2000-07-01;112,00;122,00;106,00;Geprueft
2000-07-02;111,00;115,00;107,00;Geprueft
2000-07-03;121,00;129,00;115,00;Geprueft
2000-07-04;134,00;140,00;128,00;Geprueft
2000-07-05;134,00;142,00;126,00;Geprueft
2000-07-06;123,00;126,00;121,00;Geprueft
2000-07-07;118,00;129,00;113,00;Geprueft
2000-07-08;130,00;136,00;120,00;Geprueft
2000-07-09;133,00;136,00;131,00;Geprueft
2000-07-10;132,00;135,00;122,00;Geprueft
2000-07-11;138,00;146,00;117,00;Geprueft
2000-07-12;151,00;168,00;143,00;Geprueft
2000-07-13;165,00;171,00;162,00;Geprueft
2000-07-14;172,00;176,00;166,00;Geprueft
2000-07-15;174,00;176,00;170,00;Geprueft
2000-07-16;177,00;182,00;170,00;Geprueft
2000-07-17;161,00;172,00;150,00;Geprueft
2000-07-18;150,00;154,00;140,00;Geprueft
2000-07-19;138,00;142,00;133,00;Geprueft
2000-07-20;136,00;138,00;130,00;Geprueft
2000-07-21;132,00;137,00;126,00;Geprueft
2000-07-22;120,00;129,00;114,00;Geprueft
2000-07-23;115,00;125,00;101,00;Geprueft
2000-07-24;120,00;131,00;101,00;Geprueft
2000-07-25;132,00;137,00;124,00;Geprueft
2000-07-26;139,00;143,00;127,00;Geprueft
2000-07-27;138,00;142,00;134,00;Geprueft
2000-07-28;142,00;148,00;136,00;Geprueft
2000-07-29;152,00;153,00;148,00;Geprueft
2000-07-30;151,00;154,00;149,00;Geprueft
2000-07-31;152,00;156,00;149,00;Geprueft
2000-08-01;154,00;155,00;149,00;Geprueft
2000-08-02;140,00;150,00;132,00;Geprueft
2000-08-03;139,00;143,00;126,00;Geprueft
2000-08-04;146,00;151,00;141,00;Geprueft
2000-08-05;148,00;151,00;145,00;Geprueft
2000-08-06;156,00;184,00;147,00;Geprueft
2000-08-07;183,00;199,00;179,00;Geprueft
2000-08-08;201,00;205,00;199,00;Geprueft
2000-08-09;208,00;214,00;199,00;Geprueft
2000-08-10;203,00;210,00;188,00;Geprueft
2000-08-11;182,00;188,00;169,00;Geprueft
2000-08-12;155,00;169,00;147,00;Geprueft
2000-08-13;150,00;153,00;148,00;Geprueft
2000-08-14;143,00;148,00;140,00;Geprueft
2000-08-15;141,00;146,00;138,00;Geprueft
2000-08-16;139,00;145,00;132,00;Geprueft
2000-08-17;135,00;138,00;121,00;Geprueft
2000-08-18;134,00;137,00;131,00;Geprueft
2000-08-19;129,00;133,00;123,00;Geprueft
2000-08-20;126,00;129,00;114,00;Geprueft
2000-08-21;122,00;126,00;114,00;Geprueft
2000-08-22;134,00;141,00;123,00;Geprueft
2000-08-23;132,00;137,00;120,00;Geprueft
2000-08-24;126,00;132,00;120,00;Geprueft
2000-08-25;117,00;125,00;110,00;Geprueft
2000-08-26;112,00;119,00;107,00;Geprueft
2000-08-27;109,00;116,00;103,00;Geprueft
2000-08-28;114,00;122,00;100,00;Geprueft
2000-08-29;120,00;126,00;107,00;Geprueft
2000-08-30;114,00;123,00;106,00;Geprueft
2000-08-31;109,00;116,00;106,00;Geprueft
2000-09-01;133,00;139,00;113,00;Geprueft
2000-09-02;143,00;152,00;137,00;Geprueft
2000-09-03;128,00;145,00;113,00;Geprueft
2000-09-04;115,00;122,00;109,00;Geprueft
2000-09-05;115,00;122,00;108,00;Geprueft
2000-09-06;119,00;123,00;104,00;Geprueft
2000-09-07;131,00;140,00;119,00;Geprueft
2000-09-08;139,00;141,00;137,00;Geprueft
2000-09-09;135,00;139,00;127,00;Geprueft
2000-09-10;130,00;136,00;124,00;Geprueft
2000-09-11;126,00;131,00;118,00;Geprueft
2000-09-12;119,00;123,00;114,00;Geprueft
2000-09-13;124,00;133,00;110,00;Geprueft
2000-09-14;126,00;130,00;120,00;Geprueft
2000-09-15;121,00;127,00;117,00;Geprueft
2000-09-16;120,00;122,00;116,00;Geprueft
2000-09-17;119,00;120,00;116,00;Geprueft
2000-09-18;118,00;120,00;116,00;Geprueft
2000-09-19;118,00;121,00;116,00;Geprueft
2000-09-20;115,00;119,00;108,00;Geprueft
2000-09-21;126,00;149,00;109,00;Geprueft
2000-09-22;207,00;248,00;145,00;Geprueft
2000-09-23;244,00;250,00;225,00;Geprueft
2000-09-24;211,00;225,00;191,00;Geprueft
2000-09-25;185,00;191,00;182,00;Geprueft
2000-09-26;181,00;186,00;171,00;Geprueft
2000-09-27;164,00;175,00;150,00;Geprueft
2000-09-28;149,00;157,00;139,00;Geprueft
2000-09-29;135,00;139,00;132,00;Geprueft
2000-09-30;133,00;137,00;128,00;Geprueft
2000-10-01;132,00;135,00;127,00;Geprueft
2000-10-02;129,00;132,00;125,00;Geprueft
2000-10-03;144,00;159,00;127,00;Geprueft
2000-10-04;158,00;170,00;145,00;Geprueft
2000-10-05;143,00;146,00;138,00;Geprueft
2000-10-06;140,00;148,00;135,00;Geprueft
2000-10-07;162,00;181,00;146,00;Geprueft
2000-10-08;179,00;187,00;173,00;Geprueft
2000-10-09;183,00;186,00;177,00;Geprueft
2000-10-10;172,00;180,00;159,00;Geprueft
2000-10-11;160,00;163,00;152,00;Geprueft
2000-10-12;154,00;159,00;149,00;Geprueft
2000-10-13;146,00;152,00;139,00;Geprueft
2000-10-14;139,00;143,00;131,00;Geprueft
2000-10-15;132,00;135,00;126,00;Geprueft
2000-10-16;130,00;136,00;125,00;Geprueft
2000-10-17;130,00;136,00;123,00;Geprueft
2000-10-18;125,00;129,00;120,00;Geprueft
2000-10-19;124,00;128,00;117,00;Geprueft
2000-10-20;124,00;128,00;117,00;Geprueft
2000-10-21;123,00;129,00;117,00;Geprueft
2000-10-22;117,00;121,00;112,00;Geprueft
2000-10-23;115,00;119,00;111,00;Geprueft
2000-10-24;120,00;130,00;113,00;Geprueft
2000-10-25;128,00;137,00;116,00;Geprueft
2000-10-26;119,00;125,00;110,00;Geprueft
2000-10-27;119,00;123,00;116,00;Geprueft
2000-10-28;117,00;122,00;105,00;Geprueft
2000-10-29;107,00;110,00;106,00;Geprueft
2000-10-30;106,00;110,00;100,00;Geprueft
2000-10-31;108,00;113,00;102,00;Geprueft
2000-11-01;116,00;121,00;111,00;Geprueft
2000-11-02;117,00;123,00;114,00;Geprueft
2000-11-03;115,00;117,00;112,00;Geprueft
2000-11-04;110,00;115,00;104,00;Geprueft
2000-11-05;105,00;107,00;102,00;Geprueft
2000-11-06;105,00;110,00;97,00;Geprueft
2000-11-07;105,00;108,00;103,00;Geprueft
2000-11-08;109,00;114,00;106,00;Geprueft
2000-11-09;114,00;115,00;113,00;Geprueft
2000-11-10;110,00;114,00;107,00;Geprueft
2000-11-11;108,00;111,00;106,00;Geprueft
2000-11-12;108,00;110,00;106,00;Geprueft
2000-11-13;110,00;112,00;106,00;Geprueft
2000-11-14;109,00;111,00;105,00;Geprueft
2000-11-15;109,00;110,00;106,00;Geprueft
2000-11-16;109,00;112,00;105,00;Geprueft
2000-11-17;109,00;111,00;106,00;Geprueft
2000-11-18;110,00;111,00;109,00;Geprueft
2000-11-19;108,00;109,00;108,00;Geprueft
2000-11-20;109,00;112,00;108,00;Geprueft
2000-11-21;107,00;111,00;105,00;Geprueft
2000-11-22;108,00;110,00;106,00;Geprueft
2000-11-23;108,00;109,00;107,00;Geprueft
2000-11-24;106,00;110,00;104,00;Geprueft
2000-11-25;105,00;106,00;104,00;Geprueft
2000-11-26;110,00;113,00;106,00;Geprueft
2000-11-27;111,00;114,00;107,00;Geprueft
2000-11-28;109,00;110,00;108,00;Geprueft
2000-11-29;114,00;121,00;110,00;Geprueft
2000-11-30;118,00;122,00;116,00;Geprueft
2000-12-01;113,00;119,00;109,00;Geprueft
2000-12-02;111,00;114,00;107,00;Geprueft
2000-12-03;111,00;115,00;106,00;Geprueft
2000-12-04;108,00;111,00;105,00;Geprueft
2000-12-05;104,00;105,00;103,00;Geprueft
2000-12-06;108,00;111,00;103,00;Geprueft
2000-12-07;112,00;113,00;110,00;Geprueft
2000-12-08;111,00;113,00;109,00;Geprueft
2000-12-09;109,00;110,00;106,00;Geprueft
2000-12-10;107,00;108,00;105,00;Geprueft
2000-12-11;106,00;107,00;104,00;Geprueft
2000-12-12;109,00;113,00;105,00;Geprueft
2000-12-13;109,00;113,00;104,00;Geprueft
2000-12-14;105,00;107,00;103,00;Geprueft
2000-12-15;106,00;107,00;102,00;Geprueft
2000-12-16;104,00;106,00;102,00;Geprueft
2000-12-17;105,00;106,00;105,00;Geprueft
2000-12-18;106,00;110,00;102,00;Geprueft
2000-12-19;108,00;110,00;105,00;Geprueft
2000-12-20;121,00;125,00;110,00;Geprueft
2000-12-21;124,00;127,00;122,00;Geprueft
2000-12-22;116,00;126,00;108,00;Geprueft
2000-12-23;110,00;112,00;108,00;Geprueft
2000-12-24;107,00;111,00;103,00;Geprueft
2000-12-25;104,00;105,00;103,00;Geprueft
2000-12-26;105,00;107,00;101,00;Geprueft
2000-12-27;104,00;106,00;102,00;Geprueft
2000-12-28;104,00;105,00;103,00;Geprueft
2000-12-29;103,00;106,00;101,00;Geprueft
2000-12-30;106,00;110,00;103,00;Geprueft
2000-12-31;105,00;105,00;104,00;Geprueft
2001-01-01;103,00;106,00;98,00;Geprueft
2001-01-02;103,00;105,00;99,00;Geprueft
2001-01-03;101,00;105,00;99,00;Geprueft
2001-01-04;105,00;110,00;99,00;Geprueft
2001-01-05;110,00;112,00;105,00;Geprueft
2001-01-06;108,00;111,00;104,00;Geprueft
2001-01-07;108,00;114,00;104,00;Geprueft
2001-01-08;118,00;125,00;114,00;Geprueft
2001-01-09;126,00;129,00;123,00;Geprueft
2001-01-10;121,00;126,00;116,00;Geprueft
2001-01-11;119,00;124,00;110,00;Geprueft
2001-01-12;120,00;128,00;115,00;Geprueft
2001-01-13;125,00;130,00;118,00;Geprueft
2001-01-14;117,00;120,00;112,00;Geprueft
2001-01-15;112,00;115,00;106,00;Geprueft
2001-01-16;114,00;116,00;112,00;Geprueft
2001-01-17;112,00;115,00;107,00;Geprueft
2001-01-18;111,00;113,00;108,00;Geprueft
2001-01-19;110,00;113,00;107,00;Geprueft
2001-01-20;107,00;110,00;104,00;Geprueft
2001-01-21;104,00;108,00;101,00;Geprueft
2001-01-22;101,00;103,00;99,00;Geprueft
2001-01-23;104,00;114,00;96,00;Geprueft
2001-01-24;105,00;112,00;94,00;Geprueft
2001-01-25;105,00;112,00;97,00;Geprueft
2001-01-26;117,00;131,00;108,00;Geprueft
2001-01-27;127,00;133,00;121,00;Geprueft
2001-01-28;115,00;125,00;105,00;Geprueft
2001-01-29;106,00;108,00;104,00;Geprueft
2001-01-30;106,00;108,00;104,00;Geprueft
2001-01-31;107,00;110,00;106,00;Geprueft
2001-02-01;107,00;110,00;104,00;Geprueft
2001-02-02;103,00;107,00;101,00;Geprueft
2001-02-03;103,00;106,00;101,00;Geprueft
2001-02-04;119,00;143,00;106,00;Geprueft
2001-02-05;150,00;162,00;136,00;Geprueft
2001-02-06;159,00;169,00;148,00;Geprueft
2001-02-07;140,00;150,00;127,00;Geprueft
2001-02-08;134,00;137,00;132,00;Geprueft
2001-02-09;136,00;141,00;133,00;Geprueft
2001-02-10;135,00;139,00;133,00;Geprueft
2001-02-11;127,00;133,00;117,00;Geprueft
2001-02-12;117,00;125,00;111,00;Geprueft
2001-02-13;118,00;127,00;111,00;Geprueft
2001-02-14;125,00;128,00;120,00;Geprueft
2001-02-15;121,00;129,00;117,00;Geprueft
2001-02-16;119,00;129,00;113,00;Geprueft
2001-02-17;112,00;118,00;107,00;Geprueft
2001-02-18;109,00;112,00;106,00;Geprueft
2001-02-19;112,00;116,00;110,00;Geprueft
2001-02-20;114,00;116,00;111,00;Geprueft
2001-02-21;110,00;114,00;104,00;Geprueft
2001-02-22;110,00;113,00;106,00;Geprueft
2001-02-23;112,00;122,00;109,00;Geprueft
2001-02-24;121,00;126,00;114,00;Geprueft
2001-02-25;121,00;124,00;117,00;Geprueft
2001-02-26;117,00;124,00;113,00;Geprueft
2001-02-27;115,00;119,00;112,00;Geprueft
2001-02-28;115,00;123,00;109,00;Geprueft
2001-03-01;122,00;129,00;116,00;Geprueft
2001-03-02;117,00;123,00;114,00;Geprueft
2001-03-03;112,00;116,00;105,00;Geprueft
2001-03-04;107,00;111,00;105,00;Geprueft
2001-03-05;124,00;148,00;109,00;Geprueft
2001-03-06;147,00;156,00;139,00;Geprueft
2001-03-07;138,00;147,00;131,00;Geprueft
2001-03-08;131,00;139,00;121,00;Geprueft
2001-03-09;139,00;147,00;127,00;Geprueft
2001-03-10;151,00;157,00;144,00;Geprueft
2001-03-11;150,00;154,00;145,00;Geprueft
2001-03-12;147,00;149,00;143,00;Geprueft
2001-03-13;155,00;165,00;145,00;Geprueft
2001-03-14;152,00;166,00;140,00;Geprueft
2001-03-15;162,00;169,00;154,00;Geprueft
2001-03-16;158,00;171,00;149,00;Geprueft
2001-03-17;155,00;160,00;152,00;Geprueft
2001-03-18;152,00;158,00;148,00;Geprueft
2001-03-19;154,00;165,00;145,00;Geprueft
2001-03-20;137,00;155,00;122,00;Geprueft
2001-03-21;148,00;169,00;142,00;Geprueft
2001-03-22;181,00;195,00;168,00;Geprueft
2001-03-23;173,00;179,00;163,00;Geprueft
2001-03-24;191,00;210,00;176,00;Geprueft
2001-03-25;204,00;210,00;197,00;Geprueft
2001-03-26;207,00;221,00;185,00;Geprueft
2001-03-27;178,00;185,00;168,00;Geprueft
2001-03-28;153,00;170,00;143,00;Geprueft
2001-03-29;144,00;149,00;136,00;Geprueft
2001-03-30;146,00;147,00;143,00;Geprueft
2001-03-31;146,00;150,00;136,00;Geprueft
2001-04-01;139,00;143,00;133,00;Geprueft
2001-04-02;139,00;146,00;133,00;Geprueft
2001-04-03;140,00;147,00;132,00;Geprueft
2001-04-04;134,00;141,00;127,00;Geprueft
2001-04-05;134,00;145,00;129,00;Geprueft
2001-04-06;134,00;136,00;131,00;Geprueft
2001-04-07;136,00;144,00;130,00;Geprueft
2001-04-08;145,00;151,00;137,00;Geprueft
2001-04-09;141,00;145,00;138,00;Geprueft
2001-04-10;142,00;149,00;139,00;Geprueft
2001-04-11;147,00;155,00;143,00;Geprueft
2001-04-12;146,00;152,00;142,00;Geprueft
2001-04-13;152,00;165,00;143,00;Geprueft
2001-04-14;150,00;154,00;139,00;Geprueft
2001-04-15;141,00;147,00;137,00;Geprueft
2001-04-16;144,00;150,00;139,00;Geprueft
2001-04-17;146,00;150,00;141,00;Geprueft
2001-04-18;144,00;148,00;139,00;Geprueft
2001-04-19;140,00;150,00;126,00;Geprueft
2001-04-20;136,00;141,00;132,00;Geprueft
2001-04-21;143,00;153,00;135,00;Geprueft
2001-04-22;154,00;157,00;148,00;Geprueft
2001-04-23;155,00;158,00;153,00;Geprueft
2001-04-24;151,00;156,00;144,00;Geprueft
2001-04-25;149,00;155,00;144,00;Geprueft
2001-04-26;157,00;168,00;149,00;Geprueft
2001-04-27;158,00;163,00;154,00;Geprueft
2001-04-28;155,00;161,00;148,00;Geprueft
2001-04-29;147,00;151,00;143,00;Geprueft
2001-04-30;144,00;149,00;140,00;Geprueft
2001-05-01;143,00;147,00;138,00;Geprueft
2001-05-02;141,00;148,00;136,00;Geprueft
2001-05-03;143,00;155,00;126,00;Geprueft
2001-05-04;144,00;152,00;139,00;Geprueft
2001-05-05;142,00;146,00;137,00;Geprueft
2001-05-06;152,00;160,00;144,00;Geprueft
2001-05-07;147,00;168,00;126,00;Geprueft
2001-05-08;143,00;165,00;121,00;Geprueft
2001-05-09;146,00;155,00;137,00;Geprueft
2001-05-10;131,00;137,00;124,00;Geprueft
2001-05-11;123,00;127,00;118,00;Geprueft
2001-05-12;122,00;127,00;118,00;Geprueft
2001-05-13;115,00;119,00;109,00;Geprueft
2001-05-14;118,00;125,00;109,00;Geprueft
2001-05-15;125,00;128,00;123,00;Geprueft
2001-05-16;131,00;142,00;122,00;Geprueft
2001-05-17;137,00;142,00;130,00;Geprueft
2001-05-18;122,00;130,00;116,00;Geprueft
2001-05-19;126,00;133,00;121,00;Geprueft
2001-05-20;124,00;129,00;116,00;Geprueft
2001-05-21;118,00;121,00;113,00;Geprueft
2001-05-22;116,00;119,00;113,00;Geprueft
2001-05-23;118,00;121,00;115,00;Geprueft
2001-05-24;114,00;121,00;109,00;Geprueft
2001-05-25;112,00;115,00;109,00;Geprueft
2001-05-26;112,00;114,00;110,00;Geprueft
2001-05-27;109,00;112,00;107,00;Geprueft
2001-05-28;111,00;117,00;106,00;Geprueft
2001-05-29;109,00;114,00;103,00;Geprueft
2001-05-30;115,00;119,00;111,00;Geprueft
2001-05-31;118,00;128,00;112,00;Geprueft
2001-06-01;121,00;126,00;118,00;Geprueft
2001-06-02;113,00;120,00;106,00;Geprueft
2001-06-03;110,00;112,00;107,00;Geprueft
2001-06-04;110,00;114,00;108,00;Geprueft
2001-06-05;115,00;118,00;111,00;Geprueft
2001-06-06;118,00;122,00;114,00;Geprueft
2001-06-07;124,00;131,00;116,00;Geprueft
2001-06-08;119,00;131,00;112,00;Geprueft
2001-06-09;111,00;117,00;105,00;Geprueft
2001-06-10;132,00;156,00;115,00;Geprueft
2001-06-11;186,00;215,00;155,00;Geprueft
2001-06-12;203,00;219,00;176,00;Geprueft
2001-06-13;179,00;184,00;174,00;Geprueft
2001-06-14;179,00;182,00;176,00;Geprueft
2001-06-15;170,00;180,00;163,00;Geprueft
2001-06-16;161,00;168,00;154,00;Geprueft
2001-06-17;155,00;162,00;148,00;Geprueft
2001-06-18;169,00;178,00;159,00;Geprueft
2001-06-19;180,00;204,00;164,00;Geprueft
2001-06-20;235,00;250,00;204,00;Geprueft
2001-06-21;232,00;236,00;224,00;Geprueft
2001-06-22;211,00;234,00;175,00;Geprueft
2001-06-23;181,00;186,00;174,00;Geprueft
2001-06-24;162,00;174,00;149,00;Geprueft
2001-06-25;152,00;157,00;147,00;Geprueft
2001-06-26;148,00;153,00;140,00;Geprueft
2001-06-27;142,00;148,00;136,00;Geprueft
2001-06-28;147,00;156,00;137,00;Geprueft
2001-06-29;137,00;141,00;129,00;Geprueft
2001-06-30;133,00;138,00;129,00;Geprueft
2001-07-01;126,00;130,00;123,00;Geprueft
2001-07-02;131,00;137,00;124,00;Geprueft
2001-07-03;130,00;137,00;121,00;Geprueft
2001-07-04;134,00;142,00;131,00;Geprueft
2001-07-05;130,00;135,00;123,00;Geprueft
2001-07-06;125,00;127,00;124,00;Geprueft
2001-07-07;123,00;127,00;117,00;Geprueft
2001-07-08;120,00;124,00;113,00;Geprueft
2001-07-09;114,00;119,00;109,00;Geprueft
2001-07-10;120,00;125,00;118,00;Geprueft
2001-07-11;116,00;118,00;111,00;Geprueft
2001-07-12;117,00;119,00;116,00;Geprueft
2001-07-13;117,00;119,00;114,00;Geprueft
2001-07-14;112,00;116,00;108,00;Geprueft
2001-07-15;108,00;109,00;105,00;Geprueft
2001-07-16;116,00;124,00;108,00;Geprueft
2001-07-17;130,00;134,00;124,00;Geprueft
2001-07-18;118,00;124,00;112,00;Geprueft
2001-07-19;118,00;122,00;110,00;Geprueft
2001-07-20;117,00;136,00;105,00;Geprueft
2001-07-21;137,00;147,00;131,00;Geprueft
2001-07-22;134,00;141,00;130,00;Geprueft
2001-07-23;126,00;134,00;120,00;Geprueft
2001-07-24;123,00;125,00;120,00;Geprueft
2001-07-25;123,00;124,00;121,00;Geprueft
2001-07-26;123,00;124,00;121,00;Geprueft
2001-07-27;120,00;123,00;107,00;Geprueft
2001-07-28;111,00;115,00;107,00;Geprueft
2001-07-29;107,00;110,00;105,00;Geprueft
2001-07-30;108,00;116,00;103,00;Geprueft
2001-07-31;117,00;120,00;114,00;Geprueft
2001-08-01;110,00;117,00;104,00;Geprueft
2001-08-02;108,00;111,00;103,00;Geprueft
2001-08-03;107,00;113,00;103,00;Geprueft
2001-08-04;106,00;110,00;103,00;Geprueft
2001-08-05;110,00;113,00;108,00;Geprueft
2001-08-06;117,00;118,00;113,00;Geprueft
2001-08-07;114,00;116,00;112,00;Geprueft
2001-08-08;114,00;121,00;109,00;Geprueft
2001-08-09;110,00;120,00;103,00;Geprueft
2001-08-10;119,00;150,00;104,00;Geprueft
2001-08-11;139,00;150,00;132,00;Geprueft
2001-08-12;123,00;137,00;114,00;Geprueft
2001-08-13;113,00;121,00;108,00;Geprueft
2001-08-14;116,00;123,00;111,00;Geprueft
2001-08-15;111,00;117,00;107,00;Geprueft
2001-08-16;112,00;115,00;110,00;Geprueft
2001-08-17;114,00;119,00;109,00;Geprueft
2001-08-18;114,00;119,00;111,00;Geprueft
2001-08-19;113,00;116,00;109,00;Geprueft
2001-08-20;111,00;112,00;109,00;Geprueft
2001-08-21;113,00;118,00;111,00;Geprueft
2001-08-22;117,00;123,00;105,00;Geprueft
2001-08-23;120,00;132,00;108,00;Geprueft
2001-08-24;106,00;108,00;102,00;Geprueft
2001-08-25;106,00;108,00;102,00;Geprueft
2001-08-26;102,00;103,00;100,00;Geprueft
2001-08-27;103,00;105,00;98,00;Geprueft
2001-08-28;110,00;121,00;102,00;Geprueft
2001-08-29;107,00;112,00;99,00;Geprueft
2001-08-30;102,00;104,00;101,00;Geprueft
2001-08-31;104,00;110,00;99,00;Geprueft
2001-09-01;122,00;135,00;107,00;Geprueft
2001-09-02;132,00;137,00;126,00;Geprueft
2001-09-03;124,00;129,00;109,00;Geprueft
2001-09-04;124,00;127,00;119,00;Geprueft
2001-09-05;126,00;130,00;119,00;Geprueft
2001-09-06;157,00;178,00;127,00;Geprueft
2001-09-07;177,00;191,00;157,00;Geprueft
2001-09-08;189,00;196,00;185,00;Geprueft
2001-09-09;216,00;241,00;196,00;Geprueft
2001-09-10;227,00;245,00;189,00;Geprueft
2001-09-11;184,00;189,00;171,00;Geprueft
2001-09-12;168,00;172,00;156,00;Geprueft
2001-09-13;156,00;160,00;147,00;Geprueft
2001-09-14;150,00;157,00;141,00;Geprueft
2001-09-15;167,00;184,00;150,00;Geprueft
2001-09-16;159,00;173,00;153,00;Geprueft
2001-09-17;164,00;170,00;155,00;Geprueft
2001-09-18;167,00;170,00;156,00;Geprueft
2001-09-19;153,00;159,00;145,00;Geprueft
2001-09-20;144,00;151,00;139,00;Geprueft
2001-09-21;141,00;147,00;138,00;Geprueft
2001-09-22;145,00;153,00;142,00;Geprueft
2001-09-23;139,00;145,00;131,00;Geprueft
2001-09-24;133,00;137,00;131,00;Geprueft
2001-09-25;132,00;136,00;127,00;Geprueft
2001-09-26;131,00;137,00;128,00;Geprueft
2001-09-27;137,00;143,00;134,00;Geprueft
2001-09-28;140,00;143,00;136,00;Geprueft
2001-09-29;138,00;140,00;136,00;Geprueft
2001-09-30;139,00;141,00;132,00;Geprueft
2001-10-01;128,00;136,00;124,00;Geprueft
2001-10-02;125,00;127,00;122,00;Geprueft
2001-10-03;122,00;125,00;115,00;Geprueft
2001-10-04;115,00;118,00;110,00;Geprueft
2001-10-05;114,00;116,00;113,00;Geprueft
2001-10-06;115,00;119,00;112,00;Geprueft
2001-10-07;115,00;117,00;114,00;Geprueft
2001-10-08;108,00;114,00;99,00;Geprueft
2001-10-09;103,00;106,00;99,00;Geprueft
2001-10-10;107,00;112,00;102,00;Geprueft
2001-10-11;108,00;110,00;102,00;Geprueft
2001-10-12;106,00;114,00;99,00;Geprueft
2001-10-13;104,00;106,00;100,00;Geprueft
2001-10-14;105,00;107,00;96,00;Geprueft
2001-10-15;102,00;104,00;99,00;Geprueft
2001-10-16;104,00;108,00;100,00;Geprueft
2001-10-17;104,00;106,00;103,00;Geprueft
2001-10-18;104,00;105,00;103,00;Geprueft
2001-10-19;105,00;107,00;103,00;Geprueft
2001-10-20;104,00;110,00;86,00;Geprueft
2001-10-21;108,00;109,00;106,00;Geprueft
2001-10-22;106,00;109,00;103,00;Geprueft
2001-10-23;104,00;105,00;101,00;Geprueft
2001-10-24;105,00;112,00;101,00;Geprueft
2001-10-25;107,00;111,00;105,00;Geprueft
2001-10-26;108,00;110,00;104,00;Geprueft
2001-10-27;110,00;110,00;109,00;Geprueft
2001-10-28;106,00;109,00;99,00;Geprueft
2001-10-29;103,00;106,00;99,00;Geprueft
2001-10-30;100,00;102,00;95,00;Geprueft
2001-10-31;101,00;102,00;98,00;Geprueft
2001-11-01;104,00;106,00;101,00;Geprueft
2001-11-02;105,00;106,00;103,00;Geprueft
2001-11-03;102,00;104,00;98,00;Geprueft
2001-11-04;99,00;101,00;98,00;Geprueft
2001-11-05;100,00;102,00;98,00;Geprueft
2001-11-06;101,00;105,00;99,00;Geprueft
2001-11-07;102,00;105,00;100,00;Geprueft
2001-11-08;109,00;116,00;104,00;Geprueft
2001-11-09;113,00;117,00;109,00;Geprueft
2001-11-10;107,00;112,00;100,00;Geprueft
2001-11-11;101,00;104,00;98,00;Geprueft
2001-11-12;99,00;100,00;98,00;Geprueft
2001-11-13;102,00;106,00;99,00;Geprueft
2001-11-14;105,00;108,00;102,00;Geprueft
2001-11-15;106,00;107,00;106,00;Geprueft
2001-11-16;104,00;107,00;100,00;Geprueft
2001-11-17;102,00;103,00;99,00;Geprueft
2001-11-18;101,00;102,00;100,00;Geprueft
2001-11-19;101,00;103,00;100,00;Geprueft
2001-11-20;102,00;106,00;99,00;Geprueft
2001-11-21;103,00;106,00;98,00;Geprueft
2001-11-22;101,00;103,00;98,00;Geprueft
2001-11-23;101,00;103,00;99,00;Geprueft
2001-11-24;103,00;105,00;101,00;Geprueft
2001-11-25;105,00;109,00;103,00;Geprueft
2001-11-26;120,00;138,00;108,00;Geprueft
2001-11-27;153,00;165,00;135,00;Geprueft
2001-11-28;145,00;165,00;135,00;Geprueft
2001-11-29;138,00;140,00;133,00;Geprueft
2001-11-30;142,00;182,00;133,00;Geprueft
2001-12-01;180,00;184,00;175,00;Geprueft
2001-12-02;181,00;225,00;173,00;Geprueft
2001-12-03;195,00;226,00;166,00;Geprueft
2001-12-04;166,00;173,00;157,00;Geprueft
2001-12-05;154,00;164,00;142,00;Geprueft
2001-12-06;164,00;175,00;156,00;Geprueft
2001-12-07;170,00;173,00;165,00;Geprueft
2001-12-08;159,00;167,00;154,00;Geprueft
2001-12-09;148,00;157,00;141,00;Geprueft
2001-12-10;147,00;149,00;142,00;Geprueft
2001-12-11;140,00;145,00;135,00;Geprueft
2001-12-12;140,00;141,00;137,00;Geprueft
2001-12-13;135,00;142,00;125,00;Geprueft
2001-12-14;126,00;129,00;117,00;Geprueft
2001-12-15;123,00;127,00;121,00;Geprueft
2001-12-16;122,00;124,00;121,00;Geprueft
2001-12-17;118,00;124,00;111,00;Geprueft
2001-12-18;112,00;115,00;107,00;Geprueft
2001-12-19;117,00;123,00;113,00;Geprueft
2001-12-20;119,00;123,00;114,00;Geprueft
2001-12-21;110,00;116,00;106,00;Geprueft
2001-12-22;108,00;109,00;105,00;Geprueft
2001-12-23;106,00;109,00;104,00;Geprueft
2001-12-24;106,00;108,00;101,00;Geprueft
2001-12-25;105,00;108,00;103,00;Geprueft
2001-12-26;106,00;108,00;105,00;Geprueft
2001-12-27;108,00;110,00;107,00;Geprueft
2001-12-28;109,00;111,00;107,00;Geprueft
2001-12-29;125,00;148,00;111,00;Geprueft
2001-12-30;161,00;167,00;148,00;Geprueft
2001-12-31;149,00;163,00;133,00;Geprueft
2002-01-01;126,00;134,00;120,00;Geprueft
2002-01-02;120,00;123,00;114,00;Geprueft
2002-01-03;118,00;121,00;115,00;Geprueft
2002-01-04;120,00;121,00;118,00;Geprueft
2002-01-05;118,00;120,00;114,00;Geprueft
2002-01-06;112,00;116,00;104,00;Geprueft
2002-01-07;109,00;114,00;105,00;Geprueft
2002-01-08;111,00;115,00;108,00;Geprueft
2002-01-09;115,00;117,00;114,00;Geprueft
2002-01-10;114,00;115,00;112,00;Geprueft
2002-01-11;113,00;115,00;110,00;Geprueft
2002-01-12;111,00;113,00;109,00;Geprueft
2002-01-13;105,00;111,00;100,00;Geprueft
2002-01-14;102,00;104,00;100,00;Geprueft
2002-01-15;104,00;107,00;101,00;Geprueft
2002-01-16;106,00;107,00;105,00;Geprueft
2002-01-17;108,00;111,00;105,00;Geprueft
2002-01-18;110,00;112,00;106,00;Geprueft
2002-01-19;104,00;107,00;99,00;Geprueft
2002-01-20;100,00;102,00;99,00;Geprueft
2002-01-21;103,00;105,00;101,00;Geprueft
2002-01-22;109,00;115,00;104,00;Geprueft
2002-01-23;106,00;112,00;101,00;Geprueft
2002-01-24;105,00;107,00;103,00;Geprueft
2002-01-25;106,00;107,00;105,00;Geprueft
2002-01-26;108,00;111,00;105,00;Geprueft
2002-01-27;108,00;123,00;101,00;Geprueft
2002-01-28;127,00;132,00;117,00;Geprueft
2002-01-29;120,00;124,00;117,00;Geprueft
2002-01-30;115,00;120,00;109,00;Geprueft
2002-01-31;108,00;112,00;106,00;Geprueft
2002-02-01;113,00;118,00;105,00;Geprueft
2002-02-02;113,00;116,00;110,00;Geprueft
2002-02-03;109,00;112,00;104,00;Geprueft
2002-02-04;107,00;109,00;105,00;Geprueft
2002-02-05;105,00;111,00;101,00;Geprueft
2002-02-06;108,00;112,00;104,00;Geprueft
2002-02-07;114,00;120,00;109,00;Geprueft
2002-02-08;118,00;119,00;116,00;Geprueft
2002-02-09;115,00;118,00;112,00;Geprueft
2002-02-10;112,00;114,00;109,00;Geprueft
2002-02-11;116,00;120,00;112,00;Geprueft
2002-02-12;116,00;120,00;111,00;Geprueft
2002-02-13;114,00;116,00;110,00;Geprueft
2002-02-14;117,00;119,00;115,00;Geprueft
2002-02-15;116,00;118,00;112,00;Geprueft
2002-02-16;112,00;116,00;108,00;Geprueft
2002-02-17;106,00;111,00;102,00;Geprueft
2002-02-18;105,00;107,00;103,00;Geprueft
2002-02-19;107,00;111,00;103,00;Geprueft
2002-02-20;111,00;114,00;108,00;Geprueft
2002-02-21;113,00;113,00;111,00;Geprueft
2002-02-22;113,00;115,00;111,00;Geprueft
2002-02-23;110,00;113,00;106,00;Geprueft
2002-02-24;107,00;108,00;105,00;Geprueft
2002-02-25;113,00;120,00;107,00;Geprueft
2002-02-26;118,00;122,00;115,00;Geprueft
2002-02-27;124,00;129,00;118,00;Geprueft
2002-02-28;132,00;137,00;127,00;Geprueft
2002-03-01;131,00;134,00;127,00;Geprueft
2002-03-02;125,00;129,00;121,00;Geprueft
2002-03-03;120,00;123,00;115,00;Geprueft
2002-03-04;118,00;123,00;114,00;Geprueft
2002-03-05;122,00;126,00;121,00;Geprueft
2002-03-06;117,00;124,00;112,00;Geprueft
2002-03-07;114,00;116,00;112,00;Geprueft
2002-03-08;115,00;118,00;113,00;Geprueft
2002-03-09;114,00;115,00;112,00;Geprueft
2002-03-10;109,00;113,00;105,00;Geprueft
2002-03-11;107,00;108,00;105,00;Geprueft
2002-03-12;112,00;118,00;104,00;Geprueft
2002-03-13;112,00;115,00;110,00;Geprueft
2002-03-14;112,00;115,00;109,00;Geprueft
2002-03-15;111,00;115,00;109,00;Geprueft
2002-03-16;107,00;111,00;103,00;Geprueft
2002-03-17;104,00;105,00;98,00;Geprueft
2002-03-18;105,00;110,00;101,00;Geprueft
2002-03-19;107,00;112,00;103,00;Geprueft
2002-03-20;152,00;189,00;112,00;Geprueft
2002-03-21;245,00;286,00;183,00;Geprueft
2002-03-22;248,00;257,00;239,00;Geprueft
2002-03-23;248,00;264,00;232,00;Geprueft
2002-03-24;201,00;232,00;189,00;Geprueft
2002-03-25;185,00;193,00;175,00;Geprueft
2002-03-26;165,00;182,00;147,00;Geprueft
2002-03-27;152,00;160,00;144,00;Geprueft
2002-03-28;144,00;156,00;137,00;Geprueft
2002-03-29;137,00;144,00;130,00;Geprueft
2002-03-30;129,00;131,00;125,00;Geprueft
2002-03-31;131,00;132,00;130,00;Geprueft
2002-04-01;130,00;131,00;129,00;Geprueft
2002-04-02;131,00;136,00;126,00;Geprueft
2002-04-03;135,00;139,00;132,00;Geprueft
2002-04-04;132,00;140,00;125,00;Geprueft
2002-04-05;127,00;134,00;121,00;Geprueft
2002-04-06;122,00;130,00;111,00;Geprueft
2002-04-07;114,00;119,00;111,00;Geprueft
2002-04-08;113,00;116,00;108,00;Geprueft
2002-04-09;118,00;127,00;111,00;Geprueft
2002-04-10;127,00;130,00;123,00;Geprueft
2002-04-11;126,00;129,00;124,00;Geprueft
2002-04-12;115,00;125,00;107,00;Geprueft
2002-04-13;106,00;109,00;103,00;Geprueft
2002-04-14;113,00;119,00;106,00;Geprueft
2002-04-15;114,00;118,00;108,00;Geprueft
2002-04-16;112,00;115,00;109,00;Geprueft
2002-04-17;114,00;116,00;112,00;Geprueft
2002-04-18;112,00;115,00;109,00;Geprueft
2002-04-19;108,00;111,00;105,00;Geprueft
2002-04-20;108,00;111,00;106,00;Geprueft
2002-04-21;112,00;116,00;100,00;Geprueft
2002-04-22;104,00;110,00;100,00;Geprueft
2002-04-23;106,00;108,00;104,00;Geprueft
2002-04-24;121,00;137,00;106,00;Geprueft
2002-04-25;140,00;154,00;131,00;Geprueft
2002-04-26;149,00;161,00;135,00;Geprueft
2002-04-27;142,00;163,00;125,00;Geprueft
2002-04-28;128,00;141,00;117,00;Geprueft
2002-04-29;127,00;132,00;123,00;Geprueft
2002-04-30;127,00;129,00;123,00;Geprueft
2002-05-01;123,00;129,00;115,00;Geprueft
2002-05-02;122,00;127,00;116,00;Geprueft
2002-05-03;118,00;124,00;113,00;Geprueft
2002-05-04;115,00;118,00;108,00;Geprueft
2002-05-05;114,00;116,00;112,00;Geprueft
2002-05-06;119,00;125,00;114,00;Geprueft
2002-05-07;122,00;129,00;113,00;Geprueft
2002-05-08;111,00;116,00;107,00;Geprueft
2002-05-09;108,00;112,00;100,00;Geprueft
2002-05-10;117,00;125,00;108,00;Geprueft
2002-05-11;114,00;120,00;109,00;Geprueft
2002-05-12;116,00;120,00;113,00;Geprueft
2002-05-13;117,00;123,00;112,00;Geprueft
2002-05-14;118,00;120,00;116,00;Geprueft
2002-05-15;117,00;119,00;114,00;Geprueft
2002-05-16;116,00;118,00;114,00;Geprueft
2002-05-17;117,00;118,00;116,00;Geprueft
2002-05-18;110,00;116,00;104,00;Geprueft
2002-05-19;139,00;156,00;107,00;Geprueft
2002-05-20;142,00;154,00;136,00;Geprueft
2002-05-21;132,00;143,00;126,00;Geprueft
2002-05-22;129,00;135,00;120,00;Geprueft
2002-05-23;122,00;127,00;116,00;Geprueft
2002-05-24;121,00;127,00;118,00;Geprueft
2002-05-25;118,00;123,00;116,00;Geprueft
2002-05-26;128,00;133,00;123,00;Geprueft
2002-05-27;131,00;136,00;128,00;Geprueft
2002-05-28;129,00;132,00;124,00;Geprueft
2002-05-29;128,00;130,00;126,00;Geprueft
2002-05-30;124,00;128,00;121,00;Geprueft
2002-05-31;122,00;124,00;119,00;Geprueft
2002-06-01;112,00;120,00;106,00;Geprueft
2002-06-02;109,00;110,00;108,00;Geprueft
2002-06-03;109,00;110,00;107,00;Geprueft
2002-06-04;113,00;119,00;107,00;Geprueft
2002-06-05;114,00;118,00;106,00;Geprueft
2002-06-06;111,00;113,00;109,00;Geprueft
2002-06-07;111,00;112,00;109,00;Geprueft
2002-06-08;110,00;112,00;106,00;Geprueft
2002-06-09;108,00;112,00;104,00;Geprueft
2002-06-10;121,00;134,00;107,00;Geprueft
2002-06-11;133,00;137,00;130,00;Geprueft
2002-06-12;120,00;130,00;113,00;Geprueft
2002-06-13;116,00;118,00;115,00;Geprueft
2002-06-14;116,00;121,00;111,00;Geprueft
2002-06-15;111,00;115,00;104,00;Geprueft
2002-06-16;105,00;107,00;103,00;Geprueft
2002-06-17;104,00;107,00;103,00;Geprueft
2002-06-18;112,00;120,00;103,00;Geprueft
2002-06-19;115,00;120,00;112,00;Geprueft
2002-06-20;113,00;116,00;110,00;Geprueft
2002-06-21;108,00;110,00;106,00;Geprueft
2002-06-22;113,00;116,00;109,00;Geprueft
2002-06-23;111,00;115,00;106,00;Geprueft
2002-06-24;112,00;116,00;109,00;Geprueft
2002-06-25;119,00;127,00;112,00;Geprueft
2002-06-26;120,00;122,00;118,00;Geprueft
2002-06-27;112,00;122,00;104,00;Geprueft
2002-06-28;111,00;116,00;105,00;Geprueft
2002-06-29;111,00;114,00;108,00;Geprueft
2002-06-30;109,00;112,00;105,00;Geprueft
2002-07-01;106,00;108,00;103,00;Geprueft
2002-07-02;113,00;117,00;105,00;Geprueft
2002-07-03;112,00;116,00;106,00;Geprueft
2002-07-04;122,00;134,00;109,00;Geprueft
2002-07-05;131,00;133,00;126,00;Geprueft
2002-07-06;118,00;126,00;109,00;Geprueft
2002-07-07;109,00;111,00;106,00;Geprueft
2002-07-08;111,00;116,00;108,00;Geprueft
2002-07-09;113,00;118,00;109,00;Geprueft
2002-07-10;117,00;133,00;113,00;Geprueft
2002-07-11;122,00;133,00;112,00;Geprueft
2002-07-12;113,00;121,00;107,00;Geprueft
2002-07-13;107,00;112,00;103,00;Geprueft
2002-07-14;106,00;114,00;104,00;Geprueft
2002-07-15;112,00;113,00;110,00;Geprueft
2002-07-16;115,00;117,00;112,00;Geprueft
2002-07-17;128,00;139,00;114,00;Geprueft
2002-07-18;137,00;145,00;127,00;Geprueft
2002-07-19;135,00;144,00;122,00;Geprueft
2002-07-20;117,00;126,00;111,00;Geprueft
2002-07-21;111,00;114,00;107,00;Geprueft
2002-07-22;112,00;117,00;108,00;Geprueft
2002-07-23;110,00;113,00;109,00;Geprueft
2002-07-24;112,00;116,00;110,00;Geprueft
2002-07-25;118,00;124,00;110,00;Geprueft
2002-07-26;123,00;128,00;120,00;Geprueft
2002-07-27;119,00;122,00;116,00;Geprueft
2002-07-28;110,00;117,00;105,00;Geprueft
2002-07-29;106,00;108,00;104,00;Geprueft
2002-07-30;106,00;109,00;105,00;Geprueft
2002-07-31;107,00;109,00;105,00;Geprueft
2002-08-01;121,00;129,00;108,00;Geprueft
2002-08-02;157,00;183,00;126,00;Geprueft
2002-08-03;139,00;162,00;121,00;Geprueft
2002-08-04;131,00;145,00;124,00;Geprueft
2002-08-05;159,00;172,00;140,00;Geprueft
2002-08-06;151,00;172,00;135,00;Geprueft
2002-08-07;185,00;220,00;155,00;Geprueft
2002-08-08;190,00;217,00;176,00;Geprueft
2002-08-09;172,00;178,00;160,00;Geprueft
2002-08-10;153,00;161,00;148,00;Geprueft
2002-08-11;161,00;187,00;144,00;Geprueft
2002-08-12;226,00;260,00;182,00;Geprueft
2002-08-13;284,00;343,00;234,00;Geprueft
2002-08-14;274,00;339,00;245,00;Geprueft
2002-08-15;246,00;260,00;227,00;Geprueft
2002-08-16;220,00;234,00;194,00;Geprueft
2002-08-17;188,00;203,00;159,00;Geprueft
2002-08-18;164,00;172,00;154,00;Geprueft
2002-08-19;155,00;160,00;144,00;Geprueft
2002-08-20;149,00;156,00;143,00;Geprueft
2002-08-21;150,00;159,00;141,00;Geprueft
2002-08-22;157,00;161,00;151,00;Geprueft
2002-08-23;148,00;161,00;136,00;Geprueft
2002-08-24;137,00;140,00;128,00;Geprueft
2002-08-25;130,00;135,00;126,00;Geprueft
2002-08-26;127,00;133,00;123,00;Geprueft
2002-08-27;133,00;137,00;129,00;Geprueft
2002-08-28;135,00;138,00;132,00;Geprueft
2002-08-29;132,00;136,00;128,00;Geprueft
2002-08-30;126,00;132,00;121,00;Geprueft
2002-08-31;119,00;125,00;113,00;Geprueft
2002-09-01;122,00;139,00;112,00;Geprueft
2002-09-02;143,00;147,00;136,00;Geprueft
2002-09-03;143,00;146,00;140,00;Geprueft
2002-09-04;144,00;147,00;140,00;Geprueft
2002-09-05;144,00;152,00;139,00;Geprueft
2002-09-06;139,00;148,00;133,00;Geprueft
2002-09-07;133,00;142,00;127,00;Geprueft
2002-09-08;124,00;130,00;116,00;Geprueft
2002-09-09;121,00;128,00;114,00;Geprueft
2002-09-10;135,00;143,00;123,00;Geprueft
2002-09-11;141,00;145,00;139,00;Geprueft
2002-09-12;134,00;142,00;127,00;Geprueft
2002-09-13;124,00;131,00;121,00;Geprueft
2002-09-14;117,00;123,00;114,00;Geprueft
2002-09-15;118,00;122,00;115,00;Geprueft
2002-09-16;123,00;131,00;117,00;Geprueft
2002-09-17;123,00;133,00;114,00;Geprueft
2002-09-18;115,00;117,00;112,00;Geprueft
2002-09-19;116,00;120,00;113,00;Geprueft
2002-09-20;119,00;121,00;118,00;Geprueft
2002-09-21;130,00;142,00;119,00;Geprueft
2002-09-22;133,00;140,00;127,00;Geprueft
2002-09-23;138,00;140,00;134,00;Geprueft
2002-09-24;155,00;187,00;134,00;Geprueft
2002-09-25;205,00;223,00;180,00;Geprueft
2002-09-26;195,00;211,00;178,00;Geprueft
2002-09-27;181,00;194,00;174,00;Geprueft
2002-09-28;190,00;201,00;180,00;Geprueft
2002-09-29;187,00;200,00;169,00;Geprueft
2002-09-30;160,00;169,00;157,00;Geprueft
2002-10-01;159,00;163,00;153,00;Geprueft
2002-10-02;155,00;160,00;149,00;Geprueft
2002-10-03;151,00;155,00;147,00;Geprueft
2002-10-04;151,00;155,00;146,00;Geprueft
2002-10-05;145,00;152,00;142,00;Geprueft
2002-10-06;148,00;152,00;141,00;Geprueft
2002-10-07;165,00;174,00;149,00;Geprueft
2002-10-08;165,00;174,00;154,00;Geprueft
2002-10-09;152,00;160,00;145,00;Geprueft
2002-10-10;149,00;152,00;144,00;Geprueft
2002-10-11;139,00;146,00;130,00;Geprueft
2002-10-12;137,00;142,00;131,00;Geprueft
2002-10-13;138,00;142,00;135,00;Geprueft
2002-10-14;144,00;148,00;140,00;Geprueft
2002-10-15;152,00;168,00;139,00;Geprueft
2002-10-16;155,00;166,00;145,00;Geprueft
2002-10-17;146,00;155,00;134,00;Geprueft
2002-10-18;176,00;196,00;154,00;Geprueft
2002-10-19;169,00;179,00;160,00;Geprueft
2002-10-20;154,00;161,00;148,00;Geprueft
2002-10-21;152,00;158,00;145,00;Geprueft
2002-10-22;147,00;151,00;142,00;Geprueft
2002-10-23;139,00;145,00;131,00;Geprueft
2002-10-24;133,00;138,00;127,00;Geprueft
2002-10-25;138,00;140,00;136,00;Geprueft
2002-10-26;139,00;141,00;134,00;Geprueft
2002-10-27;127,00;136,00;119,00;Geprueft
2002-10-28;124,00;133,00;118,00;Geprueft
2002-10-29;126,00;130,00;121,00;Geprueft
2002-10-30;126,00;132,00;122,00;Geprueft
2002-10-31;128,00;137,00;122,00;Geprueft
2002-11-01;125,00;127,00;121,00;Geprueft
2002-11-02;127,00;134,00;123,00;Geprueft
2002-11-03;144,00;183,00;133,00;Geprueft
2002-11-04;179,00;201,00;173,00;Geprueft
2002-11-05;208,00;215,00;198,00;Geprueft
2002-11-06;206,00;214,00;181,00;Geprueft
2002-11-07;179,00;193,00;162,00;Geprueft
2002-11-08;170,00;177,00;162,00;Geprueft
2002-11-09;159,00;166,00;150,00;Geprueft
2002-11-10;169,00;179,00;161,00;Geprueft
2002-11-11;182,00;209,00;165,00;Geprueft
2002-11-12;211,00;223,00;192,00;Geprueft
2002-11-13;185,00;200,00;165,00;Geprueft
2002-11-14;173,00;174,00;166,00;Geprueft
2002-11-15;166,00;172,00;158,00;Geprueft
2002-11-16;160,00;168,00;152,00;Geprueft
2002-11-17;156,00;160,00;148,00;Geprueft
2002-11-18;152,00;155,00;147,00;Geprueft
2002-11-19;156,00;163,00;151,00;Geprueft
2002-11-20;178,00;187,00;159,00;Geprueft
2002-11-21;167,00;171,00;159,00;Geprueft
2002-11-22;162,00;167,00;158,00;Geprueft
2002-11-23;165,00;169,00;161,00;Geprueft
2002-11-24;157,00;167,00;149,00;Geprueft
2002-11-25;150,00;154,00;146,00;Geprueft
2002-11-26;143,00;152,00;138,00;Geprueft
2002-11-27;138,00;141,00;135,00;Geprueft
2002-11-28;132,00;135,00;128,00;Geprueft
2002-11-29;137,00;167,00;126,00;Geprueft
2002-11-30;155,00;166,00;149,00;Geprueft
2002-12-01;147,00;151,00;143,00;Geprueft
2002-12-02;140,00;146,00;136,00;Geprueft
2002-12-03;140,00;161,00;130,00;Geprueft
2002-12-04;149,00;160,00;141,00;Geprueft
2002-12-05;139,00;142,00;137,00;Geprueft
2002-12-06;137,00;140,00;134,00;Geprueft
2002-12-07;133,00;136,00;128,00;Geprueft
2002-12-08;132,00;141,00;126,00;Geprueft
2002-12-09;125,00;129,00;120,00;Geprueft
2002-12-10;124,00;130,00;118,00;Geprueft
2002-12-11;122,00;131,00;109,00;Geprueft
2002-12-12;125,00;137,00;114,00;Geprueft
2002-12-13;125,00;130,00;120,00;Geprueft
2002-12-14;119,00;128,00;113,00;Geprueft
2002-12-15;114,00;116,00;112,00;Geprueft
2002-12-16;112,00;117,00;110,00;Geprueft
2002-12-17;123,00;130,00;114,00;Geprueft
2002-12-18;140,00;151,00;127,00;Geprueft
2002-12-19;130,00;139,00;125,00;Geprueft
2002-12-20;123,00;129,00;119,00;Geprueft
2002-12-21;122,00;129,00;114,00;Geprueft
2002-12-22;136,00;149,00;126,00;Geprueft
2002-12-23;180,00;193,00;146,00;Geprueft
2002-12-24;172,00;193,00;147,00;Geprueft
2002-12-25;142,00;154,00;135,00;Geprueft
2002-12-26;134,00;138,00;129,00;Geprueft
2002-12-27;129,00;131,00;124,00;Geprueft
2002-12-28;125,00;129,00;122,00;Geprueft
2002-12-29;142,00;174,00;125,00;Geprueft
2002-12-30;171,00;179,00;168,00;Geprueft
2002-12-31;151,00;170,00;136,00;Geprueft
2003-01-01;140,00;143,00;136,00;Geprueft
2003-01-02;143,00;157,00;137,00;Geprueft
2003-01-03;163,00;171,00;154,00;Geprueft
2003-01-04;159,00;166,00;153,00;Geprueft
2003-01-05;163,00;169,00;152,00;Geprueft
2003-01-06;158,00;164,00;153,00;Geprueft
2003-01-07;146,00;154,00;135,00;Geprueft
2003-01-08;157,00;173,00;145,00;Geprueft
2003-01-09;141,00;151,00;133,00;Geprueft
2003-01-10;134,00;135,00;132,00;Geprueft
2003-01-11;133,00;136,00;131,00;Geprueft
2003-01-12;129,00;131,00;125,00;Geprueft
2003-01-13;123,00;126,00;120,00;Geprueft
2003-01-14;127,00;133,00;122,00;Geprueft
2003-01-15;134,00;140,00;127,00;Geprueft
2003-01-16;131,00;136,00;123,00;Geprueft
2003-01-17;126,00;129,00;123,00;Geprueft
2003-01-18;120,00;124,00;118,00;Geprueft
2003-01-19;119,00;121,00;118,00;Geprueft
2003-01-20;118,00;120,00;115,00;Geprueft
2003-01-21;118,00;121,00;115,00;Geprueft
2003-01-22;124,00;130,00;117,00;Geprueft
2003-01-23;123,00;129,00;117,00;Geprueft
2003-01-24;119,00;121,00;117,00;Geprueft
2003-01-25;121,00;125,00;118,00;Geprueft
2003-01-26;121,00;123,00;117,00;Geprueft
2003-01-27;120,00;126,00;115,00;Geprueft
2003-01-28;140,00;155,00;122,00;Geprueft
2003-01-29;147,00;155,00;137,00;Geprueft
2003-01-30;137,00;140,00;134,00;Geprueft
2003-01-31;135,00;137,00;131,00;Geprueft
2003-02-01;122,00;133,00;117,00;Geprueft
2003-02-02;117,00;119,00;112,00;Geprueft
2003-02-03;117,00;125,00;113,00;Geprueft
2003-02-04;128,00;142,00;124,00;Geprueft
2003-02-05;137,00;142,00;130,00;Geprueft
2003-02-06;130,00;135,00;125,00;Geprueft
2003-02-07;124,00;127,00;123,00;Geprueft
2003-02-08;121,00;124,00;116,00;Geprueft
2003-02-09;117,00;118,00;114,00;Geprueft
2003-02-10;116,00;121,00;109,00;Geprueft
2003-02-11;115,00;117,00;113,00;Geprueft
2003-02-12;117,00;123,00;113,00;Geprueft
2003-02-13;116,00;127,00;107,00;Geprueft
2003-02-14;110,00;111,00;109,00;Geprueft
2003-02-15;113,00;116,00;109,00;Geprueft
2003-02-16;111,00;115,00;106,00;Geprueft
2003-02-17;108,00;111,00;104,00;Geprueft
2003-02-18;112,00;117,00;108,00;Geprueft
2003-02-19;117,00;121,00;111,00;Geprueft
2003-02-20;111,00;120,00;105,00;Geprueft
2003-02-21;102,00;107,00;99,00;Geprueft
2003-02-22;102,00;104,00;101,00;Geprueft
2003-02-23;104,00;108,00;101,00;Geprueft
2003-02-24;106,00;111,00;101,00;Geprueft
2003-02-25;104,00;106,00;100,00;Geprueft
2003-02-26;104,00;107,00;102,00;Geprueft
2003-02-27;107,00;112,00;104,00;Geprueft
2003-02-28;108,00;111,00;105,00;Geprueft
2003-03-01;106,00;108,00;100,00;Geprueft
2003-03-02;104,00;106,00;100,00;Geprueft
2003-03-03;120,00;133,00;104,00;Geprueft
2003-03-04;129,00;131,00;127,00;Geprueft
2003-03-05;123,00;130,00;117,00;Geprueft
2003-03-06;118,00;123,00;116,00;Geprueft
2003-03-07;128,00;139,00;115,00;Geprueft
2003-03-08;137,00;143,00;127,00;Geprueft
2003-03-09;123,00;132,00;114,00;Geprueft
2003-03-10;115,00;120,00;112,00;Geprueft
2003-03-11;116,00;122,00;111,00;Geprueft
2003-03-12;128,00;137,00;121,00;Geprueft
2003-03-13;143,00;149,00;135,00;Geprueft
2003-03-14;138,00;142,00;134,00;Geprueft
2003-03-15;134,00;139,00;125,00;Geprueft
2003-03-16;119,00;130,00;114,00;Geprueft
2003-03-17;117,00;121,00;114,00;Geprueft
2003-03-18;113,00;120,00;107,00;Geprueft
2003-03-19;110,00;113,00;105,00;Geprueft
2003-03-20;109,00;113,00;104,00;Geprueft
2003-03-21;108,00;112,00;106,00;Geprueft
2003-03-22;107,00;108,00;105,00;Geprueft
2003-03-23;106,00;108,00;101,00;Geprueft
2003-03-24;108,00;113,00;105,00;Geprueft
2003-03-25;111,00;116,00;106,00;Geprueft
2003-03-26;108,00;111,00;104,00;Geprueft
2003-03-27;108,00;111,00;106,00;Geprueft
2003-03-28;109,00;111,00;105,00;Geprueft
2003-03-29;109,00;112,00;105,00;Geprueft
2003-03-30;108,00;110,00;105,00;Geprueft
2003-03-31;112,00;131,00;105,00;Geprueft
2003-04-01;119,00;135,00;111,00;Geprueft
2003-04-02;112,00;117,00;106,00;Geprueft
2003-04-03;113,00;124,00;104,00;Geprueft
2003-04-04;116,00;123,00;106,00;Geprueft
2003-04-05;107,00;110,00;104,00;Geprueft
2003-04-06;106,00;109,00;103,00;Geprueft
2003-04-07;111,00;118,00;105,00;Geprueft
2003-04-08;110,00;119,00;103,00;Geprueft
2003-04-09;107,00;111,00;103,00;Geprueft
2003-04-10;103,00;106,00;99,00;Geprueft
2003-04-11;108,00;112,00;105,00;Geprueft
2003-04-12;111,00;114,00;108,00;Geprueft
2003-04-13;107,00;112,00;100,00;Geprueft
2003-04-14;106,00;114,00;100,00;Geprueft
2003-04-15;107,00;110,00;103,00;Geprueft
2003-04-16;108,00;114,00;105,00;Geprueft
2003-04-17;107,00;117,00;99,00;Geprueft
2003-04-18;108,00;114,00;104,00;Geprueft
2003-04-19;105,00;111,00;98,00;Geprueft
2003-04-20;101,00;103,00;100,00;Geprueft
2003-04-21;101,00;108,00;93,00;Geprueft
2003-04-22;106,00;117,00;102,00;Geprueft
2003-04-23;114,00;121,00;109,00;Geprueft
2003-04-24;112,00;120,00;105,00;Geprueft
2003-04-25;110,00;112,00;107,00;Geprueft
2003-04-26;107,00;111,00;104,00;Geprueft
2003-04-27;107,00;109,00;104,00;Geprueft
2003-04-28;104,00;107,00;97,00;Geprueft
2003-04-29;105,00;108,00;101,00;Geprueft
2003-04-30;109,00;112,00;105,00;Geprueft
2003-05-01;110,00;114,00;107,00;Geprueft
2003-05-02;107,00;110,00;104,00;Geprueft
2003-05-03;107,00;108,00;105,00;Geprueft
2003-05-04;104,00;108,00;101,00;Geprueft
2003-05-05;103,00;105,00;100,00;Geprueft
2003-05-06;104,00;107,00;101,00;Geprueft
2003-05-07;105,00;109,00;100,00;Geprueft
2003-05-08;108,00;110,00;105,00;Geprueft
2003-05-09;111,00;119,00;107,00;Geprueft
2003-05-10;115,00;119,00;110,00;Geprueft
2003-05-11;112,00;119,00;109,00;Geprueft
2003-05-12;112,00;116,00;109,00;Geprueft
2003-05-13;112,00;119,00;109,00;Geprueft
2003-05-14;130,00;142,00;115,00;Geprueft
2003-05-15;120,00;129,00;114,00;Geprueft
2003-05-16;115,00;117,00;113,00;Geprueft
2003-05-17;109,00;117,00;101,00;Geprueft
2003-05-18;104,00;105,00;102,00;Geprueft
2003-05-19;108,00;117,00;103,00;Geprueft
2003-05-20;115,00;123,00;106,00;Geprueft
2003-05-21;119,00;136,00;109,00;Geprueft
2003-05-22;117,00;121,00;114,00;Geprueft
2003-05-23;112,00;117,00;106,00;Geprueft
2003-05-24;107,00;114,00;101,00;Geprueft
2003-05-25;102,00;103,00;99,00;Geprueft
2003-05-26;102,00;104,00;101,00;Geprueft
2003-05-27;104,00;109,00;101,00;Geprueft
2003-05-28;106,00;109,00;104,00;Geprueft
2003-05-29;104,00;107,00;101,00;Geprueft
2003-05-30;105,00;106,00;104,00;Geprueft
2003-05-31;105,00;107,00;104,00;Geprueft
2003-06-01;104,00;107,00;101,00;Geprueft
2003-06-02;108,00;113,00;102,00;Geprueft
2003-06-03;108,00;110,00;104,00;Geprueft
2003-06-04;109,00;111,00;108,00;Geprueft
2003-06-05;108,00;113,00;105,00;Geprueft
2003-06-06;115,00;123,00;107,00;Geprueft
2003-06-07;116,00;122,00;105,00;Geprueft
2003-06-08;106,00;108,00;103,00;Geprueft
2003-06-09;107,00;111,00;104,00;Geprueft
2003-06-10;110,00;113,00;106,00;Geprueft
2003-06-11;110,00;112,00;105,00;Geprueft
2003-06-12;110,00;114,00;107,00;Geprueft
2003-06-13;113,00;115,00;110,00;Geprueft
2003-06-14;108,00;111,00;100,00;Geprueft
2003-06-15;105,00;109,00;102,00;Geprueft
2003-06-16;106,00;107,00;105,00;Geprueft
2003-06-17;105,00;106,00;104,00;Geprueft
2003-06-18;108,00;110,00;104,00;Geprueft
2003-06-19;108,00;111,00;105,00;Geprueft
2003-06-20;106,00;106,00;105,00;Geprueft
2003-06-21;104,00;105,00;101,00;Geprueft
2003-06-22;101,00;102,00;99,00;Geprueft
2003-06-23;102,00;106,00;100,00;Geprueft
2003-06-24;104,00;105,00;103,00;Geprueft
2003-06-25;103,00;104,00;103,00;Geprueft
2003-06-26;104,00;105,00;102,00;Geprueft
2003-06-27;104,00;106,00;103,00;Geprueft
2003-06-28;104,00;105,00;104,00;Geprueft
2003-06-29;101,00;105,00;97,00;Geprueft
2003-06-30;103,00;108,00;97,00;Geprueft
2003-07-01;102,00;106,00;98,00;Geprueft
2003-07-02;105,00;107,00;99,00;Geprueft
2003-07-03;103,00;106,00;100,00;Geprueft
2003-07-04;104,00;106,00;94,00;Geprueft
2003-07-05;105,00;107,00;104,00;Geprueft
2003-07-06;101,00;105,00;97,00;Geprueft
2003-07-07;100,00;102,00;97,00;Geprueft
2003-07-08;98,00;102,00;98,00;Geprueft
2003-07-09;99,00;102,00;96,00;Geprueft
2003-07-10;98,00;100,00;95,00;Geprueft
2003-07-11;97,00;99,00;94,00;Geprueft
2003-07-12;97,00;98,00;95,00;Geprueft
2003-07-13;96,00;97,00;94,00;Geprueft
2003-07-14;95,00;96,00;94,00;Geprueft
2003-07-15;95,00;96,00;94,00;Geprueft
2003-07-16;96,00;102,00;90,00;Geprueft
2003-07-17;97,00;99,00;94,00;Geprueft
2003-07-18;99,00;103,00;96,00;Geprueft
2003-07-19;100,00;101,00;98,00;Geprueft
2003-07-20;96,00;100,00;93,00;Geprueft
2003-07-21;96,00;102,00;93,00;Geprueft
2003-07-22;98,00;101,00;95,00;Geprueft
2003-07-23;99,00;101,00;96,00;Geprueft
2003-07-24;98,00;102,00;92,00;Geprueft
2003-07-25;103,00;110,00;98,00;Geprueft
2003-07-26;104,00;105,00;101,00;Geprueft
2003-07-27;101,00;104,00;97,00;Geprueft
2003-07-28;107,00;114,00;103,00;Geprueft
2003-07-29;114,00;118,00;110,00;Geprueft
2003-07-30;108,00;112,00;105,00;Geprueft
2003-07-31;105,00;108,00;101,00;Geprueft
2003-08-01;102,00;104,00;101,00;Geprueft
2003-08-02;101,00;104,00;98,00;Geprueft
2003-08-03;101,00;104,00;99,00;Geprueft
2003-08-04;99,00;102,00;95,00;Geprueft
2003-08-05;98,00;102,00;93,00;Geprueft
2003-08-06;99,00;100,00;98,00;Geprueft
2003-08-07;99,00;102,00;95,00;Geprueft
2003-08-08;97,00;99,00;95,00;Geprueft
2003-08-09;97,00;100,00;95,00;Geprueft
2003-08-10;97,00;98,00;96,00;Geprueft
2003-08-11;96,00;97,00;94,00;Geprueft
2003-08-12;95,00;97,00;93,00;Geprueft
2003-08-13;95,00;95,00;93,00;Geprueft
2003-08-14;94,00;97,00;92,00;Geprueft
2003-08-15;95,00;97,00;94,00;Geprueft
2003-08-16;95,00;98,00;94,00;Geprueft
2003-08-17;97,00;98,00;94,00;Geprueft
2003-08-18;96,00;99,00;94,00;Geprueft
2003-08-19;99,00;102,00;96,00;Geprueft
2003-08-20;97,00;102,00;93,00;Geprueft
2003-08-21;95,00;96,00;95,00;Geprueft
2003-08-22;96,00;97,00;95,00;Geprueft
2003-08-23;96,00;98,00;95,00;Geprueft
2003-08-24;95,00;97,00;94,00;Geprueft
2003-08-25;95,00;97,00;94,00;Geprueft
2003-08-26;96,00;98,00;94,00;Geprueft
2003-08-27;95,00;97,00;93,00;Geprueft
2003-08-28;95,00;103,00;92,00;Geprueft
2003-08-29;94,00;95,00;92,00;Geprueft
2003-08-30;95,00;97,00;94,00;Geprueft
2003-08-31;97,00;104,00;94,00;Geprueft
2003-09-01;103,00;105,00;100,00;Geprueft
2003-09-02;98,00;103,00;93,00;Geprueft
2003-09-03;95,00;97,00;94,00;Geprueft
2003-09-04;98,00;100,00;96,00;Geprueft
2003-09-05;98,00;100,00;96,00;Geprueft
2003-09-06;97,00;99,00;95,00;Geprueft
2003-09-07;97,00;98,00;96,00;Geprueft
2003-09-08;96,00;98,00;93,00;Geprueft
2003-09-09;95,00;99,00;93,00;Geprueft
2003-09-10;98,00;103,00;95,00;Geprueft
2003-09-11;99,00;102,00;97,00;Geprueft
2003-09-12;101,00;104,00;98,00;Geprueft
2003-09-13;103,00;105,00;101,00;Geprueft
2003-09-14;109,00;115,00;103,00;Geprueft
2003-09-15;105,00;113,00;100,00;Geprueft
2003-09-16;100,00;103,00;97,00;Geprueft
2003-09-17;100,00;101,00;99,00;Geprueft
2003-09-18;101,00;103,00;99,00;Geprueft
2003-09-19;97,00;102,00;93,00;Geprueft
2003-09-20;96,00;97,00;95,00;Geprueft
2003-09-21;96,00;97,00;95,00;Geprueft
2003-09-22;96,00;101,00;89,00;Geprueft
2003-09-23;95,00;98,00;94,00;Geprueft
2003-09-24;102,00;107,00;95,00;Geprueft
2003-09-25;102,00;106,00;97,00;Geprueft
2003-09-26;97,00;100,00;93,00;Geprueft
2003-09-27;94,00;96,00;92,00;Geprueft
2003-09-28;94,00;96,00;93,00;Geprueft
2003-09-29;96,00;98,00;94,00;Geprueft
2003-09-30;98,00;102,00;95,00;Geprueft
2003-10-01;99,00;102,00;96,00;Geprueft
2003-10-02;98,00;100,00;95,00;Geprueft
2003-10-03;95,00;99,00;93,00;Geprueft
2003-10-04;98,00;103,00;94,00;Geprueft
2003-10-05;113,00;133,00;100,00;Geprueft
2003-10-06;143,00;150,00;124,00;Geprueft
2003-10-07;144,00;147,00;131,00;Geprueft
2003-10-08;132,00;136,00;128,00;Geprueft
2003-10-09;148,00;161,00;134,00;Geprueft
2003-10-10;166,00;177,00;155,00;Geprueft
2003-10-11;153,00;176,00;139,00;Geprueft
2003-10-12;144,00;154,00;138,00;Geprueft
2003-10-13;148,00;154,00;143,00;Geprueft
2003-10-14;145,00;156,00;135,00;Geprueft
2003-10-15;135,00;141,00;127,00;Geprueft
2003-10-16;127,00;145,00;114,00;Geprueft
2003-10-17;119,00;125,00;114,00;Geprueft
2003-10-18;118,00;122,00;113,00;Geprueft
2003-10-19;116,00;119,00;109,00;Geprueft
2003-10-20;111,00;116,00;106,00;Geprueft
2003-10-21;114,00;119,00;111,00;Geprueft
2003-10-22;110,00;113,00;106,00;Geprueft
2003-10-23;110,00;116,00;104,00;Geprueft
2003-10-24;111,00;114,00;106,00;Geprueft
2003-10-25;111,00;115,00;104,00;Geprueft
2003-10-26;108,00;114,00;101,00;Geprueft
2003-10-27;106,00;109,00;101,00;Geprueft
2003-10-28;102,00;105,00;99,00;Geprueft
2003-10-29;101,00;102,00;100,00;Geprueft
2003-10-30;99,00;102,00;97,00;Geprueft
2003-10-31;97,00;99,00;95,00;Geprueft
2003-11-01;97,00;100,00;95,00;Geprueft
2003-11-02;97,00;98,00;97,00;Geprueft
2003-11-03;99,00;104,00;94,00;Geprueft
2003-11-04;99,00;100,00;96,00;Geprueft
2003-11-05;95,00;97,00;92,00;Geprueft
2003-11-06;96,00;100,00;95,00;Geprueft
2003-11-07;100,00;105,00;97,00;Geprueft
2003-11-08;99,00;101,00;94,00;Geprueft
2003-11-09;95,00;96,00;94,00;Geprueft
2003-11-10;95,00;102,00;92,00;Geprueft
2003-11-11;98,00;100,00;94,00;Geprueft
2003-11-12;99,00;103,00;96,00;Geprueft
2003-11-13;97,00;101,00;95,00;Geprueft
2003-11-14;100,00;103,00;98,00;Geprueft
2003-11-15;99,00;100,00;94,00;Geprueft
2003-11-16;100,00;102,00;99,00;Geprueft
2003-11-17;98,00;103,00;94,00;Geprueft
2003-11-18;97,00;101,00;93,00;Geprueft
2003-11-19;98,00;101,00;96,00;Geprueft
2003-11-20;97,00;99,00;94,00;Geprueft
2003-11-21;96,00;99,00;94,00;Geprueft
2003-11-22;96,00;99,00;94,00;Geprueft
2003-11-23;95,00;97,00;92,00;Geprueft
2003-11-24;95,00;99,00;93,00;Geprueft
2003-11-25;97,00;99,00;94,00;Geprueft
2003-11-26;96,00;98,00;94,00;Geprueft
2003-11-27;96,00;99,00;95,00;Geprueft
2003-11-28;97,00;100,00;95,00;Geprueft
2003-11-29;103,00;107,00;100,00;Geprueft
2003-11-30;102,00;106,00;98,00;Geprueft
2003-12-01;99,00;103,00;95,00;Geprueft
2003-12-02;100,00;103,00;97,00;Geprueft
2003-12-03;96,00;98,00;95,00;Geprueft
2003-12-04;98,00;101,00;94,00;Geprueft
2003-12-05;96,00;100,00;90,00;Geprueft
2003-12-06;94,00;101,00;89,00;Geprueft
2003-12-07;98,00;101,00;96,00;Geprueft
2003-12-08;97,00;98,00;95,00;Geprueft
2003-12-09;98,00;101,00;97,00;Geprueft
2003-12-10;100,00;103,00;98,00;Geprueft
2003-12-11;96,00;99,00;93,00;Geprueft
2003-12-12;94,00;96,00;91,00;Geprueft
2003-12-13;97,00;101,00;93,00;Geprueft
2003-12-14;98,00;101,00;94,00;Geprueft
2003-12-15;100,00;103,00;96,00;Geprueft
2003-12-16;99,00;103,00;96,00;Geprueft
2003-12-17;100,00;104,00;96,00;Geprueft
2003-12-18;101,00;104,00;98,00;Geprueft
2003-12-19;99,00;102,00;95,00;Geprueft
2003-12-20;96,00;100,00;93,00;Geprueft
2003-12-21;95,00;98,00;91,00;Geprueft
2003-12-22;94,00;99,00;89,00;Geprueft
2003-12-23;102,00;105,00;98,00;Geprueft
2003-12-24;102,00;105,00;98,00;Geprueft
2003-12-25;95,00;98,00;93,00;Geprueft
2003-12-26;93,00;97,00;89,00;Geprueft
2003-12-27;93,00;98,00;90,00;Geprueft
2003-12-28;94,00;96,00;92,00;Geprueft
2003-12-29;94,00;98,00;91,00;Geprueft
2003-12-30;97,00;98,00;95,00;Geprueft
2003-12-31;98,00;100,00;96,00;Geprueft
2004-01-01;94,00;96,00;93,00;Geprueft
2004-01-02;99,00;102,00;96,00;Geprueft
2004-01-03;93,00;97,00;90,00;Geprueft
2004-01-04;93,00;95,00;91,00;Geprueft
2004-01-05;96,00;98,00;94,00;Geprueft
2004-01-06;96,00;97,00;95,00;Geprueft
2004-01-07;96,00;97,00;95,00;Geprueft
2004-01-08;96,00;98,00;95,00;Geprueft
2004-01-09;100,00;102,00;95,00;Geprueft
2004-01-10;107,00;112,00;101,00;Geprueft
2004-01-11;116,00;121,00;107,00;Geprueft
2004-01-12;124,00;161,00;113,00;Geprueft
2004-01-13;165,00;201,00;153,00;Geprueft
2004-01-14;210,00;224,00;187,00;Geprueft
2004-01-15;178,00;188,00;155,00;Geprueft
2004-01-16;149,00;158,00;139,00;Geprueft
2004-01-17;144,00;151,00;135,00;Geprueft
2004-01-18;156,00;164,00;143,00;Geprueft
2004-01-19;139,00;156,00;131,00;Geprueft
2004-01-20;130,00;134,00;124,00;Geprueft
2004-01-21;140,00;147,00;132,00;Geprueft
2004-01-22;139,00;149,00;132,00;Geprueft
2004-01-23;133,00;139,00;128,00;Geprueft
2004-01-24;119,00;130,00;109,00;Geprueft
2004-01-25;112,00;119,00;106,00;Geprueft
2004-01-26;110,00;116,00;105,00;Geprueft
2004-01-27;111,00;117,00;105,00;Geprueft
2004-01-28;115,00;120,00;111,00;Geprueft
2004-01-29;108,00;112,00;105,00;Geprueft
2004-01-30;108,00;113,00;102,00;Geprueft
2004-01-31;106,00;113,00;100,00;Geprueft
2004-02-01;107,00;114,00;101,00;Geprueft
2004-02-02;111,00;122,00;103,00;Geprueft
2004-02-03;117,00;130,00;108,00;Geprueft
2004-02-04;122,00;135,00;112,00;Geprueft
2004-02-05;114,00;118,00;110,00;Geprueft
2004-02-06;113,00;118,00;109,00;Geprueft
2004-02-07;109,00;113,00;104,00;Geprueft
2004-02-08;111,00;116,00;105,00;Geprueft
2004-02-09;112,00;121,00;104,00;Geprueft
2004-02-10;115,00;126,00;105,00;Geprueft
2004-02-11;111,00;120,00;103,00;Geprueft
2004-02-12;110,00;114,00;102,00;Geprueft
2004-02-13;117,00;121,00;108,00;Geprueft
2004-02-14;110,00;119,00;98,00;Geprueft
2004-02-15;104,00;106,00;98,00;Geprueft
2004-02-16;110,00;115,00;104,00;Geprueft
2004-02-17;109,00;119,00;102,00;Geprueft
2004-02-18;106,00;111,00;103,00;Geprueft
2004-02-19;104,00;107,00;101,00;Geprueft
2004-02-20;102,00;105,00;97,00;Geprueft
2004-02-21;104,00;106,00;102,00;Geprueft
2004-02-22;102,00;105,00;100,00;Geprueft
2004-02-23;102,00;105,00;100,00;Geprueft
2004-02-24;106,00;109,00;100,00;Geprueft
2004-02-25;106,00;110,00;100,00;Geprueft
2004-02-26;105,00;110,00;99,00;Geprueft
2004-02-27;105,00;107,00;102,00;Geprueft
2004-02-28;107,00;109,00;103,00;Geprueft
2004-02-29;104,00;109,00;97,00;Geprueft
2004-03-01;99,00;101,00;96,00;Geprueft
2004-03-02;103,00;106,00;100,00;Geprueft
2004-03-03;101,00;104,00;98,00;Geprueft
2004-03-04;100,00;103,00;98,00;Geprueft
2004-03-05;101,00;103,00;99,00;Geprueft
2004-03-06;100,00;102,00;99,00;Geprueft
2004-03-07;99,00;101,00;97,00;Geprueft
2004-03-08;99,00;100,00;95,00;Geprueft
2004-03-09;101,00;106,00;95,00;Geprueft
2004-03-10;101,00;104,00;98,00;Geprueft
2004-03-11;102,00;105,00;99,00;Geprueft
2004-03-12;100,00;102,00;98,00;Geprueft
2004-03-13;98,00;100,00;96,00;Geprueft
2004-03-14;98,00;107,00;94,00;Geprueft
2004-03-15;109,00;116,00;105,00;Geprueft
2004-03-16;110,00;128,00;104,00;Geprueft
2004-03-17;110,00;112,00;104,00;Geprueft
2004-03-18;110,00;115,00;101,00;Geprueft
2004-03-19;119,00;127,00;112,00;Geprueft
2004-03-20;110,00;116,00;104,00;Geprueft
2004-03-21;105,00;115,00;98,00;Geprueft
2004-03-22;109,00;120,00;100,00;Geprueft
2004-03-23;112,00;116,00;107,00;Geprueft
2004-03-24;114,00;125,00;107,00;Geprueft
2004-03-25;128,00;138,00;121,00;Geprueft
2004-03-26;129,00;138,00;118,00;Geprueft
2004-03-27;116,00;123,00;111,00;Geprueft
2004-03-28;114,00;116,00;112,00;Geprueft
2004-03-29;110,00;116,00;107,00;Geprueft
2004-03-30;116,00;123,00;108,00;Geprueft
2004-03-31;122,00;125,00;117,00;Geprueft
2004-04-01;125,00;130,00;120,00;Geprueft
2004-04-02;122,00;128,00;115,00;Geprueft
2004-04-03;125,00;131,00;119,00;Geprueft
2004-04-04;136,00;144,00;124,00;Geprueft
2004-04-05;135,00;139,00;129,00;Geprueft
2004-04-06;131,00;141,00;120,00;Geprueft
2004-04-07;129,00;134,00;122,00;Geprueft
2004-04-08;131,00;137,00;122,00;Geprueft
2004-04-09;122,00;133,00;110,00;Geprueft
2004-04-10;112,00;114,00;110,00;Geprueft
2004-04-11;112,00;119,00;106,00;Geprueft
2004-04-12;114,00;120,00;110,00;Geprueft
2004-04-13;112,00;117,00;108,00;Geprueft
2004-04-14;119,00;127,00;113,00;Geprueft
2004-04-15;116,00;129,00;109,00;Geprueft
2004-04-16;114,00;120,00;107,00;Geprueft
2004-04-17;114,00;116,00;111,00;Geprueft
2004-04-18;111,00;113,00;107,00;Geprueft
2004-04-19;114,00;126,00;101,00;Geprueft
2004-04-20;122,00;127,00;115,00;Geprueft
2004-04-21;120,00;122,00;118,00;Geprueft
2004-04-22;119,00;126,00;113,00;Geprueft
2004-04-23;118,00;126,00;111,00;Geprueft
2004-04-24;131,00;140,00;117,00;Geprueft
2004-04-25;129,00;135,00;124,00;Geprueft
2004-04-26;119,00;131,00;111,00;Geprueft
2004-04-27;117,00;121,00;113,00;Geprueft
2004-04-28;122,00;126,00;116,00;Geprueft
2004-04-29;116,00;126,00;102,00;Geprueft
2004-04-30;114,00;120,00;109,00;Geprueft
2004-05-01;117,00;125,00;107,00;Geprueft
2004-05-02;113,00;120,00;108,00;Geprueft
2004-05-03;119,00;126,00;115,00;Geprueft
2004-05-04;122,00;131,00;112,00;Geprueft
2004-05-05;119,00;124,00;113,00;Geprueft
2004-05-06;114,00;119,00;102,00;Geprueft
2004-05-07;120,00;123,00;117,00;Geprueft
2004-05-08;115,00;123,00;110,00;Geprueft
2004-05-09;107,00;113,00;103,00;Geprueft
2004-05-10;107,00;111,00;105,00;Geprueft
2004-05-11;109,00;114,00;99,00;Geprueft
2004-05-12;110,00;117,00;99,00;Geprueft
2004-05-13;110,00;122,00;100,00;Geprueft
2004-05-14;114,00;124,00;105,00;Geprueft
2004-05-15;109,00;117,00;103,00;Geprueft
2004-05-16;106,00;110,00;98,00;Geprueft
2004-05-17;108,00;116,00;101,00;Geprueft
2004-05-18;119,00;125,00;115,00;Geprueft
2004-05-19;118,00;125,00;110,00;Geprueft
2004-05-20;110,00;119,00;101,00;Geprueft
2004-05-21;111,00;125,00;103,00;Geprueft
2004-05-22;108,00;113,00;101,00;Geprueft
2004-05-23;115,00;118,00;111,00;Geprueft
2004-05-24;115,00;120,00;109,00;Geprueft
2004-05-25;111,00;116,00;105,00;Geprueft
2004-05-26;108,00;112,00;106,00;Geprueft
2004-05-27;109,00;114,00;103,00;Geprueft
2004-05-28;107,00;114,00;97,00;Geprueft
2004-05-29;104,00;110,00;97,00;Geprueft
2004-05-30;108,00;111,00;105,00;Geprueft
2004-05-31;101,00;108,00;97,00;Geprueft
2004-06-01;102,00;106,00;98,00;Geprueft
2004-06-02;113,00;118,00;106,00;Geprueft
2004-06-03;119,00;137,00;110,00;Geprueft
2004-06-04;162,00;179,00;137,00;Geprueft
2004-06-05;182,00;185,00;177,00;Geprueft
2004-06-06;186,00;190,00;182,00;Geprueft
2004-06-07;189,00;198,00;169,00;Geprueft
2004-06-08;162,00;182,00;151,00;Geprueft
2004-06-09;143,00;151,00;135,00;Geprueft
2004-06-10;139,00;145,00;136,00;Geprueft
2004-06-11;130,00;145,00;122,00;Geprueft
2004-06-12;129,00;132,00;124,00;Geprueft
2004-06-13;129,00;131,00;127,00;Geprueft
2004-06-14;123,00;133,00;114,00;Geprueft
2004-06-15;124,00;127,00;117,00;Geprueft
2004-06-16;128,00;131,00;124,00;Geprueft
2004-06-17;128,00;133,00;123,00;Geprueft
2004-06-18;127,00;133,00;120,00;Geprueft
2004-06-19;131,00;133,00;125,00;Geprueft
2004-06-20;135,00;138,00;131,00;Geprueft
2004-06-21;130,00;136,00;124,00;Geprueft
2004-06-22;122,00;126,00;117,00;Geprueft
2004-06-23;121,00;126,00;117,00;Geprueft
2004-06-24;117,00;125,00;109,00;Geprueft
2004-06-25;115,00;125,00;106,00;Geprueft
2004-06-26;111,00;118,00;106,00;Geprueft
2004-06-27;115,00;119,00;112,00;Geprueft
2004-06-28;114,00;118,00;106,00;Geprueft
2004-06-29;117,00;126,00;105,00;Geprueft
2004-06-30;112,00;116,00;106,00;Geprueft
2004-07-01;107,00;112,00;104,00;Geprueft
2004-07-02;115,00;124,00;106,00;Geprueft
2004-07-03;111,00;118,00;106,00;Geprueft
2004-07-04;105,00;112,00;101,00;Geprueft
2004-07-05;102,00;108,00;99,00;Geprueft
2004-07-06;106,00;111,00;102,00;Geprueft
2004-07-07;115,00;122,00;109,00;Geprueft
2004-07-08;112,00;115,00;108,00;Geprueft
2004-07-09;119,00;127,00;112,00;Geprueft
2004-07-10;118,00;125,00;113,00;Geprueft
2004-07-11;117,00;122,00;113,00;Geprueft
2004-07-12;108,00;119,00;98,00;Geprueft
2004-07-13;118,00;124,00;112,00;Geprueft
2004-07-14;116,00;120,00;113,00;Geprueft
2004-07-15;116,00;121,00;111,00;Geprueft
2004-07-16;115,00;122,00;109,00;Geprueft
2004-07-17;108,00;110,00;105,00;Geprueft
2004-07-18;107,00;109,00;105,00;Geprueft
2004-07-19;109,00;113,00;102,00;Geprueft
2004-07-20;122,00;129,00;112,00;Geprueft
2004-07-21;125,00;129,00;119,00;Geprueft
2004-07-22;119,00;126,00;114,00;Geprueft
2004-07-23;121,00;124,00;117,00;Geprueft
2004-07-24;118,00;137,00;108,00;Geprueft
2004-07-25;144,00;152,00;133,00;Geprueft
2004-07-26;149,00;158,00;141,00;Geprueft
2004-07-27;145,00;158,00;138,00;Geprueft
2004-07-28;145,00;154,00;137,00;Geprueft
2004-07-29;134,00;138,00;129,00;Geprueft
2004-07-30;125,00;137,00;113,00;Geprueft
2004-07-31;114,00;121,00;104,00;Geprueft
2004-08-01;110,00;113,00;107,00;Geprueft
2004-08-02;111,00;118,00;107,00;Geprueft
2004-08-03;111,00;116,00;104,00;Geprueft
2004-08-04;106,00;113,00;103,00;Geprueft
2004-08-05;107,00;110,00;104,00;Geprueft
2004-08-06;103,00;105,00;99,00;Geprueft
2004-08-07;103,00;108,00;97,00;Geprueft
2004-08-08;101,00;104,00;97,00;Geprueft
2004-08-09;101,00;107,00;93,00;Geprueft
2004-08-10;104,00;109,00;101,00;Geprueft
2004-08-11;104,00;107,00;101,00;Geprueft
2004-08-12;103,00;108,00;100,00;Geprueft
2004-08-13;108,00;114,00;106,00;Geprueft
2004-08-14;106,00;114,00;100,00;Geprueft
2004-08-15;105,00;109,00;103,00;Geprueft
2004-08-16;103,00;109,00;98,00;Geprueft
2004-08-17;100,00;104,00;95,00;Geprueft
2004-08-18;104,00;107,00;101,00;Geprueft
2004-08-19;104,00;108,00;98,00;Geprueft
2004-08-20;104,00;109,00;98,00;Geprueft
2004-08-21;106,00;110,00;103,00;Geprueft
2004-08-22;102,00;104,00;100,00;Geprueft
2004-08-23;101,00;103,00;95,00;Geprueft
2004-08-24;104,00;107,00;100,00;Geprueft
2004-08-25;106,00;110,00;103,00;Geprueft
2004-08-26;104,00;108,00;103,00;Geprueft
2004-08-27;110,00;118,00;105,00;Geprueft
2004-08-28;109,00;112,00;104,00;Geprueft
2004-08-29;105,00;106,00;103,00;Geprueft
2004-08-30;105,00;107,00;103,00;Geprueft
2004-08-31;108,00;111,00;105,00;Geprueft
2004-09-01;112,00;118,00;103,00;Geprueft
2004-09-02;112,00;118,00;110,00;Geprueft
2004-09-03;111,00;117,00;105,00;Geprueft
2004-09-04;107,00;114,00;102,00;Geprueft
2004-09-05;101,00;106,00;96,00;Geprueft
2004-09-06;99,00;105,00;96,00;Geprueft
2004-09-07;101,00;105,00;98,00;Geprueft
2004-09-08;102,00;103,00;100,00;Geprueft
2004-09-09;100,00;101,00;98,00;Geprueft
2004-09-10;101,00;103,00;99,00;Geprueft
2004-09-11;98,00;102,00;93,00;Geprueft
2004-09-12;95,00;100,00;92,00;Geprueft
2004-09-13;97,00;99,00;95,00;Geprueft
2004-09-14;95,00;103,00;93,00;Geprueft
2004-09-15;105,00;107,00;101,00;Geprueft
2004-09-16;106,00;110,00;102,00;Geprueft
2004-09-17;103,00;106,00;100,00;Geprueft
2004-09-18;99,00;103,00;96,00;Geprueft
2004-09-19;96,00;101,00;92,00;Geprueft
2004-09-20;96,00;98,00;93,00;Geprueft
2004-09-21;96,00;98,00;94,00;Geprueft
2004-09-22;96,00;101,00;90,00;Geprueft
2004-09-23;96,00;101,00;92,00;Geprueft
2004-09-24;104,00;110,00;101,00;Geprueft
2004-09-25;108,00;111,00;104,00;Geprueft
2004-09-26;116,00;122,00;107,00;Geprueft
2004-09-27;112,00;123,00;106,00;Geprueft
2004-09-28;108,00;111,00;103,00;Geprueft
2004-09-29;106,00;110,00;103,00;Geprueft
2004-09-30;110,00;118,00;105,00;Geprueft
2004-10-01;112,00;117,00;106,00;Geprueft
2004-10-02;113,00;121,00;102,00;Geprueft
2004-10-03;106,00;112,00;102,00;Geprueft
2004-10-04;105,00;113,00;98,00;Geprueft
2004-10-05;106,00;112,00;100,00;Geprueft
2004-10-06;105,00;114,00;98,00;Geprueft
2004-10-07;104,00;109,00;100,00;Geprueft
2004-10-08;106,00;110,00;102,00;Geprueft
2004-10-09;108,00;113,00;102,00;Geprueft
2004-10-10;108,00;114,00;103,00;Geprueft
2004-10-11;112,00;118,00;106,00;Geprueft
2004-10-12;113,00;120,00;104,00;Geprueft
2004-10-13;111,00;118,00;103,00;Geprueft
2004-10-14;109,00;115,00;100,00;Geprueft
2004-10-15;112,00;117,00;106,00;Geprueft
2004-10-16;106,00;111,00;100,00;Geprueft
2004-10-17;105,00;109,00;101,00;Geprueft
2004-10-18;105,00;111,00;102,00;Geprueft
2004-10-19;104,00;110,00;99,00;Geprueft
2004-10-20;103,00;105,00;100,00;Geprueft
2004-10-21;105,00;110,00;101,00;Geprueft
2004-10-22;102,00;106,00;99,00;Geprueft
2004-10-23;102,00;106,00;99,00;Geprueft
2004-10-24;98,00;100,00;96,00;Geprueft
2004-10-25;97,00;101,00;94,00;Geprueft
2004-10-26;99,00;102,00;95,00;Geprueft
2004-10-27;98,00;104,00;94,00;Geprueft
2004-10-28;101,00;104,00;98,00;Geprueft
2004-10-29;101,00;107,00;95,00;Geprueft
2004-10-30;99,00;104,00;95,00;Geprueft
2004-10-31;99,00;101,00;97,00;Geprueft
2004-11-01;99,00;100,00;97,00;Geprueft
2004-11-02;101,00;105,00;99,00;Geprueft
2004-11-03;100,00;106,00;97,00;Geprueft
2004-11-04;101,00;103,00;98,00;Geprueft
2004-11-05;99,00;101,00;97,00;Geprueft
2004-11-06;98,00;99,00;96,00;Geprueft
2004-11-07;96,00;97,00;95,00;Geprueft
2004-11-08;98,00;101,00;95,00;Geprueft
2004-11-09;99,00;104,00;96,00;Geprueft
2004-11-10;105,00;111,00;98,00;Geprueft
2004-11-11;108,00;115,00;100,00;Geprueft
2004-11-12;107,00;115,00;100,00;Geprueft
2004-11-13;103,00;108,00;100,00;Geprueft
2004-11-14;100,00;103,00;97,00;Geprueft
2004-11-15;101,00;105,00;99,00;Geprueft
2004-11-16;101,00;104,00;96,00;Geprueft
2004-11-17;102,00;106,00;96,00;Geprueft
2004-11-18;100,00;104,00;96,00;Geprueft
2004-11-19;99,00;103,00;95,00;Geprueft
2004-11-20;98,00;100,00;96,00;Geprueft
2004-11-21;98,00;102,00;95,00;Geprueft
2004-11-22;101,00;106,00;99,00;Geprueft
2004-11-23;102,00;105,00;97,00;Geprueft
2004-11-24;105,00;107,00;101,00;Geprueft
2004-11-25;107,00;110,00;103,00;Geprueft
2004-11-26;107,00;110,00;103,00;Geprueft
2004-11-27;102,00;107,00;98,00;Geprueft
2004-11-28;99,00;101,00;96,00;Geprueft
2004-11-29;101,00;104,00;100,00;Geprueft
2004-11-30;100,00;105,00;93,00;Geprueft
2004-12-01;99,00;102,00;94,00;Geprueft
2004-12-02;95,00;99,00;93,00;Geprueft
2004-12-03;98,00;102,00;92,00;Geprueft
2004-12-04;99,00;101,00;97,00;Geprueft
2004-12-05;99,00;100,00;97,00;Geprueft
2004-12-06;97,00;100,00;93,00;Geprueft
2004-12-07;97,00;100,00;95,00;Geprueft
2004-12-08;96,00;97,00;93,00;Geprueft
2004-12-09;99,00;103,00;96,00;Geprueft
2004-12-10;101,00;105,00;97,00;Geprueft
2004-12-11;101,00;105,00;98,00;Geprueft
2004-12-12;98,00;102,00;95,00;Geprueft
2004-12-13;97,00;99,00;93,00;Geprueft
2004-12-14;98,00;100,00;94,00;Geprueft
2004-12-15;100,00;103,00;95,00;Geprueft
2004-12-16;101,00;108,00;96,00;Geprueft
2004-12-17;100,00;104,00;97,00;Geprueft
2004-12-18;97,00;99,00;94,00;Geprueft
2004-12-19;97,00;98,00;95,00;Geprueft
2004-12-20;95,00;99,00;92,00;Geprueft
2004-12-21;95,00;97,00;93,00;Geprueft
2004-12-22;95,00;98,00;92,00;Geprueft
2004-12-23;95,00;97,00;94,00;Geprueft
2004-12-24;95,00;97,00;93,00;Geprueft
2004-12-25;96,00;98,00;95,00;Geprueft
2004-12-26;98,00;100,00;95,00;Geprueft
2004-12-27;96,00;98,00;94,00;Geprueft
2004-12-28;98,00;101,00;95,00;Geprueft
2004-12-29;96,00;99,00;94,00;Geprueft
2004-12-30;96,00;99,00;93,00;Geprueft
2004-12-31;94,00;97,00;91,00;Geprueft
2005-01-01;94,00;95,00;93,00;Geprueft
2005-01-02;95,00;98,00;93,00;Geprueft
2005-01-03;98,00;100,00;96,00;Geprueft
2005-01-04;99,00;100,00;98,00;Geprueft
2005-01-05;100,00;102,00;98,00;Geprueft
2005-01-06;99,00;101,00;98,00;Geprueft
2005-01-07;98,00;101,00;95,00;Geprueft
2005-01-08;102,00;104,00;99,00;Geprueft
2005-01-09;103,00;106,00;100,00;Geprueft
2005-01-10;99,00;101,00;96,00;Geprueft
2005-01-11;98,00;102,00;95,00;Geprueft
2005-01-12;99,00;101,00;96,00;Geprueft
2005-01-13;100,00;105,00;95,00;Geprueft
2005-01-14;100,00;102,00;96,00;Geprueft
2005-01-15;99,00;102,00;97,00;Geprueft
2005-01-16;96,00;99,00;92,00;Geprueft
2005-01-17;94,00;96,00;91,00;Geprueft
2005-01-18;96,00;99,00;94,00;Geprueft
2005-01-19;96,00;98,00;95,00;Geprueft
2005-01-20;96,00;97,00;94,00;Geprueft
2005-01-21;100,00;104,00;93,00;Geprueft
2005-01-22;103,00;104,00;101,00;Geprueft
2005-01-23;104,00;106,00;101,00;Geprueft
2005-01-24;102,00;105,00;98,00;Geprueft
2005-01-25;100,00;103,00;97,00;Geprueft
2005-01-26;99,00;102,00;96,00;Geprueft
2005-01-27;99,00;102,00;96,00;Geprueft
2005-01-28;99,00;103,00;95,00;Geprueft
2005-01-29;98,00;101,00;95,00;Geprueft
2005-01-30;95,00;97,00;94,00;Geprueft
2005-01-31;95,00;97,00;92,00;Geprueft
2005-02-01;93,00;96,00;90,00;Geprueft
2005-02-02;97,00;101,00;94,00;Geprueft
2005-02-03;98,00;101,00;94,00;Geprueft
2005-02-04;98,00;102,00;94,00;Geprueft
2005-02-05;96,00;99,00;92,00;Geprueft
2005-02-06;93,00;97,00;90,00;Geprueft
2005-02-07;93,00;96,00;91,00;Geprueft
2005-02-08;94,00;96,00;91,00;Geprueft
2005-02-09;93,00;96,00;92,00;Geprueft
2005-02-10;93,00;96,00;91,00;Geprueft
2005-02-11;96,00;104,00;92,00;Geprueft
2005-02-12;114,00;145,00;103,00;Geprueft
2005-02-13;172,00;188,00;140,00;Geprueft
2005-02-14;160,00;194,00;135,00;Geprueft
2005-02-15;137,00;146,00;128,00;Geprueft
2005-02-16;131,00;135,00;124,00;Geprueft
2005-02-17;124,00;131,00;118,00;Geprueft
2005-02-18;122,00;130,00;111,00;Geprueft
2005-02-19;113,00;118,00;108,00;Geprueft
2005-02-20;111,00;116,00;102,00;Geprueft
2005-02-21;108,00;112,00;102,00;Geprueft
2005-02-22;112,00;116,00;106,00;Geprueft
2005-02-23;108,00;117,00;102,00;Geprueft
2005-02-24;105,00;109,00;100,00;Geprueft
2005-02-25;105,00;110,00;98,00;Geprueft
2005-02-26;103,00;105,00;99,00;Geprueft
2005-02-27;103,00;108,00;97,00;Geprueft
2005-02-28;101,00;105,00;97,00;Geprueft
2005-03-01;98,00;102,00;92,00;Geprueft
2005-03-02;93,00;95,00;90,00;Geprueft
2005-03-03;93,00;94,00;91,00;Geprueft
2005-03-04;93,00;96,00;90,00;Geprueft
2005-03-05;97,00;100,00;94,00;Geprueft
2005-03-06;97,00;101,00;93,00;Geprueft
2005-03-07;94,00;98,00;91,00;Geprueft
2005-03-08;94,00;98,00;91,00;Geprueft
2005-03-09;96,00;99,00;94,00;Geprueft
2005-03-10;95,00;97,00;91,00;Geprueft
2005-03-11;95,00;97,00;90,00;Geprueft
2005-03-12;92,00;95,00;89,00;Geprueft
2005-03-13;96,00;99,00;93,00;Geprueft
2005-03-14;100,00;104,00;97,00;Geprueft
2005-03-15;98,00;101,00;93,00;Geprueft
2005-03-16;97,00;100,00;93,00;Geprueft
2005-03-17;117,00;152,00;98,00;Geprueft
2005-03-18;160,00;174,00;144,00;Geprueft
2005-03-19;162,00;170,00;156,00;Geprueft
2005-03-20;156,00;159,00;151,00;Geprueft
2005-03-21;151,00;157,00;144,00;Geprueft
2005-03-22;144,00;149,00;138,00;Geprueft
2005-03-23;145,00;157,00;138,00;Geprueft
2005-03-24;140,00;147,00;129,00;Geprueft
2005-03-25;148,00;158,00;142,00;Geprueft
2005-03-26;156,00;162,00;145,00;Geprueft
2005-03-27;153,00;158,00;150,00;Geprueft
2005-03-28;139,00;151,00;134,00;Geprueft
2005-03-29;143,00;147,00;138,00;Geprueft
2005-03-30;146,00;152,00;141,00;Geprueft
2005-03-31;152,00;163,00;146,00;Geprueft
2005-04-01;157,00;161,00;154,00;Geprueft
2005-04-02;150,00;159,00;139,00;Geprueft
2005-04-03;137,00;140,00;130,00;Geprueft
2005-04-04;133,00;138,00;127,00;Geprueft
2005-04-05;131,00;136,00;125,00;Geprueft
2005-04-06;124,00;128,00;120,00;Geprueft
2005-04-07;120,00;124,00;116,00;Geprueft
2005-04-08;120,00;126,00;113,00;Geprueft
2005-04-09;121,00;125,00;115,00;Geprueft
2005-04-10;126,00;132,00;117,00;Geprueft
2005-04-11;129,00;131,00;126,00;Geprueft
2005-04-12;124,00;134,00;111,00;Geprueft
2005-04-13;112,00;118,00;107,00;Geprueft
2005-04-14;121,00;125,00;114,00;Geprueft
2005-04-15;118,00;126,00;109,00;Geprueft
2005-04-16;117,00;123,00;110,00;Geprueft
2005-04-17;117,00;121,00;110,00;Geprueft
2005-04-18;107,00;118,00;101,00;Geprueft
2005-04-19;120,00;132,00;104,00;Geprueft
2005-04-20;143,00;173,00;130,00;Geprueft
2005-04-21;174,00;182,00;164,00;Geprueft
2005-04-22;159,00;183,00;138,00;Geprueft
2005-04-23;143,00;152,00;134,00;Geprueft
2005-04-24;128,00;135,00;124,00;Geprueft
2005-04-25;122,00;135,00;118,00;Geprueft
2005-04-26;157,00;183,00;134,00;Geprueft
2005-04-27;166,00;183,00;153,00;Geprueft
2005-04-28;145,00;153,00;141,00;Geprueft
2005-04-29;142,00;149,00;136,00;Geprueft
2005-04-30;137,00;140,00;131,00;Geprueft
2005-05-01;128,00;132,00;119,00;Geprueft
2005-05-02;116,00;120,00;110,00;Geprueft
2005-05-03;123,00;130,00;120,00;Geprueft
2005-05-04;125,00;129,00;121,00;Geprueft
2005-05-05;132,00;136,00;125,00;Geprueft
2005-05-06;133,00;135,00;129,00;Geprueft
2005-05-07;136,00;154,00;130,00;Geprueft
2005-05-08;154,00;158,00;146,00;Geprueft
2005-05-09;155,00;162,00;146,00;Geprueft
2005-05-10;151,00;156,00;146,00;Geprueft
2005-05-11;149,00;156,00;144,00;Geprueft
2005-05-12;144,00;154,00;132,00;Geprueft
2005-05-13;132,00;145,00;121,00;Geprueft
2005-05-14;124,00;131,00;119,00;Geprueft
2005-05-15;125,00;130,00;120,00;Geprueft
2005-05-16;125,00;130,00;119,00;Geprueft
2005-05-17;124,00;128,00;120,00;Geprueft
2005-05-18;133,00;146,00;124,00;Geprueft
2005-05-19;173,00;188,00;145,00;Geprueft
2005-05-20;154,00;182,00;142,00;Geprueft
2005-05-21;147,00;155,00;141,00;Geprueft
2005-05-22;141,00;149,00;135,00;Geprueft
2005-05-23;147,00;154,00;141,00;Geprueft
2005-05-24;149,00;156,00;139,00;Geprueft
2005-05-25;150,00;160,00;140,00;Geprueft
2005-05-26;137,00;149,00;129,00;Geprueft
2005-05-27;128,00;135,00;120,00;Geprueft
2005-05-28;117,00;125,00;113,00;Geprueft
2005-05-29;118,00;121,00;115,00;Geprueft
2005-05-30;120,00;126,00;115,00;Geprueft
2005-05-31;126,00;131,00;121,00;Geprueft
2005-06-01;124,00;131,00;114,00;Geprueft
2005-06-02;115,00;117,00;113,00;Geprueft
2005-06-03;113,00;117,00;108,00;Geprueft
2005-06-04;113,00;121,00;103,00;Geprueft
2005-06-05;113,00;120,00;105,00;Geprueft
2005-06-06;111,00;117,00;106,00;Geprueft
2005-06-07;116,00;127,00;109,00;Geprueft
2005-06-08;127,00;134,00;120,00;Geprueft
2005-06-09;116,00;123,00;110,00;Geprueft
2005-06-10;109,00;118,00;100,00;Geprueft
2005-06-11;109,00;112,00;106,00;Geprueft
2005-06-12;110,00;113,00;107,00;Geprueft
2005-06-13;108,00;113,00;103,00;Geprueft
2005-06-14;110,00;114,00;106,00;Geprueft
2005-06-15;132,00;159,00;109,00;Geprueft
2005-06-16;145,00;169,00;130,00;Geprueft
2005-06-17;125,00;135,00;117,00;Geprueft
2005-06-18;114,00;119,00;109,00;Geprueft
2005-06-19;107,00;111,00;105,00;Geprueft
2005-06-20;106,00;110,00;103,00;Geprueft
2005-06-21;113,00;120,00;106,00;Geprueft
2005-06-22;114,00;119,00;110,00;Geprueft
2005-06-23;115,00;119,00;111,00;Geprueft
2005-06-24;104,00;113,00;99,00;Geprueft
2005-06-25;105,00;109,00;103,00;Geprueft
2005-06-26;105,00;108,00;102,00;Geprueft
2005-06-27;103,00;107,00;99,00;Geprueft
2005-06-28;101,00;105,00;98,00;Geprueft
2005-06-29;101,00;102,00;99,00;Geprueft
2005-06-30;102,00;107,00;100,00;Geprueft
2005-07-01;108,00;113,00;101,00;Geprueft
2005-07-02;111,00;116,00;105,00;Geprueft
2005-07-03;104,00;107,00;100,00;Geprueft
2005-07-04;102,00;104,00;101,00;Geprueft
2005-07-05;115,00;134,00;101,00;Geprueft
2005-07-06;130,00;134,00;122,00;Geprueft
2005-07-07;117,00;123,00;109,00;Geprueft
2005-07-08;109,00;112,00;106,00;Geprueft
2005-07-09;110,00;112,00;109,00;Geprueft
2005-07-10;108,00;111,00;106,00;Geprueft
2005-07-11;126,00;147,00;107,00;Geprueft
2005-07-12;173,00;196,00;145,00;Geprueft
2005-07-13;205,00;216,00;195,00;Geprueft
2005-07-14;201,00;211,00;167,00;Geprueft
2005-07-15;169,00;183,00;157,00;Geprueft
2005-07-16;151,00;168,00;138,00;Geprueft
2005-07-17;132,00;142,00;122,00;Geprueft
2005-07-18;125,00;129,00;122,00;Geprueft
2005-07-19;127,00;132,00;124,00;Geprueft
2005-07-20;128,00;129,00;125,00;Geprueft
2005-07-21;122,00;132,00;114,00;Geprueft
2005-07-22;119,00;124,00;113,00;Geprueft
2005-07-23;117,00;122,00;110,00;Geprueft
2005-07-24;113,00;120,00;102,00;Geprueft
2005-07-25;110,00;117,00;101,00;Geprueft
2005-07-26;121,00;133,00;114,00;Geprueft
2005-07-27;126,00;139,00;112,00;Geprueft
2005-07-28;112,00;115,00;109,00;Geprueft
2005-07-29;114,00;120,00;93,00;Geprueft
2005-07-30;120,00;121,00;117,00;Geprueft
2005-07-31;115,00;121,00;109,00;Geprueft
2005-08-01;108,00;112,00;105,00;Geprueft
2005-08-02;106,00;121,00;103,00;Geprueft
2005-08-03;120,00;125,00;114,00;Geprueft
2005-08-04;127,00;135,00;121,00;Geprueft
2005-08-05;123,00;138,00;113,00;Geprueft
2005-08-06;111,00;115,00;105,00;Geprueft
2005-08-07;119,00;126,00;112,00;Geprueft
2005-08-08;121,00;127,00;117,00;Geprueft
2005-08-09;126,00;130,00;121,00;Geprueft
2005-08-10;130,00;135,00;122,00;Geprueft
2005-08-11;122,00;137,00;112,00;Geprueft
2005-08-12;113,00;118,00;109,00;Geprueft
2005-08-13;113,00;115,00;112,00;Geprueft
2005-08-14;110,00;112,00;109,00;Geprueft
2005-08-15;110,00;112,00;108,00;Geprueft
2005-08-16;119,00;149,00;108,00;Geprueft
2005-08-17;166,00;176,00;149,00;Geprueft
2005-08-18;152,00;163,00;141,00;Geprueft
2005-08-19;136,00;142,00;130,00;Geprueft
2005-08-20;134,00;137,00;129,00;Geprueft
2005-08-21;133,00;137,00;126,00;Geprueft
2005-08-22;154,00;196,00;132,00;Geprueft
2005-08-23;230,00;298,00;195,00;Geprueft
2005-08-24;323,00;399,00;287,00;Geprueft
2005-08-25;447,00;462,00;395,00;Geprueft
2005-08-26;423,00;444,00;396,00;Geprueft
2005-08-27;387,00;420,00;328,00;Geprueft
2005-08-28;274,00;328,00;248,00;Geprueft
2005-08-29;216,00;251,00;161,00;Geprueft
2005-08-30;183,00;208,00;162,00;Geprueft
2005-08-31;176,00;186,00;159,00;Geprueft
2005-09-01;151,00;173,00;143,00;Geprueft
2005-09-02;145,00;148,00;143,00;Geprueft
2005-09-03;141,00;145,00;137,00;Geprueft
2005-09-04;141,00;145,00;138,00;Geprueft
2005-09-05;137,00;145,00;127,00;Geprueft
2005-09-06;132,00;143,00;124,00;Geprueft
2005-09-07;126,00;138,00;115,00;Geprueft
2005-09-08;128,00;139,00;121,00;Geprueft
2005-09-09;128,00;134,00;123,00;Geprueft
2005-09-10;128,00;134,00;123,00;Geprueft
2005-09-11;120,00;126,00;115,00;Geprueft
2005-09-12;124,00;128,00;116,00;Geprueft
2005-09-13;127,00;130,00;121,00;Geprueft
2005-09-14;127,00;134,00;118,00;Geprueft
2005-09-15;124,00;131,00;119,00;Geprueft
2005-09-16;122,00;127,00;118,00;Geprueft
2005-09-17;124,00;131,00;119,00;Geprueft
2005-09-18;119,00;122,00;117,00;Geprueft
2005-09-19;115,00;124,00;104,00;Geprueft
2005-09-20;113,00;118,00;105,00;Geprueft
2005-09-21;109,00;117,00;105,00;Geprueft
2005-09-22;111,00;115,00;106,00;Geprueft
2005-09-23;109,00;113,00;105,00;Geprueft
2005-09-24;109,00;114,00;104,00;Geprueft
2005-09-25;109,00;114,00;104,00;Geprueft
2005-09-26;108,00;111,00;106,00;Geprueft
2005-09-27;107,00;109,00;103,00;Geprueft
2005-09-28;110,00;112,00;107,00;Geprueft
2005-09-29;113,00;116,00;111,00;Geprueft
2005-09-30;109,00;112,00;104,00;Geprueft
2005-10-01;113,00;117,00;106,00;Geprueft
2005-10-02;117,00;132,00;111,00;Geprueft
2005-10-03;140,00;151,00;131,00;Geprueft
2005-10-04;142,00;153,00;132,00;Geprueft
2005-10-05;134,00;140,00;125,00;Geprueft
2005-10-06;122,00;126,00;118,00;Geprueft
2005-10-07;120,00;124,00;115,00;Geprueft
2005-10-08;114,00;119,00;110,00;Geprueft
2005-10-09;108,00;111,00;105,00;Geprueft
2005-10-10;107,00;113,00;102,00;Geprueft
2005-10-11;104,00;110,00;101,00;Geprueft
2005-10-12;112,00;115,00;105,00;Geprueft
2005-10-13;110,00;115,00;104,00;Geprueft
2005-10-14;107,00;111,00;103,00;Geprueft
2005-10-15;109,00;115,00;105,00;Geprueft
2005-10-16;109,00;112,00;106,00;Geprueft
2005-10-17;104,00;109,00;100,00;Geprueft
2005-10-18;102,00;103,00;101,00;Geprueft
2005-10-19;104,00;110,00;101,00;Geprueft
2005-10-20;109,00;118,00;97,00;Geprueft
2005-10-21;106,00;108,00;102,00;Geprueft
2005-10-22;104,00;106,00;96,00;Geprueft
2005-10-23;97,00;98,00;94,00;Geprueft
2005-10-24;96,00;98,00;94,00;Geprueft
2005-10-25;101,00;106,00;96,00;Geprueft
2005-10-26;98,00;105,00;95,00;Geprueft
2005-10-27;97,00;100,00;94,00;Geprueft
2005-10-28;97,00;101,00;93,00;Geprueft
2005-10-29;97,00;99,00;94,00;Geprueft
2005-10-30;98,00;100,00;96,00;Geprueft
2005-10-31;97,00;100,00;94,00;Geprueft
2005-11-01;100,00;102,00;96,00;Geprueft
2005-11-02;98,00;103,00;95,00;Geprueft
2005-11-03;99,00;101,00;97,00;Geprueft
2005-11-04;96,00;99,00;94,00;Geprueft
2005-11-05;97,00;98,00;94,00;Geprueft
2005-11-06;97,00;98,00;93,00;Geprueft
2005-11-07;96,00;102,00;91,00;Geprueft
2005-11-08;96,00;103,00;92,00;Geprueft
2005-11-09;95,00;98,00;93,00;Geprueft
2005-11-10;94,00;96,00;90,00;Geprueft
2005-11-11;93,00;96,00;90,00;Geprueft
2005-11-12;96,00;99,00;94,00;Geprueft
2005-11-13;96,00;98,00;94,00;Geprueft
2005-11-14;96,00;99,00;92,00;Geprueft
2005-11-15;93,00;95,00;91,00;Geprueft
2005-11-16;95,00;96,00;94,00;Geprueft
2005-11-17;96,00;98,00;93,00;Geprueft
2005-11-18;95,00;97,00;92,00;Geprueft
2005-11-19;95,00;97,00;94,00;Geprueft
2005-11-20;94,00;95,00;93,00;Geprueft
2005-11-21;95,00;96,00;93,00;Geprueft
2005-11-22;95,00;97,00;94,00;Geprueft
2005-11-23;94,00;97,00;90,00;Geprueft
2005-11-24;96,00;98,00;93,00;Geprueft
2005-11-25;95,00;100,00;91,00;Geprueft
2005-11-26;95,00;96,00;92,00;Geprueft
2005-11-27;95,00;96,00;94,00;Geprueft
2005-11-28;95,00;96,00;94,00;Geprueft
2005-11-29;96,00;99,00;94,00;Geprueft
2005-11-30;96,00;101,00;92,00;Geprueft
2005-12-01;94,00;95,00;93,00;Geprueft
2005-12-02;94,00;95,00;93,00;Geprueft
2005-12-03;93,00;97,00;90,00;Geprueft
2005-12-04;95,00;97,00;93,00;Geprueft
2005-12-05;95,00;100,00;92,00;Geprueft
2005-12-06;95,00;96,00;92,00;Geprueft
2005-12-07;96,00;99,00;92,00;Geprueft
2005-12-08;96,00;99,00;94,00;Geprueft
2005-12-09;95,00;96,00;93,00;Geprueft
2005-12-10;95,00;96,00;93,00;Geprueft
2005-12-11;95,00;97,00;93,00;Geprueft
2005-12-12;96,00;97,00;94,00;Geprueft
2005-12-13;94,00;98,00;91,00;Geprueft
2005-12-14;93,00;97,00;91,00;Geprueft
2005-12-15;94,00;96,00;92,00;Geprueft
2005-12-16;94,00;99,00;92,00;Geprueft
2005-12-17;97,00;100,00;93,00;Geprueft
2005-12-18;97,00;99,00;93,00;Geprueft
2005-12-19;97,00;100,00;95,00;Geprueft
2005-12-20;98,00;100,00;96,00;Geprueft
2005-12-21;97,00;99,00;94,00;Geprueft
2005-12-22;95,00;97,00;94,00;Geprueft
2005-12-23;95,00;98,00;93,00;Geprueft
2005-12-24;97,00;101,00;93,00;Geprueft
2005-12-25;98,00;99,00;97,00;Geprueft
2005-12-26;97,00;99,00;94,00;Geprueft
2005-12-27;96,00;98,00;94,00;Geprueft
2005-12-28;99,00;102,00;96,00;Geprueft
2005-12-29;96,00;97,00;95,00;Geprueft
2005-12-30;97,00;99,00;93,00;Geprueft
2005-12-31;94,00;96,00;92,00;Geprueft
2006-01-01;96,00;98,00;94,00;Geprueft
2006-01-02;99,00;101,00;89,00;Geprueft
2006-01-03;103,00;106,00;98,00;Geprueft
2006-01-04;99,00;103,00;96,00;Geprueft
2006-01-05;99,00;100,00;98,00;Geprueft
2006-01-06;98,00;101,00;96,00;Geprueft
2006-01-07;97,00;99,00;96,00;Geprueft
2006-01-08;96,00;97,00;94,00;Geprueft
2006-01-09;96,00;99,00;95,00;Geprueft
2006-01-10;95,00;97,00;93,00;Geprueft
2006-01-11;96,00;98,00;93,00;Geprueft
2006-01-12;95,00;97,00;93,00;Geprueft
2006-01-13;95,00;97,00;94,00;Geprueft
2006-01-14;94,00;95,00;93,00;Geprueft
2006-01-15;94,00;95,00;92,00;Geprueft
2006-01-16;92,00;94,00;91,00;Geprueft
2006-01-17;93,00;94,00;92,00;Geprueft
2006-01-18;93,00;101,00;89,00;Geprueft
2006-01-19;102,00;106,00;98,00;Geprueft
2006-01-20;98,00;100,00;93,00;Geprueft
2006-01-21;95,00;97,00;93,00;Geprueft
2006-01-22;94,00;97,00;93,00;Geprueft
2006-01-23;96,00;99,00;92,00;Geprueft
2006-01-24;97,00;99,00;94,00;Geprueft
2006-01-25;91,00;94,00;88,00;Geprueft
2006-01-26;94,00;96,00;93,00;Geprueft
2006-01-27;96,00;97,00;95,00;Geprueft
2006-01-28;94,00;98,00;89,00;Geprueft
2006-01-29;91,00;93,00;89,00;Geprueft
2006-01-30;90,00;94,00;88,00;Geprueft
2006-01-31;91,00;95,00;89,00;Geprueft
2006-02-01;95,00;96,00;93,00;Geprueft
2006-02-02;93,00;96,00;90,00;Geprueft
2006-02-03;94,00;97,00;92,00;Geprueft
2006-02-04;95,00;98,00;92,00;Geprueft
2006-02-05;93,00;95,00;92,00;Geprueft
2006-02-06;91,00;93,00;90,00;Geprueft
2006-02-07;92,00;93,00;90,00;Geprueft
2006-02-08;94,00;97,00;90,00;Geprueft
2006-02-09;94,00;98,00;91,00;Geprueft
2006-02-10;94,00;95,00;92,00;Geprueft
2006-02-11;93,00;96,00;91,00;Geprueft
2006-02-12;90,00;92,00;89,00;Geprueft
2006-02-13;92,00;93,00;90,00;Geprueft
2006-02-14;91,00;92,00;90,00;Geprueft
2006-02-15;92,00;94,00;90,00;Geprueft
2006-02-16;112,00;151,00;92,00;Geprueft
2006-02-17;152,00;157,00;140,00;Geprueft
2006-02-18;134,00;147,00;114,00;Geprueft
2006-02-19;113,00;120,00;107,00;Geprueft
2006-02-20;110,00;116,00;106,00;Geprueft
2006-02-21;116,00;120,00;109,00;Geprueft
2006-02-22;106,00;115,00;95,00;Geprueft
2006-02-23;111,00;120,00;103,00;Geprueft
2006-02-24;105,00;114,00;99,00;Geprueft
2006-02-25;102,00;104,00;101,00;Geprueft
2006-02-26;100,00;104,00;94,00;Geprueft
2006-02-27;98,00;100,00;94,00;Geprueft
2006-02-28;100,00;103,00;97,00;Geprueft
2006-03-01;98,00;101,00;95,00;Geprueft
2006-03-02;98,00;100,00;95,00;Geprueft
2006-03-03;98,00;100,00;96,00;Geprueft
2006-03-04;98,00;104,00;96,00;Geprueft
2006-03-05;104,00;107,00;99,00;Geprueft
2006-03-06;100,00;105,00;96,00;Geprueft
2006-03-07;95,00;97,00;94,00;Geprueft
2006-03-08;99,00;101,00;95,00;Geprueft
2006-03-09;113,00;171,00;94,00;Geprueft
2006-03-10;187,00;209,00;171,00;Geprueft
2006-03-11;195,00;215,00;177,00;Geprueft
2006-03-12;163,00;188,00;138,00;Geprueft
2006-03-13;131,00;144,00;118,00;Geprueft
2006-03-14;122,00;128,00;115,00;Geprueft
2006-03-15;119,00;126,00;112,00;Geprueft
2006-03-16;107,00;116,00;99,00;Geprueft
2006-03-17;112,00;119,00;105,00;Geprueft
2006-03-18;106,00;116,00;99,00;Geprueft
2006-03-19;103,00;106,00;98,00;Geprueft
2006-03-20;109,00;115,00;101,00;Geprueft
2006-03-21;110,00;113,00;108,00;Geprueft
2006-03-22;130,00;151,00;111,00;Geprueft
2006-03-23;143,00;155,00;134,00;Geprueft
2006-03-24;124,00;134,00;118,00;Geprueft
2006-03-25;126,00;142,00;118,00;Geprueft
2006-03-26;164,00;181,00;142,00;Geprueft
2006-03-27;173,00;185,00;161,00;Geprueft
2006-03-28;181,00;206,00;162,00;Geprueft
2006-03-29;224,00;244,00;205,00;Geprueft
2006-03-30;203,00;237,00;172,00;Geprueft
2006-03-31;176,00;178,00;174,00;Geprueft
2006-04-01;179,00;184,00;173,00;Geprueft
2006-04-02;165,00;180,00;160,00;Geprueft
2006-04-03;172,00;180,00;149,00;Geprueft
2006-04-04;168,00;172,00;164,00;Geprueft
2006-04-05;165,00;169,00;162,00;Geprueft
2006-04-06;162,00;174,00;144,00;Geprueft
2006-04-07;155,00;164,00;146,00;Geprueft
2006-04-08;150,00;160,00;141,00;Geprueft
2006-04-09;139,00;154,00;127,00;Geprueft
2006-04-10;140,00;148,00;126,00;Geprueft
2006-04-11;148,00;163,00;140,00;Geprueft
2006-04-12;168,00;173,00;156,00;Geprueft
2006-04-13;153,00;172,00;133,00;Geprueft
2006-04-14;146,00;155,00;133,00;Geprueft
2006-04-15;155,00;167,00;142,00;Geprueft
2006-04-16;150,00;158,00;142,00;Geprueft
2006-04-17;142,00;157,00;129,00;Geprueft
2006-04-18;142,00;151,00;132,00;Geprueft
2006-04-19;149,00;157,00;142,00;Geprueft
2006-04-20;147,00;155,00;139,00;Geprueft
2006-04-21;143,00;161,00;133,00;Geprueft
2006-04-22;139,00;151,00;134,00;Geprueft
2006-04-23;138,00;146,00;127,00;Geprueft
2006-04-24;140,00;145,00;133,00;Geprueft
2006-04-25;137,00;143,00;133,00;Geprueft
2006-04-26;136,00;138,00;133,00;Geprueft
2006-04-27;139,00;146,00;131,00;Geprueft
2006-04-28;155,00;170,00;134,00;Geprueft
2006-04-29;196,00;226,00;170,00;Geprueft
2006-04-30;205,00;227,00;181,00;Geprueft
2006-05-01;178,00;200,00;161,00;Geprueft
2006-05-02;159,00;170,00;155,00;Geprueft
2006-05-03;152,00;166,00;141,00;Geprueft
2006-05-04;145,00;154,00;137,00;Geprueft
2006-05-05;138,00;143,00;131,00;Geprueft
2006-05-06;136,00;151,00;128,00;Geprueft
2006-05-07;128,00;131,00;122,00;Geprueft
2006-05-08;127,00;135,00;119,00;Geprueft
2006-05-09;131,00;136,00;126,00;Geprueft
2006-05-10;129,00;135,00;120,00;Geprueft
2006-05-11;129,00;138,00;121,00;Geprueft
2006-05-12;127,00;135,00;118,00;Geprueft
2006-05-13;122,00;127,00;116,00;Geprueft
2006-05-14;119,00;128,00;109,00;Geprueft
2006-05-15;126,00;133,00;115,00;Geprueft
2006-05-16;128,00;137,00;119,00;Geprueft
2006-05-17;131,00;137,00;126,00;Geprueft
2006-05-18;132,00;137,00;127,00;Geprueft
2006-05-19;130,00;135,00;126,00;Geprueft
2006-05-20;129,00;134,00;121,00;Geprueft
2006-05-21;128,00;135,00;120,00;Geprueft
2006-05-22;124,00;128,00;119,00;Geprueft
2006-05-23;125,00;132,00;118,00;Geprueft
2006-05-24;125,00;132,00;122,00;Geprueft
2006-05-25;123,00;130,00;117,00;Geprueft
2006-05-26;116,00;122,00;111,00;Geprueft
2006-05-27;119,00;130,00;115,00;Geprueft
2006-05-28;135,00;143,00;130,00;Geprueft
2006-05-29;149,00;160,00;139,00;Geprueft
2006-05-30;160,00;167,00;153,00;Geprueft
2006-05-31;157,00;164,00;147,00;Geprueft
2006-06-01;163,00;179,00;147,00;Geprueft
2006-06-02;168,00;180,00;155,00;Geprueft
2006-06-03;147,00;155,00;141,00;Geprueft
2006-06-04;148,00;155,00;142,00;Geprueft
2006-06-05;140,00;151,00;132,00;Geprueft
2006-06-06;136,00;141,00;132,00;Geprueft
2006-06-07;141,00;147,00;136,00;Geprueft
2006-06-08;137,00;146,00;129,00;Geprueft
2006-06-09;128,00;138,00;117,00;Geprueft
2006-06-10;120,00;129,00;111,00;Geprueft
2006-06-11;116,00;122,00;109,00;Geprueft
2006-06-12;112,00;118,00;105,00;Geprueft
2006-06-13;112,00;122,00;107,00;Geprueft
2006-06-14;118,00;129,00;107,00;Geprueft
2006-06-15;113,00;118,00;108,00;Geprueft
2006-06-16;110,00;112,00;107,00;Geprueft
2006-06-17;111,00;113,00;108,00;Geprueft
2006-06-18;119,00;126,00;113,00;Geprueft
2006-06-19;117,00;127,00;108,00;Geprueft
2006-06-20;115,00;125,00;106,00;Geprueft
2006-06-21;117,00;121,00;112,00;Geprueft
2006-06-22;126,00;130,00;120,00;Geprueft
2006-06-23;130,00;135,00;128,00;Geprueft
2006-06-24;126,00;135,00;115,00;Geprueft
2006-06-25;116,00;118,00;115,00;Geprueft
2006-06-26;120,00;124,00;116,00;Geprueft
2006-06-27;123,00;126,00;121,00;Geprueft
2006-06-28;127,00;130,00;122,00;Geprueft
2006-06-29;133,00;137,00;129,00;Geprueft
2006-06-30;143,00;154,00;135,00;Geprueft
2006-07-01;127,00;140,00;117,00;Geprueft
2006-07-02;121,00;130,00;112,00;Geprueft
2006-07-03;112,00;115,00;109,00;Geprueft
2006-07-04;116,00;118,00;113,00;Geprueft
2006-07-05;117,00;119,00;116,00;Geprueft
2006-07-06;116,00;120,00;114,00;Geprueft
2006-07-07;117,00;121,00;113,00;Geprueft
2006-07-08;111,00;114,00;106,00;Geprueft
2006-07-09;111,00;115,00;108,00;Geprueft
2006-07-10;104,00;110,00;98,00;Geprueft
2006-07-11;104,00;113,00;97,00;Geprueft
2006-07-12;112,00;117,00;106,00;Geprueft
2006-07-13;115,00;122,00;107,00;Geprueft
2006-07-14;110,00;118,00;102,00;Geprueft
2006-07-15;103,00;105,00;101,00;Geprueft
2006-07-16;103,00;104,00;99,00;Geprueft
2006-07-17;99,00;102,00;96,00;Geprueft
2006-07-18;100,00;106,00;96,00;Geprueft
2006-07-19;104,00;106,00;100,00;Geprueft
2006-07-20;101,00;103,00;99,00;Geprueft
2006-07-21;98,00;100,00;95,00;Geprueft
2006-07-22;98,00;100,00;95,00;Geprueft
2006-07-23;101,00;104,00;96,00;Geprueft
2006-07-24;100,00;102,00;96,00;Geprueft
2006-07-25;96,00;99,00;94,00;Geprueft
2006-07-26;99,00;101,00;97,00;Geprueft
2006-07-27;100,00;106,00;92,00;Geprueft
2006-07-28;97,00;101,00;92,00;Geprueft
2006-07-29;97,00;99,00;95,00;Geprueft
2006-07-30;97,00;98,00;95,00;Geprueft
2006-07-31;97,00;100,00;94,00;Geprueft
2006-08-01;98,00;100,00;96,00;Geprueft
2006-08-02;100,00;104,00;94,00;Geprueft
2006-08-03;98,00;104,00;94,00;Geprueft
2006-08-04;124,00;139,00;104,00;Geprueft
2006-08-05;134,00;143,00;122,00;Geprueft
2006-08-06;128,00;143,00;116,00;Geprueft
2006-08-07;157,00;177,00;143,00;Geprueft
2006-08-08;180,00;184,00;177,00;Geprueft
2006-08-09;187,00;195,00;183,00;Geprueft
2006-08-10;189,00;199,00;179,00;Geprueft
2006-08-11;158,00;180,00;138,00;Geprueft
2006-08-12;135,00;153,00;118,00;Geprueft
2006-08-13;115,00;127,00;108,00;Geprueft
2006-08-14;112,00;119,00;106,00;Geprueft
2006-08-15;118,00;123,00;112,00;Geprueft
2006-08-16;116,00;122,00;108,00;Geprueft
2006-08-17;116,00;124,00;110,00;Geprueft
2006-08-18;115,00;115,00;114,00;Geprueft
2006-08-19;115,00;116,00;115,00;Geprueft
2006-08-20;111,00;115,00;106,00;Geprueft
2006-08-21;109,00;119,00;103,00;Geprueft
2006-08-22;110,00;114,00;106,00;Geprueft
2006-08-23;115,00;120,00;109,00;Geprueft
2006-08-24;110,00;115,00;103,00;Geprueft
2006-08-25;112,00;121,00;106,00;Geprueft
2006-08-26;115,00;119,00;109,00;Geprueft
2006-08-27;110,00;118,00;104,00;Geprueft
2006-08-28;107,00;110,00;103,00;Geprueft
2006-08-29;121,00;132,00;108,00;Geprueft
2006-08-30;139,00;146,00;129,00;Geprueft
2006-08-31;147,00;166,00;133,00;Geprueft
2006-09-01;140,00;166,00;134,00;Geprueft
2006-09-02;126,00;136,00;114,00;Geprueft
2006-09-03;118,00;122,00;116,00;Geprueft
2006-09-04;115,00;122,00;110,00;Geprueft
2006-09-05;111,00;121,00;103,00;Geprueft
2006-09-06;116,00;121,00;107,00;Geprueft
2006-09-07;116,00;121,00;109,00;Geprueft
2006-09-08;117,00;123,00;109,00;Geprueft
2006-09-09;114,00;122,00;108,00;Geprueft
2006-09-10;108,00;114,00;102,00;Geprueft
2006-09-11;103,00;105,00;101,00;Geprueft
2006-09-12;104,00;105,00;103,00;Geprueft
2006-09-13;107,00;113,00;103,00;Geprueft
2006-09-14;108,00;112,00;103,00;Geprueft
2006-09-15;101,00;103,00;98,00;Geprueft
2006-09-16;101,00;102,00;99,00;Geprueft
2006-09-17;98,00;102,00;96,00;Geprueft
2006-09-18;100,00;105,00;95,00;Geprueft
2006-09-19;109,00;119,00;100,00;Geprueft
2006-09-20;111,00;121,00;104,00;Geprueft
2006-09-21;105,00;113,00;96,00;Geprueft
2006-09-22;101,00;102,00;99,00;Geprueft
2006-09-23;99,00;100,00;98,00;Geprueft
2006-09-24;98,00;100,00;97,00;Geprueft
2006-09-25;99,00;101,00;97,00;Geprueft
2006-09-26;99,00;104,00;97,00;Geprueft
2006-09-27;106,00;111,00;101,00;Geprueft
2006-09-28;112,00;117,00;109,00;Geprueft
2006-09-29;106,00;111,00;98,00;Geprueft
2006-09-30;102,00;104,00;98,00;Geprueft
2006-10-01;103,00;104,00;101,00;Geprueft
2006-10-02;98,00;101,00;97,00;Geprueft
2006-10-03;101,00;109,00;98,00;Geprueft
2006-10-04;120,00;131,00;109,00;Geprueft
2006-10-05;122,00;136,00;112,00;Geprueft
2006-10-06;116,00;122,00;112,00;Geprueft
2006-10-07;109,00;118,00;100,00;Geprueft
2006-10-08;106,00;111,00;99,00;Geprueft
2006-10-09;105,00;108,00;101,00;Geprueft
2006-10-10;104,00;107,00;101,00;Geprueft
2006-10-11;106,00;112,00;99,00;Geprueft
2006-10-12;103,00;108,00;98,00;Geprueft
2006-10-13;102,00;105,00;99,00;Geprueft
2006-10-14;107,00;110,00;100,00;Geprueft
2006-10-15;103,00;105,00;101,00;Geprueft
2006-10-16;99,00;104,00;93,00;Geprueft
2006-10-17;102,00;107,00;95,00;Geprueft
2006-10-18;100,00;103,00;96,00;Geprueft
2006-10-19;97,00;99,00;95,00;Geprueft
2006-10-20;97,00;100,00;93,00;Geprueft
2006-10-21;98,00;99,00;96,00;Geprueft
2006-10-22;98,00;99,00;95,00;Geprueft
2006-10-23;96,00;98,00;94,00;Geprueft
2006-10-24;97,00;98,00;95,00;Geprueft
2006-10-25;101,00;103,00;98,00;Geprueft
2006-10-26;98,00;102,00;94,00;Geprueft
2006-10-27;100,00;102,00;98,00;Geprueft
2006-10-28;95,00;99,00;91,00;Geprueft
2006-10-29;95,00;96,00;93,00;Geprueft
2006-10-30;100,00;103,00;95,00;Geprueft
2006-10-31;100,00;103,00;96,00;Geprueft
2006-11-01;92,00;96,00;89,00;Geprueft
2006-11-02;93,00;96,00;90,00;Geprueft
2006-11-03;97,00;102,00;94,00;Geprueft
2006-11-04;99,00;103,00;93,00;Geprueft
2006-11-05;96,00;98,00;93,00;Geprueft
2006-11-06;94,00;98,00;91,00;Geprueft
2006-11-07;97,00;99,00;93,00;Geprueft
2006-11-08;94,00;97,00;92,00;Geprueft
2006-11-09;96,00;102,00;92,00;Geprueft
2006-11-10;102,00;107,00;97,00;Geprueft
2006-11-11;101,00;104,00;99,00;Geprueft
2006-11-12;99,00;103,00;93,00;Geprueft
2006-11-13;103,00;107,00;100,00;Geprueft
2006-11-14;103,00;105,00;101,00;Geprueft
2006-11-15;110,00;118,00;105,00;Geprueft
2006-11-16;109,00;114,00;105,00;Geprueft
2006-11-17;108,00;115,00;98,00;Geprueft
2006-11-18;101,00;104,00;95,00;Geprueft
2006-11-19;102,00;105,00;97,00;Geprueft
2006-11-20;98,00;101,00;96,00;Geprueft
2006-11-21;99,00;101,00;97,00;Geprueft
2006-11-22;100,00;103,00;98,00;Geprueft
2006-11-23;102,00;104,00;98,00;Geprueft
2006-11-24;101,00;105,00;98,00;Geprueft
2006-11-25;101,00;103,00;96,00;Geprueft
2006-11-26;98,00;102,00;94,00;Geprueft
2006-11-27;97,00;99,00;95,00;Geprueft
2006-11-28;96,00;97,00;94,00;Geprueft
2006-11-29;99,00;100,00;96,00;Geprueft
2006-11-30;102,00;107,00;97,00;Geprueft
2006-12-01;100,00;104,00;96,00;Geprueft
2006-12-02;100,00;103,00;96,00;Geprueft
2006-12-03;96,00;102,00;92,00;Geprueft
2006-12-04;96,00;97,00;91,00;Geprueft
2006-12-05;100,00;104,00;96,00;Geprueft
2006-12-06;101,00;105,00;97,00;Geprueft
2006-12-07;101,00;104,00;97,00;Geprueft
2006-12-08;101,00;103,00;98,00;Geprueft
2006-12-09;100,00;103,00;97,00;Geprueft
2006-12-10;104,00;108,00;97,00;Geprueft
2006-12-11;107,00;110,00;102,00;Geprueft
2006-12-12;105,00;109,00;101,00;Geprueft
2006-12-13;103,00;111,00;97,00;Geprueft
2006-12-14;103,00;105,00;98,00;Geprueft
2006-12-15;102,00;105,00;101,00;Geprueft
2006-12-16;101,00;104,00;99,00;Geprueft
2006-12-17;98,00;103,00;96,00;Geprueft
2006-12-18;99,00;100,00;97,00;Geprueft
2006-12-19;98,00;100,00;97,00;Geprueft
2006-12-20;98,00;101,00;96,00;Geprueft
2006-12-21;100,00;103,00;97,00;Geprueft
2006-12-22;99,00;102,00;96,00;Geprueft
2006-12-23;98,00;99,00;96,00;Geprueft
2006-12-24;95,00;99,00;91,00;Geprueft
2006-12-25;93,00;95,00;91,00;Geprueft
2006-12-26;93,00;95,00;91,00;Geprueft
2006-12-27;93,00;95,00;92,00;Geprueft
2006-12-28;94,00;96,00;92,00;Geprueft
2006-12-29;97,00;99,00;95,00;Geprueft
2006-12-30;97,00;98,00;96,00;Geprueft
2006-12-31;96,00;99,00;91,00;Geprueft
2007-01-01;93,00;96,00;91,00;Geprueft
2007-01-02;94,00;98,00;91,00;Geprueft
2007-01-03;98,00;101,00;93,00;Geprueft
2007-01-04;100,00;104,00;97,00;Geprueft
2007-01-05;103,00;105,00;99,00;Geprueft
2007-01-06;100,00;102,00;95,00;Geprueft
2007-01-07;100,00;101,00;95,00;Geprueft
2007-01-08;94,00;96,00;92,00;Geprueft
2007-01-09;95,00;98,00;92,00;Geprueft
2007-01-10;100,00;105,00;97,00;Geprueft
2007-01-11;101,00;102,00;98,00;Geprueft
2007-01-12;98,00;102,00;94,00;Geprueft
2007-01-13;97,00;100,00;92,00;Geprueft
2007-01-14;97,00;100,00;93,00;Geprueft
2007-01-15;95,00;99,00;94,00;Geprueft
2007-01-16;96,00;101,00;92,00;Geprueft
2007-01-17;96,00;98,00;94,00;Geprueft
2007-01-18;99,00;109,00;91,00;Geprueft
2007-01-19;97,00;105,00;91,00;Geprueft
2007-01-20;99,00;106,00;97,00;Geprueft
2007-01-21;98,00;101,00;96,00;Geprueft
2007-01-22;94,00;98,00;90,00;Geprueft
2007-01-23;100,00;103,00;94,00;Geprueft
2007-01-24;100,00;104,00;97,00;Geprueft
2007-01-25;100,00;104,00;97,00;Geprueft
2007-01-26;99,00;104,00;96,00;Geprueft
2007-01-27;95,00;97,00;93,00;Geprueft
2007-01-28;95,00;96,00;94,00;Geprueft
2007-01-29;95,00;97,00;92,00;Geprueft
2007-01-30;96,00;100,00;94,00;Geprueft
2007-01-31;98,00;100,00;95,00;Geprueft
2007-02-01;103,00;107,00;98,00;Geprueft
2007-02-02;98,00;102,00;95,00;Geprueft
2007-02-03;96,00;98,00;92,00;Geprueft
2007-02-04;96,00;99,00;91,00;Geprueft
2007-02-05;98,00;100,00;96,00;Geprueft
2007-02-06;98,00;102,00;96,00;Geprueft
2007-02-07;103,00;105,00;101,00;Geprueft
2007-02-08;103,00;104,00;101,00;Geprueft
2007-02-09;105,00;107,00;103,00;Geprueft
2007-02-10;105,00;106,00;102,00;Geprueft
2007-02-11;101,00;107,00;96,00;Geprueft
2007-02-12;102,00;106,00;98,00;Geprueft
2007-02-13;107,00;113,00;103,00;Geprueft
2007-02-14;112,00;118,00;102,00;Geprueft
2007-02-15;106,00;109,00;102,00;Geprueft
2007-02-16;116,00;124,00;103,00;Geprueft
2007-02-17;107,00;118,00;102,00;Geprueft
2007-02-18;103,00;105,00;100,00;Geprueft
2007-02-19;103,00;106,00;100,00;Geprueft
2007-02-20;101,00;104,00;98,00;Geprueft
2007-02-21;102,00;104,00;99,00;Geprueft
2007-02-22;100,00;103,00;98,00;Geprueft
2007-02-23;99,00;100,00;97,00;Geprueft
2007-02-24;98,00;101,00;93,00;Geprueft
2007-02-25;96,00;100,00;93,00;Geprueft
2007-02-26;98,00;102,00;93,00;Geprueft
2007-02-27;100,00;102,00;99,00;Geprueft
2007-02-28;101,00;110,00;95,00;Geprueft
2007-03-01;114,00;118,00;110,00;Geprueft
2007-03-02;113,00;119,00;104,00;Geprueft
2007-03-03;111,00;117,00;107,00;Geprueft
2007-03-04;114,00;118,00;107,00;Geprueft
2007-03-05;110,00;115,00;106,00;Geprueft
2007-03-06;103,00;109,00;99,00;Geprueft
2007-03-07;105,00;109,00;103,00;Geprueft
2007-03-08;105,00;109,00;103,00;Geprueft
2007-03-09;104,00;107,00;101,00;Geprueft
2007-03-10;102,00;107,00;99,00;Geprueft
2007-03-11;101,00;103,00;94,00;Geprueft
2007-03-12;99,00;101,00;94,00;Geprueft
2007-03-13;101,00;103,00;99,00;Geprueft
2007-03-14;99,00;101,00;98,00;Geprueft
2007-03-15;99,00;101,00;97,00;Geprueft
2007-03-16;98,00;100,00;95,00;Geprueft
2007-03-17;96,00;97,00;93,00;Geprueft
2007-03-18;95,00;97,00;94,00;Geprueft
2007-03-19;95,00;98,00;94,00;Geprueft
2007-03-20;99,00;103,00;93,00;Geprueft
2007-03-21;101,00;104,00;95,00;Geprueft
2007-03-22;101,00;105,00;95,00;Geprueft
2007-03-23;99,00;101,00;98,00;Geprueft
2007-03-24;102,00;105,00;98,00;Geprueft
2007-03-25;100,00;103,00;96,00;Geprueft
2007-03-26;98,00;100,00;96,00;Geprueft
2007-03-27;97,00;99,00;96,00;Geprueft
2007-03-28;97,00;99,00;95,00;Geprueft
2007-03-29;96,00;98,00;94,00;Geprueft
2007-03-30;95,00;96,00;93,00;Geprueft
2007-03-31;96,00;99,00;92,00;Geprueft
2007-04-01;94,00;98,00;91,00;Geprueft
2007-04-02;93,00;96,00;90,00;Geprueft
2007-04-03;95,00;103,00;91,00;Geprueft
2007-04-04;98,00;99,00;97,00;Geprueft
2007-04-05;100,00;102,00;98,00;Geprueft
2007-04-06;99,00;101,00;95,00;Geprueft
2007-04-07;96,00;98,00;93,00;Geprueft
2007-04-08;96,00;97,00;95,00;Geprueft
2007-04-09;95,00;96,00;93,00;Geprueft
2007-04-10;95,00;97,00;94,00;Geprueft
2007-04-11;97,00;99,00;96,00;Geprueft
2007-04-12;97,00;99,00;95,00;Geprueft
2007-04-13;97,00;98,00;96,00;Geprueft
2007-04-14;97,00;97,00;96,00;Geprueft
2007-04-15;94,00;97,00;90,00;Geprueft
2007-04-16;94,00;95,00;94,00;Geprueft
2007-04-17;96,00;98,00;94,00;Geprueft
2007-04-18;96,00;98,00;93,00;Geprueft
2007-04-19;95,00;98,00;94,00;Geprueft
2007-04-20;99,00;99,00;97,00;Geprueft
2007-04-21;96,00;99,00;93,00;Geprueft
2007-04-22;94,00;97,00;90,00;Geprueft
2007-04-23;93,00;94,00;90,00;Geprueft
2007-04-24;94,00;95,00;92,00;Geprueft
2007-04-25;93,00;94,00;92,00;Geprueft
2007-04-26;94,00;96,00;92,00;Geprueft
2007-04-27;92,00;94,00;89,00;Geprueft
2007-04-28;91,00;92,00;89,00;Geprueft
2007-04-29;91,00;92,00;90,00;Geprueft
2007-04-30;91,00;92,00;90,00;Geprueft
2007-05-01;90,00;92,00;89,00;Geprueft
2007-05-02;91,00;93,00;90,00;Geprueft
2007-05-03;90,00;92,00;90,00;Geprueft
2007-05-04;91,00;92,00;90,00;Geprueft
2007-05-05;92,00;94,00;91,00;Geprueft
2007-05-06;99,00;105,00;93,00;Geprueft
2007-05-07;102,00;104,00;98,00;Geprueft
2007-05-08;100,00;101,00;98,00;Geprueft
2007-05-09;114,00;137,00;96,00;Geprueft
2007-05-10;133,00;139,00;123,00;Geprueft
2007-05-11;101,00;123,00;96,00;Geprueft
2007-05-12;97,00;98,00;96,00;Geprueft
2007-05-13;97,00;98,00;95,00;Geprueft
2007-05-14;96,00;98,00;94,00;Geprueft
2007-05-15;96,00;97,00;95,00;Geprueft
2007-05-16;97,00;97,00;95,00;Geprueft
2007-05-17;98,00;101,00;96,00;Geprueft
2007-05-18;114,00;119,00;100,00;Geprueft
2007-05-19;104,00;112,00;98,00;Geprueft
2007-05-20;99,00;101,00;96,00;Geprueft
2007-05-21;97,00;100,00;94,00;Geprueft
2007-05-22;97,00;100,00;95,00;Geprueft
2007-05-23;95,00;96,00;93,00;Geprueft
2007-05-24;95,00;96,00;95,00;Geprueft
2007-05-25;96,00;99,00;94,00;Geprueft
2007-05-26;97,00;99,00;96,00;Geprueft
2007-05-27;96,00;99,00;92,00;Geprueft
2007-05-28;95,00;102,00;92,00;Geprueft
2007-05-29;126,00;156,00;102,00;Geprueft
2007-05-30;184,00;212,00;156,00;Geprueft
2007-05-31;164,00;202,00;136,00;Geprueft
2007-06-01;136,00;148,00;125,00;Geprueft
2007-06-02;118,00;125,00;110,00;Geprueft
2007-06-03;120,00;122,00;118,00;Geprueft
2007-06-04;114,00;120,00;108,00;Geprueft
2007-06-05;114,00;118,00;110,00;Geprueft
2007-06-06;114,00;116,00;112,00;Geprueft
2007-06-07;114,00;117,00;110,00;Geprueft
2007-06-08;108,00;113,00;105,00;Geprueft
2007-06-09;103,00;107,00;100,00;Geprueft
2007-06-10;103,00;107,00;101,00;Geprueft
2007-06-11;107,00;110,00;103,00;Geprueft
2007-06-12;107,00;110,00;104,00;Geprueft
2007-06-13;110,00;113,00;106,00;Geprueft
2007-06-14;111,00;113,00;107,00;Geprueft
2007-06-15;108,00;112,00;101,00;Geprueft
2007-06-16;117,00;124,00;103,00;Geprueft
2007-06-17;118,00;124,00;113,00;Geprueft
2007-06-18;108,00;113,00;103,00;Geprueft
2007-06-19;103,00;110,00;98,00;Geprueft
2007-06-20;102,00;106,00;100,00;Geprueft
2007-06-21;104,00;105,00;103,00;Geprueft
2007-06-22;103,00;104,00;102,00;Geprueft
2007-06-23;99,00;102,00;97,00;Geprueft
2007-06-24;98,00;100,00;97,00;Geprueft
2007-06-25;100,00;104,00;97,00;Geprueft
2007-06-26;112,00;125,00;102,00;Geprueft
2007-06-27;107,00;120,00;102,00;Geprueft
2007-06-28;107,00;110,00;104,00;Geprueft
2007-06-29;100,00;106,00;98,00;Geprueft
2007-06-30;99,00;101,00;98,00;Geprueft
2007-07-01;99,00;100,00;98,00;Geprueft
2007-07-02;110,00;131,00;99,00;Geprueft
2007-07-03;128,00;134,00;119,00;Geprueft
2007-07-04;128,00;133,00;122,00;Geprueft
2007-07-05;128,00;135,00;118,00;Geprueft
2007-07-06;116,00;123,00;105,00;Geprueft
2007-07-07;110,00;114,00;105,00;Geprueft
2007-07-08;109,00;113,00;107,00;Geprueft
2007-07-09;118,00;149,00;110,00;Geprueft
2007-07-10;154,00;160,00;144,00;Geprueft
2007-07-11;145,00;155,00;132,00;Geprueft
2007-07-12;145,00;150,00;141,00;Geprueft
2007-07-13;136,00;148,00;130,00;Geprueft
2007-07-14;123,00;131,00;119,00;Geprueft
2007-07-15;114,00;120,00;112,00;Geprueft
2007-07-16;110,00;115,00;107,00;Geprueft
2007-07-17;110,00;113,00;106,00;Geprueft
2007-07-18;110,00;112,00;106,00;Geprueft
2007-07-19;107,00;111,00;103,00;Geprueft
2007-07-20;111,00;116,00;104,00;Geprueft
2007-07-21;117,00;134,00;109,00;Geprueft
2007-07-22;129,00;134,00;125,00;Geprueft
2007-07-23;128,00;143,00;120,00;Geprueft
2007-07-24;120,00;128,00;111,00;Geprueft
2007-07-25;114,00;117,00;110,00;Geprueft
2007-07-26;114,00;118,00;111,00;Geprueft
2007-07-27;106,00;112,00;102,00;Geprueft
2007-07-28;105,00;107,00;103,00;Geprueft
2007-07-29;103,00;107,00;100,00;Geprueft
2007-07-30;109,00;120,00;99,00;Geprueft
2007-07-31;114,00;119,00;111,00;Geprueft
2007-08-01;109,00;115,00;106,00;Geprueft
2007-08-02;106,00;111,00;102,00;Geprueft
2007-08-03;105,00;111,00;100,00;Geprueft
2007-08-04;106,00;108,00;104,00;Geprueft
2007-08-05;107,00;110,00;105,00;Geprueft
2007-08-06;103,00;107,00;99,00;Geprueft
2007-08-07;103,00;105,00;100,00;Geprueft
2007-08-08;118,00;132,00;101,00;Geprueft
2007-08-09;133,00;135,00;131,00;Geprueft
2007-08-10;136,00;140,00;130,00;Geprueft
2007-08-11;124,00;130,00;117,00;Geprueft
2007-08-12;138,00;145,00;128,00;Geprueft
2007-08-13;132,00;145,00;124,00;Geprueft
2007-08-14;117,00;126,00;114,00;Geprueft
2007-08-15;116,00;119,00;113,00;Geprueft
2007-08-16;115,00;118,00;113,00;Geprueft
2007-08-17;112,00;116,00;107,00;Geprueft
2007-08-18;119,00;123,00;110,00;Geprueft
2007-08-19;117,00;120,00;109,00;Geprueft
2007-08-20;112,00;119,00;108,00;Geprueft
2007-08-21;123,00;128,00;119,00;Geprueft
2007-08-22;120,00;123,00;118,00;Geprueft
2007-08-23;118,00;123,00;114,00;Geprueft
2007-08-24;112,00;117,00;106,00;Geprueft
2007-08-25;109,00;110,00;106,00;Geprueft
2007-08-26;107,00;108,00;106,00;Geprueft
2007-08-27;103,00;109,00;99,00;Geprueft
2007-08-28;103,00;105,00;102,00;Geprueft
2007-08-29;108,00;113,00;105,00;Geprueft
2007-08-30;124,00;138,00;113,00;Geprueft
2007-08-31;129,00;139,00;118,00;Geprueft
2007-09-01;118,00;123,00;116,00;Geprueft
2007-09-02;113,00;118,00;110,00;Geprueft
2007-09-03;110,00;113,00;102,00;Geprueft
2007-09-04;132,00;144,00;112,00;Geprueft
2007-09-05;131,00;144,00;120,00;Geprueft
2007-09-06;167,00;183,00;135,00;Geprueft
2007-09-07;198,00;215,00;182,00;Geprueft
2007-09-08;195,00;213,00;176,00;Geprueft
2007-09-09;188,00;201,00;179,00;Geprueft
2007-09-10;177,00;182,00;175,00;Geprueft
2007-09-11;171,00;181,00;142,00;Geprueft
2007-09-12;185,00;206,00;173,00;Geprueft
2007-09-13;181,00;185,00;175,00;Geprueft
2007-09-14;174,00;181,00;156,00;Geprueft
2007-09-15;149,00;171,00;129,00;Geprueft
2007-09-16;131,00;133,00;129,00;Geprueft
2007-09-17;124,00;134,00;117,00;Geprueft
2007-09-18;129,00;139,00;120,00;Geprueft
2007-09-19;142,00;157,00;131,00;Geprueft
2007-09-20;135,00;152,00;123,00;Geprueft
2007-09-21;128,00;135,00;125,00;Geprueft
2007-09-22;120,00;128,00;114,00;Geprueft
2007-09-23;117,00;126,00;110,00;Geprueft
2007-09-24;115,00;122,00;110,00;Geprueft
2007-09-25;117,00;121,00;110,00;Geprueft
2007-09-26;131,00;136,00;121,00;Geprueft
2007-09-27;139,00;145,00;130,00;Geprueft
2007-09-28;150,00;187,00;130,00;Geprueft
2007-09-29;174,00;186,00;156,00;Geprueft
2007-09-30;143,00;158,00;130,00;Geprueft
2007-10-01;134,00;141,00;127,00;Geprueft
2007-10-02;129,00;136,00;123,00;Geprueft
2007-10-03;126,00;138,00;118,00;Geprueft
2007-10-04;121,00;128,00;113,00;Geprueft
2007-10-05;116,00;125,00;112,00;Geprueft
2007-10-06;116,00;122,00;111,00;Geprueft
2007-10-07;112,00;125,00;101,00;Geprueft
2007-10-08;109,00;118,00;104,00;Geprueft
2007-10-09;112,00;117,00;106,00;Geprueft
2007-10-10;113,00;118,00;108,00;Geprueft
2007-10-11;117,00;126,00;111,00;Geprueft
2007-10-12;110,00;122,00;103,00;Geprueft
2007-10-13;105,00;110,00;102,00;Geprueft
2007-10-14;105,00;108,00;103,00;Geprueft
2007-10-15;102,00;104,00;98,00;Geprueft
2007-10-16;103,00;105,00;101,00;Geprueft
2007-10-17;101,00;103,00;99,00;Geprueft
2007-10-18;108,00;113,00;102,00;Geprueft
2007-10-19;106,00;109,00;102,00;Geprueft
2007-10-20;104,00;105,00;103,00;Geprueft
2007-10-21;104,00;107,00;101,00;Geprueft
2007-10-22;104,00;108,00;100,00;Geprueft
2007-10-23;105,00;109,00;99,00;Geprueft
2007-10-24;106,00;108,00;101,00;Geprueft
2007-10-25;104,00;108,00;100,00;Geprueft
2007-10-26;110,00;116,00;105,00;Geprueft
2007-10-27;105,00;109,00;101,00;Geprueft
2007-10-28;105,00;107,00;101,00;Geprueft
2007-10-29;101,00;106,00;97,00;Geprueft
2007-10-30;103,00;128,00;98,00;Geprueft
2007-10-31;107,00;111,00;99,00;Geprueft
2007-11-01;103,00;106,00;100,00;Geprueft
2007-11-02;105,00;110,00;102,00;Geprueft
2007-11-03;104,00;110,00;96,00;Geprueft
2007-11-04;98,00;100,00;95,00;Geprueft
2007-11-05;98,00;100,00;95,00;Geprueft
2007-11-06;99,00;103,00;94,00;Geprueft
2007-11-07;105,00;109,00;101,00;Geprueft
2007-11-08;109,00;111,00;105,00;Geprueft
2007-11-09;114,00;123,00;110,00;Geprueft
2007-11-10;110,00;118,00;102,00;Geprueft
2007-11-11;116,00;139,00;102,00;Geprueft
2007-11-12;158,00;167,00;139,00;Geprueft
2007-11-13;157,00;177,00;142,00;Geprueft
2007-11-14;143,00;156,00;136,00;Geprueft
2007-11-15;132,00;151,00;112,00;Geprueft
2007-11-16;121,00;125,00;112,00;Geprueft
2007-11-17;122,00;129,00;114,00;Geprueft
2007-11-18;117,00;122,00;113,00;Geprueft
2007-11-19;114,00;120,00;108,00;Geprueft
2007-11-20;115,00;124,00;108,00;Geprueft
2007-11-21;112,00;118,00;107,00;Geprueft
2007-11-22;118,00;123,00;112,00;Geprueft
2007-11-23;121,00;133,00;111,00;Geprueft
2007-11-24;128,00;132,00;120,00;Geprueft
2007-11-25;135,00;149,00;122,00;Geprueft
2007-11-26;139,00;154,00;121,00;Geprueft
2007-11-27;137,00;144,00;132,00;Geprueft
2007-11-28;130,00;134,00;118,00;Geprueft
2007-11-29;116,00;125,00;111,00;Geprueft
2007-11-30;118,00;123,00;111,00;Geprueft
2007-12-01;111,00;120,00;102,00;Geprueft
2007-12-02;112,00;117,00;106,00;Geprueft
2007-12-03;117,00;128,00;111,00;Geprueft
2007-12-04;121,00;131,00;113,00;Geprueft
2007-12-05;125,00;134,00;117,00;Geprueft
2007-12-06;117,00;125,00;105,00;Geprueft
2007-12-07;121,00;129,00;106,00;Geprueft
2007-12-08;128,00;133,00;123,00;Geprueft
2007-12-09;130,00;136,00;124,00;Geprueft
2007-12-10;129,00;135,00;123,00;Geprueft
2007-12-11;121,00;131,00;116,00;Geprueft
2007-12-12;128,00;136,00;118,00;Geprueft
2007-12-13;136,00;143,00;131,00;Geprueft
2007-12-14;130,00;135,00;126,00;Geprueft
2007-12-15;121,00;134,00;108,00;Geprueft
2007-12-16;115,00;122,00;110,00;Geprueft
2007-12-17;114,00;121,00;105,00;Geprueft
2007-12-18;114,00;123,00;105,00;Geprueft
2007-12-19;111,00;118,00;103,00;Geprueft
2007-12-20;109,00;117,00;103,00;Geprueft
2007-12-21;113,00;118,00;105,00;Geprueft
2007-12-22;111,00;115,00;107,00;Geprueft
2007-12-23;106,00;112,00;101,00;Geprueft
2007-12-24;105,00;108,00;102,00;Geprueft
2007-12-25;105,00;107,00;100,00;Geprueft
2007-12-26;101,00;103,00;97,00;Geprueft
2007-12-27;104,00;108,00;98,00;Geprueft
2007-12-28;103,00;106,00;100,00;Geprueft
2007-12-29;98,00;103,00;95,00;Geprueft
2007-12-30;98,00;100,00;96,00;Geprueft
2007-12-31;103,00;105,00;98,00;Geprueft
2008-01-01;100,00;102,00;98,00;Geprueft
2008-01-02;100,00;102,00;98,00;Geprueft
2008-01-03;98,00;101,00;96,00;Geprueft
2008-01-04;96,00;99,00;92,00;Geprueft
2008-01-05;95,00;97,00;94,00;Geprueft
2008-01-06;99,00;109,00;94,00;Geprueft
2008-01-07;105,00;116,00;103,00;Geprueft
2008-01-08;125,00;136,00;116,00;Geprueft
2008-01-09;111,00;123,00;99,00;Geprueft
2008-01-10;109,00;121,00;98,00;Geprueft
2008-01-11;109,00;114,00;99,00;Geprueft
2008-01-12;104,00;110,00;95,00;Geprueft
2008-01-13;103,00;110,00;95,00;Geprueft
2008-01-14;102,00;106,00;97,00;Geprueft
2008-01-15;100,00;102,00;99,00;Geprueft
2008-01-16;99,00;101,00;96,00;Geprueft
2008-01-17;103,00;106,00;96,00;Geprueft
2008-01-18;107,00;116,00;99,00;Geprueft
2008-01-19;110,00;115,00;104,00;Geprueft
2008-01-20;115,00;121,00;111,00;Geprueft
2008-01-21;114,00;121,00;106,00;Geprueft
2008-01-22;103,00;111,00;95,00;Geprueft
2008-01-23;99,00;102,00;93,00;Geprueft
2008-01-24;105,00;108,00;102,00;Geprueft
2008-01-25;111,00;113,00;108,00;Geprueft
2008-01-26;111,00;116,00;101,00;Geprueft
2008-01-27;98,00;101,00;95,00;Geprueft
2008-01-28;99,00;101,00;95,00;Geprueft
2008-01-29;103,00;106,00;99,00;Geprueft
2008-01-30;106,00;110,00;102,00;Geprueft
2008-01-31;102,00;108,00;96,00;Geprueft
2008-02-01;101,00;103,00;98,00;Geprueft
2008-02-02;104,00;111,00;97,00;Geprueft
2008-02-03;97,00;99,00;95,00;Geprueft
2008-02-04;101,00;105,00;96,00;Geprueft
2008-02-05;100,00;104,00;99,00;Geprueft
2008-02-06;101,00;106,00;96,00;Geprueft
2008-02-07;106,00;113,00;99,00;Geprueft
2008-02-08;102,00;106,00;99,00;Geprueft
2008-02-09;100,00;106,00;96,00;Geprueft
2008-02-10;100,00;102,00;97,00;Geprueft
2008-02-11;101,00;104,00;98,00;Geprueft
2008-02-12;101,00;102,00;100,00;Geprueft
2008-02-13;100,00;103,00;98,00;Geprueft
2008-02-14;101,00;105,00;98,00;Geprueft
2008-02-15;102,00;105,00;100,00;Geprueft
2008-02-16;100,00;102,00;98,00;Geprueft
2008-02-17;99,00;100,00;97,00;Geprueft
2008-02-18;95,00;99,00;93,00;Geprueft
2008-02-19;99,00;103,00;96,00;Geprueft
2008-02-20;96,00;101,00;92,00;Geprueft
2008-02-21;96,00;101,00;94,00;Geprueft
2008-02-22;98,00;102,00;92,00;Geprueft
2008-02-23;93,00;95,00;90,00;Geprueft
2008-02-24;91,00;95,00;90,00;Geprueft
2008-02-25;98,00;101,00;95,00;Geprueft
2008-02-26;98,00;103,00;95,00;Geprueft
2008-02-27;95,00;98,00;92,00;Geprueft
2008-02-28;100,00;103,00;96,00;Geprueft
2008-02-29;100,00;101,00;99,00;Geprueft
2008-03-01;101,00;114,00;85,00;Geprueft
2008-03-02;103,00;104,00;102,00;Geprueft
2008-03-03;104,00;106,00;102,00;Geprueft
2008-03-04;111,00;113,00;106,00;Geprueft
2008-03-05;108,00;113,00;104,00;Geprueft
2008-03-06;107,00;114,00;104,00;Geprueft
2008-03-07;103,00;105,00;101,00;Geprueft
2008-03-08;100,00;106,00;95,00;Geprueft
2008-03-09;97,00;99,00;95,00;Geprueft
2008-03-10;100,00;103,00;96,00;Geprueft
2008-03-11;99,00;100,00;98,00;Geprueft
2008-03-12;102,00;105,00;99,00;Geprueft
2008-03-13;111,00;121,00;101,00;Geprueft
2008-03-14;113,00;122,00;108,00;Geprueft
2008-03-15;124,00;144,00;111,00;Geprueft
2008-03-16;129,00;142,00;121,00;Geprueft
2008-03-17;126,00;137,00;118,00;Geprueft
2008-03-18;125,00;131,00;120,00;Geprueft
2008-03-19;122,00;125,00;116,00;Geprueft
2008-03-20;110,00;117,00;103,00;Geprueft
2008-03-21;111,00;114,00;107,00;Geprueft
2008-03-22;110,00;113,00;107,00;Geprueft
2008-03-23;109,00;112,00;107,00;Geprueft
2008-03-24;104,00;108,00;102,00;Geprueft
2008-03-25;102,00;107,00;99,00;Geprueft
2008-03-26;105,00;108,00;102,00;Geprueft
2008-03-27;104,00;110,00;98,00;Geprueft
2008-03-28;103,00;106,00;101,00;Geprueft
2008-03-29;105,00;108,00;102,00;Geprueft
2008-03-30;104,00;108,00;99,00;Geprueft
2008-03-31;102,00;109,00;98,00;Geprueft
2008-04-01;109,00;113,00;104,00;Geprueft
2008-04-02;112,00;117,00;105,00;Geprueft
2008-04-03;126,00;137,00;111,00;Geprueft
2008-04-04;122,00;129,00;116,00;Geprueft
2008-04-05;129,00;130,00;126,00;Geprueft
2008-04-06;125,00;131,00;122,00;Geprueft
2008-04-07;121,00;126,00;116,00;Geprueft
2008-04-08;119,00;121,00;117,00;Geprueft
2008-04-09;117,00;122,00;111,00;Geprueft
2008-04-10;116,00;126,00;111,00;Geprueft
2008-04-11;106,00;112,00;103,00;Geprueft
2008-04-12;117,00;123,00;103,00;Geprueft
2008-04-13;124,00;131,00;115,00;Geprueft
2008-04-14;114,00;118,00;110,00;Geprueft
2008-04-15;114,00;117,00;110,00;Geprueft
2008-04-16;114,00;118,00;108,00;Geprueft
2008-04-17;117,00;120,00;113,00;Geprueft
2008-04-18;116,00;123,00;114,00;Geprueft
2008-04-19;114,00;118,00;110,00;Geprueft
2008-04-20;112,00;115,00;108,00;Geprueft
2008-04-21;112,00;116,00;108,00;Geprueft
2008-04-22;136,00;170,00;116,00;Geprueft
2008-04-23;175,00;187,00;168,00;Geprueft
2008-04-24;187,00;204,00;176,00;Geprueft
2008-04-25;172,00;177,00;167,00;Geprueft
2008-04-26;170,00;179,00;139,00;Geprueft
2008-04-27;157,00;176,00;144,00;Geprueft
2008-04-28;149,00;154,00;142,00;Geprueft
2008-04-29;162,00;173,00;152,00;Geprueft
2008-04-30;182,00;191,00;154,00;Geprueft
2008-05-01;179,00;184,00;159,00;Geprueft
2008-05-02;148,00;175,00;134,00;Geprueft
2008-05-03;136,00;150,00;125,00;Geprueft
2008-05-04;126,00;131,00;120,00;Geprueft
2008-05-05;132,00;139,00;127,00;Geprueft
2008-05-06;132,00;141,00;127,00;Geprueft
2008-05-07;126,00;135,00;119,00;Geprueft
2008-05-08;131,00;136,00;127,00;Geprueft
2008-05-09;128,00;133,00;119,00;Geprueft
2008-05-10;116,00;120,00;113,00;Geprueft
2008-05-11;118,00;122,00;113,00;Geprueft
2008-05-12;115,00;122,00;109,00;Geprueft
2008-05-13;109,00;111,00;106,00;Geprueft
2008-05-14;119,00;126,00;111,00;Geprueft
2008-05-15;124,00;125,00;121,00;Geprueft
2008-05-16;118,00;129,00;108,00;Geprueft
2008-05-17;120,00;127,00;115,00;Geprueft
2008-05-18;121,00;125,00;116,00;Geprueft
2008-05-19;136,00;142,00;123,00;Geprueft
2008-05-20;134,00;143,00;124,00;Geprueft
2008-05-21;126,00;129,00;120,00;Geprueft
2008-05-22;125,00;129,00;119,00;Geprueft
2008-05-23;118,00;127,00;109,00;Geprueft
2008-05-24;110,00;117,00;103,00;Geprueft
2008-05-25;118,00;126,00;112,00;Geprueft
2008-05-26;115,00;126,00;108,00;Geprueft
2008-05-27;116,00;122,00;109,00;Geprueft
2008-05-28;121,00;123,00;119,00;Geprueft
2008-05-29;121,00;128,00;116,00;Geprueft
2008-05-30;115,00;120,00;110,00;Geprueft
2008-05-31;111,00;116,00;108,00;Geprueft
2008-06-01;112,00;116,00;107,00;Geprueft
2008-06-02;113,00;119,00;107,00;Geprueft
2008-06-03;112,00;116,00;108,00;Geprueft
2008-06-04;120,00;126,00;115,00;Geprueft
2008-06-05;127,00;130,00;125,00;Geprueft
2008-06-06;122,00;133,00;108,00;Geprueft
2008-06-07;122,00;132,00;110,00;Geprueft
2008-06-08;137,00;151,00;127,00;Geprueft
2008-06-09;132,00;136,00;128,00;Geprueft
2008-06-10;122,00;129,00;115,00;Geprueft
2008-06-11;125,00;131,00;119,00;Geprueft
2008-06-12;126,00;134,00;118,00;Geprueft
2008-06-13;135,00;140,00;130,00;Geprueft
2008-06-14;125,00;133,00;116,00;Geprueft
2008-06-15;112,00;116,00;109,00;Geprueft
2008-06-16;126,00;139,00;108,00;Geprueft
2008-06-17;118,00;125,00;112,00;Geprueft
2008-06-18;117,00;123,00;110,00;Geprueft
2008-06-19;122,00;132,00;114,00;Geprueft
2008-06-20;112,00;120,00;104,00;Geprueft
2008-06-21;106,00;109,00;103,00;Geprueft
2008-06-22;108,00;112,00;104,00;Geprueft
2008-06-23;110,00;113,00;108,00;Geprueft
2008-06-24;110,00;112,00;109,00;Geprueft
2008-06-25;109,00;110,00;107,00;Geprueft
2008-06-26;109,00;111,00;108,00;Geprueft
2008-06-27;113,00;116,00;109,00;Geprueft
2008-06-28;112,00;115,00;107,00;Geprueft
2008-06-29;102,00;109,00;97,00;Geprueft
2008-06-30;103,00;112,00;97,00;Geprueft
2008-07-01;116,00;121,00;111,00;Geprueft
2008-07-02;110,00;117,00;104,00;Geprueft
2008-07-03;108,00;111,00;103,00;Geprueft
2008-07-04;118,00;122,00;110,00;Geprueft
2008-07-05;113,00;120,00;106,00;Geprueft
2008-07-06;105,00;114,00;95,00;Geprueft
2008-07-07;106,00;118,00;97,00;Geprueft
2008-07-08;114,00;118,00;109,00;Geprueft
2008-07-09;114,00;120,00;106,00;Geprueft
2008-07-10;112,00;115,00;109,00;Geprueft
2008-07-11;108,00;111,00;101,00;Geprueft
2008-07-12;112,00;120,00;100,00;Geprueft
2008-07-13;120,00;132,00;116,00;Geprueft
2008-07-14;153,00;176,00;132,00;Geprueft
2008-07-15;177,00;191,00;166,00;Geprueft
2008-07-16;186,00;193,00;181,00;Geprueft
2008-07-17;182,00;184,00;175,00;Geprueft
2008-07-18;168,00;175,00;164,00;Geprueft
2008-07-19;153,00;171,00;138,00;Geprueft
2008-07-20;127,00;138,00;122,00;Geprueft
2008-07-21;136,00;150,00;121,00;Geprueft
2008-07-22;154,00;170,00;142,00;Geprueft
2008-07-23;139,00;147,00;134,00;Geprueft
2008-07-24;149,00;154,00;136,00;Geprueft
2008-07-25;134,00;143,00;127,00;Geprueft
2008-07-26;129,00;140,00;119,00;Geprueft
2008-07-27;124,00;130,00;121,00;Geprueft
2008-07-28;126,00;129,00;121,00;Geprueft
2008-07-29;123,00;126,00;118,00;Geprueft
2008-07-30;125,00;127,00;120,00;Geprueft
2008-07-31;129,00;139,00;121,00;Geprueft
2008-08-01;123,00;129,00;120,00;Geprueft
2008-08-02;123,00;126,00;118,00;Geprueft
2008-08-03;121,00;128,00;112,00;Geprueft
2008-08-04;113,00;117,00;109,00;Geprueft
2008-08-05;113,00;119,00;105,00;Geprueft
2008-08-06;120,00;127,00;113,00;Geprueft
2008-08-07;113,00;118,00;107,00;Geprueft
2008-08-08;111,00;114,00;106,00;Geprueft
2008-08-09;107,00;113,00;105,00;Geprueft
2008-08-10;107,00;107,00;106,00;Geprueft
2008-08-11;113,00;121,00;107,00;Geprueft
2008-08-12;116,00;122,00;108,00;Geprueft
2008-08-13;119,00;125,00;115,00;Geprueft
2008-08-14;119,00;127,00;109,00;Geprueft
2008-08-15;131,00;157,00;122,00;Geprueft
2008-08-16;170,00;177,00;157,00;Geprueft
2008-08-17;172,00;186,00;151,00;Geprueft
2008-08-18;151,00;160,00;143,00;Geprueft
2008-08-19;150,00;168,00;132,00;Geprueft
2008-08-20;134,00;140,00;130,00;Geprueft
2008-08-21;137,00;150,00;126,00;Geprueft
2008-08-22;129,00;141,00;118,00;Geprueft
2008-08-23;130,00;136,00;121,00;Geprueft
2008-08-24;132,00;136,00;128,00;Geprueft
2008-08-25;141,00;149,00;127,00;Geprueft
2008-08-26;128,00;134,00;99,00;Geprueft
2008-08-27;120,00;131,00;110,00;Geprueft
2008-08-28;127,00;150,00;115,00;Geprueft
2008-08-29;107,00;115,00;97,00;Geprueft
2008-08-30;110,00;117,00;98,00;Geprueft
2008-08-31;107,00;114,00;97,00;Geprueft
2008-09-01;104,00;108,00;98,00;Geprueft
2008-09-02;113,00;116,00;106,00;Geprueft
2008-09-03;109,00;117,00;102,00;Geprueft
2008-09-04;107,00;115,00;102,00;Geprueft
2008-09-05;107,00;111,00;101,00;Geprueft
2008-09-06;103,00;104,00;101,00;Geprueft
2008-09-07;103,00;104,00;102,00;Geprueft
2008-09-08;103,00;104,00;100,00;Geprueft
2008-09-09;101,00;104,00;99,00;Geprueft
2008-09-10;100,00;103,00;96,00;Geprueft
2008-09-11;99,00;103,00;96,00;Geprueft
2008-09-12;102,00;111,00;98,00;Geprueft
2008-09-13;102,00;108,00;99,00;Geprueft
2008-09-14;100,00;103,00;97,00;Geprueft
2008-09-15;100,00;105,00;95,00;Geprueft
2008-09-16;110,00;114,00;104,00;Geprueft
2008-09-17;113,00;116,00;109,00;Geprueft
2008-09-18;109,00;116,00;106,00;Geprueft
2008-09-19;103,00;110,00;98,00;Geprueft
2008-09-20;100,00;104,00;96,00;Geprueft
2008-09-21;104,00;107,00;101,00;Geprueft
2008-09-22;99,00;103,00;96,00;Geprueft
2008-09-23;98,00;102,00;94,00;Geprueft
2008-09-24;102,00;104,00;98,00;Geprueft
2008-09-25;98,00;100,00;94,00;Geprueft
2008-09-26;97,00;100,00;93,00;Geprueft
2008-09-27;97,00;98,00;95,00;Geprueft
2008-09-28;95,00;99,00;91,00;Geprueft
2008-09-29;96,00;100,00;93,00;Geprueft
2008-09-30;99,00;101,00;96,00;Geprueft
2008-10-01;99,00;100,00;97,00;Geprueft
2008-10-02;96,00;102,00;91,00;Geprueft
2008-10-03;95,00;98,00;91,00;Geprueft
2008-10-04;96,00;98,00;93,00;Geprueft
2008-10-05;94,00;96,00;91,00;Geprueft
2008-10-06;96,00;103,00;90,00;Geprueft
2008-10-07;95,00;110,00;87,00;Geprueft
2008-10-08;107,00;112,00;96,00;Geprueft
2008-10-09;97,00;99,00;95,00;Geprueft
2008-10-10;98,00;100,00;95,00;Geprueft
2008-10-11;99,00;102,00;93,00;Geprueft
2008-10-12;94,00;99,00;90,00;Geprueft
2008-10-13;99,00;103,00;94,00;Geprueft
2008-10-14;94,00;100,00;92,00;Geprueft
2008-10-15;94,00;95,00;94,00;Geprueft
2008-10-16;94,00;95,00;92,00;Geprueft
2008-10-17;99,00;110,00;92,00;Geprueft
2008-10-18;106,00;110,00;101,00;Geprueft
2008-10-19;100,00;107,00;90,00;Geprueft
2008-10-20;92,00;95,00;89,00;Geprueft
2008-10-21;97,00;104,00;92,00;Geprueft
2008-10-22;100,00;103,00;94,00;Geprueft
2008-10-23;102,00;108,00;94,00;Geprueft
2008-10-24;99,00;102,00;96,00;Geprueft
2008-10-25;97,00;98,00;96,00;Geprueft
2008-10-26;92,00;98,00;89,00;Geprueft
2008-10-27;96,00;101,00;92,00;Geprueft
2008-10-28;100,00;105,00;97,00;Geprueft
2008-10-29;95,00;98,00;92,00;Geprueft
2008-10-30;99,00;104,00;95,00;Geprueft
2008-10-31;99,00;100,00;97,00;Geprueft
2008-11-01;99,00;104,00;95,00;Geprueft
2008-11-02;93,00;96,00;91,00;Geprueft
2008-11-03;93,00;96,00;91,00;Geprueft
2008-11-04;97,00;100,00;92,00;Geprueft
2008-11-05;98,00;101,00;95,00;Geprueft
2008-11-06;95,00;96,00;93,00;Geprueft
2008-11-07;92,00;94,00;90,00;Geprueft
2008-11-08;93,00;99,00;90,00;Geprueft
2008-11-09;97,00;99,00;95,00;Geprueft
2008-11-10;95,00;100,00;90,00;Geprueft
2008-11-11;94,00;95,00;92,00;Geprueft
2008-11-12;92,00;94,00;90,00;Geprueft
2008-11-13;96,00;100,00;90,00;Geprueft
2008-11-14;102,00;105,00;96,00;Geprueft
2008-11-15;100,00;102,00;97,00;Geprueft
2008-11-16;101,00;102,00;95,00;Geprueft
2008-11-17;97,00;111,00;89,00;Geprueft
2008-11-18;105,00;112,00;99,00;Geprueft
2008-11-19;100,00;102,00;97,00;Geprueft
2008-11-20;94,00;100,00;91,00;Geprueft
2008-11-21;100,00;110,00;91,00;Geprueft
2008-11-22;109,00;111,00;106,00;Geprueft
2008-11-23;100,00;106,00;97,00;Geprueft
2008-11-24;103,00;105,00;100,00;Geprueft
2008-11-25;103,00;105,00;101,00;Geprueft
2008-11-26;102,00;108,00;97,00;Geprueft
2008-11-27;100,00;103,00;96,00;Geprueft
2008-11-28;99,00;101,00;95,00;Geprueft
2008-11-29;96,00;98,00;91,00;Geprueft
2008-11-30;94,00;99,00;90,00;Geprueft
2008-12-01;96,00;102,00;92,00;Geprueft
2008-12-02;98,00;100,00;94,00;Geprueft
2008-12-03;97,00;99,00;95,00;Geprueft
2008-12-04;97,00;98,00;94,00;Geprueft
2008-12-05;96,00;99,00;93,00;Geprueft
2008-12-06;98,00;99,00;97,00;Geprueft
2008-12-07;98,00;100,00;94,00;Geprueft
2008-12-08;97,00;105,00;91,00;Geprueft
2008-12-09;93,00;99,00;91,00;Geprueft
2008-12-10;96,00;106,00;93,00;Geprueft
2008-12-11;99,00;108,00;96,00;Geprueft
2008-12-12;95,00;101,00;89,00;Geprueft
2008-12-13;92,00;94,00;89,00;Geprueft
2008-12-14;94,00;99,00;91,00;Geprueft
2008-12-15;96,00;101,00;92,00;Geprueft
2008-12-16;97,00;99,00;94,00;Geprueft
2008-12-17;98,00;105,00;95,00;Geprueft
2008-12-18;98,00;100,00;97,00;Geprueft
2008-12-19;100,00;104,00;97,00;Geprueft
2008-12-20;97,00;100,00;94,00;Geprueft
2008-12-21;118,00;140,00;94,00;Geprueft
2008-12-22;141,00;153,00;126,00;Geprueft
2008-12-23;137,00;153,00;121,00;Geprueft
2008-12-24;118,00;124,00;109,00;Geprueft
2008-12-25;107,00;113,00;101,00;Geprueft
2008-12-26;102,00;107,00;100,00;Geprueft
2008-12-27;102,00;103,00;99,00;Geprueft
2008-12-28;102,00;105,00;100,00;Geprueft
2008-12-29;101,00;103,00;100,00;Geprueft
2008-12-30;104,00;106,00;102,00;Geprueft
2008-12-31;99,00;103,00;96,00;Geprueft
2009-01-01;98,00;99,00;97,00;Geprueft
2009-01-02;97,00;99,00;96,00;Geprueft
2009-01-03;97,00;98,00;95,00;Geprueft
2009-01-04;95,00;96,00;94,00;Geprueft
2009-01-05;92,00;94,00;90,00;Geprueft
2009-01-06;93,00;96,00;90,00;Geprueft
2009-01-07;96,00;98,00;93,00;Geprueft
2009-01-08;99,00;100,00;97,00;Geprueft
2009-01-09;99,00;100,00;98,00;Geprueft
2009-01-10;98,00;99,00;96,00;Geprueft
2009-01-11;94,00;98,00;93,00;Geprueft
2009-01-12;97,00;100,00;92,00;Geprueft
2009-01-13;99,00;101,00;98,00;Geprueft
2009-01-14;99,00;102,00;93,00;Geprueft
2009-01-15;96,00;97,00;94,00;Geprueft
2009-01-16;94,00;97,00;91,00;Geprueft
2009-01-17;91,00;92,00;90,00;Geprueft
2009-01-18;91,00;92,00;90,00;Geprueft
2009-01-19;94,00;96,00;90,00;Geprueft
2009-01-20;96,00;101,00;94,00;Geprueft
2009-01-21;95,00;98,00;93,00;Geprueft
2009-01-22;94,00;95,00;93,00;Geprueft
2009-01-23;93,00;94,00;91,00;Geprueft
2009-01-24;92,00;94,00;91,00;Geprueft
2009-01-25;96,00;98,00;93,00;Geprueft
2009-01-26;96,00;97,00;95,00;Geprueft
2009-01-27;96,00;98,00;93,00;Geprueft
2009-01-28;94,00;95,00;93,00;Geprueft
2009-01-29;96,00;98,00;94,00;Geprueft
2009-01-30;95,00;96,00;93,00;Geprueft
2009-01-31;92,00;94,00;91,00;Geprueft
2009-02-01;91,00;92,00;90,00;Geprueft
2009-02-02;90,00;95,00;89,00;Geprueft
2009-02-03;90,00;91,00;89,00;Geprueft
2009-02-04;92,00;94,00;90,00;Geprueft
2009-02-05;93,00;94,00;92,00;Geprueft
2009-02-06;92,00;94,00;88,00;Geprueft
2009-02-07;92,00;93,00;92,00;Geprueft
2009-02-08;92,00;93,00;92,00;Geprueft
2009-02-09;93,00;98,00;88,00;Geprueft
2009-02-10;93,00;98,00;87,00;Geprueft
2009-02-11;93,00;98,00;90,00;Geprueft
2009-02-12;99,00;101,00;96,00;Geprueft
2009-02-13;94,00;100,00;90,00;Geprueft
2009-02-14;91,00;91,00;90,00;Geprueft
2009-02-15;90,00;91,00;90,00;Geprueft
2009-02-16;91,00;96,00;90,00;Geprueft
2009-02-17;92,00;93,00;91,00;Geprueft
2009-02-18;92,00;94,00;89,00;Geprueft
2009-02-19;94,00;98,00;92,00;Geprueft
2009-02-20;90,00;93,00;88,00;Geprueft
2009-02-21;89,00;90,00;89,00;Geprueft
2009-02-22;90,00;91,00;89,00;Geprueft
2009-02-23;92,00;98,00;90,00;Geprueft
2009-02-24;95,00;100,00;93,00;Geprueft
2009-02-25;98,00;103,00;95,00;Geprueft
2009-02-26;100,00;103,00;98,00;Geprueft
2009-02-27;104,00;111,00;99,00;Geprueft
2009-02-28;129,00;145,00;111,00;Geprueft
2009-03-01;136,00;145,00;124,00;Geprueft
2009-03-02;119,00;124,00;113,00;Geprueft
2009-03-03;110,00;118,00;102,00;Geprueft
2009-03-04;121,00;127,00;115,00;Geprueft
2009-03-05;125,00;127,00;121,00;Geprueft
2009-03-06;116,00;122,00;112,00;Geprueft
2009-03-07;117,00;123,00;112,00;Geprueft
2009-03-08;115,00;117,00;109,00;Geprueft
2009-03-09;112,00;116,00;104,00;Geprueft
2009-03-10;120,00;137,00;108,00;Geprueft
2009-03-11;118,00;131,00;110,00;Geprueft
2009-03-12;122,00;131,00;115,00;Geprueft
2009-03-13;135,00;163,00;117,00;Geprueft
2009-03-14;144,00;169,00;122,00;Geprueft
2009-03-15;132,00;139,00;119,00;Geprueft
2009-03-16;132,00;139,00;125,00;Geprueft
2009-03-17;125,00;136,00;117,00;Geprueft
2009-03-18;129,00;149,00;113,00;Geprueft
2009-03-19;115,00;129,00;106,00;Geprueft
2009-03-20;106,00;112,00;102,00;Geprueft
2009-03-21;109,00;113,00;104,00;Geprueft
2009-03-22;111,00;117,00;105,00;Geprueft
2009-03-23;110,00;117,00;99,00;Geprueft
2009-03-24;104,00;110,00;100,00;Geprueft
2009-03-25;107,00;112,00;102,00;Geprueft
2009-03-26;113,00;117,00;107,00;Geprueft
2009-03-27;118,00;122,00;112,00;Geprueft
2009-03-28;123,00;128,00;116,00;Geprueft
2009-03-29;124,00;129,00;117,00;Geprueft
2009-03-30;131,00;137,00;124,00;Geprueft
2009-03-31;123,00;136,00;109,00;Geprueft
2009-04-01;122,00;143,00;110,00;Geprueft
2009-04-02;119,00;122,00;116,00;Geprueft
2009-04-03;129,00;142,00;115,00;Geprueft
2009-04-04;138,00;141,00;124,00;Geprueft
2009-04-05;142,00;156,00;137,00;Geprueft
2009-04-06;151,00;174,00;141,00;Geprueft
2009-04-07;147,00;155,00;142,00;Geprueft
2009-04-08;148,00;156,00;137,00;Geprueft
2009-04-09;149,00;165,00;137,00;Geprueft
2009-04-10;153,00;160,00;146,00;Geprueft
2009-04-11;148,00;160,00;142,00;Geprueft
2009-04-12;146,00;157,00;140,00;Geprueft
2009-04-13;142,00;147,00;139,00;Geprueft
2009-04-14;137,00;140,00;135,00;Geprueft
2009-04-15;131,00;137,00;122,00;Geprueft
2009-04-16;135,00;144,00;128,00;Geprueft
2009-04-17;135,00;138,00;128,00;Geprueft
2009-04-18;144,00;154,00;134,00;Geprueft
2009-04-19;132,00;137,00;127,00;Geprueft
2009-04-20;121,00;129,00;114,00;Geprueft
2009-04-21;121,00;133,00;112,00;Geprueft
2009-04-22;114,00;122,00;104,00;Geprueft
2009-04-23;126,00;135,00;119,00;Geprueft
2009-04-24;119,00;133,00;109,00;Geprueft
2009-04-25;119,00;124,00;115,00;Geprueft
2009-04-26;113,00;118,00;107,00;Geprueft
2009-04-27;109,00;114,00;104,00;Geprueft
2009-04-28;113,00;122,00;105,00;Geprueft
2009-04-29;116,00;128,00;110,00;Geprueft
2009-04-30;122,00;135,00;116,00;Geprueft
2009-05-01;122,00;130,00;116,00;Geprueft
2009-05-02;111,00;116,00;105,00;Geprueft
2009-05-03;107,00;111,00;99,00;Geprueft
2009-05-04;109,00;119,00;102,00;Geprueft
2009-05-05;120,00;134,00;104,00;Geprueft
2009-05-06;118,00;134,00;104,00;Geprueft
2009-05-07;113,00;122,00;108,00;Geprueft
2009-05-08;114,00;125,00;109,00;Geprueft
2009-05-09;116,00;123,00;112,00;Geprueft
2009-05-10;118,00;133,00;109,00;Geprueft
2009-05-11;111,00;119,00;105,00;Geprueft
2009-05-12;115,00;132,00;107,00;Geprueft
2009-05-13;111,00;122,00;100,00;Geprueft
2009-05-14;109,00;113,00;107,00;Geprueft
2009-05-15;117,00;123,00;107,00;Geprueft
2009-05-16;124,00;140,00;115,00;Geprueft
2009-05-17;129,00;138,00;111,00;Geprueft
2009-05-18;127,00;134,00;118,00;Geprueft
2009-05-19;131,00;138,00;124,00;Geprueft
2009-05-20;126,00;136,00;117,00;Geprueft
2009-05-21;114,00;121,00;109,00;Geprueft
2009-05-22;114,00;125,00;103,00;Geprueft
2009-05-23;120,00;129,00;114,00;Geprueft
2009-05-24;112,00;119,00;106,00;Geprueft
2009-05-25;116,00;131,00;106,00;Geprueft
2009-05-26;112,00;117,00;108,00;Geprueft
2009-05-27;125,00;134,00;110,00;Geprueft
2009-05-28;127,00;135,00;117,00;Geprueft
2009-05-29;119,00;129,00;107,00;Geprueft
2009-05-30;110,00;118,00;104,00;Geprueft
2009-05-31;116,00;122,00;105,00;Geprueft
2009-06-01;115,00;122,00;108,00;Geprueft
2009-06-02;108,00;116,00;103,00;Geprueft
2009-06-03;104,00;110,00;101,00;Geprueft
2009-06-04;105,00;108,00;101,00;Geprueft
2009-06-05;102,00;104,00;100,00;Geprueft
2009-06-06;104,00;107,00;101,00;Geprueft
2009-06-07;102,00;106,00;100,00;Geprueft
2009-06-08;109,00;117,00;100,00;Geprueft
2009-06-09;102,00;105,00;100,00;Geprueft
2009-06-10;106,00;108,00;104,00;Geprueft
2009-06-11;100,00;106,00;98,00;Geprueft
2009-06-12;98,00;100,00;97,00;Geprueft
2009-06-13;96,00;98,00;95,00;Geprueft
2009-06-14;96,00;97,00;95,00;Geprueft
2009-06-15;95,00;97,00;94,00;Geprueft
2009-06-16;96,00;102,00;94,00;Geprueft
2009-06-17;106,00;112,00;102,00;Geprueft
2009-06-18;107,00;112,00;103,00;Geprueft
2009-06-19;107,00;110,00;104,00;Geprueft
2009-06-20;110,00;115,00;104,00;Geprueft
2009-06-21;110,00;113,00;106,00;Geprueft
2009-06-22;105,00;109,00;102,00;Geprueft
2009-06-23;142,00;182,00;107,00;Geprueft
2009-06-24;228,00;258,00;180,00;Geprueft
2009-06-25;261,00;286,00;225,00;Geprueft
2009-06-26;228,00;259,00;213,00;Geprueft
2009-06-27;205,00;239,00;177,00;Geprueft
2009-06-28;248,00;276,00;208,00;Geprueft
2009-06-29;227,00;273,00;186,00;Geprueft
2009-06-30;181,00;200,00;167,00;Geprueft
2009-07-01;178,00;184,00;174,00;Geprueft
2009-07-02;165,00;178,00;136,00;Geprueft
2009-07-03;151,00;168,00;133,00;Geprueft
2009-07-04;158,00;172,00;143,00;Geprueft
2009-07-05;148,00;157,00;141,00;Geprueft
2009-07-06;148,00;161,00;140,00;Geprueft
2009-07-07;163,00;172,00;154,00;Geprueft
2009-07-08;172,00;176,00;167,00;Geprueft
2009-07-09;166,00;173,00;161,00;Geprueft
2009-07-10;148,00;162,00;138,00;Geprueft
2009-07-11;149,00;156,00;144,00;Geprueft
2009-07-12;144,00;152,00;135,00;Geprueft
2009-07-13;131,00;152,00;121,00;Geprueft
2009-07-14;130,00;145,00;121,00;Geprueft
2009-07-15;128,00;131,00;122,00;Geprueft
2009-07-16;124,00;131,00;117,00;Geprueft
2009-07-17;120,00;128,00;115,00;Geprueft
2009-07-18;123,00;139,00;116,00;Geprueft
2009-07-19;176,00;191,00;137,00;Geprueft
2009-07-20;164,00;183,00;142,00;Geprueft
2009-07-21;136,00;152,00;125,00;Geprueft
2009-07-22;131,00;138,00;125,00;Geprueft
2009-07-23;133,00;142,00;126,00;Geprueft
2009-07-24;130,00;138,00;124,00;Geprueft
2009-07-25;145,00;150,00;132,00;Geprueft
2009-07-26;146,00;156,00;129,00;Geprueft
2009-07-27;127,00;134,00;121,00;Geprueft
2009-07-28;127,00;130,00;123,00;Geprueft
2009-07-29;129,00;135,00;122,00;Geprueft
2009-07-30;123,00;131,00;117,00;Geprueft
2009-07-31;120,00;126,00;116,00;Geprueft
2009-08-01;113,00;120,00;102,00;Geprueft
2009-08-02;106,00;112,00;104,00;Geprueft
2009-08-03;117,00;124,00;105,00;Geprueft
2009-08-04;130,00;153,00;118,00;Geprueft
2009-08-05;152,00;168,00;142,00;Geprueft
2009-08-06;147,00;171,00;133,00;Geprueft
2009-08-07;135,00;148,00;129,00;Geprueft
2009-08-08;127,00;134,00;121,00;Geprueft
2009-08-09;120,00;126,00;110,00;Geprueft
2009-08-10;114,00;118,00;110,00;Geprueft
2009-08-11;126,00;131,00;116,00;Geprueft
2009-08-12;124,00;131,00;117,00;Geprueft
2009-08-13;116,00;122,00;106,00;Geprueft
2009-08-14;114,00;119,00;105,00;Geprueft
2009-08-15;121,00;123,00;115,00;Geprueft
2009-08-16;113,00;119,00;108,00;Geprueft
2009-08-17;107,00;110,00;99,00;Geprueft
2009-08-18;104,00;107,00;98,00;Geprueft
2009-08-19;105,00;110,00;102,00;Geprueft
2009-08-20;110,00;113,00;107,00;Geprueft
2009-08-21;108,00;110,00;105,00;Geprueft
2009-08-22;104,00;107,00;99,00;Geprueft
2009-08-23;105,00;109,00;103,00;Geprueft
2009-08-24;106,00;109,00;99,00;Geprueft
2009-08-25;100,00;104,00;96,00;Geprueft
2009-08-26;103,00;109,00;99,00;Geprueft
2009-08-27;105,00;109,00;102,00;Geprueft
2009-08-28;103,00;105,00;101,00;Geprueft
2009-08-29;103,00;104,00;101,00;Geprueft
2009-08-30;99,00;103,00;97,00;Geprueft
2009-08-31;101,00;103,00;99,00;Geprueft
2009-09-01;100,00;103,00;96,00;Geprueft
2009-09-02;99,00;103,00;97,00;Geprueft
2009-09-03;107,00;112,00;100,00;Geprueft
2009-09-04;120,00;126,00;111,00;Geprueft
2009-09-05;122,00;126,00;118,00;Geprueft
2009-09-06;117,00;124,00;109,00;Geprueft
2009-09-07;109,00;111,00;107,00;Geprueft
2009-09-08;109,00;114,00;107,00;Geprueft
2009-09-09;109,00;115,00;104,00;Geprueft
2009-09-10;107,00;112,00;101,00;Geprueft
2009-09-11;104,00;107,00;102,00;Geprueft
2009-09-12;105,00;108,00;103,00;Geprueft
2009-09-13;103,00;104,00;102,00;Geprueft
2009-09-14;103,00;104,00;100,00;Geprueft
2009-09-15;102,00;105,00;100,00;Geprueft
2009-09-16;106,00;110,00;102,00;Geprueft
2009-09-17;104,00;110,00;99,00;Geprueft
2009-09-18;102,00;106,00;100,00;Geprueft
2009-09-19;104,00;106,00;98,00;Geprueft
2009-09-20;101,00;103,00;101,00;Geprueft
2009-09-21;99,00;102,00;96,00;Geprueft
2009-09-22;97,00;99,00;96,00;Geprueft
2009-09-23;98,00;100,00;96,00;Geprueft
2009-09-24;98,00;99,00;96,00;Geprueft
2009-09-25;97,00;100,00;94,00;Geprueft
2009-09-26;98,00;100,00;96,00;Geprueft
2009-09-27;96,00;98,00;94,00;Geprueft
2009-09-28;95,00;105,00;91,00;Geprueft
2009-09-29;95,00;99,00;92,00;Geprueft
2009-09-30;96,00;99,00;94,00;Geprueft
2009-10-01;97,00;100,00;95,00;Geprueft
2009-10-02;98,00;99,00;95,00;Geprueft
2009-10-03;95,00;98,00;92,00;Geprueft
2009-10-04;93,00;95,00;91,00;Geprueft
2009-10-05;92,00;93,00;91,00;Geprueft
2009-10-06;92,00;93,00;91,00;Geprueft
2009-10-07;92,00;93,00;91,00;Geprueft
2009-10-08;93,00;95,00;90,00;Geprueft
2009-10-09;94,00;98,00;91,00;Geprueft
2009-10-10;94,00;95,00;93,00;Geprueft
2009-10-11;93,00;96,00;92,00;Geprueft
2009-10-12;96,00;100,00;94,00;Geprueft
2009-10-13;108,00;118,00;98,00;Geprueft
2009-10-14;112,00;118,00;109,00;Geprueft
2009-10-15;115,00;121,00;111,00;Geprueft
2009-10-16;111,00;114,00;106,00;Geprueft
2009-10-17;109,00;113,00;105,00;Geprueft
2009-10-18;112,00;117,00;107,00;Geprueft
2009-10-19;115,00;118,00;110,00;Geprueft
2009-10-20;111,00;119,00;103,00;Geprueft
2009-10-21;107,00;113,00;102,00;Geprueft
2009-10-22;108,00;111,00;104,00;Geprueft
2009-10-23;106,00;111,00;102,00;Geprueft
2009-10-24;114,00;123,00;106,00;Geprueft
2009-10-25;127,00;131,00;116,00;Geprueft
2009-10-26;116,00;123,00;108,00;Geprueft
2009-10-27;116,00;123,00;111,00;Geprueft
2009-10-28;114,00;122,00;105,00;Geprueft
2009-10-29;112,00;119,00;105,00;Geprueft
2009-10-30;111,00;118,00;105,00;Geprueft
2009-10-31;110,00;115,00;101,00;Geprueft
2009-11-01;104,00;107,00;101,00;Geprueft
2009-11-02;102,00;103,00;100,00;Geprueft
2009-11-03;110,00;119,00;101,00;Geprueft
2009-11-04;123,00;131,00;114,00;Geprueft
2009-11-05;121,00;126,00;114,00;Geprueft
2009-11-06;116,00;125,00;110,00;Geprueft
2009-11-07;114,00;120,00;106,00;Geprueft
2009-11-08;107,00;110,00;102,00;Geprueft
2009-11-09;104,00;109,00;101,00;Geprueft
2009-11-10;111,00;114,00;101,00;Geprueft
2009-11-11;105,00;112,00;99,00;Geprueft
2009-11-12;101,00;104,00;95,00;Geprueft
2009-11-13;98,00;104,00;97,00;Geprueft
2009-11-14;102,00;106,00;98,00;Geprueft
2009-11-15;101,00;104,00;97,00;Geprueft
2009-11-16;95,00;100,00;92,00;Geprueft
2009-11-17;99,00;103,00;95,00;Geprueft
2009-11-18;104,00;110,00;100,00;Geprueft
2009-11-19;103,00;108,00;100,00;Geprueft
2009-11-20;103,00;105,00;101,00;Geprueft
2009-11-21;102,00;104,00;99,00;Geprueft
2009-11-22;101,00;103,00;98,00;Geprueft
2009-11-23;100,00;107,00;95,00;Geprueft
2009-11-24;101,00;103,00;97,00;Geprueft
2009-11-25;99,00;101,00;97,00;Geprueft
2009-11-26;98,00;99,00;96,00;Geprueft
2009-11-27;98,00;99,00;96,00;Geprueft
2009-11-28;98,00;100,00;97,00;Geprueft
2009-11-29;102,00;104,00;98,00;Geprueft
2009-11-30;97,00;102,00;92,00;Geprueft
2009-12-01;99,00;102,00;96,00;Geprueft
2009-12-02;105,00;108,00;99,00;Geprueft
2009-12-03;106,00;111,00;103,00;Geprueft
2009-12-04;103,00;108,00;97,00;Geprueft
2009-12-05;103,00;106,00;101,00;Geprueft
2009-12-06;102,00;104,00;101,00;Geprueft
2009-12-07;99,00;102,00;92,00;Geprueft
2009-12-08;99,00;107,00;89,00;Geprueft
2009-12-09;113,00;115,00;107,00;Geprueft
2009-12-10;114,00;119,00;101,00;Geprueft
2009-12-11;110,00;115,00;106,00;Geprueft
2009-12-12;120,00;126,00;112,00;Geprueft
2009-12-13;126,00;130,00;117,00;Geprueft
2009-12-14;116,00;126,00;110,00;Geprueft
2009-12-15;112,00;117,00;108,00;Geprueft
2009-12-16;114,00;120,00;110,00;Geprueft
2009-12-17;109,00;116,00;103,00;Geprueft
2009-12-18;106,00;112,00;102,00;Geprueft
2009-12-19;104,00;107,00;98,00;Geprueft
2009-12-20;100,00;102,00;98,00;Geprueft
2009-12-21;99,00;101,00;94,00;Geprueft
2009-12-22;97,00;100,00;95,00;Geprueft
2009-12-23;102,00;107,00;97,00;Geprueft
2009-12-24;104,00;106,00;99,00;Geprueft
2009-12-25;100,00;103,00;97,00;Geprueft
2009-12-26;102,00;108,00;95,00;Geprueft
2009-12-27;103,00;108,00;100,00;Geprueft
2009-12-28;106,00;111,00;103,00;Geprueft
2009-12-29;103,00;106,00;100,00;Geprueft
2009-12-30;105,00;109,00;103,00;Geprueft
2009-12-31;109,00;116,00;103,00;Geprueft
2010-01-01;115,00;120,00;109,00;Geprueft
2010-01-02;111,00;124,00;98,00;Geprueft
2010-01-03;106,00;109,00;101,00;Geprueft
2010-01-04;104,00;105,00;102,00;Geprueft
2010-01-05;105,00;109,00;103,00;Geprueft
2010-01-06;105,00;109,00;101,00;Geprueft
2010-01-07;103,00;105,00;102,00;Geprueft
2010-01-08;102,00;106,00;97,00;Geprueft
2010-01-09;98,00;101,00;96,00;Geprueft
2010-01-10;97,00;99,00;94,00;Geprueft
2010-01-11;96,00;97,00;94,00;Geprueft
2010-01-12;96,00;99,00;94,00;Geprueft
2010-01-13;97,00;99,00;96,00;Geprueft
2010-01-14;98,00;100,00;95,00;Geprueft
2010-01-15;97,00;99,00;93,00;Geprueft
2010-01-16;96,00;98,00;94,00;Geprueft
2010-01-17;95,00;97,00;90,00;Geprueft
2010-01-18;97,00;101,00;90,00;Geprueft
2010-01-19;102,00;107,00;98,00;Geprueft
2010-01-20;101,00;104,00;97,00;Geprueft
2010-01-21;97,00;102,00;94,00;Geprueft
2010-01-22;95,00;98,00;93,00;Geprueft
2010-01-23;95,00;97,00;93,00;Geprueft
2010-01-24;95,00;97,00;94,00;Geprueft
2010-01-25;95,00;96,00;93,00;Geprueft
2010-01-26;94,00;96,00;91,00;Geprueft
2010-01-27;94,00;95,00;92,00;Geprueft
2010-01-28;93,00;95,00;90,00;Geprueft
2010-01-29;95,00;97,00;92,00;Geprueft
2010-01-30;95,00;97,00;94,00;Geprueft
2010-01-31;94,00;95,00;92,00;Geprueft
2010-02-01;93,00;94,00;91,00;Geprueft
2010-02-02;92,00;93,00;89,00;Geprueft
2010-02-03;93,00;95,00;91,00;Geprueft
2010-02-04;95,00;100,00;92,00;Geprueft
2010-02-05;98,00;101,00;94,00;Geprueft
2010-02-06;98,00;100,00;95,00;Geprueft
2010-02-07;99,00;101,00;97,00;Geprueft
2010-02-08;99,00;102,00;96,00;Geprueft
2010-02-09;100,00;102,00;98,00;Geprueft
2010-02-10;99,00;102,00;94,00;Geprueft
2010-02-11;98,00;100,00;95,00;Geprueft
2010-02-12;98,00;100,00;95,00;Geprueft
2010-02-13;96,00;99,00;93,00;Geprueft
2010-02-14;95,00;96,00;90,00;Geprueft
2010-02-15;95,00;97,00;92,00;Geprueft
2010-02-16;94,00;98,00;91,00;Geprueft
2010-02-17;93,00;95,00;91,00;Geprueft
2010-02-18;91,00;92,00;90,00;Geprueft
2010-02-19;91,00;93,00;90,00;Geprueft
2010-02-20;95,00;97,00;89,00;Geprueft
2010-02-21;96,00;99,00;91,00;Geprueft
2010-02-22;97,00;100,00;92,00;Geprueft
2010-02-23;94,00;97,00;92,00;Geprueft
2010-02-24;95,00;98,00;93,00;Geprueft
2010-02-25;98,00;104,00;93,00;Geprueft
2010-02-26;111,00;124,00;99,00;Geprueft
2010-02-27;126,00;133,00;121,00;Geprueft
2010-02-28;119,00;122,00;111,00;Geprueft
2010-03-01;113,00;118,00;107,00;Geprueft
2010-03-02;113,00;120,00;105,00;Geprueft
2010-03-03;111,00;119,00;104,00;Geprueft
2010-03-04;105,00;107,00;102,00;Geprueft
2010-03-05;104,00;108,00;100,00;Geprueft
2010-03-06;103,00;108,00;99,00;Geprueft
2010-03-07;101,00;102,00;99,00;Geprueft
2010-03-08;100,00;103,00;96,00;Geprueft
2010-03-09;99,00;101,00;96,00;Geprueft
2010-03-10;97,00;99,00;95,00;Geprueft
2010-03-11;97,00;100,00;94,00;Geprueft
2010-03-12;95,00;98,00;92,00;Geprueft
2010-03-13;94,00;96,00;92,00;Geprueft
2010-03-14;93,00;94,00;92,00;Geprueft
2010-03-15;94,00;97,00;92,00;Geprueft
2010-03-16;95,00;100,00;92,00;Geprueft
2010-03-17;102,00;108,00;94,00;Geprueft
2010-03-18;106,00;111,00;100,00;Geprueft
2010-03-19;100,00;102,00;96,00;Geprueft
2010-03-20;99,00;101,00;94,00;Geprueft
2010-03-21;97,00;98,00;94,00;Geprueft
2010-03-22;100,00;107,00;95,00;Geprueft
2010-03-23;107,00;113,00;102,00;Geprueft
2010-03-24;105,00;109,00;101,00;Geprueft
2010-03-25;104,00;107,00;102,00;Geprueft
2010-03-26;105,00;108,00;102,00;Geprueft
2010-03-27;107,00;109,00;104,00;Geprueft
2010-03-28;104,00;106,00;100,00;Geprueft
2010-03-29;100,00;102,00;98,00;Geprueft
2010-03-30;103,00;106,00;100,00;Geprueft
2010-03-31;103,00;107,00;98,00;Geprueft
2010-04-01;102,00;106,00;98,00;Geprueft
2010-04-02;102,00;104,00;100,00;Geprueft
2010-04-03;102,00;104,00;100,00;Geprueft
2010-04-04;97,00;101,00;92,00;Geprueft
2010-04-05;94,00;95,00;91,00;Geprueft
2010-04-06;92,00;95,00;91,00;Geprueft
2010-04-07;97,00;103,00;94,00;Geprueft
2010-04-08;96,00;99,00;92,00;Geprueft
2010-04-09;96,00;97,00;95,00;Geprueft
2010-04-10;98,00;101,00;96,00;Geprueft
2010-04-11;98,00;100,00;95,00;Geprueft
2010-04-12;96,00;101,00;92,00;Geprueft
2010-04-13;97,00;98,00;95,00;Geprueft
2010-04-14;97,00;98,00;91,00;Geprueft
2010-04-15;97,00;99,00;96,00;Geprueft
2010-04-16;98,00;99,00;97,00;Geprueft
2010-04-17;98,00;100,00;96,00;Geprueft
2010-04-18;95,00;98,00;92,00;Geprueft
2010-04-19;93,00;95,00;91,00;Geprueft
2010-04-20;94,00;95,00;92,00;Geprueft
2010-04-21;93,00;94,00;93,00;Geprueft
2010-04-22;96,00;98,00;93,00;Geprueft
2010-04-23;96,00;99,00;92,00;Geprueft
2010-04-24;94,00;95,00;92,00;Geprueft
2010-04-25;93,00;94,00;92,00;Geprueft
2010-04-26;92,00;94,00;91,00;Geprueft
2010-04-27;93,00;96,00;91,00;Geprueft
2010-04-28;96,00;97,00;94,00;Geprueft
2010-04-29;95,00;97,00;94,00;Geprueft
2010-04-30;94,00;97,00;92,00;Geprueft
2010-05-01;96,00;97,00;95,00;Geprueft
2010-05-02;97,00;101,00;94,00;Geprueft
2010-05-03;119,00;132,00;101,00;Geprueft
2010-05-04;124,00;134,00;111,00;Geprueft
2010-05-05;106,00;113,00;98,00;Geprueft
2010-05-06;102,00;106,00;99,00;Geprueft
2010-05-07;118,00;129,00;102,00;Geprueft
2010-05-08;115,00;125,00;104,00;Geprueft
2010-05-09;104,00;109,00;99,00;Geprueft
2010-05-10;103,00;106,00;101,00;Geprueft
2010-05-11;108,00;111,00;104,00;Geprueft
2010-05-12;111,00;120,00;106,00;Geprueft
2010-05-13;110,00;114,00;106,00;Geprueft
2010-05-14;108,00;114,00;106,00;Geprueft
2010-05-15;117,00;121,00;112,00;Geprueft
2010-05-16;114,00;118,00;111,00;Geprueft
2010-05-17;114,00;118,00;111,00;Geprueft
2010-05-18;117,00;127,00;111,00;Geprueft
2010-05-19;114,00;125,00;106,00;Geprueft
2010-05-20;121,00;132,00;110,00;Geprueft
2010-05-21;127,00;135,00;120,00;Geprueft
2010-05-22;116,00;122,00;110,00;Geprueft
2010-05-23;106,00;111,00;102,00;Geprueft
2010-05-24;109,00;114,00;104,00;Geprueft
2010-05-25;102,00;110,00;95,00;Geprueft
2010-05-26;104,00;109,00;100,00;Geprueft
2010-05-27;113,00;115,00;109,00;Geprueft
2010-05-28;112,00;119,00;107,00;Geprueft
2010-05-29;112,00;118,00;108,00;Geprueft
2010-05-30;113,00;118,00;110,00;Geprueft
2010-05-31;131,00;149,00;116,00;Geprueft
2010-06-01;167,00;180,00;148,00;Geprueft
2010-06-02;186,00;217,00;175,00;Geprueft
2010-06-03;248,00;291,00;210,00;Geprueft
2010-06-04;326,00;383,00;291,00;Geprueft
2010-06-05;308,00;321,00;295,00;Geprueft
2010-06-06;233,00;309,00;188,00;Geprueft
2010-06-07;200,00;218,00;184,00;Geprueft
2010-06-08;195,00;223,00;173,00;Geprueft
2010-06-09;176,00;180,00;165,00;Geprueft
2010-06-10;158,00;166,00;144,00;Geprueft
2010-06-11;147,00;150,00;144,00;Geprueft
2010-06-12;141,00;149,00;128,00;Geprueft
2010-06-13;132,00;143,00;127,00;Geprueft
2010-06-14;152,00;165,00;140,00;Geprueft
2010-06-15;158,00;168,00;147,00;Geprueft
2010-06-16;139,00;150,00;126,00;Geprueft
2010-06-17;142,00;158,00;137,00;Geprueft
2010-06-18;162,00;166,00;158,00;Geprueft
2010-06-19;161,00;173,00;149,00;Geprueft
2010-06-20;172,00;178,00;162,00;Geprueft
2010-06-21;179,00;181,00;176,00;Geprueft
2010-06-22;176,00;180,00;165,00;Geprueft
2010-06-23;169,00;175,00;158,00;Geprueft
2010-06-24;146,00;162,00;132,00;Geprueft
2010-06-25;143,00;149,00;134,00;Geprueft
2010-06-26;138,00;148,00;131,00;Geprueft
2010-06-27;125,00;134,00;118,00;Geprueft
2010-06-28;124,00;130,00;118,00;Geprueft
2010-06-29;125,00;130,00;122,00;Geprueft
2010-06-30;130,00;133,00;125,00;Geprueft
2010-07-01;122,00;128,00;118,00;Geprueft
2010-07-02;121,00;126,00;115,00;Geprueft
2010-07-03;113,00;120,00;107,00;Geprueft
2010-07-04;109,00;113,00;106,00;Geprueft
2010-07-05;110,00;116,00;107,00;Geprueft
2010-07-06;113,00;117,00;108,00;Geprueft
2010-07-07;110,00;118,00;104,00;Geprueft
2010-07-08;108,00;113,00;105,00;Geprueft
2010-07-09;107,00;109,00;106,00;Geprueft
2010-07-10;107,00;109,00;105,00;Geprueft
2010-07-11;106,00;107,00;103,00;Geprueft
2010-07-12;102,00;106,00;97,00;Geprueft
2010-07-13;100,00;106,00;97,00;Geprueft
2010-07-14;102,00;103,00;99,00;Geprueft
2010-07-15;100,00;105,00;95,00;Geprueft
2010-07-16;98,00;100,00;97,00;Geprueft
2010-07-17;102,00;115,00;97,00;Geprueft
2010-07-18;132,00;153,00;115,00;Geprueft
2010-07-19;147,00;156,00;122,00;Geprueft
2010-07-20;113,00;124,00;103,00;Geprueft
2010-07-21;105,00;107,00;103,00;Geprueft
2010-07-22;110,00;125,00;103,00;Geprueft
2010-07-23;139,00;163,00;122,00;Geprueft
2010-07-24;186,00;216,00;160,00;Geprueft
2010-07-25;243,00;265,00;216,00;Geprueft
2010-07-26;222,00;263,00;196,00;Geprueft
2010-07-27;188,00;209,00;178,00;Geprueft
2010-07-28;187,00;194,00;182,00;Geprueft
2010-07-29;174,00;185,00;160,00;Geprueft
2010-07-30;163,00;172,00;151,00;Geprueft
2010-07-31;151,00;168,00;139,00;Geprueft
2010-08-01;134,00;142,00;127,00;Geprueft
2010-08-02;129,00;133,00;126,00;Geprueft
2010-08-03;151,00;170,00;131,00;Geprueft
2010-08-04;149,00;159,00;140,00;Geprueft
2010-08-05;142,00;151,00;137,00;Geprueft
2010-08-06;166,00;222,00;141,00;Geprueft
2010-08-07;285,00;314,00;222,00;Geprueft
2010-08-08;287,00;314,00;252,00;Geprueft
2010-08-09;231,00;254,00;203,00;Geprueft
2010-08-10;192,00;204,00;183,00;Geprueft
2010-08-11;183,00;190,00;175,00;Geprueft
2010-08-12;175,00;181,00;166,00;Geprueft
2010-08-13;165,00;170,00;158,00;Geprueft
2010-08-14;159,00;165,00;152,00;Geprueft
2010-08-15;153,00;161,00;147,00;Geprueft
2010-08-16;153,00;166,00;140,00;Geprueft
2010-08-17;153,00;161,00;147,00;Geprueft
2010-08-18;150,00;167,00;141,00;Geprueft
2010-08-19;142,00;146,00;139,00;Geprueft
2010-08-20;136,00;150,00;127,00;Geprueft
2010-08-21;128,00;134,00;122,00;Geprueft
2010-08-22;127,00;130,00;122,00;Geprueft
2010-08-23;128,00;133,00;126,00;Geprueft
2010-08-24;127,00;135,00;121,00;Geprueft
2010-08-25;125,00;127,00;123,00;Geprueft
2010-08-26;122,00;132,00;113,00;Geprueft
2010-08-27;114,00;122,00;107,00;Geprueft
2010-08-28;123,00;144,00;107,00;Geprueft
2010-08-29;143,00;152,00;138,00;Geprueft
2010-08-30;156,00;165,00;150,00;Geprueft
2010-08-31;176,00;187,00;151,00;Geprueft
2010-09-01;220,00;236,00;187,00;Geprueft
2010-09-02;207,00;217,00;198,00;Geprueft
2010-09-03;194,00;206,00;182,00;Geprueft
2010-09-04;183,00;188,00;177,00;Geprueft
2010-09-05;172,00;179,00;165,00;Geprueft
2010-09-06;169,00;173,00;161,00;Geprueft
2010-09-07;156,00;165,00;147,00;Geprueft
2010-09-08;143,00;153,00;131,00;Geprueft
2010-09-09;140,00;148,00;133,00;Geprueft
2010-09-10;143,00;151,00;136,00;Geprueft
2010-09-11;135,00;147,00;124,00;Geprueft
2010-09-12;125,00;128,00;119,00;Geprueft
2010-09-13;123,00;128,00;121,00;Geprueft
2010-09-14;137,00;146,00;128,00;Geprueft
2010-09-15;132,00;146,00;123,00;Geprueft
2010-09-16;125,00;127,00;121,00;Geprueft
2010-09-17;126,00;127,00;124,00;Geprueft
2010-09-18;119,00;129,00;108,00;Geprueft
2010-09-19;112,00;116,00;104,00;Geprueft
2010-09-20;110,00;114,00;105,00;Geprueft
2010-09-21;111,00;118,00;109,00;Geprueft
2010-09-22;110,00;118,00;106,00;Geprueft
2010-09-23;112,00;117,00;107,00;Geprueft
2010-09-24;117,00;128,00;108,00;Geprueft
2010-09-25;110,00;115,00;104,00;Geprueft
2010-09-26;121,00;135,00;110,00;Geprueft
2010-09-27;122,00;129,00;113,00;Geprueft
2010-09-28;109,00;117,00;101,00;Geprueft
2010-09-29;107,00;112,00;102,00;Geprueft
2010-09-30;111,00;114,00;107,00;Geprueft
2010-10-01;112,00;115,00;109,00;Geprueft
2010-10-02;110,00;114,00;102,00;Geprueft
2010-10-03;108,00;111,00;103,00;Geprueft
2010-10-04;106,00;109,00;101,00;Geprueft
2010-10-05;107,00;109,00;105,00;Geprueft
2010-10-06;110,00;112,00;107,00;Geprueft
2010-10-07;110,00;113,00;106,00;Geprueft
2010-10-08;104,00;109,00;99,00;Geprueft
2010-10-09;102,00;104,00;100,00;Geprueft
2010-10-10;101,00;103,00;100,00;Geprueft
2010-10-11;100,00;103,00;97,00;Geprueft
2010-10-12;99,00;100,00;97,00;Geprueft
2010-10-13;98,00;100,00;96,00;Geprueft
2010-10-14;99,00;101,00;95,00;Geprueft
2010-10-15;98,00;101,00;96,00;Geprueft
2010-10-16;101,00;102,00;100,00;Geprueft
2010-10-17;99,00;102,00;95,00;Geprueft
2010-10-18;97,00;101,00;94,00;Geprueft
2010-10-19;97,00;99,00;95,00;Geprueft
2010-10-20;98,00;100,00;95,00;Geprueft
2010-10-21;105,00;111,00;98,00;Geprueft
2010-10-22;108,00;112,00;103,00;Geprueft
2010-10-23;103,00;108,00;95,00;Geprueft
2010-10-24;101,00;102,00;99,00;Geprueft
2010-10-25;101,00;105,00;98,00;Geprueft
2010-10-26;105,00;111,00;100,00;Geprueft
2010-10-27;110,00;113,00;104,00;Geprueft
2010-10-28;105,00;107,00;103,00;Geprueft
2010-10-29;104,00;106,00;102,00;Geprueft
2010-10-30;105,00;107,00;103,00;Geprueft
2010-10-31;105,00;109,00;96,00;Geprueft
2010-11-01;104,00;107,00;96,00;Geprueft
2010-11-02;102,00;107,00;96,00;Geprueft
2010-11-03;104,00;106,00;101,00;Geprueft
2010-11-04;105,00;110,00;102,00;Geprueft
2010-11-05;101,00;104,00;97,00;Geprueft
2010-11-06;97,00;99,00;95,00;Geprueft
2010-11-07;98,00;101,00;95,00;Geprueft
2010-11-08;98,00;98,00;97,00;Geprueft
2010-11-09;101,00;105,00;96,00;Geprueft
2010-11-10;101,00;102,00;100,00;Geprueft
2010-11-11;101,00;104,00;96,00;Geprueft
2010-11-12;100,00;102,00;98,00;Geprueft
2010-11-13;104,00;106,00;102,00;Geprueft
2010-11-14;103,00;105,00;100,00;Geprueft
2010-11-15;101,00;104,00;98,00;Geprueft
2010-11-16;99,00;101,00;98,00;Geprueft
2010-11-17;105,00;107,00;98,00;Geprueft
2010-11-18;106,00;109,00;102,00;Geprueft
2010-11-19;104,00;109,00;101,00;Geprueft
2010-11-20;104,00;106,00;100,00;Geprueft
2010-11-21;102,00;105,00;97,00;Geprueft
2010-11-22;98,00;100,00;96,00;Geprueft
2010-11-23;98,00;100,00;95,00;Geprueft
2010-11-24;101,00;107,00;96,00;Geprueft
2010-11-25;105,00;108,00;102,00;Geprueft
2010-11-26;106,00;108,00;103,00;Geprueft
2010-11-27;105,00;107,00;102,00;Geprueft
2010-11-28;99,00;102,00;96,00;Geprueft
2010-11-29;96,00;99,00;93,00;Geprueft
2010-11-30;97,00;100,00;94,00;Geprueft
2010-12-01;100,00;128,00;81,00;Geprueft
2010-12-02;99,00;102,00;94,00;Geprueft
2010-12-03;97,00;100,00;94,00;Geprueft
2010-12-04;95,00;101,00;84,00;Geprueft
2010-12-05;96,00;99,00;92,00;Geprueft
2010-12-06;95,00;97,00;94,00;Geprueft
2010-12-07;117,00;144,00;95,00;Geprueft
2010-12-08;156,00;171,00;143,00;Geprueft
2010-12-09;150,00;173,00;135,00;Geprueft
2010-12-10;140,00;145,00;135,00;Geprueft
2010-12-11;134,00;144,00;123,00;Geprueft
2010-12-12;123,00;128,00;114,00;Geprueft
2010-12-13;129,00;144,00;118,00;Geprueft
2010-12-14;120,00;130,00;110,00;Geprueft
2010-12-15;116,00;118,00;113,00;Geprueft
2010-12-16;117,00;121,00;109,00;Geprueft
2010-12-17;116,00;121,00;109,00;Geprueft
2010-12-18;112,00;118,00;103,00;Geprueft
2010-12-19;108,00;112,00;101,00;Geprueft
2010-12-20;109,00;114,00;102,00;Geprueft
2010-12-21;111,00;118,00;106,00;Geprueft
2010-12-22;118,00;123,00;110,00;Geprueft
2010-12-23;114,00;118,00;109,00;Geprueft
2010-12-24;113,00;117,00;110,00;Geprueft
2010-12-25;114,00;119,00;107,00;Geprueft
2010-12-26;112,00;115,00;105,00;Geprueft
2010-12-27;108,00;113,00;101,00;Geprueft
2010-12-28;106,00;110,00;102,00;Geprueft
2010-12-29;110,00;115,00;104,00;Geprueft
2010-12-30;108,00;112,00;102,00;Geprueft
2010-12-31;103,00;107,00;99,00;Geprueft
2011-01-01;105,00;109,00;99,00;Geprueft
2011-01-02;101,00;105,00;99,00;Geprueft
2011-01-03;98,00;100,00;97,00;Geprueft
2011-01-04;99,00;102,00;98,00;Geprueft
2011-01-05;103,00;107,00;100,00;Geprueft
2011-01-06;100,00;104,00;96,00;Geprueft
2011-01-07;99,00;104,00;97,00;Geprueft
2011-01-08;111,00;113,00;104,00;Geprueft
2011-01-09;113,00;116,00;111,00;Geprueft
2011-01-10;113,00;122,00;106,00;Geprueft
2011-01-11;123,00;128,00;117,00;Geprueft
2011-01-12;122,00;128,00;117,00;Geprueft
2011-01-13;152,00;203,00;120,00;Geprueft
2011-01-14;222,00;274,00;200,00;Geprueft
2011-01-15;209,00;229,00;179,00;Geprueft
2011-01-16;164,00;179,00;153,00;Geprueft
2011-01-17;153,00;180,00;125,00;Geprueft
2011-01-18;131,00;140,00;125,00;Geprueft
2011-01-19;126,00;129,00;125,00;Geprueft
2011-01-20;128,00;133,00;125,00;Geprueft
2011-01-21;126,00;135,00;118,00;Geprueft
2011-01-22;121,00;130,00;112,00;Geprueft
2011-01-23;113,00;121,00;108,00;Geprueft
2011-01-24;113,00;120,00;107,00;Geprueft
2011-01-25;113,00;120,00;108,00;Geprueft
2011-01-26;112,00;116,00;108,00;Geprueft
2011-01-27;119,00;122,00;114,00;Geprueft
2011-01-28;118,00;127,00;104,00;Geprueft
2011-01-29;109,00;114,00;103,00;Geprueft
2011-01-30;108,00;113,00;103,00;Geprueft
2011-01-31;104,00;110,00;98,00;Geprueft
2011-02-01;105,00;109,00;101,00;Geprueft
2011-02-02;106,00;109,00;102,00;Geprueft
2011-02-03;108,00;116,00;105,00;Geprueft
2011-02-04;105,00;109,00;101,00;Geprueft
2011-02-05;104,00;112,00;95,00;Geprueft
2011-02-06;100,00;106,00;96,00;Geprueft
2011-02-07;108,00;113,00;101,00;Geprueft
2011-02-08;103,00;106,00;101,00;Geprueft
2011-02-09;102,00;104,00;100,00;Geprueft
2011-02-10;102,00;106,00;100,00;Geprueft
2011-02-11;103,00;107,00;100,00;Geprueft
2011-02-12;102,00;106,00;98,00;Geprueft
2011-02-13;100,00;101,00;98,00;Geprueft
2011-02-14;99,00;101,00;98,00;Geprueft
2011-02-15;100,00;104,00;98,00;Geprueft
2011-02-16;101,00;104,00;100,00;Geprueft
2011-02-17;101,00;103,00;98,00;Geprueft
2011-02-18;100,00;103,00;96,00;Geprueft
2011-02-19;97,00;98,00;96,00;Geprueft
2011-02-20;97,00;99,00;94,00;Geprueft
2011-02-21;95,00;96,00;93,00;Geprueft
2011-02-22;95,00;99,00;93,00;Geprueft
2011-02-23;100,00;102,00;96,00;Geprueft
2011-02-24;100,00;103,00;97,00;Geprueft
2011-02-25;98,00;101,00;94,00;Geprueft
2011-02-26;97,00;99,00;95,00;Geprueft
2011-02-27;96,00;99,00;92,00;Geprueft
2011-02-28;95,00;102,00;89,00;Geprueft
2011-03-01;100,00;102,00;96,00;Geprueft
2011-03-02;98,00;102,00;93,00;Geprueft
2011-03-03;95,00;99,00;92,00;Geprueft
2011-03-04;99,00;100,00;94,00;Geprueft
2011-03-05;96,00;98,00;94,00;Geprueft
2011-03-06;97,00;99,00;95,00;Geprueft
2011-03-07;96,00;97,00;93,00;Geprueft
2011-03-08;93,00;96,00;89,00;Geprueft
2011-03-09;92,00;95,00;90,00;Geprueft
2011-03-10;94,00;96,00;93,00;Geprueft
2011-03-11;95,00;95,00;93,00;Geprueft
2011-03-12;94,00;95,00;91,00;Geprueft
2011-03-13;94,00;96,00;92,00;Geprueft
2011-03-14;94,00;96,00;91,00;Geprueft
2011-03-15;92,00;95,00;91,00;Geprueft
2011-03-16;92,00;95,00;90,00;Geprueft
2011-03-17;95,00;107,00;92,00;Geprueft
2011-03-18;138,00;168,00;107,00;Geprueft
2011-03-19;145,00;160,00;124,00;Geprueft
2011-03-20;128,00;142,00;116,00;Geprueft
2011-03-21;118,00;121,00;114,00;Geprueft
2011-03-22;113,00;117,00;108,00;Geprueft
2011-03-23;110,00;116,00;102,00;Geprueft
2011-03-24;104,00;109,00;100,00;Geprueft
2011-03-25;101,00;104,00;99,00;Geprueft
2011-03-26;101,00;103,00;98,00;Geprueft
2011-03-27;102,00;104,00;98,00;Geprueft
2011-03-28;100,00;104,00;98,00;Geprueft
2011-03-29;103,00;107,00;98,00;Geprueft
2011-03-30;107,00;109,00;102,00;Geprueft
2011-03-31;105,00;113,00;101,00;Geprueft
2011-04-01;101,00;105,00;96,00;Geprueft
2011-04-02;99,00;101,00;95,00;Geprueft
2011-04-03;97,00;100,00;93,00;Geprueft
2011-04-04;99,00;105,00;93,00;Geprueft
2011-04-05;106,00;110,00;100,00;Geprueft
2011-04-06;107,00;112,00;99,00;Geprueft
2011-04-07;100,00;104,00;96,00;Geprueft
2011-04-08;102,00;105,00;97,00;Geprueft
2011-04-09;100,00;107,00;94,00;Geprueft
2011-04-10;96,00;98,00;94,00;Geprueft
2011-04-11;96,00;98,00;93,00;Geprueft
2011-04-12;96,00;99,00;93,00;Geprueft
2011-04-13;100,00;105,00;97,00;Geprueft
2011-04-14;102,00;104,00;99,00;Geprueft
2011-04-15;100,00;102,00;98,00;Geprueft
2011-04-16;100,00;102,00;97,00;Geprueft
2011-04-17;97,00;101,00;95,00;Geprueft
2011-04-18;95,00;99,00;91,00;Geprueft
2011-04-19;97,00;102,00;94,00;Geprueft
2011-04-20;101,00;103,00;98,00;Geprueft
2011-04-21;96,00;102,00;91,00;Geprueft
2011-04-22;93,00;95,00;92,00;Geprueft
2011-04-23;92,00;94,00;89,00;Geprueft
2011-04-24;91,00;96,00;90,00;Geprueft
2011-04-25;95,00;98,00;91,00;Geprueft
2011-04-26;93,00;94,00;91,00;Geprueft
2011-04-27;92,00;94,00;90,00;Geprueft
2011-04-28;94,00;98,00;93,00;Geprueft
2011-04-29;95,00;98,00;93,00;Geprueft
2011-04-30;93,00;96,00;91,00;Geprueft
2011-05-01;93,00;101,00;91,00;Geprueft
2011-05-02;96,00;101,00;91,00;Geprueft
2011-05-03;95,00;100,00;92,00;Geprueft
2011-05-04;92,00;95,00;90,00;Geprueft
2011-05-05;92,00;93,00;91,00;Geprueft
2011-05-06;92,00;95,00;91,00;Geprueft
2011-05-07;92,00;96,00;87,00;Geprueft
2011-05-08;92,00;93,00;89,00;Geprueft
2011-05-09;90,00;93,00;88,00;Geprueft
2011-05-10;91,00;95,00;89,00;Geprueft
2011-05-11;91,00;93,00;89,00;Geprueft
2011-05-12;91,00;92,00;90,00;Geprueft
2011-05-13;93,00;95,00;91,00;Geprueft
2011-05-14;93,00;96,00;89,00;Geprueft
2011-05-15;100,00;108,00;91,00;Geprueft
2011-05-16;107,00;116,00;102,00;Geprueft
2011-05-17;99,00;104,00;95,00;Geprueft
2011-05-18;97,00;100,00;93,00;Geprueft
2011-05-19;95,00;98,00;90,00;Geprueft
2011-05-20;94,00;97,00;91,00;Geprueft
2011-05-21;96,00;99,00;92,00;Geprueft
2011-05-22;95,00;98,00;90,00;Geprueft
2011-05-23;93,00;94,00;91,00;Geprueft
2011-05-24;93,00;95,00;91,00;Geprueft
2011-05-25;94,00;97,00;92,00;Geprueft
2011-05-26;92,00;96,00;88,00;Geprueft
2011-05-27;95,00;105,00;91,00;Geprueft
2011-05-28;117,00;123,00;105,00;Geprueft
2011-05-29;117,00;121,00;109,00;Geprueft
2011-05-30;111,00;118,00;102,00;Geprueft
2011-05-31;102,00;108,00;96,00;Geprueft
2011-06-01;128,00;137,00;100,00;Geprueft
2011-06-02;123,00;134,00;103,00;Geprueft
2011-06-03;105,00;109,00;103,00;Geprueft
2011-06-04;103,00;108,00;97,00;Geprueft
2011-06-05;99,00;102,00;97,00;Geprueft
2011-06-06;100,00;110,00;95,00;Geprueft
2011-06-07;113,00;124,00;108,00;Geprueft
2011-06-08;115,00;121,00;107,00;Geprueft
2011-06-09;104,00;115,00;99,00;Geprueft
2011-06-10;102,00;105,00;99,00;Geprueft
2011-06-11;102,00;105,00;99,00;Geprueft
2011-06-12;107,00;110,00;104,00;Geprueft
2011-06-13;108,00;112,00;103,00;Geprueft
2011-06-14;108,00;114,00;102,00;Geprueft
2011-06-15;99,00;107,00;95,00;Geprueft
2011-06-16;97,00;102,00;94,00;Geprueft
2011-06-17;107,00;112,00;102,00;Geprueft
2011-06-18;119,00;135,00;108,00;Geprueft
2011-06-19;140,00;157,00;128,00;Geprueft
2011-06-20;142,00;153,00;132,00;Geprueft
2011-06-21;136,00;139,00;131,00;Geprueft
2011-06-22;126,00;134,00;114,00;Geprueft
2011-06-23;123,00;136,00;116,00;Geprueft
2011-06-24;122,00;125,00;116,00;Geprueft
2011-06-25;116,00;123,00;111,00;Geprueft
2011-06-26;111,00;117,00;101,00;Geprueft
2011-06-27;109,00;119,00;105,00;Geprueft
2011-06-28;110,00;116,00;107,00;Geprueft
2011-06-29;112,00;121,00;105,00;Geprueft
2011-06-30;134,00;160,00;110,00;Geprueft
2011-07-01;156,00;179,00;134,00;Geprueft
2011-07-02;157,00;172,00;143,00;Geprueft
2011-07-03;139,00;147,00;134,00;Geprueft
2011-07-04;144,00;165,00;126,00;Geprueft
2011-07-05;125,00;133,00;115,00;Geprueft
2011-07-06;114,00;121,00;108,00;Geprueft
2011-07-07;116,00;119,00;111,00;Geprueft
2011-07-08;118,00;130,00;111,00;Geprueft
2011-07-09;117,00;128,00;105,00;Geprueft
2011-07-10;114,00;118,00;109,00;Geprueft
2011-07-11;133,00;145,00;111,00;Geprueft
2011-07-12;120,00;136,00;109,00;Geprueft
2011-07-13;117,00;149,00;99,00;Geprueft
2011-07-14;128,00;139,00;120,00;Geprueft
2011-07-15;128,00;136,00;120,00;Geprueft
2011-07-16;116,00;128,00;105,00;Geprueft
2011-07-17;109,00;114,00;104,00;Geprueft
2011-07-18;113,00;119,00;104,00;Geprueft
2011-07-19;118,00;131,00;109,00;Geprueft
2011-07-20;142,00;160,00;125,00;Geprueft
2011-07-21;180,00;192,00;157,00;Geprueft
2011-07-22;179,00;193,00;160,00;Geprueft
2011-07-23;155,00;167,00;144,00;Geprueft
2011-07-24;154,00;160,00;145,00;Geprueft
2011-07-25;149,00;154,00;140,00;Geprueft
2011-07-26;141,00;147,00;132,00;Geprueft
2011-07-27;124,00;136,00;110,00;Geprueft
2011-07-28;129,00;138,00;123,00;Geprueft
2011-07-29;123,00;134,00;114,00;Geprueft
2011-07-30;123,00;133,00;114,00;Geprueft
2011-07-31;129,00;131,00;127,00;Geprueft
2011-08-01;127,00;128,00;124,00;Geprueft
2011-08-02;120,00;130,00;112,00;Geprueft
2011-08-03;119,00;124,00;114,00;Geprueft
2011-08-04;117,00;121,00;113,00;Geprueft
2011-08-05;131,00;138,00;120,00;Geprueft
2011-08-06;131,00;134,00;128,00;Geprueft
2011-08-07;135,00;148,00;128,00;Geprueft
2011-08-08;151,00;162,00;142,00;Geprueft
2011-08-09;161,00;173,00;152,00;Geprueft
2011-08-10;153,00;166,00;135,00;Geprueft
2011-08-11;153,00;161,00;138,00;Geprueft
2011-08-12;150,00;160,00;139,00;Geprueft
2011-08-13;141,00;149,00;132,00;Geprueft
2011-08-14;123,00;133,00;113,00;Geprueft
2011-08-15;125,00;136,00;112,00;Geprueft
2011-08-16;141,00;148,00;134,00;Geprueft
2011-08-17;139,00;145,00;132,00;Geprueft
2011-08-18;129,00;136,00;118,00;Geprueft
2011-08-19;123,00;129,00;118,00;Geprueft
2011-08-20;118,00;123,00;113,00;Geprueft
2011-08-21;114,00;124,00;106,00;Geprueft
2011-08-22;110,00;114,00;104,00;Geprueft
2011-08-23;113,00;116,00;109,00;Geprueft
2011-08-24;114,00;117,00;107,00;Geprueft
2011-08-25;116,00;118,00;113,00;Geprueft
2011-08-26;113,00;116,00;109,00;Geprueft
2011-08-27;112,00;119,00;108,00;Geprueft
2011-08-28;106,00;111,00;97,00;Geprueft
2011-08-29;100,00;104,00;97,00;Geprueft
2011-08-30;100,00;103,00;96,00;Geprueft
2011-08-31;102,00;105,00;98,00;Geprueft
2011-09-01;104,00;111,00;98,00;Geprueft
2011-09-02;102,00;105,00;99,00;Geprueft
2011-09-03;100,00;104,00;98,00;Geprueft
2011-09-04;104,00;108,00;99,00;Geprueft
2011-09-05;103,00;112,00;96,00;Geprueft
2011-09-06;114,00;118,00;105,00;Geprueft
2011-09-07;113,00;120,00;101,00;Geprueft
2011-09-08;104,00;113,00;96,00;Geprueft
2011-09-09;100,00;111,00;96,00;Geprueft
2011-09-10;100,00;103,00;96,00;Geprueft
2011-09-11;99,00;102,00;95,00;Geprueft
2011-09-12;98,00;103,00;92,00;Geprueft
2011-09-13;99,00;103,00;95,00;Geprueft
2011-09-14;101,00;106,00;97,00;Geprueft
2011-09-15;102,00;106,00;98,00;Geprueft
2011-09-16;102,00;105,00;95,00;Geprueft
2011-09-17;96,00;100,00;91,00;Geprueft
2011-09-18;95,00;99,00;93,00;Geprueft
2011-09-19;121,00;135,00;99,00;Geprueft
2011-09-20;136,00;143,00;132,00;Geprueft
2011-09-21;122,00;140,00;109,00;Geprueft
2011-09-22;114,00;121,00;108,00;Geprueft
2011-09-23;116,00;118,00;112,00;Geprueft
2011-09-24;111,00;117,00;100,00;Geprueft
2011-09-25;100,00;103,00;97,00;Geprueft
2011-09-26;102,00;107,00;97,00;Geprueft
2011-09-27;103,00;110,00;94,00;Geprueft
2011-09-28;103,00;109,00;97,00;Geprueft
2011-09-29;101,00;104,00;96,00;Geprueft
2011-09-30;102,00;105,00;100,00;Geprueft
2011-10-01;100,00;102,00;97,00;Geprueft
2011-10-02;99,00;103,00;92,00;Geprueft
2011-10-03;94,00;98,00;92,00;Geprueft
2011-10-04;94,00;98,00;89,00;Geprueft
2011-10-05;97,00;102,00;89,00;Geprueft
2011-10-06;96,00;101,00;91,00;Geprueft
2011-10-07;97,00;104,00;91,00;Geprueft
2011-10-08;104,00;113,00;99,00;Geprueft
2011-10-09;109,00;113,00;106,00;Geprueft
2011-10-10;119,00;154,00;106,00;Geprueft
2011-10-11;156,00;171,00;149,00;Geprueft
2011-10-12;164,00;171,00;154,00;Geprueft
2011-10-13;158,00;169,00;148,00;Geprueft
2011-10-14;152,00;156,00;149,00;Geprueft
2011-10-15;134,00;157,00;114,00;Geprueft
2011-10-16;109,00;117,00;99,00;Geprueft
2011-10-17;109,00;113,00;103,00;Geprueft
2011-10-18;114,00;118,00;108,00;Geprueft
2011-10-19;108,00;112,00;104,00;Geprueft
2011-10-20;112,00;120,00;104,00;Geprueft
2011-10-21;108,00;115,00;101,00;Geprueft
2011-10-22;107,00;112,00;101,00;Geprueft
2011-10-23;103,00;112,00;96,00;Geprueft
2011-10-24;98,00;100,00;96,00;Geprueft
2011-10-25;100,00;103,00;96,00;Geprueft
2011-10-26;105,00;109,00;101,00;Geprueft
2011-10-27;102,00;109,00;97,00;Geprueft
2011-10-28;101,00;105,00;98,00;Geprueft
2011-10-29;104,00;108,00;98,00;Geprueft
2011-10-30;99,00;106,00;80,00;Geprueft
2011-10-31;99,00;102,00;96,00;Geprueft
2011-11-01;96,00;99,00;89,00;Geprueft
2011-11-02;93,00;96,00;88,00;Geprueft
2011-11-03;96,00;100,00;89,00;Geprueft
2011-11-04;94,00;98,00;89,00;Geprueft
2011-11-05;95,00;98,00;88,00;Geprueft
2011-11-06;96,00;98,00;92,00;Geprueft
2011-11-07;94,00;99,00;89,00;Geprueft
2011-11-08;92,00;97,00;87,00;Geprueft
2011-11-09;95,00;98,00;88,00;Geprueft
2011-11-10;94,00;96,00;89,00;Geprueft
2011-11-11;93,00;96,00;91,00;Geprueft
2011-11-12;93,00;98,00;89,00;Geprueft
2011-11-13;91,00;96,00;85,00;Geprueft
2011-11-14;90,00;92,00;88,00;Geprueft
2011-11-15;92,00;98,00;88,00;Geprueft
2011-11-16;92,00;94,00;88,00;Geprueft
2011-11-17;94,00;99,00;89,00;Geprueft
2011-11-18;93,00;101,00;86,00;Geprueft
2011-11-19;91,00;96,00;84,00;Geprueft
2011-11-20;87,00;91,00;84,00;Geprueft
2011-11-21;88,00;91,00;86,00;Geprueft
2011-11-22;89,00;90,00;87,00;Geprueft
2011-11-23;91,00;95,00;87,00;Geprueft
2011-11-24;91,00;92,00;89,00;Geprueft
2011-11-25;96,00;99,00;89,00;Geprueft
2011-11-26;92,00;98,00;86,00;Geprueft
2011-11-27;89,00;92,00;85,00;Geprueft
2011-11-28;88,00;90,00;85,00;Geprueft
2011-11-29;88,00;91,00;87,00;Geprueft
2011-11-30;90,00;91,00;87,00;Geprueft
2011-12-01;89,00;91,00;87,00;Geprueft
2011-12-02;89,00;96,00;85,00;Geprueft
2011-12-03;88,00;89,00;85,00;Geprueft
2011-12-04;88,00;90,00;86,00;Geprueft
2011-12-05;91,00;99,00;87,00;Geprueft
2011-12-06;93,00;97,00;85,00;Geprueft
2011-12-07;91,00;96,00;86,00;Geprueft
2011-12-08;97,00;102,00;94,00;Geprueft
2011-12-09;96,00;101,00;90,00;Geprueft
2011-12-10;94,00;98,00;90,00;Geprueft
2011-12-11;100,00;106,00;90,00;Geprueft
2011-12-12;105,00;111,00;100,00;Geprueft
2011-12-13;103,00;109,00;98,00;Geprueft
2011-12-14;99,00;106,00;91,00;Geprueft
2011-12-15;97,00;101,00;92,00;Geprueft
2011-12-16;102,00;106,00;93,00;Geprueft
2011-12-17;102,00;114,00;94,00;Geprueft
2011-12-18;99,00;104,00;93,00;Geprueft
2011-12-19;95,00;99,00;90,00;Geprueft
2011-12-20;96,00;101,00;91,00;Geprueft
2011-12-21;96,00;99,00;94,00;Geprueft
2011-12-22;97,00;103,00;94,00;Geprueft
2011-12-23;107,00;122,00;95,00;Geprueft
2011-12-24;120,00;125,00;110,00;Geprueft
2011-12-25;109,00;121,00;101,00;Geprueft
2011-12-26;102,00;109,00;97,00;Geprueft
2011-12-27;100,00;104,00;98,00;Geprueft
2011-12-28;100,00;106,00;96,00;Geprueft
2011-12-29;102,00;109,00;97,00;Geprueft
2011-12-30;100,00;108,00;89,00;Geprueft
2011-12-31;98,00;102,00;94,00;Geprueft
2012-01-01;116,00;143,00;100,00;Geprueft
2012-01-02;140,00;144,00;129,00;Geprueft
2012-01-03;124,00;136,00;109,00;Geprueft
2012-01-04;120,00;127,00;109,00;Geprueft
2012-01-05;127,00;138,00;122,00;Geprueft
2012-01-06;131,00;134,00;124,00;Geprueft
2012-01-07;133,00;137,00;127,00;Geprueft
2012-01-08;128,00;133,00;124,00;Geprueft
2012-01-09;129,00;130,00;123,00;Geprueft
2012-01-10;126,00;132,00;123,00;Geprueft
2012-01-11;123,00;127,00;118,00;Geprueft
2012-01-12;120,00;125,00;117,00;Geprueft
2012-01-13;117,00;122,00;109,00;Geprueft
2012-01-14;115,00;119,00;109,00;Geprueft
2012-01-15;113,00;118,00;108,00;Geprueft
2012-01-16;108,00;118,00;102,00;Geprueft
2012-01-17;108,00;116,00;95,00;Geprueft
2012-01-18;104,00;110,00;94,00;Geprueft
2012-01-19;112,00;123,00;104,00;Geprueft
2012-01-20;129,00;137,00;121,00;Geprueft
2012-01-21;143,00;148,00;136,00;Geprueft
2012-01-22;157,00;182,00;136,00;Geprueft
2012-01-23;178,00;193,00;165,00;Geprueft
2012-01-24;160,00;177,00;146,00;Geprueft
2012-01-25;149,00;164,00;137,00;Geprueft
2012-01-26;142,00;154,00;131,00;Geprueft
2012-01-27;133,00;149,00;121,00;Geprueft
2012-01-28;122,00;127,00;117,00;Geprueft
2012-01-29;125,00;128,00;121,00;Geprueft
2012-01-30;119,00;128,00;112,00;Geprueft
2012-01-31;119,00;125,00;115,00;Geprueft
2012-02-01;120,00;123,00;115,00;Geprueft
2012-02-02;117,00;125,00;109,00;Geprueft
2012-02-03;119,00;126,00;109,00;Geprueft
2012-02-04;117,00;127,00;105,00;Geprueft
2012-02-05;111,00;119,00;105,00;Geprueft
2012-02-06;111,00;122,00;103,00;Geprueft
2012-02-07;107,00;112,00;103,00;Geprueft
2012-02-08;115,00;119,00;112,00;Geprueft
2012-02-09;116,00;127,00;106,00;Geprueft
2012-02-10;108,00;128,00;96,00;Geprueft
2012-02-11;107,00;112,00;103,00;Geprueft
2012-02-12;106,00;110,00;103,00;Geprueft
2012-02-13;104,00;114,00;97,00;Geprueft
2012-02-14;102,00;106,00;97,00;Geprueft
2012-02-15;105,00;110,00;100,00;Geprueft
2012-02-16;104,00;107,00;100,00;Geprueft
2012-02-17;101,00;105,00;97,00;Geprueft
2012-02-18;102,00;105,00;99,00;Geprueft
2012-02-19;102,00;106,00;100,00;Geprueft
2012-02-20;102,00;105,00;100,00;Geprueft
2012-02-21;106,00;110,00;100,00;Geprueft
2012-02-22;104,00;112,00;98,00;Geprueft
2012-02-23;99,00;102,00;94,00;Geprueft
2012-02-24;103,00;108,00;94,00;Geprueft
2012-02-25;106,00;109,00;100,00;Geprueft
2012-02-26;113,00;119,00;104,00;Geprueft
2012-02-27;117,00;123,00;113,00;Geprueft
2012-02-28;111,00;116,00;105,00;Geprueft
2012-02-29;109,00;115,00;104,00;Geprueft
2012-03-01;116,00;122,00;105,00;Geprueft
2012-03-02;127,00;138,00;116,00;Geprueft
2012-03-03;124,00;127,00;122,00;Geprueft
2012-03-04;134,00;143,00;124,00;Geprueft
2012-03-05;129,00;142,00;118,00;Geprueft
2012-03-06;128,00;135,00;116,00;Geprueft
2012-03-07;124,00;131,00;117,00;Geprueft
2012-03-08;121,00;132,00;113,00;Geprueft
2012-03-09;120,00;133,00;112,00;Geprueft
2012-03-10;122,00;126,00;114,00;Geprueft
2012-03-11;110,00;118,00;103,00;Geprueft
2012-03-12;109,00;115,00;103,00;Geprueft
2012-03-13;113,00;121,00;107,00;Geprueft
2012-03-14;110,00;114,00;105,00;Geprueft
2012-03-15;120,00;128,00;111,00;Geprueft
2012-03-16;115,00;120,00;108,00;Geprueft
2012-03-17;117,00;124,00;108,00;Geprueft
2012-03-18;122,00;129,00;116,00;Geprueft
2012-03-19;118,00;125,00;112,00;Geprueft
2012-03-20;126,00;131,00;122,00;Geprueft
2012-03-21;123,00;129,00;117,00;Geprueft
2012-03-22;120,00;122,00;114,00;Geprueft
2012-03-23;118,00;120,00;115,00;Geprueft
2012-03-24;116,00;119,00;112,00;Geprueft
2012-03-25;117,00;120,00;114,00;Geprueft
2012-03-26;118,00;120,00;116,00;Geprueft
2012-03-27;118,00;120,00;116,00;Geprueft
2012-03-28;111,00;121,00;106,00;Geprueft
2012-03-29;118,00;123,00;108,00;Geprueft
2012-03-30;122,00;128,00;118,00;Geprueft
2012-03-31;129,00;132,00;126,00;Geprueft
2012-04-01;124,00;138,00;117,00;Geprueft
2012-04-02;129,00;136,00;120,00;Geprueft
2012-04-03;123,00;130,00;117,00;Geprueft
2012-04-04;110,00;119,00;102,00;Geprueft
2012-04-05;120,00;126,00;115,00;Geprueft
2012-04-06;133,00;139,00;123,00;Geprueft
2012-04-07;135,00;139,00;132,00;Geprueft
2012-04-08;136,00;137,00;135,00;Geprueft
2012-04-09;131,00;136,00;124,00;Geprueft
2012-04-10;120,00;128,00;111,00;Geprueft
2012-04-11;123,00;129,00;111,00;Geprueft
2012-04-12;137,00;148,00;126,00;Geprueft
2012-04-13;130,00;139,00;123,00;Geprueft
2012-04-14;121,00;128,00;116,00;Geprueft
2012-04-15;114,00;121,00;103,00;Geprueft
2012-04-16;117,00;130,00;103,00;Geprueft
2012-04-17;143,00;147,00;130,00;Geprueft
2012-04-18;141,00;147,00;133,00;Geprueft
2012-04-19;135,00;140,00;127,00;Geprueft
2012-04-20;130,00;137,00;123,00;Geprueft
2012-04-21;121,00;128,00;113,00;Geprueft
2012-04-22;118,00;129,00;110,00;Geprueft
2012-04-23;117,00;122,00;111,00;Geprueft
2012-04-24;117,00;123,00;113,00;Geprueft
2012-04-25;131,00;150,00;117,00;Geprueft
2012-04-26;123,00;133,00;118,00;Geprueft
2012-04-27;119,00;125,00;114,00;Geprueft
2012-04-28;123,00;127,00;116,00;Geprueft
2012-04-29;128,00;131,00;124,00;Geprueft
2012-04-30;126,00;129,00;121,00;Geprueft
2012-05-01;132,00;136,00;124,00;Geprueft
2012-05-02;134,00;144,00;125,00;Geprueft
2012-05-03;136,00;147,00;125,00;Geprueft
2012-05-04;133,00;140,00;129,00;Geprueft
2012-05-05;128,00;137,00;117,00;Geprueft
2012-05-06;122,00;126,00;115,00;Geprueft
2012-05-07;120,00;125,00;111,00;Geprueft
2012-05-08;125,00;131,00;119,00;Geprueft
2012-05-09;122,00;127,00;117,00;Geprueft
2012-05-10;113,00;117,00;111,00;Geprueft
2012-05-11;114,00;122,00;108,00;Geprueft
2012-05-12;128,00;136,00;108,00;Geprueft
2012-05-13;131,00;135,00;121,00;Geprueft
2012-05-14;127,00;135,00;116,00;Geprueft
2012-05-15;113,00;116,00;108,00;Geprueft
2012-05-16;120,00;125,00;108,00;Geprueft
2012-05-17;123,00;127,00;119,00;Geprueft
2012-05-18;120,00;127,00;105,00;Geprueft
2012-05-19;116,00;125,00;105,00;Geprueft
2012-05-20;117,00;122,00;107,00;Geprueft
2012-05-21;119,00;122,00;113,00;Geprueft
2012-05-22;117,00;120,00;112,00;Geprueft
2012-05-23;120,00;130,00;111,00;Geprueft
2012-05-24;117,00;127,00;105,00;Geprueft
2012-05-25;126,00;130,00;122,00;Geprueft
2012-05-26;125,00;131,00;116,00;Geprueft
2012-05-27;117,00;123,00;108,00;Geprueft
2012-05-28;111,00;119,00;105,00;Geprueft
2012-05-29;109,00;118,00;105,00;Geprueft
2012-05-30;113,00;121,00;105,00;Geprueft
2012-05-31;122,00;126,00;116,00;Geprueft
2012-06-01;129,00;138,00;121,00;Geprueft
2012-06-02;135,00;139,00;132,00;Geprueft
2012-06-03;128,00;135,00;113,00;Geprueft
2012-06-04;133,00;146,00;125,00;Geprueft
2012-06-05;162,00;170,00;144,00;Geprueft
2012-06-06;165,00;169,00;160,00;Geprueft
2012-06-07;150,00;163,00;134,00;Geprueft
2012-06-08;135,00;144,00;128,00;Geprueft
2012-06-09;142,00;151,00;133,00;Geprueft
2012-06-10;159,00;177,00;133,00;Geprueft
2012-06-11;173,00;179,00;165,00;Geprueft
2012-06-12;177,00;181,00;173,00;Geprueft
2012-06-13;191,00;216,00;173,00;Geprueft
2012-06-14;213,00;223,00;198,00;Geprueft
2012-06-15;187,00;198,00;164,00;Geprueft
2012-06-16;154,00;171,00;149,00;Geprueft
2012-06-17;138,00;149,00;135,00;Geprueft
2012-06-18;132,00;137,00;128,00;Geprueft
2012-06-19;136,00;143,00;129,00;Geprueft
2012-06-20;143,00;154,00;138,00;Geprueft
2012-06-21;168,00;191,00;148,00;Geprueft
2012-06-22;176,00;188,00;150,00;Geprueft
2012-06-23;150,00;160,00;137,00;Geprueft
2012-06-24;136,00;140,00;134,00;Geprueft
2012-06-25;135,00;140,00;129,00;Geprueft
2012-06-26;132,00;139,00;128,00;Geprueft
2012-06-27;134,00;136,00;132,00;Geprueft
2012-06-28;129,00;135,00;121,00;Geprueft
2012-06-29;124,00;130,00;115,00;Geprueft
2012-06-30;118,00;122,00;115,00;Geprueft
2012-07-01;118,00;135,00;110,00;Geprueft
2012-07-02;128,00;133,00;116,00;Geprueft
2012-07-03;117,00;122,00;112,00;Geprueft
2012-07-04;116,00;120,00;110,00;Geprueft
2012-07-05;124,00;134,00;119,00;Geprueft
2012-07-06;140,00;146,00;134,00;Geprueft
2012-07-07;137,00;144,00;133,00;Geprueft
2012-07-08;138,00;142,00;134,00;Geprueft
2012-07-09;143,00;150,00;137,00;Geprueft
2012-07-10;140,00;161,00;127,00;Geprueft
2012-07-11;127,00;132,00;118,00;Geprueft
2012-07-12;128,00;133,00;124,00;Geprueft
2012-07-13;122,00;129,00;118,00;Geprueft
2012-07-14;119,00;123,00;115,00;Geprueft
2012-07-15;120,00;124,00;115,00;Geprueft
2012-07-16;120,00;124,00;114,00;Geprueft
2012-07-17;121,00;125,00;118,00;Geprueft
2012-07-18;120,00;124,00;117,00;Geprueft
2012-07-19;118,00;124,00;113,00;Geprueft
2012-07-20;112,00;116,00;108,00;Geprueft
2012-07-21;110,00;116,00;107,00;Geprueft
2012-07-22;113,00;119,00;107,00;Geprueft
2012-07-23;111,00;119,00;105,00;Geprueft
2012-07-24;105,00;109,00;102,00;Geprueft
2012-07-25;110,00;119,00;104,00;Geprueft
2012-07-26;109,00;114,00;106,00;Geprueft
2012-07-27;114,00;118,00;105,00;Geprueft
2012-07-28;110,00;117,00;103,00;Geprueft
2012-07-29;106,00;117,00;98,00;Geprueft
2012-07-30;100,00;102,00;98,00;Geprueft
2012-07-31;102,00;107,00;98,00;Geprueft
2012-08-01;102,00;104,00;100,00;Geprueft
2012-08-02;107,00;111,00;103,00;Geprueft
2012-08-03;125,00;140,00;110,00;Geprueft
2012-08-04;115,00;132,00;103,00;Geprueft
2012-08-05;112,00;119,00;104,00;Geprueft
2012-08-06;118,00;124,00;105,00;Geprueft
2012-08-07;132,00;153,00;123,00;Geprueft
2012-08-08;145,00;161,00;129,00;Geprueft
2012-08-09;134,00;139,00;129,00;Geprueft
2012-08-10;126,00;129,00;121,00;Geprueft
2012-08-11;119,00;123,00;108,00;Geprueft
2012-08-12;109,00;118,00;103,00;Geprueft
2012-08-13;107,00;113,00;103,00;Geprueft
2012-08-14;111,00;118,00;103,00;Geprueft
2012-08-15;107,00;110,00;103,00;Geprueft
2012-08-16;106,00;110,00;103,00;Geprueft
2012-08-17;109,00;118,00;104,00;Geprueft
2012-08-18;109,00;114,00;107,00;Geprueft
2012-08-19;107,00;109,00;104,00;Geprueft
2012-08-20;106,00;108,00;102,00;Geprueft
2012-08-21;104,00;111,00;100,00;Geprueft
2012-08-22;109,00;111,00;106,00;Geprueft
2012-08-23;103,00;108,00;96,00;Geprueft
2012-08-24;104,00;106,00;100,00;Geprueft
2012-08-25;104,00;107,00;101,00;Geprueft
2012-08-26;131,00;148,00;104,00;Geprueft
2012-08-27;144,00;151,00;135,00;Geprueft
2012-08-28;125,00;138,00;115,00;Geprueft
2012-08-29;121,00;127,00;115,00;Geprueft
2012-08-30;128,00;136,00;121,00;Geprueft
2012-08-31;147,00;176,00;121,00;Geprueft
2012-09-01;177,00;184,00;169,00;Geprueft
2012-09-02;156,00;169,00;145,00;Geprueft
2012-09-03;148,00;156,00;144,00;Geprueft
2012-09-04;139,00;148,00;135,00;Geprueft
2012-09-05;132,00;146,00;125,00;Geprueft
2012-09-06;122,00;131,00;117,00;Geprueft
2012-09-07;126,00;129,00;118,00;Geprueft
2012-09-08;125,00;129,00;122,00;Geprueft
2012-09-09;120,00;126,00;115,00;Geprueft
2012-09-10;115,00;124,00;108,00;Geprueft
2012-09-11;118,00;126,00;112,00;Geprueft
2012-09-12;126,00;133,00;117,00;Geprueft
2012-09-13;130,00;143,00;121,00;Geprueft
2012-09-14;126,00;134,00;121,00;Geprueft
2012-09-15;123,00;129,00;118,00;Geprueft
2012-09-16;116,00;123,00;105,00;Geprueft
2012-09-17;112,00;119,00;105,00;Geprueft
2012-09-18;114,00;121,00;103,00;Geprueft
2012-09-19;115,00;121,00;110,00;Geprueft
2012-09-20;123,00;129,00;113,00;Geprueft
2012-09-21;125,00;135,00;121,00;Geprueft
2012-09-22;123,00;126,00;120,00;Geprueft
2012-09-23;127,00;132,00;120,00;Geprueft
2012-09-24;121,00;124,00;116,00;Geprueft
2012-09-25;114,00;119,00;108,00;Geprueft
2012-09-26;114,00;118,00;112,00;Geprueft
2012-09-27;117,00;119,00;114,00;Geprueft
2012-09-28;114,00;116,00;109,00;Geprueft
2012-09-29;116,00;124,00;109,00;Geprueft
2012-09-30;117,00;123,00;114,00;Geprueft
2012-10-01;117,00;119,00;114,00;Geprueft
2012-10-02;117,00;122,00;111,00;Geprueft
2012-10-03;115,00;119,00;111,00;Geprueft
2012-10-04;113,00;116,00;107,00;Geprueft
2012-10-05;111,00;118,00;104,00;Geprueft
2012-10-06;107,00;113,00;104,00;Geprueft
2012-10-07;112,00;118,00;105,00;Geprueft
2012-10-08;113,00;119,00;110,00;Geprueft
2012-10-09;132,00;146,00;113,00;Geprueft
2012-10-10;142,00;175,00;133,00;Geprueft
2012-10-11;163,00;175,00;144,00;Geprueft
2012-10-12;163,00;173,00;148,00;Geprueft
2012-10-13;150,00;154,00;143,00;Geprueft
2012-10-14;141,00;146,00;135,00;Geprueft
2012-10-15;137,00;140,00;134,00;Geprueft
2012-10-16;130,00;136,00;125,00;Geprueft
2012-10-17;136,00;146,00;126,00;Geprueft
2012-10-18;129,00;133,00;127,00;Geprueft
2012-10-19;126,00;130,00;116,00;Geprueft
2012-10-20;120,00;123,00;117,00;Geprueft
2012-10-21;117,00;122,00;111,00;Geprueft
2012-10-22;111,00;117,00;106,00;Geprueft
2012-10-23;112,00;114,00;110,00;Geprueft
2012-10-24;111,00;114,00;105,00;Geprueft
2012-10-25;111,00;113,00;109,00;Geprueft
2012-10-26;111,00;114,00;107,00;Geprueft
2012-10-27;111,00;114,00;108,00;Geprueft
2012-10-28;111,00;116,00;106,00;Geprueft
2012-10-29;107,00;109,00;105,00;Geprueft
2012-10-30;109,00;111,00;107,00;Geprueft
2012-10-31;109,00;111,00;103,00;Geprueft
2012-11-01;108,00;110,00;105,00;Geprueft
2012-11-02;109,00;113,00;106,00;Geprueft
2012-11-03;111,00;113,00;106,00;Geprueft
2012-11-04;115,00;124,00;107,00;Geprueft
2012-11-05;132,00;150,00;120,00;Geprueft
2012-11-06;131,00;139,00;126,00;Geprueft
2012-11-07;134,00;137,00;133,00;Geprueft
2012-11-08;129,00;134,00;123,00;Geprueft
2012-11-09;126,00;130,00;122,00;Geprueft
2012-11-10;121,00;128,00;114,00;Geprueft
2012-11-11;114,00;120,00;107,00;Geprueft
2012-11-12;119,00;128,00;107,00;Geprueft
2012-11-13;113,00;116,00;109,00;Geprueft
2012-11-14;114,00;118,00;112,00;Geprueft
2012-11-15;117,00;122,00;113,00;Geprueft
2012-11-16;112,00;115,00;109,00;Geprueft
2012-11-17;112,00;121,00;107,00;Geprueft
2012-11-18;109,00;112,00;107,00;Geprueft
2012-11-19;108,00;110,00;102,00;Geprueft
2012-11-20;105,00;110,00;102,00;Geprueft
2012-11-21;103,00;106,00;96,00;Geprueft
2012-11-22;101,00;104,00;99,00;Geprueft
2012-11-23;103,00;107,00;99,00;Geprueft
2012-11-24;103,00;105,00;101,00;Geprueft
2012-11-25;103,00;104,00;101,00;Geprueft
2012-11-26;103,00;104,00;98,00;Geprueft
2012-11-27;99,00;101,00;98,00;Geprueft
2012-11-28;99,00;100,00;97,00;Geprueft
2012-11-29;104,00;109,00;99,00;Geprueft
2012-11-30;113,00;119,00;105,00;Geprueft
2012-12-01;113,00;120,00;106,00;Geprueft
2012-12-02;107,00;109,00;102,00;Geprueft
2012-12-03;104,00;111,00;100,00;Geprueft
2012-12-04;103,00;107,00;97,00;Geprueft
2012-12-05;103,00;108,00;97,00;Geprueft
2012-12-06;111,00;113,00;107,00;Geprueft
2012-12-07;109,00;112,00;104,00;Geprueft
2012-12-08;103,00;107,00;98,00;Geprueft
2012-12-09;101,00;105,00;98,00;Geprueft
2012-12-10;105,00;107,00;103,00;Geprueft
2012-12-11;104,00;108,00;98,00;Geprueft
2012-12-12;99,00;101,00;94,00;Geprueft
2012-12-13;102,00;104,00;98,00;Geprueft
2012-12-14;103,00;105,00;102,00;Geprueft
2012-12-15;105,00;108,00;101,00;Geprueft
2012-12-16;109,00;116,00;102,00;Geprueft
2012-12-17;121,00;131,00;115,00;Geprueft
2012-12-18;133,00;135,00;130,00;Geprueft
2012-12-19;126,00;134,00;117,00;Geprueft
2012-12-20;116,00;125,00;111,00;Geprueft
2012-12-21;115,00;119,00;110,00;Geprueft
2012-12-22;130,00;144,00;113,00;Geprueft
2012-12-23;169,00;180,00;144,00;Geprueft
2012-12-24;176,00;189,00;156,00;Geprueft
2012-12-25;155,00;169,00;132,00;Geprueft
2012-12-26;146,00;157,00;138,00;Geprueft
2012-12-27;141,00;154,00;129,00;Geprueft
2012-12-28;141,00;144,00;140,00;Geprueft
2012-12-29;142,00;146,00;135,00;Geprueft
2012-12-30;140,00;150,00;132,00;Geprueft
2012-12-31;127,00;142,00;118,00;Geprueft
2013-01-01;123,00;126,00;118,00;Geprueft
2013-01-02;125,00;128,00;121,00;Geprueft
2013-01-03;122,00;125,00;119,00;Geprueft
2013-01-04;124,00;130,00;118,00;Geprueft
2013-01-05;161,00;180,00;124,00;Geprueft
2013-01-06;224,00;251,00;175,00;Geprueft
2013-01-07;212,00;237,00;187,00;Geprueft
2013-01-08;175,00;192,00;147,00;Geprueft
2013-01-09;162,00;167,00;155,00;Geprueft
2013-01-10;155,00;164,00;147,00;Geprueft
2013-01-11;148,00;157,00;135,00;Geprueft
2013-01-12;150,00;158,00;142,00;Geprueft
2013-01-13;141,00;149,00;132,00;Geprueft
2013-01-14;130,00;135,00;125,00;Geprueft
2013-01-15;130,00;134,00;127,00;Geprueft
2013-01-16;132,00;137,00;128,00;Geprueft
2013-01-17;133,00;136,00;128,00;Geprueft
2013-01-18;130,00;136,00;125,00;Geprueft
2013-01-19;122,00;129,00;117,00;Geprueft
2013-01-20;116,00;118,00;112,00;Geprueft
2013-01-21;120,00;128,00;112,00;Geprueft
2013-01-22;117,00;119,00;114,00;Geprueft
2013-01-23;119,00;123,00;113,00;Geprueft
2013-01-24;115,00;117,00;111,00;Geprueft
2013-01-25;115,00;119,00;109,00;Geprueft
2013-01-26;118,00;123,00;110,00;Geprueft
2013-01-27;113,00;118,00;106,00;Geprueft
2013-01-28;111,00;117,00;107,00;Geprueft
2013-01-29;117,00;133,00;108,00;Geprueft
2013-01-30;142,00;169,00;131,00;Geprueft
2013-01-31;160,00;168,00;152,00;Geprueft
2013-02-01;160,00;170,00;149,00;Geprueft
2013-02-02;188,00;211,00;157,00;Geprueft
2013-02-03;208,00;220,00;190,00;Geprueft
2013-02-04;178,00;194,00;165,00;Geprueft
2013-02-05;165,00;175,00;155,00;Geprueft
2013-02-06;171,00;179,00;161,00;Geprueft
2013-02-07;158,00;174,00;146,00;Geprueft
2013-02-08;151,00;163,00;139,00;Geprueft
2013-02-09;143,00;146,00;139,00;Geprueft
2013-02-10;142,00;148,00;137,00;Geprueft
2013-02-11;138,00;146,00;129,00;Geprueft
2013-02-12;129,00;134,00;125,00;Geprueft
2013-02-13;126,00;132,00;119,00;Geprueft
2013-02-14;133,00;137,00;128,00;Geprueft
2013-02-15;126,00;130,00;115,00;Geprueft
2013-02-16;124,00;137,00;118,00;Geprueft
2013-02-17;124,00;126,00;123,00;Geprueft
2013-02-18;122,00;126,00;118,00;Geprueft
2013-02-19;122,00;126,00;117,00;Geprueft
2013-02-20;118,00;123,00;110,00;Geprueft
2013-02-21;116,00;124,00;108,00;Geprueft
2013-02-22;114,00;117,00;106,00;Geprueft
2013-02-23;117,00;122,00;109,00;Geprueft
2013-02-24;118,00;124,00;110,00;Geprueft
2013-02-25;117,00;121,00;105,00;Geprueft
2013-02-26;107,00;111,00;103,00;Geprueft
2013-02-27;108,00;114,00;104,00;Geprueft
2013-02-28;107,00;111,00;104,00;Geprueft
2013-03-01;109,00;112,00;103,00;Geprueft
2013-03-02;109,00;113,00;105,00;Geprueft
2013-03-03;113,00;119,00;106,00;Geprueft
2013-03-04;107,00;113,00;104,00;Geprueft
2013-03-05;108,00;112,00;105,00;Geprueft
2013-03-06;115,00;120,00;108,00;Geprueft
2013-03-07;120,00;125,00;116,00;Geprueft
2013-03-08;143,00;152,00;124,00;Geprueft
2013-03-09;141,00;153,00;135,00;Geprueft
2013-03-10;140,00;145,00;132,00;Geprueft
2013-03-11;142,00;147,00;133,00;Geprueft
2013-03-12;137,00;143,00;132,00;Geprueft
2013-03-13;136,00;141,00;130,00;Geprueft
2013-03-14;131,00;137,00;123,00;Geprueft
2013-03-15;126,00;131,00;116,00;Geprueft
2013-03-16;119,00;121,00;110,00;Geprueft
2013-03-17;117,00;121,00;109,00;Geprueft
2013-03-18;117,00;122,00;109,00;Geprueft
2013-03-19;116,00;121,00;110,00;Geprueft
2013-03-20;116,00;122,00;110,00;Geprueft
2013-03-21;109,00;118,00;105,00;Geprueft
2013-03-22;113,00;119,00;106,00;Geprueft
2013-03-23;112,00;115,00;104,00;Geprueft
2013-03-24;108,00;113,00;105,00;Geprueft
2013-03-25;108,00;114,00;104,00;Geprueft
2013-03-26;104,00;106,00;100,00;Geprueft
2013-03-27;102,00;105,00;99,00;Geprueft
2013-03-28;105,00;107,00;102,00;Geprueft
2013-03-29;107,00;109,00;102,00;Geprueft
2013-03-30;109,00;113,00;103,00;Geprueft
2013-03-31;118,00;126,00;112,00;Geprueft
2013-04-01;118,00;129,00;111,00;Geprueft
2013-04-02;113,00;120,00;104,00;Geprueft
2013-04-03;115,00;120,00;108,00;Geprueft
2013-04-04;111,00;128,00;105,00;Geprueft
2013-04-05;109,00;114,00;103,00;Geprueft
2013-04-06;114,00;120,00;111,00;Geprueft
2013-04-07;112,00;122,00;108,00;Geprueft
2013-04-08;109,00;115,00;106,00;Geprueft
2013-04-09;107,00;116,00;102,00;Geprueft
2013-04-10;106,00;117,00;102,00;Geprueft
2013-04-11;110,00;116,00;106,00;Geprueft
2013-04-12;113,00;119,00;106,00;Geprueft
2013-04-13;116,00;120,00;112,00;Geprueft
2013-04-14;120,00;125,00;114,00;Geprueft
2013-04-15;120,00;126,00;115,00;Geprueft
2013-04-16;120,00;125,00;114,00;Geprueft
2013-04-17;130,00;135,00;125,00;Geprueft
2013-04-18;133,00;142,00;126,00;Geprueft
2013-04-19;132,00;137,00;129,00;Geprueft
2013-04-20;142,00;156,00;129,00;Geprueft
2013-04-21;144,00;153,00;139,00;Geprueft
2013-04-22;139,00;151,00;130,00;Geprueft
2013-04-23;126,00;131,00;118,00;Geprueft
2013-04-24;113,00;118,00;107,00;Geprueft
2013-04-25;121,00;126,00;112,00;Geprueft
2013-04-26;118,00;124,00;111,00;Geprueft
2013-04-27;123,00;131,00;117,00;Geprueft
2013-04-28;129,00;134,00;119,00;Geprueft
2013-04-29;116,00;122,00;107,00;Geprueft
2013-04-30;115,00;121,00;108,00;Geprueft
2013-05-01;120,00;127,00;112,00;Geprueft
2013-05-02;115,00;119,00;110,00;Geprueft
2013-05-03;116,00;120,00;112,00;Geprueft
2013-05-04;129,00;137,00;116,00;Geprueft
2013-05-05;130,00;138,00;117,00;Geprueft
2013-05-06;120,00;125,00;114,00;Geprueft
2013-05-07;122,00;125,00;119,00;Geprueft
2013-05-08;126,00;130,00;121,00;Geprueft
2013-05-09;119,00;135,00;103,00;Geprueft
2013-05-10;118,00;129,00;105,00;Geprueft
2013-05-11;135,00;149,00;117,00;Geprueft
2013-05-12;145,00;153,00;130,00;Geprueft
2013-05-13;136,00;139,00;133,00;Geprueft
2013-05-14;136,00;142,00;129,00;Geprueft
2013-05-15;129,00;136,00;124,00;Geprueft
2013-05-16;127,00;134,00;122,00;Geprueft
2013-05-17;122,00;125,00;119,00;Geprueft
2013-05-18;125,00;132,00;117,00;Geprueft
2013-05-19;120,00;130,00;109,00;Geprueft
2013-05-20;111,00;120,00;102,00;Geprueft
2013-05-21;112,00;119,00;105,00;Geprueft
2013-05-22;123,00;132,00;114,00;Geprueft
2013-05-23;131,00;134,00;127,00;Geprueft
2013-05-24;132,00;135,00;127,00;Geprueft
2013-05-25;122,00;135,00;113,00;Geprueft
2013-05-26;121,00;134,00;104,00;Geprueft
2013-05-27;125,00;138,00;105,00;Geprueft
2013-05-28;132,00;141,00;121,00;Geprueft
2013-05-29;127,00;139,00;114,00;Geprueft
2013-05-30;127,00;143,00;115,00;Geprueft
2013-05-31;160,00;200,00;141,00;Geprueft
2013-06-01;269,00;318,00;200,00;Geprueft
2013-06-02;363,00;421,00;316,00;Geprueft
2013-06-03;445,00;494,00;398,00;Geprueft
2013-06-04;482,00;495,00;451,00;Geprueft
2013-06-05;433,00;461,00;407,00;Geprueft
2013-06-06;358,00;407,00;329,00;Geprueft
2013-06-07;283,00;329,00;243,00;Geprueft
2013-06-08;232,00;247,00;212,00;Geprueft
2013-06-09;220,00;229,00;198,00;Geprueft
2013-06-10;211,00;217,00;202,00;Geprueft
2013-06-11;199,00;213,00;184,00;Geprueft
2013-06-12;181,00;189,00;169,00;Geprueft
2013-06-13;172,00;182,00;155,00;Geprueft
2013-06-14;172,00;178,00;169,00;Geprueft
2013-06-15;167,00;175,00;156,00;Geprueft
2013-06-16;155,00;161,00;147,00;Geprueft
2013-06-17;144,00;160,00;133,00;Geprueft
2013-06-18;149,00;168,00;135,00;Geprueft
2013-06-19;138,00;145,00;129,00;Geprueft
2013-06-20;139,00;144,00;135,00;Geprueft
2013-06-21;148,00;158,00;142,00;Geprueft
2013-06-22;148,00;153,00;141,00;Geprueft
2013-06-23;144,00;148,00;139,00;Geprueft
2013-06-24;146,00;153,00;133,00;Geprueft
2013-06-25;154,00;162,00;145,00;Geprueft
2013-06-26;160,00;173,00;148,00;Geprueft
2013-06-27;170,00;176,00;161,00;Geprueft
2013-06-28;163,00;176,00;145,00;Geprueft
2013-06-29;137,00;151,00;130,00;Geprueft
2013-06-30;147,00;168,00;135,00;Geprueft
2013-07-01;134,00;137,00;130,00;Geprueft
2013-07-02;131,00;138,00;125,00;Geprueft
2013-07-03;128,00;148,00;117,00;Geprueft
2013-07-04;134,00;139,00;130,00;Geprueft
2013-07-05;135,00;145,00;128,00;Geprueft
2013-07-06;146,00;164,00;132,00;Geprueft
2013-07-07;142,00;163,00;130,00;Geprueft
2013-07-08;124,00;151,00;112,00;Geprueft
2013-07-09;115,00;122,00;110,00;Geprueft
2013-07-10;124,00;131,00;117,00;Geprueft
2013-07-11;124,00;133,00;118,00;Geprueft
2013-07-12;118,00;121,00;115,00;Geprueft
2013-07-13;122,00;125,00;118,00;Geprueft
2013-07-14;115,00;118,00;112,00;Geprueft
2013-07-15;114,00;121,00;107,00;Geprueft
2013-07-16;107,00;111,00;103,00;Geprueft
2013-07-17;108,00;117,00;98,00;Geprueft
2013-07-18;107,00;113,00;102,00;Geprueft
2013-07-19;112,00;114,00;108,00;Geprueft
2013-07-20;114,00;118,00;110,00;Geprueft
2013-07-21;112,00;116,00;106,00;Geprueft
2013-07-22;104,00;108,00;101,00;Geprueft
2013-07-23;101,00;103,00;98,00;Geprueft
2013-07-24;104,00;106,00;100,00;Geprueft
2013-07-25;103,00;108,00;100,00;Geprueft
2013-07-26;101,00;105,00;99,00;Geprueft
2013-07-27;108,00;112,00;104,00;Geprueft
2013-07-28;107,00;111,00;98,00;Geprueft
2013-07-29;100,00;102,00;97,00;Geprueft
2013-07-30;104,00;111,00;98,00;Geprueft
2013-07-31;102,00;107,00;99,00;Geprueft
2013-08-01;100,00;104,00;98,00;Geprueft
2013-08-02;102,00;103,00;99,00;Geprueft
2013-08-03;101,00;102,00;99,00;Geprueft
2013-08-04;103,00;106,00;99,00;Geprueft
2013-08-05;102,00;105,00;99,00;Geprueft
2013-08-06;101,00;103,00;99,00;Geprueft
2013-08-07;100,00;104,00;96,00;Geprueft
2013-08-08;102,00;105,00;100,00;Geprueft
2013-08-09;104,00;109,00;101,00;Geprueft
2013-08-10;114,00;121,00;105,00;Geprueft
2013-08-11;114,00;116,00;109,00;Geprueft
2013-08-12;103,00;110,00;99,00;Geprueft
2013-08-13;102,00;103,00;98,00;Geprueft
2013-08-14;101,00;104,00;98,00;Geprueft
2013-08-15;102,00;105,00;99,00;Geprueft
2013-08-16;103,00;107,00;101,00;Geprueft
2013-08-17;102,00;103,00;100,00;Geprueft
2013-08-18;101,00;103,00;99,00;Geprueft
2013-08-19;101,00;106,00;97,00;Geprueft
2013-08-20;106,00;108,00;103,00;Geprueft
2013-08-21;105,00;107,00;103,00;Geprueft
2013-08-22;105,00;107,00;100,00;Geprueft
2013-08-23;99,00;103,00;95,00;Geprueft
2013-08-24;101,00;106,00;94,00;Geprueft
2013-08-25;101,00;114,00;96,00;Geprueft
2013-08-26;120,00;132,00;114,00;Geprueft
2013-08-27;119,00;129,00;109,00;Geprueft
2013-08-28;114,00;126,00;105,00;Geprueft
2013-08-29;129,00;139,00;119,00;Geprueft
2013-08-30;123,00;131,00;112,00;Geprueft
2013-08-31;114,00;117,00;110,00;Geprueft
2013-09-01;106,00;112,00;99,00;Geprueft
2013-09-02;112,00;117,00;101,00;Geprueft
2013-09-03;106,00;113,00;101,00;Geprueft
2013-09-04;106,00;112,00;99,00;Geprueft
2013-09-05;106,00;108,00;102,00;Geprueft
2013-09-06;104,00;107,00;101,00;Geprueft
2013-09-07;108,00;112,00;104,00;Geprueft
2013-09-08;111,00;115,00;104,00;Geprueft
2013-09-09;105,00;109,00;101,00;Geprueft
2013-09-10;106,00;112,00;102,00;Geprueft
2013-09-11;108,00;114,00;105,00;Geprueft
2013-09-12;109,00;113,00;105,00;Geprueft
2013-09-13;130,00;152,00;112,00;Geprueft
2013-09-14;143,00;166,00;136,00;Geprueft
2013-09-15;133,00;138,00;128,00;Geprueft
2013-09-16;123,00;139,00;110,00;Geprueft
2013-09-17;121,00;135,00;114,00;Geprueft
2013-09-18;136,00;146,00;116,00;Geprueft
2013-09-19;163,00;175,00;137,00;Geprueft
2013-09-20;171,00;174,00;165,00;Geprueft
2013-09-21;164,00;172,00;155,00;Geprueft
2013-09-22;162,00;172,00;141,00;Geprueft
2013-09-23;126,00;143,00;115,00;Geprueft
2013-09-24;124,00;133,00;116,00;Geprueft
2013-09-25;121,00;126,00;117,00;Geprueft
2013-09-26;124,00;128,00;110,00;Geprueft
2013-09-27;123,00;130,00;116,00;Geprueft
2013-09-28;123,00;128,00;119,00;Geprueft
2013-09-29;130,00;137,00;123,00;Geprueft
2013-09-30;117,00;131,00;107,00;Geprueft
2013-10-01;113,00;115,00;109,00;Geprueft
2013-10-02;115,00;117,00;111,00;Geprueft
2013-10-03;119,00;128,00;111,00;Geprueft
2013-10-04;118,00;123,00;112,00;Geprueft
2013-10-05;110,00;115,00;105,00;Geprueft
2013-10-06;112,00;116,00;106,00;Geprueft
2013-10-07;110,00;116,00;103,00;Geprueft
2013-10-08;109,00;115,00;105,00;Geprueft
2013-10-09;111,00;116,00;106,00;Geprueft
2013-10-10;110,00;114,00;105,00;Geprueft
2013-10-11;119,00;128,00;106,00;Geprueft
2013-10-12;134,00;139,00;128,00;Geprueft
2013-10-13;130,00;137,00;124,00;Geprueft
2013-10-14;127,00;133,00;119,00;Geprueft
2013-10-15;126,00;135,00;118,00;Geprueft
2013-10-16;147,00;186,00;118,00;Geprueft
2013-10-17;161,00;183,00;148,00;Geprueft
2013-10-18;134,00;149,00;128,00;Geprueft
2013-10-19;134,00;139,00;128,00;Geprueft
2013-10-20;128,00;136,00;121,00;Geprueft
2013-10-21;122,00;127,00;118,00;Geprueft
2013-10-22;121,00;124,00;119,00;Geprueft
2013-10-23;116,00;123,00;109,00;Geprueft
2013-10-24;120,00;132,00;116,00;Geprueft
2013-10-25;118,00;121,00;114,00;Geprueft
2013-10-26;115,00;118,00;105,00;Geprueft
2013-10-27;112,00;116,00;100,00;Geprueft
2013-10-28;109,00;112,00;105,00;Geprueft
2013-10-29;110,00;116,00;105,00;Geprueft
2013-10-30;111,00;120,00;103,00;Geprueft
2013-10-31;112,00;120,00;104,00;Geprueft
2013-11-01;113,00;119,00;105,00;Geprueft
2013-11-02;108,00;114,00;102,00;Geprueft
2013-11-03;109,00;113,00;103,00;Geprueft
2013-11-04;109,00;114,00;104,00;Geprueft
2013-11-05;113,00;121,00;106,00;Geprueft
2013-11-06;110,00;115,00;101,00;Geprueft
2013-11-07;112,00;116,00;104,00;Geprueft
2013-11-08;119,00;131,00;108,00;Geprueft
2013-11-09;113,00;118,00;104,00;Geprueft
2013-11-10;122,00;128,00;104,00;Geprueft
2013-11-11;126,00;128,00;118,00;Geprueft
2013-11-12;127,00;132,00;122,00;Geprueft
2013-11-13;119,00;127,00;108,00;Geprueft
2013-11-14;113,00;122,00;108,00;Geprueft
2013-11-15;115,00;122,00;108,00;Geprueft
2013-11-16;121,00;125,00;115,00;Geprueft
2013-11-17;113,00;119,00;102,00;Geprueft
2013-11-18;114,00;119,00;108,00;Geprueft
2013-11-19;112,00;117,00;105,00;Geprueft
2013-11-20;109,00;113,00;104,00;Geprueft
2013-11-21;111,00;119,00;105,00;Geprueft
2013-11-22;110,00;113,00;103,00;Geprueft
2013-11-23;108,00;115,00;100,00;Geprueft
2013-11-24;110,00;114,00;103,00;Geprueft
2013-11-25;108,00;115,00;102,00;Geprueft
2013-11-26;111,00;124,00;102,00;Geprueft
2013-11-27;118,00;121,00;113,00;Geprueft
2013-11-28;117,00;122,00;109,00;Geprueft
2013-11-29;114,00;115,00;111,00;Geprueft
2013-11-30;111,00;119,00;103,00;Geprueft
2013-12-01;106,00;112,00;100,00;Geprueft
2013-12-02;106,00;113,00;101,00;Geprueft
2013-12-03;104,00;111,00;100,00;Geprueft
2013-12-04;103,00;107,00;100,00;Geprueft
2013-12-05;110,00;115,00;103,00;Geprueft
2013-12-06;107,00;113,00;100,00;Geprueft
2013-12-07;106,00;111,00;98,00;Geprueft
2013-12-08;107,00;114,00;100,00;Geprueft
2013-12-09;104,00;110,00;100,00;Geprueft
2013-12-10;103,00;108,00;99,00;Geprueft
2013-12-11;102,00;107,00;98,00;Geprueft
2013-12-12;104,00;109,00;99,00;Geprueft
2013-12-13;103,00;108,00;100,00;Geprueft
2013-12-14;108,00;116,00;101,00;Geprueft
2013-12-15;105,00;109,00;100,00;Geprueft
2013-12-16;104,00;112,00;96,00;Geprueft
2013-12-17;100,00;108,00;95,00;Geprueft
2013-12-18;103,00;108,00;95,00;Geprueft
2013-12-19;96,00;100,00;90,00;Geprueft
2013-12-20;98,00;102,00;94,00;Geprueft
2013-12-21;98,00;102,00;92,00;Geprueft
2013-12-22;95,00;102,00;91,00;Geprueft
2013-12-23;96,00;101,00;92,00;Geprueft
2013-12-24;98,00;101,00;95,00;Geprueft
2013-12-25;96,00;98,00;93,00;Geprueft
2013-12-26;98,00;102,00;93,00;Geprueft
2013-12-27;96,00;101,00;92,00;Geprueft
2013-12-28;99,00;102,00;95,00;Geprueft
2013-12-29;97,00;102,00;90,00;Geprueft
2013-12-30;96,00;105,00;91,00;Geprueft
2013-12-31;96,00;100,00;93,00;Geprueft
2014-01-01;97,00;102,00;93,00;Geprueft
2014-01-02;97,00;101,00;93,00;Geprueft
2014-01-03;96,00;98,00;91,00;Geprueft
2014-01-04;96,00;100,00;90,00;Geprueft
2014-01-05;95,00;98,00;92,00;Geprueft
2014-01-06;95,00;98,00;91,00;Geprueft
2014-01-07;98,00;101,00;93,00;Geprueft
2014-01-08;99,00;102,00;94,00;Geprueft
2014-01-09;98,00;101,00;97,00;Geprueft
2014-01-10;101,00;104,00;98,00;Geprueft
2014-01-11;105,00;109,00;100,00;Geprueft
2014-01-12;103,00;115,00;97,00;Geprueft
2014-01-13;100,00;106,00;97,00;Geprueft
2014-01-14;97,00;101,00;93,00;Geprueft
2014-01-15;101,00;107,00;97,00;Geprueft
2014-01-16;108,00;112,00;106,00;Geprueft
2014-01-17;107,00;111,00;104,00;Geprueft
2014-01-18;106,00;108,00;105,00;Geprueft
2014-01-19;106,00;108,00;100,00;Geprueft
2014-01-20;103,00;107,00;99,00;Geprueft
2014-01-21;105,00;115,00;102,00;Geprueft
2014-01-22;116,00;123,00;112,00;Geprueft
2014-01-23;114,00;122,00;108,00;Geprueft
2014-01-24;111,00;114,00;105,00;Geprueft
2014-01-25;106,00;112,00;97,00;Geprueft
2014-01-26;102,00;107,00;97,00;Geprueft
2014-01-27;106,00;113,00;99,00;Geprueft
2014-01-28;104,00;113,00;99,00;Geprueft
2014-01-29;103,00;108,00;100,00;Geprueft
2014-01-30;106,00;111,00;99,00;Geprueft
2014-01-31;104,00;106,00;101,00;Geprueft
2014-02-01;102,00;107,00;98,00;Geprueft
2014-02-02;101,00;105,00;99,00;Geprueft
2014-02-03;101,00;103,00;99,00;Geprueft
2014-02-04;101,00;106,00;97,00;Geprueft
2014-02-05;101,00;106,00;96,00;Geprueft
2014-02-06;99,00;102,00;96,00;Geprueft
2014-02-07;103,00;106,00;98,00;Geprueft
2014-02-08;104,00;109,00;97,00;Geprueft
2014-02-09;102,00;106,00;99,00;Geprueft
2014-02-10;106,00;109,00;101,00;Geprueft
2014-02-11;101,00;106,00;96,00;Geprueft
2014-02-12;100,00;104,00;95,00;Geprueft
2014-02-13;101,00;105,00;97,00;Geprueft
2014-02-14;100,00;109,00;95,00;Geprueft
2014-02-15;100,00;104,00;95,00;Geprueft
2014-02-16;100,00;102,00;95,00;Geprueft
2014-02-17;98,00;101,00;94,00;Geprueft
2014-02-18;97,00;99,00;94,00;Geprueft
2014-02-19;99,00;100,00;95,00;Geprueft
2014-02-20;98,00;101,00;95,00;Geprueft
2014-02-21;99,00;101,00;96,00;Geprueft
2014-02-22;100,00;103,00;96,00;Geprueft
2014-02-23;100,00;102,00;96,00;Geprueft
2014-02-24;99,00;102,00;97,00;Geprueft
2014-02-25;98,00;101,00;94,00;Geprueft
2014-02-26;97,00;101,00;94,00;Geprueft
2014-02-27;99,00;101,00;97,00;Geprueft
2014-02-28;97,00;100,00;94,00;Geprueft
2014-03-01;95,00;99,00;92,00;Geprueft
2014-03-02;95,00;98,00;92,00;Geprueft
2014-03-03;96,00;99,00;93,00;Geprueft
2014-03-04;94,00;97,00;91,00;Geprueft
2014-03-05;95,00;102,00;91,00;Geprueft
2014-03-06;97,00;101,00;93,00;Geprueft
2014-03-07;97,00;100,00;94,00;Geprueft
2014-03-08;97,00;99,00;94,00;Geprueft
2014-03-09;95,00;98,00;91,00;Geprueft
2014-03-10;95,00;101,00;92,00;Geprueft
2014-03-11;97,00;102,00;92,00;Geprueft
2014-03-12;96,00;100,00;90,00;Geprueft
2014-03-13;93,00;95,00;91,00;Geprueft
2014-03-14;93,00;96,00;92,00;Geprueft
2014-03-15;94,00;98,00;92,00;Geprueft
2014-03-16;95,00;98,00;91,00;Geprueft
2014-03-17;93,00;98,00;90,00;Geprueft
2014-03-18;93,00;95,00;89,00;Geprueft
2014-03-19;93,00;99,00;88,00;Geprueft
2014-03-20;93,00;96,00;91,00;Geprueft
2014-03-21;95,00;98,00;92,00;Geprueft
2014-03-22;97,00;99,00;93,00;Geprueft
2014-03-23;97,00;99,00;93,00;Geprueft
2014-03-24;102,00;105,00;98,00;Geprueft
2014-03-25;102,00;105,00;98,00;Geprueft
2014-03-26;99,00;102,00;94,00;Geprueft
2014-03-27;101,00;107,00;94,00;Geprueft
2014-03-28;101,00;103,00;95,00;Geprueft
2014-03-29;100,00;102,00;96,00;Geprueft
2014-03-30;99,00;100,00;95,00;Geprueft
2014-03-31;99,00;103,00;94,00;Geprueft
2014-04-01;100,00;102,00;98,00;Geprueft
2014-04-02;102,00;103,00;98,00;Geprueft
2014-04-03;100,00;102,00;97,00;Geprueft
2014-04-04;98,00;100,00;94,00;Geprueft
2014-04-05;97,00;99,00;94,00;Geprueft
2014-04-06;97,00;98,00;96,00;Geprueft
2014-04-07;96,00;100,00;93,00;Geprueft
2014-04-08;101,00;104,00;95,00;Geprueft
2014-04-09;97,00;100,00;95,00;Geprueft
2014-04-10;97,00;100,00;94,00;Geprueft
2014-04-11;98,00;100,00;95,00;Geprueft
2014-04-12;98,00;101,00;96,00;Geprueft
2014-04-13;97,00;99,00;93,00;Geprueft
2014-04-14;96,00;99,00;92,00;Geprueft
2014-04-15;98,00;101,00;94,00;Geprueft
2014-04-16;102,00;104,00;97,00;Geprueft
2014-04-17;99,00;101,00;97,00;Geprueft
2014-04-18;99,00;101,00;93,00;Geprueft
2014-04-19;96,00;100,00;93,00;Geprueft
2014-04-20;101,00;105,00;95,00;Geprueft
2014-04-21;99,00;102,00;97,00;Geprueft
2014-04-22;103,00;108,00;99,00;Geprueft
2014-04-23;104,00;108,00;102,00;Geprueft
2014-04-24;102,00;106,00;100,00;Geprueft
2014-04-25;103,00;106,00;98,00;Geprueft
2014-04-26;100,00;104,00;97,00;Geprueft
2014-04-27;101,00;103,00;98,00;Geprueft
2014-04-28;101,00;103,00;96,00;Geprueft
2014-04-29;99,00;106,00;95,00;Geprueft
2014-04-30;102,00;106,00;99,00;Geprueft
2014-05-01;104,00;111,00;99,00;Geprueft
2014-05-02;110,00;114,00;107,00;Geprueft
2014-05-03;118,00;127,00;109,00;Geprueft
2014-05-04;122,00;126,00;117,00;Geprueft
2014-05-05;122,00;127,00;115,00;Geprueft
2014-05-06;117,00;120,00;113,00;Geprueft
2014-05-07;108,00;114,00;102,00;Geprueft
2014-05-08;113,00;118,00;103,00;Geprueft
2014-05-09;115,00;121,00;112,00;Geprueft
2014-05-10;109,00;117,00;104,00;Geprueft
2014-05-11;107,00;113,00;104,00;Geprueft
2014-05-12;107,00;113,00;102,00;Geprueft
2014-05-13;106,00;113,00;102,00;Geprueft
2014-05-14;110,00;119,00;102,00;Geprueft
2014-05-15;120,00;125,00;113,00;Geprueft
2014-05-16;115,00;122,00;111,00;Geprueft
2014-05-17;119,00;122,00;116,00;Geprueft
2014-05-18;117,00;119,00;114,00;Geprueft
2014-05-19;112,00;118,00;107,00;Geprueft
2014-05-20;111,00;115,00;107,00;Geprueft
2014-05-21;112,00;114,00;104,00;Geprueft
2014-05-22;109,00;115,00;105,00;Geprueft
2014-05-23;112,00;120,00;100,00;Geprueft
2014-05-24;105,00;110,00;101,00;Geprueft
2014-05-25;104,00;108,00;100,00;Geprueft
2014-05-26;101,00;105,00;98,00;Geprueft
2014-05-27;109,00;112,00;105,00;Geprueft
2014-05-28;113,00;119,00;106,00;Geprueft
2014-05-29;112,00;119,00;101,00;Geprueft
2014-05-30;108,00;114,00;102,00;Geprueft
2014-05-31;111,00;114,00;107,00;Geprueft
2014-06-01;111,00;116,00;103,00;Geprueft
2014-06-02;106,00;111,00;100,00;Geprueft
2014-06-03;104,00;109,00;101,00;Geprueft
2014-06-04;104,00;109,00;99,00;Geprueft
2014-06-05;105,00;113,00;102,00;Geprueft
2014-06-06;102,00;110,00;98,00;Geprueft
2014-06-07;100,00;102,00;95,00;Geprueft
2014-06-08;98,00;100,00;95,00;Geprueft
2014-06-09;99,00;102,00;96,00;Geprueft
2014-06-10;97,00;99,00;95,00;Geprueft
2014-06-11;97,00;102,00;92,00;Geprueft
2014-06-12;98,00;101,00;93,00;Geprueft
2014-06-13;101,00;106,00;93,00;Geprueft
2014-06-14;101,00;104,00;97,00;Geprueft
2014-06-15;101,00;103,00;98,00;Geprueft
2014-06-16;99,00;102,00;95,00;Geprueft
2014-06-17;97,00;99,00;95,00;Geprueft
2014-06-18;97,00;102,00;94,00;Geprueft
2014-06-19;97,00;101,00;95,00;Geprueft
2014-06-20;97,00;102,00;94,00;Geprueft
2014-06-21;96,00;98,00;93,00;Geprueft
2014-06-22;96,00;97,00;95,00;Geprueft
2014-06-23;96,00;98,00;95,00;Geprueft
2014-06-24;95,00;97,00;94,00;Geprueft
2014-06-25;99,00;103,00;96,00;Geprueft
2014-06-26;98,00;103,00;95,00;Geprueft
2014-06-27;98,00;101,00;95,00;Geprueft
2014-06-28;100,00;103,00;98,00;Geprueft
2014-06-29;98,00;101,00;94,00;Geprueft
2014-06-30;104,00;109,00;98,00;Geprueft
2014-07-01;112,00;117,00;109,00;Geprueft
2014-07-02;109,00;114,00;104,00;Geprueft
2014-07-03;107,00;112,00;103,00;Geprueft
2014-07-04;110,00;114,00;106,00;Geprueft
2014-07-05;107,00;110,00;102,00;Geprueft
2014-07-06;100,00;106,00;95,00;Geprueft
2014-07-07;96,00;99,00;91,00;Geprueft
2014-07-08;100,00;110,00;96,00;Geprueft
2014-07-09;125,00;138,00;109,00;Geprueft
2014-07-10;124,00;132,00;118,00;Geprueft
2014-07-11;121,00;126,00;116,00;Geprueft
2014-07-12;125,00;132,00;116,00;Geprueft
2014-07-13;134,00;137,00;129,00;Geprueft
2014-07-14;130,00;133,00;125,00;Geprueft
2014-07-15;123,00;131,00;117,00;Geprueft
2014-07-16;117,00;122,00;115,00;Geprueft
2014-07-17;113,00;117,00;105,00;Geprueft
2014-07-18;107,00;114,00;101,00;Geprueft
2014-07-19;103,00;106,00;101,00;Geprueft
2014-07-20;104,00;106,00;100,00;Geprueft
2014-07-21;105,00;126,00;98,00;Geprueft
2014-07-22;143,00;151,00;126,00;Geprueft
2014-07-23;133,00;146,00;106,00;Geprueft
2014-07-24;126,00;132,00;122,00;Geprueft
2014-07-25;119,00;125,00;111,00;Geprueft
2014-07-26;111,00;119,00;105,00;Geprueft
2014-07-27;123,00;137,00;104,00;Geprueft
2014-07-28;132,00;135,00;129,00;Geprueft
2014-07-29;129,00;132,00;126,00;Geprueft
2014-07-30;131,00;140,00;126,00;Geprueft
2014-07-31;153,00;173,00;134,00;Geprueft
2014-08-01;201,00;222,00;159,00;Geprueft
2014-08-02;198,00;202,00;192,00;Geprueft
2014-08-03;194,00;200,00;186,00;Geprueft
2014-08-04;190,00;213,00;169,00;Geprueft
2014-08-05;193,00;207,00;175,00;Geprueft
2014-08-06;189,00;200,00;169,00;Geprueft
2014-08-07;157,00;174,00;138,00;Geprueft
2014-08-08;142,00;146,00;135,00;Geprueft
2014-08-09;132,00;139,00;126,00;Geprueft
2014-08-10;130,00;135,00;126,00;Geprueft
2014-08-11;132,00;135,00;127,00;Geprueft
2014-08-12;132,00;136,00;127,00;Geprueft
2014-08-13;138,00;143,00;132,00;Geprueft
2014-08-14;140,00;150,00;134,00;Geprueft
2014-08-15;146,00;150,00;138,00;Geprueft
2014-08-16;137,00;146,00;125,00;Geprueft
2014-08-17;133,00;145,00;124,00;Geprueft
2014-08-18;124,00;132,00;116,00;Geprueft
2014-08-19;120,00;122,00;116,00;Geprueft
2014-08-20;120,00;124,00;115,00;Geprueft
2014-08-21;116,00;122,00;112,00;Geprueft
2014-08-22;117,00;125,00;110,00;Geprueft
2014-08-23;109,00;115,00;102,00;Geprueft
2014-08-24;105,00;108,00;102,00;Geprueft
2014-08-25;106,00;116,00;102,00;Geprueft
2014-08-26;108,00;127,00;101,00;Geprueft
2014-08-27;119,00;127,00;111,00;Geprueft
2014-08-28;116,00;124,00;106,00;Geprueft
2014-08-29;110,00;120,00;104,00;Geprueft
2014-08-30;108,00;115,00;100,00;Geprueft
2014-08-31;108,00;111,00;103,00;Geprueft
2014-09-01;127,00;139,00;110,00;Geprueft
2014-09-02;131,00;140,00;126,00;Geprueft
2014-09-03;136,00;139,00;130,00;Geprueft
2014-09-04;132,00;134,00;129,00;Geprueft
2014-09-05;125,00;137,00;111,00;Geprueft
2014-09-06;122,00;125,00;120,00;Geprueft
2014-09-07;120,00;124,00;112,00;Geprueft
2014-09-08;117,00;121,00;112,00;Geprueft
2014-09-09;118,00;122,00;113,00;Geprueft
2014-09-10;115,00;122,00;111,00;Geprueft
2014-09-11;112,00;120,00;104,00;Geprueft
2014-09-12;115,00;123,00;106,00;Geprueft
2014-09-13;121,00;126,00;114,00;Geprueft
2014-09-14;118,00;123,00;111,00;Geprueft
2014-09-15;120,00;125,00;113,00;Geprueft
2014-09-16;115,00;121,00;107,00;Geprueft
2014-09-17;114,00;117,00;110,00;Geprueft
2014-09-18;106,00;110,00;103,00;Geprueft
2014-09-19;108,00;112,00;104,00;Geprueft
2014-09-20;108,00;112,00;104,00;Geprueft
2014-09-21;111,00;115,00;107,00;Geprueft
2014-09-22;117,00;121,00;108,00;Geprueft
2014-09-23;115,00;118,00;111,00;Geprueft
2014-09-24;113,00;116,00;105,00;Geprueft
2014-09-25;111,00;116,00;105,00;Geprueft
2014-09-26;112,00;115,00;109,00;Geprueft
2014-09-27;110,00;115,00;100,00;Geprueft
2014-09-28;107,00;117,00;98,00;Geprueft
2014-09-29;104,00;111,00;96,00;Geprueft
2014-09-30;105,00;113,00;98,00;Geprueft
2014-10-01;108,00;116,00;101,00;Geprueft
2014-10-02;115,00;121,00;109,00;Geprueft
2014-10-03;114,00;117,00;108,00;Geprueft
2014-10-04;108,00;112,00;101,00;Geprueft
2014-10-05;104,00;106,00;100,00;Geprueft
2014-10-06;104,00;107,00;100,00;Geprueft
2014-10-07;104,00;107,00;102,00;Geprueft
2014-10-08;103,00;106,00;99,00;Geprueft
2014-10-09;106,00;112,00;100,00;Geprueft
2014-10-10;103,00;105,00;101,00;Geprueft
2014-10-11;104,00;107,00;102,00;Geprueft
2014-10-12;102,00;106,00;94,00;Geprueft
2014-10-13;101,00;105,00;99,00;Geprueft
2014-10-14;100,00;102,00;97,00;Geprueft
2014-10-15;100,00;102,00;98,00;Geprueft
2014-10-16;101,00;104,00;99,00;Geprueft
2014-10-17;103,00;110,00;99,00;Geprueft
2014-10-18;106,00;108,00;102,00;Geprueft
2014-10-19;104,00;109,00;96,00;Geprueft
2014-10-20;100,00;102,00;97,00;Geprueft
2014-10-21;107,00;127,00;98,00;Geprueft
2014-10-22;127,00;132,00;120,00;Geprueft
2014-10-23;151,00;174,00;124,00;Geprueft
2014-10-24;195,00;207,00;169,00;Geprueft
2014-10-25;169,00;185,00;144,00;Geprueft
2014-10-26;148,00;160,00;140,00;Geprueft
2014-10-27;145,00;151,00;139,00;Geprueft
2014-10-28;144,00;148,00;138,00;Geprueft
2014-10-29;138,00;148,00;127,00;Geprueft
2014-10-30;124,00;130,00;118,00;Geprueft
2014-10-31;127,00;133,00;121,00;Geprueft
2014-11-01;124,00;129,00;118,00;Geprueft
2014-11-02;122,00;126,00;117,00;Geprueft
2014-11-03;117,00;123,00;111,00;Geprueft
2014-11-04;114,00;119,00;107,00;Geprueft
2014-11-05;112,00;121,00;104,00;Geprueft
2014-11-06;113,00;122,00;105,00;Geprueft
2014-11-07;123,00;127,00;117,00;Geprueft
2014-11-08;123,00;125,00;120,00;Geprueft
2014-11-09;117,00;122,00;113,00;Geprueft
2014-11-10;112,00;117,00;107,00;Geprueft
2014-11-11;113,00;115,00;108,00;Geprueft
2014-11-12;114,00;117,00;109,00;Geprueft
2014-11-13;111,00;116,00;104,00;Geprueft
2014-11-14;108,00;113,00;102,00;Geprueft
2014-11-15;110,00;112,00;107,00;Geprueft
2014-11-16;106,00;111,00;102,00;Geprueft
2014-11-17;105,00;112,00;98,00;Geprueft
2014-11-18;110,00;116,00;103,00;Geprueft
2014-11-19;116,00;119,00;111,00;Geprueft
2014-11-20;121,00;126,00;113,00;Geprueft
2014-11-21;118,00;127,00;107,00;Geprueft
2014-11-22;109,00;116,00;100,00;Geprueft
2014-11-23;107,00;114,00;99,00;Geprueft
2014-11-24;105,00;110,00;100,00;Geprueft
2014-11-25;104,00;111,00;100,00;Geprueft
2014-11-26;106,00;109,00;102,00;Geprueft
2014-11-27;107,00;110,00;102,00;Geprueft
2014-11-28;107,00;110,00;102,00;Geprueft
2014-11-29;105,00;107,00;102,00;Geprueft
2014-11-30;104,00;107,00;98,00;Geprueft
2014-12-01;102,00;104,00;99,00;Geprueft
2014-12-02;103,00;106,00;98,00;Geprueft
2014-12-03;102,00;106,00;97,00;Geprueft
2014-12-04;101,00;106,00;98,00;Geprueft
2014-12-05;100,00;104,00;93,00;Geprueft
2014-12-06;99,00;104,00;95,00;Geprueft
2014-12-07;97,00;100,00;93,00;Geprueft
2014-12-08;96,00;99,00;94,00;Geprueft
2014-12-09;100,00;104,00;95,00;Geprueft
2014-12-10;98,00;101,00;92,00;Geprueft
2014-12-11;98,00;102,00;95,00;Geprueft
2014-12-12;102,00;107,00;97,00;Geprueft
2014-12-13;97,00;100,00;93,00;Geprueft
2014-12-14;96,00;100,00;93,00;Geprueft
2014-12-15;96,00;100,00;92,00;Geprueft
2014-12-16;94,00;97,00;92,00;Geprueft
2014-12-17;97,00;98,00;93,00;Geprueft
2014-12-18;102,00;109,00;98,00;Geprueft
2014-12-19;107,00;111,00;101,00;Geprueft
2014-12-20;108,00;113,00;104,00;Geprueft
2014-12-21;107,00;117,00;99,00;Geprueft
2014-12-22;104,00;109,00;101,00;Geprueft
2014-12-23;103,00;108,00;98,00;Geprueft
2014-12-24;100,00;103,00;98,00;Geprueft
2014-12-25;100,00;103,00;97,00;Geprueft
2014-12-26;99,00;101,00;93,00;Geprueft
2014-12-27;100,00;102,00;96,00;Geprueft
2014-12-28;101,00;104,00;97,00;Geprueft
2014-12-29;101,00;104,00;97,00;Geprueft
2014-12-30;102,00;106,00;98,00;Geprueft
2014-12-31;101,00;104,00;97,00;Geprueft
2015-01-01;97,00;100,00;94,00;Geprueft
2015-01-02;97,00;100,00;92,00;Geprueft
2015-01-03;102,00;113,00;95,00;Geprueft
2015-01-04;147,00;196,00;113,00;Geprueft
2015-01-05;163,00;201,00;153,00;Geprueft
2015-01-06;140,00;157,00;122,00;Geprueft
2015-01-07;126,00;133,00;119,00;Geprueft
2015-01-08;120,00;128,00;115,00;Geprueft
2015-01-09;122,00;130,00;117,00;Geprueft
2015-01-10;138,00;146,00;129,00;Geprueft
2015-01-11;131,00;149,00;121,00;Geprueft
2015-01-12;154,00;163,00;140,00;Geprueft
2015-01-13;146,00;160,00;131,00;Geprueft
2015-01-14;134,00;146,00;121,00;Geprueft
2015-01-15;122,00;127,00;116,00;Geprueft
2015-01-16;121,00;125,00;115,00;Geprueft
2015-01-17;115,00;119,00;111,00;Geprueft
2015-01-18;117,00;125,00;113,00;Geprueft
2015-01-19;118,00;126,00;113,00;Geprueft
2015-01-20;118,00;123,00;114,00;Geprueft
2015-01-21;110,00;114,00;105,00;Geprueft
2015-01-22;117,00;126,00;108,00;Geprueft
2015-01-23;113,00;119,00;109,00;Geprueft
2015-01-24;109,00;121,00;98,00;Geprueft
2015-01-25;108,00;113,00;99,00;Geprueft
2015-01-26;106,00;115,00;98,00;Geprueft
2015-01-27;106,00;114,00;98,00;Geprueft
2015-01-28;106,00;119,00;98,00;Geprueft
2015-01-29;106,00;112,00;101,00;Geprueft
2015-01-30;113,00;120,00;108,00;Geprueft
2015-01-31;111,00;115,00;104,00;Geprueft
2015-02-01;103,00;109,00;98,00;Geprueft
2015-02-02;103,00;109,00;99,00;Geprueft
2015-02-03;102,00;109,00;98,00;Geprueft
2015-02-04;105,00;110,00;100,00;Geprueft
2015-02-05;103,00;108,00;98,00;Geprueft
2015-02-06;104,00;110,00;99,00;Geprueft
2015-02-07;101,00;104,00;99,00;Geprueft
2015-02-08;101,00;106,00;99,00;Geprueft
2015-02-09;100,00;102,00;96,00;Geprueft
2015-02-10;99,00;100,00;96,00;Geprueft
2015-02-11;100,00;103,00;97,00;Geprueft
2015-02-12;99,00;102,00;97,00;Geprueft
2015-02-13;100,00;104,00;96,00;Geprueft
2015-02-14;99,00;100,00;95,00;Geprueft
2015-02-15;97,00;99,00;92,00;Geprueft
2015-02-16;96,00;98,00;92,00;Geprueft
2015-02-17;98,00;100,00;95,00;Geprueft
2015-02-18;98,00;99,00;97,00;Geprueft
2015-02-19;98,00;100,00;95,00;Geprueft
2015-02-20;98,00;100,00;97,00;Geprueft
2015-02-21;97,00;99,00;94,00;Geprueft
2015-02-22;96,00;98,00;93,00;Geprueft
2015-02-23;97,00;99,00;94,00;Geprueft
2015-02-24;100,00;106,00;95,00;Geprueft
2015-02-25;104,00;108,00;100,00;Geprueft
2015-02-26;103,00;106,00;98,00;Geprueft
2015-02-27;98,00;104,00;94,00;Geprueft
2015-02-28;97,00;98,00;94,00;Geprueft
2015-03-01;100,00;104,00;97,00;Geprueft
2015-03-02;101,00;105,00;99,00;Geprueft
2015-03-03;118,00;124,00;104,00;Geprueft
2015-03-04;115,00;117,00;112,00;Geprueft
2015-03-05;114,00;121,00;104,00;Geprueft
2015-03-06;109,00;115,00;101,00;Geprueft
2015-03-07;104,00;109,00;98,00;Geprueft
2015-03-08;101,00;110,00;95,00;Geprueft
2015-03-09;100,00;105,00;95,00;Geprueft
2015-03-10;103,00;107,00;97,00;Geprueft
2015-03-11;106,00;110,00;100,00;Geprueft
2015-03-12;108,00;113,00;99,00;Geprueft
2015-03-13;105,00;110,00;100,00;Geprueft
2015-03-14;105,00;108,00;99,00;Geprueft
2015-03-15;101,00;105,00;96,00;Geprueft
2015-03-16;102,00;104,00;98,00;Geprueft
2015-03-17;102,00;105,00;96,00;Geprueft
2015-03-18;102,00;107,00;98,00;Geprueft
2015-03-19;102,00;106,00;99,00;Geprueft
2015-03-20;102,00;105,00;95,00;Geprueft
2015-03-21;101,00;105,00;98,00;Geprueft
2015-03-22;106,00;112,00;99,00;Geprueft
2015-03-23;105,00;110,00;99,00;Geprueft
2015-03-24;103,00;105,00;99,00;Geprueft
2015-03-25;102,00;104,00;97,00;Geprueft
2015-03-26;105,00;112,00;98,00;Geprueft
2015-03-27;109,00;113,00;102,00;Geprueft
2015-03-28;104,00;111,00;100,00;Geprueft
2015-03-29;105,00;114,00;98,00;Geprueft
2015-03-30;104,00;113,00;98,00;Geprueft
2015-03-31;116,00;122,00;106,00;Geprueft
2015-04-01;117,00;123,00;111,00;Geprueft
2015-04-02;120,00;121,00;117,00;Geprueft
2015-04-03;123,00;129,00;114,00;Geprueft
2015-04-04;120,00;126,00;113,00;Geprueft
2015-04-05;114,00;120,00;104,00;Geprueft
2015-04-06;113,00;117,00;107,00;Geprueft
2015-04-07;112,00;117,00;105,00;Geprueft
2015-04-08;108,00;115,00;104,00;Geprueft
2015-04-09;109,00;115,00;104,00;Geprueft
2015-04-10;108,00;111,00;103,00;Geprueft
2015-04-11;110,00;118,00;103,00;Geprueft
2015-04-12;113,00;120,00;105,00;Geprueft
2015-04-13;110,00;115,00;100,00;Geprueft
2015-04-14;110,00;114,00;102,00;Geprueft
2015-04-15;109,00;114,00;104,00;Geprueft
2015-04-16;113,00;115,00;109,00;Geprueft
2015-04-17;111,00;115,00;106,00;Geprueft
2015-04-18;121,00;131,00;106,00;Geprueft
2015-04-19;119,00;132,00;107,00;Geprueft
2015-04-20;110,00;114,00;106,00;Geprueft
2015-04-21;109,00;116,00;99,00;Geprueft
2015-04-22;105,00;116,00;98,00;Geprueft
2015-04-23;106,00;110,00;102,00;Geprueft
2015-04-24;104,00;107,00;102,00;Geprueft
2015-04-25;105,00;108,00;101,00;Geprueft
2015-04-26;105,00;108,00;101,00;Geprueft
2015-04-27;104,00;106,00;100,00;Geprueft
2015-04-28;112,00;125,00;102,00;Geprueft
2015-04-29;117,00;122,00;113,00;Geprueft
2015-04-30;114,00;119,00;108,00;Geprueft
2015-05-01;114,00;120,00;106,00;Geprueft
2015-05-02;137,00;157,00;112,00;Geprueft
2015-05-03;157,00;168,00;142,00;Geprueft
2015-05-04;155,00;161,00;141,00;Geprueft
2015-05-05;151,00;160,00;139,00;Geprueft
2015-05-06;151,00;168,00;138,00;Geprueft
2015-05-07;171,00;174,00;167,00;Geprueft
2015-05-08;159,00;173,00;143,00;Geprueft
2015-05-09;140,00;145,00;136,00;Geprueft
2015-05-10;135,00;152,00;126,00;Geprueft
2015-05-11;123,00;128,00;118,00;Geprueft
2015-05-12;124,00;129,00;118,00;Geprueft
2015-05-13;122,00;128,00;116,00;Geprueft
2015-05-14;122,00;125,00;117,00;Geprueft
2015-05-15;126,00;129,00;123,00;Geprueft
2015-05-16;129,00;133,00;120,00;Geprueft
2015-05-17;125,00;137,00;116,00;Geprueft
2015-05-18;120,00;127,00;114,00;Geprueft
2015-05-19;126,00;137,00;109,00;Geprueft
2015-05-20;154,00;191,00;128,00;Geprueft
2015-05-21;218,00;233,00;191,00;Geprueft
2015-05-22;220,00;228,00;208,00;Geprueft
2015-05-23;202,00;218,00;190,00;Geprueft
2015-05-24;189,00;200,00;184,00;Geprueft
2015-05-25;181,00;193,00;162,00;Geprueft
2015-05-26;169,00;186,00;163,00;Geprueft
2015-05-27;182,00;190,00;172,00;Geprueft
2015-05-28;169,00;186,00;159,00;Geprueft
2015-05-29;156,00;163,00;142,00;Geprueft
2015-05-30;144,00;151,00;137,00;Geprueft
2015-05-31;138,00;144,00;132,00;Geprueft
2015-06-01;134,00;138,00;131,00;Geprueft
2015-06-02;136,00;142,00;132,00;Geprueft
2015-06-03;134,00;139,00;123,00;Geprueft
2015-06-04;121,00;134,00;111,00;Geprueft
2015-06-05;124,00;134,00;114,00;Geprueft
2015-06-06;115,00;122,00;108,00;Geprueft
2015-06-07;127,00;132,00;118,00;Geprueft
2015-06-08;132,00;141,00;125,00;Geprueft
2015-06-09;133,00;137,00;129,00;Geprueft
2015-06-10;130,00;133,00;124,00;Geprueft
2015-06-11;122,00;130,00;114,00;Geprueft
2015-06-12;125,00;133,00;115,00;Geprueft
2015-06-13;117,00;124,00;111,00;Geprueft
2015-06-14;116,00;119,00;112,00;Geprueft
2015-06-15;134,00;157,00;112,00;Geprueft
2015-06-16;152,00;158,00;140,00;Geprueft
2015-06-17;146,00;152,00;139,00;Geprueft
2015-06-18;135,00;147,00;111,00;Geprueft
2015-06-19;135,00;144,00;121,00;Geprueft
2015-06-20;143,00;157,00;135,00;Geprueft
2015-06-21;161,00;169,00;157,00;Geprueft
2015-06-22;157,00;163,00;146,00;Geprueft
2015-06-23;163,00;166,00;157,00;Geprueft
2015-06-24;164,00;172,00;156,00;Geprueft
2015-06-25;150,00;161,00;139,00;Geprueft
2015-06-26;134,00;142,00;129,00;Geprueft
2015-06-27;130,00;133,00;126,00;Geprueft
2015-06-28;130,00;136,00;126,00;Geprueft
2015-06-29;132,00;136,00;116,00;Geprueft
2015-06-30;127,00;137,00;114,00;Geprueft
2015-07-01;123,00;132,00;116,00;Geprueft
2015-07-02;120,00;126,00;118,00;Geprueft
2015-07-03;123,00;131,00;114,00;Geprueft
2015-07-04;121,00;125,00;116,00;Geprueft
2015-07-05;113,00;121,00;98,00;Geprueft
2015-07-06;104,00;110,00;99,00;Geprueft
2015-07-07;112,00;117,00;108,00;Geprueft
2015-07-08;113,00;118,00;107,00;Geprueft
2015-07-09;116,00;124,00;104,00;Geprueft
2015-07-10;109,00;116,00;103,00;Geprueft
2015-07-11;105,00;108,00;101,00;Geprueft
2015-07-12;104,00;106,00;100,00;Geprueft
2015-07-13;107,00;110,00;102,00;Geprueft
2015-07-14;107,00;111,00;104,00;Geprueft
2015-07-15;105,00;115,00;99,00;Geprueft
2015-07-16;106,00;110,00;101,00;Geprueft
2015-07-17;105,00;109,00;99,00;Geprueft
2015-07-18;102,00;106,00;98,00;Geprueft
2015-07-19;100,00;101,00;98,00;Geprueft
2015-07-20;100,00;102,00;95,00;Geprueft
2015-07-21;100,00;103,00;95,00;Geprueft
2015-07-22;100,00;103,00;95,00;Geprueft
2015-07-23;100,00;103,00;95,00;Geprueft
2015-07-24;100,00;104,00;96,00;Geprueft
2015-07-25;98,00;103,00;94,00;Geprueft
2015-07-26;100,00;103,00;94,00;Geprueft
2015-07-27;96,00;100,00;92,00;Geprueft
2015-07-28;100,00;104,00;97,00;Geprueft
2015-07-29;100,00;103,00;98,00;Geprueft
2015-07-30;99,00;101,00;98,00;Geprueft
2015-07-31;99,00;100,00;98,00;Geprueft
2015-08-01;99,00;101,00;98,00;Geprueft
2015-08-02;99,00;101,00;97,00;Geprueft
2015-08-03;98,00;104,00;93,00;Geprueft
2015-08-04;97,00;101,00;94,00;Geprueft
2015-08-05;96,00;102,00;92,00;Geprueft
2015-08-06;98,00;100,00;96,00;Geprueft
2015-08-07;98,00;100,00;95,00;Geprueft
2015-08-08;97,00;100,00;96,00;Geprueft
2015-08-09;99,00;102,00;97,00;Geprueft
2015-08-10;97,00;101,00;93,00;Geprueft
2015-08-11;98,00;100,00;97,00;Geprueft
2015-08-12;98,00;101,00;94,00;Geprueft
2015-08-13;98,00;99,00;96,00;Geprueft
2015-08-14;99,00;104,00;94,00;Geprueft
2015-08-15;97,00;101,00;94,00;Geprueft
2015-08-16;99,00;104,00;95,00;Geprueft
2015-08-17;101,00;104,00;96,00;Geprueft
2015-08-18;104,00;108,00;99,00;Geprueft
2015-08-19;103,00;106,00;99,00;Geprueft
2015-08-20;103,00;107,00;101,00;Geprueft
2015-08-21;107,00;110,00;104,00;Geprueft
2015-08-22;103,00;107,00;97,00;Geprueft
2015-08-23;99,00;99,00;97,00;Geprueft
2015-08-24;102,00;105,00;96,00;Geprueft
2015-08-25;105,00;110,00;102,00;Geprueft
2015-08-26;104,00;107,00;98,00;Geprueft
2015-08-27;99,00;102,00;93,00;Geprueft
2015-08-28;100,00;104,00;93,00;Geprueft
2015-08-29;101,00;103,00;98,00;Geprueft
2015-08-30;98,00;101,00;93,00;Geprueft
2015-08-31;97,00;101,00;91,00;Geprueft
2015-09-01;98,00;101,00;95,00;Geprueft
2015-09-02;101,00;103,00;98,00;Geprueft
2015-09-03;103,00;108,00;99,00;Geprueft
2015-09-04;108,00;113,00;102,00;Geprueft
2015-09-05;111,00;115,00;108,00;Geprueft
2015-09-06;106,00;110,00;103,00;Geprueft
2015-09-07;104,00;107,00;101,00;Geprueft
2015-09-08;100,00;104,00;96,00;Geprueft
2015-09-09;99,00;102,00;96,00;Geprueft
2015-09-10;102,00;104,00;98,00;Geprueft
2015-09-11;100,00;105,00;97,00;Geprueft
2015-09-12;99,00;103,00;97,00;Geprueft
2015-09-13;97,00;100,00;92,00;Geprueft
2015-09-14;95,00;98,00;91,00;Geprueft
2015-09-15;97,00;99,00;94,00;Geprueft
2015-09-16;97,00;99,00;94,00;Geprueft
2015-09-17;95,00;99,00;92,00;Geprueft
2015-09-18;95,00;98,00;93,00;Geprueft
2015-09-19;96,00;100,00;93,00;Geprueft
2015-09-20;97,00;100,00;95,00;Geprueft
2015-09-21;97,00;99,00;95,00;Geprueft
2015-09-22;97,00;100,00;94,00;Geprueft
2015-09-23;100,00;101,00;98,00;Geprueft
2015-09-24;98,00;102,00;96,00;Geprueft
2015-09-25;100,00;103,00;95,00;Geprueft
2015-09-26;99,00;100,00;96,00;Geprueft
2015-09-27;98,00;100,00;95,00;Geprueft
2015-09-28;95,00;98,00;92,00;Geprueft
2015-09-29;97,00;100,00;92,00;Geprueft
2015-09-30;95,00;97,00;92,00;Geprueft
2015-10-01;94,00;96,00;93,00;Geprueft
2015-10-02;98,00;106,00;94,00;Geprueft
2015-10-03;95,00;99,00;92,00;Geprueft
2015-10-04;92,00;95,00;89,00;Geprueft
2015-10-05;92,00;92,00;91,00;Geprueft
2015-10-06;92,00;96,00;91,00;Geprueft
2015-10-07;100,00;106,00;92,00;Geprueft
2015-10-08;108,00;118,00;100,00;Geprueft
2015-10-09;102,00;105,00;98,00;Geprueft
2015-10-10;96,00;99,00;92,00;Geprueft
2015-10-11;96,00;100,00;91,00;Geprueft
2015-10-12;94,00;95,00;93,00;Geprueft
2015-10-13;95,00;97,00;93,00;Geprueft
2015-10-14;100,00;104,00;96,00;Geprueft
2015-10-15;116,00;122,00;103,00;Geprueft
2015-10-16;109,00;118,00;102,00;Geprueft
2015-10-17;103,00;111,00;99,00;Geprueft
2015-10-18;102,00;106,00;99,00;Geprueft
2015-10-19;100,00;104,00;96,00;Geprueft
2015-10-20;102,00;106,00;98,00;Geprueft
2015-10-21;104,00;108,00;101,00;Geprueft
2015-10-22;101,00;104,00;98,00;Geprueft
2015-10-23;100,00;103,00;97,00;Geprueft
2015-10-24;98,00;104,00;90,00;Geprueft
2015-10-25;96,00;100,00;90,00;Geprueft
2015-10-26;96,00;103,00;90,00;Geprueft
2015-10-27;95,00;103,00;90,00;Geprueft
2015-10-28;96,00;100,00;91,00;Geprueft
2015-10-29;97,00;101,00;94,00;Geprueft
2015-10-30;97,00;99,00;93,00;Geprueft
2015-10-31;95,00;97,00;93,00;Geprueft
2015-11-01;97,00;101,00;93,00;Geprueft
2015-11-02;95,00;100,00;90,00;Geprueft
2015-11-03;94,00;101,00;90,00;Geprueft
2015-11-04;95,00;102,00;90,00;Geprueft
2015-11-05;99,00;102,00;95,00;Geprueft
2015-11-06;96,00;98,00;93,00;Geprueft
2015-11-07;96,00;99,00;93,00;Geprueft
2015-11-08;95,00;106,00;91,00;Geprueft
2015-11-09;94,00;98,00;92,00;Geprueft
2015-11-10;97,00;101,00;93,00;Geprueft
2015-11-11;96,00;97,00;94,00;Geprueft
2015-11-12;95,00;100,00;93,00;Geprueft
2015-11-13;95,00;97,00;93,00;Geprueft
2015-11-14;94,00;98,00;92,00;Geprueft
2015-11-15;94,00;96,00;90,00;Geprueft
2015-11-16;92,00;97,00;90,00;Geprueft
2015-11-17;93,00;97,00;91,00;Geprueft
2015-11-18;93,00;97,00;90,00;Geprueft
2015-11-19;95,00;100,00;89,00;Geprueft
2015-11-20;100,00;108,00;92,00;Geprueft
2015-11-21;116,00;119,00;107,00;Geprueft
2015-11-22;120,00;123,00;115,00;Geprueft
2015-11-23;105,00;117,00;99,00;Geprueft
2015-11-24;102,00;109,00;99,00;Geprueft
2015-11-25;101,00;108,00;98,00;Geprueft
2015-11-26;100,00;104,00;96,00;Geprueft
2015-11-27;102,00;106,00;97,00;Geprueft
2015-11-28;99,00;101,00;96,00;Geprueft
2015-11-29;99,00;105,00;95,00;Geprueft
2015-11-30;99,00;104,00;94,00;Geprueft
2015-12-01;100,00;111,00;94,00;Geprueft
2015-12-02;110,00;117,00;100,00;Geprueft
2015-12-03;108,00;113,00;104,00;Geprueft
2015-12-04;106,00;119,00;99,00;Geprueft
2015-12-05;100,00;103,00;97,00;Geprueft
2015-12-06;98,00;102,00;94,00;Geprueft
2015-12-07;95,00;98,00;92,00;Geprueft
2015-12-08;98,00;100,00;92,00;Geprueft
2015-12-09;97,00;100,00;91,00;Geprueft
2015-12-10;97,00;102,00;94,00;Geprueft
2015-12-11;98,00;101,00;96,00;Geprueft
2015-12-12;98,00;101,00;93,00;Geprueft
2015-12-13;95,00;97,00;91,00;Geprueft
2015-12-14;94,00;97,00;91,00;Geprueft
2015-12-15;94,00;97,00;91,00;Geprueft
2015-12-16;94,00;96,00;91,00;Geprueft
2015-12-17;101,00;111,00;94,00;Geprueft
2015-12-18;108,00;116,00;99,00;Geprueft
2015-12-19;102,00;105,00;95,00;Geprueft
2015-12-20;97,00;101,00;94,00;Geprueft
2015-12-21;96,00;99,00;92,00;Geprueft
2015-12-22;97,00;100,00;95,00;Geprueft
2015-12-23;96,00;102,00;89,00;Geprueft
2015-12-24;93,00;96,00;90,00;Geprueft
2015-12-25;96,00;99,00;91,00;Geprueft
2015-12-26;94,00;98,00;90,00;Geprueft
2015-12-27;94,00;98,00;91,00;Geprueft
2015-12-28;94,00;97,00;90,00;Geprueft
2015-12-29;94,00;98,00;89,00;Geprueft
2015-12-30;92,00;98,00;89,00;Geprueft
2015-12-31;93,00;95,00;91,00;Geprueft
2016-01-01;95,00;97,00;91,00;Geprueft
2016-01-02;95,00;97,00;92,00;Geprueft
2016-01-03;96,00;99,00;92,00;Geprueft
2016-01-04;99,00;106,00;96,00;Geprueft
2016-01-05;97,00;101,00;92,00;Geprueft
2016-01-06;97,00;100,00;95,00;Geprueft
2016-01-07;96,00;100,00;93,00;Geprueft
2016-01-08;98,00;104,00;93,00;Geprueft
2016-01-09;101,00;103,00;97,00;Geprueft
2016-01-10;107,00;114,00;98,00;Geprueft
2016-01-11;112,00;119,00;103,00;Geprueft
2016-01-12;113,00;131,00;101,00;Geprueft
2016-01-13;113,00;118,00;104,00;Geprueft
2016-01-14;111,00;116,00;102,00;Geprueft
2016-01-15;103,00;111,00;97,00;Geprueft
2016-01-16;102,00;111,00;98,00;Geprueft
2016-01-17;101,00;105,00;98,00;Geprueft
2016-01-18;100,00;111,00;90,00;Geprueft
2016-01-19;98,00;100,00;96,00;Geprueft
2016-01-20;99,00;104,00;94,00;Geprueft
2016-01-21;98,00;104,00;93,00;Geprueft
2016-01-22;95,00;99,00;91,00;Geprueft
2016-01-23;98,00;100,00;92,00;Geprueft
2016-01-24;99,00;102,00;92,00;Geprueft
2016-01-25;97,00;102,00;93,00;Geprueft
2016-01-26;100,00;105,00;95,00;Geprueft
2016-01-27;98,00;104,00;91,00;Geprueft
2016-01-28;104,00;107,00;98,00;Geprueft
2016-01-29;102,00;107,00;98,00;Geprueft
2016-01-30;108,00;118,00;102,00;Geprueft
2016-01-31;111,00;125,00;102,00;Geprueft
2016-02-01;147,00;189,00;125,00;Geprueft
2016-02-02;170,00;216,00;135,00;Geprueft
2016-02-03;160,00;175,00;137,00;Geprueft
2016-02-04;142,00;148,00;134,00;Geprueft
2016-02-05;134,00;147,00;121,00;Geprueft
2016-02-06;127,00;132,00;123,00;Geprueft
2016-02-07;121,00;128,00;111,00;Geprueft
2016-02-08;118,00;131,00;113,00;Geprueft
2016-02-09;117,00;132,00;106,00;Geprueft
2016-02-10;114,00;119,00;103,00;Geprueft
2016-02-11;115,00;118,00;112,00;Geprueft
2016-02-12;116,00;122,00;112,00;Geprueft
2016-02-13;114,00;121,00;104,00;Geprueft
2016-02-14;105,00;110,00;100,00;Geprueft
2016-02-15;109,00;115,00;103,00;Geprueft
2016-02-16;107,00;115,00;101,00;Geprueft
2016-02-17;104,00;109,00;101,00;Geprueft
2016-02-18;106,00;112,00;100,00;Geprueft
2016-02-19;108,00;111,00;104,00;Geprueft
2016-02-20;107,00;113,00;101,00;Geprueft
2016-02-21;114,00;121,00;103,00;Geprueft
2016-02-22;123,00;132,00;116,00;Geprueft
2016-02-23;127,00;133,00;124,00;Geprueft
2016-02-24;125,00;142,00;110,00;Geprueft
2016-02-25;115,00;117,00;113,00;Geprueft
2016-02-26;112,00;116,00;111,00;Geprueft
2016-02-27;112,00;116,00;107,00;Geprueft
2016-02-28;105,00;114,00;96,00;Geprueft
2016-02-29;106,00;114,00;99,00;Geprueft
2016-03-01;115,00;122,00;101,00;Geprueft
2016-03-02;120,00;129,00;107,00;Geprueft
2016-03-03;137,00;155,00;121,00;Geprueft
2016-03-04;133,00;154,00;121,00;Geprueft
2016-03-05;122,00;127,00;112,00;Geprueft
2016-03-06;120,00;128,00;108,00;Geprueft
2016-03-07;118,00;123,00;110,00;Geprueft
2016-03-08;118,00;128,00;110,00;Geprueft
2016-03-09;112,00;121,00;107,00;Geprueft
2016-03-10;109,00;122,00;104,00;Geprueft
2016-03-11;110,00;117,00;104,00;Geprueft
2016-03-12;110,00;118,00;101,00;Geprueft
2016-03-13;105,00;110,00;99,00;Geprueft
2016-03-14;101,00;104,00;99,00;Geprueft
2016-03-15;106,00;109,00;103,00;Geprueft
2016-03-16;106,00;111,00;100,00;Geprueft
2016-03-17;107,00;112,00;102,00;Geprueft
2016-03-18;104,00;110,00;92,00;Geprueft
2016-03-19;98,00;101,00;96,00;Geprueft
2016-03-20;100,00;103,00;97,00;Geprueft
2016-03-21;100,00;102,00;96,00;Geprueft
2016-03-22;98,00;102,00;92,00;Geprueft
2016-03-23;98,00;105,00;93,00;Geprueft
2016-03-24;100,00;102,00;97,00;Geprueft
2016-03-25;101,00;103,00;99,00;Geprueft
2016-03-26;105,00;110,00;100,00;Geprueft
2016-03-27;111,00;125,00;99,00;Geprueft
2016-03-28;102,00;107,00;99,00;Geprueft
2016-03-29;102,00;105,00;99,00;Geprueft
2016-03-30;101,00;107,00;98,00;Geprueft
2016-03-31;106,00;115,00;101,00;Geprueft
2016-04-01;107,00;116,00;104,00;Geprueft
2016-04-02;104,00;111,00;99,00;Geprueft
2016-04-03;106,00;111,00;103,00;Geprueft
2016-04-04;106,00;112,00;98,00;Geprueft
2016-04-05;102,00;104,00;99,00;Geprueft
2016-04-06;105,00;113,00;100,00;Geprueft
2016-04-07;106,00;112,00;102,00;Geprueft
2016-04-08;106,00;113,00;100,00;Geprueft
2016-04-09;102,00;104,00;99,00;Geprueft
2016-04-10;101,00;103,00;100,00;Geprueft
2016-04-11;103,00;108,00;100,00;Geprueft
2016-04-12;101,00;105,00;97,00;Geprueft
2016-04-13;100,00;105,00;97,00;Geprueft
2016-04-14;108,00;115,00;101,00;Geprueft
2016-04-15;108,00;111,00;101,00;Geprueft
2016-04-16;106,00;113,00;98,00;Geprueft
2016-04-17;99,00;106,00;94,00;Geprueft
2016-04-18;109,00;118,00;94,00;Geprueft
2016-04-19;121,00;136,00;108,00;Geprueft
2016-04-20;117,00;126,00;110,00;Geprueft
2016-04-21;113,00;118,00;108,00;Geprueft
2016-04-22;111,00;115,00;99,00;Geprueft
2016-04-23;103,00;112,00;97,00;Geprueft
2016-04-24;106,00;115,00;97,00;Geprueft
2016-04-25;110,00;116,00;99,00;Geprueft
2016-04-26;110,00;119,00;105,00;Geprueft
2016-04-27;108,00;111,00;103,00;Geprueft
2016-04-28;110,00;115,00;106,00;Geprueft
2016-04-29;111,00;120,00;105,00;Geprueft
2016-04-30;106,00;112,00;100,00;Geprueft
2016-05-01;105,00;109,00;102,00;Geprueft
2016-05-02;108,00;115,00;103,00;Geprueft
2016-05-03;115,00;120,00;108,00;Geprueft
2016-05-04;118,00;127,00;108,00;Geprueft
2016-05-05;116,00;120,00;103,00;Geprueft
2016-05-06;111,00;117,00;101,00;Geprueft
2016-05-07;110,00;115,00;99,00;Geprueft
2016-05-08;108,00;119,00;99,00;Geprueft
2016-05-09;104,00;111,00;97,00;Geprueft
2016-05-10;105,00;117,00;101,00;Geprueft
2016-05-11;106,00;113,00;101,00;Geprueft
2016-05-12;111,00;116,00;104,00;Geprueft
2016-05-13;116,00;121,00;110,00;Geprueft
2016-05-14;124,00;136,00;113,00;Geprueft
2016-05-15;144,00;156,00;130,00;Geprueft
2016-05-16;133,00;143,00;127,00;Geprueft
2016-05-17;127,00;137,00;117,00;Geprueft
2016-05-18;128,00;134,00;120,00;Geprueft
2016-05-19;128,00;134,00;123,00;Geprueft
2016-05-20;129,00;136,00;123,00;Geprueft
2016-05-21;124,00;133,00;114,00;Geprueft
2016-05-22;120,00;128,00;108,00;Geprueft
2016-05-23;114,00;125,00;105,00;Geprueft
2016-05-24;130,00;152,00;115,00;Geprueft
2016-05-25;159,00;172,00;136,00;Geprueft
2016-05-26;141,00;156,00;132,00;Geprueft
2016-05-27;128,00;148,00;110,00;Geprueft
2016-05-28;116,00;123,00;108,00;Geprueft
2016-05-29;122,00;127,00;117,00;Geprueft
2016-05-30;129,00;133,00;126,00;Geprueft
2016-05-31;125,00;133,00;117,00;Geprueft
2016-06-01;137,00;146,00;129,00;Geprueft
2016-06-02;138,00;147,00;134,00;Geprueft
2016-06-03;128,00;137,00;118,00;Geprueft
2016-06-04;130,00;136,00;123,00;Geprueft
2016-06-05;144,00;153,00;134,00;Geprueft
2016-06-06;149,00;154,00;145,00;Geprueft
2016-06-07;141,00;156,00;130,00;Geprueft
2016-06-08;130,00;134,00;128,00;Geprueft
2016-06-09;148,00;163,00;133,00;Geprueft
2016-06-10;170,00;190,00;155,00;Geprueft
2016-06-11;163,00;172,00;158,00;Geprueft
2016-06-12;163,00;170,00;160,00;Geprueft
2016-06-13;149,00;164,00;139,00;Geprueft
2016-06-14;143,00;150,00;137,00;Geprueft
2016-06-15;143,00;149,00;138,00;Geprueft
2016-06-16;143,00;152,00;139,00;Geprueft
2016-06-17;143,00;152,00;137,00;Geprueft
2016-06-18;155,00;162,00;146,00;Geprueft
2016-06-19;158,00;168,00;155,00;Geprueft
2016-06-20;176,00;184,00;166,00;Geprueft
2016-06-21;174,00;183,00;170,00;Geprueft
2016-06-22;165,00;171,00;156,00;Geprueft
2016-06-23;146,00;156,00;139,00;Geprueft
2016-06-24;139,00;148,00;131,00;Geprueft
2016-06-25;132,00;137,00;127,00;Geprueft
2016-06-26;131,00;140,00;127,00;Geprueft
2016-06-27;139,00;145,00;128,00;Geprueft
2016-06-28;136,00;153,00;127,00;Geprueft
2016-06-29;138,00;154,00;127,00;Geprueft
2016-06-30;133,00;141,00;128,00;Geprueft
2016-07-01;131,00;137,00;129,00;Geprueft
2016-07-02;136,00;138,00;132,00;Geprueft
2016-07-03;137,00;148,00;130,00;Geprueft
2016-07-04;134,00;144,00;130,00;Geprueft
2016-07-05;126,00;133,00;120,00;Geprueft
2016-07-06;125,00;134,00;114,00;Geprueft
2016-07-07;114,00;121,00;107,00;Geprueft
2016-07-08;115,00;119,00;110,00;Geprueft
2016-07-09;116,00;120,00;104,00;Geprueft
2016-07-10;107,00;112,00;99,00;Geprueft
2016-07-11;113,00;128,00;101,00;Geprueft
2016-07-12;121,00;124,00;115,00;Geprueft
2016-07-13;146,00;164,00;118,00;Geprueft
2016-07-14;165,00;178,00;149,00;Geprueft
2016-07-15;181,00;190,00;171,00;Geprueft
2016-07-16;168,00;190,00;153,00;Geprueft
2016-07-17;157,00;162,00;150,00;Geprueft
2016-07-18;141,00;150,00;137,00;Geprueft
2016-07-19;139,00;144,00;132,00;Geprueft
2016-07-20;131,00;138,00;117,00;Geprueft
2016-07-21;128,00;132,00;125,00;Geprueft
2016-07-22;125,00;139,00;114,00;Geprueft
2016-07-23;119,00;125,00;115,00;Geprueft
2016-07-24;130,00;139,00;116,00;Geprueft
2016-07-25;139,00;151,00;120,00;Geprueft
2016-07-26;139,00;142,00;137,00;Geprueft
2016-07-27;129,00;143,00;117,00;Geprueft
2016-07-28;138,00;151,00;127,00;Geprueft
2016-07-29;129,00;132,00;125,00;Geprueft
2016-07-30;127,00;131,00;125,00;Geprueft
2016-07-31;128,00;144,00;115,00;Geprueft
2016-08-01;120,00;134,00;112,00;Geprueft
2016-08-02;133,00;140,00;123,00;Geprueft
2016-08-03;126,00;143,00;116,00;Geprueft
2016-08-04;124,00;134,00;118,00;Geprueft
2016-08-05;139,00;150,00;118,00;Geprueft
2016-08-06;173,00;195,00;140,00;Geprueft
2016-08-07;186,00;200,00;168,00;Geprueft
2016-08-08;160,00;170,00;152,00;Geprueft
2016-08-09;166,00;174,00;157,00;Geprueft
2016-08-10;167,00;175,00;155,00;Geprueft
2016-08-11;152,00;167,00;136,00;Geprueft
2016-08-12;159,00;171,00;148,00;Geprueft
2016-08-13;145,00;169,00;131,00;Geprueft
2016-08-14;135,00;142,00;131,00;Geprueft
2016-08-15;130,00;141,00;114,00;Geprueft
2016-08-16;125,00;139,00;114,00;Geprueft
2016-08-17;122,00;131,00;115,00;Geprueft
2016-08-18;124,00;130,00;116,00;Geprueft
2016-08-19;129,00;137,00;118,00;Geprueft
2016-08-20;122,00;125,00;118,00;Geprueft
2016-08-21;121,00;126,00;112,00;Geprueft
2016-08-22;116,00;124,00;111,00;Geprueft
2016-08-23;118,00;121,00;113,00;Geprueft
2016-08-24;117,00;123,00;108,00;Geprueft
2016-08-25;112,00;119,00;105,00;Geprueft
2016-08-26;111,00;118,00;105,00;Geprueft
2016-08-27;112,00;117,00;104,00;Geprueft
2016-08-28;107,00;112,00;100,00;Geprueft
2016-08-29;104,00;111,00;100,00;Geprueft
2016-08-30;113,00;116,00;109,00;Geprueft
2016-08-31;112,00;117,00;107,00;Geprueft
2016-09-01;110,00;115,00;102,00;Geprueft
2016-09-02;112,00;118,00;101,00;Geprueft
2016-09-03;109,00;112,00;104,00;Geprueft
2016-09-04;103,00;110,00;97,00;Geprueft
2016-09-05;101,00;104,00;97,00;Geprueft
2016-09-06;109,00;111,00;103,00;Geprueft
2016-09-07;109,00;113,00;100,00;Geprueft
2016-09-08;105,00;115,00;96,00;Geprueft
2016-09-09;104,00;109,00;100,00;Geprueft
2016-09-10;107,00;112,00;104,00;Geprueft
2016-09-11;110,00;114,00;104,00;Geprueft
2016-09-12;105,00;112,00;99,00;Geprueft
2016-09-13;101,00;105,00;98,00;Geprueft
2016-09-14;99,00;102,00;97,00;Geprueft
2016-09-15;100,00;108,00;97,00;Geprueft
2016-09-16;101,00;107,00;99,00;Geprueft
2016-09-17;113,00;122,00;103,00;Geprueft
2016-09-18;122,00;132,00;114,00;Geprueft
2016-09-19;119,00;128,00;114,00;Geprueft
2016-09-20;146,00;167,00;126,00;Geprueft
2016-09-21;146,00;166,00;117,00;Geprueft
2016-09-22;129,00;136,00;110,00;Geprueft
2016-09-23;114,00;124,00;107,00;Geprueft
2016-09-24;117,00;122,00;109,00;Geprueft
2016-09-25;117,00;123,00;108,00;Geprueft
2016-09-26;111,00;114,00;105,00;Geprueft
2016-09-27;109,00;114,00;106,00;Geprueft
2016-09-28;111,00;117,00;103,00;Geprueft
2016-09-29;105,00;110,00;101,00;Geprueft
2016-09-30;102,00;107,00;99,00;Geprueft
2016-10-01;104,00;109,00;99,00;Geprueft
2016-10-02;103,00;108,00;97,00;Geprueft
2016-10-03;101,00;105,00;96,00;Geprueft
2016-10-04;102,00;112,00;97,00;Geprueft
2016-10-05;99,00;105,00;95,00;Geprueft
2016-10-06;100,00;110,00;93,00;Geprueft
2016-10-07;102,00;106,00;99,00;Geprueft
2016-10-08;102,00;107,00;97,00;Geprueft
2016-10-09;100,00;102,00;95,00;Geprueft
2016-10-10;97,00;101,00;92,00;Geprueft
2016-10-11;99,00;103,00;87,00;Geprueft
2016-10-12;98,00;101,00;94,00;Geprueft
2016-10-13;100,00;103,00;98,00;Geprueft
2016-10-14;98,00;103,00;93,00;Geprueft
2016-10-15;97,00;100,00;94,00;Geprueft
2016-10-16;95,00;98,00;91,00;Geprueft
2016-10-17;98,00;101,00;95,00;Geprueft
2016-10-18;99,00;101,00;95,00;Geprueft
2016-10-19;98,00;104,00;94,00;Geprueft
2016-10-20;100,00;103,00;96,00;Geprueft
2016-10-21;99,00;102,00;96,00;Geprueft
2016-10-22;99,00;103,00;93,00;Geprueft
2016-10-23;97,00;99,00;91,00;Geprueft
2016-10-24;97,00;100,00;94,00;Geprueft
2016-10-25;98,00;100,00;95,00;Geprueft
2016-10-26;101,00;106,00;96,00;Geprueft
2016-10-27;99,00;104,00;93,00;Geprueft
2016-10-28;102,00;108,00;94,00;Geprueft
2016-10-29;99,00;104,00;95,00;Geprueft
2016-10-30;97,00;102,00;92,00;Geprueft
2016-10-31;96,00;101,00;92,00;Geprueft
2016-11-01;96,00;98,00;92,00;Geprueft
2016-11-02;98,00;102,00;93,00;Geprueft
2016-11-03;97,00;104,00;92,00;Geprueft
2016-11-04;98,00;103,00;94,00;Geprueft
2016-11-05;99,00;104,00;94,00;Geprueft
2016-11-06;98,00;101,00;95,00;Geprueft
2016-11-07;109,00;117,00;98,00;Geprueft
2016-11-08;104,00;115,00;96,00;Geprueft
2016-11-09;103,00;108,00;97,00;Geprueft
2016-11-10;103,00;109,00;93,00;Geprueft
2016-11-11;103,00;109,00;95,00;Geprueft
2016-11-12;108,00;117,00;102,00;Geprueft
2016-11-13;106,00;111,00;94,00;Geprueft
2016-11-14;103,00;112,00;97,00;Geprueft
2016-11-15;102,00;108,00;95,00;Geprueft
2016-11-16;103,00;114,00;96,00;Geprueft
2016-11-17;117,00;124,00;110,00;Geprueft
2016-11-18;125,00;137,00;118,00;Geprueft
2016-11-19;117,00;122,00;110,00;Geprueft
2016-11-20;122,00;134,00;110,00;Geprueft
2016-11-21;107,00;115,00;98,00;Geprueft
2016-11-22;108,00;111,00;104,00;Geprueft
2016-11-23;109,00;116,00;104,00;Geprueft
2016-11-24;104,00;110,00;101,00;Geprueft
2016-11-25;107,00;114,00;102,00;Geprueft
2016-11-26;103,00;112,00;98,00;Geprueft
2016-11-27;100,00;109,00;96,00;Geprueft
2016-11-28;100,00;109,00;96,00;Geprueft
2016-11-29;101,00;106,00;96,00;Geprueft
2016-11-30;99,00;104,00;94,00;Geprueft
2016-12-01;102,00;107,00;97,00;Geprueft
2016-12-02;100,00;102,00;95,00;Geprueft
2016-12-03;98,00;103,00;92,00;Geprueft
2016-12-04;96,00;101,00;93,00;Geprueft
2016-12-05;97,00;102,00;91,00;Geprueft
2016-12-06;97,00;100,00;94,00;Geprueft
2016-12-07;98,00;105,00;90,00;Geprueft
2016-12-08;96,00;98,00;92,00;Geprueft
2016-12-09;97,00;102,00;94,00;Geprueft
2016-12-10;98,00;105,00;93,00;Geprueft
2016-12-11;93,00;97,00;91,00;Geprueft
2016-12-12;94,00;98,00;92,00;Geprueft
2016-12-13;97,00;99,00;88,00;Geprueft
2016-12-14;96,00;100,00;91,00;Geprueft
2016-12-15;95,00;99,00;93,00;Geprueft
2016-12-16;99,00;103,00;95,00;Geprueft
2016-12-17;96,00;99,00;92,00;Geprueft
2016-12-18;94,00;98,00;91,00;Geprueft
2016-12-19;97,00;99,00;90,00;Geprueft
2016-12-20;95,00;99,00;91,00;Geprueft
2016-12-21;95,00;99,00;92,00;Geprueft
2016-12-22;97,00;101,00;94,00;Geprueft
2016-12-23;96,00;100,00;93,00;Geprueft
2016-12-24;94,00;96,00;90,00;Geprueft
2016-12-25;95,00;99,00;89,00;Geprueft
2016-12-26;94,00;98,00;91,00;Geprueft
2016-12-27;94,00;104,00;91,00;Geprueft
2016-12-28;94,00;100,00;90,00;Geprueft
2016-12-29;94,00;100,00;92,00;Geprueft
2016-12-30;97,00;101,00;91,00;Geprueft
2016-12-31;92,00;95,00;90,00;Geprueft
2017-01-01;94,00;97,00;91,00;Geprueft
2017-01-02;93,00;95,00;91,00;Geprueft
2017-01-03;94,00;98,00;90,00;Geprueft
2017-01-04;95,00;98,00;88,00;Geprueft
2017-01-05;96,00;102,00;92,00;Geprueft
2017-01-06;100,00;106,00;96,00;Geprueft
2017-01-07;97,00;102,00;92,00;Geprueft
2017-01-08;95,00;98,00;92,00;Geprueft
2017-01-09;93,00;97,00;91,00;Geprueft
2017-01-10;93,00;96,00;90,00;Geprueft
2017-01-11;92,00;94,00;90,00;Geprueft
2017-01-12;94,00;98,00;90,00;Geprueft
2017-01-13;98,00;101,00;94,00;Geprueft
2017-01-14;98,00;102,00;90,00;Geprueft
2017-01-15;96,00;98,00;89,00;Geprueft
2017-01-16;95,00;101,00;91,00;Geprueft
2017-01-17;96,00;100,00;90,00;Geprueft
2017-01-18;94,00;98,00;88,00;Geprueft
2017-01-19;95,00;100,00;90,00;Geprueft
2017-01-20;96,00;98,00;90,00;Geprueft
2017-01-21;92,00;95,00;89,00;Geprueft
2017-01-22;93,00;96,00;87,00;Geprueft
2017-01-23;92,00;94,00;89,00;Geprueft
2017-01-24;94,00;99,00;90,00;Geprueft
2017-01-25;96,00;99,00;86,00;Geprueft
2017-01-26;92,00;98,00;90,00;Geprueft
2017-01-27;94,00;97,00;91,00;Geprueft
2017-01-28;93,00;98,00;91,00;Geprueft
2017-01-29;92,00;96,00;87,00;Geprueft
2017-01-30;91,00;93,00;89,00;Geprueft
2017-01-31;93,00;97,00;90,00;Geprueft
2017-02-01;109,00;118,00;97,00;Geprueft
2017-02-02;115,00;124,00;109,00;Geprueft
2017-02-03;107,00;115,00;95,00;Geprueft
2017-02-04;106,00;113,00;100,00;Geprueft
2017-02-05;104,00;112,00;95,00;Geprueft
2017-02-06;100,00;106,00;96,00;Geprueft
2017-02-07;104,00;112,00;97,00;Geprueft
2017-02-08;102,00;112,00;95,00;Geprueft
2017-02-09;99,00;105,00;94,00;Geprueft
2017-02-10;101,00;109,00;97,00;Geprueft
2017-02-11;96,00;100,00;92,00;Geprueft
2017-02-12;97,00;101,00;94,00;Geprueft
2017-02-13;95,00;96,00;92,00;Geprueft
2017-02-14;96,00;101,00;92,00;Geprueft
2017-02-15;95,00;99,00;91,00;Geprueft
2017-02-16;97,00;100,00;95,00;Geprueft
2017-02-17;96,00;99,00;93,00;Geprueft
2017-02-18;99,00;103,00;92,00;Geprueft
2017-02-19;104,00;110,00;98,00;Geprueft
2017-02-20;99,00;103,00;95,00;Geprueft
2017-02-21;100,00;110,00;96,00;Geprueft
2017-02-22;118,00;134,00;106,00;Geprueft
2017-02-23;112,00;123,00;106,00;Geprueft
2017-02-24;116,00;122,00;108,00;Geprueft
2017-02-25;111,00;116,00;98,00;Geprueft
2017-02-26;105,00;113,00;100,00;Geprueft
2017-02-27;102,00;113,00;95,00;Geprueft
2017-02-28;104,00;110,00;99,00;Geprueft
2017-03-01;105,00;111,00;99,00;Geprueft
2017-03-02;111,00;115,00;105,00;Geprueft
2017-03-03;107,00;116,00;100,00;Geprueft
2017-03-04;104,00;109,00;99,00;Geprueft
2017-03-05;104,00;109,00;99,00;Geprueft
2017-03-06;100,00;112,00;96,00;Geprueft
2017-03-07;103,00;109,00;97,00;Geprueft
2017-03-08;102,00;111,00;97,00;Geprueft
2017-03-09;119,00;132,00;99,00;Geprueft
2017-03-10;159,00;172,00;130,00;Geprueft
2017-03-11;155,00;165,00;146,00;Geprueft
2017-03-12;142,00;157,00;127,00;Geprueft
2017-03-13;125,00;133,00;116,00;Geprueft
2017-03-14;118,00;124,00;107,00;Geprueft
2017-03-15;114,00;122,00;107,00;Geprueft
2017-03-16;113,00;120,00;105,00;Geprueft
2017-03-17;108,00;112,00;98,00;Geprueft
2017-03-18;107,00;115,00;103,00;Geprueft
2017-03-19;117,00;127,00;111,00;Geprueft
2017-03-20;131,00;137,00;125,00;Geprueft
2017-03-21;121,00;132,00;106,00;Geprueft
2017-03-22;108,00;120,00;99,00;Geprueft
2017-03-23;111,00;117,00;102,00;Geprueft
2017-03-24;107,00;115,00;101,00;Geprueft
2017-03-25;107,00;114,00;102,00;Geprueft
2017-03-26;106,00;112,00;98,00;Geprueft
2017-03-27;103,00;109,00;99,00;Geprueft
2017-03-28;104,00;110,00;99,00;Geprueft
2017-03-29;104,00;110,00;96,00;Geprueft
2017-03-30;108,00;114,00;101,00;Geprueft
2017-03-31;104,00;114,00;97,00;Geprueft
2017-04-01;103,00;107,00;98,00;Geprueft
2017-04-02;103,00;111,00;97,00;Geprueft
2017-04-03;100,00;103,00;97,00;Geprueft
2017-04-04;101,00;112,00;97,00;Geprueft
2017-04-05;111,00;116,00;101,00;Geprueft
2017-04-06;104,00;108,00;100,00;Geprueft
2017-04-07;102,00;105,00;99,00;Geprueft
2017-04-08;99,00;103,00;96,00;Geprueft
2017-04-09;99,00;101,00;96,00;Geprueft
2017-04-10;96,00;99,00;93,00;Geprueft
2017-04-11;99,00;103,00;95,00;Geprueft
2017-04-12;99,00;101,00;97,00;Geprueft
2017-04-13;101,00;104,00;97,00;Geprueft
2017-04-14;100,00;105,00;93,00;Geprueft
2017-04-15;96,00;98,00;93,00;Geprueft
2017-04-16;101,00;104,00;96,00;Geprueft
2017-04-17;100,00;104,00;97,00;Geprueft
2017-04-18;105,00;115,00;99,00;Geprueft
2017-04-19;111,00;121,00;104,00;Geprueft
2017-04-20;109,00;114,00;99,00;Geprueft
2017-04-21;103,00;107,00;100,00;Geprueft
2017-04-22;103,00;114,00;95,00;Geprueft
2017-04-23;103,00;109,00;97,00;Geprueft
2017-04-24;106,00;117,00;100,00;Geprueft
2017-04-25;104,00;113,00;97,00;Geprueft
2017-04-26;116,00;145,00;103,00;Geprueft
2017-04-27;123,00;127,00;120,00;Geprueft
2017-04-28;135,00;143,00;125,00;Geprueft
2017-04-29;150,00;157,00;141,00;Geprueft
2017-04-30;139,00;150,00;132,00;Geprueft
2017-05-01;125,00;135,00;122,00;Geprueft
2017-05-02;141,00;153,00;124,00;Geprueft
2017-05-03;146,00;154,00;136,00;Geprueft
2017-05-04;135,00;142,00;125,00;Geprueft
2017-05-05;137,00;142,00;134,00;Geprueft
2017-05-06;134,00;138,00;131,00;Geprueft
2017-05-07;133,00;139,00;128,00;Geprueft
2017-05-08;139,00;165,00;128,00;Geprueft
2017-05-09;189,00;208,00;164,00;Geprueft
2017-05-10;183,00;206,00;160,00;Geprueft
2017-05-11;150,00;166,00;136,00;Geprueft
2017-05-12;144,00;152,00;136,00;Geprueft
2017-05-13;139,00;143,00;136,00;Geprueft
2017-05-14;139,00;142,00;137,00;Geprueft
2017-05-15;141,00;145,00;138,00;Geprueft
2017-05-16;141,00;146,00;137,00;Geprueft
2017-05-17;140,00;151,00;122,00;Geprueft
2017-05-18;129,00;132,00;126,00;Geprueft
2017-05-19;126,00;130,00;122,00;Geprueft
2017-05-20;123,00;126,00;117,00;Geprueft
2017-05-21;120,00;124,00;111,00;Geprueft
2017-05-22;116,00;120,00;112,00;Geprueft
2017-05-23;121,00;126,00;112,00;Geprueft
2017-05-24;120,00;132,00;111,00;Geprueft
2017-05-25;113,00;117,00;107,00;Geprueft
2017-05-26;113,00;118,00;107,00;Geprueft
2017-05-27;106,00;116,00;100,00;Geprueft
2017-05-28;104,00;110,00;96,00;Geprueft
2017-05-29;106,00;115,00;97,00;Geprueft
2017-05-30;107,00;114,00;99,00;Geprueft
2017-05-31;108,00;113,00;102,00;Geprueft
2017-06-01;110,00;118,00;103,00;Geprueft
2017-06-02;113,00;117,00;106,00;Geprueft
2017-06-03;109,00;113,00;103,00;Geprueft
2017-06-04;112,00;115,00;105,00;Geprueft
2017-06-05;114,00;119,00;107,00;Geprueft
2017-06-06;111,00;120,00;102,00;Geprueft
2017-06-07;123,00;130,00;118,00;Geprueft
2017-06-08;118,00;129,00;106,00;Geprueft
2017-06-09;110,00;114,00;104,00;Geprueft
2017-06-10;111,00;120,00;100,00;Geprueft
2017-06-11;105,00;108,00;101,00;Geprueft
2017-06-12;107,00;113,00;102,00;Geprueft
2017-06-13;106,00;114,00;98,00;Geprueft
2017-06-14;106,00;114,00;99,00;Geprueft
2017-06-15;107,00;115,00;99,00;Geprueft
2017-06-16;104,00;113,00;99,00;Geprueft
2017-06-17;105,00;108,00;96,00;Geprueft
2017-06-18;100,00;102,00;97,00;Geprueft
2017-06-19;101,00;107,00;97,00;Geprueft
2017-06-20;98,00;101,00;95,00;Geprueft
2017-06-21;101,00;105,00;96,00;Geprueft
2017-06-22;103,00;106,00;100,00;Geprueft
2017-06-23;101,00;106,00;97,00;Geprueft
2017-06-24;99,00;102,00;94,00;Geprueft
2017-06-25;98,00;101,00;96,00;Geprueft
2017-06-26;98,00;103,00;92,00;Geprueft
2017-06-27;103,00;107,00;98,00;Geprueft
2017-06-28;102,00;107,00;99,00;Geprueft
2017-06-29;105,00;122,00;98,00;Geprueft
2017-06-30;105,00;115,00;98,00;Geprueft
2017-07-01;101,00;105,00;95,00;Geprueft
2017-07-02;100,00;102,00;93,00;Geprueft
2017-07-03;102,00;106,00;96,00;Geprueft
2017-07-04;106,00;109,00;101,00;Geprueft
2017-07-05;102,00;109,00;94,00;Geprueft
2017-07-06;97,00;102,00;94,00;Geprueft
2017-07-07;102,00;108,00;99,00;Geprueft
2017-07-08;103,00;110,00;95,00;Geprueft
2017-07-09;108,00;112,00;102,00;Geprueft
2017-07-10;102,00;105,00;97,00;Geprueft
2017-07-11;107,00;114,00;102,00;Geprueft
2017-07-12;107,00;114,00;103,00;Geprueft
2017-07-13;108,00;115,00;101,00;Geprueft
2017-07-14;108,00;114,00;102,00;Geprueft
2017-07-15;115,00;123,00;108,00;Geprueft
2017-07-16;122,00;132,00;114,00;Geprueft
2017-07-17;117,00;121,00;106,00;Geprueft
2017-07-18;109,00;120,00;103,00;Geprueft
2017-07-19;111,00;118,00;100,00;Geprueft
2017-07-20;104,00;112,00;99,00;Geprueft
2017-07-21;103,00;107,00;100,00;Geprueft
2017-07-22;107,00;111,00;101,00;Geprueft
2017-07-23;105,00;108,00;101,00;Geprueft
2017-07-24;105,00;112,00;102,00;Geprueft
2017-07-25;120,00;137,00;103,00;Geprueft
2017-07-26;136,00;144,00;129,00;Geprueft
2017-07-27;184,00;221,00;141,00;Geprueft
2017-07-28;201,00;222,00;179,00;Geprueft
2017-07-29;184,00;190,00;170,00;Geprueft
2017-07-30;166,00;181,00;155,00;Geprueft
2017-07-31;146,00;157,00;139,00;Geprueft
2017-08-01;136,00;142,00;131,00;Geprueft
2017-08-02;130,00;136,00;125,00;Geprueft
2017-08-03;127,00;131,00;124,00;Geprueft
2017-08-04;127,00;131,00;122,00;Geprueft
2017-08-05;118,00;127,00;111,00;Geprueft
2017-08-06;114,00;119,00;108,00;Geprueft
2017-08-07;118,00;123,00;115,00;Geprueft
2017-08-08;120,00;125,00;111,00;Geprueft
2017-08-09;119,00;130,00;111,00;Geprueft
2017-08-10;130,00;133,00;129,00;Geprueft
2017-08-11;135,00;156,00;130,00;Geprueft
2017-08-12;154,00;166,00;145,00;Geprueft
2017-08-13;163,00;168,00;147,00;Geprueft
2017-08-14;148,00;152,00;143,00;Geprueft
2017-08-15;138,00;149,00;130,00;Geprueft
2017-08-16;139,00;157,00;132,00;Geprueft
2017-08-17;144,00;154,00;133,00;Geprueft
2017-08-18;135,00;140,00;133,00;Geprueft
2017-08-19;147,00;158,00;137,00;Geprueft
2017-08-20;150,00;165,00;138,00;Geprueft
2017-08-21;141,00;147,00;130,00;Geprueft
2017-08-22;123,00;131,00;115,00;Geprueft
2017-08-23;116,00;120,00;112,00;Geprueft
2017-08-24;112,00;117,00;105,00;Geprueft
2017-08-25;118,00;132,00;103,00;Geprueft
2017-08-26;117,00;128,00;106,00;Geprueft
2017-08-27;113,00;117,00;106,00;Geprueft
2017-08-28;109,00;116,00;101,00;Geprueft
2017-08-29;113,00;116,00;104,00;Geprueft
2017-08-30;112,00;115,00;106,00;Geprueft
2017-08-31;112,00;117,00;107,00;Geprueft
2017-09-01;123,00;142,00;108,00;Geprueft
2017-09-02;151,00;176,00;129,00;Geprueft
2017-09-03;186,00;212,00;165,00;Geprueft
2017-09-04;207,00;219,00;189,00;Geprueft
2017-09-05;200,00;208,00;188,00;Geprueft
2017-09-06;175,00;189,00;154,00;Geprueft
2017-09-07;164,00;173,00;151,00;Geprueft
2017-09-08;156,00;165,00;140,00;Geprueft
2017-09-09;145,00;151,00;134,00;Geprueft
2017-09-10;136,00;140,00;128,00;Geprueft
2017-09-11;132,00;137,00;129,00;Geprueft
2017-09-12;131,00;137,00;125,00;Geprueft
2017-09-13;123,00;126,00;117,00;Geprueft
2017-09-14;120,00;123,00;117,00;Geprueft
2017-09-15;122,00;128,00;119,00;Geprueft
2017-09-16;112,00;121,00;105,00;Geprueft
2017-09-17;119,00;123,00;105,00;Geprueft
2017-09-18;119,00;127,00;116,00;Geprueft
2017-09-19;123,00;127,00;119,00;Geprueft
2017-09-20;119,00;126,00;115,00;Geprueft
2017-09-21;123,00;129,00;114,00;Geprueft
2017-09-22;121,00;125,00;113,00;Geprueft
2017-09-23;105,00;128,00;95,00;Geprueft
2017-09-24;114,00;122,00;100,00;Geprueft
2017-09-25;113,00;121,00;102,00;Geprueft
2017-09-26;106,00;115,00;95,00;Geprueft
2017-09-27;107,00;117,00;98,00;Geprueft
2017-09-28;107,00;113,00;101,00;Geprueft
2017-09-29;102,00;110,00;97,00;Geprueft
2017-09-30;102,00;108,00;99,00;Geprueft
2017-10-01;110,00;119,00;100,00;Geprueft
2017-10-02;116,00;121,00;111,00;Geprueft
2017-10-03;115,00;124,00;110,00;Geprueft
2017-10-04;125,00;129,00;121,00;Geprueft
2017-10-05;120,00;128,00;109,00;Geprueft
2017-10-06;115,00;126,00;107,00;Geprueft
2017-10-07;123,00;138,00;113,00;Geprueft
2017-10-08;130,00;138,00;127,00;Geprueft
2017-10-09;126,00;129,00;123,00;Geprueft
2017-10-10;125,00;128,00;122,00;Geprueft
2017-10-11;121,00;125,00;113,00;Geprueft
2017-10-12;117,00;120,00;114,00;Geprueft
2017-10-13;112,00;117,00;106,00;Geprueft
2017-10-14;114,00;120,00;103,00;Geprueft
2017-10-15;105,00;111,00;96,00;Geprueft
2017-10-16;107,00;115,00;101,00;Geprueft
2017-10-17;106,00;115,00;101,00;Geprueft
2017-10-18;106,00;114,00;101,00;Geprueft
2017-10-19;105,00;111,00;100,00;Geprueft
2017-10-20;101,00;104,00;98,00;Geprueft
2017-10-21;101,00;104,00;97,00;Geprueft
2017-10-22;104,00;110,00;99,00;Geprueft
2017-10-23;100,00;104,00;95,00;Geprueft
2017-10-24;101,00;106,00;97,00;Geprueft
2017-10-25;100,00;103,00;98,00;Geprueft
2017-10-26;99,00;106,00;94,00;Geprueft
2017-10-27;99,00;104,00;95,00;Geprueft
2017-10-28;106,00;115,00;99,00;Geprueft
2017-10-29;107,00;115,00;102,00;Geprueft
2017-10-30;112,00;117,00;106,00;Geprueft
2017-10-31;108,00;113,00;101,00;Geprueft
2017-11-01;107,00;115,00;100,00;Geprueft
2017-11-02;105,00;109,00;97,00;Geprueft
2017-11-03;104,00;110,00;98,00;Geprueft
2017-11-04;103,00;108,00;97,00;Geprueft
2017-11-05;104,00;112,00;94,00;Geprueft
2017-11-06;107,00;114,00;97,00;Geprueft
2017-11-07;122,00;138,00;105,00;Geprueft
2017-11-08;119,00;130,00;107,00;Geprueft
2017-11-09;117,00;123,00;111,00;Geprueft
2017-11-10;108,00;114,00;100,00;Geprueft
2017-11-11;104,00;110,00;98,00;Geprueft
2017-11-12;118,00;138,00;98,00;Geprueft
2017-11-13;141,00;153,00;132,00;Geprueft
2017-11-14;142,00;153,00;130,00;Geprueft
2017-11-15;130,00;135,00;114,00;Geprueft
2017-11-16;130,00;147,00;123,00;Geprueft
2017-11-17;124,00;131,00;113,00;Geprueft
2017-11-18;119,00;132,00;111,00;Geprueft
2017-11-19;111,00;119,00;101,00;Geprueft
2017-11-20;114,00;121,00;104,00;Geprueft
2017-11-21;108,00;119,00;100,00;Geprueft
2017-11-22;110,00;115,00;104,00;Geprueft
2017-11-23;113,00;117,00;106,00;Geprueft
2017-11-24;110,00;114,00;103,00;Geprueft
2017-11-25;104,00;112,00;98,00;Geprueft
2017-11-26;102,00;107,00;94,00;Geprueft
2017-11-27;105,00;110,00;96,00;Geprueft
2017-11-28;108,00;113,00;102,00;Geprueft
2017-11-29;110,00;118,00;102,00;Geprueft
2017-11-30;108,00;119,00;101,00;Geprueft
2017-12-01;105,00;112,00;98,00;Geprueft
2017-12-02;104,00;110,00;100,00;Geprueft
2017-12-03;102,00;106,00;96,00;Geprueft
2017-12-04;102,00;106,00;95,00;Geprueft
2017-12-05;102,00;107,00;99,00;Geprueft
2017-12-06;102,00;110,00;97,00;Geprueft
2017-12-07;100,00;103,00;96,00;Geprueft
2017-12-08;101,00;105,00;97,00;Geprueft
2017-12-09;100,00;106,00;95,00;Geprueft
2017-12-10;98,00;104,00;89,00;Geprueft
2017-12-11;99,00;104,00;91,00;Geprueft
2017-12-12;102,00;109,00;94,00;Geprueft
2017-12-13;103,00;109,00;100,00;Geprueft
2017-12-14;108,00;113,00;103,00;Geprueft
2017-12-15;103,00;111,00;98,00;Geprueft
2017-12-16;104,00;106,00;99,00;Geprueft
2017-12-17;106,00;111,00;101,00;Geprueft
2017-12-18;104,00;110,00;98,00;Geprueft
2017-12-19;102,00;107,00;97,00;Geprueft
2017-12-20;106,00;113,00;99,00;Geprueft
2017-12-21;103,00;107,00;99,00;Geprueft
2017-12-22;104,00;113,00;100,00;Geprueft
2017-12-23;120,00;128,00;105,00;Geprueft
2017-12-24;122,00;129,00;117,00;Geprueft
2017-12-25;114,00;122,00;103,00;Geprueft
2017-12-26;101,00;113,00;97,00;Geprueft
2017-12-27;108,00;116,00;103,00;Geprueft
2017-12-28;110,00;115,00;103,00;Geprueft
2017-12-29;108,00;114,00;103,00;Geprueft
2017-12-30;110,00;116,00;105,00;Geprueft
2017-12-31;115,00;136,00;106,00;Geprueft
2018-01-01;121,00;135,00;106,00;Geprueft
2018-01-02;118,00;124,00;105,00;Geprueft
2018-01-03;116,00;132,00;106,00;Geprueft
2018-01-04;136,00;155,00;117,00;Geprueft
2018-01-05;176,00;211,00;150,00;Geprueft
2018-01-06;189,00;212,00;172,00;Geprueft
2018-01-07;156,00;172,00;142,00;Geprueft
2018-01-08;151,00;159,00;138,00;Geprueft
2018-01-09;140,00;144,00;134,00;Geprueft
2018-01-10;138,00;142,00;133,00;Geprueft
2018-01-11;128,00;133,00;124,00;Geprueft
2018-01-12;126,00;129,00;123,00;Geprueft
2018-01-13;127,00;128,00;126,00;Geprueft
2018-01-14;122,00;127,00;120,00;Geprueft
2018-01-15;120,00;122,00;116,00;Geprueft
2018-01-16;115,00;120,00;109,00;Geprueft
2018-01-17;122,00;153,00;113,00;Geprueft
2018-01-18;129,00;134,00;123,00;Geprueft
2018-01-19;133,00;152,00;117,00;Geprueft
2018-01-20;145,00;152,00;137,00;Geprueft
2018-01-21;147,00;157,00;143,00;Geprueft
2018-01-22;145,00;150,00;137,00;Geprueft
2018-01-23;156,00;176,00;140,00;Geprueft
2018-01-24;180,00;187,00;168,00;Geprueft
2018-01-25;162,00;174,00;147,00;Geprueft
2018-01-26;150,00;161,00;145,00;Geprueft
2018-01-27;148,00;161,00;141,00;Geprueft
2018-01-28;138,00;153,00;129,00;Geprueft
2018-01-29;131,00;141,00;120,00;Geprueft
2018-01-30;125,00;130,00;121,00;Geprueft
2018-01-31;125,00;138,00;117,00;Geprueft
2018-02-01;128,00;136,00;120,00;Geprueft
2018-02-02;130,00;140,00;122,00;Geprueft
2018-02-03;122,00;133,00;110,00;Geprueft
2018-02-04;116,00;119,00;112,00;Geprueft
2018-02-05;116,00;122,00;107,00;Geprueft
2018-02-06;115,00;119,00;107,00;Geprueft
2018-02-07;115,00;120,00;112,00;Geprueft
2018-02-08;119,00;128,00;113,00;Geprueft
2018-02-09;117,00;124,00;106,00;Geprueft
2018-02-10;107,00;113,00;100,00;Geprueft
2018-02-11;111,00;115,00;108,00;Geprueft
2018-02-12;108,00;112,00;102,00;Geprueft
2018-02-13;107,00;111,00;103,00;Geprueft
2018-02-14;109,00;115,00;100,00;Geprueft
2018-02-15;109,00;114,00;104,00;Geprueft
2018-02-16;122,00;138,00;105,00;Geprueft
2018-02-17;129,00;139,00;124,00;Geprueft
2018-02-18;127,00;139,00;113,00;Geprueft
2018-02-19;124,00;142,00;112,00;Geprueft
2018-02-20;113,00;116,00;109,00;Geprueft
2018-02-21;116,00;122,00;111,00;Geprueft
2018-02-22;111,00;117,00;107,00;Geprueft
2018-02-23;104,00;111,00;97,00;Geprueft
2018-02-24;105,00;111,00;98,00;Geprueft
2018-02-25;103,00;107,00;101,00;Geprueft
2018-02-26;105,00;109,00;96,00;Geprueft
2018-02-27;100,00;102,00;98,00;Geprueft
2018-02-28;105,00;108,00;101,00;Geprueft
2018-03-01;105,00;113,00;95,00;Geprueft
2018-03-02;107,00;115,00;100,00;Geprueft
2018-03-03;104,00;112,00;95,00;Geprueft
2018-03-04;101,00;105,00;95,00;Geprueft
2018-03-05;101,00;110,00;97,00;Geprueft
2018-03-06;101,00;105,00;97,00;Geprueft
2018-03-07;101,00;105,00;95,00;Geprueft
2018-03-08;103,00;106,00;100,00;Geprueft
2018-03-09;101,00;105,00;95,00;Geprueft
2018-03-10;101,00;107,00;97,00;Geprueft
2018-03-11;105,00;110,00;100,00;Geprueft
2018-03-12;107,00;118,00;101,00;Geprueft
2018-03-13;114,00;122,00;105,00;Geprueft
2018-03-14;110,00;122,00;103,00;Geprueft
2018-03-15;110,00;114,00;105,00;Geprueft
2018-03-16;109,00;118,00;103,00;Geprueft
2018-03-17;105,00;112,00;96,00;Geprueft
2018-03-18;105,00;113,00;101,00;Geprueft
2018-03-19;105,00;111,00;100,00;Geprueft
2018-03-20;104,00;110,00;97,00;Geprueft
2018-03-21;100,00;105,00;97,00;Geprueft
2018-03-22;102,00;108,00;99,00;Geprueft
2018-03-23;101,00;105,00;95,00;Geprueft
2018-03-24;99,00;102,00;95,00;Geprueft
2018-03-25;98,00;102,00;92,00;Geprueft
2018-03-26;98,00;100,00;96,00;Geprueft
2018-03-27;98,00;104,00;95,00;Geprueft
2018-03-28;100,00;105,00;96,00;Geprueft
2018-03-29;108,00;113,00;101,00;Geprueft
2018-03-30;107,00;112,00;102,00;Geprueft
2018-03-31;102,00;108,00;99,00;Geprueft
2018-04-01;103,00;108,00;100,00;Geprueft
2018-04-02;104,00;114,00;96,00;Geprueft
2018-04-03;102,00;110,00;97,00;Geprueft
2018-04-04;103,00;108,00;97,00;Geprueft
2018-04-05;110,00;116,00;103,00;Geprueft
2018-04-06;110,00;124,00;99,00;Geprueft
2018-04-07;106,00;112,00;101,00;Geprueft
2018-04-08;106,00;113,00;101,00;Geprueft
2018-04-09;108,00;111,00;103,00;Geprueft
2018-04-10;108,00;112,00;104,00;Geprueft
2018-04-11;112,00;118,00;109,00;Geprueft
2018-04-12;113,00;118,00;109,00;Geprueft
2018-04-13;111,00;118,00;106,00;Geprueft
2018-04-14;108,00;115,00;98,00;Geprueft
2018-04-15;106,00;114,00;99,00;Geprueft
2018-04-16;107,00;113,00;103,00;Geprueft
2018-04-17;111,00;116,00;103,00;Geprueft
2018-04-18;108,00;117,00;103,00;Geprueft
2018-04-19;107,00;115,00;101,00;Geprueft
2018-04-20;107,00;113,00;104,00;Geprueft
2018-04-21;113,00;118,00;108,00;Geprueft
2018-04-22;114,00;122,00;102,00;Geprueft
2018-04-23;107,00;113,00;100,00;Geprueft
2018-04-24;105,00;110,00;101,00;Geprueft
2018-04-25;107,00;111,00;103,00;Geprueft
2018-04-26;109,00;114,00;103,00;Geprueft
2018-04-27;106,00;114,00;101,00;Geprueft
2018-04-28;110,00;114,00;105,00;Geprueft
2018-04-29;110,00;116,00;103,00;Geprueft
2018-04-30;105,00;117,00;95,00;Geprueft
2018-05-01;104,00;110,00;98,00;Geprueft
2018-05-02;103,00;114,00;95,00;Geprueft
2018-05-03;105,00;112,00;100,00;Geprueft
2018-05-04;107,00;112,00;99,00;Geprueft
2018-05-05;103,00;107,00;98,00;Geprueft
2018-05-06;103,00;112,00;97,00;Geprueft
2018-05-07;104,00;114,00;99,00;Geprueft
2018-05-08;102,00;106,00;94,00;Geprueft
2018-05-09;105,00;108,00;99,00;Geprueft
2018-05-10;103,00;107,00;101,00;Geprueft
2018-05-11;104,00;107,00;102,00;Geprueft
2018-05-12;103,00;105,00;101,00;Geprueft
2018-05-13;102,00;108,00;96,00;Geprueft
2018-05-14;102,00;112,00;96,00;Geprueft
2018-05-15;105,00;113,00;99,00;Geprueft
2018-05-16;105,00;111,00;100,00;Geprueft
2018-05-17;113,00;119,00;106,00;Geprueft
2018-05-18;113,00;119,00;110,00;Geprueft
2018-05-19;113,00;119,00;109,00;Geprueft
2018-05-20;118,00;130,00;110,00;Geprueft
2018-05-21;120,00;134,00;106,00;Geprueft
2018-05-22;111,00;116,00;106,00;Geprueft
2018-05-23;110,00;113,00;108,00;Geprueft
2018-05-24;108,00;115,00;104,00;Geprueft
2018-05-25;109,00;113,00;107,00;Geprueft
2018-05-26;108,00;113,00;102,00;Geprueft
2018-05-27;104,00;110,00;100,00;Geprueft
2018-05-28;104,00;112,00;98,00;Geprueft
2018-05-29;101,00;103,00;100,00;Geprueft
2018-05-30;109,00;114,00;103,00;Geprueft
2018-05-31;105,00;112,00;97,00;Geprueft
2018-06-01;102,00;105,00;99,00;Geprueft
2018-06-02;105,00;112,00;101,00;Geprueft
2018-06-03;103,00;105,00;99,00;Geprueft
2018-06-04;103,00;105,00;100,00;Geprueft
2018-06-05;102,00;104,00;99,00;Geprueft
2018-06-06;100,00;102,00;99,00;Geprueft
2018-06-07;103,00;108,00;100,00;Geprueft
2018-06-08;103,00;106,00;99,00;Geprueft
2018-06-09;102,00;105,00;100,00;Geprueft
2018-06-10;103,00;105,00;100,00;Geprueft
2018-06-11;103,00;106,00;100,00;Geprueft
2018-06-12;106,00;139,00;102,00;Geprueft
2018-06-13;150,00;162,00;136,00;Geprueft
2018-06-14;144,00;165,00;126,00;Geprueft
2018-06-15;133,00;149,00;121,00;Geprueft
2018-06-16;117,00;123,00;106,00;Geprueft
2018-06-17;111,00;115,00;106,00;Geprueft
2018-06-18;109,00;115,00;104,00;Geprueft
2018-06-19;111,00;117,00;106,00;Geprueft
2018-06-20;109,00;114,00;104,00;Geprueft
2018-06-21;109,00;113,00;106,00;Geprueft
2018-06-22;108,00;112,00;105,00;Geprueft
2018-06-23;107,00;111,00;103,00;Geprueft
2018-06-24;105,00;109,00;103,00;Geprueft
2018-06-25;105,00;109,00;101,00;Geprueft
2018-06-26;101,00;102,00;100,00;Geprueft
2018-06-27;105,00;110,00;102,00;Geprueft
2018-06-28;105,00;107,00;103,00;Geprueft
2018-06-29;117,00;128,00;106,00;Geprueft
2018-06-30;111,00;119,00;103,00;Geprueft
2018-07-01;108,00;113,00;98,00;Geprueft
2018-07-02;102,00;105,00;98,00;Geprueft
2018-07-03;102,00;102,00;100,00;Geprueft
2018-07-04;104,00;108,00;101,00;Geprueft
2018-07-05;107,00;110,00;105,00;Geprueft
2018-07-06;109,00;115,00;106,00;Geprueft
2018-07-07;113,00;118,00;110,00;Geprueft
2018-07-08;112,00;114,00;108,00;Geprueft
2018-07-09;109,00;115,00;105,00;Geprueft
2018-07-10;109,00;115,00;106,00;Geprueft
2018-07-11;108,00;114,00;102,00;Geprueft
2018-07-12;102,00;104,00;100,00;Geprueft
2018-07-13;102,00;103,00;100,00;Geprueft
2018-07-14;102,00;104,00;101,00;Geprueft
2018-07-15;101,00;102,00;100,00;Geprueft
2018-07-16;99,00;101,00;96,00;Geprueft
2018-07-17;100,00;103,00;97,00;Geprueft
2018-07-18;102,00;104,00;100,00;Geprueft
2018-07-19;101,00;103,00;100,00;Geprueft
2018-07-20;101,00;102,00;101,00;Geprueft
2018-07-21;100,00;103,00;96,00;Geprueft
2018-07-22;100,00;106,00;96,00;Geprueft
2018-07-23;112,00;114,00;106,00;Geprueft
2018-07-24;110,00;114,00;107,00;Geprueft
2018-07-25;107,00;111,00;102,00;Geprueft
2018-07-26;103,00;105,00;100,00;Geprueft
2018-07-27;101,00;101,00;100,00;Geprueft
2018-07-28;100,00;101,00;98,00;Geprueft
2018-07-29;98,00;99,00;97,00;Geprueft
2018-07-30;98,00;100,00;96,00;Geprueft
2018-07-31;97,00;99,00;96,00;Geprueft
2018-08-01;97,00;98,00;95,00;Geprueft
2018-08-02;95,00;96,00;94,00;Geprueft
2018-08-03;97,00;98,00;94,00;Geprueft
2018-08-04;96,00;98,00;93,00;Geprueft
2018-08-05;95,00;96,00;93,00;Geprueft
2018-08-06;95,00;97,00;92,00;Geprueft
2018-08-07;95,00;100,00;90,00;Geprueft
2018-08-08;92,00;94,00;91,00;Geprueft
2018-08-09;93,00;96,00;91,00;Geprueft
2018-08-10;95,00;97,00;94,00;Geprueft
2018-08-11;97,00;99,00;95,00;Geprueft
2018-08-12;94,00;96,00;92,00;Geprueft
2018-08-13;96,00;97,00;93,00;Geprueft
2018-08-14;96,00;99,00;93,00;Geprueft
2018-08-15;95,00;97,00;93,00;Geprueft
2018-08-16;96,00;98,00;94,00;Geprueft
2018-08-17;96,00;98,00;93,00;Geprueft
2018-08-18;97,00;100,00;94,00;Geprueft
2018-08-19;97,00;98,00;96,00;Geprueft
2018-08-20;96,00;98,00;93,00;Geprueft
2018-08-21;94,00;95,00;93,00;Geprueft
2018-08-22;96,00;97,00;95,00;Geprueft
2018-08-23;96,00;97,00;95,00;Geprueft
2018-08-24;98,00;101,00;95,00;Geprueft
2018-08-25;98,00;101,00;96,00;Geprueft
2018-08-26;97,00;99,00;95,00;Geprueft
2018-08-27;95,00;98,00;92,00;Geprueft
2018-08-28;95,00;96,00;94,00;Geprueft
2018-08-29;95,00;96,00;93,00;Geprueft
2018-08-30;96,00;98,00;94,00;Geprueft
2018-08-31;100,00;102,00;95,00;Geprueft
2018-09-01;108,00;115,00;101,00;Geprueft
2018-09-02;115,00;120,00;112,00;Geprueft
2018-09-03;112,00;116,00;104,00;Geprueft
2018-09-04;107,00;108,00;105,00;Geprueft
2018-09-05;111,00;116,00;101,00;Geprueft
2018-09-06;106,00;108,00;101,00;Geprueft
2018-09-07;106,00;111,00;103,00;Geprueft
2018-09-08;108,00;111,00;105,00;Geprueft
2018-09-09;106,00;110,00;99,00;Geprueft
2018-09-10;101,00;104,00;98,00;Geprueft
2018-09-11;98,00;100,00;97,00;Geprueft
2018-09-12;101,00;104,00;97,00;Geprueft
2018-09-13;100,00;102,00;99,00;Geprueft
2018-09-14;101,00;104,00;99,00;Geprueft
2018-09-15;104,00;107,00;103,00;Geprueft
2018-09-16;101,00;105,00;99,00;Geprueft
2018-09-17;100,00;103,00;99,00;Geprueft
2018-09-18;99,00;101,00;95,00;Geprueft
2018-09-19;101,00;104,00;95,00;Geprueft
2018-09-20;102,00;103,00;101,00;Geprueft
2018-09-21;102,00;104,00;100,00;Geprueft
2018-09-22;98,00;102,00;95,00;Geprueft
2018-09-23;99,00;103,00;95,00;Geprueft
2018-09-24;107,00;110,00;102,00;Geprueft
2018-09-25;105,00;108,00;99,00;Geprueft
2018-09-26;100,00;101,00;99,00;Geprueft
2018-09-27;99,00;101,00;96,00;Geprueft
2018-09-28;101,00;103,00;98,00;Geprueft
2018-09-29;99,00;101,00;96,00;Geprueft
2018-09-30;96,00;96,00;94,00;Geprueft
2018-10-01;100,00;106,00;94,00;Geprueft
2018-10-02;115,00;125,00;104,00;Geprueft
2018-10-03;111,00;118,00;99,00;Geprueft
2018-10-04;101,00;106,00;96,00;Geprueft
2018-10-05;104,00;107,00;100,00;Geprueft
2018-10-06;100,00;107,00;94,00;Geprueft
2018-10-07;101,00;104,00;97,00;Geprueft
2018-10-08;100,00;103,00;95,00;Geprueft
2018-10-09;96,00;101,00;89,00;Geprueft
2018-10-10;98,00;100,00;93,00;Geprueft
2018-10-11;97,00;100,00;93,00;Geprueft
2018-10-12;97,00;101,00;93,00;Geprueft
2018-10-13;99,00;103,00;97,00;Geprueft
2018-10-14;99,00;102,00;95,00;Geprueft
2018-10-15;95,00;97,00;88,00;Geprueft
2018-10-16;93,00;95,00;89,00;Geprueft
2018-10-17;94,00;95,00;92,00;Geprueft
2018-10-18;95,00;97,00;93,00;Geprueft
2018-10-19;94,00;97,00;91,00;Geprueft
2018-10-20;93,00;95,00;91,00;Geprueft
2018-10-21;94,00;95,00;93,00;Geprueft
2018-10-22;93,00;95,00;89,00;Geprueft
2018-10-23;94,00;98,00;92,00;Geprueft
2018-10-24;92,00;99,00;88,00;Geprueft
2018-10-25;92,00;97,00;89,00;Geprueft
2018-10-26;94,00;97,00;92,00;Geprueft
2018-10-27;94,00;96,00;93,00;Geprueft
2018-10-28;96,00;100,00;93,00;Geprueft
2018-10-29;97,00;100,00;93,00;Geprueft
2018-10-30;95,00;101,00;85,00;Geprueft
2018-10-31;95,00;100,00;88,00;Geprueft
2018-11-01;94,00;95,00;92,00;Geprueft
2018-11-02;95,00;104,00;93,00;Geprueft
2018-11-03;93,00;95,00;92,00;Geprueft
2018-11-04;94,00;94,00;92,00;Geprueft
2018-11-05;93,00;95,00;92,00;Geprueft
2018-11-06;94,00;97,00;92,00;Geprueft
2018-11-07;94,00;98,00;91,00;Geprueft
2018-11-08;94,00;98,00;90,00;Geprueft
2018-11-09;92,00;97,00;89,00;Geprueft
2018-11-10;93,00;97,00;90,00;Geprueft
2018-11-11;94,00;96,00;92,00;Geprueft
2018-11-12;93,00;95,00;90,00;Geprueft
2018-11-13;92,00;93,00;90,00;Geprueft
2018-11-14;93,00;95,00;89,00;Geprueft
2018-11-15;93,00;94,00;92,00;Geprueft
2018-11-16;92,00;95,00;88,00;Geprueft
2018-11-17;94,00;98,00;91,00;Geprueft
2018-11-18;93,00;96,00;91,00;Geprueft
2018-11-19;94,00;99,00;90,00;Geprueft
2018-11-20;93,00;97,00;89,00;Geprueft
2018-11-21;93,00;97,00;90,00;Geprueft
2018-11-22;94,00;99,00;89,00;Geprueft
2018-11-23;91,00;96,00;88,00;Geprueft
2018-11-24;93,00;100,00;91,00;Geprueft
2018-11-25;91,00;94,00;89,00;Geprueft
2018-11-26;94,00;97,00;91,00;Geprueft
2018-11-27;95,00;102,00;89,00;Geprueft
2018-11-28;94,00;101,00;89,00;Geprueft
2018-11-29;94,00;97,00;89,00;Geprueft
2018-11-30;93,00;95,00;90,00;Geprueft
2018-12-01;91,00;94,00;87,00;Geprueft
2018-12-02;91,00;95,00;88,00;Geprueft
2018-12-03;93,00;99,00;89,00;Geprueft
2018-12-04;99,00;100,00;98,00;Geprueft
2018-12-05;100,00;105,00;94,00;Geprueft
2018-12-06;101,00;107,00;97,00;Geprueft
2018-12-07;99,00;101,00;95,00;Geprueft
2018-12-08;96,00;99,00;93,00;Geprueft
2018-12-09;97,00;98,00;94,00;Geprueft
2018-12-10;98,00;100,00;96,00;Geprueft
2018-12-11;100,00;103,00;95,00;Geprueft
2018-12-12;100,00;105,00;95,00;Geprueft
2018-12-13;98,00;102,00;95,00;Geprueft
2018-12-14;100,00;102,00;95,00;Geprueft
2018-12-15;93,00;99,00;90,00;Geprueft
2018-12-16;95,00;97,00;91,00;Geprueft
2018-12-17;92,00;98,00;89,00;Geprueft
2018-12-18;94,00;96,00;92,00;Geprueft
2018-12-19;93,00;98,00;89,00;Geprueft
2018-12-20;91,00;95,00;86,00;Geprueft
2018-12-21;92,00;96,00;87,00;Geprueft
2018-12-22;96,00;100,00;90,00;Geprueft
2018-12-23;103,00;113,00;98,00;Geprueft
2018-12-24;125,00;135,00;113,00;Geprueft
2018-12-25;140,00;154,00;129,00;Geprueft
2018-12-26;125,00;138,00;111,00;Geprueft
2018-12-27;110,00;116,00;100,00;Geprueft
2018-12-28;105,00;110,00;97,00;Geprueft
2018-12-29;103,00;108,00;96,00;Geprueft
2018-12-30;105,00;107,00;101,00;Geprueft
2018-12-31;102,00;108,00;96,00;Geprueft
2019-01-01;106,00;113,00;100,00;Geprueft
2019-01-02;104,00;109,00;99,00;Geprueft
2019-01-03;105,00;108,00;99,00;Geprueft
2019-01-04;102,00;106,00;96,00;Geprueft
2019-01-05;101,00;105,00;96,00;Geprueft
2019-01-06;105,00;109,00;98,00;Geprueft
2019-01-07;108,00;123,00;104,00;Geprueft
2019-01-08;117,00;120,00;113,00;Geprueft
2019-01-09;124,00;134,00;110,00;Geprueft
2019-01-10;122,00;130,00;118,00;Geprueft
2019-01-11;115,00;125,00;109,00;Geprueft
2019-01-12;114,00;119,00;110,00;Geprueft
2019-01-13;117,00;127,00;112,00;Geprueft
2019-01-14;160,00;188,00;122,00;Geprueft
2019-01-15;177,00;190,00;169,00;Geprueft
2019-01-16;148,00;172,00;132,00;Geprueft
2019-01-17;134,00;143,00;121,00;Geprueft
2019-01-18;122,00;125,00;120,00;Geprueft
2019-01-19;123,00;129,00;117,00;Geprueft
2019-01-20;117,00;121,00;111,00;Geprueft
2019-01-21;115,00;119,00;111,00;Geprueft
2019-01-22;113,00;115,00;111,00;Geprueft
2019-01-23;112,00;116,00;101,00;Geprueft
2019-01-24;111,00;123,00;104,00;Geprueft
2019-01-25;107,00;111,00;103,00;Geprueft
2019-01-26;105,00;112,00;100,00;Geprueft
2019-01-27;103,00;105,00;101,00;Geprueft
2019-01-28;104,00;107,00;99,00;Geprueft
2019-01-29;101,00;105,00;95,00;Geprueft
2019-01-30;100,00;104,00;97,00;Geprueft
2019-01-31;101,00;105,00;97,00;Geprueft
2019-02-01;100,00;103,00;96,00;Geprueft
2019-02-02;100,00;102,00;97,00;Geprueft
2019-02-03;102,00;106,00;99,00;Geprueft
2019-02-04;105,00;112,00;94,00;Geprueft
2019-02-05;107,00;112,00;99,00;Geprueft
2019-02-06;99,00;102,00;96,00;Geprueft
2019-02-07;102,00;109,00;97,00;Geprueft
2019-02-08;105,00;109,00;102,00;Geprueft
2019-02-09;104,00;107,00;100,00;Geprueft
2019-02-10;103,00;105,00;100,00;Geprueft
2019-02-11;109,00;112,00;104,00;Geprueft
2019-02-12;115,00;121,00;110,00;Geprueft
2019-02-13;111,00;115,00;104,00;Geprueft
2019-02-14;107,00;112,00;102,00;Geprueft
2019-02-15;108,00;115,00;103,00;Geprueft
2019-02-16;106,00;117,00;102,00;Geprueft
2019-02-17;103,00;106,00;99,00;Geprueft
2019-02-18;102,00;105,00;100,00;Geprueft
2019-02-19;106,00;108,00;102,00;Geprueft
2019-02-20;106,00;113,00;102,00;Geprueft
2019-02-21;107,00;116,00;102,00;Geprueft
2019-02-22;114,00;123,00;107,00;Geprueft
2019-02-23;124,00;133,00;117,00;Geprueft
2019-02-24;119,00;122,00;117,00;Geprueft
2019-02-25;114,00;124,00;99,00;Geprueft
2019-02-26;110,00;118,00;104,00;Geprueft
2019-02-27;115,00;121,00;111,00;Geprueft
2019-02-28;121,00;130,00;114,00;Geprueft
2019-03-01;124,00;138,00;115,00;Geprueft
2019-03-02;128,00;135,00;122,00;Geprueft
2019-03-03;129,00;145,00;111,00;Geprueft
2019-03-04;124,00;131,00;111,00;Geprueft
2019-03-05;119,00;130,00;114,00;Geprueft
2019-03-06;119,00;127,00;114,00;Geprueft
2019-03-07;123,00;130,00;116,00;Geprueft
2019-03-08;122,00;134,00;110,00;Geprueft
2019-03-09;121,00;131,00;111,00;Geprueft
2019-03-10;121,00;128,00;116,00;Geprueft
2019-03-11;133,00;145,00;117,00;Geprueft
2019-03-12;122,00;133,00;116,00;Geprueft
2019-03-13;121,00;128,00;115,00;Geprueft
2019-03-14;117,00;123,00;112,00;Geprueft
2019-03-15;116,00;122,00;112,00;Geprueft
2019-03-16;135,00;160,00;117,00;Geprueft
2019-03-17;142,00;148,00;135,00;Geprueft
2019-03-18;141,00;166,00;126,00;Geprueft
2019-03-19;133,00;139,00;125,00;Geprueft
2019-03-20;133,00;139,00;121,00;Geprueft
2019-03-21;127,00;137,00;111,00;Geprueft
2019-03-22;115,00;119,00;111,00;Geprueft
2019-03-23;119,00;124,00;114,00;Geprueft
2019-03-24;117,00;126,00;113,00;Geprueft
2019-03-25;117,00;123,00;113,00;Geprueft
2019-03-26;117,00;123,00;109,00;Geprueft
2019-03-27;113,00;120,00;109,00;Geprueft
2019-03-28;120,00;124,00;116,00;Geprueft
2019-03-29;116,00;127,00;112,00;Geprueft
2019-03-30;111,00;114,00;107,00;Geprueft
2019-03-31;112,00;120,00;106,00;Geprueft
2019-04-01;114,00;123,00;110,00;Geprueft
2019-04-02;113,00;122,00;106,00;Geprueft
2019-04-03;115,00;120,00;108,00;Geprueft
2019-04-04;116,00;121,00;112,00;Geprueft
2019-04-05;114,00;118,00;111,00;Geprueft
2019-04-06;112,00;117,00;108,00;Geprueft
2019-04-07;108,00;115,00;104,00;Geprueft
2019-04-08;113,00;118,00;108,00;Geprueft
2019-04-09;119,00;131,00;112,00;Geprueft
2019-04-10;118,00;134,00;112,00;Geprueft
2019-04-11;119,00;136,00;112,00;Geprueft
2019-04-12;116,00;123,00;110,00;Geprueft
2019-04-13;108,00;112,00;99,00;Geprueft
2019-04-14;103,00;106,00;99,00;Geprueft
2019-04-15;105,00;111,00;102,00;Geprueft
2019-04-16;103,00;109,00;96,00;Geprueft
2019-04-17;99,00;106,00;93,00;Geprueft
2019-04-18;106,00;113,00;96,00;Geprueft
2019-04-19;101,00;109,00;97,00;Geprueft
2019-04-20;101,00;103,00;99,00;Geprueft
2019-04-21;104,00;107,00;101,00;Geprueft
2019-04-22;101,00;106,00;95,00;Geprueft
2019-04-23;100,00;105,00;95,00;Geprueft
2019-04-24;105,00;110,00;101,00;Geprueft
2019-04-25;106,00;110,00;102,00;Geprueft
2019-04-26;107,00;112,00;103,00;Geprueft
2019-04-27;108,00;115,00;100,00;Geprueft
2019-04-28;110,00;114,00;106,00;Geprueft
2019-04-29;107,00;111,00;103,00;Geprueft
2019-04-30;112,00;115,00;107,00;Geprueft
2019-05-01;109,00;115,00;104,00;Geprueft
2019-05-02;106,00;108,00;104,00;Geprueft
2019-05-03;112,00;121,00;103,00;Geprueft
2019-05-04;114,00;121,00;103,00;Geprueft
2019-05-05;108,00;115,00;103,00;Geprueft
2019-05-06;107,00;115,00;101,00;Geprueft
2019-05-07;108,00;112,00;104,00;Geprueft
2019-05-08;113,00;117,00;109,00;Geprueft
2019-05-09;109,00;115,00;104,00;Geprueft
2019-05-10;111,00;114,00;106,00;Geprueft
2019-05-11;114,00;117,00;110,00;Geprueft
2019-05-12;115,00;127,00;107,00;Geprueft
2019-05-13;127,00;140,00;114,00;Geprueft
2019-05-14;133,00;139,00;122,00;Geprueft
2019-05-15;122,00;124,00;119,00;Geprueft
2019-05-16;114,00;131,00;88,00;Geprueft
2019-05-17;113,00;118,00;105,00;Geprueft
2019-05-18;107,00;112,00;97,00;Geprueft
2019-05-19;106,00;110,00;97,00;Geprueft
2019-05-20;125,00;174,00;108,00;Geprueft
2019-05-21;189,00;247,00;129,00;Geprueft
2019-05-22;277,00;294,00;247,00;Geprueft
2019-05-23;277,00;285,00;264,00;Geprueft
2019-05-24;246,00;275,00;210,00;Geprueft
2019-05-25;191,00;217,00;163,00;Geprueft
2019-05-26;179,00;184,00;167,00;Geprueft
2019-05-27;172,00;176,00;164,00;Geprueft
2019-05-28;183,00;203,00;172,00;Geprueft
2019-05-29;191,00;209,00;162,00;Geprueft
2019-05-30;198,00;208,00;187,00;Geprueft
2019-05-31;194,00;208,00;183,00;Geprueft
2019-06-01;176,00;185,00;154,00;Geprueft
2019-06-02;154,00;160,00;144,00;Geprueft
2019-06-03;157,00;166,00;143,00;Geprueft
2019-06-04;154,00;161,00;138,00;Geprueft
2019-06-05;154,00;169,00;147,00;Geprueft
2019-06-06;149,00;154,00;142,00;Geprueft
2019-06-07;151,00;158,00;145,00;Geprueft
2019-06-08;138,00;156,00;127,00;Geprueft
2019-06-09;130,00;152,00;114,00;Geprueft
2019-06-10;136,00;146,00;122,00;Geprueft
2019-06-11;127,00;132,00;121,00;Geprueft
2019-06-12;134,00;146,00;130,00;Geprueft
2019-06-13;133,00;139,00;124,00;Geprueft
2019-06-14;123,00;128,00;118,00;Geprueft
2019-06-15;125,00;134,00;119,00;Geprueft
2019-06-16;128,00;137,00;116,00;Geprueft
2019-06-17;122,00;129,00;117,00;Geprueft
2019-06-18;120,00;122,00;117,00;Geprueft
2019-06-19;120,00;125,00;111,00;Geprueft
2019-06-20;114,00;118,00;109,00;Geprueft
2019-06-21;114,00;116,00;111,00;Geprueft
2019-06-22;121,00;138,00;110,00;Geprueft
2019-06-23;143,00;157,00;130,00;Geprueft
2019-06-24;135,00;145,00;111,00;Geprueft
2019-06-25;123,00;126,00;118,00;Geprueft
2019-06-26;117,00;122,00;111,00;Geprueft
2019-06-27;113,00;118,00;110,00;Geprueft
2019-06-28;112,00;114,00;110,00;Geprueft
2019-06-29;110,00;114,00;107,00;Geprueft
2019-06-30;107,00;110,00;104,00;Geprueft
2019-07-01;105,00;109,00;101,00;Geprueft
2019-07-02;105,00;109,00;99,00;Geprueft
2019-07-03;106,00;109,00;101,00;Geprueft
2019-07-04;107,00;110,00;106,00;Geprueft
2019-07-05;108,00;110,00;106,00;Geprueft
2019-07-06;103,00;109,00;98,00;Geprueft
2019-07-07;100,00;104,00;97,00;Geprueft
2019-07-08;105,00;109,00;102,00;Geprueft
2019-07-09;107,00;111,00;103,00;Geprueft
2019-07-10;102,00;105,00;101,00;Geprueft
2019-07-11;101,00;103,00;96,00;Geprueft
2019-07-12;101,00;105,00;94,00;Geprueft
2019-07-13;101,00;104,00;98,00;Geprueft
2019-07-14;107,00;111,00;103,00;Geprueft
2019-07-15;104,00;109,00;99,00;Geprueft
2019-07-16;101,00;104,00;99,00;Geprueft
2019-07-17;101,00;103,00;99,00;Geprueft
2019-07-18;101,00;102,00;100,00;Geprueft
2019-07-19;102,00;104,00;100,00;Geprueft
2019-07-20;103,00;105,00;100,00;Geprueft
2019-07-21;101,00;104,00;98,00;Geprueft
2019-07-22;102,00;105,00;100,00;Geprueft
2019-07-23;99,00;103,00;92,00;Geprueft
2019-07-24;97,00;99,00;96,00;Geprueft
2019-07-25;99,00;105,00;94,00;Geprueft
2019-07-26;99,00;100,00;98,00;Geprueft
2019-07-27;99,00;100,00;97,00;Geprueft
2019-07-28;98,00;99,00;95,00;Geprueft
2019-07-29;120,00;152,00;98,00;Geprueft
2019-07-30;142,00;157,00;133,00;Geprueft
2019-07-31;128,00;139,00;121,00;Geprueft
2019-08-01;115,00;123,00;106,00;Geprueft
2019-08-02;104,00;108,00;99,00;Geprueft
2019-08-03;109,00;113,00;99,00;Geprueft
2019-08-04;111,00;113,00;109,00;Geprueft
2019-08-05;103,00;109,00;97,00;Geprueft
2019-08-06;103,00;110,00;97,00;Geprueft
2019-08-07;114,00;118,00;108,00;Geprueft
2019-08-08;109,00;114,00;105,00;Geprueft
2019-08-09;107,00;111,00;100,00;Geprueft
2019-08-10;108,00;115,00;99,00;Geprueft
2019-08-11;105,00;111,00;98,00;Geprueft
2019-08-12;108,00;113,00;104,00;Geprueft
2019-08-13;118,00;123,00;106,00;Geprueft
2019-08-14;130,00;136,00;122,00;Geprueft
2019-08-15;134,00;138,00;130,00;Geprueft
2019-08-16;125,00;133,00;120,00;Geprueft
2019-08-17;122,00;123,00;119,00;Geprueft
2019-08-18;117,00;122,00;111,00;Geprueft
2019-08-19;113,00;119,00;107,00;Geprueft
2019-08-20;120,00;124,00;115,00;Geprueft
2019-08-21;133,00;142,00;124,00;Geprueft
2019-08-22;133,00;135,00;130,00;Geprueft
2019-08-23;126,00;135,00;113,00;Geprueft
2019-08-24;117,00;119,00;115,00;Geprueft
2019-08-25;116,00;119,00;111,00;Geprueft
2019-08-26;116,00;120,00;112,00;Geprueft
2019-08-27;122,00;126,00;116,00;Geprueft
2019-08-28;120,00;122,00;117,00;Geprueft
2019-08-29;114,00;119,00;109,00;Geprueft
2019-08-30;112,00;117,00;108,00;Geprueft
2019-08-31;108,00;114,00;103,00;Geprueft
2019-09-01;109,00;114,00;103,00;Geprueft
2019-09-02;110,00;114,00;103,00;Geprueft
2019-09-03;113,00;115,00;109,00;Geprueft
2019-09-04;111,00;117,00;105,00;Geprueft
2019-09-05;110,00;115,00;103,00;Geprueft
2019-09-06;108,00;111,00;105,00;Geprueft
2019-09-07;113,00;116,00;109,00;Geprueft
2019-09-08;122,00;127,00;114,00;Geprueft
2019-09-09;121,00;128,00;117,00;Geprueft
2019-09-10;131,00;136,00;125,00;Geprueft
2019-09-11;127,00;136,00;114,00;Geprueft
2019-09-12;110,00;116,00;105,00;Geprueft
2019-09-13;115,00;120,00;109,00;Geprueft
2019-09-14;115,00;118,00;107,00;Geprueft
2019-09-15;108,00;116,00;102,00;Geprueft
2019-09-16;105,00;107,00;102,00;Geprueft
2019-09-17;107,00;111,00;103,00;Geprueft
2019-09-18;105,00;115,00;99,00;Geprueft
2019-09-19;102,00;106,00;98,00;Geprueft
2019-09-20;104,00;108,00;101,00;Geprueft
2019-09-21;105,00;109,00;99,00;Geprueft
2019-09-22;100,00;105,00;93,00;Geprueft
2019-09-23;100,00;103,00;95,00;Geprueft
2019-09-24;101,00;103,00;98,00;Geprueft
2019-09-25;104,00;111,00;98,00;Geprueft
2019-09-26;101,00;106,00;96,00;Geprueft
2019-09-27;103,00;107,00;98,00;Geprueft
2019-09-28;101,00;106,00;99,00;Geprueft
2019-09-29;102,00;105,00;96,00;Geprueft
2019-09-30;98,00;104,00;92,00;Geprueft
2019-10-01;98,00;102,00;95,00;Geprueft
2019-10-02;97,00;100,00;94,00;Geprueft
2019-10-03;105,00;113,00;96,00;Geprueft
2019-10-04;106,00;111,00;102,00;Geprueft
2019-10-05;105,00;109,00;102,00;Geprueft
2019-10-06;110,00;117,00;105,00;Geprueft
2019-10-07;115,00;122,00;106,00;Geprueft
2019-10-08;120,00;121,00;116,00;Geprueft
2019-10-09;119,00;122,00;117,00;Geprueft
2019-10-10;124,00;129,00;118,00;Geprueft
2019-10-11;121,00;125,00;118,00;Geprueft
2019-10-12;113,00;119,00;105,00;Geprueft
2019-10-13;107,00;115,00;102,00;Geprueft
2019-10-14;107,00;112,00;101,00;Geprueft
2019-10-15;106,00;111,00;102,00;Geprueft
2019-10-16;109,00;112,00;104,00;Geprueft
2019-10-17;104,00;109,00;94,00;Geprueft
2019-10-18;104,00;109,00;100,00;Geprueft
2019-10-19;101,00;105,00;99,00;Geprueft
2019-10-20;98,00;104,00;91,00;Geprueft
2019-10-21;99,00;105,00;94,00;Geprueft
2019-10-22;102,00;108,00;98,00;Geprueft
2019-10-23;102,00;105,00;98,00;Geprueft
2019-10-24;103,00;109,00;96,00;Geprueft
2019-10-25;100,00;103,00;96,00;Geprueft
2019-10-26;99,00;102,00;93,00;Geprueft
2019-10-27;93,00;98,00;89,00;Geprueft
2019-10-28;96,00;100,00;89,00;Geprueft
2019-10-29;97,00;99,00;92,00;Geprueft
2019-10-30;96,00;99,00;93,00;Geprueft
2019-10-31;100,00;105,00;95,00;Geprueft
2019-11-01;102,00;105,00;100,00;Geprueft
2019-11-02;101,00;104,00;98,00;Geprueft
2019-11-03;98,00;100,00;95,00;Geprueft
2019-11-04;97,00;99,00;96,00;Geprueft
2019-11-05;100,00;104,00;97,00;Geprueft
2019-11-06;106,00;111,00;100,00;Geprueft
2019-11-07;104,00;109,00;98,00;Geprueft
2019-11-08;104,00;106,00;99,00;Geprueft
2019-11-09;100,00;103,00;92,00;Geprueft
2019-11-10;97,00;102,00;91,00;Geprueft
2019-11-11;99,00;103,00;95,00;Geprueft
2019-11-12;98,00;101,00;94,00;Geprueft
2019-11-13;100,00;109,00;94,00;Geprueft
2019-11-14;98,00;101,00;93,00;Geprueft
2019-11-15;100,00;106,00;96,00;Geprueft
2019-11-16;100,00;104,00;96,00;Geprueft
2019-11-17;98,00;102,00;92,00;Geprueft
2019-11-18;99,00;104,00;93,00;Geprueft
2019-11-19;103,00;107,00;99,00;Geprueft
2019-11-20;102,00;105,00;98,00;Geprueft
2019-11-21;101,00;104,00;96,00;Geprueft
2019-11-22;101,00;106,00;97,00;Geprueft
2019-11-23;97,00;101,00;94,00;Geprueft
2019-11-24;97,00;99,00;94,00;Geprueft
2019-11-25;97,00;100,00;95,00;Geprueft
2019-11-26;99,00;101,00;98,00;Geprueft
2019-11-27;100,00;101,00;96,00;Geprueft
2019-11-28;96,00;99,00;93,00;Geprueft
2019-11-29;97,00;102,00;94,00;Geprueft
2019-11-30;97,00;99,00;93,00;Geprueft
2019-12-01;95,00;97,00;93,00;Geprueft
2019-12-02;95,00;99,00;93,00;Geprueft
2019-12-03;97,00;99,00;96,00;Geprueft
2019-12-04;96,00;98,00;92,00;Geprueft
2019-12-05;96,00;99,00;93,00;Geprueft
2019-12-06;96,00;98,00;93,00;Geprueft
2019-12-07;94,00;96,00;92,00;Geprueft
2019-12-08;92,00;94,00;90,00;Geprueft
2019-12-09;92,00;96,00;90,00;Geprueft
2019-12-10;91,00;94,00;88,00;Geprueft
2019-12-11;93,00;96,00;90,00;Geprueft
2019-12-12;95,00;96,00;93,00;Geprueft
2019-12-13;94,00;97,00;92,00;Geprueft
2019-12-14;93,00;95,00;91,00;Geprueft
2019-12-15;94,00;96,00;92,00;Geprueft
2019-12-16;94,00;94,00;93,00;Geprueft
2019-12-17;93,00;94,00;91,00;Geprueft
2019-12-18;93,00;94,00;92,00;Geprueft
2019-12-19;92,00;95,00;91,00;Geprueft
2019-12-20;93,00;94,00;92,00;Geprueft
2019-12-21;94,00;98,00;92,00;Geprueft
2019-12-22;94,00;96,00;92,00;Geprueft
2019-12-23;97,00;99,00;94,00;Geprueft
2019-12-24;96,00;98,00;92,00;Geprueft
2019-12-25;98,00;103,00;93,00;Geprueft
2019-12-26;105,00;108,00;100,00;Geprueft
2019-12-27;102,00;104,00;100,00;Geprueft
2019-12-28;107,00;115,00;100,00;Geprueft
2019-12-29;104,00;110,00;100,00;Geprueft
2019-12-30;101,00;105,00;96,00;Geprueft
2019-12-31;98,00;101,00;97,00;Geprueft
2020-01-01;97,00;100,00;94,00;Geprueft
2020-01-02;97,00;100,00;94,00;Geprueft
2020-01-03;96,00;98,00;94,00;Geprueft
2020-01-04;96,00;98,00;94,00;Geprueft
2020-01-05;95,00;97,00;91,00;Geprueft
2020-01-06;95,00;99,00;93,00;Geprueft
2020-01-07;96,00;100,00;94,00;Geprueft
2020-01-08;95,00;96,00;94,00;Geprueft
2020-01-09;95,00;97,00;91,00;Geprueft
2020-01-10;94,00;95,00;91,00;Geprueft
2020-01-11;93,00;94,00;91,00;Geprueft
2020-01-12;93,00;94,00;91,00;Geprueft
2020-01-13;92,00;93,00;90,00;Geprueft
2020-01-14;94,00;95,00;92,00;Geprueft
2020-01-15;92,00;96,00;87,00;Geprueft
2020-01-16;90,00;95,00;85,00;Geprueft
2020-01-17;97,00;99,00;92,00;Geprueft
2020-01-18;93,00;95,00;90,00;Geprueft
2020-01-19;92,00;96,00;89,00;Geprueft
2020-01-20;92,00;96,00;90,00;Geprueft
2020-01-21;95,00;99,00;92,00;Geprueft
2020-01-22;92,00;97,00;88,00;Geprueft
2020-01-23;91,00;97,00;87,00;Geprueft
2020-01-24;95,00;100,00;89,00;Geprueft
2020-01-25;93,00;98,00;85,00;Geprueft
2020-01-26;91,00;97,00;88,00;Geprueft
2020-01-27;92,00;98,00;87,00;Geprueft
2020-01-28;92,00;97,00;89,00;Geprueft
2020-01-29;93,00;95,00;89,00;Geprueft
2020-01-30;92,00;94,00;89,00;Geprueft
2020-01-31;92,00;93,00;90,00;Geprueft
2020-02-01;96,00;100,00;92,00;Geprueft
2020-02-02;102,00;114,00;97,00;Geprueft
2020-02-03;119,00;141,00;107,00;Geprueft
2020-02-04;204,00;236,00;141,00;Geprueft
2020-02-05;208,00;235,00;155,00;Geprueft
2020-02-06;159,00;191,00;143,00;Geprueft
2020-02-07;138,00;149,00;129,00;Geprueft
2020-02-08;129,00;136,00;123,00;Geprueft
2020-02-09;119,00;125,00;109,00;Geprueft
2020-02-10;114,00;125,00;85,00;Geprueft
2020-02-11;120,00;127,00;116,00;Geprueft
2020-02-12;123,00;130,00;115,00;Geprueft
2020-02-13;122,00;125,00;120,00;Geprueft
2020-02-14;121,00;124,00;116,00;Geprueft
2020-02-15;115,00;119,00;111,00;Geprueft
2020-02-16;113,00;116,00;111,00;Geprueft
2020-02-17;110,00;115,00;105,00;Geprueft
2020-02-18;106,00;110,00;102,00;Geprueft
2020-02-19;110,00;116,00;107,00;Geprueft
2020-02-20;107,00;111,00;104,00;Geprueft
2020-02-21;106,00;114,00;102,00;Geprueft
2020-02-22;106,00;114,00;100,00;Geprueft
2020-02-23;104,00;107,00;98,00;Geprueft
2020-02-24;103,00;106,00;100,00;Geprueft
2020-02-25;116,00;125,00;105,00;Geprueft
2020-02-26;110,00;120,00;104,00;Geprueft
2020-02-27;105,00;110,00;101,00;Geprueft
2020-02-28;106,00;110,00;102,00;Geprueft
2020-02-29;107,00;109,00;105,00;Geprueft
2020-03-01;106,00;107,00;103,00;Geprueft
2020-03-02;106,00;108,00;104,00;Geprueft
2020-03-03;106,00;111,00;99,00;Geprueft
2020-03-04;103,00;106,00;98,00;Geprueft
2020-03-05;104,00;110,00;102,00;Geprueft
2020-03-06;103,00;106,00;98,00;Geprueft
2020-03-07;102,00;108,00;98,00;Geprueft
2020-03-08;101,00;105,00;95,00;Geprueft
2020-03-09;100,00;104,00;95,00;Geprueft
2020-03-10;100,00;107,00;98,00;Geprueft
2020-03-11;111,00;125,00;100,00;Geprueft
2020-03-12;118,00;121,00;115,00;Geprueft
2020-03-13;117,00;125,00;110,00;Geprueft
2020-03-14;110,00;116,00;106,00;Geprueft
2020-03-15;103,00;113,00;95,00;Geprueft
2020-03-16;105,00;111,00;99,00;Geprueft
2020-03-17;104,00;106,00;101,00;Geprueft
2020-03-18;103,00;104,00;100,00;Geprueft
2020-03-19;102,00;105,00;98,00;Geprueft
2020-03-20;102,00;107,00;97,00;Geprueft
2020-03-21;106,00;111,00;102,00;Geprueft
2020-03-22;106,00;110,00;102,00;Geprueft
2020-03-23;105,00;109,00;102,00;Geprueft
2020-03-24;104,00;108,00;101,00;Geprueft
2020-03-25;103,00;109,00;99,00;Geprueft
2020-03-26;101,00;103,00;100,00;Geprueft
2020-03-27;98,00;102,00;96,00;Geprueft
2020-03-28;100,00;104,00;97,00;Geprueft
2020-03-29;99,00;101,00;96,00;Geprueft
2020-03-30;98,00;101,00;96,00;Geprueft
2020-03-31;99,00;102,00;97,00;Geprueft
2020-04-01;100,00;107,00;97,00;Geprueft
2020-04-02;99,00;101,00;97,00;Geprueft
2020-04-03;98,00;100,00;97,00;Geprueft
2020-04-04;98,00;100,00;96,00;Geprueft
2020-04-05;98,00;100,00;95,00;Geprueft
2020-04-06;98,00;99,00;95,00;Geprueft
2020-04-07;97,00;99,00;95,00;Geprueft
2020-04-08;97,00;101,00;94,00;Geprueft
2020-04-09;96,00;98,00;95,00;Geprueft
2020-04-10;98,00;101,00;95,00;Geprueft
2020-04-11;97,00;100,00;96,00;Geprueft
2020-04-12;96,00;99,00;93,00;Geprueft
2020-04-13;97,00;100,00;95,00;Geprueft
2020-04-14;96,00;102,00;91,00;Geprueft
2020-04-15;96,00;98,00;95,00;Geprueft
2020-04-16;97,00;98,00;95,00;Geprueft
2020-04-17;95,00;100,00;92,00;Geprueft
2020-04-18;94,00;95,00;93,00;Geprueft
2020-04-19;97,00;99,00;94,00;Geprueft
2020-04-20;97,00;99,00;94,00;Geprueft
2020-04-21;97,00;100,00;95,00;Geprueft
2020-04-22;95,00;98,00;91,00;Geprueft
2020-04-23;95,00;99,00;94,00;Geprueft
2020-04-24;95,00;96,00;94,00;Geprueft
2020-04-25;96,00;96,00;95,00;Geprueft
2020-04-26;94,00;96,00;92,00;Geprueft
2020-04-27;95,00;97,00;92,00;Geprueft
2020-04-28;96,00;99,00;94,00;Geprueft
2020-04-29;99,00;101,00;97,00;Geprueft
2020-04-30;101,00;106,00;97,00;Geprueft
2020-05-01;99,00;101,00;95,00;Geprueft
2020-05-02;101,00;105,00;97,00;Geprueft
2020-05-03;104,00;110,00;99,00;Geprueft
2020-05-04;100,00;102,00;98,00;Geprueft
2020-05-05;101,00;104,00;99,00;Geprueft
2020-05-06;108,00;112,00;103,00;Geprueft
2020-05-07;104,00;111,00;97,00;Geprueft
2020-05-08;99,00;101,00;95,00;Geprueft
2020-05-09;97,00;99,00;94,00;Geprueft
2020-05-10;96,00;98,00;94,00;Geprueft
2020-05-11;97,00;99,00;94,00;Geprueft
2020-05-12;99,00;103,00;95,00;Geprueft
2020-05-13;104,00;111,00;100,00;Geprueft
2020-05-14;99,00;105,00;94,00;Geprueft
2020-05-15;102,00;110,00;97,00;Geprueft
2020-05-16;106,00;110,00;99,00;Geprueft
2020-05-17;100,00;105,00;96,00;Geprueft
2020-05-18;98,00;100,00;95,00;Geprueft
2020-05-19;97,00;98,00;95,00;Geprueft
2020-05-20;97,00;99,00;95,00;Geprueft
2020-05-21;96,00;98,00;95,00;Geprueft
2020-05-22;97,00;98,00;96,00;Geprueft
2020-05-23;96,00;98,00;95,00;Geprueft
2020-05-24;98,00;100,00;95,00;Geprueft
2020-05-25;98,00;100,00;95,00;Geprueft
2020-05-26;95,00;96,00;94,00;Geprueft
2020-05-27;95,00;96,00;94,00;Geprueft
2020-05-28;96,00;97,00;95,00;Geprueft
2020-05-29;95,00;96,00;93,00;Geprueft
2020-05-30;94,00;95,00;93,00;Geprueft
2020-05-31;94,00;95,00;92,00;Geprueft
2020-06-01;93,00;94,00;92,00;Geprueft
2020-06-02;93,00;93,00;92,00;Geprueft
2020-06-03;93,00;94,00;91,00;Geprueft
2020-06-04;93,00;94,00;90,00;Geprueft
2020-06-05;93,00;96,00;90,00;Geprueft
2020-06-06;93,00;94,00;93,00;Geprueft
2020-06-07;94,00;95,00;93,00;Geprueft
2020-06-08;97,00;100,00;95,00;Geprueft
2020-06-09;98,00;101,00;89,00;Geprueft
2020-06-10;100,00;106,00;91,00;Geprueft
2020-06-11;106,00;125,00;97,00;Geprueft
2020-06-12;120,00;128,00;115,00;Geprueft
2020-06-13;119,00;124,00;107,00;Geprueft
2020-06-14;118,00;135,00;114,00;Geprueft
2020-06-15;142,00;165,00;124,00;Geprueft
2020-06-16;172,00;181,00;164,00;Geprueft
2020-06-17;168,00;179,00;136,00;Geprueft
2020-06-18;157,00;165,00;142,00;Geprueft
2020-06-19;154,00;169,00;137,00;Geprueft
2020-06-20;150,00;153,00;144,00;Geprueft
2020-06-21;143,00;148,00;134,00;Geprueft
2020-06-22;130,00;138,00;122,00;Geprueft
2020-06-23;123,00;125,00;121,00;Geprueft
2020-06-24;122,00;124,00;119,00;Geprueft
2020-06-25;120,00;122,00;118,00;Geprueft
2020-06-26;114,00;120,00;109,00;Geprueft
2020-06-27;114,00;117,00;109,00;Geprueft
2020-06-28;114,00;117,00;109,00;Geprueft
2020-06-29;127,00;138,00;116,00;Geprueft
2020-06-30;153,00;169,00;136,00;Geprueft
2020-07-01;152,00;164,00;140,00;Geprueft
2020-07-02;141,00;146,00;135,00;Geprueft
2020-07-03;150,00;180,00;135,00;Geprueft
2020-07-04;163,00;180,00;146,00;Geprueft
2020-07-05;140,00;151,00;130,00;Geprueft
2020-07-06;130,00;139,00;122,00;Geprueft
2020-07-07;125,00;135,00;117,00;Geprueft
2020-07-08;121,00;125,00;108,00;Geprueft
2020-07-09;115,00;119,00;111,00;Geprueft
2020-07-10;118,00;125,00;111,00;Geprueft
2020-07-11;122,00;128,00;110,00;Geprueft
2020-07-12;126,00;130,00;111,00;Geprueft
2020-07-13;121,00;129,00;116,00;Geprueft
2020-07-14;116,00;117,00;114,00;Geprueft
2020-07-15;113,00;115,00;109,00;Geprueft
2020-07-16;114,00;116,00;109,00;Geprueft
2020-07-17;118,00;125,00;114,00;Geprueft
2020-07-18;134,00;145,00;120,00;Geprueft
2020-07-19;133,00;142,00;129,00;Geprueft
2020-07-20;125,00;130,00;121,00;Geprueft
2020-07-21;123,00;126,00;122,00;Geprueft
2020-07-22;118,00;124,00;109,00;Geprueft
2020-07-23;112,00;114,00;111,00;Geprueft
2020-07-24;112,00;115,00;110,00;Geprueft
2020-07-25;113,00;115,00;111,00;Geprueft
2020-07-26;108,00;113,00;104,00;Geprueft
2020-07-27;110,00;116,00;101,00;Geprueft
2020-07-28;109,00;114,00;104,00;Geprueft
2020-07-29;107,00;110,00;106,00;Geprueft
2020-07-30;106,00;107,00;104,00;Geprueft
2020-07-31;103,00;106,00;101,00;Geprueft
2020-08-01;103,00;105,00;101,00;Geprueft
2020-08-02;105,00;110,00;101,00;Geprueft
2020-08-03;113,00;134,00;102,00;Geprueft
2020-08-04;164,00;223,00;134,00;Geprueft
2020-08-05;278,00;304,00;217,00;Geprueft
2020-08-06;260,00;303,00;232,00;Geprueft
2020-08-07;224,00;245,00;193,00;Geprueft
2020-08-08;172,00;206,00;143,00;Geprueft
2020-08-09;143,00;151,00;135,00;Geprueft
2020-08-10;136,00;145,00;131,00;Geprueft
2020-08-11;127,00;135,00;124,00;Geprueft
2020-08-12;125,00;127,00;118,00;Geprueft
2020-08-13;119,00;121,00;117,00;Geprueft
2020-08-14;117,00;120,00;113,00;Geprueft
2020-08-15;116,00;119,00;113,00;Geprueft
2020-08-16;112,00;115,00;108,00;Geprueft
2020-08-17;110,00;115,00;106,00;Geprueft
2020-08-18;114,00;120,00;109,00;Geprueft
2020-08-19;110,00;113,00;105,00;Geprueft
2020-08-20;108,00;110,00;104,00;Geprueft
2020-08-21;104,00;109,00;96,00;Geprueft
2020-08-22;105,00;108,00;96,00;Geprueft
2020-08-23;105,00;108,00;103,00;Geprueft
2020-08-24;104,00;106,00;103,00;Geprueft
2020-08-25;104,00;107,00;101,00;Geprueft
2020-08-26;101,00;105,00;95,00;Geprueft
2020-08-27;102,00;108,00;94,00;Geprueft
2020-08-28;104,00;110,00;102,00;Geprueft
2020-08-29;107,00;112,00;101,00;Geprueft
2020-08-30;111,00;114,00;108,00;Geprueft
2020-08-31;108,00;115,00;104,00;Geprueft
2020-09-01;108,00;112,00;104,00;Geprueft
2020-09-02;114,00;122,00;107,00;Geprueft
2020-09-03;117,00;126,00;107,00;Geprueft
2020-09-04;111,00;115,00;106,00;Geprueft
2020-09-05;110,00;112,00;108,00;Geprueft
2020-09-06;114,00;117,00;110,00;Geprueft
2020-09-07;115,00;116,00;112,00;Geprueft
2020-09-08;114,00;116,00;112,00;Geprueft
2020-09-09;116,00;118,00;114,00;Geprueft
2020-09-10;112,00;115,00;108,00;Geprueft
2020-09-11;110,00;113,00;107,00;Geprueft
2020-09-12;103,00;109,00;98,00;Geprueft
2020-09-13;102,00;104,00;101,00;Geprueft
2020-09-14;104,00;108,00;100,00;Geprueft
2020-09-15;104,00;110,00;99,00;Geprueft
2020-09-16;98,00;100,00;94,00;Geprueft
2020-09-17;99,00;104,00;95,00;Geprueft
2020-09-18;98,00;102,00;95,00;Geprueft
2020-09-19;97,00;99,00;95,00;Geprueft
2020-09-20;98,00;101,00;95,00;Geprueft
2020-09-21;98,00;100,00;95,00;Geprueft
2020-09-22;98,00;100,00;96,00;Geprueft
2020-09-23;99,00;104,00;97,00;Geprueft
2020-09-24;101,00;103,00;99,00;Geprueft
2020-09-25;105,00;109,00;100,00;Geprueft
2020-09-26;113,00;116,00;107,00;Geprueft
2020-09-27;114,00;118,00;110,00;Geprueft
2020-09-28;109,00;114,00;97,00;Geprueft
2020-09-29;107,00;113,00;99,00;Geprueft
2020-09-30;105,00;111,00;101,00;Geprueft
2020-10-01;107,00;112,00;104,00;Geprueft
2020-10-02;103,00;106,00;99,00;Geprueft
2020-10-03;105,00;109,00;100,00;Geprueft
2020-10-04;101,00;103,00;99,00;Geprueft
2020-10-05;101,00;111,00;97,00;Geprueft
2020-10-06;100,00;103,00;98,00;Geprueft
2020-10-07;104,00;105,00;101,00;Geprueft
2020-10-08;101,00;106,00;97,00;Geprueft
2020-10-09;102,00;105,00;100,00;Geprueft
2020-10-10;100,00;103,00;97,00;Geprueft
2020-10-11;100,00;102,00;98,00;Geprueft
2020-10-12;102,00;104,00;99,00;Geprueft
2020-10-13;101,00;105,00;98,00;Geprueft
2020-10-14;102,00;105,00;99,00;Geprueft
2020-10-15;102,00;103,00;100,00;Geprueft
2020-10-16;102,00;105,00;100,00;Geprueft
2020-10-17;108,00;115,00;102,00;Geprueft
2020-10-18;107,00;113,00;104,00;Geprueft
2020-10-19;109,00;111,00;107,00;Geprueft
2020-10-20;104,00;109,00;96,00;Geprueft
2020-10-21;101,00;103,00;98,00;Geprueft
2020-10-22;102,00;104,00;99,00;Geprueft
2020-10-23;99,00;101,00;97,00;Geprueft
2020-10-24;98,00;102,00;97,00;Geprueft
2020-10-25;103,00;105,00;100,00;Geprueft
2020-10-26;103,00;106,00;100,00;Geprueft
2020-10-27;109,00;114,00;105,00;Geprueft
2020-10-28;119,00;132,00;110,00;Geprueft
2020-10-29;117,00;122,00;114,00;Geprueft
2020-10-30;119,00;124,00;112,00;Geprueft
2020-10-31;123,00;125,00;121,00;Geprueft
2020-11-01;122,00;124,00;120,00;Geprueft
2020-11-02;118,00;121,00;114,00;Geprueft
2020-11-03;108,00;114,00;103,00;Geprueft
2020-11-04;111,00;114,00;106,00;Geprueft
2020-11-05;115,00;121,00;108,00;Geprueft
2020-11-06;112,00;113,00;110,00;Geprueft
2020-11-07;110,00;112,00;103,00;Geprueft
2020-11-08;102,00;105,00;97,00;Geprueft
2020-11-09;100,00;102,00;98,00;Geprueft
2020-11-10;101,00;103,00;99,00;Geprueft
2020-11-11;102,00;105,00;100,00;Geprueft
2020-11-12;103,00;107,00;100,00;Geprueft
2020-11-13;104,00;106,00;101,00;Geprueft
2020-11-14;102,00;107,00;91,00;Geprueft
2020-11-15;97,00;102,00;92,00;Geprueft
2020-11-16;97,00;100,00;92,00;Geprueft
2020-11-17;96,00;97,00;93,00;Geprueft
2020-11-18;96,00;98,00;95,00;Geprueft
2020-11-19;97,00;98,00;95,00;Geprueft
2020-11-20;96,00;97,00;92,00;Geprueft
2020-11-21;94,00;96,00;92,00;Geprueft
2020-11-22;94,00;95,00;91,00;Geprueft
2020-11-23;94,00;98,00;92,00;Geprueft
2020-11-24;94,00;97,00;92,00;Geprueft
2020-11-25;96,00;98,00;93,00;Geprueft
2020-11-26;97,00;99,00;95,00;Geprueft
2020-11-27;98,00;101,00;95,00;Geprueft
2020-11-28;95,00;99,00;90,00;Geprueft
2020-11-29;93,00;95,00;89,00;Geprueft
2020-11-30;94,00;97,00;93,00;Geprueft
2020-12-01;93,00;95,00;92,00;Geprueft
2020-12-02;93,00;97,00;91,00;Geprueft
2020-12-03;97,00;99,00;94,00;Geprueft
2020-12-04;92,00;94,00;88,00;Geprueft
2020-12-05;90,00;91,00;88,00;Geprueft
2020-12-06;93,00;95,00;89,00;Geprueft
2020-12-07;93,00;94,00;91,00;Geprueft
2020-12-08;94,00;96,00;91,00;Geprueft
2020-12-09;98,00;102,00;94,00;Geprueft
2020-12-10;96,00;99,00;94,00;Geprueft
2020-12-11;94,00;96,00;92,00;Geprueft
2020-12-12;94,00;96,00;93,00;Geprueft
2020-12-13;95,00;96,00;95,00;Geprueft
2020-12-14;94,00;96,00;92,00;Geprueft
2020-12-15;94,00;95,00;92,00;Geprueft
2020-12-16;94,00;97,00;93,00;Geprueft
2020-12-17;95,00;96,00;94,00;Geprueft
2020-12-18;95,00;96,00;94,00;Geprueft
2020-12-19;94,00;95,00;93,00;Geprueft
2020-12-20;92,00;93,00;91,00;Geprueft
2020-12-21;92,00;95,00;91,00;Geprueft
2020-12-22;95,00;98,00;91,00;Geprueft
2020-12-23;95,00;96,00;94,00;Geprueft
2020-12-24;96,00;100,00;94,00;Geprueft
2020-12-25;100,00;103,00;96,00;Geprueft
2020-12-26;97,00;98,00;96,00;Geprueft
2020-12-27;97,00;99,00;96,00;Geprueft
2020-12-28;95,00;97,00;93,00;Geprueft
2020-12-29;94,00;98,00;91,00;Geprueft
2020-12-30;95,00;98,00;92,00;Geprueft
2020-12-31;93,00;94,00;92,00;Geprueft
2021-01-01;93,00;93,00;92,00;Geprueft
2021-01-02;93,00;94,00;91,00;Geprueft
2021-01-03;93,00;95,00;91,00;Geprueft
2021-01-04;92,00;94,00;91,00;Geprueft
2021-01-05;94,00;94,00;93,00;Geprueft
2021-01-06;93,00;94,00;90,00;Geprueft
2021-01-07;92,00;95,00;91,00;Geprueft
2021-01-08;93,00;95,00;92,00;Geprueft
2021-01-09;93,00;93,00;92,00;Geprueft
2021-01-10;92,00;93,00;91,00;Geprueft
2021-01-11;92,00;93,00;90,00;Geprueft
2021-01-12;92,00;93,00;91,00;Geprueft
2021-01-13;92,00;94,00;90,00;Geprueft
2021-01-14;91,00;93,00;90,00;Geprueft
2021-01-15;92,00;92,00;91,00;Geprueft
2021-01-16;92,00;94,00;90,00;Geprueft
2021-01-17;92,00;93,00;90,00;Geprueft
2021-01-18;92,00;94,00;90,00;Geprueft
2021-01-19;92,00;93,00;91,00;Geprueft
2021-01-20;93,00;95,00;91,00;Geprueft
2021-01-21;93,00;93,00;92,00;Geprueft
2021-01-22;93,00;95,00;92,00;Geprueft
2021-01-23;93,00;94,00;92,00;Geprueft
2021-01-24;94,00;96,00;93,00;Geprueft
2021-01-25;96,00;98,00;94,00;Geprueft
2021-01-26;94,00;97,00;92,00;Geprueft
2021-01-27;94,00;95,00;93,00;Geprueft
2021-01-28;99,00;102,00;95,00;Geprueft
2021-01-29;114,00;131,00;98,00;Geprueft
2021-01-30;134,00;144,00;128,00;Geprueft
2021-01-31;135,00;145,00;124,00;Geprueft
2021-02-01;128,00;136,00;119,00;Geprueft
2021-02-02;122,00;124,00;120,00;Geprueft
2021-02-03;132,00;143,00;124,00;Geprueft
2021-02-04;138,00;142,00;133,00;Geprueft
2021-02-05;137,00;143,00;130,00;Geprueft
2021-02-06;130,00;134,00;128,00;Geprueft
2021-02-07;127,00;130,00;123,00;Geprueft
2021-02-08;122,00;124,00;119,00;Geprueft
2021-02-09;127,00;132,00;120,00;Geprueft
2021-02-10;125,00;133,00;114,00;Geprueft
2021-02-11;118,00;123,00;114,00;Geprueft
2021-02-12;113,00;119,00;102,00;Geprueft
2021-02-13;105,00;108,00;103,00;Geprueft
2021-02-14;105,00;107,00;103,00;Geprueft
2021-02-15;103,00;105,00;101,00;Geprueft
2021-02-16;104,00;108,00;99,00;Geprueft
2021-02-17;102,00;107,00;98,00;Geprueft
2021-02-18;106,00;108,00;99,00;Geprueft
2021-02-19;106,00;111,00;103,00;Geprueft
2021-02-20;104,00;109,00;101,00;Geprueft
2021-02-21;104,00;107,00;98,00;Geprueft
2021-02-22;102,00;106,00;98,00;Geprueft
2021-02-23;101,00;106,00;96,00;Geprueft
2021-02-24;100,00;103,00;96,00;Geprueft
2021-02-25;103,00;108,00;97,00;Geprueft
2021-02-26;100,00;103,00;98,00;Geprueft
2021-02-27;103,00;108,00;98,00;Geprueft
2021-02-28;104,00;108,00;98,00;Geprueft
2021-03-01;100,00;102,00;97,00;Geprueft
2021-03-02;98,00;100,00;95,00;Geprueft
2021-03-03;100,00;101,00;98,00;Geprueft
2021-03-04;98,00;100,00;96,00;Geprueft
2021-03-05;99,00;101,00;97,00;Geprueft
2021-03-06;100,00;101,00;98,00;Geprueft
2021-03-07;98,00;101,00;95,00;Geprueft
2021-03-08;96,00;99,00;94,00;Geprueft
2021-03-09;97,00;101,00;95,00;Geprueft
2021-03-10;97,00;100,00;96,00;Geprueft
2021-03-11;99,00;101,00;97,00;Geprueft
2021-03-12;97,00;99,00;95,00;Geprueft
2021-03-13;99,00;101,00;97,00;Geprueft
2021-03-14;99,00;102,00;97,00;Geprueft
2021-03-15;99,00;100,00;98,00;Geprueft
2021-03-16;99,00;102,00;97,00;Geprueft
2021-03-17;103,00;106,00;100,00;Geprueft
2021-03-18;107,00;112,00;103,00;Geprueft
2021-03-19;102,00;105,00;98,00;Geprueft
2021-03-20;100,00;104,00;97,00;Geprueft
2021-03-21;100,00;102,00;97,00;Geprueft
2021-03-22;100,00;105,00;97,00;Geprueft
2021-03-23;97,00;99,00;93,00;Geprueft
2021-03-24;94,00;95,00;93,00;Geprueft
2021-03-25;96,00;99,00;94,00;Geprueft
2021-03-26;101,00;102,00;99,00;Geprueft
2021-03-27;103,00;108,00;101,00;Geprueft
2021-03-28;104,00;106,00;101,00;Geprueft
2021-03-29;101,00;103,00;98,00;Geprueft
2021-03-30;101,00;105,00;98,00;Geprueft
2021-03-31;105,00;110,00;101,00;Geprueft
2021-04-01;113,00;116,00;109,00;Geprueft
2021-04-02;112,00;115,00;107,00;Geprueft
2021-04-03;106,00;108,00;103,00;Geprueft
2021-04-04;104,00;106,00;101,00;Geprueft
2021-04-05;101,00;107,00;96,00;Geprueft
2021-04-06;96,00;101,00;95,00;Geprueft
2021-04-07;97,00;98,00;95,00;Geprueft
2021-04-08;97,00;98,00;97,00;Geprueft
2021-04-09;98,00;99,00;97,00;Geprueft
2021-04-10;98,00;99,00;96,00;Geprueft
2021-04-11;98,00;99,00;96,00;Geprueft
2021-04-12;96,00;99,00;93,00;Geprueft
2021-04-13;97,00;100,00;93,00;Geprueft
2021-04-14;98,00;101,00;97,00;Geprueft
2021-04-15;98,00;99,00;97,00;Geprueft
2021-04-16;98,00;99,00;96,00;Geprueft
2021-04-17;97,00;100,00;96,00;Geprueft
2021-04-18;95,00;97,00;94,00;Geprueft
2021-04-19;94,00;95,00;92,00;Geprueft
2021-04-20;96,00;98,00;93,00;Geprueft
2021-04-21;96,00;97,00;95,00;Geprueft
2021-04-22;98,00;101,00;96,00;Geprueft
2021-04-23;96,00;97,00;94,00;Geprueft
2021-04-24;97,00;99,00;94,00;Geprueft
2021-04-25;95,00;97,00;92,00;Geprueft
2021-04-26;95,00;99,00;92,00;Geprueft
2021-04-27;96,00;97,00;94,00;Geprueft
2021-04-28;96,00;97,00;95,00;Geprueft
2021-04-29;97,00;99,00;95,00;Geprueft
2021-04-30;97,00;99,00;96,00;Geprueft
2021-05-01;99,00;102,00;96,00;Geprueft
2021-05-02;109,00;118,00;99,00;Geprueft
2021-05-03;118,00;122,00;114,00;Geprueft
2021-05-04;105,00;114,00;97,00;Geprueft
2021-05-05;102,00;106,00;99,00;Geprueft
2021-05-06;106,00;108,00;104,00;Geprueft
2021-05-07;108,00;110,00;106,00;Geprueft
2021-05-08;111,00;114,00;107,00;Geprueft
2021-05-09;108,00;111,00;104,00;Geprueft
2021-05-10;103,00;108,00;98,00;Geprueft
2021-05-11;103,00;107,00;98,00;Geprueft
2021-05-12;108,00;118,00;101,00;Geprueft
2021-05-13;120,00;125,00;114,00;Geprueft
2021-05-14;115,00;121,00;112,00;Geprueft
2021-05-15;114,00;117,00;111,00;Geprueft
2021-05-16;110,00;114,00;106,00;Geprueft
2021-05-17;111,00;113,00;110,00;Geprueft
2021-05-18;111,00;116,00;106,00;Geprueft
2021-05-19;111,00;122,00;107,00;Geprueft
2021-05-20;118,00;123,00;111,00;Geprueft
2021-05-21;116,00;118,00;112,00;Geprueft
2021-05-22;113,00;117,00;109,00;Geprueft
2021-05-23;116,00;119,00;115,00;Geprueft
2021-05-24;117,00;122,00;116,00;Geprueft
2021-05-25;125,00;132,00;116,00;Geprueft
2021-05-26;118,00;120,00;116,00;Geprueft
2021-05-27;117,00;121,00;115,00;Geprueft
2021-05-28;115,00;116,00;113,00;Geprueft
2021-05-29;114,00;116,00;111,00;Geprueft
2021-05-30;111,00;113,00;106,00;Geprueft
2021-05-31;106,00;112,00;103,00;Geprueft
2021-06-01;109,00;112,00;103,00;Geprueft
2021-06-02;109,00;112,00;104,00;Geprueft
2021-06-03;103,00;105,00;98,00;Geprueft
2021-06-04;106,00;108,00;99,00;Geprueft
2021-06-05;107,00;110,00;103,00;Geprueft
2021-06-06;107,00;113,00;103,00;Geprueft
2021-06-07;117,00;123,00;113,00;Geprueft
2021-06-08;123,00;125,00;121,00;Geprueft
2021-06-09;122,00;125,00;120,00;Geprueft
2021-06-10;123,00;126,00;119,00;Geprueft
2021-06-11;128,00;136,00;121,00;Geprueft
2021-06-12;127,00;131,00;118,00;Geprueft
2021-06-13;112,00;118,00;108,00;Geprueft
2021-06-14;107,00;111,00;104,00;Geprueft
2021-06-15;107,00;109,00;104,00;Geprueft
2021-06-16;113,00;116,00;108,00;Geprueft
2021-06-17;112,00;114,00;107,00;Geprueft
2021-06-18;106,00;109,00;103,00;Geprueft
2021-06-19;102,00;105,00;99,00;Geprueft
2021-06-20;103,00;104,00;101,00;Geprueft
2021-06-21;100,00;103,00;98,00;Geprueft
2021-06-22;108,00;113,00;101,00;Geprueft
2021-06-23;116,00;122,00;108,00;Geprueft
2021-06-24;125,00;127,00;122,00;Geprueft
2021-06-25;128,00;140,00;121,00;Geprueft
2021-06-26;136,00;142,00;128,00;Geprueft
2021-06-27;120,00;128,00;116,00;Geprueft
2021-06-28;117,00;118,00;116,00;Geprueft
2021-06-29;119,00;125,00;113,00;Geprueft
2021-06-30;130,00;135,00;121,00;Geprueft
2021-07-01;127,00;134,00;121,00;Geprueft
2021-07-02;111,00;127,00;107,00;Geprueft
2021-07-03;115,00;118,00;113,00;Geprueft
2021-07-04;116,00;118,00;111,00;Geprueft
2021-07-05;114,00;116,00;111,00;Geprueft
2021-07-06;113,00;114,00;110,00;Geprueft
2021-07-07;113,00;115,00;109,00;Geprueft
2021-07-08;117,00;120,00;114,00;Geprueft
2021-07-09;134,00;157,00;118,00;Geprueft
2021-07-10;151,00;156,00;147,00;Geprueft
2021-07-11;143,00;150,00;139,00;Geprueft
2021-07-12;140,00;142,00;138,00;Geprueft
2021-07-13;140,00;143,00;130,00;Geprueft
2021-07-14;136,00;140,00;129,00;Geprueft
2021-07-15;134,00;139,00;130,00;Geprueft
2021-07-16;140,00;146,00;134,00;Geprueft
2021-07-17;142,00;157,00;131,00;Geprueft
2021-07-18;156,00;168,00;141,00;Geprueft
2021-07-19;194,00;227,00;162,00;Geprueft
2021-07-20;243,00;251,00;227,00;Geprueft
2021-07-21;225,00;249,00;200,00;Geprueft
2021-07-22;187,00;200,00;166,00;Geprueft
2021-07-23;157,00;184,00;142,00;Geprueft
2021-07-24;136,00;144,00;131,00;Geprueft
2021-07-25;131,00;136,00;128,00;Geprueft
2021-07-26;135,00;139,00;132,00;Geprueft
2021-07-27;147,00;162,00;137,00;Geprueft
2021-07-28;147,00;155,00;140,00;Geprueft
2021-07-29;140,00;143,00;135,00;Geprueft
2021-07-30;132,00;136,00;129,00;Geprueft
2021-07-31;127,00;137,00;122,00;Geprueft
2021-08-01;137,00;142,00;127,00;Geprueft
2021-08-02;134,00;141,00;128,00;Geprueft
2021-08-03;137,00;146,00;132,00;Geprueft
2021-08-04;132,00;133,00;131,00;Geprueft
2021-08-05;131,00;141,00;123,00;Geprueft
2021-08-06;159,00;171,00;136,00;Geprueft
2021-08-07;161,00;167,00;157,00;Geprueft
2021-08-08;152,00;159,00;147,00;Geprueft
2021-08-09;142,00;148,00;137,00;Geprueft
2021-08-10;145,00;151,00;135,00;Geprueft
2021-08-11;136,00;140,00;132,00;Geprueft
2021-08-12;130,00;134,00;125,00;Geprueft
2021-08-13;127,00;129,00;125,00;Geprueft
2021-08-14;120,00;127,00;116,00;Geprueft
2021-08-15;118,00;121,00;116,00;Geprueft
2021-08-16;116,00;124,00;113,00;Geprueft
2021-08-17;129,00;135,00;124,00;Geprueft
2021-08-18;143,00;146,00;135,00;Geprueft
2021-08-19;141,00;144,00;138,00;Geprueft
2021-08-20;131,00;142,00;121,00;Geprueft
2021-08-21;121,00;124,00;118,00;Geprueft
2021-08-22;120,00;123,00;119,00;Geprueft
2021-08-23;126,00;130,00;119,00;Geprueft
2021-08-24;128,00;130,00;126,00;Geprueft
2021-08-25;128,00;131,00;127,00;Geprueft
2021-08-26;124,00;129,00;118,00;Geprueft
2021-08-27;124,00;127,00;119,00;Geprueft
2021-08-28;130,00;132,00;126,00;Geprueft
2021-08-29;140,00;153,00;131,00;Geprueft
2021-08-30;165,00;191,00;147,00;Geprueft
2021-08-31;234,00;262,00;182,00;Geprueft
2021-09-01;238,00;248,00;223,00;Geprueft
2021-09-02;210,00;231,00;186,00;Geprueft
2021-09-03;170,00;186,00;152,00;Geprueft
2021-09-04;148,00;156,00;143,00;Geprueft
2021-09-05;143,00;152,00;135,00;Geprueft
2021-09-06;133,00;136,00;129,00;Geprueft
2021-09-07;130,00;133,00;126,00;Geprueft
2021-09-08;129,00;137,00;126,00;Geprueft
2021-09-09;124,00;128,00;121,00;Geprueft
2021-09-10;124,00;130,00;115,00;Geprueft
2021-09-11;121,00;124,00;119,00;Geprueft
2021-09-12;119,00;121,00;116,00;Geprueft
2021-09-13;117,00;119,00;113,00;Geprueft
2021-09-14;115,00;117,00;113,00;Geprueft
2021-09-15;114,00;115,00;112,00;Geprueft
2021-09-16;115,00;120,00;111,00;Geprueft
2021-09-17;118,00;120,00;114,00;Geprueft
2021-09-18;121,00;123,00;119,00;Geprueft
2021-09-19;116,00;122,00;101,00;Geprueft
2021-09-20;107,00;114,00;101,00;Geprueft
2021-09-21;114,00;119,00;108,00;Geprueft
2021-09-22;115,00;118,00;113,00;Geprueft
2021-09-23;114,00;117,00;110,00;Geprueft
2021-09-24;107,00;112,00;101,00;Geprueft
2021-09-25;104,00;108,00;101,00;Geprueft
2021-09-26;104,00;108,00;101,00;Geprueft
2021-09-27;134,00;154,00;106,00;Geprueft
2021-09-28;141,00;153,00;125,00;Geprueft
2021-09-29;122,00;127,00;117,00;Geprueft
2021-09-30;116,00;121,00;111,00;Geprueft
2021-10-01;112,00;114,00;110,00;Geprueft
2021-10-02;112,00;116,00;107,00;Geprueft
2021-10-03;113,00;116,00;107,00;Geprueft
2021-10-04;109,00;112,00;105,00;Geprueft
2021-10-05;107,00;113,00;99,00;Geprueft
2021-10-06;106,00;110,00;102,00;Geprueft
2021-10-07;105,00;108,00;103,00;Geprueft
2021-10-08;107,00;116,00;103,00;Geprueft
2021-10-09;106,00;114,00;102,00;Geprueft
2021-10-10;105,00;111,00;103,00;Geprueft
2021-10-11;103,00;108,00;96,00;Geprueft
2021-10-12;107,00;111,00;102,00;Geprueft
2021-10-13;110,00;111,00;107,00;Geprueft
2021-10-14;113,00;119,00;108,00;Geprueft
2021-10-15;109,00;116,00;100,00;Geprueft
2021-10-16;107,00;114,00;102,00;Geprueft
2021-10-17;104,00;111,00;95,00;Geprueft
2021-10-18;104,00;117,00;97,00;Geprueft
2021-10-19;103,00;110,00;97,00;Geprueft
2021-10-20;105,00;109,00;102,00;Geprueft
2021-10-21;105,00;108,00;101,00;Geprueft
2021-10-22;103,00;106,00;101,00;Geprueft
2021-10-23;102,00;103,00;100,00;Geprueft
2021-10-24;103,00;106,00;100,00;Geprueft
2021-10-25;102,00;105,00;99,00;Geprueft
2021-10-26;101,00;103,00;99,00;Geprueft
2021-10-27;101,00;102,00;99,00;Geprueft
2021-10-28;100,00;101,00;99,00;Geprueft
2021-10-29;101,00;101,00;100,00;Geprueft
2021-10-30;100,00;101,00;98,00;Geprueft
2021-10-31;99,00;100,00;97,00;Geprueft
2021-11-01;98,00;99,00;94,00;Geprueft
2021-11-02;101,00;105,00;97,00;Geprueft
2021-11-03;105,00;110,00;101,00;Geprueft
2021-11-04;107,00;111,00;104,00;Geprueft
2021-11-05;109,00;112,00;106,00;Geprueft
2021-11-06;107,00;109,00;102,00;Geprueft
2021-11-07;103,00;105,00;100,00;Geprueft
2021-11-08;103,00;106,00;101,00;Geprueft
2021-11-09;100,00;102,00;99,00;Geprueft
2021-11-10;101,00;102,00;99,00;Geprueft
2021-11-11;100,00;101,00;99,00;Geprueft
2021-11-12;99,00;101,00;97,00;Geprueft
2021-11-13;99,00;102,00;96,00;Geprueft
2021-11-14;100,00;101,00;99,00;Geprueft
2021-11-15;100,00;101,00;99,00;Geprueft
2021-11-16;104,00;106,00;100,00;Geprueft
2021-11-17;103,00;105,00;101,00;Geprueft
2021-11-18;102,00;104,00;97,00;Geprueft
2021-11-19;100,00;102,00;97,00;Geprueft
2021-11-20;100,00;101,00;100,00;Geprueft
2021-11-21;101,00;104,00;99,00;Geprueft
2021-11-22;100,00;100,00;97,00;Geprueft
2021-11-23;99,00;100,00;97,00;Geprueft
2021-11-24;101,00;104,00;98,00;Geprueft
2021-11-25;101,00;102,00;99,00;Geprueft
2021-11-26;98,00;101,00;94,00;Geprueft
2021-11-27;99,00;100,00;96,00;Geprueft
2021-11-28;97,00;98,00;96,00;Geprueft
2021-11-29;100,00;102,00;97,00;Geprueft
2021-11-30;100,00;103,00;96,00;Geprueft
2021-12-01;98,00;99,00;97,00;Geprueft
2021-12-02;105,00;107,00;99,00;Geprueft
2021-12-03;102,00;103,00;99,00;Geprueft
2021-12-04;98,00;102,00;96,00;Geprueft
2021-12-05;104,00;110,00;99,00;Geprueft
2021-12-06;110,00;118,00;105,00;Geprueft
2021-12-07;105,00;108,00;102,00;Geprueft
2021-12-08;99,00;102,00;97,00;Geprueft
2021-12-09;104,00;109,00;97,00;Geprueft
2021-12-10;103,00;105,00;99,00;Geprueft
2021-12-11;101,00;102,00;100,00;Geprueft
2021-12-12;101,00;102,00;97,00;Geprueft
2021-12-13;99,00;103,00;97,00;Geprueft
2021-12-14;104,00;109,00;98,00;Geprueft
2021-12-15;112,00;118,00;106,00;Geprueft
2021-12-16;108,00;110,00;107,00;Geprueft
2021-12-17;101,00;107,00;97,00;Geprueft
2021-12-18;106,00;109,00;101,00;Geprueft
2021-12-19;104,00;108,00;101,00;Geprueft
2021-12-20;103,00;106,00;98,00;Geprueft
2021-12-21;100,00;104,00;97,00;Geprueft
2021-12-22;99,00;103,00;93,00;Geprueft
2021-12-23;98,00;103,00;94,00;Geprueft
2021-12-24;100,00;105,00;96,00;Geprueft
2021-12-25;101,00;104,00;97,00;Geprueft
2021-12-26;102,00;104,00;97,00;Geprueft
2021-12-27;103,00;108,00;100,00;Geprueft
2021-12-28;105,00;109,00;100,00;Geprueft
2021-12-29;115,00;123,00;105,00;Geprueft
2021-12-30;132,00;152,00;122,00;Geprueft
2021-12-31;149,00;156,00;143,00;Geprueft
2022-01-01;143,00;154,00;130,00;Geprueft
2022-01-02;120,00;133,00;112,00;Geprueft
2022-01-03;113,00;115,00;110,00;Geprueft
2022-01-04;115,00;119,00;112,00;Geprueft
2022-01-05;116,00;120,00;113,00;Geprueft
2022-01-06;118,00;122,00;115,00;Geprueft
2022-01-07;116,00;121,00;108,00;Geprueft
2022-01-08;110,00;114,00;107,00;Geprueft
2022-01-09;109,00;113,00;103,00;Geprueft
2022-01-10;104,00;108,00;100,00;Geprueft
2022-01-11;104,00;109,00;101,00;Geprueft
2022-01-12;105,00;110,00;101,00;Geprueft
2022-01-13;105,00;107,00;99,00;Geprueft
2022-01-14;106,00;107,00;104,00;Geprueft
2022-01-15;105,00;110,00;102,00;Geprueft
2022-01-16;101,00;105,00;96,00;Geprueft
2022-01-17;98,00;100,00;97,00;Geprueft
2022-01-18;101,00;104,00;98,00;Geprueft
2022-01-19;101,00;103,00;99,00;Geprueft
2022-01-20;101,00;104,00;99,00;Geprueft
2022-01-21;100,00;101,00;99,00;Geprueft
2022-01-22;99,00;102,00;98,00;Geprueft
2022-01-23;102,00;103,00;100,00;Geprueft
2022-01-24;102,00;104,00;99,00;Geprueft
2022-01-25;100,00;106,00;95,00;Geprueft
2022-01-26;97,00;99,00;95,00;Geprueft
2022-01-27;98,00;102,00;97,00;Geprueft
2022-01-28;102,00;105,00;97,00;Geprueft
2022-01-29;99,00;102,00;96,00;Geprueft
2022-01-30;99,00;106,00;96,00;Geprueft
2022-01-31;101,00;102,00;99,00;Geprueft
2022-02-01;103,00;106,00;99,00;Geprueft
2022-02-02;102,00;105,00;99,00;Geprueft
2022-02-03;103,00;107,00;101,00;Geprueft
2022-02-04;104,00;106,00;102,00;Geprueft
2022-02-05;103,00;107,00;98,00;Geprueft
2022-02-06;101,00;105,00;99,00;Geprueft
2022-02-07;106,00;110,00;102,00;Geprueft
2022-02-08;103,00;108,00;100,00;Geprueft
2022-02-09;102,00;105,00;100,00;Geprueft
2022-02-10;104,00;106,00;103,00;Geprueft
2022-02-11;103,00;108,00;99,00;Geprueft
2022-02-12;102,00;104,00;100,00;Geprueft
2022-02-13;104,00;107,00;100,00;Geprueft
2022-02-14;101,00;103,00;100,00;Geprueft
2022-02-15;101,00;103,00;100,00;Geprueft
2022-02-16;100,00;104,00;96,00;Geprueft
2022-02-17;106,00;115,00;98,00;Geprueft
2022-02-18;108,00;110,00;105,00;Geprueft
2022-02-19;108,00;117,00;103,00;Geprueft
2022-02-20;109,00;116,00;105,00;Geprueft
2022-02-21;106,00;109,00;104,00;Geprueft
2022-02-22;103,00;106,00;100,00;Geprueft
2022-02-23;104,00;110,00;101,00;Geprueft
2022-02-24;106,00;107,00;103,00;Geprueft
2022-02-25;104,00;107,00;102,00;Geprueft
2022-02-26;106,00;111,00;101,00;Geprueft
2022-02-27;102,00;103,00;101,00;Geprueft
2022-02-28;103,00;105,00;101,00;Geprueft
2022-03-01;104,00;106,00;103,00;Geprueft
2022-03-02;103,00;106,00;100,00;Geprueft
2022-03-03;102,00;103,00;100,00;Geprueft
2022-03-04;104,00;110,00;101,00;Geprueft
2022-03-05;106,00;109,00;104,00;Geprueft
2022-03-06;102,00;105,00;97,00;Geprueft
2022-03-07;98,00;99,00;96,00;Geprueft
2022-03-08;100,00;103,00;97,00;Geprueft
2022-03-09;102,00;106,00;100,00;Geprueft
2022-03-10;102,00;106,00;97,00;Geprueft
2022-03-11;98,00;100,00;96,00;Geprueft
2022-03-12;99,00;101,00;97,00;Geprueft
2022-03-13;98,00;99,00;97,00;Geprueft
2022-03-14;96,00;99,00;91,00;Geprueft
2022-03-15;95,00;101,00;92,00;Geprueft
2022-03-16;101,00;103,00;100,00;Geprueft
2022-03-17;101,00;106,00;98,00;Geprueft
2022-03-18;100,00;102,00;98,00;Geprueft
2022-03-19;103,00;105,00;101,00;Geprueft
2022-03-20;102,00;103,00;98,00;Geprueft
2022-03-21;100,00;103,00;98,00;Geprueft
2022-03-22;99,00;101,00;97,00;Geprueft
2022-03-23;100,00;102,00;97,00;Geprueft
2022-03-24;101,00;103,00;100,00;Geprueft
2022-03-25;102,00;103,00;101,00;Geprueft
2022-03-26;103,00;104,00;102,00;Geprueft
2022-03-27;102,00;103,00;101,00;Geprueft
2022-03-28;102,00;104,00;101,00;Geprueft
2022-03-29;102,00;102,00;101,00;Geprueft
2022-03-30;102,00;104,00;101,00;Geprueft
2022-03-31;105,00;107,00;101,00;Geprueft
2022-04-01;105,00;109,00;102,00;Geprueft
2022-04-02;105,00;110,00;102,00;Geprueft
2022-04-03;103,00;106,00;100,00;Geprueft
2022-04-04;99,00;102,00;97,00;Geprueft
2022-04-05;100,00;101,00;98,00;Geprueft
2022-04-06;100,00;103,00;99,00;Geprueft
2022-04-07;102,00;108,00;100,00;Geprueft
2022-04-08;109,00;118,00;103,00;Geprueft
2022-04-09;108,00;120,00;99,00;Geprueft
2022-04-10;106,00;115,00;102,00;Geprueft
2022-04-11;102,00;107,00;96,00;Geprueft
2022-04-12;96,00;98,00;94,00;Geprueft
2022-04-13;100,00;102,00;96,00;Geprueft
2022-04-14;102,00;104,00;99,00;Geprueft
2022-04-15;103,00;104,00;101,00;Geprueft
2022-04-16;102,00;103,00;99,00;Geprueft
2022-04-17;100,00;101,00;99,00;Geprueft
2022-04-18;98,00;100,00;96,00;Geprueft
2022-04-19;98,00;107,00;94,00;Geprueft
2022-04-20;99,00;102,00;96,00;Geprueft
2022-04-21;101,00;106,00;99,00;Geprueft
2022-04-22;101,00;102,00;99,00;Geprueft
2022-04-23;98,00;100,00;95,00;Geprueft
2022-04-24;98,00;101,00;95,00;Geprueft
2022-04-25;99,00;102,00;97,00;Geprueft
2022-04-26;98,00;101,00;94,00;Geprueft
2022-04-27;101,00;104,00;97,00;Geprueft
2022-04-28;98,00;100,00;94,00;Geprueft
2022-04-29;97,00;98,00;95,00;Geprueft
2022-04-30;97,00;99,00;95,00;Geprueft
2022-05-01;97,00;100,00;96,00;Geprueft
2022-05-02;94,00;96,00;92,00;Geprueft
2022-05-03;98,00;102,00;92,00;Geprueft
2022-05-04;98,00;102,00;93,00;Geprueft
2022-05-05;98,00;101,00;96,00;Geprueft
2022-05-06;103,00;107,00;100,00;Geprueft
2022-05-07;108,00;113,00;104,00;Geprueft
2022-05-08;111,00;114,00;108,00;Geprueft
2022-05-09;111,00;116,00;104,00;Geprueft
2022-05-10;105,00;108,00;104,00;Geprueft
2022-05-11;105,00;106,00;104,00;Geprueft
2022-05-12;104,00;108,00;100,00;Geprueft
2022-05-13;101,00;103,00;99,00;Geprueft
2022-05-14;103,00;105,00;100,00;Geprueft
2022-05-15;104,00;104,00;102,00;Geprueft
2022-05-16;104,00;105,00;103,00;Geprueft
2022-05-17;105,00;107,00;103,00;Geprueft
2022-05-18;106,00;110,00;104,00;Geprueft
2022-05-19;105,00;106,00;102,00;Geprueft
2022-05-20;104,00;105,00;103,00;Geprueft
2022-05-21;103,00;104,00;101,00;Geprueft
2022-05-22;106,00;110,00;102,00;Geprueft
2022-05-23;106,00;110,00;101,00;Geprueft
2022-05-24;112,00;118,00;105,00;Geprueft
2022-05-25;125,00;140,00;115,00;Geprueft
2022-05-26;120,00;134,00;106,00;Geprueft
2022-05-27;119,00;124,00;115,00;Geprueft
2022-05-28;113,00;121,00;104,00;Geprueft
2022-05-29;106,00;112,00;102,00;Geprueft
2022-05-30;110,00;114,00;104,00;Geprueft
2022-05-31;115,00;127,00;104,00;Geprueft
2022-06-01;109,00;116,00;107,00;Geprueft
2022-06-02;108,00;114,00;104,00;Geprueft
2022-06-03;107,00;109,00;105,00;Geprueft
2022-06-04;106,00;108,00;102,00;Geprueft
2022-06-05;106,00;113,00;102,00;Geprueft
2022-06-06;111,00;115,00;106,00;Geprueft
2022-06-07;119,00;135,00;109,00;Geprueft
2022-06-08;113,00;122,00;106,00;Geprueft
2022-06-09;117,00;124,00;110,00;Geprueft
2022-06-10;124,00;133,00;120,00;Geprueft
2022-06-11;123,00;129,00;114,00;Geprueft
2022-06-12;122,00;128,00;115,00;Geprueft
2022-06-13;112,00;118,00;106,00;Geprueft
2022-06-14;110,00;114,00;104,00;Geprueft
2022-06-15;111,00;117,00;109,00;Geprueft
2022-06-16;107,00;111,00;103,00;Geprueft
2022-06-17;105,00;110,00;102,00;Geprueft
2022-06-18;106,00;109,00;101,00;Geprueft
2022-06-19;101,00;105,00;97,00;Geprueft
2022-06-20;100,00;104,00;99,00;Geprueft
2022-06-21;102,00;104,00;100,00;Geprueft
2022-06-22;102,00;105,00;99,00;Geprueft
2022-06-23;105,00;108,00;101,00;Geprueft
2022-06-24;100,00;103,00;98,00;Geprueft
2022-06-25;106,00;110,00;99,00;Geprueft
2022-06-26;108,00;110,00;105,00;Geprueft
2022-06-27;106,00;109,00;98,00;Geprueft
2022-06-28;113,00;121,00;98,00;Geprueft
2022-06-29;119,00;127,00;114,00;Geprueft
2022-06-30;117,00;122,00;110,00;Geprueft
2022-07-01;114,00;119,00;110,00;Geprueft
2022-07-02;112,00;115,00;106,00;Geprueft
2022-07-03;109,00;112,00;103,00;Geprueft
2022-07-04;105,00;111,00;102,00;Geprueft
2022-07-05;104,00;110,00;100,00;Geprueft
2022-07-06;108,00;111,00;103,00;Geprueft
2022-07-07;106,00;109,00;103,00;Geprueft
2022-07-08;104,00;107,00;98,00;Geprueft
2022-07-09;100,00;103,00;96,00;Geprueft
2022-07-10;98,00;101,00;94,00;Geprueft
2022-07-11;98,00;100,00;97,00;Geprueft
2022-07-12;99,00;102,00;97,00;Geprueft
2022-07-13;102,00;104,00;99,00;Geprueft
2022-07-14;102,00;105,00;98,00;Geprueft
2022-07-15;98,00;101,00;96,00;Geprueft
2022-07-16;96,00;98,00;93,00;Geprueft
2022-07-17;95,00;96,00;93,00;Geprueft
2022-07-18;94,00;97,00;92,00;Geprueft
2022-07-19;95,00;99,00;93,00;Geprueft
2022-07-20;98,00;100,00;95,00;Geprueft
2022-07-21;98,00;100,00;97,00;Geprueft
2022-07-22;97,00;99,00;95,00;Geprueft
2022-07-23;96,00;99,00;95,00;Geprueft
2022-07-24;95,00;98,00;90,00;Geprueft
2022-07-25;92,00;95,00;91,00;Geprueft
2022-07-26;99,00;102,00;93,00;Geprueft
2022-07-27;101,00;106,00;96,00;Geprueft
2022-07-28;98,00;100,00;97,00;Geprueft
2022-07-29;98,00;100,00;96,00;Geprueft
2022-07-30;97,00;98,00;95,00;Geprueft
2022-07-31;99,00;103,00;95,00;Geprueft
2022-08-01;97,00;101,00;95,00;Geprueft
2022-08-02;96,00;98,00;95,00;Geprueft
2022-08-03;96,00;97,00;96,00;Geprueft
2022-08-04;97,00;99,00;96,00;Geprueft
2022-08-05;96,00;98,00;96,00;Geprueft
2022-08-06;98,00;101,00;97,00;Geprueft
2022-08-07;99,00;101,00;97,00;Geprueft
2022-08-08;97,00;99,00;93,00;Geprueft
2022-08-09;94,00;97,00;90,00;Geprueft
2022-08-10;95,00;97,00;94,00;Geprueft
2022-08-11;94,00;98,00;91,00;Geprueft
2022-08-12;94,00;98,00;91,00;Geprueft
2022-08-13;93,00;95,00;92,00;Geprueft
2022-08-14;93,00;94,00;92,00;Geprueft
2022-08-15;93,00;95,00;92,00;Geprueft
2022-08-16;94,00;96,00;92,00;Geprueft
2022-08-17;92,00;93,00;90,00;Geprueft
2022-08-18;94,00;97,00;91,00;Geprueft
2022-08-19;97,00;101,00;94,00;Geprueft
2022-08-20;102,00;106,00;99,00;Geprueft
2022-08-21;104,00;109,00;99,00;Geprueft
2022-08-22;99,00;101,00;94,00;Geprueft
2022-08-23;95,00;96,00;93,00;Geprueft
2022-08-24;95,00;97,00;92,00;Geprueft
2022-08-25;96,00;100,00;95,00;Geprueft
2022-08-26;97,00;100,00;93,00;Geprueft
2022-08-27;95,00;96,00;95,00;Geprueft
2022-08-28;100,00;104,00;96,00;Geprueft
2022-08-29;103,00;108,00;97,00;Geprueft
2022-08-30;99,00;101,00;93,00;Geprueft
2022-08-31;96,00;99,00;92,00;Geprueft
2022-09-01;101,00;105,00;96,00;Geprueft
2022-09-02;100,00;104,00;96,00;Geprueft
2022-09-03;98,00;99,00;97,00;Geprueft
2022-09-04;98,00;99,00;97,00;Geprueft
2022-09-05;98,00;100,00;96,00;Geprueft
2022-09-06;96,00;98,00;92,00;Geprueft
2022-09-07;95,00;97,00;94,00;Geprueft
2022-09-08;97,00;98,00;95,00;Geprueft
2022-09-09;96,00;98,00;93,00;Geprueft
2022-09-10;96,00;98,00;93,00;Geprueft
2022-09-11;96,00;97,00;95,00;Geprueft
2022-09-12;96,00;97,00;93,00;Geprueft
2022-09-13;96,00;97,00;93,00;Geprueft
2022-09-14;96,00;98,00;93,00;Geprueft
2022-09-15;98,00;101,00;95,00;Geprueft
2022-09-16;98,00;101,00;96,00;Geprueft
2022-09-17;97,00;103,00;95,00;Geprueft
2022-09-18;102,00;104,00;99,00;Geprueft
2022-09-19;104,00;107,00;101,00;Geprueft
2022-09-20;103,00;107,00;101,00;Geprueft
2022-09-21;103,00;105,00;101,00;Geprueft
2022-09-22;97,00;102,00;94,00;Geprueft
2022-09-23;97,00;99,00;96,00;Geprueft
2022-09-24;100,00;102,00;97,00;Geprueft
2022-09-25;97,00;100,00;95,00;Geprueft
2022-09-26;96,00;97,00;94,00;Geprueft
2022-09-27;96,00;98,00;93,00;Geprueft
2022-09-28;98,00;101,00;93,00;Geprueft
2022-09-29;107,00;111,00;100,00;Geprueft
2022-09-30;109,00;116,00;104,00;Geprueft
2022-10-01;106,00;109,00;99,00;Geprueft
2022-10-02;105,00;110,00;98,00;Geprueft
2022-10-03;127,00;147,00;104,00;Geprueft
2022-10-04;150,00;155,00;145,00;Geprueft
2022-10-05;134,00;147,00;121,00;Geprueft
2022-10-06;118,00;121,00;115,00;Geprueft
2022-10-07;113,00;118,00;111,00;Geprueft
2022-10-08;112,00;118,00;103,00;Geprueft
2022-10-09;110,00;118,00;104,00;Geprueft
2022-10-10;111,00;118,00;99,00;Geprueft
2022-10-11;102,00;104,00;100,00;Geprueft
2022-10-12;101,00;102,00;100,00;Geprueft
2022-10-13;100,00;102,00;98,00;Geprueft
2022-10-14;102,00;104,00;100,00;Geprueft
2022-10-15;107,00;113,00;104,00;Geprueft
2022-10-16;112,00;114,00;110,00;Geprueft
2022-10-17;106,00;112,00;102,00;Geprueft
2022-10-18;101,00;106,00;99,00;Geprueft
2022-10-19;102,00;104,00;100,00;Geprueft
2022-10-20;102,00;104,00;99,00;Geprueft
2022-10-21;102,00;104,00;100,00;Geprueft
2022-10-22;102,00;102,00;101,00;Geprueft
2022-10-23;101,00;103,00;100,00;Geprueft
2022-10-24;102,00;109,00;100,00;Geprueft
2022-10-25;115,00;118,00;109,00;Geprueft
2022-10-26;116,00;118,00;115,00;Geprueft
2022-10-27;110,00;117,00;102,00;Geprueft
2022-10-28;103,00;104,00;102,00;Geprueft
2022-10-29;103,00;105,00;98,00;Geprueft
2022-10-30;101,00;103,00;98,00;Geprueft
2022-10-31;99,00;102,00;97,00;Geprueft
2022-11-01;98,00;99,00;97,00;Geprueft
2022-11-02;98,00;100,00;97,00;Geprueft
2022-11-03;98,00;99,00;97,00;Geprueft
2022-11-04;97,00;98,00;96,00;Geprueft
2022-11-05;97,00;98,00;96,00;Geprueft
2022-11-06;97,00;98,00;97,00;Geprueft
2022-11-07;97,00;98,00;97,00;Geprueft
2022-11-08;97,00;98,00;96,00;Geprueft
2022-11-09;96,00;98,00;95,00;Geprueft
2022-11-10;96,00;97,00;95,00;Geprueft
2022-11-11;96,00;96,00;95,00;Geprueft
2022-11-12;95,00;97,00;92,00;Geprueft
2022-11-13;93,00;94,00;91,00;Geprueft
2022-11-14;94,00;95,00;93,00;Geprueft
2022-11-15;94,00;97,00;92,00;Geprueft
2022-11-16;97,00;101,00;95,00;Geprueft
2022-11-17;97,00;99,00;95,00;Geprueft
2022-11-18;96,00;97,00;95,00;Geprueft
2022-11-19;98,00;100,00;96,00;Geprueft
2022-11-20;99,00;101,00;97,00;Geprueft
2022-11-21;97,00;99,00;96,00;Geprueft
2022-11-22;97,00;98,00;97,00;Geprueft
2022-11-23;99,00;102,00;97,00;Geprueft
2022-11-24;101,00;103,00;100,00;Geprueft
2022-11-25;100,00;103,00;98,00;Geprueft
2022-11-26;101,00;104,00;98,00;Geprueft
2022-11-27;99,00;100,00;97,00;Geprueft
2022-11-28;99,00;100,00;98,00;Geprueft
2022-11-29;99,00;99,00;98,00;Geprueft
2022-11-30;99,00;100,00;98,00;Geprueft
2022-12-01;101,00;102,00;99,00;Geprueft
2022-12-02;101,00;102,00;99,00;Geprueft
2022-12-03;101,00;104,00;99,00;Geprueft
2022-12-04;98,00;101,00;95,00;Geprueft
2022-12-05;97,00;98,00;95,00;Geprueft
2022-12-06;97,00;99,00;95,00;Geprueft
2022-12-07;97,00;99,00;96,00;Geprueft
2022-12-08;98,00;100,00;96,00;Geprueft
2022-12-09;97,00;99,00;94,00;Geprueft
2022-12-10;96,00;98,00;93,00;Geprueft
2022-12-11;94,00;99,00;93,00;Geprueft
2022-12-12;94,00;97,00;91,00;Geprueft
2022-12-13;95,00;97,00;92,00;Geprueft
2022-12-14;96,00;98,00;94,00;Geprueft
2022-12-15;96,00;98,00;94,00;Geprueft
2022-12-16;99,00;102,00;95,00;Geprueft
2022-12-17;97,00;102,00;94,00;Geprueft
2022-12-18;95,00;97,00;94,00;Geprueft
2022-12-19;95,00;96,00;95,00;Geprueft
2022-12-20;95,00;96,00;93,00;Geprueft
2022-12-21;94,00;96,00;92,00;Geprueft
2022-12-22;99,00;103,00;93,00;Geprueft
2022-12-23;106,00;111,00;100,00;Geprueft
2022-12-24;122,00;131,00;106,00;Geprueft
2022-12-25;118,00;121,00;114,00;Geprueft
2022-12-26;110,00;115,00;103,00;Geprueft
2022-12-27;108,00;116,00;104,00;Geprueft
2022-12-28;113,00;116,00;108,00;Geprueft
2022-12-29;111,00;114,00;109,00;Geprueft
2022-12-30;109,00;116,00;105,00;Geprueft
2022-12-31;107,00;109,00;104,00;Geprueft
2023-01-01;106,00;108,00;104,00;Geprueft
2023-01-02;104,00;107,00;100,00;Geprueft
2023-01-03;102,00;105,00;101,00;Geprueft
2023-01-04;105,00;108,00;103,00;Geprueft
2023-01-05;103,00;104,00;101,00;Geprueft
2023-01-06;104,00;105,00;102,00;Geprueft
2023-01-07;103,00;106,00;100,00;Geprueft
2023-01-08;101,00;103,00;98,00;Geprueft
2023-01-09;100,00;103,00;97,00;Geprueft
2023-01-10;101,00;102,00;100,00;Geprueft
2023-01-11;103,00;105,00;100,00;Geprueft
2023-01-12;101,00;104,00;99,00;Geprueft
2023-01-13;100,00;100,00;99,00;Geprueft
2023-01-14;99,00;101,00;95,00;Geprueft
2023-01-15;98,00;101,00;96,00;Geprueft
2023-01-16;100,00;101,00;99,00;Geprueft
2023-01-17;97,00;100,00;95,00;Geprueft
2023-01-18;100,00;103,00;97,00;Geprueft
2023-01-19;98,00;99,00;98,00;Geprueft
2023-01-20;98,00;99,00;95,00;Geprueft
2023-01-21;98,00;99,00;95,00;Geprueft
2023-01-22;99,00;101,00;95,00;Geprueft
2023-01-23;97,00;100,00;94,00;Geprueft
2023-01-24;97,00;99,00;96,00;Geprueft
2023-01-25;98,00;99,00;95,00;Geprueft
2023-01-26;98,00;100,00;95,00;Geprueft
2023-01-27;99,00;101,00;96,00;Geprueft
2023-01-28;99,00;100,00;98,00;Geprueft
2023-01-29;96,00;98,00;95,00;Geprueft
2023-01-30;95,00;96,00;93,00;Geprueft
2023-01-31;95,00;97,00;93,00;Geprueft
2023-02-01;96,00;98,00;95,00;Geprueft
2023-02-02;98,00;100,00;95,00;Geprueft
2023-02-03;100,00;103,00;97,00;Geprueft
2023-02-04;101,00;106,00;97,00;Geprueft
2023-02-05;103,00;105,00;99,00;Geprueft
2023-02-06;100,00;103,00;99,00;Geprueft
2023-02-07;100,00;101,00;99,00;Geprueft
2023-02-08;100,00;102,00;97,00;Geprueft
2023-02-09;99,00;100,00;98,00;Geprueft
2023-02-10;99,00;101,00;94,00;Geprueft
2023-02-11;97,00;98,00;94,00;Geprueft
2023-02-12;95,00;97,00;94,00;Geprueft
2023-02-13;94,00;96,00;91,00;Geprueft
2023-02-14;95,00;98,00;92,00;Geprueft
2023-02-15;95,00;97,00;93,00;Geprueft
2023-02-16;94,00;94,00;93,00;Geprueft
2023-02-17;95,00;97,00;94,00;Geprueft
2023-02-18;96,00;97,00;95,00;Geprueft
2023-02-19;96,00;98,00;93,00;Geprueft
2023-02-20;97,00;99,00;94,00;Geprueft
2023-02-21;97,00;99,00;95,00;Geprueft
2023-02-22;96,00;98,00;95,00;Geprueft
2023-02-23;96,00;98,00;94,00;Geprueft
2023-02-24;96,00;98,00;95,00;Geprueft
2023-02-25;97,00;99,00;96,00;Geprueft
2023-02-26;101,00;102,00;98,00;Geprueft
2023-02-27;101,00;103,00;99,00;Geprueft
2023-02-28;100,00;104,00;98,00;Geprueft
2023-03-01;99,00;100,00;98,00;Geprueft
2023-03-02;98,00;99,00;95,00;Geprueft
2023-03-03;98,00;99,00;96,00;Geprueft
2023-03-04;97,00;98,00;95,00;Geprueft
2023-03-05;97,00;99,00;95,00;Geprueft
2023-03-06;98,00;100,00;96,00;Geprueft
2023-03-07;98,00;98,00;96,00;Geprueft
2023-03-08;100,00;101,00;97,00;Geprueft
2023-03-09;96,00;98,00;94,00;Geprueft
2023-03-10;101,00;105,00;97,00;Geprueft
2023-03-11;104,00;106,00;101,00;Geprueft
2023-03-12;103,00;106,00;101,00;Geprueft
2023-03-13;101,00;104,00;99,00;Geprueft
2023-03-14;106,00;110,00;102,00;Geprueft
2023-03-15;112,00;114,00;109,00;Geprueft
2023-03-16;107,00;111,00;105,00;Geprueft
2023-03-17;106,00;108,00;105,00;Geprueft
2023-03-18;103,00;106,00;100,00;Geprueft
2023-03-19;102,00;103,00;100,00;Geprueft
2023-03-20;103,00;106,00;100,00;Geprueft
2023-03-21;102,00;106,00;99,00;Geprueft
2023-03-22;104,00;105,00;102,00;Geprueft
2023-03-23;103,00;107,00;97,00;Geprueft
2023-03-24;103,00;104,00;99,00;Geprueft
2023-03-25;102,00;107,00;98,00;Geprueft
2023-03-26;101,00;105,00;97,00;Geprueft
2023-03-27;101,00;103,00;98,00;Geprueft
2023-03-28;101,00;103,00;99,00;Geprueft
2023-03-29;102,00;105,00;96,00;Geprueft
2023-03-30;104,00;108,00;99,00;Geprueft
2023-03-31;110,00;122,00;105,00;Geprueft
2023-04-01;123,00;139,00;109,00;Geprueft
2023-04-02;111,00;120,00;106,00;Geprueft
2023-04-03;106,00;110,00;102,00;Geprueft
2023-04-04;107,00;111,00;102,00;Geprueft
2023-04-05;107,00;112,00;102,00;Geprueft
2023-04-06;103,00;105,00;102,00;Geprueft
2023-04-07;103,00;106,00;99,00;Geprueft
2023-04-08;104,00;106,00;102,00;Geprueft
2023-04-09;105,00;109,00;101,00;Geprueft
2023-04-10;103,00;105,00;99,00;Geprueft
2023-04-11;100,00;105,00;96,00;Geprueft
2023-04-12;103,00;106,00;101,00;Geprueft
2023-04-13;110,00;122,00;101,00;Geprueft
2023-04-14;119,00;127,00;116,00;Geprueft
2023-04-15;127,00;133,00;118,00;Geprueft
2023-04-16;127,00;135,00;117,00;Geprueft
2023-04-17;126,00;134,00;119,00;Geprueft
2023-04-18;126,00;133,00;120,00;Geprueft
2023-04-19;122,00;134,00;114,00;Geprueft
2023-04-20;124,00;135,00;115,00;Geprueft
2023-04-21;123,00;129,00;115,00;Geprueft
2023-04-22;113,00;121,00;109,00;Geprueft
2023-04-23;116,00;120,00;110,00;Geprueft
2023-04-24;118,00;123,00;113,00;Geprueft
2023-04-25;119,00;123,00;109,00;Geprueft
2023-04-26;125,00;136,00;117,00;Geprueft
2023-04-27;120,00;127,00;117,00;Geprueft
2023-04-28;123,00;133,00;112,00;Geprueft
2023-04-29;134,00;141,00;126,00;Geprueft
2023-04-30;146,00;153,00;140,00;Geprueft
2023-05-01;138,00;144,00;134,00;Geprueft
2023-05-02;135,00;138,00;133,00;Geprueft
2023-05-03;135,00;139,00;129,00;Geprueft
2023-05-04;138,00;141,00;135,00;Geprueft
2023-05-05;136,00;139,00;134,00;Geprueft
2023-05-06;136,00;139,00;132,00;Geprueft
2023-05-07;134,00;137,00;128,00;Geprueft
2023-05-08;132,00;138,00;125,00;Geprueft
2023-05-09;133,00;136,00;124,00;Geprueft
2023-05-10;139,00;144,00;132,00;Geprueft
2023-05-11;162,00;188,00;141,00;Geprueft
2023-05-12;219,00;233,00;188,00;Geprueft
2023-05-13;208,00;228,00;191,00;Geprueft
2023-05-14;184,00;194,00;171,00;Geprueft
2023-05-15;168,00;176,00;157,00;Geprueft
2023-05-16;170,00;173,00;167,00;Geprueft
2023-05-17;176,00;197,00;167,00;Geprueft
2023-05-18;195,00;200,00;185,00;Geprueft
2023-05-19;183,00;188,00;177,00;Geprueft
2023-05-20;173,00;192,00;160,00;Geprueft
2023-05-21;148,00;160,00;133,00;Geprueft
2023-05-22;134,00;138,00;131,00;Geprueft
2023-05-23;138,00;141,00;134,00;Geprueft
2023-05-24;140,00;142,00;137,00;Geprueft
2023-05-25;140,00;142,00;134,00;Geprueft
2023-05-26;144,00;153,00;136,00;Geprueft
2023-05-27;132,00;137,00;123,00;Geprueft
2023-05-28;129,00;137,00;116,00;Geprueft
2023-05-29;122,00;128,00;116,00;Geprueft
2023-05-30;120,00;130,00;112,00;Geprueft
2023-05-31;114,00;127,00;112,00;Geprueft
2023-06-01;123,00;129,00;116,00;Geprueft
2023-06-02;118,00;121,00;115,00;Geprueft
2023-06-03;114,00;118,00;110,00;Geprueft
2023-06-04;116,00;123,00;110,00;Geprueft
2023-06-05;112,00;117,00;108,00;Geprueft
2023-06-06;112,00;116,00;108,00;Geprueft
2023-06-07;113,00;118,00;110,00;Geprueft
2023-06-08;110,00;114,00;105,00;Geprueft
2023-06-09;109,00;114,00;106,00;Geprueft
2023-06-10;106,00;108,00;103,00;Geprueft
2023-06-11;105,00;108,00;103,00;Geprueft
2023-06-12;104,00;105,00;102,00;Geprueft
2023-06-13;104,00;105,00;103,00;Geprueft
2023-06-14;104,00;105,00;103,00;Geprueft
2023-06-15;105,00;106,00;103,00;Geprueft
2023-06-16;104,00;105,00;102,00;Geprueft
2023-06-17;102,00;105,00;99,00;Geprueft
2023-06-18;99,00;101,00;97,00;Geprueft
2023-06-19;99,00;101,00;98,00;Geprueft
2023-06-20;100,00;101,00;99,00;Geprueft
2023-06-21;100,00;103,00;99,00;Geprueft
2023-06-22;102,00;104,00;99,00;Geprueft
2023-06-23;102,00;104,00;100,00;Geprueft
2023-06-24;100,00;102,00;98,00;Geprueft
2023-06-25;100,00;101,00;99,00;Geprueft
2023-06-26;100,00;100,00;98,00;Geprueft
2023-06-27;99,00;100,00;98,00;Geprueft
2023-06-28;97,00;102,00;93,00;Geprueft
2023-06-29;99,00;102,00;98,00;Geprueft
2023-06-30;99,00;102,00;98,00;Geprueft
2023-07-01;103,00;106,00;99,00;Geprueft
2023-07-02;105,00;112,00;100,00;Geprueft
2023-07-03;102,00;105,00;99,00;Geprueft
2023-07-04;99,00;100,00;97,00;Geprueft
2023-07-05;101,00;103,00;99,00;Geprueft
2023-07-06;101,00;103,00;96,00;Geprueft
2023-07-07;100,00;102,00;98,00;Geprueft
2023-07-08;101,00;101,00;100,00;Geprueft
2023-07-09;101,00;101,00;100,00;Geprueft
2023-07-10;101,00;105,00;99,00;Geprueft
2023-07-11;101,00;102,00;99,00;Geprueft
2023-07-12;99,00;101,00;95,00;Geprueft
2023-07-13;103,00;106,00;97,00;Geprueft
2023-07-14;100,00;102,00;95,00;Geprueft
2023-07-15;100,00;102,00;98,00;Geprueft
2023-07-16;97,00;99,00;95,00;Geprueft
2023-07-17;99,00;102,00;96,00;Geprueft
2023-07-18;102,00;104,00;99,00;Geprueft
2023-07-19;101,00;103,00;100,00;Geprueft
2023-07-20;105,00;112,00;101,00;Geprueft
2023-07-21;104,00;106,00;100,00;Geprueft
2023-07-22;101,00;103,00;99,00;Geprueft
2023-07-23;101,00;102,00;99,00;Geprueft
2023-07-24;98,00;100,00;96,00;Geprueft
2023-07-25;103,00;111,00;97,00;Geprueft
2023-07-26;113,00;126,00;105,00;Geprueft
2023-07-27;121,00;124,00;117,00;Geprueft
2023-07-28;114,00;119,00;112,00;Geprueft
2023-07-29;112,00;114,00;109,00;Geprueft
2023-07-30;110,00;111,00;107,00;Geprueft
2023-07-31;107,00;111,00;100,00;Geprueft
2023-08-01;102,00;107,00;100,00;Geprueft
2023-08-02;110,00;112,00;107,00;Geprueft
2023-08-03;110,00;115,00;108,00;Geprueft
2023-08-04;114,00;125,00;110,00;Geprueft
2023-08-05;119,00;126,00;112,00;Geprueft
2023-08-06;133,00;141,00;122,00;Geprueft
2023-08-07;139,00;143,00;134,00;Geprueft
2023-08-08;130,00;137,00;125,00;Geprueft
2023-08-09;126,00;133,00;118,00;Geprueft
2023-08-10;118,00;120,00;114,00;Geprueft
2023-08-11;115,00;122,00;111,00;Geprueft
2023-08-12;109,00;115,00;105,00;Geprueft
2023-08-13;103,00;108,00;101,00;Geprueft
2023-08-14;104,00;108,00;102,00;Geprueft
2023-08-15;112,00;115,00;107,00;Geprueft
2023-08-16;112,00;113,00;109,00;Geprueft
2023-08-17;109,00;114,00;105,00;Geprueft
2023-08-18;110,00;112,00;107,00;Geprueft
2023-08-19;108,00;110,00;106,00;Geprueft
2023-08-20;107,00;109,00;103,00;Geprueft
2023-08-21;102,00;108,00;97,00;Geprueft
2023-08-22;101,00;106,00;97,00;Geprueft
2023-08-23;101,00;107,00;99,00;Geprueft
2023-08-24;103,00;107,00;102,00;Geprueft
2023-08-25;106,00;109,00;101,00;Geprueft
2023-08-26;108,00;114,00;106,00;Geprueft
2023-08-27;126,00;144,00;113,00;Geprueft
2023-08-28;142,00;150,00;140,00;Geprueft
2023-08-29;184,00;214,00;150,00;Geprueft
2023-08-30;237,00;260,00;211,00;Geprueft
2023-08-31;267,00;282,00;231,00;Geprueft
2023-09-01;183,00;231,00;155,00;Geprueft
2023-09-02;143,00;163,00;124,00;Geprueft
2023-09-03;135,00;142,00;129,00;Geprueft
2023-09-04;125,00;134,00;120,00;Geprueft
2023-09-05;127,00;132,00;115,00;Geprueft
2023-09-06;120,00;131,00;113,00;Geprueft
2023-09-07;121,00;131,00;112,00;Geprueft
2023-09-08;116,00;120,00;112,00;Geprueft
2023-09-09;114,00;117,00;112,00;Geprueft
2023-09-10;113,00;115,00;112,00;Geprueft
2023-09-11;112,00;115,00;109,00;Geprueft
2023-09-12;111,00;119,00;103,00;Geprueft
2023-09-13;106,00;111,00;103,00;Geprueft
2023-09-14;112,00;117,00;104,00;Geprueft
2023-09-15;109,00;112,00;106,00;Geprueft
2023-09-16;107,00;109,00;105,00;Geprueft
2023-09-17;107,00;112,00;105,00;Geprueft
2023-09-18;110,00;113,00;104,00;Geprueft
2023-09-19;104,00;108,00;98,00;Geprueft
2023-09-20;102,00;103,00;100,00;Geprueft
2023-09-21;105,00;106,00;103,00;Geprueft
2023-09-22;104,00;106,00;101,00;Geprueft
2023-09-23;110,00;113,00;104,00;Geprueft
2023-09-24;111,00;114,00;108,00;Geprueft
2023-09-25;109,00;115,00;102,00;Geprueft
2023-09-26;103,00;107,00;96,00;Geprueft
2023-09-27;103,00;106,00;96,00;Geprueft
2023-09-28;105,00;108,00;103,00;Geprueft
2023-09-29;104,00;107,00;101,00;Geprueft
2023-09-30;103,00;105,00;100,00;Geprueft
2023-10-01;101,00;103,00;100,00;Geprueft
2023-10-02;100,00;101,00;97,00;Geprueft
2023-10-03;100,00;103,00;97,00;Geprueft
2023-10-04;101,00;103,00;98,00;Geprueft
2023-10-05;100,00;104,00;95,00;Geprueft
2023-10-06;98,00;103,00;94,00;Geprueft
2023-10-07;99,00;102,00;94,00;Geprueft
2023-10-08;96,00;100,00;93,00;Geprueft
2023-10-09;96,00;98,00;92,00;Geprueft
2023-10-10;98,00;100,00;95,00;Geprueft
2023-10-11;96,00;101,00;93,00;Geprueft
2023-10-12;97,00;100,00;96,00;Geprueft
2023-10-13;100,00;104,00;96,00;Geprueft
2023-10-14;96,00;98,00;95,00;Geprueft
2023-10-15;96,00;101,00;91,00;Geprueft
2023-10-16;96,00;102,00;91,00;Geprueft
2023-10-17;97,00;101,00;95,00;Geprueft
2023-10-18;97,00;101,00;95,00;Geprueft
2023-10-19;96,00;97,00;95,00;Geprueft
2023-10-20;96,00;97,00;94,00;Geprueft
2023-10-21;94,00;97,00;91,00;Geprueft
2023-10-22;94,00;95,00;93,00;Geprueft
2023-10-23;94,00;95,00;93,00;Geprueft
2023-10-24;95,00;99,00;93,00;Geprueft
2023-10-25;96,00;100,00;93,00;Geprueft
2023-10-26;96,00;98,00;95,00;Geprueft
2023-10-27;97,00;100,00;96,00;Geprueft
2023-10-28;100,00;105,00;94,00;Geprueft
2023-10-29;96,00;97,00;93,00;Geprueft
2023-10-30;96,00;98,00;92,00;Geprueft
2023-10-31;97,00;103,00;94,00;Geprueft
2023-11-01;99,00;102,00;96,00;Geprueft
2023-11-02;100,00;101,00;98,00;Geprueft
2023-11-03;100,00;103,00;98,00;Geprueft
2023-11-04;104,00;106,00;102,00;Geprueft
2023-11-05;101,00;102,00;99,00;Geprueft
2023-11-06;99,00;103,00;96,00;Geprueft
2023-11-07;98,00;99,00;95,00;Geprueft
2023-11-08;98,00;99,00;97,00;Geprueft
2023-11-09;98,00;100,00;97,00;Geprueft
2023-11-10;99,00;101,00;98,00;Geprueft
2023-11-11;100,00;101,00;98,00;Geprueft
2023-11-12;99,00;101,00;97,00;Geprueft
2023-11-13;100,00;109,00;97,00;Geprueft
2023-11-14;122,00;137,00;109,00;Geprueft
2023-11-15;140,00;147,00;130,00;Geprueft
2023-11-16;144,00;153,00;135,00;Geprueft
2023-11-17;145,00;159,00;135,00;Geprueft
2023-11-18;164,00;174,00;156,00;Geprueft
2023-11-19;168,00;177,00;158,00;Geprueft
2023-11-20;186,00;203,00;169,00;Geprueft
2023-11-21;194,00;202,00;187,00;Geprueft
2023-11-22;171,00;189,00;160,00;Geprueft
2023-11-23;152,00;164,00;134,00;Geprueft
2023-11-24;144,00;151,00;136,00;Geprueft
2023-11-25;139,00;144,00;135,00;Geprueft
2023-11-26;137,00;139,00;135,00;Geprueft
2023-11-27;137,00;143,00;134,00;Geprueft
2023-11-28;136,00;142,00;132,00;Geprueft
2023-11-29;147,00;163,00;135,00;Geprueft
2023-11-30;145,00;151,00;136,00;Geprueft
2023-12-01;135,00;148,00;126,00;Geprueft
2023-12-02;149,00;154,00;144,00;Geprueft
2023-12-03;146,00;152,00;139,00;Geprueft
2023-12-04;136,00;145,00;127,00;Geprueft
2023-12-05;131,00;139,00;125,00;Geprueft
2023-12-06;128,00;137,00;122,00;Geprueft
2023-12-07;133,00;142,00;121,00;Geprueft
2023-12-08;136,00;150,00;120,00;Geprueft
2023-12-09;133,00;154,00;118,00;Geprueft
2023-12-10;178,00;195,00;151,00;Geprueft
2023-12-11;213,00;225,00;194,00;Geprueft
2023-12-12;233,00;254,00;221,00;Geprueft
2023-12-13;222,00;240,00;207,00;Geprueft
2023-12-14;220,00;228,00;204,00;Geprueft
2023-12-15;203,00;219,00;192,00;Geprueft
2023-12-16;194,00;209,00;186,00;Geprueft
2023-12-17;173,00;189,00;155,00;Geprueft
2023-12-18;164,00;170,00;154,00;Geprueft
2023-12-19;156,00;168,00;149,00;Geprueft
2023-12-20;160,00;168,00;155,00;Geprueft
2023-12-21;155,00;161,00;152,00;Geprueft
2023-12-22;156,00;164,00;147,00;Geprueft
2023-12-23;202,00;230,00;159,00;Geprueft
2023-12-24;203,00;230,00;187,00;Geprueft
2023-12-25;188,00;199,00;168,00;Geprueft
2023-12-26;167,00;176,00;150,00;Geprueft
2023-12-27;169,00;175,00;157,00;Geprueft
2023-12-28;160,00;167,00;156,00;Geprueft
2023-12-29;155,00;167,00;150,00;Geprueft
2023-12-30;149,00;152,00;145,00;Geprueft
2023-12-31;144,00;150,00;140,00;Geprueft
2024-01-01;138,00;141,00;137,00;Geprueft
2024-01-02;140,00;142,00;137,00;Geprueft
2024-01-03;143,00;149,00;140,00;Geprueft
2024-01-04;140,00;144,00;131,00;Geprueft
2024-01-05;132,00;137,00;125,00;Geprueft
2024-01-06;127,00;133,00;123,00;Geprueft
2024-01-07;142,00;158,00;133,00;Geprueft
2024-01-08;157,00;175,00;146,00;Geprueft
2024-01-09;144,00;150,00;139,00;Geprueft
2024-01-10;136,00;142,00;128,00;Geprueft
2024-01-11;132,00;135,00;128,00;Geprueft
2024-01-12;128,00;131,00;125,00;Geprueft
2024-01-13;121,00;130,00;114,00;Geprueft
2024-01-14;118,00;121,00;113,00;Geprueft
2024-01-15;115,00;118,00;109,00;Geprueft
2024-01-16;115,00;120,00;109,00;Geprueft
2024-01-17;119,00;122,00;113,00;Geprueft
2024-01-18;122,00;129,00;117,00;Geprueft
2024-01-19;138,00;144,00;129,00;Geprueft
2024-01-20;140,00;153,00;126,00;Geprueft
2024-01-21;127,00;128,00;125,00;Geprueft
2024-01-22;119,00;127,00;110,00;Geprueft
2024-01-23;119,00;124,00;111,00;Geprueft
2024-01-24;124,00;131,00;119,00;Geprueft
2024-01-25;146,00;158,00;131,00;Geprueft
2024-01-26;174,00;190,00;150,00;Geprueft
2024-01-27;185,00;188,00;181,00;Geprueft
2024-01-28;175,00;186,00;157,00;Geprueft
2024-01-29;162,00;167,00;157,00;Geprueft
2024-01-30;151,00;162,00;138,00;Geprueft
2024-01-31;146,00;154,00;139,00;Geprueft
2024-02-01;139,00;145,00;132,00;Geprueft
2024-02-02;136,00;146,00;126,00;Geprueft
2024-02-03;132,00;139,00;120,00;Geprueft
2024-02-04;120,00;122,00;117,00;Geprueft
2024-02-05;122,00;127,00;120,00;Geprueft
2024-02-06;125,00;128,00;121,00;Geprueft
2024-02-07;123,00;128,00;120,00;Geprueft
2024-02-08;128,00;137,00;121,00;Geprueft
2024-02-09;130,00;139,00;126,00;Geprueft
2024-02-10;127,00;137,00;121,00;Geprueft
2024-02-11;124,00;130,00;117,00;Geprueft
2024-02-12;125,00;132,00;121,00;Geprueft
2024-02-13;128,00;132,00;121,00;Geprueft
2024-02-14;121,00;127,00;115,00;Geprueft
2024-02-15;120,00;125,00;116,00;Geprueft
2024-02-16;120,00;123,00;116,00;Geprueft
2024-02-17;121,00;128,00;115,00;Geprueft
2024-02-18;131,00;142,00;120,00;Geprueft
2024-02-19;127,00;137,00;120,00;Geprueft
2024-02-20;127,00;130,00;123,00;Geprueft
2024-02-21;130,00;137,00;120,00;Geprueft
2024-02-22;126,00;130,00;122,00;Geprueft
2024-02-23;128,00;134,00;124,00;Geprueft
2024-02-24;127,00;130,00;122,00;Geprueft
2024-02-25;125,00;131,00;119,00;Geprueft
2024-02-26;125,00;129,00;119,00;Geprueft
2024-02-27;122,00;126,00;115,00;Geprueft
2024-02-28;116,00;118,00;110,00;Geprueft
2024-02-29;114,00;119,00;110,00;Geprueft
2024-03-01;116,00;120,00;113,00;Geprueft
2024-03-02;116,00;119,00;112,00;Geprueft
2024-03-03;113,00;117,00;106,00;Geprueft
2024-03-04;108,00;113,00;103,00;Geprueft
2024-03-05;113,00;118,00;107,00;Geprueft
2024-03-06;118,00;121,00;114,00;Geprueft
2024-03-07;123,00;130,00;118,00;Geprueft
2024-03-08;124,00;130,00;120,00;Geprueft
2024-03-09;116,00;121,00;110,00;Geprueft
2024-03-10;113,00;122,00;107,00;Geprueft
2024-03-11;112,00;115,00;108,00;Geprueft
2024-03-12;118,00;122,00;110,00;Geprueft
2024-03-13;112,00;116,00;109,00;Geprueft
2024-03-14;111,00;116,00;106,00;Geprueft
2024-03-15;111,00;114,00;106,00;Geprueft
2024-03-16;108,00;110,00;104,00;Geprueft
2024-03-17;106,00;110,00;103,00;Geprueft
2024-03-18;110,00;113,00;106,00;Geprueft
2024-03-19;110,00;115,00;106,00;Geprueft
2024-03-20;118,00;122,00;112,00;Geprueft
2024-03-21;113,00;118,00;108,00;Geprueft
2024-03-22;109,00;114,00;103,00;Geprueft
2024-03-23;111,00;117,00;102,00;Geprueft
2024-03-24;116,00;121,00;109,00;Geprueft
2024-03-25;117,00;122,00;110,00;Geprueft
2024-03-26;118,00;123,00;104,00;Geprueft
2024-03-27;110,00;118,00;102,00;Geprueft
2024-03-28;111,00;120,00;102,00;Geprueft
2024-03-29;113,00;117,00;109,00;Geprueft
2024-03-30;114,00;116,00;109,00;Geprueft
2024-03-31;111,00;114,00;106,00;Geprueft
2024-04-01;106,00;109,00;102,00;Geprueft
2024-04-02;106,00;108,00;102,00;Geprueft
2024-04-03;107,00;110,00;103,00;Geprueft
2024-04-04;108,00;111,00;105,00;Geprueft
2024-04-05;104,00;108,00;101,00;Geprueft
2024-04-06;106,00;109,00;103,00;Geprueft
2024-04-07;105,00;107,00;104,00;Geprueft
2024-04-08;106,00;109,00;103,00;Geprueft
2024-04-09;107,00;111,00;104,00;Geprueft
2024-04-10;106,00;110,00;103,00;Geprueft
2024-04-11;108,00;110,00;106,00;Geprueft
2024-04-12;106,00;110,00;101,00;Geprueft
2024-04-13;102,00;105,00;99,00;Geprueft
2024-04-14;103,00;107,00;99,00;Geprueft
2024-04-15;105,00;106,00;102,00;Geprueft
2024-04-16;106,00;113,00;103,00;Geprueft
2024-04-17;107,00;110,00;103,00;Geprueft
2024-04-18;113,00;116,00;108,00;Geprueft
2024-04-19;112,00;114,00;108,00;Geprueft
2024-04-20;112,00;115,00;110,00;Geprueft
2024-04-21;111,00;115,00;108,00;Geprueft
2024-04-22;117,00;123,00;111,00;Geprueft
2024-04-23;117,00;123,00;112,00;Geprueft
2024-04-24;120,00;124,00;113,00;Geprueft
2024-04-25;117,00;120,00;111,00;Geprueft
2024-04-26;113,00;120,00;109,00;Geprueft
2024-04-27;112,00;116,00;109,00;Geprueft
2024-04-28;114,00;122,00;110,00;Geprueft
2024-04-29;117,00;124,00;110,00;Geprueft
2024-04-30;121,00;124,00;117,00;Geprueft
2024-05-01;121,00;125,00;115,00;Geprueft
2024-05-02;115,00;120,00;106,00;Geprueft
2024-05-03;110,00;113,00;105,00;Geprueft
2024-05-04;110,00;113,00;105,00;Geprueft
2024-05-05;111,00;114,00;105,00;Geprueft
2024-05-06;112,00;115,00;110,00;Geprueft
2024-05-07;116,00;119,00;110,00;Geprueft
2024-05-08;122,00;130,00;115,00;Geprueft
2024-05-09;129,00;132,00;126,00;Geprueft
2024-05-10;127,00;132,00;122,00;Geprueft
2024-05-11;122,00;125,00;117,00;Geprueft
2024-05-12;112,00;118,00;107,00;Geprueft
2024-05-13;113,00;118,00;108,00;Geprueft
2024-05-14;109,00;116,00;106,00;Geprueft
2024-05-15;107,00;111,00;103,00;Geprueft
2024-05-16;109,00;112,00;104,00;Geprueft
2024-05-17;108,00;110,00;107,00;Geprueft
2024-05-18;108,00;109,00;106,00;Geprueft
2024-05-19;113,00;116,00;108,00;Geprueft
2024-05-20;111,00;114,00;108,00;Geprueft
2024-05-21;112,00;116,00;106,00;Geprueft
2024-05-22;114,00;117,00;110,00;Geprueft
2024-05-23;112,00;116,00;107,00;Geprueft
2024-05-24;121,00;126,00;114,00;Geprueft
2024-05-25;124,00;126,00;119,00;Geprueft
2024-05-26;121,00;123,00;118,00;Geprueft
2024-05-27;116,00;120,00;112,00;Geprueft
2024-05-28;130,00;141,00;117,00;Geprueft
2024-05-29;152,00;161,00;138,00;Geprueft
2024-05-30;150,00;161,00;140,00;Geprueft
2024-05-31;146,00;152,00;139,00;Geprueft
2024-06-01;205,00;286,00;148,00;Geprueft
2024-06-02;355,00;389,00;286,00;Geprueft
2024-06-03;363,00;374,00;349,00;Geprueft
2024-06-04;366,00;381,00;359,00;Geprueft
2024-06-05;372,00;390,00;340,00;Geprueft
2024-06-06;285,00;341,00;253,00;Geprueft
2024-06-07;265,00;276,00;253,00;Geprueft
2024-06-08;266,00;276,00;241,00;Geprueft
2024-06-09;229,00;241,00;220,00;Geprueft
2024-06-10;229,00;246,00;213,00;Geprueft
2024-06-11;238,00;247,00;204,00;Geprueft
2024-06-12;198,00;212,00;184,00;Geprueft
2024-06-13;178,00;187,00;166,00;Geprueft
2024-06-14;174,00;178,00;166,00;Geprueft
2024-06-15;168,00;173,00;165,00;Geprueft
2024-06-16;158,00;165,00;154,00;Geprueft
2024-06-17;148,00;158,00;141,00;Geprueft
2024-06-18;156,00;161,00;151,00;Geprueft
2024-06-19;151,00;159,00;144,00;Geprueft
2024-06-20;138,00;146,00;131,00;Geprueft
2024-06-21;138,00;148,00;130,00;Geprueft
2024-06-22;142,00;155,00;135,00;Geprueft
2024-06-23;158,00;173,00;147,00;Geprueft
2024-06-24;155,00;172,00;141,00;Geprueft
2024-06-25;147,00;159,00;140,00;Geprueft
2024-06-26;161,00;175,00;147,00;Geprueft
2024-06-27;154,00;164,00;143,00;Geprueft
2024-06-28;154,00;164,00;140,00;Geprueft
2024-06-29;154,00;160,00;148,00;Geprueft
2024-06-30;133,00;150,00;123,00;Geprueft
2024-07-01;131,00;137,00;126,00;Geprueft
2024-07-02;144,00;150,00;132,00;Geprueft
2024-07-03;146,00;159,00;138,00;Geprueft
2024-07-04;147,00;160,00;133,00;Geprueft
2024-07-05;144,00;156,00;136,00;Geprueft
2024-07-06;142,00;147,00;137,00;Geprueft
2024-07-07;146,00;159,00;140,00;Geprueft
2024-07-08;153,00;160,00;147,00;Geprueft
2024-07-09;147,00;152,00;141,00;Geprueft
2024-07-10;141,00;144,00;138,00;Geprueft
2024-07-11;133,00;142,00;124,00;Geprueft
2024-07-12;148,00;156,00;139,00;Geprueft
2024-07-13;141,00;150,00;134,00;Geprueft
2024-07-14;150,00;157,00;142,00;Geprueft
2024-07-15;136,00;146,00;120,00;Geprueft
2024-07-16;136,00;150,00;120,00;Geprueft
2024-07-17;137,00;145,00;126,00;Geprueft
2024-07-18;133,00;142,00;123,00;Geprueft
2024-07-19;127,00;135,00;123,00;Geprueft
2024-07-20;127,00;133,00;120,00;Geprueft
2024-07-21;121,00;125,00;119,00;Geprueft
2024-07-22;133,00;143,00;123,00;Geprueft
2024-07-23;139,00;144,00;129,00;Geprueft
2024-07-24;135,00;144,00;129,00;Geprueft
2024-07-25;146,00;159,00;137,00;Geprueft
2024-07-26;135,00;140,00;131,00;Geprueft
2024-07-27;128,00;134,00;123,00;Geprueft
2024-07-28;128,00;131,00;124,00;Geprueft
2024-07-29;126,00;129,00;123,00;Geprueft
2024-07-30;126,00;130,00;123,00;Geprueft
2024-07-31;124,00;144,00;115,00;Geprueft
2024-08-01;118,00;125,00;113,00;Geprueft
2024-08-02;125,00;132,00;116,00;Geprueft
2024-08-03;123,00;127,00;120,00;Geprueft
2024-08-04;125,00;128,00;117,00;Geprueft
2024-08-05;117,00;122,00;113,00;Geprueft
2024-08-06;115,00;122,00;110,00;Geprueft
2024-08-07;114,00;121,00;111,00;Geprueft
2024-08-08;118,00;121,00;114,00;Geprueft
2024-08-09;122,00;126,00;118,00;Geprueft
2024-08-10;118,00;123,00;115,00;Geprueft
2024-08-11;112,00;118,00;110,00;Geprueft
2024-08-12;109,00;112,00;106,00;Geprueft
2024-08-13;113,00;117,00;110,00;Geprueft
2024-08-14;110,00;115,00;105,00;Geprueft
2024-08-15;116,00;119,00;111,00;Geprueft
2024-08-16;117,00;120,00;110,00;Geprueft
2024-08-17;113,00;116,00;110,00;Geprueft
2024-08-18;114,00;122,00;110,00;Geprueft
2024-08-19;130,00;147,00;119,00;Geprueft
2024-08-20;149,00;158,00;140,00;Geprueft
2024-08-21;139,00;146,00;129,00;Geprueft
2024-08-22;129,00;140,00;121,00;Geprueft
2024-08-23;123,00;127,00;119,00;Geprueft
2024-08-24;121,00;128,00;112,00;Geprueft
2024-08-25;119,00;123,00;115,00;Geprueft
2024-08-26;118,00;127,00;113,00;Geprueft
2024-08-27;128,00;135,00;117,00;Geprueft
2024-08-28;116,00;122,00;113,00;Geprueft
2024-08-29;117,00;121,00;113,00;Geprueft
2024-08-30;113,00;118,00;109,00;Geprueft
2024-08-31;108,00;112,00;104,00;Geprueft
2024-09-01;108,00;112,00;105,00;Geprueft
2024-09-02;109,00;114,00;105,00;Geprueft
2024-09-03;112,00;116,00;109,00;Geprueft
2024-09-04;110,00;115,00;107,00;Geprueft
2024-09-05;118,00;127,00;111,00;Geprueft
2024-09-06;116,00;119,00;113,00;Geprueft
2024-09-07;111,00;116,00;105,00;Geprueft
2024-09-08;107,00;110,00;105,00;Geprueft
2024-09-09;115,00;125,00;106,00;Geprueft
2024-09-10;120,00;126,00;113,00;Geprueft
2024-09-11;114,00;121,00;109,00;Geprueft
2024-09-12;122,00;129,00;112,00;Geprueft
2024-09-13;122,00;137,00;111,00;Geprueft
2024-09-14;162,00;209,00;134,00;Geprueft
2024-09-15;275,00;295,00;209,00;Geprueft
2024-09-16;275,00;294,00;263,00;Geprueft
2024-09-17;297,00;328,00;270,00;Geprueft
2024-09-18;320,00;351,00;287,00;Geprueft
2024-09-19;240,00;287,00;213,00;Geprueft
2024-09-20;215,00;227,00;204,00;Geprueft
2024-09-21;193,00;208,00;171,00;Geprueft
2024-09-22;175,00;182,00;163,00;Geprueft
2024-09-23;165,00;168,00;162,00;Geprueft
2024-09-24;171,00;186,00;162,00;Geprueft
2024-09-25;177,00;187,00;152,00;Geprueft
2024-09-26;156,00;162,00;153,00;Geprueft
2024-09-27;160,00;183,00;155,00;Geprueft
2024-09-28;169,00;181,00;162,00;Geprueft
2024-09-29;173,00;182,00;160,00;Geprueft
2024-09-30;170,00;181,00;158,00;Geprueft
2024-10-01;163,00;177,00;148,00;Geprueft
2024-10-02;155,00;159,00;152,00;Geprueft
2024-10-03;154,00;159,00;150,00;Geprueft
2024-10-04;151,00;154,00;145,00;Geprueft
2024-10-05;160,00;170,00;148,00;Geprueft
2024-10-06;165,00;169,00;162,00;Geprueft
2024-10-07;157,00;167,00;149,00;Geprueft
2024-10-08;151,00;155,00;146,00;Geprueft
2024-10-09;153,00;164,00;143,00;Geprueft
2024-10-10;163,00;167,00;159,00;Geprueft
2024-10-11;157,00;165,00;147,00;Geprueft
2024-10-12;158,00;163,00;152,00;Geprueft
2024-10-13;152,00;163,00;141,00;Geprueft
2024-10-14;144,00;148,00;138,00;Geprueft
2024-10-15;143,00;150,00;134,00;Geprueft
2024-10-16;145,00;148,00;142,00;Geprueft
2024-10-17;137,00;142,00;131,00;Geprueft
2024-10-18;133,00;140,00;128,00;Geprueft
2024-10-19;131,00;133,00;129,00;Geprueft
2024-10-20;127,00;132,00;124,00;Geprueft
2024-10-21;124,00;132,00;120,00;Geprueft
2024-10-22;119,00;123,00;118,00;Geprueft
2024-10-23;123,00;130,00;118,00;Geprueft
2024-10-24;129,00;132,00;126,00;Geprueft
2024-10-25;129,00;136,00;126,00;Geprueft
2024-10-26;120,00;128,00;116,00;Geprueft
2024-10-27;120,00;125,00;116,00;Geprueft
2024-10-28;118,00;124,00;111,00;Geprueft
2024-10-29;114,00;120,00;109,00;Geprueft
2024-10-30;118,00;126,00;110,00;Geprueft
2024-10-31;117,00;123,00;110,00;Geprueft
2024-11-01;112,00;121,00;109,00;Geprueft
2024-11-02;112,00;117,00;104,00;Geprueft
2024-11-03;109,00;112,00;107,00;Geprueft
2024-11-04;112,00;116,00;107,00;Geprueft
2024-11-05;110,00;114,00;105,00;Geprueft
2024-11-06;109,00;114,00;105,00;Geprueft
2024-11-07;111,00;114,00;108,00;Geprueft
2024-11-08;110,00;115,00;103,00;Geprueft
2024-11-09;109,00;117,00;99,00;Geprueft
2024-11-10;106,00;113,00;98,00;Geprueft
2024-11-11;105,00;107,00;101,00;Geprueft
2024-11-12;105,00;110,00;101,00;Geprueft
2024-11-13;103,00;104,00;101,00;Geprueft
2024-11-14;103,00;105,00;101,00;Geprueft
2024-11-15;104,00;106,00;102,00;Geprueft
2024-11-16;103,00;105,00;100,00;Geprueft
2024-11-17;101,00;102,00;98,00;Geprueft
2024-11-18;100,00;105,00;96,00;Geprueft
2024-11-19;102,00;105,00;95,00;Geprueft
2024-11-20;102,00;106,00;96,00;Geprueft
2024-11-21;104,00;108,00;102,00;Geprueft
2024-11-22;104,00;108,00;99,00;Geprueft
2024-11-23;102,00;105,00;98,00;Geprueft
2024-11-24;102,00;105,00;99,00;Geprueft
2024-11-25;102,00;106,00;98,00;Geprueft
2024-11-26;101,00;105,00;97,00;Geprueft
2024-11-27;101,00;105,00;100,00;Geprueft
2024-11-28;105,00;112,00;102,00;Geprueft
2024-11-29;109,00;114,00;105,00;Geprueft
2024-11-30;107,00;110,00;104,00;Geprueft
2024-12-01;107,00;109,00;105,00;Geprueft
2024-12-02;106,00;109,00;101,00;Geprueft
2024-12-03;105,00;107,00;103,00;Geprueft
2024-12-04;111,00;113,00;106,00;Geprueft
2024-12-05;110,00;114,00;106,00;Geprueft
2024-12-06;111,00;117,00;105,00;Geprueft
2024-12-07;112,00;116,00;107,00;Geprueft
2024-12-08;115,00;118,00;108,00;Geprueft
2024-12-09;110,00;117,00;105,00;Geprueft
2024-12-10;112,00;120,00;107,00;Geprueft
2024-12-11;111,00;114,00;108,00;Geprueft
2024-12-12;113,00;117,00;108,00;Geprueft
2024-12-13;118,00;125,00;111,00;Geprueft
2024-12-14;108,00;117,00;101,00;Geprueft
2024-12-15;105,00;110,00;102,00;Geprueft
2024-12-16;103,00;105,00;100,00;Geprueft
2024-12-17;105,00;107,00;102,00;Geprueft
2024-12-18;101,00;105,00;99,00;Geprueft
2024-12-19;101,00;105,00;97,00;Geprueft
2024-12-20;103,00;107,00;100,00;Geprueft
2024-12-21;103,00;105,00;100,00;Geprueft
2024-12-22;108,00;119,00;104,00;Geprueft
2024-12-23;121,00;130,00;112,00;Geprueft
2024-12-24;113,00;117,00;108,00;Geprueft
2024-12-25;110,00;114,00;104,00;Geprueft
2024-12-26;106,00;109,00;101,00;Geprueft
2024-12-27;103,00;104,00;102,00;Geprueft
2024-12-28;103,00;104,00;102,00;Geprueft
2024-12-29;105,00;108,00;102,00;Geprueft
2024-12-30;106,00;108,00;104,00;Geprueft
2024-12-31;102,00;106,00;98,00;Geprueft
2025-01-01;102,00;109,00;98,00;Geprueft
2025-01-02;101,00;104,00;96,00;Geprueft
2025-01-03;103,00;106,00;99,00;Geprueft
2025-01-04;105,00;109,00;102,00;Geprueft
2025-01-05;106,00;113,00;102,00;Geprueft
2025-01-06;119,00;125,00;109,00;Geprueft
2025-01-07;126,00;130,00;120,00;Geprueft
2025-01-08;123,00;127,00;116,00;Geprueft
2025-01-09;131,00;137,00;126,00;Geprueft
2025-01-10;134,00;137,00;130,00;Geprueft
2025-01-11;128,00;134,00;119,00;Geprueft
2025-01-12;119,00;124,00;108,00;Geprueft
2025-01-13;115,00;121,00;109,00;Geprueft
2025-01-14;117,00;124,00;106,00;Geprueft
2025-01-15;109,00;114,00;103,00;Geprueft
2025-01-16;111,00;119,00;103,00;Geprueft
2025-01-17;113,00;117,00;110,00;Geprueft
2025-01-18;109,00;114,00;103,00;Geprueft
2025-01-19;108,00;113,00;103,00;Geprueft
2025-01-20;110,00;116,00;104,00;Geprueft
2025-01-21;107,00;111,00;106,00;Geprueft
2025-01-22;108,00;111,00;105,00;Geprueft
2025-01-23;109,00;111,00;107,00;Geprueft
2025-01-24;106,00;112,00;97,00;Geprueft
2025-01-25;101,00;106,00;92,00;Geprueft
2025-01-26;102,00;105,00;99,00;Geprueft
2025-01-27;102,00;106,00;98,00;Geprueft
2025-01-28;105,00;116,00;100,00;Geprueft
2025-01-29;136,00;148,00;116,00;Geprueft
2025-01-30;126,00;137,00;116,00;Geprueft
2025-01-31;120,00;127,00;112,00;Geprueft
2025-02-01;111,00;116,00;108,00;Geprueft
2025-02-02;114,00;118,00;108,00;Geprueft
2025-02-03;110,00;112,00;108,00;Geprueft
2025-02-04;109,00;113,00;105,00;Geprueft
2025-02-05;109,00;113,00;106,00;Geprueft
2025-02-06;108,00;109,00;106,00;Geprueft
2025-02-07;108,00;111,00;106,00;Geprueft
2025-02-08;107,00;113,00;101,00;Geprueft
2025-02-09;107,00;111,00;103,00;Geprueft
2025-02-10;105,00;108,00;100,00;Geprueft
2025-02-11;99,00;105,00;94,00;Geprueft
2025-02-12;102,00;105,00;99,00;Geprueft
2025-02-13;106,00;111,00;100,00;Geprueft
2025-02-14;109,00;113,00;107,00;Geprueft
2025-02-15;111,00;115,00;106,00;Geprueft
2025-02-16;105,00;109,00;97,00;Geprueft
2025-02-17;101,00;108,00;97,00;Geprueft
2025-02-18;103,00;106,00;101,00;Geprueft
2025-02-19;102,00;103,00;101,00;Geprueft
2025-02-20;101,00;103,00;99,00;Geprueft
2025-02-21;99,00;101,00;98,00;Geprueft
2025-02-22;99,00;101,00;98,00;Geprueft
2025-02-23;99,00;100,00;99,00;Geprueft
2025-02-24;99,00;100,00;99,00;Geprueft
2025-02-25;100,00;102,00;99,00;Geprueft
2025-02-26;99,00;101,00;96,00;Geprueft
2025-02-27;102,00;106,00;98,00;Geprueft
2025-02-28;102,00;103,00;99,00;Geprueft
2025-03-01;98,00;101,00;96,00;Geprueft
2025-03-02;100,00;104,00;98,00;Geprueft
2025-03-03;100,00;101,00;98,00;Geprueft
2025-03-04;98,00;99,00;96,00;Geprueft
2025-03-05;100,00;104,00;97,00;Geprueft
2025-03-06;96,00;100,00;89,00;Geprueft
2025-03-07;98,00;100,00;95,00;Geprueft
2025-03-08;97,00;100,00;95,00;Geprueft
2025-03-09;96,00;97,00;95,00;Geprueft
2025-03-10;97,00;102,00;95,00;Geprueft
2025-03-11;96,00;97,00;94,00;Geprueft
2025-03-12;95,00;96,00;94,00;Geprueft
2025-03-13;98,00;101,00;94,00;Geprueft
2025-03-14;100,00;101,00;99,00;Geprueft
2025-03-15;102,00;104,00;100,00;Geprueft
2025-03-16;100,00;102,00;96,00;Geprueft
2025-03-17;99,00;101,00;96,00;Geprueft
2025-03-18;98,00;100,00;96,00;Geprueft
2025-03-19;97,00;98,00;94,00;Geprueft
2025-03-20;97,00;98,00;94,00;Geprueft
2025-03-21;98,00;100,00;96,00;Geprueft
2025-03-22;98,00;100,00;96,00;Geprueft
2025-03-23;98,00;100,00;96,00;Geprueft
2025-03-24;99,00;102,00;96,00;Geprueft
2025-03-25;100,00;101,00;98,00;Geprueft
2025-03-26;99,00;100,00;98,00;Geprueft
2025-03-27;102,00;106,00;99,00;Geprueft
2025-03-28;104,00;105,00;99,00;Geprueft
2025-03-29;101,00;103,00;99,00;Geprueft
2025-03-30;106,00;118,00;100,00;Geprueft
2025-03-31;115,00;120,00;111,00;Geprueft
2025-04-01;107,00;113,00;104,00;Geprueft
2025-04-02;110,00;116,00;105,00;Geprueft
2025-04-03;113,00;118,00;107,00;Geprueft
2025-04-04;109,00;113,00;105,00;Geprueft
2025-04-05;106,00;109,00;102,00;Geprueft
2025-04-06;103,00;106,00;101,00;Geprueft
2025-04-07;102,00;105,00;94,00;Geprueft
2025-04-08;103,00;105,00;100,00;Geprueft
2025-04-09;102,00;103,00;102,00;Geprueft
2025-04-10;102,00;104,00;95,00;Geprueft
2025-04-11;104,00;105,00;102,00;Geprueft
2025-04-12;101,00;103,00;96,00;Geprueft
2025-04-13;100,00;101,00;97,00;Geprueft
2025-04-14;99,00;99,00;97,00;Geprueft
2025-04-15;98,00;100,00;97,00;Geprueft
2025-04-16;98,00;100,00;97,00;Geprueft
2025-04-17;99,00;101,00;98,00;Geprueft
2025-04-18;99,00;100,00;98,00;Geprueft
2025-04-19;97,00;99,00;96,00;Geprueft
2025-04-20;97,00;101,00;95,00;Geprueft
2025-04-21;97,00;100,00;94,00;Geprueft
2025-04-22;97,00;98,00;95,00;Geprueft
2025-04-23;97,00;98,00;96,00;Geprueft
2025-04-24;101,00;106,00;97,00;Geprueft
2025-04-25;102,00;105,00;94,00;Geprueft
2025-04-26;100,00;104,00;94,00;Geprueft
2025-04-27;99,00;102,00;97,00;Geprueft
2025-04-28;98,00;100,00;95,00;Geprueft
2025-04-29;97,00;102,00;95,00;Geprueft
2025-04-30;97,00;99,00;96,00;Geprueft
2025-05-01;97,00;99,00;96,00;Geprueft
2025-05-02;96,00;99,00;94,00;Geprueft
2025-05-03;96,00;97,00;94,00;Geprueft
2025-05-04;96,00;97,00;95,00;Geprueft
2025-05-05;101,00;106,00;95,00;Geprueft
2025-05-06;105,00;116,00;100,00;Geprueft
2025-05-07;104,00;106,00;100,00;Geprueft
2025-05-08;100,00;103,00;97,00;Geprueft
2025-05-09;100,00;101,00;97,00;Geprueft
2025-05-10;100,00;103,00;97,00;Geprueft
2025-05-11;99,00;100,00;97,00;Geprueft
2025-05-12;100,00;102,00;98,00;Geprueft
2025-05-13;98,00;101,00;95,00;Geprueft
2025-05-14;97,00;99,00;94,00;Geprueft
2025-05-15;98,00;99,00;96,00;Geprueft
2025-05-16;99,00;100,00;97,00;Geprueft
2025-05-17;98,00;100,00;97,00;Geprueft
2025-05-18;96,00;98,00;94,00;Geprueft
2025-05-19;96,00;100,00;94,00;Geprueft
2025-05-20;98,00;100,00;95,00;Geprueft
2025-05-21;97,00;101,00;94,00;Geprueft
2025-05-22;95,00;99,00;92,00;Geprueft
2025-05-23;97,00;100,00;93,00;Geprueft
2025-05-24;98,00;99,00;95,00;Geprueft
2025-05-25;97,00;99,00;96,00;Geprueft
2025-05-26;100,00;110,00;96,00;Geprueft
2025-05-27;110,00;112,00;108,00;Geprueft
2025-05-28;104,00;109,00;99,00;Geprueft
2025-05-29;104,00;109,00;100,00;Geprueft
2025-05-30;111,00;112,00;107,00;Geprueft
2025-05-31;109,00;112,00;105,00;Geprueft
2025-06-01;108,00;109,00;106,00;Geprueft
2025-06-02;107,00;110,00;104,00;Geprueft
2025-06-03;107,00;110,00;104,00;Geprueft
2025-06-04;110,00;113,00;105,00;Geprueft
2025-06-05;108,00;110,00;105,00;Geprueft
2025-06-06;109,00;112,00;108,00;Geprueft
2025-06-07;111,00;113,00;107,00;Geprueft
2025-06-08;114,00;127,00;106,00;Geprueft
2025-06-09;116,00;123,00;112,00;Geprueft
2025-06-10;109,00;113,00;105,00;Geprueft
2025-06-11;106,00;112,00;102,00;Geprueft
2025-06-12;102,00;107,00;97,00;Geprueft
2025-06-13;104,00;107,00;100,00;Geprueft
2025-06-14;100,00;106,00;98,00;Geprueft
2025-06-15;102,00;108,00;99,00;Geprueft
2025-06-16;105,00;108,00;103,00;Geprueft
2025-06-17;104,00;105,00;103,00;Geprueft
2025-06-18;103,00;105,00;99,00;Geprueft
2025-06-19;102,00;105,00;98,00;Geprueft
2025-06-20;100,00;101,00;98,00;Geprueft
2025-06-21;100,00;101,00;99,00;Geprueft
2025-06-22;100,00;101,00;99,00;Geprueft
2025-06-23;100,00;101,00;99,00;Geprueft
2025-06-24;102,00;105,00;100,00;Geprueft
2025-06-25;98,00;101,00;95,00;Geprueft
2025-06-26;97,00;104,00;95,00;Geprueft
2025-06-27;104,00;105,00;103,00;Geprueft
2025-06-28;101,00;105,00;98,00;Geprueft
2025-06-29;99,00;101,00;98,00;Geprueft
2025-06-30;97,00;99,00;93,00;Geprueft
2025-07-01;96,00;98,00;95,00;Geprueft
2025-07-02;99,00;100,00;97,00;Geprueft
2025-07-03;101,00;109,00;98,00;Geprueft
2025-07-04;102,00;105,00;100,00;Geprueft
2025-07-05;104,00;107,00;102,00;Geprueft
2025-07-06;100,00;103,00;95,00;Geprueft
2025-07-07;98,00;99,00;97,00;Geprueft
2025-07-08;102,00;108,00;98,00;Geprueft
2025-07-09;108,00;111,00;106,00;Geprueft
2025-07-10;105,00;109,00;99,00;Geprueft
2025-07-11;102,00;103,00;99,00;Geprueft
2025-07-12;100,00;101,00;98,00;Geprueft
2025-07-13;99,00;100,00;96,00;Geprueft
2025-07-14;101,00;103,00;99,00;Geprueft
2025-07-15;102,00;106,00;100,00;Geprueft
2025-07-16;103,00;105,00;100,00;Geprueft
2025-07-17;110,00;120,00;103,00;Geprueft
2025-07-18;111,00;117,00;105,00;Geprueft
2025-07-19;107,00;111,00;102,00;Geprueft
2025-07-20;106,00;110,00;102,00;Geprueft
2025-07-21;113,00;119,00;108,00;Geprueft
2025-07-22;115,00;117,00;113,00;Geprueft
2025-07-23;117,00;120,00;110,00;Geprueft
2025-07-24;114,00;116,00;111,00;Geprueft
2025-07-25;123,00;129,00;114,00;Geprueft
2025-07-26;116,00;122,00;113,00;Geprueft
2025-07-27;130,00;140,00;122,00;Geprueft
2025-07-28;156,00;171,00;131,00;Geprueft
2025-07-29;168,00;191,00;157,00;Geprueft
2025-07-30;181,00;192,00;171,00;Geprueft
2025-07-31;178,00;184,00;163,00;Geprueft
2025-08-01;158,00;164,00;152,00;Geprueft
2025-08-02;151,00;158,00;147,00;Geprueft
2025-08-03;152,00;162,00;147,00;Geprueft
2025-08-04;159,00;170,00;153,00;Geprueft
2025-08-05;150,00;153,00;144,00;Geprueft
2025-08-06;139,00;150,00;123,00;Geprueft
2025-08-07;130,00;134,00;125,00;Geprueft
2025-08-08;129,00;136,00;126,00;Geprueft
2025-08-09;126,00;129,00;122,00;Geprueft
2025-08-10;122,00;126,00;117,00;Geprueft
2025-08-11;115,00;120,00;108,00;Geprueft
2025-08-12;111,00;113,00;109,00;Geprueft
2025-08-13;111,00;113,00;108,00;Geprueft
2025-08-14;112,00;117,00;109,00;Geprueft
2025-08-15;110,00;113,00;107,00;Geprueft
2025-08-16;108,00;110,00;107,00;Geprueft
2025-08-17;111,00;119,00;107,00;Geprueft
2025-08-18;108,00;111,00;104,00;Geprueft
2025-08-19;104,00;107,00;102,00;Geprueft
2025-08-20;106,00;111,00;104,00;Geprueft
2025-08-21;110,00;116,00;108,00;Geprueft
2025-08-22;121,00;126,00;113,00;Geprueft
2025-08-23;128,00;131,00;125,00;Geprueft
2025-08-24;126,00;131,00;119,00;Geprueft
2025-08-25;123,00;129,00;118,00;Geprueft
2025-08-26;113,00;119,00;107,00;Geprueft
2025-08-27;109,00;112,00;106,00;Geprueft
2025-08-28;109,00;112,00;104,00;Geprueft
2025-08-29;113,00;118,00;109,00;Geprueft
2025-08-30;118,00;123,00;110,00;Geprueft
2025-08-31;108,00;112,00;101,00;Geprueft
2025-09-01;102,00;106,00;99,00;Geprueft
2025-09-02;111,00;115,00;103,00;Geprueft
2025-09-03;108,00;114,00;105,00;Geprueft
2025-09-04;105,00;109,00;102,00;Geprueft
2025-09-05;108,00;120,00;101,00;Geprueft
2025-09-06;123,00;130,00;118,00;Geprueft
2025-09-07;112,00;120,00;105,00;Geprueft
2025-09-08;109,00;111,00;106,00;Geprueft
2025-09-09;109,00;111,00;107,00;Geprueft
2025-09-10;109,00;114,00;103,00;Geprueft
2025-09-11;109,00;112,00;106,00;Geprueft
2025-09-12;106,00;111,00;101,00;Geprueft
2025-09-13;106,00;109,00;103,00;Geprueft
2025-09-14;104,00;107,00;101,00;Geprueft
2025-09-15;103,00;109,00;99,00;Geprueft
2025-09-16;105,00;109,00;100,00;Geprueft
2025-09-17;105,00;108,00;103,00;Geprueft
2025-09-18;105,00;111,00;96,00;Geprueft
2025-09-19;102,00;105,00;99,00;Geprueft
2025-09-20;101,00;103,00;97,00;Geprueft
2025-09-21;101,00;102,00;99,00;Geprueft
2025-09-22;101,00;102,00;99,00;Geprueft
2025-09-23;99,00;102,00;97,00;Geprueft
2025-09-24;101,00;105,00;99,00;Geprueft
2025-09-25;104,00;108,00;101,00;Geprueft
2025-09-26;104,00;106,00;103,00;Geprueft
2025-09-27;103,00;105,00;102,00;Geprueft
2025-09-28;102,00;104,00;100,00;Geprueft
2025-09-29;101,00;103,00;101,00;Geprueft
2025-09-30;100,00;102,00;97,00;Geprueft
2025-10-01;100,00;103,00;97,00;Geprueft
2025-10-02;102,00;104,00;100,00;Geprueft
2025-10-03;104,00;107,00;102,00;Geprueft
2025-10-04;100,00;103,00;98,00;Geprueft
2025-10-05;101,00;104,00;98,00;Geprueft
2025-10-06;103,00;106,00;101,00;Geprueft
2025-10-07;106,00;112,00;103,00;Geprueft
2025-10-08;112,00;114,00;108,00;Geprueft
2025-10-09;106,00;111,00;101,00;Geprueft
2025-10-10;105,00;108,00;104,00;Geprueft
2025-10-11;106,00;109,00;102,00;Geprueft
2025-10-12;102,00;103,00;99,00;Geprueft
2025-10-13;99,00;101,00;98,00;Geprueft
2025-10-14;102,00;103,00;100,00;Geprueft
2025-10-15;103,00;105,00;101,00;Geprueft
2025-10-16;103,00;104,00;101,00;Geprueft
2025-10-17;102,00;105,00;99,00;Geprueft
2025-10-18;99,00;102,00;94,00;Geprueft
2025-10-19;96,00;100,00;92,00;Geprueft
2025-10-20;96,00;98,00;93,00;Geprueft
2025-10-21;97,00;100,00;94,00;Geprueft
2025-10-22;98,00;101,00;97,00;Geprueft
2025-10-23;101,00;104,00;97,00;Geprueft
2025-10-24;100,00;103,00;95,00;Geprueft
2025-10-25;98,00;99,00;97,00;Geprueft
2025-10-26;98,00;99,00;97,00;Geprueft
2025-10-27;97,00;99,00;95,00;Geprueft
2025-10-28;101,00;106,00;96,00;Geprueft
2025-10-29;101,00;106,00;96,00;Geprueft
2025-10-30;98,00;99,00;96,00;Geprueft
2025-10-31;98,00;99,00;97,00;Geprueft
2025-11-01;100,00;104,00;98,00;Geprueft
2025-11-02;103,00;106,00;101,00;Geprueft
2025-11-03;106,00;109,00;104,00;Geprueft
2025-11-04;107,00;109,00;105,00;Geprueft
2025-11-05;103,00;109,00;100,00;Geprueft
2025-11-06;104,00;107,00;102,00;Geprueft
2025-11-07;103,00;104,00;101,00;Geprueft
2025-11-08;103,00;105,00;102,00;Geprueft
2025-11-09;104,00;105,00;102,00;Geprueft
2025-11-10;106,00;108,00;104,00;Geprueft
2025-11-11;105,00;107,00;103,00;Geprueft
2025-11-12;103,00;105,00;100,00;Geprueft
2025-11-13;100,00;102,00;99,00;Geprueft
2025-11-14;101,00;104,00;98,00;Geprueft
2025-11-15;99,00;102,00;96,00;Geprueft
2025-11-16;98,00;99,00;96,00;Geprueft
2025-11-17;98,00;100,00;95,00;Geprueft
2025-11-18;101,00;103,00;99,00;Geprueft
2025-11-19;102,00;104,00;101,00;Geprueft
2025-11-20;101,00;104,00;99,00;Geprueft
2025-11-21;101,00;103,00;99,00;Geprueft
2025-11-22;97,00;103,00;96,00;Geprueft
2025-11-23;98,00;100,00;97,00;Geprueft
2025-11-24;99,00;101,00;98,00;Geprueft
2025-11-25;107,00;111,00;99,00;Geprueft
2025-11-26;112,00;114,00;108,00;Geprueft
2025-11-27;111,00;114,00;106,00;Geprueft
2025-11-28;113,00;118,00;109,00;Geprueft
2025-11-29;106,00;113,00;104,00;Geprueft
2025-11-30;104,00;106,00;102,00;Geprueft
2025-12-01;107,00;109,00;103,00;Geprueft
2025-12-02;108,00;113,00;106,00;Geprueft
2025-12-03;109,00;115,00;106,00;Geprueft
2025-12-04;106,00;110,00;104,00;Geprueft
2025-12-05;111,00;115,00;108,00;Geprueft
2025-12-06;107,00;114,00;97,00;Geprueft
2025-12-07;106,00;110,00;102,00;Geprueft
2025-12-08;112,00;125,00;98,00;Geprueft
2025-12-09;125,00;133,00;118,00;Geprueft
2025-12-10;120,00;125,00;115,00;Geprueft
2025-12-11;113,00;118,00;103,00;Geprueft
2025-12-12;111,00;115,00;107,00;Geprueft
2025-12-13;108,00;115,00;104,00;Geprueft
2025-12-14;106,00;109,00;102,00;Geprueft
2025-12-15;103,00;107,00;101,00;Geprueft
2025-12-16;105,00;108,00;99,00;Geprueft
2025-12-17;102,00;106,00;99,00;Geprueft
2025-12-18;102,00;105,00;100,00;Geprueft
2025-12-19;102,00;104,00;100,00;Geprueft
2025-12-20;98,00;104,00;96,00;Geprueft
2025-12-21;100,00;104,00;98,00;Geprueft
2025-12-22;99,00;102,00;97,00;Geprueft
2025-12-23;98,00;100,00;97,00;Geprueft
2025-12-24;99,00;100,00;97,00;Geprueft
2025-12-25;99,00;102,00;97,00;Geprueft
2025-12-26;97,00;100,00;95,00;Geprueft
2025-12-27;97,00;98,00;96,00;Geprueft
2025-12-28;96,00;98,00;94,00;Geprueft
2025-12-29;95,00;96,00;94,00;Geprueft
2025-12-30;96,00;98,00;94,00;Geprueft
2025-12-31;123,00;190,00;97,00;Geprueft
