"GCODE";"Ost";"Nord";"AWGN ID";"Parameter";"Messstation";"Gewässer";"Jahr";"Datum";"Tagesmittelwert";"Dimension"
"CYY137";"510.766";"5.427.724";"2.345";"Temperatur";"Besigheim (CYY137)";"Neckar";"2020";"01.01.2020";"5,2";"°C"
"CYY137";"510.766";"5.427.724";"2.345";"Temperatur";"Besigheim (CYY137)";"Neckar";"2020";"02.01.2020";"4,8";"°C"
"CYY137";"510.766";"5.427.724";"2.345";"Temperatur";"Besigheim (CYY137)";"Neckar";"2020";"03.01.2020";"4,6";"°C"
"CYY137";"510.766";"5.427.724";"2.345";"Temperatur";"Besigheim (CYY137)";"Neckar";"2020";"04.01.2020";"4,7";"°C"
"CYY137";"510.766";"5.427.724";"2.345";"Temperatur";"Besigheim (CYY137)";"Neckar";"2020";"05.01.2020";"4,9";"°C"
"CYY137";"510.766";"5.427.724";"2.345";"Temperatur";"Besigheim (CYY137)";"Neckar";"2020";"06.01.2020";"4,9";"°C"
"CYY137";"510.766";"5.427.724";"2.345";"Temperatur";"Besigheim (CYY137)";"Neckar";"2020";"07.01.2020";"4,6";"°C"
"CYY137";"510.766";"5.427.724";"2.345";"Temperatur";"Besigheim (CYY137)";"Neckar";"2020";"08.01.2020";"4,7";"°C"
"CYY137";"510.766";"5.427.724";"2.345";"Temperatur";"Besigheim (CYY137)";"Neckar";"2020";"09.01.2020";"5,1";"°C"
"CYY137";"510.766";"5.427.724";"2.345";"Temperatur";"Besigheim (CYY137)";"Neckar";"2020";"10.01.2020";"5,7";"°C"
"CYY137";"510.766";"5.427.724";"2.345";"Temperatur";"Besigheim (CYY137)";"Neckar";"2020";"11.01.2020";"6,1";"°C"
"CYY137";"510.766";"5.427.724";"2.345";"Temperatur";"Besigheim (CYY137)";"Neckar";"2020";"12.01.2020";"6,1";"°C"
"CYY137";"510.766";"5.427.724";"2.345";"Temperatur";"Besigheim (CYY137)";"Neckar";"2020";"13.01.2020";"6,1";"°C"
"CYY137";"510.766";"5.427.724";"2.345";"Temperatur";"Besigheim (CYY137)";"Neckar";"2020";"14.01.2020";"6,2";"°C"
"CYY137";"510.766";"5.427.724";"2.345";"Temperatur";"Besigheim (CYY137)";"Neckar";"2020";"15.01.2020";"6,2";"°C"
"CYY137";"510.766";"5.427.724";"2.345";"Temperatur";"Besigheim (CYY137)";"Neckar";"2020";"16.01.2020";"6,4";"°C"
"CYY137";"510.766";"5.427.724";"2.345";"Temperatur";"Besigheim (CYY137)";"Neckar";"2020";"17.01.2020";"6,4";"°C"
"CYY137";"510.766";"5.427.724";"2.345";"Temperatur";"Besigheim (CYY137)";"Neckar";"2020";"18.01.2020";"6,5";"°C"
"CYY137";"510.766";"5.427.724";"2.345";"Temperatur";"Besigheim (CYY137)";"Neckar";"2020";"19.01.2020";"6,3";"°C"
"CYY137";"510.766";"5.427.724";"2.345";"Temperatur";"Besigheim (CYY137)";"Neckar";"2020";"20.01.2020";"6,2";"°C"
"CYY137";"510.766";"5.427.724";"2.345";"Temperatur";"Besigheim (CYY137)";"Neckar";"2020";"21.01.2020";"5,9";"°C"
"CYY137";"510.766";"5.427.724";"2.345";"Temperatur";"Besigheim (CYY137)";"Neckar";"2020";"22.01.2020";"5,5";"°C"
"CYY137";"510.766";"5.427.724";"2.345";"Temperatur";"Besigheim (CYY137)";"Neckar";"2020";"23.01.2020";"5";"°C"
"CYY137";"510.766";"5.427.724";"2.345";"Temperatur";"Besigheim (CYY137)";"Neckar";"2020";"24.01.2020";"4,9";"°C"
"CYY137";"510.766";"5.427.724";"2.345";"Temperatur";"Besigheim (CYY137)";"Neckar";"2020";"25.01.2020";"4,7";"°C"
"CYY137";"510.766";"5.427.724";"2.345";"Temperatur";"Besigheim (CYY137)";"Neckar";"2020";"26.01.2020";"4,9";"°C"
"CYY137";"510.766";"5.427.724";"2.345";"Temperatur";"Besigheim (CYY137)";"Neckar";"2020";"27.01.2020";"5";"°C"
"CYY137";"510.766";"5.427.724";"2.345";"Temperatur";"Besigheim (CYY137)";"Neckar";"2020";"28.01.2020";"5,2";"°C"
"CYY137";"510.766";"5.427.724";"2.345";"Temperatur";"Besigheim (CYY137)";"Neckar";"2020";"29.01.2020";"5,1";"°C"
"CYY137";"510.766";"5.427.724";"2.345";"Temperatur";"Besigheim (CYY137)";"Neckar";"2020";"30.01.2020";"5,1";"°C"
"CYY137";"510.766";"5.427.724";"2.345";"Temperatur";"Besigheim (CYY137)";"Neckar";"2020";"31.01.2020";"5,6";"°C"
"CYY137";"510.766";"5.427.724";"2.345";"Temperatur";"Besigheim (CYY137)";"Neckar";"2020";"01.02.2020";"6,1";"°C"
"CYY137";"510.766";"5.427.724";"2.345";"Temperatur";"Besigheim (CYY137)";"Neckar";"2020";"02.02.2020";"6,9";"°C"
"CYY137";"510.766";"5.427.724";"2.345";"Temperatur";"Besigheim (CYY137)";"Neckar";"2020";"03.02.2020";"8,1";"°C"
"CYY137";"510.766";"5.427.724";"2.345";"Temperatur";"Besigheim (CYY137)";"Neckar";"2020";"04.02.2020";"8,1";"°C"
"CYY137";"510.766";"5.427.724";"2.345";"Temperatur";"Besigheim (CYY137)";"Neckar";"2020";"05.02.2020";"7,4";"°C"
"CYY137";"510.766";"5.427.724";"2.345";"Temperatur";"Besigheim (CYY137)";"Neckar";"2020";"06.02.2020";"6,6";"°C"
"CYY137";"510.766";"5.427.724";"2.345";"Temperatur";"Besigheim (CYY137)";"Neckar";"2020";"07.02.2020";"6,1";"°C"
"CYY137";"510.766";"5.427.724";"2.345";"Temperatur";"Besigheim (CYY137)";"Neckar";"2020";"08.02.2020";"5,7";"°C"
"CYY137";"510.766";"5.427.724";"2.345";"Temperatur";"Besigheim (CYY137)";"Neckar";"2020";"09.02.2020";"5,5";"°C"
"CYY137";"510.766";"5.427.724";"2.345";"Temperatur";"Besigheim (CYY137)";"Neckar";"2020";"10.02.2020";"6,2";"°C"
"CYY137";"510.766";"5.427.724";"2.345";"Temperatur";"Besigheim (CYY137)";"Neckar";"2020";"11.02.2020";"6,8";"°C"
"CYY137";"510.766";"5.427.724";"2.345";"Temperatur";"Besigheim (CYY137)";"Neckar";"2020";"12.02.2020";"7,1";"°C"
"CYY137";"510.766";"5.427.724";"2.345";"Temperatur";"Besigheim (CYY137)";"Neckar";"2020";"13.02.2020";"6,5";"°C"
"CYY137";"510.766";"5.427.724";"2.345";"Temperatur";"Besigheim (CYY137)";"Neckar";"2020";"14.02.2020";"6,3";"°C"
"CYY137";"510.766";"5.427.724";"2.345";"Temperatur";"Besigheim (CYY137)";"Neckar";"2020";"15.02.2020";"6,6";"°C"
"CYY137";"510.766";"5.427.724";"2.345";"Temperatur";"Besigheim (CYY137)";"Neckar";"2020";"16.02.2020";"7";"°C"
"CYY137";"510.766";"5.427.724";"2.345";"Temperatur";"Besigheim (CYY137)";"Neckar";"2020";"17.02.2020";"7,3";"°C"
"CYY137";"510.766";"5.427.724";"2.345";"Temperatur";"Besigheim (CYY137)";"Neckar";"2020";"18.02.2020";"7,6";"°C"
"CYY137";"510.766";"5.427.724";"2.345";"Temperatur";"Besigheim (CYY137)";"Neckar";"2020";"19.02.2020";"7,9";"°C"
"CYY137";"510.766";"5.427.724";"2.345";"Temperatur";"Besigheim (CYY137)";"Neckar";"2020";"20.02.2020";"7,8";"°C"
"CYY137";"510.766";"5.427.724";"2.345";"Temperatur";"Besigheim (CYY137)";"Neckar";"2020";"21.02.2020";"7,6";"°C"
"CYY137";"510.766";"5.427.724";"2.345";"Temperatur";"Besigheim (CYY137)";"Neckar";"2020";"22.02.2020";"7,5";"°C"
"CYY137";"510.766";"5.427.724";"2.345";"Temperatur";"Besigheim (CYY137)";"Neckar";"2020";"23.02.2020";"7,8";"°C"
"CYY137";"510.766";"5.427.724";"2.345";"Temperatur";"Besigheim (CYY137)";"Neckar";"2020";"24.02.2020";"8,2";"°C"
"CYY137";"510.766";"5.427.724";"2.345";"Temperatur";"Besigheim (CYY137)";"Neckar";"2020";"25.02.2020";"8,5";"°C"
"CYY137";"510.766";"5.427.724";"2.345";"Temperatur";"Besigheim (CYY137)";"Neckar";"2020";"26.02.2020";"8,4";"°C"
"CYY137";"510.766";"5.427.724";"2.345";"Temperatur";"Besigheim (CYY137)";"Neckar";"2020";"27.02.2020";"7,8";"°C"
"CYY137";"510.766";"5.427.724";"2.345";"Temperatur";"Besigheim (CYY137)";"Neckar";"2020";"28.02.2020";"6,9";"°C"
"CYY137";"510.766";"5.427.724";"2.345";"Temperatur";"Besigheim (CYY137)";"Neckar";"2020";"29.02.2020";"6,7";"°C"
"CYY137";"510.766";"5.427.724";"2.345";"Temperatur";"Besigheim (CYY137)";"Neckar";"2020";"01.03.2020";"7,1";"°C"
"CYY137";"510.766";"5.427.724";"2.345";"Temperatur";"Besigheim (CYY137)";"Neckar";"2020";"02.03.2020";"7,7";"°C"
"CYY137";"510.766";"5.427.724";"2.345";"Temperatur";"Besigheim (CYY137)";"Neckar";"2020";"03.03.2020";"7,9";"°C"
"CYY137";"510.766";"5.427.724";"2.345";"Temperatur";"Besigheim (CYY137)";"Neckar";"2020";"04.03.2020";"7,6";"°C"
"CYY137";"510.766";"5.427.724";"2.345";"Temperatur";"Besigheim (CYY137)";"Neckar";"2020";"05.03.2020";"7,4";"°C"
"CYY137";"510.766";"5.427.724";"2.345";"Temperatur";"Besigheim (CYY137)";"Neckar";"2020";"06.03.2020";"7,4";"°C"
"CYY137";"510.766";"5.427.724";"2.345";"Temperatur";"Besigheim (CYY137)";"Neckar";"2020";"07.03.2020";"7,5";"°C"
"CYY137";"510.766";"5.427.724";"2.345";"Temperatur";"Besigheim (CYY137)";"Neckar";"2020";"08.03.2020";"7,5";"°C"
"CYY137";"510.766";"5.427.724";"2.345";"Temperatur";"Besigheim (CYY137)";"Neckar";"2020";"09.03.2020";"7,7";"°C"
"CYY137";"510.766";"5.427.724";"2.345";"Temperatur";"Besigheim (CYY137)";"Neckar";"2020";"10.03.2020";"7,6";"°C"
"CYY137";"510.766";"5.427.724";"2.345";"Temperatur";"Besigheim (CYY137)";"Neckar";"2020";"11.03.2020";"8,3";"°C"
"CYY137";"510.766";"5.427.724";"2.345";"Temperatur";"Besigheim (CYY137)";"Neckar";"2020";"12.03.2020";"8,9";"°C"
"CYY137";"510.766";"5.427.724";"2.345";"Temperatur";"Besigheim (CYY137)";"Neckar";"2020";"13.03.2020";"9,6";"°C"
"CYY137";"510.766";"5.427.724";"2.345";"Temperatur";"Besigheim (CYY137)";"Neckar";"2020";"14.03.2020";"9,6";"°C"
"CYY137";"510.766";"5.427.724";"2.345";"Temperatur";"Besigheim (CYY137)";"Neckar";"2020";"15.03.2020";"9,5";"°C"
"CYY137";"510.766";"5.427.724";"2.345";"Temperatur";"Besigheim (CYY137)";"Neckar";"2020";"16.03.2020";"9,4";"°C"
"CYY137";"510.766";"5.427.724";"2.345";"Temperatur";"Besigheim (CYY137)";"Neckar";"2020";"17.03.2020";"9,6";"°C"
"CYY137";"510.766";"5.427.724";"2.345";"Temperatur";"Besigheim (CYY137)";"Neckar";"2020";"18.03.2020";"9,9";"°C"
"CYY137";"510.766";"5.427.724";"2.345";"Temperatur";"Besigheim (CYY137)";"Neckar";"2020";"19.03.2020";"10,3";"°C"
"CYY137";"510.766";"5.427.724";"2.345";"Temperatur";"Besigheim (CYY137)";"Neckar";"2020";"20.03.2020";"10,9";"°C"
"CYY137";"510.766";"5.427.724";"2.345";"Temperatur";"Besigheim (CYY137)";"Neckar";"2020";"21.03.2020";"11,1";"°C"
"CYY137";"510.766";"5.427.724";"2.345";"Temperatur";"Besigheim (CYY137)";"Neckar";"2020";"22.03.2020";"10,5";"°C"
"CYY137";"510.766";"5.427.724";"2.345";"Temperatur";"Besigheim (CYY137)";"Neckar";"2020";"23.03.2020";"9,8";"°C"
"CYY137";"510.766";"5.427.724";"2.345";"Temperatur";"Besigheim (CYY137)";"Neckar";"2020";"24.03.2020";"9";"°C"
"CYY137";"510.766";"5.427.724";"2.345";"Temperatur";"Besigheim (CYY137)";"Neckar";"2020";"25.03.2020";"8,4";"°C"
"CYY137";"510.766";"5.427.724";"2.345";"Temperatur";"Besigheim (CYY137)";"Neckar";"2020";"26.03.2020";"7,9";"°C"
"CYY137";"510.766";"5.427.724";"2.345";"Temperatur";"Besigheim (CYY137)";"Neckar";"2020";"27.03.2020";"7,9";"°C"
"CYY137";"510.766";"5.427.724";"2.345";"Temperatur";"Besigheim (CYY137)";"Neckar";"2020";"28.03.2020";"8,2";"°C"
"CYY137";"510.766";"5.427.724";"2.345";"Temperatur";"Besigheim (CYY137)";"Neckar";"2020";"29.03.2020";"8,5";"°C"
"CYY137";"510.766";"5.427.724";"2.345";"Temperatur";"Besigheim (CYY137)";"Neckar";"2020";"30.03.2020";"8,3";"°C"
"CYY137";"510.766";"5.427.724";"2.345";"Temperatur";"Besigheim (CYY137)";"Neckar";"2020";"31.03.2020";"8,4";"°C"
"CYY137";"510.766";"5.427.724";"2.345";"Temperatur";"Besigheim (CYY137)";"Neckar";"2020";"01.04.2020";"8,6";"°C"
"CYY137";"510.766";"5.427.724";"2.345";"Temperatur";"Besigheim (CYY137)";"Neckar";"2020";"02.04.2020";"8,9";"°C"
"CYY137";"510.766";"5.427.724";"2.345";"Temperatur";"Besigheim (CYY137)";"Neckar";"2020";"03.04.2020";"9,1";"°C"
"CYY137";"510.766";"5.427.724";"2.345";"Temperatur";"Besigheim (CYY137)";"Neckar";"2020";"04.04.2020";"9,5";"°C"
"CYY137";"510.766";"5.427.724";"2.345";"Temperatur";"Besigheim (CYY137)";"Neckar";"2020";"05.04.2020";"9,9";"°C"
"CYY137";"510.766";"5.427.724";"2.345";"Temperatur";"Besigheim (CYY137)";"Neckar";"2020";"06.04.2020";"10,4";"°C"
"CYY137";"510.766";"5.427.724";"2.345";"Temperatur";"Besigheim (CYY137)";"Neckar";"2020";"07.04.2020";"11";"°C"
"CYY137";"510.766";"5.427.724";"2.345";"Temperatur";"Besigheim (CYY137)";"Neckar";"2020";"08.04.2020";"11,5";"°C"
"CYY137";"510.766";"5.427.724";"2.345";"Temperatur";"Besigheim (CYY137)";"Neckar";"2020";"09.04.2020";"12,3";"°C"
"CYY137";"510.766";"5.427.724";"2.345";"Temperatur";"Besigheim (CYY137)";"Neckar";"2020";"10.04.2020";"12,9";"°C"
"CYY137";"510.766";"5.427.724";"2.345";"Temperatur";"Besigheim (CYY137)";"Neckar";"2020";"11.04.2020";"13,6";"°C"
"CYY137";"510.766";"5.427.724";"2.345";"Temperatur";"Besigheim (CYY137)";"Neckar";"2020";"12.04.2020";"14,1";"°C"
"CYY137";"510.766";"5.427.724";"2.345";"Temperatur";"Besigheim (CYY137)";"Neckar";"2020";"13.04.2020";"14,4";"°C"
"CYY137";"510.766";"5.427.724";"2.345";"Temperatur";"Besigheim (CYY137)";"Neckar";"2020";"14.04.2020";"14,1";"°C"
"CYY137";"510.766";"5.427.724";"2.345";"Temperatur";"Besigheim (CYY137)";"Neckar";"2020";"15.04.2020";"14,1";"°C"
"CYY137";"510.766";"5.427.724";"2.345";"Temperatur";"Besigheim (CYY137)";"Neckar";"2020";"16.04.2020";"14,2";"°C"
"CYY137";"510.766";"5.427.724";"2.345";"Temperatur";"Besigheim (CYY137)";"Neckar";"2020";"17.04.2020";"14,5";"°C"
"CYY137";"510.766";"5.427.724";"2.345";"Temperatur";"Besigheim (CYY137)";"Neckar";"2020";"18.04.2020";"14,9";"°C"
"CYY137";"510.766";"5.427.724";"2.345";"Temperatur";"Besigheim (CYY137)";"Neckar";"2020";"19.04.2020";"15,4";"°C"
"CYY137";"510.766";"5.427.724";"2.345";"Temperatur";"Besigheim (CYY137)";"Neckar";"2020";"20.04.2020";"15,7";"°C"
"CYY137";"510.766";"5.427.724";"2.345";"Temperatur";"Besigheim (CYY137)";"Neckar";"2020";"21.04.2020";"15,7";"°C"
"CYY137";"510.766";"5.427.724";"2.345";"Temperatur";"Besigheim (CYY137)";"Neckar";"2020";"22.04.2020";"15,7";"°C"
"CYY137";"510.766";"5.427.724";"2.345";"Temperatur";"Besigheim (CYY137)";"Neckar";"2020";"23.04.2020";"15,8";"°C"
"CYY137";"510.766";"5.427.724";"2.345";"Temperatur";"Besigheim (CYY137)";"Neckar";"2020";"24.04.2020";"16";"°C"
"CYY137";"510.766";"5.427.724";"2.345";"Temperatur";"Besigheim (CYY137)";"Neckar";"2020";"25.04.2020";"16,3";"°C"
"CYY137";"510.766";"5.427.724";"2.345";"Temperatur";"Besigheim (CYY137)";"Neckar";"2020";"26.04.2020";"16,6";"°C"
"CYY137";"510.766";"5.427.724";"2.345";"Temperatur";"Besigheim (CYY137)";"Neckar";"2020";"27.04.2020";"16,9";"°C"
"CYY137";"510.766";"5.427.724";"2.345";"Temperatur";"Besigheim (CYY137)";"Neckar";"2020";"28.04.2020";"17";"°C"
"CYY137";"510.766";"5.427.724";"2.345";"Temperatur";"Besigheim (CYY137)";"Neckar";"2020";"29.04.2020";"16,8";"°C"
"CYY137";"510.766";"5.427.724";"2.345";"Temperatur";"Besigheim (CYY137)";"Neckar";"2020";"30.04.2020";"16,5";"°C"
"CYY137";"510.766";"5.427.724";"2.345";"Temperatur";"Besigheim (CYY137)";"Neckar";"2020";"01.05.2020";"16,1";"°C"
"CYY137";"510.766";"5.427.724";"2.345";"Temperatur";"Besigheim (CYY137)";"Neckar";"2020";"02.05.2020";"15,8";"°C"
"CYY137";"510.766";"5.427.724";"2.345";"Temperatur";"Besigheim (CYY137)";"Neckar";"2020";"03.05.2020";"15,7";"°C"
"CYY137";"510.766";"5.427.724";"2.345";"Temperatur";"Besigheim (CYY137)";"Neckar";"2020";"04.05.2020";"15,6";"°C"
"CYY137";"510.766";"5.427.724";"2.345";"Temperatur";"Besigheim (CYY137)";"Neckar";"2020";"05.05.2020";"15,8";"°C"
"CYY137";"510.766";"5.427.724";"2.345";"Temperatur";"Besigheim (CYY137)";"Neckar";"2020";"06.05.2020";"15,9";"°C"
"CYY137";"510.766";"5.427.724";"2.345";"Temperatur";"Besigheim (CYY137)";"Neckar";"2020";"07.05.2020";"16,1";"°C"
"CYY137";"510.766";"5.427.724";"2.345";"Temperatur";"Besigheim (CYY137)";"Neckar";"2020";"08.05.2020";"16,5";"°C"
"CYY137";"510.766";"5.427.724";"2.345";"Temperatur";"Besigheim (CYY137)";"Neckar";"2020";"09.05.2020";"16,9";"°C"
"CYY137";"510.766";"5.427.724";"2.345";"Temperatur";"Besigheim (CYY137)";"Neckar";"2020";"10.05.2020";"17,1";"°C"
"CYY137";"510.766";"5.427.724";"2.345";"Temperatur";"Besigheim (CYY137)";"Neckar";"2020";"11.05.2020";"16,9";"°C"
"CYY137";"510.766";"5.427.724";"2.345";"Temperatur";"Besigheim (CYY137)";"Neckar";"2020";"12.05.2020";"16,2";"°C"
"CYY137";"510.766";"5.427.724";"2.345";"Temperatur";"Besigheim (CYY137)";"Neckar";"2020";"13.05.2020";"16";"°C"
"CYY137";"510.766";"5.427.724";"2.345";"Temperatur";"Besigheim (CYY137)";"Neckar";"2020";"14.05.2020";"15,4";"°C"
"CYY137";"510.766";"5.427.724";"2.345";"Temperatur";"Besigheim (CYY137)";"Neckar";"2020";"15.05.2020";"15,3";"°C"
"CYY137";"510.766";"5.427.724";"2.345";"Temperatur";"Besigheim (CYY137)";"Neckar";"2020";"16.05.2020";"15,6";"°C"
"CYY137";"510.766";"5.427.724";"2.345";"Temperatur";"Besigheim (CYY137)";"Neckar";"2020";"17.05.2020";"15,8";"°C"
"CYY137";"510.766";"5.427.724";"2.345";"Temperatur";"Besigheim (CYY137)";"Neckar";"2020";"18.05.2020";"16,2";"°C"
"CYY137";"510.766";"5.427.724";"2.345";"Temperatur";"Besigheim (CYY137)";"Neckar";"2020";"19.05.2020";"16,8";"°C"
"CYY137";"510.766";"5.427.724";"2.345";"Temperatur";"Besigheim (CYY137)";"Neckar";"2020";"20.05.2020";"17,3";"°C"
"CYY137";"510.766";"5.427.724";"2.345";"Temperatur";"Besigheim (CYY137)";"Neckar";"2020";"21.05.2020";"17,8";"°C"
"CYY137";"510.766";"5.427.724";"2.345";"Temperatur";"Besigheim (CYY137)";"Neckar";"2020";"22.05.2020";"18,3";"°C"
"CYY137";"510.766";"5.427.724";"2.345";"Temperatur";"Besigheim (CYY137)";"Neckar";"2020";"23.05.2020";"18,3";"°C"
"CYY137";"510.766";"5.427.724";"2.345";"Temperatur";"Besigheim (CYY137)";"Neckar";"2020";"24.05.2020";"18";"°C"
"CYY137";"510.766";"5.427.724";"2.345";"Temperatur";"Besigheim (CYY137)";"Neckar";"2020";"25.05.2020";"18,1";"°C"
"CYY137";"510.766";"5.427.724";"2.345";"Temperatur";"Besigheim (CYY137)";"Neckar";"2020";"26.05.2020";"18,4";"°C"
"CYY137";"510.766";"5.427.724";"2.345";"Temperatur";"Besigheim (CYY137)";"Neckar";"2020";"27.05.2020";"18,7";"°C"
"CYY137";"510.766";"5.427.724";"2.345";"Temperatur";"Besigheim (CYY137)";"Neckar";"2020";"28.05.2020";"19";"°C"
"CYY137";"510.766";"5.427.724";"2.345";"Temperatur";"Besigheim (CYY137)";"Neckar";"2020";"29.05.2020";"19,1";"°C"
"CYY137";"510.766";"5.427.724";"2.345";"Temperatur";"Besigheim (CYY137)";"Neckar";"2020";"30.05.2020";"19,3";"°C"
"CYY137";"510.766";"5.427.724";"2.345";"Temperatur";"Besigheim (CYY137)";"Neckar";"2020";"31.05.2020";"19,3";"°C"
"CYY137";"510.766";"5.427.724";"2.345";"Temperatur";"Besigheim (CYY137)";"Neckar";"2020";"01.06.2020";"19,7";"°C"
"CYY137";"510.766";"5.427.724";"2.345";"Temperatur";"Besigheim (CYY137)";"Neckar";"2020";"02.06.2020";"20";"°C"
"CYY137";"510.766";"5.427.724";"2.345";"Temperatur";"Besigheim (CYY137)";"Neckar";"2020";"03.06.2020";"20,3";"°C"
"CYY137";"510.766";"5.427.724";"2.345";"Temperatur";"Besigheim (CYY137)";"Neckar";"2020";"04.06.2020";"20,3";"°C"
"CYY137";"510.766";"5.427.724";"2.345";"Temperatur";"Besigheim (CYY137)";"Neckar";"2020";"05.06.2020";"19,8";"°C"
"CYY137";"510.766";"5.427.724";"2.345";"Temperatur";"Besigheim (CYY137)";"Neckar";"2020";"06.06.2020";"19";"°C"
"CYY137";"510.766";"5.427.724";"2.345";"Temperatur";"Besigheim (CYY137)";"Neckar";"2020";"07.06.2020";"18,5";"°C"
"CYY137";"510.766";"5.427.724";"2.345";"Temperatur";"Besigheim (CYY137)";"Neckar";"2020";"08.06.2020";"18,4";"°C"
"CYY137";"510.766";"5.427.724";"2.345";"Temperatur";"Besigheim (CYY137)";"Neckar";"2020";"09.06.2020";"18,1";"°C"
"CYY137";"510.766";"5.427.724";"2.345";"Temperatur";"Besigheim (CYY137)";"Neckar";"2020";"10.06.2020";"17,8";"°C"
"CYY137";"510.766";"5.427.724";"2.345";"Temperatur";"Besigheim (CYY137)";"Neckar";"2020";"11.06.2020";"17,4";"°C"
"CYY137";"510.766";"5.427.724";"2.345";"Temperatur";"Besigheim (CYY137)";"Neckar";"2020";"12.06.2020";"17,8";"°C"
"CYY137";"510.766";"5.427.724";"2.345";"Temperatur";"Besigheim (CYY137)";"Neckar";"2020";"13.06.2020";"18,4";"°C"
"CYY137";"510.766";"5.427.724";"2.345";"Temperatur";"Besigheim (CYY137)";"Neckar";"2020";"14.06.2020";"18,4";"°C"
"CYY137";"510.766";"5.427.724";"2.345";"Temperatur";"Besigheim (CYY137)";"Neckar";"2020";"15.06.2020";"17,9";"°C"
"CYY137";"510.766";"5.427.724";"2.345";"Temperatur";"Besigheim (CYY137)";"Neckar";"2020";"16.06.2020";"17,9";"°C"
"CYY137";"510.766";"5.427.724";"2.345";"Temperatur";"Besigheim (CYY137)";"Neckar";"2020";"17.06.2020";"18";"°C"
"CYY137";"510.766";"5.427.724";"2.345";"Temperatur";"Besigheim (CYY137)";"Neckar";"2020";"18.06.2020";"18,3";"°C"
"CYY137";"510.766";"5.427.724";"2.345";"Temperatur";"Besigheim (CYY137)";"Neckar";"2020";"19.06.2020";"18,6";"°C"
"CYY137";"510.766";"5.427.724";"2.345";"Temperatur";"Besigheim (CYY137)";"Neckar";"2020";"20.06.2020";"18,9";"°C"
"CYY137";"510.766";"5.427.724";"2.345";"Temperatur";"Besigheim (CYY137)";"Neckar";"2020";"21.06.2020";"19,1";"°C"
"CYY137";"510.766";"5.427.724";"2.345";"Temperatur";"Besigheim (CYY137)";"Neckar";"2020";"22.06.2020";"19,7";"°C"
"CYY137";"510.766";"5.427.724";"2.345";"Temperatur";"Besigheim (CYY137)";"Neckar";"2020";"23.06.2020";"20,6";"°C"
"CYY137";"510.766";"5.427.724";"2.345";"Temperatur";"Besigheim (CYY137)";"Neckar";"2020";"24.06.2020";"21,1";"°C"
"CYY137";"510.766";"5.427.724";"2.345";"Temperatur";"Besigheim (CYY137)";"Neckar";"2020";"25.06.2020";"21,7";"°C"
"CYY137";"510.766";"5.427.724";"2.345";"Temperatur";"Besigheim (CYY137)";"Neckar";"2020";"26.06.2020";"22,1";"°C"
"CYY137";"510.766";"5.427.724";"2.345";"Temperatur";"Besigheim (CYY137)";"Neckar";"2020";"27.06.2020";"22,3";"°C"
"CYY137";"510.766";"5.427.724";"2.345";"Temperatur";"Besigheim (CYY137)";"Neckar";"2020";"28.06.2020";"22";"°C"
"CYY137";"510.766";"5.427.724";"2.345";"Temperatur";"Besigheim (CYY137)";"Neckar";"2020";"29.06.2020";"22,2";"°C"
"CYY137";"510.766";"5.427.724";"2.345";"Temperatur";"Besigheim (CYY137)";"Neckar";"2020";"30.06.2020";"22,2";"°C"
"CYY137";"510.766";"5.427.724";"2.345";"Temperatur";"Besigheim (CYY137)";"Neckar";"2020";"01.07.2020";"22,5";"°C"
"CYY137";"510.766";"5.427.724";"2.345";"Temperatur";"Besigheim (CYY137)";"Neckar";"2020";"02.07.2020";"22,7";"°C"
"CYY137";"510.766";"5.427.724";"2.345";"Temperatur";"Besigheim (CYY137)";"Neckar";"2020";"03.07.2020";"22,5";"°C"
"CYY137";"510.766";"5.427.724";"2.345";"Temperatur";"Besigheim (CYY137)";"Neckar";"2020";"04.07.2020";"22,6";"°C"
"CYY137";"510.766";"5.427.724";"2.345";"Temperatur";"Besigheim (CYY137)";"Neckar";"2020";"05.07.2020";"22,9";"°C"
"CYY137";"510.766";"5.427.724";"2.345";"Temperatur";"Besigheim (CYY137)";"Neckar";"2020";"06.07.2020";"22,8";"°C"
"CYY137";"510.766";"5.427.724";"2.345";"Temperatur";"Besigheim (CYY137)";"Neckar";"2020";"07.07.2020";"22,7";"°C"
"CYY137";"510.766";"5.427.724";"2.345";"Temperatur";"Besigheim (CYY137)";"Neckar";"2020";"08.07.2020";"22,5";"°C"
"CYY137";"510.766";"5.427.724";"2.345";"Temperatur";"Besigheim (CYY137)";"Neckar";"2020";"09.07.2020";"22,5";"°C"
"CYY137";"510.766";"5.427.724";"2.345";"Temperatur";"Besigheim (CYY137)";"Neckar";"2020";"10.07.2020";"22,8";"°C"
"CYY137";"510.766";"5.427.724";"2.345";"Temperatur";"Besigheim (CYY137)";"Neckar";"2020";"11.07.2020";"22,9";"°C"
"CYY137";"510.766";"5.427.724";"2.345";"Temperatur";"Besigheim (CYY137)";"Neckar";"2020";"12.07.2020";"22,7";"°C"
"CYY137";"510.766";"5.427.724";"2.345";"Temperatur";"Besigheim (CYY137)";"Neckar";"2020";"13.07.2020";"22,8";"°C"
"CYY137";"510.766";"5.427.724";"2.345";"Temperatur";"Besigheim (CYY137)";"Neckar";"2020";"14.07.2020";"22,8";"°C"
"CYY137";"510.766";"5.427.724";"2.345";"Temperatur";"Besigheim (CYY137)";"Neckar";"2020";"15.07.2020";"22,5";"°C"
"CYY137";"510.766";"5.427.724";"2.345";"Temperatur";"Besigheim (CYY137)";"Neckar";"2020";"16.07.2020";"22,1";"°C"
"CYY137";"510.766";"5.427.724";"2.345";"Temperatur";"Besigheim (CYY137)";"Neckar";"2020";"17.07.2020";"21,6";"°C"
"CYY137";"510.766";"5.427.724";"2.345";"Temperatur";"Besigheim (CYY137)";"Neckar";"2020";"18.07.2020";"21,7";"°C"
"CYY137";"510.766";"5.427.724";"2.345";"Temperatur";"Besigheim (CYY137)";"Neckar";"2020";"19.07.2020";"22,2";"°C"
"CYY137";"510.766";"5.427.724";"2.345";"Temperatur";"Besigheim (CYY137)";"Neckar";"2020";"20.07.2020";"22,4";"°C"
"CYY137";"510.766";"5.427.724";"2.345";"Temperatur";"Besigheim (CYY137)";"Neckar";"2020";"21.07.2020";"22,8";"°C"
"CYY137";"510.766";"5.427.724";"2.345";"Temperatur";"Besigheim (CYY137)";"Neckar";"2020";"22.07.2020";"23";"°C"
"CYY137";"510.766";"5.427.724";"2.345";"Temperatur";"Besigheim (CYY137)";"Neckar";"2020";"23.07.2020";"23,2";"°C"
"CYY137";"510.766";"5.427.724";"2.345";"Temperatur";"Besigheim (CYY137)";"Neckar";"2020";"24.07.2020";"23";"°C"
"CYY137";"510.766";"5.427.724";"2.345";"Temperatur";"Besigheim (CYY137)";"Neckar";"2020";"25.07.2020";"23,2";"°C"
"CYY137";"510.766";"5.427.724";"2.345";"Temperatur";"Besigheim (CYY137)";"Neckar";"2020";"26.07.2020";"23,3";"°C"
"CYY137";"510.766";"5.427.724";"2.345";"Temperatur";"Besigheim (CYY137)";"Neckar";"2020";"27.07.2020";"23,5";"°C"
"CYY137";"510.766";"5.427.724";"2.345";"Temperatur";"Besigheim (CYY137)";"Neckar";"2020";"28.07.2020";"23,7";"°C"
"CYY137";"510.766";"5.427.724";"2.345";"Temperatur";"Besigheim (CYY137)";"Neckar";"2020";"29.07.2020";"23,7";"°C"
"CYY137";"510.766";"5.427.724";"2.345";"Temperatur";"Besigheim (CYY137)";"Neckar";"2020";"30.07.2020";"24,1";"°C"
"CYY137";"510.766";"5.427.724";"2.345";"Temperatur";"Besigheim (CYY137)";"Neckar";"2020";"31.07.2020";"24,3";"°C"
"CYY137";"510.766";"5.427.724";"2.345";"Temperatur";"Besigheim (CYY137)";"Neckar";"2020";"01.08.2020";"24,4";"°C"
"CYY137";"510.766";"5.427.724";"2.345";"Temperatur";"Besigheim (CYY137)";"Neckar";"2020";"02.08.2020";"24,2";"°C"
"CYY137";"510.766";"5.427.724";"2.345";"Temperatur";"Besigheim (CYY137)";"Neckar";"2020";"03.08.2020";"23,7";"°C"
"CYY137";"510.766";"5.427.724";"2.345";"Temperatur";"Besigheim (CYY137)";"Neckar";"2020";"04.08.2020";"23";"°C"
"CYY137";"510.766";"5.427.724";"2.345";"Temperatur";"Besigheim (CYY137)";"Neckar";"2020";"05.08.2020";"22,7";"°C"
"CYY137";"510.766";"5.427.724";"2.345";"Temperatur";"Besigheim (CYY137)";"Neckar";"2020";"06.08.2020";"23,4";"°C"
"CYY137";"510.766";"5.427.724";"2.345";"Temperatur";"Besigheim (CYY137)";"Neckar";"2020";"07.08.2020";"23,5";"°C"
"CYY137";"510.766";"5.427.724";"2.345";"Temperatur";"Besigheim (CYY137)";"Neckar";"2020";"08.08.2020";"23,9";"°C"
"CYY137";"510.766";"5.427.724";"2.345";"Temperatur";"Besigheim (CYY137)";"Neckar";"2020";"09.08.2020";"24,5";"°C"
"CYY137";"510.766";"5.427.724";"2.345";"Temperatur";"Besigheim (CYY137)";"Neckar";"2020";"10.08.2020";"24,8";"°C"
"CYY137";"510.766";"5.427.724";"2.345";"Temperatur";"Besigheim (CYY137)";"Neckar";"2020";"11.08.2020";"25,2";"°C"
"CYY137";"510.766";"5.427.724";"2.345";"Temperatur";"Besigheim (CYY137)";"Neckar";"2020";"12.08.2020";"25,3";"°C"
"CYY137";"510.766";"5.427.724";"2.345";"Temperatur";"Besigheim (CYY137)";"Neckar";"2020";"13.08.2020";"25,1";"°C"
"CYY137";"510.766";"5.427.724";"2.345";"Temperatur";"Besigheim (CYY137)";"Neckar";"2020";"14.08.2020";"24,7";"°C"
"CYY137";"510.766";"5.427.724";"2.345";"Temperatur";"Besigheim (CYY137)";"Neckar";"2020";"15.08.2020";"24,6";"°C"
"CYY137";"510.766";"5.427.724";"2.345";"Temperatur";"Besigheim (CYY137)";"Neckar";"2020";"16.08.2020";"25";"°C"
"CYY137";"510.766";"5.427.724";"2.345";"Temperatur";"Besigheim (CYY137)";"Neckar";"2020";"17.08.2020";"24,7";"°C"
"CYY137";"510.766";"5.427.724";"2.345";"Temperatur";"Besigheim (CYY137)";"Neckar";"2020";"18.08.2020";"24,5";"°C"
"CYY137";"510.766";"5.427.724";"2.345";"Temperatur";"Besigheim (CYY137)";"Neckar";"2020";"19.08.2020";"24,2";"°C"
"CYY137";"510.766";"5.427.724";"2.345";"Temperatur";"Besigheim (CYY137)";"Neckar";"2020";"20.08.2020";"24,4";"°C"
"CYY137";"510.766";"5.427.724";"2.345";"Temperatur";"Besigheim (CYY137)";"Neckar";"2020";"21.08.2020";"24,7";"°C"
"CYY137";"510.766";"5.427.724";"2.345";"Temperatur";"Besigheim (CYY137)";"Neckar";"2020";"22.08.2020";"24,5";"°C"
"CYY137";"510.766";"5.427.724";"2.345";"Temperatur";"Besigheim (CYY137)";"Neckar";"2020";"23.08.2020";"24,1";"°C"
"CYY137";"510.766";"5.427.724";"2.345";"Temperatur";"Besigheim (CYY137)";"Neckar";"2020";"24.08.2020";"23,6";"°C"
"CYY137";"510.766";"5.427.724";"2.345";"Temperatur";"Besigheim (CYY137)";"Neckar";"2020";"25.08.2020";"23,2";"°C"
"CYY137";"510.766";"5.427.724";"2.345";"Temperatur";"Besigheim (CYY137)";"Neckar";"2020";"26.08.2020";"22,7";"°C"
"CYY137";"510.766";"5.427.724";"2.345";"Temperatur";"Besigheim (CYY137)";"Neckar";"2020";"27.08.2020";"22,5";"°C"
"CYY137";"510.766";"5.427.724";"2.345";"Temperatur";"Besigheim (CYY137)";"Neckar";"2020";"28.08.2020";"21,8";"°C"
"CYY137";"510.766";"5.427.724";"2.345";"Temperatur";"Besigheim (CYY137)";"Neckar";"2020";"29.08.2020";"21,2";"°C"
"CYY137";"510.766";"5.427.724";"2.345";"Temperatur";"Besigheim (CYY137)";"Neckar";"2020";"30.08.2020";"20,6";"°C"
"CYY137";"510.766";"5.427.724";"2.345";"Temperatur";"Besigheim (CYY137)";"Neckar";"2020";"31.08.2020";"19,8";"°C"
"CYY137";"510.766";"5.427.724";"2.345";"Temperatur";"Besigheim (CYY137)";"Neckar";"2020";"01.09.2020";"19,2";"°C"
"CYY137";"510.766";"5.427.724";"2.345";"Temperatur";"Besigheim (CYY137)";"Neckar";"2020";"02.09.2020";"18,7";"°C"
"CYY137";"510.766";"5.427.724";"2.345";"Temperatur";"Besigheim (CYY137)";"Neckar";"2020";"03.09.2020";"18,7";"°C"
"CYY137";"510.766";"5.427.724";"2.345";"Temperatur";"Besigheim (CYY137)";"Neckar";"2020";"04.09.2020";"19,1";"°C"
"CYY137";"510.766";"5.427.724";"2.345";"Temperatur";"Besigheim (CYY137)";"Neckar";"2020";"05.09.2020";"19,2";"°C"
"CYY137";"510.766";"5.427.724";"2.345";"Temperatur";"Besigheim (CYY137)";"Neckar";"2020";"06.09.2020";"19,2";"°C"
"CYY137";"510.766";"5.427.724";"2.345";"Temperatur";"Besigheim (CYY137)";"Neckar";"2020";"07.09.2020";"19,2";"°C"
"CYY137";"510.766";"5.427.724";"2.345";"Temperatur";"Besigheim (CYY137)";"Neckar";"2020";"08.09.2020";"19,1";"°C"
"CYY137";"510.766";"5.427.724";"2.345";"Temperatur";"Besigheim (CYY137)";"Neckar";"2020";"09.09.2020";"19,3";"°C"
"CYY137";"510.766";"5.427.724";"2.345";"Temperatur";"Besigheim (CYY137)";"Neckar";"2020";"10.09.2020";"19,5";"°C"
"CYY137";"510.766";"5.427.724";"2.345";"Temperatur";"Besigheim (CYY137)";"Neckar";"2020";"11.09.2020";"19,6";"°C"
"CYY137";"510.766";"5.427.724";"2.345";"Temperatur";"Besigheim (CYY137)";"Neckar";"2020";"12.09.2020";"19,9";"°C"
"CYY137";"510.766";"5.427.724";"2.345";"Temperatur";"Besigheim (CYY137)";"Neckar";"2020";"13.09.2020";"20,2";"°C"
"CYY137";"510.766";"5.427.724";"2.345";"Temperatur";"Besigheim (CYY137)";"Neckar";"2020";"14.09.2020";"20,4";"°C"
"CYY137";"510.766";"5.427.724";"2.345";"Temperatur";"Besigheim (CYY137)";"Neckar";"2020";"15.09.2020";"20,5";"°C"
"CYY137";"510.766";"5.427.724";"2.345";"Temperatur";"Besigheim (CYY137)";"Neckar";"2020";"16.09.2020";"20,5";"°C"
"CYY137";"510.766";"5.427.724";"2.345";"Temperatur";"Besigheim (CYY137)";"Neckar";"2020";"17.09.2020";"20,5";"°C"
"CYY137";"510.766";"5.427.724";"2.345";"Temperatur";"Besigheim (CYY137)";"Neckar";"2020";"18.09.2020";"20,4";"°C"
"CYY137";"510.766";"5.427.724";"2.345";"Temperatur";"Besigheim (CYY137)";"Neckar";"2020";"19.09.2020";"20,4";"°C"
"CYY137";"510.766";"5.427.724";"2.345";"Temperatur";"Besigheim (CYY137)";"Neckar";"2020";"20.09.2020";"20,1";"°C"
"CYY137";"510.766";"5.427.724";"2.345";"Temperatur";"Besigheim (CYY137)";"Neckar";"2020";"21.09.2020";"20";"°C"
"CYY137";"510.766";"5.427.724";"2.345";"Temperatur";"Besigheim (CYY137)";"Neckar";"2020";"22.09.2020";"19,9";"°C"
"CYY137";"510.766";"5.427.724";"2.345";"Temperatur";"Besigheim (CYY137)";"Neckar";"2020";"23.09.2020";"19,8";"°C"
"CYY137";"510.766";"5.427.724";"2.345";"Temperatur";"Besigheim (CYY137)";"Neckar";"2020";"24.09.2020";"19,6";"°C"
"CYY137";"510.766";"5.427.724";"2.345";"Temperatur";"Besigheim (CYY137)";"Neckar";"2020";"25.09.2020";"19,2";"°C"
"CYY137";"510.766";"5.427.724";"2.345";"Temperatur";"Besigheim (CYY137)";"Neckar";"2020";"26.09.2020";"18,2";"°C"
"CYY137";"510.766";"5.427.724";"2.345";"Temperatur";"Besigheim (CYY137)";"Neckar";"2020";"27.09.2020";"17,4";"°C"
"CYY137";"510.766";"5.427.724";"2.345";"Temperatur";"Besigheim (CYY137)";"Neckar";"2020";"28.09.2020";"16,8";"°C"
"CYY137";"510.766";"5.427.724";"2.345";"Temperatur";"Besigheim (CYY137)";"Neckar";"2020";"29.09.2020";"16,3";"°C"
"CYY137";"510.766";"5.427.724";"2.345";"Temperatur";"Besigheim (CYY137)";"Neckar";"2020";"30.09.2020";"16,1";"°C"
"CYY137";"510.766";"5.427.724";"2.345";"Temperatur";"Besigheim (CYY137)";"Neckar";"2020";"01.10.2020";"16";"°C"
"CYY137";"510.766";"5.427.724";"2.345";"Temperatur";"Besigheim (CYY137)";"Neckar";"2020";"02.10.2020";"15,9";"°C"
"CYY137";"510.766";"5.427.724";"2.345";"Temperatur";"Besigheim (CYY137)";"Neckar";"2020";"03.10.2020";"15,9";"°C"
"CYY137";"510.766";"5.427.724";"2.345";"Temperatur";"Besigheim (CYY137)";"Neckar";"2020";"04.10.2020";"15,7";"°C"
"CYY137";"510.766";"5.427.724";"2.345";"Temperatur";"Besigheim (CYY137)";"Neckar";"2020";"05.10.2020";"15,6";"°C"
"CYY137";"510.766";"5.427.724";"2.345";"Temperatur";"Besigheim (CYY137)";"Neckar";"2020";"06.10.2020";"15,4";"°C"
"CYY137";"510.766";"5.427.724";"2.345";"Temperatur";"Besigheim (CYY137)";"Neckar";"2020";"07.10.2020";"15,2";"°C"
"CYY137";"510.766";"5.427.724";"2.345";"Temperatur";"Besigheim (CYY137)";"Neckar";"2020";"08.10.2020";"15";"°C"
"CYY137";"510.766";"5.427.724";"2.345";"Temperatur";"Besigheim (CYY137)";"Neckar";"2020";"09.10.2020";"15,1";"°C"
"CYY137";"510.766";"5.427.724";"2.345";"Temperatur";"Besigheim (CYY137)";"Neckar";"2020";"10.10.2020";"14,9";"°C"
"CYY137";"510.766";"5.427.724";"2.345";"Temperatur";"Besigheim (CYY137)";"Neckar";"2020";"11.10.2020";"14,6";"°C"
"CYY137";"510.766";"5.427.724";"2.345";"Temperatur";"Besigheim (CYY137)";"Neckar";"2020";"12.10.2020";"14,2";"°C"
"CYY137";"510.766";"5.427.724";"2.345";"Temperatur";"Besigheim (CYY137)";"Neckar";"2020";"13.10.2020";"14";"°C"
"CYY137";"510.766";"5.427.724";"2.345";"Temperatur";"Besigheim (CYY137)";"Neckar";"2020";"14.10.2020";"13,7";"°C"
"CYY137";"510.766";"5.427.724";"2.345";"Temperatur";"Besigheim (CYY137)";"Neckar";"2020";"15.10.2020";"13,4";"°C"
"CYY137";"510.766";"5.427.724";"2.345";"Temperatur";"Besigheim (CYY137)";"Neckar";"2020";"16.10.2020";"13,1";"°C"
"CYY137";"510.766";"5.427.724";"2.345";"Temperatur";"Besigheim (CYY137)";"Neckar";"2020";"17.10.2020";"12,8";"°C"
"CYY137";"510.766";"5.427.724";"2.345";"Temperatur";"Besigheim (CYY137)";"Neckar";"2020";"18.10.2020";"12,7";"°C"
"CYY137";"510.766";"5.427.724";"2.345";"Temperatur";"Besigheim (CYY137)";"Neckar";"2020";"19.10.2020";"12,5";"°C"
"CYY137";"510.766";"5.427.724";"2.345";"Temperatur";"Besigheim (CYY137)";"Neckar";"2020";"20.10.2020";"12,3";"°C"
"CYY137";"510.766";"5.427.724";"2.345";"Temperatur";"Besigheim (CYY137)";"Neckar";"2020";"21.10.2020";"12,4";"°C"
"CYY137";"510.766";"5.427.724";"2.345";"Temperatur";"Besigheim (CYY137)";"Neckar";"2020";"22.10.2020";"12,4";"°C"
"CYY137";"510.766";"5.427.724";"2.345";"Temperatur";"Besigheim (CYY137)";"Neckar";"2020";"23.10.2020";"12,6";"°C"
"CYY137";"510.766";"5.427.724";"2.345";"Temperatur";"Besigheim (CYY137)";"Neckar";"2020";"24.10.2020";"12,6";"°C"
"CYY137";"510.766";"5.427.724";"2.345";"Temperatur";"Besigheim (CYY137)";"Neckar";"2020";"25.10.2020";"12,7";"°C"
"CYY137";"510.766";"5.427.724";"2.345";"Temperatur";"Besigheim (CYY137)";"Neckar";"2020";"26.10.2020";"12,8";"°C"
"CYY137";"510.766";"5.427.724";"2.345";"Temperatur";"Besigheim (CYY137)";"Neckar";"2020";"27.10.2020";"12,8";"°C"
"CYY137";"510.766";"5.427.724";"2.345";"Temperatur";"Besigheim (CYY137)";"Neckar";"2020";"28.10.2020";"12,6";"°C"
"CYY137";"510.766";"5.427.724";"2.345";"Temperatur";"Besigheim (CYY137)";"Neckar";"2020";"29.10.2020";"12,5";"°C"
"CYY137";"510.766";"5.427.724";"2.345";"Temperatur";"Besigheim (CYY137)";"Neckar";"2020";"30.10.2020";"12,5";"°C"
"CYY137";"510.766";"5.427.724";"2.345";"Temperatur";"Besigheim (CYY137)";"Neckar";"2020";"31.10.2020";"12,6";"°C"
"CYY137";"510.766";"5.427.724";"2.345";"Temperatur";"Besigheim (CYY137)";"Neckar";"2020";"01.11.2020";"12,6";"°C"
"CYY137";"510.766";"5.427.724";"2.345";"Temperatur";"Besigheim (CYY137)";"Neckar";"2020";"02.11.2020";"13";"°C"
"CYY137";"510.766";"5.427.724";"2.345";"Temperatur";"Besigheim (CYY137)";"Neckar";"2020";"03.11.2020";"13";"°C"
"CYY137";"510.766";"5.427.724";"2.345";"Temperatur";"Besigheim (CYY137)";"Neckar";"2020";"04.11.2020";"12,8";"°C"
"CYY137";"510.766";"5.427.724";"2.345";"Temperatur";"Besigheim (CYY137)";"Neckar";"2020";"05.11.2020";"12,6";"°C"
"CYY137";"510.766";"5.427.724";"2.345";"Temperatur";"Besigheim (CYY137)";"Neckar";"2020";"06.11.2020";"12,1";"°C"
"CYY137";"510.766";"5.427.724";"2.345";"Temperatur";"Besigheim (CYY137)";"Neckar";"2020";"07.11.2020";"12,1";"°C"
"CYY137";"510.766";"5.427.724";"2.345";"Temperatur";"Besigheim (CYY137)";"Neckar";"2020";"08.11.2020";"11,7";"°C"
"CYY137";"510.766";"5.427.724";"2.345";"Temperatur";"Besigheim (CYY137)";"Neckar";"2020";"09.11.2020";"11,6";"°C"
"CYY137";"510.766";"5.427.724";"2.345";"Temperatur";"Besigheim (CYY137)";"Neckar";"2020";"10.11.2020";"11,3";"°C"
"CYY137";"510.766";"5.427.724";"2.345";"Temperatur";"Besigheim (CYY137)";"Neckar";"2020";"11.11.2020";"11";"°C"
"CYY137";"510.766";"5.427.724";"2.345";"Temperatur";"Besigheim (CYY137)";"Neckar";"2020";"12.11.2020";"11,1";"°C"
"CYY137";"510.766";"5.427.724";"2.345";"Temperatur";"Besigheim (CYY137)";"Neckar";"2020";"13.11.2020";"11,2";"°C"
"CYY137";"510.766";"5.427.724";"2.345";"Temperatur";"Besigheim (CYY137)";"Neckar";"2020";"14.11.2020";"11,4";"°C"
"CYY137";"510.766";"5.427.724";"2.345";"Temperatur";"Besigheim (CYY137)";"Neckar";"2020";"15.11.2020";"11,3";"°C"
"CYY137";"510.766";"5.427.724";"2.345";"Temperatur";"Besigheim (CYY137)";"Neckar";"2020";"16.11.2020";"11,3";"°C"
"CYY137";"510.766";"5.427.724";"2.345";"Temperatur";"Besigheim (CYY137)";"Neckar";"2020";"17.11.2020";"11,3";"°C"
"CYY137";"510.766";"5.427.724";"2.345";"Temperatur";"Besigheim (CYY137)";"Neckar";"2020";"18.11.2020";"11,1";"°C"
"CYY137";"510.766";"5.427.724";"2.345";"Temperatur";"Besigheim (CYY137)";"Neckar";"2020";"19.11.2020";"10,8";"°C"
"CYY137";"510.766";"5.427.724";"2.345";"Temperatur";"Besigheim (CYY137)";"Neckar";"2020";"20.11.2020";"10,6";"°C"
"CYY137";"510.766";"5.427.724";"2.345";"Temperatur";"Besigheim (CYY137)";"Neckar";"2020";"21.11.2020";"10";"°C"
"CYY137";"510.766";"5.427.724";"2.345";"Temperatur";"Besigheim (CYY137)";"Neckar";"2020";"22.11.2020";"9,4";"°C"
"CYY137";"510.766";"5.427.724";"2.345";"Temperatur";"Besigheim (CYY137)";"Neckar";"2020";"23.11.2020";"9,2";"°C"
"CYY137";"510.766";"5.427.724";"2.345";"Temperatur";"Besigheim (CYY137)";"Neckar";"2020";"24.11.2020";"8,9";"°C"
"CYY137";"510.766";"5.427.724";"2.345";"Temperatur";"Besigheim (CYY137)";"Neckar";"2020";"25.11.2020";"8,5";"°C"
"CYY137";"510.766";"5.427.724";"2.345";"Temperatur";"Besigheim (CYY137)";"Neckar";"2020";"26.11.2020";"8,1";"°C"
"CYY137";"510.766";"5.427.724";"2.345";"Temperatur";"Besigheim (CYY137)";"Neckar";"2020";"27.11.2020";"7,8";"°C"
"CYY137";"510.766";"5.427.724";"2.345";"Temperatur";"Besigheim (CYY137)";"Neckar";"2020";"28.11.2020";"7,4";"°C"
"CYY137";"510.766";"5.427.724";"2.345";"Temperatur";"Besigheim (CYY137)";"Neckar";"2020";"29.11.2020";"6,9";"°C"
"CYY137";"510.766";"5.427.724";"2.345";"Temperatur";"Besigheim (CYY137)";"Neckar";"2020";"30.11.2020";"6,5";"°C"
"CYY137";"510.766";"5.427.724";"2.345";"Temperatur";"Besigheim (CYY137)";"Neckar";"2020";"01.12.2020";"6,2";"°C"
"CYY137";"510.766";"5.427.724";"2.345";"Temperatur";"Besigheim (CYY137)";"Neckar";"2020";"02.12.2020";"6";"°C"
"CYY137";"510.766";"5.427.724";"2.345";"Temperatur";"Besigheim (CYY137)";"Neckar";"2020";"03.12.2020";"6";"°C"
"CYY137";"510.766";"5.427.724";"2.345";"Temperatur";"Besigheim (CYY137)";"Neckar";"2020";"04.12.2020";"5,9";"°C"
"CYY137";"510.766";"5.427.724";"2.345";"Temperatur";"Besigheim (CYY137)";"Neckar";"2020";"05.12.2020";"5,6";"°C"
"CYY137";"510.766";"5.427.724";"2.345";"Temperatur";"Besigheim (CYY137)";"Neckar";"2020";"06.12.2020";"5,7";"°C"
"CYY137";"510.766";"5.427.724";"2.345";"Temperatur";"Besigheim (CYY137)";"Neckar";"2020";"07.12.2020";"5,6";"°C"
"CYY137";"510.766";"5.427.724";"2.345";"Temperatur";"Besigheim (CYY137)";"Neckar";"2020";"08.12.2020";"5,5";"°C"
"CYY137";"510.766";"5.427.724";"2.345";"Temperatur";"Besigheim (CYY137)";"Neckar";"2020";"09.12.2020";"5,6";"°C"
"CYY137";"510.766";"5.427.724";"2.345";"Temperatur";"Besigheim (CYY137)";"Neckar";"2020";"10.12.2020";"5,5";"°C"
"CYY137";"510.766";"5.427.724";"2.345";"Temperatur";"Besigheim (CYY137)";"Neckar";"2020";"11.12.2020";"5,3";"°C"
"CYY137";"510.766";"5.427.724";"2.345";"Temperatur";"Besigheim (CYY137)";"Neckar";"2020";"12.12.2020";"5,2";"°C"
"CYY137";"510.766";"5.427.724";"2.345";"Temperatur";"Besigheim (CYY137)";"Neckar";"2020";"13.12.2020";"5,7";"°C"
"CYY137";"510.766";"5.427.724";"2.345";"Temperatur";"Besigheim (CYY137)";"Neckar";"2020";"14.12.2020";"6,1";"°C"
"CYY137";"510.766";"5.427.724";"2.345";"Temperatur";"Besigheim (CYY137)";"Neckar";"2020";"15.12.2020";"6,3";"°C"
"CYY137";"510.766";"5.427.724";"2.345";"Temperatur";"Besigheim (CYY137)";"Neckar";"2020";"16.12.2020";"6,4";"°C"
"CYY137";"510.766";"5.427.724";"2.345";"Temperatur";"Besigheim (CYY137)";"Neckar";"2020";"17.12.2020";"6,2";"°C"
"CYY137";"510.766";"5.427.724";"2.345";"Temperatur";"Besigheim (CYY137)";"Neckar";"2020";"18.12.2020";"6,1";"°C"
"CYY137";"510.766";"5.427.724";"2.345";"Temperatur";"Besigheim (CYY137)";"Neckar";"2020";"19.12.2020";"6,1";"°C"
"CYY137";"510.766";"5.427.724";"2.345";"Temperatur";"Besigheim (CYY137)";"Neckar";"2020";"20.12.2020";"6,3";"°C"
"CYY137";"510.766";"5.427.724";"2.345";"Temperatur";"Besigheim (CYY137)";"Neckar";"2020";"21.12.2020";"6,4";"°C"
"CYY137";"510.766";"5.427.724";"2.345";"Temperatur";"Besigheim (CYY137)";"Neckar";"2020";"22.12.2020";"6,8";"°C"
"CYY137";"510.766";"5.427.724";"2.345";"Temperatur";"Besigheim (CYY137)";"Neckar";"2020";"23.12.2020";"7,2";"°C"
"CYY137";"510.766";"5.427.724";"2.345";"Temperatur";"Besigheim (CYY137)";"Neckar";"2020";"24.12.2020";"7,9";"°C"
"CYY137";"510.766";"5.427.724";"2.345";"Temperatur";"Besigheim (CYY137)";"Neckar";"2020";"25.12.2020";"8";"°C"
"CYY137";"510.766";"5.427.724";"2.345";"Temperatur";"Besigheim (CYY137)";"Neckar";"2020";"26.12.2020";"7,4";"°C"
"CYY137";"510.766";"5.427.724";"2.345";"Temperatur";"Besigheim (CYY137)";"Neckar";"2020";"27.12.2020";"6,8";"°C"
"CYY137";"510.766";"5.427.724";"2.345";"Temperatur";"Besigheim (CYY137)";"Neckar";"2020";"28.12.2020";"6,6";"°C"
"CYY137";"510.766";"5.427.724";"2.345";"Temperatur";"Besigheim (CYY137)";"Neckar";"2020";"29.12.2020";"6,4";"°C"
"CYY137";"510.766";"5.427.724";"2.345";"Temperatur";"Besigheim (CYY137)";"Neckar";"2020";"30.12.2020";"6,2";"°C"
"CYY137";"510.766";"5.427.724";"2.345";"Temperatur";"Besigheim (CYY137)";"Neckar";"2020";"31.12.2020";"6";"°C"
"CYY137";"510.766";"5.427.724";"2.345";"Temperatur";"Besigheim (CYY137)";"Neckar";"2021";"01.01.2021";"5,7";"°C"
"CYY137";"510.766";"5.427.724";"2.345";"Temperatur";"Besigheim (CYY137)";"Neckar";"2021";"02.01.2021";"5,4";"°C"
"CYY137";"510.766";"5.427.724";"2.345";"Temperatur";"Besigheim (CYY137)";"Neckar";"2021";"03.01.2021";"5,3";"°C"
"CYY137";"510.766";"5.427.724";"2.345";"Temperatur";"Besigheim (CYY137)";"Neckar";"2021";"04.01.2021";"5,2";"°C"
"CYY137";"510.766";"5.427.724";"2.345";"Temperatur";"Besigheim (CYY137)";"Neckar";"2021";"05.01.2021";"5,1";"°C"
"CYY137";"510.766";"5.427.724";"2.345";"Temperatur";"Besigheim (CYY137)";"Neckar";"2021";"06.01.2021";"5";"°C"
"CYY137";"510.766";"5.427.724";"2.345";"Temperatur";"Besigheim (CYY137)";"Neckar";"2021";"07.01.2021";"5";"°C"
"CYY137";"510.766";"5.427.724";"2.345";"Temperatur";"Besigheim (CYY137)";"Neckar";"2021";"08.01.2021";"4,9";"°C"
"CYY137";"510.766";"5.427.724";"2.345";"Temperatur";"Besigheim (CYY137)";"Neckar";"2021";"09.01.2021";"4,8";"°C"
"CYY137";"510.766";"5.427.724";"2.345";"Temperatur";"Besigheim (CYY137)";"Neckar";"2021";"10.01.2021";"4,7";"°C"
"CYY137";"510.766";"5.427.724";"2.345";"Temperatur";"Besigheim (CYY137)";"Neckar";"2021";"11.01.2021";"4,2";"°C"
"CYY137";"510.766";"5.427.724";"2.345";"Temperatur";"Besigheim (CYY137)";"Neckar";"2021";"12.01.2021";"4";"°C"
"CYY137";"510.766";"5.427.724";"2.345";"Temperatur";"Besigheim (CYY137)";"Neckar";"2021";"13.01.2021";"3,9";"°C"
"CYY137";"510.766";"5.427.724";"2.345";"Temperatur";"Besigheim (CYY137)";"Neckar";"2021";"14.01.2021";"4,1";"°C"
"CYY137";"510.766";"5.427.724";"2.345";"Temperatur";"Besigheim (CYY137)";"Neckar";"2021";"15.01.2021";"4,3";"°C"
"CYY137";"510.766";"5.427.724";"2.345";"Temperatur";"Besigheim (CYY137)";"Neckar";"2021";"16.01.2021";"3,9";"°C"
"CYY137";"510.766";"5.427.724";"2.345";"Temperatur";"Besigheim (CYY137)";"Neckar";"2021";"17.01.2021";"3,6";"°C"
"CYY137";"510.766";"5.427.724";"2.345";"Temperatur";"Besigheim (CYY137)";"Neckar";"2021";"18.01.2021";"3,5";"°C"
"CYY137";"510.766";"5.427.724";"2.345";"Temperatur";"Besigheim (CYY137)";"Neckar";"2021";"19.01.2021";"3,6";"°C"
"CYY137";"510.766";"5.427.724";"2.345";"Temperatur";"Besigheim (CYY137)";"Neckar";"2021";"20.01.2021";"3,8";"°C"
"CYY137";"510.766";"5.427.724";"2.345";"Temperatur";"Besigheim (CYY137)";"Neckar";"2021";"21.01.2021";"4,1";"°C"
"CYY137";"510.766";"5.427.724";"2.345";"Temperatur";"Besigheim (CYY137)";"Neckar";"2021";"22.01.2021";"4,7";"°C"
"CYY137";"510.766";"5.427.724";"2.345";"Temperatur";"Besigheim (CYY137)";"Neckar";"2021";"23.01.2021";"5";"°C"
"CYY137";"510.766";"5.427.724";"2.345";"Temperatur";"Besigheim (CYY137)";"Neckar";"2021";"24.01.2021";"5,5";"°C"
"CYY137";"510.766";"5.427.724";"2.345";"Temperatur";"Besigheim (CYY137)";"Neckar";"2021";"25.01.2021";"5,1";"°C"
"CYY137";"510.766";"5.427.724";"2.345";"Temperatur";"Besigheim (CYY137)";"Neckar";"2021";"26.01.2021";"4,8";"°C"
"CYY137";"510.766";"5.427.724";"2.345";"Temperatur";"Besigheim (CYY137)";"Neckar";"2021";"27.01.2021";"4,6";"°C"
"CYY137";"510.766";"5.427.724";"2.345";"Temperatur";"Besigheim (CYY137)";"Neckar";"2021";"28.01.2021";"4,7";"°C"
"CYY137";"510.766";"5.427.724";"2.345";"Temperatur";"Besigheim (CYY137)";"Neckar";"2021";"29.01.2021";"5,4";"°C"
"CYY137";"510.766";"5.427.724";"2.345";"Temperatur";"Besigheim (CYY137)";"Neckar";"2021";"30.01.2021";"6,3";"°C"
"CYY137";"510.766";"5.427.724";"2.345";"Temperatur";"Besigheim (CYY137)";"Neckar";"2021";"31.01.2021";"6,3";"°C"
"CYY137";"510.766";"5.427.724";"2.345";"Temperatur";"Besigheim (CYY137)";"Neckar";"2021";"01.02.2021";"6,5";"°C"
"CYY137";"510.766";"5.427.724";"2.345";"Temperatur";"Besigheim (CYY137)";"Neckar";"2021";"02.02.2021";"6,9";"°C"
"CYY137";"510.766";"5.427.724";"2.345";"Temperatur";"Besigheim (CYY137)";"Neckar";"2021";"03.02.2021";"7,5";"°C"
"CYY137";"510.766";"5.427.724";"2.345";"Temperatur";"Besigheim (CYY137)";"Neckar";"2021";"04.02.2021";"7,9";"°C"
"CYY137";"510.766";"5.427.724";"2.345";"Temperatur";"Besigheim (CYY137)";"Neckar";"2021";"05.02.2021";"7,8";"°C"
"CYY137";"510.766";"5.427.724";"2.345";"Temperatur";"Besigheim (CYY137)";"Neckar";"2021";"06.02.2021";"8";"°C"
"CYY137";"510.766";"5.427.724";"2.345";"Temperatur";"Besigheim (CYY137)";"Neckar";"2021";"07.02.2021";"8,1";"°C"
"CYY137";"510.766";"5.427.724";"2.345";"Temperatur";"Besigheim (CYY137)";"Neckar";"2021";"08.02.2021";"7,8";"°C"
"CYY137";"510.766";"5.427.724";"2.345";"Temperatur";"Besigheim (CYY137)";"Neckar";"2021";"09.02.2021";"6,9";"°C"
"CYY137";"510.766";"5.427.724";"2.345";"Temperatur";"Besigheim (CYY137)";"Neckar";"2021";"10.02.2021";"5,9";"°C"
"CYY137";"510.766";"5.427.724";"2.345";"Temperatur";"Besigheim (CYY137)";"Neckar";"2021";"11.02.2021";"4,9";"°C"
"CYY137";"510.766";"5.427.724";"2.345";"Temperatur";"Besigheim (CYY137)";"Neckar";"2021";"12.02.2021";"4";"°C"
"CYY137";"510.766";"5.427.724";"2.345";"Temperatur";"Besigheim (CYY137)";"Neckar";"2021";"13.02.2021";"3,1";"°C"
"CYY137";"510.766";"5.427.724";"2.345";"Temperatur";"Besigheim (CYY137)";"Neckar";"2021";"14.02.2021";"2,6";"°C"
"CYY137";"510.766";"5.427.724";"2.345";"Temperatur";"Besigheim (CYY137)";"Neckar";"2021";"15.02.2021";"2,4";"°C"
"CYY137";"510.766";"5.427.724";"2.345";"Temperatur";"Besigheim (CYY137)";"Neckar";"2021";"16.02.2021";"2,6";"°C"
"CYY137";"510.766";"5.427.724";"2.345";"Temperatur";"Besigheim (CYY137)";"Neckar";"2021";"17.02.2021";"3,4";"°C"
"CYY137";"510.766";"5.427.724";"2.345";"Temperatur";"Besigheim (CYY137)";"Neckar";"2021";"18.02.2021";"4,1";"°C"
"CYY137";"510.766";"5.427.724";"2.345";"Temperatur";"Besigheim (CYY137)";"Neckar";"2021";"19.02.2021";"5,3";"°C"
"CYY137";"510.766";"5.427.724";"2.345";"Temperatur";"Besigheim (CYY137)";"Neckar";"2021";"20.02.2021";"6,3";"°C"
"CYY137";"510.766";"5.427.724";"2.345";"Temperatur";"Besigheim (CYY137)";"Neckar";"2021";"21.02.2021";"6,8";"°C"
"CYY137";"510.766";"5.427.724";"2.345";"Temperatur";"Besigheim (CYY137)";"Neckar";"2021";"22.02.2021";"7,2";"°C"
"CYY137";"510.766";"5.427.724";"2.345";"Temperatur";"Besigheim (CYY137)";"Neckar";"2021";"23.02.2021";"7,6";"°C"
"CYY137";"510.766";"5.427.724";"2.345";"Temperatur";"Besigheim (CYY137)";"Neckar";"2021";"24.02.2021";"7,9";"°C"
"CYY137";"510.766";"5.427.724";"2.345";"Temperatur";"Besigheim (CYY137)";"Neckar";"2021";"25.02.2021";"8,2";"°C"
"CYY137";"510.766";"5.427.724";"2.345";"Temperatur";"Besigheim (CYY137)";"Neckar";"2021";"26.02.2021";"8,4";"°C"
"CYY137";"510.766";"5.427.724";"2.345";"Temperatur";"Besigheim (CYY137)";"Neckar";"2021";"27.02.2021";"8,4";"°C"
"CYY137";"510.766";"5.427.724";"2.345";"Temperatur";"Besigheim (CYY137)";"Neckar";"2021";"28.02.2021";"8,4";"°C"
"CYY137";"510.766";"5.427.724";"2.345";"Temperatur";"Besigheim (CYY137)";"Neckar";"2021";"01.03.2021";"8,3";"°C"
"CYY137";"510.766";"5.427.724";"2.345";"Temperatur";"Besigheim (CYY137)";"Neckar";"2021";"02.03.2021";"8,3";"°C"
"CYY137";"510.766";"5.427.724";"2.345";"Temperatur";"Besigheim (CYY137)";"Neckar";"2021";"03.03.2021";"8,3";"°C"
"CYY137";"510.766";"5.427.724";"2.345";"Temperatur";"Besigheim (CYY137)";"Neckar";"2021";"04.03.2021";"8,5";"°C"
"CYY137";"510.766";"5.427.724";"2.345";"Temperatur";"Besigheim (CYY137)";"Neckar";"2021";"05.03.2021";"8,4";"°C"
"CYY137";"510.766";"5.427.724";"2.345";"Temperatur";"Besigheim (CYY137)";"Neckar";"2021";"06.03.2021";"8";"°C"
"CYY137";"510.766";"5.427.724";"2.345";"Temperatur";"Besigheim (CYY137)";"Neckar";"2021";"07.03.2021";"7,7";"°C"
"CYY137";"510.766";"5.427.724";"2.345";"Temperatur";"Besigheim (CYY137)";"Neckar";"2021";"08.03.2021";"7,5";"°C"
"CYY137";"510.766";"5.427.724";"2.345";"Temperatur";"Besigheim (CYY137)";"Neckar";"2021";"09.03.2021";"7,2";"°C"
"CYY137";"510.766";"5.427.724";"2.345";"Temperatur";"Besigheim (CYY137)";"Neckar";"2021";"10.03.2021";"7,4";"°C"
"CYY137";"510.766";"5.427.724";"2.345";"Temperatur";"Besigheim (CYY137)";"Neckar";"2021";"11.03.2021";"7,8";"°C"
"CYY137";"510.766";"5.427.724";"2.345";"Temperatur";"Besigheim (CYY137)";"Neckar";"2021";"12.03.2021";"7,9";"°C"
"CYY137";"510.766";"5.427.724";"2.345";"Temperatur";"Besigheim (CYY137)";"Neckar";"2021";"13.03.2021";"7,9";"°C"
"CYY137";"510.766";"5.427.724";"2.345";"Temperatur";"Besigheim (CYY137)";"Neckar";"2021";"14.03.2021";"7,8";"°C"
"CYY137";"510.766";"5.427.724";"2.345";"Temperatur";"Besigheim (CYY137)";"Neckar";"2021";"15.03.2021";"7,8";"°C"
"CYY137";"510.766";"5.427.724";"2.345";"Temperatur";"Besigheim (CYY137)";"Neckar";"2021";"16.03.2021";"7,7";"°C"
"CYY137";"510.766";"5.427.724";"2.345";"Temperatur";"Besigheim (CYY137)";"Neckar";"2021";"17.03.2021";"7,3";"°C"
"CYY137";"510.766";"5.427.724";"2.345";"Temperatur";"Besigheim (CYY137)";"Neckar";"2021";"18.03.2021";"7,1";"°C"
"CYY137";"510.766";"5.427.724";"2.345";"Temperatur";"Besigheim (CYY137)";"Neckar";"2021";"19.03.2021";"7,1";"°C"
"CYY137";"510.766";"5.427.724";"2.345";"Temperatur";"Besigheim (CYY137)";"Neckar";"2021";"20.03.2021";"6,9";"°C"
"CYY137";"510.766";"5.427.724";"2.345";"Temperatur";"Besigheim (CYY137)";"Neckar";"2021";"21.03.2021";"6,8";"°C"
"CYY137";"510.766";"5.427.724";"2.345";"Temperatur";"Besigheim (CYY137)";"Neckar";"2021";"22.03.2021";"6,7";"°C"
"CYY137";"510.766";"5.427.724";"2.345";"Temperatur";"Besigheim (CYY137)";"Neckar";"2021";"23.03.2021";"6,8";"°C"
"CYY137";"510.766";"5.427.724";"2.345";"Temperatur";"Besigheim (CYY137)";"Neckar";"2021";"24.03.2021";"7";"°C"
"CYY137";"510.766";"5.427.724";"2.345";"Temperatur";"Besigheim (CYY137)";"Neckar";"2021";"25.03.2021";"7,3";"°C"
"CYY137";"510.766";"5.427.724";"2.345";"Temperatur";"Besigheim (CYY137)";"Neckar";"2021";"26.03.2021";"7,9";"°C"
"CYY137";"510.766";"5.427.724";"2.345";"Temperatur";"Besigheim (CYY137)";"Neckar";"2021";"27.03.2021";"8,6";"°C"
"CYY137";"510.766";"5.427.724";"2.345";"Temperatur";"Besigheim (CYY137)";"Neckar";"2021";"28.03.2021";"9,3";"°C"
"CYY137";"510.766";"5.427.724";"2.345";"Temperatur";"Besigheim (CYY137)";"Neckar";"2021";"29.03.2021";"9,9";"°C"
"CYY137";"510.766";"5.427.724";"2.345";"Temperatur";"Besigheim (CYY137)";"Neckar";"2021";"30.03.2021";"10,6";"°C"
"CYY137";"510.766";"5.427.724";"2.345";"Temperatur";"Besigheim (CYY137)";"Neckar";"2021";"31.03.2021";"11,3";"°C"
"CYY137";"510.766";"5.427.724";"2.345";"Temperatur";"Besigheim (CYY137)";"Neckar";"2021";"01.04.2021";"12";"°C"
"CYY137";"510.766";"5.427.724";"2.345";"Temperatur";"Besigheim (CYY137)";"Neckar";"2021";"02.04.2021";"12,3";"°C"
"CYY137";"510.766";"5.427.724";"2.345";"Temperatur";"Besigheim (CYY137)";"Neckar";"2021";"03.04.2021";"12,4";"°C"
"CYY137";"510.766";"5.427.724";"2.345";"Temperatur";"Besigheim (CYY137)";"Neckar";"2021";"04.04.2021";"12,3";"°C"
"CYY137";"510.766";"5.427.724";"2.345";"Temperatur";"Besigheim (CYY137)";"Neckar";"2021";"05.04.2021";"12";"°C"
"CYY137";"510.766";"5.427.724";"2.345";"Temperatur";"Besigheim (CYY137)";"Neckar";"2021";"06.04.2021";"11,2";"°C"
"CYY137";"510.766";"5.427.724";"2.345";"Temperatur";"Besigheim (CYY137)";"Neckar";"2021";"07.04.2021";"10,6";"°C"
"CYY137";"510.766";"5.427.724";"2.345";"Temperatur";"Besigheim (CYY137)";"Neckar";"2021";"08.04.2021";"10,2";"°C"
"CYY137";"510.766";"5.427.724";"2.345";"Temperatur";"Besigheim (CYY137)";"Neckar";"2021";"09.04.2021";"10";"°C"
"CYY137";"510.766";"5.427.724";"2.345";"Temperatur";"Besigheim (CYY137)";"Neckar";"2021";"10.04.2021";"10,1";"°C"
"CYY137";"510.766";"5.427.724";"2.345";"Temperatur";"Besigheim (CYY137)";"Neckar";"2021";"11.04.2021";"10,3";"°C"
"CYY137";"510.766";"5.427.724";"2.345";"Temperatur";"Besigheim (CYY137)";"Neckar";"2021";"12.04.2021";"10,2";"°C"
"CYY137";"510.766";"5.427.724";"2.345";"Temperatur";"Besigheim (CYY137)";"Neckar";"2021";"13.04.2021";"9,8";"°C"
"CYY137";"510.766";"5.427.724";"2.345";"Temperatur";"Besigheim (CYY137)";"Neckar";"2021";"14.04.2021";"9,9";"°C"
"CYY137";"510.766";"5.427.724";"2.345";"Temperatur";"Besigheim (CYY137)";"Neckar";"2021";"15.04.2021";"9,6";"°C"
"CYY137";"510.766";"5.427.724";"2.345";"Temperatur";"Besigheim (CYY137)";"Neckar";"2021";"16.04.2021";"9,4";"°C"
"CYY137";"510.766";"5.427.724";"2.345";"Temperatur";"Besigheim (CYY137)";"Neckar";"2021";"17.04.2021";"9,7";"°C"
"CYY137";"510.766";"5.427.724";"2.345";"Temperatur";"Besigheim (CYY137)";"Neckar";"2021";"18.04.2021";"10";"°C"
"CYY137";"510.766";"5.427.724";"2.345";"Temperatur";"Besigheim (CYY137)";"Neckar";"2021";"19.04.2021";"10,2";"°C"
"CYY137";"510.766";"5.427.724";"2.345";"Temperatur";"Besigheim (CYY137)";"Neckar";"2021";"20.04.2021";"10,4";"°C"
"CYY137";"510.766";"5.427.724";"2.345";"Temperatur";"Besigheim (CYY137)";"Neckar";"2021";"21.04.2021";"10,8";"°C"
"CYY137";"510.766";"5.427.724";"2.345";"Temperatur";"Besigheim (CYY137)";"Neckar";"2021";"22.04.2021";"11,3";"°C"
"CYY137";"510.766";"5.427.724";"2.345";"Temperatur";"Besigheim (CYY137)";"Neckar";"2021";"23.04.2021";"11,7";"°C"
"CYY137";"510.766";"5.427.724";"2.345";"Temperatur";"Besigheim (CYY137)";"Neckar";"2021";"24.04.2021";"12,1";"°C"
"CYY137";"510.766";"5.427.724";"2.345";"Temperatur";"Besigheim (CYY137)";"Neckar";"2021";"25.04.2021";"12,7";"°C"
"CYY137";"510.766";"5.427.724";"2.345";"Temperatur";"Besigheim (CYY137)";"Neckar";"2021";"26.04.2021";"13,1";"°C"
"CYY137";"510.766";"5.427.724";"2.345";"Temperatur";"Besigheim (CYY137)";"Neckar";"2021";"27.04.2021";"13,4";"°C"
"CYY137";"510.766";"5.427.724";"2.345";"Temperatur";"Besigheim (CYY137)";"Neckar";"2021";"28.04.2021";"14";"°C"
"CYY137";"510.766";"5.427.724";"2.345";"Temperatur";"Besigheim (CYY137)";"Neckar";"2021";"29.04.2021";"14,5";"°C"
"CYY137";"510.766";"5.427.724";"2.345";"Temperatur";"Besigheim (CYY137)";"Neckar";"2021";"30.04.2021";"14,2";"°C"
"CYY137";"510.766";"5.427.724";"2.345";"Temperatur";"Besigheim (CYY137)";"Neckar";"2021";"01.05.2021";"13,9";"°C"
"CYY137";"510.766";"5.427.724";"2.345";"Temperatur";"Besigheim (CYY137)";"Neckar";"2021";"02.05.2021";"13,8";"°C"
"CYY137";"510.766";"5.427.724";"2.345";"Temperatur";"Besigheim (CYY137)";"Neckar";"2021";"03.05.2021";"13,5";"°C"
"CYY137";"510.766";"5.427.724";"2.345";"Temperatur";"Besigheim (CYY137)";"Neckar";"2021";"04.05.2021";"13,1";"°C"
"CYY137";"510.766";"5.427.724";"2.345";"Temperatur";"Besigheim (CYY137)";"Neckar";"2021";"05.05.2021";"12,5";"°C"
"CYY137";"510.766";"5.427.724";"2.345";"Temperatur";"Besigheim (CYY137)";"Neckar";"2021";"06.05.2021";"11,7";"°C"
"CYY137";"510.766";"5.427.724";"2.345";"Temperatur";"Besigheim (CYY137)";"Neckar";"2021";"07.05.2021";"11,3";"°C"
"CYY137";"510.766";"5.427.724";"2.345";"Temperatur";"Besigheim (CYY137)";"Neckar";"2021";"08.05.2021";"11";"°C"
"CYY137";"510.766";"5.427.724";"2.345";"Temperatur";"Besigheim (CYY137)";"Neckar";"2021";"09.05.2021";"11,3";"°C"
"CYY137";"510.766";"5.427.724";"2.345";"Temperatur";"Besigheim (CYY137)";"Neckar";"2021";"10.05.2021";"12";"°C"
"CYY137";"510.766";"5.427.724";"2.345";"Temperatur";"Besigheim (CYY137)";"Neckar";"2021";"11.05.2021";"12,4";"°C"
"CYY137";"510.766";"5.427.724";"2.345";"Temperatur";"Besigheim (CYY137)";"Neckar";"2021";"12.05.2021";"13,2";"°C"
"CYY137";"510.766";"5.427.724";"2.345";"Temperatur";"Besigheim (CYY137)";"Neckar";"2021";"13.05.2021";"13,7";"°C"
"CYY137";"510.766";"5.427.724";"2.345";"Temperatur";"Besigheim (CYY137)";"Neckar";"2021";"14.05.2021";"13,6";"°C"
"CYY137";"510.766";"5.427.724";"2.345";"Temperatur";"Besigheim (CYY137)";"Neckar";"2021";"15.05.2021";"13,6";"°C"
"CYY137";"510.766";"5.427.724";"2.345";"Temperatur";"Besigheim (CYY137)";"Neckar";"2021";"16.05.2021";"13,5";"°C"
"CYY137";"510.766";"5.427.724";"2.345";"Temperatur";"Besigheim (CYY137)";"Neckar";"2021";"17.05.2021";"13,7";"°C"
"CYY137";"510.766";"5.427.724";"2.345";"Temperatur";"Besigheim (CYY137)";"Neckar";"2021";"18.05.2021";"13,8";"°C"
"CYY137";"510.766";"5.427.724";"2.345";"Temperatur";"Besigheim (CYY137)";"Neckar";"2021";"19.05.2021";"14,1";"°C"
"CYY137";"510.766";"5.427.724";"2.345";"Temperatur";"Besigheim (CYY137)";"Neckar";"2021";"20.05.2021";"14,4";"°C"
"CYY137";"510.766";"5.427.724";"2.345";"Temperatur";"Besigheim (CYY137)";"Neckar";"2021";"21.05.2021";"14,4";"°C"
"CYY137";"510.766";"5.427.724";"2.345";"Temperatur";"Besigheim (CYY137)";"Neckar";"2021";"22.05.2021";"14,3";"°C"
"CYY137";"510.766";"5.427.724";"2.345";"Temperatur";"Besigheim (CYY137)";"Neckar";"2021";"23.05.2021";"14,4";"°C"
"CYY137";"510.766";"5.427.724";"2.345";"Temperatur";"Besigheim (CYY137)";"Neckar";"2021";"24.05.2021";"14,5";"°C"
"CYY137";"510.766";"5.427.724";"2.345";"Temperatur";"Besigheim (CYY137)";"Neckar";"2021";"25.05.2021";"14,4";"°C"
"CYY137";"510.766";"5.427.724";"2.345";"Temperatur";"Besigheim (CYY137)";"Neckar";"2021";"26.05.2021";"14,2";"°C"
"CYY137";"510.766";"5.427.724";"2.345";"Temperatur";"Besigheim (CYY137)";"Neckar";"2021";"27.05.2021";"14,1";"°C"
"CYY137";"510.766";"5.427.724";"2.345";"Temperatur";"Besigheim (CYY137)";"Neckar";"2021";"28.05.2021";"14,6";"°C"
"CYY137";"510.766";"5.427.724";"2.345";"Temperatur";"Besigheim (CYY137)";"Neckar";"2021";"29.05.2021";"15,1";"°C"
"CYY137";"510.766";"5.427.724";"2.345";"Temperatur";"Besigheim (CYY137)";"Neckar";"2021";"30.05.2021";"15,4";"°C"
"CYY137";"510.766";"5.427.724";"2.345";"Temperatur";"Besigheim (CYY137)";"Neckar";"2021";"31.05.2021";"15,9";"°C"
"CYY137";"510.766";"5.427.724";"2.345";"Temperatur";"Besigheim (CYY137)";"Neckar";"2021";"01.06.2021";"16,5";"°C"
"CYY137";"510.766";"5.427.724";"2.345";"Temperatur";"Besigheim (CYY137)";"Neckar";"2021";"02.06.2021";"17,1";"°C"
"CYY137";"510.766";"5.427.724";"2.345";"Temperatur";"Besigheim (CYY137)";"Neckar";"2021";"03.06.2021";"17,9";"°C"
"CYY137";"510.766";"5.427.724";"2.345";"Temperatur";"Besigheim (CYY137)";"Neckar";"2021";"04.06.2021";"18,5";"°C"
"CYY137";"510.766";"5.427.724";"2.345";"Temperatur";"Besigheim (CYY137)";"Neckar";"2021";"05.06.2021";"18,9";"°C"
"CYY137";"510.766";"5.427.724";"2.345";"Temperatur";"Besigheim (CYY137)";"Neckar";"2021";"06.06.2021";"18,8";"°C"
"CYY137";"510.766";"5.427.724";"2.345";"Temperatur";"Besigheim (CYY137)";"Neckar";"2021";"07.06.2021";"18,6";"°C"
"CYY137";"510.766";"5.427.724";"2.345";"Temperatur";"Besigheim (CYY137)";"Neckar";"2021";"08.06.2021";"18,5";"°C"
"CYY137";"510.766";"5.427.724";"2.345";"Temperatur";"Besigheim (CYY137)";"Neckar";"2021";"09.06.2021";"18,8";"°C"
"CYY137";"510.766";"5.427.724";"2.345";"Temperatur";"Besigheim (CYY137)";"Neckar";"2021";"10.06.2021";"19";"°C"
"CYY137";"510.766";"5.427.724";"2.345";"Temperatur";"Besigheim (CYY137)";"Neckar";"2021";"11.06.2021";"19,2";"°C"
"CYY137";"510.766";"5.427.724";"2.345";"Temperatur";"Besigheim (CYY137)";"Neckar";"2021";"12.06.2021";"19,8";"°C"
"CYY137";"510.766";"5.427.724";"2.345";"Temperatur";"Besigheim (CYY137)";"Neckar";"2021";"13.06.2021";"20,1";"°C"
"CYY137";"510.766";"5.427.724";"2.345";"Temperatur";"Besigheim (CYY137)";"Neckar";"2021";"14.06.2021";"20,7";"°C"
"CYY137";"510.766";"5.427.724";"2.345";"Temperatur";"Besigheim (CYY137)";"Neckar";"2021";"15.06.2021";"21,2";"°C"
"CYY137";"510.766";"5.427.724";"2.345";"Temperatur";"Besigheim (CYY137)";"Neckar";"2021";"16.06.2021";"21,9";"°C"
"CYY137";"510.766";"5.427.724";"2.345";"Temperatur";"Besigheim (CYY137)";"Neckar";"2021";"17.06.2021";"22,5";"°C"
"CYY137";"510.766";"5.427.724";"2.345";"Temperatur";"Besigheim (CYY137)";"Neckar";"2021";"18.06.2021";"23,1";"°C"
"CYY137";"510.766";"5.427.724";"2.345";"Temperatur";"Besigheim (CYY137)";"Neckar";"2021";"19.06.2021";"23,9";"°C"
"CYY137";"510.766";"5.427.724";"2.345";"Temperatur";"Besigheim (CYY137)";"Neckar";"2021";"20.06.2021";"24,3";"°C"
"CYY137";"510.766";"5.427.724";"2.345";"Temperatur";"Besigheim (CYY137)";"Neckar";"2021";"21.06.2021";"24,4";"°C"
"CYY137";"510.766";"5.427.724";"2.345";"Temperatur";"Besigheim (CYY137)";"Neckar";"2021";"22.06.2021";"24";"°C"
"CYY137";"510.766";"5.427.724";"2.345";"Temperatur";"Besigheim (CYY137)";"Neckar";"2021";"23.06.2021";"23,6";"°C"
"CYY137";"510.766";"5.427.724";"2.345";"Temperatur";"Besigheim (CYY137)";"Neckar";"2021";"24.06.2021";"22,2";"°C"
"CYY137";"510.766";"5.427.724";"2.345";"Temperatur";"Besigheim (CYY137)";"Neckar";"2021";"25.06.2021";"19,8";"°C"
"CYY137";"510.766";"5.427.724";"2.345";"Temperatur";"Besigheim (CYY137)";"Neckar";"2021";"26.06.2021";"18,7";"°C"
"CYY137";"510.766";"5.427.724";"2.345";"Temperatur";"Besigheim (CYY137)";"Neckar";"2021";"27.06.2021";"19,4";"°C"
"CYY137";"510.766";"5.427.724";"2.345";"Temperatur";"Besigheim (CYY137)";"Neckar";"2021";"28.06.2021";"19,9";"°C"
"CYY137";"510.766";"5.427.724";"2.345";"Temperatur";"Besigheim (CYY137)";"Neckar";"2021";"29.06.2021";"19,3";"°C"
"CYY137";"510.766";"5.427.724";"2.345";"Temperatur";"Besigheim (CYY137)";"Neckar";"2021";"30.06.2021";"18,1";"°C"
"CYY137";"510.766";"5.427.724";"2.345";"Temperatur";"Besigheim (CYY137)";"Neckar";"2021";"01.07.2021";"17";"°C"
"CYY137";"510.766";"5.427.724";"2.345";"Temperatur";"Besigheim (CYY137)";"Neckar";"2021";"02.07.2021";"16,6";"°C"
"CYY137";"510.766";"5.427.724";"2.345";"Temperatur";"Besigheim (CYY137)";"Neckar";"2021";"03.07.2021";"17,1";"°C"
"CYY137";"510.766";"5.427.724";"2.345";"Temperatur";"Besigheim (CYY137)";"Neckar";"2021";"04.07.2021";"17,6";"°C"
"CYY137";"510.766";"5.427.724";"2.345";"Temperatur";"Besigheim (CYY137)";"Neckar";"2021";"05.07.2021";"17,9";"°C"
"CYY137";"510.766";"5.427.724";"2.345";"Temperatur";"Besigheim (CYY137)";"Neckar";"2021";"06.07.2021";"18,1";"°C"
"CYY137";"510.766";"5.427.724";"2.345";"Temperatur";"Besigheim (CYY137)";"Neckar";"2021";"07.07.2021";"18,3";"°C"
"CYY137";"510.766";"5.427.724";"2.345";"Temperatur";"Besigheim (CYY137)";"Neckar";"2021";"08.07.2021";"18,3";"°C"
"CYY137";"510.766";"5.427.724";"2.345";"Temperatur";"Besigheim (CYY137)";"Neckar";"2021";"09.07.2021";"17,6";"°C"
"CYY137";"510.766";"5.427.724";"2.345";"Temperatur";"Besigheim (CYY137)";"Neckar";"2021";"10.07.2021";"16,9";"°C"
"CYY137";"510.766";"5.427.724";"2.345";"Temperatur";"Besigheim (CYY137)";"Neckar";"2021";"11.07.2021";"17";"°C"
"CYY137";"510.766";"5.427.724";"2.345";"Temperatur";"Besigheim (CYY137)";"Neckar";"2021";"12.07.2021";"17,2";"°C"
"CYY137";"510.766";"5.427.724";"2.345";"Temperatur";"Besigheim (CYY137)";"Neckar";"2021";"13.07.2021";"17,3";"°C"
"CYY137";"510.766";"5.427.724";"2.345";"Temperatur";"Besigheim (CYY137)";"Neckar";"2021";"14.07.2021";"16,7";"°C"
"CYY137";"510.766";"5.427.724";"2.345";"Temperatur";"Besigheim (CYY137)";"Neckar";"2021";"15.07.2021";"16,8";"°C"
"CYY137";"510.766";"5.427.724";"2.345";"Temperatur";"Besigheim (CYY137)";"Neckar";"2021";"16.07.2021";"16,8";"°C"
"CYY137";"510.766";"5.427.724";"2.345";"Temperatur";"Besigheim (CYY137)";"Neckar";"2021";"17.07.2021";"16,9";"°C"
"CYY137";"510.766";"5.427.724";"2.345";"Temperatur";"Besigheim (CYY137)";"Neckar";"2021";"18.07.2021";"17,2";"°C"
"CYY137";"510.766";"5.427.724";"2.345";"Temperatur";"Besigheim (CYY137)";"Neckar";"2021";"19.07.2021";"18,1";"°C"
"CYY137";"510.766";"5.427.724";"2.345";"Temperatur";"Besigheim (CYY137)";"Neckar";"2021";"20.07.2021";"18,6";"°C"
"CYY137";"510.766";"5.427.724";"2.345";"Temperatur";"Besigheim (CYY137)";"Neckar";"2021";"21.07.2021";"19,1";"°C"
"CYY137";"510.766";"5.427.724";"2.345";"Temperatur";"Besigheim (CYY137)";"Neckar";"2021";"22.07.2021";"19,7";"°C"
"CYY137";"510.766";"5.427.724";"2.345";"Temperatur";"Besigheim (CYY137)";"Neckar";"2021";"23.07.2021";"20,3";"°C"
"CYY137";"510.766";"5.427.724";"2.345";"Temperatur";"Besigheim (CYY137)";"Neckar";"2021";"24.07.2021";"20,7";"°C"
"CYY137";"510.766";"5.427.724";"2.345";"Temperatur";"Besigheim (CYY137)";"Neckar";"2021";"25.07.2021";"20,7";"°C"
"CYY137";"510.766";"5.427.724";"2.345";"Temperatur";"Besigheim (CYY137)";"Neckar";"2021";"26.07.2021";"20,5";"°C"
"CYY137";"510.766";"5.427.724";"2.345";"Temperatur";"Besigheim (CYY137)";"Neckar";"2021";"27.07.2021";"20,3";"°C"
"CYY137";"510.766";"5.427.724";"2.345";"Temperatur";"Besigheim (CYY137)";"Neckar";"2021";"28.07.2021";"20,2";"°C"
"CYY137";"510.766";"5.427.724";"2.345";"Temperatur";"Besigheim (CYY137)";"Neckar";"2021";"29.07.2021";"20,1";"°C"
"CYY137";"510.766";"5.427.724";"2.345";"Temperatur";"Besigheim (CYY137)";"Neckar";"2021";"30.07.2021";"20,2";"°C"
"CYY137";"510.766";"5.427.724";"2.345";"Temperatur";"Besigheim (CYY137)";"Neckar";"2021";"31.07.2021";"20,5";"°C"
"CYY137";"510.766";"5.427.724";"2.345";"Temperatur";"Besigheim (CYY137)";"Neckar";"2021";"01.08.2021";"20,5";"°C"
"CYY137";"510.766";"5.427.724";"2.345";"Temperatur";"Besigheim (CYY137)";"Neckar";"2021";"02.08.2021";"19,9";"°C"
"CYY137";"510.766";"5.427.724";"2.345";"Temperatur";"Besigheim (CYY137)";"Neckar";"2021";"03.08.2021";"19,4";"°C"
"CYY137";"510.766";"5.427.724";"2.345";"Temperatur";"Besigheim (CYY137)";"Neckar";"2021";"04.08.2021";"19,1";"°C"
"CYY137";"510.766";"5.427.724";"2.345";"Temperatur";"Besigheim (CYY137)";"Neckar";"2021";"05.08.2021";"18,9";"°C"
"CYY137";"510.766";"5.427.724";"2.345";"Temperatur";"Besigheim (CYY137)";"Neckar";"2021";"06.08.2021";"18,9";"°C"
"CYY137";"510.766";"5.427.724";"2.345";"Temperatur";"Besigheim (CYY137)";"Neckar";"2021";"07.08.2021";"18,7";"°C"
"CYY137";"510.766";"5.427.724";"2.345";"Temperatur";"Besigheim (CYY137)";"Neckar";"2021";"08.08.2021";"18,3";"°C"
"CYY137";"510.766";"5.427.724";"2.345";"Temperatur";"Besigheim (CYY137)";"Neckar";"2021";"09.08.2021";"18,3";"°C"
"CYY137";"510.766";"5.427.724";"2.345";"Temperatur";"Besigheim (CYY137)";"Neckar";"2021";"10.08.2021";"18,5";"°C"
"CYY137";"510.766";"5.427.724";"2.345";"Temperatur";"Besigheim (CYY137)";"Neckar";"2021";"11.08.2021";"18,9";"°C"
"CYY137";"510.766";"5.427.724";"2.345";"Temperatur";"Besigheim (CYY137)";"Neckar";"2021";"12.08.2021";"19,5";"°C"
"CYY137";"510.766";"5.427.724";"2.345";"Temperatur";"Besigheim (CYY137)";"Neckar";"2021";"13.08.2021";"20";"°C"
"CYY137";"510.766";"5.427.724";"2.345";"Temperatur";"Besigheim (CYY137)";"Neckar";"2021";"14.08.2021";"20,7";"°C"
"CYY137";"510.766";"5.427.724";"2.345";"Temperatur";"Besigheim (CYY137)";"Neckar";"2021";"15.08.2021";"21,2";"°C"
"CYY137";"510.766";"5.427.724";"2.345";"Temperatur";"Besigheim (CYY137)";"Neckar";"2021";"16.08.2021";"21,3";"°C"
"CYY137";"510.766";"5.427.724";"2.345";"Temperatur";"Besigheim (CYY137)";"Neckar";"2021";"17.08.2021";"20,9";"°C"
"CYY137";"510.766";"5.427.724";"2.345";"Temperatur";"Besigheim (CYY137)";"Neckar";"2021";"18.08.2021";"20,4";"°C"
"CYY137";"510.766";"5.427.724";"2.345";"Temperatur";"Besigheim (CYY137)";"Neckar";"2021";"19.08.2021";"20,3";"°C"
"CYY137";"510.766";"5.427.724";"2.345";"Temperatur";"Besigheim (CYY137)";"Neckar";"2021";"20.08.2021";"20,5";"°C"
"CYY137";"510.766";"5.427.724";"2.345";"Temperatur";"Besigheim (CYY137)";"Neckar";"2021";"21.08.2021";"20,6";"°C"
"CYY137";"510.766";"5.427.724";"2.345";"Temperatur";"Besigheim (CYY137)";"Neckar";"2021";"22.08.2021";"20,5";"°C"
"CYY137";"510.766";"5.427.724";"2.345";"Temperatur";"Besigheim (CYY137)";"Neckar";"2021";"23.08.2021";"19,8";"°C"
"CYY137";"510.766";"5.427.724";"2.345";"Temperatur";"Besigheim (CYY137)";"Neckar";"2021";"24.08.2021";"19,3";"°C"
"CYY137";"510.766";"5.427.724";"2.345";"Temperatur";"Besigheim (CYY137)";"Neckar";"2021";"25.08.2021";"19,2";"°C"
"CYY137";"510.766";"5.427.724";"2.345";"Temperatur";"Besigheim (CYY137)";"Neckar";"2021";"26.08.2021";"19,1";"°C"
"CYY137";"510.766";"5.427.724";"2.345";"Temperatur";"Besigheim (CYY137)";"Neckar";"2021";"27.08.2021";"18,9";"°C"
"CYY137";"510.766";"5.427.724";"2.345";"Temperatur";"Besigheim (CYY137)";"Neckar";"2021";"28.08.2021";"18,7";"°C"
"CYY137";"510.766";"5.427.724";"2.345";"Temperatur";"Besigheim (CYY137)";"Neckar";"2021";"29.08.2021";"18,3";"°C"
"CYY137";"510.766";"5.427.724";"2.345";"Temperatur";"Besigheim (CYY137)";"Neckar";"2021";"30.08.2021";"17,6";"°C"
"CYY137";"510.766";"5.427.724";"2.345";"Temperatur";"Besigheim (CYY137)";"Neckar";"2021";"31.08.2021";"16,8";"°C"
"CYY137";"510.766";"5.427.724";"2.345";"Temperatur";"Besigheim (CYY137)";"Neckar";"2021";"01.09.2021";"16,5";"°C"
"CYY137";"510.766";"5.427.724";"2.345";"Temperatur";"Besigheim (CYY137)";"Neckar";"2021";"02.09.2021";"16,6";"°C"
"CYY137";"510.766";"5.427.724";"2.345";"Temperatur";"Besigheim (CYY137)";"Neckar";"2021";"03.09.2021";"16,8";"°C"
"CYY137";"510.766";"5.427.724";"2.345";"Temperatur";"Besigheim (CYY137)";"Neckar";"2021";"04.09.2021";"17,1";"°C"
"CYY137";"510.766";"5.427.724";"2.345";"Temperatur";"Besigheim (CYY137)";"Neckar";"2021";"05.09.2021";"17,5";"°C"
"CYY137";"510.766";"5.427.724";"2.345";"Temperatur";"Besigheim (CYY137)";"Neckar";"2021";"06.09.2021";"17,7";"°C"
"CYY137";"510.766";"5.427.724";"2.345";"Temperatur";"Besigheim (CYY137)";"Neckar";"2021";"07.09.2021";"18,1";"°C"
"CYY137";"510.766";"5.427.724";"2.345";"Temperatur";"Besigheim (CYY137)";"Neckar";"2021";"08.09.2021";"18,3";"°C"
"CYY137";"510.766";"5.427.724";"2.345";"Temperatur";"Besigheim (CYY137)";"Neckar";"2021";"09.09.2021";"18,7";"°C"
"CYY137";"510.766";"5.427.724";"2.345";"Temperatur";"Besigheim (CYY137)";"Neckar";"2021";"10.09.2021";"-";"°C"
"CYY137";"510.766";"5.427.724";"2.345";"Temperatur";"Besigheim (CYY137)";"Neckar";"2021";"11.09.2021";"-";"°C"
"CYY137";"510.766";"5.427.724";"2.345";"Temperatur";"Besigheim (CYY137)";"Neckar";"2021";"12.09.2021";"-";"°C"
"CYY137";"510.766";"5.427.724";"2.345";"Temperatur";"Besigheim (CYY137)";"Neckar";"2021";"13.09.2021";"-";"°C"
"CYY137";"510.766";"5.427.724";"2.345";"Temperatur";"Besigheim (CYY137)";"Neckar";"2021";"14.09.2021";"19,6";"°C"
"CYY137";"510.766";"5.427.724";"2.345";"Temperatur";"Besigheim (CYY137)";"Neckar";"2021";"15.09.2021";"19,7";"°C"
"CYY137";"510.766";"5.427.724";"2.345";"Temperatur";"Besigheim (CYY137)";"Neckar";"2021";"16.09.2021";"19,4";"°C"
"CYY137";"510.766";"5.427.724";"2.345";"Temperatur";"Besigheim (CYY137)";"Neckar";"2021";"17.09.2021";"19,1";"°C"
"CYY137";"510.766";"5.427.724";"2.345";"Temperatur";"Besigheim (CYY137)";"Neckar";"2021";"18.09.2021";"19,1";"°C"
"CYY137";"510.766";"5.427.724";"2.345";"Temperatur";"Besigheim (CYY137)";"Neckar";"2021";"19.09.2021";"19";"°C"
"CYY137";"510.766";"5.427.724";"2.345";"Temperatur";"Besigheim (CYY137)";"Neckar";"2021";"20.09.2021";"18,6";"°C"
"CYY137";"510.766";"5.427.724";"2.345";"Temperatur";"Besigheim (CYY137)";"Neckar";"2021";"21.09.2021";"18,1";"°C"
"CYY137";"510.766";"5.427.724";"2.345";"Temperatur";"Besigheim (CYY137)";"Neckar";"2021";"22.09.2021";"17,8";"°C"
"CYY137";"510.766";"5.427.724";"2.345";"Temperatur";"Besigheim (CYY137)";"Neckar";"2021";"23.09.2021";"17,6";"°C"
"CYY137";"510.766";"5.427.724";"2.345";"Temperatur";"Besigheim (CYY137)";"Neckar";"2021";"24.09.2021";"17,4";"°C"
"CYY137";"510.766";"5.427.724";"2.345";"Temperatur";"Besigheim (CYY137)";"Neckar";"2021";"25.09.2021";"17,3";"°C"
"CYY137";"510.766";"5.427.724";"2.345";"Temperatur";"Besigheim (CYY137)";"Neckar";"2021";"26.09.2021";"17,2";"°C"
"CYY137";"510.766";"5.427.724";"2.345";"Temperatur";"Besigheim (CYY137)";"Neckar";"2021";"27.09.2021";"17,3";"°C"
"CYY137";"510.766";"5.427.724";"2.345";"Temperatur";"Besigheim (CYY137)";"Neckar";"2021";"28.09.2021";"17,2";"°C"
"CYY137";"510.766";"5.427.724";"2.345";"Temperatur";"Besigheim (CYY137)";"Neckar";"2021";"29.09.2021";"17,1";"°C"
"CYY137";"510.766";"5.427.724";"2.345";"Temperatur";"Besigheim (CYY137)";"Neckar";"2021";"30.09.2021";"16,7";"°C"
"CYY137";"510.766";"5.427.724";"2.345";"Temperatur";"Besigheim (CYY137)";"Neckar";"2021";"01.10.2021";"16,4";"°C"
"CYY137";"510.766";"5.427.724";"2.345";"Temperatur";"Besigheim (CYY137)";"Neckar";"2021";"02.10.2021";"16,3";"°C"
"CYY137";"510.766";"5.427.724";"2.345";"Temperatur";"Besigheim (CYY137)";"Neckar";"2021";"03.10.2021";"16,2";"°C"
"CYY137";"510.766";"5.427.724";"2.345";"Temperatur";"Besigheim (CYY137)";"Neckar";"2021";"04.10.2021";"16";"°C"
"CYY137";"510.766";"5.427.724";"2.345";"Temperatur";"Besigheim (CYY137)";"Neckar";"2021";"05.10.2021";"15,9";"°C"
"CYY137";"510.766";"5.427.724";"2.345";"Temperatur";"Besigheim (CYY137)";"Neckar";"2021";"06.10.2021";"15,8";"°C"
"CYY137";"510.766";"5.427.724";"2.345";"Temperatur";"Besigheim (CYY137)";"Neckar";"2021";"07.10.2021";"15,8";"°C"
"CYY137";"510.766";"5.427.724";"2.345";"Temperatur";"Besigheim (CYY137)";"Neckar";"2021";"08.10.2021";"15,4";"°C"
"CYY137";"510.766";"5.427.724";"2.345";"Temperatur";"Besigheim (CYY137)";"Neckar";"2021";"09.10.2021";"15,1";"°C"
"CYY137";"510.766";"5.427.724";"2.345";"Temperatur";"Besigheim (CYY137)";"Neckar";"2021";"10.10.2021";"14,6";"°C"
"CYY137";"510.766";"5.427.724";"2.345";"Temperatur";"Besigheim (CYY137)";"Neckar";"2021";"11.10.2021";"14,1";"°C"
"CYY137";"510.766";"5.427.724";"2.345";"Temperatur";"Besigheim (CYY137)";"Neckar";"2021";"12.10.2021";"13,8";"°C"
"CYY137";"510.766";"5.427.724";"2.345";"Temperatur";"Besigheim (CYY137)";"Neckar";"2021";"13.10.2021";"13,4";"°C"
"CYY137";"510.766";"5.427.724";"2.345";"Temperatur";"Besigheim (CYY137)";"Neckar";"2021";"14.10.2021";"13,3";"°C"
"CYY137";"510.766";"5.427.724";"2.345";"Temperatur";"Besigheim (CYY137)";"Neckar";"2021";"15.10.2021";"13,1";"°C"
"CYY137";"510.766";"5.427.724";"2.345";"Temperatur";"Besigheim (CYY137)";"Neckar";"2021";"16.10.2021";"13";"°C"
"CYY137";"510.766";"5.427.724";"2.345";"Temperatur";"Besigheim (CYY137)";"Neckar";"2021";"17.10.2021";"12,8";"°C"
"CYY137";"510.766";"5.427.724";"2.345";"Temperatur";"Besigheim (CYY137)";"Neckar";"2021";"18.10.2021";"12,6";"°C"
"CYY137";"510.766";"5.427.724";"2.345";"Temperatur";"Besigheim (CYY137)";"Neckar";"2021";"19.10.2021";"12,4";"°C"
"CYY137";"510.766";"5.427.724";"2.345";"Temperatur";"Besigheim (CYY137)";"Neckar";"2021";"20.10.2021";"12,2";"°C"
"CYY137";"510.766";"5.427.724";"2.345";"Temperatur";"Besigheim (CYY137)";"Neckar";"2021";"21.10.2021";"12,3";"°C"
"CYY137";"510.766";"5.427.724";"2.345";"Temperatur";"Besigheim (CYY137)";"Neckar";"2021";"22.10.2021";"12,3";"°C"
"CYY137";"510.766";"5.427.724";"2.345";"Temperatur";"Besigheim (CYY137)";"Neckar";"2021";"23.10.2021";"12,3";"°C"
"CYY137";"510.766";"5.427.724";"2.345";"Temperatur";"Besigheim (CYY137)";"Neckar";"2021";"24.10.2021";"12,1";"°C"
"CYY137";"510.766";"5.427.724";"2.345";"Temperatur";"Besigheim (CYY137)";"Neckar";"2021";"25.10.2021";"12";"°C"
"CYY137";"510.766";"5.427.724";"2.345";"Temperatur";"Besigheim (CYY137)";"Neckar";"2021";"26.10.2021";"11,8";"°C"
"CYY137";"510.766";"5.427.724";"2.345";"Temperatur";"Besigheim (CYY137)";"Neckar";"2021";"27.10.2021";"11,7";"°C"
"CYY137";"510.766";"5.427.724";"2.345";"Temperatur";"Besigheim (CYY137)";"Neckar";"2021";"28.10.2021";"11,4";"°C"
"CYY137";"510.766";"5.427.724";"2.345";"Temperatur";"Besigheim (CYY137)";"Neckar";"2021";"29.10.2021";"11,2";"°C"
"CYY137";"510.766";"5.427.724";"2.345";"Temperatur";"Besigheim (CYY137)";"Neckar";"2021";"30.10.2021";"11";"°C"
"CYY137";"510.766";"5.427.724";"2.345";"Temperatur";"Besigheim (CYY137)";"Neckar";"2021";"31.10.2021";"11,3";"°C"
"CYY137";"510.766";"5.427.724";"2.345";"Temperatur";"Besigheim (CYY137)";"Neckar";"2021";"01.11.2021";"11,4";"°C"
"CYY137";"510.766";"5.427.724";"2.345";"Temperatur";"Besigheim (CYY137)";"Neckar";"2021";"02.11.2021";"11,2";"°C"
"CYY137";"510.766";"5.427.724";"2.345";"Temperatur";"Besigheim (CYY137)";"Neckar";"2021";"03.11.2021";"11";"°C"
"CYY137";"510.766";"5.427.724";"2.345";"Temperatur";"Besigheim (CYY137)";"Neckar";"2021";"04.11.2021";"10,9";"°C"
"CYY137";"510.766";"5.427.724";"2.345";"Temperatur";"Besigheim (CYY137)";"Neckar";"2021";"05.11.2021";"10,7";"°C"
"CYY137";"510.766";"5.427.724";"2.345";"Temperatur";"Besigheim (CYY137)";"Neckar";"2021";"06.11.2021";"10,2";"°C"
"CYY137";"510.766";"5.427.724";"2.345";"Temperatur";"Besigheim (CYY137)";"Neckar";"2021";"07.11.2021";"10";"°C"
"CYY137";"510.766";"5.427.724";"2.345";"Temperatur";"Besigheim (CYY137)";"Neckar";"2021";"08.11.2021";"9,8";"°C"
"CYY137";"510.766";"5.427.724";"2.345";"Temperatur";"Besigheim (CYY137)";"Neckar";"2021";"09.11.2021";"9,7";"°C"
"CYY137";"510.766";"5.427.724";"2.345";"Temperatur";"Besigheim (CYY137)";"Neckar";"2021";"10.11.2021";"9,3";"°C"
"CYY137";"510.766";"5.427.724";"2.345";"Temperatur";"Besigheim (CYY137)";"Neckar";"2021";"11.11.2021";"9";"°C"
"CYY137";"510.766";"5.427.724";"2.345";"Temperatur";"Besigheim (CYY137)";"Neckar";"2021";"12.11.2021";"8,7";"°C"
"CYY137";"510.766";"5.427.724";"2.345";"Temperatur";"Besigheim (CYY137)";"Neckar";"2021";"13.11.2021";"8,6";"°C"
"CYY137";"510.766";"5.427.724";"2.345";"Temperatur";"Besigheim (CYY137)";"Neckar";"2021";"14.11.2021";"8,6";"°C"
"CYY137";"510.766";"5.427.724";"2.345";"Temperatur";"Besigheim (CYY137)";"Neckar";"2021";"15.11.2021";"8,6";"°C"
"CYY137";"510.766";"5.427.724";"2.345";"Temperatur";"Besigheim (CYY137)";"Neckar";"2021";"16.11.2021";"8,6";"°C"
"CYY137";"510.766";"5.427.724";"2.345";"Temperatur";"Besigheim (CYY137)";"Neckar";"2021";"17.11.2021";"8,7";"°C"
"CYY137";"510.766";"5.427.724";"2.345";"Temperatur";"Besigheim (CYY137)";"Neckar";"2021";"18.11.2021";"8,7";"°C"
"CYY137";"510.766";"5.427.724";"2.345";"Temperatur";"Besigheim (CYY137)";"Neckar";"2021";"19.11.2021";"8,6";"°C"
"CYY137";"510.766";"5.427.724";"2.345";"Temperatur";"Besigheim (CYY137)";"Neckar";"2021";"20.11.2021";"8,7";"°C"
"CYY137";"510.766";"5.427.724";"2.345";"Temperatur";"Besigheim (CYY137)";"Neckar";"2021";"21.11.2021";"8,7";"°C"
"CYY137";"510.766";"5.427.724";"2.345";"Temperatur";"Besigheim (CYY137)";"Neckar";"2021";"22.11.2021";"8,7";"°C"
"CYY137";"510.766";"5.427.724";"2.345";"Temperatur";"Besigheim (CYY137)";"Neckar";"2021";"23.11.2021";"8,1";"°C"
"CYY137";"510.766";"5.427.724";"2.345";"Temperatur";"Besigheim (CYY137)";"Neckar";"2021";"24.11.2021";"7,7";"°C"
"CYY137";"510.766";"5.427.724";"2.345";"Temperatur";"Besigheim (CYY137)";"Neckar";"2021";"25.11.2021";"7,4";"°C"
"CYY137";"510.766";"5.427.724";"2.345";"Temperatur";"Besigheim (CYY137)";"Neckar";"2021";"26.11.2021";"7,1";"°C"
"CYY137";"510.766";"5.427.724";"2.345";"Temperatur";"Besigheim (CYY137)";"Neckar";"2021";"27.11.2021";"6,9";"°C"
"CYY137";"510.766";"5.427.724";"2.345";"Temperatur";"Besigheim (CYY137)";"Neckar";"2021";"28.11.2021";"6,7";"°C"
"CYY137";"510.766";"5.427.724";"2.345";"Temperatur";"Besigheim (CYY137)";"Neckar";"2021";"29.11.2021";"6,6";"°C"
"CYY137";"510.766";"5.427.724";"2.345";"Temperatur";"Besigheim (CYY137)";"Neckar";"2021";"30.11.2021";"6,4";"°C"
"CYY137";"510.766";"5.427.724";"2.345";"Temperatur";"Besigheim (CYY137)";"Neckar";"2021";"01.12.2021";"6,5";"°C"
"CYY137";"510.766";"5.427.724";"2.345";"Temperatur";"Besigheim (CYY137)";"Neckar";"2021";"02.12.2021";"6,6";"°C"
"CYY137";"510.766";"5.427.724";"2.345";"Temperatur";"Besigheim (CYY137)";"Neckar";"2021";"03.12.2021";"6,5";"°C"
"CYY137";"510.766";"5.427.724";"2.345";"Temperatur";"Besigheim (CYY137)";"Neckar";"2021";"04.12.2021";"6";"°C"
"CYY137";"510.766";"5.427.724";"2.345";"Temperatur";"Besigheim (CYY137)";"Neckar";"2021";"05.12.2021";"6,1";"°C"
"CYY137";"510.766";"5.427.724";"2.345";"Temperatur";"Besigheim (CYY137)";"Neckar";"2021";"06.12.2021";"6,1";"°C"
"CYY137";"510.766";"5.427.724";"2.345";"Temperatur";"Besigheim (CYY137)";"Neckar";"2021";"07.12.2021";"5,7";"°C"
"CYY137";"510.766";"5.427.724";"2.345";"Temperatur";"Besigheim (CYY137)";"Neckar";"2021";"08.12.2021";"5,9";"°C"
"CYY137";"510.766";"5.427.724";"2.345";"Temperatur";"Besigheim (CYY137)";"Neckar";"2021";"09.12.2021";"6,1";"°C"
"CYY137";"510.766";"5.427.724";"2.345";"Temperatur";"Besigheim (CYY137)";"Neckar";"2021";"10.12.2021";"5,9";"°C"
"CYY137";"510.766";"5.427.724";"2.345";"Temperatur";"Besigheim (CYY137)";"Neckar";"2021";"11.12.2021";"5,6";"°C"
"CYY137";"510.766";"5.427.724";"2.345";"Temperatur";"Besigheim (CYY137)";"Neckar";"2021";"12.12.2021";"5,7";"°C"
"CYY137";"510.766";"5.427.724";"2.345";"Temperatur";"Besigheim (CYY137)";"Neckar";"2021";"13.12.2021";"6";"°C"
"CYY137";"510.766";"5.427.724";"2.345";"Temperatur";"Besigheim (CYY137)";"Neckar";"2021";"14.12.2021";"6,1";"°C"
"CYY137";"510.766";"5.427.724";"2.345";"Temperatur";"Besigheim (CYY137)";"Neckar";"2021";"15.12.2021";"6,3";"°C"
"CYY137";"510.766";"5.427.724";"2.345";"Temperatur";"Besigheim (CYY137)";"Neckar";"2021";"16.12.2021";"6,4";"°C"
"CYY137";"510.766";"5.427.724";"2.345";"Temperatur";"Besigheim (CYY137)";"Neckar";"2021";"17.12.2021";"6,5";"°C"
"CYY137";"510.766";"5.427.724";"2.345";"Temperatur";"Besigheim (CYY137)";"Neckar";"2021";"18.12.2021";"6,6";"°C"
"CYY137";"510.766";"5.427.724";"2.345";"Temperatur";"Besigheim (CYY137)";"Neckar";"2021";"19.12.2021";"6,7";"°C"
"CYY137";"510.766";"5.427.724";"2.345";"Temperatur";"Besigheim (CYY137)";"Neckar";"2021";"20.12.2021";"6,7";"°C"
"CYY137";"510.766";"5.427.724";"2.345";"Temperatur";"Besigheim (CYY137)";"Neckar";"2021";"21.12.2021";"6,3";"°C"
"CYY137";"510.766";"5.427.724";"2.345";"Temperatur";"Besigheim (CYY137)";"Neckar";"2021";"22.12.2021";"5,9";"°C"
"CYY137";"510.766";"5.427.724";"2.345";"Temperatur";"Besigheim (CYY137)";"Neckar";"2021";"23.12.2021";"5,4";"°C"
"CYY137";"510.766";"5.427.724";"2.345";"Temperatur";"Besigheim (CYY137)";"Neckar";"2021";"24.12.2021";"5,2";"°C"
"CYY137";"510.766";"5.427.724";"2.345";"Temperatur";"Besigheim (CYY137)";"Neckar";"2021";"25.12.2021";"5,3";"°C"
"CYY137";"510.766";"5.427.724";"2.345";"Temperatur";"Besigheim (CYY137)";"Neckar";"2021";"26.12.2021";"5,7";"°C"
"CYY137";"510.766";"5.427.724";"2.345";"Temperatur";"Besigheim (CYY137)";"Neckar";"2021";"27.12.2021";"5,6";"°C"
"CYY137";"510.766";"5.427.724";"2.345";"Temperatur";"Besigheim (CYY137)";"Neckar";"2021";"28.12.2021";"5,8";"°C"
"CYY137";"510.766";"5.427.724";"2.345";"Temperatur";"Besigheim (CYY137)";"Neckar";"2021";"29.12.2021";"7";"°C"
"CYY137";"510.766";"5.427.724";"2.345";"Temperatur";"Besigheim (CYY137)";"Neckar";"2021";"30.12.2021";"7,9";"°C"
"CYY137";"510.766";"5.427.724";"2.345";"Temperatur";"Besigheim (CYY137)";"Neckar";"2021";"31.12.2021";"8,4";"°C"
"CYY137";"510.766";"5.427.724";"2.345";"Temperatur";"Besigheim (CYY137)";"Neckar";"2022";"01.01.2022";"8,7";"°C"
"CYY137";"510.766";"5.427.724";"2.345";"Temperatur";"Besigheim (CYY137)";"Neckar";"2022";"02.01.2022";"8,8";"°C"
"CYY137";"510.766";"5.427.724";"2.345";"Temperatur";"Besigheim (CYY137)";"Neckar";"2022";"03.01.2022";"8,6";"°C"
"CYY137";"510.766";"5.427.724";"2.345";"Temperatur";"Besigheim (CYY137)";"Neckar";"2022";"04.01.2022";"8,5";"°C"
"CYY137";"510.766";"5.427.724";"2.345";"Temperatur";"Besigheim (CYY137)";"Neckar";"2022";"05.01.2022";"8,1";"°C"
"CYY137";"510.766";"5.427.724";"2.345";"Temperatur";"Besigheim (CYY137)";"Neckar";"2022";"06.01.2022";"7,5";"°C"
"CYY137";"510.766";"5.427.724";"2.345";"Temperatur";"Besigheim (CYY137)";"Neckar";"2022";"07.01.2022";"6,8";"°C"
"CYY137";"510.766";"5.427.724";"2.345";"Temperatur";"Besigheim (CYY137)";"Neckar";"2022";"08.01.2022";"6,2";"°C"
"CYY137";"510.766";"5.427.724";"2.345";"Temperatur";"Besigheim (CYY137)";"Neckar";"2022";"09.01.2022";"5,9";"°C"
"CYY137";"510.766";"5.427.724";"2.345";"Temperatur";"Besigheim (CYY137)";"Neckar";"2022";"10.01.2022";"5,7";"°C"
"CYY137";"510.766";"5.427.724";"2.345";"Temperatur";"Besigheim (CYY137)";"Neckar";"2022";"11.01.2022";"5,7";"°C"
"CYY137";"510.766";"5.427.724";"2.345";"Temperatur";"Besigheim (CYY137)";"Neckar";"2022";"12.01.2022";"5,6";"°C"
"CYY137";"510.766";"5.427.724";"2.345";"Temperatur";"Besigheim (CYY137)";"Neckar";"2022";"13.01.2022";"5,4";"°C"
"CYY137";"510.766";"5.427.724";"2.345";"Temperatur";"Besigheim (CYY137)";"Neckar";"2022";"14.01.2022";"5,1";"°C"
"CYY137";"510.766";"5.427.724";"2.345";"Temperatur";"Besigheim (CYY137)";"Neckar";"2022";"15.01.2022";"4,8";"°C"
"CYY137";"510.766";"5.427.724";"2.345";"Temperatur";"Besigheim (CYY137)";"Neckar";"2022";"16.01.2022";"4,5";"°C"
"CYY137";"510.766";"5.427.724";"2.345";"Temperatur";"Besigheim (CYY137)";"Neckar";"2022";"17.01.2022";"4,4";"°C"
"CYY137";"510.766";"5.427.724";"2.345";"Temperatur";"Besigheim (CYY137)";"Neckar";"2022";"18.01.2022";"4,5";"°C"
"CYY137";"510.766";"5.427.724";"2.345";"Temperatur";"Besigheim (CYY137)";"Neckar";"2022";"19.01.2022";"4,6";"°C"
"CYY137";"510.766";"5.427.724";"2.345";"Temperatur";"Besigheim (CYY137)";"Neckar";"2022";"20.01.2022";"4,7";"°C"
"CYY137";"510.766";"5.427.724";"2.345";"Temperatur";"Besigheim (CYY137)";"Neckar";"2022";"21.01.2022";"4,9";"°C"
"CYY137";"510.766";"5.427.724";"2.345";"Temperatur";"Besigheim (CYY137)";"Neckar";"2022";"22.01.2022";"5,6";"°C"
"CYY137";"510.766";"5.427.724";"2.345";"Temperatur";"Besigheim (CYY137)";"Neckar";"2022";"23.01.2022";"5,7";"°C"
"CYY137";"510.766";"5.427.724";"2.345";"Temperatur";"Besigheim (CYY137)";"Neckar";"2022";"24.01.2022";"5,3";"°C"
"CYY137";"510.766";"5.427.724";"2.345";"Temperatur";"Besigheim (CYY137)";"Neckar";"2022";"25.01.2022";"5,2";"°C"
"CYY137";"510.766";"5.427.724";"2.345";"Temperatur";"Besigheim (CYY137)";"Neckar";"2022";"26.01.2022";"5,1";"°C"
"CYY137";"510.766";"5.427.724";"2.345";"Temperatur";"Besigheim (CYY137)";"Neckar";"2022";"27.01.2022";"4,8";"°C"
"CYY137";"510.766";"5.427.724";"2.345";"Temperatur";"Besigheim (CYY137)";"Neckar";"2022";"28.01.2022";"4,8";"°C"
"CYY137";"510.766";"5.427.724";"2.345";"Temperatur";"Besigheim (CYY137)";"Neckar";"2022";"29.01.2022";"5,1";"°C"
"CYY137";"510.766";"5.427.724";"2.345";"Temperatur";"Besigheim (CYY137)";"Neckar";"2022";"30.01.2022";"5,6";"°C"
"CYY137";"510.766";"5.427.724";"2.345";"Temperatur";"Besigheim (CYY137)";"Neckar";"2022";"31.01.2022";"5,4";"°C"
"CYY137";"510.766";"5.427.724";"2.345";"Temperatur";"Besigheim (CYY137)";"Neckar";"2022";"01.02.2022";"5,3";"°C"
"CYY137";"510.766";"5.427.724";"2.345";"Temperatur";"Besigheim (CYY137)";"Neckar";"2022";"02.02.2022";"5,5";"°C"
"CYY137";"510.766";"5.427.724";"2.345";"Temperatur";"Besigheim (CYY137)";"Neckar";"2022";"03.02.2022";"6,1";"°C"
"CYY137";"510.766";"5.427.724";"2.345";"Temperatur";"Besigheim (CYY137)";"Neckar";"2022";"04.02.2022";"6,5";"°C"
"CYY137";"510.766";"5.427.724";"2.345";"Temperatur";"Besigheim (CYY137)";"Neckar";"2022";"05.02.2022";"6,9";"°C"
"CYY137";"510.766";"5.427.724";"2.345";"Temperatur";"Besigheim (CYY137)";"Neckar";"2022";"06.02.2022";"6,6";"°C"
"CYY137";"510.766";"5.427.724";"2.345";"Temperatur";"Besigheim (CYY137)";"Neckar";"2022";"07.02.2022";"6,1";"°C"
"CYY137";"510.766";"5.427.724";"2.345";"Temperatur";"Besigheim (CYY137)";"Neckar";"2022";"08.02.2022";"5,6";"°C"
"CYY137";"510.766";"5.427.724";"2.345";"Temperatur";"Besigheim (CYY137)";"Neckar";"2022";"09.02.2022";"5,9";"°C"
"CYY137";"510.766";"5.427.724";"2.345";"Temperatur";"Besigheim (CYY137)";"Neckar";"2022";"10.02.2022";"6,2";"°C"
"CYY137";"510.766";"5.427.724";"2.345";"Temperatur";"Besigheim (CYY137)";"Neckar";"2022";"11.02.2022";"6,3";"°C"
"CYY137";"510.766";"5.427.724";"2.345";"Temperatur";"Besigheim (CYY137)";"Neckar";"2022";"12.02.2022";"6,3";"°C"
"CYY137";"510.766";"5.427.724";"2.345";"Temperatur";"Besigheim (CYY137)";"Neckar";"2022";"13.02.2022";"6";"°C"
"CYY137";"510.766";"5.427.724";"2.345";"Temperatur";"Besigheim (CYY137)";"Neckar";"2022";"14.02.2022";"6,1";"°C"
"CYY137";"510.766";"5.427.724";"2.345";"Temperatur";"Besigheim (CYY137)";"Neckar";"2022";"15.02.2022";"6,6";"°C"
"CYY137";"510.766";"5.427.724";"2.345";"Temperatur";"Besigheim (CYY137)";"Neckar";"2022";"16.02.2022";"6,5";"°C"
"CYY137";"510.766";"5.427.724";"2.345";"Temperatur";"Besigheim (CYY137)";"Neckar";"2022";"17.02.2022";"7,1";"°C"
"CYY137";"510.766";"5.427.724";"2.345";"Temperatur";"Besigheim (CYY137)";"Neckar";"2022";"18.02.2022";"7,5";"°C"
"CYY137";"510.766";"5.427.724";"2.345";"Temperatur";"Besigheim (CYY137)";"Neckar";"2022";"19.02.2022";"7,4";"°C"
"CYY137";"510.766";"5.427.724";"2.345";"Temperatur";"Besigheim (CYY137)";"Neckar";"2022";"20.02.2022";"7,6";"°C"
"CYY137";"510.766";"5.427.724";"2.345";"Temperatur";"Besigheim (CYY137)";"Neckar";"2022";"21.02.2022";"7,8";"°C"
"CYY137";"510.766";"5.427.724";"2.345";"Temperatur";"Besigheim (CYY137)";"Neckar";"2022";"22.02.2022";"8,2";"°C"
"CYY137";"510.766";"5.427.724";"2.345";"Temperatur";"Besigheim (CYY137)";"Neckar";"2022";"23.02.2022";"8,4";"°C"
"CYY137";"510.766";"5.427.724";"2.345";"Temperatur";"Besigheim (CYY137)";"Neckar";"2022";"24.02.2022";"8,4";"°C"
"CYY137";"510.766";"5.427.724";"2.345";"Temperatur";"Besigheim (CYY137)";"Neckar";"2022";"25.02.2022";"7,8";"°C"
"CYY137";"510.766";"5.427.724";"2.345";"Temperatur";"Besigheim (CYY137)";"Neckar";"2022";"26.02.2022";"8,1";"°C"
"CYY137";"510.766";"5.427.724";"2.345";"Temperatur";"Besigheim (CYY137)";"Neckar";"2022";"27.02.2022";"7,6";"°C"
"CYY137";"510.766";"5.427.724";"2.345";"Temperatur";"Besigheim (CYY137)";"Neckar";"2022";"28.02.2022";"7,3";"°C"
"CYY137";"510.766";"5.427.724";"2.345";"Temperatur";"Besigheim (CYY137)";"Neckar";"2022";"01.03.2022";"7,4";"°C"
"CYY137";"510.766";"5.427.724";"2.345";"Temperatur";"Besigheim (CYY137)";"Neckar";"2022";"02.03.2022";"7,4";"°C"
"CYY137";"510.766";"5.427.724";"2.345";"Temperatur";"Besigheim (CYY137)";"Neckar";"2022";"03.03.2022";"7,1";"°C"
"CYY137";"510.766";"5.427.724";"2.345";"Temperatur";"Besigheim (CYY137)";"Neckar";"2022";"04.03.2022";"6,9";"°C"
"CYY137";"510.766";"5.427.724";"2.345";"Temperatur";"Besigheim (CYY137)";"Neckar";"2022";"05.03.2022";"6,7";"°C"
"CYY137";"510.766";"5.427.724";"2.345";"Temperatur";"Besigheim (CYY137)";"Neckar";"2022";"06.03.2022";"6,1";"°C"
"CYY137";"510.766";"5.427.724";"2.345";"Temperatur";"Besigheim (CYY137)";"Neckar";"2022";"07.03.2022";"5,9";"°C"
"CYY137";"510.766";"5.427.724";"2.345";"Temperatur";"Besigheim (CYY137)";"Neckar";"2022";"08.03.2022";"5,8";"°C"
"CYY137";"510.766";"5.427.724";"2.345";"Temperatur";"Besigheim (CYY137)";"Neckar";"2022";"09.03.2022";"5,8";"°C"
"CYY137";"510.766";"5.427.724";"2.345";"Temperatur";"Besigheim (CYY137)";"Neckar";"2022";"10.03.2022";"6,5";"°C"
"CYY137";"510.766";"5.427.724";"2.345";"Temperatur";"Besigheim (CYY137)";"Neckar";"2022";"11.03.2022";"6,7";"°C"
"CYY137";"510.766";"5.427.724";"2.345";"Temperatur";"Besigheim (CYY137)";"Neckar";"2022";"12.03.2022";"6,6";"°C"
"CYY137";"510.766";"5.427.724";"2.345";"Temperatur";"Besigheim (CYY137)";"Neckar";"2022";"13.03.2022";"7,2";"°C"
"CYY137";"510.766";"5.427.724";"2.345";"Temperatur";"Besigheim (CYY137)";"Neckar";"2022";"14.03.2022";"7,4";"°C"
"CYY137";"510.766";"5.427.724";"2.345";"Temperatur";"Besigheim (CYY137)";"Neckar";"2022";"15.03.2022";"7,7";"°C"
"CYY137";"510.766";"5.427.724";"2.345";"Temperatur";"Besigheim (CYY137)";"Neckar";"2022";"16.03.2022";"8,2";"°C"
"CYY137";"510.766";"5.427.724";"2.345";"Temperatur";"Besigheim (CYY137)";"Neckar";"2022";"17.03.2022";"8,3";"°C"
"CYY137";"510.766";"5.427.724";"2.345";"Temperatur";"Besigheim (CYY137)";"Neckar";"2022";"18.03.2022";"8,7";"°C"
"CYY137";"510.766";"5.427.724";"2.345";"Temperatur";"Besigheim (CYY137)";"Neckar";"2022";"19.03.2022";"8,9";"°C"
"CYY137";"510.766";"5.427.724";"2.345";"Temperatur";"Besigheim (CYY137)";"Neckar";"2022";"20.03.2022";"9,7";"°C"
"CYY137";"510.766";"5.427.724";"2.345";"Temperatur";"Besigheim (CYY137)";"Neckar";"2022";"21.03.2022";"9,5";"°C"
"CYY137";"510.766";"5.427.724";"2.345";"Temperatur";"Besigheim (CYY137)";"Neckar";"2022";"22.03.2022";"9,7";"°C"
"CYY137";"510.766";"5.427.724";"2.345";"Temperatur";"Besigheim (CYY137)";"Neckar";"2022";"23.03.2022";"9,9";"°C"
"CYY137";"510.766";"5.427.724";"2.345";"Temperatur";"Besigheim (CYY137)";"Neckar";"2022";"24.03.2022";"10,1";"°C"
"CYY137";"510.766";"5.427.724";"2.345";"Temperatur";"Besigheim (CYY137)";"Neckar";"2022";"25.03.2022";"10,8";"°C"
"CYY137";"510.766";"5.427.724";"2.345";"Temperatur";"Besigheim (CYY137)";"Neckar";"2022";"26.03.2022";"11,1";"°C"
"CYY137";"510.766";"5.427.724";"2.345";"Temperatur";"Besigheim (CYY137)";"Neckar";"2022";"27.03.2022";"11,5";"°C"
"CYY137";"510.766";"5.427.724";"2.345";"Temperatur";"Besigheim (CYY137)";"Neckar";"2022";"28.03.2022";"11,8";"°C"
"CYY137";"510.766";"5.427.724";"2.345";"Temperatur";"Besigheim (CYY137)";"Neckar";"2022";"29.03.2022";"11,7";"°C"
"CYY137";"510.766";"5.427.724";"2.345";"Temperatur";"Besigheim (CYY137)";"Neckar";"2022";"30.03.2022";"11,8";"°C"
"CYY137";"510.766";"5.427.724";"2.345";"Temperatur";"Besigheim (CYY137)";"Neckar";"2022";"31.03.2022";"11,8";"°C"
"CYY137";"510.766";"5.427.724";"2.345";"Temperatur";"Besigheim (CYY137)";"Neckar";"2022";"01.04.2022";"11,2";"°C"
"CYY137";"510.766";"5.427.724";"2.345";"Temperatur";"Besigheim (CYY137)";"Neckar";"2022";"02.04.2022";"10,3";"°C"
"CYY137";"510.766";"5.427.724";"2.345";"Temperatur";"Besigheim (CYY137)";"Neckar";"2022";"03.04.2022";"9,2";"°C"
"CYY137";"510.766";"5.427.724";"2.345";"Temperatur";"Besigheim (CYY137)";"Neckar";"2022";"04.04.2022";"8,7";"°C"
"CYY137";"510.766";"5.427.724";"2.345";"Temperatur";"Besigheim (CYY137)";"Neckar";"2022";"05.04.2022";"8,2";"°C"
"CYY137";"510.766";"5.427.724";"2.345";"Temperatur";"Besigheim (CYY137)";"Neckar";"2022";"06.04.2022";"8,2";"°C"
"CYY137";"510.766";"5.427.724";"2.345";"Temperatur";"Besigheim (CYY137)";"Neckar";"2022";"07.04.2022";"8,7";"°C"
"CYY137";"510.766";"5.427.724";"2.345";"Temperatur";"Besigheim (CYY137)";"Neckar";"2022";"08.04.2022";"9,1";"°C"
"CYY137";"510.766";"5.427.724";"2.345";"Temperatur";"Besigheim (CYY137)";"Neckar";"2022";"09.04.2022";"8,8";"°C"
"CYY137";"510.766";"5.427.724";"2.345";"Temperatur";"Besigheim (CYY137)";"Neckar";"2022";"10.04.2022";"8,2";"°C"
"CYY137";"510.766";"5.427.724";"2.345";"Temperatur";"Besigheim (CYY137)";"Neckar";"2022";"11.04.2022";"8,5";"°C"
"CYY137";"510.766";"5.427.724";"2.345";"Temperatur";"Besigheim (CYY137)";"Neckar";"2022";"12.04.2022";"9,1";"°C"
"CYY137";"510.766";"5.427.724";"2.345";"Temperatur";"Besigheim (CYY137)";"Neckar";"2022";"13.04.2022";"9,9";"°C"
"CYY137";"510.766";"5.427.724";"2.345";"Temperatur";"Besigheim (CYY137)";"Neckar";"2022";"14.04.2022";"11,3";"°C"
"CYY137";"510.766";"5.427.724";"2.345";"Temperatur";"Besigheim (CYY137)";"Neckar";"2022";"15.04.2022";"12";"°C"
"CYY137";"510.766";"5.427.724";"2.345";"Temperatur";"Besigheim (CYY137)";"Neckar";"2022";"16.04.2022";"12,8";"°C"
"CYY137";"510.766";"5.427.724";"2.345";"Temperatur";"Besigheim (CYY137)";"Neckar";"2022";"17.04.2022";"13,1";"°C"
"CYY137";"510.766";"5.427.724";"2.345";"Temperatur";"Besigheim (CYY137)";"Neckar";"2022";"18.04.2022";"13,4";"°C"
"CYY137";"510.766";"5.427.724";"2.345";"Temperatur";"Besigheim (CYY137)";"Neckar";"2022";"19.04.2022";"13,5";"°C"
"CYY137";"510.766";"5.427.724";"2.345";"Temperatur";"Besigheim (CYY137)";"Neckar";"2022";"20.04.2022";"13,7";"°C"
"CYY137";"510.766";"5.427.724";"2.345";"Temperatur";"Besigheim (CYY137)";"Neckar";"2022";"21.04.2022";"13,6";"°C"
"CYY137";"510.766";"5.427.724";"2.345";"Temperatur";"Besigheim (CYY137)";"Neckar";"2022";"22.04.2022";"13,6";"°C"
"CYY137";"510.766";"5.427.724";"2.345";"Temperatur";"Besigheim (CYY137)";"Neckar";"2022";"23.04.2022";"13,5";"°C"
"CYY137";"510.766";"5.427.724";"2.345";"Temperatur";"Besigheim (CYY137)";"Neckar";"2022";"24.04.2022";"13,3";"°C"
"CYY137";"510.766";"5.427.724";"2.345";"Temperatur";"Besigheim (CYY137)";"Neckar";"2022";"25.04.2022";"12,7";"°C"
"CYY137";"510.766";"5.427.724";"2.345";"Temperatur";"Besigheim (CYY137)";"Neckar";"2022";"26.04.2022";"12,5";"°C"
"CYY137";"510.766";"5.427.724";"2.345";"Temperatur";"Besigheim (CYY137)";"Neckar";"2022";"27.04.2022";"12,4";"°C"
"CYY137";"510.766";"5.427.724";"2.345";"Temperatur";"Besigheim (CYY137)";"Neckar";"2022";"28.04.2022";"12,6";"°C"
"CYY137";"510.766";"5.427.724";"2.345";"Temperatur";"Besigheim (CYY137)";"Neckar";"2022";"29.04.2022";"12,9";"°C"
"CYY137";"510.766";"5.427.724";"2.345";"Temperatur";"Besigheim (CYY137)";"Neckar";"2022";"30.04.2022";"12,9";"°C"
"CYY137";"510.766";"5.427.724";"2.345";"Temperatur";"Besigheim (CYY137)";"Neckar";"2022";"01.05.2022";"13,1";"°C"
"CYY137";"510.766";"5.427.724";"2.345";"Temperatur";"Besigheim (CYY137)";"Neckar";"2022";"02.05.2022";"13,6";"°C"
"CYY137";"510.766";"5.427.724";"2.345";"Temperatur";"Besigheim (CYY137)";"Neckar";"2022";"03.05.2022";"14,2";"°C"
"CYY137";"510.766";"5.427.724";"2.345";"Temperatur";"Besigheim (CYY137)";"Neckar";"2022";"04.05.2022";"14,6";"°C"
"CYY137";"510.766";"5.427.724";"2.345";"Temperatur";"Besigheim (CYY137)";"Neckar";"2022";"05.05.2022";"14,8";"°C"
"CYY137";"510.766";"5.427.724";"2.345";"Temperatur";"Besigheim (CYY137)";"Neckar";"2022";"06.05.2022";"14,9";"°C"
"CYY137";"510.766";"5.427.724";"2.345";"Temperatur";"Besigheim (CYY137)";"Neckar";"2022";"07.05.2022";"15,3";"°C"
"CYY137";"510.766";"5.427.724";"2.345";"Temperatur";"Besigheim (CYY137)";"Neckar";"2022";"08.05.2022";"15,5";"°C"
"CYY137";"510.766";"5.427.724";"2.345";"Temperatur";"Besigheim (CYY137)";"Neckar";"2022";"09.05.2022";"15,9";"°C"
"CYY137";"510.766";"5.427.724";"2.345";"Temperatur";"Besigheim (CYY137)";"Neckar";"2022";"10.05.2022";"16,3";"°C"
"CYY137";"510.766";"5.427.724";"2.345";"Temperatur";"Besigheim (CYY137)";"Neckar";"2022";"11.05.2022";"17,4";"°C"
"CYY137";"510.766";"5.427.724";"2.345";"Temperatur";"Besigheim (CYY137)";"Neckar";"2022";"12.05.2022";"17,6";"°C"
"CYY137";"510.766";"5.427.724";"2.345";"Temperatur";"Besigheim (CYY137)";"Neckar";"2022";"13.05.2022";"18,1";"°C"
"CYY137";"510.766";"5.427.724";"2.345";"Temperatur";"Besigheim (CYY137)";"Neckar";"2022";"14.05.2022";"18,5";"°C"
"CYY137";"510.766";"5.427.724";"2.345";"Temperatur";"Besigheim (CYY137)";"Neckar";"2022";"15.05.2022";"18,9";"°C"
"CYY137";"510.766";"5.427.724";"2.345";"Temperatur";"Besigheim (CYY137)";"Neckar";"2022";"16.05.2022";"19,1";"°C"
"CYY137";"510.766";"5.427.724";"2.345";"Temperatur";"Besigheim (CYY137)";"Neckar";"2022";"17.05.2022";"19,3";"°C"
"CYY137";"510.766";"5.427.724";"2.345";"Temperatur";"Besigheim (CYY137)";"Neckar";"2022";"18.05.2022";"19,8";"°C"
"CYY137";"510.766";"5.427.724";"2.345";"Temperatur";"Besigheim (CYY137)";"Neckar";"2022";"19.05.2022";"20,3";"°C"
"CYY137";"510.766";"5.427.724";"2.345";"Temperatur";"Besigheim (CYY137)";"Neckar";"2022";"20.05.2022";"20,8";"°C"
"CYY137";"510.766";"5.427.724";"2.345";"Temperatur";"Besigheim (CYY137)";"Neckar";"2022";"21.05.2022";"20,6";"°C"
"CYY137";"510.766";"5.427.724";"2.345";"Temperatur";"Besigheim (CYY137)";"Neckar";"2022";"22.05.2022";"20,9";"°C"
"CYY137";"510.766";"5.427.724";"2.345";"Temperatur";"Besigheim (CYY137)";"Neckar";"2022";"23.05.2022";"21";"°C"
"CYY137";"510.766";"5.427.724";"2.345";"Temperatur";"Besigheim (CYY137)";"Neckar";"2022";"24.05.2022";"20,6";"°C"
"CYY137";"510.766";"5.427.724";"2.345";"Temperatur";"Besigheim (CYY137)";"Neckar";"2022";"25.05.2022";"20,6";"°C"
"CYY137";"510.766";"5.427.724";"2.345";"Temperatur";"Besigheim (CYY137)";"Neckar";"2022";"26.05.2022";"20,5";"°C"
"CYY137";"510.766";"5.427.724";"2.345";"Temperatur";"Besigheim (CYY137)";"Neckar";"2022";"27.05.2022";"20,1";"°C"
"CYY137";"510.766";"5.427.724";"2.345";"Temperatur";"Besigheim (CYY137)";"Neckar";"2022";"28.05.2022";"19,9";"°C"
"CYY137";"510.766";"5.427.724";"2.345";"Temperatur";"Besigheim (CYY137)";"Neckar";"2022";"29.05.2022";"19,4";"°C"
"CYY137";"510.766";"5.427.724";"2.345";"Temperatur";"Besigheim (CYY137)";"Neckar";"2022";"30.05.2022";"19";"°C"
"CYY137";"510.766";"5.427.724";"2.345";"Temperatur";"Besigheim (CYY137)";"Neckar";"2022";"31.05.2022";"18,9";"°C"
"CYY137";"510.766";"5.427.724";"2.345";"Temperatur";"Besigheim (CYY137)";"Neckar";"2022";"01.06.2022";"19";"°C"
"CYY137";"510.766";"5.427.724";"2.345";"Temperatur";"Besigheim (CYY137)";"Neckar";"2022";"02.06.2022";"19,2";"°C"
"CYY137";"510.766";"5.427.724";"2.345";"Temperatur";"Besigheim (CYY137)";"Neckar";"2022";"03.06.2022";"19,3";"°C"
"CYY137";"510.766";"5.427.724";"2.345";"Temperatur";"Besigheim (CYY137)";"Neckar";"2022";"04.06.2022";"19,6";"°C"
"CYY137";"510.766";"5.427.724";"2.345";"Temperatur";"Besigheim (CYY137)";"Neckar";"2022";"05.06.2022";"19,7";"°C"
"CYY137";"510.766";"5.427.724";"2.345";"Temperatur";"Besigheim (CYY137)";"Neckar";"2022";"06.06.2022";"19,5";"°C"
"CYY137";"510.766";"5.427.724";"2.345";"Temperatur";"Besigheim (CYY137)";"Neckar";"2022";"07.06.2022";"19,5";"°C"
"CYY137";"510.766";"5.427.724";"2.345";"Temperatur";"Besigheim (CYY137)";"Neckar";"2022";"08.06.2022";"19,6";"°C"
"CYY137";"510.766";"5.427.724";"2.345";"Temperatur";"Besigheim (CYY137)";"Neckar";"2022";"09.06.2022";"19,5";"°C"
"CYY137";"510.766";"5.427.724";"2.345";"Temperatur";"Besigheim (CYY137)";"Neckar";"2022";"10.06.2022";"19,9";"°C"
"CYY137";"510.766";"5.427.724";"2.345";"Temperatur";"Besigheim (CYY137)";"Neckar";"2022";"11.06.2022";"20,2";"°C"
"CYY137";"510.766";"5.427.724";"2.345";"Temperatur";"Besigheim (CYY137)";"Neckar";"2022";"12.06.2022";"20,8";"°C"
"CYY137";"510.766";"5.427.724";"2.345";"Temperatur";"Besigheim (CYY137)";"Neckar";"2022";"13.06.2022";"21,2";"°C"
"CYY137";"510.766";"5.427.724";"2.345";"Temperatur";"Besigheim (CYY137)";"Neckar";"2022";"14.06.2022";"21,5";"°C"
"CYY137";"510.766";"5.427.724";"2.345";"Temperatur";"Besigheim (CYY137)";"Neckar";"2022";"15.06.2022";"21,9";"°C"
"CYY137";"510.766";"5.427.724";"2.345";"Temperatur";"Besigheim (CYY137)";"Neckar";"2022";"16.06.2022";"22,5";"°C"
"CYY137";"510.766";"5.427.724";"2.345";"Temperatur";"Besigheim (CYY137)";"Neckar";"2022";"17.06.2022";"23";"°C"
"CYY137";"510.766";"5.427.724";"2.345";"Temperatur";"Besigheim (CYY137)";"Neckar";"2022";"18.06.2022";"23,3";"°C"
"CYY137";"510.766";"5.427.724";"2.345";"Temperatur";"Besigheim (CYY137)";"Neckar";"2022";"19.06.2022";"23,8";"°C"
"CYY137";"510.766";"5.427.724";"2.345";"Temperatur";"Besigheim (CYY137)";"Neckar";"2022";"20.06.2022";"23,9";"°C"
"CYY137";"510.766";"5.427.724";"2.345";"Temperatur";"Besigheim (CYY137)";"Neckar";"2022";"21.06.2022";"24";"°C"
"CYY137";"510.766";"5.427.724";"2.345";"Temperatur";"Besigheim (CYY137)";"Neckar";"2022";"22.06.2022";"24";"°C"
"CYY137";"510.766";"5.427.724";"2.345";"Temperatur";"Besigheim (CYY137)";"Neckar";"2022";"23.06.2022";"24,1";"°C"
"CYY137";"510.766";"5.427.724";"2.345";"Temperatur";"Besigheim (CYY137)";"Neckar";"2022";"24.06.2022";"24,2";"°C"
"CYY137";"510.766";"5.427.724";"2.345";"Temperatur";"Besigheim (CYY137)";"Neckar";"2022";"25.06.2022";"23,9";"°C"
"CYY137";"510.766";"5.427.724";"2.345";"Temperatur";"Besigheim (CYY137)";"Neckar";"2022";"26.06.2022";"24,1";"°C"
"CYY137";"510.766";"5.427.724";"2.345";"Temperatur";"Besigheim (CYY137)";"Neckar";"2022";"27.06.2022";"23,9";"°C"
"CYY137";"510.766";"5.427.724";"2.345";"Temperatur";"Besigheim (CYY137)";"Neckar";"2022";"28.06.2022";"23,4";"°C"
"CYY137";"510.766";"5.427.724";"2.345";"Temperatur";"Besigheim (CYY137)";"Neckar";"2022";"29.06.2022";"23,4";"°C"
"CYY137";"510.766";"5.427.724";"2.345";"Temperatur";"Besigheim (CYY137)";"Neckar";"2022";"30.06.2022";"23,8";"°C"
"CYY137";"510.766";"5.427.724";"2.345";"Temperatur";"Besigheim (CYY137)";"Neckar";"2022";"01.07.2022";"22,9";"°C"
"CYY137";"510.766";"5.427.724";"2.345";"Temperatur";"Besigheim (CYY137)";"Neckar";"2022";"02.07.2022";"21,8";"°C"
"CYY137";"510.766";"5.427.724";"2.345";"Temperatur";"Besigheim (CYY137)";"Neckar";"2022";"03.07.2022";"21,8";"°C"
"CYY137";"510.766";"5.427.724";"2.345";"Temperatur";"Besigheim (CYY137)";"Neckar";"2022";"04.07.2022";"22,3";"°C"
"CYY137";"510.766";"5.427.724";"2.345";"Temperatur";"Besigheim (CYY137)";"Neckar";"2022";"05.07.2022";"22,3";"°C"
"CYY137";"510.766";"5.427.724";"2.345";"Temperatur";"Besigheim (CYY137)";"Neckar";"2022";"06.07.2022";"22,4";"°C"
"CYY137";"510.766";"5.427.724";"2.345";"Temperatur";"Besigheim (CYY137)";"Neckar";"2022";"07.07.2022";"21,8";"°C"
"CYY137";"510.766";"5.427.724";"2.345";"Temperatur";"Besigheim (CYY137)";"Neckar";"2022";"08.07.2022";"21,8";"°C"
"CYY137";"510.766";"5.427.724";"2.345";"Temperatur";"Besigheim (CYY137)";"Neckar";"2022";"09.07.2022";"21,7";"°C"
"CYY137";"510.766";"5.427.724";"2.345";"Temperatur";"Besigheim (CYY137)";"Neckar";"2022";"10.07.2022";"21,7";"°C"
"CYY137";"510.766";"5.427.724";"2.345";"Temperatur";"Besigheim (CYY137)";"Neckar";"2022";"11.07.2022";"21,7";"°C"
"CYY137";"510.766";"5.427.724";"2.345";"Temperatur";"Besigheim (CYY137)";"Neckar";"2022";"12.07.2022";"22,1";"°C"
"CYY137";"510.766";"5.427.724";"2.345";"Temperatur";"Besigheim (CYY137)";"Neckar";"2022";"13.07.2022";"22,4";"°C"
"CYY137";"510.766";"5.427.724";"2.345";"Temperatur";"Besigheim (CYY137)";"Neckar";"2022";"14.07.2022";"22,8";"°C"
"CYY137";"510.766";"5.427.724";"2.345";"Temperatur";"Besigheim (CYY137)";"Neckar";"2022";"15.07.2022";"23,2";"°C"
"CYY137";"510.766";"5.427.724";"2.345";"Temperatur";"Besigheim (CYY137)";"Neckar";"2022";"16.07.2022";"23,3";"°C"
"CYY137";"510.766";"5.427.724";"2.345";"Temperatur";"Besigheim (CYY137)";"Neckar";"2022";"17.07.2022";"23,4";"°C"
"CYY137";"510.766";"5.427.724";"2.345";"Temperatur";"Besigheim (CYY137)";"Neckar";"2022";"18.07.2022";"23,7";"°C"
"CYY137";"510.766";"5.427.724";"2.345";"Temperatur";"Besigheim (CYY137)";"Neckar";"2022";"19.07.2022";"23,9";"°C"
"CYY137";"510.766";"5.427.724";"2.345";"Temperatur";"Besigheim (CYY137)";"Neckar";"2022";"20.07.2022";"24,2";"°C"
"CYY137";"510.766";"5.427.724";"2.345";"Temperatur";"Besigheim (CYY137)";"Neckar";"2022";"21.07.2022";"24,2";"°C"
"CYY137";"510.766";"5.427.724";"2.345";"Temperatur";"Besigheim (CYY137)";"Neckar";"2022";"22.07.2022";"24,5";"°C"
"CYY137";"510.766";"5.427.724";"2.345";"Temperatur";"Besigheim (CYY137)";"Neckar";"2022";"23.07.2022";"24,8";"°C"
"CYY137";"510.766";"5.427.724";"2.345";"Temperatur";"Besigheim (CYY137)";"Neckar";"2022";"24.07.2022";"25,2";"°C"
"CYY137";"510.766";"5.427.724";"2.345";"Temperatur";"Besigheim (CYY137)";"Neckar";"2022";"25.07.2022";"25,4";"°C"
"CYY137";"510.766";"5.427.724";"2.345";"Temperatur";"Besigheim (CYY137)";"Neckar";"2022";"26.07.2022";"25,5";"°C"
"CYY137";"510.766";"5.427.724";"2.345";"Temperatur";"Besigheim (CYY137)";"Neckar";"2022";"27.07.2022";"25,3";"°C"
"CYY137";"510.766";"5.427.724";"2.345";"Temperatur";"Besigheim (CYY137)";"Neckar";"2022";"28.07.2022";"25,1";"°C"
"CYY137";"510.766";"5.427.724";"2.345";"Temperatur";"Besigheim (CYY137)";"Neckar";"2022";"29.07.2022";"24,9";"°C"
"CYY137";"510.766";"5.427.724";"2.345";"Temperatur";"Besigheim (CYY137)";"Neckar";"2022";"30.07.2022";"24,6";"°C"
"CYY137";"510.766";"5.427.724";"2.345";"Temperatur";"Besigheim (CYY137)";"Neckar";"2022";"31.07.2022";"24,6";"°C"
"CYY137";"510.766";"5.427.724";"2.345";"Temperatur";"Besigheim (CYY137)";"Neckar";"2022";"01.08.2022";"24,6";"°C"
"CYY137";"510.766";"5.427.724";"2.345";"Temperatur";"Besigheim (CYY137)";"Neckar";"2022";"02.08.2022";"24,6";"°C"
"CYY137";"510.766";"5.427.724";"2.345";"Temperatur";"Besigheim (CYY137)";"Neckar";"2022";"03.08.2022";"24,7";"°C"
"CYY137";"510.766";"5.427.724";"2.345";"Temperatur";"Besigheim (CYY137)";"Neckar";"2022";"04.08.2022";"25,1";"°C"
"CYY137";"510.766";"5.427.724";"2.345";"Temperatur";"Besigheim (CYY137)";"Neckar";"2022";"05.08.2022";"25,5";"°C"
"CYY137";"510.766";"5.427.724";"2.345";"Temperatur";"Besigheim (CYY137)";"Neckar";"2022";"06.08.2022";"25,4";"°C"
"CYY137";"510.766";"5.427.724";"2.345";"Temperatur";"Besigheim (CYY137)";"Neckar";"2022";"07.08.2022";"25,2";"°C"
"CYY137";"510.766";"5.427.724";"2.345";"Temperatur";"Besigheim (CYY137)";"Neckar";"2022";"08.08.2022";"25,1";"°C"
"CYY137";"510.766";"5.427.724";"2.345";"Temperatur";"Besigheim (CYY137)";"Neckar";"2022";"09.08.2022";"24,9";"°C"
"CYY137";"510.766";"5.427.724";"2.345";"Temperatur";"Besigheim (CYY137)";"Neckar";"2022";"10.08.2022";"24,7";"°C"
"CYY137";"510.766";"5.427.724";"2.345";"Temperatur";"Besigheim (CYY137)";"Neckar";"2022";"11.08.2022";"24,5";"°C"
"CYY137";"510.766";"5.427.724";"2.345";"Temperatur";"Besigheim (CYY137)";"Neckar";"2022";"12.08.2022";"24,5";"°C"
"CYY137";"510.766";"5.427.724";"2.345";"Temperatur";"Besigheim (CYY137)";"Neckar";"2022";"13.08.2022";"24,4";"°C"
"CYY137";"510.766";"5.427.724";"2.345";"Temperatur";"Besigheim (CYY137)";"Neckar";"2022";"14.08.2022";"24,4";"°C"
"CYY137";"510.766";"5.427.724";"2.345";"Temperatur";"Besigheim (CYY137)";"Neckar";"2022";"15.08.2022";"24,2";"°C"
"CYY137";"510.766";"5.427.724";"2.345";"Temperatur";"Besigheim (CYY137)";"Neckar";"2022";"16.08.2022";"24,1";"°C"
"CYY137";"510.766";"5.427.724";"2.345";"Temperatur";"Besigheim (CYY137)";"Neckar";"2022";"17.08.2022";"24";"°C"
"CYY137";"510.766";"5.427.724";"2.345";"Temperatur";"Besigheim (CYY137)";"Neckar";"2022";"18.08.2022";"23,8";"°C"
"CYY137";"510.766";"5.427.724";"2.345";"Temperatur";"Besigheim (CYY137)";"Neckar";"2022";"19.08.2022";"23,5";"°C"
"CYY137";"510.766";"5.427.724";"2.345";"Temperatur";"Besigheim (CYY137)";"Neckar";"2022";"20.08.2022";"23,2";"°C"
"CYY137";"510.766";"5.427.724";"2.345";"Temperatur";"Besigheim (CYY137)";"Neckar";"2022";"21.08.2022";"23";"°C"
"CYY137";"510.766";"5.427.724";"2.345";"Temperatur";"Besigheim (CYY137)";"Neckar";"2022";"22.08.2022";"23,1";"°C"
"CYY137";"510.766";"5.427.724";"2.345";"Temperatur";"Besigheim (CYY137)";"Neckar";"2022";"23.08.2022";"23";"°C"
"CYY137";"510.766";"5.427.724";"2.345";"Temperatur";"Besigheim (CYY137)";"Neckar";"2022";"24.08.2022";"23";"°C"
"CYY137";"510.766";"5.427.724";"2.345";"Temperatur";"Besigheim (CYY137)";"Neckar";"2022";"25.08.2022";"23,1";"°C"
"CYY137";"510.766";"5.427.724";"2.345";"Temperatur";"Besigheim (CYY137)";"Neckar";"2022";"26.08.2022";"23,2";"°C"
"CYY137";"510.766";"5.427.724";"2.345";"Temperatur";"Besigheim (CYY137)";"Neckar";"2022";"27.08.2022";"23,1";"°C"
"CYY137";"510.766";"5.427.724";"2.345";"Temperatur";"Besigheim (CYY137)";"Neckar";"2022";"28.08.2022";"22,7";"°C"
"CYY137";"510.766";"5.427.724";"2.345";"Temperatur";"Besigheim (CYY137)";"Neckar";"2022";"29.08.2022";"22,8";"°C"
"CYY137";"510.766";"5.427.724";"2.345";"Temperatur";"Besigheim (CYY137)";"Neckar";"2022";"30.08.2022";"22,9";"°C"
"CYY137";"510.766";"5.427.724";"2.345";"Temperatur";"Besigheim (CYY137)";"Neckar";"2022";"31.08.2022";"22,6";"°C"
"CYY137";"510.766";"5.427.724";"2.345";"Temperatur";"Besigheim (CYY137)";"Neckar";"2022";"01.09.2022";"22,1";"°C"
"CYY137";"510.766";"5.427.724";"2.345";"Temperatur";"Besigheim (CYY137)";"Neckar";"2022";"02.09.2022";"22,1";"°C"
"CYY137";"510.766";"5.427.724";"2.345";"Temperatur";"Besigheim (CYY137)";"Neckar";"2022";"03.09.2022";"21,8";"°C"
"CYY137";"510.766";"5.427.724";"2.345";"Temperatur";"Besigheim (CYY137)";"Neckar";"2022";"04.09.2022";"21,7";"°C"
"CYY137";"510.766";"5.427.724";"2.345";"Temperatur";"Besigheim (CYY137)";"Neckar";"2022";"05.09.2022";"21,9";"°C"
"CYY137";"510.766";"5.427.724";"2.345";"Temperatur";"Besigheim (CYY137)";"Neckar";"2022";"06.09.2022";"21,9";"°C"
"CYY137";"510.766";"5.427.724";"2.345";"Temperatur";"Besigheim (CYY137)";"Neckar";"2022";"07.09.2022";"21,9";"°C"
"CYY137";"510.766";"5.427.724";"2.345";"Temperatur";"Besigheim (CYY137)";"Neckar";"2022";"08.09.2022";"21,8";"°C"
"CYY137";"510.766";"5.427.724";"2.345";"Temperatur";"Besigheim (CYY137)";"Neckar";"2022";"09.09.2022";"21,6";"°C"
"CYY137";"510.766";"5.427.724";"2.345";"Temperatur";"Besigheim (CYY137)";"Neckar";"2022";"10.09.2022";"21,2";"°C"
"CYY137";"510.766";"5.427.724";"2.345";"Temperatur";"Besigheim (CYY137)";"Neckar";"2022";"11.09.2022";"20,8";"°C"
"CYY137";"510.766";"5.427.724";"2.345";"Temperatur";"Besigheim (CYY137)";"Neckar";"2022";"12.09.2022";"20,6";"°C"
"CYY137";"510.766";"5.427.724";"2.345";"Temperatur";"Besigheim (CYY137)";"Neckar";"2022";"13.09.2022";"20,4";"°C"
"CYY137";"510.766";"5.427.724";"2.345";"Temperatur";"Besigheim (CYY137)";"Neckar";"2022";"14.09.2022";"20,4";"°C"
"CYY137";"510.766";"5.427.724";"2.345";"Temperatur";"Besigheim (CYY137)";"Neckar";"2022";"15.09.2022";"20,2";"°C"
"CYY137";"510.766";"5.427.724";"2.345";"Temperatur";"Besigheim (CYY137)";"Neckar";"2022";"16.09.2022";"19,7";"°C"
"CYY137";"510.766";"5.427.724";"2.345";"Temperatur";"Besigheim (CYY137)";"Neckar";"2022";"17.09.2022";"19";"°C"
"CYY137";"510.766";"5.427.724";"2.345";"Temperatur";"Besigheim (CYY137)";"Neckar";"2022";"18.09.2022";"18,5";"°C"
"CYY137";"510.766";"5.427.724";"2.345";"Temperatur";"Besigheim (CYY137)";"Neckar";"2022";"19.09.2022";"17,5";"°C"
"CYY137";"510.766";"5.427.724";"2.345";"Temperatur";"Besigheim (CYY137)";"Neckar";"2022";"20.09.2022";"17,1";"°C"
"CYY137";"510.766";"5.427.724";"2.345";"Temperatur";"Besigheim (CYY137)";"Neckar";"2022";"21.09.2022";"16,7";"°C"
"CYY137";"510.766";"5.427.724";"2.345";"Temperatur";"Besigheim (CYY137)";"Neckar";"2022";"22.09.2022";"16,5";"°C"
"CYY137";"510.766";"5.427.724";"2.345";"Temperatur";"Besigheim (CYY137)";"Neckar";"2022";"23.09.2022";"16,3";"°C"
"CYY137";"510.766";"5.427.724";"2.345";"Temperatur";"Besigheim (CYY137)";"Neckar";"2022";"24.09.2022";"16,1";"°C"
"CYY137";"510.766";"5.427.724";"2.345";"Temperatur";"Besigheim (CYY137)";"Neckar";"2022";"25.09.2022";"15,9";"°C"
"CYY137";"510.766";"5.427.724";"2.345";"Temperatur";"Besigheim (CYY137)";"Neckar";"2022";"26.09.2022";"15,8";"°C"
"CYY137";"510.766";"5.427.724";"2.345";"Temperatur";"Besigheim (CYY137)";"Neckar";"2022";"27.09.2022";"15,6";"°C"
"CYY137";"510.766";"5.427.724";"2.345";"Temperatur";"Besigheim (CYY137)";"Neckar";"2022";"28.09.2022";"15,1";"°C"
"CYY137";"510.766";"5.427.724";"2.345";"Temperatur";"Besigheim (CYY137)";"Neckar";"2022";"29.09.2022";"14,7";"°C"
"CYY137";"510.766";"5.427.724";"2.345";"Temperatur";"Besigheim (CYY137)";"Neckar";"2022";"30.09.2022";"14,6";"°C"
"CYY137";"510.766";"5.427.724";"2.345";"Temperatur";"Besigheim (CYY137)";"Neckar";"2022";"01.10.2022";"14,4";"°C"
"CYY137";"510.766";"5.427.724";"2.345";"Temperatur";"Besigheim (CYY137)";"Neckar";"2022";"02.10.2022";"14";"°C"
"CYY137";"510.766";"5.427.724";"2.345";"Temperatur";"Besigheim (CYY137)";"Neckar";"2022";"03.10.2022";"13,9";"°C"
"CYY137";"510.766";"5.427.724";"2.345";"Temperatur";"Besigheim (CYY137)";"Neckar";"2022";"04.10.2022";"13,9";"°C"
"CYY137";"510.766";"5.427.724";"2.345";"Temperatur";"Besigheim (CYY137)";"Neckar";"2022";"05.10.2022";"13,7";"°C"
"CYY137";"510.766";"5.427.724";"2.345";"Temperatur";"Besigheim (CYY137)";"Neckar";"2022";"06.10.2022";"13,7";"°C"
"CYY137";"510.766";"5.427.724";"2.345";"Temperatur";"Besigheim (CYY137)";"Neckar";"2022";"07.10.2022";"14";"°C"
"CYY137";"510.766";"5.427.724";"2.345";"Temperatur";"Besigheim (CYY137)";"Neckar";"2022";"08.10.2022";"14,3";"°C"
"CYY137";"510.766";"5.427.724";"2.345";"Temperatur";"Besigheim (CYY137)";"Neckar";"2022";"09.10.2022";"14,4";"°C"
"CYY137";"510.766";"5.427.724";"2.345";"Temperatur";"Besigheim (CYY137)";"Neckar";"2022";"10.10.2022";"14,7";"°C"
"CYY137";"510.766";"5.427.724";"2.345";"Temperatur";"Besigheim (CYY137)";"Neckar";"2022";"11.10.2022";"14,8";"°C"
"CYY137";"510.766";"5.427.724";"2.345";"Temperatur";"Besigheim (CYY137)";"Neckar";"2022";"12.10.2022";"14,8";"°C"
"CYY137";"510.766";"5.427.724";"2.345";"Temperatur";"Besigheim (CYY137)";"Neckar";"2022";"13.10.2022";"14,8";"°C"
"CYY137";"510.766";"5.427.724";"2.345";"Temperatur";"Besigheim (CYY137)";"Neckar";"2022";"14.10.2022";"14,9";"°C"
"CYY137";"510.766";"5.427.724";"2.345";"Temperatur";"Besigheim (CYY137)";"Neckar";"2022";"15.10.2022";"15";"°C"
"CYY137";"510.766";"5.427.724";"2.345";"Temperatur";"Besigheim (CYY137)";"Neckar";"2022";"16.10.2022";"15,3";"°C"
"CYY137";"510.766";"5.427.724";"2.345";"Temperatur";"Besigheim (CYY137)";"Neckar";"2022";"17.10.2022";"15,4";"°C"
"CYY137";"510.766";"5.427.724";"2.345";"Temperatur";"Besigheim (CYY137)";"Neckar";"2022";"18.10.2022";"15,3";"°C"
"CYY137";"510.766";"5.427.724";"2.345";"Temperatur";"Besigheim (CYY137)";"Neckar";"2022";"19.10.2022";"15,4";"°C"
"CYY137";"510.766";"5.427.724";"2.345";"Temperatur";"Besigheim (CYY137)";"Neckar";"2022";"20.10.2022";"15,4";"°C"
"CYY137";"510.766";"5.427.724";"2.345";"Temperatur";"Besigheim (CYY137)";"Neckar";"2022";"21.10.2022";"15,4";"°C"
"CYY137";"510.766";"5.427.724";"2.345";"Temperatur";"Besigheim (CYY137)";"Neckar";"2022";"22.10.2022";"15,4";"°C"
"CYY137";"510.766";"5.427.724";"2.345";"Temperatur";"Besigheim (CYY137)";"Neckar";"2022";"23.10.2022";"15,5";"°C"
"CYY137";"510.766";"5.427.724";"2.345";"Temperatur";"Besigheim (CYY137)";"Neckar";"2022";"24.10.2022";"15,6";"°C"
"CYY137";"510.766";"5.427.724";"2.345";"Temperatur";"Besigheim (CYY137)";"Neckar";"2022";"25.10.2022";"15,2";"°C"
"CYY137";"510.766";"5.427.724";"2.345";"Temperatur";"Besigheim (CYY137)";"Neckar";"2022";"26.10.2022";"14,9";"°C"
"CYY137";"510.766";"5.427.724";"2.345";"Temperatur";"Besigheim (CYY137)";"Neckar";"2022";"27.10.2022";"14,9";"°C"
"CYY137";"510.766";"5.427.724";"2.345";"Temperatur";"Besigheim (CYY137)";"Neckar";"2022";"28.10.2022";"14,8";"°C"
"CYY137";"510.766";"5.427.724";"2.345";"Temperatur";"Besigheim (CYY137)";"Neckar";"2022";"29.10.2022";"14,8";"°C"
"CYY137";"510.766";"5.427.724";"2.345";"Temperatur";"Besigheim (CYY137)";"Neckar";"2022";"30.10.2022";"14,7";"°C"
"CYY137";"510.766";"5.427.724";"2.345";"Temperatur";"Besigheim (CYY137)";"Neckar";"2022";"31.10.2022";"14,6";"°C"
"CYY137";"510.766";"5.427.724";"2.345";"Temperatur";"Besigheim (CYY137)";"Neckar";"2022";"01.11.2022";"14,4";"°C"
"CYY137";"510.766";"5.427.724";"2.345";"Temperatur";"Besigheim (CYY137)";"Neckar";"2022";"02.11.2022";"14,3";"°C"
"CYY137";"510.766";"5.427.724";"2.345";"Temperatur";"Besigheim (CYY137)";"Neckar";"2022";"03.11.2022";"13,9";"°C"
"CYY137";"510.766";"5.427.724";"2.345";"Temperatur";"Besigheim (CYY137)";"Neckar";"2022";"04.11.2022";"13,7";"°C"
"CYY137";"510.766";"5.427.724";"2.345";"Temperatur";"Besigheim (CYY137)";"Neckar";"2022";"05.11.2022";"13,4";"°C"
"CYY137";"510.766";"5.427.724";"2.345";"Temperatur";"Besigheim (CYY137)";"Neckar";"2022";"06.11.2022";"12,9";"°C"
"CYY137";"510.766";"5.427.724";"2.345";"Temperatur";"Besigheim (CYY137)";"Neckar";"2022";"07.11.2022";"12,6";"°C"
"CYY137";"510.766";"5.427.724";"2.345";"Temperatur";"Besigheim (CYY137)";"Neckar";"2022";"08.11.2022";"12,4";"°C"
"CYY137";"510.766";"5.427.724";"2.345";"Temperatur";"Besigheim (CYY137)";"Neckar";"2022";"09.11.2022";"12,3";"°C"
"CYY137";"510.766";"5.427.724";"2.345";"Temperatur";"Besigheim (CYY137)";"Neckar";"2022";"10.11.2022";"12,1";"°C"
"CYY137";"510.766";"5.427.724";"2.345";"Temperatur";"Besigheim (CYY137)";"Neckar";"2022";"11.11.2022";"11,8";"°C"
"CYY137";"510.766";"5.427.724";"2.345";"Temperatur";"Besigheim (CYY137)";"Neckar";"2022";"12.11.2022";"11,5";"°C"
"CYY137";"510.766";"5.427.724";"2.345";"Temperatur";"Besigheim (CYY137)";"Neckar";"2022";"13.11.2022";"11,4";"°C"
"CYY137";"510.766";"5.427.724";"2.345";"Temperatur";"Besigheim (CYY137)";"Neckar";"2022";"14.11.2022";"11";"°C"
"CYY137";"510.766";"5.427.724";"2.345";"Temperatur";"Besigheim (CYY137)";"Neckar";"2022";"15.11.2022";"10,6";"°C"
"CYY137";"510.766";"5.427.724";"2.345";"Temperatur";"Besigheim (CYY137)";"Neckar";"2022";"16.11.2022";"10,5";"°C"
"CYY137";"510.766";"5.427.724";"2.345";"Temperatur";"Besigheim (CYY137)";"Neckar";"2022";"17.11.2022";"10,5";"°C"
"CYY137";"510.766";"5.427.724";"2.345";"Temperatur";"Besigheim (CYY137)";"Neckar";"2022";"18.11.2022";"10,7";"°C"
"CYY137";"510.766";"5.427.724";"2.345";"Temperatur";"Besigheim (CYY137)";"Neckar";"2022";"19.11.2022";"10,4";"°C"
"CYY137";"510.766";"5.427.724";"2.345";"Temperatur";"Besigheim (CYY137)";"Neckar";"2022";"20.11.2022";"9,9";"°C"
"CYY137";"510.766";"5.427.724";"2.345";"Temperatur";"Besigheim (CYY137)";"Neckar";"2022";"21.11.2022";"9,8";"°C"
"CYY137";"510.766";"5.427.724";"2.345";"Temperatur";"Besigheim (CYY137)";"Neckar";"2022";"22.11.2022";"9,5";"°C"
"CYY137";"510.766";"5.427.724";"2.345";"Temperatur";"Besigheim (CYY137)";"Neckar";"2022";"23.11.2022";"9,3";"°C"
"CYY137";"510.766";"5.427.724";"2.345";"Temperatur";"Besigheim (CYY137)";"Neckar";"2022";"24.11.2022";"9";"°C"
"CYY137";"510.766";"5.427.724";"2.345";"Temperatur";"Besigheim (CYY137)";"Neckar";"2022";"25.11.2022";"8,7";"°C"
"CYY137";"510.766";"5.427.724";"2.345";"Temperatur";"Besigheim (CYY137)";"Neckar";"2022";"26.11.2022";"8,5";"°C"
"CYY137";"510.766";"5.427.724";"2.345";"Temperatur";"Besigheim (CYY137)";"Neckar";"2022";"27.11.2022";"-";"°C"
"CYY137";"510.766";"5.427.724";"2.345";"Temperatur";"Besigheim (CYY137)";"Neckar";"2022";"28.11.2022";"-";"°C"
"CYY137";"510.766";"5.427.724";"2.345";"Temperatur";"Besigheim (CYY137)";"Neckar";"2022";"29.11.2022";"8,1";"°C"
"CYY137";"510.766";"5.427.724";"2.345";"Temperatur";"Besigheim (CYY137)";"Neckar";"2022";"30.11.2022";"8,5";"°C"
"CYY137";"510.766";"5.427.724";"2.345";"Temperatur";"Besigheim (CYY137)";"Neckar";"2022";"01.12.2022";"8,1";"°C"
"CYY137";"510.766";"5.427.724";"2.345";"Temperatur";"Besigheim (CYY137)";"Neckar";"2022";"02.12.2022";"8";"°C"
"CYY137";"510.766";"5.427.724";"2.345";"Temperatur";"Besigheim (CYY137)";"Neckar";"2022";"03.12.2022";"7,7";"°C"
"CYY137";"510.766";"5.427.724";"2.345";"Temperatur";"Besigheim (CYY137)";"Neckar";"2022";"04.12.2022";"7,8";"°C"
"CYY137";"510.766";"5.427.724";"2.345";"Temperatur";"Besigheim (CYY137)";"Neckar";"2022";"05.12.2022";"7,5";"°C"
"CYY137";"510.766";"5.427.724";"2.345";"Temperatur";"Besigheim (CYY137)";"Neckar";"2022";"06.12.2022";"7,5";"°C"
"CYY137";"510.766";"5.427.724";"2.345";"Temperatur";"Besigheim (CYY137)";"Neckar";"2022";"07.12.2022";"7,3";"°C"
"CYY137";"510.766";"5.427.724";"2.345";"Temperatur";"Besigheim (CYY137)";"Neckar";"2022";"08.12.2022";"7";"°C"
"CYY137";"510.766";"5.427.724";"2.345";"Temperatur";"Besigheim (CYY137)";"Neckar";"2022";"09.12.2022";"7,3";"°C"
"CYY137";"510.766";"5.427.724";"2.345";"Temperatur";"Besigheim (CYY137)";"Neckar";"2022";"10.12.2022";"6,9";"°C"
"CYY137";"510.766";"5.427.724";"2.345";"Temperatur";"Besigheim (CYY137)";"Neckar";"2022";"11.12.2022";"6,2";"°C"
"CYY137";"510.766";"5.427.724";"2.345";"Temperatur";"Besigheim (CYY137)";"Neckar";"2022";"12.12.2022";"6";"°C"
"CYY137";"510.766";"5.427.724";"2.345";"Temperatur";"Besigheim (CYY137)";"Neckar";"2022";"13.12.2022";"5,5";"°C"
"CYY137";"510.766";"5.427.724";"2.345";"Temperatur";"Besigheim (CYY137)";"Neckar";"2022";"14.12.2022";"5,2";"°C"
"CYY137";"510.766";"5.427.724";"2.345";"Temperatur";"Besigheim (CYY137)";"Neckar";"2022";"15.12.2022";"4,9";"°C"
"CYY137";"510.766";"5.427.724";"2.345";"Temperatur";"Besigheim (CYY137)";"Neckar";"2022";"16.12.2022";"5";"°C"
"CYY137";"510.766";"5.427.724";"2.345";"Temperatur";"Besigheim (CYY137)";"Neckar";"2022";"17.12.2022";"4,7";"°C"
"CYY137";"510.766";"5.427.724";"2.345";"Temperatur";"Besigheim (CYY137)";"Neckar";"2022";"18.12.2022";"4,3";"°C"
"CYY137";"510.766";"5.427.724";"2.345";"Temperatur";"Besigheim (CYY137)";"Neckar";"2022";"19.12.2022";"3,8";"°C"
"CYY137";"510.766";"5.427.724";"2.345";"Temperatur";"Besigheim (CYY137)";"Neckar";"2022";"20.12.2022";"3,8";"°C"
"CYY137";"510.766";"5.427.724";"2.345";"Temperatur";"Besigheim (CYY137)";"Neckar";"2022";"21.12.2022";"4";"°C"
"CYY137";"510.766";"5.427.724";"2.345";"Temperatur";"Besigheim (CYY137)";"Neckar";"2022";"22.12.2022";"4,8";"°C"
"CYY137";"510.766";"5.427.724";"2.345";"Temperatur";"Besigheim (CYY137)";"Neckar";"2022";"23.12.2022";"5,2";"°C"
"CYY137";"510.766";"5.427.724";"2.345";"Temperatur";"Besigheim (CYY137)";"Neckar";"2022";"24.12.2022";"6,5";"°C"
"CYY137";"510.766";"5.427.724";"2.345";"Temperatur";"Besigheim (CYY137)";"Neckar";"2022";"25.12.2022";"7,6";"°C"
"CYY137";"510.766";"5.427.724";"2.345";"Temperatur";"Besigheim (CYY137)";"Neckar";"2022";"26.12.2022";"8,2";"°C"
"CYY137";"510.766";"5.427.724";"2.345";"Temperatur";"Besigheim (CYY137)";"Neckar";"2022";"27.12.2022";"8,4";"°C"
"CYY137";"510.766";"5.427.724";"2.345";"Temperatur";"Besigheim (CYY137)";"Neckar";"2022";"28.12.2022";"7,9";"°C"
"CYY137";"510.766";"5.427.724";"2.345";"Temperatur";"Besigheim (CYY137)";"Neckar";"2022";"29.12.2022";"7,8";"°C"
"CYY137";"510.766";"5.427.724";"2.345";"Temperatur";"Besigheim (CYY137)";"Neckar";"2022";"30.12.2022";"7,5";"°C"
"CYY137";"510.766";"5.427.724";"2.345";"Temperatur";"Besigheim (CYY137)";"Neckar";"2022";"31.12.2022";"7,7";"°C"
"CYY137";"510.766";"5.427.724";"2.345";"Temperatur";"Besigheim (CYY137)";"Neckar";"2023";"01.01.2023";"7,9";"°C"
"CYY137";"510.766";"5.427.724";"2.345";"Temperatur";"Besigheim (CYY137)";"Neckar";"2023";"02.01.2023";"8,3";"°C"
"CYY137";"510.766";"5.427.724";"2.345";"Temperatur";"Besigheim (CYY137)";"Neckar";"2023";"03.01.2023";"8,3";"°C"
"CYY137";"510.766";"5.427.724";"2.345";"Temperatur";"Besigheim (CYY137)";"Neckar";"2023";"04.01.2023";"8,4";"°C"
"CYY137";"510.766";"5.427.724";"2.345";"Temperatur";"Besigheim (CYY137)";"Neckar";"2023";"05.01.2023";"8,5";"°C"
"CYY137";"510.766";"5.427.724";"2.345";"Temperatur";"Besigheim (CYY137)";"Neckar";"2023";"06.01.2023";"8,5";"°C"
"CYY137";"510.766";"5.427.724";"2.345";"Temperatur";"Besigheim (CYY137)";"Neckar";"2023";"07.01.2023";"8,7";"°C"
"CYY137";"510.766";"5.427.724";"2.345";"Temperatur";"Besigheim (CYY137)";"Neckar";"2023";"08.01.2023";"8,6";"°C"
"CYY137";"510.766";"5.427.724";"2.345";"Temperatur";"Besigheim (CYY137)";"Neckar";"2023";"09.01.2023";"8,5";"°C"
"CYY137";"510.766";"5.427.724";"2.345";"Temperatur";"Besigheim (CYY137)";"Neckar";"2023";"10.01.2023";"8,5";"°C"
"CYY137";"510.766";"5.427.724";"2.345";"Temperatur";"Besigheim (CYY137)";"Neckar";"2023";"11.01.2023";"8,3";"°C"
"CYY137";"510.766";"5.427.724";"2.345";"Temperatur";"Besigheim (CYY137)";"Neckar";"2023";"12.01.2023";"8";"°C"
"CYY137";"510.766";"5.427.724";"2.345";"Temperatur";"Besigheim (CYY137)";"Neckar";"2023";"13.01.2023";"8";"°C"
"CYY137";"510.766";"5.427.724";"2.345";"Temperatur";"Besigheim (CYY137)";"Neckar";"2023";"14.01.2023";"7,8";"°C"
"CYY137";"510.766";"5.427.724";"2.345";"Temperatur";"Besigheim (CYY137)";"Neckar";"2023";"15.01.2023";"7,9";"°C"
"CYY137";"510.766";"5.427.724";"2.345";"Temperatur";"Besigheim (CYY137)";"Neckar";"2023";"16.01.2023";"7,7";"°C"
"CYY137";"510.766";"5.427.724";"2.345";"Temperatur";"Besigheim (CYY137)";"Neckar";"2023";"17.01.2023";"7,3";"°C"
"CYY137";"510.766";"5.427.724";"2.345";"Temperatur";"Besigheim (CYY137)";"Neckar";"2023";"18.01.2023";"7,1";"°C"
"CYY137";"510.766";"5.427.724";"2.345";"Temperatur";"Besigheim (CYY137)";"Neckar";"2023";"19.01.2023";"6,3";"°C"
"CYY137";"510.766";"5.427.724";"2.345";"Temperatur";"Besigheim (CYY137)";"Neckar";"2023";"20.01.2023";"6,2";"°C"
"CYY137";"510.766";"5.427.724";"2.345";"Temperatur";"Besigheim (CYY137)";"Neckar";"2023";"21.01.2023";"5,4";"°C"
"CYY137";"510.766";"5.427.724";"2.345";"Temperatur";"Besigheim (CYY137)";"Neckar";"2023";"22.01.2023";"5";"°C"
"CYY137";"510.766";"5.427.724";"2.345";"Temperatur";"Besigheim (CYY137)";"Neckar";"2023";"23.01.2023";"4,8";"°C"
"CYY137";"510.766";"5.427.724";"2.345";"Temperatur";"Besigheim (CYY137)";"Neckar";"2023";"24.01.2023";"4,7";"°C"
"CYY137";"510.766";"5.427.724";"2.345";"Temperatur";"Besigheim (CYY137)";"Neckar";"2023";"25.01.2023";"4,7";"°C"
"CYY137";"510.766";"5.427.724";"2.345";"Temperatur";"Besigheim (CYY137)";"Neckar";"2023";"26.01.2023";"4,6";"°C"
"CYY137";"510.766";"5.427.724";"2.345";"Temperatur";"Besigheim (CYY137)";"Neckar";"2023";"27.01.2023";"4,5";"°C"
"CYY137";"510.766";"5.427.724";"2.345";"Temperatur";"Besigheim (CYY137)";"Neckar";"2023";"28.01.2023";"4,5";"°C"
"CYY137";"510.766";"5.427.724";"2.345";"Temperatur";"Besigheim (CYY137)";"Neckar";"2023";"29.01.2023";"4,5";"°C"
"CYY137";"510.766";"5.427.724";"2.345";"Temperatur";"Besigheim (CYY137)";"Neckar";"2023";"30.01.2023";"4,5";"°C"
"CYY137";"510.766";"5.427.724";"2.345";"Temperatur";"Besigheim (CYY137)";"Neckar";"2023";"31.01.2023";"4,5";"°C"
"CYY137";"510.766";"5.427.724";"2.345";"Temperatur";"Besigheim (CYY137)";"Neckar";"2023";"01.02.2023";"5,3";"°C"
"CYY137";"510.766";"5.427.724";"2.345";"Temperatur";"Besigheim (CYY137)";"Neckar";"2023";"02.02.2023";"5,7";"°C"
"CYY137";"510.766";"5.427.724";"2.345";"Temperatur";"Besigheim (CYY137)";"Neckar";"2023";"03.02.2023";"5,8";"°C"
"CYY137";"510.766";"5.427.724";"2.345";"Temperatur";"Besigheim (CYY137)";"Neckar";"2023";"04.02.2023";"6,2";"°C"
"CYY137";"510.766";"5.427.724";"2.345";"Temperatur";"Besigheim (CYY137)";"Neckar";"2023";"05.02.2023";"6";"°C"
"CYY137";"510.766";"5.427.724";"2.345";"Temperatur";"Besigheim (CYY137)";"Neckar";"2023";"06.02.2023";"6";"°C"
"CYY137";"510.766";"5.427.724";"2.345";"Temperatur";"Besigheim (CYY137)";"Neckar";"2023";"07.02.2023";"6";"°C"
"CYY137";"510.766";"5.427.724";"2.345";"Temperatur";"Besigheim (CYY137)";"Neckar";"2023";"08.02.2023";"5,8";"°C"
"CYY137";"510.766";"5.427.724";"2.345";"Temperatur";"Besigheim (CYY137)";"Neckar";"2023";"09.02.2023";"5,5";"°C"
"CYY137";"510.766";"5.427.724";"2.345";"Temperatur";"Besigheim (CYY137)";"Neckar";"2023";"10.02.2023";"4,8";"°C"
"CYY137";"510.766";"5.427.724";"2.345";"Temperatur";"Besigheim (CYY137)";"Neckar";"2023";"11.02.2023";"4,6";"°C"
"CYY137";"510.766";"5.427.724";"2.345";"Temperatur";"Besigheim (CYY137)";"Neckar";"2023";"12.02.2023";"4,7";"°C"
"CYY137";"510.766";"5.427.724";"2.345";"Temperatur";"Besigheim (CYY137)";"Neckar";"2023";"13.02.2023";"4,7";"°C"
"CYY137";"510.766";"5.427.724";"2.345";"Temperatur";"Besigheim (CYY137)";"Neckar";"2023";"14.02.2023";"4,7";"°C"
"CYY137";"510.766";"5.427.724";"2.345";"Temperatur";"Besigheim (CYY137)";"Neckar";"2023";"15.02.2023";"4,6";"°C"
"CYY137";"510.766";"5.427.724";"2.345";"Temperatur";"Besigheim (CYY137)";"Neckar";"2023";"16.02.2023";"4,6";"°C"
"CYY137";"510.766";"5.427.724";"2.345";"Temperatur";"Besigheim (CYY137)";"Neckar";"2023";"17.02.2023";"5,1";"°C"
"CYY137";"510.766";"5.427.724";"2.345";"Temperatur";"Besigheim (CYY137)";"Neckar";"2023";"18.02.2023";"5,8";"°C"
"CYY137";"510.766";"5.427.724";"2.345";"Temperatur";"Besigheim (CYY137)";"Neckar";"2023";"19.02.2023";"6,5";"°C"
"CYY137";"510.766";"5.427.724";"2.345";"Temperatur";"Besigheim (CYY137)";"Neckar";"2023";"20.02.2023";"7,1";"°C"
"CYY137";"510.766";"5.427.724";"2.345";"Temperatur";"Besigheim (CYY137)";"Neckar";"2023";"21.02.2023";"7,6";"°C"
"CYY137";"510.766";"5.427.724";"2.345";"Temperatur";"Besigheim (CYY137)";"Neckar";"2023";"22.02.2023";"7,6";"°C"
"CYY137";"510.766";"5.427.724";"2.345";"Temperatur";"Besigheim (CYY137)";"Neckar";"2023";"23.02.2023";"8,2";"°C"
"CYY137";"510.766";"5.427.724";"2.345";"Temperatur";"Besigheim (CYY137)";"Neckar";"2023";"24.02.2023";"8,6";"°C"
"CYY137";"510.766";"5.427.724";"2.345";"Temperatur";"Besigheim (CYY137)";"Neckar";"2023";"25.02.2023";"8,5";"°C"
"CYY137";"510.766";"5.427.724";"2.345";"Temperatur";"Besigheim (CYY137)";"Neckar";"2023";"26.02.2023";"8,7";"°C"
"CYY137";"510.766";"5.427.724";"2.345";"Temperatur";"Besigheim (CYY137)";"Neckar";"2023";"27.02.2023";"7,9";"°C"
"CYY137";"510.766";"5.427.724";"2.345";"Temperatur";"Besigheim (CYY137)";"Neckar";"2023";"28.02.2023";"7,3";"°C"
"CYY137";"510.766";"5.427.724";"2.345";"Temperatur";"Besigheim (CYY137)";"Neckar";"2023";"01.03.2023";"6,9";"°C"
"CYY137";"510.766";"5.427.724";"2.345";"Temperatur";"Besigheim (CYY137)";"Neckar";"2023";"02.03.2023";"7,1";"°C"
"CYY137";"510.766";"5.427.724";"2.345";"Temperatur";"Besigheim (CYY137)";"Neckar";"2023";"03.03.2023";"7,3";"°C"
"CYY137";"510.766";"5.427.724";"2.345";"Temperatur";"Besigheim (CYY137)";"Neckar";"2023";"04.03.2023";"7,3";"°C"
"CYY137";"510.766";"5.427.724";"2.345";"Temperatur";"Besigheim (CYY137)";"Neckar";"2023";"05.03.2023";"7,2";"°C"
"CYY137";"510.766";"5.427.724";"2.345";"Temperatur";"Besigheim (CYY137)";"Neckar";"2023";"06.03.2023";"6,9";"°C"
"CYY137";"510.766";"5.427.724";"2.345";"Temperatur";"Besigheim (CYY137)";"Neckar";"2023";"07.03.2023";"6,5";"°C"
"CYY137";"510.766";"5.427.724";"2.345";"Temperatur";"Besigheim (CYY137)";"Neckar";"2023";"08.03.2023";"6,3";"°C"
"CYY137";"510.766";"5.427.724";"2.345";"Temperatur";"Besigheim (CYY137)";"Neckar";"2023";"09.03.2023";"6,7";"°C"
"CYY137";"510.766";"5.427.724";"2.345";"Temperatur";"Besigheim (CYY137)";"Neckar";"2023";"10.03.2023";"7,2";"°C"
"CYY137";"510.766";"5.427.724";"2.345";"Temperatur";"Besigheim (CYY137)";"Neckar";"2023";"11.03.2023";"7,3";"°C"
"CYY137";"510.766";"5.427.724";"2.345";"Temperatur";"Besigheim (CYY137)";"Neckar";"2023";"12.03.2023";"7,1";"°C"
"CYY137";"510.766";"5.427.724";"2.345";"Temperatur";"Besigheim (CYY137)";"Neckar";"2023";"13.03.2023";"7,5";"°C"
"CYY137";"510.766";"5.427.724";"2.345";"Temperatur";"Besigheim (CYY137)";"Neckar";"2023";"14.03.2023";"8,7";"°C"
"CYY137";"510.766";"5.427.724";"2.345";"Temperatur";"Besigheim (CYY137)";"Neckar";"2023";"15.03.2023";"8,8";"°C"
"CYY137";"510.766";"5.427.724";"2.345";"Temperatur";"Besigheim (CYY137)";"Neckar";"2023";"16.03.2023";"8,5";"°C"
"CYY137";"510.766";"5.427.724";"2.345";"Temperatur";"Besigheim (CYY137)";"Neckar";"2023";"17.03.2023";"8,4";"°C"
"CYY137";"510.766";"5.427.724";"2.345";"Temperatur";"Besigheim (CYY137)";"Neckar";"2023";"18.03.2023";"8,4";"°C"
"CYY137";"510.766";"5.427.724";"2.345";"Temperatur";"Besigheim (CYY137)";"Neckar";"2023";"19.03.2023";"8,8";"°C"
"CYY137";"510.766";"5.427.724";"2.345";"Temperatur";"Besigheim (CYY137)";"Neckar";"2023";"20.03.2023";"9,3";"°C"
"CYY137";"510.766";"5.427.724";"2.345";"Temperatur";"Besigheim (CYY137)";"Neckar";"2023";"21.03.2023";"9,9";"°C"
"CYY137";"510.766";"5.427.724";"2.345";"Temperatur";"Besigheim (CYY137)";"Neckar";"2023";"22.03.2023";"10,5";"°C"
"CYY137";"510.766";"5.427.724";"2.345";"Temperatur";"Besigheim (CYY137)";"Neckar";"2023";"23.03.2023";"10,9";"°C"
"CYY137";"510.766";"5.427.724";"2.345";"Temperatur";"Besigheim (CYY137)";"Neckar";"2023";"24.03.2023";"11,2";"°C"
"CYY137";"510.766";"5.427.724";"2.345";"Temperatur";"Besigheim (CYY137)";"Neckar";"2023";"25.03.2023";"11,4";"°C"
"CYY137";"510.766";"5.427.724";"2.345";"Temperatur";"Besigheim (CYY137)";"Neckar";"2023";"26.03.2023";"11,5";"°C"
"CYY137";"510.766";"5.427.724";"2.345";"Temperatur";"Besigheim (CYY137)";"Neckar";"2023";"27.03.2023";"11,3";"°C"
"CYY137";"510.766";"5.427.724";"2.345";"Temperatur";"Besigheim (CYY137)";"Neckar";"2023";"28.03.2023";"10,8";"°C"
"CYY137";"510.766";"5.427.724";"2.345";"Temperatur";"Besigheim (CYY137)";"Neckar";"2023";"29.03.2023";"10,7";"°C"
"CYY137";"510.766";"5.427.724";"2.345";"Temperatur";"Besigheim (CYY137)";"Neckar";"2023";"30.03.2023";"10,7";"°C"
"CYY137";"510.766";"5.427.724";"2.345";"Temperatur";"Besigheim (CYY137)";"Neckar";"2023";"31.03.2023";"10,7";"°C"
"CYY137";"510.766";"5.427.724";"2.345";"Temperatur";"Besigheim (CYY137)";"Neckar";"2023";"01.04.2023";"10,6";"°C"
"CYY137";"510.766";"5.427.724";"2.345";"Temperatur";"Besigheim (CYY137)";"Neckar";"2023";"02.04.2023";"10,4";"°C"
"CYY137";"510.766";"5.427.724";"2.345";"Temperatur";"Besigheim (CYY137)";"Neckar";"2023";"03.04.2023";"10,1";"°C"
"CYY137";"510.766";"5.427.724";"2.345";"Temperatur";"Besigheim (CYY137)";"Neckar";"2023";"04.04.2023";"9,6";"°C"
"CYY137";"510.766";"5.427.724";"2.345";"Temperatur";"Besigheim (CYY137)";"Neckar";"2023";"05.04.2023";"9,3";"°C"
"CYY137";"510.766";"5.427.724";"2.345";"Temperatur";"Besigheim (CYY137)";"Neckar";"2023";"06.04.2023";"9,5";"°C"
"CYY137";"510.766";"5.427.724";"2.345";"Temperatur";"Besigheim (CYY137)";"Neckar";"2023";"07.04.2023";"9,8";"°C"
"CYY137";"510.766";"5.427.724";"2.345";"Temperatur";"Besigheim (CYY137)";"Neckar";"2023";"08.04.2023";"9,8";"°C"
"CYY137";"510.766";"5.427.724";"2.345";"Temperatur";"Besigheim (CYY137)";"Neckar";"2023";"09.04.2023";"10";"°C"
"CYY137";"510.766";"5.427.724";"2.345";"Temperatur";"Besigheim (CYY137)";"Neckar";"2023";"10.04.2023";"10,3";"°C"
"CYY137";"510.766";"5.427.724";"2.345";"Temperatur";"Besigheim (CYY137)";"Neckar";"2023";"11.04.2023";"10,8";"°C"
"CYY137";"510.766";"5.427.724";"2.345";"Temperatur";"Besigheim (CYY137)";"Neckar";"2023";"12.04.2023";"11,2";"°C"
"CYY137";"510.766";"5.427.724";"2.345";"Temperatur";"Besigheim (CYY137)";"Neckar";"2023";"13.04.2023";"11,4";"°C"
"CYY137";"510.766";"5.427.724";"2.345";"Temperatur";"Besigheim (CYY137)";"Neckar";"2023";"14.04.2023";"11,3";"°C"
"CYY137";"510.766";"5.427.724";"2.345";"Temperatur";"Besigheim (CYY137)";"Neckar";"2023";"15.04.2023";"11,4";"°C"
"CYY137";"510.766";"5.427.724";"2.345";"Temperatur";"Besigheim (CYY137)";"Neckar";"2023";"16.04.2023";"11,1";"°C"
"CYY137";"510.766";"5.427.724";"2.345";"Temperatur";"Besigheim (CYY137)";"Neckar";"2023";"17.04.2023";"10,6";"°C"
"CYY137";"510.766";"5.427.724";"2.345";"Temperatur";"Besigheim (CYY137)";"Neckar";"2023";"18.04.2023";"9,9";"°C"
"CYY137";"510.766";"5.427.724";"2.345";"Temperatur";"Besigheim (CYY137)";"Neckar";"2023";"19.04.2023";"10,2";"°C"
"CYY137";"510.766";"5.427.724";"2.345";"Temperatur";"Besigheim (CYY137)";"Neckar";"2023";"20.04.2023";"10,2";"°C"
"CYY137";"510.766";"5.427.724";"2.345";"Temperatur";"Besigheim (CYY137)";"Neckar";"2023";"21.04.2023";"10,2";"°C"
"CYY137";"510.766";"5.427.724";"2.345";"Temperatur";"Besigheim (CYY137)";"Neckar";"2023";"22.04.2023";"11,3";"°C"
"CYY137";"510.766";"5.427.724";"2.345";"Temperatur";"Besigheim (CYY137)";"Neckar";"2023";"23.04.2023";"11,3";"°C"
"CYY137";"510.766";"5.427.724";"2.345";"Temperatur";"Besigheim (CYY137)";"Neckar";"2023";"24.04.2023";"12,1";"°C"
"CYY137";"510.766";"5.427.724";"2.345";"Temperatur";"Besigheim (CYY137)";"Neckar";"2023";"25.04.2023";"12,5";"°C"
"CYY137";"510.766";"5.427.724";"2.345";"Temperatur";"Besigheim (CYY137)";"Neckar";"2023";"26.04.2023";"12,6";"°C"
"CYY137";"510.766";"5.427.724";"2.345";"Temperatur";"Besigheim (CYY137)";"Neckar";"2023";"27.04.2023";"12,9";"°C"
"CYY137";"510.766";"5.427.724";"2.345";"Temperatur";"Besigheim (CYY137)";"Neckar";"2023";"28.04.2023";"12,7";"°C"
"CYY137";"510.766";"5.427.724";"2.345";"Temperatur";"Besigheim (CYY137)";"Neckar";"2023";"29.04.2023";"12,5";"°C"
"CYY137";"510.766";"5.427.724";"2.345";"Temperatur";"Besigheim (CYY137)";"Neckar";"2023";"30.04.2023";"12,6";"°C"
"CYY137";"510.766";"5.427.724";"2.345";"Temperatur";"Besigheim (CYY137)";"Neckar";"2023";"01.05.2023";"13";"°C"
"CYY137";"510.766";"5.427.724";"2.345";"Temperatur";"Besigheim (CYY137)";"Neckar";"2023";"02.05.2023";"13,2";"°C"
"CYY137";"510.766";"5.427.724";"2.345";"Temperatur";"Besigheim (CYY137)";"Neckar";"2023";"03.05.2023";"13,7";"°C"
"CYY137";"510.766";"5.427.724";"2.345";"Temperatur";"Besigheim (CYY137)";"Neckar";"2023";"04.05.2023";"14,1";"°C"
"CYY137";"510.766";"5.427.724";"2.345";"Temperatur";"Besigheim (CYY137)";"Neckar";"2023";"05.05.2023";"14,6";"°C"
"CYY137";"510.766";"5.427.724";"2.345";"Temperatur";"Besigheim (CYY137)";"Neckar";"2023";"06.05.2023";"15,2";"°C"
"CYY137";"510.766";"5.427.724";"2.345";"Temperatur";"Besigheim (CYY137)";"Neckar";"2023";"07.05.2023";"15,7";"°C"
"CYY137";"510.766";"5.427.724";"2.345";"Temperatur";"Besigheim (CYY137)";"Neckar";"2023";"08.05.2023";"15,7";"°C"
"CYY137";"510.766";"5.427.724";"2.345";"Temperatur";"Besigheim (CYY137)";"Neckar";"2023";"09.05.2023";"16";"°C"
"CYY137";"510.766";"5.427.724";"2.345";"Temperatur";"Besigheim (CYY137)";"Neckar";"2023";"10.05.2023";"15,5";"°C"
"CYY137";"510.766";"5.427.724";"2.345";"Temperatur";"Besigheim (CYY137)";"Neckar";"2023";"11.05.2023";"14,8";"°C"
"CYY137";"510.766";"5.427.724";"2.345";"Temperatur";"Besigheim (CYY137)";"Neckar";"2023";"12.05.2023";"14,5";"°C"
"CYY137";"510.766";"5.427.724";"2.345";"Temperatur";"Besigheim (CYY137)";"Neckar";"2023";"13.05.2023";"14,1";"°C"
"CYY137";"510.766";"5.427.724";"2.345";"Temperatur";"Besigheim (CYY137)";"Neckar";"2023";"14.05.2023";"14";"°C"
"CYY137";"510.766";"5.427.724";"2.345";"Temperatur";"Besigheim (CYY137)";"Neckar";"2023";"15.05.2023";"14,3";"°C"
"CYY137";"510.766";"5.427.724";"2.345";"Temperatur";"Besigheim (CYY137)";"Neckar";"2023";"16.05.2023";"14,2";"°C"
"CYY137";"510.766";"5.427.724";"2.345";"Temperatur";"Besigheim (CYY137)";"Neckar";"2023";"17.05.2023";"13,7";"°C"
"CYY137";"510.766";"5.427.724";"2.345";"Temperatur";"Besigheim (CYY137)";"Neckar";"2023";"18.05.2023";"13,9";"°C"
"CYY137";"510.766";"5.427.724";"2.345";"Temperatur";"Besigheim (CYY137)";"Neckar";"2023";"19.05.2023";"14";"°C"
"CYY137";"510.766";"5.427.724";"2.345";"Temperatur";"Besigheim (CYY137)";"Neckar";"2023";"20.05.2023";"14,1";"°C"
"CYY137";"510.766";"5.427.724";"2.345";"Temperatur";"Besigheim (CYY137)";"Neckar";"2023";"21.05.2023";"14,8";"°C"
"CYY137";"510.766";"5.427.724";"2.345";"Temperatur";"Besigheim (CYY137)";"Neckar";"2023";"22.05.2023";"15,5";"°C"
"CYY137";"510.766";"5.427.724";"2.345";"Temperatur";"Besigheim (CYY137)";"Neckar";"2023";"23.05.2023";"16,2";"°C"
"CYY137";"510.766";"5.427.724";"2.345";"Temperatur";"Besigheim (CYY137)";"Neckar";"2023";"24.05.2023";"16,2";"°C"
"CYY137";"510.766";"5.427.724";"2.345";"Temperatur";"Besigheim (CYY137)";"Neckar";"2023";"25.05.2023";"16,5";"°C"
"CYY137";"510.766";"5.427.724";"2.345";"Temperatur";"Besigheim (CYY137)";"Neckar";"2023";"26.05.2023";"17,1";"°C"
"CYY137";"510.766";"5.427.724";"2.345";"Temperatur";"Besigheim (CYY137)";"Neckar";"2023";"27.05.2023";"17,6";"°C"
"CYY137";"510.766";"5.427.724";"2.345";"Temperatur";"Besigheim (CYY137)";"Neckar";"2023";"28.05.2023";"18,2";"°C"
"CYY137";"510.766";"5.427.724";"2.345";"Temperatur";"Besigheim (CYY137)";"Neckar";"2023";"29.05.2023";"18,7";"°C"
"CYY137";"510.766";"5.427.724";"2.345";"Temperatur";"Besigheim (CYY137)";"Neckar";"2023";"30.05.2023";"19,1";"°C"
"CYY137";"510.766";"5.427.724";"2.345";"Temperatur";"Besigheim (CYY137)";"Neckar";"2023";"31.05.2023";"19,3";"°C"
"CYY137";"510.766";"5.427.724";"2.345";"Temperatur";"Besigheim (CYY137)";"Neckar";"2023";"01.06.2023";"19,7";"°C"
"CYY137";"510.766";"5.427.724";"2.345";"Temperatur";"Besigheim (CYY137)";"Neckar";"2023";"02.06.2023";"20";"°C"
"CYY137";"510.766";"5.427.724";"2.345";"Temperatur";"Besigheim (CYY137)";"Neckar";"2023";"03.06.2023";"20,4";"°C"
"CYY137";"510.766";"5.427.724";"2.345";"Temperatur";"Besigheim (CYY137)";"Neckar";"2023";"04.06.2023";"20,7";"°C"
"CYY137";"510.766";"5.427.724";"2.345";"Temperatur";"Besigheim (CYY137)";"Neckar";"2023";"05.06.2023";"20,9";"°C"
"CYY137";"510.766";"5.427.724";"2.345";"Temperatur";"Besigheim (CYY137)";"Neckar";"2023";"06.06.2023";"21,1";"°C"
"CYY137";"510.766";"5.427.724";"2.345";"Temperatur";"Besigheim (CYY137)";"Neckar";"2023";"07.06.2023";"21,3";"°C"
"CYY137";"510.766";"5.427.724";"2.345";"Temperatur";"Besigheim (CYY137)";"Neckar";"2023";"08.06.2023";"21,5";"°C"
"CYY137";"510.766";"5.427.724";"2.345";"Temperatur";"Besigheim (CYY137)";"Neckar";"2023";"09.06.2023";"21,7";"°C"
"CYY137";"510.766";"5.427.724";"2.345";"Temperatur";"Besigheim (CYY137)";"Neckar";"2023";"10.06.2023";"22";"°C"
"CYY137";"510.766";"5.427.724";"2.345";"Temperatur";"Besigheim (CYY137)";"Neckar";"2023";"11.06.2023";"22,4";"°C"
"CYY137";"510.766";"5.427.724";"2.345";"Temperatur";"Besigheim (CYY137)";"Neckar";"2023";"12.06.2023";"22,7";"°C"
"CYY137";"510.766";"5.427.724";"2.345";"Temperatur";"Besigheim (CYY137)";"Neckar";"2023";"13.06.2023";"22,7";"°C"
"CYY137";"510.766";"5.427.724";"2.345";"Temperatur";"Besigheim (CYY137)";"Neckar";"2023";"14.06.2023";"22,6";"°C"
"CYY137";"510.766";"5.427.724";"2.345";"Temperatur";"Besigheim (CYY137)";"Neckar";"2023";"15.06.2023";"22,7";"°C"
"CYY137";"510.766";"5.427.724";"2.345";"Temperatur";"Besigheim (CYY137)";"Neckar";"2023";"16.06.2023";"22,8";"°C"
"CYY137";"510.766";"5.427.724";"2.345";"Temperatur";"Besigheim (CYY137)";"Neckar";"2023";"17.06.2023";"22,9";"°C"
"CYY137";"510.766";"5.427.724";"2.345";"Temperatur";"Besigheim (CYY137)";"Neckar";"2023";"18.06.2023";"23,1";"°C"
"CYY137";"510.766";"5.427.724";"2.345";"Temperatur";"Besigheim (CYY137)";"Neckar";"2023";"19.06.2023";"23,5";"°C"
"CYY137";"510.766";"5.427.724";"2.345";"Temperatur";"Besigheim (CYY137)";"Neckar";"2023";"20.06.2023";"23,9";"°C"
"CYY137";"510.766";"5.427.724";"2.345";"Temperatur";"Besigheim (CYY137)";"Neckar";"2023";"21.06.2023";"24,2";"°C"
"CYY137";"510.766";"5.427.724";"2.345";"Temperatur";"Besigheim (CYY137)";"Neckar";"2023";"22.06.2023";"24,3";"°C"
"CYY137";"510.766";"5.427.724";"2.345";"Temperatur";"Besigheim (CYY137)";"Neckar";"2023";"23.06.2023";"24,1";"°C"
"CYY137";"510.766";"5.427.724";"2.345";"Temperatur";"Besigheim (CYY137)";"Neckar";"2023";"24.06.2023";"24,2";"°C"
"CYY137";"510.766";"5.427.724";"2.345";"Temperatur";"Besigheim (CYY137)";"Neckar";"2023";"25.06.2023";"24,3";"°C"
"CYY137";"510.766";"5.427.724";"2.345";"Temperatur";"Besigheim (CYY137)";"Neckar";"2023";"26.06.2023";"24,3";"°C"
"CYY137";"510.766";"5.427.724";"2.345";"Temperatur";"Besigheim (CYY137)";"Neckar";"2023";"27.06.2023";"24,2";"°C"
"CYY137";"510.766";"5.427.724";"2.345";"Temperatur";"Besigheim (CYY137)";"Neckar";"2023";"28.06.2023";"24,1";"°C"
"CYY137";"510.766";"5.427.724";"2.345";"Temperatur";"Besigheim (CYY137)";"Neckar";"2023";"29.06.2023";"24";"°C"
"CYY137";"510.766";"5.427.724";"2.345";"Temperatur";"Besigheim (CYY137)";"Neckar";"2023";"30.06.2023";"23,6";"°C"
"CYY137";"510.766";"5.427.724";"2.345";"Temperatur";"Besigheim (CYY137)";"Neckar";"2023";"01.07.2023";"23,3";"°C"
"CYY137";"510.766";"5.427.724";"2.345";"Temperatur";"Besigheim (CYY137)";"Neckar";"2023";"02.07.2023";"23,1";"°C"
"CYY137";"510.766";"5.427.724";"2.345";"Temperatur";"Besigheim (CYY137)";"Neckar";"2023";"03.07.2023";"23";"°C"
"CYY137";"510.766";"5.427.724";"2.345";"Temperatur";"Besigheim (CYY137)";"Neckar";"2023";"04.07.2023";"23";"°C"
"CYY137";"510.766";"5.427.724";"2.345";"Temperatur";"Besigheim (CYY137)";"Neckar";"2023";"05.07.2023";"22,9";"°C"
"CYY137";"510.766";"5.427.724";"2.345";"Temperatur";"Besigheim (CYY137)";"Neckar";"2023";"06.07.2023";"23";"°C"
"CYY137";"510.766";"5.427.724";"2.345";"Temperatur";"Besigheim (CYY137)";"Neckar";"2023";"07.07.2023";"23,2";"°C"
"CYY137";"510.766";"5.427.724";"2.345";"Temperatur";"Besigheim (CYY137)";"Neckar";"2023";"08.07.2023";"23,5";"°C"
"CYY137";"510.766";"5.427.724";"2.345";"Temperatur";"Besigheim (CYY137)";"Neckar";"2023";"09.07.2023";"24,1";"°C"
"CYY137";"510.766";"5.427.724";"2.345";"Temperatur";"Besigheim (CYY137)";"Neckar";"2023";"10.07.2023";"24,4";"°C"
"CYY137";"510.766";"5.427.724";"2.345";"Temperatur";"Besigheim (CYY137)";"Neckar";"2023";"11.07.2023";"24,8";"°C"
"CYY137";"510.766";"5.427.724";"2.345";"Temperatur";"Besigheim (CYY137)";"Neckar";"2023";"12.07.2023";"24,9";"°C"
"CYY137";"510.766";"5.427.724";"2.345";"Temperatur";"Besigheim (CYY137)";"Neckar";"2023";"13.07.2023";"24,7";"°C"
"CYY137";"510.766";"5.427.724";"2.345";"Temperatur";"Besigheim (CYY137)";"Neckar";"2023";"14.07.2023";"25,1";"°C"
"CYY137";"510.766";"5.427.724";"2.345";"Temperatur";"Besigheim (CYY137)";"Neckar";"2023";"15.07.2023";"24,9";"°C"
"CYY137";"510.766";"5.427.724";"2.345";"Temperatur";"Besigheim (CYY137)";"Neckar";"2023";"16.07.2023";"24,6";"°C"
"CYY137";"510.766";"5.427.724";"2.345";"Temperatur";"Besigheim (CYY137)";"Neckar";"2023";"17.07.2023";"24,5";"°C"
"CYY137";"510.766";"5.427.724";"2.345";"Temperatur";"Besigheim (CYY137)";"Neckar";"2023";"18.07.2023";"24,7";"°C"
"CYY137";"510.766";"5.427.724";"2.345";"Temperatur";"Besigheim (CYY137)";"Neckar";"2023";"19.07.2023";"24,8";"°C"
"CYY137";"510.766";"5.427.724";"2.345";"Temperatur";"Besigheim (CYY137)";"Neckar";"2023";"20.07.2023";"24,5";"°C"
"CYY137";"510.766";"5.427.724";"2.345";"Temperatur";"Besigheim (CYY137)";"Neckar";"2023";"21.07.2023";"24,3";"°C"
"CYY137";"510.766";"5.427.724";"2.345";"Temperatur";"Besigheim (CYY137)";"Neckar";"2023";"22.07.2023";"23,7";"°C"
"CYY137";"510.766";"5.427.724";"2.345";"Temperatur";"Besigheim (CYY137)";"Neckar";"2023";"23.07.2023";"23,6";"°C"
"CYY137";"510.766";"5.427.724";"2.345";"Temperatur";"Besigheim (CYY137)";"Neckar";"2023";"24.07.2023";"23,2";"°C"
"CYY137";"510.766";"5.427.724";"2.345";"Temperatur";"Besigheim (CYY137)";"Neckar";"2023";"25.07.2023";"22,6";"°C"
"CYY137";"510.766";"5.427.724";"2.345";"Temperatur";"Besigheim (CYY137)";"Neckar";"2023";"26.07.2023";"21,7";"°C"
"CYY137";"510.766";"5.427.724";"2.345";"Temperatur";"Besigheim (CYY137)";"Neckar";"2023";"27.07.2023";"21,1";"°C"
"CYY137";"510.766";"5.427.724";"2.345";"Temperatur";"Besigheim (CYY137)";"Neckar";"2023";"28.07.2023";"21";"°C"
"CYY137";"510.766";"5.427.724";"2.345";"Temperatur";"Besigheim (CYY137)";"Neckar";"2023";"29.07.2023";"20,9";"°C"
"CYY137";"510.766";"5.427.724";"2.345";"Temperatur";"Besigheim (CYY137)";"Neckar";"2023";"30.07.2023";"20,8";"°C"
"CYY137";"510.766";"5.427.724";"2.345";"Temperatur";"Besigheim (CYY137)";"Neckar";"2023";"31.07.2023";"20,7";"°C"
"CYY137";"510.766";"5.427.724";"2.345";"Temperatur";"Besigheim (CYY137)";"Neckar";"2023";"01.08.2023";"20,7";"°C"
"CYY137";"510.766";"5.427.724";"2.345";"Temperatur";"Besigheim (CYY137)";"Neckar";"2023";"02.08.2023";"20,2";"°C"
"CYY137";"510.766";"5.427.724";"2.345";"Temperatur";"Besigheim (CYY137)";"Neckar";"2023";"03.08.2023";"20";"°C"
"CYY137";"510.766";"5.427.724";"2.345";"Temperatur";"Besigheim (CYY137)";"Neckar";"2023";"04.08.2023";"20,2";"°C"
"CYY137";"510.766";"5.427.724";"2.345";"Temperatur";"Besigheim (CYY137)";"Neckar";"2023";"05.08.2023";"20,1";"°C"
"CYY137";"510.766";"5.427.724";"2.345";"Temperatur";"Besigheim (CYY137)";"Neckar";"2023";"06.08.2023";"19,8";"°C"
"CYY137";"510.766";"5.427.724";"2.345";"Temperatur";"Besigheim (CYY137)";"Neckar";"2023";"07.08.2023";"19,1";"°C"
"CYY137";"510.766";"5.427.724";"2.345";"Temperatur";"Besigheim (CYY137)";"Neckar";"2023";"08.08.2023";"18,7";"°C"
"CYY137";"510.766";"5.427.724";"2.345";"Temperatur";"Besigheim (CYY137)";"Neckar";"2023";"09.08.2023";"18,9";"°C"
"CYY137";"510.766";"5.427.724";"2.345";"Temperatur";"Besigheim (CYY137)";"Neckar";"2023";"10.08.2023";"19";"°C"
"CYY137";"510.766";"5.427.724";"2.345";"Temperatur";"Besigheim (CYY137)";"Neckar";"2023";"11.08.2023";"19,7";"°C"
"CYY137";"510.766";"5.427.724";"2.345";"Temperatur";"Besigheim (CYY137)";"Neckar";"2023";"12.08.2023";"20,1";"°C"
"CYY137";"510.766";"5.427.724";"2.345";"Temperatur";"Besigheim (CYY137)";"Neckar";"2023";"13.08.2023";"20,7";"°C"
"CYY137";"510.766";"5.427.724";"2.345";"Temperatur";"Besigheim (CYY137)";"Neckar";"2023";"14.08.2023";"21,2";"°C"
"CYY137";"510.766";"5.427.724";"2.345";"Temperatur";"Besigheim (CYY137)";"Neckar";"2023";"15.08.2023";"21,7";"°C"
"CYY137";"510.766";"5.427.724";"2.345";"Temperatur";"Besigheim (CYY137)";"Neckar";"2023";"16.08.2023";"22,2";"°C"
"CYY137";"510.766";"5.427.724";"2.345";"Temperatur";"Besigheim (CYY137)";"Neckar";"2023";"17.08.2023";"22,6";"°C"
"CYY137";"510.766";"5.427.724";"2.345";"Temperatur";"Besigheim (CYY137)";"Neckar";"2023";"18.08.2023";"23,1";"°C"
"CYY137";"510.766";"5.427.724";"2.345";"Temperatur";"Besigheim (CYY137)";"Neckar";"2023";"19.08.2023";"23,5";"°C"
"CYY137";"510.766";"5.427.724";"2.345";"Temperatur";"Besigheim (CYY137)";"Neckar";"2023";"20.08.2023";"24,1";"°C"
"CYY137";"510.766";"5.427.724";"2.345";"Temperatur";"Besigheim (CYY137)";"Neckar";"2023";"21.08.2023";"24,7";"°C"
"CYY137";"510.766";"5.427.724";"2.345";"Temperatur";"Besigheim (CYY137)";"Neckar";"2023";"22.08.2023";"25,1";"°C"
"CYY137";"510.766";"5.427.724";"2.345";"Temperatur";"Besigheim (CYY137)";"Neckar";"2023";"23.08.2023";"25,4";"°C"
"CYY137";"510.766";"5.427.724";"2.345";"Temperatur";"Besigheim (CYY137)";"Neckar";"2023";"24.08.2023";"25,4";"°C"
"CYY137";"510.766";"5.427.724";"2.345";"Temperatur";"Besigheim (CYY137)";"Neckar";"2023";"25.08.2023";"24,8";"°C"
"CYY137";"510.766";"5.427.724";"2.345";"Temperatur";"Besigheim (CYY137)";"Neckar";"2023";"26.08.2023";"24";"°C"
"CYY137";"510.766";"5.427.724";"2.345";"Temperatur";"Besigheim (CYY137)";"Neckar";"2023";"27.08.2023";"23,2";"°C"
"CYY137";"510.766";"5.427.724";"2.345";"Temperatur";"Besigheim (CYY137)";"Neckar";"2023";"28.08.2023";"22,3";"°C"
"CYY137";"510.766";"5.427.724";"2.345";"Temperatur";"Besigheim (CYY137)";"Neckar";"2023";"29.08.2023";"21,4";"°C"
"CYY137";"510.766";"5.427.724";"2.345";"Temperatur";"Besigheim (CYY137)";"Neckar";"2023";"30.08.2023";"20,5";"°C"
"CYY137";"510.766";"5.427.724";"2.345";"Temperatur";"Besigheim (CYY137)";"Neckar";"2023";"31.08.2023";"20,1";"°C"
"CYY137";"510.766";"5.427.724";"2.345";"Temperatur";"Besigheim (CYY137)";"Neckar";"2023";"01.09.2023";"19,6";"°C"
"CYY137";"510.766";"5.427.724";"2.345";"Temperatur";"Besigheim (CYY137)";"Neckar";"2023";"02.09.2023";"19,5";"°C"
"CYY137";"510.766";"5.427.724";"2.345";"Temperatur";"Besigheim (CYY137)";"Neckar";"2023";"03.09.2023";"19,7";"°C"
"CYY137";"510.766";"5.427.724";"2.345";"Temperatur";"Besigheim (CYY137)";"Neckar";"2023";"04.09.2023";"20";"°C"
"CYY137";"510.766";"5.427.724";"2.345";"Temperatur";"Besigheim (CYY137)";"Neckar";"2023";"05.09.2023";"20,2";"°C"
"CYY137";"510.766";"5.427.724";"2.345";"Temperatur";"Besigheim (CYY137)";"Neckar";"2023";"06.09.2023";"20,3";"°C"
"CYY137";"510.766";"5.427.724";"2.345";"Temperatur";"Besigheim (CYY137)";"Neckar";"2023";"07.09.2023";"20,5";"°C"
"CYY137";"510.766";"5.427.724";"2.345";"Temperatur";"Besigheim (CYY137)";"Neckar";"2023";"08.09.2023";"20,7";"°C"
"CYY137";"510.766";"5.427.724";"2.345";"Temperatur";"Besigheim (CYY137)";"Neckar";"2023";"09.09.2023";"21,1";"°C"
"CYY137";"510.766";"5.427.724";"2.345";"Temperatur";"Besigheim (CYY137)";"Neckar";"2023";"10.09.2023";"21,3";"°C"
"CYY137";"510.766";"5.427.724";"2.345";"Temperatur";"Besigheim (CYY137)";"Neckar";"2023";"11.09.2023";"21,6";"°C"
"CYY137";"510.766";"5.427.724";"2.345";"Temperatur";"Besigheim (CYY137)";"Neckar";"2023";"12.09.2023";"21,9";"°C"
"CYY137";"510.766";"5.427.724";"2.345";"Temperatur";"Besigheim (CYY137)";"Neckar";"2023";"13.09.2023";"21,9";"°C"
"CYY137";"510.766";"5.427.724";"2.345";"Temperatur";"Besigheim (CYY137)";"Neckar";"2023";"14.09.2023";"21,8";"°C"
"CYY137";"510.766";"5.427.724";"2.345";"Temperatur";"Besigheim (CYY137)";"Neckar";"2023";"15.09.2023";"21,7";"°C"
"CYY137";"510.766";"5.427.724";"2.345";"Temperatur";"Besigheim (CYY137)";"Neckar";"2023";"16.09.2023";"21,8";"°C"
"CYY137";"510.766";"5.427.724";"2.345";"Temperatur";"Besigheim (CYY137)";"Neckar";"2023";"17.09.2023";"22,1";"°C"
"CYY137";"510.766";"5.427.724";"2.345";"Temperatur";"Besigheim (CYY137)";"Neckar";"2023";"18.09.2023";"22";"°C"
"CYY137";"510.766";"5.427.724";"2.345";"Temperatur";"Besigheim (CYY137)";"Neckar";"2023";"19.09.2023";"21,7";"°C"
"CYY137";"510.766";"5.427.724";"2.345";"Temperatur";"Besigheim (CYY137)";"Neckar";"2023";"20.09.2023";"21,5";"°C"
"CYY137";"510.766";"5.427.724";"2.345";"Temperatur";"Besigheim (CYY137)";"Neckar";"2023";"21.09.2023";"21,3";"°C"
"CYY137";"510.766";"5.427.724";"2.345";"Temperatur";"Besigheim (CYY137)";"Neckar";"2023";"22.09.2023";"21";"°C"
"CYY137";"510.766";"5.427.724";"2.345";"Temperatur";"Besigheim (CYY137)";"Neckar";"2023";"23.09.2023";"20,5";"°C"
"CYY137";"510.766";"5.427.724";"2.345";"Temperatur";"Besigheim (CYY137)";"Neckar";"2023";"24.09.2023";"20,2";"°C"
"CYY137";"510.766";"5.427.724";"2.345";"Temperatur";"Besigheim (CYY137)";"Neckar";"2023";"25.09.2023";"19,8";"°C"
"CYY137";"510.766";"5.427.724";"2.345";"Temperatur";"Besigheim (CYY137)";"Neckar";"2023";"26.09.2023";"19,5";"°C"
"CYY137";"510.766";"5.427.724";"2.345";"Temperatur";"Besigheim (CYY137)";"Neckar";"2023";"27.09.2023";"19,4";"°C"
"CYY137";"510.766";"5.427.724";"2.345";"Temperatur";"Besigheim (CYY137)";"Neckar";"2023";"28.09.2023";"19,2";"°C"
"CYY137";"510.766";"5.427.724";"2.345";"Temperatur";"Besigheim (CYY137)";"Neckar";"2023";"29.09.2023";"19,2";"°C"
"CYY137";"510.766";"5.427.724";"2.345";"Temperatur";"Besigheim (CYY137)";"Neckar";"2023";"30.09.2023";"19,2";"°C"
"CYY137";"510.766";"5.427.724";"2.345";"Temperatur";"Besigheim (CYY137)";"Neckar";"2023";"01.10.2023";"19";"°C"
"CYY137";"510.766";"5.427.724";"2.345";"Temperatur";"Besigheim (CYY137)";"Neckar";"2023";"02.10.2023";"18,9";"°C"
"CYY137";"510.766";"5.427.724";"2.345";"Temperatur";"Besigheim (CYY137)";"Neckar";"2023";"03.10.2023";"18,8";"°C"
"CYY137";"510.766";"5.427.724";"2.345";"Temperatur";"Besigheim (CYY137)";"Neckar";"2023";"04.10.2023";"18,5";"°C"
"CYY137";"510.766";"5.427.724";"2.345";"Temperatur";"Besigheim (CYY137)";"Neckar";"2023";"05.10.2023";"18,1";"°C"
"CYY137";"510.766";"5.427.724";"2.345";"Temperatur";"Besigheim (CYY137)";"Neckar";"2023";"06.10.2023";"17,7";"°C"
"CYY137";"510.766";"5.427.724";"2.345";"Temperatur";"Besigheim (CYY137)";"Neckar";"2023";"07.10.2023";"17,5";"°C"
"CYY137";"510.766";"5.427.724";"2.345";"Temperatur";"Besigheim (CYY137)";"Neckar";"2023";"08.10.2023";"17,4";"°C"
"CYY137";"510.766";"5.427.724";"2.345";"Temperatur";"Besigheim (CYY137)";"Neckar";"2023";"09.10.2023";"17,1";"°C"
"CYY137";"510.766";"5.427.724";"2.345";"Temperatur";"Besigheim (CYY137)";"Neckar";"2023";"10.10.2023";"16,9";"°C"
"CYY137";"510.766";"5.427.724";"2.345";"Temperatur";"Besigheim (CYY137)";"Neckar";"2023";"11.10.2023";"16,8";"°C"
"CYY137";"510.766";"5.427.724";"2.345";"Temperatur";"Besigheim (CYY137)";"Neckar";"2023";"12.10.2023";"16,7";"°C"
"CYY137";"510.766";"5.427.724";"2.345";"Temperatur";"Besigheim (CYY137)";"Neckar";"2023";"13.10.2023";"16,7";"°C"
"CYY137";"510.766";"5.427.724";"2.345";"Temperatur";"Besigheim (CYY137)";"Neckar";"2023";"14.10.2023";"16,6";"°C"
"CYY137";"510.766";"5.427.724";"2.345";"Temperatur";"Besigheim (CYY137)";"Neckar";"2023";"15.10.2023";"16,1";"°C"
"CYY137";"510.766";"5.427.724";"2.345";"Temperatur";"Besigheim (CYY137)";"Neckar";"2023";"16.10.2023";"15,5";"°C"
"CYY137";"510.766";"5.427.724";"2.345";"Temperatur";"Besigheim (CYY137)";"Neckar";"2023";"17.10.2023";"15,1";"°C"
"CYY137";"510.766";"5.427.724";"2.345";"Temperatur";"Besigheim (CYY137)";"Neckar";"2023";"18.10.2023";"14,5";"°C"
"CYY137";"510.766";"5.427.724";"2.345";"Temperatur";"Besigheim (CYY137)";"Neckar";"2023";"19.10.2023";"14,3";"°C"
"CYY137";"510.766";"5.427.724";"2.345";"Temperatur";"Besigheim (CYY137)";"Neckar";"2023";"20.10.2023";"14,2";"°C"
"CYY137";"510.766";"5.427.724";"2.345";"Temperatur";"Besigheim (CYY137)";"Neckar";"2023";"21.10.2023";"14,1";"°C"
"CYY137";"510.766";"5.427.724";"2.345";"Temperatur";"Besigheim (CYY137)";"Neckar";"2023";"22.10.2023";"14";"°C"
"CYY137";"510.766";"5.427.724";"2.345";"Temperatur";"Besigheim (CYY137)";"Neckar";"2023";"23.10.2023";"13,7";"°C"
"CYY137";"510.766";"5.427.724";"2.345";"Temperatur";"Besigheim (CYY137)";"Neckar";"2023";"24.10.2023";"13,7";"°C"
"CYY137";"510.766";"5.427.724";"2.345";"Temperatur";"Besigheim (CYY137)";"Neckar";"2023";"25.10.2023";"13,6";"°C"
"CYY137";"510.766";"5.427.724";"2.345";"Temperatur";"Besigheim (CYY137)";"Neckar";"2023";"26.10.2023";"13,4";"°C"
"CYY137";"510.766";"5.427.724";"2.345";"Temperatur";"Besigheim (CYY137)";"Neckar";"2023";"27.10.2023";"13,5";"°C"
"CYY137";"510.766";"5.427.724";"2.345";"Temperatur";"Besigheim (CYY137)";"Neckar";"2023";"28.10.2023";"13,3";"°C"
"CYY137";"510.766";"5.427.724";"2.345";"Temperatur";"Besigheim (CYY137)";"Neckar";"2023";"29.10.2023";"13,1";"°C"
"CYY137";"510.766";"5.427.724";"2.345";"Temperatur";"Besigheim (CYY137)";"Neckar";"2023";"30.10.2023";"13,2";"°C"
"CYY137";"510.766";"5.427.724";"2.345";"Temperatur";"Besigheim (CYY137)";"Neckar";"2023";"31.10.2023";"13,1";"°C"
"CYY137";"510.766";"5.427.724";"2.345";"Temperatur";"Besigheim (CYY137)";"Neckar";"2023";"01.11.2023";"13,1";"°C"
"CYY137";"510.766";"5.427.724";"2.345";"Temperatur";"Besigheim (CYY137)";"Neckar";"2023";"02.11.2023";"13";"°C"
"CYY137";"510.766";"5.427.724";"2.345";"Temperatur";"Besigheim (CYY137)";"Neckar";"2023";"03.11.2023";"12,8";"°C"
"CYY137";"510.766";"5.427.724";"2.345";"Temperatur";"Besigheim (CYY137)";"Neckar";"2023";"04.11.2023";"12,4";"°C"
"CYY137";"510.766";"5.427.724";"2.345";"Temperatur";"Besigheim (CYY137)";"Neckar";"2023";"05.11.2023";"11,9";"°C"
"CYY137";"510.766";"5.427.724";"2.345";"Temperatur";"Besigheim (CYY137)";"Neckar";"2023";"06.11.2023";"11,7";"°C"
"CYY137";"510.766";"5.427.724";"2.345";"Temperatur";"Besigheim (CYY137)";"Neckar";"2023";"07.11.2023";"11,4";"°C"
"CYY137";"510.766";"5.427.724";"2.345";"Temperatur";"Besigheim (CYY137)";"Neckar";"2023";"08.11.2023";"11,2";"°C"
"CYY137";"510.766";"5.427.724";"2.345";"Temperatur";"Besigheim (CYY137)";"Neckar";"2023";"09.11.2023";"10,9";"°C"
"CYY137";"510.766";"5.427.724";"2.345";"Temperatur";"Besigheim (CYY137)";"Neckar";"2023";"10.11.2023";"10,7";"°C"
"CYY137";"510.766";"5.427.724";"2.345";"Temperatur";"Besigheim (CYY137)";"Neckar";"2023";"11.11.2023";"10,3";"°C"
"CYY137";"510.766";"5.427.724";"2.345";"Temperatur";"Besigheim (CYY137)";"Neckar";"2023";"12.11.2023";"9,9";"°C"
"CYY137";"510.766";"5.427.724";"2.345";"Temperatur";"Besigheim (CYY137)";"Neckar";"2023";"13.11.2023";"9,8";"°C"
"CYY137";"510.766";"5.427.724";"2.345";"Temperatur";"Besigheim (CYY137)";"Neckar";"2023";"14.11.2023";"9,9";"°C"
"CYY137";"510.766";"5.427.724";"2.345";"Temperatur";"Besigheim (CYY137)";"Neckar";"2023";"15.11.2023";"9,8";"°C"
"CYY137";"510.766";"5.427.724";"2.345";"Temperatur";"Besigheim (CYY137)";"Neckar";"2023";"16.11.2023";"10,3";"°C"
"CYY137";"510.766";"5.427.724";"2.345";"Temperatur";"Besigheim (CYY137)";"Neckar";"2023";"17.11.2023";"10,1";"°C"
"CYY137";"510.766";"5.427.724";"2.345";"Temperatur";"Besigheim (CYY137)";"Neckar";"2023";"18.11.2023";"9,4";"°C"
"CYY137";"510.766";"5.427.724";"2.345";"Temperatur";"Besigheim (CYY137)";"Neckar";"2023";"19.11.2023";"9,6";"°C"
"CYY137";"510.766";"5.427.724";"2.345";"Temperatur";"Besigheim (CYY137)";"Neckar";"2023";"20.11.2023";"9,9";"°C"
"CYY137";"510.766";"5.427.724";"2.345";"Temperatur";"Besigheim (CYY137)";"Neckar";"2023";"21.11.2023";"10,3";"°C"
"CYY137";"510.766";"5.427.724";"2.345";"Temperatur";"Besigheim (CYY137)";"Neckar";"2023";"22.11.2023";"10,2";"°C"
"CYY137";"510.766";"5.427.724";"2.345";"Temperatur";"Besigheim (CYY137)";"Neckar";"2023";"23.11.2023";"9,6";"°C"
"CYY137";"510.766";"5.427.724";"2.345";"Temperatur";"Besigheim (CYY137)";"Neckar";"2023";"24.11.2023";"9,3";"°C"
"CYY137";"510.766";"5.427.724";"2.345";"Temperatur";"Besigheim (CYY137)";"Neckar";"2023";"25.11.2023";"8,5";"°C"
"CYY137";"510.766";"5.427.724";"2.345";"Temperatur";"Besigheim (CYY137)";"Neckar";"2023";"26.11.2023";"7,9";"°C"
"CYY137";"510.766";"5.427.724";"2.345";"Temperatur";"Besigheim (CYY137)";"Neckar";"2023";"27.11.2023";"7,7";"°C"
"CYY137";"510.766";"5.427.724";"2.345";"Temperatur";"Besigheim (CYY137)";"Neckar";"2023";"28.11.2023";"7,5";"°C"
"CYY137";"510.766";"5.427.724";"2.345";"Temperatur";"Besigheim (CYY137)";"Neckar";"2023";"29.11.2023";"7";"°C"
"CYY137";"510.766";"5.427.724";"2.345";"Temperatur";"Besigheim (CYY137)";"Neckar";"2023";"30.11.2023";"6,8";"°C"
"CYY137";"510.766";"5.427.724";"2.345";"Temperatur";"Besigheim (CYY137)";"Neckar";"2023";"01.12.2023";"6,5";"°C"
"CYY137";"510.766";"5.427.724";"2.345";"Temperatur";"Besigheim (CYY137)";"Neckar";"2023";"02.12.2023";"6,4";"°C"
"CYY137";"510.766";"5.427.724";"2.345";"Temperatur";"Besigheim (CYY137)";"Neckar";"2023";"03.12.2023";"5,9";"°C"
"CYY137";"510.766";"5.427.724";"2.345";"Temperatur";"Besigheim (CYY137)";"Neckar";"2023";"04.12.2023";"5,4";"°C"
"CYY137";"510.766";"5.427.724";"2.345";"Temperatur";"Besigheim (CYY137)";"Neckar";"2023";"05.12.2023";"5,2";"°C"
"CYY137";"510.766";"5.427.724";"2.345";"Temperatur";"Besigheim (CYY137)";"Neckar";"2023";"06.12.2023";"5,3";"°C"
"CYY137";"510.766";"5.427.724";"2.345";"Temperatur";"Besigheim (CYY137)";"Neckar";"2023";"07.12.2023";"5,2";"°C"
"CYY137";"510.766";"5.427.724";"2.345";"Temperatur";"Besigheim (CYY137)";"Neckar";"2023";"08.12.2023";"5,6";"°C"
"CYY137";"510.766";"5.427.724";"2.345";"Temperatur";"Besigheim (CYY137)";"Neckar";"2023";"09.12.2023";"6,3";"°C"
"CYY137";"510.766";"5.427.724";"2.345";"Temperatur";"Besigheim (CYY137)";"Neckar";"2023";"10.12.2023";"6,9";"°C"
"CYY137";"510.766";"5.427.724";"2.345";"Temperatur";"Besigheim (CYY137)";"Neckar";"2023";"11.12.2023";"7,7";"°C"
"CYY137";"510.766";"5.427.724";"2.345";"Temperatur";"Besigheim (CYY137)";"Neckar";"2023";"12.12.2023";"8,1";"°C"
"CYY137";"510.766";"5.427.724";"2.345";"Temperatur";"Besigheim (CYY137)";"Neckar";"2023";"13.12.2023";"8,6";"°C"
"CYY137";"510.766";"5.427.724";"2.345";"Temperatur";"Besigheim (CYY137)";"Neckar";"2023";"14.12.2023";"8,6";"°C"
"CYY137";"510.766";"5.427.724";"2.345";"Temperatur";"Besigheim (CYY137)";"Neckar";"2023";"15.12.2023";"8,4";"°C"
"CYY137";"510.766";"5.427.724";"2.345";"Temperatur";"Besigheim (CYY137)";"Neckar";"2023";"16.12.2023";"8,4";"°C"
"CYY137";"510.766";"5.427.724";"2.345";"Temperatur";"Besigheim (CYY137)";"Neckar";"2023";"17.12.2023";"8,1";"°C"
"CYY137";"510.766";"5.427.724";"2.345";"Temperatur";"Besigheim (CYY137)";"Neckar";"2023";"18.12.2023";"7,6";"°C"
"CYY137";"510.766";"5.427.724";"2.345";"Temperatur";"Besigheim (CYY137)";"Neckar";"2023";"19.12.2023";"6,7";"°C"
"CYY137";"510.766";"5.427.724";"2.345";"Temperatur";"Besigheim (CYY137)";"Neckar";"2023";"20.12.2023";"6,7";"°C"
"CYY137";"510.766";"5.427.724";"2.345";"Temperatur";"Besigheim (CYY137)";"Neckar";"2023";"21.12.2023";"6,7";"°C"
"CYY137";"510.766";"5.427.724";"2.345";"Temperatur";"Besigheim (CYY137)";"Neckar";"2023";"22.12.2023";"7,2";"°C"
"CYY137";"510.766";"5.427.724";"2.345";"Temperatur";"Besigheim (CYY137)";"Neckar";"2023";"23.12.2023";"-";"°C"
"CYY137";"510.766";"5.427.724";"2.345";"Temperatur";"Besigheim (CYY137)";"Neckar";"2023";"24.12.2023";"-";"°C"
"CYY137";"510.766";"5.427.724";"2.345";"Temperatur";"Besigheim (CYY137)";"Neckar";"2023";"25.12.2023";"-";"°C"
"CYY137";"510.766";"5.427.724";"2.345";"Temperatur";"Besigheim (CYY137)";"Neckar";"2023";"26.12.2023";"-";"°C"
"CYY137";"510.766";"5.427.724";"2.345";"Temperatur";"Besigheim (CYY137)";"Neckar";"2023";"27.12.2023";"-";"°C"
"CYY137";"510.766";"5.427.724";"2.345";"Temperatur";"Besigheim (CYY137)";"Neckar";"2023";"28.12.2023";"-";"°C"
"CYY137";"510.766";"5.427.724";"2.345";"Temperatur";"Besigheim (CYY137)";"Neckar";"2023";"29.12.2023";"-";"°C"
"CYY137";"510.766";"5.427.724";"2.345";"Temperatur";"Besigheim (CYY137)";"Neckar";"2023";"30.12.2023";"8,4";"°C"
"CYY137";"510.766";"5.427.724";"2.345";"Temperatur";"Besigheim (CYY137)";"Neckar";"2023";"31.12.2023";"8,1";"°C"
"CYY137";"510.766";"5.427.724";"2.345";"Temperatur";"Besigheim (CYY137)";"Neckar";"2024";"01.01.2024";"8";"°C"
"CYY137";"510.766";"5.427.724";"2.345";"Temperatur";"Besigheim (CYY137)";"Neckar";"2024";"02.01.2024";"8";"°C"
"CYY137";"510.766";"5.427.724";"2.345";"Temperatur";"Besigheim (CYY137)";"Neckar";"2024";"03.01.2024";"8,1";"°C"
"CYY137";"510.766";"5.427.724";"2.345";"Temperatur";"Besigheim (CYY137)";"Neckar";"2024";"04.01.2024";"8,2";"°C"
"CYY137";"510.766";"5.427.724";"2.345";"Temperatur";"Besigheim (CYY137)";"Neckar";"2024";"05.01.2024";"8,3";"°C"
"CYY137";"510.766";"5.427.724";"2.345";"Temperatur";"Besigheim (CYY137)";"Neckar";"2024";"06.01.2024";"8";"°C"
"CYY137";"510.766";"5.427.724";"2.345";"Temperatur";"Besigheim (CYY137)";"Neckar";"2024";"07.01.2024";"7,6";"°C"
"CYY137";"510.766";"5.427.724";"2.345";"Temperatur";"Besigheim (CYY137)";"Neckar";"2024";"08.01.2024";"6,9";"°C"
"CYY137";"510.766";"5.427.724";"2.345";"Temperatur";"Besigheim (CYY137)";"Neckar";"2024";"09.01.2024";"6,1";"°C"
"CYY137";"510.766";"5.427.724";"2.345";"Temperatur";"Besigheim (CYY137)";"Neckar";"2024";"10.01.2024";"5,4";"°C"
"CYY137";"510.766";"5.427.724";"2.345";"Temperatur";"Besigheim (CYY137)";"Neckar";"2024";"11.01.2024";"4,7";"°C"
"CYY137";"510.766";"5.427.724";"2.345";"Temperatur";"Besigheim (CYY137)";"Neckar";"2024";"12.01.2024";"3,9";"°C"
"CYY137";"510.766";"5.427.724";"2.345";"Temperatur";"Besigheim (CYY137)";"Neckar";"2024";"13.01.2024";"3,3";"°C"
"CYY137";"510.766";"5.427.724";"2.345";"Temperatur";"Besigheim (CYY137)";"Neckar";"2024";"14.01.2024";"3";"°C"
"CYY137";"510.766";"5.427.724";"2.345";"Temperatur";"Besigheim (CYY137)";"Neckar";"2024";"15.01.2024";"2,8";"°C"
"CYY137";"510.766";"5.427.724";"2.345";"Temperatur";"Besigheim (CYY137)";"Neckar";"2024";"16.01.2024";"2,8";"°C"
"CYY137";"510.766";"5.427.724";"2.345";"Temperatur";"Besigheim (CYY137)";"Neckar";"2024";"17.01.2024";"2,9";"°C"
"CYY137";"510.766";"5.427.724";"2.345";"Temperatur";"Besigheim (CYY137)";"Neckar";"2024";"18.01.2024";"3,6";"°C"
"CYY137";"510.766";"5.427.724";"2.345";"Temperatur";"Besigheim (CYY137)";"Neckar";"2024";"19.01.2024";"4";"°C"
"CYY137";"510.766";"5.427.724";"2.345";"Temperatur";"Besigheim (CYY137)";"Neckar";"2024";"20.01.2024";"4,2";"°C"
"CYY137";"510.766";"5.427.724";"2.345";"Temperatur";"Besigheim (CYY137)";"Neckar";"2024";"21.01.2024";"4,1";"°C"
"CYY137";"510.766";"5.427.724";"2.345";"Temperatur";"Besigheim (CYY137)";"Neckar";"2024";"22.01.2024";"4,3";"°C"
"CYY137";"510.766";"5.427.724";"2.345";"Temperatur";"Besigheim (CYY137)";"Neckar";"2024";"23.01.2024";"4,5";"°C"
"CYY137";"510.766";"5.427.724";"2.345";"Temperatur";"Besigheim (CYY137)";"Neckar";"2024";"24.01.2024";"4,9";"°C"
"CYY137";"510.766";"5.427.724";"2.345";"Temperatur";"Besigheim (CYY137)";"Neckar";"2024";"25.01.2024";"6,4";"°C"
"CYY137";"510.766";"5.427.724";"2.345";"Temperatur";"Besigheim (CYY137)";"Neckar";"2024";"26.01.2024";"7,3";"°C"
"CYY137";"510.766";"5.427.724";"2.345";"Temperatur";"Besigheim (CYY137)";"Neckar";"2024";"27.01.2024";"7,5";"°C"
"CYY137";"510.766";"5.427.724";"2.345";"Temperatur";"Besigheim (CYY137)";"Neckar";"2024";"28.01.2024";"7,2";"°C"
"CYY137";"510.766";"5.427.724";"2.345";"Temperatur";"Besigheim (CYY137)";"Neckar";"2024";"29.01.2024";"6,9";"°C"
"CYY137";"510.766";"5.427.724";"2.345";"Temperatur";"Besigheim (CYY137)";"Neckar";"2024";"30.01.2024";"6,4";"°C"
"CYY137";"510.766";"5.427.724";"2.345";"Temperatur";"Besigheim (CYY137)";"Neckar";"2024";"31.01.2024";"6,2";"°C"
"CYY137";"510.766";"5.427.724";"2.345";"Temperatur";"Besigheim (CYY137)";"Neckar";"2024";"01.02.2024";"6,4";"°C"
"CYY137";"510.766";"5.427.724";"2.345";"Temperatur";"Besigheim (CYY137)";"Neckar";"2024";"02.02.2024";"6,7";"°C"
"CYY137";"510.766";"5.427.724";"2.345";"Temperatur";"Besigheim (CYY137)";"Neckar";"2024";"03.02.2024";"7";"°C"
"CYY137";"510.766";"5.427.724";"2.345";"Temperatur";"Besigheim (CYY137)";"Neckar";"2024";"04.02.2024";"7,4";"°C"
"CYY137";"510.766";"5.427.724";"2.345";"Temperatur";"Besigheim (CYY137)";"Neckar";"2024";"05.02.2024";"7,8";"°C"
"CYY137";"510.766";"5.427.724";"2.345";"Temperatur";"Besigheim (CYY137)";"Neckar";"2024";"06.02.2024";"7,9";"°C"
"CYY137";"510.766";"5.427.724";"2.345";"Temperatur";"Besigheim (CYY137)";"Neckar";"2024";"07.02.2024";"7,9";"°C"
"CYY137";"510.766";"5.427.724";"2.345";"Temperatur";"Besigheim (CYY137)";"Neckar";"2024";"08.02.2024";"8,1";"°C"
"CYY137";"510.766";"5.427.724";"2.345";"Temperatur";"Besigheim (CYY137)";"Neckar";"2024";"09.02.2024";"8,3";"°C"
"CYY137";"510.766";"5.427.724";"2.345";"Temperatur";"Besigheim (CYY137)";"Neckar";"2024";"10.02.2024";"8,5";"°C"
"CYY137";"510.766";"5.427.724";"2.345";"Temperatur";"Besigheim (CYY137)";"Neckar";"2024";"11.02.2024";"8,9";"°C"
"CYY137";"510.766";"5.427.724";"2.345";"Temperatur";"Besigheim (CYY137)";"Neckar";"2024";"12.02.2024";"9,1";"°C"
"CYY137";"510.766";"5.427.724";"2.345";"Temperatur";"Besigheim (CYY137)";"Neckar";"2024";"13.02.2024";"8,8";"°C"
"CYY137";"510.766";"5.427.724";"2.345";"Temperatur";"Besigheim (CYY137)";"Neckar";"2024";"14.02.2024";"8,5";"°C"
"CYY137";"510.766";"5.427.724";"2.345";"Temperatur";"Besigheim (CYY137)";"Neckar";"2024";"15.02.2024";"8,7";"°C"
"CYY137";"510.766";"5.427.724";"2.345";"Temperatur";"Besigheim (CYY137)";"Neckar";"2024";"16.02.2024";"8,9";"°C"
"CYY137";"510.766";"5.427.724";"2.345";"Temperatur";"Besigheim (CYY137)";"Neckar";"2024";"17.02.2024";"9,2";"°C"
"CYY137";"510.766";"5.427.724";"2.345";"Temperatur";"Besigheim (CYY137)";"Neckar";"2024";"18.02.2024";"9,5";"°C"
"CYY137";"510.766";"5.427.724";"2.345";"Temperatur";"Besigheim (CYY137)";"Neckar";"2024";"19.02.2024";"9,7";"°C"
"CYY137";"510.766";"5.427.724";"2.345";"Temperatur";"Besigheim (CYY137)";"Neckar";"2024";"20.02.2024";"9,9";"°C"
"CYY137";"510.766";"5.427.724";"2.345";"Temperatur";"Besigheim (CYY137)";"Neckar";"2024";"21.02.2024";"9,8";"°C"
"CYY137";"510.766";"5.427.724";"2.345";"Temperatur";"Besigheim (CYY137)";"Neckar";"2024";"22.02.2024";"9,7";"°C"
"CYY137";"510.766";"5.427.724";"2.345";"Temperatur";"Besigheim (CYY137)";"Neckar";"2024";"23.02.2024";"9,3";"°C"
"CYY137";"510.766";"5.427.724";"2.345";"Temperatur";"Besigheim (CYY137)";"Neckar";"2024";"24.02.2024";"8,7";"°C"
"CYY137";"510.766";"5.427.724";"2.345";"Temperatur";"Besigheim (CYY137)";"Neckar";"2024";"25.02.2024";"8,2";"°C"
"CYY137";"510.766";"5.427.724";"2.345";"Temperatur";"Besigheim (CYY137)";"Neckar";"2024";"26.02.2024";"7,9";"°C"
"CYY137";"510.766";"5.427.724";"2.345";"Temperatur";"Besigheim (CYY137)";"Neckar";"2024";"27.02.2024";"8,2";"°C"
"CYY137";"510.766";"5.427.724";"2.345";"Temperatur";"Besigheim (CYY137)";"Neckar";"2024";"28.02.2024";"8,1";"°C"
"CYY137";"510.766";"5.427.724";"2.345";"Temperatur";"Besigheim (CYY137)";"Neckar";"2024";"29.02.2024";"8,1";"°C"
"CYY137";"510.766";"5.427.724";"2.345";"Temperatur";"Besigheim (CYY137)";"Neckar";"2024";"01.03.2024";"8,3";"°C"
"CYY137";"510.766";"5.427.724";"2.345";"Temperatur";"Besigheim (CYY137)";"Neckar";"2024";"02.03.2024";"8,5";"°C"
"CYY137";"510.766";"5.427.724";"2.345";"Temperatur";"Besigheim (CYY137)";"Neckar";"2024";"03.03.2024";"8,8";"°C"
"CYY137";"510.766";"5.427.724";"2.345";"Temperatur";"Besigheim (CYY137)";"Neckar";"2024";"04.03.2024";"8,9";"°C"
"CYY137";"510.766";"5.427.724";"2.345";"Temperatur";"Besigheim (CYY137)";"Neckar";"2024";"05.03.2024";"8,9";"°C"
"CYY137";"510.766";"5.427.724";"2.345";"Temperatur";"Besigheim (CYY137)";"Neckar";"2024";"06.03.2024";"8,9";"°C"
"CYY137";"510.766";"5.427.724";"2.345";"Temperatur";"Besigheim (CYY137)";"Neckar";"2024";"07.03.2024";"8,9";"°C"
"CYY137";"510.766";"5.427.724";"2.345";"Temperatur";"Besigheim (CYY137)";"Neckar";"2024";"08.03.2024";"8,7";"°C"
"CYY137";"510.766";"5.427.724";"2.345";"Temperatur";"Besigheim (CYY137)";"Neckar";"2024";"09.03.2024";"8,7";"°C"
"CYY137";"510.766";"5.427.724";"2.345";"Temperatur";"Besigheim (CYY137)";"Neckar";"2024";"10.03.2024";"8,8";"°C"
"CYY137";"510.766";"5.427.724";"2.345";"Temperatur";"Besigheim (CYY137)";"Neckar";"2024";"11.03.2024";"8,8";"°C"
"CYY137";"510.766";"5.427.724";"2.345";"Temperatur";"Besigheim (CYY137)";"Neckar";"2024";"12.03.2024";"8,8";"°C"
"CYY137";"510.766";"5.427.724";"2.345";"Temperatur";"Besigheim (CYY137)";"Neckar";"2024";"13.03.2024";"8,9";"°C"
"CYY137";"510.766";"5.427.724";"2.345";"Temperatur";"Besigheim (CYY137)";"Neckar";"2024";"14.03.2024";"9,5";"°C"
"CYY137";"510.766";"5.427.724";"2.345";"Temperatur";"Besigheim (CYY137)";"Neckar";"2024";"15.03.2024";"9,6";"°C"
"CYY137";"510.766";"5.427.724";"2.345";"Temperatur";"Besigheim (CYY137)";"Neckar";"2024";"16.03.2024";"10";"°C"
"CYY137";"510.766";"5.427.724";"2.345";"Temperatur";"Besigheim (CYY137)";"Neckar";"2024";"17.03.2024";"10,5";"°C"
"CYY137";"510.766";"5.427.724";"2.345";"Temperatur";"Besigheim (CYY137)";"Neckar";"2024";"18.03.2024";"10,7";"°C"
"CYY137";"510.766";"5.427.724";"2.345";"Temperatur";"Besigheim (CYY137)";"Neckar";"2024";"19.03.2024";"11";"°C"
"CYY137";"510.766";"5.427.724";"2.345";"Temperatur";"Besigheim (CYY137)";"Neckar";"2024";"20.03.2024";"11,2";"°C"
"CYY137";"510.766";"5.427.724";"2.345";"Temperatur";"Besigheim (CYY137)";"Neckar";"2024";"21.03.2024";"11,4";"°C"
"CYY137";"510.766";"5.427.724";"2.345";"Temperatur";"Besigheim (CYY137)";"Neckar";"2024";"22.03.2024";"11,5";"°C"
"CYY137";"510.766";"5.427.724";"2.345";"Temperatur";"Besigheim (CYY137)";"Neckar";"2024";"23.03.2024";"11,5";"°C"
"CYY137";"510.766";"5.427.724";"2.345";"Temperatur";"Besigheim (CYY137)";"Neckar";"2024";"24.03.2024";"11,1";"°C"
"CYY137";"510.766";"5.427.724";"2.345";"Temperatur";"Besigheim (CYY137)";"Neckar";"2024";"25.03.2024";"10,8";"°C"
"CYY137";"510.766";"5.427.724";"2.345";"Temperatur";"Besigheim (CYY137)";"Neckar";"2024";"26.03.2024";"10,7";"°C"
"CYY137";"510.766";"5.427.724";"2.345";"Temperatur";"Besigheim (CYY137)";"Neckar";"2024";"27.03.2024";"10,5";"°C"
"CYY137";"510.766";"5.427.724";"2.345";"Temperatur";"Besigheim (CYY137)";"Neckar";"2024";"28.03.2024";"10,3";"°C"
"CYY137";"510.766";"5.427.724";"2.345";"Temperatur";"Besigheim (CYY137)";"Neckar";"2024";"29.03.2024";"10,2";"°C"
"CYY137";"510.766";"5.427.724";"2.345";"Temperatur";"Besigheim (CYY137)";"Neckar";"2024";"30.03.2024";"10,2";"°C"
"CYY137";"510.766";"5.427.724";"2.345";"Temperatur";"Besigheim (CYY137)";"Neckar";"2024";"31.03.2024";"10,5";"°C"
"CYY137";"510.766";"5.427.724";"2.345";"Temperatur";"Besigheim (CYY137)";"Neckar";"2024";"01.04.2024";"10,8";"°C"
"CYY137";"510.766";"5.427.724";"2.345";"Temperatur";"Besigheim (CYY137)";"Neckar";"2024";"02.04.2024";"10,8";"°C"
"CYY137";"510.766";"5.427.724";"2.345";"Temperatur";"Besigheim (CYY137)";"Neckar";"2024";"03.04.2024";"11";"°C"
"CYY137";"510.766";"5.427.724";"2.345";"Temperatur";"Besigheim (CYY137)";"Neckar";"2024";"04.04.2024";"11,2";"°C"
"CYY137";"510.766";"5.427.724";"2.345";"Temperatur";"Besigheim (CYY137)";"Neckar";"2024";"05.04.2024";"11,8";"°C"
"CYY137";"510.766";"5.427.724";"2.345";"Temperatur";"Besigheim (CYY137)";"Neckar";"2024";"06.04.2024";"12,4";"°C"
"CYY137";"510.766";"5.427.724";"2.345";"Temperatur";"Besigheim (CYY137)";"Neckar";"2024";"07.04.2024";"13,2";"°C"
"CYY137";"510.766";"5.427.724";"2.345";"Temperatur";"Besigheim (CYY137)";"Neckar";"2024";"08.04.2024";"13,8";"°C"
"CYY137";"510.766";"5.427.724";"2.345";"Temperatur";"Besigheim (CYY137)";"Neckar";"2024";"09.04.2024";"14,1";"°C"
"CYY137";"510.766";"5.427.724";"2.345";"Temperatur";"Besigheim (CYY137)";"Neckar";"2024";"10.04.2024";"14,1";"°C"
"CYY137";"510.766";"5.427.724";"2.345";"Temperatur";"Besigheim (CYY137)";"Neckar";"2024";"11.04.2024";"14,4";"°C"
"CYY137";"510.766";"5.427.724";"2.345";"Temperatur";"Besigheim (CYY137)";"Neckar";"2024";"12.04.2024";"14,6";"°C"
"CYY137";"510.766";"5.427.724";"2.345";"Temperatur";"Besigheim (CYY137)";"Neckar";"2024";"13.04.2024";"15";"°C"
"CYY137";"510.766";"5.427.724";"2.345";"Temperatur";"Besigheim (CYY137)";"Neckar";"2024";"14.04.2024";"15,5";"°C"
"CYY137";"510.766";"5.427.724";"2.345";"Temperatur";"Besigheim (CYY137)";"Neckar";"2024";"15.04.2024";"15,6";"°C"
"CYY137";"510.766";"5.427.724";"2.345";"Temperatur";"Besigheim (CYY137)";"Neckar";"2024";"16.04.2024";"15";"°C"
"CYY137";"510.766";"5.427.724";"2.345";"Temperatur";"Besigheim (CYY137)";"Neckar";"2024";"17.04.2024";"14,2";"°C"
"CYY137";"510.766";"5.427.724";"2.345";"Temperatur";"Besigheim (CYY137)";"Neckar";"2024";"18.04.2024";"13,4";"°C"
"CYY137";"510.766";"5.427.724";"2.345";"Temperatur";"Besigheim (CYY137)";"Neckar";"2024";"19.04.2024";"12,8";"°C"
"CYY137";"510.766";"5.427.724";"2.345";"Temperatur";"Besigheim (CYY137)";"Neckar";"2024";"20.04.2024";"11,1";"°C"
"CYY137";"510.766";"5.427.724";"2.345";"Temperatur";"Besigheim (CYY137)";"Neckar";"2024";"21.04.2024";"10,4";"°C"
"CYY137";"510.766";"5.427.724";"2.345";"Temperatur";"Besigheim (CYY137)";"Neckar";"2024";"22.04.2024";"9,8";"°C"
"CYY137";"510.766";"5.427.724";"2.345";"Temperatur";"Besigheim (CYY137)";"Neckar";"2024";"23.04.2024";"9,8";"°C"
"CYY137";"510.766";"5.427.724";"2.345";"Temperatur";"Besigheim (CYY137)";"Neckar";"2024";"24.04.2024";"9,5";"°C"
"CYY137";"510.766";"5.427.724";"2.345";"Temperatur";"Besigheim (CYY137)";"Neckar";"2024";"25.04.2024";"9,2";"°C"
"CYY137";"510.766";"5.427.724";"2.345";"Temperatur";"Besigheim (CYY137)";"Neckar";"2024";"26.04.2024";"9,1";"°C"
"CYY137";"510.766";"5.427.724";"2.345";"Temperatur";"Besigheim (CYY137)";"Neckar";"2024";"27.04.2024";"9,6";"°C"
"CYY137";"510.766";"5.427.724";"2.345";"Temperatur";"Besigheim (CYY137)";"Neckar";"2024";"28.04.2024";"10,6";"°C"
"CYY137";"510.766";"5.427.724";"2.345";"Temperatur";"Besigheim (CYY137)";"Neckar";"2024";"29.04.2024";"11,5";"°C"
"CYY137";"510.766";"5.427.724";"2.345";"Temperatur";"Besigheim (CYY137)";"Neckar";"2024";"30.04.2024";"12,5";"°C"
"CYY137";"510.766";"5.427.724";"2.345";"Temperatur";"Besigheim (CYY137)";"Neckar";"2024";"01.05.2024";"13,6";"°C"
"CYY137";"510.766";"5.427.724";"2.345";"Temperatur";"Besigheim (CYY137)";"Neckar";"2024";"02.05.2024";"14,5";"°C"
"CYY137";"510.766";"5.427.724";"2.345";"Temperatur";"Besigheim (CYY137)";"Neckar";"2024";"03.05.2024";"15,1";"°C"
"CYY137";"510.766";"5.427.724";"2.345";"Temperatur";"Besigheim (CYY137)";"Neckar";"2024";"04.05.2024";"15,5";"°C"
"CYY137";"510.766";"5.427.724";"2.345";"Temperatur";"Besigheim (CYY137)";"Neckar";"2024";"05.05.2024";"15,7";"°C"
"CYY137";"510.766";"5.427.724";"2.345";"Temperatur";"Besigheim (CYY137)";"Neckar";"2024";"06.05.2024";"15,7";"°C"
"CYY137";"510.766";"5.427.724";"2.345";"Temperatur";"Besigheim (CYY137)";"Neckar";"2024";"07.05.2024";"15,3";"°C"
"CYY137";"510.766";"5.427.724";"2.345";"Temperatur";"Besigheim (CYY137)";"Neckar";"2024";"08.05.2024";"15,1";"°C"
"CYY137";"510.766";"5.427.724";"2.345";"Temperatur";"Besigheim (CYY137)";"Neckar";"2024";"09.05.2024";"15,2";"°C"
"CYY137";"510.766";"5.427.724";"2.345";"Temperatur";"Besigheim (CYY137)";"Neckar";"2024";"10.05.2024";"15,5";"°C"
"CYY137";"510.766";"5.427.724";"2.345";"Temperatur";"Besigheim (CYY137)";"Neckar";"2024";"11.05.2024";"16,1";"°C"
"CYY137";"510.766";"5.427.724";"2.345";"Temperatur";"Besigheim (CYY137)";"Neckar";"2024";"12.05.2024";"16,8";"°C"
"CYY137";"510.766";"5.427.724";"2.345";"Temperatur";"Besigheim (CYY137)";"Neckar";"2024";"13.05.2024";"17,3";"°C"
"CYY137";"510.766";"5.427.724";"2.345";"Temperatur";"Besigheim (CYY137)";"Neckar";"2024";"14.05.2024";"18";"°C"
"CYY137";"510.766";"5.427.724";"2.345";"Temperatur";"Besigheim (CYY137)";"Neckar";"2024";"15.05.2024";"18";"°C"
"CYY137";"510.766";"5.427.724";"2.345";"Temperatur";"Besigheim (CYY137)";"Neckar";"2024";"16.05.2024";"18,3";"°C"
"CYY137";"510.766";"5.427.724";"2.345";"Temperatur";"Besigheim (CYY137)";"Neckar";"2024";"17.05.2024";"17,6";"°C"
"CYY137";"510.766";"5.427.724";"2.345";"Temperatur";"Besigheim (CYY137)";"Neckar";"2024";"18.05.2024";"14,2";"°C"
"CYY137";"510.766";"5.427.724";"2.345";"Temperatur";"Besigheim (CYY137)";"Neckar";"2024";"19.05.2024";"13,9";"°C"
"CYY137";"510.766";"5.427.724";"2.345";"Temperatur";"Besigheim (CYY137)";"Neckar";"2024";"20.05.2024";"14,4";"°C"
"CYY137";"510.766";"5.427.724";"2.345";"Temperatur";"Besigheim (CYY137)";"Neckar";"2024";"21.05.2024";"14,9";"°C"
"CYY137";"510.766";"5.427.724";"2.345";"Temperatur";"Besigheim (CYY137)";"Neckar";"2024";"22.05.2024";"14,8";"°C"
"CYY137";"510.766";"5.427.724";"2.345";"Temperatur";"Besigheim (CYY137)";"Neckar";"2024";"23.05.2024";"14,8";"°C"
"CYY137";"510.766";"5.427.724";"2.345";"Temperatur";"Besigheim (CYY137)";"Neckar";"2024";"24.05.2024";"14,7";"°C"
"CYY137";"510.766";"5.427.724";"2.345";"Temperatur";"Besigheim (CYY137)";"Neckar";"2024";"25.05.2024";"14,1";"°C"
"CYY137";"510.766";"5.427.724";"2.345";"Temperatur";"Besigheim (CYY137)";"Neckar";"2024";"26.05.2024";"14,7";"°C"
"CYY137";"510.766";"5.427.724";"2.345";"Temperatur";"Besigheim (CYY137)";"Neckar";"2024";"27.05.2024";"15,3";"°C"
"CYY137";"510.766";"5.427.724";"2.345";"Temperatur";"Besigheim (CYY137)";"Neckar";"2024";"28.05.2024";"15,6";"°C"
"CYY137";"510.766";"5.427.724";"2.345";"Temperatur";"Besigheim (CYY137)";"Neckar";"2024";"29.05.2024";"15,9";"°C"
"CYY137";"510.766";"5.427.724";"2.345";"Temperatur";"Besigheim (CYY137)";"Neckar";"2024";"30.05.2024";"15,9";"°C"
"CYY137";"510.766";"5.427.724";"2.345";"Temperatur";"Besigheim (CYY137)";"Neckar";"2024";"31.05.2024";"15,8";"°C"
"CYY137";"510.766";"5.427.724";"2.345";"Temperatur";"Besigheim (CYY137)";"Neckar";"2024";"01.06.2024";"13,8";"°C"
"CYY137";"510.766";"5.427.724";"2.345";"Temperatur";"Besigheim (CYY137)";"Neckar";"2024";"02.06.2024";"13,5";"°C"
"CYY137";"510.766";"5.427.724";"2.345";"Temperatur";"Besigheim (CYY137)";"Neckar";"2024";"03.06.2024";"13,9";"°C"
"CYY137";"510.766";"5.427.724";"2.345";"Temperatur";"Besigheim (CYY137)";"Neckar";"2024";"04.06.2024";"13,6";"°C"
"CYY137";"510.766";"5.427.724";"2.345";"Temperatur";"Besigheim (CYY137)";"Neckar";"2024";"05.06.2024";"13,9";"°C"
"CYY137";"510.766";"5.427.724";"2.345";"Temperatur";"Besigheim (CYY137)";"Neckar";"2024";"06.06.2024";"14,4";"°C"
"CYY137";"510.766";"5.427.724";"2.345";"Temperatur";"Besigheim (CYY137)";"Neckar";"2024";"07.06.2024";"15,4";"°C"
"CYY137";"510.766";"5.427.724";"2.345";"Temperatur";"Besigheim (CYY137)";"Neckar";"2024";"08.06.2024";"16,1";"°C"
"CYY137";"510.766";"5.427.724";"2.345";"Temperatur";"Besigheim (CYY137)";"Neckar";"2024";"09.06.2024";"16,5";"°C"
"CYY137";"510.766";"5.427.724";"2.345";"Temperatur";"Besigheim (CYY137)";"Neckar";"2024";"10.06.2024";"16,6";"°C"
"CYY137";"510.766";"5.427.724";"2.345";"Temperatur";"Besigheim (CYY137)";"Neckar";"2024";"11.06.2024";"16,6";"°C"
"CYY137";"510.766";"5.427.724";"2.345";"Temperatur";"Besigheim (CYY137)";"Neckar";"2024";"12.06.2024";"16,3";"°C"
"CYY137";"510.766";"5.427.724";"2.345";"Temperatur";"Besigheim (CYY137)";"Neckar";"2024";"13.06.2024";"16,5";"°C"
"CYY137";"510.766";"5.427.724";"2.345";"Temperatur";"Besigheim (CYY137)";"Neckar";"2024";"14.06.2024";"16,2";"°C"
"CYY137";"510.766";"5.427.724";"2.345";"Temperatur";"Besigheim (CYY137)";"Neckar";"2024";"15.06.2024";"16,1";"°C"
"CYY137";"510.766";"5.427.724";"2.345";"Temperatur";"Besigheim (CYY137)";"Neckar";"2024";"16.06.2024";"16,3";"°C"
"CYY137";"510.766";"5.427.724";"2.345";"Temperatur";"Besigheim (CYY137)";"Neckar";"2024";"17.06.2024";"16,6";"°C"
"CYY137";"510.766";"5.427.724";"2.345";"Temperatur";"Besigheim (CYY137)";"Neckar";"2024";"18.06.2024";"17,2";"°C"
"CYY137";"510.766";"5.427.724";"2.345";"Temperatur";"Besigheim (CYY137)";"Neckar";"2024";"19.06.2024";"18,1";"°C"
"CYY137";"510.766";"5.427.724";"2.345";"Temperatur";"Besigheim (CYY137)";"Neckar";"2024";"20.06.2024";"18,7";"°C"
"CYY137";"510.766";"5.427.724";"2.345";"Temperatur";"Besigheim (CYY137)";"Neckar";"2024";"21.06.2024";"18,9";"°C"
"CYY137";"510.766";"5.427.724";"2.345";"Temperatur";"Besigheim (CYY137)";"Neckar";"2024";"22.06.2024";"18,9";"°C"
"CYY137";"510.766";"5.427.724";"2.345";"Temperatur";"Besigheim (CYY137)";"Neckar";"2024";"23.06.2024";"18,8";"°C"
"CYY137";"510.766";"5.427.724";"2.345";"Temperatur";"Besigheim (CYY137)";"Neckar";"2024";"24.06.2024";"18,9";"°C"
"CYY137";"510.766";"5.427.724";"2.345";"Temperatur";"Besigheim (CYY137)";"Neckar";"2024";"25.06.2024";"19,4";"°C"
"CYY137";"510.766";"5.427.724";"2.345";"Temperatur";"Besigheim (CYY137)";"Neckar";"2024";"26.06.2024";"19,6";"°C"
"CYY137";"510.766";"5.427.724";"2.345";"Temperatur";"Besigheim (CYY137)";"Neckar";"2024";"27.06.2024";"19,5";"°C"
"CYY137";"510.766";"5.427.724";"2.345";"Temperatur";"Besigheim (CYY137)";"Neckar";"2024";"28.06.2024";"20,6";"°C"
"CYY137";"510.766";"5.427.724";"2.345";"Temperatur";"Besigheim (CYY137)";"Neckar";"2024";"29.06.2024";"21";"°C"
"CYY137";"510.766";"5.427.724";"2.345";"Temperatur";"Besigheim (CYY137)";"Neckar";"2024";"30.06.2024";"20,9";"°C"
"CYY137";"510.766";"5.427.724";"2.345";"Temperatur";"Besigheim (CYY137)";"Neckar";"2024";"01.07.2024";"20,5";"°C"
"CYY137";"510.766";"5.427.724";"2.345";"Temperatur";"Besigheim (CYY137)";"Neckar";"2024";"02.07.2024";"19,9";"°C"
"CYY137";"510.766";"5.427.724";"2.345";"Temperatur";"Besigheim (CYY137)";"Neckar";"2024";"03.07.2024";"19,4";"°C"
"CYY137";"510.766";"5.427.724";"2.345";"Temperatur";"Besigheim (CYY137)";"Neckar";"2024";"04.07.2024";"18,7";"°C"
"CYY137";"510.766";"5.427.724";"2.345";"Temperatur";"Besigheim (CYY137)";"Neckar";"2024";"05.07.2024";"18,2";"°C"
"CYY137";"510.766";"5.427.724";"2.345";"Temperatur";"Besigheim (CYY137)";"Neckar";"2024";"06.07.2024";"18,3";"°C"
"CYY137";"510.766";"5.427.724";"2.345";"Temperatur";"Besigheim (CYY137)";"Neckar";"2024";"07.07.2024";"18,2";"°C"
"CYY137";"510.766";"5.427.724";"2.345";"Temperatur";"Besigheim (CYY137)";"Neckar";"2024";"08.07.2024";"18,6";"°C"
"CYY137";"510.766";"5.427.724";"2.345";"Temperatur";"Besigheim (CYY137)";"Neckar";"2024";"09.07.2024";"19,5";"°C"
"CYY137";"510.766";"5.427.724";"2.345";"Temperatur";"Besigheim (CYY137)";"Neckar";"2024";"10.07.2024";"-";"°C"
"CYY137";"510.766";"5.427.724";"2.345";"Temperatur";"Besigheim (CYY137)";"Neckar";"2024";"11.07.2024";"-";"°C"
"CYY137";"510.766";"5.427.724";"2.345";"Temperatur";"Besigheim (CYY137)";"Neckar";"2024";"12.07.2024";"20,8";"°C"
"CYY137";"510.766";"5.427.724";"2.345";"Temperatur";"Besigheim (CYY137)";"Neckar";"2024";"13.07.2024";"20,6";"°C"
"CYY137";"510.766";"5.427.724";"2.345";"Temperatur";"Besigheim (CYY137)";"Neckar";"2024";"14.07.2024";"20,5";"°C"
"CYY137";"510.766";"5.427.724";"2.345";"Temperatur";"Besigheim (CYY137)";"Neckar";"2024";"15.07.2024";"20,6";"°C"
"CYY137";"510.766";"5.427.724";"2.345";"Temperatur";"Besigheim (CYY137)";"Neckar";"2024";"16.07.2024";"20,5";"°C"
"CYY137";"510.766";"5.427.724";"2.345";"Temperatur";"Besigheim (CYY137)";"Neckar";"2024";"17.07.2024";"20,7";"°C"
"CYY137";"510.766";"5.427.724";"2.345";"Temperatur";"Besigheim (CYY137)";"Neckar";"2024";"18.07.2024";"20,9";"°C"
"CYY137";"510.766";"5.427.724";"2.345";"Temperatur";"Besigheim (CYY137)";"Neckar";"2024";"19.07.2024";"21,3";"°C"
"CYY137";"510.766";"5.427.724";"2.345";"Temperatur";"Besigheim (CYY137)";"Neckar";"2024";"20.07.2024";"21,9";"°C"
"CYY137";"510.766";"5.427.724";"2.345";"Temperatur";"Besigheim (CYY137)";"Neckar";"2024";"21.07.2024";"22,4";"°C"
"CYY137";"510.766";"5.427.724";"2.345";"Temperatur";"Besigheim (CYY137)";"Neckar";"2024";"22.07.2024";"22,5";"°C"
"CYY137";"510.766";"5.427.724";"2.345";"Temperatur";"Besigheim (CYY137)";"Neckar";"2024";"23.07.2024";"22,3";"°C"
"CYY137";"510.766";"5.427.724";"2.345";"Temperatur";"Besigheim (CYY137)";"Neckar";"2024";"24.07.2024";"22,2";"°C"
"CYY137";"510.766";"5.427.724";"2.345";"Temperatur";"Besigheim (CYY137)";"Neckar";"2024";"25.07.2024";"22,1";"°C"
"CYY137";"510.766";"5.427.724";"2.345";"Temperatur";"Besigheim (CYY137)";"Neckar";"2024";"26.07.2024";"22,1";"°C"
"CYY137";"510.766";"5.427.724";"2.345";"Temperatur";"Besigheim (CYY137)";"Neckar";"2024";"27.07.2024";"22,1";"°C"
"CYY137";"510.766";"5.427.724";"2.345";"Temperatur";"Besigheim (CYY137)";"Neckar";"2024";"28.07.2024";"22,2";"°C"
"CYY137";"510.766";"5.427.724";"2.345";"Temperatur";"Besigheim (CYY137)";"Neckar";"2024";"29.07.2024";"22,3";"°C"
"CYY137";"510.766";"5.427.724";"2.345";"Temperatur";"Besigheim (CYY137)";"Neckar";"2024";"30.07.2024";"22,6";"°C"
"CYY137";"510.766";"5.427.724";"2.345";"Temperatur";"Besigheim (CYY137)";"Neckar";"2024";"31.07.2024";"22,9";"°C"
"CYY137";"510.766";"5.427.724";"2.345";"Temperatur";"Besigheim (CYY137)";"Neckar";"2024";"01.08.2024";"23,1";"°C"
"CYY137";"510.766";"5.427.724";"2.345";"Temperatur";"Besigheim (CYY137)";"Neckar";"2024";"02.08.2024";"23,2";"°C"
"CYY137";"510.766";"5.427.724";"2.345";"Temperatur";"Besigheim (CYY137)";"Neckar";"2024";"03.08.2024";"23,3";"°C"
"CYY137";"510.766";"5.427.724";"2.345";"Temperatur";"Besigheim (CYY137)";"Neckar";"2024";"04.08.2024";"23";"°C"
"CYY137";"510.766";"5.427.724";"2.345";"Temperatur";"Besigheim (CYY137)";"Neckar";"2024";"05.08.2024";"23";"°C"
"CYY137";"510.766";"5.427.724";"2.345";"Temperatur";"Besigheim (CYY137)";"Neckar";"2024";"06.08.2024";"23,2";"°C"
"CYY137";"510.766";"5.427.724";"2.345";"Temperatur";"Besigheim (CYY137)";"Neckar";"2024";"07.08.2024";"23,1";"°C"
"CYY137";"510.766";"5.427.724";"2.345";"Temperatur";"Besigheim (CYY137)";"Neckar";"2024";"08.08.2024";"23";"°C"
"CYY137";"510.766";"5.427.724";"2.345";"Temperatur";"Besigheim (CYY137)";"Neckar";"2024";"09.08.2024";"22,8";"°C"
"CYY137";"510.766";"5.427.724";"2.345";"Temperatur";"Besigheim (CYY137)";"Neckar";"2024";"10.08.2024";"23,1";"°C"
"CYY137";"510.766";"5.427.724";"2.345";"Temperatur";"Besigheim (CYY137)";"Neckar";"2024";"11.08.2024";"23,5";"°C"
"CYY137";"510.766";"5.427.724";"2.345";"Temperatur";"Besigheim (CYY137)";"Neckar";"2024";"12.08.2024";"23,9";"°C"
"CYY137";"510.766";"5.427.724";"2.345";"Temperatur";"Besigheim (CYY137)";"Neckar";"2024";"13.08.2024";"24,2";"°C"
"CYY137";"510.766";"5.427.724";"2.345";"Temperatur";"Besigheim (CYY137)";"Neckar";"2024";"14.08.2024";"24,4";"°C"
"CYY137";"510.766";"5.427.724";"2.345";"Temperatur";"Besigheim (CYY137)";"Neckar";"2024";"15.08.2024";"24,5";"°C"
"CYY137";"510.766";"5.427.724";"2.345";"Temperatur";"Besigheim (CYY137)";"Neckar";"2024";"16.08.2024";"24,6";"°C"
"CYY137";"510.766";"5.427.724";"2.345";"Temperatur";"Besigheim (CYY137)";"Neckar";"2024";"17.08.2024";"24,7";"°C"
"CYY137";"510.766";"5.427.724";"2.345";"Temperatur";"Besigheim (CYY137)";"Neckar";"2024";"18.08.2024";"24,4";"°C"
"CYY137";"510.766";"5.427.724";"2.345";"Temperatur";"Besigheim (CYY137)";"Neckar";"2024";"19.08.2024";"23,8";"°C"
"CYY137";"510.766";"5.427.724";"2.345";"Temperatur";"Besigheim (CYY137)";"Neckar";"2024";"20.08.2024";"23,3";"°C"
"CYY137";"510.766";"5.427.724";"2.345";"Temperatur";"Besigheim (CYY137)";"Neckar";"2024";"21.08.2024";"23";"°C"
"CYY137";"510.766";"5.427.724";"2.345";"Temperatur";"Besigheim (CYY137)";"Neckar";"2024";"22.08.2024";"22,5";"°C"
"CYY137";"510.766";"5.427.724";"2.345";"Temperatur";"Besigheim (CYY137)";"Neckar";"2024";"23.08.2024";"22,3";"°C"
"CYY137";"510.766";"5.427.724";"2.345";"Temperatur";"Besigheim (CYY137)";"Neckar";"2024";"24.08.2024";"22,3";"°C"
"CYY137";"510.766";"5.427.724";"2.345";"Temperatur";"Besigheim (CYY137)";"Neckar";"2024";"25.08.2024";"22,2";"°C"
"CYY137";"510.766";"5.427.724";"2.345";"Temperatur";"Besigheim (CYY137)";"Neckar";"2024";"26.08.2024";"21,8";"°C"
"CYY137";"510.766";"5.427.724";"2.345";"Temperatur";"Besigheim (CYY137)";"Neckar";"2024";"27.08.2024";"21,8";"°C"
"CYY137";"510.766";"5.427.724";"2.345";"Temperatur";"Besigheim (CYY137)";"Neckar";"2024";"28.08.2024";"21,9";"°C"
"CYY137";"510.766";"5.427.724";"2.345";"Temperatur";"Besigheim (CYY137)";"Neckar";"2024";"29.08.2024";"22,1";"°C"
"CYY137";"510.766";"5.427.724";"2.345";"Temperatur";"Besigheim (CYY137)";"Neckar";"2024";"30.08.2024";"22,4";"°C"
"CYY137";"510.766";"5.427.724";"2.345";"Temperatur";"Besigheim (CYY137)";"Neckar";"2024";"31.08.2024";"22,7";"°C"
"CYY137";"510.766";"5.427.724";"2.345";"Temperatur";"Besigheim (CYY137)";"Neckar";"2024";"01.09.2024";"23,1";"°C"
"CYY137";"510.766";"5.427.724";"2.345";"Temperatur";"Besigheim (CYY137)";"Neckar";"2024";"02.09.2024";"23,2";"°C"
"CYY137";"510.766";"5.427.724";"2.345";"Temperatur";"Besigheim (CYY137)";"Neckar";"2024";"03.09.2024";"23,2";"°C"
"CYY137";"510.766";"5.427.724";"2.345";"Temperatur";"Besigheim (CYY137)";"Neckar";"2024";"04.09.2024";"23,2";"°C"
"CYY137";"510.766";"5.427.724";"2.345";"Temperatur";"Besigheim (CYY137)";"Neckar";"2024";"05.09.2024";"23,2";"°C"
"CYY137";"510.766";"5.427.724";"2.345";"Temperatur";"Besigheim (CYY137)";"Neckar";"2024";"06.09.2024";"22,9";"°C"
"CYY137";"510.766";"5.427.724";"2.345";"Temperatur";"Besigheim (CYY137)";"Neckar";"2024";"07.09.2024";"23";"°C"
"CYY137";"510.766";"5.427.724";"2.345";"Temperatur";"Besigheim (CYY137)";"Neckar";"2024";"08.09.2024";"22,7";"°C"
"CYY137";"510.766";"5.427.724";"2.345";"Temperatur";"Besigheim (CYY137)";"Neckar";"2024";"09.09.2024";"21,4";"°C"
"CYY137";"510.766";"5.427.724";"2.345";"Temperatur";"Besigheim (CYY137)";"Neckar";"2024";"10.09.2024";"20,5";"°C"
"CYY137";"510.766";"5.427.724";"2.345";"Temperatur";"Besigheim (CYY137)";"Neckar";"2024";"11.09.2024";"19,5";"°C"
"CYY137";"510.766";"5.427.724";"2.345";"Temperatur";"Besigheim (CYY137)";"Neckar";"2024";"12.09.2024";"18,5";"°C"
"CYY137";"510.766";"5.427.724";"2.345";"Temperatur";"Besigheim (CYY137)";"Neckar";"2024";"13.09.2024";"17,7";"°C"
"CYY137";"510.766";"5.427.724";"2.345";"Temperatur";"Besigheim (CYY137)";"Neckar";"2024";"14.09.2024";"17";"°C"
"CYY137";"510.766";"5.427.724";"2.345";"Temperatur";"Besigheim (CYY137)";"Neckar";"2024";"15.09.2024";"16,7";"°C"
"CYY137";"510.766";"5.427.724";"2.345";"Temperatur";"Besigheim (CYY137)";"Neckar";"2024";"16.09.2024";"16,3";"°C"
"CYY137";"510.766";"5.427.724";"2.345";"Temperatur";"Besigheim (CYY137)";"Neckar";"2024";"17.09.2024";"16,1";"°C"
"CYY137";"510.766";"5.427.724";"2.345";"Temperatur";"Besigheim (CYY137)";"Neckar";"2024";"18.09.2024";"16,2";"°C"
"CYY137";"510.766";"5.427.724";"2.345";"Temperatur";"Besigheim (CYY137)";"Neckar";"2024";"19.09.2024";"16,2";"°C"
"CYY137";"510.766";"5.427.724";"2.345";"Temperatur";"Besigheim (CYY137)";"Neckar";"2024";"20.09.2024";"16,5";"°C"
"CYY137";"510.766";"5.427.724";"2.345";"Temperatur";"Besigheim (CYY137)";"Neckar";"2024";"21.09.2024";"16,6";"°C"
"CYY137";"510.766";"5.427.724";"2.345";"Temperatur";"Besigheim (CYY137)";"Neckar";"2024";"22.09.2024";"16,6";"°C"
"CYY137";"510.766";"5.427.724";"2.345";"Temperatur";"Besigheim (CYY137)";"Neckar";"2024";"23.09.2024";"16,8";"°C"
"CYY137";"510.766";"5.427.724";"2.345";"Temperatur";"Besigheim (CYY137)";"Neckar";"2024";"24.09.2024";"16,8";"°C"
"CYY137";"510.766";"5.427.724";"2.345";"Temperatur";"Besigheim (CYY137)";"Neckar";"2024";"25.09.2024";"16,9";"°C"
"CYY137";"510.766";"5.427.724";"2.345";"Temperatur";"Besigheim (CYY137)";"Neckar";"2024";"26.09.2024";"17";"°C"
"CYY137";"510.766";"5.427.724";"2.345";"Temperatur";"Besigheim (CYY137)";"Neckar";"2024";"27.09.2024";"16,6";"°C"
"CYY137";"510.766";"5.427.724";"2.345";"Temperatur";"Besigheim (CYY137)";"Neckar";"2024";"28.09.2024";"16,3";"°C"
"CYY137";"510.766";"5.427.724";"2.345";"Temperatur";"Besigheim (CYY137)";"Neckar";"2024";"29.09.2024";"15,6";"°C"
"CYY137";"510.766";"5.427.724";"2.345";"Temperatur";"Besigheim (CYY137)";"Neckar";"2024";"30.09.2024";"15,2";"°C"
"CYY137";"510.766";"5.427.724";"2.345";"Temperatur";"Besigheim (CYY137)";"Neckar";"2024";"01.10.2024";"15";"°C"
"CYY137";"510.766";"5.427.724";"2.345";"Temperatur";"Besigheim (CYY137)";"Neckar";"2024";"02.10.2024";"14,9";"°C"
"CYY137";"510.766";"5.427.724";"2.345";"Temperatur";"Besigheim (CYY137)";"Neckar";"2024";"03.10.2024";"14,5";"°C"
"CYY137";"510.766";"5.427.724";"2.345";"Temperatur";"Besigheim (CYY137)";"Neckar";"2024";"04.10.2024";"13,9";"°C"
"CYY137";"510.766";"5.427.724";"2.345";"Temperatur";"Besigheim (CYY137)";"Neckar";"2024";"05.10.2024";"13,7";"°C"
"CYY137";"510.766";"5.427.724";"2.345";"Temperatur";"Besigheim (CYY137)";"Neckar";"2024";"06.10.2024";"13,5";"°C"
"CYY137";"510.766";"5.427.724";"2.345";"Temperatur";"Besigheim (CYY137)";"Neckar";"2024";"07.10.2024";"13,4";"°C"
"CYY137";"510.766";"5.427.724";"2.345";"Temperatur";"Besigheim (CYY137)";"Neckar";"2024";"08.10.2024";"13,4";"°C"
"CYY137";"510.766";"5.427.724";"2.345";"Temperatur";"Besigheim (CYY137)";"Neckar";"2024";"09.10.2024";"13,7";"°C"
"CYY137";"510.766";"5.427.724";"2.345";"Temperatur";"Besigheim (CYY137)";"Neckar";"2024";"10.10.2024";"14";"°C"
"CYY137";"510.766";"5.427.724";"2.345";"Temperatur";"Besigheim (CYY137)";"Neckar";"2024";"11.10.2024";"13,9";"°C"
"CYY137";"510.766";"5.427.724";"2.345";"Temperatur";"Besigheim (CYY137)";"Neckar";"2024";"12.10.2024";"13,8";"°C"
"CYY137";"510.766";"5.427.724";"2.345";"Temperatur";"Besigheim (CYY137)";"Neckar";"2024";"13.10.2024";"13,8";"°C"
"CYY137";"510.766";"5.427.724";"2.345";"Temperatur";"Besigheim (CYY137)";"Neckar";"2024";"14.10.2024";"13,4";"°C"
"CYY137";"510.766";"5.427.724";"2.345";"Temperatur";"Besigheim (CYY137)";"Neckar";"2024";"15.10.2024";"13,4";"°C"
"CYY137";"510.766";"5.427.724";"2.345";"Temperatur";"Besigheim (CYY137)";"Neckar";"2024";"16.10.2024";"13,3";"°C"
"CYY137";"510.766";"5.427.724";"2.345";"Temperatur";"Besigheim (CYY137)";"Neckar";"2024";"17.10.2024";"13,4";"°C"
"CYY137";"510.766";"5.427.724";"2.345";"Temperatur";"Besigheim (CYY137)";"Neckar";"2024";"18.10.2024";"13,4";"°C"
"CYY137";"510.766";"5.427.724";"2.345";"Temperatur";"Besigheim (CYY137)";"Neckar";"2024";"19.10.2024";"13,4";"°C"
"CYY137";"510.766";"5.427.724";"2.345";"Temperatur";"Besigheim (CYY137)";"Neckar";"2024";"20.10.2024";"13,6";"°C"
"CYY137";"510.766";"5.427.724";"2.345";"Temperatur";"Besigheim (CYY137)";"Neckar";"2024";"21.10.2024";"13,9";"°C"
"CYY137";"510.766";"5.427.724";"2.345";"Temperatur";"Besigheim (CYY137)";"Neckar";"2024";"22.10.2024";"14";"°C"
"CYY137";"510.766";"5.427.724";"2.345";"Temperatur";"Besigheim (CYY137)";"Neckar";"2024";"23.10.2024";"13,9";"°C"
"CYY137";"510.766";"5.427.724";"2.345";"Temperatur";"Besigheim (CYY137)";"Neckar";"2024";"24.10.2024";"14";"°C"
"CYY137";"510.766";"5.427.724";"2.345";"Temperatur";"Besigheim (CYY137)";"Neckar";"2024";"25.10.2024";"14";"°C"
"CYY137";"510.766";"5.427.724";"2.345";"Temperatur";"Besigheim (CYY137)";"Neckar";"2024";"26.10.2024";"14";"°C"
"CYY137";"510.766";"5.427.724";"2.345";"Temperatur";"Besigheim (CYY137)";"Neckar";"2024";"27.10.2024";"13,9";"°C"
"CYY137";"510.766";"5.427.724";"2.345";"Temperatur";"Besigheim (CYY137)";"Neckar";"2024";"28.10.2024";"13,7";"°C"
"CYY137";"510.766";"5.427.724";"2.345";"Temperatur";"Besigheim (CYY137)";"Neckar";"2024";"29.10.2024";"13,6";"°C"
"CYY137";"510.766";"5.427.724";"2.345";"Temperatur";"Besigheim (CYY137)";"Neckar";"2024";"30.10.2024";"13,4";"°C"
"CYY137";"510.766";"5.427.724";"2.345";"Temperatur";"Besigheim (CYY137)";"Neckar";"2024";"31.10.2024";"13,3";"°C"
"CYY137";"510.766";"5.427.724";"2.345";"Temperatur";"Besigheim (CYY137)";"Neckar";"2024";"01.11.2024";"13,3";"°C"
"CYY137";"510.766";"5.427.724";"2.345";"Temperatur";"Besigheim (CYY137)";"Neckar";"2024";"02.11.2024";"13,1";"°C"
"CYY137";"510.766";"5.427.724";"2.345";"Temperatur";"Besigheim (CYY137)";"Neckar";"2024";"03.11.2024";"13,1";"°C"
"CYY137";"510.766";"5.427.724";"2.345";"Temperatur";"Besigheim (CYY137)";"Neckar";"2024";"04.11.2024";"12,9";"°C"
"CYY137";"510.766";"5.427.724";"2.345";"Temperatur";"Besigheim (CYY137)";"Neckar";"2024";"05.11.2024";"12,5";"°C"
"CYY137";"510.766";"5.427.724";"2.345";"Temperatur";"Besigheim (CYY137)";"Neckar";"2024";"06.11.2024";"12,2";"°C"
"CYY137";"510.766";"5.427.724";"2.345";"Temperatur";"Besigheim (CYY137)";"Neckar";"2024";"07.11.2024";"11,9";"°C"
"CYY137";"510.766";"5.427.724";"2.345";"Temperatur";"Besigheim (CYY137)";"Neckar";"2024";"08.11.2024";"11,7";"°C"
"CYY137";"510.766";"5.427.724";"2.345";"Temperatur";"Besigheim (CYY137)";"Neckar";"2024";"09.11.2024";"11,5";"°C"
"CYY137";"510.766";"5.427.724";"2.345";"Temperatur";"Besigheim (CYY137)";"Neckar";"2024";"10.11.2024";"11,2";"°C"
"CYY137";"510.766";"5.427.724";"2.345";"Temperatur";"Besigheim (CYY137)";"Neckar";"2024";"11.11.2024";"10,9";"°C"
"CYY137";"510.766";"5.427.724";"2.345";"Temperatur";"Besigheim (CYY137)";"Neckar";"2024";"12.11.2024";"10,6";"°C"
"CYY137";"510.766";"5.427.724";"2.345";"Temperatur";"Besigheim (CYY137)";"Neckar";"2024";"13.11.2024";"10,2";"°C"
"CYY137";"510.766";"5.427.724";"2.345";"Temperatur";"Besigheim (CYY137)";"Neckar";"2024";"14.11.2024";"10";"°C"
"CYY137";"510.766";"5.427.724";"2.345";"Temperatur";"Besigheim (CYY137)";"Neckar";"2024";"15.11.2024";"9,8";"°C"
"CYY137";"510.766";"5.427.724";"2.345";"Temperatur";"Besigheim (CYY137)";"Neckar";"2024";"16.11.2024";"9,6";"°C"
"CYY137";"510.766";"5.427.724";"2.345";"Temperatur";"Besigheim (CYY137)";"Neckar";"2024";"17.11.2024";"9,2";"°C"
"CYY137";"510.766";"5.427.724";"2.345";"Temperatur";"Besigheim (CYY137)";"Neckar";"2024";"18.11.2024";"8,9";"°C"
"CYY137";"510.766";"5.427.724";"2.345";"Temperatur";"Besigheim (CYY137)";"Neckar";"2024";"19.11.2024";"8,9";"°C"
"CYY137";"510.766";"5.427.724";"2.345";"Temperatur";"Besigheim (CYY137)";"Neckar";"2024";"20.11.2024";"8,9";"°C"
"CYY137";"510.766";"5.427.724";"2.345";"Temperatur";"Besigheim (CYY137)";"Neckar";"2024";"21.11.2024";"8";"°C"
"CYY137";"510.766";"5.427.724";"2.345";"Temperatur";"Besigheim (CYY137)";"Neckar";"2024";"22.11.2024";"7,6";"°C"
"CYY137";"510.766";"5.427.724";"2.345";"Temperatur";"Besigheim (CYY137)";"Neckar";"2024";"23.11.2024";"7,1";"°C"
"CYY137";"510.766";"5.427.724";"2.345";"Temperatur";"Besigheim (CYY137)";"Neckar";"2024";"24.11.2024";"7";"°C"
"CYY137";"510.766";"5.427.724";"2.345";"Temperatur";"Besigheim (CYY137)";"Neckar";"2024";"25.11.2024";"7,1";"°C"
"CYY137";"510.766";"5.427.724";"2.345";"Temperatur";"Besigheim (CYY137)";"Neckar";"2024";"26.11.2024";"7,3";"°C"
"CYY137";"510.766";"5.427.724";"2.345";"Temperatur";"Besigheim (CYY137)";"Neckar";"2024";"27.11.2024";"7,6";"°C"
"CYY137";"510.766";"5.427.724";"2.345";"Temperatur";"Besigheim (CYY137)";"Neckar";"2024";"28.11.2024";"7,8";"°C"
"CYY137";"510.766";"5.427.724";"2.345";"Temperatur";"Besigheim (CYY137)";"Neckar";"2024";"29.11.2024";"8,5";"°C"
"CYY137";"510.766";"5.427.724";"2.345";"Temperatur";"Besigheim (CYY137)";"Neckar";"2024";"30.11.2024";"7,9";"°C"
"CYY137";"510.766";"5.427.724";"2.345";"Temperatur";"Besigheim (CYY137)";"Neckar";"2024";"01.12.2024";"7,4";"°C"
"CYY137";"510.766";"5.427.724";"2.345";"Temperatur";"Besigheim (CYY137)";"Neckar";"2024";"02.12.2024";"7,1";"°C"
"CYY137";"510.766";"5.427.724";"2.345";"Temperatur";"Besigheim (CYY137)";"Neckar";"2024";"03.12.2024";"7";"°C"
"CYY137";"510.766";"5.427.724";"2.345";"Temperatur";"Besigheim (CYY137)";"Neckar";"2024";"04.12.2024";"6,8";"°C"
"CYY137";"510.766";"5.427.724";"2.345";"Temperatur";"Besigheim (CYY137)";"Neckar";"2024";"05.12.2024";"6,1";"°C"
"CYY137";"510.766";"5.427.724";"2.345";"Temperatur";"Besigheim (CYY137)";"Neckar";"2024";"06.12.2024";"6,3";"°C"
"CYY137";"510.766";"5.427.724";"2.345";"Temperatur";"Besigheim (CYY137)";"Neckar";"2024";"07.12.2024";"6,9";"°C"
"CYY137";"510.766";"5.427.724";"2.345";"Temperatur";"Besigheim (CYY137)";"Neckar";"2024";"08.12.2024";"6,5";"°C"
"CYY137";"510.766";"5.427.724";"2.345";"Temperatur";"Besigheim (CYY137)";"Neckar";"2024";"09.12.2024";"6,7";"°C"
"CYY137";"510.766";"5.427.724";"2.345";"Temperatur";"Besigheim (CYY137)";"Neckar";"2024";"10.12.2024";"6,6";"°C"
"CYY137";"510.766";"5.427.724";"2.345";"Temperatur";"Besigheim (CYY137)";"Neckar";"2024";"11.12.2024";"6,6";"°C"
"CYY137";"510.766";"5.427.724";"2.345";"Temperatur";"Besigheim (CYY137)";"Neckar";"2024";"12.12.2024";"6,5";"°C"
"CYY137";"510.766";"5.427.724";"2.345";"Temperatur";"Besigheim (CYY137)";"Neckar";"2024";"13.12.2024";"6,5";"°C"
"CYY137";"510.766";"5.427.724";"2.345";"Temperatur";"Besigheim (CYY137)";"Neckar";"2024";"14.12.2024";"6,3";"°C"
"CYY137";"510.766";"5.427.724";"2.345";"Temperatur";"Besigheim (CYY137)";"Neckar";"2024";"15.12.2024";"6,1";"°C"
"CYY137";"510.766";"5.427.724";"2.345";"Temperatur";"Besigheim (CYY137)";"Neckar";"2024";"16.12.2024";"6,3";"°C"
"CYY137";"510.766";"5.427.724";"2.345";"Temperatur";"Besigheim (CYY137)";"Neckar";"2024";"17.12.2024";"6,5";"°C"
"CYY137";"510.766";"5.427.724";"2.345";"Temperatur";"Besigheim (CYY137)";"Neckar";"2024";"18.12.2024";"6,5";"°C"
"CYY137";"510.766";"5.427.724";"2.345";"Temperatur";"Besigheim (CYY137)";"Neckar";"2024";"19.12.2024";"6,6";"°C"
"CYY137";"510.766";"5.427.724";"2.345";"Temperatur";"Besigheim (CYY137)";"Neckar";"2024";"20.12.2024";"6,6";"°C"
"CYY137";"510.766";"5.427.724";"2.345";"Temperatur";"Besigheim (CYY137)";"Neckar";"2024";"21.12.2024";"6,7";"°C"
"CYY137";"510.766";"5.427.724";"2.345";"Temperatur";"Besigheim (CYY137)";"Neckar";"2024";"22.12.2024";"6,8";"°C"
"CYY137";"510.766";"5.427.724";"2.345";"Temperatur";"Besigheim (CYY137)";"Neckar";"2024";"23.12.2024";"6,6";"°C"
"CYY137";"510.766";"5.427.724";"2.345";"Temperatur";"Besigheim (CYY137)";"Neckar";"2024";"24.12.2024";"6,2";"°C"
"CYY137";"510.766";"5.427.724";"2.345";"Temperatur";"Besigheim (CYY137)";"Neckar";"2024";"25.12.2024";"5,9";"°C"
"CYY137";"510.766";"5.427.724";"2.345";"Temperatur";"Besigheim (CYY137)";"Neckar";"2024";"26.12.2024";"5,6";"°C"
"CYY137";"510.766";"5.427.724";"2.345";"Temperatur";"Besigheim (CYY137)";"Neckar";"2024";"27.12.2024";"5,3";"°C"
"CYY137";"510.766";"5.427.724";"2.345";"Temperatur";"Besigheim (CYY137)";"Neckar";"2024";"28.12.2024";"4,9";"°C"
"CYY137";"510.766";"5.427.724";"2.345";"Temperatur";"Besigheim (CYY137)";"Neckar";"2024";"29.12.2024";"4,5";"°C"
"CYY137";"510.766";"5.427.724";"2.345";"Temperatur";"Besigheim (CYY137)";"Neckar";"2024";"30.12.2024";"4,3";"°C"
"CYY137";"510.766";"5.427.724";"2.345";"Temperatur";"Besigheim (CYY137)";"Neckar";"2024";"31.12.2024";"4";"°C"
"CYY137";"510.766";"5.427.724";"2.345";"Temperatur";"Besigheim (CYY137)";"Neckar";"2025";"01.01.2025";"3,8";"°C"
"CYY137";"510.766";"5.427.724";"2.345";"Temperatur";"Besigheim (CYY137)";"Neckar";"2025";"02.01.2025";"3,7";"°C"
"CYY137";"510.766";"5.427.724";"2.345";"Temperatur";"Besigheim (CYY137)";"Neckar";"2025";"03.01.2025";"4";"°C"
"CYY137";"510.766";"5.427.724";"2.345";"Temperatur";"Besigheim (CYY137)";"Neckar";"2025";"04.01.2025";"4,1";"°C"
"CYY137";"510.766";"5.427.724";"2.345";"Temperatur";"Besigheim (CYY137)";"Neckar";"2025";"05.01.2025";"3,7";"°C"
"CYY137";"510.766";"5.427.724";"2.345";"Temperatur";"Besigheim (CYY137)";"Neckar";"2025";"06.01.2025";"4,7";"°C"
"CYY137";"510.766";"5.427.724";"2.345";"Temperatur";"Besigheim (CYY137)";"Neckar";"2025";"07.01.2025";"5,2";"°C"
"CYY137";"510.766";"5.427.724";"2.345";"Temperatur";"Besigheim (CYY137)";"Neckar";"2025";"08.01.2025";"5,7";"°C"
"CYY137";"510.766";"5.427.724";"2.345";"Temperatur";"Besigheim (CYY137)";"Neckar";"2025";"09.01.2025";"6,1";"°C"
"CYY137";"510.766";"5.427.724";"2.345";"Temperatur";"Besigheim (CYY137)";"Neckar";"2025";"10.01.2025";"6,1";"°C"
"CYY137";"510.766";"5.427.724";"2.345";"Temperatur";"Besigheim (CYY137)";"Neckar";"2025";"11.01.2025";"6";"°C"
"CYY137";"510.766";"5.427.724";"2.345";"Temperatur";"Besigheim (CYY137)";"Neckar";"2025";"12.01.2025";"5,5";"°C"
"CYY137";"510.766";"5.427.724";"2.345";"Temperatur";"Besigheim (CYY137)";"Neckar";"2025";"13.01.2025";"4,8";"°C"
"CYY137";"510.766";"5.427.724";"2.345";"Temperatur";"Besigheim (CYY137)";"Neckar";"2025";"14.01.2025";"4,3";"°C"
"CYY137";"510.766";"5.427.724";"2.345";"Temperatur";"Besigheim (CYY137)";"Neckar";"2025";"15.01.2025";"4,2";"°C"
"CYY137";"510.766";"5.427.724";"2.345";"Temperatur";"Besigheim (CYY137)";"Neckar";"2025";"16.01.2025";"4,3";"°C"
"CYY137";"510.766";"5.427.724";"2.345";"Temperatur";"Besigheim (CYY137)";"Neckar";"2025";"17.01.2025";"4,2";"°C"
"CYY137";"510.766";"5.427.724";"2.345";"Temperatur";"Besigheim (CYY137)";"Neckar";"2025";"18.01.2025";"4,3";"°C"
"CYY137";"510.766";"5.427.724";"2.345";"Temperatur";"Besigheim (CYY137)";"Neckar";"2025";"19.01.2025";"4,4";"°C"
"CYY137";"510.766";"5.427.724";"2.345";"Temperatur";"Besigheim (CYY137)";"Neckar";"2025";"20.01.2025";"4,5";"°C"
"CYY137";"510.766";"5.427.724";"2.345";"Temperatur";"Besigheim (CYY137)";"Neckar";"2025";"21.01.2025";"4,4";"°C"
"CYY137";"510.766";"5.427.724";"2.345";"Temperatur";"Besigheim (CYY137)";"Neckar";"2025";"22.01.2025";"4,4";"°C"
"CYY137";"510.766";"5.427.724";"2.345";"Temperatur";"Besigheim (CYY137)";"Neckar";"2025";"23.01.2025";"4,5";"°C"
"CYY137";"510.766";"5.427.724";"2.345";"Temperatur";"Besigheim (CYY137)";"Neckar";"2025";"24.01.2025";"4,7";"°C"
"CYY137";"510.766";"5.427.724";"2.345";"Temperatur";"Besigheim (CYY137)";"Neckar";"2025";"25.01.2025";"5,1";"°C"
"CYY137";"510.766";"5.427.724";"2.345";"Temperatur";"Besigheim (CYY137)";"Neckar";"2025";"26.01.2025";"5,4";"°C"
"CYY137";"510.766";"5.427.724";"2.345";"Temperatur";"Besigheim (CYY137)";"Neckar";"2025";"27.01.2025";"5,7";"°C"
"CYY137";"510.766";"5.427.724";"2.345";"Temperatur";"Besigheim (CYY137)";"Neckar";"2025";"28.01.2025";"6,3";"°C"
"CYY137";"510.766";"5.427.724";"2.345";"Temperatur";"Besigheim (CYY137)";"Neckar";"2025";"29.01.2025";"6,9";"°C"
"CYY137";"510.766";"5.427.724";"2.345";"Temperatur";"Besigheim (CYY137)";"Neckar";"2025";"30.01.2025";"7,1";"°C"
"CYY137";"510.766";"5.427.724";"2.345";"Temperatur";"Besigheim (CYY137)";"Neckar";"2025";"31.01.2025";"7,3";"°C"
"CYY137";"510.766";"5.427.724";"2.345";"Temperatur";"Besigheim (CYY137)";"Neckar";"2025";"01.02.2025";"7,1";"°C"
"CYY137";"510.766";"5.427.724";"2.345";"Temperatur";"Besigheim (CYY137)";"Neckar";"2025";"02.02.2025";"6,6";"°C"
"CYY137";"510.766";"5.427.724";"2.345";"Temperatur";"Besigheim (CYY137)";"Neckar";"2025";"03.02.2025";"6,1";"°C"
"CYY137";"510.766";"5.427.724";"2.345";"Temperatur";"Besigheim (CYY137)";"Neckar";"2025";"04.02.2025";"5,9";"°C"
"CYY137";"510.766";"5.427.724";"2.345";"Temperatur";"Besigheim (CYY137)";"Neckar";"2025";"05.02.2025";"5,5";"°C"
"CYY137";"510.766";"5.427.724";"2.345";"Temperatur";"Besigheim (CYY137)";"Neckar";"2025";"06.02.2025";"5,2";"°C"
"CYY137";"510.766";"5.427.724";"2.345";"Temperatur";"Besigheim (CYY137)";"Neckar";"2025";"07.02.2025";"5,1";"°C"
"CYY137";"510.766";"5.427.724";"2.345";"Temperatur";"Besigheim (CYY137)";"Neckar";"2025";"08.02.2025";"5,1";"°C"
"CYY137";"510.766";"5.427.724";"2.345";"Temperatur";"Besigheim (CYY137)";"Neckar";"2025";"09.02.2025";"5,1";"°C"
"CYY137";"510.766";"5.427.724";"2.345";"Temperatur";"Besigheim (CYY137)";"Neckar";"2025";"10.02.2025";"5,1";"°C"
"CYY137";"510.766";"5.427.724";"2.345";"Temperatur";"Besigheim (CYY137)";"Neckar";"2025";"11.02.2025";"5,3";"°C"
"CYY137";"510.766";"5.427.724";"2.345";"Temperatur";"Besigheim (CYY137)";"Neckar";"2025";"12.02.2025";"6";"°C"
"CYY137";"510.766";"5.427.724";"2.345";"Temperatur";"Besigheim (CYY137)";"Neckar";"2025";"13.02.2025";"6,7";"°C"
"CYY137";"510.766";"5.427.724";"2.345";"Temperatur";"Besigheim (CYY137)";"Neckar";"2025";"14.02.2025";"6,4";"°C"
"CYY137";"510.766";"5.427.724";"2.345";"Temperatur";"Besigheim (CYY137)";"Neckar";"2025";"15.02.2025";"5,8";"°C"
"CYY137";"510.766";"5.427.724";"2.345";"Temperatur";"Besigheim (CYY137)";"Neckar";"2025";"16.02.2025";"5,5";"°C"
"CYY137";"510.766";"5.427.724";"2.345";"Temperatur";"Besigheim (CYY137)";"Neckar";"2025";"17.02.2025";"5,2";"°C"
"CYY137";"510.766";"5.427.724";"2.345";"Temperatur";"Besigheim (CYY137)";"Neckar";"2025";"18.02.2025";"4,9";"°C"
"CYY137";"510.766";"5.427.724";"2.345";"Temperatur";"Besigheim (CYY137)";"Neckar";"2025";"19.02.2025";"4,7";"°C"
"CYY137";"510.766";"5.427.724";"2.345";"Temperatur";"Besigheim (CYY137)";"Neckar";"2025";"20.02.2025";"4,8";"°C"
"CYY137";"510.766";"5.427.724";"2.345";"Temperatur";"Besigheim (CYY137)";"Neckar";"2025";"21.02.2025";"5,2";"°C"
"CYY137";"510.766";"5.427.724";"2.345";"Temperatur";"Besigheim (CYY137)";"Neckar";"2025";"22.02.2025";"5,6";"°C"
"CYY137";"510.766";"5.427.724";"2.345";"Temperatur";"Besigheim (CYY137)";"Neckar";"2025";"23.02.2025";"6,1";"°C"
"CYY137";"510.766";"5.427.724";"2.345";"Temperatur";"Besigheim (CYY137)";"Neckar";"2025";"24.02.2025";"6,5";"°C"
"CYY137";"510.766";"5.427.724";"2.345";"Temperatur";"Besigheim (CYY137)";"Neckar";"2025";"25.02.2025";"7,2";"°C"
"CYY137";"510.766";"5.427.724";"2.345";"Temperatur";"Besigheim (CYY137)";"Neckar";"2025";"26.02.2025";"7,7";"°C"
"CYY137";"510.766";"5.427.724";"2.345";"Temperatur";"Besigheim (CYY137)";"Neckar";"2025";"27.02.2025";"8";"°C"
"CYY137";"510.766";"5.427.724";"2.345";"Temperatur";"Besigheim (CYY137)";"Neckar";"2025";"28.02.2025";"7,9";"°C"
"CYY137";"510.766";"5.427.724";"2.345";"Temperatur";"Besigheim (CYY137)";"Neckar";"2025";"01.03.2025";"7,9";"°C"
"CYY137";"510.766";"5.427.724";"2.345";"Temperatur";"Besigheim (CYY137)";"Neckar";"2025";"02.03.2025";"7,7";"°C"
"CYY137";"510.766";"5.427.724";"2.345";"Temperatur";"Besigheim (CYY137)";"Neckar";"2025";"03.03.2025";"7,4";"°C"
"CYY137";"510.766";"5.427.724";"2.345";"Temperatur";"Besigheim (CYY137)";"Neckar";"2025";"04.03.2025";"7,4";"°C"
"CYY137";"510.766";"5.427.724";"2.345";"Temperatur";"Besigheim (CYY137)";"Neckar";"2025";"05.03.2025";"7,4";"°C"
"CYY137";"510.766";"5.427.724";"2.345";"Temperatur";"Besigheim (CYY137)";"Neckar";"2025";"06.03.2025";"7,5";"°C"
"CYY137";"510.766";"5.427.724";"2.345";"Temperatur";"Besigheim (CYY137)";"Neckar";"2025";"07.03.2025";"7,6";"°C"
"CYY137";"510.766";"5.427.724";"2.345";"Temperatur";"Besigheim (CYY137)";"Neckar";"2025";"08.03.2025";"7,7";"°C"
"CYY137";"510.766";"5.427.724";"2.345";"Temperatur";"Besigheim (CYY137)";"Neckar";"2025";"09.03.2025";"8";"°C"
"CYY137";"510.766";"5.427.724";"2.345";"Temperatur";"Besigheim (CYY137)";"Neckar";"2025";"10.03.2025";"8,1";"°C"
"CYY137";"510.766";"5.427.724";"2.345";"Temperatur";"Besigheim (CYY137)";"Neckar";"2025";"11.03.2025";"8,5";"°C"
"CYY137";"510.766";"5.427.724";"2.345";"Temperatur";"Besigheim (CYY137)";"Neckar";"2025";"12.03.2025";"8,8";"°C"
"CYY137";"510.766";"5.427.724";"2.345";"Temperatur";"Besigheim (CYY137)";"Neckar";"2025";"13.03.2025";"8,8";"°C"
"CYY137";"510.766";"5.427.724";"2.345";"Temperatur";"Besigheim (CYY137)";"Neckar";"2025";"14.03.2025";"8,7";"°C"
"CYY137";"510.766";"5.427.724";"2.345";"Temperatur";"Besigheim (CYY137)";"Neckar";"2025";"15.03.2025";"8,4";"°C"
"CYY137";"510.766";"5.427.724";"2.345";"Temperatur";"Besigheim (CYY137)";"Neckar";"2025";"16.03.2025";"8,2";"°C"
"CYY137";"510.766";"5.427.724";"2.345";"Temperatur";"Besigheim (CYY137)";"Neckar";"2025";"17.03.2025";"8";"°C"
"CYY137";"510.766";"5.427.724";"2.345";"Temperatur";"Besigheim (CYY137)";"Neckar";"2025";"18.03.2025";"7,8";"°C"
"CYY137";"510.766";"5.427.724";"2.345";"Temperatur";"Besigheim (CYY137)";"Neckar";"2025";"19.03.2025";"7,9";"°C"
"CYY137";"510.766";"5.427.724";"2.345";"Temperatur";"Besigheim (CYY137)";"Neckar";"2025";"20.03.2025";"8,2";"°C"
"CYY137";"510.766";"5.427.724";"2.345";"Temperatur";"Besigheim (CYY137)";"Neckar";"2025";"21.03.2025";"8,7";"°C"
"CYY137";"510.766";"5.427.724";"2.345";"Temperatur";"Besigheim (CYY137)";"Neckar";"2025";"22.03.2025";"9,4";"°C"
"CYY137";"510.766";"5.427.724";"2.345";"Temperatur";"Besigheim (CYY137)";"Neckar";"2025";"23.03.2025";"9,8";"°C"
"CYY137";"510.766";"5.427.724";"2.345";"Temperatur";"Besigheim (CYY137)";"Neckar";"2025";"24.03.2025";"10,3";"°C"
"CYY137";"510.766";"5.427.724";"2.345";"Temperatur";"Besigheim (CYY137)";"Neckar";"2025";"25.03.2025";"10,6";"°C"
"CYY137";"510.766";"5.427.724";"2.345";"Temperatur";"Besigheim (CYY137)";"Neckar";"2025";"26.03.2025";"10,9";"°C"
"CYY137";"510.766";"5.427.724";"2.345";"Temperatur";"Besigheim (CYY137)";"Neckar";"2025";"27.03.2025";"11,2";"°C"
"CYY137";"510.766";"5.427.724";"2.345";"Temperatur";"Besigheim (CYY137)";"Neckar";"2025";"28.03.2025";"11,3";"°C"
"CYY137";"510.766";"5.427.724";"2.345";"Temperatur";"Besigheim (CYY137)";"Neckar";"2025";"29.03.2025";"11,5";"°C"
"CYY137";"510.766";"5.427.724";"2.345";"Temperatur";"Besigheim (CYY137)";"Neckar";"2025";"30.03.2025";"11,5";"°C"
"CYY137";"510.766";"5.427.724";"2.345";"Temperatur";"Besigheim (CYY137)";"Neckar";"2025";"31.03.2025";"11,1";"°C"
"CYY137";"510.766";"5.427.724";"2.345";"Temperatur";"Besigheim (CYY137)";"Neckar";"2025";"01.04.2025";"11,1";"°C"
"CYY137";"510.766";"5.427.724";"2.345";"Temperatur";"Besigheim (CYY137)";"Neckar";"2025";"02.04.2025";"11,2";"°C"
"CYY137";"510.766";"5.427.724";"2.345";"Temperatur";"Besigheim (CYY137)";"Neckar";"2025";"03.04.2025";"11,7";"°C"
"CYY137";"510.766";"5.427.724";"2.345";"Temperatur";"Besigheim (CYY137)";"Neckar";"2025";"04.04.2025";"12";"°C"
"CYY137";"510.766";"5.427.724";"2.345";"Temperatur";"Besigheim (CYY137)";"Neckar";"2025";"05.04.2025";"12,4";"°C"
"CYY137";"510.766";"5.427.724";"2.345";"Temperatur";"Besigheim (CYY137)";"Neckar";"2025";"06.04.2025";"12,5";"°C"
"CYY137";"510.766";"5.427.724";"2.345";"Temperatur";"Besigheim (CYY137)";"Neckar";"2025";"07.04.2025";"12,5";"°C"
"CYY137";"510.766";"5.427.724";"2.345";"Temperatur";"Besigheim (CYY137)";"Neckar";"2025";"08.04.2025";"12,5";"°C"
"CYY137";"510.766";"5.427.724";"2.345";"Temperatur";"Besigheim (CYY137)";"Neckar";"2025";"09.04.2025";"12,6";"°C"
"CYY137";"510.766";"5.427.724";"2.345";"Temperatur";"Besigheim (CYY137)";"Neckar";"2025";"10.04.2025";"12,8";"°C"
"CYY137";"510.766";"5.427.724";"2.345";"Temperatur";"Besigheim (CYY137)";"Neckar";"2025";"11.04.2025";"13";"°C"
"CYY137";"510.766";"5.427.724";"2.345";"Temperatur";"Besigheim (CYY137)";"Neckar";"2025";"12.04.2025";"13,6";"°C"
"CYY137";"510.766";"5.427.724";"2.345";"Temperatur";"Besigheim (CYY137)";"Neckar";"2025";"13.04.2025";"14";"°C"
"CYY137";"510.766";"5.427.724";"2.345";"Temperatur";"Besigheim (CYY137)";"Neckar";"2025";"14.04.2025";"14,5";"°C"
"CYY137";"510.766";"5.427.724";"2.345";"Temperatur";"Besigheim (CYY137)";"Neckar";"2025";"15.04.2025";"14,7";"°C"
"CYY137";"510.766";"5.427.724";"2.345";"Temperatur";"Besigheim (CYY137)";"Neckar";"2025";"16.04.2025";"14,9";"°C"
"CYY137";"510.766";"5.427.724";"2.345";"Temperatur";"Besigheim (CYY137)";"Neckar";"2025";"17.04.2025";"14,8";"°C"
"CYY137";"510.766";"5.427.724";"2.345";"Temperatur";"Besigheim (CYY137)";"Neckar";"2025";"18.04.2025";"14,3";"°C"
"CYY137";"510.766";"5.427.724";"2.345";"Temperatur";"Besigheim (CYY137)";"Neckar";"2025";"19.04.2025";"14,2";"°C"
"CYY137";"510.766";"5.427.724";"2.345";"Temperatur";"Besigheim (CYY137)";"Neckar";"2025";"20.04.2025";"14,4";"°C"
"CYY137";"510.766";"5.427.724";"2.345";"Temperatur";"Besigheim (CYY137)";"Neckar";"2025";"21.04.2025";"14,5";"°C"
"CYY137";"510.766";"5.427.724";"2.345";"Temperatur";"Besigheim (CYY137)";"Neckar";"2025";"22.04.2025";"14,5";"°C"
"CYY137";"510.766";"5.427.724";"2.345";"Temperatur";"Besigheim (CYY137)";"Neckar";"2025";"23.04.2025";"14,7";"°C"
"CYY137";"510.766";"5.427.724";"2.345";"Temperatur";"Besigheim (CYY137)";"Neckar";"2025";"24.04.2025";"15";"°C"
"CYY137";"510.766";"5.427.724";"2.345";"Temperatur";"Besigheim (CYY137)";"Neckar";"2025";"25.04.2025";"14,8";"°C"
"CYY137";"510.766";"5.427.724";"2.345";"Temperatur";"Besigheim (CYY137)";"Neckar";"2025";"26.04.2025";"14,4";"°C"
"CYY137";"510.766";"5.427.724";"2.345";"Temperatur";"Besigheim (CYY137)";"Neckar";"2025";"27.04.2025";"14,6";"°C"
"CYY137";"510.766";"5.427.724";"2.345";"Temperatur";"Besigheim (CYY137)";"Neckar";"2025";"28.04.2025";"14,7";"°C"
"CYY137";"510.766";"5.427.724";"2.345";"Temperatur";"Besigheim (CYY137)";"Neckar";"2025";"29.04.2025";"15,2";"°C"
"CYY137";"510.766";"5.427.724";"2.345";"Temperatur";"Besigheim (CYY137)";"Neckar";"2025";"30.04.2025";"15,9";"°C"
"CYY137";"510.766";"5.427.724";"2.345";"Temperatur";"Besigheim (CYY137)";"Neckar";"2025";"01.05.2025";"16,6";"°C"
"CYY137";"510.766";"5.427.724";"2.345";"Temperatur";"Besigheim (CYY137)";"Neckar";"2025";"02.05.2025";"17,4";"°C"
"CYY137";"510.766";"5.427.724";"2.345";"Temperatur";"Besigheim (CYY137)";"Neckar";"2025";"03.05.2025";"17,7";"°C"
"CYY137";"510.766";"5.427.724";"2.345";"Temperatur";"Besigheim (CYY137)";"Neckar";"2025";"04.05.2025";"17,4";"°C"
"CYY137";"510.766";"5.427.724";"2.345";"Temperatur";"Besigheim (CYY137)";"Neckar";"2025";"05.05.2025";"16,9";"°C"
"CYY137";"510.766";"5.427.724";"2.345";"Temperatur";"Besigheim (CYY137)";"Neckar";"2025";"06.05.2025";"16,5";"°C"
"CYY137";"510.766";"5.427.724";"2.345";"Temperatur";"Besigheim (CYY137)";"Neckar";"2025";"07.05.2025";"16,3";"°C"
"CYY137";"510.766";"5.427.724";"2.345";"Temperatur";"Besigheim (CYY137)";"Neckar";"2025";"08.05.2025";"16,2";"°C"
"CYY137";"510.766";"5.427.724";"2.345";"Temperatur";"Besigheim (CYY137)";"Neckar";"2025";"09.05.2025";"16,3";"°C"
"CYY137";"510.766";"5.427.724";"2.345";"Temperatur";"Besigheim (CYY137)";"Neckar";"2025";"10.05.2025";"16,5";"°C"
"CYY137";"510.766";"5.427.724";"2.345";"Temperatur";"Besigheim (CYY137)";"Neckar";"2025";"11.05.2025";"16,9";"°C"
"CYY137";"510.766";"5.427.724";"2.345";"Temperatur";"Besigheim (CYY137)";"Neckar";"2025";"12.05.2025";"17,2";"°C"
"CYY137";"510.766";"5.427.724";"2.345";"Temperatur";"Besigheim (CYY137)";"Neckar";"2025";"13.05.2025";"17,4";"°C"
"CYY137";"510.766";"5.427.724";"2.345";"Temperatur";"Besigheim (CYY137)";"Neckar";"2025";"14.05.2025";"17,7";"°C"
"CYY137";"510.766";"5.427.724";"2.345";"Temperatur";"Besigheim (CYY137)";"Neckar";"2025";"15.05.2025";"18,2";"°C"
"CYY137";"510.766";"5.427.724";"2.345";"Temperatur";"Besigheim (CYY137)";"Neckar";"2025";"16.05.2025";"18,1";"°C"
"CYY137";"510.766";"5.427.724";"2.345";"Temperatur";"Besigheim (CYY137)";"Neckar";"2025";"17.05.2025";"18,1";"°C"
"CYY137";"510.766";"5.427.724";"2.345";"Temperatur";"Besigheim (CYY137)";"Neckar";"2025";"18.05.2025";"18,1";"°C"
"CYY137";"510.766";"5.427.724";"2.345";"Temperatur";"Besigheim (CYY137)";"Neckar";"2025";"19.05.2025";"18,3";"°C"
"CYY137";"510.766";"5.427.724";"2.345";"Temperatur";"Besigheim (CYY137)";"Neckar";"2025";"20.05.2025";"18,6";"°C"
"CYY137";"510.766";"5.427.724";"2.345";"Temperatur";"Besigheim (CYY137)";"Neckar";"2025";"21.05.2025";"18,7";"°C"
"CYY137";"510.766";"5.427.724";"2.345";"Temperatur";"Besigheim (CYY137)";"Neckar";"2025";"22.05.2025";"18,5";"°C"
"CYY137";"510.766";"5.427.724";"2.345";"Temperatur";"Besigheim (CYY137)";"Neckar";"2025";"23.05.2025";"18,2";"°C"
"CYY137";"510.766";"5.427.724";"2.345";"Temperatur";"Besigheim (CYY137)";"Neckar";"2025";"24.05.2025";"18,1";"°C"
"CYY137";"510.766";"5.427.724";"2.345";"Temperatur";"Besigheim (CYY137)";"Neckar";"2025";"25.05.2025";"18,1";"°C"
"CYY137";"510.766";"5.427.724";"2.345";"Temperatur";"Besigheim (CYY137)";"Neckar";"2025";"26.05.2025";"18";"°C"
"CYY137";"510.766";"5.427.724";"2.345";"Temperatur";"Besigheim (CYY137)";"Neckar";"2025";"27.05.2025";"-";"°C"
"CYY137";"510.766";"5.427.724";"2.345";"Temperatur";"Besigheim (CYY137)";"Neckar";"2025";"28.05.2025";"17,9";"°C"
"CYY137";"510.766";"5.427.724";"2.345";"Temperatur";"Besigheim (CYY137)";"Neckar";"2025";"29.05.2025";"17,9";"°C"
"CYY137";"510.766";"5.427.724";"2.345";"Temperatur";"Besigheim (CYY137)";"Neckar";"2025";"30.05.2025";"18,7";"°C"
"CYY137";"510.766";"5.427.724";"2.345";"Temperatur";"Besigheim (CYY137)";"Neckar";"2025";"31.05.2025";"19,4";"°C"
"CYY137";"510.766";"5.427.724";"2.345";"Temperatur";"Besigheim (CYY137)";"Neckar";"2025";"01.06.2025";"20";"°C"
"CYY137";"510.766";"5.427.724";"2.345";"Temperatur";"Besigheim (CYY137)";"Neckar";"2025";"02.06.2025";"20,1";"°C"
"CYY137";"510.766";"5.427.724";"2.345";"Temperatur";"Besigheim (CYY137)";"Neckar";"2025";"03.06.2025";"20";"°C"
"CYY137";"510.766";"5.427.724";"2.345";"Temperatur";"Besigheim (CYY137)";"Neckar";"2025";"04.06.2025";"19,9";"°C"
"CYY137";"510.766";"5.427.724";"2.345";"Temperatur";"Besigheim (CYY137)";"Neckar";"2025";"05.06.2025";"19,7";"°C"
"CYY137";"510.766";"5.427.724";"2.345";"Temperatur";"Besigheim (CYY137)";"Neckar";"2025";"06.06.2025";"19,8";"°C"
"CYY137";"510.766";"5.427.724";"2.345";"Temperatur";"Besigheim (CYY137)";"Neckar";"2025";"07.06.2025";"19,5";"°C"
"CYY137";"510.766";"5.427.724";"2.345";"Temperatur";"Besigheim (CYY137)";"Neckar";"2025";"08.06.2025";"19";"°C"
"CYY137";"510.766";"5.427.724";"2.345";"Temperatur";"Besigheim (CYY137)";"Neckar";"2025";"09.06.2025";"19";"°C"
"CYY137";"510.766";"5.427.724";"2.345";"Temperatur";"Besigheim (CYY137)";"Neckar";"2025";"10.06.2025";"19,3";"°C"
"CYY137";"510.766";"5.427.724";"2.345";"Temperatur";"Besigheim (CYY137)";"Neckar";"2025";"11.06.2025";"19,8";"°C"
"CYY137";"510.766";"5.427.724";"2.345";"Temperatur";"Besigheim (CYY137)";"Neckar";"2025";"12.06.2025";"20,3";"°C"
"CYY137";"510.766";"5.427.724";"2.345";"Temperatur";"Besigheim (CYY137)";"Neckar";"2025";"13.06.2025";"21,1";"°C"
"CYY137";"510.766";"5.427.724";"2.345";"Temperatur";"Besigheim (CYY137)";"Neckar";"2025";"14.06.2025";"21,8";"°C"
"CYY137";"510.766";"5.427.724";"2.345";"Temperatur";"Besigheim (CYY137)";"Neckar";"2025";"15.06.2025";"22,2";"°C"
"CYY137";"510.766";"5.427.724";"2.345";"Temperatur";"Besigheim (CYY137)";"Neckar";"2025";"16.06.2025";"-";"°C"
"CYY137";"510.766";"5.427.724";"2.345";"Temperatur";"Besigheim (CYY137)";"Neckar";"2025";"17.06.2025";"-";"°C"
"CYY137";"510.766";"5.427.724";"2.345";"Temperatur";"Besigheim (CYY137)";"Neckar";"2025";"18.06.2025";"-";"°C"
"CYY137";"510.766";"5.427.724";"2.345";"Temperatur";"Besigheim (CYY137)";"Neckar";"2025";"19.06.2025";"-";"°C"
"CYY137";"510.766";"5.427.724";"2.345";"Temperatur";"Besigheim (CYY137)";"Neckar";"2025";"20.06.2025";"-";"°C"
"CYY137";"510.766";"5.427.724";"2.345";"Temperatur";"Besigheim (CYY137)";"Neckar";"2025";"21.06.2025";"-";"°C"
"CYY137";"510.766";"5.427.724";"2.345";"Temperatur";"Besigheim (CYY137)";"Neckar";"2025";"22.06.2025";"-";"°C"
"CYY137";"510.766";"5.427.724";"2.345";"Temperatur";"Besigheim (CYY137)";"Neckar";"2025";"23.06.2025";"-";"°C"
"CYY137";"510.766";"5.427.724";"2.345";"Temperatur";"Besigheim (CYY137)";"Neckar";"2025";"24.06.2025";"-";"°C"
"CYY137";"510.766";"5.427.724";"2.345";"Temperatur";"Besigheim (CYY137)";"Neckar";"2025";"25.06.2025";"-";"°C"
"CYY137";"510.766";"5.427.724";"2.345";"Temperatur";"Besigheim (CYY137)";"Neckar";"2025";"26.06.2025";"-";"°C"
"CYY137";"510.766";"5.427.724";"2.345";"Temperatur";"Besigheim (CYY137)";"Neckar";"2025";"27.06.2025";"-";"°C"
"CYY137";"510.766";"5.427.724";"2.345";"Temperatur";"Besigheim (CYY137)";"Neckar";"2025";"28.06.2025";"-";"°C"
"CYY137";"510.766";"5.427.724";"2.345";"Temperatur";"Besigheim (CYY137)";"Neckar";"2025";"29.06.2025";"-";"°C"
"CYY137";"510.766";"5.427.724";"2.345";"Temperatur";"Besigheim (CYY137)";"Neckar";"2025";"30.06.2025";"-";"°C"
"CYY137";"510.766";"5.427.724";"2.345";"Temperatur";"Besigheim (CYY137)";"Neckar";"2025";"01.07.2025";"-";"°C"
"CYY137";"510.766";"5.427.724";"2.345";"Temperatur";"Besigheim (CYY137)";"Neckar";"2025";"02.07.2025";"26,7";"°C"
"CYY137";"510.766";"5.427.724";"2.345";"Temperatur";"Besigheim (CYY137)";"Neckar";"2025";"03.07.2025";"26,5";"°C"
"CYY137";"510.766";"5.427.724";"2.345";"Temperatur";"Besigheim (CYY137)";"Neckar";"2025";"04.07.2025";"26,3";"°C"
"CYY137";"510.766";"5.427.724";"2.345";"Temperatur";"Besigheim (CYY137)";"Neckar";"2025";"05.07.2025";"26,1";"°C"
"CYY137";"510.766";"5.427.724";"2.345";"Temperatur";"Besigheim (CYY137)";"Neckar";"2025";"06.07.2025";"25,6";"°C"
"CYY137";"510.766";"5.427.724";"2.345";"Temperatur";"Besigheim (CYY137)";"Neckar";"2025";"07.07.2025";"25";"°C"
"CYY137";"510.766";"5.427.724";"2.345";"Temperatur";"Besigheim (CYY137)";"Neckar";"2025";"08.07.2025";"24,1";"°C"
"CYY137";"510.766";"5.427.724";"2.345";"Temperatur";"Besigheim (CYY137)";"Neckar";"2025";"09.07.2025";"23,4";"°C"
"CYY137";"510.766";"5.427.724";"2.345";"Temperatur";"Besigheim (CYY137)";"Neckar";"2025";"10.07.2025";"23,3";"°C"
"CYY137";"510.766";"5.427.724";"2.345";"Temperatur";"Besigheim (CYY137)";"Neckar";"2025";"11.07.2025";"23,3";"°C"
"CYY137";"510.766";"5.427.724";"2.345";"Temperatur";"Besigheim (CYY137)";"Neckar";"2025";"12.07.2025";"23,3";"°C"
"CYY137";"510.766";"5.427.724";"2.345";"Temperatur";"Besigheim (CYY137)";"Neckar";"2025";"13.07.2025";"23,4";"°C"
"CYY137";"510.766";"5.427.724";"2.345";"Temperatur";"Besigheim (CYY137)";"Neckar";"2025";"14.07.2025";"23,4";"°C"
"CYY137";"510.766";"5.427.724";"2.345";"Temperatur";"Besigheim (CYY137)";"Neckar";"2025";"15.07.2025";"23,4";"°C"
"CYY137";"510.766";"5.427.724";"2.345";"Temperatur";"Besigheim (CYY137)";"Neckar";"2025";"16.07.2025";"22,9";"°C"
"CYY137";"510.766";"5.427.724";"2.345";"Temperatur";"Besigheim (CYY137)";"Neckar";"2025";"17.07.2025";"22,6";"°C"
"CYY137";"510.766";"5.427.724";"2.345";"Temperatur";"Besigheim (CYY137)";"Neckar";"2025";"18.07.2025";"22,7";"°C"
"CYY137";"510.766";"5.427.724";"2.345";"Temperatur";"Besigheim (CYY137)";"Neckar";"2025";"19.07.2025";"22,7";"°C"
"CYY137";"510.766";"5.427.724";"2.345";"Temperatur";"Besigheim (CYY137)";"Neckar";"2025";"20.07.2025";"22,8";"°C"
"CYY137";"510.766";"5.427.724";"2.345";"Temperatur";"Besigheim (CYY137)";"Neckar";"2025";"21.07.2025";"22,7";"°C"
"CYY137";"510.766";"5.427.724";"2.345";"Temperatur";"Besigheim (CYY137)";"Neckar";"2025";"22.07.2025";"22,3";"°C"
"CYY137";"510.766";"5.427.724";"2.345";"Temperatur";"Besigheim (CYY137)";"Neckar";"2025";"23.07.2025";"22,1";"°C"
"CYY137";"510.766";"5.427.724";"2.345";"Temperatur";"Besigheim (CYY137)";"Neckar";"2025";"24.07.2025";"22,1";"°C"
"CYY137";"510.766";"5.427.724";"2.345";"Temperatur";"Besigheim (CYY137)";"Neckar";"2025";"25.07.2025";"22";"°C"
"CYY137";"510.766";"5.427.724";"2.345";"Temperatur";"Besigheim (CYY137)";"Neckar";"2025";"26.07.2025";"21,9";"°C"
"CYY137";"510.766";"5.427.724";"2.345";"Temperatur";"Besigheim (CYY137)";"Neckar";"2025";"27.07.2025";"21,4";"°C"
"CYY137";"510.766";"5.427.724";"2.345";"Temperatur";"Besigheim (CYY137)";"Neckar";"2025";"28.07.2025";"21";"°C"
"CYY137";"510.766";"5.427.724";"2.345";"Temperatur";"Besigheim (CYY137)";"Neckar";"2025";"29.07.2025";"20,3";"°C"
"CYY137";"510.766";"5.427.724";"2.345";"Temperatur";"Besigheim (CYY137)";"Neckar";"2025";"30.07.2025";"20,2";"°C"
"CYY137";"510.766";"5.427.724";"2.345";"Temperatur";"Besigheim (CYY137)";"Neckar";"2025";"31.07.2025";"20,3";"°C"
"CYY137";"510.766";"5.427.724";"2.345";"Temperatur";"Besigheim (CYY137)";"Neckar";"2025";"01.08.2025";"20,4";"°C"
"CYY137";"510.766";"5.427.724";"2.345";"Temperatur";"Besigheim (CYY137)";"Neckar";"2025";"02.08.2025";"20";"°C"
"CYY137";"510.766";"5.427.724";"2.345";"Temperatur";"Besigheim (CYY137)";"Neckar";"2025";"03.08.2025";"19,6";"°C"
"CYY137";"510.766";"5.427.724";"2.345";"Temperatur";"Besigheim (CYY137)";"Neckar";"2025";"04.08.2025";"19";"°C"
"CYY137";"510.766";"5.427.724";"2.345";"Temperatur";"Besigheim (CYY137)";"Neckar";"2025";"05.08.2025";"19";"°C"
"CYY137";"510.766";"5.427.724";"2.345";"Temperatur";"Besigheim (CYY137)";"Neckar";"2025";"06.08.2025";"19,3";"°C"
"CYY137";"510.766";"5.427.724";"2.345";"Temperatur";"Besigheim (CYY137)";"Neckar";"2025";"07.08.2025";"19,6";"°C"
"CYY137";"510.766";"5.427.724";"2.345";"Temperatur";"Besigheim (CYY137)";"Neckar";"2025";"08.08.2025";"20,1";"°C"
"CYY137";"510.766";"5.427.724";"2.345";"Temperatur";"Besigheim (CYY137)";"Neckar";"2025";"09.08.2025";"20,9";"°C"
"CYY137";"510.766";"5.427.724";"2.345";"Temperatur";"Besigheim (CYY137)";"Neckar";"2025";"10.08.2025";"21,5";"°C"
"CYY137";"510.766";"5.427.724";"2.345";"Temperatur";"Besigheim (CYY137)";"Neckar";"2025";"11.08.2025";"21,9";"°C"
"CYY137";"510.766";"5.427.724";"2.345";"Temperatur";"Besigheim (CYY137)";"Neckar";"2025";"12.08.2025";"22,3";"°C"
"CYY137";"510.766";"5.427.724";"2.345";"Temperatur";"Besigheim (CYY137)";"Neckar";"2025";"13.08.2025";"22,9";"°C"
"CYY137";"510.766";"5.427.724";"2.345";"Temperatur";"Besigheim (CYY137)";"Neckar";"2025";"14.08.2025";"23,3";"°C"
"CYY137";"510.766";"5.427.724";"2.345";"Temperatur";"Besigheim (CYY137)";"Neckar";"2025";"15.08.2025";"23,9";"°C"
"CYY137";"510.766";"5.427.724";"2.345";"Temperatur";"Besigheim (CYY137)";"Neckar";"2025";"16.08.2025";"24,4";"°C"
"CYY137";"510.766";"5.427.724";"2.345";"Temperatur";"Besigheim (CYY137)";"Neckar";"2025";"17.08.2025";"24,2";"°C"
"CYY137";"510.766";"5.427.724";"2.345";"Temperatur";"Besigheim (CYY137)";"Neckar";"2025";"18.08.2025";"24,2";"°C"
"CYY137";"510.766";"5.427.724";"2.345";"Temperatur";"Besigheim (CYY137)";"Neckar";"2025";"19.08.2025";"24,3";"°C"
"CYY137";"510.766";"5.427.724";"2.345";"Temperatur";"Besigheim (CYY137)";"Neckar";"2025";"20.08.2025";"24";"°C"
"CYY137";"510.766";"5.427.724";"2.345";"Temperatur";"Besigheim (CYY137)";"Neckar";"2025";"21.08.2025";"23,8";"°C"
"CYY137";"510.766";"5.427.724";"2.345";"Temperatur";"Besigheim (CYY137)";"Neckar";"2025";"22.08.2025";"23,5";"°C"
"CYY137";"510.766";"5.427.724";"2.345";"Temperatur";"Besigheim (CYY137)";"Neckar";"2025";"23.08.2025";"22,9";"°C"
"CYY137";"510.766";"5.427.724";"2.345";"Temperatur";"Besigheim (CYY137)";"Neckar";"2025";"24.08.2025";"22,7";"°C"
"CYY137";"510.766";"5.427.724";"2.345";"Temperatur";"Besigheim (CYY137)";"Neckar";"2025";"25.08.2025";"22,5";"°C"
"CYY137";"510.766";"5.427.724";"2.345";"Temperatur";"Besigheim (CYY137)";"Neckar";"2025";"26.08.2025";"22,2";"°C"
"CYY137";"510.766";"5.427.724";"2.345";"Temperatur";"Besigheim (CYY137)";"Neckar";"2025";"27.08.2025";"22,2";"°C"
"CYY137";"510.766";"5.427.724";"2.345";"Temperatur";"Besigheim (CYY137)";"Neckar";"2025";"28.08.2025";"22";"°C"
"CYY137";"510.766";"5.427.724";"2.345";"Temperatur";"Besigheim (CYY137)";"Neckar";"2025";"29.08.2025";"21,5";"°C"
"CYY137";"510.766";"5.427.724";"2.345";"Temperatur";"Besigheim (CYY137)";"Neckar";"2025";"30.08.2025";"21,3";"°C"
"CYY137";"510.766";"5.427.724";"2.345";"Temperatur";"Besigheim (CYY137)";"Neckar";"2025";"31.08.2025";"21,2";"°C"
"CYY137";"510.766";"5.427.724";"2.345";"Temperatur";"Besigheim (CYY137)";"Neckar";"2025";"01.09.2025";"21";"°C"
"CYY137";"510.766";"5.427.724";"2.345";"Temperatur";"Besigheim (CYY137)";"Neckar";"2025";"02.09.2025";"20,8";"°C"
"CYY137";"510.766";"5.427.724";"2.345";"Temperatur";"Besigheim (CYY137)";"Neckar";"2025";"03.09.2025";"20,4";"°C"
"CYY137";"510.766";"5.427.724";"2.345";"Temperatur";"Besigheim (CYY137)";"Neckar";"2025";"04.09.2025";"20,4";"°C"
"CYY137";"510.766";"5.427.724";"2.345";"Temperatur";"Besigheim (CYY137)";"Neckar";"2025";"05.09.2025";"20,1";"°C"
"CYY137";"510.766";"5.427.724";"2.345";"Temperatur";"Besigheim (CYY137)";"Neckar";"2025";"06.09.2025";"20";"°C"
"CYY137";"510.766";"5.427.724";"2.345";"Temperatur";"Besigheim (CYY137)";"Neckar";"2025";"07.09.2025";"20,1";"°C"
"CYY137";"510.766";"5.427.724";"2.345";"Temperatur";"Besigheim (CYY137)";"Neckar";"2025";"08.09.2025";"19,9";"°C"
"CYY137";"510.766";"5.427.724";"2.345";"Temperatur";"Besigheim (CYY137)";"Neckar";"2025";"09.09.2025";"19,5";"°C"
"CYY137";"510.766";"5.427.724";"2.345";"Temperatur";"Besigheim (CYY137)";"Neckar";"2025";"10.09.2025";"19";"°C"
"CYY137";"510.766";"5.427.724";"2.345";"Temperatur";"Besigheim (CYY137)";"Neckar";"2025";"11.09.2025";"18,7";"°C"
"CYY137";"510.766";"5.427.724";"2.345";"Temperatur";"Besigheim (CYY137)";"Neckar";"2025";"12.09.2025";"18,7";"°C"
"CYY137";"510.766";"5.427.724";"2.345";"Temperatur";"Besigheim (CYY137)";"Neckar";"2025";"13.09.2025";"18,6";"°C"
"CYY137";"510.766";"5.427.724";"2.345";"Temperatur";"Besigheim (CYY137)";"Neckar";"2025";"14.09.2025";"18,5";"°C"
"CYY137";"510.766";"5.427.724";"2.345";"Temperatur";"Besigheim (CYY137)";"Neckar";"2025";"15.09.2025";"18,6";"°C"
"CYY137";"510.766";"5.427.724";"2.345";"Temperatur";"Besigheim (CYY137)";"Neckar";"2025";"16.09.2025";"18,3";"°C"
"CYY137";"510.766";"5.427.724";"2.345";"Temperatur";"Besigheim (CYY137)";"Neckar";"2025";"17.09.2025";"18,1";"°C"
"CYY137";"510.766";"5.427.724";"2.345";"Temperatur";"Besigheim (CYY137)";"Neckar";"2025";"18.09.2025";"18";"°C"
"CYY137";"510.766";"5.427.724";"2.345";"Temperatur";"Besigheim (CYY137)";"Neckar";"2025";"19.09.2025";"18,1";"°C"
"CYY137";"510.766";"5.427.724";"2.345";"Temperatur";"Besigheim (CYY137)";"Neckar";"2025";"20.09.2025";"18,5";"°C"
"CYY137";"510.766";"5.427.724";"2.345";"Temperatur";"Besigheim (CYY137)";"Neckar";"2025";"21.09.2025";"18,5";"°C"
"CYY137";"510.766";"5.427.724";"2.345";"Temperatur";"Besigheim (CYY137)";"Neckar";"2025";"22.09.2025";"18";"°C"
"CYY137";"510.766";"5.427.724";"2.345";"Temperatur";"Besigheim (CYY137)";"Neckar";"2025";"23.09.2025";"16,5";"°C"
"CYY137";"510.766";"5.427.724";"2.345";"Temperatur";"Besigheim (CYY137)";"Neckar";"2025";"24.09.2025";"15,6";"°C"
"CYY137";"510.766";"5.427.724";"2.345";"Temperatur";"Besigheim (CYY137)";"Neckar";"2025";"25.09.2025";"14,2";"°C"
"CYY137";"510.766";"5.427.724";"2.345";"Temperatur";"Besigheim (CYY137)";"Neckar";"2025";"26.09.2025";"13,5";"°C"
"CYY137";"510.766";"5.427.724";"2.345";"Temperatur";"Besigheim (CYY137)";"Neckar";"2025";"27.09.2025";"13,4";"°C"
"CYY137";"510.766";"5.427.724";"2.345";"Temperatur";"Besigheim (CYY137)";"Neckar";"2025";"28.09.2025";"13,4";"°C"
"CYY137";"510.766";"5.427.724";"2.345";"Temperatur";"Besigheim (CYY137)";"Neckar";"2025";"29.09.2025";"13,4";"°C"
"CYY137";"510.766";"5.427.724";"2.345";"Temperatur";"Besigheim (CYY137)";"Neckar";"2025";"30.09.2025";"13,6";"°C"
"CYY137";"510.766";"5.427.724";"2.345";"Temperatur";"Besigheim (CYY137)";"Neckar";"2025";"01.10.2025";"13,7";"°C"
"CYY137";"510.766";"5.427.724";"2.345";"Temperatur";"Besigheim (CYY137)";"Neckar";"2025";"02.10.2025";"13,7";"°C"
"CYY137";"510.766";"5.427.724";"2.345";"Temperatur";"Besigheim (CYY137)";"Neckar";"2025";"03.10.2025";"13,4";"°C"
"CYY137";"510.766";"5.427.724";"2.345";"Temperatur";"Besigheim (CYY137)";"Neckar";"2025";"04.10.2025";"13,5";"°C"
"CYY137";"510.766";"5.427.724";"2.345";"Temperatur";"Besigheim (CYY137)";"Neckar";"2025";"05.10.2025";"13,4";"°C"
"CYY137";"510.766";"5.427.724";"2.345";"Temperatur";"Besigheim (CYY137)";"Neckar";"2025";"06.10.2025";"13,3";"°C"
"CYY137";"510.766";"5.427.724";"2.345";"Temperatur";"Besigheim (CYY137)";"Neckar";"2025";"07.10.2025";"13,4";"°C"
"CYY137";"510.766";"5.427.724";"2.345";"Temperatur";"Besigheim (CYY137)";"Neckar";"2025";"08.10.2025";"13,5";"°C"
"CYY137";"510.766";"5.427.724";"2.345";"Temperatur";"Besigheim (CYY137)";"Neckar";"2025";"09.10.2025";"13,4";"°C"
"CYY137";"510.766";"5.427.724";"2.345";"Temperatur";"Besigheim (CYY137)";"Neckar";"2025";"10.10.2025";"13,4";"°C"
"CYY137";"510.766";"5.427.724";"2.345";"Temperatur";"Besigheim (CYY137)";"Neckar";"2025";"11.10.2025";"13,5";"°C"
"CYY137";"510.766";"5.427.724";"2.345";"Temperatur";"Besigheim (CYY137)";"Neckar";"2025";"12.10.2025";"13,7";"°C"
"CYY137";"510.766";"5.427.724";"2.345";"Temperatur";"Besigheim (CYY137)";"Neckar";"2025";"13.10.2025";"13,7";"°C"
"CYY137";"510.766";"5.427.724";"2.345";"Temperatur";"Besigheim (CYY137)";"Neckar";"2025";"14.10.2025";"13,8";"°C"
"CYY137";"510.766";"5.427.724";"2.345";"Temperatur";"Besigheim (CYY137)";"Neckar";"2025";"15.10.2025";"13,8";"°C"
"CYY137";"510.766";"5.427.724";"2.345";"Temperatur";"Besigheim (CYY137)";"Neckar";"2025";"16.10.2025";"13,7";"°C"
"CYY137";"510.766";"5.427.724";"2.345";"Temperatur";"Besigheim (CYY137)";"Neckar";"2025";"17.10.2025";"13,7";"°C"
"CYY137";"510.766";"5.427.724";"2.345";"Temperatur";"Besigheim (CYY137)";"Neckar";"2025";"18.10.2025";"13,6";"°C"
"CYY137";"510.766";"5.427.724";"2.345";"Temperatur";"Besigheim (CYY137)";"Neckar";"2025";"19.10.2025";"13,4";"°C"
"CYY137";"510.766";"5.427.724";"2.345";"Temperatur";"Besigheim (CYY137)";"Neckar";"2025";"20.10.2025";"13,4";"°C"
"CYY137";"510.766";"5.427.724";"2.345";"Temperatur";"Besigheim (CYY137)";"Neckar";"2025";"21.10.2025";"13,3";"°C"
"CYY137";"510.766";"5.427.724";"2.345";"Temperatur";"Besigheim (CYY137)";"Neckar";"2025";"22.10.2025";"13,5";"°C"
"CYY137";"510.766";"5.427.724";"2.345";"Temperatur";"Besigheim (CYY137)";"Neckar";"2025";"23.10.2025";"13,6";"°C"
"CYY137";"510.766";"5.427.724";"2.345";"Temperatur";"Besigheim (CYY137)";"Neckar";"2025";"24.10.2025";"13";"°C"
"CYY137";"510.766";"5.427.724";"2.345";"Temperatur";"Besigheim (CYY137)";"Neckar";"2025";"25.10.2025";"12,4";"°C"
"CYY137";"510.766";"5.427.724";"2.345";"Temperatur";"Besigheim (CYY137)";"Neckar";"2025";"26.10.2025";"11,9";"°C"
"CYY137";"510.766";"5.427.724";"2.345";"Temperatur";"Besigheim (CYY137)";"Neckar";"2025";"27.10.2025";"11,3";"°C"
"CYY137";"510.766";"5.427.724";"2.345";"Temperatur";"Besigheim (CYY137)";"Neckar";"2025";"28.10.2025";"10,7";"°C"
"CYY137";"510.766";"5.427.724";"2.345";"Temperatur";"Besigheim (CYY137)";"Neckar";"2025";"29.10.2025";"10,4";"°C"
"CYY137";"510.766";"5.427.724";"2.345";"Temperatur";"Besigheim (CYY137)";"Neckar";"2025";"30.10.2025";"10,6";"°C"
"CYY137";"510.766";"5.427.724";"2.345";"Temperatur";"Besigheim (CYY137)";"Neckar";"2025";"31.10.2025";"10,6";"°C"
"CYY137";"510.766";"5.427.724";"2.345";"Temperatur";"Besigheim (CYY137)";"Neckar";"2025";"01.11.2025";"10,8";"°C"
"CYY137";"510.766";"5.427.724";"2.345";"Temperatur";"Besigheim (CYY137)";"Neckar";"2025";"02.11.2025";"11";"°C"
"CYY137";"510.766";"5.427.724";"2.345";"Temperatur";"Besigheim (CYY137)";"Neckar";"2025";"03.11.2025";"11,3";"°C"
"CYY137";"510.766";"5.427.724";"2.345";"Temperatur";"Besigheim (CYY137)";"Neckar";"2025";"04.11.2025";"11";"°C"
"CYY137";"510.766";"5.427.724";"2.345";"Temperatur";"Besigheim (CYY137)";"Neckar";"2025";"05.11.2025";"10,8";"°C"
"CYY137";"510.766";"5.427.724";"2.345";"Temperatur";"Besigheim (CYY137)";"Neckar";"2025";"06.11.2025";"10,7";"°C"
"CYY137";"510.766";"5.427.724";"2.345";"Temperatur";"Besigheim (CYY137)";"Neckar";"2025";"07.11.2025";"10,3";"°C"
"CYY137";"510.766";"5.427.724";"2.345";"Temperatur";"Besigheim (CYY137)";"Neckar";"2025";"08.11.2025";"9,9";"°C"
"CYY137";"510.766";"5.427.724";"2.345";"Temperatur";"Besigheim (CYY137)";"Neckar";"2025";"09.11.2025";"9,6";"°C"
"CYY137";"510.766";"5.427.724";"2.345";"Temperatur";"Besigheim (CYY137)";"Neckar";"2025";"10.11.2025";"9,5";"°C"
"CYY137";"510.766";"5.427.724";"2.345";"Temperatur";"Besigheim (CYY137)";"Neckar";"2025";"11.11.2025";"9,5";"°C"
"CYY137";"510.766";"5.427.724";"2.345";"Temperatur";"Besigheim (CYY137)";"Neckar";"2025";"12.11.2025";"9,3";"°C"
"CYY137";"510.766";"5.427.724";"2.345";"Temperatur";"Besigheim (CYY137)";"Neckar";"2025";"13.11.2025";"9,2";"°C"
"CYY137";"510.766";"5.427.724";"2.345";"Temperatur";"Besigheim (CYY137)";"Neckar";"2025";"14.11.2025";"9,1";"°C"
"CYY137";"510.766";"5.427.724";"2.345";"Temperatur";"Besigheim (CYY137)";"Neckar";"2025";"15.11.2025";"9,3";"°C"
"CYY137";"510.766";"5.427.724";"2.345";"Temperatur";"Besigheim (CYY137)";"Neckar";"2025";"16.11.2025";"9,4";"°C"
"CYY137";"510.766";"5.427.724";"2.345";"Temperatur";"Besigheim (CYY137)";"Neckar";"2025";"17.11.2025";"9,7";"°C"
"CYY137";"510.766";"5.427.724";"2.345";"Temperatur";"Besigheim (CYY137)";"Neckar";"2025";"18.11.2025";"9,3";"°C"
"CYY137";"510.766";"5.427.724";"2.345";"Temperatur";"Besigheim (CYY137)";"Neckar";"2025";"19.11.2025";"8,9";"°C"
"CYY137";"510.766";"5.427.724";"2.345";"Temperatur";"Besigheim (CYY137)";"Neckar";"2025";"20.11.2025";"8,3";"°C"
"CYY137";"510.766";"5.427.724";"2.345";"Temperatur";"Besigheim (CYY137)";"Neckar";"2025";"21.11.2025";"7,8";"°C"
"CYY137";"510.766";"5.427.724";"2.345";"Temperatur";"Besigheim (CYY137)";"Neckar";"2025";"22.11.2025";"7,3";"°C"
"CYY137";"510.766";"5.427.724";"2.345";"Temperatur";"Besigheim (CYY137)";"Neckar";"2025";"23.11.2025";"6,5";"°C"
"CYY137";"510.766";"5.427.724";"2.345";"Temperatur";"Besigheim (CYY137)";"Neckar";"2025";"24.11.2025";"6,1";"°C"
"CYY137";"510.766";"5.427.724";"2.345";"Temperatur";"Besigheim (CYY137)";"Neckar";"2025";"25.11.2025";"5,9";"°C"
"CYY137";"510.766";"5.427.724";"2.345";"Temperatur";"Besigheim (CYY137)";"Neckar";"2025";"26.11.2025";"5,7";"°C"
"CYY137";"510.766";"5.427.724";"2.345";"Temperatur";"Besigheim (CYY137)";"Neckar";"2025";"27.11.2025";"5,7";"°C"
"CYY137";"510.766";"5.427.724";"2.345";"Temperatur";"Besigheim (CYY137)";"Neckar";"2025";"28.11.2025";"5,9";"°C"
"CYY137";"510.766";"5.427.724";"2.345";"Temperatur";"Besigheim (CYY137)";"Neckar";"2025";"29.11.2025";"6,5";"°C"
"CYY137";"510.766";"5.427.724";"2.345";"Temperatur";"Besigheim (CYY137)";"Neckar";"2025";"30.11.2025";"7";"°C"
"CYY137";"510.766";"5.427.724";"2.345";"Temperatur";"Besigheim (CYY137)";"Neckar";"2025";"01.12.2025";"6,8";"°C"
"CYY137";"510.766";"5.427.724";"2.345";"Temperatur";"Besigheim (CYY137)";"Neckar";"2025";"02.12.2025";"6,8";"°C"
"CYY137";"510.766";"5.427.724";"2.345";"Temperatur";"Besigheim (CYY137)";"Neckar";"2025";"03.12.2025";"6,5";"°C"
"CYY137";"510.766";"5.427.724";"2.345";"Temperatur";"Besigheim (CYY137)";"Neckar";"2025";"04.12.2025";"6,4";"°C"
"CYY137";"510.766";"5.427.724";"2.345";"Temperatur";"Besigheim (CYY137)";"Neckar";"2025";"05.12.2025";"6,3";"°C"
"CYY137";"510.766";"5.427.724";"2.345";"Temperatur";"Besigheim (CYY137)";"Neckar";"2025";"06.12.2025";"6,2";"°C"
"CYY137";"510.766";"5.427.724";"2.345";"Temperatur";"Besigheim (CYY137)";"Neckar";"2025";"07.12.2025";"6,2";"°C"
"CYY137";"510.766";"5.427.724";"2.345";"Temperatur";"Besigheim (CYY137)";"Neckar";"2025";"08.12.2025";"6,8";"°C"
"CYY137";"510.766";"5.427.724";"2.345";"Temperatur";"Besigheim (CYY137)";"Neckar";"2025";"09.12.2025";"7,4";"°C"
"CYY137";"510.766";"5.427.724";"2.345";"Temperatur";"Besigheim (CYY137)";"Neckar";"2025";"10.12.2025";"7,4";"°C"
"CYY137";"510.766";"5.427.724";"2.345";"Temperatur";"Besigheim (CYY137)";"Neckar";"2025";"11.12.2025";"7,7";"°C"
"CYY137";"510.766";"5.427.724";"2.345";"Temperatur";"Besigheim (CYY137)";"Neckar";"2025";"12.12.2025";"8,4";"°C"
"CYY137";"510.766";"5.427.724";"2.345";"Temperatur";"Besigheim (CYY137)";"Neckar";"2025";"13.12.2025";"8,6";"°C"
"CYY137";"510.766";"5.427.724";"2.345";"Temperatur";"Besigheim (CYY137)";"Neckar";"2025";"14.12.2025";"8,4";"°C"
"CYY137";"510.766";"5.427.724";"2.345";"Temperatur";"Besigheim (CYY137)";"Neckar";"2025";"15.12.2025";"8,2";"°C"
"CYY137";"510.766";"5.427.724";"2.345";"Temperatur";"Besigheim (CYY137)";"Neckar";"2025";"16.12.2025";"7,8";"°C"
"CYY137";"510.766";"5.427.724";"2.345";"Temperatur";"Besigheim (CYY137)";"Neckar";"2025";"17.12.2025";"7,5";"°C"
"CYY137";"510.766";"5.427.724";"2.345";"Temperatur";"Besigheim (CYY137)";"Neckar";"2025";"18.12.2025";"7,2";"°C"
"CYY137";"510.766";"5.427.724";"2.345";"Temperatur";"Besigheim (CYY137)";"Neckar";"2025";"19.12.2025";"6,9";"°C"
"CYY137";"510.766";"5.427.724";"2.345";"Temperatur";"Besigheim (CYY137)";"Neckar";"2025";"20.12.2025";"7";"°C"
"CYY137";"510.766";"5.427.724";"2.345";"Temperatur";"Besigheim (CYY137)";"Neckar";"2025";"21.12.2025";"6,9";"°C"
"CYY137";"510.766";"5.427.724";"2.345";"Temperatur";"Besigheim (CYY137)";"Neckar";"2025";"22.12.2025";"6,5";"°C"
"CYY137";"510.766";"5.427.724";"2.345";"Temperatur";"Besigheim (CYY137)";"Neckar";"2025";"23.12.2025";"6,1";"°C"
"CYY137";"510.766";"5.427.724";"2.345";"Temperatur";"Besigheim (CYY137)";"Neckar";"2025";"24.12.2025";"5,7";"°C"
"CYY137";"510.766";"5.427.724";"2.345";"Temperatur";"Besigheim (CYY137)";"Neckar";"2025";"25.12.2025";"5,2";"°C"
"CYY137";"510.766";"5.427.724";"2.345";"Temperatur";"Besigheim (CYY137)";"Neckar";"2025";"26.12.2025";"4,8";"°C"
"CYY137";"510.766";"5.427.724";"2.345";"Temperatur";"Besigheim (CYY137)";"Neckar";"2025";"27.12.2025";"4,6";"°C"
"CYY137";"510.766";"5.427.724";"2.345";"Temperatur";"Besigheim (CYY137)";"Neckar";"2025";"28.12.2025";"4,3";"°C"
"CYY137";"510.766";"5.427.724";"2.345";"Temperatur";"Besigheim (CYY137)";"Neckar";"2025";"29.12.2025";"3,9";"°C"
"CYY137";"510.766";"5.427.724";"2.345";"Temperatur";"Besigheim (CYY137)";"Neckar";"2025";"30.12.2025";"3,7";"°C"
"CYY137";"510.766";"5.427.724";"2.345";"Temperatur";"Besigheim (CYY137)";"Neckar";"2025";"31.12.2025";"3,4";"°C"
"CYY137";"510.766";"5.427.724";"2.345";"Temperatur";"Besigheim (CYY137)";"Neckar";"2026";"01.01.2026";"3,3";"°C"
"CYY137";"510.766";"5.427.724";"2.345";"Temperatur";"Besigheim (CYY137)";"Neckar";"2026";"02.01.2026";"3,2";"°C"
"CYY137";"510.766";"5.427.724";"2.345";"Temperatur";"Besigheim (CYY137)";"Neckar";"2026";"03.01.2026";"3,1";"°C"
"CYY137";"510.766";"5.427.724";"2.345";"Temperatur";"Besigheim (CYY137)";"Neckar";"2026";"04.01.2026";"2,9";"°C"
"CYY137";"510.766";"5.427.724";"2.345";"Temperatur";"Besigheim (CYY137)";"Neckar";"2026";"05.01.2026";"2,8";"°C"
"CYY137";"510.766";"5.427.724";"2.345";"Temperatur";"Besigheim (CYY137)";"Neckar";"2026";"06.01.2026";"2,4";"°C"
"CYY137";"510.766";"5.427.724";"2.345";"Temperatur";"Besigheim (CYY137)";"Neckar";"2026";"07.01.2026";"2,2";"°C"
"CYY137";"510.766";"5.427.724";"2.345";"Temperatur";"Besigheim (CYY137)";"Neckar";"2026";"08.01.2026";"2";"°C"
"CYY137";"510.766";"5.427.724";"2.345";"Temperatur";"Besigheim (CYY137)";"Neckar";"2026";"09.01.2026";"2,2";"°C"
"CYY137";"510.766";"5.427.724";"2.345";"Temperatur";"Besigheim (CYY137)";"Neckar";"2026";"10.01.2026";"2,7";"°C"
"CYY137";"510.766";"5.427.724";"2.345";"Temperatur";"Besigheim (CYY137)";"Neckar";"2026";"11.01.2026";"3";"°C"
"CYY137";"510.766";"5.427.724";"2.345";"Temperatur";"Besigheim (CYY137)";"Neckar";"2026";"12.01.2026";"2,7";"°C"
"CYY137";"510.766";"5.427.724";"2.345";"Temperatur";"Besigheim (CYY137)";"Neckar";"2026";"13.01.2026";"2,8";"°C"
"CYY137";"510.766";"5.427.724";"2.345";"Temperatur";"Besigheim (CYY137)";"Neckar";"2026";"14.01.2026";"3,6";"°C"
"CYY137";"510.766";"5.427.724";"2.345";"Temperatur";"Besigheim (CYY137)";"Neckar";"2026";"15.01.2026";"4,2";"°C"
"CYY137";"510.766";"5.427.724";"2.345";"Temperatur";"Besigheim (CYY137)";"Neckar";"2026";"16.01.2026";"4,4";"°C"
"CYY137";"510.766";"5.427.724";"2.345";"Temperatur";"Besigheim (CYY137)";"Neckar";"2026";"17.01.2026";"4,7";"°C"
"CYY137";"510.766";"5.427.724";"2.345";"Temperatur";"Besigheim (CYY137)";"Neckar";"2026";"18.01.2026";"4,7";"°C"
"CYY137";"510.766";"5.427.724";"2.345";"Temperatur";"Besigheim (CYY137)";"Neckar";"2026";"19.01.2026";"4,7";"°C"
"CYY137";"510.766";"5.427.724";"2.345";"Temperatur";"Besigheim (CYY137)";"Neckar";"2026";"20.01.2026";"4,7";"°C"
"CYY137";"510.766";"5.427.724";"2.345";"Temperatur";"Besigheim (CYY137)";"Neckar";"2026";"21.01.2026";"4,5";"°C"
"CYY137";"510.766";"5.427.724";"2.345";"Temperatur";"Besigheim (CYY137)";"Neckar";"2026";"22.01.2026";"4,2";"°C"
"CYY137";"510.766";"5.427.724";"2.345";"Temperatur";"Besigheim (CYY137)";"Neckar";"2026";"23.01.2026";"4";"°C"
"CYY137";"510.766";"5.427.724";"2.345";"Temperatur";"Besigheim (CYY137)";"Neckar";"2026";"24.01.2026";"3,8";"°C"
"CYY137";"510.766";"5.427.724";"2.345";"Temperatur";"Besigheim (CYY137)";"Neckar";"2026";"25.01.2026";"3,6";"°C"
"CYY137";"510.766";"5.427.724";"2.345";"Temperatur";"Besigheim (CYY137)";"Neckar";"2026";"26.01.2026";"3,5";"°C"
"CYY137";"510.766";"5.427.724";"2.345";"Temperatur";"Besigheim (CYY137)";"Neckar";"2026";"27.01.2026";"3,5";"°C"
"CYY137";"510.766";"5.427.724";"2.345";"Temperatur";"Besigheim (CYY137)";"Neckar";"2026";"28.01.2026";"3,8";"°C"
"CYY137";"510.766";"5.427.724";"2.345";"Temperatur";"Besigheim (CYY137)";"Neckar";"2026";"29.01.2026";"4,3";"°C"
"CYY137";"510.766";"5.427.724";"2.345";"Temperatur";"Besigheim (CYY137)";"Neckar";"2026";"30.01.2026";"4,3";"°C"
"CYY137";"510.766";"5.427.724";"2.345";"Temperatur";"Besigheim (CYY137)";"Neckar";"2026";"31.01.2026";"4,5";"°C"
"CYY137";"510.766";"5.427.724";"2.345";"Temperatur";"Besigheim (CYY137)";"Neckar";"2026";"01.02.2026";"4,9";"°C"
"CYY137";"510.766";"5.427.724";"2.345";"Temperatur";"Besigheim (CYY137)";"Neckar";"2026";"02.02.2026";"5";"°C"
"CYY137";"510.766";"5.427.724";"2.345";"Temperatur";"Besigheim (CYY137)";"Neckar";"2026";"03.02.2026";"5";"°C"
"CYY137";"510.766";"5.427.724";"2.345";"Temperatur";"Besigheim (CYY137)";"Neckar";"2026";"04.02.2026";"4,8";"°C"
"CYY137";"510.766";"5.427.724";"2.345";"Temperatur";"Besigheim (CYY137)";"Neckar";"2026";"05.02.2026";"4,8";"°C"
"CYY137";"510.766";"5.427.724";"2.345";"Temperatur";"Besigheim (CYY137)";"Neckar";"2026";"06.02.2026";"4,7";"°C"
"CYY137";"510.766";"5.427.724";"2.345";"Temperatur";"Besigheim (CYY137)";"Neckar";"2026";"07.02.2026";"5";"°C"
"CYY137";"510.766";"5.427.724";"2.345";"Temperatur";"Besigheim (CYY137)";"Neckar";"2026";"08.02.2026";"5,2";"°C"
"CYY137";"510.766";"5.427.724";"2.345";"Temperatur";"Besigheim (CYY137)";"Neckar";"2026";"09.02.2026";"5,4";"°C"
"CYY137";"510.766";"5.427.724";"2.345";"Temperatur";"Besigheim (CYY137)";"Neckar";"2026";"10.02.2026";"5,4";"°C"
"CYY137";"510.766";"5.427.724";"2.345";"Temperatur";"Besigheim (CYY137)";"Neckar";"2026";"11.02.2026";"5,8";"°C"
"CYY137";"510.766";"5.427.724";"2.345";"Temperatur";"Besigheim (CYY137)";"Neckar";"2026";"12.02.2026";"6,6";"°C"
"CYY137";"510.766";"5.427.724";"2.345";"Temperatur";"Besigheim (CYY137)";"Neckar";"2026";"13.02.2026";"7,2";"°C"
"CYY137";"510.766";"5.427.724";"2.345";"Temperatur";"Besigheim (CYY137)";"Neckar";"2026";"14.02.2026";"7,4";"°C"
"CYY137";"510.766";"5.427.724";"2.345";"Temperatur";"Besigheim (CYY137)";"Neckar";"2026";"15.02.2026";"7,1";"°C"
"CYY137";"510.766";"5.427.724";"2.345";"Temperatur";"Besigheim (CYY137)";"Neckar";"2026";"16.02.2026";"6,9";"°C"
"CYY137";"510.766";"5.427.724";"2.345";"Temperatur";"Besigheim (CYY137)";"Neckar";"2026";"17.02.2026";"6,4";"°C"
"CYY137";"510.766";"5.427.724";"2.345";"Temperatur";"Besigheim (CYY137)";"Neckar";"2026";"18.02.2026";"6,3";"°C"
"CYY137";"510.766";"5.427.724";"2.345";"Temperatur";"Besigheim (CYY137)";"Neckar";"2026";"19.02.2026";"6,3";"°C"
"CYY137";"510.766";"5.427.724";"2.345";"Temperatur";"Besigheim (CYY137)";"Neckar";"2026";"20.02.2026";"6,2";"°C"
"CYY137";"510.766";"5.427.724";"2.345";"Temperatur";"Besigheim (CYY137)";"Neckar";"2026";"21.02.2026";"6,3";"°C"
"CYY137";"510.766";"5.427.724";"2.345";"Temperatur";"Besigheim (CYY137)";"Neckar";"2026";"22.02.2026";"7,2";"°C"
"CYY137";"510.766";"5.427.724";"2.345";"Temperatur";"Besigheim (CYY137)";"Neckar";"2026";"23.02.2026";"7,9";"°C"
"CYY137";"510.766";"5.427.724";"2.345";"Temperatur";"Besigheim (CYY137)";"Neckar";"2026";"24.02.2026";"8,5";"°C"
"CYY137";"510.766";"5.427.724";"2.345";"Temperatur";"Besigheim (CYY137)";"Neckar";"2026";"25.02.2026";"8,7";"°C"
"CYY137";"510.766";"5.427.724";"2.345";"Temperatur";"Besigheim (CYY137)";"Neckar";"2026";"26.02.2026";"8,9";"°C"
"CYY137";"510.766";"5.427.724";"2.345";"Temperatur";"Besigheim (CYY137)";"Neckar";"2026";"27.02.2026";"9,2";"°C"
"CYY137";"510.766";"5.427.724";"2.345";"Temperatur";"Besigheim (CYY137)";"Neckar";"2026";"28.02.2026";"9,1";"°C"
"CYY137";"510.766";"5.427.724";"2.345";"Temperatur";"Besigheim (CYY137)";"Neckar";"2026";"01.03.2026";"9,2";"°C"
"CYY137";"510.766";"5.427.724";"2.345";"Temperatur";"Besigheim (CYY137)";"Neckar";"2026";"02.03.2026";"9,2";"°C"
"CYY137";"510.766";"5.427.724";"2.345";"Temperatur";"Besigheim (CYY137)";"Neckar";"2026";"03.03.2026";"9,2";"°C"
"CYY137";"510.766";"5.427.724";"2.345";"Temperatur";"Besigheim (CYY137)";"Neckar";"2026";"04.03.2026";"9,3";"°C"
"CYY137";"510.766";"5.427.724";"2.345";"Temperatur";"Besigheim (CYY137)";"Neckar";"2026";"05.03.2026";"9";"°C"
"CYY137";"510.766";"5.427.724";"2.345";"Temperatur";"Besigheim (CYY137)";"Neckar";"2026";"06.03.2026";"9";"°C"
"CYY137";"510.766";"5.427.724";"2.345";"Temperatur";"Besigheim (CYY137)";"Neckar";"2026";"07.03.2026";"9,1";"°C"
"CYY137";"510.766";"5.427.724";"2.345";"Temperatur";"Besigheim (CYY137)";"Neckar";"2026";"08.03.2026";"9,2";"°C"
"CYY137";"510.766";"5.427.724";"2.345";"Temperatur";"Besigheim (CYY137)";"Neckar";"2026";"09.03.2026";"9,4";"°C"
"CYY137";"510.766";"5.427.724";"2.345";"Temperatur";"Besigheim (CYY137)";"Neckar";"2026";"10.03.2026";"9,6";"°C"
"CYY137";"510.766";"5.427.724";"2.345";"Temperatur";"Besigheim (CYY137)";"Neckar";"2026";"11.03.2026";"9,9";"°C"
"CYY137";"510.766";"5.427.724";"2.345";"Temperatur";"Besigheim (CYY137)";"Neckar";"2026";"12.03.2026";"10,3";"°C"
"CYY137";"510.766";"5.427.724";"2.345";"Temperatur";"Besigheim (CYY137)";"Neckar";"2026";"13.03.2026";"10,4";"°C"
"CYY137";"510.766";"5.427.724";"2.345";"Temperatur";"Besigheim (CYY137)";"Neckar";"2026";"14.03.2026";"10,4";"°C"
"CYY137";"510.766";"5.427.724";"2.345";"Temperatur";"Besigheim (CYY137)";"Neckar";"2026";"15.03.2026";"10";"°C"
"CYY137";"510.766";"5.427.724";"2.345";"Temperatur";"Besigheim (CYY137)";"Neckar";"2026";"16.03.2026";"9,8";"°C"
"CYY137";"510.766";"5.427.724";"2.345";"Temperatur";"Besigheim (CYY137)";"Neckar";"2026";"17.03.2026";"9,5";"°C"
"CYY137";"510.766";"5.427.724";"2.345";"Temperatur";"Besigheim (CYY137)";"Neckar";"2026";"18.03.2026";"9,4";"°C"
"CYY137";"510.766";"5.427.724";"2.345";"Temperatur";"Besigheim (CYY137)";"Neckar";"2026";"19.03.2026";"9,5";"°C"
"CYY137";"510.766";"5.427.724";"2.345";"Temperatur";"Besigheim (CYY137)";"Neckar";"2026";"20.03.2026";"9,5";"°C"
"CYY137";"510.766";"5.427.724";"2.345";"Temperatur";"Besigheim (CYY137)";"Neckar";"2026";"21.03.2026";"9,5";"°C"
"CYY137";"510.766";"5.427.724";"2.345";"Temperatur";"Besigheim (CYY137)";"Neckar";"2026";"22.03.2026";"9,7";"°C"
"CYY137";"510.766";"5.427.724";"2.345";"Temperatur";"Besigheim (CYY137)";"Neckar";"2026";"23.03.2026";"10,1";"°C"
"CYY137";"510.766";"5.427.724";"2.345";"Temperatur";"Besigheim (CYY137)";"Neckar";"2026";"24.03.2026";"10,3";"°C"
"CYY137";"510.766";"5.427.724";"2.345";"Temperatur";"Besigheim (CYY137)";"Neckar";"2026";"25.03.2026";"10,2";"°C"
"CYY137";"510.766";"5.427.724";"2.345";"Temperatur";"Besigheim (CYY137)";"Neckar";"2026";"26.03.2026";"9,8";"°C"
"CYY137";"510.766";"5.427.724";"2.345";"Temperatur";"Besigheim (CYY137)";"Neckar";"2026";"27.03.2026";"9,7";"°C"
"CYY137";"510.766";"5.427.724";"2.345";"Temperatur";"Besigheim (CYY137)";"Neckar";"2026";"28.03.2026";"9,4";"°C"
"CYY137";"510.766";"5.427.724";"2.345";"Temperatur";"Besigheim (CYY137)";"Neckar";"2026";"29.03.2026";"9,1";"°C"
"CYY137";"510.766";"5.427.724";"2.345";"Temperatur";"Besigheim (CYY137)";"Neckar";"2026";"30.03.2026";"9";"°C"
"CYY137";"510.766";"5.427.724";"2.345";"Temperatur";"Besigheim (CYY137)";"Neckar";"2026";"31.03.2026";"9";"°C"
"CYY137";"510.766";"5.427.724";"2.345";"Temperatur";"Besigheim (CYY137)";"Neckar";"2026";"01.04.2026";"8,9";"°C"
"CYY137";"510.766";"5.427.724";"2.345";"Temperatur";"Besigheim (CYY137)";"Neckar";"2026";"02.04.2026";"8,8";"°C"
"CYY137";"510.766";"5.427.724";"2.345";"Temperatur";"Besigheim (CYY137)";"Neckar";"2026";"03.04.2026";"9";"°C"
"CYY137";"510.766";"5.427.724";"2.345";"Temperatur";"Besigheim (CYY137)";"Neckar";"2026";"04.04.2026";"9,2";"°C"
"CYY137";"510.766";"5.427.724";"2.345";"Temperatur";"Besigheim (CYY137)";"Neckar";"2026";"05.04.2026";"9,8";"°C"
"CYY137";"510.766";"5.427.724";"2.345";"Temperatur";"Besigheim (CYY137)";"Neckar";"2026";"06.04.2026";"10,3";"°C"
"CYY137";"510.766";"5.427.724";"2.345";"Temperatur";"Besigheim (CYY137)";"Neckar";"2026";"07.04.2026";"10,8";"°C"
"CYY137";"510.766";"5.427.724";"2.345";"Temperatur";"Besigheim (CYY137)";"Neckar";"2026";"08.04.2026";"11,5";"°C"
"CYY137";"510.766";"5.427.724";"2.345";"Temperatur";"Besigheim (CYY137)";"Neckar";"2026";"09.04.2026";"12,1";"°C"
"CYY137";"510.766";"5.427.724";"2.345";"Temperatur";"Besigheim (CYY137)";"Neckar";"2026";"10.04.2026";"12,4";"°C"
"CYY137";"510.766";"5.427.724";"2.345";"Temperatur";"Besigheim (CYY137)";"Neckar";"2026";"11.04.2026";"12,8";"°C"
"CYY137";"510.766";"5.427.724";"2.345";"Temperatur";"Besigheim (CYY137)";"Neckar";"2026";"12.04.2026";"13,1";"°C"
"CYY137";"510.766";"5.427.724";"2.345";"Temperatur";"Besigheim (CYY137)";"Neckar";"2026";"13.04.2026";"12,9";"°C"
"CYY137";"510.766";"5.427.724";"2.345";"Temperatur";"Besigheim (CYY137)";"Neckar";"2026";"14.04.2026";"12,6";"°C"
"CYY137";"510.766";"5.427.724";"2.345";"Temperatur";"Besigheim (CYY137)";"Neckar";"2026";"15.04.2026";"12,4";"°C"
"CYY137";"510.766";"5.427.724";"2.345";"Temperatur";"Besigheim (CYY137)";"Neckar";"2026";"16.04.2026";"12,8";"°C"
"CYY137";"510.766";"5.427.724";"2.345";"Temperatur";"Besigheim (CYY137)";"Neckar";"2026";"17.04.2026";"13,1";"°C"
"CYY137";"510.766";"5.427.724";"2.345";"Temperatur";"Besigheim (CYY137)";"Neckar";"2026";"18.04.2026";"13,5";"°C"
"CYY137";"510.766";"5.427.724";"2.345";"Temperatur";"Besigheim (CYY137)";"Neckar";"2026";"19.04.2026";"13,8";"°C"
"CYY137";"510.766";"5.427.724";"2.345";"Temperatur";"Besigheim (CYY137)";"Neckar";"2026";"20.04.2026";"13,8";"°C"
"CYY137";"510.766";"5.427.724";"2.345";"Temperatur";"Besigheim (CYY137)";"Neckar";"2026";"21.04.2026";"13,6";"°C"
"CYY137";"510.766";"5.427.724";"2.345";"Temperatur";"Besigheim (CYY137)";"Neckar";"2026";"22.04.2026";"13,5";"°C"
"CYY137";"510.766";"5.427.724";"2.345";"Temperatur";"Besigheim (CYY137)";"Neckar";"2026";"23.04.2026";"13,7";"°C"
"CYY137";"510.766";"5.427.724";"2.345";"Temperatur";"Besigheim (CYY137)";"Neckar";"2026";"24.04.2026";"14";"°C"
"CYY137";"510.766";"5.427.724";"2.345";"Temperatur";"Besigheim (CYY137)";"Neckar";"2026";"25.04.2026";"14,4";"°C"
"CYY137";"510.766";"5.427.724";"2.345";"Temperatur";"Besigheim (CYY137)";"Neckar";"2026";"26.04.2026";"14,7";"°C"
"CYY137";"510.766";"5.427.724";"2.345";"Temperatur";"Besigheim (CYY137)";"Neckar";"2026";"27.04.2026";"14,9";"°C"
"CYY137";"510.766";"5.427.724";"2.345";"Temperatur";"Besigheim (CYY137)";"Neckar";"2026";"28.04.2026";"15,2";"°C"
"CYY137";"510.766";"5.427.724";"2.345";"Temperatur";"Besigheim (CYY137)";"Neckar";"2026";"29.04.2026";"15,3";"°C"
"CYY137";"510.766";"5.427.724";"2.345";"Temperatur";"Besigheim (CYY137)";"Neckar";"2026";"30.04.2026";"15,4";"°C"
"CYY137";"510.766";"5.427.724";"2.345";"Temperatur";"Besigheim (CYY137)";"Neckar";"2026";"01.05.2026";"15,8";"°C"
"CYY137";"510.766";"5.427.724";"2.345";"Temperatur";"Besigheim (CYY137)";"Neckar";"2026";"02.05.2026";"16";"°C"
"CYY137";"510.766";"5.427.724";"2.345";"Temperatur";"Besigheim (CYY137)";"Neckar";"2026";"03.05.2026";"16,6";"°C"
"CYY137";"510.766";"5.427.724";"2.345";"Temperatur";"Besigheim (CYY137)";"Neckar";"2026";"04.05.2026";"16,9";"°C"
"CYY137";"510.766";"5.427.724";"2.345";"Temperatur";"Besigheim (CYY137)";"Neckar";"2026";"05.05.2026";"17,1";"°C"
"CYY137";"510.766";"5.427.724";"2.345";"Temperatur";"Besigheim (CYY137)";"Neckar";"2026";"06.05.2026";"17,1";"°C"
"CYY137";"510.766";"5.427.724";"2.345";"Temperatur";"Besigheim (CYY137)";"Neckar";"2026";"07.05.2026";"16,8";"°C"
"CYY137";"510.766";"5.427.724";"2.345";"Temperatur";"Besigheim (CYY137)";"Neckar";"2026";"08.05.2026";"16,5";"°C"
"CYY137";"510.766";"5.427.724";"2.345";"Temperatur";"Besigheim (CYY137)";"Neckar";"2026";"09.05.2026";"16,8";"°C"
"CYY137";"510.766";"5.427.724";"2.345";"Temperatur";"Besigheim (CYY137)";"Neckar";"2026";"10.05.2026";"17,4";"°C"
"CYY137";"510.766";"5.427.724";"2.345";"Temperatur";"Besigheim (CYY137)";"Neckar";"2026";"11.05.2026";"17,5";"°C"
"CYY137";"510.766";"5.427.724";"2.345";"Temperatur";"Besigheim (CYY137)";"Neckar";"2026";"12.05.2026";"16,8";"°C"
"CYY137";"510.766";"5.427.724";"2.345";"Temperatur";"Besigheim (CYY137)";"Neckar";"2026";"13.05.2026";"16,2";"°C"
"CYY137";"510.766";"5.427.724";"2.345";"Temperatur";"Besigheim (CYY137)";"Neckar";"2026";"14.05.2026";"15,7";"°C"
"CYY137";"510.766";"5.427.724";"2.345";"Temperatur";"Besigheim (CYY137)";"Neckar";"2026";"15.05.2026";"15,4";"°C"
"CYY137";"510.766";"5.427.724";"2.345";"Temperatur";"Besigheim (CYY137)";"Neckar";"2026";"16.05.2026";"15,1";"°C"
"CYY137";"510.766";"5.427.724";"2.345";"Temperatur";"Besigheim (CYY137)";"Neckar";"2026";"17.05.2026";"15";"°C"
"CYY137";"510.766";"5.427.724";"2.345";"Temperatur";"Besigheim (CYY137)";"Neckar";"2026";"18.05.2026";"15";"°C"
"CYY137";"510.766";"5.427.724";"2.345";"Temperatur";"Besigheim (CYY137)";"Neckar";"2026";"19.05.2026";"15";"°C"
"CYY137";"510.766";"5.427.724";"2.345";"Temperatur";"Besigheim (CYY137)";"Neckar";"2026";"20.05.2026";"15,2";"°C"
"CYY137";"510.766";"5.427.724";"2.345";"Temperatur";"Besigheim (CYY137)";"Neckar";"2026";"21.05.2026";"15,6";"°C"
"CYY137";"510.766";"5.427.724";"2.345";"Temperatur";"Besigheim (CYY137)";"Neckar";"2026";"22.05.2026";"16,5";"°C"
"CYY137";"510.766";"5.427.724";"2.345";"Temperatur";"Besigheim (CYY137)";"Neckar";"2026";"23.05.2026";"17,5";"°C"
"CYY137";"510.766";"5.427.724";"2.345";"Temperatur";"Besigheim (CYY137)";"Neckar";"2026";"24.05.2026";"18,5";"°C"
"CYY137";"510.766";"5.427.724";"2.345";"Temperatur";"Besigheim (CYY137)";"Neckar";"2026";"25.05.2026";"19,4";"°C"
"CYY137";"510.766";"5.427.724";"2.345";"Temperatur";"Besigheim (CYY137)";"Neckar";"2026";"26.05.2026";"20,4";"°C"
"CYY137";"510.766";"5.427.724";"2.345";"Temperatur";"Besigheim (CYY137)";"Neckar";"2026";"27.05.2026";"21,2";"°C"
"CYY137";"510.766";"5.427.724";"2.345";"Temperatur";"Besigheim (CYY137)";"Neckar";"2026";"28.05.2026";"21,6";"°C"
"CYY137";"510.766";"5.427.724";"2.345";"Temperatur";"Besigheim (CYY137)";"Neckar";"2026";"29.05.2026";"22";"°C"
"CYY137";"510.766";"5.427.724";"2.345";"Temperatur";"Besigheim (CYY137)";"Neckar";"2026";"30.05.2026";"22,3";"°C"
"CYY137";"510.766";"5.427.724";"2.345";"Temperatur";"Besigheim (CYY137)";"Neckar";"2026";"31.05.2026";"22,6";"°C"
"CYY137";"510.766";"5.427.724";"2.345";"Temperatur";"Besigheim (CYY137)";"Neckar";"2026";"01.06.2026";"22,7";"°C"
"CYY137";"510.766";"5.427.724";"2.345";"Temperatur";"Besigheim (CYY137)";"Neckar";"2026";"02.06.2026";"22,8";"°C"
"CYY137";"510.766";"5.427.724";"2.345";"Temperatur";"Besigheim (CYY137)";"Neckar";"2026";"03.06.2026";"22,4";"°C"
"CYY137";"510.766";"5.427.724";"2.345";"Temperatur";"Besigheim (CYY137)";"Neckar";"2026";"04.06.2026";"22";"°C"
"CYY137";"510.766";"5.427.724";"2.345";"Temperatur";"Besigheim (CYY137)";"Neckar";"2026";"05.06.2026";"21,7";"°C"
"CYY137";"510.766";"5.427.724";"2.345";"Temperatur";"Besigheim (CYY137)";"Neckar";"2026";"06.06.2026";"21,6";"°C"
"CYY137";"510.766";"5.427.724";"2.345";"Temperatur";"Besigheim (CYY137)";"Neckar";"2026";"07.06.2026";"21,8";"°C"
"CYY137";"510.766";"5.427.724";"2.345";"Temperatur";"Besigheim (CYY137)";"Neckar";"2026";"08.06.2026";"21,7";"°C"
"CYY137";"510.766";"5.427.724";"2.345";"Temperatur";"Besigheim (CYY137)";"Neckar";"2026";"09.06.2026";"21,4";"°C"
"CYY137";"510.766";"5.427.724";"2.345";"Temperatur";"Besigheim (CYY137)";"Neckar";"2026";"10.06.2026";"20,9";"°C"
"CYY137";"510.766";"5.427.724";"2.345";"Temperatur";"Besigheim (CYY137)";"Neckar";"2026";"11.06.2026";"20,5";"°C"
"CYY137";"510.766";"5.427.724";"2.345";"Temperatur";"Besigheim (CYY137)";"Neckar";"2026";"12.06.2026";"19,9";"°C"
"CYY137";"510.766";"5.427.724";"2.345";"Temperatur";"Besigheim (CYY137)";"Neckar";"2026";"13.06.2026";"19,7";"°C"
"CYY137";"510.766";"5.427.724";"2.345";"Temperatur";"Besigheim (CYY137)";"Neckar";"2026";"14.06.2026";"19,8";"°C"
"CYY137";"510.766";"5.427.724";"2.345";"Temperatur";"Besigheim (CYY137)";"Neckar";"2026";"15.06.2026";"20";"°C"
"CYY137";"510.766";"5.427.724";"2.345";"Temperatur";"Besigheim (CYY137)";"Neckar";"2026";"16.06.2026";"20,2";"°C"
"CYY137";"510.766";"5.427.724";"2.345";"Temperatur";"Besigheim (CYY137)";"Neckar";"2026";"17.06.2026";"20,6";"°C"
"CYY137";"510.766";"5.427.724";"2.345";"Temperatur";"Besigheim (CYY137)";"Neckar";"2026";"18.06.2026";"21,8";"°C"
"CYY137";"510.766";"5.427.724";"2.345";"Temperatur";"Besigheim (CYY137)";"Neckar";"2026";"19.06.2026";"22,7";"°C"
"CYY137";"510.766";"5.427.724";"2.345";"Temperatur";"Besigheim (CYY137)";"Neckar";"2026";"20.06.2026";"23,5";"°C"
"CYY137";"510.766";"5.427.724";"2.345";"Temperatur";"Besigheim (CYY137)";"Neckar";"2026";"21.06.2026";"24,2";"°C"
"CYY137";"510.766";"5.427.724";"2.345";"Temperatur";"Besigheim (CYY137)";"Neckar";"2026";"22.06.2026";"24,7";"°C"
"CYY137";"510.766";"5.427.724";"2.345";"Temperatur";"Besigheim (CYY137)";"Neckar";"2026";"23.06.2026";"25,4";"°C"
"CYY137";"510.766";"5.427.724";"2.345";"Temperatur";"Besigheim (CYY137)";"Neckar";"2026";"24.06.2026";"25,9";"°C"
"CYY137";"510.766";"5.427.724";"2.345";"Temperatur";"Besigheim (CYY137)";"Neckar";"2026";"25.06.2026";"26,7";"°C"
"CYY137";"510.766";"5.427.724";"2.345";"Temperatur";"Besigheim (CYY137)";"Neckar";"2026";"26.06.2026";"27,2";"°C"
"CYY137";"510.766";"5.427.724";"2.345";"Temperatur";"Besigheim (CYY137)";"Neckar";"2026";"27.06.2026";"27,6";"°C"
"CYY137";"510.766";"5.427.724";"2.345";"Temperatur";"Besigheim (CYY137)";"Neckar";"2026";"28.06.2026";"28";"°C"
"CYY137";"510.766";"5.427.724";"2.345";"Temperatur";"Besigheim (CYY137)";"Neckar";"2026";"29.06.2026";"27,8";"°C"
"CYY137";"510.766";"5.427.724";"2.345";"Temperatur";"Besigheim (CYY137)";"Neckar";"2026";"30.06.2026";"27,7";"°C"
"CYY137";"510.766";"5.427.724";"2.345";"Temperatur";"Besigheim (CYY137)";"Neckar";"2026";"01.07.2026";"27,3";"°C"
"CYY137";"510.766";"5.427.724";"2.345";"Temperatur";"Besigheim (CYY137)";"Neckar";"2026";"02.07.2026";"26,9";"°C"
"CYY137";"510.766";"5.427.724";"2.345";"Temperatur";"Besigheim (CYY137)";"Neckar";"2026";"03.07.2026";"26,8";"°C"
"CYY137";"510.766";"5.427.724";"2.345";"Temperatur";"Besigheim (CYY137)";"Neckar";"2026";"04.07.2026";"26,3";"°C"
"CYY137";"510.766";"5.427.724";"2.345";"Temperatur";"Besigheim (CYY137)";"Neckar";"2026";"05.07.2026";"25,8";"°C"
"CYY137";"510.766";"5.427.724";"2.345";"Temperatur";"Besigheim (CYY137)";"Neckar";"2026";"06.07.2026";"25,5";"°C"
"CYY137";"510.766";"5.427.724";"2.345";"Temperatur";"Besigheim (CYY137)";"Neckar";"2026";"07.07.2026";"25,1";"°C"
"CYY137";"510.766";"5.427.724";"2.345";"Temperatur";"Besigheim (CYY137)";"Neckar";"2026";"08.07.2026";"24,8";"°C"
"CYY137";"510.766";"5.427.724";"2.345";"Temperatur";"Besigheim (CYY137)";"Neckar";"2026";"09.07.2026";"25";"°C"
"CYY137";"510.766";"5.427.724";"2.345";"Temperatur";"Besigheim (CYY137)";"Neckar";"2026";"10.07.2026";"25,6";"°C"
"CYY137";"510.766";"5.427.724";"2.345";"Temperatur";"Besigheim (CYY137)";"Neckar";"2026";"11.07.2026";"25,9";"°C"
"CYY137";"510.766";"5.427.724";"2.345";"Temperatur";"Besigheim (CYY137)";"Neckar";"2026";"12.07.2026";"-";"°C"
"CYY137";"510.766";"5.427.724";"2.345";"Temperatur";"Besigheim (CYY137)";"Neckar";"2026";"13.07.2026";"26,1";"°C"
"CYY137";"510.766";"5.427.724";"2.345";"Temperatur";"Besigheim (CYY137)";"Neckar";"2026";"14.07.2026";"26";"°C"
"CYY137";"510.766";"5.427.724";"2.345";"Temperatur";"Besigheim (CYY137)";"Neckar";"2026";"15.07.2026";"25,9";"°C"
"CYY137";"510.766";"5.427.724";"2.345";"Temperatur";"Besigheim (CYY137)";"Neckar";"2026";"16.07.2026";"25,5";"°C"
"CYY137";"510.766";"5.427.724";"2.345";"Temperatur";"Besigheim (CYY137)";"Neckar";"2026";"17.07.2026";"25,4";"°C"
"CYY137";"510.766";"5.427.724";"2.345";"Temperatur";"Besigheim (CYY137)";"Neckar";"2026";"18.07.2026";"24,9";"°C"
"CYY137";"510.766";"5.427.724";"2.345";"Temperatur";"Besigheim (CYY137)";"Neckar";"2026";"19.07.2026";"24,5";"°C"
"CYY137";"510.766";"5.427.724";"2.345";"Temperatur";"Besigheim (CYY137)";"Neckar";"2026";"20.07.2026";"24,3";"°C"
"CYY137";"510.766";"5.427.724";"2.345";"Temperatur";"Besigheim (CYY137)";"Neckar";"2026";"21.07.2026";"24,1";"°C"
"CYY137";"510.766";"5.427.724";"2.345";"Temperatur";"Besigheim (CYY137)";"Neckar";"2026";"22.07.2026";"23,7";"°C"
"CYY137";"510.766";"5.427.724";"2.345";"Temperatur";"Besigheim (CYY137)";"Neckar";"2026";"23.07.2026";"23,6";"°C"
"CYY137";"510.766";"5.427.724";"2.345";"Temperatur";"Besigheim (CYY137)";"Neckar";"2026";"24.07.2026";"23,9";"°C"
"CYY137";"510.766";"5.427.724";"2.345";"Temperatur";"Besigheim (CYY137)";"Neckar";"2026";"25.07.2026";"23,7";"°C"
"CYY137";"510.766";"5.427.724";"2.345";"Temperatur";"Besigheim (CYY137)";"Neckar";"2026";"26.07.2026";"23,6";"°C"
"CYY137";"510.766";"5.427.724";"2.345";"Temperatur";"Besigheim (CYY137)";"Neckar";"2026";"27.07.2026";"23,6";"°C"
"CYY137";"510.766";"5.427.724";"2.345";"Temperatur";"Besigheim (CYY137)";"Neckar";"2026";"28.07.2026";"23,9";"°C"
"CYY137";"510.766";"5.427.724";"2.345";"Temperatur";"Besigheim (CYY137)";"Neckar";"2026";"29.07.2026";"24,1";"°C"
"CYY137";"510.766";"5.427.724";"2.345";"Temperatur";"Besigheim (CYY137)";"Neckar";"2026";"30.07.2026";"24,7";"°C"
"CYY137";"510.766";"5.427.724";"2.345";"Temperatur";"Besigheim (CYY137)";"Neckar";"2026";"31.07.2026";"24,6";"°C"
"CYY137";"510.766";"5.427.724";"2.345";"Temperatur";"Besigheim (CYY137)";"Neckar";"2026";"01.08.2026";"24,8";"°C"
