"GCODE";"Ost";"Nord";"AWGN ID";"Parameter";"Messstation";"Gewässer";"Jahr";"Datum";"Tagesmittelwert";"Dimension"
"CXX359";"448.686";"5.428.915";"6.187";"Temperatur";"Karlsruhe (CXX359)";"Rhein";"2016";"01.01.2016";"8,6";"°C"
"CXX359";"448.686";"5.428.915";"6.187";"Temperatur";"Karlsruhe (CXX359)";"Rhein";"2016";"02.01.2016";"8,4";"°C"
"CXX359";"448.686";"5.428.915";"6.187";"Temperatur";"Karlsruhe (CXX359)";"Rhein";"2016";"03.01.2016";"8,5";"°C"
"CXX359";"448.686";"5.428.915";"6.187";"Temperatur";"Karlsruhe (CXX359)";"Rhein";"2016";"04.01.2016";"8,4";"°C"
"CXX359";"448.686";"5.428.915";"6.187";"Temperatur";"Karlsruhe (CXX359)";"Rhein";"2016";"05.01.2016";"8,3";"°C"
"CXX359";"448.686";"5.428.915";"6.187";"Temperatur";"Karlsruhe (CXX359)";"Rhein";"2016";"06.01.2016";"8,3";"°C"
"CXX359";"448.686";"5.428.915";"6.187";"Temperatur";"Karlsruhe (CXX359)";"Rhein";"2016";"07.01.2016";"8,2";"°C"
"CXX359";"448.686";"5.428.915";"6.187";"Temperatur";"Karlsruhe (CXX359)";"Rhein";"2016";"08.01.2016";"8,1";"°C"
"CXX359";"448.686";"5.428.915";"6.187";"Temperatur";"Karlsruhe (CXX359)";"Rhein";"2016";"09.01.2016";"8,2";"°C"
"CXX359";"448.686";"5.428.915";"6.187";"Temperatur";"Karlsruhe (CXX359)";"Rhein";"2016";"10.01.2016";"8,2";"°C"
"CXX359";"448.686";"5.428.915";"6.187";"Temperatur";"Karlsruhe (CXX359)";"Rhein";"2016";"11.01.2016";"8";"°C"
"CXX359";"448.686";"5.428.915";"6.187";"Temperatur";"Karlsruhe (CXX359)";"Rhein";"2016";"12.01.2016";"7,8";"°C"
"CXX359";"448.686";"5.428.915";"6.187";"Temperatur";"Karlsruhe (CXX359)";"Rhein";"2016";"13.01.2016";"7,6";"°C"
"CXX359";"448.686";"5.428.915";"6.187";"Temperatur";"Karlsruhe (CXX359)";"Rhein";"2016";"14.01.2016";"7,3";"°C"
"CXX359";"448.686";"5.428.915";"6.187";"Temperatur";"Karlsruhe (CXX359)";"Rhein";"2016";"15.01.2016";"6,8";"°C"
"CXX359";"448.686";"5.428.915";"6.187";"Temperatur";"Karlsruhe (CXX359)";"Rhein";"2016";"16.01.2016";"6,5";"°C"
"CXX359";"448.686";"5.428.915";"6.187";"Temperatur";"Karlsruhe (CXX359)";"Rhein";"2016";"17.01.2016";"6,3";"°C"
"CXX359";"448.686";"5.428.915";"6.187";"Temperatur";"Karlsruhe (CXX359)";"Rhein";"2016";"18.01.2016";"5,9";"°C"
"CXX359";"448.686";"5.428.915";"6.187";"Temperatur";"Karlsruhe (CXX359)";"Rhein";"2016";"19.01.2016";"5,4";"°C"
"CXX359";"448.686";"5.428.915";"6.187";"Temperatur";"Karlsruhe (CXX359)";"Rhein";"2016";"20.01.2016";"5,3";"°C"
"CXX359";"448.686";"5.428.915";"6.187";"Temperatur";"Karlsruhe (CXX359)";"Rhein";"2016";"21.01.2016";"5,3";"°C"
"CXX359";"448.686";"5.428.915";"6.187";"Temperatur";"Karlsruhe (CXX359)";"Rhein";"2016";"22.01.2016";"5,2";"°C"
"CXX359";"448.686";"5.428.915";"6.187";"Temperatur";"Karlsruhe (CXX359)";"Rhein";"2016";"23.01.2016";"5,4";"°C"
"CXX359";"448.686";"5.428.915";"6.187";"Temperatur";"Karlsruhe (CXX359)";"Rhein";"2016";"24.01.2016";"5,7";"°C"
"CXX359";"448.686";"5.428.915";"6.187";"Temperatur";"Karlsruhe (CXX359)";"Rhein";"2016";"25.01.2016";"6,2";"°C"
"CXX359";"448.686";"5.428.915";"6.187";"Temperatur";"Karlsruhe (CXX359)";"Rhein";"2016";"26.01.2016";"6,5";"°C"
"CXX359";"448.686";"5.428.915";"6.187";"Temperatur";"Karlsruhe (CXX359)";"Rhein";"2016";"27.01.2016";"7,1";"°C"
"CXX359";"448.686";"5.428.915";"6.187";"Temperatur";"Karlsruhe (CXX359)";"Rhein";"2016";"28.01.2016";"7,5";"°C"
"CXX359";"448.686";"5.428.915";"6.187";"Temperatur";"Karlsruhe (CXX359)";"Rhein";"2016";"29.01.2016";"7,6";"°C"
"CXX359";"448.686";"5.428.915";"6.187";"Temperatur";"Karlsruhe (CXX359)";"Rhein";"2016";"30.01.2016";"7,5";"°C"
"CXX359";"448.686";"5.428.915";"6.187";"Temperatur";"Karlsruhe (CXX359)";"Rhein";"2016";"31.01.2016";"7,5";"°C"
"CXX359";"448.686";"5.428.915";"6.187";"Temperatur";"Karlsruhe (CXX359)";"Rhein";"2016";"01.02.2016";"7,8";"°C"
"CXX359";"448.686";"5.428.915";"6.187";"Temperatur";"Karlsruhe (CXX359)";"Rhein";"2016";"02.02.2016";"8,1";"°C"
"CXX359";"448.686";"5.428.915";"6.187";"Temperatur";"Karlsruhe (CXX359)";"Rhein";"2016";"03.02.2016";"8,1";"°C"
"CXX359";"448.686";"5.428.915";"6.187";"Temperatur";"Karlsruhe (CXX359)";"Rhein";"2016";"04.02.2016";"7,9";"°C"
"CXX359";"448.686";"5.428.915";"6.187";"Temperatur";"Karlsruhe (CXX359)";"Rhein";"2016";"05.02.2016";"7,7";"°C"
"CXX359";"448.686";"5.428.915";"6.187";"Temperatur";"Karlsruhe (CXX359)";"Rhein";"2016";"06.02.2016";"7,5";"°C"
"CXX359";"448.686";"5.428.915";"6.187";"Temperatur";"Karlsruhe (CXX359)";"Rhein";"2016";"07.02.2016";"7,4";"°C"
"CXX359";"448.686";"5.428.915";"6.187";"Temperatur";"Karlsruhe (CXX359)";"Rhein";"2016";"08.02.2016";"7,2";"°C"
"CXX359";"448.686";"5.428.915";"6.187";"Temperatur";"Karlsruhe (CXX359)";"Rhein";"2016";"09.02.2016";"7,3";"°C"
"CXX359";"448.686";"5.428.915";"6.187";"Temperatur";"Karlsruhe (CXX359)";"Rhein";"2016";"10.02.2016";"7,2";"°C"
"CXX359";"448.686";"5.428.915";"6.187";"Temperatur";"Karlsruhe (CXX359)";"Rhein";"2016";"11.02.2016";"7";"°C"
"CXX359";"448.686";"5.428.915";"6.187";"Temperatur";"Karlsruhe (CXX359)";"Rhein";"2016";"12.02.2016";"6,9";"°C"
"CXX359";"448.686";"5.428.915";"6.187";"Temperatur";"Karlsruhe (CXX359)";"Rhein";"2016";"13.02.2016";"6,9";"°C"
"CXX359";"448.686";"5.428.915";"6.187";"Temperatur";"Karlsruhe (CXX359)";"Rhein";"2016";"14.02.2016";"7";"°C"
"CXX359";"448.686";"5.428.915";"6.187";"Temperatur";"Karlsruhe (CXX359)";"Rhein";"2016";"15.02.2016";"6,9";"°C"
"CXX359";"448.686";"5.428.915";"6.187";"Temperatur";"Karlsruhe (CXX359)";"Rhein";"2016";"16.02.2016";"6,7";"°C"
"CXX359";"448.686";"5.428.915";"6.187";"Temperatur";"Karlsruhe (CXX359)";"Rhein";"2016";"17.02.2016";"6,3";"°C"
"CXX359";"448.686";"5.428.915";"6.187";"Temperatur";"Karlsruhe (CXX359)";"Rhein";"2016";"18.02.2016";"6,3";"°C"
"CXX359";"448.686";"5.428.915";"6.187";"Temperatur";"Karlsruhe (CXX359)";"Rhein";"2016";"19.02.2016";"6,4";"°C"
"CXX359";"448.686";"5.428.915";"6.187";"Temperatur";"Karlsruhe (CXX359)";"Rhein";"2016";"20.02.2016";"6,3";"°C"
"CXX359";"448.686";"5.428.915";"6.187";"Temperatur";"Karlsruhe (CXX359)";"Rhein";"2016";"21.02.2016";"6,9";"°C"
"CXX359";"448.686";"5.428.915";"6.187";"Temperatur";"Karlsruhe (CXX359)";"Rhein";"2016";"22.02.2016";"7,4";"°C"
"CXX359";"448.686";"5.428.915";"6.187";"Temperatur";"Karlsruhe (CXX359)";"Rhein";"2016";"23.02.2016";"7,5";"°C"
"CXX359";"448.686";"5.428.915";"6.187";"Temperatur";"Karlsruhe (CXX359)";"Rhein";"2016";"24.02.2016";"7,4";"°C"
"CXX359";"448.686";"5.428.915";"6.187";"Temperatur";"Karlsruhe (CXX359)";"Rhein";"2016";"25.02.2016";"7,6";"°C"
"CXX359";"448.686";"5.428.915";"6.187";"Temperatur";"Karlsruhe (CXX359)";"Rhein";"2016";"26.02.2016";"7,4";"°C"
"CXX359";"448.686";"5.428.915";"6.187";"Temperatur";"Karlsruhe (CXX359)";"Rhein";"2016";"27.02.2016";"7";"°C"
"CXX359";"448.686";"5.428.915";"6.187";"Temperatur";"Karlsruhe (CXX359)";"Rhein";"2016";"28.02.2016";"6,5";"°C"
"CXX359";"448.686";"5.428.915";"6.187";"Temperatur";"Karlsruhe (CXX359)";"Rhein";"2016";"29.02.2016";"6,2";"°C"
"CXX359";"448.686";"5.428.915";"6.187";"Temperatur";"Karlsruhe (CXX359)";"Rhein";"2016";"01.03.2016";"6,2";"°C"
"CXX359";"448.686";"5.428.915";"6.187";"Temperatur";"Karlsruhe (CXX359)";"Rhein";"2016";"02.03.2016";"6,5";"°C"
"CXX359";"448.686";"5.428.915";"6.187";"Temperatur";"Karlsruhe (CXX359)";"Rhein";"2016";"03.03.2016";"6,5";"°C"
"CXX359";"448.686";"5.428.915";"6.187";"Temperatur";"Karlsruhe (CXX359)";"Rhein";"2016";"04.03.2016";"6,5";"°C"
"CXX359";"448.686";"5.428.915";"6.187";"Temperatur";"Karlsruhe (CXX359)";"Rhein";"2016";"05.03.2016";"6,6";"°C"
"CXX359";"448.686";"5.428.915";"6.187";"Temperatur";"Karlsruhe (CXX359)";"Rhein";"2016";"06.03.2016";"6,6";"°C"
"CXX359";"448.686";"5.428.915";"6.187";"Temperatur";"Karlsruhe (CXX359)";"Rhein";"2016";"07.03.2016";"6,6";"°C"
"CXX359";"448.686";"5.428.915";"6.187";"Temperatur";"Karlsruhe (CXX359)";"Rhein";"2016";"08.03.2016";"6,6";"°C"
"CXX359";"448.686";"5.428.915";"6.187";"Temperatur";"Karlsruhe (CXX359)";"Rhein";"2016";"09.03.2016";"6,5";"°C"
"CXX359";"448.686";"5.428.915";"6.187";"Temperatur";"Karlsruhe (CXX359)";"Rhein";"2016";"10.03.2016";"6,7";"°C"
"CXX359";"448.686";"5.428.915";"6.187";"Temperatur";"Karlsruhe (CXX359)";"Rhein";"2016";"11.03.2016";"6,9";"°C"
"CXX359";"448.686";"5.428.915";"6.187";"Temperatur";"Karlsruhe (CXX359)";"Rhein";"2016";"12.03.2016";"7,2";"°C"
"CXX359";"448.686";"5.428.915";"6.187";"Temperatur";"Karlsruhe (CXX359)";"Rhein";"2016";"13.03.2016";"7,2";"°C"
"CXX359";"448.686";"5.428.915";"6.187";"Temperatur";"Karlsruhe (CXX359)";"Rhein";"2016";"14.03.2016";"7,3";"°C"
"CXX359";"448.686";"5.428.915";"6.187";"Temperatur";"Karlsruhe (CXX359)";"Rhein";"2016";"15.03.2016";"7,3";"°C"
"CXX359";"448.686";"5.428.915";"6.187";"Temperatur";"Karlsruhe (CXX359)";"Rhein";"2016";"16.03.2016";"7,2";"°C"
"CXX359";"448.686";"5.428.915";"6.187";"Temperatur";"Karlsruhe (CXX359)";"Rhein";"2016";"17.03.2016";"7,2";"°C"
"CXX359";"448.686";"5.428.915";"6.187";"Temperatur";"Karlsruhe (CXX359)";"Rhein";"2016";"18.03.2016";"7,6";"°C"
"CXX359";"448.686";"5.428.915";"6.187";"Temperatur";"Karlsruhe (CXX359)";"Rhein";"2016";"19.03.2016";"7,6";"°C"
"CXX359";"448.686";"5.428.915";"6.187";"Temperatur";"Karlsruhe (CXX359)";"Rhein";"2016";"20.03.2016";"7,8";"°C"
"CXX359";"448.686";"5.428.915";"6.187";"Temperatur";"Karlsruhe (CXX359)";"Rhein";"2016";"21.03.2016";"8,1";"°C"
"CXX359";"448.686";"5.428.915";"6.187";"Temperatur";"Karlsruhe (CXX359)";"Rhein";"2016";"22.03.2016";"8,5";"°C"
"CXX359";"448.686";"5.428.915";"6.187";"Temperatur";"Karlsruhe (CXX359)";"Rhein";"2016";"23.03.2016";"8,8";"°C"
"CXX359";"448.686";"5.428.915";"6.187";"Temperatur";"Karlsruhe (CXX359)";"Rhein";"2016";"24.03.2016";"8,9";"°C"
"CXX359";"448.686";"5.428.915";"6.187";"Temperatur";"Karlsruhe (CXX359)";"Rhein";"2016";"25.03.2016";"9";"°C"
"CXX359";"448.686";"5.428.915";"6.187";"Temperatur";"Karlsruhe (CXX359)";"Rhein";"2016";"26.03.2016";"9,3";"°C"
"CXX359";"448.686";"5.428.915";"6.187";"Temperatur";"Karlsruhe (CXX359)";"Rhein";"2016";"27.03.2016";"9,4";"°C"
"CXX359";"448.686";"5.428.915";"6.187";"Temperatur";"Karlsruhe (CXX359)";"Rhein";"2016";"28.03.2016";"9,5";"°C"
"CXX359";"448.686";"5.428.915";"6.187";"Temperatur";"Karlsruhe (CXX359)";"Rhein";"2016";"29.03.2016";"9,5";"°C"
"CXX359";"448.686";"5.428.915";"6.187";"Temperatur";"Karlsruhe (CXX359)";"Rhein";"2016";"30.03.2016";"9,7";"°C"
"CXX359";"448.686";"5.428.915";"6.187";"Temperatur";"Karlsruhe (CXX359)";"Rhein";"2016";"31.03.2016";"10";"°C"
"CXX359";"448.686";"5.428.915";"6.187";"Temperatur";"Karlsruhe (CXX359)";"Rhein";"2016";"01.04.2016";"10";"°C"
"CXX359";"448.686";"5.428.915";"6.187";"Temperatur";"Karlsruhe (CXX359)";"Rhein";"2016";"02.04.2016";"10";"°C"
"CXX359";"448.686";"5.428.915";"6.187";"Temperatur";"Karlsruhe (CXX359)";"Rhein";"2016";"03.04.2016";"10,6";"°C"
"CXX359";"448.686";"5.428.915";"6.187";"Temperatur";"Karlsruhe (CXX359)";"Rhein";"2016";"04.04.2016";"11,1";"°C"
"CXX359";"448.686";"5.428.915";"6.187";"Temperatur";"Karlsruhe (CXX359)";"Rhein";"2016";"05.04.2016";"11,3";"°C"
"CXX359";"448.686";"5.428.915";"6.187";"Temperatur";"Karlsruhe (CXX359)";"Rhein";"2016";"06.04.2016";"11,6";"°C"
"CXX359";"448.686";"5.428.915";"6.187";"Temperatur";"Karlsruhe (CXX359)";"Rhein";"2016";"07.04.2016";"11,6";"°C"
"CXX359";"448.686";"5.428.915";"6.187";"Temperatur";"Karlsruhe (CXX359)";"Rhein";"2016";"08.04.2016";"11,6";"°C"
"CXX359";"448.686";"5.428.915";"6.187";"Temperatur";"Karlsruhe (CXX359)";"Rhein";"2016";"09.04.2016";"11,5";"°C"
"CXX359";"448.686";"5.428.915";"6.187";"Temperatur";"Karlsruhe (CXX359)";"Rhein";"2016";"10.04.2016";"11,7";"°C"
"CXX359";"448.686";"5.428.915";"6.187";"Temperatur";"Karlsruhe (CXX359)";"Rhein";"2016";"11.04.2016";"11,7";"°C"
"CXX359";"448.686";"5.428.915";"6.187";"Temperatur";"Karlsruhe (CXX359)";"Rhein";"2016";"12.04.2016";"11,9";"°C"
"CXX359";"448.686";"5.428.915";"6.187";"Temperatur";"Karlsruhe (CXX359)";"Rhein";"2016";"13.04.2016";"11,9";"°C"
"CXX359";"448.686";"5.428.915";"6.187";"Temperatur";"Karlsruhe (CXX359)";"Rhein";"2016";"14.04.2016";"12,1";"°C"
"CXX359";"448.686";"5.428.915";"6.187";"Temperatur";"Karlsruhe (CXX359)";"Rhein";"2016";"15.04.2016";"12,3";"°C"
"CXX359";"448.686";"5.428.915";"6.187";"Temperatur";"Karlsruhe (CXX359)";"Rhein";"2016";"16.04.2016";"12,4";"°C"
"CXX359";"448.686";"5.428.915";"6.187";"Temperatur";"Karlsruhe (CXX359)";"Rhein";"2016";"17.04.2016";"12,1";"°C"
"CXX359";"448.686";"5.428.915";"6.187";"Temperatur";"Karlsruhe (CXX359)";"Rhein";"2016";"18.04.2016";"11,6";"°C"
"CXX359";"448.686";"5.428.915";"6.187";"Temperatur";"Karlsruhe (CXX359)";"Rhein";"2016";"19.04.2016";"11,2";"°C"
"CXX359";"448.686";"5.428.915";"6.187";"Temperatur";"Karlsruhe (CXX359)";"Rhein";"2016";"20.04.2016";"11,3";"°C"
"CXX359";"448.686";"5.428.915";"6.187";"Temperatur";"Karlsruhe (CXX359)";"Rhein";"2016";"21.04.2016";"11,4";"°C"
"CXX359";"448.686";"5.428.915";"6.187";"Temperatur";"Karlsruhe (CXX359)";"Rhein";"2016";"22.04.2016";"11,9";"°C"
"CXX359";"448.686";"5.428.915";"6.187";"Temperatur";"Karlsruhe (CXX359)";"Rhein";"2016";"23.04.2016";"12,1";"°C"
"CXX359";"448.686";"5.428.915";"6.187";"Temperatur";"Karlsruhe (CXX359)";"Rhein";"2016";"24.04.2016";"12";"°C"
"CXX359";"448.686";"5.428.915";"6.187";"Temperatur";"Karlsruhe (CXX359)";"Rhein";"2016";"25.04.2016";"11,8";"°C"
"CXX359";"448.686";"5.428.915";"6.187";"Temperatur";"Karlsruhe (CXX359)";"Rhein";"2016";"26.04.2016";"11,3";"°C"
"CXX359";"448.686";"5.428.915";"6.187";"Temperatur";"Karlsruhe (CXX359)";"Rhein";"2016";"27.04.2016";"10,7";"°C"
"CXX359";"448.686";"5.428.915";"6.187";"Temperatur";"Karlsruhe (CXX359)";"Rhein";"2016";"28.04.2016";"10,4";"°C"
"CXX359";"448.686";"5.428.915";"6.187";"Temperatur";"Karlsruhe (CXX359)";"Rhein";"2016";"29.04.2016";"10,6";"°C"
"CXX359";"448.686";"5.428.915";"6.187";"Temperatur";"Karlsruhe (CXX359)";"Rhein";"2016";"30.04.2016";"10,7";"°C"
"CXX359";"448.686";"5.428.915";"6.187";"Temperatur";"Karlsruhe (CXX359)";"Rhein";"2016";"01.05.2016";"10,8";"°C"
"CXX359";"448.686";"5.428.915";"6.187";"Temperatur";"Karlsruhe (CXX359)";"Rhein";"2016";"02.05.2016";"11,2";"°C"
"CXX359";"448.686";"5.428.915";"6.187";"Temperatur";"Karlsruhe (CXX359)";"Rhein";"2016";"03.05.2016";"11,9";"°C"
"CXX359";"448.686";"5.428.915";"6.187";"Temperatur";"Karlsruhe (CXX359)";"Rhein";"2016";"04.05.2016";"12";"°C"
"CXX359";"448.686";"5.428.915";"6.187";"Temperatur";"Karlsruhe (CXX359)";"Rhein";"2016";"05.05.2016";"12,2";"°C"
"CXX359";"448.686";"5.428.915";"6.187";"Temperatur";"Karlsruhe (CXX359)";"Rhein";"2016";"06.05.2016";"12,9";"°C"
"CXX359";"448.686";"5.428.915";"6.187";"Temperatur";"Karlsruhe (CXX359)";"Rhein";"2016";"07.05.2016";"13,6";"°C"
"CXX359";"448.686";"5.428.915";"6.187";"Temperatur";"Karlsruhe (CXX359)";"Rhein";"2016";"08.05.2016";"14,3";"°C"
"CXX359";"448.686";"5.428.915";"6.187";"Temperatur";"Karlsruhe (CXX359)";"Rhein";"2016";"09.05.2016";"15";"°C"
"CXX359";"448.686";"5.428.915";"6.187";"Temperatur";"Karlsruhe (CXX359)";"Rhein";"2016";"10.05.2016";"15,5";"°C"
"CXX359";"448.686";"5.428.915";"6.187";"Temperatur";"Karlsruhe (CXX359)";"Rhein";"2016";"11.05.2016";"15,8";"°C"
"CXX359";"448.686";"5.428.915";"6.187";"Temperatur";"Karlsruhe (CXX359)";"Rhein";"2016";"12.05.2016";"15,8";"°C"
"CXX359";"448.686";"5.428.915";"6.187";"Temperatur";"Karlsruhe (CXX359)";"Rhein";"2016";"13.05.2016";"15,9";"°C"
"CXX359";"448.686";"5.428.915";"6.187";"Temperatur";"Karlsruhe (CXX359)";"Rhein";"2016";"14.05.2016";"15,3";"°C"
"CXX359";"448.686";"5.428.915";"6.187";"Temperatur";"Karlsruhe (CXX359)";"Rhein";"2016";"15.05.2016";"13,6";"°C"
"CXX359";"448.686";"5.428.915";"6.187";"Temperatur";"Karlsruhe (CXX359)";"Rhein";"2016";"16.05.2016";"12,9";"°C"
"CXX359";"448.686";"5.428.915";"6.187";"Temperatur";"Karlsruhe (CXX359)";"Rhein";"2016";"17.05.2016";"12,8";"°C"
"CXX359";"448.686";"5.428.915";"6.187";"Temperatur";"Karlsruhe (CXX359)";"Rhein";"2016";"18.05.2016";"13,1";"°C"
"CXX359";"448.686";"5.428.915";"6.187";"Temperatur";"Karlsruhe (CXX359)";"Rhein";"2016";"19.05.2016";"13,5";"°C"
"CXX359";"448.686";"5.428.915";"6.187";"Temperatur";"Karlsruhe (CXX359)";"Rhein";"2016";"20.05.2016";"14";"°C"
"CXX359";"448.686";"5.428.915";"6.187";"Temperatur";"Karlsruhe (CXX359)";"Rhein";"2016";"21.05.2016";"14,7";"°C"
"CXX359";"448.686";"5.428.915";"6.187";"Temperatur";"Karlsruhe (CXX359)";"Rhein";"2016";"22.05.2016";"15,2";"°C"
"CXX359";"448.686";"5.428.915";"6.187";"Temperatur";"Karlsruhe (CXX359)";"Rhein";"2016";"23.05.2016";"15";"°C"
"CXX359";"448.686";"5.428.915";"6.187";"Temperatur";"Karlsruhe (CXX359)";"Rhein";"2016";"24.05.2016";"14,9";"°C"
"CXX359";"448.686";"5.428.915";"6.187";"Temperatur";"Karlsruhe (CXX359)";"Rhein";"2016";"25.05.2016";"15";"°C"
"CXX359";"448.686";"5.428.915";"6.187";"Temperatur";"Karlsruhe (CXX359)";"Rhein";"2016";"26.05.2016";"15";"°C"
"CXX359";"448.686";"5.428.915";"6.187";"Temperatur";"Karlsruhe (CXX359)";"Rhein";"2016";"27.05.2016";"15,5";"°C"
"CXX359";"448.686";"5.428.915";"6.187";"Temperatur";"Karlsruhe (CXX359)";"Rhein";"2016";"28.05.2016";"16,2";"°C"
"CXX359";"448.686";"5.428.915";"6.187";"Temperatur";"Karlsruhe (CXX359)";"Rhein";"2016";"29.05.2016";"16,9";"°C"
"CXX359";"448.686";"5.428.915";"6.187";"Temperatur";"Karlsruhe (CXX359)";"Rhein";"2016";"30.05.2016";"17,1";"°C"
"CXX359";"448.686";"5.428.915";"6.187";"Temperatur";"Karlsruhe (CXX359)";"Rhein";"2016";"31.05.2016";"16,6";"°C"
"CXX359";"448.686";"5.428.915";"6.187";"Temperatur";"Karlsruhe (CXX359)";"Rhein";"2016";"01.06.2016";"16,3";"°C"
"CXX359";"448.686";"5.428.915";"6.187";"Temperatur";"Karlsruhe (CXX359)";"Rhein";"2016";"02.06.2016";"16,4";"°C"
"CXX359";"448.686";"5.428.915";"6.187";"Temperatur";"Karlsruhe (CXX359)";"Rhein";"2016";"03.06.2016";"16,3";"°C"
"CXX359";"448.686";"5.428.915";"6.187";"Temperatur";"Karlsruhe (CXX359)";"Rhein";"2016";"04.06.2016";"16,6";"°C"
"CXX359";"448.686";"5.428.915";"6.187";"Temperatur";"Karlsruhe (CXX359)";"Rhein";"2016";"05.06.2016";"16,7";"°C"
"CXX359";"448.686";"5.428.915";"6.187";"Temperatur";"Karlsruhe (CXX359)";"Rhein";"2016";"06.06.2016";"17,1";"°C"
"CXX359";"448.686";"5.428.915";"6.187";"Temperatur";"Karlsruhe (CXX359)";"Rhein";"2016";"07.06.2016";"17,4";"°C"
"CXX359";"448.686";"5.428.915";"6.187";"Temperatur";"Karlsruhe (CXX359)";"Rhein";"2016";"08.06.2016";"17,6";"°C"
"CXX359";"448.686";"5.428.915";"6.187";"Temperatur";"Karlsruhe (CXX359)";"Rhein";"2016";"09.06.2016";"17,7";"°C"
"CXX359";"448.686";"5.428.915";"6.187";"Temperatur";"Karlsruhe (CXX359)";"Rhein";"2016";"10.06.2016";"17,8";"°C"
"CXX359";"448.686";"5.428.915";"6.187";"Temperatur";"Karlsruhe (CXX359)";"Rhein";"2016";"11.06.2016";"17,7";"°C"
"CXX359";"448.686";"5.428.915";"6.187";"Temperatur";"Karlsruhe (CXX359)";"Rhein";"2016";"12.06.2016";"17,5";"°C"
"CXX359";"448.686";"5.428.915";"6.187";"Temperatur";"Karlsruhe (CXX359)";"Rhein";"2016";"13.06.2016";"17,7";"°C"
"CXX359";"448.686";"5.428.915";"6.187";"Temperatur";"Karlsruhe (CXX359)";"Rhein";"2016";"14.06.2016";"17,4";"°C"
"CXX359";"448.686";"5.428.915";"6.187";"Temperatur";"Karlsruhe (CXX359)";"Rhein";"2016";"15.06.2016";"16,9";"°C"
"CXX359";"448.686";"5.428.915";"6.187";"Temperatur";"Karlsruhe (CXX359)";"Rhein";"2016";"16.06.2016";"16,6";"°C"
"CXX359";"448.686";"5.428.915";"6.187";"Temperatur";"Karlsruhe (CXX359)";"Rhein";"2016";"17.06.2016";"16,4";"°C"
"CXX359";"448.686";"5.428.915";"6.187";"Temperatur";"Karlsruhe (CXX359)";"Rhein";"2016";"18.06.2016";"16,3";"°C"
"CXX359";"448.686";"5.428.915";"6.187";"Temperatur";"Karlsruhe (CXX359)";"Rhein";"2016";"19.06.2016";"16,3";"°C"
"CXX359";"448.686";"5.428.915";"6.187";"Temperatur";"Karlsruhe (CXX359)";"Rhein";"2016";"20.06.2016";"16,4";"°C"
"CXX359";"448.686";"5.428.915";"6.187";"Temperatur";"Karlsruhe (CXX359)";"Rhein";"2016";"21.06.2016";"16,7";"°C"
"CXX359";"448.686";"5.428.915";"6.187";"Temperatur";"Karlsruhe (CXX359)";"Rhein";"2016";"22.06.2016";"17,3";"°C"
"CXX359";"448.686";"5.428.915";"6.187";"Temperatur";"Karlsruhe (CXX359)";"Rhein";"2016";"23.06.2016";"18,1";"°C"
"CXX359";"448.686";"5.428.915";"6.187";"Temperatur";"Karlsruhe (CXX359)";"Rhein";"2016";"24.06.2016";"19";"°C"
"CXX359";"448.686";"5.428.915";"6.187";"Temperatur";"Karlsruhe (CXX359)";"Rhein";"2016";"25.06.2016";"19,7";"°C"
"CXX359";"448.686";"5.428.915";"6.187";"Temperatur";"Karlsruhe (CXX359)";"Rhein";"2016";"26.06.2016";"19,5";"°C"
"CXX359";"448.686";"5.428.915";"6.187";"Temperatur";"Karlsruhe (CXX359)";"Rhein";"2016";"27.06.2016";"19,3";"°C"
"CXX359";"448.686";"5.428.915";"6.187";"Temperatur";"Karlsruhe (CXX359)";"Rhein";"2016";"28.06.2016";"19";"°C"
"CXX359";"448.686";"5.428.915";"6.187";"Temperatur";"Karlsruhe (CXX359)";"Rhein";"2016";"29.06.2016";"19,3";"°C"
"CXX359";"448.686";"5.428.915";"6.187";"Temperatur";"Karlsruhe (CXX359)";"Rhein";"2016";"30.06.2016";"19,5";"°C"
"CXX359";"448.686";"5.428.915";"6.187";"Temperatur";"Karlsruhe (CXX359)";"Rhein";"2016";"01.07.2016";"20,1";"°C"
"CXX359";"448.686";"5.428.915";"6.187";"Temperatur";"Karlsruhe (CXX359)";"Rhein";"2016";"02.07.2016";"20,2";"°C"
"CXX359";"448.686";"5.428.915";"6.187";"Temperatur";"Karlsruhe (CXX359)";"Rhein";"2016";"03.07.2016";"19,7";"°C"
"CXX359";"448.686";"5.428.915";"6.187";"Temperatur";"Karlsruhe (CXX359)";"Rhein";"2016";"04.07.2016";"19,8";"°C"
"CXX359";"448.686";"5.428.915";"6.187";"Temperatur";"Karlsruhe (CXX359)";"Rhein";"2016";"05.07.2016";"20,2";"°C"
"CXX359";"448.686";"5.428.915";"6.187";"Temperatur";"Karlsruhe (CXX359)";"Rhein";"2016";"06.07.2016";"20,4";"°C"
"CXX359";"448.686";"5.428.915";"6.187";"Temperatur";"Karlsruhe (CXX359)";"Rhein";"2016";"07.07.2016";"20,8";"°C"
"CXX359";"448.686";"5.428.915";"6.187";"Temperatur";"Karlsruhe (CXX359)";"Rhein";"2016";"08.07.2016";"21,2";"°C"
"CXX359";"448.686";"5.428.915";"6.187";"Temperatur";"Karlsruhe (CXX359)";"Rhein";"2016";"09.07.2016";"21,5";"°C"
"CXX359";"448.686";"5.428.915";"6.187";"Temperatur";"Karlsruhe (CXX359)";"Rhein";"2016";"10.07.2016";"22,1";"°C"
"CXX359";"448.686";"5.428.915";"6.187";"Temperatur";"Karlsruhe (CXX359)";"Rhein";"2016";"11.07.2016";"22,6";"°C"
"CXX359";"448.686";"5.428.915";"6.187";"Temperatur";"Karlsruhe (CXX359)";"Rhein";"2016";"12.07.2016";"22,2";"°C"
"CXX359";"448.686";"5.428.915";"6.187";"Temperatur";"Karlsruhe (CXX359)";"Rhein";"2016";"13.07.2016";"21,9";"°C"
"CXX359";"448.686";"5.428.915";"6.187";"Temperatur";"Karlsruhe (CXX359)";"Rhein";"2016";"14.07.2016";"21,2";"°C"
"CXX359";"448.686";"5.428.915";"6.187";"Temperatur";"Karlsruhe (CXX359)";"Rhein";"2016";"15.07.2016";"20,3";"°C"
"CXX359";"448.686";"5.428.915";"6.187";"Temperatur";"Karlsruhe (CXX359)";"Rhein";"2016";"16.07.2016";"19,6";"°C"
"CXX359";"448.686";"5.428.915";"6.187";"Temperatur";"Karlsruhe (CXX359)";"Rhein";"2016";"17.07.2016";"19,6";"°C"
"CXX359";"448.686";"5.428.915";"6.187";"Temperatur";"Karlsruhe (CXX359)";"Rhein";"2016";"18.07.2016";"20,2";"°C"
"CXX359";"448.686";"5.428.915";"6.187";"Temperatur";"Karlsruhe (CXX359)";"Rhein";"2016";"19.07.2016";"21";"°C"
"CXX359";"448.686";"5.428.915";"6.187";"Temperatur";"Karlsruhe (CXX359)";"Rhein";"2016";"20.07.2016";"21,7";"°C"
"CXX359";"448.686";"5.428.915";"6.187";"Temperatur";"Karlsruhe (CXX359)";"Rhein";"2016";"21.07.2016";"22,3";"°C"
"CXX359";"448.686";"5.428.915";"6.187";"Temperatur";"Karlsruhe (CXX359)";"Rhein";"2016";"22.07.2016";"22,5";"°C"
"CXX359";"448.686";"5.428.915";"6.187";"Temperatur";"Karlsruhe (CXX359)";"Rhein";"2016";"23.07.2016";"22,6";"°C"
"CXX359";"448.686";"5.428.915";"6.187";"Temperatur";"Karlsruhe (CXX359)";"Rhein";"2016";"24.07.2016";"22,7";"°C"
"CXX359";"448.686";"5.428.915";"6.187";"Temperatur";"Karlsruhe (CXX359)";"Rhein";"2016";"25.07.2016";"22,6";"°C"
"CXX359";"448.686";"5.428.915";"6.187";"Temperatur";"Karlsruhe (CXX359)";"Rhein";"2016";"26.07.2016";"22,9";"°C"
"CXX359";"448.686";"5.428.915";"6.187";"Temperatur";"Karlsruhe (CXX359)";"Rhein";"2016";"27.07.2016";"23,1";"°C"
"CXX359";"448.686";"5.428.915";"6.187";"Temperatur";"Karlsruhe (CXX359)";"Rhein";"2016";"28.07.2016";"23,3";"°C"
"CXX359";"448.686";"5.428.915";"6.187";"Temperatur";"Karlsruhe (CXX359)";"Rhein";"2016";"29.07.2016";"23,2";"°C"
"CXX359";"448.686";"5.428.915";"6.187";"Temperatur";"Karlsruhe (CXX359)";"Rhein";"2016";"30.07.2016";"23,3";"°C"
"CXX359";"448.686";"5.428.915";"6.187";"Temperatur";"Karlsruhe (CXX359)";"Rhein";"2016";"31.07.2016";"23,2";"°C"
"CXX359";"448.686";"5.428.915";"6.187";"Temperatur";"Karlsruhe (CXX359)";"Rhein";"2016";"01.08.2016";"22,9";"°C"
"CXX359";"448.686";"5.428.915";"6.187";"Temperatur";"Karlsruhe (CXX359)";"Rhein";"2016";"02.08.2016";"22,6";"°C"
"CXX359";"448.686";"5.428.915";"6.187";"Temperatur";"Karlsruhe (CXX359)";"Rhein";"2016";"03.08.2016";"22,4";"°C"
"CXX359";"448.686";"5.428.915";"6.187";"Temperatur";"Karlsruhe (CXX359)";"Rhein";"2016";"04.08.2016";"22,3";"°C"
"CXX359";"448.686";"5.428.915";"6.187";"Temperatur";"Karlsruhe (CXX359)";"Rhein";"2016";"05.08.2016";"22,1";"°C"
"CXX359";"448.686";"5.428.915";"6.187";"Temperatur";"Karlsruhe (CXX359)";"Rhein";"2016";"06.08.2016";"22,2";"°C"
"CXX359";"448.686";"5.428.915";"6.187";"Temperatur";"Karlsruhe (CXX359)";"Rhein";"2016";"07.08.2016";"22,2";"°C"
"CXX359";"448.686";"5.428.915";"6.187";"Temperatur";"Karlsruhe (CXX359)";"Rhein";"2016";"08.08.2016";"21,9";"°C"
"CXX359";"448.686";"5.428.915";"6.187";"Temperatur";"Karlsruhe (CXX359)";"Rhein";"2016";"09.08.2016";"21,4";"°C"
"CXX359";"448.686";"5.428.915";"6.187";"Temperatur";"Karlsruhe (CXX359)";"Rhein";"2016";"10.08.2016";"21,5";"°C"
"CXX359";"448.686";"5.428.915";"6.187";"Temperatur";"Karlsruhe (CXX359)";"Rhein";"2016";"11.08.2016";"21,3";"°C"
"CXX359";"448.686";"5.428.915";"6.187";"Temperatur";"Karlsruhe (CXX359)";"Rhein";"2016";"12.08.2016";"21";"°C"
"CXX359";"448.686";"5.428.915";"6.187";"Temperatur";"Karlsruhe (CXX359)";"Rhein";"2016";"13.08.2016";"21,1";"°C"
"CXX359";"448.686";"5.428.915";"6.187";"Temperatur";"Karlsruhe (CXX359)";"Rhein";"2016";"14.08.2016";"21,5";"°C"
"CXX359";"448.686";"5.428.915";"6.187";"Temperatur";"Karlsruhe (CXX359)";"Rhein";"2016";"15.08.2016";"21,7";"°C"
"CXX359";"448.686";"5.428.915";"6.187";"Temperatur";"Karlsruhe (CXX359)";"Rhein";"2016";"16.08.2016";"21,9";"°C"
"CXX359";"448.686";"5.428.915";"6.187";"Temperatur";"Karlsruhe (CXX359)";"Rhein";"2016";"17.08.2016";"22";"°C"
"CXX359";"448.686";"5.428.915";"6.187";"Temperatur";"Karlsruhe (CXX359)";"Rhein";"2016";"18.08.2016";"22";"°C"
"CXX359";"448.686";"5.428.915";"6.187";"Temperatur";"Karlsruhe (CXX359)";"Rhein";"2016";"19.08.2016";"22,3";"°C"
"CXX359";"448.686";"5.428.915";"6.187";"Temperatur";"Karlsruhe (CXX359)";"Rhein";"2016";"20.08.2016";"22,1";"°C"
"CXX359";"448.686";"5.428.915";"6.187";"Temperatur";"Karlsruhe (CXX359)";"Rhein";"2016";"21.08.2016";"21,5";"°C"
"CXX359";"448.686";"5.428.915";"6.187";"Temperatur";"Karlsruhe (CXX359)";"Rhein";"2016";"22.08.2016";"21,2";"°C"
"CXX359";"448.686";"5.428.915";"6.187";"Temperatur";"Karlsruhe (CXX359)";"Rhein";"2016";"23.08.2016";"21,2";"°C"
"CXX359";"448.686";"5.428.915";"6.187";"Temperatur";"Karlsruhe (CXX359)";"Rhein";"2016";"24.08.2016";"21,7";"°C"
"CXX359";"448.686";"5.428.915";"6.187";"Temperatur";"Karlsruhe (CXX359)";"Rhein";"2016";"25.08.2016";"22,2";"°C"
"CXX359";"448.686";"5.428.915";"6.187";"Temperatur";"Karlsruhe (CXX359)";"Rhein";"2016";"26.08.2016";"22,6";"°C"
"CXX359";"448.686";"5.428.915";"6.187";"Temperatur";"Karlsruhe (CXX359)";"Rhein";"2016";"27.08.2016";"23,1";"°C"
"CXX359";"448.686";"5.428.915";"6.187";"Temperatur";"Karlsruhe (CXX359)";"Rhein";"2016";"28.08.2016";"23,6";"°C"
"CXX359";"448.686";"5.428.915";"6.187";"Temperatur";"Karlsruhe (CXX359)";"Rhein";"2016";"29.08.2016";"23,7";"°C"
"CXX359";"448.686";"5.428.915";"6.187";"Temperatur";"Karlsruhe (CXX359)";"Rhein";"2016";"30.08.2016";"23,2";"°C"
"CXX359";"448.686";"5.428.915";"6.187";"Temperatur";"Karlsruhe (CXX359)";"Rhein";"2016";"31.08.2016";"23,1";"°C"
"CXX359";"448.686";"5.428.915";"6.187";"Temperatur";"Karlsruhe (CXX359)";"Rhein";"2016";"01.09.2016";"23,3";"°C"
"CXX359";"448.686";"5.428.915";"6.187";"Temperatur";"Karlsruhe (CXX359)";"Rhein";"2016";"02.09.2016";"23,3";"°C"
"CXX359";"448.686";"5.428.915";"6.187";"Temperatur";"Karlsruhe (CXX359)";"Rhein";"2016";"03.09.2016";"23,1";"°C"
"CXX359";"448.686";"5.428.915";"6.187";"Temperatur";"Karlsruhe (CXX359)";"Rhein";"2016";"04.09.2016";"22,6";"°C"
"CXX359";"448.686";"5.428.915";"6.187";"Temperatur";"Karlsruhe (CXX359)";"Rhein";"2016";"05.09.2016";"22,2";"°C"
"CXX359";"448.686";"5.428.915";"6.187";"Temperatur";"Karlsruhe (CXX359)";"Rhein";"2016";"06.09.2016";"22,2";"°C"
"CXX359";"448.686";"5.428.915";"6.187";"Temperatur";"Karlsruhe (CXX359)";"Rhein";"2016";"07.09.2016";"21,9";"°C"
"CXX359";"448.686";"5.428.915";"6.187";"Temperatur";"Karlsruhe (CXX359)";"Rhein";"2016";"08.09.2016";"21,9";"°C"
"CXX359";"448.686";"5.428.915";"6.187";"Temperatur";"Karlsruhe (CXX359)";"Rhein";"2016";"09.09.2016";"21,9";"°C"
"CXX359";"448.686";"5.428.915";"6.187";"Temperatur";"Karlsruhe (CXX359)";"Rhein";"2016";"10.09.2016";"21,7";"°C"
"CXX359";"448.686";"5.428.915";"6.187";"Temperatur";"Karlsruhe (CXX359)";"Rhein";"2016";"11.09.2016";"22";"°C"
"CXX359";"448.686";"5.428.915";"6.187";"Temperatur";"Karlsruhe (CXX359)";"Rhein";"2016";"12.09.2016";"22,3";"°C"
"CXX359";"448.686";"5.428.915";"6.187";"Temperatur";"Karlsruhe (CXX359)";"Rhein";"2016";"13.09.2016";"22,5";"°C"
"CXX359";"448.686";"5.428.915";"6.187";"Temperatur";"Karlsruhe (CXX359)";"Rhein";"2016";"14.09.2016";"22,7";"°C"
"CXX359";"448.686";"5.428.915";"6.187";"Temperatur";"Karlsruhe (CXX359)";"Rhein";"2016";"15.09.2016";"22,5";"°C"
"CXX359";"448.686";"5.428.915";"6.187";"Temperatur";"Karlsruhe (CXX359)";"Rhein";"2016";"16.09.2016";"22,1";"°C"
"CXX359";"448.686";"5.428.915";"6.187";"Temperatur";"Karlsruhe (CXX359)";"Rhein";"2016";"17.09.2016";"21,8";"°C"
"CXX359";"448.686";"5.428.915";"6.187";"Temperatur";"Karlsruhe (CXX359)";"Rhein";"2016";"18.09.2016";"21,2";"°C"
"CXX359";"448.686";"5.428.915";"6.187";"Temperatur";"Karlsruhe (CXX359)";"Rhein";"2016";"19.09.2016";"20,8";"°C"
"CXX359";"448.686";"5.428.915";"6.187";"Temperatur";"Karlsruhe (CXX359)";"Rhein";"2016";"20.09.2016";"20,3";"°C"
"CXX359";"448.686";"5.428.915";"6.187";"Temperatur";"Karlsruhe (CXX359)";"Rhein";"2016";"21.09.2016";"19,9";"°C"
"CXX359";"448.686";"5.428.915";"6.187";"Temperatur";"Karlsruhe (CXX359)";"Rhein";"2016";"22.09.2016";"19,6";"°C"
"CXX359";"448.686";"5.428.915";"6.187";"Temperatur";"Karlsruhe (CXX359)";"Rhein";"2016";"23.09.2016";"19,5";"°C"
"CXX359";"448.686";"5.428.915";"6.187";"Temperatur";"Karlsruhe (CXX359)";"Rhein";"2016";"24.09.2016";"19,4";"°C"
"CXX359";"448.686";"5.428.915";"6.187";"Temperatur";"Karlsruhe (CXX359)";"Rhein";"2016";"25.09.2016";"19,4";"°C"
"CXX359";"448.686";"5.428.915";"6.187";"Temperatur";"Karlsruhe (CXX359)";"Rhein";"2016";"26.09.2016";"19,4";"°C"
"CXX359";"448.686";"5.428.915";"6.187";"Temperatur";"Karlsruhe (CXX359)";"Rhein";"2016";"27.09.2016";"19,5";"°C"
"CXX359";"448.686";"5.428.915";"6.187";"Temperatur";"Karlsruhe (CXX359)";"Rhein";"2016";"28.09.2016";"19,5";"°C"
"CXX359";"448.686";"5.428.915";"6.187";"Temperatur";"Karlsruhe (CXX359)";"Rhein";"2016";"29.09.2016";"19,4";"°C"
"CXX359";"448.686";"5.428.915";"6.187";"Temperatur";"Karlsruhe (CXX359)";"Rhein";"2016";"30.09.2016";"19,2";"°C"
"CXX359";"448.686";"5.428.915";"6.187";"Temperatur";"Karlsruhe (CXX359)";"Rhein";"2016";"01.10.2016";"19";"°C"
"CXX359";"448.686";"5.428.915";"6.187";"Temperatur";"Karlsruhe (CXX359)";"Rhein";"2016";"02.10.2016";"18,6";"°C"
"CXX359";"448.686";"5.428.915";"6.187";"Temperatur";"Karlsruhe (CXX359)";"Rhein";"2016";"03.10.2016";"18,1";"°C"
"CXX359";"448.686";"5.428.915";"6.187";"Temperatur";"Karlsruhe (CXX359)";"Rhein";"2016";"04.10.2016";"17,9";"°C"
"CXX359";"448.686";"5.428.915";"6.187";"Temperatur";"Karlsruhe (CXX359)";"Rhein";"2016";"05.10.2016";"17,2";"°C"
"CXX359";"448.686";"5.428.915";"6.187";"Temperatur";"Karlsruhe (CXX359)";"Rhein";"2016";"06.10.2016";"16,5";"°C"
"CXX359";"448.686";"5.428.915";"6.187";"Temperatur";"Karlsruhe (CXX359)";"Rhein";"2016";"07.10.2016";"16,3";"°C"
"CXX359";"448.686";"5.428.915";"6.187";"Temperatur";"Karlsruhe (CXX359)";"Rhein";"2016";"08.10.2016";"15,9";"°C"
"CXX359";"448.686";"5.428.915";"6.187";"Temperatur";"Karlsruhe (CXX359)";"Rhein";"2016";"09.10.2016";"15,5";"°C"
"CXX359";"448.686";"5.428.915";"6.187";"Temperatur";"Karlsruhe (CXX359)";"Rhein";"2016";"10.10.2016";"15,1";"°C"
"CXX359";"448.686";"5.428.915";"6.187";"Temperatur";"Karlsruhe (CXX359)";"Rhein";"2016";"11.10.2016";"15";"°C"
"CXX359";"448.686";"5.428.915";"6.187";"Temperatur";"Karlsruhe (CXX359)";"Rhein";"2016";"12.10.2016";"14,7";"°C"
"CXX359";"448.686";"5.428.915";"6.187";"Temperatur";"Karlsruhe (CXX359)";"Rhein";"2016";"13.10.2016";"14,2";"°C"
"CXX359";"448.686";"5.428.915";"6.187";"Temperatur";"Karlsruhe (CXX359)";"Rhein";"2016";"14.10.2016";"13,9";"°C"
"CXX359";"448.686";"5.428.915";"6.187";"Temperatur";"Karlsruhe (CXX359)";"Rhein";"2016";"15.10.2016";"14";"°C"
"CXX359";"448.686";"5.428.915";"6.187";"Temperatur";"Karlsruhe (CXX359)";"Rhein";"2016";"16.10.2016";"14,1";"°C"
"CXX359";"448.686";"5.428.915";"6.187";"Temperatur";"Karlsruhe (CXX359)";"Rhein";"2016";"17.10.2016";"14,2";"°C"
"CXX359";"448.686";"5.428.915";"6.187";"Temperatur";"Karlsruhe (CXX359)";"Rhein";"2016";"18.10.2016";"14,4";"°C"
"CXX359";"448.686";"5.428.915";"6.187";"Temperatur";"Karlsruhe (CXX359)";"Rhein";"2016";"19.10.2016";"14,3";"°C"
"CXX359";"448.686";"5.428.915";"6.187";"Temperatur";"Karlsruhe (CXX359)";"Rhein";"2016";"20.10.2016";"14,1";"°C"
"CXX359";"448.686";"5.428.915";"6.187";"Temperatur";"Karlsruhe (CXX359)";"Rhein";"2016";"21.10.2016";"14";"°C"
"CXX359";"448.686";"5.428.915";"6.187";"Temperatur";"Karlsruhe (CXX359)";"Rhein";"2016";"22.10.2016";"13,8";"°C"
"CXX359";"448.686";"5.428.915";"6.187";"Temperatur";"Karlsruhe (CXX359)";"Rhein";"2016";"23.10.2016";"13,7";"°C"
"CXX359";"448.686";"5.428.915";"6.187";"Temperatur";"Karlsruhe (CXX359)";"Rhein";"2016";"24.10.2016";"13,8";"°C"
"CXX359";"448.686";"5.428.915";"6.187";"Temperatur";"Karlsruhe (CXX359)";"Rhein";"2016";"25.10.2016";"14";"°C"
"CXX359";"448.686";"5.428.915";"6.187";"Temperatur";"Karlsruhe (CXX359)";"Rhein";"2016";"26.10.2016";"14";"°C"
"CXX359";"448.686";"5.428.915";"6.187";"Temperatur";"Karlsruhe (CXX359)";"Rhein";"2016";"27.10.2016";"13,9";"°C"
"CXX359";"448.686";"5.428.915";"6.187";"Temperatur";"Karlsruhe (CXX359)";"Rhein";"2016";"28.10.2016";"13,6";"°C"
"CXX359";"448.686";"5.428.915";"6.187";"Temperatur";"Karlsruhe (CXX359)";"Rhein";"2016";"29.10.2016";"13,5";"°C"
"CXX359";"448.686";"5.428.915";"6.187";"Temperatur";"Karlsruhe (CXX359)";"Rhein";"2016";"30.10.2016";"13,3";"°C"
"CXX359";"448.686";"5.428.915";"6.187";"Temperatur";"Karlsruhe (CXX359)";"Rhein";"2016";"31.10.2016";"13,1";"°C"
"CXX359";"448.686";"5.428.915";"6.187";"Temperatur";"Karlsruhe (CXX359)";"Rhein";"2016";"01.11.2016";"13,1";"°C"
"CXX359";"448.686";"5.428.915";"6.187";"Temperatur";"Karlsruhe (CXX359)";"Rhein";"2016";"02.11.2016";"13";"°C"
"CXX359";"448.686";"5.428.915";"6.187";"Temperatur";"Karlsruhe (CXX359)";"Rhein";"2016";"03.11.2016";"12,6";"°C"
"CXX359";"448.686";"5.428.915";"6.187";"Temperatur";"Karlsruhe (CXX359)";"Rhein";"2016";"04.11.2016";"12,2";"°C"
"CXX359";"448.686";"5.428.915";"6.187";"Temperatur";"Karlsruhe (CXX359)";"Rhein";"2016";"05.11.2016";"12";"°C"
"CXX359";"448.686";"5.428.915";"6.187";"Temperatur";"Karlsruhe (CXX359)";"Rhein";"2016";"06.11.2016";"11,9";"°C"
"CXX359";"448.686";"5.428.915";"6.187";"Temperatur";"Karlsruhe (CXX359)";"Rhein";"2016";"07.11.2016";"11,6";"°C"
"CXX359";"448.686";"5.428.915";"6.187";"Temperatur";"Karlsruhe (CXX359)";"Rhein";"2016";"08.11.2016";"11,3";"°C"
"CXX359";"448.686";"5.428.915";"6.187";"Temperatur";"Karlsruhe (CXX359)";"Rhein";"2016";"09.11.2016";"10,9";"°C"
"CXX359";"448.686";"5.428.915";"6.187";"Temperatur";"Karlsruhe (CXX359)";"Rhein";"2016";"10.11.2016";"10,6";"°C"
"CXX359";"448.686";"5.428.915";"6.187";"Temperatur";"Karlsruhe (CXX359)";"Rhein";"2016";"11.11.2016";"10,5";"°C"
"CXX359";"448.686";"5.428.915";"6.187";"Temperatur";"Karlsruhe (CXX359)";"Rhein";"2016";"12.11.2016";"10,1";"°C"
"CXX359";"448.686";"5.428.915";"6.187";"Temperatur";"Karlsruhe (CXX359)";"Rhein";"2016";"13.11.2016";"9,8";"°C"
"CXX359";"448.686";"5.428.915";"6.187";"Temperatur";"Karlsruhe (CXX359)";"Rhein";"2016";"14.11.2016";"9,3";"°C"
"CXX359";"448.686";"5.428.915";"6.187";"Temperatur";"Karlsruhe (CXX359)";"Rhein";"2016";"15.11.2016";"9,3";"°C"
"CXX359";"448.686";"5.428.915";"6.187";"Temperatur";"Karlsruhe (CXX359)";"Rhein";"2016";"16.11.2016";"9,4";"°C"
"CXX359";"448.686";"5.428.915";"6.187";"Temperatur";"Karlsruhe (CXX359)";"Rhein";"2016";"17.11.2016";"9,6";"°C"
"CXX359";"448.686";"5.428.915";"6.187";"Temperatur";"Karlsruhe (CXX359)";"Rhein";"2016";"18.11.2016";"9,9";"°C"
"CXX359";"448.686";"5.428.915";"6.187";"Temperatur";"Karlsruhe (CXX359)";"Rhein";"2016";"19.11.2016";"10";"°C"
"CXX359";"448.686";"5.428.915";"6.187";"Temperatur";"Karlsruhe (CXX359)";"Rhein";"2016";"20.11.2016";"10";"°C"
"CXX359";"448.686";"5.428.915";"6.187";"Temperatur";"Karlsruhe (CXX359)";"Rhein";"2016";"21.11.2016";"10,2";"°C"
"CXX359";"448.686";"5.428.915";"6.187";"Temperatur";"Karlsruhe (CXX359)";"Rhein";"2016";"22.11.2016";"10,2";"°C"
"CXX359";"448.686";"5.428.915";"6.187";"Temperatur";"Karlsruhe (CXX359)";"Rhein";"2016";"23.11.2016";"10";"°C"
"CXX359";"448.686";"5.428.915";"6.187";"Temperatur";"Karlsruhe (CXX359)";"Rhein";"2016";"24.11.2016";"9,7";"°C"
"CXX359";"448.686";"5.428.915";"6.187";"Temperatur";"Karlsruhe (CXX359)";"Rhein";"2016";"25.11.2016";"9,6";"°C"
"CXX359";"448.686";"5.428.915";"6.187";"Temperatur";"Karlsruhe (CXX359)";"Rhein";"2016";"26.11.2016";"9,7";"°C"
"CXX359";"448.686";"5.428.915";"6.187";"Temperatur";"Karlsruhe (CXX359)";"Rhein";"2016";"27.11.2016";"9,8";"°C"
"CXX359";"448.686";"5.428.915";"6.187";"Temperatur";"Karlsruhe (CXX359)";"Rhein";"2016";"28.11.2016";"9,3";"°C"
"CXX359";"448.686";"5.428.915";"6.187";"Temperatur";"Karlsruhe (CXX359)";"Rhein";"2016";"29.11.2016";"8,2";"°C"
"CXX359";"448.686";"5.428.915";"6.187";"Temperatur";"Karlsruhe (CXX359)";"Rhein";"2016";"30.11.2016";"7,7";"°C"
"CXX359";"448.686";"5.428.915";"6.187";"Temperatur";"Karlsruhe (CXX359)";"Rhein";"2016";"01.12.2016";"7,7";"°C"
"CXX359";"448.686";"5.428.915";"6.187";"Temperatur";"Karlsruhe (CXX359)";"Rhein";"2016";"02.12.2016";"7,8";"°C"
"CXX359";"448.686";"5.428.915";"6.187";"Temperatur";"Karlsruhe (CXX359)";"Rhein";"2016";"03.12.2016";"7,6";"°C"
"CXX359";"448.686";"5.428.915";"6.187";"Temperatur";"Karlsruhe (CXX359)";"Rhein";"2016";"04.12.2016";"6,9";"°C"
"CXX359";"448.686";"5.428.915";"6.187";"Temperatur";"Karlsruhe (CXX359)";"Rhein";"2016";"05.12.2016";"6,7";"°C"
"CXX359";"448.686";"5.428.915";"6.187";"Temperatur";"Karlsruhe (CXX359)";"Rhein";"2016";"06.12.2016";"6,5";"°C"
"CXX359";"448.686";"5.428.915";"6.187";"Temperatur";"Karlsruhe (CXX359)";"Rhein";"2016";"07.12.2016";"6,3";"°C"
"CXX359";"448.686";"5.428.915";"6.187";"Temperatur";"Karlsruhe (CXX359)";"Rhein";"2016";"08.12.2016";"6,3";"°C"
"CXX359";"448.686";"5.428.915";"6.187";"Temperatur";"Karlsruhe (CXX359)";"Rhein";"2016";"09.12.2016";"6,3";"°C"
"CXX359";"448.686";"5.428.915";"6.187";"Temperatur";"Karlsruhe (CXX359)";"Rhein";"2016";"10.12.2016";"6,4";"°C"
"CXX359";"448.686";"5.428.915";"6.187";"Temperatur";"Karlsruhe (CXX359)";"Rhein";"2016";"11.12.2016";"6,5";"°C"
"CXX359";"448.686";"5.428.915";"6.187";"Temperatur";"Karlsruhe (CXX359)";"Rhein";"2016";"12.12.2016";"6,7";"°C"
"CXX359";"448.686";"5.428.915";"6.187";"Temperatur";"Karlsruhe (CXX359)";"Rhein";"2016";"13.12.2016";"6,8";"°C"
"CXX359";"448.686";"5.428.915";"6.187";"Temperatur";"Karlsruhe (CXX359)";"Rhein";"2016";"14.12.2016";"6,9";"°C"
"CXX359";"448.686";"5.428.915";"6.187";"Temperatur";"Karlsruhe (CXX359)";"Rhein";"2016";"15.12.2016";"6,7";"°C"
"CXX359";"448.686";"5.428.915";"6.187";"Temperatur";"Karlsruhe (CXX359)";"Rhein";"2016";"16.12.2016";"6,6";"°C"
"CXX359";"448.686";"5.428.915";"6.187";"Temperatur";"Karlsruhe (CXX359)";"Rhein";"2016";"17.12.2016";"6,4";"°C"
"CXX359";"448.686";"5.428.915";"6.187";"Temperatur";"Karlsruhe (CXX359)";"Rhein";"2016";"18.12.2016";"6,4";"°C"
"CXX359";"448.686";"5.428.915";"6.187";"Temperatur";"Karlsruhe (CXX359)";"Rhein";"2016";"19.12.2016";"6,3";"°C"
"CXX359";"448.686";"5.428.915";"6.187";"Temperatur";"Karlsruhe (CXX359)";"Rhein";"2016";"20.12.2016";"5,9";"°C"
"CXX359";"448.686";"5.428.915";"6.187";"Temperatur";"Karlsruhe (CXX359)";"Rhein";"2016";"21.12.2016";"5,8";"°C"
"CXX359";"448.686";"5.428.915";"6.187";"Temperatur";"Karlsruhe (CXX359)";"Rhein";"2016";"22.12.2016";"5,8";"°C"
"CXX359";"448.686";"5.428.915";"6.187";"Temperatur";"Karlsruhe (CXX359)";"Rhein";"2016";"23.12.2016";"6";"°C"
"CXX359";"448.686";"5.428.915";"6.187";"Temperatur";"Karlsruhe (CXX359)";"Rhein";"2016";"24.12.2016";"6,3";"°C"
"CXX359";"448.686";"5.428.915";"6.187";"Temperatur";"Karlsruhe (CXX359)";"Rhein";"2016";"25.12.2016";"6,5";"°C"
"CXX359";"448.686";"5.428.915";"6.187";"Temperatur";"Karlsruhe (CXX359)";"Rhein";"2016";"26.12.2016";"6,8";"°C"
"CXX359";"448.686";"5.428.915";"6.187";"Temperatur";"Karlsruhe (CXX359)";"Rhein";"2016";"27.12.2016";"6,5";"°C"
"CXX359";"448.686";"5.428.915";"6.187";"Temperatur";"Karlsruhe (CXX359)";"Rhein";"2016";"28.12.2016";"6,4";"°C"
"CXX359";"448.686";"5.428.915";"6.187";"Temperatur";"Karlsruhe (CXX359)";"Rhein";"2016";"29.12.2016";"6";"°C"
"CXX359";"448.686";"5.428.915";"6.187";"Temperatur";"Karlsruhe (CXX359)";"Rhein";"2016";"30.12.2016";"5,8";"°C"
"CXX359";"448.686";"5.428.915";"6.187";"Temperatur";"Karlsruhe (CXX359)";"Rhein";"2016";"31.12.2016";"5,6";"°C"
"CXX359";"448.686";"5.428.915";"6.187";"Temperatur";"Karlsruhe (CXX359)";"Rhein";"2017";"01.01.2017";"5,4";"°C"
"CXX359";"448.686";"5.428.915";"6.187";"Temperatur";"Karlsruhe (CXX359)";"Rhein";"2017";"02.01.2017";"5,3";"°C"
"CXX359";"448.686";"5.428.915";"6.187";"Temperatur";"Karlsruhe (CXX359)";"Rhein";"2017";"03.01.2017";"5,3";"°C"
"CXX359";"448.686";"5.428.915";"6.187";"Temperatur";"Karlsruhe (CXX359)";"Rhein";"2017";"04.01.2017";"4,9";"°C"
"CXX359";"448.686";"5.428.915";"6.187";"Temperatur";"Karlsruhe (CXX359)";"Rhein";"2017";"05.01.2017";"4,9";"°C"
"CXX359";"448.686";"5.428.915";"6.187";"Temperatur";"Karlsruhe (CXX359)";"Rhein";"2017";"06.01.2017";"4,4";"°C"
"CXX359";"448.686";"5.428.915";"6.187";"Temperatur";"Karlsruhe (CXX359)";"Rhein";"2017";"07.01.2017";"4,1";"°C"
"CXX359";"448.686";"5.428.915";"6.187";"Temperatur";"Karlsruhe (CXX359)";"Rhein";"2017";"08.01.2017";"4";"°C"
"CXX359";"448.686";"5.428.915";"6.187";"Temperatur";"Karlsruhe (CXX359)";"Rhein";"2017";"09.01.2017";"4,1";"°C"
"CXX359";"448.686";"5.428.915";"6.187";"Temperatur";"Karlsruhe (CXX359)";"Rhein";"2017";"10.01.2017";"4,1";"°C"
"CXX359";"448.686";"5.428.915";"6.187";"Temperatur";"Karlsruhe (CXX359)";"Rhein";"2017";"11.01.2017";"4,4";"°C"
"CXX359";"448.686";"5.428.915";"6.187";"Temperatur";"Karlsruhe (CXX359)";"Rhein";"2017";"12.01.2017";"4,8";"°C"
"CXX359";"448.686";"5.428.915";"6.187";"Temperatur";"Karlsruhe (CXX359)";"Rhein";"2017";"13.01.2017";"4,8";"°C"
"CXX359";"448.686";"5.428.915";"6.187";"Temperatur";"Karlsruhe (CXX359)";"Rhein";"2017";"14.01.2017";"4,7";"°C"
"CXX359";"448.686";"5.428.915";"6.187";"Temperatur";"Karlsruhe (CXX359)";"Rhein";"2017";"15.01.2017";"4,6";"°C"
"CXX359";"448.686";"5.428.915";"6.187";"Temperatur";"Karlsruhe (CXX359)";"Rhein";"2017";"16.01.2017";"4,5";"°C"
"CXX359";"448.686";"5.428.915";"6.187";"Temperatur";"Karlsruhe (CXX359)";"Rhein";"2017";"17.01.2017";"4,2";"°C"
"CXX359";"448.686";"5.428.915";"6.187";"Temperatur";"Karlsruhe (CXX359)";"Rhein";"2017";"18.01.2017";"3,6";"°C"
"CXX359";"448.686";"5.428.915";"6.187";"Temperatur";"Karlsruhe (CXX359)";"Rhein";"2017";"19.01.2017";"2,9";"°C"
"CXX359";"448.686";"5.428.915";"6.187";"Temperatur";"Karlsruhe (CXX359)";"Rhein";"2017";"20.01.2017";"2,7";"°C"
"CXX359";"448.686";"5.428.915";"6.187";"Temperatur";"Karlsruhe (CXX359)";"Rhein";"2017";"21.01.2017";"2,9";"°C"
"CXX359";"448.686";"5.428.915";"6.187";"Temperatur";"Karlsruhe (CXX359)";"Rhein";"2017";"22.01.2017";"2,9";"°C"
"CXX359";"448.686";"5.428.915";"6.187";"Temperatur";"Karlsruhe (CXX359)";"Rhein";"2017";"23.01.2017";"2,8";"°C"
"CXX359";"448.686";"5.428.915";"6.187";"Temperatur";"Karlsruhe (CXX359)";"Rhein";"2017";"24.01.2017";"2,8";"°C"
"CXX359";"448.686";"5.428.915";"6.187";"Temperatur";"Karlsruhe (CXX359)";"Rhein";"2017";"25.01.2017";"2,5";"°C"
"CXX359";"448.686";"5.428.915";"6.187";"Temperatur";"Karlsruhe (CXX359)";"Rhein";"2017";"26.01.2017";"2,6";"°C"
"CXX359";"448.686";"5.428.915";"6.187";"Temperatur";"Karlsruhe (CXX359)";"Rhein";"2017";"27.01.2017";"2,5";"°C"
"CXX359";"448.686";"5.428.915";"6.187";"Temperatur";"Karlsruhe (CXX359)";"Rhein";"2017";"28.01.2017";"2,5";"°C"
"CXX359";"448.686";"5.428.915";"6.187";"Temperatur";"Karlsruhe (CXX359)";"Rhein";"2017";"29.01.2017";"2,7";"°C"
"CXX359";"448.686";"5.428.915";"6.187";"Temperatur";"Karlsruhe (CXX359)";"Rhein";"2017";"30.01.2017";"3,1";"°C"
"CXX359";"448.686";"5.428.915";"6.187";"Temperatur";"Karlsruhe (CXX359)";"Rhein";"2017";"31.01.2017";"3,6";"°C"
"CXX359";"448.686";"5.428.915";"6.187";"Temperatur";"Karlsruhe (CXX359)";"Rhein";"2017";"01.02.2017";"3,9";"°C"
"CXX359";"448.686";"5.428.915";"6.187";"Temperatur";"Karlsruhe (CXX359)";"Rhein";"2017";"02.02.2017";"4,3";"°C"
"CXX359";"448.686";"5.428.915";"6.187";"Temperatur";"Karlsruhe (CXX359)";"Rhein";"2017";"03.02.2017";"4,7";"°C"
"CXX359";"448.686";"5.428.915";"6.187";"Temperatur";"Karlsruhe (CXX359)";"Rhein";"2017";"04.02.2017";"5,2";"°C"
"CXX359";"448.686";"5.428.915";"6.187";"Temperatur";"Karlsruhe (CXX359)";"Rhein";"2017";"05.02.2017";"5,5";"°C"
"CXX359";"448.686";"5.428.915";"6.187";"Temperatur";"Karlsruhe (CXX359)";"Rhein";"2017";"06.02.2017";"5,7";"°C"
"CXX359";"448.686";"5.428.915";"6.187";"Temperatur";"Karlsruhe (CXX359)";"Rhein";"2017";"07.02.2017";"5,9";"°C"
"CXX359";"448.686";"5.428.915";"6.187";"Temperatur";"Karlsruhe (CXX359)";"Rhein";"2017";"08.02.2017";"5,9";"°C"
"CXX359";"448.686";"5.428.915";"6.187";"Temperatur";"Karlsruhe (CXX359)";"Rhein";"2017";"09.02.2017";"5,6";"°C"
"CXX359";"448.686";"5.428.915";"6.187";"Temperatur";"Karlsruhe (CXX359)";"Rhein";"2017";"10.02.2017";"5,5";"°C"
"CXX359";"448.686";"5.428.915";"6.187";"Temperatur";"Karlsruhe (CXX359)";"Rhein";"2017";"11.02.2017";"5,5";"°C"
"CXX359";"448.686";"5.428.915";"6.187";"Temperatur";"Karlsruhe (CXX359)";"Rhein";"2017";"12.02.2017";"5,6";"°C"
"CXX359";"448.686";"5.428.915";"6.187";"Temperatur";"Karlsruhe (CXX359)";"Rhein";"2017";"13.02.2017";"5,4";"°C"
"CXX359";"448.686";"5.428.915";"6.187";"Temperatur";"Karlsruhe (CXX359)";"Rhein";"2017";"14.02.2017";"5,5";"°C"
"CXX359";"448.686";"5.428.915";"6.187";"Temperatur";"Karlsruhe (CXX359)";"Rhein";"2017";"15.02.2017";"5,6";"°C"
"CXX359";"448.686";"5.428.915";"6.187";"Temperatur";"Karlsruhe (CXX359)";"Rhein";"2017";"16.02.2017";"5,8";"°C"
"CXX359";"448.686";"5.428.915";"6.187";"Temperatur";"Karlsruhe (CXX359)";"Rhein";"2017";"17.02.2017";"6,3";"°C"
"CXX359";"448.686";"5.428.915";"6.187";"Temperatur";"Karlsruhe (CXX359)";"Rhein";"2017";"18.02.2017";"6,6";"°C"
"CXX359";"448.686";"5.428.915";"6.187";"Temperatur";"Karlsruhe (CXX359)";"Rhein";"2017";"19.02.2017";"6,6";"°C"
"CXX359";"448.686";"5.428.915";"6.187";"Temperatur";"Karlsruhe (CXX359)";"Rhein";"2017";"20.02.2017";"6,8";"°C"
"CXX359";"448.686";"5.428.915";"6.187";"Temperatur";"Karlsruhe (CXX359)";"Rhein";"2017";"21.02.2017";"7,2";"°C"
"CXX359";"448.686";"5.428.915";"6.187";"Temperatur";"Karlsruhe (CXX359)";"Rhein";"2017";"22.02.2017";"7,4";"°C"
"CXX359";"448.686";"5.428.915";"6.187";"Temperatur";"Karlsruhe (CXX359)";"Rhein";"2017";"23.02.2017";"7,8";"°C"
"CXX359";"448.686";"5.428.915";"6.187";"Temperatur";"Karlsruhe (CXX359)";"Rhein";"2017";"24.02.2017";"7,7";"°C"
"CXX359";"448.686";"5.428.915";"6.187";"Temperatur";"Karlsruhe (CXX359)";"Rhein";"2017";"25.02.2017";"7,6";"°C"
"CXX359";"448.686";"5.428.915";"6.187";"Temperatur";"Karlsruhe (CXX359)";"Rhein";"2017";"26.02.2017";"7,5";"°C"
"CXX359";"448.686";"5.428.915";"6.187";"Temperatur";"Karlsruhe (CXX359)";"Rhein";"2017";"27.02.2017";"7,9";"°C"
"CXX359";"448.686";"5.428.915";"6.187";"Temperatur";"Karlsruhe (CXX359)";"Rhein";"2017";"28.02.2017";"7,9";"°C"
"CXX359";"448.686";"5.428.915";"6.187";"Temperatur";"Karlsruhe (CXX359)";"Rhein";"2017";"01.03.2017";"7,7";"°C"
"CXX359";"448.686";"5.428.915";"6.187";"Temperatur";"Karlsruhe (CXX359)";"Rhein";"2017";"02.03.2017";"7,6";"°C"
"CXX359";"448.686";"5.428.915";"6.187";"Temperatur";"Karlsruhe (CXX359)";"Rhein";"2017";"03.03.2017";"7,4";"°C"
"CXX359";"448.686";"5.428.915";"6.187";"Temperatur";"Karlsruhe (CXX359)";"Rhein";"2017";"04.03.2017";"7,3";"°C"
"CXX359";"448.686";"5.428.915";"6.187";"Temperatur";"Karlsruhe (CXX359)";"Rhein";"2017";"05.03.2017";"7,5";"°C"
"CXX359";"448.686";"5.428.915";"6.187";"Temperatur";"Karlsruhe (CXX359)";"Rhein";"2017";"06.03.2017";"7,6";"°C"
"CXX359";"448.686";"5.428.915";"6.187";"Temperatur";"Karlsruhe (CXX359)";"Rhein";"2017";"07.03.2017";"7,6";"°C"
"CXX359";"448.686";"5.428.915";"6.187";"Temperatur";"Karlsruhe (CXX359)";"Rhein";"2017";"08.03.2017";"7,5";"°C"
"CXX359";"448.686";"5.428.915";"6.187";"Temperatur";"Karlsruhe (CXX359)";"Rhein";"2017";"09.03.2017";"7,6";"°C"
"CXX359";"448.686";"5.428.915";"6.187";"Temperatur";"Karlsruhe (CXX359)";"Rhein";"2017";"10.03.2017";"7,7";"°C"
"CXX359";"448.686";"5.428.915";"6.187";"Temperatur";"Karlsruhe (CXX359)";"Rhein";"2017";"11.03.2017";"7,8";"°C"
"CXX359";"448.686";"5.428.915";"6.187";"Temperatur";"Karlsruhe (CXX359)";"Rhein";"2017";"12.03.2017";"8,1";"°C"
"CXX359";"448.686";"5.428.915";"6.187";"Temperatur";"Karlsruhe (CXX359)";"Rhein";"2017";"13.03.2017";"8,1";"°C"
"CXX359";"448.686";"5.428.915";"6.187";"Temperatur";"Karlsruhe (CXX359)";"Rhein";"2017";"14.03.2017";"8,3";"°C"
"CXX359";"448.686";"5.428.915";"6.187";"Temperatur";"Karlsruhe (CXX359)";"Rhein";"2017";"15.03.2017";"8,5";"°C"
"CXX359";"448.686";"5.428.915";"6.187";"Temperatur";"Karlsruhe (CXX359)";"Rhein";"2017";"16.03.2017";"8,8";"°C"
"CXX359";"448.686";"5.428.915";"6.187";"Temperatur";"Karlsruhe (CXX359)";"Rhein";"2017";"17.03.2017";"9,1";"°C"
"CXX359";"448.686";"5.428.915";"6.187";"Temperatur";"Karlsruhe (CXX359)";"Rhein";"2017";"18.03.2017";"9,3";"°C"
"CXX359";"448.686";"5.428.915";"6.187";"Temperatur";"Karlsruhe (CXX359)";"Rhein";"2017";"19.03.2017";"9,4";"°C"
"CXX359";"448.686";"5.428.915";"6.187";"Temperatur";"Karlsruhe (CXX359)";"Rhein";"2017";"20.03.2017";"9,6";"°C"
"CXX359";"448.686";"5.428.915";"6.187";"Temperatur";"Karlsruhe (CXX359)";"Rhein";"2017";"21.03.2017";"9,8";"°C"
"CXX359";"448.686";"5.428.915";"6.187";"Temperatur";"Karlsruhe (CXX359)";"Rhein";"2017";"22.03.2017";"9,7";"°C"
"CXX359";"448.686";"5.428.915";"6.187";"Temperatur";"Karlsruhe (CXX359)";"Rhein";"2017";"23.03.2017";"9,6";"°C"
"CXX359";"448.686";"5.428.915";"6.187";"Temperatur";"Karlsruhe (CXX359)";"Rhein";"2017";"24.03.2017";"9,8";"°C"
"CXX359";"448.686";"5.428.915";"6.187";"Temperatur";"Karlsruhe (CXX359)";"Rhein";"2017";"25.03.2017";"9,9";"°C"
"CXX359";"448.686";"5.428.915";"6.187";"Temperatur";"Karlsruhe (CXX359)";"Rhein";"2017";"26.03.2017";"10";"°C"
"CXX359";"448.686";"5.428.915";"6.187";"Temperatur";"Karlsruhe (CXX359)";"Rhein";"2017";"27.03.2017";"10,2";"°C"
"CXX359";"448.686";"5.428.915";"6.187";"Temperatur";"Karlsruhe (CXX359)";"Rhein";"2017";"28.03.2017";"10,8";"°C"
"CXX359";"448.686";"5.428.915";"6.187";"Temperatur";"Karlsruhe (CXX359)";"Rhein";"2017";"29.03.2017";"11,3";"°C"
"CXX359";"448.686";"5.428.915";"6.187";"Temperatur";"Karlsruhe (CXX359)";"Rhein";"2017";"30.03.2017";"11,7";"°C"
"CXX359";"448.686";"5.428.915";"6.187";"Temperatur";"Karlsruhe (CXX359)";"Rhein";"2017";"31.03.2017";"11,8";"°C"
"CXX359";"448.686";"5.428.915";"6.187";"Temperatur";"Karlsruhe (CXX359)";"Rhein";"2017";"01.04.2017";"12";"°C"
"CXX359";"448.686";"5.428.915";"6.187";"Temperatur";"Karlsruhe (CXX359)";"Rhein";"2017";"02.04.2017";"12,2";"°C"
"CXX359";"448.686";"5.428.915";"6.187";"Temperatur";"Karlsruhe (CXX359)";"Rhein";"2017";"03.04.2017";"12,5";"°C"
"CXX359";"448.686";"5.428.915";"6.187";"Temperatur";"Karlsruhe (CXX359)";"Rhein";"2017";"04.04.2017";"12,5";"°C"
"CXX359";"448.686";"5.428.915";"6.187";"Temperatur";"Karlsruhe (CXX359)";"Rhein";"2017";"05.04.2017";"12,6";"°C"
"CXX359";"448.686";"5.428.915";"6.187";"Temperatur";"Karlsruhe (CXX359)";"Rhein";"2017";"06.04.2017";"12,6";"°C"
"CXX359";"448.686";"5.428.915";"6.187";"Temperatur";"Karlsruhe (CXX359)";"Rhein";"2017";"07.04.2017";"12,4";"°C"
"CXX359";"448.686";"5.428.915";"6.187";"Temperatur";"Karlsruhe (CXX359)";"Rhein";"2017";"08.04.2017";"12,5";"°C"
"CXX359";"448.686";"5.428.915";"6.187";"Temperatur";"Karlsruhe (CXX359)";"Rhein";"2017";"09.04.2017";"12,9";"°C"
"CXX359";"448.686";"5.428.915";"6.187";"Temperatur";"Karlsruhe (CXX359)";"Rhein";"2017";"10.04.2017";"13,4";"°C"
"CXX359";"448.686";"5.428.915";"6.187";"Temperatur";"Karlsruhe (CXX359)";"Rhein";"2017";"11.04.2017";"13,6";"°C"
"CXX359";"448.686";"5.428.915";"6.187";"Temperatur";"Karlsruhe (CXX359)";"Rhein";"2017";"12.04.2017";"13,7";"°C"
"CXX359";"448.686";"5.428.915";"6.187";"Temperatur";"Karlsruhe (CXX359)";"Rhein";"2017";"13.04.2017";"13,9";"°C"
"CXX359";"448.686";"5.428.915";"6.187";"Temperatur";"Karlsruhe (CXX359)";"Rhein";"2017";"14.04.2017";"14,1";"°C"
"CXX359";"448.686";"5.428.915";"6.187";"Temperatur";"Karlsruhe (CXX359)";"Rhein";"2017";"15.04.2017";"14,1";"°C"
"CXX359";"448.686";"5.428.915";"6.187";"Temperatur";"Karlsruhe (CXX359)";"Rhein";"2017";"16.04.2017";"14";"°C"
"CXX359";"448.686";"5.428.915";"6.187";"Temperatur";"Karlsruhe (CXX359)";"Rhein";"2017";"17.04.2017";"13,6";"°C"
"CXX359";"448.686";"5.428.915";"6.187";"Temperatur";"Karlsruhe (CXX359)";"Rhein";"2017";"18.04.2017";"12,9";"°C"
"CXX359";"448.686";"5.428.915";"6.187";"Temperatur";"Karlsruhe (CXX359)";"Rhein";"2017";"19.04.2017";"12,3";"°C"
"CXX359";"448.686";"5.428.915";"6.187";"Temperatur";"Karlsruhe (CXX359)";"Rhein";"2017";"20.04.2017";"11,9";"°C"
"CXX359";"448.686";"5.428.915";"6.187";"Temperatur";"Karlsruhe (CXX359)";"Rhein";"2017";"21.04.2017";"12,1";"°C"
"CXX359";"448.686";"5.428.915";"6.187";"Temperatur";"Karlsruhe (CXX359)";"Rhein";"2017";"22.04.2017";"11,9";"°C"
"CXX359";"448.686";"5.428.915";"6.187";"Temperatur";"Karlsruhe (CXX359)";"Rhein";"2017";"23.04.2017";"11,8";"°C"
"CXX359";"448.686";"5.428.915";"6.187";"Temperatur";"Karlsruhe (CXX359)";"Rhein";"2017";"24.04.2017";"12,2";"°C"
"CXX359";"448.686";"5.428.915";"6.187";"Temperatur";"Karlsruhe (CXX359)";"Rhein";"2017";"25.04.2017";"12,2";"°C"
"CXX359";"448.686";"5.428.915";"6.187";"Temperatur";"Karlsruhe (CXX359)";"Rhein";"2017";"26.04.2017";"12";"°C"
"CXX359";"448.686";"5.428.915";"6.187";"Temperatur";"Karlsruhe (CXX359)";"Rhein";"2017";"27.04.2017";"12,2";"°C"
"CXX359";"448.686";"5.428.915";"6.187";"Temperatur";"Karlsruhe (CXX359)";"Rhein";"2017";"28.04.2017";"12,2";"°C"
"CXX359";"448.686";"5.428.915";"6.187";"Temperatur";"Karlsruhe (CXX359)";"Rhein";"2017";"29.04.2017";"12,3";"°C"
"CXX359";"448.686";"5.428.915";"6.187";"Temperatur";"Karlsruhe (CXX359)";"Rhein";"2017";"30.04.2017";"12";"°C"
"CXX359";"448.686";"5.428.915";"6.187";"Temperatur";"Karlsruhe (CXX359)";"Rhein";"2017";"01.05.2017";"11,7";"°C"
"CXX359";"448.686";"5.428.915";"6.187";"Temperatur";"Karlsruhe (CXX359)";"Rhein";"2017";"02.05.2017";"11,6";"°C"
"CXX359";"448.686";"5.428.915";"6.187";"Temperatur";"Karlsruhe (CXX359)";"Rhein";"2017";"03.05.2017";"12,1";"°C"
"CXX359";"448.686";"5.428.915";"6.187";"Temperatur";"Karlsruhe (CXX359)";"Rhein";"2017";"04.05.2017";"12,6";"°C"
"CXX359";"448.686";"5.428.915";"6.187";"Temperatur";"Karlsruhe (CXX359)";"Rhein";"2017";"05.05.2017";"13";"°C"
"CXX359";"448.686";"5.428.915";"6.187";"Temperatur";"Karlsruhe (CXX359)";"Rhein";"2017";"06.05.2017";"13,1";"°C"
"CXX359";"448.686";"5.428.915";"6.187";"Temperatur";"Karlsruhe (CXX359)";"Rhein";"2017";"07.05.2017";"13";"°C"
"CXX359";"448.686";"5.428.915";"6.187";"Temperatur";"Karlsruhe (CXX359)";"Rhein";"2017";"08.05.2017";"12,9";"°C"
"CXX359";"448.686";"5.428.915";"6.187";"Temperatur";"Karlsruhe (CXX359)";"Rhein";"2017";"09.05.2017";"12,9";"°C"
"CXX359";"448.686";"5.428.915";"6.187";"Temperatur";"Karlsruhe (CXX359)";"Rhein";"2017";"10.05.2017";"13,1";"°C"
"CXX359";"448.686";"5.428.915";"6.187";"Temperatur";"Karlsruhe (CXX359)";"Rhein";"2017";"11.05.2017";"13";"°C"
"CXX359";"448.686";"5.428.915";"6.187";"Temperatur";"Karlsruhe (CXX359)";"Rhein";"2017";"12.05.2017";"13,2";"°C"
"CXX359";"448.686";"5.428.915";"6.187";"Temperatur";"Karlsruhe (CXX359)";"Rhein";"2017";"13.05.2017";"13,7";"°C"
"CXX359";"448.686";"5.428.915";"6.187";"Temperatur";"Karlsruhe (CXX359)";"Rhein";"2017";"14.05.2017";"14,6";"°C"
"CXX359";"448.686";"5.428.915";"6.187";"Temperatur";"Karlsruhe (CXX359)";"Rhein";"2017";"15.05.2017";"15,3";"°C"
"CXX359";"448.686";"5.428.915";"6.187";"Temperatur";"Karlsruhe (CXX359)";"Rhein";"2017";"16.05.2017";"16";"°C"
"CXX359";"448.686";"5.428.915";"6.187";"Temperatur";"Karlsruhe (CXX359)";"Rhein";"2017";"17.05.2017";"16,5";"°C"
"CXX359";"448.686";"5.428.915";"6.187";"Temperatur";"Karlsruhe (CXX359)";"Rhein";"2017";"18.05.2017";"16,8";"°C"
"CXX359";"448.686";"5.428.915";"6.187";"Temperatur";"Karlsruhe (CXX359)";"Rhein";"2017";"19.05.2017";"16,6";"°C"
"CXX359";"448.686";"5.428.915";"6.187";"Temperatur";"Karlsruhe (CXX359)";"Rhein";"2017";"20.05.2017";"16,3";"°C"
"CXX359";"448.686";"5.428.915";"6.187";"Temperatur";"Karlsruhe (CXX359)";"Rhein";"2017";"21.05.2017";"16,6";"°C"
"CXX359";"448.686";"5.428.915";"6.187";"Temperatur";"Karlsruhe (CXX359)";"Rhein";"2017";"22.05.2017";"16,9";"°C"
"CXX359";"448.686";"5.428.915";"6.187";"Temperatur";"Karlsruhe (CXX359)";"Rhein";"2017";"23.05.2017";"17,1";"°C"
"CXX359";"448.686";"5.428.915";"6.187";"Temperatur";"Karlsruhe (CXX359)";"Rhein";"2017";"24.05.2017";"17,1";"°C"
"CXX359";"448.686";"5.428.915";"6.187";"Temperatur";"Karlsruhe (CXX359)";"Rhein";"2017";"25.05.2017";"17,9";"°C"
"CXX359";"448.686";"5.428.915";"6.187";"Temperatur";"Karlsruhe (CXX359)";"Rhein";"2017";"26.05.2017";"18,6";"°C"
"CXX359";"448.686";"5.428.915";"6.187";"Temperatur";"Karlsruhe (CXX359)";"Rhein";"2017";"27.05.2017";"19,3";"°C"
"CXX359";"448.686";"5.428.915";"6.187";"Temperatur";"Karlsruhe (CXX359)";"Rhein";"2017";"28.05.2017";"19,9";"°C"
"CXX359";"448.686";"5.428.915";"6.187";"Temperatur";"Karlsruhe (CXX359)";"Rhein";"2017";"29.05.2017";"20,6";"°C"
"CXX359";"448.686";"5.428.915";"6.187";"Temperatur";"Karlsruhe (CXX359)";"Rhein";"2017";"30.05.2017";"21,2";"°C"
"CXX359";"448.686";"5.428.915";"6.187";"Temperatur";"Karlsruhe (CXX359)";"Rhein";"2017";"31.05.2017";"21,4";"°C"
"CXX359";"448.686";"5.428.915";"6.187";"Temperatur";"Karlsruhe (CXX359)";"Rhein";"2017";"01.06.2017";"21,4";"°C"
"CXX359";"448.686";"5.428.915";"6.187";"Temperatur";"Karlsruhe (CXX359)";"Rhein";"2017";"02.06.2017";"21,5";"°C"
"CXX359";"448.686";"5.428.915";"6.187";"Temperatur";"Karlsruhe (CXX359)";"Rhein";"2017";"03.06.2017";"21,7";"°C"
"CXX359";"448.686";"5.428.915";"6.187";"Temperatur";"Karlsruhe (CXX359)";"Rhein";"2017";"04.06.2017";"21,3";"°C"
"CXX359";"448.686";"5.428.915";"6.187";"Temperatur";"Karlsruhe (CXX359)";"Rhein";"2017";"05.06.2017";"20,9";"°C"
"CXX359";"448.686";"5.428.915";"6.187";"Temperatur";"Karlsruhe (CXX359)";"Rhein";"2017";"06.06.2017";"20,5";"°C"
"CXX359";"448.686";"5.428.915";"6.187";"Temperatur";"Karlsruhe (CXX359)";"Rhein";"2017";"07.06.2017";"19,7";"°C"
"CXX359";"448.686";"5.428.915";"6.187";"Temperatur";"Karlsruhe (CXX359)";"Rhein";"2017";"08.06.2017";"19,1";"°C"
"CXX359";"448.686";"5.428.915";"6.187";"Temperatur";"Karlsruhe (CXX359)";"Rhein";"2017";"09.06.2017";"19,1";"°C"
"CXX359";"448.686";"5.428.915";"6.187";"Temperatur";"Karlsruhe (CXX359)";"Rhein";"2017";"10.06.2017";"19,2";"°C"
"CXX359";"448.686";"5.428.915";"6.187";"Temperatur";"Karlsruhe (CXX359)";"Rhein";"2017";"11.06.2017";"19,3";"°C"
"CXX359";"448.686";"5.428.915";"6.187";"Temperatur";"Karlsruhe (CXX359)";"Rhein";"2017";"12.06.2017";"19,5";"°C"
"CXX359";"448.686";"5.428.915";"6.187";"Temperatur";"Karlsruhe (CXX359)";"Rhein";"2017";"13.06.2017";"20,3";"°C"
"CXX359";"448.686";"5.428.915";"6.187";"Temperatur";"Karlsruhe (CXX359)";"Rhein";"2017";"14.06.2017";"20,8";"°C"
"CXX359";"448.686";"5.428.915";"6.187";"Temperatur";"Karlsruhe (CXX359)";"Rhein";"2017";"15.06.2017";"21,4";"°C"
"CXX359";"448.686";"5.428.915";"6.187";"Temperatur";"Karlsruhe (CXX359)";"Rhein";"2017";"16.06.2017";"21,8";"°C"
"CXX359";"448.686";"5.428.915";"6.187";"Temperatur";"Karlsruhe (CXX359)";"Rhein";"2017";"17.06.2017";"21,8";"°C"
"CXX359";"448.686";"5.428.915";"6.187";"Temperatur";"Karlsruhe (CXX359)";"Rhein";"2017";"18.06.2017";"22";"°C"
"CXX359";"448.686";"5.428.915";"6.187";"Temperatur";"Karlsruhe (CXX359)";"Rhein";"2017";"19.06.2017";"22,5";"°C"
"CXX359";"448.686";"5.428.915";"6.187";"Temperatur";"Karlsruhe (CXX359)";"Rhein";"2017";"20.06.2017";"23";"°C"
"CXX359";"448.686";"5.428.915";"6.187";"Temperatur";"Karlsruhe (CXX359)";"Rhein";"2017";"21.06.2017";"23,4";"°C"
"CXX359";"448.686";"5.428.915";"6.187";"Temperatur";"Karlsruhe (CXX359)";"Rhein";"2017";"22.06.2017";"23,6";"°C"
"CXX359";"448.686";"5.428.915";"6.187";"Temperatur";"Karlsruhe (CXX359)";"Rhein";"2017";"23.06.2017";"23,9";"°C"
"CXX359";"448.686";"5.428.915";"6.187";"Temperatur";"Karlsruhe (CXX359)";"Rhein";"2017";"24.06.2017";"24,1";"°C"
"CXX359";"448.686";"5.428.915";"6.187";"Temperatur";"Karlsruhe (CXX359)";"Rhein";"2017";"25.06.2017";"23,9";"°C"
"CXX359";"448.686";"5.428.915";"6.187";"Temperatur";"Karlsruhe (CXX359)";"Rhein";"2017";"26.06.2017";"24,1";"°C"
"CXX359";"448.686";"5.428.915";"6.187";"Temperatur";"Karlsruhe (CXX359)";"Rhein";"2017";"27.06.2017";"24,5";"°C"
"CXX359";"448.686";"5.428.915";"6.187";"Temperatur";"Karlsruhe (CXX359)";"Rhein";"2017";"28.06.2017";"24,2";"°C"
"CXX359";"448.686";"5.428.915";"6.187";"Temperatur";"Karlsruhe (CXX359)";"Rhein";"2017";"29.06.2017";"23,5";"°C"
"CXX359";"448.686";"5.428.915";"6.187";"Temperatur";"Karlsruhe (CXX359)";"Rhein";"2017";"30.06.2017";"23";"°C"
"CXX359";"448.686";"5.428.915";"6.187";"Temperatur";"Karlsruhe (CXX359)";"Rhein";"2017";"01.07.2017";"22,4";"°C"
"CXX359";"448.686";"5.428.915";"6.187";"Temperatur";"Karlsruhe (CXX359)";"Rhein";"2017";"02.07.2017";"21,8";"°C"
"CXX359";"448.686";"5.428.915";"6.187";"Temperatur";"Karlsruhe (CXX359)";"Rhein";"2017";"03.07.2017";"21,6";"°C"
"CXX359";"448.686";"5.428.915";"6.187";"Temperatur";"Karlsruhe (CXX359)";"Rhein";"2017";"04.07.2017";"21,9";"°C"
"CXX359";"448.686";"5.428.915";"6.187";"Temperatur";"Karlsruhe (CXX359)";"Rhein";"2017";"05.07.2017";"22,5";"°C"
"CXX359";"448.686";"5.428.915";"6.187";"Temperatur";"Karlsruhe (CXX359)";"Rhein";"2017";"06.07.2017";"23";"°C"
"CXX359";"448.686";"5.428.915";"6.187";"Temperatur";"Karlsruhe (CXX359)";"Rhein";"2017";"07.07.2017";"23,1";"°C"
"CXX359";"448.686";"5.428.915";"6.187";"Temperatur";"Karlsruhe (CXX359)";"Rhein";"2017";"08.07.2017";"23,7";"°C"
"CXX359";"448.686";"5.428.915";"6.187";"Temperatur";"Karlsruhe (CXX359)";"Rhein";"2017";"09.07.2017";"24";"°C"
"CXX359";"448.686";"5.428.915";"6.187";"Temperatur";"Karlsruhe (CXX359)";"Rhein";"2017";"10.07.2017";"24";"°C"
"CXX359";"448.686";"5.428.915";"6.187";"Temperatur";"Karlsruhe (CXX359)";"Rhein";"2017";"11.07.2017";"23,6";"°C"
"CXX359";"448.686";"5.428.915";"6.187";"Temperatur";"Karlsruhe (CXX359)";"Rhein";"2017";"12.07.2017";"23,2";"°C"
"CXX359";"448.686";"5.428.915";"6.187";"Temperatur";"Karlsruhe (CXX359)";"Rhein";"2017";"13.07.2017";"22,6";"°C"
"CXX359";"448.686";"5.428.915";"6.187";"Temperatur";"Karlsruhe (CXX359)";"Rhein";"2017";"14.07.2017";"22,6";"°C"
"CXX359";"448.686";"5.428.915";"6.187";"Temperatur";"Karlsruhe (CXX359)";"Rhein";"2017";"15.07.2017";"22,6";"°C"
"CXX359";"448.686";"5.428.915";"6.187";"Temperatur";"Karlsruhe (CXX359)";"Rhein";"2017";"16.07.2017";"22,4";"°C"
"CXX359";"448.686";"5.428.915";"6.187";"Temperatur";"Karlsruhe (CXX359)";"Rhein";"2017";"17.07.2017";"22,9";"°C"
"CXX359";"448.686";"5.428.915";"6.187";"Temperatur";"Karlsruhe (CXX359)";"Rhein";"2017";"18.07.2017";"23,5";"°C"
"CXX359";"448.686";"5.428.915";"6.187";"Temperatur";"Karlsruhe (CXX359)";"Rhein";"2017";"19.07.2017";"23,9";"°C"
"CXX359";"448.686";"5.428.915";"6.187";"Temperatur";"Karlsruhe (CXX359)";"Rhein";"2017";"20.07.2017";"24,1";"°C"
"CXX359";"448.686";"5.428.915";"6.187";"Temperatur";"Karlsruhe (CXX359)";"Rhein";"2017";"21.07.2017";"24,2";"°C"
"CXX359";"448.686";"5.428.915";"6.187";"Temperatur";"Karlsruhe (CXX359)";"Rhein";"2017";"22.07.2017";"24,4";"°C"
"CXX359";"448.686";"5.428.915";"6.187";"Temperatur";"Karlsruhe (CXX359)";"Rhein";"2017";"23.07.2017";"24,3";"°C"
"CXX359";"448.686";"5.428.915";"6.187";"Temperatur";"Karlsruhe (CXX359)";"Rhein";"2017";"24.07.2017";"23,8";"°C"
"CXX359";"448.686";"5.428.915";"6.187";"Temperatur";"Karlsruhe (CXX359)";"Rhein";"2017";"25.07.2017";"22,7";"°C"
"CXX359";"448.686";"5.428.915";"6.187";"Temperatur";"Karlsruhe (CXX359)";"Rhein";"2017";"26.07.2017";"21,4";"°C"
"CXX359";"448.686";"5.428.915";"6.187";"Temperatur";"Karlsruhe (CXX359)";"Rhein";"2017";"27.07.2017";"21,3";"°C"
"CXX359";"448.686";"5.428.915";"6.187";"Temperatur";"Karlsruhe (CXX359)";"Rhein";"2017";"28.07.2017";"21,1";"°C"
"CXX359";"448.686";"5.428.915";"6.187";"Temperatur";"Karlsruhe (CXX359)";"Rhein";"2017";"29.07.2017";"21";"°C"
"CXX359";"448.686";"5.428.915";"6.187";"Temperatur";"Karlsruhe (CXX359)";"Rhein";"2017";"30.07.2017";"20,9";"°C"
"CXX359";"448.686";"5.428.915";"6.187";"Temperatur";"Karlsruhe (CXX359)";"Rhein";"2017";"31.07.2017";"21";"°C"
"CXX359";"448.686";"5.428.915";"6.187";"Temperatur";"Karlsruhe (CXX359)";"Rhein";"2017";"01.08.2017";"21,6";"°C"
"CXX359";"448.686";"5.428.915";"6.187";"Temperatur";"Karlsruhe (CXX359)";"Rhein";"2017";"02.08.2017";"22,3";"°C"
"CXX359";"448.686";"5.428.915";"6.187";"Temperatur";"Karlsruhe (CXX359)";"Rhein";"2017";"03.08.2017";"22,8";"°C"
"CXX359";"448.686";"5.428.915";"6.187";"Temperatur";"Karlsruhe (CXX359)";"Rhein";"2017";"04.08.2017";"23";"°C"
"CXX359";"448.686";"5.428.915";"6.187";"Temperatur";"Karlsruhe (CXX359)";"Rhein";"2017";"05.08.2017";"23";"°C"
"CXX359";"448.686";"5.428.915";"6.187";"Temperatur";"Karlsruhe (CXX359)";"Rhein";"2017";"06.08.2017";"23";"°C"
"CXX359";"448.686";"5.428.915";"6.187";"Temperatur";"Karlsruhe (CXX359)";"Rhein";"2017";"07.08.2017";"23";"°C"
"CXX359";"448.686";"5.428.915";"6.187";"Temperatur";"Karlsruhe (CXX359)";"Rhein";"2017";"08.08.2017";"22,9";"°C"
"CXX359";"448.686";"5.428.915";"6.187";"Temperatur";"Karlsruhe (CXX359)";"Rhein";"2017";"09.08.2017";"22,7";"°C"
"CXX359";"448.686";"5.428.915";"6.187";"Temperatur";"Karlsruhe (CXX359)";"Rhein";"2017";"10.08.2017";"22,2";"°C"
"CXX359";"448.686";"5.428.915";"6.187";"Temperatur";"Karlsruhe (CXX359)";"Rhein";"2017";"11.08.2017";"21,3";"°C"
"CXX359";"448.686";"5.428.915";"6.187";"Temperatur";"Karlsruhe (CXX359)";"Rhein";"2017";"12.08.2017";"20,7";"°C"
"CXX359";"448.686";"5.428.915";"6.187";"Temperatur";"Karlsruhe (CXX359)";"Rhein";"2017";"13.08.2017";"20,2";"°C"
"CXX359";"448.686";"5.428.915";"6.187";"Temperatur";"Karlsruhe (CXX359)";"Rhein";"2017";"14.08.2017";"20,5";"°C"
"CXX359";"448.686";"5.428.915";"6.187";"Temperatur";"Karlsruhe (CXX359)";"Rhein";"2017";"15.08.2017";"20,8";"°C"
"CXX359";"448.686";"5.428.915";"6.187";"Temperatur";"Karlsruhe (CXX359)";"Rhein";"2017";"16.08.2017";"21,3";"°C"
"CXX359";"448.686";"5.428.915";"6.187";"Temperatur";"Karlsruhe (CXX359)";"Rhein";"2017";"17.08.2017";"21,8";"°C"
"CXX359";"448.686";"5.428.915";"6.187";"Temperatur";"Karlsruhe (CXX359)";"Rhein";"2017";"18.08.2017";"22,3";"°C"
"CXX359";"448.686";"5.428.915";"6.187";"Temperatur";"Karlsruhe (CXX359)";"Rhein";"2017";"19.08.2017";"22,3";"°C"
"CXX359";"448.686";"5.428.915";"6.187";"Temperatur";"Karlsruhe (CXX359)";"Rhein";"2017";"20.08.2017";"22,1";"°C"
"CXX359";"448.686";"5.428.915";"6.187";"Temperatur";"Karlsruhe (CXX359)";"Rhein";"2017";"21.08.2017";"21,9";"°C"
"CXX359";"448.686";"5.428.915";"6.187";"Temperatur";"Karlsruhe (CXX359)";"Rhein";"2017";"22.08.2017";"21,9";"°C"
"CXX359";"448.686";"5.428.915";"6.187";"Temperatur";"Karlsruhe (CXX359)";"Rhein";"2017";"23.08.2017";"22";"°C"
"CXX359";"448.686";"5.428.915";"6.187";"Temperatur";"Karlsruhe (CXX359)";"Rhein";"2017";"24.08.2017";"22,2";"°C"
"CXX359";"448.686";"5.428.915";"6.187";"Temperatur";"Karlsruhe (CXX359)";"Rhein";"2017";"25.08.2017";"22,2";"°C"
"CXX359";"448.686";"5.428.915";"6.187";"Temperatur";"Karlsruhe (CXX359)";"Rhein";"2017";"26.08.2017";"22,6";"°C"
"CXX359";"448.686";"5.428.915";"6.187";"Temperatur";"Karlsruhe (CXX359)";"Rhein";"2017";"27.08.2017";"22,9";"°C"
"CXX359";"448.686";"5.428.915";"6.187";"Temperatur";"Karlsruhe (CXX359)";"Rhein";"2017";"28.08.2017";"23";"°C"
"CXX359";"448.686";"5.428.915";"6.187";"Temperatur";"Karlsruhe (CXX359)";"Rhein";"2017";"29.08.2017";"23,2";"°C"
"CXX359";"448.686";"5.428.915";"6.187";"Temperatur";"Karlsruhe (CXX359)";"Rhein";"2017";"30.08.2017";"23,3";"°C"
"CXX359";"448.686";"5.428.915";"6.187";"Temperatur";"Karlsruhe (CXX359)";"Rhein";"2017";"31.08.2017";"23";"°C"
"CXX359";"448.686";"5.428.915";"6.187";"Temperatur";"Karlsruhe (CXX359)";"Rhein";"2017";"01.09.2017";"22,6";"°C"
"CXX359";"448.686";"5.428.915";"6.187";"Temperatur";"Karlsruhe (CXX359)";"Rhein";"2017";"02.09.2017";"22,2";"°C"
"CXX359";"448.686";"5.428.915";"6.187";"Temperatur";"Karlsruhe (CXX359)";"Rhein";"2017";"03.09.2017";"21,5";"°C"
"CXX359";"448.686";"5.428.915";"6.187";"Temperatur";"Karlsruhe (CXX359)";"Rhein";"2017";"04.09.2017";"20,3";"°C"
"CXX359";"448.686";"5.428.915";"6.187";"Temperatur";"Karlsruhe (CXX359)";"Rhein";"2017";"05.09.2017";"19,4";"°C"
"CXX359";"448.686";"5.428.915";"6.187";"Temperatur";"Karlsruhe (CXX359)";"Rhein";"2017";"06.09.2017";"19,4";"°C"
"CXX359";"448.686";"5.428.915";"6.187";"Temperatur";"Karlsruhe (CXX359)";"Rhein";"2017";"07.09.2017";"19,5";"°C"
"CXX359";"448.686";"5.428.915";"6.187";"Temperatur";"Karlsruhe (CXX359)";"Rhein";"2017";"08.09.2017";"19,6";"°C"
"CXX359";"448.686";"5.428.915";"6.187";"Temperatur";"Karlsruhe (CXX359)";"Rhein";"2017";"09.09.2017";"19,4";"°C"
"CXX359";"448.686";"5.428.915";"6.187";"Temperatur";"Karlsruhe (CXX359)";"Rhein";"2017";"10.09.2017";"19,3";"°C"
"CXX359";"448.686";"5.428.915";"6.187";"Temperatur";"Karlsruhe (CXX359)";"Rhein";"2017";"11.09.2017";"18,7";"°C"
"CXX359";"448.686";"5.428.915";"6.187";"Temperatur";"Karlsruhe (CXX359)";"Rhein";"2017";"12.09.2017";"18,4";"°C"
"CXX359";"448.686";"5.428.915";"6.187";"Temperatur";"Karlsruhe (CXX359)";"Rhein";"2017";"13.09.2017";"17,9";"°C"
"CXX359";"448.686";"5.428.915";"6.187";"Temperatur";"Karlsruhe (CXX359)";"Rhein";"2017";"14.09.2017";"17,4";"°C"
"CXX359";"448.686";"5.428.915";"6.187";"Temperatur";"Karlsruhe (CXX359)";"Rhein";"2017";"15.09.2017";"16,9";"°C"
"CXX359";"448.686";"5.428.915";"6.187";"Temperatur";"Karlsruhe (CXX359)";"Rhein";"2017";"16.09.2017";"16,9";"°C"
"CXX359";"448.686";"5.428.915";"6.187";"Temperatur";"Karlsruhe (CXX359)";"Rhein";"2017";"17.09.2017";"16,8";"°C"
"CXX359";"448.686";"5.428.915";"6.187";"Temperatur";"Karlsruhe (CXX359)";"Rhein";"2017";"18.09.2017";"16,5";"°C"
"CXX359";"448.686";"5.428.915";"6.187";"Temperatur";"Karlsruhe (CXX359)";"Rhein";"2017";"19.09.2017";"16,1";"°C"
"CXX359";"448.686";"5.428.915";"6.187";"Temperatur";"Karlsruhe (CXX359)";"Rhein";"2017";"20.09.2017";"16,2";"°C"
"CXX359";"448.686";"5.428.915";"6.187";"Temperatur";"Karlsruhe (CXX359)";"Rhein";"2017";"21.09.2017";"16,3";"°C"
"CXX359";"448.686";"5.428.915";"6.187";"Temperatur";"Karlsruhe (CXX359)";"Rhein";"2017";"22.09.2017";"16,4";"°C"
"CXX359";"448.686";"5.428.915";"6.187";"Temperatur";"Karlsruhe (CXX359)";"Rhein";"2017";"23.09.2017";"16,6";"°C"
"CXX359";"448.686";"5.428.915";"6.187";"Temperatur";"Karlsruhe (CXX359)";"Rhein";"2017";"24.09.2017";"16,6";"°C"
"CXX359";"448.686";"5.428.915";"6.187";"Temperatur";"Karlsruhe (CXX359)";"Rhein";"2017";"25.09.2017";"16,6";"°C"
"CXX359";"448.686";"5.428.915";"6.187";"Temperatur";"Karlsruhe (CXX359)";"Rhein";"2017";"26.09.2017";"16,7";"°C"
"CXX359";"448.686";"5.428.915";"6.187";"Temperatur";"Karlsruhe (CXX359)";"Rhein";"2017";"27.09.2017";"16,9";"°C"
"CXX359";"448.686";"5.428.915";"6.187";"Temperatur";"Karlsruhe (CXX359)";"Rhein";"2017";"28.09.2017";"17,1";"°C"
"CXX359";"448.686";"5.428.915";"6.187";"Temperatur";"Karlsruhe (CXX359)";"Rhein";"2017";"29.09.2017";"17,5";"°C"
"CXX359";"448.686";"5.428.915";"6.187";"Temperatur";"Karlsruhe (CXX359)";"Rhein";"2017";"30.09.2017";"17,5";"°C"
"CXX359";"448.686";"5.428.915";"6.187";"Temperatur";"Karlsruhe (CXX359)";"Rhein";"2017";"01.10.2017";"17,2";"°C"
"CXX359";"448.686";"5.428.915";"6.187";"Temperatur";"Karlsruhe (CXX359)";"Rhein";"2017";"02.10.2017";"17,1";"°C"
"CXX359";"448.686";"5.428.915";"6.187";"Temperatur";"Karlsruhe (CXX359)";"Rhein";"2017";"03.10.2017";"17";"°C"
"CXX359";"448.686";"5.428.915";"6.187";"Temperatur";"Karlsruhe (CXX359)";"Rhein";"2017";"04.10.2017";"16,8";"°C"
"CXX359";"448.686";"5.428.915";"6.187";"Temperatur";"Karlsruhe (CXX359)";"Rhein";"2017";"05.10.2017";"16,4";"°C"
"CXX359";"448.686";"5.428.915";"6.187";"Temperatur";"Karlsruhe (CXX359)";"Rhein";"2017";"06.10.2017";"16,1";"°C"
"CXX359";"448.686";"5.428.915";"6.187";"Temperatur";"Karlsruhe (CXX359)";"Rhein";"2017";"07.10.2017";"15,9";"°C"
"CXX359";"448.686";"5.428.915";"6.187";"Temperatur";"Karlsruhe (CXX359)";"Rhein";"2017";"08.10.2017";"15,6";"°C"
"CXX359";"448.686";"5.428.915";"6.187";"Temperatur";"Karlsruhe (CXX359)";"Rhein";"2017";"09.10.2017";"15,5";"°C"
"CXX359";"448.686";"5.428.915";"6.187";"Temperatur";"Karlsruhe (CXX359)";"Rhein";"2017";"10.10.2017";"15,3";"°C"
"CXX359";"448.686";"5.428.915";"6.187";"Temperatur";"Karlsruhe (CXX359)";"Rhein";"2017";"11.10.2017";"15,1";"°C"
"CXX359";"448.686";"5.428.915";"6.187";"Temperatur";"Karlsruhe (CXX359)";"Rhein";"2017";"12.10.2017";"15,2";"°C"
"CXX359";"448.686";"5.428.915";"6.187";"Temperatur";"Karlsruhe (CXX359)";"Rhein";"2017";"13.10.2017";"15,5";"°C"
"CXX359";"448.686";"5.428.915";"6.187";"Temperatur";"Karlsruhe (CXX359)";"Rhein";"2017";"14.10.2017";"15,7";"°C"
"CXX359";"448.686";"5.428.915";"6.187";"Temperatur";"Karlsruhe (CXX359)";"Rhein";"2017";"15.10.2017";"15,8";"°C"
"CXX359";"448.686";"5.428.915";"6.187";"Temperatur";"Karlsruhe (CXX359)";"Rhein";"2017";"16.10.2017";"15,9";"°C"
"CXX359";"448.686";"5.428.915";"6.187";"Temperatur";"Karlsruhe (CXX359)";"Rhein";"2017";"17.10.2017";"16";"°C"
"CXX359";"448.686";"5.428.915";"6.187";"Temperatur";"Karlsruhe (CXX359)";"Rhein";"2017";"18.10.2017";"15,9";"°C"
"CXX359";"448.686";"5.428.915";"6.187";"Temperatur";"Karlsruhe (CXX359)";"Rhein";"2017";"19.10.2017";"15,9";"°C"
"CXX359";"448.686";"5.428.915";"6.187";"Temperatur";"Karlsruhe (CXX359)";"Rhein";"2017";"20.10.2017";"15,9";"°C"
"CXX359";"448.686";"5.428.915";"6.187";"Temperatur";"Karlsruhe (CXX359)";"Rhein";"2017";"21.10.2017";"15,8";"°C"
"CXX359";"448.686";"5.428.915";"6.187";"Temperatur";"Karlsruhe (CXX359)";"Rhein";"2017";"22.10.2017";"15,4";"°C"
"CXX359";"448.686";"5.428.915";"6.187";"Temperatur";"Karlsruhe (CXX359)";"Rhein";"2017";"23.10.2017";"14,9";"°C"
"CXX359";"448.686";"5.428.915";"6.187";"Temperatur";"Karlsruhe (CXX359)";"Rhein";"2017";"24.10.2017";"14,9";"°C"
"CXX359";"448.686";"5.428.915";"6.187";"Temperatur";"Karlsruhe (CXX359)";"Rhein";"2017";"25.10.2017";"15";"°C"
"CXX359";"448.686";"5.428.915";"6.187";"Temperatur";"Karlsruhe (CXX359)";"Rhein";"2017";"26.10.2017";"15,1";"°C"
"CXX359";"448.686";"5.428.915";"6.187";"Temperatur";"Karlsruhe (CXX359)";"Rhein";"2017";"27.10.2017";"15,1";"°C"
"CXX359";"448.686";"5.428.915";"6.187";"Temperatur";"Karlsruhe (CXX359)";"Rhein";"2017";"28.10.2017";"14,5";"°C"
"CXX359";"448.686";"5.428.915";"6.187";"Temperatur";"Karlsruhe (CXX359)";"Rhein";"2017";"29.10.2017";"14";"°C"
"CXX359";"448.686";"5.428.915";"6.187";"Temperatur";"Karlsruhe (CXX359)";"Rhein";"2017";"30.10.2017";"13,5";"°C"
"CXX359";"448.686";"5.428.915";"6.187";"Temperatur";"Karlsruhe (CXX359)";"Rhein";"2017";"31.10.2017";"13,2";"°C"
"CXX359";"448.686";"5.428.915";"6.187";"Temperatur";"Karlsruhe (CXX359)";"Rhein";"2017";"01.11.2017";"13";"°C"
"CXX359";"448.686";"5.428.915";"6.187";"Temperatur";"Karlsruhe (CXX359)";"Rhein";"2017";"02.11.2017";"12,9";"°C"
"CXX359";"448.686";"5.428.915";"6.187";"Temperatur";"Karlsruhe (CXX359)";"Rhein";"2017";"03.11.2017";"12,8";"°C"
"CXX359";"448.686";"5.428.915";"6.187";"Temperatur";"Karlsruhe (CXX359)";"Rhein";"2017";"04.11.2017";"12,8";"°C"
"CXX359";"448.686";"5.428.915";"6.187";"Temperatur";"Karlsruhe (CXX359)";"Rhein";"2017";"05.11.2017";"12,7";"°C"
"CXX359";"448.686";"5.428.915";"6.187";"Temperatur";"Karlsruhe (CXX359)";"Rhein";"2017";"06.11.2017";"12,3";"°C"
"CXX359";"448.686";"5.428.915";"6.187";"Temperatur";"Karlsruhe (CXX359)";"Rhein";"2017";"07.11.2017";"11,8";"°C"
"CXX359";"448.686";"5.428.915";"6.187";"Temperatur";"Karlsruhe (CXX359)";"Rhein";"2017";"08.11.2017";"11,8";"°C"
"CXX359";"448.686";"5.428.915";"6.187";"Temperatur";"Karlsruhe (CXX359)";"Rhein";"2017";"09.11.2017";"11,6";"°C"
"CXX359";"448.686";"5.428.915";"6.187";"Temperatur";"Karlsruhe (CXX359)";"Rhein";"2017";"10.11.2017";"11,3";"°C"
"CXX359";"448.686";"5.428.915";"6.187";"Temperatur";"Karlsruhe (CXX359)";"Rhein";"2017";"11.11.2017";"11";"°C"
"CXX359";"448.686";"5.428.915";"6.187";"Temperatur";"Karlsruhe (CXX359)";"Rhein";"2017";"12.11.2017";"10,6";"°C"
"CXX359";"448.686";"5.428.915";"6.187";"Temperatur";"Karlsruhe (CXX359)";"Rhein";"2017";"13.11.2017";"10,3";"°C"
"CXX359";"448.686";"5.428.915";"6.187";"Temperatur";"Karlsruhe (CXX359)";"Rhein";"2017";"14.11.2017";"10,1";"°C"
"CXX359";"448.686";"5.428.915";"6.187";"Temperatur";"Karlsruhe (CXX359)";"Rhein";"2017";"15.11.2017";"9,7";"°C"
"CXX359";"448.686";"5.428.915";"6.187";"Temperatur";"Karlsruhe (CXX359)";"Rhein";"2017";"16.11.2017";"9,3";"°C"
"CXX359";"448.686";"5.428.915";"6.187";"Temperatur";"Karlsruhe (CXX359)";"Rhein";"2017";"17.11.2017";"9,1";"°C"
"CXX359";"448.686";"5.428.915";"6.187";"Temperatur";"Karlsruhe (CXX359)";"Rhein";"2017";"18.11.2017";"9,1";"°C"
"CXX359";"448.686";"5.428.915";"6.187";"Temperatur";"Karlsruhe (CXX359)";"Rhein";"2017";"19.11.2017";"9";"°C"
"CXX359";"448.686";"5.428.915";"6.187";"Temperatur";"Karlsruhe (CXX359)";"Rhein";"2017";"20.11.2017";"8,8";"°C"
"CXX359";"448.686";"5.428.915";"6.187";"Temperatur";"Karlsruhe (CXX359)";"Rhein";"2017";"21.11.2017";"8,9";"°C"
"CXX359";"448.686";"5.428.915";"6.187";"Temperatur";"Karlsruhe (CXX359)";"Rhein";"2017";"22.11.2017";"9";"°C"
"CXX359";"448.686";"5.428.915";"6.187";"Temperatur";"Karlsruhe (CXX359)";"Rhein";"2017";"23.11.2017";"9,1";"°C"
"CXX359";"448.686";"5.428.915";"6.187";"Temperatur";"Karlsruhe (CXX359)";"Rhein";"2017";"24.11.2017";"9,5";"°C"
"CXX359";"448.686";"5.428.915";"6.187";"Temperatur";"Karlsruhe (CXX359)";"Rhein";"2017";"25.11.2017";"9,6";"°C"
"CXX359";"448.686";"5.428.915";"6.187";"Temperatur";"Karlsruhe (CXX359)";"Rhein";"2017";"26.11.2017";"9,3";"°C"
"CXX359";"448.686";"5.428.915";"6.187";"Temperatur";"Karlsruhe (CXX359)";"Rhein";"2017";"27.11.2017";"8,9";"°C"
"CXX359";"448.686";"5.428.915";"6.187";"Temperatur";"Karlsruhe (CXX359)";"Rhein";"2017";"28.11.2017";"8,6";"°C"
"CXX359";"448.686";"5.428.915";"6.187";"Temperatur";"Karlsruhe (CXX359)";"Rhein";"2017";"29.11.2017";"8,4";"°C"
"CXX359";"448.686";"5.428.915";"6.187";"Temperatur";"Karlsruhe (CXX359)";"Rhein";"2017";"30.11.2017";"8,1";"°C"
"CXX359";"448.686";"5.428.915";"6.187";"Temperatur";"Karlsruhe (CXX359)";"Rhein";"2017";"01.12.2017";"7,8";"°C"
"CXX359";"448.686";"5.428.915";"6.187";"Temperatur";"Karlsruhe (CXX359)";"Rhein";"2017";"02.12.2017";"7,3";"°C"
"CXX359";"448.686";"5.428.915";"6.187";"Temperatur";"Karlsruhe (CXX359)";"Rhein";"2017";"03.12.2017";"6,9";"°C"
"CXX359";"448.686";"5.428.915";"6.187";"Temperatur";"Karlsruhe (CXX359)";"Rhein";"2017";"04.12.2017";"6,7";"°C"
"CXX359";"448.686";"5.428.915";"6.187";"Temperatur";"Karlsruhe (CXX359)";"Rhein";"2017";"05.12.2017";"6,9";"°C"
"CXX359";"448.686";"5.428.915";"6.187";"Temperatur";"Karlsruhe (CXX359)";"Rhein";"2017";"06.12.2017";"7";"°C"
"CXX359";"448.686";"5.428.915";"6.187";"Temperatur";"Karlsruhe (CXX359)";"Rhein";"2017";"07.12.2017";"6,9";"°C"
"CXX359";"448.686";"5.428.915";"6.187";"Temperatur";"Karlsruhe (CXX359)";"Rhein";"2017";"08.12.2017";"7";"°C"
"CXX359";"448.686";"5.428.915";"6.187";"Temperatur";"Karlsruhe (CXX359)";"Rhein";"2017";"09.12.2017";"6,7";"°C"
"CXX359";"448.686";"5.428.915";"6.187";"Temperatur";"Karlsruhe (CXX359)";"Rhein";"2017";"10.12.2017";"6,4";"°C"
"CXX359";"448.686";"5.428.915";"6.187";"Temperatur";"Karlsruhe (CXX359)";"Rhein";"2017";"11.12.2017";"6,6";"°C"
"CXX359";"448.686";"5.428.915";"6.187";"Temperatur";"Karlsruhe (CXX359)";"Rhein";"2017";"12.12.2017";"6,7";"°C"
"CXX359";"448.686";"5.428.915";"6.187";"Temperatur";"Karlsruhe (CXX359)";"Rhein";"2017";"13.12.2017";"6,5";"°C"
"CXX359";"448.686";"5.428.915";"6.187";"Temperatur";"Karlsruhe (CXX359)";"Rhein";"2017";"14.12.2017";"6,4";"°C"
"CXX359";"448.686";"5.428.915";"6.187";"Temperatur";"Karlsruhe (CXX359)";"Rhein";"2017";"15.12.2017";"6,5";"°C"
"CXX359";"448.686";"5.428.915";"6.187";"Temperatur";"Karlsruhe (CXX359)";"Rhein";"2017";"16.12.2017";"6,6";"°C"
"CXX359";"448.686";"5.428.915";"6.187";"Temperatur";"Karlsruhe (CXX359)";"Rhein";"2017";"17.12.2017";"6,6";"°C"
"CXX359";"448.686";"5.428.915";"6.187";"Temperatur";"Karlsruhe (CXX359)";"Rhein";"2017";"18.12.2017";"6,4";"°C"
"CXX359";"448.686";"5.428.915";"6.187";"Temperatur";"Karlsruhe (CXX359)";"Rhein";"2017";"19.12.2017";"6,4";"°C"
"CXX359";"448.686";"5.428.915";"6.187";"Temperatur";"Karlsruhe (CXX359)";"Rhein";"2017";"20.12.2017";"6,5";"°C"
"CXX359";"448.686";"5.428.915";"6.187";"Temperatur";"Karlsruhe (CXX359)";"Rhein";"2017";"21.12.2017";"6,6";"°C"
"CXX359";"448.686";"5.428.915";"6.187";"Temperatur";"Karlsruhe (CXX359)";"Rhein";"2017";"22.12.2017";"-";"°C"
"CXX359";"448.686";"5.428.915";"6.187";"Temperatur";"Karlsruhe (CXX359)";"Rhein";"2017";"23.12.2017";"7,1";"°C"
"CXX359";"448.686";"5.428.915";"6.187";"Temperatur";"Karlsruhe (CXX359)";"Rhein";"2017";"24.12.2017";"7,4";"°C"
"CXX359";"448.686";"5.428.915";"6.187";"Temperatur";"Karlsruhe (CXX359)";"Rhein";"2017";"25.12.2017";"7,4";"°C"
"CXX359";"448.686";"5.428.915";"6.187";"Temperatur";"Karlsruhe (CXX359)";"Rhein";"2017";"26.12.2017";"7,1";"°C"
"CXX359";"448.686";"5.428.915";"6.187";"Temperatur";"Karlsruhe (CXX359)";"Rhein";"2017";"27.12.2017";"7";"°C"
"CXX359";"448.686";"5.428.915";"6.187";"Temperatur";"Karlsruhe (CXX359)";"Rhein";"2017";"28.12.2017";"6,8";"°C"
"CXX359";"448.686";"5.428.915";"6.187";"Temperatur";"Karlsruhe (CXX359)";"Rhein";"2017";"29.12.2017";"6,3";"°C"
"CXX359";"448.686";"5.428.915";"6.187";"Temperatur";"Karlsruhe (CXX359)";"Rhein";"2017";"30.12.2017";"6,2";"°C"
"CXX359";"448.686";"5.428.915";"6.187";"Temperatur";"Karlsruhe (CXX359)";"Rhein";"2017";"31.12.2017";"6,7";"°C"
"CXX359";"448.686";"5.428.915";"6.187";"Temperatur";"Karlsruhe (CXX359)";"Rhein";"2018";"01.01.2018";"6,9";"°C"
"CXX359";"448.686";"5.428.915";"6.187";"Temperatur";"Karlsruhe (CXX359)";"Rhein";"2018";"02.01.2018";"6,8";"°C"
"CXX359";"448.686";"5.428.915";"6.187";"Temperatur";"Karlsruhe (CXX359)";"Rhein";"2018";"03.01.2018";"7";"°C"
"CXX359";"448.686";"5.428.915";"6.187";"Temperatur";"Karlsruhe (CXX359)";"Rhein";"2018";"04.01.2018";"7,1";"°C"
"CXX359";"448.686";"5.428.915";"6.187";"Temperatur";"Karlsruhe (CXX359)";"Rhein";"2018";"05.01.2018";"7,3";"°C"
"CXX359";"448.686";"5.428.915";"6.187";"Temperatur";"Karlsruhe (CXX359)";"Rhein";"2018";"06.01.2018";"7,5";"°C"
"CXX359";"448.686";"5.428.915";"6.187";"Temperatur";"Karlsruhe (CXX359)";"Rhein";"2018";"07.01.2018";"7,8";"°C"
"CXX359";"448.686";"5.428.915";"6.187";"Temperatur";"Karlsruhe (CXX359)";"Rhein";"2018";"08.01.2018";"7,7";"°C"
"CXX359";"448.686";"5.428.915";"6.187";"Temperatur";"Karlsruhe (CXX359)";"Rhein";"2018";"09.01.2018";"7,5";"°C"
"CXX359";"448.686";"5.428.915";"6.187";"Temperatur";"Karlsruhe (CXX359)";"Rhein";"2018";"10.01.2018";"7,4";"°C"
"CXX359";"448.686";"5.428.915";"6.187";"Temperatur";"Karlsruhe (CXX359)";"Rhein";"2018";"11.01.2018";"7,4";"°C"
"CXX359";"448.686";"5.428.915";"6.187";"Temperatur";"Karlsruhe (CXX359)";"Rhein";"2018";"12.01.2018";"7,2";"°C"
"CXX359";"448.686";"5.428.915";"6.187";"Temperatur";"Karlsruhe (CXX359)";"Rhein";"2018";"13.01.2018";"6,9";"°C"
"CXX359";"448.686";"5.428.915";"6.187";"Temperatur";"Karlsruhe (CXX359)";"Rhein";"2018";"14.01.2018";"6,7";"°C"
"CXX359";"448.686";"5.428.915";"6.187";"Temperatur";"Karlsruhe (CXX359)";"Rhein";"2018";"15.01.2018";"6,5";"°C"
"CXX359";"448.686";"5.428.915";"6.187";"Temperatur";"Karlsruhe (CXX359)";"Rhein";"2018";"16.01.2018";"6,5";"°C"
"CXX359";"448.686";"5.428.915";"6.187";"Temperatur";"Karlsruhe (CXX359)";"Rhein";"2018";"17.01.2018";"6,4";"°C"
"CXX359";"448.686";"5.428.915";"6.187";"Temperatur";"Karlsruhe (CXX359)";"Rhein";"2018";"18.01.2018";"6,3";"°C"
"CXX359";"448.686";"5.428.915";"6.187";"Temperatur";"Karlsruhe (CXX359)";"Rhein";"2018";"19.01.2018";"6,4";"°C"
"CXX359";"448.686";"5.428.915";"6.187";"Temperatur";"Karlsruhe (CXX359)";"Rhein";"2018";"20.01.2018";"6,4";"°C"
"CXX359";"448.686";"5.428.915";"6.187";"Temperatur";"Karlsruhe (CXX359)";"Rhein";"2018";"21.01.2018";"6,4";"°C"
"CXX359";"448.686";"5.428.915";"6.187";"Temperatur";"Karlsruhe (CXX359)";"Rhein";"2018";"22.01.2018";"6,5";"°C"
"CXX359";"448.686";"5.428.915";"6.187";"Temperatur";"Karlsruhe (CXX359)";"Rhein";"2018";"23.01.2018";"6,7";"°C"
"CXX359";"448.686";"5.428.915";"6.187";"Temperatur";"Karlsruhe (CXX359)";"Rhein";"2018";"24.01.2018";"7";"°C"
"CXX359";"448.686";"5.428.915";"6.187";"Temperatur";"Karlsruhe (CXX359)";"Rhein";"2018";"25.01.2018";"7,4";"°C"
"CXX359";"448.686";"5.428.915";"6.187";"Temperatur";"Karlsruhe (CXX359)";"Rhein";"2018";"26.01.2018";"7,6";"°C"
"CXX359";"448.686";"5.428.915";"6.187";"Temperatur";"Karlsruhe (CXX359)";"Rhein";"2018";"27.01.2018";"7,5";"°C"
"CXX359";"448.686";"5.428.915";"6.187";"Temperatur";"Karlsruhe (CXX359)";"Rhein";"2018";"28.01.2018";"7,4";"°C"
"CXX359";"448.686";"5.428.915";"6.187";"Temperatur";"Karlsruhe (CXX359)";"Rhein";"2018";"29.01.2018";"7,5";"°C"
"CXX359";"448.686";"5.428.915";"6.187";"Temperatur";"Karlsruhe (CXX359)";"Rhein";"2018";"30.01.2018";"7,7";"°C"
"CXX359";"448.686";"5.428.915";"6.187";"Temperatur";"Karlsruhe (CXX359)";"Rhein";"2018";"31.01.2018";"7,8";"°C"
"CXX359";"448.686";"5.428.915";"6.187";"Temperatur";"Karlsruhe (CXX359)";"Rhein";"2018";"01.02.2018";"7,6";"°C"
"CXX359";"448.686";"5.428.915";"6.187";"Temperatur";"Karlsruhe (CXX359)";"Rhein";"2018";"02.02.2018";"7,2";"°C"
"CXX359";"448.686";"5.428.915";"6.187";"Temperatur";"Karlsruhe (CXX359)";"Rhein";"2018";"03.02.2018";"7";"°C"
"CXX359";"448.686";"5.428.915";"6.187";"Temperatur";"Karlsruhe (CXX359)";"Rhein";"2018";"04.02.2018";"6,7";"°C"
"CXX359";"448.686";"5.428.915";"6.187";"Temperatur";"Karlsruhe (CXX359)";"Rhein";"2018";"05.02.2018";"6,2";"°C"
"CXX359";"448.686";"5.428.915";"6.187";"Temperatur";"Karlsruhe (CXX359)";"Rhein";"2018";"06.02.2018";"5,9";"°C"
"CXX359";"448.686";"5.428.915";"6.187";"Temperatur";"Karlsruhe (CXX359)";"Rhein";"2018";"07.02.2018";"6";"°C"
"CXX359";"448.686";"5.428.915";"6.187";"Temperatur";"Karlsruhe (CXX359)";"Rhein";"2018";"08.02.2018";"6";"°C"
"CXX359";"448.686";"5.428.915";"6.187";"Temperatur";"Karlsruhe (CXX359)";"Rhein";"2018";"09.02.2018";"5,9";"°C"
"CXX359";"448.686";"5.428.915";"6.187";"Temperatur";"Karlsruhe (CXX359)";"Rhein";"2018";"10.02.2018";"5,9";"°C"
"CXX359";"448.686";"5.428.915";"6.187";"Temperatur";"Karlsruhe (CXX359)";"Rhein";"2018";"11.02.2018";"5,9";"°C"
"CXX359";"448.686";"5.428.915";"6.187";"Temperatur";"Karlsruhe (CXX359)";"Rhein";"2018";"12.02.2018";"5,9";"°C"
"CXX359";"448.686";"5.428.915";"6.187";"Temperatur";"Karlsruhe (CXX359)";"Rhein";"2018";"13.02.2018";"5,9";"°C"
"CXX359";"448.686";"5.428.915";"6.187";"Temperatur";"Karlsruhe (CXX359)";"Rhein";"2018";"14.02.2018";"5,7";"°C"
"CXX359";"448.686";"5.428.915";"6.187";"Temperatur";"Karlsruhe (CXX359)";"Rhein";"2018";"15.02.2018";"5,7";"°C"
"CXX359";"448.686";"5.428.915";"6.187";"Temperatur";"Karlsruhe (CXX359)";"Rhein";"2018";"16.02.2018";"6,1";"°C"
"CXX359";"448.686";"5.428.915";"6.187";"Temperatur";"Karlsruhe (CXX359)";"Rhein";"2018";"17.02.2018";"6";"°C"
"CXX359";"448.686";"5.428.915";"6.187";"Temperatur";"Karlsruhe (CXX359)";"Rhein";"2018";"18.02.2018";"5,7";"°C"
"CXX359";"448.686";"5.428.915";"6.187";"Temperatur";"Karlsruhe (CXX359)";"Rhein";"2018";"19.02.2018";"5,7";"°C"
"CXX359";"448.686";"5.428.915";"6.187";"Temperatur";"Karlsruhe (CXX359)";"Rhein";"2018";"20.02.2018";"5,7";"°C"
"CXX359";"448.686";"5.428.915";"6.187";"Temperatur";"Karlsruhe (CXX359)";"Rhein";"2018";"21.02.2018";"5,6";"°C"
"CXX359";"448.686";"5.428.915";"6.187";"Temperatur";"Karlsruhe (CXX359)";"Rhein";"2018";"22.02.2018";"5,1";"°C"
"CXX359";"448.686";"5.428.915";"6.187";"Temperatur";"Karlsruhe (CXX359)";"Rhein";"2018";"23.02.2018";"-";"°C"
"CXX359";"448.686";"5.428.915";"6.187";"Temperatur";"Karlsruhe (CXX359)";"Rhein";"2018";"24.02.2018";"4,3";"°C"
"CXX359";"448.686";"5.428.915";"6.187";"Temperatur";"Karlsruhe (CXX359)";"Rhein";"2018";"25.02.2018";"4";"°C"
"CXX359";"448.686";"5.428.915";"6.187";"Temperatur";"Karlsruhe (CXX359)";"Rhein";"2018";"26.02.2018";"3,5";"°C"
"CXX359";"448.686";"5.428.915";"6.187";"Temperatur";"Karlsruhe (CXX359)";"Rhein";"2018";"27.02.2018";"3";"°C"
"CXX359";"448.686";"5.428.915";"6.187";"Temperatur";"Karlsruhe (CXX359)";"Rhein";"2018";"28.02.2018";"2,8";"°C"
"CXX359";"448.686";"5.428.915";"6.187";"Temperatur";"Karlsruhe (CXX359)";"Rhein";"2018";"01.03.2018";"2,6";"°C"
"CXX359";"448.686";"5.428.915";"6.187";"Temperatur";"Karlsruhe (CXX359)";"Rhein";"2018";"02.03.2018";"2,7";"°C"
"CXX359";"448.686";"5.428.915";"6.187";"Temperatur";"Karlsruhe (CXX359)";"Rhein";"2018";"03.03.2018";"3,2";"°C"
"CXX359";"448.686";"5.428.915";"6.187";"Temperatur";"Karlsruhe (CXX359)";"Rhein";"2018";"04.03.2018";"3,6";"°C"
"CXX359";"448.686";"5.428.915";"6.187";"Temperatur";"Karlsruhe (CXX359)";"Rhein";"2018";"05.03.2018";"4,2";"°C"
"CXX359";"448.686";"5.428.915";"6.187";"Temperatur";"Karlsruhe (CXX359)";"Rhein";"2018";"06.03.2018";"4,7";"°C"
"CXX359";"448.686";"5.428.915";"6.187";"Temperatur";"Karlsruhe (CXX359)";"Rhein";"2018";"07.03.2018";"5,4";"°C"
"CXX359";"448.686";"5.428.915";"6.187";"Temperatur";"Karlsruhe (CXX359)";"Rhein";"2018";"08.03.2018";"6,1";"°C"
"CXX359";"448.686";"5.428.915";"6.187";"Temperatur";"Karlsruhe (CXX359)";"Rhein";"2018";"09.03.2018";"-";"°C"
"CXX359";"448.686";"5.428.915";"6.187";"Temperatur";"Karlsruhe (CXX359)";"Rhein";"2018";"10.03.2018";"-";"°C"
"CXX359";"448.686";"5.428.915";"6.187";"Temperatur";"Karlsruhe (CXX359)";"Rhein";"2018";"11.03.2018";"7,4";"°C"
"CXX359";"448.686";"5.428.915";"6.187";"Temperatur";"Karlsruhe (CXX359)";"Rhein";"2018";"12.03.2018";"7,9";"°C"
"CXX359";"448.686";"5.428.915";"6.187";"Temperatur";"Karlsruhe (CXX359)";"Rhein";"2018";"13.03.2018";"8";"°C"
"CXX359";"448.686";"5.428.915";"6.187";"Temperatur";"Karlsruhe (CXX359)";"Rhein";"2018";"14.03.2018";"8";"°C"
"CXX359";"448.686";"5.428.915";"6.187";"Temperatur";"Karlsruhe (CXX359)";"Rhein";"2018";"15.03.2018";"7,9";"°C"
"CXX359";"448.686";"5.428.915";"6.187";"Temperatur";"Karlsruhe (CXX359)";"Rhein";"2018";"16.03.2018";"7,8";"°C"
"CXX359";"448.686";"5.428.915";"6.187";"Temperatur";"Karlsruhe (CXX359)";"Rhein";"2018";"17.03.2018";"7,5";"°C"
"CXX359";"448.686";"5.428.915";"6.187";"Temperatur";"Karlsruhe (CXX359)";"Rhein";"2018";"18.03.2018";"6,7";"°C"
"CXX359";"448.686";"5.428.915";"6.187";"Temperatur";"Karlsruhe (CXX359)";"Rhein";"2018";"19.03.2018";"6,3";"°C"
"CXX359";"448.686";"5.428.915";"6.187";"Temperatur";"Karlsruhe (CXX359)";"Rhein";"2018";"20.03.2018";"6";"°C"
"CXX359";"448.686";"5.428.915";"6.187";"Temperatur";"Karlsruhe (CXX359)";"Rhein";"2018";"21.03.2018";"6,1";"°C"
"CXX359";"448.686";"5.428.915";"6.187";"Temperatur";"Karlsruhe (CXX359)";"Rhein";"2018";"22.03.2018";"6,1";"°C"
"CXX359";"448.686";"5.428.915";"6.187";"Temperatur";"Karlsruhe (CXX359)";"Rhein";"2018";"23.03.2018";"6,3";"°C"
"CXX359";"448.686";"5.428.915";"6.187";"Temperatur";"Karlsruhe (CXX359)";"Rhein";"2018";"24.03.2018";"6,6";"°C"
"CXX359";"448.686";"5.428.915";"6.187";"Temperatur";"Karlsruhe (CXX359)";"Rhein";"2018";"25.03.2018";"7,2";"°C"
"CXX359";"448.686";"5.428.915";"6.187";"Temperatur";"Karlsruhe (CXX359)";"Rhein";"2018";"26.03.2018";"7,6";"°C"
"CXX359";"448.686";"5.428.915";"6.187";"Temperatur";"Karlsruhe (CXX359)";"Rhein";"2018";"27.03.2018";"7,9";"°C"
"CXX359";"448.686";"5.428.915";"6.187";"Temperatur";"Karlsruhe (CXX359)";"Rhein";"2018";"28.03.2018";"8,1";"°C"
"CXX359";"448.686";"5.428.915";"6.187";"Temperatur";"Karlsruhe (CXX359)";"Rhein";"2018";"29.03.2018";"8,5";"°C"
"CXX359";"448.686";"5.428.915";"6.187";"Temperatur";"Karlsruhe (CXX359)";"Rhein";"2018";"30.03.2018";"8,9";"°C"
"CXX359";"448.686";"5.428.915";"6.187";"Temperatur";"Karlsruhe (CXX359)";"Rhein";"2018";"31.03.2018";"9,2";"°C"
"CXX359";"448.686";"5.428.915";"6.187";"Temperatur";"Karlsruhe (CXX359)";"Rhein";"2018";"01.04.2018";"9,1";"°C"
"CXX359";"448.686";"5.428.915";"6.187";"Temperatur";"Karlsruhe (CXX359)";"Rhein";"2018";"02.04.2018";"9,1";"°C"
"CXX359";"448.686";"5.428.915";"6.187";"Temperatur";"Karlsruhe (CXX359)";"Rhein";"2018";"03.04.2018";"9,3";"°C"
"CXX359";"448.686";"5.428.915";"6.187";"Temperatur";"Karlsruhe (CXX359)";"Rhein";"2018";"04.04.2018";"9,6";"°C"
"CXX359";"448.686";"5.428.915";"6.187";"Temperatur";"Karlsruhe (CXX359)";"Rhein";"2018";"05.04.2018";"9,6";"°C"
"CXX359";"448.686";"5.428.915";"6.187";"Temperatur";"Karlsruhe (CXX359)";"Rhein";"2018";"06.04.2018";"9,7";"°C"
"CXX359";"448.686";"5.428.915";"6.187";"Temperatur";"Karlsruhe (CXX359)";"Rhein";"2018";"07.04.2018";"10,3";"°C"
"CXX359";"448.686";"5.428.915";"6.187";"Temperatur";"Karlsruhe (CXX359)";"Rhein";"2018";"08.04.2018";"11,1";"°C"
"CXX359";"448.686";"5.428.915";"6.187";"Temperatur";"Karlsruhe (CXX359)";"Rhein";"2018";"09.04.2018";"11,4";"°C"
"CXX359";"448.686";"5.428.915";"6.187";"Temperatur";"Karlsruhe (CXX359)";"Rhein";"2018";"10.04.2018";"11,6";"°C"
"CXX359";"448.686";"5.428.915";"6.187";"Temperatur";"Karlsruhe (CXX359)";"Rhein";"2018";"11.04.2018";"11,8";"°C"
"CXX359";"448.686";"5.428.915";"6.187";"Temperatur";"Karlsruhe (CXX359)";"Rhein";"2018";"12.04.2018";"12";"°C"
"CXX359";"448.686";"5.428.915";"6.187";"Temperatur";"Karlsruhe (CXX359)";"Rhein";"2018";"13.04.2018";"11,8";"°C"
"CXX359";"448.686";"5.428.915";"6.187";"Temperatur";"Karlsruhe (CXX359)";"Rhein";"2018";"14.04.2018";"11,9";"°C"
"CXX359";"448.686";"5.428.915";"6.187";"Temperatur";"Karlsruhe (CXX359)";"Rhein";"2018";"15.04.2018";"12,6";"°C"
"CXX359";"448.686";"5.428.915";"6.187";"Temperatur";"Karlsruhe (CXX359)";"Rhein";"2018";"16.04.2018";"13";"°C"
"CXX359";"448.686";"5.428.915";"6.187";"Temperatur";"Karlsruhe (CXX359)";"Rhein";"2018";"17.04.2018";"13,4";"°C"
"CXX359";"448.686";"5.428.915";"6.187";"Temperatur";"Karlsruhe (CXX359)";"Rhein";"2018";"18.04.2018";"13,8";"°C"
"CXX359";"448.686";"5.428.915";"6.187";"Temperatur";"Karlsruhe (CXX359)";"Rhein";"2018";"19.04.2018";"14,2";"°C"
"CXX359";"448.686";"5.428.915";"6.187";"Temperatur";"Karlsruhe (CXX359)";"Rhein";"2018";"20.04.2018";"14,6";"°C"
"CXX359";"448.686";"5.428.915";"6.187";"Temperatur";"Karlsruhe (CXX359)";"Rhein";"2018";"21.04.2018";"15,1";"°C"
"CXX359";"448.686";"5.428.915";"6.187";"Temperatur";"Karlsruhe (CXX359)";"Rhein";"2018";"22.04.2018";"15,6";"°C"
"CXX359";"448.686";"5.428.915";"6.187";"Temperatur";"Karlsruhe (CXX359)";"Rhein";"2018";"23.04.2018";"15,8";"°C"
"CXX359";"448.686";"5.428.915";"6.187";"Temperatur";"Karlsruhe (CXX359)";"Rhein";"2018";"24.04.2018";"15,6";"°C"
"CXX359";"448.686";"5.428.915";"6.187";"Temperatur";"Karlsruhe (CXX359)";"Rhein";"2018";"25.04.2018";"15,7";"°C"
"CXX359";"448.686";"5.428.915";"6.187";"Temperatur";"Karlsruhe (CXX359)";"Rhein";"2018";"26.04.2018";"15,9";"°C"
"CXX359";"448.686";"5.428.915";"6.187";"Temperatur";"Karlsruhe (CXX359)";"Rhein";"2018";"27.04.2018";"15,9";"°C"
"CXX359";"448.686";"5.428.915";"6.187";"Temperatur";"Karlsruhe (CXX359)";"Rhein";"2018";"28.04.2018";"15,7";"°C"
"CXX359";"448.686";"5.428.915";"6.187";"Temperatur";"Karlsruhe (CXX359)";"Rhein";"2018";"29.04.2018";"15,8";"°C"
"CXX359";"448.686";"5.428.915";"6.187";"Temperatur";"Karlsruhe (CXX359)";"Rhein";"2018";"30.04.2018";"15";"°C"
"CXX359";"448.686";"5.428.915";"6.187";"Temperatur";"Karlsruhe (CXX359)";"Rhein";"2018";"01.05.2018";"14,8";"°C"
"CXX359";"448.686";"5.428.915";"6.187";"Temperatur";"Karlsruhe (CXX359)";"Rhein";"2018";"02.05.2018";"15,2";"°C"
"CXX359";"448.686";"5.428.915";"6.187";"Temperatur";"Karlsruhe (CXX359)";"Rhein";"2018";"03.05.2018";"15,4";"°C"
"CXX359";"448.686";"5.428.915";"6.187";"Temperatur";"Karlsruhe (CXX359)";"Rhein";"2018";"04.05.2018";"15,3";"°C"
"CXX359";"448.686";"5.428.915";"6.187";"Temperatur";"Karlsruhe (CXX359)";"Rhein";"2018";"05.05.2018";"14,7";"°C"
"CXX359";"448.686";"5.428.915";"6.187";"Temperatur";"Karlsruhe (CXX359)";"Rhein";"2018";"06.05.2018";"15,1";"°C"
"CXX359";"448.686";"5.428.915";"6.187";"Temperatur";"Karlsruhe (CXX359)";"Rhein";"2018";"07.05.2018";"15,8";"°C"
"CXX359";"448.686";"5.428.915";"6.187";"Temperatur";"Karlsruhe (CXX359)";"Rhein";"2018";"08.05.2018";"16,3";"°C"
"CXX359";"448.686";"5.428.915";"6.187";"Temperatur";"Karlsruhe (CXX359)";"Rhein";"2018";"09.05.2018";"17,1";"°C"
"CXX359";"448.686";"5.428.915";"6.187";"Temperatur";"Karlsruhe (CXX359)";"Rhein";"2018";"10.05.2018";"17,2";"°C"
"CXX359";"448.686";"5.428.915";"6.187";"Temperatur";"Karlsruhe (CXX359)";"Rhein";"2018";"11.05.2018";"17,1";"°C"
"CXX359";"448.686";"5.428.915";"6.187";"Temperatur";"Karlsruhe (CXX359)";"Rhein";"2018";"12.05.2018";"17,3";"°C"
"CXX359";"448.686";"5.428.915";"6.187";"Temperatur";"Karlsruhe (CXX359)";"Rhein";"2018";"13.05.2018";"17,2";"°C"
"CXX359";"448.686";"5.428.915";"6.187";"Temperatur";"Karlsruhe (CXX359)";"Rhein";"2018";"14.05.2018";"16,6";"°C"
"CXX359";"448.686";"5.428.915";"6.187";"Temperatur";"Karlsruhe (CXX359)";"Rhein";"2018";"15.05.2018";"16,5";"°C"
"CXX359";"448.686";"5.428.915";"6.187";"Temperatur";"Karlsruhe (CXX359)";"Rhein";"2018";"16.05.2018";"16,7";"°C"
"CXX359";"448.686";"5.428.915";"6.187";"Temperatur";"Karlsruhe (CXX359)";"Rhein";"2018";"17.05.2018";"16";"°C"
"CXX359";"448.686";"5.428.915";"6.187";"Temperatur";"Karlsruhe (CXX359)";"Rhein";"2018";"18.05.2018";"15,5";"°C"
"CXX359";"448.686";"5.428.915";"6.187";"Temperatur";"Karlsruhe (CXX359)";"Rhein";"2018";"19.05.2018";"16";"°C"
"CXX359";"448.686";"5.428.915";"6.187";"Temperatur";"Karlsruhe (CXX359)";"Rhein";"2018";"20.05.2018";"15,9";"°C"
"CXX359";"448.686";"5.428.915";"6.187";"Temperatur";"Karlsruhe (CXX359)";"Rhein";"2018";"21.05.2018";"16,5";"°C"
"CXX359";"448.686";"5.428.915";"6.187";"Temperatur";"Karlsruhe (CXX359)";"Rhein";"2018";"22.05.2018";"17,4";"°C"
"CXX359";"448.686";"5.428.915";"6.187";"Temperatur";"Karlsruhe (CXX359)";"Rhein";"2018";"23.05.2018";"17,7";"°C"
"CXX359";"448.686";"5.428.915";"6.187";"Temperatur";"Karlsruhe (CXX359)";"Rhein";"2018";"24.05.2018";"17,8";"°C"
"CXX359";"448.686";"5.428.915";"6.187";"Temperatur";"Karlsruhe (CXX359)";"Rhein";"2018";"25.05.2018";"18,6";"°C"
"CXX359";"448.686";"5.428.915";"6.187";"Temperatur";"Karlsruhe (CXX359)";"Rhein";"2018";"26.05.2018";"19,1";"°C"
"CXX359";"448.686";"5.428.915";"6.187";"Temperatur";"Karlsruhe (CXX359)";"Rhein";"2018";"27.05.2018";"19,6";"°C"
"CXX359";"448.686";"5.428.915";"6.187";"Temperatur";"Karlsruhe (CXX359)";"Rhein";"2018";"28.05.2018";"20,1";"°C"
"CXX359";"448.686";"5.428.915";"6.187";"Temperatur";"Karlsruhe (CXX359)";"Rhein";"2018";"29.05.2018";"20,3";"°C"
"CXX359";"448.686";"5.428.915";"6.187";"Temperatur";"Karlsruhe (CXX359)";"Rhein";"2018";"30.05.2018";"20,8";"°C"
"CXX359";"448.686";"5.428.915";"6.187";"Temperatur";"Karlsruhe (CXX359)";"Rhein";"2018";"31.05.2018";"21,2";"°C"
"CXX359";"448.686";"5.428.915";"6.187";"Temperatur";"Karlsruhe (CXX359)";"Rhein";"2018";"01.06.2018";"21,3";"°C"
"CXX359";"448.686";"5.428.915";"6.187";"Temperatur";"Karlsruhe (CXX359)";"Rhein";"2018";"02.06.2018";"21,3";"°C"
"CXX359";"448.686";"5.428.915";"6.187";"Temperatur";"Karlsruhe (CXX359)";"Rhein";"2018";"03.06.2018";"21,6";"°C"
"CXX359";"448.686";"5.428.915";"6.187";"Temperatur";"Karlsruhe (CXX359)";"Rhein";"2018";"04.06.2018";"21,8";"°C"
"CXX359";"448.686";"5.428.915";"6.187";"Temperatur";"Karlsruhe (CXX359)";"Rhein";"2018";"05.06.2018";"21,8";"°C"
"CXX359";"448.686";"5.428.915";"6.187";"Temperatur";"Karlsruhe (CXX359)";"Rhein";"2018";"06.06.2018";"22,3";"°C"
"CXX359";"448.686";"5.428.915";"6.187";"Temperatur";"Karlsruhe (CXX359)";"Rhein";"2018";"07.06.2018";"22,6";"°C"
"CXX359";"448.686";"5.428.915";"6.187";"Temperatur";"Karlsruhe (CXX359)";"Rhein";"2018";"08.06.2018";"22,6";"°C"
"CXX359";"448.686";"5.428.915";"6.187";"Temperatur";"Karlsruhe (CXX359)";"Rhein";"2018";"09.06.2018";"22,7";"°C"
"CXX359";"448.686";"5.428.915";"6.187";"Temperatur";"Karlsruhe (CXX359)";"Rhein";"2018";"10.06.2018";"22,9";"°C"
"CXX359";"448.686";"5.428.915";"6.187";"Temperatur";"Karlsruhe (CXX359)";"Rhein";"2018";"11.06.2018";"22,5";"°C"
"CXX359";"448.686";"5.428.915";"6.187";"Temperatur";"Karlsruhe (CXX359)";"Rhein";"2018";"12.06.2018";"22,1";"°C"
"CXX359";"448.686";"5.428.915";"6.187";"Temperatur";"Karlsruhe (CXX359)";"Rhein";"2018";"13.06.2018";"21,5";"°C"
"CXX359";"448.686";"5.428.915";"6.187";"Temperatur";"Karlsruhe (CXX359)";"Rhein";"2018";"14.06.2018";"21,2";"°C"
"CXX359";"448.686";"5.428.915";"6.187";"Temperatur";"Karlsruhe (CXX359)";"Rhein";"2018";"15.06.2018";"21";"°C"
"CXX359";"448.686";"5.428.915";"6.187";"Temperatur";"Karlsruhe (CXX359)";"Rhein";"2018";"16.06.2018";"20,7";"°C"
"CXX359";"448.686";"5.428.915";"6.187";"Temperatur";"Karlsruhe (CXX359)";"Rhein";"2018";"17.06.2018";"20,5";"°C"
"CXX359";"448.686";"5.428.915";"6.187";"Temperatur";"Karlsruhe (CXX359)";"Rhein";"2018";"18.06.2018";"20,9";"°C"
"CXX359";"448.686";"5.428.915";"6.187";"Temperatur";"Karlsruhe (CXX359)";"Rhein";"2018";"19.06.2018";"21,4";"°C"
"CXX359";"448.686";"5.428.915";"6.187";"Temperatur";"Karlsruhe (CXX359)";"Rhein";"2018";"20.06.2018";"22,1";"°C"
"CXX359";"448.686";"5.428.915";"6.187";"Temperatur";"Karlsruhe (CXX359)";"Rhein";"2018";"21.06.2018";"22,5";"°C"
"CXX359";"448.686";"5.428.915";"6.187";"Temperatur";"Karlsruhe (CXX359)";"Rhein";"2018";"22.06.2018";"22,1";"°C"
"CXX359";"448.686";"5.428.915";"6.187";"Temperatur";"Karlsruhe (CXX359)";"Rhein";"2018";"23.06.2018";"21,8";"°C"
"CXX359";"448.686";"5.428.915";"6.187";"Temperatur";"Karlsruhe (CXX359)";"Rhein";"2018";"24.06.2018";"21,8";"°C"
"CXX359";"448.686";"5.428.915";"6.187";"Temperatur";"Karlsruhe (CXX359)";"Rhein";"2018";"25.06.2018";"21,8";"°C"
"CXX359";"448.686";"5.428.915";"6.187";"Temperatur";"Karlsruhe (CXX359)";"Rhein";"2018";"26.06.2018";"21,9";"°C"
"CXX359";"448.686";"5.428.915";"6.187";"Temperatur";"Karlsruhe (CXX359)";"Rhein";"2018";"27.06.2018";"21,9";"°C"
"CXX359";"448.686";"5.428.915";"6.187";"Temperatur";"Karlsruhe (CXX359)";"Rhein";"2018";"28.06.2018";"22";"°C"
"CXX359";"448.686";"5.428.915";"6.187";"Temperatur";"Karlsruhe (CXX359)";"Rhein";"2018";"29.06.2018";"22,2";"°C"
"CXX359";"448.686";"5.428.915";"6.187";"Temperatur";"Karlsruhe (CXX359)";"Rhein";"2018";"30.06.2018";"22,6";"°C"
"CXX359";"448.686";"5.428.915";"6.187";"Temperatur";"Karlsruhe (CXX359)";"Rhein";"2018";"01.07.2018";"22,5";"°C"
"CXX359";"448.686";"5.428.915";"6.187";"Temperatur";"Karlsruhe (CXX359)";"Rhein";"2018";"02.07.2018";"22,5";"°C"
"CXX359";"448.686";"5.428.915";"6.187";"Temperatur";"Karlsruhe (CXX359)";"Rhein";"2018";"03.07.2018";"22,9";"°C"
"CXX359";"448.686";"5.428.915";"6.187";"Temperatur";"Karlsruhe (CXX359)";"Rhein";"2018";"04.07.2018";"23,4";"°C"
"CXX359";"448.686";"5.428.915";"6.187";"Temperatur";"Karlsruhe (CXX359)";"Rhein";"2018";"05.07.2018";"23,2";"°C"
"CXX359";"448.686";"5.428.915";"6.187";"Temperatur";"Karlsruhe (CXX359)";"Rhein";"2018";"06.07.2018";"23,1";"°C"
"CXX359";"448.686";"5.428.915";"6.187";"Temperatur";"Karlsruhe (CXX359)";"Rhein";"2018";"07.07.2018";"23,4";"°C"
"CXX359";"448.686";"5.428.915";"6.187";"Temperatur";"Karlsruhe (CXX359)";"Rhein";"2018";"08.07.2018";"23,5";"°C"
"CXX359";"448.686";"5.428.915";"6.187";"Temperatur";"Karlsruhe (CXX359)";"Rhein";"2018";"09.07.2018";"23,4";"°C"
"CXX359";"448.686";"5.428.915";"6.187";"Temperatur";"Karlsruhe (CXX359)";"Rhein";"2018";"10.07.2018";"23,1";"°C"
"CXX359";"448.686";"5.428.915";"6.187";"Temperatur";"Karlsruhe (CXX359)";"Rhein";"2018";"11.07.2018";"22,8";"°C"
"CXX359";"448.686";"5.428.915";"6.187";"Temperatur";"Karlsruhe (CXX359)";"Rhein";"2018";"12.07.2018";"22,7";"°C"
"CXX359";"448.686";"5.428.915";"6.187";"Temperatur";"Karlsruhe (CXX359)";"Rhein";"2018";"13.07.2018";"23,1";"°C"
"CXX359";"448.686";"5.428.915";"6.187";"Temperatur";"Karlsruhe (CXX359)";"Rhein";"2018";"14.07.2018";"23,6";"°C"
"CXX359";"448.686";"5.428.915";"6.187";"Temperatur";"Karlsruhe (CXX359)";"Rhein";"2018";"15.07.2018";"23,9";"°C"
"CXX359";"448.686";"5.428.915";"6.187";"Temperatur";"Karlsruhe (CXX359)";"Rhein";"2018";"16.07.2018";"24,2";"°C"
"CXX359";"448.686";"5.428.915";"6.187";"Temperatur";"Karlsruhe (CXX359)";"Rhein";"2018";"17.07.2018";"24,3";"°C"
"CXX359";"448.686";"5.428.915";"6.187";"Temperatur";"Karlsruhe (CXX359)";"Rhein";"2018";"18.07.2018";"24,3";"°C"
"CXX359";"448.686";"5.428.915";"6.187";"Temperatur";"Karlsruhe (CXX359)";"Rhein";"2018";"19.07.2018";"24,6";"°C"
"CXX359";"448.686";"5.428.915";"6.187";"Temperatur";"Karlsruhe (CXX359)";"Rhein";"2018";"20.07.2018";"24,9";"°C"
"CXX359";"448.686";"5.428.915";"6.187";"Temperatur";"Karlsruhe (CXX359)";"Rhein";"2018";"21.07.2018";"24,7";"°C"
"CXX359";"448.686";"5.428.915";"6.187";"Temperatur";"Karlsruhe (CXX359)";"Rhein";"2018";"22.07.2018";"24,6";"°C"
"CXX359";"448.686";"5.428.915";"6.187";"Temperatur";"Karlsruhe (CXX359)";"Rhein";"2018";"23.07.2018";"24,8";"°C"
"CXX359";"448.686";"5.428.915";"6.187";"Temperatur";"Karlsruhe (CXX359)";"Rhein";"2018";"24.07.2018";"25,1";"°C"
"CXX359";"448.686";"5.428.915";"6.187";"Temperatur";"Karlsruhe (CXX359)";"Rhein";"2018";"25.07.2018";"25,5";"°C"
"CXX359";"448.686";"5.428.915";"6.187";"Temperatur";"Karlsruhe (CXX359)";"Rhein";"2018";"26.07.2018";"25,8";"°C"
"CXX359";"448.686";"5.428.915";"6.187";"Temperatur";"Karlsruhe (CXX359)";"Rhein";"2018";"27.07.2018";"26";"°C"
"CXX359";"448.686";"5.428.915";"6.187";"Temperatur";"Karlsruhe (CXX359)";"Rhein";"2018";"28.07.2018";"25,7";"°C"
"CXX359";"448.686";"5.428.915";"6.187";"Temperatur";"Karlsruhe (CXX359)";"Rhein";"2018";"29.07.2018";"25,8";"°C"
"CXX359";"448.686";"5.428.915";"6.187";"Temperatur";"Karlsruhe (CXX359)";"Rhein";"2018";"30.07.2018";"26,1";"°C"
"CXX359";"448.686";"5.428.915";"6.187";"Temperatur";"Karlsruhe (CXX359)";"Rhein";"2018";"31.07.2018";"26,5";"°C"
"CXX359";"448.686";"5.428.915";"6.187";"Temperatur";"Karlsruhe (CXX359)";"Rhein";"2018";"01.08.2018";"26,3";"°C"
"CXX359";"448.686";"5.428.915";"6.187";"Temperatur";"Karlsruhe (CXX359)";"Rhein";"2018";"02.08.2018";"26,3";"°C"
"CXX359";"448.686";"5.428.915";"6.187";"Temperatur";"Karlsruhe (CXX359)";"Rhein";"2018";"03.08.2018";"26,6";"°C"
"CXX359";"448.686";"5.428.915";"6.187";"Temperatur";"Karlsruhe (CXX359)";"Rhein";"2018";"04.08.2018";"26,8";"°C"
"CXX359";"448.686";"5.428.915";"6.187";"Temperatur";"Karlsruhe (CXX359)";"Rhein";"2018";"05.08.2018";"26,8";"°C"
"CXX359";"448.686";"5.428.915";"6.187";"Temperatur";"Karlsruhe (CXX359)";"Rhein";"2018";"06.08.2018";"26,6";"°C"
"CXX359";"448.686";"5.428.915";"6.187";"Temperatur";"Karlsruhe (CXX359)";"Rhein";"2018";"07.08.2018";"26,9";"°C"
"CXX359";"448.686";"5.428.915";"6.187";"Temperatur";"Karlsruhe (CXX359)";"Rhein";"2018";"08.08.2018";"26,9";"°C"
"CXX359";"448.686";"5.428.915";"6.187";"Temperatur";"Karlsruhe (CXX359)";"Rhein";"2018";"09.08.2018";"26,7";"°C"
"CXX359";"448.686";"5.428.915";"6.187";"Temperatur";"Karlsruhe (CXX359)";"Rhein";"2018";"10.08.2018";"26";"°C"
"CXX359";"448.686";"5.428.915";"6.187";"Temperatur";"Karlsruhe (CXX359)";"Rhein";"2018";"11.08.2018";"25,7";"°C"
"CXX359";"448.686";"5.428.915";"6.187";"Temperatur";"Karlsruhe (CXX359)";"Rhein";"2018";"12.08.2018";"25,4";"°C"
"CXX359";"448.686";"5.428.915";"6.187";"Temperatur";"Karlsruhe (CXX359)";"Rhein";"2018";"13.08.2018";"25,1";"°C"
"CXX359";"448.686";"5.428.915";"6.187";"Temperatur";"Karlsruhe (CXX359)";"Rhein";"2018";"14.08.2018";"24,8";"°C"
"CXX359";"448.686";"5.428.915";"6.187";"Temperatur";"Karlsruhe (CXX359)";"Rhein";"2018";"15.08.2018";"24,6";"°C"
"CXX359";"448.686";"5.428.915";"6.187";"Temperatur";"Karlsruhe (CXX359)";"Rhein";"2018";"16.08.2018";"24,9";"°C"
"CXX359";"448.686";"5.428.915";"6.187";"Temperatur";"Karlsruhe (CXX359)";"Rhein";"2018";"17.08.2018";"25,1";"°C"
"CXX359";"448.686";"5.428.915";"6.187";"Temperatur";"Karlsruhe (CXX359)";"Rhein";"2018";"18.08.2018";"25,2";"°C"
"CXX359";"448.686";"5.428.915";"6.187";"Temperatur";"Karlsruhe (CXX359)";"Rhein";"2018";"19.08.2018";"25,2";"°C"
"CXX359";"448.686";"5.428.915";"6.187";"Temperatur";"Karlsruhe (CXX359)";"Rhein";"2018";"20.08.2018";"25,1";"°C"
"CXX359";"448.686";"5.428.915";"6.187";"Temperatur";"Karlsruhe (CXX359)";"Rhein";"2018";"21.08.2018";"25,3";"°C"
"CXX359";"448.686";"5.428.915";"6.187";"Temperatur";"Karlsruhe (CXX359)";"Rhein";"2018";"22.08.2018";"25,5";"°C"
"CXX359";"448.686";"5.428.915";"6.187";"Temperatur";"Karlsruhe (CXX359)";"Rhein";"2018";"23.08.2018";"25,6";"°C"
"CXX359";"448.686";"5.428.915";"6.187";"Temperatur";"Karlsruhe (CXX359)";"Rhein";"2018";"24.08.2018";"25,1";"°C"
"CXX359";"448.686";"5.428.915";"6.187";"Temperatur";"Karlsruhe (CXX359)";"Rhein";"2018";"25.08.2018";"24,1";"°C"
"CXX359";"448.686";"5.428.915";"6.187";"Temperatur";"Karlsruhe (CXX359)";"Rhein";"2018";"26.08.2018";"23,6";"°C"
"CXX359";"448.686";"5.428.915";"6.187";"Temperatur";"Karlsruhe (CXX359)";"Rhein";"2018";"27.08.2018";"23,2";"°C"
"CXX359";"448.686";"5.428.915";"6.187";"Temperatur";"Karlsruhe (CXX359)";"Rhein";"2018";"28.08.2018";"23,3";"°C"
"CXX359";"448.686";"5.428.915";"6.187";"Temperatur";"Karlsruhe (CXX359)";"Rhein";"2018";"29.08.2018";"23,3";"°C"
"CXX359";"448.686";"5.428.915";"6.187";"Temperatur";"Karlsruhe (CXX359)";"Rhein";"2018";"30.08.2018";"23";"°C"
"CXX359";"448.686";"5.428.915";"6.187";"Temperatur";"Karlsruhe (CXX359)";"Rhein";"2018";"31.08.2018";"22,6";"°C"
"CXX359";"448.686";"5.428.915";"6.187";"Temperatur";"Karlsruhe (CXX359)";"Rhein";"2018";"01.09.2018";"22,1";"°C"
"CXX359";"448.686";"5.428.915";"6.187";"Temperatur";"Karlsruhe (CXX359)";"Rhein";"2018";"02.09.2018";"21,6";"°C"
"CXX359";"448.686";"5.428.915";"6.187";"Temperatur";"Karlsruhe (CXX359)";"Rhein";"2018";"03.09.2018";"21,5";"°C"
"CXX359";"448.686";"5.428.915";"6.187";"Temperatur";"Karlsruhe (CXX359)";"Rhein";"2018";"04.09.2018";"21,7";"°C"
"CXX359";"448.686";"5.428.915";"6.187";"Temperatur";"Karlsruhe (CXX359)";"Rhein";"2018";"05.09.2018";"21,8";"°C"
"CXX359";"448.686";"5.428.915";"6.187";"Temperatur";"Karlsruhe (CXX359)";"Rhein";"2018";"06.09.2018";"21,8";"°C"
"CXX359";"448.686";"5.428.915";"6.187";"Temperatur";"Karlsruhe (CXX359)";"Rhein";"2018";"07.09.2018";"21,6";"°C"
"CXX359";"448.686";"5.428.915";"6.187";"Temperatur";"Karlsruhe (CXX359)";"Rhein";"2018";"08.09.2018";"21,1";"°C"
"CXX359";"448.686";"5.428.915";"6.187";"Temperatur";"Karlsruhe (CXX359)";"Rhein";"2018";"09.09.2018";"21,2";"°C"
"CXX359";"448.686";"5.428.915";"6.187";"Temperatur";"Karlsruhe (CXX359)";"Rhein";"2018";"10.09.2018";"21,4";"°C"
"CXX359";"448.686";"5.428.915";"6.187";"Temperatur";"Karlsruhe (CXX359)";"Rhein";"2018";"11.09.2018";"21,8";"°C"
"CXX359";"448.686";"5.428.915";"6.187";"Temperatur";"Karlsruhe (CXX359)";"Rhein";"2018";"12.09.2018";"22,1";"°C"
"CXX359";"448.686";"5.428.915";"6.187";"Temperatur";"Karlsruhe (CXX359)";"Rhein";"2018";"13.09.2018";"22";"°C"
"CXX359";"448.686";"5.428.915";"6.187";"Temperatur";"Karlsruhe (CXX359)";"Rhein";"2018";"14.09.2018";"21,9";"°C"
"CXX359";"448.686";"5.428.915";"6.187";"Temperatur";"Karlsruhe (CXX359)";"Rhein";"2018";"15.09.2018";"21,9";"°C"
"CXX359";"448.686";"5.428.915";"6.187";"Temperatur";"Karlsruhe (CXX359)";"Rhein";"2018";"16.09.2018";"21,6";"°C"
"CXX359";"448.686";"5.428.915";"6.187";"Temperatur";"Karlsruhe (CXX359)";"Rhein";"2018";"17.09.2018";"21,8";"°C"
"CXX359";"448.686";"5.428.915";"6.187";"Temperatur";"Karlsruhe (CXX359)";"Rhein";"2018";"18.09.2018";"21,9";"°C"
"CXX359";"448.686";"5.428.915";"6.187";"Temperatur";"Karlsruhe (CXX359)";"Rhein";"2018";"19.09.2018";"22,2";"°C"
"CXX359";"448.686";"5.428.915";"6.187";"Temperatur";"Karlsruhe (CXX359)";"Rhein";"2018";"20.09.2018";"22,4";"°C"
"CXX359";"448.686";"5.428.915";"6.187";"Temperatur";"Karlsruhe (CXX359)";"Rhein";"2018";"21.09.2018";"22,1";"°C"
"CXX359";"448.686";"5.428.915";"6.187";"Temperatur";"Karlsruhe (CXX359)";"Rhein";"2018";"22.09.2018";"21,3";"°C"
"CXX359";"448.686";"5.428.915";"6.187";"Temperatur";"Karlsruhe (CXX359)";"Rhein";"2018";"23.09.2018";"20,9";"°C"
"CXX359";"448.686";"5.428.915";"6.187";"Temperatur";"Karlsruhe (CXX359)";"Rhein";"2018";"24.09.2018";"20,3";"°C"
"CXX359";"448.686";"5.428.915";"6.187";"Temperatur";"Karlsruhe (CXX359)";"Rhein";"2018";"25.09.2018";"19,6";"°C"
"CXX359";"448.686";"5.428.915";"6.187";"Temperatur";"Karlsruhe (CXX359)";"Rhein";"2018";"26.09.2018";"18,9";"°C"
"CXX359";"448.686";"5.428.915";"6.187";"Temperatur";"Karlsruhe (CXX359)";"Rhein";"2018";"27.09.2018";"18,9";"°C"
"CXX359";"448.686";"5.428.915";"6.187";"Temperatur";"Karlsruhe (CXX359)";"Rhein";"2018";"28.09.2018";"19";"°C"
"CXX359";"448.686";"5.428.915";"6.187";"Temperatur";"Karlsruhe (CXX359)";"Rhein";"2018";"29.09.2018";"18,3";"°C"
"CXX359";"448.686";"5.428.915";"6.187";"Temperatur";"Karlsruhe (CXX359)";"Rhein";"2018";"30.09.2018";"18,2";"°C"
"CXX359";"448.686";"5.428.915";"6.187";"Temperatur";"Karlsruhe (CXX359)";"Rhein";"2018";"01.10.2018";"18,1";"°C"
"CXX359";"448.686";"5.428.915";"6.187";"Temperatur";"Karlsruhe (CXX359)";"Rhein";"2018";"02.10.2018";"17,6";"°C"
"CXX359";"448.686";"5.428.915";"6.187";"Temperatur";"Karlsruhe (CXX359)";"Rhein";"2018";"03.10.2018";"17";"°C"
"CXX359";"448.686";"5.428.915";"6.187";"Temperatur";"Karlsruhe (CXX359)";"Rhein";"2018";"04.10.2018";"17,1";"°C"
"CXX359";"448.686";"5.428.915";"6.187";"Temperatur";"Karlsruhe (CXX359)";"Rhein";"2018";"05.10.2018";"17,3";"°C"
"CXX359";"448.686";"5.428.915";"6.187";"Temperatur";"Karlsruhe (CXX359)";"Rhein";"2018";"06.10.2018";"17,5";"°C"
"CXX359";"448.686";"5.428.915";"6.187";"Temperatur";"Karlsruhe (CXX359)";"Rhein";"2018";"07.10.2018";"17,7";"°C"
"CXX359";"448.686";"5.428.915";"6.187";"Temperatur";"Karlsruhe (CXX359)";"Rhein";"2018";"08.10.2018";"17,5";"°C"
"CXX359";"448.686";"5.428.915";"6.187";"Temperatur";"Karlsruhe (CXX359)";"Rhein";"2018";"09.10.2018";"17,5";"°C"
"CXX359";"448.686";"5.428.915";"6.187";"Temperatur";"Karlsruhe (CXX359)";"Rhein";"2018";"10.10.2018";"17,3";"°C"
"CXX359";"448.686";"5.428.915";"6.187";"Temperatur";"Karlsruhe (CXX359)";"Rhein";"2018";"11.10.2018";"17,1";"°C"
"CXX359";"448.686";"5.428.915";"6.187";"Temperatur";"Karlsruhe (CXX359)";"Rhein";"2018";"12.10.2018";"17,3";"°C"
"CXX359";"448.686";"5.428.915";"6.187";"Temperatur";"Karlsruhe (CXX359)";"Rhein";"2018";"13.10.2018";"17,5";"°C"
"CXX359";"448.686";"5.428.915";"6.187";"Temperatur";"Karlsruhe (CXX359)";"Rhein";"2018";"14.10.2018";"17,7";"°C"
"CXX359";"448.686";"5.428.915";"6.187";"Temperatur";"Karlsruhe (CXX359)";"Rhein";"2018";"15.10.2018";"17,8";"°C"
"CXX359";"448.686";"5.428.915";"6.187";"Temperatur";"Karlsruhe (CXX359)";"Rhein";"2018";"16.10.2018";"17,8";"°C"
"CXX359";"448.686";"5.428.915";"6.187";"Temperatur";"Karlsruhe (CXX359)";"Rhein";"2018";"17.10.2018";"17,8";"°C"
"CXX359";"448.686";"5.428.915";"6.187";"Temperatur";"Karlsruhe (CXX359)";"Rhein";"2018";"18.10.2018";"17,6";"°C"
"CXX359";"448.686";"5.428.915";"6.187";"Temperatur";"Karlsruhe (CXX359)";"Rhein";"2018";"19.10.2018";"17,3";"°C"
"CXX359";"448.686";"5.428.915";"6.187";"Temperatur";"Karlsruhe (CXX359)";"Rhein";"2018";"20.10.2018";"17,1";"°C"
"CXX359";"448.686";"5.428.915";"6.187";"Temperatur";"Karlsruhe (CXX359)";"Rhein";"2018";"21.10.2018";"16,6";"°C"
"CXX359";"448.686";"5.428.915";"6.187";"Temperatur";"Karlsruhe (CXX359)";"Rhein";"2018";"22.10.2018";"16,2";"°C"
"CXX359";"448.686";"5.428.915";"6.187";"Temperatur";"Karlsruhe (CXX359)";"Rhein";"2018";"23.10.2018";"15,8";"°C"
"CXX359";"448.686";"5.428.915";"6.187";"Temperatur";"Karlsruhe (CXX359)";"Rhein";"2018";"24.10.2018";"15,4";"°C"
"CXX359";"448.686";"5.428.915";"6.187";"Temperatur";"Karlsruhe (CXX359)";"Rhein";"2018";"25.10.2018";"15,6";"°C"
"CXX359";"448.686";"5.428.915";"6.187";"Temperatur";"Karlsruhe (CXX359)";"Rhein";"2018";"26.10.2018";"15,3";"°C"
"CXX359";"448.686";"5.428.915";"6.187";"Temperatur";"Karlsruhe (CXX359)";"Rhein";"2018";"27.10.2018";"15";"°C"
"CXX359";"448.686";"5.428.915";"6.187";"Temperatur";"Karlsruhe (CXX359)";"Rhein";"2018";"28.10.2018";"14,3";"°C"
"CXX359";"448.686";"5.428.915";"6.187";"Temperatur";"Karlsruhe (CXX359)";"Rhein";"2018";"29.10.2018";"13,5";"°C"
"CXX359";"448.686";"5.428.915";"6.187";"Temperatur";"Karlsruhe (CXX359)";"Rhein";"2018";"30.10.2018";"12,9";"°C"
"CXX359";"448.686";"5.428.915";"6.187";"Temperatur";"Karlsruhe (CXX359)";"Rhein";"2018";"31.10.2018";"12,6";"°C"
"CXX359";"448.686";"5.428.915";"6.187";"Temperatur";"Karlsruhe (CXX359)";"Rhein";"2018";"01.11.2018";"12,5";"°C"
"CXX359";"448.686";"5.428.915";"6.187";"Temperatur";"Karlsruhe (CXX359)";"Rhein";"2018";"02.11.2018";"12,5";"°C"
"CXX359";"448.686";"5.428.915";"6.187";"Temperatur";"Karlsruhe (CXX359)";"Rhein";"2018";"03.11.2018";"12,6";"°C"
"CXX359";"448.686";"5.428.915";"6.187";"Temperatur";"Karlsruhe (CXX359)";"Rhein";"2018";"04.11.2018";"12,8";"°C"
"CXX359";"448.686";"5.428.915";"6.187";"Temperatur";"Karlsruhe (CXX359)";"Rhein";"2018";"05.11.2018";"12,7";"°C"
"CXX359";"448.686";"5.428.915";"6.187";"Temperatur";"Karlsruhe (CXX359)";"Rhein";"2018";"06.11.2018";"12,7";"°C"
"CXX359";"448.686";"5.428.915";"6.187";"Temperatur";"Karlsruhe (CXX359)";"Rhein";"2018";"07.11.2018";"12,6";"°C"
"CXX359";"448.686";"5.428.915";"6.187";"Temperatur";"Karlsruhe (CXX359)";"Rhein";"2018";"08.11.2018";"12,8";"°C"
"CXX359";"448.686";"5.428.915";"6.187";"Temperatur";"Karlsruhe (CXX359)";"Rhein";"2018";"09.11.2018";"12,8";"°C"
"CXX359";"448.686";"5.428.915";"6.187";"Temperatur";"Karlsruhe (CXX359)";"Rhein";"2018";"10.11.2018";"12,8";"°C"
"CXX359";"448.686";"5.428.915";"6.187";"Temperatur";"Karlsruhe (CXX359)";"Rhein";"2018";"11.11.2018";"13,1";"°C"
"CXX359";"448.686";"5.428.915";"6.187";"Temperatur";"Karlsruhe (CXX359)";"Rhein";"2018";"12.11.2018";"13,3";"°C"
"CXX359";"448.686";"5.428.915";"6.187";"Temperatur";"Karlsruhe (CXX359)";"Rhein";"2018";"13.11.2018";"13,5";"°C"
"CXX359";"448.686";"5.428.915";"6.187";"Temperatur";"Karlsruhe (CXX359)";"Rhein";"2018";"14.11.2018";"13,2";"°C"
"CXX359";"448.686";"5.428.915";"6.187";"Temperatur";"Karlsruhe (CXX359)";"Rhein";"2018";"15.11.2018";"12,9";"°C"
"CXX359";"448.686";"5.428.915";"6.187";"Temperatur";"Karlsruhe (CXX359)";"Rhein";"2018";"16.11.2018";"12,6";"°C"
"CXX359";"448.686";"5.428.915";"6.187";"Temperatur";"Karlsruhe (CXX359)";"Rhein";"2018";"17.11.2018";"11,7";"°C"
"CXX359";"448.686";"5.428.915";"6.187";"Temperatur";"Karlsruhe (CXX359)";"Rhein";"2018";"18.11.2018";"10,9";"°C"
"CXX359";"448.686";"5.428.915";"6.187";"Temperatur";"Karlsruhe (CXX359)";"Rhein";"2018";"19.11.2018";"10,2";"°C"
"CXX359";"448.686";"5.428.915";"6.187";"Temperatur";"Karlsruhe (CXX359)";"Rhein";"2018";"20.11.2018";"9,8";"°C"
"CXX359";"448.686";"5.428.915";"6.187";"Temperatur";"Karlsruhe (CXX359)";"Rhein";"2018";"21.11.2018";"9,4";"°C"
"CXX359";"448.686";"5.428.915";"6.187";"Temperatur";"Karlsruhe (CXX359)";"Rhein";"2018";"22.11.2018";"9,5";"°C"
"CXX359";"448.686";"5.428.915";"6.187";"Temperatur";"Karlsruhe (CXX359)";"Rhein";"2018";"23.11.2018";"9,4";"°C"
"CXX359";"448.686";"5.428.915";"6.187";"Temperatur";"Karlsruhe (CXX359)";"Rhein";"2018";"24.11.2018";"9,6";"°C"
"CXX359";"448.686";"5.428.915";"6.187";"Temperatur";"Karlsruhe (CXX359)";"Rhein";"2018";"25.11.2018";"9,6";"°C"
"CXX359";"448.686";"5.428.915";"6.187";"Temperatur";"Karlsruhe (CXX359)";"Rhein";"2018";"26.11.2018";"9,4";"°C"
"CXX359";"448.686";"5.428.915";"6.187";"Temperatur";"Karlsruhe (CXX359)";"Rhein";"2018";"27.11.2018";"9,4";"°C"
"CXX359";"448.686";"5.428.915";"6.187";"Temperatur";"Karlsruhe (CXX359)";"Rhein";"2018";"28.11.2018";"9,3";"°C"
"CXX359";"448.686";"5.428.915";"6.187";"Temperatur";"Karlsruhe (CXX359)";"Rhein";"2018";"29.11.2018";"9,4";"°C"
"CXX359";"448.686";"5.428.915";"6.187";"Temperatur";"Karlsruhe (CXX359)";"Rhein";"2018";"30.11.2018";"9,4";"°C"
"CXX359";"448.686";"5.428.915";"6.187";"Temperatur";"Karlsruhe (CXX359)";"Rhein";"2018";"01.12.2018";"9,6";"°C"
"CXX359";"448.686";"5.428.915";"6.187";"Temperatur";"Karlsruhe (CXX359)";"Rhein";"2018";"02.12.2018";"9,7";"°C"
"CXX359";"448.686";"5.428.915";"6.187";"Temperatur";"Karlsruhe (CXX359)";"Rhein";"2018";"03.12.2018";"10,1";"°C"
"CXX359";"448.686";"5.428.915";"6.187";"Temperatur";"Karlsruhe (CXX359)";"Rhein";"2018";"04.12.2018";"10,5";"°C"
"CXX359";"448.686";"5.428.915";"6.187";"Temperatur";"Karlsruhe (CXX359)";"Rhein";"2018";"05.12.2018";"10,6";"°C"
"CXX359";"448.686";"5.428.915";"6.187";"Temperatur";"Karlsruhe (CXX359)";"Rhein";"2018";"06.12.2018";"10,5";"°C"
"CXX359";"448.686";"5.428.915";"6.187";"Temperatur";"Karlsruhe (CXX359)";"Rhein";"2018";"07.12.2018";"10,7";"°C"
"CXX359";"448.686";"5.428.915";"6.187";"Temperatur";"Karlsruhe (CXX359)";"Rhein";"2018";"08.12.2018";"10,4";"°C"
"CXX359";"448.686";"5.428.915";"6.187";"Temperatur";"Karlsruhe (CXX359)";"Rhein";"2018";"09.12.2018";"10,1";"°C"
"CXX359";"448.686";"5.428.915";"6.187";"Temperatur";"Karlsruhe (CXX359)";"Rhein";"2018";"10.12.2018";"9,8";"°C"
"CXX359";"448.686";"5.428.915";"6.187";"Temperatur";"Karlsruhe (CXX359)";"Rhein";"2018";"11.12.2018";"9,5";"°C"
"CXX359";"448.686";"5.428.915";"6.187";"Temperatur";"Karlsruhe (CXX359)";"Rhein";"2018";"12.12.2018";"9,2";"°C"
"CXX359";"448.686";"5.428.915";"6.187";"Temperatur";"Karlsruhe (CXX359)";"Rhein";"2018";"13.12.2018";"8,3";"°C"
"CXX359";"448.686";"5.428.915";"6.187";"Temperatur";"Karlsruhe (CXX359)";"Rhein";"2018";"14.12.2018";"7,6";"°C"
"CXX359";"448.686";"5.428.915";"6.187";"Temperatur";"Karlsruhe (CXX359)";"Rhein";"2018";"15.12.2018";"7,1";"°C"
"CXX359";"448.686";"5.428.915";"6.187";"Temperatur";"Karlsruhe (CXX359)";"Rhein";"2018";"16.12.2018";"6,9";"°C"
"CXX359";"448.686";"5.428.915";"6.187";"Temperatur";"Karlsruhe (CXX359)";"Rhein";"2018";"17.12.2018";"7";"°C"
"CXX359";"448.686";"5.428.915";"6.187";"Temperatur";"Karlsruhe (CXX359)";"Rhein";"2018";"18.12.2018";"7,1";"°C"
"CXX359";"448.686";"5.428.915";"6.187";"Temperatur";"Karlsruhe (CXX359)";"Rhein";"2018";"19.12.2018";"7,2";"°C"
"CXX359";"448.686";"5.428.915";"6.187";"Temperatur";"Karlsruhe (CXX359)";"Rhein";"2018";"20.12.2018";"7,4";"°C"
"CXX359";"448.686";"5.428.915";"6.187";"Temperatur";"Karlsruhe (CXX359)";"Rhein";"2018";"21.12.2018";"7,6";"°C"
"CXX359";"448.686";"5.428.915";"6.187";"Temperatur";"Karlsruhe (CXX359)";"Rhein";"2018";"22.12.2018";"7,9";"°C"
"CXX359";"448.686";"5.428.915";"6.187";"Temperatur";"Karlsruhe (CXX359)";"Rhein";"2018";"23.12.2018";"8,1";"°C"
"CXX359";"448.686";"5.428.915";"6.187";"Temperatur";"Karlsruhe (CXX359)";"Rhein";"2018";"24.12.2018";"8,5";"°C"
"CXX359";"448.686";"5.428.915";"6.187";"Temperatur";"Karlsruhe (CXX359)";"Rhein";"2018";"25.12.2018";"8,1";"°C"
"CXX359";"448.686";"5.428.915";"6.187";"Temperatur";"Karlsruhe (CXX359)";"Rhein";"2018";"26.12.2018";"7,7";"°C"
"CXX359";"448.686";"5.428.915";"6.187";"Temperatur";"Karlsruhe (CXX359)";"Rhein";"2018";"27.12.2018";"7,4";"°C"
"CXX359";"448.686";"5.428.915";"6.187";"Temperatur";"Karlsruhe (CXX359)";"Rhein";"2018";"28.12.2018";"6,9";"°C"
"CXX359";"448.686";"5.428.915";"6.187";"Temperatur";"Karlsruhe (CXX359)";"Rhein";"2018";"29.12.2018";"6,7";"°C"
"CXX359";"448.686";"5.428.915";"6.187";"Temperatur";"Karlsruhe (CXX359)";"Rhein";"2018";"30.12.2018";"6,7";"°C"
"CXX359";"448.686";"5.428.915";"6.187";"Temperatur";"Karlsruhe (CXX359)";"Rhein";"2018";"31.12.2018";"6,9";"°C"
"CXX359";"448.686";"5.428.915";"6.187";"Temperatur";"Karlsruhe (CXX359)";"Rhein";"2019";"01.01.2019";"7,1";"°C"
"CXX359";"448.686";"5.428.915";"6.187";"Temperatur";"Karlsruhe (CXX359)";"Rhein";"2019";"02.01.2019";"7,1";"°C"
"CXX359";"448.686";"5.428.915";"6.187";"Temperatur";"Karlsruhe (CXX359)";"Rhein";"2019";"03.01.2019";"6,8";"°C"
"CXX359";"448.686";"5.428.915";"6.187";"Temperatur";"Karlsruhe (CXX359)";"Rhein";"2019";"04.01.2019";"6,7";"°C"
"CXX359";"448.686";"5.428.915";"6.187";"Temperatur";"Karlsruhe (CXX359)";"Rhein";"2019";"05.01.2019";"6,6";"°C"
"CXX359";"448.686";"5.428.915";"6.187";"Temperatur";"Karlsruhe (CXX359)";"Rhein";"2019";"06.01.2019";"6,8";"°C"
"CXX359";"448.686";"5.428.915";"6.187";"Temperatur";"Karlsruhe (CXX359)";"Rhein";"2019";"07.01.2019";"6,8";"°C"
"CXX359";"448.686";"5.428.915";"6.187";"Temperatur";"Karlsruhe (CXX359)";"Rhein";"2019";"08.01.2019";"6,8";"°C"
"CXX359";"448.686";"5.428.915";"6.187";"Temperatur";"Karlsruhe (CXX359)";"Rhein";"2019";"09.01.2019";"-";"°C"
"CXX359";"448.686";"5.428.915";"6.187";"Temperatur";"Karlsruhe (CXX359)";"Rhein";"2019";"10.01.2019";"-";"°C"
"CXX359";"448.686";"5.428.915";"6.187";"Temperatur";"Karlsruhe (CXX359)";"Rhein";"2019";"11.01.2019";"-";"°C"
"CXX359";"448.686";"5.428.915";"6.187";"Temperatur";"Karlsruhe (CXX359)";"Rhein";"2019";"12.01.2019";"6";"°C"
"CXX359";"448.686";"5.428.915";"6.187";"Temperatur";"Karlsruhe (CXX359)";"Rhein";"2019";"13.01.2019";"6,1";"°C"
"CXX359";"448.686";"5.428.915";"6.187";"Temperatur";"Karlsruhe (CXX359)";"Rhein";"2019";"14.01.2019";"6,2";"°C"
"CXX359";"448.686";"5.428.915";"6.187";"Temperatur";"Karlsruhe (CXX359)";"Rhein";"2019";"15.01.2019";"6,2";"°C"
"CXX359";"448.686";"5.428.915";"6.187";"Temperatur";"Karlsruhe (CXX359)";"Rhein";"2019";"16.01.2019";"6,3";"°C"
"CXX359";"448.686";"5.428.915";"6.187";"Temperatur";"Karlsruhe (CXX359)";"Rhein";"2019";"17.01.2019";"6,4";"°C"
"CXX359";"448.686";"5.428.915";"6.187";"Temperatur";"Karlsruhe (CXX359)";"Rhein";"2019";"18.01.2019";"6,2";"°C"
"CXX359";"448.686";"5.428.915";"6.187";"Temperatur";"Karlsruhe (CXX359)";"Rhein";"2019";"19.01.2019";"5,8";"°C"
"CXX359";"448.686";"5.428.915";"6.187";"Temperatur";"Karlsruhe (CXX359)";"Rhein";"2019";"20.01.2019";"5,4";"°C"
"CXX359";"448.686";"5.428.915";"6.187";"Temperatur";"Karlsruhe (CXX359)";"Rhein";"2019";"21.01.2019";"5";"°C"
"CXX359";"448.686";"5.428.915";"6.187";"Temperatur";"Karlsruhe (CXX359)";"Rhein";"2019";"22.01.2019";"-";"°C"
"CXX359";"448.686";"5.428.915";"6.187";"Temperatur";"Karlsruhe (CXX359)";"Rhein";"2019";"23.01.2019";"-";"°C"
"CXX359";"448.686";"5.428.915";"6.187";"Temperatur";"Karlsruhe (CXX359)";"Rhein";"2019";"24.01.2019";"-";"°C"
"CXX359";"448.686";"5.428.915";"6.187";"Temperatur";"Karlsruhe (CXX359)";"Rhein";"2019";"25.01.2019";"4,2";"°C"
"CXX359";"448.686";"5.428.915";"6.187";"Temperatur";"Karlsruhe (CXX359)";"Rhein";"2019";"26.01.2019";"4,3";"°C"
"CXX359";"448.686";"5.428.915";"6.187";"Temperatur";"Karlsruhe (CXX359)";"Rhein";"2019";"27.01.2019";"4,8";"°C"
"CXX359";"448.686";"5.428.915";"6.187";"Temperatur";"Karlsruhe (CXX359)";"Rhein";"2019";"28.01.2019";"4,9";"°C"
"CXX359";"448.686";"5.428.915";"6.187";"Temperatur";"Karlsruhe (CXX359)";"Rhein";"2019";"29.01.2019";"5";"°C"
"CXX359";"448.686";"5.428.915";"6.187";"Temperatur";"Karlsruhe (CXX359)";"Rhein";"2019";"30.01.2019";"4,9";"°C"
"CXX359";"448.686";"5.428.915";"6.187";"Temperatur";"Karlsruhe (CXX359)";"Rhein";"2019";"31.01.2019";"4,8";"°C"
"CXX359";"448.686";"5.428.915";"6.187";"Temperatur";"Karlsruhe (CXX359)";"Rhein";"2019";"01.02.2019";"5";"°C"
"CXX359";"448.686";"5.428.915";"6.187";"Temperatur";"Karlsruhe (CXX359)";"Rhein";"2019";"02.02.2019";"5,3";"°C"
"CXX359";"448.686";"5.428.915";"6.187";"Temperatur";"Karlsruhe (CXX359)";"Rhein";"2019";"03.02.2019";"5,6";"°C"
"CXX359";"448.686";"5.428.915";"6.187";"Temperatur";"Karlsruhe (CXX359)";"Rhein";"2019";"04.02.2019";"5,6";"°C"
"CXX359";"448.686";"5.428.915";"6.187";"Temperatur";"Karlsruhe (CXX359)";"Rhein";"2019";"05.02.2019";"5,4";"°C"
"CXX359";"448.686";"5.428.915";"6.187";"Temperatur";"Karlsruhe (CXX359)";"Rhein";"2019";"06.02.2019";"5,3";"°C"
"CXX359";"448.686";"5.428.915";"6.187";"Temperatur";"Karlsruhe (CXX359)";"Rhein";"2019";"07.02.2019";"5,2";"°C"
"CXX359";"448.686";"5.428.915";"6.187";"Temperatur";"Karlsruhe (CXX359)";"Rhein";"2019";"08.02.2019";"5,4";"°C"
"CXX359";"448.686";"5.428.915";"6.187";"Temperatur";"Karlsruhe (CXX359)";"Rhein";"2019";"09.02.2019";"5,6";"°C"
"CXX359";"448.686";"5.428.915";"6.187";"Temperatur";"Karlsruhe (CXX359)";"Rhein";"2019";"10.02.2019";"5,8";"°C"
"CXX359";"448.686";"5.428.915";"6.187";"Temperatur";"Karlsruhe (CXX359)";"Rhein";"2019";"11.02.2019";"5,8";"°C"
"CXX359";"448.686";"5.428.915";"6.187";"Temperatur";"Karlsruhe (CXX359)";"Rhein";"2019";"12.02.2019";"5,8";"°C"
"CXX359";"448.686";"5.428.915";"6.187";"Temperatur";"Karlsruhe (CXX359)";"Rhein";"2019";"13.02.2019";"5,8";"°C"
"CXX359";"448.686";"5.428.915";"6.187";"Temperatur";"Karlsruhe (CXX359)";"Rhein";"2019";"14.02.2019";"5,8";"°C"
"CXX359";"448.686";"5.428.915";"6.187";"Temperatur";"Karlsruhe (CXX359)";"Rhein";"2019";"15.02.2019";"6";"°C"
"CXX359";"448.686";"5.428.915";"6.187";"Temperatur";"Karlsruhe (CXX359)";"Rhein";"2019";"16.02.2019";"6,1";"°C"
"CXX359";"448.686";"5.428.915";"6.187";"Temperatur";"Karlsruhe (CXX359)";"Rhein";"2019";"17.02.2019";"6,2";"°C"
"CXX359";"448.686";"5.428.915";"6.187";"Temperatur";"Karlsruhe (CXX359)";"Rhein";"2019";"18.02.2019";"6,3";"°C"
"CXX359";"448.686";"5.428.915";"6.187";"Temperatur";"Karlsruhe (CXX359)";"Rhein";"2019";"19.02.2019";"6,4";"°C"
"CXX359";"448.686";"5.428.915";"6.187";"Temperatur";"Karlsruhe (CXX359)";"Rhein";"2019";"20.02.2019";"-";"°C"
"CXX359";"448.686";"5.428.915";"6.187";"Temperatur";"Karlsruhe (CXX359)";"Rhein";"2019";"21.02.2019";"-";"°C"
"CXX359";"448.686";"5.428.915";"6.187";"Temperatur";"Karlsruhe (CXX359)";"Rhein";"2019";"22.02.2019";"7,3";"°C"
"CXX359";"448.686";"5.428.915";"6.187";"Temperatur";"Karlsruhe (CXX359)";"Rhein";"2019";"23.02.2019";"7,2";"°C"
"CXX359";"448.686";"5.428.915";"6.187";"Temperatur";"Karlsruhe (CXX359)";"Rhein";"2019";"24.02.2019";"6,9";"°C"
"CXX359";"448.686";"5.428.915";"6.187";"Temperatur";"Karlsruhe (CXX359)";"Rhein";"2019";"25.02.2019";"7,1";"°C"
"CXX359";"448.686";"5.428.915";"6.187";"Temperatur";"Karlsruhe (CXX359)";"Rhein";"2019";"26.02.2019";"7,4";"°C"
"CXX359";"448.686";"5.428.915";"6.187";"Temperatur";"Karlsruhe (CXX359)";"Rhein";"2019";"27.02.2019";"7,6";"°C"
"CXX359";"448.686";"5.428.915";"6.187";"Temperatur";"Karlsruhe (CXX359)";"Rhein";"2019";"28.02.2019";"7,9";"°C"
"CXX359";"448.686";"5.428.915";"6.187";"Temperatur";"Karlsruhe (CXX359)";"Rhein";"2019";"01.03.2019";"8,2";"°C"
"CXX359";"448.686";"5.428.915";"6.187";"Temperatur";"Karlsruhe (CXX359)";"Rhein";"2019";"02.03.2019";"8";"°C"
"CXX359";"448.686";"5.428.915";"6.187";"Temperatur";"Karlsruhe (CXX359)";"Rhein";"2019";"03.03.2019";"8,2";"°C"
"CXX359";"448.686";"5.428.915";"6.187";"Temperatur";"Karlsruhe (CXX359)";"Rhein";"2019";"04.03.2019";"8,2";"°C"
"CXX359";"448.686";"5.428.915";"6.187";"Temperatur";"Karlsruhe (CXX359)";"Rhein";"2019";"05.03.2019";"8";"°C"
"CXX359";"448.686";"5.428.915";"6.187";"Temperatur";"Karlsruhe (CXX359)";"Rhein";"2019";"06.03.2019";"7,9";"°C"
"CXX359";"448.686";"5.428.915";"6.187";"Temperatur";"Karlsruhe (CXX359)";"Rhein";"2019";"07.03.2019";"8,2";"°C"
"CXX359";"448.686";"5.428.915";"6.187";"Temperatur";"Karlsruhe (CXX359)";"Rhein";"2019";"08.03.2019";"8,2";"°C"
"CXX359";"448.686";"5.428.915";"6.187";"Temperatur";"Karlsruhe (CXX359)";"Rhein";"2019";"09.03.2019";"8,2";"°C"
"CXX359";"448.686";"5.428.915";"6.187";"Temperatur";"Karlsruhe (CXX359)";"Rhein";"2019";"10.03.2019";"8,5";"°C"
"CXX359";"448.686";"5.428.915";"6.187";"Temperatur";"Karlsruhe (CXX359)";"Rhein";"2019";"11.03.2019";"8,1";"°C"
"CXX359";"448.686";"5.428.915";"6.187";"Temperatur";"Karlsruhe (CXX359)";"Rhein";"2019";"12.03.2019";"7,9";"°C"
"CXX359";"448.686";"5.428.915";"6.187";"Temperatur";"Karlsruhe (CXX359)";"Rhein";"2019";"13.03.2019";"7,8";"°C"
"CXX359";"448.686";"5.428.915";"6.187";"Temperatur";"Karlsruhe (CXX359)";"Rhein";"2019";"14.03.2019";"7,7";"°C"
"CXX359";"448.686";"5.428.915";"6.187";"Temperatur";"Karlsruhe (CXX359)";"Rhein";"2019";"15.03.2019";"7,4";"°C"
"CXX359";"448.686";"5.428.915";"6.187";"Temperatur";"Karlsruhe (CXX359)";"Rhein";"2019";"16.03.2019";"7,5";"°C"
"CXX359";"448.686";"5.428.915";"6.187";"Temperatur";"Karlsruhe (CXX359)";"Rhein";"2019";"17.03.2019";"7,7";"°C"
"CXX359";"448.686";"5.428.915";"6.187";"Temperatur";"Karlsruhe (CXX359)";"Rhein";"2019";"18.03.2019";"7,6";"°C"
"CXX359";"448.686";"5.428.915";"6.187";"Temperatur";"Karlsruhe (CXX359)";"Rhein";"2019";"19.03.2019";"7,9";"°C"
"CXX359";"448.686";"5.428.915";"6.187";"Temperatur";"Karlsruhe (CXX359)";"Rhein";"2019";"20.03.2019";"8";"°C"
"CXX359";"448.686";"5.428.915";"6.187";"Temperatur";"Karlsruhe (CXX359)";"Rhein";"2019";"21.03.2019";"8,1";"°C"
"CXX359";"448.686";"5.428.915";"6.187";"Temperatur";"Karlsruhe (CXX359)";"Rhein";"2019";"22.03.2019";"8,4";"°C"
"CXX359";"448.686";"5.428.915";"6.187";"Temperatur";"Karlsruhe (CXX359)";"Rhein";"2019";"23.03.2019";"8,9";"°C"
"CXX359";"448.686";"5.428.915";"6.187";"Temperatur";"Karlsruhe (CXX359)";"Rhein";"2019";"24.03.2019";"9,3";"°C"
"CXX359";"448.686";"5.428.915";"6.187";"Temperatur";"Karlsruhe (CXX359)";"Rhein";"2019";"25.03.2019";"9,5";"°C"
"CXX359";"448.686";"5.428.915";"6.187";"Temperatur";"Karlsruhe (CXX359)";"Rhein";"2019";"26.03.2019";"9,5";"°C"
"CXX359";"448.686";"5.428.915";"6.187";"Temperatur";"Karlsruhe (CXX359)";"Rhein";"2019";"27.03.2019";"9,7";"°C"
"CXX359";"448.686";"5.428.915";"6.187";"Temperatur";"Karlsruhe (CXX359)";"Rhein";"2019";"28.03.2019";"10";"°C"
"CXX359";"448.686";"5.428.915";"6.187";"Temperatur";"Karlsruhe (CXX359)";"Rhein";"2019";"29.03.2019";"10,3";"°C"
"CXX359";"448.686";"5.428.915";"6.187";"Temperatur";"Karlsruhe (CXX359)";"Rhein";"2019";"30.03.2019";"10,8";"°C"
"CXX359";"448.686";"5.428.915";"6.187";"Temperatur";"Karlsruhe (CXX359)";"Rhein";"2019";"31.03.2019";"11,1";"°C"
"CXX359";"448.686";"5.428.915";"6.187";"Temperatur";"Karlsruhe (CXX359)";"Rhein";"2019";"01.04.2019";"11,1";"°C"
"CXX359";"448.686";"5.428.915";"6.187";"Temperatur";"Karlsruhe (CXX359)";"Rhein";"2019";"02.04.2019";"11,5";"°C"
"CXX359";"448.686";"5.428.915";"6.187";"Temperatur";"Karlsruhe (CXX359)";"Rhein";"2019";"03.04.2019";"11,6";"°C"
"CXX359";"448.686";"5.428.915";"6.187";"Temperatur";"Karlsruhe (CXX359)";"Rhein";"2019";"04.04.2019";"11,1";"°C"
"CXX359";"448.686";"5.428.915";"6.187";"Temperatur";"Karlsruhe (CXX359)";"Rhein";"2019";"05.04.2019";"10,5";"°C"
"CXX359";"448.686";"5.428.915";"6.187";"Temperatur";"Karlsruhe (CXX359)";"Rhein";"2019";"06.04.2019";"10,5";"°C"
"CXX359";"448.686";"5.428.915";"6.187";"Temperatur";"Karlsruhe (CXX359)";"Rhein";"2019";"07.04.2019";"10,6";"°C"
"CXX359";"448.686";"5.428.915";"6.187";"Temperatur";"Karlsruhe (CXX359)";"Rhein";"2019";"08.04.2019";"10,8";"°C"
"CXX359";"448.686";"5.428.915";"6.187";"Temperatur";"Karlsruhe (CXX359)";"Rhein";"2019";"09.04.2019";"10,5";"°C"
"CXX359";"448.686";"5.428.915";"6.187";"Temperatur";"Karlsruhe (CXX359)";"Rhein";"2019";"10.04.2019";"10,5";"°C"
"CXX359";"448.686";"5.428.915";"6.187";"Temperatur";"Karlsruhe (CXX359)";"Rhein";"2019";"11.04.2019";"10,5";"°C"
"CXX359";"448.686";"5.428.915";"6.187";"Temperatur";"Karlsruhe (CXX359)";"Rhein";"2019";"12.04.2019";"10,5";"°C"
"CXX359";"448.686";"5.428.915";"6.187";"Temperatur";"Karlsruhe (CXX359)";"Rhein";"2019";"13.04.2019";"10,5";"°C"
"CXX359";"448.686";"5.428.915";"6.187";"Temperatur";"Karlsruhe (CXX359)";"Rhein";"2019";"14.04.2019";"10,3";"°C"
"CXX359";"448.686";"5.428.915";"6.187";"Temperatur";"Karlsruhe (CXX359)";"Rhein";"2019";"15.04.2019";"10,4";"°C"
"CXX359";"448.686";"5.428.915";"6.187";"Temperatur";"Karlsruhe (CXX359)";"Rhein";"2019";"16.04.2019";"10,9";"°C"
"CXX359";"448.686";"5.428.915";"6.187";"Temperatur";"Karlsruhe (CXX359)";"Rhein";"2019";"17.04.2019";"11,5";"°C"
"CXX359";"448.686";"5.428.915";"6.187";"Temperatur";"Karlsruhe (CXX359)";"Rhein";"2019";"18.04.2019";"12,1";"°C"
"CXX359";"448.686";"5.428.915";"6.187";"Temperatur";"Karlsruhe (CXX359)";"Rhein";"2019";"19.04.2019";"12,7";"°C"
"CXX359";"448.686";"5.428.915";"6.187";"Temperatur";"Karlsruhe (CXX359)";"Rhein";"2019";"20.04.2019";"13,2";"°C"
"CXX359";"448.686";"5.428.915";"6.187";"Temperatur";"Karlsruhe (CXX359)";"Rhein";"2019";"21.04.2019";"13,7";"°C"
"CXX359";"448.686";"5.428.915";"6.187";"Temperatur";"Karlsruhe (CXX359)";"Rhein";"2019";"22.04.2019";"14,2";"°C"
"CXX359";"448.686";"5.428.915";"6.187";"Temperatur";"Karlsruhe (CXX359)";"Rhein";"2019";"23.04.2019";"14,5";"°C"
"CXX359";"448.686";"5.428.915";"6.187";"Temperatur";"Karlsruhe (CXX359)";"Rhein";"2019";"24.04.2019";"15,1";"°C"
"CXX359";"448.686";"5.428.915";"6.187";"Temperatur";"Karlsruhe (CXX359)";"Rhein";"2019";"25.04.2019";"15,3";"°C"
"CXX359";"448.686";"5.428.915";"6.187";"Temperatur";"Karlsruhe (CXX359)";"Rhein";"2019";"26.04.2019";"15,2";"°C"
"CXX359";"448.686";"5.428.915";"6.187";"Temperatur";"Karlsruhe (CXX359)";"Rhein";"2019";"27.04.2019";"14,7";"°C"
"CXX359";"448.686";"5.428.915";"6.187";"Temperatur";"Karlsruhe (CXX359)";"Rhein";"2019";"28.04.2019";"14,3";"°C"
"CXX359";"448.686";"5.428.915";"6.187";"Temperatur";"Karlsruhe (CXX359)";"Rhein";"2019";"29.04.2019";"14";"°C"
"CXX359";"448.686";"5.428.915";"6.187";"Temperatur";"Karlsruhe (CXX359)";"Rhein";"2019";"30.04.2019";"13,8";"°C"
"CXX359";"448.686";"5.428.915";"6.187";"Temperatur";"Karlsruhe (CXX359)";"Rhein";"2019";"01.05.2019";"13,7";"°C"
"CXX359";"448.686";"5.428.915";"6.187";"Temperatur";"Karlsruhe (CXX359)";"Rhein";"2019";"02.05.2019";"13,7";"°C"
"CXX359";"448.686";"5.428.915";"6.187";"Temperatur";"Karlsruhe (CXX359)";"Rhein";"2019";"03.05.2019";"13,5";"°C"
"CXX359";"448.686";"5.428.915";"6.187";"Temperatur";"Karlsruhe (CXX359)";"Rhein";"2019";"04.05.2019";"13";"°C"
"CXX359";"448.686";"5.428.915";"6.187";"Temperatur";"Karlsruhe (CXX359)";"Rhein";"2019";"05.05.2019";"12,8";"°C"
"CXX359";"448.686";"5.428.915";"6.187";"Temperatur";"Karlsruhe (CXX359)";"Rhein";"2019";"06.05.2019";"12,9";"°C"
"CXX359";"448.686";"5.428.915";"6.187";"Temperatur";"Karlsruhe (CXX359)";"Rhein";"2019";"07.05.2019";"13";"°C"
"CXX359";"448.686";"5.428.915";"6.187";"Temperatur";"Karlsruhe (CXX359)";"Rhein";"2019";"08.05.2019";"12,9";"°C"
"CXX359";"448.686";"5.428.915";"6.187";"Temperatur";"Karlsruhe (CXX359)";"Rhein";"2019";"09.05.2019";"12,5";"°C"
"CXX359";"448.686";"5.428.915";"6.187";"Temperatur";"Karlsruhe (CXX359)";"Rhein";"2019";"10.05.2019";"12,2";"°C"
"CXX359";"448.686";"5.428.915";"6.187";"Temperatur";"Karlsruhe (CXX359)";"Rhein";"2019";"11.05.2019";"12,6";"°C"
"CXX359";"448.686";"5.428.915";"6.187";"Temperatur";"Karlsruhe (CXX359)";"Rhein";"2019";"12.05.2019";"12,8";"°C"
"CXX359";"448.686";"5.428.915";"6.187";"Temperatur";"Karlsruhe (CXX359)";"Rhein";"2019";"13.05.2019";"12,9";"°C"
"CXX359";"448.686";"5.428.915";"6.187";"Temperatur";"Karlsruhe (CXX359)";"Rhein";"2019";"14.05.2019";"13";"°C"
"CXX359";"448.686";"5.428.915";"6.187";"Temperatur";"Karlsruhe (CXX359)";"Rhein";"2019";"15.05.2019";"13,2";"°C"
"CXX359";"448.686";"5.428.915";"6.187";"Temperatur";"Karlsruhe (CXX359)";"Rhein";"2019";"16.05.2019";"13,3";"°C"
"CXX359";"448.686";"5.428.915";"6.187";"Temperatur";"Karlsruhe (CXX359)";"Rhein";"2019";"17.05.2019";"13,7";"°C"
"CXX359";"448.686";"5.428.915";"6.187";"Temperatur";"Karlsruhe (CXX359)";"Rhein";"2019";"18.05.2019";"14,2";"°C"
"CXX359";"448.686";"5.428.915";"6.187";"Temperatur";"Karlsruhe (CXX359)";"Rhein";"2019";"19.05.2019";"14,4";"°C"
"CXX359";"448.686";"5.428.915";"6.187";"Temperatur";"Karlsruhe (CXX359)";"Rhein";"2019";"20.05.2019";"14,2";"°C"
"CXX359";"448.686";"5.428.915";"6.187";"Temperatur";"Karlsruhe (CXX359)";"Rhein";"2019";"21.05.2019";"13,9";"°C"
"CXX359";"448.686";"5.428.915";"6.187";"Temperatur";"Karlsruhe (CXX359)";"Rhein";"2019";"22.05.2019";"13,4";"°C"
"CXX359";"448.686";"5.428.915";"6.187";"Temperatur";"Karlsruhe (CXX359)";"Rhein";"2019";"23.05.2019";"13,2";"°C"
"CXX359";"448.686";"5.428.915";"6.187";"Temperatur";"Karlsruhe (CXX359)";"Rhein";"2019";"24.05.2019";"13,4";"°C"
"CXX359";"448.686";"5.428.915";"6.187";"Temperatur";"Karlsruhe (CXX359)";"Rhein";"2019";"25.05.2019";"14,1";"°C"
"CXX359";"448.686";"5.428.915";"6.187";"Temperatur";"Karlsruhe (CXX359)";"Rhein";"2019";"26.05.2019";"14,8";"°C"
"CXX359";"448.686";"5.428.915";"6.187";"Temperatur";"Karlsruhe (CXX359)";"Rhein";"2019";"27.05.2019";"15,2";"°C"
"CXX359";"448.686";"5.428.915";"6.187";"Temperatur";"Karlsruhe (CXX359)";"Rhein";"2019";"28.05.2019";"15,2";"°C"
"CXX359";"448.686";"5.428.915";"6.187";"Temperatur";"Karlsruhe (CXX359)";"Rhein";"2019";"29.05.2019";"15,1";"°C"
"CXX359";"448.686";"5.428.915";"6.187";"Temperatur";"Karlsruhe (CXX359)";"Rhein";"2019";"30.05.2019";"15,3";"°C"
"CXX359";"448.686";"5.428.915";"6.187";"Temperatur";"Karlsruhe (CXX359)";"Rhein";"2019";"31.05.2019";"15,6";"°C"
"CXX359";"448.686";"5.428.915";"6.187";"Temperatur";"Karlsruhe (CXX359)";"Rhein";"2019";"01.06.2019";"15,7";"°C"
"CXX359";"448.686";"5.428.915";"6.187";"Temperatur";"Karlsruhe (CXX359)";"Rhein";"2019";"02.06.2019";"16,5";"°C"
"CXX359";"448.686";"5.428.915";"6.187";"Temperatur";"Karlsruhe (CXX359)";"Rhein";"2019";"03.06.2019";"17,4";"°C"
"CXX359";"448.686";"5.428.915";"6.187";"Temperatur";"Karlsruhe (CXX359)";"Rhein";"2019";"04.06.2019";"18";"°C"
"CXX359";"448.686";"5.428.915";"6.187";"Temperatur";"Karlsruhe (CXX359)";"Rhein";"2019";"05.06.2019";"18,8";"°C"
"CXX359";"448.686";"5.428.915";"6.187";"Temperatur";"Karlsruhe (CXX359)";"Rhein";"2019";"06.06.2019";"18,6";"°C"
"CXX359";"448.686";"5.428.915";"6.187";"Temperatur";"Karlsruhe (CXX359)";"Rhein";"2019";"07.06.2019";"18,3";"°C"
"CXX359";"448.686";"5.428.915";"6.187";"Temperatur";"Karlsruhe (CXX359)";"Rhein";"2019";"08.06.2019";"18,6";"°C"
"CXX359";"448.686";"5.428.915";"6.187";"Temperatur";"Karlsruhe (CXX359)";"Rhein";"2019";"09.06.2019";"18,1";"°C"
"CXX359";"448.686";"5.428.915";"6.187";"Temperatur";"Karlsruhe (CXX359)";"Rhein";"2019";"10.06.2019";"17,4";"°C"
"CXX359";"448.686";"5.428.915";"6.187";"Temperatur";"Karlsruhe (CXX359)";"Rhein";"2019";"11.06.2019";"17,3";"°C"
"CXX359";"448.686";"5.428.915";"6.187";"Temperatur";"Karlsruhe (CXX359)";"Rhein";"2019";"12.06.2019";"17,2";"°C"
"CXX359";"448.686";"5.428.915";"6.187";"Temperatur";"Karlsruhe (CXX359)";"Rhein";"2019";"13.06.2019";"17,5";"°C"
"CXX359";"448.686";"5.428.915";"6.187";"Temperatur";"Karlsruhe (CXX359)";"Rhein";"2019";"14.06.2019";"17,5";"°C"
"CXX359";"448.686";"5.428.915";"6.187";"Temperatur";"Karlsruhe (CXX359)";"Rhein";"2019";"15.06.2019";"17,5";"°C"
"CXX359";"448.686";"5.428.915";"6.187";"Temperatur";"Karlsruhe (CXX359)";"Rhein";"2019";"16.06.2019";"18";"°C"
"CXX359";"448.686";"5.428.915";"6.187";"Temperatur";"Karlsruhe (CXX359)";"Rhein";"2019";"17.06.2019";"18,5";"°C"
"CXX359";"448.686";"5.428.915";"6.187";"Temperatur";"Karlsruhe (CXX359)";"Rhein";"2019";"18.06.2019";"18,8";"°C"
"CXX359";"448.686";"5.428.915";"6.187";"Temperatur";"Karlsruhe (CXX359)";"Rhein";"2019";"19.06.2019";"19";"°C"
"CXX359";"448.686";"5.428.915";"6.187";"Temperatur";"Karlsruhe (CXX359)";"Rhein";"2019";"20.06.2019";"19,4";"°C"
"CXX359";"448.686";"5.428.915";"6.187";"Temperatur";"Karlsruhe (CXX359)";"Rhein";"2019";"21.06.2019";"19,5";"°C"
"CXX359";"448.686";"5.428.915";"6.187";"Temperatur";"Karlsruhe (CXX359)";"Rhein";"2019";"22.06.2019";"19,4";"°C"
"CXX359";"448.686";"5.428.915";"6.187";"Temperatur";"Karlsruhe (CXX359)";"Rhein";"2019";"23.06.2019";"19,3";"°C"
"CXX359";"448.686";"5.428.915";"6.187";"Temperatur";"Karlsruhe (CXX359)";"Rhein";"2019";"24.06.2019";"19,8";"°C"
"CXX359";"448.686";"5.428.915";"6.187";"Temperatur";"Karlsruhe (CXX359)";"Rhein";"2019";"25.06.2019";"20,5";"°C"
"CXX359";"448.686";"5.428.915";"6.187";"Temperatur";"Karlsruhe (CXX359)";"Rhein";"2019";"26.06.2019";"21";"°C"
"CXX359";"448.686";"5.428.915";"6.187";"Temperatur";"Karlsruhe (CXX359)";"Rhein";"2019";"27.06.2019";"21,9";"°C"
"CXX359";"448.686";"5.428.915";"6.187";"Temperatur";"Karlsruhe (CXX359)";"Rhein";"2019";"28.06.2019";"22,1";"°C"
"CXX359";"448.686";"5.428.915";"6.187";"Temperatur";"Karlsruhe (CXX359)";"Rhein";"2019";"29.06.2019";"22,5";"°C"
"CXX359";"448.686";"5.428.915";"6.187";"Temperatur";"Karlsruhe (CXX359)";"Rhein";"2019";"30.06.2019";"23,4";"°C"
"CXX359";"448.686";"5.428.915";"6.187";"Temperatur";"Karlsruhe (CXX359)";"Rhein";"2019";"01.07.2019";"24";"°C"
"CXX359";"448.686";"5.428.915";"6.187";"Temperatur";"Karlsruhe (CXX359)";"Rhein";"2019";"02.07.2019";"23,7";"°C"
"CXX359";"448.686";"5.428.915";"6.187";"Temperatur";"Karlsruhe (CXX359)";"Rhein";"2019";"03.07.2019";"23,1";"°C"
"CXX359";"448.686";"5.428.915";"6.187";"Temperatur";"Karlsruhe (CXX359)";"Rhein";"2019";"04.07.2019";"22,9";"°C"
"CXX359";"448.686";"5.428.915";"6.187";"Temperatur";"Karlsruhe (CXX359)";"Rhein";"2019";"05.07.2019";"23,3";"°C"
"CXX359";"448.686";"5.428.915";"6.187";"Temperatur";"Karlsruhe (CXX359)";"Rhein";"2019";"06.07.2019";"24";"°C"
"CXX359";"448.686";"5.428.915";"6.187";"Temperatur";"Karlsruhe (CXX359)";"Rhein";"2019";"07.07.2019";"23,9";"°C"
"CXX359";"448.686";"5.428.915";"6.187";"Temperatur";"Karlsruhe (CXX359)";"Rhein";"2019";"08.07.2019";"23,1";"°C"
"CXX359";"448.686";"5.428.915";"6.187";"Temperatur";"Karlsruhe (CXX359)";"Rhein";"2019";"09.07.2019";"22,4";"°C"
"CXX359";"448.686";"5.428.915";"6.187";"Temperatur";"Karlsruhe (CXX359)";"Rhein";"2019";"10.07.2019";"21,9";"°C"
"CXX359";"448.686";"5.428.915";"6.187";"Temperatur";"Karlsruhe (CXX359)";"Rhein";"2019";"11.07.2019";"21,8";"°C"
"CXX359";"448.686";"5.428.915";"6.187";"Temperatur";"Karlsruhe (CXX359)";"Rhein";"2019";"12.07.2019";"22,1";"°C"
"CXX359";"448.686";"5.428.915";"6.187";"Temperatur";"Karlsruhe (CXX359)";"Rhein";"2019";"13.07.2019";"22,2";"°C"
"CXX359";"448.686";"5.428.915";"6.187";"Temperatur";"Karlsruhe (CXX359)";"Rhein";"2019";"14.07.2019";"21,9";"°C"
"CXX359";"448.686";"5.428.915";"6.187";"Temperatur";"Karlsruhe (CXX359)";"Rhein";"2019";"15.07.2019";"21,4";"°C"
"CXX359";"448.686";"5.428.915";"6.187";"Temperatur";"Karlsruhe (CXX359)";"Rhein";"2019";"16.07.2019";"21,5";"°C"
"CXX359";"448.686";"5.428.915";"6.187";"Temperatur";"Karlsruhe (CXX359)";"Rhein";"2019";"17.07.2019";"22";"°C"
"CXX359";"448.686";"5.428.915";"6.187";"Temperatur";"Karlsruhe (CXX359)";"Rhein";"2019";"18.07.2019";"22,4";"°C"
"CXX359";"448.686";"5.428.915";"6.187";"Temperatur";"Karlsruhe (CXX359)";"Rhein";"2019";"19.07.2019";"22,8";"°C"
"CXX359";"448.686";"5.428.915";"6.187";"Temperatur";"Karlsruhe (CXX359)";"Rhein";"2019";"20.07.2019";"23";"°C"
"CXX359";"448.686";"5.428.915";"6.187";"Temperatur";"Karlsruhe (CXX359)";"Rhein";"2019";"21.07.2019";"23,2";"°C"
"CXX359";"448.686";"5.428.915";"6.187";"Temperatur";"Karlsruhe (CXX359)";"Rhein";"2019";"22.07.2019";"23,5";"°C"
"CXX359";"448.686";"5.428.915";"6.187";"Temperatur";"Karlsruhe (CXX359)";"Rhein";"2019";"23.07.2019";"23,8";"°C"
"CXX359";"448.686";"5.428.915";"6.187";"Temperatur";"Karlsruhe (CXX359)";"Rhein";"2019";"24.07.2019";"24,4";"°C"
"CXX359";"448.686";"5.428.915";"6.187";"Temperatur";"Karlsruhe (CXX359)";"Rhein";"2019";"25.07.2019";"25";"°C"
"CXX359";"448.686";"5.428.915";"6.187";"Temperatur";"Karlsruhe (CXX359)";"Rhein";"2019";"26.07.2019";"25,5";"°C"
"CXX359";"448.686";"5.428.915";"6.187";"Temperatur";"Karlsruhe (CXX359)";"Rhein";"2019";"27.07.2019";"25,5";"°C"
"CXX359";"448.686";"5.428.915";"6.187";"Temperatur";"Karlsruhe (CXX359)";"Rhein";"2019";"28.07.2019";"25,3";"°C"
"CXX359";"448.686";"5.428.915";"6.187";"Temperatur";"Karlsruhe (CXX359)";"Rhein";"2019";"29.07.2019";"24,7";"°C"
"CXX359";"448.686";"5.428.915";"6.187";"Temperatur";"Karlsruhe (CXX359)";"Rhein";"2019";"30.07.2019";"24,8";"°C"
"CXX359";"448.686";"5.428.915";"6.187";"Temperatur";"Karlsruhe (CXX359)";"Rhein";"2019";"31.07.2019";"24,1";"°C"
"CXX359";"448.686";"5.428.915";"6.187";"Temperatur";"Karlsruhe (CXX359)";"Rhein";"2019";"01.08.2019";"23,6";"°C"
"CXX359";"448.686";"5.428.915";"6.187";"Temperatur";"Karlsruhe (CXX359)";"Rhein";"2019";"02.08.2019";"23,3";"°C"
"CXX359";"448.686";"5.428.915";"6.187";"Temperatur";"Karlsruhe (CXX359)";"Rhein";"2019";"03.08.2019";"23,2";"°C"
"CXX359";"448.686";"5.428.915";"6.187";"Temperatur";"Karlsruhe (CXX359)";"Rhein";"2019";"04.08.2019";"23,3";"°C"
"CXX359";"448.686";"5.428.915";"6.187";"Temperatur";"Karlsruhe (CXX359)";"Rhein";"2019";"05.08.2019";"23,6";"°C"
"CXX359";"448.686";"5.428.915";"6.187";"Temperatur";"Karlsruhe (CXX359)";"Rhein";"2019";"06.08.2019";"23,9";"°C"
"CXX359";"448.686";"5.428.915";"6.187";"Temperatur";"Karlsruhe (CXX359)";"Rhein";"2019";"07.08.2019";"23,8";"°C"
"CXX359";"448.686";"5.428.915";"6.187";"Temperatur";"Karlsruhe (CXX359)";"Rhein";"2019";"08.08.2019";"23,4";"°C"
"CXX359";"448.686";"5.428.915";"6.187";"Temperatur";"Karlsruhe (CXX359)";"Rhein";"2019";"09.08.2019";"23,6";"°C"
"CXX359";"448.686";"5.428.915";"6.187";"Temperatur";"Karlsruhe (CXX359)";"Rhein";"2019";"10.08.2019";"23,9";"°C"
"CXX359";"448.686";"5.428.915";"6.187";"Temperatur";"Karlsruhe (CXX359)";"Rhein";"2019";"11.08.2019";"23,7";"°C"
"CXX359";"448.686";"5.428.915";"6.187";"Temperatur";"Karlsruhe (CXX359)";"Rhein";"2019";"12.08.2019";"23,3";"°C"
"CXX359";"448.686";"5.428.915";"6.187";"Temperatur";"Karlsruhe (CXX359)";"Rhein";"2019";"13.08.2019";"23,1";"°C"
"CXX359";"448.686";"5.428.915";"6.187";"Temperatur";"Karlsruhe (CXX359)";"Rhein";"2019";"14.08.2019";"22,8";"°C"
"CXX359";"448.686";"5.428.915";"6.187";"Temperatur";"Karlsruhe (CXX359)";"Rhein";"2019";"15.08.2019";"22,3";"°C"
"CXX359";"448.686";"5.428.915";"6.187";"Temperatur";"Karlsruhe (CXX359)";"Rhein";"2019";"16.08.2019";"22";"°C"
"CXX359";"448.686";"5.428.915";"6.187";"Temperatur";"Karlsruhe (CXX359)";"Rhein";"2019";"17.08.2019";"21,7";"°C"
"CXX359";"448.686";"5.428.915";"6.187";"Temperatur";"Karlsruhe (CXX359)";"Rhein";"2019";"18.08.2019";"21,8";"°C"
"CXX359";"448.686";"5.428.915";"6.187";"Temperatur";"Karlsruhe (CXX359)";"Rhein";"2019";"19.08.2019";"22,3";"°C"
"CXX359";"448.686";"5.428.915";"6.187";"Temperatur";"Karlsruhe (CXX359)";"Rhein";"2019";"20.08.2019";"22,1";"°C"
"CXX359";"448.686";"5.428.915";"6.187";"Temperatur";"Karlsruhe (CXX359)";"Rhein";"2019";"21.08.2019";"21,7";"°C"
"CXX359";"448.686";"5.428.915";"6.187";"Temperatur";"Karlsruhe (CXX359)";"Rhein";"2019";"22.08.2019";"21,4";"°C"
"CXX359";"448.686";"5.428.915";"6.187";"Temperatur";"Karlsruhe (CXX359)";"Rhein";"2019";"23.08.2019";"20,9";"°C"
"CXX359";"448.686";"5.428.915";"6.187";"Temperatur";"Karlsruhe (CXX359)";"Rhein";"2019";"24.08.2019";"20,7";"°C"
"CXX359";"448.686";"5.428.915";"6.187";"Temperatur";"Karlsruhe (CXX359)";"Rhein";"2019";"25.08.2019";"21,3";"°C"
"CXX359";"448.686";"5.428.915";"6.187";"Temperatur";"Karlsruhe (CXX359)";"Rhein";"2019";"26.08.2019";"21,8";"°C"
"CXX359";"448.686";"5.428.915";"6.187";"Temperatur";"Karlsruhe (CXX359)";"Rhein";"2019";"27.08.2019";"22,2";"°C"
"CXX359";"448.686";"5.428.915";"6.187";"Temperatur";"Karlsruhe (CXX359)";"Rhein";"2019";"28.08.2019";"22,6";"°C"
"CXX359";"448.686";"5.428.915";"6.187";"Temperatur";"Karlsruhe (CXX359)";"Rhein";"2019";"29.08.2019";"23";"°C"
"CXX359";"448.686";"5.428.915";"6.187";"Temperatur";"Karlsruhe (CXX359)";"Rhein";"2019";"30.08.2019";"23,1";"°C"
"CXX359";"448.686";"5.428.915";"6.187";"Temperatur";"Karlsruhe (CXX359)";"Rhein";"2019";"31.08.2019";"23,4";"°C"
"CXX359";"448.686";"5.428.915";"6.187";"Temperatur";"Karlsruhe (CXX359)";"Rhein";"2019";"01.09.2019";"23,5";"°C"
"CXX359";"448.686";"5.428.915";"6.187";"Temperatur";"Karlsruhe (CXX359)";"Rhein";"2019";"02.09.2019";"23,2";"°C"
"CXX359";"448.686";"5.428.915";"6.187";"Temperatur";"Karlsruhe (CXX359)";"Rhein";"2019";"03.09.2019";"22,7";"°C"
"CXX359";"448.686";"5.428.915";"6.187";"Temperatur";"Karlsruhe (CXX359)";"Rhein";"2019";"04.09.2019";"22,6";"°C"
"CXX359";"448.686";"5.428.915";"6.187";"Temperatur";"Karlsruhe (CXX359)";"Rhein";"2019";"05.09.2019";"22,2";"°C"
"CXX359";"448.686";"5.428.915";"6.187";"Temperatur";"Karlsruhe (CXX359)";"Rhein";"2019";"06.09.2019";"21,4";"°C"
"CXX359";"448.686";"5.428.915";"6.187";"Temperatur";"Karlsruhe (CXX359)";"Rhein";"2019";"07.09.2019";"20,9";"°C"
"CXX359";"448.686";"5.428.915";"6.187";"Temperatur";"Karlsruhe (CXX359)";"Rhein";"2019";"08.09.2019";"20,4";"°C"
"CXX359";"448.686";"5.428.915";"6.187";"Temperatur";"Karlsruhe (CXX359)";"Rhein";"2019";"09.09.2019";"20";"°C"
"CXX359";"448.686";"5.428.915";"6.187";"Temperatur";"Karlsruhe (CXX359)";"Rhein";"2019";"10.09.2019";"19,7";"°C"
"CXX359";"448.686";"5.428.915";"6.187";"Temperatur";"Karlsruhe (CXX359)";"Rhein";"2019";"11.09.2019";"19,6";"°C"
"CXX359";"448.686";"5.428.915";"6.187";"Temperatur";"Karlsruhe (CXX359)";"Rhein";"2019";"12.09.2019";"19,5";"°C"
"CXX359";"448.686";"5.428.915";"6.187";"Temperatur";"Karlsruhe (CXX359)";"Rhein";"2019";"13.09.2019";"19,5";"°C"
"CXX359";"448.686";"5.428.915";"6.187";"Temperatur";"Karlsruhe (CXX359)";"Rhein";"2019";"14.09.2019";"19,7";"°C"
"CXX359";"448.686";"5.428.915";"6.187";"Temperatur";"Karlsruhe (CXX359)";"Rhein";"2019";"15.09.2019";"20,1";"°C"
"CXX359";"448.686";"5.428.915";"6.187";"Temperatur";"Karlsruhe (CXX359)";"Rhein";"2019";"16.09.2019";"20,5";"°C"
"CXX359";"448.686";"5.428.915";"6.187";"Temperatur";"Karlsruhe (CXX359)";"Rhein";"2019";"17.09.2019";"20,6";"°C"
"CXX359";"448.686";"5.428.915";"6.187";"Temperatur";"Karlsruhe (CXX359)";"Rhein";"2019";"18.09.2019";"20,1";"°C"
"CXX359";"448.686";"5.428.915";"6.187";"Temperatur";"Karlsruhe (CXX359)";"Rhein";"2019";"19.09.2019";"19,5";"°C"
"CXX359";"448.686";"5.428.915";"6.187";"Temperatur";"Karlsruhe (CXX359)";"Rhein";"2019";"20.09.2019";"18,8";"°C"
"CXX359";"448.686";"5.428.915";"6.187";"Temperatur";"Karlsruhe (CXX359)";"Rhein";"2019";"21.09.2019";"18,7";"°C"
"CXX359";"448.686";"5.428.915";"6.187";"Temperatur";"Karlsruhe (CXX359)";"Rhein";"2019";"22.09.2019";"18,9";"°C"
"CXX359";"448.686";"5.428.915";"6.187";"Temperatur";"Karlsruhe (CXX359)";"Rhein";"2019";"23.09.2019";"19,1";"°C"
"CXX359";"448.686";"5.428.915";"6.187";"Temperatur";"Karlsruhe (CXX359)";"Rhein";"2019";"24.09.2019";"19,2";"°C"
"CXX359";"448.686";"5.428.915";"6.187";"Temperatur";"Karlsruhe (CXX359)";"Rhein";"2019";"25.09.2019";"19";"°C"
"CXX359";"448.686";"5.428.915";"6.187";"Temperatur";"Karlsruhe (CXX359)";"Rhein";"2019";"26.09.2019";"18,8";"°C"
"CXX359";"448.686";"5.428.915";"6.187";"Temperatur";"Karlsruhe (CXX359)";"Rhein";"2019";"27.09.2019";"18,7";"°C"
"CXX359";"448.686";"5.428.915";"6.187";"Temperatur";"Karlsruhe (CXX359)";"Rhein";"2019";"28.09.2019";"18,4";"°C"
"CXX359";"448.686";"5.428.915";"6.187";"Temperatur";"Karlsruhe (CXX359)";"Rhein";"2019";"29.09.2019";"18,2";"°C"
"CXX359";"448.686";"5.428.915";"6.187";"Temperatur";"Karlsruhe (CXX359)";"Rhein";"2019";"30.09.2019";"18";"°C"
"CXX359";"448.686";"5.428.915";"6.187";"Temperatur";"Karlsruhe (CXX359)";"Rhein";"2019";"01.10.2019";"-";"°C"
"CXX359";"448.686";"5.428.915";"6.187";"Temperatur";"Karlsruhe (CXX359)";"Rhein";"2019";"02.10.2019";"-";"°C"
"CXX359";"448.686";"5.428.915";"6.187";"Temperatur";"Karlsruhe (CXX359)";"Rhein";"2019";"03.10.2019";"17,6";"°C"
"CXX359";"448.686";"5.428.915";"6.187";"Temperatur";"Karlsruhe (CXX359)";"Rhein";"2019";"04.10.2019";"17,4";"°C"
"CXX359";"448.686";"5.428.915";"6.187";"Temperatur";"Karlsruhe (CXX359)";"Rhein";"2019";"05.10.2019";"17,1";"°C"
"CXX359";"448.686";"5.428.915";"6.187";"Temperatur";"Karlsruhe (CXX359)";"Rhein";"2019";"06.10.2019";"16,7";"°C"
"CXX359";"448.686";"5.428.915";"6.187";"Temperatur";"Karlsruhe (CXX359)";"Rhein";"2019";"07.10.2019";"16,7";"°C"
"CXX359";"448.686";"5.428.915";"6.187";"Temperatur";"Karlsruhe (CXX359)";"Rhein";"2019";"08.10.2019";"16,4";"°C"
"CXX359";"448.686";"5.428.915";"6.187";"Temperatur";"Karlsruhe (CXX359)";"Rhein";"2019";"09.10.2019";"16";"°C"
"CXX359";"448.686";"5.428.915";"6.187";"Temperatur";"Karlsruhe (CXX359)";"Rhein";"2019";"10.10.2019";"15,6";"°C"
"CXX359";"448.686";"5.428.915";"6.187";"Temperatur";"Karlsruhe (CXX359)";"Rhein";"2019";"11.10.2019";"15,3";"°C"
"CXX359";"448.686";"5.428.915";"6.187";"Temperatur";"Karlsruhe (CXX359)";"Rhein";"2019";"12.10.2019";"15,4";"°C"
"CXX359";"448.686";"5.428.915";"6.187";"Temperatur";"Karlsruhe (CXX359)";"Rhein";"2019";"13.10.2019";"15,5";"°C"
"CXX359";"448.686";"5.428.915";"6.187";"Temperatur";"Karlsruhe (CXX359)";"Rhein";"2019";"14.10.2019";"15,7";"°C"
"CXX359";"448.686";"5.428.915";"6.187";"Temperatur";"Karlsruhe (CXX359)";"Rhein";"2019";"15.10.2019";"15,8";"°C"
"CXX359";"448.686";"5.428.915";"6.187";"Temperatur";"Karlsruhe (CXX359)";"Rhein";"2019";"16.10.2019";"15,8";"°C"
"CXX359";"448.686";"5.428.915";"6.187";"Temperatur";"Karlsruhe (CXX359)";"Rhein";"2019";"17.10.2019";"16";"°C"
"CXX359";"448.686";"5.428.915";"6.187";"Temperatur";"Karlsruhe (CXX359)";"Rhein";"2019";"18.10.2019";"16";"°C"
"CXX359";"448.686";"5.428.915";"6.187";"Temperatur";"Karlsruhe (CXX359)";"Rhein";"2019";"19.10.2019";"15,9";"°C"
"CXX359";"448.686";"5.428.915";"6.187";"Temperatur";"Karlsruhe (CXX359)";"Rhein";"2019";"20.10.2019";"15,7";"°C"
"CXX359";"448.686";"5.428.915";"6.187";"Temperatur";"Karlsruhe (CXX359)";"Rhein";"2019";"21.10.2019";"15,5";"°C"
"CXX359";"448.686";"5.428.915";"6.187";"Temperatur";"Karlsruhe (CXX359)";"Rhein";"2019";"22.10.2019";"15,5";"°C"
"CXX359";"448.686";"5.428.915";"6.187";"Temperatur";"Karlsruhe (CXX359)";"Rhein";"2019";"23.10.2019";"15,4";"°C"
"CXX359";"448.686";"5.428.915";"6.187";"Temperatur";"Karlsruhe (CXX359)";"Rhein";"2019";"24.10.2019";"15,5";"°C"
"CXX359";"448.686";"5.428.915";"6.187";"Temperatur";"Karlsruhe (CXX359)";"Rhein";"2019";"25.10.2019";"15,5";"°C"
"CXX359";"448.686";"5.428.915";"6.187";"Temperatur";"Karlsruhe (CXX359)";"Rhein";"2019";"26.10.2019";"15,5";"°C"
"CXX359";"448.686";"5.428.915";"6.187";"Temperatur";"Karlsruhe (CXX359)";"Rhein";"2019";"27.10.2019";"15,4";"°C"
"CXX359";"448.686";"5.428.915";"6.187";"Temperatur";"Karlsruhe (CXX359)";"Rhein";"2019";"28.10.2019";"15";"°C"
"CXX359";"448.686";"5.428.915";"6.187";"Temperatur";"Karlsruhe (CXX359)";"Rhein";"2019";"29.10.2019";"14,4";"°C"
"CXX359";"448.686";"5.428.915";"6.187";"Temperatur";"Karlsruhe (CXX359)";"Rhein";"2019";"30.10.2019";"14";"°C"
"CXX359";"448.686";"5.428.915";"6.187";"Temperatur";"Karlsruhe (CXX359)";"Rhein";"2019";"31.10.2019";"13,7";"°C"
"CXX359";"448.686";"5.428.915";"6.187";"Temperatur";"Karlsruhe (CXX359)";"Rhein";"2019";"01.11.2019";"13,8";"°C"
"CXX359";"448.686";"5.428.915";"6.187";"Temperatur";"Karlsruhe (CXX359)";"Rhein";"2019";"02.11.2019";"14";"°C"
"CXX359";"448.686";"5.428.915";"6.187";"Temperatur";"Karlsruhe (CXX359)";"Rhein";"2019";"03.11.2019";"13,9";"°C"
"CXX359";"448.686";"5.428.915";"6.187";"Temperatur";"Karlsruhe (CXX359)";"Rhein";"2019";"04.11.2019";"13,7";"°C"
"CXX359";"448.686";"5.428.915";"6.187";"Temperatur";"Karlsruhe (CXX359)";"Rhein";"2019";"05.11.2019";"13,6";"°C"
"CXX359";"448.686";"5.428.915";"6.187";"Temperatur";"Karlsruhe (CXX359)";"Rhein";"2019";"06.11.2019";"13,6";"°C"
"CXX359";"448.686";"5.428.915";"6.187";"Temperatur";"Karlsruhe (CXX359)";"Rhein";"2019";"07.11.2019";"13,2";"°C"
"CXX359";"448.686";"5.428.915";"6.187";"Temperatur";"Karlsruhe (CXX359)";"Rhein";"2019";"08.11.2019";"12,5";"°C"
"CXX359";"448.686";"5.428.915";"6.187";"Temperatur";"Karlsruhe (CXX359)";"Rhein";"2019";"09.11.2019";"12,1";"°C"
"CXX359";"448.686";"5.428.915";"6.187";"Temperatur";"Karlsruhe (CXX359)";"Rhein";"2019";"10.11.2019";"11,7";"°C"
"CXX359";"448.686";"5.428.915";"6.187";"Temperatur";"Karlsruhe (CXX359)";"Rhein";"2019";"11.11.2019";"11,4";"°C"
"CXX359";"448.686";"5.428.915";"6.187";"Temperatur";"Karlsruhe (CXX359)";"Rhein";"2019";"12.11.2019";"11,1";"°C"
"CXX359";"448.686";"5.428.915";"6.187";"Temperatur";"Karlsruhe (CXX359)";"Rhein";"2019";"13.11.2019";"10,9";"°C"
"CXX359";"448.686";"5.428.915";"6.187";"Temperatur";"Karlsruhe (CXX359)";"Rhein";"2019";"14.11.2019";"10,6";"°C"
"CXX359";"448.686";"5.428.915";"6.187";"Temperatur";"Karlsruhe (CXX359)";"Rhein";"2019";"15.11.2019";"10,3";"°C"
"CXX359";"448.686";"5.428.915";"6.187";"Temperatur";"Karlsruhe (CXX359)";"Rhein";"2019";"16.11.2019";"10,3";"°C"
"CXX359";"448.686";"5.428.915";"6.187";"Temperatur";"Karlsruhe (CXX359)";"Rhein";"2019";"17.11.2019";"10,1";"°C"
"CXX359";"448.686";"5.428.915";"6.187";"Temperatur";"Karlsruhe (CXX359)";"Rhein";"2019";"18.11.2019";"10";"°C"
"CXX359";"448.686";"5.428.915";"6.187";"Temperatur";"Karlsruhe (CXX359)";"Rhein";"2019";"19.11.2019";"9,9";"°C"
"CXX359";"448.686";"5.428.915";"6.187";"Temperatur";"Karlsruhe (CXX359)";"Rhein";"2019";"20.11.2019";"9,6";"°C"
"CXX359";"448.686";"5.428.915";"6.187";"Temperatur";"Karlsruhe (CXX359)";"Rhein";"2019";"21.11.2019";"9,5";"°C"
"CXX359";"448.686";"5.428.915";"6.187";"Temperatur";"Karlsruhe (CXX359)";"Rhein";"2019";"22.11.2019";"9,5";"°C"
"CXX359";"448.686";"5.428.915";"6.187";"Temperatur";"Karlsruhe (CXX359)";"Rhein";"2019";"23.11.2019";"9,3";"°C"
"CXX359";"448.686";"5.428.915";"6.187";"Temperatur";"Karlsruhe (CXX359)";"Rhein";"2019";"24.11.2019";"9,5";"°C"
"CXX359";"448.686";"5.428.915";"6.187";"Temperatur";"Karlsruhe (CXX359)";"Rhein";"2019";"25.11.2019";"9,7";"°C"
"CXX359";"448.686";"5.428.915";"6.187";"Temperatur";"Karlsruhe (CXX359)";"Rhein";"2019";"26.11.2019";"10";"°C"
"CXX359";"448.686";"5.428.915";"6.187";"Temperatur";"Karlsruhe (CXX359)";"Rhein";"2019";"27.11.2019";"10,1";"°C"
"CXX359";"448.686";"5.428.915";"6.187";"Temperatur";"Karlsruhe (CXX359)";"Rhein";"2019";"28.11.2019";"10,3";"°C"
"CXX359";"448.686";"5.428.915";"6.187";"Temperatur";"Karlsruhe (CXX359)";"Rhein";"2019";"29.11.2019";"10,4";"°C"
"CXX359";"448.686";"5.428.915";"6.187";"Temperatur";"Karlsruhe (CXX359)";"Rhein";"2019";"30.11.2019";"10,3";"°C"
"CXX359";"448.686";"5.428.915";"6.187";"Temperatur";"Karlsruhe (CXX359)";"Rhein";"2019";"01.12.2019";"9,9";"°C"
"CXX359";"448.686";"5.428.915";"6.187";"Temperatur";"Karlsruhe (CXX359)";"Rhein";"2019";"02.12.2019";"9,5";"°C"
"CXX359";"448.686";"5.428.915";"6.187";"Temperatur";"Karlsruhe (CXX359)";"Rhein";"2019";"03.12.2019";"9";"°C"
"CXX359";"448.686";"5.428.915";"6.187";"Temperatur";"Karlsruhe (CXX359)";"Rhein";"2019";"04.12.2019";"8,3";"°C"
"CXX359";"448.686";"5.428.915";"6.187";"Temperatur";"Karlsruhe (CXX359)";"Rhein";"2019";"05.12.2019";"8";"°C"
"CXX359";"448.686";"5.428.915";"6.187";"Temperatur";"Karlsruhe (CXX359)";"Rhein";"2019";"06.12.2019";"7,8";"°C"
"CXX359";"448.686";"5.428.915";"6.187";"Temperatur";"Karlsruhe (CXX359)";"Rhein";"2019";"07.12.2019";"8,1";"°C"
"CXX359";"448.686";"5.428.915";"6.187";"Temperatur";"Karlsruhe (CXX359)";"Rhein";"2019";"08.12.2019";"8,2";"°C"
"CXX359";"448.686";"5.428.915";"6.187";"Temperatur";"Karlsruhe (CXX359)";"Rhein";"2019";"09.12.2019";"8,2";"°C"
"CXX359";"448.686";"5.428.915";"6.187";"Temperatur";"Karlsruhe (CXX359)";"Rhein";"2019";"10.12.2019";"8,3";"°C"
"CXX359";"448.686";"5.428.915";"6.187";"Temperatur";"Karlsruhe (CXX359)";"Rhein";"2019";"11.12.2019";"8,3";"°C"
"CXX359";"448.686";"5.428.915";"6.187";"Temperatur";"Karlsruhe (CXX359)";"Rhein";"2019";"12.12.2019";"8,2";"°C"
"CXX359";"448.686";"5.428.915";"6.187";"Temperatur";"Karlsruhe (CXX359)";"Rhein";"2019";"13.12.2019";"8,1";"°C"
"CXX359";"448.686";"5.428.915";"6.187";"Temperatur";"Karlsruhe (CXX359)";"Rhein";"2019";"14.12.2019";"7,9";"°C"
"CXX359";"448.686";"5.428.915";"6.187";"Temperatur";"Karlsruhe (CXX359)";"Rhein";"2019";"15.12.2019";"8";"°C"
"CXX359";"448.686";"5.428.915";"6.187";"Temperatur";"Karlsruhe (CXX359)";"Rhein";"2019";"16.12.2019";"8,2";"°C"
"CXX359";"448.686";"5.428.915";"6.187";"Temperatur";"Karlsruhe (CXX359)";"Rhein";"2019";"17.12.2019";"8,4";"°C"
"CXX359";"448.686";"5.428.915";"6.187";"Temperatur";"Karlsruhe (CXX359)";"Rhein";"2019";"18.12.2019";"8,6";"°C"
"CXX359";"448.686";"5.428.915";"6.187";"Temperatur";"Karlsruhe (CXX359)";"Rhein";"2019";"19.12.2019";"8,7";"°C"
"CXX359";"448.686";"5.428.915";"6.187";"Temperatur";"Karlsruhe (CXX359)";"Rhein";"2019";"20.12.2019";"8,6";"°C"
"CXX359";"448.686";"5.428.915";"6.187";"Temperatur";"Karlsruhe (CXX359)";"Rhein";"2019";"21.12.2019";"8,5";"°C"
"CXX359";"448.686";"5.428.915";"6.187";"Temperatur";"Karlsruhe (CXX359)";"Rhein";"2019";"22.12.2019";"8,4";"°C"
"CXX359";"448.686";"5.428.915";"6.187";"Temperatur";"Karlsruhe (CXX359)";"Rhein";"2019";"23.12.2019";"8,4";"°C"
"CXX359";"448.686";"5.428.915";"6.187";"Temperatur";"Karlsruhe (CXX359)";"Rhein";"2019";"24.12.2019";"8,3";"°C"
"CXX359";"448.686";"5.428.915";"6.187";"Temperatur";"Karlsruhe (CXX359)";"Rhein";"2019";"25.12.2019";"8,2";"°C"
"CXX359";"448.686";"5.428.915";"6.187";"Temperatur";"Karlsruhe (CXX359)";"Rhein";"2019";"26.12.2019";"8,1";"°C"
"CXX359";"448.686";"5.428.915";"6.187";"Temperatur";"Karlsruhe (CXX359)";"Rhein";"2019";"27.12.2019";"8";"°C"
"CXX359";"448.686";"5.428.915";"6.187";"Temperatur";"Karlsruhe (CXX359)";"Rhein";"2019";"28.12.2019";"7,8";"°C"
"CXX359";"448.686";"5.428.915";"6.187";"Temperatur";"Karlsruhe (CXX359)";"Rhein";"2019";"29.12.2019";"7,4";"°C"
"CXX359";"448.686";"5.428.915";"6.187";"Temperatur";"Karlsruhe (CXX359)";"Rhein";"2019";"30.12.2019";"7,2";"°C"
"CXX359";"448.686";"5.428.915";"6.187";"Temperatur";"Karlsruhe (CXX359)";"Rhein";"2019";"31.12.2019";"7";"°C"
"CXX359";"448.686";"5.428.915";"6.187";"Temperatur";"Karlsruhe (CXX359)";"Rhein";"2020";"01.01.2020";"6,7";"°C"
"CXX359";"448.686";"5.428.915";"6.187";"Temperatur";"Karlsruhe (CXX359)";"Rhein";"2020";"02.01.2020";"6,4";"°C"
"CXX359";"448.686";"5.428.915";"6.187";"Temperatur";"Karlsruhe (CXX359)";"Rhein";"2020";"03.01.2020";"6,4";"°C"
"CXX359";"448.686";"5.428.915";"6.187";"Temperatur";"Karlsruhe (CXX359)";"Rhein";"2020";"04.01.2020";"6,6";"°C"
"CXX359";"448.686";"5.428.915";"6.187";"Temperatur";"Karlsruhe (CXX359)";"Rhein";"2020";"05.01.2020";"6,8";"°C"
"CXX359";"448.686";"5.428.915";"6.187";"Temperatur";"Karlsruhe (CXX359)";"Rhein";"2020";"06.01.2020";"6,8";"°C"
"CXX359";"448.686";"5.428.915";"6.187";"Temperatur";"Karlsruhe (CXX359)";"Rhein";"2020";"07.01.2020";"6,9";"°C"
"CXX359";"448.686";"5.428.915";"6.187";"Temperatur";"Karlsruhe (CXX359)";"Rhein";"2020";"08.01.2020";"7";"°C"
"CXX359";"448.686";"5.428.915";"6.187";"Temperatur";"Karlsruhe (CXX359)";"Rhein";"2020";"09.01.2020";"7,4";"°C"
"CXX359";"448.686";"5.428.915";"6.187";"Temperatur";"Karlsruhe (CXX359)";"Rhein";"2020";"10.01.2020";"7,7";"°C"
"CXX359";"448.686";"5.428.915";"6.187";"Temperatur";"Karlsruhe (CXX359)";"Rhein";"2020";"11.01.2020";"7,8";"°C"
"CXX359";"448.686";"5.428.915";"6.187";"Temperatur";"Karlsruhe (CXX359)";"Rhein";"2020";"12.01.2020";"7,5";"°C"
"CXX359";"448.686";"5.428.915";"6.187";"Temperatur";"Karlsruhe (CXX359)";"Rhein";"2020";"13.01.2020";"7,6";"°C"
"CXX359";"448.686";"5.428.915";"6.187";"Temperatur";"Karlsruhe (CXX359)";"Rhein";"2020";"14.01.2020";"7,6";"°C"
"CXX359";"448.686";"5.428.915";"6.187";"Temperatur";"Karlsruhe (CXX359)";"Rhein";"2020";"15.01.2020";"7,6";"°C"
"CXX359";"448.686";"5.428.915";"6.187";"Temperatur";"Karlsruhe (CXX359)";"Rhein";"2020";"16.01.2020";"7,9";"°C"
"CXX359";"448.686";"5.428.915";"6.187";"Temperatur";"Karlsruhe (CXX359)";"Rhein";"2020";"17.01.2020";"7,7";"°C"
"CXX359";"448.686";"5.428.915";"6.187";"Temperatur";"Karlsruhe (CXX359)";"Rhein";"2020";"18.01.2020";"7,7";"°C"
"CXX359";"448.686";"5.428.915";"6.187";"Temperatur";"Karlsruhe (CXX359)";"Rhein";"2020";"19.01.2020";"7,6";"°C"
"CXX359";"448.686";"5.428.915";"6.187";"Temperatur";"Karlsruhe (CXX359)";"Rhein";"2020";"20.01.2020";"7,3";"°C"
"CXX359";"448.686";"5.428.915";"6.187";"Temperatur";"Karlsruhe (CXX359)";"Rhein";"2020";"21.01.2020";"6,8";"°C"
"CXX359";"448.686";"5.428.915";"6.187";"Temperatur";"Karlsruhe (CXX359)";"Rhein";"2020";"22.01.2020";"6,4";"°C"
"CXX359";"448.686";"5.428.915";"6.187";"Temperatur";"Karlsruhe (CXX359)";"Rhein";"2020";"23.01.2020";"6";"°C"
"CXX359";"448.686";"5.428.915";"6.187";"Temperatur";"Karlsruhe (CXX359)";"Rhein";"2020";"24.01.2020";"6,1";"°C"
"CXX359";"448.686";"5.428.915";"6.187";"Temperatur";"Karlsruhe (CXX359)";"Rhein";"2020";"25.01.2020";"6";"°C"
"CXX359";"448.686";"5.428.915";"6.187";"Temperatur";"Karlsruhe (CXX359)";"Rhein";"2020";"26.01.2020";"6,1";"°C"
"CXX359";"448.686";"5.428.915";"6.187";"Temperatur";"Karlsruhe (CXX359)";"Rhein";"2020";"27.01.2020";"6,3";"°C"
"CXX359";"448.686";"5.428.915";"6.187";"Temperatur";"Karlsruhe (CXX359)";"Rhein";"2020";"28.01.2020";"6,5";"°C"
"CXX359";"448.686";"5.428.915";"6.187";"Temperatur";"Karlsruhe (CXX359)";"Rhein";"2020";"29.01.2020";"6,4";"°C"
"CXX359";"448.686";"5.428.915";"6.187";"Temperatur";"Karlsruhe (CXX359)";"Rhein";"2020";"30.01.2020";"6,6";"°C"
"CXX359";"448.686";"5.428.915";"6.187";"Temperatur";"Karlsruhe (CXX359)";"Rhein";"2020";"31.01.2020";"7,3";"°C"
"CXX359";"448.686";"5.428.915";"6.187";"Temperatur";"Karlsruhe (CXX359)";"Rhein";"2020";"01.02.2020";"7,8";"°C"
"CXX359";"448.686";"5.428.915";"6.187";"Temperatur";"Karlsruhe (CXX359)";"Rhein";"2020";"02.02.2020";"8,3";"°C"
"CXX359";"448.686";"5.428.915";"6.187";"Temperatur";"Karlsruhe (CXX359)";"Rhein";"2020";"03.02.2020";"8,5";"°C"
"CXX359";"448.686";"5.428.915";"6.187";"Temperatur";"Karlsruhe (CXX359)";"Rhein";"2020";"04.02.2020";"8,4";"°C"
"CXX359";"448.686";"5.428.915";"6.187";"Temperatur";"Karlsruhe (CXX359)";"Rhein";"2020";"05.02.2020";"8";"°C"
"CXX359";"448.686";"5.428.915";"6.187";"Temperatur";"Karlsruhe (CXX359)";"Rhein";"2020";"06.02.2020";"7,5";"°C"
"CXX359";"448.686";"5.428.915";"6.187";"Temperatur";"Karlsruhe (CXX359)";"Rhein";"2020";"07.02.2020";"7";"°C"
"CXX359";"448.686";"5.428.915";"6.187";"Temperatur";"Karlsruhe (CXX359)";"Rhein";"2020";"08.02.2020";"6,5";"°C"
"CXX359";"448.686";"5.428.915";"6.187";"Temperatur";"Karlsruhe (CXX359)";"Rhein";"2020";"09.02.2020";"6,5";"°C"
"CXX359";"448.686";"5.428.915";"6.187";"Temperatur";"Karlsruhe (CXX359)";"Rhein";"2020";"10.02.2020";"7,1";"°C"
"CXX359";"448.686";"5.428.915";"6.187";"Temperatur";"Karlsruhe (CXX359)";"Rhein";"2020";"11.02.2020";"7,2";"°C"
"CXX359";"448.686";"5.428.915";"6.187";"Temperatur";"Karlsruhe (CXX359)";"Rhein";"2020";"12.02.2020";"7,1";"°C"
"CXX359";"448.686";"5.428.915";"6.187";"Temperatur";"Karlsruhe (CXX359)";"Rhein";"2020";"13.02.2020";"7,2";"°C"
"CXX359";"448.686";"5.428.915";"6.187";"Temperatur";"Karlsruhe (CXX359)";"Rhein";"2020";"14.02.2020";"7,3";"°C"
"CXX359";"448.686";"5.428.915";"6.187";"Temperatur";"Karlsruhe (CXX359)";"Rhein";"2020";"15.02.2020";"7,3";"°C"
"CXX359";"448.686";"5.428.915";"6.187";"Temperatur";"Karlsruhe (CXX359)";"Rhein";"2020";"16.02.2020";"7,4";"°C"
"CXX359";"448.686";"5.428.915";"6.187";"Temperatur";"Karlsruhe (CXX359)";"Rhein";"2020";"17.02.2020";"7,7";"°C"
"CXX359";"448.686";"5.428.915";"6.187";"Temperatur";"Karlsruhe (CXX359)";"Rhein";"2020";"18.02.2020";"7,8";"°C"
"CXX359";"448.686";"5.428.915";"6.187";"Temperatur";"Karlsruhe (CXX359)";"Rhein";"2020";"19.02.2020";"7,7";"°C"
"CXX359";"448.686";"5.428.915";"6.187";"Temperatur";"Karlsruhe (CXX359)";"Rhein";"2020";"20.02.2020";"7,7";"°C"
"CXX359";"448.686";"5.428.915";"6.187";"Temperatur";"Karlsruhe (CXX359)";"Rhein";"2020";"21.02.2020";"7,7";"°C"
"CXX359";"448.686";"5.428.915";"6.187";"Temperatur";"Karlsruhe (CXX359)";"Rhein";"2020";"22.02.2020";"7,7";"°C"
"CXX359";"448.686";"5.428.915";"6.187";"Temperatur";"Karlsruhe (CXX359)";"Rhein";"2020";"23.02.2020";"7,9";"°C"
"CXX359";"448.686";"5.428.915";"6.187";"Temperatur";"Karlsruhe (CXX359)";"Rhein";"2020";"24.02.2020";"8,2";"°C"
"CXX359";"448.686";"5.428.915";"6.187";"Temperatur";"Karlsruhe (CXX359)";"Rhein";"2020";"25.02.2020";"8,3";"°C"
"CXX359";"448.686";"5.428.915";"6.187";"Temperatur";"Karlsruhe (CXX359)";"Rhein";"2020";"26.02.2020";"8";"°C"
"CXX359";"448.686";"5.428.915";"6.187";"Temperatur";"Karlsruhe (CXX359)";"Rhein";"2020";"27.02.2020";"7,7";"°C"
"CXX359";"448.686";"5.428.915";"6.187";"Temperatur";"Karlsruhe (CXX359)";"Rhein";"2020";"28.02.2020";"7,5";"°C"
"CXX359";"448.686";"5.428.915";"6.187";"Temperatur";"Karlsruhe (CXX359)";"Rhein";"2020";"29.02.2020";"7,6";"°C"
"CXX359";"448.686";"5.428.915";"6.187";"Temperatur";"Karlsruhe (CXX359)";"Rhein";"2020";"01.03.2020";"7,7";"°C"
"CXX359";"448.686";"5.428.915";"6.187";"Temperatur";"Karlsruhe (CXX359)";"Rhein";"2020";"02.03.2020";"7,6";"°C"
"CXX359";"448.686";"5.428.915";"6.187";"Temperatur";"Karlsruhe (CXX359)";"Rhein";"2020";"03.03.2020";"7,6";"°C"
"CXX359";"448.686";"5.428.915";"6.187";"Temperatur";"Karlsruhe (CXX359)";"Rhein";"2020";"04.03.2020";"7,6";"°C"
"CXX359";"448.686";"5.428.915";"6.187";"Temperatur";"Karlsruhe (CXX359)";"Rhein";"2020";"05.03.2020";"7,6";"°C"
"CXX359";"448.686";"5.428.915";"6.187";"Temperatur";"Karlsruhe (CXX359)";"Rhein";"2020";"06.03.2020";"7,6";"°C"
"CXX359";"448.686";"5.428.915";"6.187";"Temperatur";"Karlsruhe (CXX359)";"Rhein";"2020";"07.03.2020";"7,4";"°C"
"CXX359";"448.686";"5.428.915";"6.187";"Temperatur";"Karlsruhe (CXX359)";"Rhein";"2020";"08.03.2020";"7,4";"°C"
"CXX359";"448.686";"5.428.915";"6.187";"Temperatur";"Karlsruhe (CXX359)";"Rhein";"2020";"09.03.2020";"7,6";"°C"
"CXX359";"448.686";"5.428.915";"6.187";"Temperatur";"Karlsruhe (CXX359)";"Rhein";"2020";"10.03.2020";"7,7";"°C"
"CXX359";"448.686";"5.428.915";"6.187";"Temperatur";"Karlsruhe (CXX359)";"Rhein";"2020";"11.03.2020";"8";"°C"
"CXX359";"448.686";"5.428.915";"6.187";"Temperatur";"Karlsruhe (CXX359)";"Rhein";"2020";"12.03.2020";"8,5";"°C"
"CXX359";"448.686";"5.428.915";"6.187";"Temperatur";"Karlsruhe (CXX359)";"Rhein";"2020";"13.03.2020";"8,7";"°C"
"CXX359";"448.686";"5.428.915";"6.187";"Temperatur";"Karlsruhe (CXX359)";"Rhein";"2020";"14.03.2020";"8,7";"°C"
"CXX359";"448.686";"5.428.915";"6.187";"Temperatur";"Karlsruhe (CXX359)";"Rhein";"2020";"15.03.2020";"8,9";"°C"
"CXX359";"448.686";"5.428.915";"6.187";"Temperatur";"Karlsruhe (CXX359)";"Rhein";"2020";"16.03.2020";"9,1";"°C"
"CXX359";"448.686";"5.428.915";"6.187";"Temperatur";"Karlsruhe (CXX359)";"Rhein";"2020";"17.03.2020";"9,3";"°C"
"CXX359";"448.686";"5.428.915";"6.187";"Temperatur";"Karlsruhe (CXX359)";"Rhein";"2020";"18.03.2020";"9,5";"°C"
"CXX359";"448.686";"5.428.915";"6.187";"Temperatur";"Karlsruhe (CXX359)";"Rhein";"2020";"19.03.2020";"9,9";"°C"
"CXX359";"448.686";"5.428.915";"6.187";"Temperatur";"Karlsruhe (CXX359)";"Rhein";"2020";"20.03.2020";"10,2";"°C"
"CXX359";"448.686";"5.428.915";"6.187";"Temperatur";"Karlsruhe (CXX359)";"Rhein";"2020";"21.03.2020";"10,1";"°C"
"CXX359";"448.686";"5.428.915";"6.187";"Temperatur";"Karlsruhe (CXX359)";"Rhein";"2020";"22.03.2020";"9,5";"°C"
"CXX359";"448.686";"5.428.915";"6.187";"Temperatur";"Karlsruhe (CXX359)";"Rhein";"2020";"23.03.2020";"9,2";"°C"
"CXX359";"448.686";"5.428.915";"6.187";"Temperatur";"Karlsruhe (CXX359)";"Rhein";"2020";"24.03.2020";"8,9";"°C"
"CXX359";"448.686";"5.428.915";"6.187";"Temperatur";"Karlsruhe (CXX359)";"Rhein";"2020";"25.03.2020";"8,7";"°C"
"CXX359";"448.686";"5.428.915";"6.187";"Temperatur";"Karlsruhe (CXX359)";"Rhein";"2020";"26.03.2020";"8,4";"°C"
"CXX359";"448.686";"5.428.915";"6.187";"Temperatur";"Karlsruhe (CXX359)";"Rhein";"2020";"27.03.2020";"8,5";"°C"
"CXX359";"448.686";"5.428.915";"6.187";"Temperatur";"Karlsruhe (CXX359)";"Rhein";"2020";"28.03.2020";"8,9";"°C"
"CXX359";"448.686";"5.428.915";"6.187";"Temperatur";"Karlsruhe (CXX359)";"Rhein";"2020";"29.03.2020";"8,7";"°C"
"CXX359";"448.686";"5.428.915";"6.187";"Temperatur";"Karlsruhe (CXX359)";"Rhein";"2020";"30.03.2020";"8,4";"°C"
"CXX359";"448.686";"5.428.915";"6.187";"Temperatur";"Karlsruhe (CXX359)";"Rhein";"2020";"31.03.2020";"8,3";"°C"
"CXX359";"448.686";"5.428.915";"6.187";"Temperatur";"Karlsruhe (CXX359)";"Rhein";"2020";"01.04.2020";"8,5";"°C"
"CXX359";"448.686";"5.428.915";"6.187";"Temperatur";"Karlsruhe (CXX359)";"Rhein";"2020";"02.04.2020";"8,9";"°C"
"CXX359";"448.686";"5.428.915";"6.187";"Temperatur";"Karlsruhe (CXX359)";"Rhein";"2020";"03.04.2020";"9,3";"°C"
"CXX359";"448.686";"5.428.915";"6.187";"Temperatur";"Karlsruhe (CXX359)";"Rhein";"2020";"04.04.2020";"9,7";"°C"
"CXX359";"448.686";"5.428.915";"6.187";"Temperatur";"Karlsruhe (CXX359)";"Rhein";"2020";"05.04.2020";"10,1";"°C"
"CXX359";"448.686";"5.428.915";"6.187";"Temperatur";"Karlsruhe (CXX359)";"Rhein";"2020";"06.04.2020";"10,7";"°C"
"CXX359";"448.686";"5.428.915";"6.187";"Temperatur";"Karlsruhe (CXX359)";"Rhein";"2020";"07.04.2020";"11,3";"°C"
"CXX359";"448.686";"5.428.915";"6.187";"Temperatur";"Karlsruhe (CXX359)";"Rhein";"2020";"08.04.2020";"12";"°C"
"CXX359";"448.686";"5.428.915";"6.187";"Temperatur";"Karlsruhe (CXX359)";"Rhein";"2020";"09.04.2020";"12,4";"°C"
"CXX359";"448.686";"5.428.915";"6.187";"Temperatur";"Karlsruhe (CXX359)";"Rhein";"2020";"10.04.2020";"12,8";"°C"
"CXX359";"448.686";"5.428.915";"6.187";"Temperatur";"Karlsruhe (CXX359)";"Rhein";"2020";"11.04.2020";"13,2";"°C"
"CXX359";"448.686";"5.428.915";"6.187";"Temperatur";"Karlsruhe (CXX359)";"Rhein";"2020";"12.04.2020";"13,8";"°C"
"CXX359";"448.686";"5.428.915";"6.187";"Temperatur";"Karlsruhe (CXX359)";"Rhein";"2020";"13.04.2020";"14,1";"°C"
"CXX359";"448.686";"5.428.915";"6.187";"Temperatur";"Karlsruhe (CXX359)";"Rhein";"2020";"14.04.2020";"13,8";"°C"
"CXX359";"448.686";"5.428.915";"6.187";"Temperatur";"Karlsruhe (CXX359)";"Rhein";"2020";"15.04.2020";"13,6";"°C"
"CXX359";"448.686";"5.428.915";"6.187";"Temperatur";"Karlsruhe (CXX359)";"Rhein";"2020";"16.04.2020";"13,8";"°C"
"CXX359";"448.686";"5.428.915";"6.187";"Temperatur";"Karlsruhe (CXX359)";"Rhein";"2020";"17.04.2020";"14,5";"°C"
"CXX359";"448.686";"5.428.915";"6.187";"Temperatur";"Karlsruhe (CXX359)";"Rhein";"2020";"18.04.2020";"15,2";"°C"
"CXX359";"448.686";"5.428.915";"6.187";"Temperatur";"Karlsruhe (CXX359)";"Rhein";"2020";"19.04.2020";"15,8";"°C"
"CXX359";"448.686";"5.428.915";"6.187";"Temperatur";"Karlsruhe (CXX359)";"Rhein";"2020";"20.04.2020";"15,5";"°C"
"CXX359";"448.686";"5.428.915";"6.187";"Temperatur";"Karlsruhe (CXX359)";"Rhein";"2020";"21.04.2020";"15";"°C"
"CXX359";"448.686";"5.428.915";"6.187";"Temperatur";"Karlsruhe (CXX359)";"Rhein";"2020";"22.04.2020";"15,1";"°C"
"CXX359";"448.686";"5.428.915";"6.187";"Temperatur";"Karlsruhe (CXX359)";"Rhein";"2020";"23.04.2020";"15,5";"°C"
"CXX359";"448.686";"5.428.915";"6.187";"Temperatur";"Karlsruhe (CXX359)";"Rhein";"2020";"24.04.2020";"15,9";"°C"
"CXX359";"448.686";"5.428.915";"6.187";"Temperatur";"Karlsruhe (CXX359)";"Rhein";"2020";"25.04.2020";"16,2";"°C"
"CXX359";"448.686";"5.428.915";"6.187";"Temperatur";"Karlsruhe (CXX359)";"Rhein";"2020";"26.04.2020";"16,3";"°C"
"CXX359";"448.686";"5.428.915";"6.187";"Temperatur";"Karlsruhe (CXX359)";"Rhein";"2020";"27.04.2020";"16,7";"°C"
"CXX359";"448.686";"5.428.915";"6.187";"Temperatur";"Karlsruhe (CXX359)";"Rhein";"2020";"28.04.2020";"16,7";"°C"
"CXX359";"448.686";"5.428.915";"6.187";"Temperatur";"Karlsruhe (CXX359)";"Rhein";"2020";"29.04.2020";"16,5";"°C"
"CXX359";"448.686";"5.428.915";"6.187";"Temperatur";"Karlsruhe (CXX359)";"Rhein";"2020";"30.04.2020";"16,1";"°C"
"CXX359";"448.686";"5.428.915";"6.187";"Temperatur";"Karlsruhe (CXX359)";"Rhein";"2020";"01.05.2020";"15,5";"°C"
"CXX359";"448.686";"5.428.915";"6.187";"Temperatur";"Karlsruhe (CXX359)";"Rhein";"2020";"02.05.2020";"15,3";"°C"
"CXX359";"448.686";"5.428.915";"6.187";"Temperatur";"Karlsruhe (CXX359)";"Rhein";"2020";"03.05.2020";"15,2";"°C"
"CXX359";"448.686";"5.428.915";"6.187";"Temperatur";"Karlsruhe (CXX359)";"Rhein";"2020";"04.05.2020";"15,1";"°C"
"CXX359";"448.686";"5.428.915";"6.187";"Temperatur";"Karlsruhe (CXX359)";"Rhein";"2020";"05.05.2020";"14,7";"°C"
"CXX359";"448.686";"5.428.915";"6.187";"Temperatur";"Karlsruhe (CXX359)";"Rhein";"2020";"06.05.2020";"14,5";"°C"
"CXX359";"448.686";"5.428.915";"6.187";"Temperatur";"Karlsruhe (CXX359)";"Rhein";"2020";"07.05.2020";"14,8";"°C"
"CXX359";"448.686";"5.428.915";"6.187";"Temperatur";"Karlsruhe (CXX359)";"Rhein";"2020";"08.05.2020";"15,5";"°C"
"CXX359";"448.686";"5.428.915";"6.187";"Temperatur";"Karlsruhe (CXX359)";"Rhein";"2020";"09.05.2020";"16,1";"°C"
"CXX359";"448.686";"5.428.915";"6.187";"Temperatur";"Karlsruhe (CXX359)";"Rhein";"2020";"10.05.2020";"16,4";"°C"
"CXX359";"448.686";"5.428.915";"6.187";"Temperatur";"Karlsruhe (CXX359)";"Rhein";"2020";"11.05.2020";"15,9";"°C"
"CXX359";"448.686";"5.428.915";"6.187";"Temperatur";"Karlsruhe (CXX359)";"Rhein";"2020";"12.05.2020";"15,4";"°C"
"CXX359";"448.686";"5.428.915";"6.187";"Temperatur";"Karlsruhe (CXX359)";"Rhein";"2020";"13.05.2020";"15,5";"°C"
"CXX359";"448.686";"5.428.915";"6.187";"Temperatur";"Karlsruhe (CXX359)";"Rhein";"2020";"14.05.2020";"15,4";"°C"
"CXX359";"448.686";"5.428.915";"6.187";"Temperatur";"Karlsruhe (CXX359)";"Rhein";"2020";"15.05.2020";"15,5";"°C"
"CXX359";"448.686";"5.428.915";"6.187";"Temperatur";"Karlsruhe (CXX359)";"Rhein";"2020";"16.05.2020";"15,2";"°C"
"CXX359";"448.686";"5.428.915";"6.187";"Temperatur";"Karlsruhe (CXX359)";"Rhein";"2020";"17.05.2020";"15,2";"°C"
"CXX359";"448.686";"5.428.915";"6.187";"Temperatur";"Karlsruhe (CXX359)";"Rhein";"2020";"18.05.2020";"15,6";"°C"
"CXX359";"448.686";"5.428.915";"6.187";"Temperatur";"Karlsruhe (CXX359)";"Rhein";"2020";"19.05.2020";"16,3";"°C"
"CXX359";"448.686";"5.428.915";"6.187";"Temperatur";"Karlsruhe (CXX359)";"Rhein";"2020";"20.05.2020";"16,9";"°C"
"CXX359";"448.686";"5.428.915";"6.187";"Temperatur";"Karlsruhe (CXX359)";"Rhein";"2020";"21.05.2020";"17,6";"°C"
"CXX359";"448.686";"5.428.915";"6.187";"Temperatur";"Karlsruhe (CXX359)";"Rhein";"2020";"22.05.2020";"18,2";"°C"
"CXX359";"448.686";"5.428.915";"6.187";"Temperatur";"Karlsruhe (CXX359)";"Rhein";"2020";"23.05.2020";"18,2";"°C"
"CXX359";"448.686";"5.428.915";"6.187";"Temperatur";"Karlsruhe (CXX359)";"Rhein";"2020";"24.05.2020";"17,9";"°C"
"CXX359";"448.686";"5.428.915";"6.187";"Temperatur";"Karlsruhe (CXX359)";"Rhein";"2020";"25.05.2020";"18,2";"°C"
"CXX359";"448.686";"5.428.915";"6.187";"Temperatur";"Karlsruhe (CXX359)";"Rhein";"2020";"26.05.2020";"18,3";"°C"
"CXX359";"448.686";"5.428.915";"6.187";"Temperatur";"Karlsruhe (CXX359)";"Rhein";"2020";"27.05.2020";"18,5";"°C"
"CXX359";"448.686";"5.428.915";"6.187";"Temperatur";"Karlsruhe (CXX359)";"Rhein";"2020";"28.05.2020";"18,7";"°C"
"CXX359";"448.686";"5.428.915";"6.187";"Temperatur";"Karlsruhe (CXX359)";"Rhein";"2020";"29.05.2020";"18,6";"°C"
"CXX359";"448.686";"5.428.915";"6.187";"Temperatur";"Karlsruhe (CXX359)";"Rhein";"2020";"30.05.2020";"18,4";"°C"
"CXX359";"448.686";"5.428.915";"6.187";"Temperatur";"Karlsruhe (CXX359)";"Rhein";"2020";"31.05.2020";"18,4";"°C"
"CXX359";"448.686";"5.428.915";"6.187";"Temperatur";"Karlsruhe (CXX359)";"Rhein";"2020";"01.06.2020";"18,8";"°C"
"CXX359";"448.686";"5.428.915";"6.187";"Temperatur";"Karlsruhe (CXX359)";"Rhein";"2020";"02.06.2020";"19,6";"°C"
"CXX359";"448.686";"5.428.915";"6.187";"Temperatur";"Karlsruhe (CXX359)";"Rhein";"2020";"03.06.2020";"20,2";"°C"
"CXX359";"448.686";"5.428.915";"6.187";"Temperatur";"Karlsruhe (CXX359)";"Rhein";"2020";"04.06.2020";"20";"°C"
"CXX359";"448.686";"5.428.915";"6.187";"Temperatur";"Karlsruhe (CXX359)";"Rhein";"2020";"05.06.2020";"19,4";"°C"
"CXX359";"448.686";"5.428.915";"6.187";"Temperatur";"Karlsruhe (CXX359)";"Rhein";"2020";"06.06.2020";"18,8";"°C"
"CXX359";"448.686";"5.428.915";"6.187";"Temperatur";"Karlsruhe (CXX359)";"Rhein";"2020";"07.06.2020";"18,6";"°C"
"CXX359";"448.686";"5.428.915";"6.187";"Temperatur";"Karlsruhe (CXX359)";"Rhein";"2020";"08.06.2020";"18,6";"°C"
"CXX359";"448.686";"5.428.915";"6.187";"Temperatur";"Karlsruhe (CXX359)";"Rhein";"2020";"09.06.2020";"18,5";"°C"
"CXX359";"448.686";"5.428.915";"6.187";"Temperatur";"Karlsruhe (CXX359)";"Rhein";"2020";"10.06.2020";"17,9";"°C"
"CXX359";"448.686";"5.428.915";"6.187";"Temperatur";"Karlsruhe (CXX359)";"Rhein";"2020";"11.06.2020";"17,7";"°C"
"CXX359";"448.686";"5.428.915";"6.187";"Temperatur";"Karlsruhe (CXX359)";"Rhein";"2020";"12.06.2020";"18,1";"°C"
"CXX359";"448.686";"5.428.915";"6.187";"Temperatur";"Karlsruhe (CXX359)";"Rhein";"2020";"13.06.2020";"18,6";"°C"
"CXX359";"448.686";"5.428.915";"6.187";"Temperatur";"Karlsruhe (CXX359)";"Rhein";"2020";"14.06.2020";"18,2";"°C"
"CXX359";"448.686";"5.428.915";"6.187";"Temperatur";"Karlsruhe (CXX359)";"Rhein";"2020";"15.06.2020";"18,3";"°C"
"CXX359";"448.686";"5.428.915";"6.187";"Temperatur";"Karlsruhe (CXX359)";"Rhein";"2020";"16.06.2020";"18,9";"°C"
"CXX359";"448.686";"5.428.915";"6.187";"Temperatur";"Karlsruhe (CXX359)";"Rhein";"2020";"17.06.2020";"19,3";"°C"
"CXX359";"448.686";"5.428.915";"6.187";"Temperatur";"Karlsruhe (CXX359)";"Rhein";"2020";"18.06.2020";"18,8";"°C"
"CXX359";"448.686";"5.428.915";"6.187";"Temperatur";"Karlsruhe (CXX359)";"Rhein";"2020";"19.06.2020";"18,7";"°C"
"CXX359";"448.686";"5.428.915";"6.187";"Temperatur";"Karlsruhe (CXX359)";"Rhein";"2020";"20.06.2020";"18,8";"°C"
"CXX359";"448.686";"5.428.915";"6.187";"Temperatur";"Karlsruhe (CXX359)";"Rhein";"2020";"21.06.2020";"19";"°C"
"CXX359";"448.686";"5.428.915";"6.187";"Temperatur";"Karlsruhe (CXX359)";"Rhein";"2020";"22.06.2020";"19,6";"°C"
"CXX359";"448.686";"5.428.915";"6.187";"Temperatur";"Karlsruhe (CXX359)";"Rhein";"2020";"23.06.2020";"19,9";"°C"
"CXX359";"448.686";"5.428.915";"6.187";"Temperatur";"Karlsruhe (CXX359)";"Rhein";"2020";"24.06.2020";"20,3";"°C"
"CXX359";"448.686";"5.428.915";"6.187";"Temperatur";"Karlsruhe (CXX359)";"Rhein";"2020";"25.06.2020";"20,7";"°C"
"CXX359";"448.686";"5.428.915";"6.187";"Temperatur";"Karlsruhe (CXX359)";"Rhein";"2020";"26.06.2020";"21,3";"°C"
"CXX359";"448.686";"5.428.915";"6.187";"Temperatur";"Karlsruhe (CXX359)";"Rhein";"2020";"27.06.2020";"21,8";"°C"
"CXX359";"448.686";"5.428.915";"6.187";"Temperatur";"Karlsruhe (CXX359)";"Rhein";"2020";"28.06.2020";"22,1";"°C"
"CXX359";"448.686";"5.428.915";"6.187";"Temperatur";"Karlsruhe (CXX359)";"Rhein";"2020";"29.06.2020";"21,8";"°C"
"CXX359";"448.686";"5.428.915";"6.187";"Temperatur";"Karlsruhe (CXX359)";"Rhein";"2020";"30.06.2020";"21,7";"°C"
"CXX359";"448.686";"5.428.915";"6.187";"Temperatur";"Karlsruhe (CXX359)";"Rhein";"2020";"01.07.2020";"21,8";"°C"
"CXX359";"448.686";"5.428.915";"6.187";"Temperatur";"Karlsruhe (CXX359)";"Rhein";"2020";"02.07.2020";"21,8";"°C"
"CXX359";"448.686";"5.428.915";"6.187";"Temperatur";"Karlsruhe (CXX359)";"Rhein";"2020";"03.07.2020";"21,2";"°C"
"CXX359";"448.686";"5.428.915";"6.187";"Temperatur";"Karlsruhe (CXX359)";"Rhein";"2020";"04.07.2020";"21,6";"°C"
"CXX359";"448.686";"5.428.915";"6.187";"Temperatur";"Karlsruhe (CXX359)";"Rhein";"2020";"05.07.2020";"21,9";"°C"
"CXX359";"448.686";"5.428.915";"6.187";"Temperatur";"Karlsruhe (CXX359)";"Rhein";"2020";"06.07.2020";"21,5";"°C"
"CXX359";"448.686";"5.428.915";"6.187";"Temperatur";"Karlsruhe (CXX359)";"Rhein";"2020";"07.07.2020";"21,3";"°C"
"CXX359";"448.686";"5.428.915";"6.187";"Temperatur";"Karlsruhe (CXX359)";"Rhein";"2020";"08.07.2020";"21,6";"°C"
"CXX359";"448.686";"5.428.915";"6.187";"Temperatur";"Karlsruhe (CXX359)";"Rhein";"2020";"09.07.2020";"21,9";"°C"
"CXX359";"448.686";"5.428.915";"6.187";"Temperatur";"Karlsruhe (CXX359)";"Rhein";"2020";"10.07.2020";"22,2";"°C"
"CXX359";"448.686";"5.428.915";"6.187";"Temperatur";"Karlsruhe (CXX359)";"Rhein";"2020";"11.07.2020";"22";"°C"
"CXX359";"448.686";"5.428.915";"6.187";"Temperatur";"Karlsruhe (CXX359)";"Rhein";"2020";"12.07.2020";"22";"°C"
"CXX359";"448.686";"5.428.915";"6.187";"Temperatur";"Karlsruhe (CXX359)";"Rhein";"2020";"13.07.2020";"21,9";"°C"
"CXX359";"448.686";"5.428.915";"6.187";"Temperatur";"Karlsruhe (CXX359)";"Rhein";"2020";"14.07.2020";"22,2";"°C"
"CXX359";"448.686";"5.428.915";"6.187";"Temperatur";"Karlsruhe (CXX359)";"Rhein";"2020";"15.07.2020";"21,9";"°C"
"CXX359";"448.686";"5.428.915";"6.187";"Temperatur";"Karlsruhe (CXX359)";"Rhein";"2020";"16.07.2020";"21,3";"°C"
"CXX359";"448.686";"5.428.915";"6.187";"Temperatur";"Karlsruhe (CXX359)";"Rhein";"2020";"17.07.2020";"21,3";"°C"
"CXX359";"448.686";"5.428.915";"6.187";"Temperatur";"Karlsruhe (CXX359)";"Rhein";"2020";"18.07.2020";"21,6";"°C"
"CXX359";"448.686";"5.428.915";"6.187";"Temperatur";"Karlsruhe (CXX359)";"Rhein";"2020";"19.07.2020";"21,8";"°C"
"CXX359";"448.686";"5.428.915";"6.187";"Temperatur";"Karlsruhe (CXX359)";"Rhein";"2020";"20.07.2020";"21,9";"°C"
"CXX359";"448.686";"5.428.915";"6.187";"Temperatur";"Karlsruhe (CXX359)";"Rhein";"2020";"21.07.2020";"21,9";"°C"
"CXX359";"448.686";"5.428.915";"6.187";"Temperatur";"Karlsruhe (CXX359)";"Rhein";"2020";"22.07.2020";"21,6";"°C"
"CXX359";"448.686";"5.428.915";"6.187";"Temperatur";"Karlsruhe (CXX359)";"Rhein";"2020";"23.07.2020";"22";"°C"
"CXX359";"448.686";"5.428.915";"6.187";"Temperatur";"Karlsruhe (CXX359)";"Rhein";"2020";"24.07.2020";"22,5";"°C"
"CXX359";"448.686";"5.428.915";"6.187";"Temperatur";"Karlsruhe (CXX359)";"Rhein";"2020";"25.07.2020";"22,9";"°C"
"CXX359";"448.686";"5.428.915";"6.187";"Temperatur";"Karlsruhe (CXX359)";"Rhein";"2020";"26.07.2020";"23,1";"°C"
"CXX359";"448.686";"5.428.915";"6.187";"Temperatur";"Karlsruhe (CXX359)";"Rhein";"2020";"27.07.2020";"23,2";"°C"
"CXX359";"448.686";"5.428.915";"6.187";"Temperatur";"Karlsruhe (CXX359)";"Rhein";"2020";"28.07.2020";"23,2";"°C"
"CXX359";"448.686";"5.428.915";"6.187";"Temperatur";"Karlsruhe (CXX359)";"Rhein";"2020";"29.07.2020";"23,1";"°C"
"CXX359";"448.686";"5.428.915";"6.187";"Temperatur";"Karlsruhe (CXX359)";"Rhein";"2020";"30.07.2020";"23,3";"°C"
"CXX359";"448.686";"5.428.915";"6.187";"Temperatur";"Karlsruhe (CXX359)";"Rhein";"2020";"31.07.2020";"23,6";"°C"
"CXX359";"448.686";"5.428.915";"6.187";"Temperatur";"Karlsruhe (CXX359)";"Rhein";"2020";"01.08.2020";"23,9";"°C"
"CXX359";"448.686";"5.428.915";"6.187";"Temperatur";"Karlsruhe (CXX359)";"Rhein";"2020";"02.08.2020";"24";"°C"
"CXX359";"448.686";"5.428.915";"6.187";"Temperatur";"Karlsruhe (CXX359)";"Rhein";"2020";"03.08.2020";"23,8";"°C"
"CXX359";"448.686";"5.428.915";"6.187";"Temperatur";"Karlsruhe (CXX359)";"Rhein";"2020";"04.08.2020";"23,7";"°C"
"CXX359";"448.686";"5.428.915";"6.187";"Temperatur";"Karlsruhe (CXX359)";"Rhein";"2020";"05.08.2020";"23,5";"°C"
"CXX359";"448.686";"5.428.915";"6.187";"Temperatur";"Karlsruhe (CXX359)";"Rhein";"2020";"06.08.2020";"23";"°C"
"CXX359";"448.686";"5.428.915";"6.187";"Temperatur";"Karlsruhe (CXX359)";"Rhein";"2020";"07.08.2020";"22,4";"°C"
"CXX359";"448.686";"5.428.915";"6.187";"Temperatur";"Karlsruhe (CXX359)";"Rhein";"2020";"08.08.2020";"22";"°C"
"CXX359";"448.686";"5.428.915";"6.187";"Temperatur";"Karlsruhe (CXX359)";"Rhein";"2020";"09.08.2020";"22,7";"°C"
"CXX359";"448.686";"5.428.915";"6.187";"Temperatur";"Karlsruhe (CXX359)";"Rhein";"2020";"10.08.2020";"23,3";"°C"
"CXX359";"448.686";"5.428.915";"6.187";"Temperatur";"Karlsruhe (CXX359)";"Rhein";"2020";"11.08.2020";"23,9";"°C"
"CXX359";"448.686";"5.428.915";"6.187";"Temperatur";"Karlsruhe (CXX359)";"Rhein";"2020";"12.08.2020";"24,4";"°C"
"CXX359";"448.686";"5.428.915";"6.187";"Temperatur";"Karlsruhe (CXX359)";"Rhein";"2020";"13.08.2020";"24,2";"°C"
"CXX359";"448.686";"5.428.915";"6.187";"Temperatur";"Karlsruhe (CXX359)";"Rhein";"2020";"14.08.2020";"24,1";"°C"
"CXX359";"448.686";"5.428.915";"6.187";"Temperatur";"Karlsruhe (CXX359)";"Rhein";"2020";"15.08.2020";"24,3";"°C"
"CXX359";"448.686";"5.428.915";"6.187";"Temperatur";"Karlsruhe (CXX359)";"Rhein";"2020";"16.08.2020";"24,6";"°C"
"CXX359";"448.686";"5.428.915";"6.187";"Temperatur";"Karlsruhe (CXX359)";"Rhein";"2020";"17.08.2020";"24,5";"°C"
"CXX359";"448.686";"5.428.915";"6.187";"Temperatur";"Karlsruhe (CXX359)";"Rhein";"2020";"18.08.2020";"24,4";"°C"
"CXX359";"448.686";"5.428.915";"6.187";"Temperatur";"Karlsruhe (CXX359)";"Rhein";"2020";"19.08.2020";"24,2";"°C"
"CXX359";"448.686";"5.428.915";"6.187";"Temperatur";"Karlsruhe (CXX359)";"Rhein";"2020";"20.08.2020";"24,3";"°C"
"CXX359";"448.686";"5.428.915";"6.187";"Temperatur";"Karlsruhe (CXX359)";"Rhein";"2020";"21.08.2020";"24,5";"°C"
"CXX359";"448.686";"5.428.915";"6.187";"Temperatur";"Karlsruhe (CXX359)";"Rhein";"2020";"22.08.2020";"24,3";"°C"
"CXX359";"448.686";"5.428.915";"6.187";"Temperatur";"Karlsruhe (CXX359)";"Rhein";"2020";"23.08.2020";"23,8";"°C"
"CXX359";"448.686";"5.428.915";"6.187";"Temperatur";"Karlsruhe (CXX359)";"Rhein";"2020";"24.08.2020";"23,4";"°C"
"CXX359";"448.686";"5.428.915";"6.187";"Temperatur";"Karlsruhe (CXX359)";"Rhein";"2020";"25.08.2020";"23";"°C"
"CXX359";"448.686";"5.428.915";"6.187";"Temperatur";"Karlsruhe (CXX359)";"Rhein";"2020";"26.08.2020";"22,5";"°C"
"CXX359";"448.686";"5.428.915";"6.187";"Temperatur";"Karlsruhe (CXX359)";"Rhein";"2020";"27.08.2020";"22,5";"°C"
"CXX359";"448.686";"5.428.915";"6.187";"Temperatur";"Karlsruhe (CXX359)";"Rhein";"2020";"28.08.2020";"22,2";"°C"
"CXX359";"448.686";"5.428.915";"6.187";"Temperatur";"Karlsruhe (CXX359)";"Rhein";"2020";"29.08.2020";"21,7";"°C"
"CXX359";"448.686";"5.428.915";"6.187";"Temperatur";"Karlsruhe (CXX359)";"Rhein";"2020";"30.08.2020";"21,2";"°C"
"CXX359";"448.686";"5.428.915";"6.187";"Temperatur";"Karlsruhe (CXX359)";"Rhein";"2020";"31.08.2020";"21";"°C"
"CXX359";"448.686";"5.428.915";"6.187";"Temperatur";"Karlsruhe (CXX359)";"Rhein";"2020";"01.09.2020";"20,6";"°C"
"CXX359";"448.686";"5.428.915";"6.187";"Temperatur";"Karlsruhe (CXX359)";"Rhein";"2020";"02.09.2020";"19,6";"°C"
"CXX359";"448.686";"5.428.915";"6.187";"Temperatur";"Karlsruhe (CXX359)";"Rhein";"2020";"03.09.2020";"18,8";"°C"
"CXX359";"448.686";"5.428.915";"6.187";"Temperatur";"Karlsruhe (CXX359)";"Rhein";"2020";"04.09.2020";"19,6";"°C"
"CXX359";"448.686";"5.428.915";"6.187";"Temperatur";"Karlsruhe (CXX359)";"Rhein";"2020";"05.09.2020";"20,1";"°C"
"CXX359";"448.686";"5.428.915";"6.187";"Temperatur";"Karlsruhe (CXX359)";"Rhein";"2020";"06.09.2020";"20";"°C"
"CXX359";"448.686";"5.428.915";"6.187";"Temperatur";"Karlsruhe (CXX359)";"Rhein";"2020";"07.09.2020";"19,9";"°C"
"CXX359";"448.686";"5.428.915";"6.187";"Temperatur";"Karlsruhe (CXX359)";"Rhein";"2020";"08.09.2020";"20";"°C"
"CXX359";"448.686";"5.428.915";"6.187";"Temperatur";"Karlsruhe (CXX359)";"Rhein";"2020";"09.09.2020";"20,2";"°C"
"CXX359";"448.686";"5.428.915";"6.187";"Temperatur";"Karlsruhe (CXX359)";"Rhein";"2020";"10.09.2020";"20,4";"°C"
"CXX359";"448.686";"5.428.915";"6.187";"Temperatur";"Karlsruhe (CXX359)";"Rhein";"2020";"11.09.2020";"20,4";"°C"
"CXX359";"448.686";"5.428.915";"6.187";"Temperatur";"Karlsruhe (CXX359)";"Rhein";"2020";"12.09.2020";"20,6";"°C"
"CXX359";"448.686";"5.428.915";"6.187";"Temperatur";"Karlsruhe (CXX359)";"Rhein";"2020";"13.09.2020";"20,8";"°C"
"CXX359";"448.686";"5.428.915";"6.187";"Temperatur";"Karlsruhe (CXX359)";"Rhein";"2020";"14.09.2020";"21,1";"°C"
"CXX359";"448.686";"5.428.915";"6.187";"Temperatur";"Karlsruhe (CXX359)";"Rhein";"2020";"15.09.2020";"21,4";"°C"
"CXX359";"448.686";"5.428.915";"6.187";"Temperatur";"Karlsruhe (CXX359)";"Rhein";"2020";"16.09.2020";"21,5";"°C"
"CXX359";"448.686";"5.428.915";"6.187";"Temperatur";"Karlsruhe (CXX359)";"Rhein";"2020";"17.09.2020";"21,3";"°C"
"CXX359";"448.686";"5.428.915";"6.187";"Temperatur";"Karlsruhe (CXX359)";"Rhein";"2020";"18.09.2020";"20,8";"°C"
"CXX359";"448.686";"5.428.915";"6.187";"Temperatur";"Karlsruhe (CXX359)";"Rhein";"2020";"19.09.2020";"20,7";"°C"
"CXX359";"448.686";"5.428.915";"6.187";"Temperatur";"Karlsruhe (CXX359)";"Rhein";"2020";"20.09.2020";"20,7";"°C"
"CXX359";"448.686";"5.428.915";"6.187";"Temperatur";"Karlsruhe (CXX359)";"Rhein";"2020";"21.09.2020";"20,8";"°C"
"CXX359";"448.686";"5.428.915";"6.187";"Temperatur";"Karlsruhe (CXX359)";"Rhein";"2020";"22.09.2020";"21";"°C"
"CXX359";"448.686";"5.428.915";"6.187";"Temperatur";"Karlsruhe (CXX359)";"Rhein";"2020";"23.09.2020";"21";"°C"
"CXX359";"448.686";"5.428.915";"6.187";"Temperatur";"Karlsruhe (CXX359)";"Rhein";"2020";"24.09.2020";"20,8";"°C"
"CXX359";"448.686";"5.428.915";"6.187";"Temperatur";"Karlsruhe (CXX359)";"Rhein";"2020";"25.09.2020";"20";"°C"
"CXX359";"448.686";"5.428.915";"6.187";"Temperatur";"Karlsruhe (CXX359)";"Rhein";"2020";"26.09.2020";"18,7";"°C"
"CXX359";"448.686";"5.428.915";"6.187";"Temperatur";"Karlsruhe (CXX359)";"Rhein";"2020";"27.09.2020";"17,4";"°C"
"CXX359";"448.686";"5.428.915";"6.187";"Temperatur";"Karlsruhe (CXX359)";"Rhein";"2020";"28.09.2020";"17,2";"°C"
"CXX359";"448.686";"5.428.915";"6.187";"Temperatur";"Karlsruhe (CXX359)";"Rhein";"2020";"29.09.2020";"16,9";"°C"
"CXX359";"448.686";"5.428.915";"6.187";"Temperatur";"Karlsruhe (CXX359)";"Rhein";"2020";"30.09.2020";"16,7";"°C"
"CXX359";"448.686";"5.428.915";"6.187";"Temperatur";"Karlsruhe (CXX359)";"Rhein";"2020";"01.10.2020";"16,5";"°C"
"CXX359";"448.686";"5.428.915";"6.187";"Temperatur";"Karlsruhe (CXX359)";"Rhein";"2020";"02.10.2020";"16";"°C"
"CXX359";"448.686";"5.428.915";"6.187";"Temperatur";"Karlsruhe (CXX359)";"Rhein";"2020";"03.10.2020";"15,8";"°C"
"CXX359";"448.686";"5.428.915";"6.187";"Temperatur";"Karlsruhe (CXX359)";"Rhein";"2020";"04.10.2020";"15,7";"°C"
"CXX359";"448.686";"5.428.915";"6.187";"Temperatur";"Karlsruhe (CXX359)";"Rhein";"2020";"05.10.2020";"15,5";"°C"
"CXX359";"448.686";"5.428.915";"6.187";"Temperatur";"Karlsruhe (CXX359)";"Rhein";"2020";"06.10.2020";"15,2";"°C"
"CXX359";"448.686";"5.428.915";"6.187";"Temperatur";"Karlsruhe (CXX359)";"Rhein";"2020";"07.10.2020";"14,8";"°C"
"CXX359";"448.686";"5.428.915";"6.187";"Temperatur";"Karlsruhe (CXX359)";"Rhein";"2020";"08.10.2020";"14,8";"°C"
"CXX359";"448.686";"5.428.915";"6.187";"Temperatur";"Karlsruhe (CXX359)";"Rhein";"2020";"09.10.2020";"15";"°C"
"CXX359";"448.686";"5.428.915";"6.187";"Temperatur";"Karlsruhe (CXX359)";"Rhein";"2020";"10.10.2020";"14,9";"°C"
"CXX359";"448.686";"5.428.915";"6.187";"Temperatur";"Karlsruhe (CXX359)";"Rhein";"2020";"11.10.2020";"14,6";"°C"
"CXX359";"448.686";"5.428.915";"6.187";"Temperatur";"Karlsruhe (CXX359)";"Rhein";"2020";"12.10.2020";"14,3";"°C"
"CXX359";"448.686";"5.428.915";"6.187";"Temperatur";"Karlsruhe (CXX359)";"Rhein";"2020";"13.10.2020";"14,2";"°C"
"CXX359";"448.686";"5.428.915";"6.187";"Temperatur";"Karlsruhe (CXX359)";"Rhein";"2020";"14.10.2020";"13,8";"°C"
"CXX359";"448.686";"5.428.915";"6.187";"Temperatur";"Karlsruhe (CXX359)";"Rhein";"2020";"15.10.2020";"13,4";"°C"
"CXX359";"448.686";"5.428.915";"6.187";"Temperatur";"Karlsruhe (CXX359)";"Rhein";"2020";"16.10.2020";"13,1";"°C"
"CXX359";"448.686";"5.428.915";"6.187";"Temperatur";"Karlsruhe (CXX359)";"Rhein";"2020";"17.10.2020";"12,9";"°C"
"CXX359";"448.686";"5.428.915";"6.187";"Temperatur";"Karlsruhe (CXX359)";"Rhein";"2020";"18.10.2020";"12,9";"°C"
"CXX359";"448.686";"5.428.915";"6.187";"Temperatur";"Karlsruhe (CXX359)";"Rhein";"2020";"19.10.2020";"13";"°C"
"CXX359";"448.686";"5.428.915";"6.187";"Temperatur";"Karlsruhe (CXX359)";"Rhein";"2020";"20.10.2020";"13";"°C"
"CXX359";"448.686";"5.428.915";"6.187";"Temperatur";"Karlsruhe (CXX359)";"Rhein";"2020";"21.10.2020";"13,2";"°C"
"CXX359";"448.686";"5.428.915";"6.187";"Temperatur";"Karlsruhe (CXX359)";"Rhein";"2020";"22.10.2020";"13,4";"°C"
"CXX359";"448.686";"5.428.915";"6.187";"Temperatur";"Karlsruhe (CXX359)";"Rhein";"2020";"23.10.2020";"13,6";"°C"
"CXX359";"448.686";"5.428.915";"6.187";"Temperatur";"Karlsruhe (CXX359)";"Rhein";"2020";"24.10.2020";"13,6";"°C"
"CXX359";"448.686";"5.428.915";"6.187";"Temperatur";"Karlsruhe (CXX359)";"Rhein";"2020";"25.10.2020";"13,5";"°C"
"CXX359";"448.686";"5.428.915";"6.187";"Temperatur";"Karlsruhe (CXX359)";"Rhein";"2020";"26.10.2020";"13,5";"°C"
"CXX359";"448.686";"5.428.915";"6.187";"Temperatur";"Karlsruhe (CXX359)";"Rhein";"2020";"27.10.2020";"13,2";"°C"
"CXX359";"448.686";"5.428.915";"6.187";"Temperatur";"Karlsruhe (CXX359)";"Rhein";"2020";"28.10.2020";"13";"°C"
"CXX359";"448.686";"5.428.915";"6.187";"Temperatur";"Karlsruhe (CXX359)";"Rhein";"2020";"29.10.2020";"12,7";"°C"
"CXX359";"448.686";"5.428.915";"6.187";"Temperatur";"Karlsruhe (CXX359)";"Rhein";"2020";"30.10.2020";"12,6";"°C"
"CXX359";"448.686";"5.428.915";"6.187";"Temperatur";"Karlsruhe (CXX359)";"Rhein";"2020";"31.10.2020";"12,6";"°C"
"CXX359";"448.686";"5.428.915";"6.187";"Temperatur";"Karlsruhe (CXX359)";"Rhein";"2020";"01.11.2020";"12,8";"°C"
"CXX359";"448.686";"5.428.915";"6.187";"Temperatur";"Karlsruhe (CXX359)";"Rhein";"2020";"02.11.2020";"13,1";"°C"
"CXX359";"448.686";"5.428.915";"6.187";"Temperatur";"Karlsruhe (CXX359)";"Rhein";"2020";"03.11.2020";"13,1";"°C"
"CXX359";"448.686";"5.428.915";"6.187";"Temperatur";"Karlsruhe (CXX359)";"Rhein";"2020";"04.11.2020";"12,7";"°C"
"CXX359";"448.686";"5.428.915";"6.187";"Temperatur";"Karlsruhe (CXX359)";"Rhein";"2020";"05.11.2020";"12,2";"°C"
"CXX359";"448.686";"5.428.915";"6.187";"Temperatur";"Karlsruhe (CXX359)";"Rhein";"2020";"06.11.2020";"11,8";"°C"
"CXX359";"448.686";"5.428.915";"6.187";"Temperatur";"Karlsruhe (CXX359)";"Rhein";"2020";"07.11.2020";"11,7";"°C"
"CXX359";"448.686";"5.428.915";"6.187";"Temperatur";"Karlsruhe (CXX359)";"Rhein";"2020";"08.11.2020";"11,6";"°C"
"CXX359";"448.686";"5.428.915";"6.187";"Temperatur";"Karlsruhe (CXX359)";"Rhein";"2020";"09.11.2020";"11,6";"°C"
"CXX359";"448.686";"5.428.915";"6.187";"Temperatur";"Karlsruhe (CXX359)";"Rhein";"2020";"10.11.2020";"11,5";"°C"
"CXX359";"448.686";"5.428.915";"6.187";"Temperatur";"Karlsruhe (CXX359)";"Rhein";"2020";"11.11.2020";"11,5";"°C"
"CXX359";"448.686";"5.428.915";"6.187";"Temperatur";"Karlsruhe (CXX359)";"Rhein";"2020";"12.11.2020";"11,6";"°C"
"CXX359";"448.686";"5.428.915";"6.187";"Temperatur";"Karlsruhe (CXX359)";"Rhein";"2020";"13.11.2020";"11,6";"°C"
"CXX359";"448.686";"5.428.915";"6.187";"Temperatur";"Karlsruhe (CXX359)";"Rhein";"2020";"14.11.2020";"11,7";"°C"
"CXX359";"448.686";"5.428.915";"6.187";"Temperatur";"Karlsruhe (CXX359)";"Rhein";"2020";"15.11.2020";"11,7";"°C"
"CXX359";"448.686";"5.428.915";"6.187";"Temperatur";"Karlsruhe (CXX359)";"Rhein";"2020";"16.11.2020";"11,7";"°C"
"CXX359";"448.686";"5.428.915";"6.187";"Temperatur";"Karlsruhe (CXX359)";"Rhein";"2020";"17.11.2020";"11,7";"°C"
"CXX359";"448.686";"5.428.915";"6.187";"Temperatur";"Karlsruhe (CXX359)";"Rhein";"2020";"18.11.2020";"11,5";"°C"
"CXX359";"448.686";"5.428.915";"6.187";"Temperatur";"Karlsruhe (CXX359)";"Rhein";"2020";"19.11.2020";"11,2";"°C"
"CXX359";"448.686";"5.428.915";"6.187";"Temperatur";"Karlsruhe (CXX359)";"Rhein";"2020";"20.11.2020";"11";"°C"
"CXX359";"448.686";"5.428.915";"6.187";"Temperatur";"Karlsruhe (CXX359)";"Rhein";"2020";"21.11.2020";"10,5";"°C"
"CXX359";"448.686";"5.428.915";"6.187";"Temperatur";"Karlsruhe (CXX359)";"Rhein";"2020";"22.11.2020";"10,1";"°C"
"CXX359";"448.686";"5.428.915";"6.187";"Temperatur";"Karlsruhe (CXX359)";"Rhein";"2020";"23.11.2020";"10";"°C"
"CXX359";"448.686";"5.428.915";"6.187";"Temperatur";"Karlsruhe (CXX359)";"Rhein";"2020";"24.11.2020";"9,8";"°C"
"CXX359";"448.686";"5.428.915";"6.187";"Temperatur";"Karlsruhe (CXX359)";"Rhein";"2020";"25.11.2020";"9,6";"°C"
"CXX359";"448.686";"5.428.915";"6.187";"Temperatur";"Karlsruhe (CXX359)";"Rhein";"2020";"26.11.2020";"9,2";"°C"
"CXX359";"448.686";"5.428.915";"6.187";"Temperatur";"Karlsruhe (CXX359)";"Rhein";"2020";"27.11.2020";"8,9";"°C"
"CXX359";"448.686";"5.428.915";"6.187";"Temperatur";"Karlsruhe (CXX359)";"Rhein";"2020";"28.11.2020";"8,5";"°C"
"CXX359";"448.686";"5.428.915";"6.187";"Temperatur";"Karlsruhe (CXX359)";"Rhein";"2020";"29.11.2020";"8,1";"°C"
"CXX359";"448.686";"5.428.915";"6.187";"Temperatur";"Karlsruhe (CXX359)";"Rhein";"2020";"30.11.2020";"7,7";"°C"
"CXX359";"448.686";"5.428.915";"6.187";"Temperatur";"Karlsruhe (CXX359)";"Rhein";"2020";"01.12.2020";"7,5";"°C"
"CXX359";"448.686";"5.428.915";"6.187";"Temperatur";"Karlsruhe (CXX359)";"Rhein";"2020";"02.12.2020";"7,5";"°C"
"CXX359";"448.686";"5.428.915";"6.187";"Temperatur";"Karlsruhe (CXX359)";"Rhein";"2020";"03.12.2020";"7,4";"°C"
"CXX359";"448.686";"5.428.915";"6.187";"Temperatur";"Karlsruhe (CXX359)";"Rhein";"2020";"04.12.2020";"7,5";"°C"
"CXX359";"448.686";"5.428.915";"6.187";"Temperatur";"Karlsruhe (CXX359)";"Rhein";"2020";"05.12.2020";"7,5";"°C"
"CXX359";"448.686";"5.428.915";"6.187";"Temperatur";"Karlsruhe (CXX359)";"Rhein";"2020";"06.12.2020";"7,5";"°C"
"CXX359";"448.686";"5.428.915";"6.187";"Temperatur";"Karlsruhe (CXX359)";"Rhein";"2020";"07.12.2020";"7,6";"°C"
"CXX359";"448.686";"5.428.915";"6.187";"Temperatur";"Karlsruhe (CXX359)";"Rhein";"2020";"08.12.2020";"7,4";"°C"
"CXX359";"448.686";"5.428.915";"6.187";"Temperatur";"Karlsruhe (CXX359)";"Rhein";"2020";"09.12.2020";"7,4";"°C"
"CXX359";"448.686";"5.428.915";"6.187";"Temperatur";"Karlsruhe (CXX359)";"Rhein";"2020";"10.12.2020";"7,3";"°C"
"CXX359";"448.686";"5.428.915";"6.187";"Temperatur";"Karlsruhe (CXX359)";"Rhein";"2020";"11.12.2020";"7,2";"°C"
"CXX359";"448.686";"5.428.915";"6.187";"Temperatur";"Karlsruhe (CXX359)";"Rhein";"2020";"12.12.2020";"7,3";"°C"
"CXX359";"448.686";"5.428.915";"6.187";"Temperatur";"Karlsruhe (CXX359)";"Rhein";"2020";"13.12.2020";"7,4";"°C"
"CXX359";"448.686";"5.428.915";"6.187";"Temperatur";"Karlsruhe (CXX359)";"Rhein";"2020";"14.12.2020";"7,3";"°C"
"CXX359";"448.686";"5.428.915";"6.187";"Temperatur";"Karlsruhe (CXX359)";"Rhein";"2020";"15.12.2020";"7,3";"°C"
"CXX359";"448.686";"5.428.915";"6.187";"Temperatur";"Karlsruhe (CXX359)";"Rhein";"2020";"16.12.2020";"7,4";"°C"
"CXX359";"448.686";"5.428.915";"6.187";"Temperatur";"Karlsruhe (CXX359)";"Rhein";"2020";"17.12.2020";"7,4";"°C"
"CXX359";"448.686";"5.428.915";"6.187";"Temperatur";"Karlsruhe (CXX359)";"Rhein";"2020";"18.12.2020";"7,3";"°C"
"CXX359";"448.686";"5.428.915";"6.187";"Temperatur";"Karlsruhe (CXX359)";"Rhein";"2020";"19.12.2020";"7,3";"°C"
"CXX359";"448.686";"5.428.915";"6.187";"Temperatur";"Karlsruhe (CXX359)";"Rhein";"2020";"20.12.2020";"7,5";"°C"
"CXX359";"448.686";"5.428.915";"6.187";"Temperatur";"Karlsruhe (CXX359)";"Rhein";"2020";"21.12.2020";"7,7";"°C"
"CXX359";"448.686";"5.428.915";"6.187";"Temperatur";"Karlsruhe (CXX359)";"Rhein";"2020";"22.12.2020";"8,1";"°C"
"CXX359";"448.686";"5.428.915";"6.187";"Temperatur";"Karlsruhe (CXX359)";"Rhein";"2020";"23.12.2020";"8,4";"°C"
"CXX359";"448.686";"5.428.915";"6.187";"Temperatur";"Karlsruhe (CXX359)";"Rhein";"2020";"24.12.2020";"8,4";"°C"
"CXX359";"448.686";"5.428.915";"6.187";"Temperatur";"Karlsruhe (CXX359)";"Rhein";"2020";"25.12.2020";"8";"°C"
"CXX359";"448.686";"5.428.915";"6.187";"Temperatur";"Karlsruhe (CXX359)";"Rhein";"2020";"26.12.2020";"7,7";"°C"
"CXX359";"448.686";"5.428.915";"6.187";"Temperatur";"Karlsruhe (CXX359)";"Rhein";"2020";"27.12.2020";"7,2";"°C"
"CXX359";"448.686";"5.428.915";"6.187";"Temperatur";"Karlsruhe (CXX359)";"Rhein";"2020";"28.12.2020";"6,9";"°C"
"CXX359";"448.686";"5.428.915";"6.187";"Temperatur";"Karlsruhe (CXX359)";"Rhein";"2020";"29.12.2020";"6,5";"°C"
"CXX359";"448.686";"5.428.915";"6.187";"Temperatur";"Karlsruhe (CXX359)";"Rhein";"2020";"30.12.2020";"6,4";"°C"
"CXX359";"448.686";"5.428.915";"6.187";"Temperatur";"Karlsruhe (CXX359)";"Rhein";"2020";"31.12.2020";"6,1";"°C"
"CXX359";"448.686";"5.428.915";"6.187";"Temperatur";"Karlsruhe (CXX359)";"Rhein";"2021";"01.01.2021";"6,1";"°C"
"CXX359";"448.686";"5.428.915";"6.187";"Temperatur";"Karlsruhe (CXX359)";"Rhein";"2021";"02.01.2021";"6";"°C"
"CXX359";"448.686";"5.428.915";"6.187";"Temperatur";"Karlsruhe (CXX359)";"Rhein";"2021";"03.01.2021";"5,9";"°C"
"CXX359";"448.686";"5.428.915";"6.187";"Temperatur";"Karlsruhe (CXX359)";"Rhein";"2021";"04.01.2021";"5,9";"°C"
"CXX359";"448.686";"5.428.915";"6.187";"Temperatur";"Karlsruhe (CXX359)";"Rhein";"2021";"05.01.2021";"5,8";"°C"
"CXX359";"448.686";"5.428.915";"6.187";"Temperatur";"Karlsruhe (CXX359)";"Rhein";"2021";"06.01.2021";"5,8";"°C"
"CXX359";"448.686";"5.428.915";"6.187";"Temperatur";"Karlsruhe (CXX359)";"Rhein";"2021";"07.01.2021";"5,8";"°C"
"CXX359";"448.686";"5.428.915";"6.187";"Temperatur";"Karlsruhe (CXX359)";"Rhein";"2021";"08.01.2021";"5,7";"°C"
"CXX359";"448.686";"5.428.915";"6.187";"Temperatur";"Karlsruhe (CXX359)";"Rhein";"2021";"09.01.2021";"5,7";"°C"
"CXX359";"448.686";"5.428.915";"6.187";"Temperatur";"Karlsruhe (CXX359)";"Rhein";"2021";"10.01.2021";"5,4";"°C"
"CXX359";"448.686";"5.428.915";"6.187";"Temperatur";"Karlsruhe (CXX359)";"Rhein";"2021";"11.01.2021";"4,9";"°C"
"CXX359";"448.686";"5.428.915";"6.187";"Temperatur";"Karlsruhe (CXX359)";"Rhein";"2021";"12.01.2021";"4,5";"°C"
"CXX359";"448.686";"5.428.915";"6.187";"Temperatur";"Karlsruhe (CXX359)";"Rhein";"2021";"13.01.2021";"4,5";"°C"
"CXX359";"448.686";"5.428.915";"6.187";"Temperatur";"Karlsruhe (CXX359)";"Rhein";"2021";"14.01.2021";"4,7";"°C"
"CXX359";"448.686";"5.428.915";"6.187";"Temperatur";"Karlsruhe (CXX359)";"Rhein";"2021";"15.01.2021";"4,5";"°C"
"CXX359";"448.686";"5.428.915";"6.187";"Temperatur";"Karlsruhe (CXX359)";"Rhein";"2021";"16.01.2021";"4,4";"°C"
"CXX359";"448.686";"5.428.915";"6.187";"Temperatur";"Karlsruhe (CXX359)";"Rhein";"2021";"17.01.2021";"4,2";"°C"
"CXX359";"448.686";"5.428.915";"6.187";"Temperatur";"Karlsruhe (CXX359)";"Rhein";"2021";"18.01.2021";"4,3";"°C"
"CXX359";"448.686";"5.428.915";"6.187";"Temperatur";"Karlsruhe (CXX359)";"Rhein";"2021";"19.01.2021";"4,3";"°C"
"CXX359";"448.686";"5.428.915";"6.187";"Temperatur";"Karlsruhe (CXX359)";"Rhein";"2021";"20.01.2021";"4,3";"°C"
"CXX359";"448.686";"5.428.915";"6.187";"Temperatur";"Karlsruhe (CXX359)";"Rhein";"2021";"21.01.2021";"4,7";"°C"
"CXX359";"448.686";"5.428.915";"6.187";"Temperatur";"Karlsruhe (CXX359)";"Rhein";"2021";"22.01.2021";"5,4";"°C"
"CXX359";"448.686";"5.428.915";"6.187";"Temperatur";"Karlsruhe (CXX359)";"Rhein";"2021";"23.01.2021";"5,7";"°C"
"CXX359";"448.686";"5.428.915";"6.187";"Temperatur";"Karlsruhe (CXX359)";"Rhein";"2021";"24.01.2021";"5,6";"°C"
"CXX359";"448.686";"5.428.915";"6.187";"Temperatur";"Karlsruhe (CXX359)";"Rhein";"2021";"25.01.2021";"5,5";"°C"
"CXX359";"448.686";"5.428.915";"6.187";"Temperatur";"Karlsruhe (CXX359)";"Rhein";"2021";"26.01.2021";"5,4";"°C"
"CXX359";"448.686";"5.428.915";"6.187";"Temperatur";"Karlsruhe (CXX359)";"Rhein";"2021";"27.01.2021";"5,2";"°C"
"CXX359";"448.686";"5.428.915";"6.187";"Temperatur";"Karlsruhe (CXX359)";"Rhein";"2021";"28.01.2021";"5,3";"°C"
"CXX359";"448.686";"5.428.915";"6.187";"Temperatur";"Karlsruhe (CXX359)";"Rhein";"2021";"29.01.2021";"5,6";"°C"
"CXX359";"448.686";"5.428.915";"6.187";"Temperatur";"Karlsruhe (CXX359)";"Rhein";"2021";"30.01.2021";"5,8";"°C"
"CXX359";"448.686";"5.428.915";"6.187";"Temperatur";"Karlsruhe (CXX359)";"Rhein";"2021";"31.01.2021";"5,7";"°C"
"CXX359";"448.686";"5.428.915";"6.187";"Temperatur";"Karlsruhe (CXX359)";"Rhein";"2021";"01.02.2021";"5,9";"°C"
"CXX359";"448.686";"5.428.915";"6.187";"Temperatur";"Karlsruhe (CXX359)";"Rhein";"2021";"02.02.2021";"6,4";"°C"
"CXX359";"448.686";"5.428.915";"6.187";"Temperatur";"Karlsruhe (CXX359)";"Rhein";"2021";"03.02.2021";"6,8";"°C"
"CXX359";"448.686";"5.428.915";"6.187";"Temperatur";"Karlsruhe (CXX359)";"Rhein";"2021";"04.02.2021";"7";"°C"
"CXX359";"448.686";"5.428.915";"6.187";"Temperatur";"Karlsruhe (CXX359)";"Rhein";"2021";"05.02.2021";"7";"°C"
"CXX359";"448.686";"5.428.915";"6.187";"Temperatur";"Karlsruhe (CXX359)";"Rhein";"2021";"06.02.2021";"7,2";"°C"
"CXX359";"448.686";"5.428.915";"6.187";"Temperatur";"Karlsruhe (CXX359)";"Rhein";"2021";"07.02.2021";"7,2";"°C"
"CXX359";"448.686";"5.428.915";"6.187";"Temperatur";"Karlsruhe (CXX359)";"Rhein";"2021";"08.02.2021";"6,8";"°C"
"CXX359";"448.686";"5.428.915";"6.187";"Temperatur";"Karlsruhe (CXX359)";"Rhein";"2021";"09.02.2021";"6,1";"°C"
"CXX359";"448.686";"5.428.915";"6.187";"Temperatur";"Karlsruhe (CXX359)";"Rhein";"2021";"10.02.2021";"5,1";"°C"
"CXX359";"448.686";"5.428.915";"6.187";"Temperatur";"Karlsruhe (CXX359)";"Rhein";"2021";"11.02.2021";"4,5";"°C"
"CXX359";"448.686";"5.428.915";"6.187";"Temperatur";"Karlsruhe (CXX359)";"Rhein";"2021";"12.02.2021";"4,1";"°C"
"CXX359";"448.686";"5.428.915";"6.187";"Temperatur";"Karlsruhe (CXX359)";"Rhein";"2021";"13.02.2021";"3,6";"°C"
"CXX359";"448.686";"5.428.915";"6.187";"Temperatur";"Karlsruhe (CXX359)";"Rhein";"2021";"14.02.2021";"3,3";"°C"
"CXX359";"448.686";"5.428.915";"6.187";"Temperatur";"Karlsruhe (CXX359)";"Rhein";"2021";"15.02.2021";"3,5";"°C"
"CXX359";"448.686";"5.428.915";"6.187";"Temperatur";"Karlsruhe (CXX359)";"Rhein";"2021";"16.02.2021";"3,9";"°C"
"CXX359";"448.686";"5.428.915";"6.187";"Temperatur";"Karlsruhe (CXX359)";"Rhein";"2021";"17.02.2021";"4,5";"°C"
"CXX359";"448.686";"5.428.915";"6.187";"Temperatur";"Karlsruhe (CXX359)";"Rhein";"2021";"18.02.2021";"5,1";"°C"
"CXX359";"448.686";"5.428.915";"6.187";"Temperatur";"Karlsruhe (CXX359)";"Rhein";"2021";"19.02.2021";"5,8";"°C"
"CXX359";"448.686";"5.428.915";"6.187";"Temperatur";"Karlsruhe (CXX359)";"Rhein";"2021";"20.02.2021";"6,4";"°C"
"CXX359";"448.686";"5.428.915";"6.187";"Temperatur";"Karlsruhe (CXX359)";"Rhein";"2021";"21.02.2021";"6,6";"°C"
"CXX359";"448.686";"5.428.915";"6.187";"Temperatur";"Karlsruhe (CXX359)";"Rhein";"2021";"22.02.2021";"6,7";"°C"
"CXX359";"448.686";"5.428.915";"6.187";"Temperatur";"Karlsruhe (CXX359)";"Rhein";"2021";"23.02.2021";"7";"°C"
"CXX359";"448.686";"5.428.915";"6.187";"Temperatur";"Karlsruhe (CXX359)";"Rhein";"2021";"24.02.2021";"7,3";"°C"
"CXX359";"448.686";"5.428.915";"6.187";"Temperatur";"Karlsruhe (CXX359)";"Rhein";"2021";"25.02.2021";"7,5";"°C"
"CXX359";"448.686";"5.428.915";"6.187";"Temperatur";"Karlsruhe (CXX359)";"Rhein";"2021";"26.02.2021";"7,5";"°C"
"CXX359";"448.686";"5.428.915";"6.187";"Temperatur";"Karlsruhe (CXX359)";"Rhein";"2021";"27.02.2021";"7,5";"°C"
"CXX359";"448.686";"5.428.915";"6.187";"Temperatur";"Karlsruhe (CXX359)";"Rhein";"2021";"28.02.2021";"7,2";"°C"
"CXX359";"448.686";"5.428.915";"6.187";"Temperatur";"Karlsruhe (CXX359)";"Rhein";"2021";"01.03.2021";"7,2";"°C"
"CXX359";"448.686";"5.428.915";"6.187";"Temperatur";"Karlsruhe (CXX359)";"Rhein";"2021";"02.03.2021";"7,4";"°C"
"CXX359";"448.686";"5.428.915";"6.187";"Temperatur";"Karlsruhe (CXX359)";"Rhein";"2021";"03.03.2021";"7,6";"°C"
"CXX359";"448.686";"5.428.915";"6.187";"Temperatur";"Karlsruhe (CXX359)";"Rhein";"2021";"04.03.2021";"7,7";"°C"
"CXX359";"448.686";"5.428.915";"6.187";"Temperatur";"Karlsruhe (CXX359)";"Rhein";"2021";"05.03.2021";"7,6";"°C"
"CXX359";"448.686";"5.428.915";"6.187";"Temperatur";"Karlsruhe (CXX359)";"Rhein";"2021";"06.03.2021";"7,1";"°C"
"CXX359";"448.686";"5.428.915";"6.187";"Temperatur";"Karlsruhe (CXX359)";"Rhein";"2021";"07.03.2021";"7";"°C"
"CXX359";"448.686";"5.428.915";"6.187";"Temperatur";"Karlsruhe (CXX359)";"Rhein";"2021";"08.03.2021";"7";"°C"
"CXX359";"448.686";"5.428.915";"6.187";"Temperatur";"Karlsruhe (CXX359)";"Rhein";"2021";"09.03.2021";"7";"°C"
"CXX359";"448.686";"5.428.915";"6.187";"Temperatur";"Karlsruhe (CXX359)";"Rhein";"2021";"10.03.2021";"7,3";"°C"
"CXX359";"448.686";"5.428.915";"6.187";"Temperatur";"Karlsruhe (CXX359)";"Rhein";"2021";"11.03.2021";"7,4";"°C"
"CXX359";"448.686";"5.428.915";"6.187";"Temperatur";"Karlsruhe (CXX359)";"Rhein";"2021";"12.03.2021";"7,5";"°C"
"CXX359";"448.686";"5.428.915";"6.187";"Temperatur";"Karlsruhe (CXX359)";"Rhein";"2021";"13.03.2021";"7,5";"°C"
"CXX359";"448.686";"5.428.915";"6.187";"Temperatur";"Karlsruhe (CXX359)";"Rhein";"2021";"14.03.2021";"7,4";"°C"
"CXX359";"448.686";"5.428.915";"6.187";"Temperatur";"Karlsruhe (CXX359)";"Rhein";"2021";"15.03.2021";"7,5";"°C"
"CXX359";"448.686";"5.428.915";"6.187";"Temperatur";"Karlsruhe (CXX359)";"Rhein";"2021";"16.03.2021";"7,6";"°C"
"CXX359";"448.686";"5.428.915";"6.187";"Temperatur";"Karlsruhe (CXX359)";"Rhein";"2021";"17.03.2021";"7,5";"°C"
"CXX359";"448.686";"5.428.915";"6.187";"Temperatur";"Karlsruhe (CXX359)";"Rhein";"2021";"18.03.2021";"7,4";"°C"
"CXX359";"448.686";"5.428.915";"6.187";"Temperatur";"Karlsruhe (CXX359)";"Rhein";"2021";"19.03.2021";"7,1";"°C"
"CXX359";"448.686";"5.428.915";"6.187";"Temperatur";"Karlsruhe (CXX359)";"Rhein";"2021";"20.03.2021";"6,9";"°C"
"CXX359";"448.686";"5.428.915";"6.187";"Temperatur";"Karlsruhe (CXX359)";"Rhein";"2021";"21.03.2021";"6,9";"°C"
"CXX359";"448.686";"5.428.915";"6.187";"Temperatur";"Karlsruhe (CXX359)";"Rhein";"2021";"22.03.2021";"6,8";"°C"
"CXX359";"448.686";"5.428.915";"6.187";"Temperatur";"Karlsruhe (CXX359)";"Rhein";"2021";"23.03.2021";"6,9";"°C"
"CXX359";"448.686";"5.428.915";"6.187";"Temperatur";"Karlsruhe (CXX359)";"Rhein";"2021";"24.03.2021";"7,2";"°C"
"CXX359";"448.686";"5.428.915";"6.187";"Temperatur";"Karlsruhe (CXX359)";"Rhein";"2021";"25.03.2021";"7,7";"°C"
"CXX359";"448.686";"5.428.915";"6.187";"Temperatur";"Karlsruhe (CXX359)";"Rhein";"2021";"26.03.2021";"8,3";"°C"
"CXX359";"448.686";"5.428.915";"6.187";"Temperatur";"Karlsruhe (CXX359)";"Rhein";"2021";"27.03.2021";"8,7";"°C"
"CXX359";"448.686";"5.428.915";"6.187";"Temperatur";"Karlsruhe (CXX359)";"Rhein";"2021";"28.03.2021";"9,1";"°C"
"CXX359";"448.686";"5.428.915";"6.187";"Temperatur";"Karlsruhe (CXX359)";"Rhein";"2021";"29.03.2021";"9,6";"°C"
"CXX359";"448.686";"5.428.915";"6.187";"Temperatur";"Karlsruhe (CXX359)";"Rhein";"2021";"30.03.2021";"10,1";"°C"
"CXX359";"448.686";"5.428.915";"6.187";"Temperatur";"Karlsruhe (CXX359)";"Rhein";"2021";"31.03.2021";"10,7";"°C"
"CXX359";"448.686";"5.428.915";"6.187";"Temperatur";"Karlsruhe (CXX359)";"Rhein";"2021";"01.04.2021";"11,2";"°C"
"CXX359";"448.686";"5.428.915";"6.187";"Temperatur";"Karlsruhe (CXX359)";"Rhein";"2021";"02.04.2021";"11,3";"°C"
"CXX359";"448.686";"5.428.915";"6.187";"Temperatur";"Karlsruhe (CXX359)";"Rhein";"2021";"03.04.2021";"11,1";"°C"
"CXX359";"448.686";"5.428.915";"6.187";"Temperatur";"Karlsruhe (CXX359)";"Rhein";"2021";"04.04.2021";"11,1";"°C"
"CXX359";"448.686";"5.428.915";"6.187";"Temperatur";"Karlsruhe (CXX359)";"Rhein";"2021";"05.04.2021";"10,8";"°C"
"CXX359";"448.686";"5.428.915";"6.187";"Temperatur";"Karlsruhe (CXX359)";"Rhein";"2021";"06.04.2021";"10,2";"°C"
"CXX359";"448.686";"5.428.915";"6.187";"Temperatur";"Karlsruhe (CXX359)";"Rhein";"2021";"07.04.2021";"9,7";"°C"
"CXX359";"448.686";"5.428.915";"6.187";"Temperatur";"Karlsruhe (CXX359)";"Rhein";"2021";"08.04.2021";"9,5";"°C"
"CXX359";"448.686";"5.428.915";"6.187";"Temperatur";"Karlsruhe (CXX359)";"Rhein";"2021";"09.04.2021";"9,6";"°C"
"CXX359";"448.686";"5.428.915";"6.187";"Temperatur";"Karlsruhe (CXX359)";"Rhein";"2021";"10.04.2021";"9,8";"°C"
"CXX359";"448.686";"5.428.915";"6.187";"Temperatur";"Karlsruhe (CXX359)";"Rhein";"2021";"11.04.2021";"10";"°C"
"CXX359";"448.686";"5.428.915";"6.187";"Temperatur";"Karlsruhe (CXX359)";"Rhein";"2021";"12.04.2021";"9,8";"°C"
"CXX359";"448.686";"5.428.915";"6.187";"Temperatur";"Karlsruhe (CXX359)";"Rhein";"2021";"13.04.2021";"9,8";"°C"
"CXX359";"448.686";"5.428.915";"6.187";"Temperatur";"Karlsruhe (CXX359)";"Rhein";"2021";"14.04.2021";"9,8";"°C"
"CXX359";"448.686";"5.428.915";"6.187";"Temperatur";"Karlsruhe (CXX359)";"Rhein";"2021";"15.04.2021";"9,9";"°C"
"CXX359";"448.686";"5.428.915";"6.187";"Temperatur";"Karlsruhe (CXX359)";"Rhein";"2021";"16.04.2021";"9,7";"°C"
"CXX359";"448.686";"5.428.915";"6.187";"Temperatur";"Karlsruhe (CXX359)";"Rhein";"2021";"17.04.2021";"9,8";"°C"
"CXX359";"448.686";"5.428.915";"6.187";"Temperatur";"Karlsruhe (CXX359)";"Rhein";"2021";"18.04.2021";"9,8";"°C"
"CXX359";"448.686";"5.428.915";"6.187";"Temperatur";"Karlsruhe (CXX359)";"Rhein";"2021";"19.04.2021";"9,7";"°C"
"CXX359";"448.686";"5.428.915";"6.187";"Temperatur";"Karlsruhe (CXX359)";"Rhein";"2021";"20.04.2021";"9,9";"°C"
"CXX359";"448.686";"5.428.915";"6.187";"Temperatur";"Karlsruhe (CXX359)";"Rhein";"2021";"21.04.2021";"10,6";"°C"
"CXX359";"448.686";"5.428.915";"6.187";"Temperatur";"Karlsruhe (CXX359)";"Rhein";"2021";"22.04.2021";"11,1";"°C"
"CXX359";"448.686";"5.428.915";"6.187";"Temperatur";"Karlsruhe (CXX359)";"Rhein";"2021";"23.04.2021";"11,3";"°C"
"CXX359";"448.686";"5.428.915";"6.187";"Temperatur";"Karlsruhe (CXX359)";"Rhein";"2021";"24.04.2021";"11,7";"°C"
"CXX359";"448.686";"5.428.915";"6.187";"Temperatur";"Karlsruhe (CXX359)";"Rhein";"2021";"25.04.2021";"12,1";"°C"
"CXX359";"448.686";"5.428.915";"6.187";"Temperatur";"Karlsruhe (CXX359)";"Rhein";"2021";"26.04.2021";"12,2";"°C"
"CXX359";"448.686";"5.428.915";"6.187";"Temperatur";"Karlsruhe (CXX359)";"Rhein";"2021";"27.04.2021";"12,4";"°C"
"CXX359";"448.686";"5.428.915";"6.187";"Temperatur";"Karlsruhe (CXX359)";"Rhein";"2021";"28.04.2021";"13";"°C"
"CXX359";"448.686";"5.428.915";"6.187";"Temperatur";"Karlsruhe (CXX359)";"Rhein";"2021";"29.04.2021";"13,4";"°C"
"CXX359";"448.686";"5.428.915";"6.187";"Temperatur";"Karlsruhe (CXX359)";"Rhein";"2021";"30.04.2021";"13,2";"°C"
"CXX359";"448.686";"5.428.915";"6.187";"Temperatur";"Karlsruhe (CXX359)";"Rhein";"2021";"01.05.2021";"13,1";"°C"
"CXX359";"448.686";"5.428.915";"6.187";"Temperatur";"Karlsruhe (CXX359)";"Rhein";"2021";"02.05.2021";"13,2";"°C"
"CXX359";"448.686";"5.428.915";"6.187";"Temperatur";"Karlsruhe (CXX359)";"Rhein";"2021";"03.05.2021";"13,2";"°C"
"CXX359";"448.686";"5.428.915";"6.187";"Temperatur";"Karlsruhe (CXX359)";"Rhein";"2021";"04.05.2021";"12,6";"°C"
"CXX359";"448.686";"5.428.915";"6.187";"Temperatur";"Karlsruhe (CXX359)";"Rhein";"2021";"05.05.2021";"12,2";"°C"
"CXX359";"448.686";"5.428.915";"6.187";"Temperatur";"Karlsruhe (CXX359)";"Rhein";"2021";"06.05.2021";"11,8";"°C"
"CXX359";"448.686";"5.428.915";"6.187";"Temperatur";"Karlsruhe (CXX359)";"Rhein";"2021";"07.05.2021";"11,8";"°C"
"CXX359";"448.686";"5.428.915";"6.187";"Temperatur";"Karlsruhe (CXX359)";"Rhein";"2021";"08.05.2021";"12,1";"°C"
"CXX359";"448.686";"5.428.915";"6.187";"Temperatur";"Karlsruhe (CXX359)";"Rhein";"2021";"09.05.2021";"12,5";"°C"
"CXX359";"448.686";"5.428.915";"6.187";"Temperatur";"Karlsruhe (CXX359)";"Rhein";"2021";"10.05.2021";"12,6";"°C"
"CXX359";"448.686";"5.428.915";"6.187";"Temperatur";"Karlsruhe (CXX359)";"Rhein";"2021";"11.05.2021";"12,5";"°C"
"CXX359";"448.686";"5.428.915";"6.187";"Temperatur";"Karlsruhe (CXX359)";"Rhein";"2021";"12.05.2021";"12,7";"°C"
"CXX359";"448.686";"5.428.915";"6.187";"Temperatur";"Karlsruhe (CXX359)";"Rhein";"2021";"13.05.2021";"13,3";"°C"
"CXX359";"448.686";"5.428.915";"6.187";"Temperatur";"Karlsruhe (CXX359)";"Rhein";"2021";"14.05.2021";"13,3";"°C"
"CXX359";"448.686";"5.428.915";"6.187";"Temperatur";"Karlsruhe (CXX359)";"Rhein";"2021";"15.05.2021";"13";"°C"
"CXX359";"448.686";"5.428.915";"6.187";"Temperatur";"Karlsruhe (CXX359)";"Rhein";"2021";"16.05.2021";"12,8";"°C"
"CXX359";"448.686";"5.428.915";"6.187";"Temperatur";"Karlsruhe (CXX359)";"Rhein";"2021";"17.05.2021";"12,7";"°C"
"CXX359";"448.686";"5.428.915";"6.187";"Temperatur";"Karlsruhe (CXX359)";"Rhein";"2021";"18.05.2021";"12,8";"°C"
"CXX359";"448.686";"5.428.915";"6.187";"Temperatur";"Karlsruhe (CXX359)";"Rhein";"2021";"19.05.2021";"12,8";"°C"
"CXX359";"448.686";"5.428.915";"6.187";"Temperatur";"Karlsruhe (CXX359)";"Rhein";"2021";"20.05.2021";"12,7";"°C"
"CXX359";"448.686";"5.428.915";"6.187";"Temperatur";"Karlsruhe (CXX359)";"Rhein";"2021";"21.05.2021";"12,6";"°C"
"CXX359";"448.686";"5.428.915";"6.187";"Temperatur";"Karlsruhe (CXX359)";"Rhein";"2021";"22.05.2021";"12,4";"°C"
"CXX359";"448.686";"5.428.915";"6.187";"Temperatur";"Karlsruhe (CXX359)";"Rhein";"2021";"23.05.2021";"12,6";"°C"
"CXX359";"448.686";"5.428.915";"6.187";"Temperatur";"Karlsruhe (CXX359)";"Rhein";"2021";"24.05.2021";"13";"°C"
"CXX359";"448.686";"5.428.915";"6.187";"Temperatur";"Karlsruhe (CXX359)";"Rhein";"2021";"25.05.2021";"13";"°C"
"CXX359";"448.686";"5.428.915";"6.187";"Temperatur";"Karlsruhe (CXX359)";"Rhein";"2021";"26.05.2021";"12,8";"°C"
"CXX359";"448.686";"5.428.915";"6.187";"Temperatur";"Karlsruhe (CXX359)";"Rhein";"2021";"27.05.2021";"12,7";"°C"
"CXX359";"448.686";"5.428.915";"6.187";"Temperatur";"Karlsruhe (CXX359)";"Rhein";"2021";"28.05.2021";"13,2";"°C"
"CXX359";"448.686";"5.428.915";"6.187";"Temperatur";"Karlsruhe (CXX359)";"Rhein";"2021";"29.05.2021";"13,9";"°C"
"CXX359";"448.686";"5.428.915";"6.187";"Temperatur";"Karlsruhe (CXX359)";"Rhein";"2021";"30.05.2021";"14,4";"°C"
"CXX359";"448.686";"5.428.915";"6.187";"Temperatur";"Karlsruhe (CXX359)";"Rhein";"2021";"31.05.2021";"14,9";"°C"
"CXX359";"448.686";"5.428.915";"6.187";"Temperatur";"Karlsruhe (CXX359)";"Rhein";"2021";"01.06.2021";"15,6";"°C"
"CXX359";"448.686";"5.428.915";"6.187";"Temperatur";"Karlsruhe (CXX359)";"Rhein";"2021";"02.06.2021";"16,4";"°C"
"CXX359";"448.686";"5.428.915";"6.187";"Temperatur";"Karlsruhe (CXX359)";"Rhein";"2021";"03.06.2021";"17,2";"°C"
"CXX359";"448.686";"5.428.915";"6.187";"Temperatur";"Karlsruhe (CXX359)";"Rhein";"2021";"04.06.2021";"17,7";"°C"
"CXX359";"448.686";"5.428.915";"6.187";"Temperatur";"Karlsruhe (CXX359)";"Rhein";"2021";"05.06.2021";"17,8";"°C"
"CXX359";"448.686";"5.428.915";"6.187";"Temperatur";"Karlsruhe (CXX359)";"Rhein";"2021";"06.06.2021";"17,7";"°C"
"CXX359";"448.686";"5.428.915";"6.187";"Temperatur";"Karlsruhe (CXX359)";"Rhein";"2021";"07.06.2021";"17,2";"°C"
"CXX359";"448.686";"5.428.915";"6.187";"Temperatur";"Karlsruhe (CXX359)";"Rhein";"2021";"08.06.2021";"17";"°C"
"CXX359";"448.686";"5.428.915";"6.187";"Temperatur";"Karlsruhe (CXX359)";"Rhein";"2021";"09.06.2021";"17,2";"°C"
"CXX359";"448.686";"5.428.915";"6.187";"Temperatur";"Karlsruhe (CXX359)";"Rhein";"2021";"10.06.2021";"17,5";"°C"
"CXX359";"448.686";"5.428.915";"6.187";"Temperatur";"Karlsruhe (CXX359)";"Rhein";"2021";"11.06.2021";"17,9";"°C"
"CXX359";"448.686";"5.428.915";"6.187";"Temperatur";"Karlsruhe (CXX359)";"Rhein";"2021";"12.06.2021";"18,4";"°C"
"CXX359";"448.686";"5.428.915";"6.187";"Temperatur";"Karlsruhe (CXX359)";"Rhein";"2021";"13.06.2021";"18,8";"°C"
"CXX359";"448.686";"5.428.915";"6.187";"Temperatur";"Karlsruhe (CXX359)";"Rhein";"2021";"14.06.2021";"19,1";"°C"
"CXX359";"448.686";"5.428.915";"6.187";"Temperatur";"Karlsruhe (CXX359)";"Rhein";"2021";"15.06.2021";"19,8";"°C"
"CXX359";"448.686";"5.428.915";"6.187";"Temperatur";"Karlsruhe (CXX359)";"Rhein";"2021";"16.06.2021";"20,1";"°C"
"CXX359";"448.686";"5.428.915";"6.187";"Temperatur";"Karlsruhe (CXX359)";"Rhein";"2021";"17.06.2021";"20,8";"°C"
"CXX359";"448.686";"5.428.915";"6.187";"Temperatur";"Karlsruhe (CXX359)";"Rhein";"2021";"18.06.2021";"21,3";"°C"
"CXX359";"448.686";"5.428.915";"6.187";"Temperatur";"Karlsruhe (CXX359)";"Rhein";"2021";"19.06.2021";"21,9";"°C"
"CXX359";"448.686";"5.428.915";"6.187";"Temperatur";"Karlsruhe (CXX359)";"Rhein";"2021";"20.06.2021";"22,4";"°C"
"CXX359";"448.686";"5.428.915";"6.187";"Temperatur";"Karlsruhe (CXX359)";"Rhein";"2021";"21.06.2021";"22,3";"°C"
"CXX359";"448.686";"5.428.915";"6.187";"Temperatur";"Karlsruhe (CXX359)";"Rhein";"2021";"22.06.2021";"22";"°C"
"CXX359";"448.686";"5.428.915";"6.187";"Temperatur";"Karlsruhe (CXX359)";"Rhein";"2021";"23.06.2021";"21,5";"°C"
"CXX359";"448.686";"5.428.915";"6.187";"Temperatur";"Karlsruhe (CXX359)";"Rhein";"2021";"24.06.2021";"21,1";"°C"
"CXX359";"448.686";"5.428.915";"6.187";"Temperatur";"Karlsruhe (CXX359)";"Rhein";"2021";"25.06.2021";"20,6";"°C"
"CXX359";"448.686";"5.428.915";"6.187";"Temperatur";"Karlsruhe (CXX359)";"Rhein";"2021";"26.06.2021";"20,2";"°C"
"CXX359";"448.686";"5.428.915";"6.187";"Temperatur";"Karlsruhe (CXX359)";"Rhein";"2021";"27.06.2021";"20,3";"°C"
"CXX359";"448.686";"5.428.915";"6.187";"Temperatur";"Karlsruhe (CXX359)";"Rhein";"2021";"28.06.2021";"20,3";"°C"
"CXX359";"448.686";"5.428.915";"6.187";"Temperatur";"Karlsruhe (CXX359)";"Rhein";"2021";"29.06.2021";"20,6";"°C"
"CXX359";"448.686";"5.428.915";"6.187";"Temperatur";"Karlsruhe (CXX359)";"Rhein";"2021";"30.06.2021";"20,3";"°C"
"CXX359";"448.686";"5.428.915";"6.187";"Temperatur";"Karlsruhe (CXX359)";"Rhein";"2021";"01.07.2021";"19,2";"°C"
"CXX359";"448.686";"5.428.915";"6.187";"Temperatur";"Karlsruhe (CXX359)";"Rhein";"2021";"02.07.2021";"18,6";"°C"
"CXX359";"448.686";"5.428.915";"6.187";"Temperatur";"Karlsruhe (CXX359)";"Rhein";"2021";"03.07.2021";"18,7";"°C"
"CXX359";"448.686";"5.428.915";"6.187";"Temperatur";"Karlsruhe (CXX359)";"Rhein";"2021";"04.07.2021";"19";"°C"
"CXX359";"448.686";"5.428.915";"6.187";"Temperatur";"Karlsruhe (CXX359)";"Rhein";"2021";"05.07.2021";"19";"°C"
"CXX359";"448.686";"5.428.915";"6.187";"Temperatur";"Karlsruhe (CXX359)";"Rhein";"2021";"06.07.2021";"19";"°C"
"CXX359";"448.686";"5.428.915";"6.187";"Temperatur";"Karlsruhe (CXX359)";"Rhein";"2021";"07.07.2021";"19";"°C"
"CXX359";"448.686";"5.428.915";"6.187";"Temperatur";"Karlsruhe (CXX359)";"Rhein";"2021";"08.07.2021";"19,1";"°C"
"CXX359";"448.686";"5.428.915";"6.187";"Temperatur";"Karlsruhe (CXX359)";"Rhein";"2021";"09.07.2021";"19,1";"°C"
"CXX359";"448.686";"5.428.915";"6.187";"Temperatur";"Karlsruhe (CXX359)";"Rhein";"2021";"10.07.2021";"18,8";"°C"
"CXX359";"448.686";"5.428.915";"6.187";"Temperatur";"Karlsruhe (CXX359)";"Rhein";"2021";"11.07.2021";"18,5";"°C"
"CXX359";"448.686";"5.428.915";"6.187";"Temperatur";"Karlsruhe (CXX359)";"Rhein";"2021";"12.07.2021";"18,7";"°C"
"CXX359";"448.686";"5.428.915";"6.187";"Temperatur";"Karlsruhe (CXX359)";"Rhein";"2021";"13.07.2021";"18,9";"°C"
"CXX359";"448.686";"5.428.915";"6.187";"Temperatur";"Karlsruhe (CXX359)";"Rhein";"2021";"14.07.2021";"18,3";"°C"
"CXX359";"448.686";"5.428.915";"6.187";"Temperatur";"Karlsruhe (CXX359)";"Rhein";"2021";"15.07.2021";"17,7";"°C"
"CXX359";"448.686";"5.428.915";"6.187";"Temperatur";"Karlsruhe (CXX359)";"Rhein";"2021";"16.07.2021";"17,5";"°C"
"CXX359";"448.686";"5.428.915";"6.187";"Temperatur";"Karlsruhe (CXX359)";"Rhein";"2021";"17.07.2021";"17,5";"°C"
"CXX359";"448.686";"5.428.915";"6.187";"Temperatur";"Karlsruhe (CXX359)";"Rhein";"2021";"18.07.2021";"17,6";"°C"
"CXX359";"448.686";"5.428.915";"6.187";"Temperatur";"Karlsruhe (CXX359)";"Rhein";"2021";"19.07.2021";"18,2";"°C"
"CXX359";"448.686";"5.428.915";"6.187";"Temperatur";"Karlsruhe (CXX359)";"Rhein";"2021";"20.07.2021";"18,7";"°C"
"CXX359";"448.686";"5.428.915";"6.187";"Temperatur";"Karlsruhe (CXX359)";"Rhein";"2021";"21.07.2021";"19";"°C"
"CXX359";"448.686";"5.428.915";"6.187";"Temperatur";"Karlsruhe (CXX359)";"Rhein";"2021";"22.07.2021";"19,3";"°C"
"CXX359";"448.686";"5.428.915";"6.187";"Temperatur";"Karlsruhe (CXX359)";"Rhein";"2021";"23.07.2021";"19,7";"°C"
"CXX359";"448.686";"5.428.915";"6.187";"Temperatur";"Karlsruhe (CXX359)";"Rhein";"2021";"24.07.2021";"20";"°C"
"CXX359";"448.686";"5.428.915";"6.187";"Temperatur";"Karlsruhe (CXX359)";"Rhein";"2021";"25.07.2021";"20,3";"°C"
"CXX359";"448.686";"5.428.915";"6.187";"Temperatur";"Karlsruhe (CXX359)";"Rhein";"2021";"26.07.2021";"20,4";"°C"
"CXX359";"448.686";"5.428.915";"6.187";"Temperatur";"Karlsruhe (CXX359)";"Rhein";"2021";"27.07.2021";"20,3";"°C"
"CXX359";"448.686";"5.428.915";"6.187";"Temperatur";"Karlsruhe (CXX359)";"Rhein";"2021";"28.07.2021";"20";"°C"
"CXX359";"448.686";"5.428.915";"6.187";"Temperatur";"Karlsruhe (CXX359)";"Rhein";"2021";"29.07.2021";"20,1";"°C"
"CXX359";"448.686";"5.428.915";"6.187";"Temperatur";"Karlsruhe (CXX359)";"Rhein";"2021";"30.07.2021";"20,4";"°C"
"CXX359";"448.686";"5.428.915";"6.187";"Temperatur";"Karlsruhe (CXX359)";"Rhein";"2021";"31.07.2021";"20,5";"°C"
"CXX359";"448.686";"5.428.915";"6.187";"Temperatur";"Karlsruhe (CXX359)";"Rhein";"2021";"01.08.2021";"20,6";"°C"
"CXX359";"448.686";"5.428.915";"6.187";"Temperatur";"Karlsruhe (CXX359)";"Rhein";"2021";"02.08.2021";"20,3";"°C"
"CXX359";"448.686";"5.428.915";"6.187";"Temperatur";"Karlsruhe (CXX359)";"Rhein";"2021";"03.08.2021";"19,5";"°C"
"CXX359";"448.686";"5.428.915";"6.187";"Temperatur";"Karlsruhe (CXX359)";"Rhein";"2021";"04.08.2021";"18,9";"°C"
"CXX359";"448.686";"5.428.915";"6.187";"Temperatur";"Karlsruhe (CXX359)";"Rhein";"2021";"05.08.2021";"19,1";"°C"
"CXX359";"448.686";"5.428.915";"6.187";"Temperatur";"Karlsruhe (CXX359)";"Rhein";"2021";"06.08.2021";"19,1";"°C"
"CXX359";"448.686";"5.428.915";"6.187";"Temperatur";"Karlsruhe (CXX359)";"Rhein";"2021";"07.08.2021";"19,1";"°C"
"CXX359";"448.686";"5.428.915";"6.187";"Temperatur";"Karlsruhe (CXX359)";"Rhein";"2021";"08.08.2021";"18,9";"°C"
"CXX359";"448.686";"5.428.915";"6.187";"Temperatur";"Karlsruhe (CXX359)";"Rhein";"2021";"09.08.2021";"19,1";"°C"
"CXX359";"448.686";"5.428.915";"6.187";"Temperatur";"Karlsruhe (CXX359)";"Rhein";"2021";"10.08.2021";"19,1";"°C"
"CXX359";"448.686";"5.428.915";"6.187";"Temperatur";"Karlsruhe (CXX359)";"Rhein";"2021";"11.08.2021";"19,4";"°C"
"CXX359";"448.686";"5.428.915";"6.187";"Temperatur";"Karlsruhe (CXX359)";"Rhein";"2021";"12.08.2021";"20";"°C"
"CXX359";"448.686";"5.428.915";"6.187";"Temperatur";"Karlsruhe (CXX359)";"Rhein";"2021";"13.08.2021";"20,6";"°C"
"CXX359";"448.686";"5.428.915";"6.187";"Temperatur";"Karlsruhe (CXX359)";"Rhein";"2021";"14.08.2021";"21,1";"°C"
"CXX359";"448.686";"5.428.915";"6.187";"Temperatur";"Karlsruhe (CXX359)";"Rhein";"2021";"15.08.2021";"21,5";"°C"
"CXX359";"448.686";"5.428.915";"6.187";"Temperatur";"Karlsruhe (CXX359)";"Rhein";"2021";"16.08.2021";"21,7";"°C"
"CXX359";"448.686";"5.428.915";"6.187";"Temperatur";"Karlsruhe (CXX359)";"Rhein";"2021";"17.08.2021";"21,3";"°C"
"CXX359";"448.686";"5.428.915";"6.187";"Temperatur";"Karlsruhe (CXX359)";"Rhein";"2021";"18.08.2021";"21";"°C"
"CXX359";"448.686";"5.428.915";"6.187";"Temperatur";"Karlsruhe (CXX359)";"Rhein";"2021";"19.08.2021";"20,7";"°C"
"CXX359";"448.686";"5.428.915";"6.187";"Temperatur";"Karlsruhe (CXX359)";"Rhein";"2021";"20.08.2021";"20,4";"°C"
"CXX359";"448.686";"5.428.915";"6.187";"Temperatur";"Karlsruhe (CXX359)";"Rhein";"2021";"21.08.2021";"20,6";"°C"
"CXX359";"448.686";"5.428.915";"6.187";"Temperatur";"Karlsruhe (CXX359)";"Rhein";"2021";"22.08.2021";"20,6";"°C"
"CXX359";"448.686";"5.428.915";"6.187";"Temperatur";"Karlsruhe (CXX359)";"Rhein";"2021";"23.08.2021";"20,5";"°C"
"CXX359";"448.686";"5.428.915";"6.187";"Temperatur";"Karlsruhe (CXX359)";"Rhein";"2021";"24.08.2021";"20,3";"°C"
"CXX359";"448.686";"5.428.915";"6.187";"Temperatur";"Karlsruhe (CXX359)";"Rhein";"2021";"25.08.2021";"20,1";"°C"
"CXX359";"448.686";"5.428.915";"6.187";"Temperatur";"Karlsruhe (CXX359)";"Rhein";"2021";"26.08.2021";"19,8";"°C"
"CXX359";"448.686";"5.428.915";"6.187";"Temperatur";"Karlsruhe (CXX359)";"Rhein";"2021";"27.08.2021";"19,5";"°C"
"CXX359";"448.686";"5.428.915";"6.187";"Temperatur";"Karlsruhe (CXX359)";"Rhein";"2021";"28.08.2021";"19,3";"°C"
"CXX359";"448.686";"5.428.915";"6.187";"Temperatur";"Karlsruhe (CXX359)";"Rhein";"2021";"29.08.2021";"18,9";"°C"
"CXX359";"448.686";"5.428.915";"6.187";"Temperatur";"Karlsruhe (CXX359)";"Rhein";"2021";"30.08.2021";"18,7";"°C"
"CXX359";"448.686";"5.428.915";"6.187";"Temperatur";"Karlsruhe (CXX359)";"Rhein";"2021";"31.08.2021";"18,5";"°C"
"CXX359";"448.686";"5.428.915";"6.187";"Temperatur";"Karlsruhe (CXX359)";"Rhein";"2021";"01.09.2021";"18,5";"°C"
"CXX359";"448.686";"5.428.915";"6.187";"Temperatur";"Karlsruhe (CXX359)";"Rhein";"2021";"02.09.2021";"18,6";"°C"
"CXX359";"448.686";"5.428.915";"6.187";"Temperatur";"Karlsruhe (CXX359)";"Rhein";"2021";"03.09.2021";"18,6";"°C"
"CXX359";"448.686";"5.428.915";"6.187";"Temperatur";"Karlsruhe (CXX359)";"Rhein";"2021";"04.09.2021";"19";"°C"
"CXX359";"448.686";"5.428.915";"6.187";"Temperatur";"Karlsruhe (CXX359)";"Rhein";"2021";"05.09.2021";"19,4";"°C"
"CXX359";"448.686";"5.428.915";"6.187";"Temperatur";"Karlsruhe (CXX359)";"Rhein";"2021";"06.09.2021";"19,8";"°C"
"CXX359";"448.686";"5.428.915";"6.187";"Temperatur";"Karlsruhe (CXX359)";"Rhein";"2021";"07.09.2021";"19,8";"°C"
"CXX359";"448.686";"5.428.915";"6.187";"Temperatur";"Karlsruhe (CXX359)";"Rhein";"2021";"08.09.2021";"20";"°C"
"CXX359";"448.686";"5.428.915";"6.187";"Temperatur";"Karlsruhe (CXX359)";"Rhein";"2021";"09.09.2021";"20,1";"°C"
"CXX359";"448.686";"5.428.915";"6.187";"Temperatur";"Karlsruhe (CXX359)";"Rhein";"2021";"10.09.2021";"20";"°C"
"CXX359";"448.686";"5.428.915";"6.187";"Temperatur";"Karlsruhe (CXX359)";"Rhein";"2021";"11.09.2021";"19,9";"°C"
"CXX359";"448.686";"5.428.915";"6.187";"Temperatur";"Karlsruhe (CXX359)";"Rhein";"2021";"12.09.2021";"20";"°C"
"CXX359";"448.686";"5.428.915";"6.187";"Temperatur";"Karlsruhe (CXX359)";"Rhein";"2021";"13.09.2021";"20,1";"°C"
"CXX359";"448.686";"5.428.915";"6.187";"Temperatur";"Karlsruhe (CXX359)";"Rhein";"2021";"14.09.2021";"20,2";"°C"
"CXX359";"448.686";"5.428.915";"6.187";"Temperatur";"Karlsruhe (CXX359)";"Rhein";"2021";"15.09.2021";"20,2";"°C"
"CXX359";"448.686";"5.428.915";"6.187";"Temperatur";"Karlsruhe (CXX359)";"Rhein";"2021";"16.09.2021";"-";"°C"
"CXX359";"448.686";"5.428.915";"6.187";"Temperatur";"Karlsruhe (CXX359)";"Rhein";"2021";"17.09.2021";"19,9";"°C"
"CXX359";"448.686";"5.428.915";"6.187";"Temperatur";"Karlsruhe (CXX359)";"Rhein";"2021";"18.09.2021";"19,9";"°C"
"CXX359";"448.686";"5.428.915";"6.187";"Temperatur";"Karlsruhe (CXX359)";"Rhein";"2021";"19.09.2021";"19,7";"°C"
"CXX359";"448.686";"5.428.915";"6.187";"Temperatur";"Karlsruhe (CXX359)";"Rhein";"2021";"20.09.2021";"19,7";"°C"
"CXX359";"448.686";"5.428.915";"6.187";"Temperatur";"Karlsruhe (CXX359)";"Rhein";"2021";"21.09.2021";"19,2";"°C"
"CXX359";"448.686";"5.428.915";"6.187";"Temperatur";"Karlsruhe (CXX359)";"Rhein";"2021";"22.09.2021";"18,7";"°C"
"CXX359";"448.686";"5.428.915";"6.187";"Temperatur";"Karlsruhe (CXX359)";"Rhein";"2021";"23.09.2021";"18,4";"°C"
"CXX359";"448.686";"5.428.915";"6.187";"Temperatur";"Karlsruhe (CXX359)";"Rhein";"2021";"24.09.2021";"18,3";"°C"
"CXX359";"448.686";"5.428.915";"6.187";"Temperatur";"Karlsruhe (CXX359)";"Rhein";"2021";"25.09.2021";"18,2";"°C"
"CXX359";"448.686";"5.428.915";"6.187";"Temperatur";"Karlsruhe (CXX359)";"Rhein";"2021";"26.09.2021";"18,4";"°C"
"CXX359";"448.686";"5.428.915";"6.187";"Temperatur";"Karlsruhe (CXX359)";"Rhein";"2021";"27.09.2021";"18,5";"°C"
"CXX359";"448.686";"5.428.915";"6.187";"Temperatur";"Karlsruhe (CXX359)";"Rhein";"2021";"28.09.2021";"18,4";"°C"
"CXX359";"448.686";"5.428.915";"6.187";"Temperatur";"Karlsruhe (CXX359)";"Rhein";"2021";"29.09.2021";"18,1";"°C"
"CXX359";"448.686";"5.428.915";"6.187";"Temperatur";"Karlsruhe (CXX359)";"Rhein";"2021";"30.09.2021";"17,6";"°C"
"CXX359";"448.686";"5.428.915";"6.187";"Temperatur";"Karlsruhe (CXX359)";"Rhein";"2021";"01.10.2021";"17,5";"°C"
"CXX359";"448.686";"5.428.915";"6.187";"Temperatur";"Karlsruhe (CXX359)";"Rhein";"2021";"02.10.2021";"17,7";"°C"
"CXX359";"448.686";"5.428.915";"6.187";"Temperatur";"Karlsruhe (CXX359)";"Rhein";"2021";"03.10.2021";"17,7";"°C"
"CXX359";"448.686";"5.428.915";"6.187";"Temperatur";"Karlsruhe (CXX359)";"Rhein";"2021";"04.10.2021";"17,5";"°C"
"CXX359";"448.686";"5.428.915";"6.187";"Temperatur";"Karlsruhe (CXX359)";"Rhein";"2021";"05.10.2021";"17,3";"°C"
"CXX359";"448.686";"5.428.915";"6.187";"Temperatur";"Karlsruhe (CXX359)";"Rhein";"2021";"06.10.2021";"16,9";"°C"
"CXX359";"448.686";"5.428.915";"6.187";"Temperatur";"Karlsruhe (CXX359)";"Rhein";"2021";"07.10.2021";"16,5";"°C"
"CXX359";"448.686";"5.428.915";"6.187";"Temperatur";"Karlsruhe (CXX359)";"Rhein";"2021";"08.10.2021";"16,2";"°C"
"CXX359";"448.686";"5.428.915";"6.187";"Temperatur";"Karlsruhe (CXX359)";"Rhein";"2021";"09.10.2021";"15,8";"°C"
"CXX359";"448.686";"5.428.915";"6.187";"Temperatur";"Karlsruhe (CXX359)";"Rhein";"2021";"10.10.2021";"15,5";"°C"
"CXX359";"448.686";"5.428.915";"6.187";"Temperatur";"Karlsruhe (CXX359)";"Rhein";"2021";"11.10.2021";"15,3";"°C"
"CXX359";"448.686";"5.428.915";"6.187";"Temperatur";"Karlsruhe (CXX359)";"Rhein";"2021";"12.10.2021";"15,1";"°C"
"CXX359";"448.686";"5.428.915";"6.187";"Temperatur";"Karlsruhe (CXX359)";"Rhein";"2021";"13.10.2021";"14,9";"°C"
"CXX359";"448.686";"5.428.915";"6.187";"Temperatur";"Karlsruhe (CXX359)";"Rhein";"2021";"14.10.2021";"14,6";"°C"
"CXX359";"448.686";"5.428.915";"6.187";"Temperatur";"Karlsruhe (CXX359)";"Rhein";"2021";"15.10.2021";"14,4";"°C"
"CXX359";"448.686";"5.428.915";"6.187";"Temperatur";"Karlsruhe (CXX359)";"Rhein";"2021";"16.10.2021";"14,3";"°C"
"CXX359";"448.686";"5.428.915";"6.187";"Temperatur";"Karlsruhe (CXX359)";"Rhein";"2021";"17.10.2021";"14";"°C"
"CXX359";"448.686";"5.428.915";"6.187";"Temperatur";"Karlsruhe (CXX359)";"Rhein";"2021";"18.10.2021";"13,7";"°C"
"CXX359";"448.686";"5.428.915";"6.187";"Temperatur";"Karlsruhe (CXX359)";"Rhein";"2021";"19.10.2021";"13,7";"°C"
"CXX359";"448.686";"5.428.915";"6.187";"Temperatur";"Karlsruhe (CXX359)";"Rhein";"2021";"20.10.2021";"13,7";"°C"
"CXX359";"448.686";"5.428.915";"6.187";"Temperatur";"Karlsruhe (CXX359)";"Rhein";"2021";"21.10.2021";"13,8";"°C"
"CXX359";"448.686";"5.428.915";"6.187";"Temperatur";"Karlsruhe (CXX359)";"Rhein";"2021";"22.10.2021";"13,6";"°C"
"CXX359";"448.686";"5.428.915";"6.187";"Temperatur";"Karlsruhe (CXX359)";"Rhein";"2021";"23.10.2021";"13,6";"°C"
"CXX359";"448.686";"5.428.915";"6.187";"Temperatur";"Karlsruhe (CXX359)";"Rhein";"2021";"24.10.2021";"13,3";"°C"
"CXX359";"448.686";"5.428.915";"6.187";"Temperatur";"Karlsruhe (CXX359)";"Rhein";"2021";"25.10.2021";"13,2";"°C"
"CXX359";"448.686";"5.428.915";"6.187";"Temperatur";"Karlsruhe (CXX359)";"Rhein";"2021";"26.10.2021";"13,3";"°C"
"CXX359";"448.686";"5.428.915";"6.187";"Temperatur";"Karlsruhe (CXX359)";"Rhein";"2021";"27.10.2021";"13,4";"°C"
"CXX359";"448.686";"5.428.915";"6.187";"Temperatur";"Karlsruhe (CXX359)";"Rhein";"2021";"28.10.2021";"13,2";"°C"
"CXX359";"448.686";"5.428.915";"6.187";"Temperatur";"Karlsruhe (CXX359)";"Rhein";"2021";"29.10.2021";"13";"°C"
"CXX359";"448.686";"5.428.915";"6.187";"Temperatur";"Karlsruhe (CXX359)";"Rhein";"2021";"30.10.2021";"12,6";"°C"
"CXX359";"448.686";"5.428.915";"6.187";"Temperatur";"Karlsruhe (CXX359)";"Rhein";"2021";"31.10.2021";"12,8";"°C"
"CXX359";"448.686";"5.428.915";"6.187";"Temperatur";"Karlsruhe (CXX359)";"Rhein";"2021";"01.11.2021";"12,8";"°C"
"CXX359";"448.686";"5.428.915";"6.187";"Temperatur";"Karlsruhe (CXX359)";"Rhein";"2021";"02.11.2021";"12,5";"°C"
"CXX359";"448.686";"5.428.915";"6.187";"Temperatur";"Karlsruhe (CXX359)";"Rhein";"2021";"03.11.2021";"12,3";"°C"
"CXX359";"448.686";"5.428.915";"6.187";"Temperatur";"Karlsruhe (CXX359)";"Rhein";"2021";"04.11.2021";"12";"°C"
"CXX359";"448.686";"5.428.915";"6.187";"Temperatur";"Karlsruhe (CXX359)";"Rhein";"2021";"05.11.2021";"11,7";"°C"
"CXX359";"448.686";"5.428.915";"6.187";"Temperatur";"Karlsruhe (CXX359)";"Rhein";"2021";"06.11.2021";"11,4";"°C"
"CXX359";"448.686";"5.428.915";"6.187";"Temperatur";"Karlsruhe (CXX359)";"Rhein";"2021";"07.11.2021";"11,2";"°C"
"CXX359";"448.686";"5.428.915";"6.187";"Temperatur";"Karlsruhe (CXX359)";"Rhein";"2021";"08.11.2021";"11,2";"°C"
"CXX359";"448.686";"5.428.915";"6.187";"Temperatur";"Karlsruhe (CXX359)";"Rhein";"2021";"09.11.2021";"10,9";"°C"
"CXX359";"448.686";"5.428.915";"6.187";"Temperatur";"Karlsruhe (CXX359)";"Rhein";"2021";"10.11.2021";"10,5";"°C"
"CXX359";"448.686";"5.428.915";"6.187";"Temperatur";"Karlsruhe (CXX359)";"Rhein";"2021";"11.11.2021";"10,3";"°C"
"CXX359";"448.686";"5.428.915";"6.187";"Temperatur";"Karlsruhe (CXX359)";"Rhein";"2021";"12.11.2021";"10";"°C"
"CXX359";"448.686";"5.428.915";"6.187";"Temperatur";"Karlsruhe (CXX359)";"Rhein";"2021";"13.11.2021";"9,9";"°C"
"CXX359";"448.686";"5.428.915";"6.187";"Temperatur";"Karlsruhe (CXX359)";"Rhein";"2021";"14.11.2021";"10";"°C"
"CXX359";"448.686";"5.428.915";"6.187";"Temperatur";"Karlsruhe (CXX359)";"Rhein";"2021";"15.11.2021";"9,9";"°C"
"CXX359";"448.686";"5.428.915";"6.187";"Temperatur";"Karlsruhe (CXX359)";"Rhein";"2021";"16.11.2021";"10";"°C"
"CXX359";"448.686";"5.428.915";"6.187";"Temperatur";"Karlsruhe (CXX359)";"Rhein";"2021";"17.11.2021";"10";"°C"
"CXX359";"448.686";"5.428.915";"6.187";"Temperatur";"Karlsruhe (CXX359)";"Rhein";"2021";"18.11.2021";"10";"°C"
"CXX359";"448.686";"5.428.915";"6.187";"Temperatur";"Karlsruhe (CXX359)";"Rhein";"2021";"19.11.2021";"10";"°C"
"CXX359";"448.686";"5.428.915";"6.187";"Temperatur";"Karlsruhe (CXX359)";"Rhein";"2021";"20.11.2021";"10,1";"°C"
"CXX359";"448.686";"5.428.915";"6.187";"Temperatur";"Karlsruhe (CXX359)";"Rhein";"2021";"21.11.2021";"9,9";"°C"
"CXX359";"448.686";"5.428.915";"6.187";"Temperatur";"Karlsruhe (CXX359)";"Rhein";"2021";"22.11.2021";"9,7";"°C"
"CXX359";"448.686";"5.428.915";"6.187";"Temperatur";"Karlsruhe (CXX359)";"Rhein";"2021";"23.11.2021";"9";"°C"
"CXX359";"448.686";"5.428.915";"6.187";"Temperatur";"Karlsruhe (CXX359)";"Rhein";"2021";"24.11.2021";"8,4";"°C"
"CXX359";"448.686";"5.428.915";"6.187";"Temperatur";"Karlsruhe (CXX359)";"Rhein";"2021";"25.11.2021";"8,3";"°C"
"CXX359";"448.686";"5.428.915";"6.187";"Temperatur";"Karlsruhe (CXX359)";"Rhein";"2021";"26.11.2021";"8,1";"°C"
"CXX359";"448.686";"5.428.915";"6.187";"Temperatur";"Karlsruhe (CXX359)";"Rhein";"2021";"27.11.2021";"7,7";"°C"
"CXX359";"448.686";"5.428.915";"6.187";"Temperatur";"Karlsruhe (CXX359)";"Rhein";"2021";"28.11.2021";"7,6";"°C"
"CXX359";"448.686";"5.428.915";"6.187";"Temperatur";"Karlsruhe (CXX359)";"Rhein";"2021";"29.11.2021";"7,5";"°C"
"CXX359";"448.686";"5.428.915";"6.187";"Temperatur";"Karlsruhe (CXX359)";"Rhein";"2021";"30.11.2021";"7,1";"°C"
"CXX359";"448.686";"5.428.915";"6.187";"Temperatur";"Karlsruhe (CXX359)";"Rhein";"2021";"01.12.2021";"7,1";"°C"
"CXX359";"448.686";"5.428.915";"6.187";"Temperatur";"Karlsruhe (CXX359)";"Rhein";"2021";"02.12.2021";"7,2";"°C"
"CXX359";"448.686";"5.428.915";"6.187";"Temperatur";"Karlsruhe (CXX359)";"Rhein";"2021";"03.12.2021";"7";"°C"
"CXX359";"448.686";"5.428.915";"6.187";"Temperatur";"Karlsruhe (CXX359)";"Rhein";"2021";"04.12.2021";"7";"°C"
"CXX359";"448.686";"5.428.915";"6.187";"Temperatur";"Karlsruhe (CXX359)";"Rhein";"2021";"05.12.2021";"7,2";"°C"
"CXX359";"448.686";"5.428.915";"6.187";"Temperatur";"Karlsruhe (CXX359)";"Rhein";"2021";"06.12.2021";"7,2";"°C"
"CXX359";"448.686";"5.428.915";"6.187";"Temperatur";"Karlsruhe (CXX359)";"Rhein";"2021";"07.12.2021";"7,1";"°C"
"CXX359";"448.686";"5.428.915";"6.187";"Temperatur";"Karlsruhe (CXX359)";"Rhein";"2021";"08.12.2021";"7";"°C"
"CXX359";"448.686";"5.428.915";"6.187";"Temperatur";"Karlsruhe (CXX359)";"Rhein";"2021";"09.12.2021";"6,8";"°C"
"CXX359";"448.686";"5.428.915";"6.187";"Temperatur";"Karlsruhe (CXX359)";"Rhein";"2021";"10.12.2021";"6,6";"°C"
"CXX359";"448.686";"5.428.915";"6.187";"Temperatur";"Karlsruhe (CXX359)";"Rhein";"2021";"11.12.2021";"6,7";"°C"
"CXX359";"448.686";"5.428.915";"6.187";"Temperatur";"Karlsruhe (CXX359)";"Rhein";"2021";"12.12.2021";"6,7";"°C"
"CXX359";"448.686";"5.428.915";"6.187";"Temperatur";"Karlsruhe (CXX359)";"Rhein";"2021";"13.12.2021";"6,8";"°C"
"CXX359";"448.686";"5.428.915";"6.187";"Temperatur";"Karlsruhe (CXX359)";"Rhein";"2021";"14.12.2021";"6,7";"°C"
"CXX359";"448.686";"5.428.915";"6.187";"Temperatur";"Karlsruhe (CXX359)";"Rhein";"2021";"15.12.2021";"6,8";"°C"
"CXX359";"448.686";"5.428.915";"6.187";"Temperatur";"Karlsruhe (CXX359)";"Rhein";"2021";"16.12.2021";"6,9";"°C"
"CXX359";"448.686";"5.428.915";"6.187";"Temperatur";"Karlsruhe (CXX359)";"Rhein";"2021";"17.12.2021";"6,9";"°C"
"CXX359";"448.686";"5.428.915";"6.187";"Temperatur";"Karlsruhe (CXX359)";"Rhein";"2021";"18.12.2021";"6,6";"°C"
"CXX359";"448.686";"5.428.915";"6.187";"Temperatur";"Karlsruhe (CXX359)";"Rhein";"2021";"19.12.2021";"6,5";"°C"
"CXX359";"448.686";"5.428.915";"6.187";"Temperatur";"Karlsruhe (CXX359)";"Rhein";"2021";"20.12.2021";"6,5";"°C"
"CXX359";"448.686";"5.428.915";"6.187";"Temperatur";"Karlsruhe (CXX359)";"Rhein";"2021";"21.12.2021";"6";"°C"
"CXX359";"448.686";"5.428.915";"6.187";"Temperatur";"Karlsruhe (CXX359)";"Rhein";"2021";"22.12.2021";"5,8";"°C"
"CXX359";"448.686";"5.428.915";"6.187";"Temperatur";"Karlsruhe (CXX359)";"Rhein";"2021";"23.12.2021";"5,6";"°C"
"CXX359";"448.686";"5.428.915";"6.187";"Temperatur";"Karlsruhe (CXX359)";"Rhein";"2021";"24.12.2021";"5,9";"°C"
"CXX359";"448.686";"5.428.915";"6.187";"Temperatur";"Karlsruhe (CXX359)";"Rhein";"2021";"25.12.2021";"6,1";"°C"
"CXX359";"448.686";"5.428.915";"6.187";"Temperatur";"Karlsruhe (CXX359)";"Rhein";"2021";"26.12.2021";"6,1";"°C"
"CXX359";"448.686";"5.428.915";"6.187";"Temperatur";"Karlsruhe (CXX359)";"Rhein";"2021";"27.12.2021";"6,2";"°C"
"CXX359";"448.686";"5.428.915";"6.187";"Temperatur";"Karlsruhe (CXX359)";"Rhein";"2021";"28.12.2021";"6,7";"°C"
"CXX359";"448.686";"5.428.915";"6.187";"Temperatur";"Karlsruhe (CXX359)";"Rhein";"2021";"29.12.2021";"7,1";"°C"
"CXX359";"448.686";"5.428.915";"6.187";"Temperatur";"Karlsruhe (CXX359)";"Rhein";"2021";"30.12.2021";"7,6";"°C"
"CXX359";"448.686";"5.428.915";"6.187";"Temperatur";"Karlsruhe (CXX359)";"Rhein";"2021";"31.12.2021";"8";"°C"
"CXX359";"448.686";"5.428.915";"6.187";"Temperatur";"Karlsruhe (CXX359)";"Rhein";"2022";"01.01.2022";"8";"°C"
"CXX359";"448.686";"5.428.915";"6.187";"Temperatur";"Karlsruhe (CXX359)";"Rhein";"2022";"02.01.2022";"7,7";"°C"
"CXX359";"448.686";"5.428.915";"6.187";"Temperatur";"Karlsruhe (CXX359)";"Rhein";"2022";"03.01.2022";"7,9";"°C"
"CXX359";"448.686";"5.428.915";"6.187";"Temperatur";"Karlsruhe (CXX359)";"Rhein";"2022";"04.01.2022";"7,9";"°C"
"CXX359";"448.686";"5.428.915";"6.187";"Temperatur";"Karlsruhe (CXX359)";"Rhein";"2022";"05.01.2022";"7,5";"°C"
"CXX359";"448.686";"5.428.915";"6.187";"Temperatur";"Karlsruhe (CXX359)";"Rhein";"2022";"06.01.2022";"7,2";"°C"
"CXX359";"448.686";"5.428.915";"6.187";"Temperatur";"Karlsruhe (CXX359)";"Rhein";"2022";"07.01.2022";"7";"°C"
"CXX359";"448.686";"5.428.915";"6.187";"Temperatur";"Karlsruhe (CXX359)";"Rhein";"2022";"08.01.2022";"6,6";"°C"
"CXX359";"448.686";"5.428.915";"6.187";"Temperatur";"Karlsruhe (CXX359)";"Rhein";"2022";"09.01.2022";"6,3";"°C"
"CXX359";"448.686";"5.428.915";"6.187";"Temperatur";"Karlsruhe (CXX359)";"Rhein";"2022";"10.01.2022";"6,1";"°C"
"CXX359";"448.686";"5.428.915";"6.187";"Temperatur";"Karlsruhe (CXX359)";"Rhein";"2022";"11.01.2022";"6";"°C"
"CXX359";"448.686";"5.428.915";"6.187";"Temperatur";"Karlsruhe (CXX359)";"Rhein";"2022";"12.01.2022";"5,8";"°C"
"CXX359";"448.686";"5.428.915";"6.187";"Temperatur";"Karlsruhe (CXX359)";"Rhein";"2022";"13.01.2022";"5,4";"°C"
"CXX359";"448.686";"5.428.915";"6.187";"Temperatur";"Karlsruhe (CXX359)";"Rhein";"2022";"14.01.2022";"5,2";"°C"
"CXX359";"448.686";"5.428.915";"6.187";"Temperatur";"Karlsruhe (CXX359)";"Rhein";"2022";"15.01.2022";"5,1";"°C"
"CXX359";"448.686";"5.428.915";"6.187";"Temperatur";"Karlsruhe (CXX359)";"Rhein";"2022";"16.01.2022";"5";"°C"
"CXX359";"448.686";"5.428.915";"6.187";"Temperatur";"Karlsruhe (CXX359)";"Rhein";"2022";"17.01.2022";"5";"°C"
"CXX359";"448.686";"5.428.915";"6.187";"Temperatur";"Karlsruhe (CXX359)";"Rhein";"2022";"18.01.2022";"5,2";"°C"
"CXX359";"448.686";"5.428.915";"6.187";"Temperatur";"Karlsruhe (CXX359)";"Rhein";"2022";"19.01.2022";"5,1";"°C"
"CXX359";"448.686";"5.428.915";"6.187";"Temperatur";"Karlsruhe (CXX359)";"Rhein";"2022";"20.01.2022";"5,1";"°C"
"CXX359";"448.686";"5.428.915";"6.187";"Temperatur";"Karlsruhe (CXX359)";"Rhein";"2022";"21.01.2022";"5,1";"°C"
"CXX359";"448.686";"5.428.915";"6.187";"Temperatur";"Karlsruhe (CXX359)";"Rhein";"2022";"22.01.2022";"5,3";"°C"
"CXX359";"448.686";"5.428.915";"6.187";"Temperatur";"Karlsruhe (CXX359)";"Rhein";"2022";"23.01.2022";"5,5";"°C"
"CXX359";"448.686";"5.428.915";"6.187";"Temperatur";"Karlsruhe (CXX359)";"Rhein";"2022";"24.01.2022";"5,5";"°C"
"CXX359";"448.686";"5.428.915";"6.187";"Temperatur";"Karlsruhe (CXX359)";"Rhein";"2022";"25.01.2022";"5,4";"°C"
"CXX359";"448.686";"5.428.915";"6.187";"Temperatur";"Karlsruhe (CXX359)";"Rhein";"2022";"26.01.2022";"5,3";"°C"
"CXX359";"448.686";"5.428.915";"6.187";"Temperatur";"Karlsruhe (CXX359)";"Rhein";"2022";"27.01.2022";"5,1";"°C"
"CXX359";"448.686";"5.428.915";"6.187";"Temperatur";"Karlsruhe (CXX359)";"Rhein";"2022";"28.01.2022";"5,1";"°C"
"CXX359";"448.686";"5.428.915";"6.187";"Temperatur";"Karlsruhe (CXX359)";"Rhein";"2022";"29.01.2022";"5";"°C"
"CXX359";"448.686";"5.428.915";"6.187";"Temperatur";"Karlsruhe (CXX359)";"Rhein";"2022";"30.01.2022";"5,2";"°C"
"CXX359";"448.686";"5.428.915";"6.187";"Temperatur";"Karlsruhe (CXX359)";"Rhein";"2022";"31.01.2022";"5,2";"°C"
"CXX359";"448.686";"5.428.915";"6.187";"Temperatur";"Karlsruhe (CXX359)";"Rhein";"2022";"01.02.2022";"5,2";"°C"
"CXX359";"448.686";"5.428.915";"6.187";"Temperatur";"Karlsruhe (CXX359)";"Rhein";"2022";"02.02.2022";"5,4";"°C"
"CXX359";"448.686";"5.428.915";"6.187";"Temperatur";"Karlsruhe (CXX359)";"Rhein";"2022";"03.02.2022";"5,8";"°C"
"CXX359";"448.686";"5.428.915";"6.187";"Temperatur";"Karlsruhe (CXX359)";"Rhein";"2022";"04.02.2022";"6,2";"°C"
"CXX359";"448.686";"5.428.915";"6.187";"Temperatur";"Karlsruhe (CXX359)";"Rhein";"2022";"05.02.2022";"6,2";"°C"
"CXX359";"448.686";"5.428.915";"6.187";"Temperatur";"Karlsruhe (CXX359)";"Rhein";"2022";"06.02.2022";"6";"°C"
"CXX359";"448.686";"5.428.915";"6.187";"Temperatur";"Karlsruhe (CXX359)";"Rhein";"2022";"07.02.2022";"6";"°C"
"CXX359";"448.686";"5.428.915";"6.187";"Temperatur";"Karlsruhe (CXX359)";"Rhein";"2022";"08.02.2022";"5,9";"°C"
"CXX359";"448.686";"5.428.915";"6.187";"Temperatur";"Karlsruhe (CXX359)";"Rhein";"2022";"09.02.2022";"6,2";"°C"
"CXX359";"448.686";"5.428.915";"6.187";"Temperatur";"Karlsruhe (CXX359)";"Rhein";"2022";"10.02.2022";"6,2";"°C"
"CXX359";"448.686";"5.428.915";"6.187";"Temperatur";"Karlsruhe (CXX359)";"Rhein";"2022";"11.02.2022";"6,1";"°C"
"CXX359";"448.686";"5.428.915";"6.187";"Temperatur";"Karlsruhe (CXX359)";"Rhein";"2022";"12.02.2022";"5,9";"°C"
"CXX359";"448.686";"5.428.915";"6.187";"Temperatur";"Karlsruhe (CXX359)";"Rhein";"2022";"13.02.2022";"5,9";"°C"
"CXX359";"448.686";"5.428.915";"6.187";"Temperatur";"Karlsruhe (CXX359)";"Rhein";"2022";"14.02.2022";"6";"°C"
"CXX359";"448.686";"5.428.915";"6.187";"Temperatur";"Karlsruhe (CXX359)";"Rhein";"2022";"15.02.2022";"6,2";"°C"
"CXX359";"448.686";"5.428.915";"6.187";"Temperatur";"Karlsruhe (CXX359)";"Rhein";"2022";"16.02.2022";"6,4";"°C"
"CXX359";"448.686";"5.428.915";"6.187";"Temperatur";"Karlsruhe (CXX359)";"Rhein";"2022";"17.02.2022";"6,9";"°C"
"CXX359";"448.686";"5.428.915";"6.187";"Temperatur";"Karlsruhe (CXX359)";"Rhein";"2022";"18.02.2022";"6,9";"°C"
"CXX359";"448.686";"5.428.915";"6.187";"Temperatur";"Karlsruhe (CXX359)";"Rhein";"2022";"19.02.2022";"7";"°C"
"CXX359";"448.686";"5.428.915";"6.187";"Temperatur";"Karlsruhe (CXX359)";"Rhein";"2022";"20.02.2022";"7,1";"°C"
"CXX359";"448.686";"5.428.915";"6.187";"Temperatur";"Karlsruhe (CXX359)";"Rhein";"2022";"21.02.2022";"7,2";"°C"
"CXX359";"448.686";"5.428.915";"6.187";"Temperatur";"Karlsruhe (CXX359)";"Rhein";"2022";"22.02.2022";"7,1";"°C"
"CXX359";"448.686";"5.428.915";"6.187";"Temperatur";"Karlsruhe (CXX359)";"Rhein";"2022";"23.02.2022";"7,2";"°C"
"CXX359";"448.686";"5.428.915";"6.187";"Temperatur";"Karlsruhe (CXX359)";"Rhein";"2022";"24.02.2022";"7,3";"°C"
"CXX359";"448.686";"5.428.915";"6.187";"Temperatur";"Karlsruhe (CXX359)";"Rhein";"2022";"25.02.2022";"7,1";"°C"
"CXX359";"448.686";"5.428.915";"6.187";"Temperatur";"Karlsruhe (CXX359)";"Rhein";"2022";"26.02.2022";"6,9";"°C"
"CXX359";"448.686";"5.428.915";"6.187";"Temperatur";"Karlsruhe (CXX359)";"Rhein";"2022";"27.02.2022";"6,8";"°C"
"CXX359";"448.686";"5.428.915";"6.187";"Temperatur";"Karlsruhe (CXX359)";"Rhein";"2022";"28.02.2022";"6,8";"°C"
"CXX359";"448.686";"5.428.915";"6.187";"Temperatur";"Karlsruhe (CXX359)";"Rhein";"2022";"01.03.2022";"6,7";"°C"
"CXX359";"448.686";"5.428.915";"6.187";"Temperatur";"Karlsruhe (CXX359)";"Rhein";"2022";"02.03.2022";"6,6";"°C"
"CXX359";"448.686";"5.428.915";"6.187";"Temperatur";"Karlsruhe (CXX359)";"Rhein";"2022";"03.03.2022";"6,5";"°C"
"CXX359";"448.686";"5.428.915";"6.187";"Temperatur";"Karlsruhe (CXX359)";"Rhein";"2022";"04.03.2022";"6,5";"°C"
"CXX359";"448.686";"5.428.915";"6.187";"Temperatur";"Karlsruhe (CXX359)";"Rhein";"2022";"05.03.2022";"6,4";"°C"
"CXX359";"448.686";"5.428.915";"6.187";"Temperatur";"Karlsruhe (CXX359)";"Rhein";"2022";"06.03.2022";"6,3";"°C"
"CXX359";"448.686";"5.428.915";"6.187";"Temperatur";"Karlsruhe (CXX359)";"Rhein";"2022";"07.03.2022";"6,1";"°C"
"CXX359";"448.686";"5.428.915";"6.187";"Temperatur";"Karlsruhe (CXX359)";"Rhein";"2022";"08.03.2022";"6";"°C"
"CXX359";"448.686";"5.428.915";"6.187";"Temperatur";"Karlsruhe (CXX359)";"Rhein";"2022";"09.03.2022";"6,3";"°C"
"CXX359";"448.686";"5.428.915";"6.187";"Temperatur";"Karlsruhe (CXX359)";"Rhein";"2022";"10.03.2022";"6,7";"°C"
"CXX359";"448.686";"5.428.915";"6.187";"Temperatur";"Karlsruhe (CXX359)";"Rhein";"2022";"11.03.2022";"7";"°C"
"CXX359";"448.686";"5.428.915";"6.187";"Temperatur";"Karlsruhe (CXX359)";"Rhein";"2022";"12.03.2022";"7,4";"°C"
"CXX359";"448.686";"5.428.915";"6.187";"Temperatur";"Karlsruhe (CXX359)";"Rhein";"2022";"13.03.2022";"7,7";"°C"
"CXX359";"448.686";"5.428.915";"6.187";"Temperatur";"Karlsruhe (CXX359)";"Rhein";"2022";"14.03.2022";"8,1";"°C"
"CXX359";"448.686";"5.428.915";"6.187";"Temperatur";"Karlsruhe (CXX359)";"Rhein";"2022";"15.03.2022";"8,2";"°C"
"CXX359";"448.686";"5.428.915";"6.187";"Temperatur";"Karlsruhe (CXX359)";"Rhein";"2022";"16.03.2022";"8,5";"°C"
"CXX359";"448.686";"5.428.915";"6.187";"Temperatur";"Karlsruhe (CXX359)";"Rhein";"2022";"17.03.2022";"8,6";"°C"
"CXX359";"448.686";"5.428.915";"6.187";"Temperatur";"Karlsruhe (CXX359)";"Rhein";"2022";"18.03.2022";"8,6";"°C"
"CXX359";"448.686";"5.428.915";"6.187";"Temperatur";"Karlsruhe (CXX359)";"Rhein";"2022";"19.03.2022";"8,7";"°C"
"CXX359";"448.686";"5.428.915";"6.187";"Temperatur";"Karlsruhe (CXX359)";"Rhein";"2022";"20.03.2022";"8,8";"°C"
"CXX359";"448.686";"5.428.915";"6.187";"Temperatur";"Karlsruhe (CXX359)";"Rhein";"2022";"21.03.2022";"9,3";"°C"
"CXX359";"448.686";"5.428.915";"6.187";"Temperatur";"Karlsruhe (CXX359)";"Rhein";"2022";"22.03.2022";"9,7";"°C"
"CXX359";"448.686";"5.428.915";"6.187";"Temperatur";"Karlsruhe (CXX359)";"Rhein";"2022";"23.03.2022";"10";"°C"
"CXX359";"448.686";"5.428.915";"6.187";"Temperatur";"Karlsruhe (CXX359)";"Rhein";"2022";"24.03.2022";"10,3";"°C"
"CXX359";"448.686";"5.428.915";"6.187";"Temperatur";"Karlsruhe (CXX359)";"Rhein";"2022";"25.03.2022";"10,6";"°C"
"CXX359";"448.686";"5.428.915";"6.187";"Temperatur";"Karlsruhe (CXX359)";"Rhein";"2022";"26.03.2022";"10,7";"°C"
"CXX359";"448.686";"5.428.915";"6.187";"Temperatur";"Karlsruhe (CXX359)";"Rhein";"2022";"27.03.2022";"10,9";"°C"
"CXX359";"448.686";"5.428.915";"6.187";"Temperatur";"Karlsruhe (CXX359)";"Rhein";"2022";"28.03.2022";"11,2";"°C"
"CXX359";"448.686";"5.428.915";"6.187";"Temperatur";"Karlsruhe (CXX359)";"Rhein";"2022";"29.03.2022";"11,4";"°C"
"CXX359";"448.686";"5.428.915";"6.187";"Temperatur";"Karlsruhe (CXX359)";"Rhein";"2022";"30.03.2022";"11,3";"°C"
"CXX359";"448.686";"5.428.915";"6.187";"Temperatur";"Karlsruhe (CXX359)";"Rhein";"2022";"31.03.2022";"11";"°C"
"CXX359";"448.686";"5.428.915";"6.187";"Temperatur";"Karlsruhe (CXX359)";"Rhein";"2022";"01.04.2022";"10,6";"°C"
"CXX359";"448.686";"5.428.915";"6.187";"Temperatur";"Karlsruhe (CXX359)";"Rhein";"2022";"02.04.2022";"9,6";"°C"
"CXX359";"448.686";"5.428.915";"6.187";"Temperatur";"Karlsruhe (CXX359)";"Rhein";"2022";"03.04.2022";"9,2";"°C"
"CXX359";"448.686";"5.428.915";"6.187";"Temperatur";"Karlsruhe (CXX359)";"Rhein";"2022";"04.04.2022";"9,1";"°C"
"CXX359";"448.686";"5.428.915";"6.187";"Temperatur";"Karlsruhe (CXX359)";"Rhein";"2022";"05.04.2022";"8,9";"°C"
"CXX359";"448.686";"5.428.915";"6.187";"Temperatur";"Karlsruhe (CXX359)";"Rhein";"2022";"06.04.2022";"9,2";"°C"
"CXX359";"448.686";"5.428.915";"6.187";"Temperatur";"Karlsruhe (CXX359)";"Rhein";"2022";"07.04.2022";"9,4";"°C"
"CXX359";"448.686";"5.428.915";"6.187";"Temperatur";"Karlsruhe (CXX359)";"Rhein";"2022";"08.04.2022";"9,1";"°C"
"CXX359";"448.686";"5.428.915";"6.187";"Temperatur";"Karlsruhe (CXX359)";"Rhein";"2022";"09.04.2022";"9";"°C"
"CXX359";"448.686";"5.428.915";"6.187";"Temperatur";"Karlsruhe (CXX359)";"Rhein";"2022";"10.04.2022";"9,5";"°C"
"CXX359";"448.686";"5.428.915";"6.187";"Temperatur";"Karlsruhe (CXX359)";"Rhein";"2022";"11.04.2022";"9,8";"°C"
"CXX359";"448.686";"5.428.915";"6.187";"Temperatur";"Karlsruhe (CXX359)";"Rhein";"2022";"12.04.2022";"10,2";"°C"
"CXX359";"448.686";"5.428.915";"6.187";"Temperatur";"Karlsruhe (CXX359)";"Rhein";"2022";"13.04.2022";"10,9";"°C"
"CXX359";"448.686";"5.428.915";"6.187";"Temperatur";"Karlsruhe (CXX359)";"Rhein";"2022";"14.04.2022";"11,5";"°C"
"CXX359";"448.686";"5.428.915";"6.187";"Temperatur";"Karlsruhe (CXX359)";"Rhein";"2022";"15.04.2022";"11,9";"°C"
"CXX359";"448.686";"5.428.915";"6.187";"Temperatur";"Karlsruhe (CXX359)";"Rhein";"2022";"16.04.2022";"12,1";"°C"
"CXX359";"448.686";"5.428.915";"6.187";"Temperatur";"Karlsruhe (CXX359)";"Rhein";"2022";"17.04.2022";"12,3";"°C"
"CXX359";"448.686";"5.428.915";"6.187";"Temperatur";"Karlsruhe (CXX359)";"Rhein";"2022";"18.04.2022";"12,6";"°C"
"CXX359";"448.686";"5.428.915";"6.187";"Temperatur";"Karlsruhe (CXX359)";"Rhein";"2022";"19.04.2022";"13,1";"°C"
"CXX359";"448.686";"5.428.915";"6.187";"Temperatur";"Karlsruhe (CXX359)";"Rhein";"2022";"20.04.2022";"13,2";"°C"
"CXX359";"448.686";"5.428.915";"6.187";"Temperatur";"Karlsruhe (CXX359)";"Rhein";"2022";"21.04.2022";"13,2";"°C"
"CXX359";"448.686";"5.428.915";"6.187";"Temperatur";"Karlsruhe (CXX359)";"Rhein";"2022";"22.04.2022";"13,3";"°C"
"CXX359";"448.686";"5.428.915";"6.187";"Temperatur";"Karlsruhe (CXX359)";"Rhein";"2022";"23.04.2022";"13,4";"°C"
"CXX359";"448.686";"5.428.915";"6.187";"Temperatur";"Karlsruhe (CXX359)";"Rhein";"2022";"24.04.2022";"13,1";"°C"
"CXX359";"448.686";"5.428.915";"6.187";"Temperatur";"Karlsruhe (CXX359)";"Rhein";"2022";"25.04.2022";"13,1";"°C"
"CXX359";"448.686";"5.428.915";"6.187";"Temperatur";"Karlsruhe (CXX359)";"Rhein";"2022";"26.04.2022";"13";"°C"
"CXX359";"448.686";"5.428.915";"6.187";"Temperatur";"Karlsruhe (CXX359)";"Rhein";"2022";"27.04.2022";"13,1";"°C"
"CXX359";"448.686";"5.428.915";"6.187";"Temperatur";"Karlsruhe (CXX359)";"Rhein";"2022";"28.04.2022";"13,1";"°C"
"CXX359";"448.686";"5.428.915";"6.187";"Temperatur";"Karlsruhe (CXX359)";"Rhein";"2022";"29.04.2022";"13,2";"°C"
"CXX359";"448.686";"5.428.915";"6.187";"Temperatur";"Karlsruhe (CXX359)";"Rhein";"2022";"30.04.2022";"13,1";"°C"
"CXX359";"448.686";"5.428.915";"6.187";"Temperatur";"Karlsruhe (CXX359)";"Rhein";"2022";"01.05.2022";"13,2";"°C"
"CXX359";"448.686";"5.428.915";"6.187";"Temperatur";"Karlsruhe (CXX359)";"Rhein";"2022";"02.05.2022";"13,6";"°C"
"CXX359";"448.686";"5.428.915";"6.187";"Temperatur";"Karlsruhe (CXX359)";"Rhein";"2022";"03.05.2022";"14,2";"°C"
"CXX359";"448.686";"5.428.915";"6.187";"Temperatur";"Karlsruhe (CXX359)";"Rhein";"2022";"04.05.2022";"14,9";"°C"
"CXX359";"448.686";"5.428.915";"6.187";"Temperatur";"Karlsruhe (CXX359)";"Rhein";"2022";"05.05.2022";"14,9";"°C"
"CXX359";"448.686";"5.428.915";"6.187";"Temperatur";"Karlsruhe (CXX359)";"Rhein";"2022";"06.05.2022";"14,9";"°C"
"CXX359";"448.686";"5.428.915";"6.187";"Temperatur";"Karlsruhe (CXX359)";"Rhein";"2022";"07.05.2022";"15,2";"°C"
"CXX359";"448.686";"5.428.915";"6.187";"Temperatur";"Karlsruhe (CXX359)";"Rhein";"2022";"08.05.2022";"15,6";"°C"
"CXX359";"448.686";"5.428.915";"6.187";"Temperatur";"Karlsruhe (CXX359)";"Rhein";"2022";"09.05.2022";"16";"°C"
"CXX359";"448.686";"5.428.915";"6.187";"Temperatur";"Karlsruhe (CXX359)";"Rhein";"2022";"10.05.2022";"16,3";"°C"
"CXX359";"448.686";"5.428.915";"6.187";"Temperatur";"Karlsruhe (CXX359)";"Rhein";"2022";"11.05.2022";"16,6";"°C"
"CXX359";"448.686";"5.428.915";"6.187";"Temperatur";"Karlsruhe (CXX359)";"Rhein";"2022";"12.05.2022";"17,1";"°C"
"CXX359";"448.686";"5.428.915";"6.187";"Temperatur";"Karlsruhe (CXX359)";"Rhein";"2022";"13.05.2022";"17,5";"°C"
"CXX359";"448.686";"5.428.915";"6.187";"Temperatur";"Karlsruhe (CXX359)";"Rhein";"2022";"14.05.2022";"17,8";"°C"
"CXX359";"448.686";"5.428.915";"6.187";"Temperatur";"Karlsruhe (CXX359)";"Rhein";"2022";"15.05.2022";"18,1";"°C"
"CXX359";"448.686";"5.428.915";"6.187";"Temperatur";"Karlsruhe (CXX359)";"Rhein";"2022";"16.05.2022";"18,4";"°C"
"CXX359";"448.686";"5.428.915";"6.187";"Temperatur";"Karlsruhe (CXX359)";"Rhein";"2022";"17.05.2022";"18,8";"°C"
"CXX359";"448.686";"5.428.915";"6.187";"Temperatur";"Karlsruhe (CXX359)";"Rhein";"2022";"18.05.2022";"19,1";"°C"
"CXX359";"448.686";"5.428.915";"6.187";"Temperatur";"Karlsruhe (CXX359)";"Rhein";"2022";"19.05.2022";"19,7";"°C"
"CXX359";"448.686";"5.428.915";"6.187";"Temperatur";"Karlsruhe (CXX359)";"Rhein";"2022";"20.05.2022";"20,4";"°C"
"CXX359";"448.686";"5.428.915";"6.187";"Temperatur";"Karlsruhe (CXX359)";"Rhein";"2022";"21.05.2022";"20,5";"°C"
"CXX359";"448.686";"5.428.915";"6.187";"Temperatur";"Karlsruhe (CXX359)";"Rhein";"2022";"22.05.2022";"20,3";"°C"
"CXX359";"448.686";"5.428.915";"6.187";"Temperatur";"Karlsruhe (CXX359)";"Rhein";"2022";"23.05.2022";"20,3";"°C"
"CXX359";"448.686";"5.428.915";"6.187";"Temperatur";"Karlsruhe (CXX359)";"Rhein";"2022";"24.05.2022";"20,2";"°C"
"CXX359";"448.686";"5.428.915";"6.187";"Temperatur";"Karlsruhe (CXX359)";"Rhein";"2022";"25.05.2022";"20";"°C"
"CXX359";"448.686";"5.428.915";"6.187";"Temperatur";"Karlsruhe (CXX359)";"Rhein";"2022";"26.05.2022";"19,6";"°C"
"CXX359";"448.686";"5.428.915";"6.187";"Temperatur";"Karlsruhe (CXX359)";"Rhein";"2022";"27.05.2022";"19,5";"°C"
"CXX359";"448.686";"5.428.915";"6.187";"Temperatur";"Karlsruhe (CXX359)";"Rhein";"2022";"28.05.2022";"19,1";"°C"
"CXX359";"448.686";"5.428.915";"6.187";"Temperatur";"Karlsruhe (CXX359)";"Rhein";"2022";"29.05.2022";"18,6";"°C"
"CXX359";"448.686";"5.428.915";"6.187";"Temperatur";"Karlsruhe (CXX359)";"Rhein";"2022";"30.05.2022";"18,6";"°C"
"CXX359";"448.686";"5.428.915";"6.187";"Temperatur";"Karlsruhe (CXX359)";"Rhein";"2022";"31.05.2022";"18,8";"°C"
"CXX359";"448.686";"5.428.915";"6.187";"Temperatur";"Karlsruhe (CXX359)";"Rhein";"2022";"01.06.2022";"19,1";"°C"
"CXX359";"448.686";"5.428.915";"6.187";"Temperatur";"Karlsruhe (CXX359)";"Rhein";"2022";"02.06.2022";"19,2";"°C"
"CXX359";"448.686";"5.428.915";"6.187";"Temperatur";"Karlsruhe (CXX359)";"Rhein";"2022";"03.06.2022";"19";"°C"
"CXX359";"448.686";"5.428.915";"6.187";"Temperatur";"Karlsruhe (CXX359)";"Rhein";"2022";"04.06.2022";"19,3";"°C"
"CXX359";"448.686";"5.428.915";"6.187";"Temperatur";"Karlsruhe (CXX359)";"Rhein";"2022";"05.06.2022";"19,5";"°C"
"CXX359";"448.686";"5.428.915";"6.187";"Temperatur";"Karlsruhe (CXX359)";"Rhein";"2022";"06.06.2022";"19,6";"°C"
"CXX359";"448.686";"5.428.915";"6.187";"Temperatur";"Karlsruhe (CXX359)";"Rhein";"2022";"07.06.2022";"19,8";"°C"
"CXX359";"448.686";"5.428.915";"6.187";"Temperatur";"Karlsruhe (CXX359)";"Rhein";"2022";"08.06.2022";"20,1";"°C"
"CXX359";"448.686";"5.428.915";"6.187";"Temperatur";"Karlsruhe (CXX359)";"Rhein";"2022";"09.06.2022";"20";"°C"
"CXX359";"448.686";"5.428.915";"6.187";"Temperatur";"Karlsruhe (CXX359)";"Rhein";"2022";"10.06.2022";"20,1";"°C"
"CXX359";"448.686";"5.428.915";"6.187";"Temperatur";"Karlsruhe (CXX359)";"Rhein";"2022";"11.06.2022";"20,3";"°C"
"CXX359";"448.686";"5.428.915";"6.187";"Temperatur";"Karlsruhe (CXX359)";"Rhein";"2022";"12.06.2022";"20,6";"°C"
"CXX359";"448.686";"5.428.915";"6.187";"Temperatur";"Karlsruhe (CXX359)";"Rhein";"2022";"13.06.2022";"21";"°C"
"CXX359";"448.686";"5.428.915";"6.187";"Temperatur";"Karlsruhe (CXX359)";"Rhein";"2022";"14.06.2022";"20,8";"°C"
"CXX359";"448.686";"5.428.915";"6.187";"Temperatur";"Karlsruhe (CXX359)";"Rhein";"2022";"15.06.2022";"21,1";"°C"
"CXX359";"448.686";"5.428.915";"6.187";"Temperatur";"Karlsruhe (CXX359)";"Rhein";"2022";"16.06.2022";"21,9";"°C"
"CXX359";"448.686";"5.428.915";"6.187";"Temperatur";"Karlsruhe (CXX359)";"Rhein";"2022";"17.06.2022";"22,3";"°C"
"CXX359";"448.686";"5.428.915";"6.187";"Temperatur";"Karlsruhe (CXX359)";"Rhein";"2022";"18.06.2022";"22,9";"°C"
"CXX359";"448.686";"5.428.915";"6.187";"Temperatur";"Karlsruhe (CXX359)";"Rhein";"2022";"19.06.2022";"23,3";"°C"
"CXX359";"448.686";"5.428.915";"6.187";"Temperatur";"Karlsruhe (CXX359)";"Rhein";"2022";"20.06.2022";"23,4";"°C"
"CXX359";"448.686";"5.428.915";"6.187";"Temperatur";"Karlsruhe (CXX359)";"Rhein";"2022";"21.06.2022";"23,1";"°C"
"CXX359";"448.686";"5.428.915";"6.187";"Temperatur";"Karlsruhe (CXX359)";"Rhein";"2022";"22.06.2022";"23,1";"°C"
"CXX359";"448.686";"5.428.915";"6.187";"Temperatur";"Karlsruhe (CXX359)";"Rhein";"2022";"23.06.2022";"23,4";"°C"
"CXX359";"448.686";"5.428.915";"6.187";"Temperatur";"Karlsruhe (CXX359)";"Rhein";"2022";"24.06.2022";"23,7";"°C"
"CXX359";"448.686";"5.428.915";"6.187";"Temperatur";"Karlsruhe (CXX359)";"Rhein";"2022";"25.06.2022";"23,6";"°C"
"CXX359";"448.686";"5.428.915";"6.187";"Temperatur";"Karlsruhe (CXX359)";"Rhein";"2022";"26.06.2022";"23,4";"°C"
"CXX359";"448.686";"5.428.915";"6.187";"Temperatur";"Karlsruhe (CXX359)";"Rhein";"2022";"27.06.2022";"23";"°C"
"CXX359";"448.686";"5.428.915";"6.187";"Temperatur";"Karlsruhe (CXX359)";"Rhein";"2022";"28.06.2022";"22,8";"°C"
"CXX359";"448.686";"5.428.915";"6.187";"Temperatur";"Karlsruhe (CXX359)";"Rhein";"2022";"29.06.2022";"22,8";"°C"
"CXX359";"448.686";"5.428.915";"6.187";"Temperatur";"Karlsruhe (CXX359)";"Rhein";"2022";"30.06.2022";"23,1";"°C"
"CXX359";"448.686";"5.428.915";"6.187";"Temperatur";"Karlsruhe (CXX359)";"Rhein";"2022";"01.07.2022";"22,9";"°C"
"CXX359";"448.686";"5.428.915";"6.187";"Temperatur";"Karlsruhe (CXX359)";"Rhein";"2022";"02.07.2022";"23";"°C"
"CXX359";"448.686";"5.428.915";"6.187";"Temperatur";"Karlsruhe (CXX359)";"Rhein";"2022";"03.07.2022";"23";"°C"
"CXX359";"448.686";"5.428.915";"6.187";"Temperatur";"Karlsruhe (CXX359)";"Rhein";"2022";"04.07.2022";"23,3";"°C"
"CXX359";"448.686";"5.428.915";"6.187";"Temperatur";"Karlsruhe (CXX359)";"Rhein";"2022";"05.07.2022";"23,4";"°C"
"CXX359";"448.686";"5.428.915";"6.187";"Temperatur";"Karlsruhe (CXX359)";"Rhein";"2022";"06.07.2022";"23,1";"°C"
"CXX359";"448.686";"5.428.915";"6.187";"Temperatur";"Karlsruhe (CXX359)";"Rhein";"2022";"07.07.2022";"22,4";"°C"
"CXX359";"448.686";"5.428.915";"6.187";"Temperatur";"Karlsruhe (CXX359)";"Rhein";"2022";"08.07.2022";"22,5";"°C"
"CXX359";"448.686";"5.428.915";"6.187";"Temperatur";"Karlsruhe (CXX359)";"Rhein";"2022";"09.07.2022";"22,7";"°C"
"CXX359";"448.686";"5.428.915";"6.187";"Temperatur";"Karlsruhe (CXX359)";"Rhein";"2022";"10.07.2022";"22,6";"°C"
"CXX359";"448.686";"5.428.915";"6.187";"Temperatur";"Karlsruhe (CXX359)";"Rhein";"2022";"11.07.2022";"22,6";"°C"
"CXX359";"448.686";"5.428.915";"6.187";"Temperatur";"Karlsruhe (CXX359)";"Rhein";"2022";"12.07.2022";"22,7";"°C"
"CXX359";"448.686";"5.428.915";"6.187";"Temperatur";"Karlsruhe (CXX359)";"Rhein";"2022";"13.07.2022";"23";"°C"
"CXX359";"448.686";"5.428.915";"6.187";"Temperatur";"Karlsruhe (CXX359)";"Rhein";"2022";"14.07.2022";"23,3";"°C"
"CXX359";"448.686";"5.428.915";"6.187";"Temperatur";"Karlsruhe (CXX359)";"Rhein";"2022";"15.07.2022";"23,3";"°C"
"CXX359";"448.686";"5.428.915";"6.187";"Temperatur";"Karlsruhe (CXX359)";"Rhein";"2022";"16.07.2022";"23,5";"°C"
"CXX359";"448.686";"5.428.915";"6.187";"Temperatur";"Karlsruhe (CXX359)";"Rhein";"2022";"17.07.2022";"23,5";"°C"
"CXX359";"448.686";"5.428.915";"6.187";"Temperatur";"Karlsruhe (CXX359)";"Rhein";"2022";"18.07.2022";"23,7";"°C"
"CXX359";"448.686";"5.428.915";"6.187";"Temperatur";"Karlsruhe (CXX359)";"Rhein";"2022";"19.07.2022";"24";"°C"
"CXX359";"448.686";"5.428.915";"6.187";"Temperatur";"Karlsruhe (CXX359)";"Rhein";"2022";"20.07.2022";"24,5";"°C"
"CXX359";"448.686";"5.428.915";"6.187";"Temperatur";"Karlsruhe (CXX359)";"Rhein";"2022";"21.07.2022";"24,7";"°C"
"CXX359";"448.686";"5.428.915";"6.187";"Temperatur";"Karlsruhe (CXX359)";"Rhein";"2022";"22.07.2022";"24,9";"°C"
"CXX359";"448.686";"5.428.915";"6.187";"Temperatur";"Karlsruhe (CXX359)";"Rhein";"2022";"23.07.2022";"25,1";"°C"
"CXX359";"448.686";"5.428.915";"6.187";"Temperatur";"Karlsruhe (CXX359)";"Rhein";"2022";"24.07.2022";"25,5";"°C"
"CXX359";"448.686";"5.428.915";"6.187";"Temperatur";"Karlsruhe (CXX359)";"Rhein";"2022";"25.07.2022";"25,6";"°C"
"CXX359";"448.686";"5.428.915";"6.187";"Temperatur";"Karlsruhe (CXX359)";"Rhein";"2022";"26.07.2022";"25,4";"°C"
"CXX359";"448.686";"5.428.915";"6.187";"Temperatur";"Karlsruhe (CXX359)";"Rhein";"2022";"27.07.2022";"25,1";"°C"
"CXX359";"448.686";"5.428.915";"6.187";"Temperatur";"Karlsruhe (CXX359)";"Rhein";"2022";"28.07.2022";"24,5";"°C"
"CXX359";"448.686";"5.428.915";"6.187";"Temperatur";"Karlsruhe (CXX359)";"Rhein";"2022";"29.07.2022";"24,4";"°C"
"CXX359";"448.686";"5.428.915";"6.187";"Temperatur";"Karlsruhe (CXX359)";"Rhein";"2022";"30.07.2022";"24,5";"°C"
"CXX359";"448.686";"5.428.915";"6.187";"Temperatur";"Karlsruhe (CXX359)";"Rhein";"2022";"31.07.2022";"24,7";"°C"
"CXX359";"448.686";"5.428.915";"6.187";"Temperatur";"Karlsruhe (CXX359)";"Rhein";"2022";"01.08.2022";"24,6";"°C"
"CXX359";"448.686";"5.428.915";"6.187";"Temperatur";"Karlsruhe (CXX359)";"Rhein";"2022";"02.08.2022";"24,9";"°C"
"CXX359";"448.686";"5.428.915";"6.187";"Temperatur";"Karlsruhe (CXX359)";"Rhein";"2022";"03.08.2022";"25,2";"°C"
"CXX359";"448.686";"5.428.915";"6.187";"Temperatur";"Karlsruhe (CXX359)";"Rhein";"2022";"04.08.2022";"25,6";"°C"
"CXX359";"448.686";"5.428.915";"6.187";"Temperatur";"Karlsruhe (CXX359)";"Rhein";"2022";"05.08.2022";"25,7";"°C"
"CXX359";"448.686";"5.428.915";"6.187";"Temperatur";"Karlsruhe (CXX359)";"Rhein";"2022";"06.08.2022";"25";"°C"
"CXX359";"448.686";"5.428.915";"6.187";"Temperatur";"Karlsruhe (CXX359)";"Rhein";"2022";"07.08.2022";"24,1";"°C"
"CXX359";"448.686";"5.428.915";"6.187";"Temperatur";"Karlsruhe (CXX359)";"Rhein";"2022";"08.08.2022";"23,7";"°C"
"CXX359";"448.686";"5.428.915";"6.187";"Temperatur";"Karlsruhe (CXX359)";"Rhein";"2022";"09.08.2022";"23,6";"°C"
"CXX359";"448.686";"5.428.915";"6.187";"Temperatur";"Karlsruhe (CXX359)";"Rhein";"2022";"10.08.2022";"23,5";"°C"
"CXX359";"448.686";"5.428.915";"6.187";"Temperatur";"Karlsruhe (CXX359)";"Rhein";"2022";"11.08.2022";"23,5";"°C"
"CXX359";"448.686";"5.428.915";"6.187";"Temperatur";"Karlsruhe (CXX359)";"Rhein";"2022";"12.08.2022";"23,4";"°C"
"CXX359";"448.686";"5.428.915";"6.187";"Temperatur";"Karlsruhe (CXX359)";"Rhein";"2022";"13.08.2022";"23,5";"°C"
"CXX359";"448.686";"5.428.915";"6.187";"Temperatur";"Karlsruhe (CXX359)";"Rhein";"2022";"14.08.2022";"23,7";"°C"
"CXX359";"448.686";"5.428.915";"6.187";"Temperatur";"Karlsruhe (CXX359)";"Rhein";"2022";"15.08.2022";"23,7";"°C"
"CXX359";"448.686";"5.428.915";"6.187";"Temperatur";"Karlsruhe (CXX359)";"Rhein";"2022";"16.08.2022";"24";"°C"
"CXX359";"448.686";"5.428.915";"6.187";"Temperatur";"Karlsruhe (CXX359)";"Rhein";"2022";"17.08.2022";"23,8";"°C"
"CXX359";"448.686";"5.428.915";"6.187";"Temperatur";"Karlsruhe (CXX359)";"Rhein";"2022";"18.08.2022";"23,6";"°C"
"CXX359";"448.686";"5.428.915";"6.187";"Temperatur";"Karlsruhe (CXX359)";"Rhein";"2022";"19.08.2022";"23,6";"°C"
"CXX359";"448.686";"5.428.915";"6.187";"Temperatur";"Karlsruhe (CXX359)";"Rhein";"2022";"20.08.2022";"23,3";"°C"
"CXX359";"448.686";"5.428.915";"6.187";"Temperatur";"Karlsruhe (CXX359)";"Rhein";"2022";"21.08.2022";"23,2";"°C"
"CXX359";"448.686";"5.428.915";"6.187";"Temperatur";"Karlsruhe (CXX359)";"Rhein";"2022";"22.08.2022";"23,3";"°C"
"CXX359";"448.686";"5.428.915";"6.187";"Temperatur";"Karlsruhe (CXX359)";"Rhein";"2022";"23.08.2022";"23,4";"°C"
"CXX359";"448.686";"5.428.915";"6.187";"Temperatur";"Karlsruhe (CXX359)";"Rhein";"2022";"24.08.2022";"23,4";"°C"
"CXX359";"448.686";"5.428.915";"6.187";"Temperatur";"Karlsruhe (CXX359)";"Rhein";"2022";"25.08.2022";"23";"°C"
"CXX359";"448.686";"5.428.915";"6.187";"Temperatur";"Karlsruhe (CXX359)";"Rhein";"2022";"26.08.2022";"23";"°C"
"CXX359";"448.686";"5.428.915";"6.187";"Temperatur";"Karlsruhe (CXX359)";"Rhein";"2022";"27.08.2022";"23";"°C"
"CXX359";"448.686";"5.428.915";"6.187";"Temperatur";"Karlsruhe (CXX359)";"Rhein";"2022";"28.08.2022";"23,1";"°C"
"CXX359";"448.686";"5.428.915";"6.187";"Temperatur";"Karlsruhe (CXX359)";"Rhein";"2022";"29.08.2022";"22,9";"°C"
"CXX359";"448.686";"5.428.915";"6.187";"Temperatur";"Karlsruhe (CXX359)";"Rhein";"2022";"30.08.2022";"22,9";"°C"
"CXX359";"448.686";"5.428.915";"6.187";"Temperatur";"Karlsruhe (CXX359)";"Rhein";"2022";"31.08.2022";"22,8";"°C"
"CXX359";"448.686";"5.428.915";"6.187";"Temperatur";"Karlsruhe (CXX359)";"Rhein";"2022";"01.09.2022";"22,7";"°C"
"CXX359";"448.686";"5.428.915";"6.187";"Temperatur";"Karlsruhe (CXX359)";"Rhein";"2022";"02.09.2022";"22,6";"°C"
"CXX359";"448.686";"5.428.915";"6.187";"Temperatur";"Karlsruhe (CXX359)";"Rhein";"2022";"03.09.2022";"22,7";"°C"
"CXX359";"448.686";"5.428.915";"6.187";"Temperatur";"Karlsruhe (CXX359)";"Rhein";"2022";"04.09.2022";"22,7";"°C"
"CXX359";"448.686";"5.428.915";"6.187";"Temperatur";"Karlsruhe (CXX359)";"Rhein";"2022";"05.09.2022";"22,8";"°C"
"CXX359";"448.686";"5.428.915";"6.187";"Temperatur";"Karlsruhe (CXX359)";"Rhein";"2022";"06.09.2022";"23";"°C"
"CXX359";"448.686";"5.428.915";"6.187";"Temperatur";"Karlsruhe (CXX359)";"Rhein";"2022";"07.09.2022";"23";"°C"
"CXX359";"448.686";"5.428.915";"6.187";"Temperatur";"Karlsruhe (CXX359)";"Rhein";"2022";"08.09.2022";"22,4";"°C"
"CXX359";"448.686";"5.428.915";"6.187";"Temperatur";"Karlsruhe (CXX359)";"Rhein";"2022";"09.09.2022";"21,9";"°C"
"CXX359";"448.686";"5.428.915";"6.187";"Temperatur";"Karlsruhe (CXX359)";"Rhein";"2022";"10.09.2022";"21,4";"°C"
"CXX359";"448.686";"5.428.915";"6.187";"Temperatur";"Karlsruhe (CXX359)";"Rhein";"2022";"11.09.2022";"21,2";"°C"
"CXX359";"448.686";"5.428.915";"6.187";"Temperatur";"Karlsruhe (CXX359)";"Rhein";"2022";"12.09.2022";"21,2";"°C"
"CXX359";"448.686";"5.428.915";"6.187";"Temperatur";"Karlsruhe (CXX359)";"Rhein";"2022";"13.09.2022";"21,2";"°C"
"CXX359";"448.686";"5.428.915";"6.187";"Temperatur";"Karlsruhe (CXX359)";"Rhein";"2022";"14.09.2022";"21,3";"°C"
"CXX359";"448.686";"5.428.915";"6.187";"Temperatur";"Karlsruhe (CXX359)";"Rhein";"2022";"15.09.2022";"20,9";"°C"
"CXX359";"448.686";"5.428.915";"6.187";"Temperatur";"Karlsruhe (CXX359)";"Rhein";"2022";"16.09.2022";"20,5";"°C"
"CXX359";"448.686";"5.428.915";"6.187";"Temperatur";"Karlsruhe (CXX359)";"Rhein";"2022";"17.09.2022";"19,9";"°C"
"CXX359";"448.686";"5.428.915";"6.187";"Temperatur";"Karlsruhe (CXX359)";"Rhein";"2022";"18.09.2022";"19,1";"°C"
"CXX359";"448.686";"5.428.915";"6.187";"Temperatur";"Karlsruhe (CXX359)";"Rhein";"2022";"19.09.2022";"18,7";"°C"
"CXX359";"448.686";"5.428.915";"6.187";"Temperatur";"Karlsruhe (CXX359)";"Rhein";"2022";"20.09.2022";"18,6";"°C"
"CXX359";"448.686";"5.428.915";"6.187";"Temperatur";"Karlsruhe (CXX359)";"Rhein";"2022";"21.09.2022";"18,3";"°C"
"CXX359";"448.686";"5.428.915";"6.187";"Temperatur";"Karlsruhe (CXX359)";"Rhein";"2022";"22.09.2022";"17,7";"°C"
"CXX359";"448.686";"5.428.915";"6.187";"Temperatur";"Karlsruhe (CXX359)";"Rhein";"2022";"23.09.2022";"17,6";"°C"
"CXX359";"448.686";"5.428.915";"6.187";"Temperatur";"Karlsruhe (CXX359)";"Rhein";"2022";"24.09.2022";"17,4";"°C"
"CXX359";"448.686";"5.428.915";"6.187";"Temperatur";"Karlsruhe (CXX359)";"Rhein";"2022";"25.09.2022";"17,4";"°C"
"CXX359";"448.686";"5.428.915";"6.187";"Temperatur";"Karlsruhe (CXX359)";"Rhein";"2022";"26.09.2022";"17,3";"°C"
"CXX359";"448.686";"5.428.915";"6.187";"Temperatur";"Karlsruhe (CXX359)";"Rhein";"2022";"27.09.2022";"16,8";"°C"
"CXX359";"448.686";"5.428.915";"6.187";"Temperatur";"Karlsruhe (CXX359)";"Rhein";"2022";"28.09.2022";"16,3";"°C"
"CXX359";"448.686";"5.428.915";"6.187";"Temperatur";"Karlsruhe (CXX359)";"Rhein";"2022";"29.09.2022";"16,4";"°C"
"CXX359";"448.686";"5.428.915";"6.187";"Temperatur";"Karlsruhe (CXX359)";"Rhein";"2022";"30.09.2022";"16,1";"°C"
"CXX359";"448.686";"5.428.915";"6.187";"Temperatur";"Karlsruhe (CXX359)";"Rhein";"2022";"01.10.2022";"15,2";"°C"
"CXX359";"448.686";"5.428.915";"6.187";"Temperatur";"Karlsruhe (CXX359)";"Rhein";"2022";"02.10.2022";"14,6";"°C"
"CXX359";"448.686";"5.428.915";"6.187";"Temperatur";"Karlsruhe (CXX359)";"Rhein";"2022";"03.10.2022";"14,8";"°C"
"CXX359";"448.686";"5.428.915";"6.187";"Temperatur";"Karlsruhe (CXX359)";"Rhein";"2022";"04.10.2022";"15,1";"°C"
"CXX359";"448.686";"5.428.915";"6.187";"Temperatur";"Karlsruhe (CXX359)";"Rhein";"2022";"05.10.2022";"15,4";"°C"
"CXX359";"448.686";"5.428.915";"6.187";"Temperatur";"Karlsruhe (CXX359)";"Rhein";"2022";"06.10.2022";"15,7";"°C"
"CXX359";"448.686";"5.428.915";"6.187";"Temperatur";"Karlsruhe (CXX359)";"Rhein";"2022";"07.10.2022";"15,7";"°C"
"CXX359";"448.686";"5.428.915";"6.187";"Temperatur";"Karlsruhe (CXX359)";"Rhein";"2022";"08.10.2022";"15,9";"°C"
"CXX359";"448.686";"5.428.915";"6.187";"Temperatur";"Karlsruhe (CXX359)";"Rhein";"2022";"09.10.2022";"15,8";"°C"
"CXX359";"448.686";"5.428.915";"6.187";"Temperatur";"Karlsruhe (CXX359)";"Rhein";"2022";"10.10.2022";"16";"°C"
"CXX359";"448.686";"5.428.915";"6.187";"Temperatur";"Karlsruhe (CXX359)";"Rhein";"2022";"11.10.2022";"16,1";"°C"
"CXX359";"448.686";"5.428.915";"6.187";"Temperatur";"Karlsruhe (CXX359)";"Rhein";"2022";"12.10.2022";"16";"°C"
"CXX359";"448.686";"5.428.915";"6.187";"Temperatur";"Karlsruhe (CXX359)";"Rhein";"2022";"13.10.2022";"15,9";"°C"
"CXX359";"448.686";"5.428.915";"6.187";"Temperatur";"Karlsruhe (CXX359)";"Rhein";"2022";"14.10.2022";"15,9";"°C"
"CXX359";"448.686";"5.428.915";"6.187";"Temperatur";"Karlsruhe (CXX359)";"Rhein";"2022";"15.10.2022";"15,9";"°C"
"CXX359";"448.686";"5.428.915";"6.187";"Temperatur";"Karlsruhe (CXX359)";"Rhein";"2022";"16.10.2022";"16";"°C"
"CXX359";"448.686";"5.428.915";"6.187";"Temperatur";"Karlsruhe (CXX359)";"Rhein";"2022";"17.10.2022";"16,1";"°C"
"CXX359";"448.686";"5.428.915";"6.187";"Temperatur";"Karlsruhe (CXX359)";"Rhein";"2022";"18.10.2022";"16,3";"°C"
"CXX359";"448.686";"5.428.915";"6.187";"Temperatur";"Karlsruhe (CXX359)";"Rhein";"2022";"19.10.2022";"16,4";"°C"
"CXX359";"448.686";"5.428.915";"6.187";"Temperatur";"Karlsruhe (CXX359)";"Rhein";"2022";"20.10.2022";"16,2";"°C"
"CXX359";"448.686";"5.428.915";"6.187";"Temperatur";"Karlsruhe (CXX359)";"Rhein";"2022";"21.10.2022";"16,2";"°C"
"CXX359";"448.686";"5.428.915";"6.187";"Temperatur";"Karlsruhe (CXX359)";"Rhein";"2022";"22.10.2022";"16,2";"°C"
"CXX359";"448.686";"5.428.915";"6.187";"Temperatur";"Karlsruhe (CXX359)";"Rhein";"2022";"23.10.2022";"16";"°C"
"CXX359";"448.686";"5.428.915";"6.187";"Temperatur";"Karlsruhe (CXX359)";"Rhein";"2022";"24.10.2022";"16,1";"°C"
"CXX359";"448.686";"5.428.915";"6.187";"Temperatur";"Karlsruhe (CXX359)";"Rhein";"2022";"25.10.2022";"16";"°C"
"CXX359";"448.686";"5.428.915";"6.187";"Temperatur";"Karlsruhe (CXX359)";"Rhein";"2022";"26.10.2022";"16";"°C"
"CXX359";"448.686";"5.428.915";"6.187";"Temperatur";"Karlsruhe (CXX359)";"Rhein";"2022";"27.10.2022";"15,9";"°C"
"CXX359";"448.686";"5.428.915";"6.187";"Temperatur";"Karlsruhe (CXX359)";"Rhein";"2022";"28.10.2022";"15,8";"°C"
"CXX359";"448.686";"5.428.915";"6.187";"Temperatur";"Karlsruhe (CXX359)";"Rhein";"2022";"29.10.2022";"15,7";"°C"
"CXX359";"448.686";"5.428.915";"6.187";"Temperatur";"Karlsruhe (CXX359)";"Rhein";"2022";"30.10.2022";"15,7";"°C"
"CXX359";"448.686";"5.428.915";"6.187";"Temperatur";"Karlsruhe (CXX359)";"Rhein";"2022";"31.10.2022";"15,6";"°C"
"CXX359";"448.686";"5.428.915";"6.187";"Temperatur";"Karlsruhe (CXX359)";"Rhein";"2022";"01.11.2022";"15,5";"°C"
"CXX359";"448.686";"5.428.915";"6.187";"Temperatur";"Karlsruhe (CXX359)";"Rhein";"2022";"02.11.2022";"15,2";"°C"
"CXX359";"448.686";"5.428.915";"6.187";"Temperatur";"Karlsruhe (CXX359)";"Rhein";"2022";"03.11.2022";"14,8";"°C"
"CXX359";"448.686";"5.428.915";"6.187";"Temperatur";"Karlsruhe (CXX359)";"Rhein";"2022";"04.11.2022";"14,6";"°C"
"CXX359";"448.686";"5.428.915";"6.187";"Temperatur";"Karlsruhe (CXX359)";"Rhein";"2022";"05.11.2022";"14,3";"°C"
"CXX359";"448.686";"5.428.915";"6.187";"Temperatur";"Karlsruhe (CXX359)";"Rhein";"2022";"06.11.2022";"13,7";"°C"
"CXX359";"448.686";"5.428.915";"6.187";"Temperatur";"Karlsruhe (CXX359)";"Rhein";"2022";"07.11.2022";"13,6";"°C"
"CXX359";"448.686";"5.428.915";"6.187";"Temperatur";"Karlsruhe (CXX359)";"Rhein";"2022";"08.11.2022";"13,4";"°C"
"CXX359";"448.686";"5.428.915";"6.187";"Temperatur";"Karlsruhe (CXX359)";"Rhein";"2022";"09.11.2022";"13,4";"°C"
"CXX359";"448.686";"5.428.915";"6.187";"Temperatur";"Karlsruhe (CXX359)";"Rhein";"2022";"10.11.2022";"13,3";"°C"
"CXX359";"448.686";"5.428.915";"6.187";"Temperatur";"Karlsruhe (CXX359)";"Rhein";"2022";"11.11.2022";"13";"°C"
"CXX359";"448.686";"5.428.915";"6.187";"Temperatur";"Karlsruhe (CXX359)";"Rhein";"2022";"12.11.2022";"12,8";"°C"
"CXX359";"448.686";"5.428.915";"6.187";"Temperatur";"Karlsruhe (CXX359)";"Rhein";"2022";"13.11.2022";"12,4";"°C"
"CXX359";"448.686";"5.428.915";"6.187";"Temperatur";"Karlsruhe (CXX359)";"Rhein";"2022";"14.11.2022";"12,2";"°C"
"CXX359";"448.686";"5.428.915";"6.187";"Temperatur";"Karlsruhe (CXX359)";"Rhein";"2022";"15.11.2022";"12,2";"°C"
"CXX359";"448.686";"5.428.915";"6.187";"Temperatur";"Karlsruhe (CXX359)";"Rhein";"2022";"16.11.2022";"12,4";"°C"
"CXX359";"448.686";"5.428.915";"6.187";"Temperatur";"Karlsruhe (CXX359)";"Rhein";"2022";"17.11.2022";"12,3";"°C"
"CXX359";"448.686";"5.428.915";"6.187";"Temperatur";"Karlsruhe (CXX359)";"Rhein";"2022";"18.11.2022";"12,1";"°C"
"CXX359";"448.686";"5.428.915";"6.187";"Temperatur";"Karlsruhe (CXX359)";"Rhein";"2022";"19.11.2022";"11,9";"°C"
"CXX359";"448.686";"5.428.915";"6.187";"Temperatur";"Karlsruhe (CXX359)";"Rhein";"2022";"20.11.2022";"11,7";"°C"
"CXX359";"448.686";"5.428.915";"6.187";"Temperatur";"Karlsruhe (CXX359)";"Rhein";"2022";"21.11.2022";"11,3";"°C"
"CXX359";"448.686";"5.428.915";"6.187";"Temperatur";"Karlsruhe (CXX359)";"Rhein";"2022";"22.11.2022";"11";"°C"
"CXX359";"448.686";"5.428.915";"6.187";"Temperatur";"Karlsruhe (CXX359)";"Rhein";"2022";"23.11.2022";"10,7";"°C"
"CXX359";"448.686";"5.428.915";"6.187";"Temperatur";"Karlsruhe (CXX359)";"Rhein";"2022";"24.11.2022";"10,5";"°C"
"CXX359";"448.686";"5.428.915";"6.187";"Temperatur";"Karlsruhe (CXX359)";"Rhein";"2022";"25.11.2022";"10,3";"°C"
"CXX359";"448.686";"5.428.915";"6.187";"Temperatur";"Karlsruhe (CXX359)";"Rhein";"2022";"26.11.2022";"10,2";"°C"
"CXX359";"448.686";"5.428.915";"6.187";"Temperatur";"Karlsruhe (CXX359)";"Rhein";"2022";"27.11.2022";"10,1";"°C"
"CXX359";"448.686";"5.428.915";"6.187";"Temperatur";"Karlsruhe (CXX359)";"Rhein";"2022";"28.11.2022";"10,1";"°C"
"CXX359";"448.686";"5.428.915";"6.187";"Temperatur";"Karlsruhe (CXX359)";"Rhein";"2022";"29.11.2022";"10,1";"°C"
"CXX359";"448.686";"5.428.915";"6.187";"Temperatur";"Karlsruhe (CXX359)";"Rhein";"2022";"30.11.2022";"10,1";"°C"
"CXX359";"448.686";"5.428.915";"6.187";"Temperatur";"Karlsruhe (CXX359)";"Rhein";"2022";"01.12.2022";"9,7";"°C"
"CXX359";"448.686";"5.428.915";"6.187";"Temperatur";"Karlsruhe (CXX359)";"Rhein";"2022";"02.12.2022";"9,3";"°C"
"CXX359";"448.686";"5.428.915";"6.187";"Temperatur";"Karlsruhe (CXX359)";"Rhein";"2022";"03.12.2022";"8,9";"°C"
"CXX359";"448.686";"5.428.915";"6.187";"Temperatur";"Karlsruhe (CXX359)";"Rhein";"2022";"04.12.2022";"8,6";"°C"
"CXX359";"448.686";"5.428.915";"6.187";"Temperatur";"Karlsruhe (CXX359)";"Rhein";"2022";"05.12.2022";"8,7";"°C"
"CXX359";"448.686";"5.428.915";"6.187";"Temperatur";"Karlsruhe (CXX359)";"Rhein";"2022";"06.12.2022";"8,7";"°C"
"CXX359";"448.686";"5.428.915";"6.187";"Temperatur";"Karlsruhe (CXX359)";"Rhein";"2022";"07.12.2022";"8,6";"°C"
"CXX359";"448.686";"5.428.915";"6.187";"Temperatur";"Karlsruhe (CXX359)";"Rhein";"2022";"08.12.2022";"8,3";"°C"
"CXX359";"448.686";"5.428.915";"6.187";"Temperatur";"Karlsruhe (CXX359)";"Rhein";"2022";"09.12.2022";"7,9";"°C"
"CXX359";"448.686";"5.428.915";"6.187";"Temperatur";"Karlsruhe (CXX359)";"Rhein";"2022";"10.12.2022";"7,6";"°C"
"CXX359";"448.686";"5.428.915";"6.187";"Temperatur";"Karlsruhe (CXX359)";"Rhein";"2022";"11.12.2022";"7,3";"°C"
"CXX359";"448.686";"5.428.915";"6.187";"Temperatur";"Karlsruhe (CXX359)";"Rhein";"2022";"12.12.2022";"7";"°C"
"CXX359";"448.686";"5.428.915";"6.187";"Temperatur";"Karlsruhe (CXX359)";"Rhein";"2022";"13.12.2022";"6,2";"°C"
"CXX359";"448.686";"5.428.915";"6.187";"Temperatur";"Karlsruhe (CXX359)";"Rhein";"2022";"14.12.2022";"6,1";"°C"
"CXX359";"448.686";"5.428.915";"6.187";"Temperatur";"Karlsruhe (CXX359)";"Rhein";"2022";"15.12.2022";"5,8";"°C"
"CXX359";"448.686";"5.428.915";"6.187";"Temperatur";"Karlsruhe (CXX359)";"Rhein";"2022";"16.12.2022";"5,6";"°C"
"CXX359";"448.686";"5.428.915";"6.187";"Temperatur";"Karlsruhe (CXX359)";"Rhein";"2022";"17.12.2022";"5,3";"°C"
"CXX359";"448.686";"5.428.915";"6.187";"Temperatur";"Karlsruhe (CXX359)";"Rhein";"2022";"18.12.2022";"4,9";"°C"
"CXX359";"448.686";"5.428.915";"6.187";"Temperatur";"Karlsruhe (CXX359)";"Rhein";"2022";"19.12.2022";"4,9";"°C"
"CXX359";"448.686";"5.428.915";"6.187";"Temperatur";"Karlsruhe (CXX359)";"Rhein";"2022";"20.12.2022";"5,3";"°C"
"CXX359";"448.686";"5.428.915";"6.187";"Temperatur";"Karlsruhe (CXX359)";"Rhein";"2022";"21.12.2022";"6,2";"°C"
"CXX359";"448.686";"5.428.915";"6.187";"Temperatur";"Karlsruhe (CXX359)";"Rhein";"2022";"22.12.2022";"6,9";"°C"
"CXX359";"448.686";"5.428.915";"6.187";"Temperatur";"Karlsruhe (CXX359)";"Rhein";"2022";"23.12.2022";"7,5";"°C"
"CXX359";"448.686";"5.428.915";"6.187";"Temperatur";"Karlsruhe (CXX359)";"Rhein";"2022";"24.12.2022";"8";"°C"
"CXX359";"448.686";"5.428.915";"6.187";"Temperatur";"Karlsruhe (CXX359)";"Rhein";"2022";"25.12.2022";"8,5";"°C"
"CXX359";"448.686";"5.428.915";"6.187";"Temperatur";"Karlsruhe (CXX359)";"Rhein";"2022";"26.12.2022";"8,8";"°C"
"CXX359";"448.686";"5.428.915";"6.187";"Temperatur";"Karlsruhe (CXX359)";"Rhein";"2022";"27.12.2022";"8,6";"°C"
"CXX359";"448.686";"5.428.915";"6.187";"Temperatur";"Karlsruhe (CXX359)";"Rhein";"2022";"28.12.2022";"8,2";"°C"
"CXX359";"448.686";"5.428.915";"6.187";"Temperatur";"Karlsruhe (CXX359)";"Rhein";"2022";"29.12.2022";"8,3";"°C"
"CXX359";"448.686";"5.428.915";"6.187";"Temperatur";"Karlsruhe (CXX359)";"Rhein";"2022";"30.12.2022";"8,2";"°C"
"CXX359";"448.686";"5.428.915";"6.187";"Temperatur";"Karlsruhe (CXX359)";"Rhein";"2022";"31.12.2022";"8,6";"°C"
"CXX359";"448.686";"5.428.915";"6.187";"Temperatur";"Karlsruhe (CXX359)";"Rhein";"2023";"01.01.2023";"8,7";"°C"
"CXX359";"448.686";"5.428.915";"6.187";"Temperatur";"Karlsruhe (CXX359)";"Rhein";"2023";"02.01.2023";"8,8";"°C"
"CXX359";"448.686";"5.428.915";"6.187";"Temperatur";"Karlsruhe (CXX359)";"Rhein";"2023";"03.01.2023";"8,8";"°C"
"CXX359";"448.686";"5.428.915";"6.187";"Temperatur";"Karlsruhe (CXX359)";"Rhein";"2023";"04.01.2023";"8,5";"°C"
"CXX359";"448.686";"5.428.915";"6.187";"Temperatur";"Karlsruhe (CXX359)";"Rhein";"2023";"05.01.2023";"8,7";"°C"
"CXX359";"448.686";"5.428.915";"6.187";"Temperatur";"Karlsruhe (CXX359)";"Rhein";"2023";"06.01.2023";"8,7";"°C"
"CXX359";"448.686";"5.428.915";"6.187";"Temperatur";"Karlsruhe (CXX359)";"Rhein";"2023";"07.01.2023";"8,8";"°C"
"CXX359";"448.686";"5.428.915";"6.187";"Temperatur";"Karlsruhe (CXX359)";"Rhein";"2023";"08.01.2023";"8,9";"°C"
"CXX359";"448.686";"5.428.915";"6.187";"Temperatur";"Karlsruhe (CXX359)";"Rhein";"2023";"09.01.2023";"8,8";"°C"
"CXX359";"448.686";"5.428.915";"6.187";"Temperatur";"Karlsruhe (CXX359)";"Rhein";"2023";"10.01.2023";"8,5";"°C"
"CXX359";"448.686";"5.428.915";"6.187";"Temperatur";"Karlsruhe (CXX359)";"Rhein";"2023";"11.01.2023";"8,2";"°C"
"CXX359";"448.686";"5.428.915";"6.187";"Temperatur";"Karlsruhe (CXX359)";"Rhein";"2023";"12.01.2023";"8";"°C"
"CXX359";"448.686";"5.428.915";"6.187";"Temperatur";"Karlsruhe (CXX359)";"Rhein";"2023";"13.01.2023";"8";"°C"
"CXX359";"448.686";"5.428.915";"6.187";"Temperatur";"Karlsruhe (CXX359)";"Rhein";"2023";"14.01.2023";"7,9";"°C"
"CXX359";"448.686";"5.428.915";"6.187";"Temperatur";"Karlsruhe (CXX359)";"Rhein";"2023";"15.01.2023";"8";"°C"
"CXX359";"448.686";"5.428.915";"6.187";"Temperatur";"Karlsruhe (CXX359)";"Rhein";"2023";"16.01.2023";"7,6";"°C"
"CXX359";"448.686";"5.428.915";"6.187";"Temperatur";"Karlsruhe (CXX359)";"Rhein";"2023";"17.01.2023";"7,2";"°C"
"CXX359";"448.686";"5.428.915";"6.187";"Temperatur";"Karlsruhe (CXX359)";"Rhein";"2023";"18.01.2023";"7";"°C"
"CXX359";"448.686";"5.428.915";"6.187";"Temperatur";"Karlsruhe (CXX359)";"Rhein";"2023";"19.01.2023";"6,5";"°C"
"CXX359";"448.686";"5.428.915";"6.187";"Temperatur";"Karlsruhe (CXX359)";"Rhein";"2023";"20.01.2023";"6,1";"°C"
"CXX359";"448.686";"5.428.915";"6.187";"Temperatur";"Karlsruhe (CXX359)";"Rhein";"2023";"21.01.2023";"5,8";"°C"
"CXX359";"448.686";"5.428.915";"6.187";"Temperatur";"Karlsruhe (CXX359)";"Rhein";"2023";"22.01.2023";"5,5";"°C"
"CXX359";"448.686";"5.428.915";"6.187";"Temperatur";"Karlsruhe (CXX359)";"Rhein";"2023";"23.01.2023";"5,4";"°C"
"CXX359";"448.686";"5.428.915";"6.187";"Temperatur";"Karlsruhe (CXX359)";"Rhein";"2023";"24.01.2023";"5,2";"°C"
"CXX359";"448.686";"5.428.915";"6.187";"Temperatur";"Karlsruhe (CXX359)";"Rhein";"2023";"25.01.2023";"5,1";"°C"
"CXX359";"448.686";"5.428.915";"6.187";"Temperatur";"Karlsruhe (CXX359)";"Rhein";"2023";"26.01.2023";"5";"°C"
"CXX359";"448.686";"5.428.915";"6.187";"Temperatur";"Karlsruhe (CXX359)";"Rhein";"2023";"27.01.2023";"5";"°C"
"CXX359";"448.686";"5.428.915";"6.187";"Temperatur";"Karlsruhe (CXX359)";"Rhein";"2023";"28.01.2023";"5";"°C"
"CXX359";"448.686";"5.428.915";"6.187";"Temperatur";"Karlsruhe (CXX359)";"Rhein";"2023";"29.01.2023";"5";"°C"
"CXX359";"448.686";"5.428.915";"6.187";"Temperatur";"Karlsruhe (CXX359)";"Rhein";"2023";"30.01.2023";"4,8";"°C"
"CXX359";"448.686";"5.428.915";"6.187";"Temperatur";"Karlsruhe (CXX359)";"Rhein";"2023";"31.01.2023";"4,9";"°C"
"CXX359";"448.686";"5.428.915";"6.187";"Temperatur";"Karlsruhe (CXX359)";"Rhein";"2023";"01.02.2023";"5,2";"°C"
"CXX359";"448.686";"5.428.915";"6.187";"Temperatur";"Karlsruhe (CXX359)";"Rhein";"2023";"02.02.2023";"5,5";"°C"
"CXX359";"448.686";"5.428.915";"6.187";"Temperatur";"Karlsruhe (CXX359)";"Rhein";"2023";"03.02.2023";"5,8";"°C"
"CXX359";"448.686";"5.428.915";"6.187";"Temperatur";"Karlsruhe (CXX359)";"Rhein";"2023";"04.02.2023";"6,2";"°C"
"CXX359";"448.686";"5.428.915";"6.187";"Temperatur";"Karlsruhe (CXX359)";"Rhein";"2023";"05.02.2023";"6,1";"°C"
"CXX359";"448.686";"5.428.915";"6.187";"Temperatur";"Karlsruhe (CXX359)";"Rhein";"2023";"06.02.2023";"6,1";"°C"
"CXX359";"448.686";"5.428.915";"6.187";"Temperatur";"Karlsruhe (CXX359)";"Rhein";"2023";"07.02.2023";"5,6";"°C"
"CXX359";"448.686";"5.428.915";"6.187";"Temperatur";"Karlsruhe (CXX359)";"Rhein";"2023";"08.02.2023";"5,2";"°C"
"CXX359";"448.686";"5.428.915";"6.187";"Temperatur";"Karlsruhe (CXX359)";"Rhein";"2023";"09.02.2023";"5,2";"°C"
"CXX359";"448.686";"5.428.915";"6.187";"Temperatur";"Karlsruhe (CXX359)";"Rhein";"2023";"10.02.2023";"5,2";"°C"
"CXX359";"448.686";"5.428.915";"6.187";"Temperatur";"Karlsruhe (CXX359)";"Rhein";"2023";"11.02.2023";"5,4";"°C"
"CXX359";"448.686";"5.428.915";"6.187";"Temperatur";"Karlsruhe (CXX359)";"Rhein";"2023";"12.02.2023";"5,8";"°C"
"CXX359";"448.686";"5.428.915";"6.187";"Temperatur";"Karlsruhe (CXX359)";"Rhein";"2023";"13.02.2023";"5,8";"°C"
"CXX359";"448.686";"5.428.915";"6.187";"Temperatur";"Karlsruhe (CXX359)";"Rhein";"2023";"14.02.2023";"5,8";"°C"
"CXX359";"448.686";"5.428.915";"6.187";"Temperatur";"Karlsruhe (CXX359)";"Rhein";"2023";"15.02.2023";"5,7";"°C"
"CXX359";"448.686";"5.428.915";"6.187";"Temperatur";"Karlsruhe (CXX359)";"Rhein";"2023";"16.02.2023";"5,7";"°C"
"CXX359";"448.686";"5.428.915";"6.187";"Temperatur";"Karlsruhe (CXX359)";"Rhein";"2023";"17.02.2023";"6,1";"°C"
"CXX359";"448.686";"5.428.915";"6.187";"Temperatur";"Karlsruhe (CXX359)";"Rhein";"2023";"18.02.2023";"6,8";"°C"
"CXX359";"448.686";"5.428.915";"6.187";"Temperatur";"Karlsruhe (CXX359)";"Rhein";"2023";"19.02.2023";"7,3";"°C"
"CXX359";"448.686";"5.428.915";"6.187";"Temperatur";"Karlsruhe (CXX359)";"Rhein";"2023";"20.02.2023";"7,5";"°C"
"CXX359";"448.686";"5.428.915";"6.187";"Temperatur";"Karlsruhe (CXX359)";"Rhein";"2023";"21.02.2023";"7,7";"°C"
"CXX359";"448.686";"5.428.915";"6.187";"Temperatur";"Karlsruhe (CXX359)";"Rhein";"2023";"22.02.2023";"7,8";"°C"
"CXX359";"448.686";"5.428.915";"6.187";"Temperatur";"Karlsruhe (CXX359)";"Rhein";"2023";"23.02.2023";"8,1";"°C"
"CXX359";"448.686";"5.428.915";"6.187";"Temperatur";"Karlsruhe (CXX359)";"Rhein";"2023";"24.02.2023";"8,2";"°C"
"CXX359";"448.686";"5.428.915";"6.187";"Temperatur";"Karlsruhe (CXX359)";"Rhein";"2023";"25.02.2023";"8,2";"°C"
"CXX359";"448.686";"5.428.915";"6.187";"Temperatur";"Karlsruhe (CXX359)";"Rhein";"2023";"26.02.2023";"7,5";"°C"
"CXX359";"448.686";"5.428.915";"6.187";"Temperatur";"Karlsruhe (CXX359)";"Rhein";"2023";"27.02.2023";"6,8";"°C"
"CXX359";"448.686";"5.428.915";"6.187";"Temperatur";"Karlsruhe (CXX359)";"Rhein";"2023";"28.02.2023";"6,2";"°C"
"CXX359";"448.686";"5.428.915";"6.187";"Temperatur";"Karlsruhe (CXX359)";"Rhein";"2023";"01.03.2023";"5,9";"°C"
"CXX359";"448.686";"5.428.915";"6.187";"Temperatur";"Karlsruhe (CXX359)";"Rhein";"2023";"02.03.2023";"5,9";"°C"
"CXX359";"448.686";"5.428.915";"6.187";"Temperatur";"Karlsruhe (CXX359)";"Rhein";"2023";"03.03.2023";"6,2";"°C"
"CXX359";"448.686";"5.428.915";"6.187";"Temperatur";"Karlsruhe (CXX359)";"Rhein";"2023";"04.03.2023";"6,2";"°C"
"CXX359";"448.686";"5.428.915";"6.187";"Temperatur";"Karlsruhe (CXX359)";"Rhein";"2023";"05.03.2023";"6,2";"°C"
"CXX359";"448.686";"5.428.915";"6.187";"Temperatur";"Karlsruhe (CXX359)";"Rhein";"2023";"06.03.2023";"6,1";"°C"
"CXX359";"448.686";"5.428.915";"6.187";"Temperatur";"Karlsruhe (CXX359)";"Rhein";"2023";"07.03.2023";"6";"°C"
"CXX359";"448.686";"5.428.915";"6.187";"Temperatur";"Karlsruhe (CXX359)";"Rhein";"2023";"08.03.2023";"6";"°C"
"CXX359";"448.686";"5.428.915";"6.187";"Temperatur";"Karlsruhe (CXX359)";"Rhein";"2023";"09.03.2023";"6,6";"°C"
"CXX359";"448.686";"5.428.915";"6.187";"Temperatur";"Karlsruhe (CXX359)";"Rhein";"2023";"10.03.2023";"7,1";"°C"
"CXX359";"448.686";"5.428.915";"6.187";"Temperatur";"Karlsruhe (CXX359)";"Rhein";"2023";"11.03.2023";"7,3";"°C"
"CXX359";"448.686";"5.428.915";"6.187";"Temperatur";"Karlsruhe (CXX359)";"Rhein";"2023";"12.03.2023";"7,6";"°C"
"CXX359";"448.686";"5.428.915";"6.187";"Temperatur";"Karlsruhe (CXX359)";"Rhein";"2023";"13.03.2023";"8,3";"°C"
"CXX359";"448.686";"5.428.915";"6.187";"Temperatur";"Karlsruhe (CXX359)";"Rhein";"2023";"14.03.2023";"8,8";"°C"
"CXX359";"448.686";"5.428.915";"6.187";"Temperatur";"Karlsruhe (CXX359)";"Rhein";"2023";"15.03.2023";"8,5";"°C"
"CXX359";"448.686";"5.428.915";"6.187";"Temperatur";"Karlsruhe (CXX359)";"Rhein";"2023";"16.03.2023";"8,2";"°C"
"CXX359";"448.686";"5.428.915";"6.187";"Temperatur";"Karlsruhe (CXX359)";"Rhein";"2023";"17.03.2023";"8,5";"°C"
"CXX359";"448.686";"5.428.915";"6.187";"Temperatur";"Karlsruhe (CXX359)";"Rhein";"2023";"18.03.2023";"8,8";"°C"
"CXX359";"448.686";"5.428.915";"6.187";"Temperatur";"Karlsruhe (CXX359)";"Rhein";"2023";"19.03.2023";"9,1";"°C"
"CXX359";"448.686";"5.428.915";"6.187";"Temperatur";"Karlsruhe (CXX359)";"Rhein";"2023";"20.03.2023";"9,2";"°C"
"CXX359";"448.686";"5.428.915";"6.187";"Temperatur";"Karlsruhe (CXX359)";"Rhein";"2023";"21.03.2023";"9,3";"°C"
"CXX359";"448.686";"5.428.915";"6.187";"Temperatur";"Karlsruhe (CXX359)";"Rhein";"2023";"22.03.2023";"9,6";"°C"
"CXX359";"448.686";"5.428.915";"6.187";"Temperatur";"Karlsruhe (CXX359)";"Rhein";"2023";"23.03.2023";"10";"°C"
"CXX359";"448.686";"5.428.915";"6.187";"Temperatur";"Karlsruhe (CXX359)";"Rhein";"2023";"24.03.2023";"10,3";"°C"
"CXX359";"448.686";"5.428.915";"6.187";"Temperatur";"Karlsruhe (CXX359)";"Rhein";"2023";"25.03.2023";"10,4";"°C"
"CXX359";"448.686";"5.428.915";"6.187";"Temperatur";"Karlsruhe (CXX359)";"Rhein";"2023";"26.03.2023";"10,3";"°C"
"CXX359";"448.686";"5.428.915";"6.187";"Temperatur";"Karlsruhe (CXX359)";"Rhein";"2023";"27.03.2023";"10,1";"°C"
"CXX359";"448.686";"5.428.915";"6.187";"Temperatur";"Karlsruhe (CXX359)";"Rhein";"2023";"28.03.2023";"9,8";"°C"
"CXX359";"448.686";"5.428.915";"6.187";"Temperatur";"Karlsruhe (CXX359)";"Rhein";"2023";"29.03.2023";"9,9";"°C"
"CXX359";"448.686";"5.428.915";"6.187";"Temperatur";"Karlsruhe (CXX359)";"Rhein";"2023";"30.03.2023";"10,1";"°C"
"CXX359";"448.686";"5.428.915";"6.187";"Temperatur";"Karlsruhe (CXX359)";"Rhein";"2023";"31.03.2023";"10,1";"°C"
"CXX359";"448.686";"5.428.915";"6.187";"Temperatur";"Karlsruhe (CXX359)";"Rhein";"2023";"01.04.2023";"9,7";"°C"
"CXX359";"448.686";"5.428.915";"6.187";"Temperatur";"Karlsruhe (CXX359)";"Rhein";"2023";"02.04.2023";"9,6";"°C"
"CXX359";"448.686";"5.428.915";"6.187";"Temperatur";"Karlsruhe (CXX359)";"Rhein";"2023";"03.04.2023";"9,5";"°C"
"CXX359";"448.686";"5.428.915";"6.187";"Temperatur";"Karlsruhe (CXX359)";"Rhein";"2023";"04.04.2023";"9,1";"°C"
"CXX359";"448.686";"5.428.915";"6.187";"Temperatur";"Karlsruhe (CXX359)";"Rhein";"2023";"05.04.2023";"9,1";"°C"
"CXX359";"448.686";"5.428.915";"6.187";"Temperatur";"Karlsruhe (CXX359)";"Rhein";"2023";"06.04.2023";"9,2";"°C"
"CXX359";"448.686";"5.428.915";"6.187";"Temperatur";"Karlsruhe (CXX359)";"Rhein";"2023";"07.04.2023";"9,6";"°C"
"CXX359";"448.686";"5.428.915";"6.187";"Temperatur";"Karlsruhe (CXX359)";"Rhein";"2023";"08.04.2023";"9,8";"°C"
"CXX359";"448.686";"5.428.915";"6.187";"Temperatur";"Karlsruhe (CXX359)";"Rhein";"2023";"09.04.2023";"9,9";"°C"
"CXX359";"448.686";"5.428.915";"6.187";"Temperatur";"Karlsruhe (CXX359)";"Rhein";"2023";"10.04.2023";"10,1";"°C"
"CXX359";"448.686";"5.428.915";"6.187";"Temperatur";"Karlsruhe (CXX359)";"Rhein";"2023";"11.04.2023";"10,5";"°C"
"CXX359";"448.686";"5.428.915";"6.187";"Temperatur";"Karlsruhe (CXX359)";"Rhein";"2023";"12.04.2023";"10,5";"°C"
"CXX359";"448.686";"5.428.915";"6.187";"Temperatur";"Karlsruhe (CXX359)";"Rhein";"2023";"13.04.2023";"10,5";"°C"
"CXX359";"448.686";"5.428.915";"6.187";"Temperatur";"Karlsruhe (CXX359)";"Rhein";"2023";"14.04.2023";"10,7";"°C"
"CXX359";"448.686";"5.428.915";"6.187";"Temperatur";"Karlsruhe (CXX359)";"Rhein";"2023";"15.04.2023";"10,9";"°C"
"CXX359";"448.686";"5.428.915";"6.187";"Temperatur";"Karlsruhe (CXX359)";"Rhein";"2023";"16.04.2023";"11,1";"°C"
"CXX359";"448.686";"5.428.915";"6.187";"Temperatur";"Karlsruhe (CXX359)";"Rhein";"2023";"17.04.2023";"10,9";"°C"
"CXX359";"448.686";"5.428.915";"6.187";"Temperatur";"Karlsruhe (CXX359)";"Rhein";"2023";"18.04.2023";"10,4";"°C"
"CXX359";"448.686";"5.428.915";"6.187";"Temperatur";"Karlsruhe (CXX359)";"Rhein";"2023";"19.04.2023";"10,5";"°C"
"CXX359";"448.686";"5.428.915";"6.187";"Temperatur";"Karlsruhe (CXX359)";"Rhein";"2023";"20.04.2023";"10,2";"°C"
"CXX359";"448.686";"5.428.915";"6.187";"Temperatur";"Karlsruhe (CXX359)";"Rhein";"2023";"21.04.2023";"10,5";"°C"
"CXX359";"448.686";"5.428.915";"6.187";"Temperatur";"Karlsruhe (CXX359)";"Rhein";"2023";"22.04.2023";"11,3";"°C"
"CXX359";"448.686";"5.428.915";"6.187";"Temperatur";"Karlsruhe (CXX359)";"Rhein";"2023";"23.04.2023";"11,9";"°C"
"CXX359";"448.686";"5.428.915";"6.187";"Temperatur";"Karlsruhe (CXX359)";"Rhein";"2023";"24.04.2023";"11,7";"°C"
"CXX359";"448.686";"5.428.915";"6.187";"Temperatur";"Karlsruhe (CXX359)";"Rhein";"2023";"25.04.2023";"11,2";"°C"
"CXX359";"448.686";"5.428.915";"6.187";"Temperatur";"Karlsruhe (CXX359)";"Rhein";"2023";"26.04.2023";"11,4";"°C"
"CXX359";"448.686";"5.428.915";"6.187";"Temperatur";"Karlsruhe (CXX359)";"Rhein";"2023";"27.04.2023";"12,1";"°C"
"CXX359";"448.686";"5.428.915";"6.187";"Temperatur";"Karlsruhe (CXX359)";"Rhein";"2023";"28.04.2023";"12,6";"°C"
"CXX359";"448.686";"5.428.915";"6.187";"Temperatur";"Karlsruhe (CXX359)";"Rhein";"2023";"29.04.2023";"12,4";"°C"
"CXX359";"448.686";"5.428.915";"6.187";"Temperatur";"Karlsruhe (CXX359)";"Rhein";"2023";"30.04.2023";"12,6";"°C"
"CXX359";"448.686";"5.428.915";"6.187";"Temperatur";"Karlsruhe (CXX359)";"Rhein";"2023";"01.05.2023";"13";"°C"
"CXX359";"448.686";"5.428.915";"6.187";"Temperatur";"Karlsruhe (CXX359)";"Rhein";"2023";"02.05.2023";"13,3";"°C"
"CXX359";"448.686";"5.428.915";"6.187";"Temperatur";"Karlsruhe (CXX359)";"Rhein";"2023";"03.05.2023";"13,5";"°C"
"CXX359";"448.686";"5.428.915";"6.187";"Temperatur";"Karlsruhe (CXX359)";"Rhein";"2023";"04.05.2023";"13,6";"°C"
"CXX359";"448.686";"5.428.915";"6.187";"Temperatur";"Karlsruhe (CXX359)";"Rhein";"2023";"05.05.2023";"13,9";"°C"
"CXX359";"448.686";"5.428.915";"6.187";"Temperatur";"Karlsruhe (CXX359)";"Rhein";"2023";"06.05.2023";"14,3";"°C"
"CXX359";"448.686";"5.428.915";"6.187";"Temperatur";"Karlsruhe (CXX359)";"Rhein";"2023";"07.05.2023";"14,8";"°C"
"CXX359";"448.686";"5.428.915";"6.187";"Temperatur";"Karlsruhe (CXX359)";"Rhein";"2023";"08.05.2023";"15";"°C"
"CXX359";"448.686";"5.428.915";"6.187";"Temperatur";"Karlsruhe (CXX359)";"Rhein";"2023";"09.05.2023";"15,3";"°C"
"CXX359";"448.686";"5.428.915";"6.187";"Temperatur";"Karlsruhe (CXX359)";"Rhein";"2023";"10.05.2023";"15,6";"°C"
"CXX359";"448.686";"5.428.915";"6.187";"Temperatur";"Karlsruhe (CXX359)";"Rhein";"2023";"11.05.2023";"15";"°C"
"CXX359";"448.686";"5.428.915";"6.187";"Temperatur";"Karlsruhe (CXX359)";"Rhein";"2023";"12.05.2023";"14,8";"°C"
"CXX359";"448.686";"5.428.915";"6.187";"Temperatur";"Karlsruhe (CXX359)";"Rhein";"2023";"13.05.2023";"14,2";"°C"
"CXX359";"448.686";"5.428.915";"6.187";"Temperatur";"Karlsruhe (CXX359)";"Rhein";"2023";"14.05.2023";"14,3";"°C"
"CXX359";"448.686";"5.428.915";"6.187";"Temperatur";"Karlsruhe (CXX359)";"Rhein";"2023";"15.05.2023";"14,6";"°C"
"CXX359";"448.686";"5.428.915";"6.187";"Temperatur";"Karlsruhe (CXX359)";"Rhein";"2023";"16.05.2023";"14,5";"°C"
"CXX359";"448.686";"5.428.915";"6.187";"Temperatur";"Karlsruhe (CXX359)";"Rhein";"2023";"17.05.2023";"13,7";"°C"
"CXX359";"448.686";"5.428.915";"6.187";"Temperatur";"Karlsruhe (CXX359)";"Rhein";"2023";"18.05.2023";"13,7";"°C"
"CXX359";"448.686";"5.428.915";"6.187";"Temperatur";"Karlsruhe (CXX359)";"Rhein";"2023";"19.05.2023";"13,7";"°C"
"CXX359";"448.686";"5.428.915";"6.187";"Temperatur";"Karlsruhe (CXX359)";"Rhein";"2023";"20.05.2023";"13,5";"°C"
"CXX359";"448.686";"5.428.915";"6.187";"Temperatur";"Karlsruhe (CXX359)";"Rhein";"2023";"21.05.2023";"14,1";"°C"
"CXX359";"448.686";"5.428.915";"6.187";"Temperatur";"Karlsruhe (CXX359)";"Rhein";"2023";"22.05.2023";"14,8";"°C"
"CXX359";"448.686";"5.428.915";"6.187";"Temperatur";"Karlsruhe (CXX359)";"Rhein";"2023";"23.05.2023";"15,2";"°C"
"CXX359";"448.686";"5.428.915";"6.187";"Temperatur";"Karlsruhe (CXX359)";"Rhein";"2023";"24.05.2023";"15,5";"°C"
"CXX359";"448.686";"5.428.915";"6.187";"Temperatur";"Karlsruhe (CXX359)";"Rhein";"2023";"25.05.2023";"15,8";"°C"
"CXX359";"448.686";"5.428.915";"6.187";"Temperatur";"Karlsruhe (CXX359)";"Rhein";"2023";"26.05.2023";"16,2";"°C"
"CXX359";"448.686";"5.428.915";"6.187";"Temperatur";"Karlsruhe (CXX359)";"Rhein";"2023";"27.05.2023";"16,3";"°C"
"CXX359";"448.686";"5.428.915";"6.187";"Temperatur";"Karlsruhe (CXX359)";"Rhein";"2023";"28.05.2023";"16,7";"°C"
"CXX359";"448.686";"5.428.915";"6.187";"Temperatur";"Karlsruhe (CXX359)";"Rhein";"2023";"29.05.2023";"17,2";"°C"
"CXX359";"448.686";"5.428.915";"6.187";"Temperatur";"Karlsruhe (CXX359)";"Rhein";"2023";"30.05.2023";"17,5";"°C"
"CXX359";"448.686";"5.428.915";"6.187";"Temperatur";"Karlsruhe (CXX359)";"Rhein";"2023";"31.05.2023";"17,7";"°C"
"CXX359";"448.686";"5.428.915";"6.187";"Temperatur";"Karlsruhe (CXX359)";"Rhein";"2023";"01.06.2023";"18,2";"°C"
"CXX359";"448.686";"5.428.915";"6.187";"Temperatur";"Karlsruhe (CXX359)";"Rhein";"2023";"02.06.2023";"18,5";"°C"
"CXX359";"448.686";"5.428.915";"6.187";"Temperatur";"Karlsruhe (CXX359)";"Rhein";"2023";"03.06.2023";"18,7";"°C"
"CXX359";"448.686";"5.428.915";"6.187";"Temperatur";"Karlsruhe (CXX359)";"Rhein";"2023";"04.06.2023";"19";"°C"
"CXX359";"448.686";"5.428.915";"6.187";"Temperatur";"Karlsruhe (CXX359)";"Rhein";"2023";"05.06.2023";"19,2";"°C"
"CXX359";"448.686";"5.428.915";"6.187";"Temperatur";"Karlsruhe (CXX359)";"Rhein";"2023";"06.06.2023";"19,6";"°C"
"CXX359";"448.686";"5.428.915";"6.187";"Temperatur";"Karlsruhe (CXX359)";"Rhein";"2023";"07.06.2023";"20,2";"°C"
"CXX359";"448.686";"5.428.915";"6.187";"Temperatur";"Karlsruhe (CXX359)";"Rhein";"2023";"08.06.2023";"20,6";"°C"
"CXX359";"448.686";"5.428.915";"6.187";"Temperatur";"Karlsruhe (CXX359)";"Rhein";"2023";"09.06.2023";"20,8";"°C"
"CXX359";"448.686";"5.428.915";"6.187";"Temperatur";"Karlsruhe (CXX359)";"Rhein";"2023";"10.06.2023";"21,2";"°C"
"CXX359";"448.686";"5.428.915";"6.187";"Temperatur";"Karlsruhe (CXX359)";"Rhein";"2023";"11.06.2023";"21,7";"°C"
"CXX359";"448.686";"5.428.915";"6.187";"Temperatur";"Karlsruhe (CXX359)";"Rhein";"2023";"12.06.2023";"22";"°C"
"CXX359";"448.686";"5.428.915";"6.187";"Temperatur";"Karlsruhe (CXX359)";"Rhein";"2023";"13.06.2023";"21,9";"°C"
"CXX359";"448.686";"5.428.915";"6.187";"Temperatur";"Karlsruhe (CXX359)";"Rhein";"2023";"14.06.2023";"21,9";"°C"
"CXX359";"448.686";"5.428.915";"6.187";"Temperatur";"Karlsruhe (CXX359)";"Rhein";"2023";"15.06.2023";"22";"°C"
"CXX359";"448.686";"5.428.915";"6.187";"Temperatur";"Karlsruhe (CXX359)";"Rhein";"2023";"16.06.2023";"22,3";"°C"
"CXX359";"448.686";"5.428.915";"6.187";"Temperatur";"Karlsruhe (CXX359)";"Rhein";"2023";"17.06.2023";"22,6";"°C"
"CXX359";"448.686";"5.428.915";"6.187";"Temperatur";"Karlsruhe (CXX359)";"Rhein";"2023";"18.06.2023";"22,9";"°C"
"CXX359";"448.686";"5.428.915";"6.187";"Temperatur";"Karlsruhe (CXX359)";"Rhein";"2023";"19.06.2023";"23";"°C"
"CXX359";"448.686";"5.428.915";"6.187";"Temperatur";"Karlsruhe (CXX359)";"Rhein";"2023";"20.06.2023";"23,4";"°C"
"CXX359";"448.686";"5.428.915";"6.187";"Temperatur";"Karlsruhe (CXX359)";"Rhein";"2023";"21.06.2023";"23,4";"°C"
"CXX359";"448.686";"5.428.915";"6.187";"Temperatur";"Karlsruhe (CXX359)";"Rhein";"2023";"22.06.2023";"23,4";"°C"
"CXX359";"448.686";"5.428.915";"6.187";"Temperatur";"Karlsruhe (CXX359)";"Rhein";"2023";"23.06.2023";"23,5";"°C"
"CXX359";"448.686";"5.428.915";"6.187";"Temperatur";"Karlsruhe (CXX359)";"Rhein";"2023";"24.06.2023";"23,7";"°C"
"CXX359";"448.686";"5.428.915";"6.187";"Temperatur";"Karlsruhe (CXX359)";"Rhein";"2023";"25.06.2023";"23,7";"°C"
"CXX359";"448.686";"5.428.915";"6.187";"Temperatur";"Karlsruhe (CXX359)";"Rhein";"2023";"26.06.2023";"23,7";"°C"
"CXX359";"448.686";"5.428.915";"6.187";"Temperatur";"Karlsruhe (CXX359)";"Rhein";"2023";"27.06.2023";"23,4";"°C"
"CXX359";"448.686";"5.428.915";"6.187";"Temperatur";"Karlsruhe (CXX359)";"Rhein";"2023";"28.06.2023";"23,4";"°C"
"CXX359";"448.686";"5.428.915";"6.187";"Temperatur";"Karlsruhe (CXX359)";"Rhein";"2023";"29.06.2023";"23,1";"°C"
"CXX359";"448.686";"5.428.915";"6.187";"Temperatur";"Karlsruhe (CXX359)";"Rhein";"2023";"30.06.2023";"23";"°C"
"CXX359";"448.686";"5.428.915";"6.187";"Temperatur";"Karlsruhe (CXX359)";"Rhein";"2023";"01.07.2023";"22,6";"°C"
"CXX359";"448.686";"5.428.915";"6.187";"Temperatur";"Karlsruhe (CXX359)";"Rhein";"2023";"02.07.2023";"22,3";"°C"
"CXX359";"448.686";"5.428.915";"6.187";"Temperatur";"Karlsruhe (CXX359)";"Rhein";"2023";"03.07.2023";"22,1";"°C"
"CXX359";"448.686";"5.428.915";"6.187";"Temperatur";"Karlsruhe (CXX359)";"Rhein";"2023";"04.07.2023";"22,1";"°C"
"CXX359";"448.686";"5.428.915";"6.187";"Temperatur";"Karlsruhe (CXX359)";"Rhein";"2023";"05.07.2023";"22,2";"°C"
"CXX359";"448.686";"5.428.915";"6.187";"Temperatur";"Karlsruhe (CXX359)";"Rhein";"2023";"06.07.2023";"22,4";"°C"
"CXX359";"448.686";"5.428.915";"6.187";"Temperatur";"Karlsruhe (CXX359)";"Rhein";"2023";"07.07.2023";"22,5";"°C"
"CXX359";"448.686";"5.428.915";"6.187";"Temperatur";"Karlsruhe (CXX359)";"Rhein";"2023";"08.07.2023";"23";"°C"
"CXX359";"448.686";"5.428.915";"6.187";"Temperatur";"Karlsruhe (CXX359)";"Rhein";"2023";"09.07.2023";"23,5";"°C"
"CXX359";"448.686";"5.428.915";"6.187";"Temperatur";"Karlsruhe (CXX359)";"Rhein";"2023";"10.07.2023";"23,9";"°C"
"CXX359";"448.686";"5.428.915";"6.187";"Temperatur";"Karlsruhe (CXX359)";"Rhein";"2023";"11.07.2023";"24,3";"°C"
"CXX359";"448.686";"5.428.915";"6.187";"Temperatur";"Karlsruhe (CXX359)";"Rhein";"2023";"12.07.2023";"24,3";"°C"
"CXX359";"448.686";"5.428.915";"6.187";"Temperatur";"Karlsruhe (CXX359)";"Rhein";"2023";"13.07.2023";"24,1";"°C"
"CXX359";"448.686";"5.428.915";"6.187";"Temperatur";"Karlsruhe (CXX359)";"Rhein";"2023";"14.07.2023";"24,3";"°C"
"CXX359";"448.686";"5.428.915";"6.187";"Temperatur";"Karlsruhe (CXX359)";"Rhein";"2023";"15.07.2023";"24,4";"°C"
"CXX359";"448.686";"5.428.915";"6.187";"Temperatur";"Karlsruhe (CXX359)";"Rhein";"2023";"16.07.2023";"24,2";"°C"
"CXX359";"448.686";"5.428.915";"6.187";"Temperatur";"Karlsruhe (CXX359)";"Rhein";"2023";"17.07.2023";"24";"°C"
"CXX359";"448.686";"5.428.915";"6.187";"Temperatur";"Karlsruhe (CXX359)";"Rhein";"2023";"18.07.2023";"23,6";"°C"
"CXX359";"448.686";"5.428.915";"6.187";"Temperatur";"Karlsruhe (CXX359)";"Rhein";"2023";"19.07.2023";"23,5";"°C"
"CXX359";"448.686";"5.428.915";"6.187";"Temperatur";"Karlsruhe (CXX359)";"Rhein";"2023";"20.07.2023";"23,4";"°C"
"CXX359";"448.686";"5.428.915";"6.187";"Temperatur";"Karlsruhe (CXX359)";"Rhein";"2023";"21.07.2023";"23,2";"°C"
"CXX359";"448.686";"5.428.915";"6.187";"Temperatur";"Karlsruhe (CXX359)";"Rhein";"2023";"22.07.2023";"23,2";"°C"
"CXX359";"448.686";"5.428.915";"6.187";"Temperatur";"Karlsruhe (CXX359)";"Rhein";"2023";"23.07.2023";"23,2";"°C"
"CXX359";"448.686";"5.428.915";"6.187";"Temperatur";"Karlsruhe (CXX359)";"Rhein";"2023";"24.07.2023";"23,1";"°C"
"CXX359";"448.686";"5.428.915";"6.187";"Temperatur";"Karlsruhe (CXX359)";"Rhein";"2023";"25.07.2023";"22,6";"°C"
"CXX359";"448.686";"5.428.915";"6.187";"Temperatur";"Karlsruhe (CXX359)";"Rhein";"2023";"26.07.2023";"22,1";"°C"
"CXX359";"448.686";"5.428.915";"6.187";"Temperatur";"Karlsruhe (CXX359)";"Rhein";"2023";"27.07.2023";"21,8";"°C"
"CXX359";"448.686";"5.428.915";"6.187";"Temperatur";"Karlsruhe (CXX359)";"Rhein";"2023";"28.07.2023";"21,8";"°C"
"CXX359";"448.686";"5.428.915";"6.187";"Temperatur";"Karlsruhe (CXX359)";"Rhein";"2023";"29.07.2023";"21,8";"°C"
"CXX359";"448.686";"5.428.915";"6.187";"Temperatur";"Karlsruhe (CXX359)";"Rhein";"2023";"30.07.2023";"21,6";"°C"
"CXX359";"448.686";"5.428.915";"6.187";"Temperatur";"Karlsruhe (CXX359)";"Rhein";"2023";"31.07.2023";"21,1";"°C"
"CXX359";"448.686";"5.428.915";"6.187";"Temperatur";"Karlsruhe (CXX359)";"Rhein";"2023";"01.08.2023";"21";"°C"
"CXX359";"448.686";"5.428.915";"6.187";"Temperatur";"Karlsruhe (CXX359)";"Rhein";"2023";"02.08.2023";"20,9";"°C"
"CXX359";"448.686";"5.428.915";"6.187";"Temperatur";"Karlsruhe (CXX359)";"Rhein";"2023";"03.08.2023";"20,4";"°C"
"CXX359";"448.686";"5.428.915";"6.187";"Temperatur";"Karlsruhe (CXX359)";"Rhein";"2023";"04.08.2023";"20,4";"°C"
"CXX359";"448.686";"5.428.915";"6.187";"Temperatur";"Karlsruhe (CXX359)";"Rhein";"2023";"05.08.2023";"20,5";"°C"
"CXX359";"448.686";"5.428.915";"6.187";"Temperatur";"Karlsruhe (CXX359)";"Rhein";"2023";"06.08.2023";"20,3";"°C"
"CXX359";"448.686";"5.428.915";"6.187";"Temperatur";"Karlsruhe (CXX359)";"Rhein";"2023";"07.08.2023";"19,6";"°C"
"CXX359";"448.686";"5.428.915";"6.187";"Temperatur";"Karlsruhe (CXX359)";"Rhein";"2023";"08.08.2023";"19,8";"°C"
"CXX359";"448.686";"5.428.915";"6.187";"Temperatur";"Karlsruhe (CXX359)";"Rhein";"2023";"09.08.2023";"19,6";"°C"
"CXX359";"448.686";"5.428.915";"6.187";"Temperatur";"Karlsruhe (CXX359)";"Rhein";"2023";"10.08.2023";"19,5";"°C"
"CXX359";"448.686";"5.428.915";"6.187";"Temperatur";"Karlsruhe (CXX359)";"Rhein";"2023";"11.08.2023";"19,7";"°C"
"CXX359";"448.686";"5.428.915";"6.187";"Temperatur";"Karlsruhe (CXX359)";"Rhein";"2023";"12.08.2023";"20,1";"°C"
"CXX359";"448.686";"5.428.915";"6.187";"Temperatur";"Karlsruhe (CXX359)";"Rhein";"2023";"13.08.2023";"20,6";"°C"
"CXX359";"448.686";"5.428.915";"6.187";"Temperatur";"Karlsruhe (CXX359)";"Rhein";"2023";"14.08.2023";"21,2";"°C"
"CXX359";"448.686";"5.428.915";"6.187";"Temperatur";"Karlsruhe (CXX359)";"Rhein";"2023";"15.08.2023";"21,8";"°C"
"CXX359";"448.686";"5.428.915";"6.187";"Temperatur";"Karlsruhe (CXX359)";"Rhein";"2023";"16.08.2023";"22,4";"°C"
"CXX359";"448.686";"5.428.915";"6.187";"Temperatur";"Karlsruhe (CXX359)";"Rhein";"2023";"17.08.2023";"22,6";"°C"
"CXX359";"448.686";"5.428.915";"6.187";"Temperatur";"Karlsruhe (CXX359)";"Rhein";"2023";"18.08.2023";"23,1";"°C"
"CXX359";"448.686";"5.428.915";"6.187";"Temperatur";"Karlsruhe (CXX359)";"Rhein";"2023";"19.08.2023";"23,4";"°C"
"CXX359";"448.686";"5.428.915";"6.187";"Temperatur";"Karlsruhe (CXX359)";"Rhein";"2023";"20.08.2023";"23,9";"°C"
"CXX359";"448.686";"5.428.915";"6.187";"Temperatur";"Karlsruhe (CXX359)";"Rhein";"2023";"21.08.2023";"24,4";"°C"
"CXX359";"448.686";"5.428.915";"6.187";"Temperatur";"Karlsruhe (CXX359)";"Rhein";"2023";"22.08.2023";"24,7";"°C"
"CXX359";"448.686";"5.428.915";"6.187";"Temperatur";"Karlsruhe (CXX359)";"Rhein";"2023";"23.08.2023";"24,8";"°C"
"CXX359";"448.686";"5.428.915";"6.187";"Temperatur";"Karlsruhe (CXX359)";"Rhein";"2023";"24.08.2023";"24,7";"°C"
"CXX359";"448.686";"5.428.915";"6.187";"Temperatur";"Karlsruhe (CXX359)";"Rhein";"2023";"25.08.2023";"24,4";"°C"
"CXX359";"448.686";"5.428.915";"6.187";"Temperatur";"Karlsruhe (CXX359)";"Rhein";"2023";"26.08.2023";"24";"°C"
"CXX359";"448.686";"5.428.915";"6.187";"Temperatur";"Karlsruhe (CXX359)";"Rhein";"2023";"27.08.2023";"23,6";"°C"
"CXX359";"448.686";"5.428.915";"6.187";"Temperatur";"Karlsruhe (CXX359)";"Rhein";"2023";"28.08.2023";"22,9";"°C"
"CXX359";"448.686";"5.428.915";"6.187";"Temperatur";"Karlsruhe (CXX359)";"Rhein";"2023";"29.08.2023";"22,3";"°C"
"CXX359";"448.686";"5.428.915";"6.187";"Temperatur";"Karlsruhe (CXX359)";"Rhein";"2023";"30.08.2023";"21,4";"°C"
"CXX359";"448.686";"5.428.915";"6.187";"Temperatur";"Karlsruhe (CXX359)";"Rhein";"2023";"31.08.2023";"19,9";"°C"
"CXX359";"448.686";"5.428.915";"6.187";"Temperatur";"Karlsruhe (CXX359)";"Rhein";"2023";"01.09.2023";"19";"°C"
"CXX359";"448.686";"5.428.915";"6.187";"Temperatur";"Karlsruhe (CXX359)";"Rhein";"2023";"02.09.2023";"19,5";"°C"
"CXX359";"448.686";"5.428.915";"6.187";"Temperatur";"Karlsruhe (CXX359)";"Rhein";"2023";"03.09.2023";"20,3";"°C"
"CXX359";"448.686";"5.428.915";"6.187";"Temperatur";"Karlsruhe (CXX359)";"Rhein";"2023";"04.09.2023";"20,5";"°C"
"CXX359";"448.686";"5.428.915";"6.187";"Temperatur";"Karlsruhe (CXX359)";"Rhein";"2023";"05.09.2023";"20,9";"°C"
"CXX359";"448.686";"5.428.915";"6.187";"Temperatur";"Karlsruhe (CXX359)";"Rhein";"2023";"06.09.2023";"21,3";"°C"
"CXX359";"448.686";"5.428.915";"6.187";"Temperatur";"Karlsruhe (CXX359)";"Rhein";"2023";"07.09.2023";"21,6";"°C"
"CXX359";"448.686";"5.428.915";"6.187";"Temperatur";"Karlsruhe (CXX359)";"Rhein";"2023";"08.09.2023";"21,8";"°C"
"CXX359";"448.686";"5.428.915";"6.187";"Temperatur";"Karlsruhe (CXX359)";"Rhein";"2023";"09.09.2023";"22,2";"°C"
"CXX359";"448.686";"5.428.915";"6.187";"Temperatur";"Karlsruhe (CXX359)";"Rhein";"2023";"10.09.2023";"22,4";"°C"
"CXX359";"448.686";"5.428.915";"6.187";"Temperatur";"Karlsruhe (CXX359)";"Rhein";"2023";"11.09.2023";"22,5";"°C"
"CXX359";"448.686";"5.428.915";"6.187";"Temperatur";"Karlsruhe (CXX359)";"Rhein";"2023";"12.09.2023";"22,7";"°C"
"CXX359";"448.686";"5.428.915";"6.187";"Temperatur";"Karlsruhe (CXX359)";"Rhein";"2023";"13.09.2023";"22,6";"°C"
"CXX359";"448.686";"5.428.915";"6.187";"Temperatur";"Karlsruhe (CXX359)";"Rhein";"2023";"14.09.2023";"22,3";"°C"
"CXX359";"448.686";"5.428.915";"6.187";"Temperatur";"Karlsruhe (CXX359)";"Rhein";"2023";"15.09.2023";"21,9";"°C"
"CXX359";"448.686";"5.428.915";"6.187";"Temperatur";"Karlsruhe (CXX359)";"Rhein";"2023";"16.09.2023";"22";"°C"
"CXX359";"448.686";"5.428.915";"6.187";"Temperatur";"Karlsruhe (CXX359)";"Rhein";"2023";"17.09.2023";"22,1";"°C"
"CXX359";"448.686";"5.428.915";"6.187";"Temperatur";"Karlsruhe (CXX359)";"Rhein";"2023";"18.09.2023";"22";"°C"
"CXX359";"448.686";"5.428.915";"6.187";"Temperatur";"Karlsruhe (CXX359)";"Rhein";"2023";"19.09.2023";"21,4";"°C"
"CXX359";"448.686";"5.428.915";"6.187";"Temperatur";"Karlsruhe (CXX359)";"Rhein";"2023";"20.09.2023";"21,2";"°C"
"CXX359";"448.686";"5.428.915";"6.187";"Temperatur";"Karlsruhe (CXX359)";"Rhein";"2023";"21.09.2023";"21,2";"°C"
"CXX359";"448.686";"5.428.915";"6.187";"Temperatur";"Karlsruhe (CXX359)";"Rhein";"2023";"22.09.2023";"21";"°C"
"CXX359";"448.686";"5.428.915";"6.187";"Temperatur";"Karlsruhe (CXX359)";"Rhein";"2023";"23.09.2023";"20,6";"°C"
"CXX359";"448.686";"5.428.915";"6.187";"Temperatur";"Karlsruhe (CXX359)";"Rhein";"2023";"24.09.2023";"20,1";"°C"
"CXX359";"448.686";"5.428.915";"6.187";"Temperatur";"Karlsruhe (CXX359)";"Rhein";"2023";"25.09.2023";"19,7";"°C"
"CXX359";"448.686";"5.428.915";"6.187";"Temperatur";"Karlsruhe (CXX359)";"Rhein";"2023";"26.09.2023";"19,8";"°C"
"CXX359";"448.686";"5.428.915";"6.187";"Temperatur";"Karlsruhe (CXX359)";"Rhein";"2023";"27.09.2023";"19,7";"°C"
"CXX359";"448.686";"5.428.915";"6.187";"Temperatur";"Karlsruhe (CXX359)";"Rhein";"2023";"28.09.2023";"19,5";"°C"
"CXX359";"448.686";"5.428.915";"6.187";"Temperatur";"Karlsruhe (CXX359)";"Rhein";"2023";"29.09.2023";"19,6";"°C"
"CXX359";"448.686";"5.428.915";"6.187";"Temperatur";"Karlsruhe (CXX359)";"Rhein";"2023";"30.09.2023";"19,6";"°C"
"CXX359";"448.686";"5.428.915";"6.187";"Temperatur";"Karlsruhe (CXX359)";"Rhein";"2023";"01.10.2023";"19,5";"°C"
"CXX359";"448.686";"5.428.915";"6.187";"Temperatur";"Karlsruhe (CXX359)";"Rhein";"2023";"02.10.2023";"19,5";"°C"
"CXX359";"448.686";"5.428.915";"6.187";"Temperatur";"Karlsruhe (CXX359)";"Rhein";"2023";"03.10.2023";"19,4";"°C"
"CXX359";"448.686";"5.428.915";"6.187";"Temperatur";"Karlsruhe (CXX359)";"Rhein";"2023";"04.10.2023";"19,1";"°C"
"CXX359";"448.686";"5.428.915";"6.187";"Temperatur";"Karlsruhe (CXX359)";"Rhein";"2023";"05.10.2023";"18,9";"°C"
"CXX359";"448.686";"5.428.915";"6.187";"Temperatur";"Karlsruhe (CXX359)";"Rhein";"2023";"06.10.2023";"18,7";"°C"
"CXX359";"448.686";"5.428.915";"6.187";"Temperatur";"Karlsruhe (CXX359)";"Rhein";"2023";"07.10.2023";"18,4";"°C"
"CXX359";"448.686";"5.428.915";"6.187";"Temperatur";"Karlsruhe (CXX359)";"Rhein";"2023";"08.10.2023";"18,3";"°C"
"CXX359";"448.686";"5.428.915";"6.187";"Temperatur";"Karlsruhe (CXX359)";"Rhein";"2023";"09.10.2023";"18,3";"°C"
"CXX359";"448.686";"5.428.915";"6.187";"Temperatur";"Karlsruhe (CXX359)";"Rhein";"2023";"10.10.2023";"18,4";"°C"
"CXX359";"448.686";"5.428.915";"6.187";"Temperatur";"Karlsruhe (CXX359)";"Rhein";"2023";"11.10.2023";"18,4";"°C"
"CXX359";"448.686";"5.428.915";"6.187";"Temperatur";"Karlsruhe (CXX359)";"Rhein";"2023";"12.10.2023";"18,2";"°C"
"CXX359";"448.686";"5.428.915";"6.187";"Temperatur";"Karlsruhe (CXX359)";"Rhein";"2023";"13.10.2023";"18,3";"°C"
"CXX359";"448.686";"5.428.915";"6.187";"Temperatur";"Karlsruhe (CXX359)";"Rhein";"2023";"14.10.2023";"18";"°C"
"CXX359";"448.686";"5.428.915";"6.187";"Temperatur";"Karlsruhe (CXX359)";"Rhein";"2023";"15.10.2023";"17,5";"°C"
"CXX359";"448.686";"5.428.915";"6.187";"Temperatur";"Karlsruhe (CXX359)";"Rhein";"2023";"16.10.2023";"16,7";"°C"
"CXX359";"448.686";"5.428.915";"6.187";"Temperatur";"Karlsruhe (CXX359)";"Rhein";"2023";"17.10.2023";"15,9";"°C"
"CXX359";"448.686";"5.428.915";"6.187";"Temperatur";"Karlsruhe (CXX359)";"Rhein";"2023";"18.10.2023";"15,5";"°C"
"CXX359";"448.686";"5.428.915";"6.187";"Temperatur";"Karlsruhe (CXX359)";"Rhein";"2023";"19.10.2023";"15,7";"°C"
"CXX359";"448.686";"5.428.915";"6.187";"Temperatur";"Karlsruhe (CXX359)";"Rhein";"2023";"20.10.2023";"15,8";"°C"
"CXX359";"448.686";"5.428.915";"6.187";"Temperatur";"Karlsruhe (CXX359)";"Rhein";"2023";"21.10.2023";"15,8";"°C"
"CXX359";"448.686";"5.428.915";"6.187";"Temperatur";"Karlsruhe (CXX359)";"Rhein";"2023";"22.10.2023";"15,6";"°C"
"CXX359";"448.686";"5.428.915";"6.187";"Temperatur";"Karlsruhe (CXX359)";"Rhein";"2023";"23.10.2023";"15,2";"°C"
"CXX359";"448.686";"5.428.915";"6.187";"Temperatur";"Karlsruhe (CXX359)";"Rhein";"2023";"24.10.2023";"15";"°C"
"CXX359";"448.686";"5.428.915";"6.187";"Temperatur";"Karlsruhe (CXX359)";"Rhein";"2023";"25.10.2023";"14,8";"°C"
"CXX359";"448.686";"5.428.915";"6.187";"Temperatur";"Karlsruhe (CXX359)";"Rhein";"2023";"26.10.2023";"14,8";"°C"
"CXX359";"448.686";"5.428.915";"6.187";"Temperatur";"Karlsruhe (CXX359)";"Rhein";"2023";"27.10.2023";"14,9";"°C"
"CXX359";"448.686";"5.428.915";"6.187";"Temperatur";"Karlsruhe (CXX359)";"Rhein";"2023";"28.10.2023";"14,7";"°C"
"CXX359";"448.686";"5.428.915";"6.187";"Temperatur";"Karlsruhe (CXX359)";"Rhein";"2023";"29.10.2023";"14,5";"°C"
"CXX359";"448.686";"5.428.915";"6.187";"Temperatur";"Karlsruhe (CXX359)";"Rhein";"2023";"30.10.2023";"14,6";"°C"
"CXX359";"448.686";"5.428.915";"6.187";"Temperatur";"Karlsruhe (CXX359)";"Rhein";"2023";"31.10.2023";"14,5";"°C"
"CXX359";"448.686";"5.428.915";"6.187";"Temperatur";"Karlsruhe (CXX359)";"Rhein";"2023";"01.11.2023";"14,3";"°C"
"CXX359";"448.686";"5.428.915";"6.187";"Temperatur";"Karlsruhe (CXX359)";"Rhein";"2023";"02.11.2023";"13,8";"°C"
"CXX359";"448.686";"5.428.915";"6.187";"Temperatur";"Karlsruhe (CXX359)";"Rhein";"2023";"03.11.2023";"13,3";"°C"
"CXX359";"448.686";"5.428.915";"6.187";"Temperatur";"Karlsruhe (CXX359)";"Rhein";"2023";"04.11.2023";"12,9";"°C"
"CXX359";"448.686";"5.428.915";"6.187";"Temperatur";"Karlsruhe (CXX359)";"Rhein";"2023";"05.11.2023";"12,5";"°C"
"CXX359";"448.686";"5.428.915";"6.187";"Temperatur";"Karlsruhe (CXX359)";"Rhein";"2023";"06.11.2023";"12,3";"°C"
"CXX359";"448.686";"5.428.915";"6.187";"Temperatur";"Karlsruhe (CXX359)";"Rhein";"2023";"07.11.2023";"12,2";"°C"
"CXX359";"448.686";"5.428.915";"6.187";"Temperatur";"Karlsruhe (CXX359)";"Rhein";"2023";"08.11.2023";"11,8";"°C"
"CXX359";"448.686";"5.428.915";"6.187";"Temperatur";"Karlsruhe (CXX359)";"Rhein";"2023";"09.11.2023";"11,5";"°C"
"CXX359";"448.686";"5.428.915";"6.187";"Temperatur";"Karlsruhe (CXX359)";"Rhein";"2023";"10.11.2023";"11,5";"°C"
"CXX359";"448.686";"5.428.915";"6.187";"Temperatur";"Karlsruhe (CXX359)";"Rhein";"2023";"11.11.2023";"11,3";"°C"
"CXX359";"448.686";"5.428.915";"6.187";"Temperatur";"Karlsruhe (CXX359)";"Rhein";"2023";"12.11.2023";"11";"°C"
"CXX359";"448.686";"5.428.915";"6.187";"Temperatur";"Karlsruhe (CXX359)";"Rhein";"2023";"13.11.2023";"11";"°C"
"CXX359";"448.686";"5.428.915";"6.187";"Temperatur";"Karlsruhe (CXX359)";"Rhein";"2023";"14.11.2023";"11,2";"°C"
"CXX359";"448.686";"5.428.915";"6.187";"Temperatur";"Karlsruhe (CXX359)";"Rhein";"2023";"15.11.2023";"11";"°C"
"CXX359";"448.686";"5.428.915";"6.187";"Temperatur";"Karlsruhe (CXX359)";"Rhein";"2023";"16.11.2023";"11";"°C"
"CXX359";"448.686";"5.428.915";"6.187";"Temperatur";"Karlsruhe (CXX359)";"Rhein";"2023";"17.11.2023";"10,7";"°C"
"CXX359";"448.686";"5.428.915";"6.187";"Temperatur";"Karlsruhe (CXX359)";"Rhein";"2023";"18.11.2023";"10,5";"°C"
"CXX359";"448.686";"5.428.915";"6.187";"Temperatur";"Karlsruhe (CXX359)";"Rhein";"2023";"19.11.2023";"10,4";"°C"
"CXX359";"448.686";"5.428.915";"6.187";"Temperatur";"Karlsruhe (CXX359)";"Rhein";"2023";"20.11.2023";"10,5";"°C"
"CXX359";"448.686";"5.428.915";"6.187";"Temperatur";"Karlsruhe (CXX359)";"Rhein";"2023";"21.11.2023";"10,6";"°C"
"CXX359";"448.686";"5.428.915";"6.187";"Temperatur";"Karlsruhe (CXX359)";"Rhein";"2023";"22.11.2023";"10,3";"°C"
"CXX359";"448.686";"5.428.915";"6.187";"Temperatur";"Karlsruhe (CXX359)";"Rhein";"2023";"23.11.2023";"9,7";"°C"
"CXX359";"448.686";"5.428.915";"6.187";"Temperatur";"Karlsruhe (CXX359)";"Rhein";"2023";"24.11.2023";"9,6";"°C"
"CXX359";"448.686";"5.428.915";"6.187";"Temperatur";"Karlsruhe (CXX359)";"Rhein";"2023";"25.11.2023";"9,3";"°C"
"CXX359";"448.686";"5.428.915";"6.187";"Temperatur";"Karlsruhe (CXX359)";"Rhein";"2023";"26.11.2023";"9,1";"°C"
"CXX359";"448.686";"5.428.915";"6.187";"Temperatur";"Karlsruhe (CXX359)";"Rhein";"2023";"27.11.2023";"8,9";"°C"
"CXX359";"448.686";"5.428.915";"6.187";"Temperatur";"Karlsruhe (CXX359)";"Rhein";"2023";"28.11.2023";"8,5";"°C"
"CXX359";"448.686";"5.428.915";"6.187";"Temperatur";"Karlsruhe (CXX359)";"Rhein";"2023";"29.11.2023";"8,1";"°C"
"CXX359";"448.686";"5.428.915";"6.187";"Temperatur";"Karlsruhe (CXX359)";"Rhein";"2023";"30.11.2023";"8";"°C"
"CXX359";"448.686";"5.428.915";"6.187";"Temperatur";"Karlsruhe (CXX359)";"Rhein";"2023";"01.12.2023";"7,9";"°C"
"CXX359";"448.686";"5.428.915";"6.187";"Temperatur";"Karlsruhe (CXX359)";"Rhein";"2023";"02.12.2023";"7,3";"°C"
"CXX359";"448.686";"5.428.915";"6.187";"Temperatur";"Karlsruhe (CXX359)";"Rhein";"2023";"03.12.2023";"7";"°C"
"CXX359";"448.686";"5.428.915";"6.187";"Temperatur";"Karlsruhe (CXX359)";"Rhein";"2023";"04.12.2023";"6,6";"°C"
"CXX359";"448.686";"5.428.915";"6.187";"Temperatur";"Karlsruhe (CXX359)";"Rhein";"2023";"05.12.2023";"6,8";"°C"
"CXX359";"448.686";"5.428.915";"6.187";"Temperatur";"Karlsruhe (CXX359)";"Rhein";"2023";"06.12.2023";"6,9";"°C"
"CXX359";"448.686";"5.428.915";"6.187";"Temperatur";"Karlsruhe (CXX359)";"Rhein";"2023";"07.12.2023";"7,1";"°C"
"CXX359";"448.686";"5.428.915";"6.187";"Temperatur";"Karlsruhe (CXX359)";"Rhein";"2023";"08.12.2023";"7,2";"°C"
"CXX359";"448.686";"5.428.915";"6.187";"Temperatur";"Karlsruhe (CXX359)";"Rhein";"2023";"09.12.2023";"7,5";"°C"
"CXX359";"448.686";"5.428.915";"6.187";"Temperatur";"Karlsruhe (CXX359)";"Rhein";"2023";"10.12.2023";"7,7";"°C"
"CXX359";"448.686";"5.428.915";"6.187";"Temperatur";"Karlsruhe (CXX359)";"Rhein";"2023";"11.12.2023";"7,9";"°C"
"CXX359";"448.686";"5.428.915";"6.187";"Temperatur";"Karlsruhe (CXX359)";"Rhein";"2023";"12.12.2023";"8,1";"°C"
"CXX359";"448.686";"5.428.915";"6.187";"Temperatur";"Karlsruhe (CXX359)";"Rhein";"2023";"13.12.2023";"8,2";"°C"
"CXX359";"448.686";"5.428.915";"6.187";"Temperatur";"Karlsruhe (CXX359)";"Rhein";"2023";"14.12.2023";"8,3";"°C"
"CXX359";"448.686";"5.428.915";"6.187";"Temperatur";"Karlsruhe (CXX359)";"Rhein";"2023";"15.12.2023";"8,4";"°C"
"CXX359";"448.686";"5.428.915";"6.187";"Temperatur";"Karlsruhe (CXX359)";"Rhein";"2023";"16.12.2023";"8,3";"°C"
"CXX359";"448.686";"5.428.915";"6.187";"Temperatur";"Karlsruhe (CXX359)";"Rhein";"2023";"17.12.2023";"7,9";"°C"
"CXX359";"448.686";"5.428.915";"6.187";"Temperatur";"Karlsruhe (CXX359)";"Rhein";"2023";"18.12.2023";"7,5";"°C"
"CXX359";"448.686";"5.428.915";"6.187";"Temperatur";"Karlsruhe (CXX359)";"Rhein";"2023";"19.12.2023";"7,1";"°C"
"CXX359";"448.686";"5.428.915";"6.187";"Temperatur";"Karlsruhe (CXX359)";"Rhein";"2023";"20.12.2023";"7,1";"°C"
"CXX359";"448.686";"5.428.915";"6.187";"Temperatur";"Karlsruhe (CXX359)";"Rhein";"2023";"21.12.2023";"7,3";"°C"
"CXX359";"448.686";"5.428.915";"6.187";"Temperatur";"Karlsruhe (CXX359)";"Rhein";"2023";"22.12.2023";"7,6";"°C"
"CXX359";"448.686";"5.428.915";"6.187";"Temperatur";"Karlsruhe (CXX359)";"Rhein";"2023";"23.12.2023";"7,7";"°C"
"CXX359";"448.686";"5.428.915";"6.187";"Temperatur";"Karlsruhe (CXX359)";"Rhein";"2023";"24.12.2023";"7,9";"°C"
"CXX359";"448.686";"5.428.915";"6.187";"Temperatur";"Karlsruhe (CXX359)";"Rhein";"2023";"25.12.2023";"8";"°C"
"CXX359";"448.686";"5.428.915";"6.187";"Temperatur";"Karlsruhe (CXX359)";"Rhein";"2023";"26.12.2023";"7,9";"°C"
"CXX359";"448.686";"5.428.915";"6.187";"Temperatur";"Karlsruhe (CXX359)";"Rhein";"2023";"27.12.2023";"8";"°C"
"CXX359";"448.686";"5.428.915";"6.187";"Temperatur";"Karlsruhe (CXX359)";"Rhein";"2023";"28.12.2023";"7,8";"°C"
"CXX359";"448.686";"5.428.915";"6.187";"Temperatur";"Karlsruhe (CXX359)";"Rhein";"2023";"29.12.2023";"7,6";"°C"
"CXX359";"448.686";"5.428.915";"6.187";"Temperatur";"Karlsruhe (CXX359)";"Rhein";"2023";"30.12.2023";"7,7";"°C"
"CXX359";"448.686";"5.428.915";"6.187";"Temperatur";"Karlsruhe (CXX359)";"Rhein";"2023";"31.12.2023";"7,5";"°C"
